Status: non-adversarial inputs found
[-0.231526, -0.498889, 0.418822, -0.229462, 0.103552]
[0.014211, -0.107387, 0.104982, 0.043848, -0.173601]
[0.067655, 0.018406, 0.00178, 0.015702, 0.295265]
[-0.164302, -0.328613, 0.296118, -0.33629, 0.255044]
[0.348494, 0.128207, -0.010608, -0.361021, 0.247327]
[0.006876, 0.306265, -0.373471, 0.453999, -0.031637]
[0.134492, -0.12002, 0.108938, -0.293943, 0.002687]
[0.17024, -0.277739, 0.081971, -0.020511, 0.456062]
[-0.251299, -0.412306, 0.39011, -0.3113, 0.341947]
[0.603177, 0.489657, -0.290274, -0.355415, -0.047122]
[0.491442, 0.248313, -0.452019, 0.306208, 0.110108]
[-0.01744, 0.323112, -0.37769, -0.347324, 0.112522]
[-0.146131, 0.076453, 0.1584, -0.356904, 0.234838]
[0.026382, 0.27007, -0.487429, -0.452072, 0.194679]
[0.541061, 0.030194, -0.311856, 0.116538, -0.385995]
[0.117438, -0.40459, -0.348932, -0.036415, -0.25022]
[-0.08105, 0.249875, 0.038672, -0.44143, -0.476668]
[0.547072, 0.483918, 0.304562, 0.084718, 0.118648]
[0.647157, 0.24662, 0.316762, -0.044066, -0.326061]
[0.217803, -0.04654, 0.112645, -0.320763, -0.050868]
[-0.016348, 0.091949, 0.421924, -0.175529, -0.205934]
[0.609381, 0.361729, -0.475982, -0.162418, 0.189406]
[-0.141353, -0.31602, 0.145346, -0.334926, 0.255733]
[0.555323, -0.360544, -0.034945, -0.037116, -0.232795]
[0.221612, 0.119725, -0.243158, 0.031179, 0.461966]
[0.137777, 0.090798, 0.178607, 0.084459, -0.254426]
[-0.132711, -0.431157, 0.095371, -0.413889, 0.482664]
[-0.245768, -0.091047, -0.083446, -0.402762, 0.432007]
[0.49376, -0.21755, 0.036962, 0.363444, -0.489797]
[0.039803, -0.351292, -0.207049, -0.35781, -0.238905]
[0.538651, 0.021474, 0.461722, -0.355127, 0.128939]
[0.179416, -0.31428, 0.35385, 0.171279, -0.347265]
[0.520341, -0.075832, -0.387731, 0.06151, -0.078333]
[0.017785, -0.397566, -0.359189, 0.399014, 0.448485]
[0.38308, -0.427265, -0.405092, 0.29624, -0.365939]
[0.419018, -0.177234, -0.438436, -0.006712, -0.120885]
[0.412637, 0.321686, 0.45071, 0.07781, 0.286796]
[0.115504, 0.136813, -0.436549, -0.092679, -0.350509]
[0.652811, 0.380423, 0.103028, -0.421793, -0.412718]
[0.495746, -0.267655, -0.263771, 0.461357, 0.106102]
[0.506703, 0.156829, -0.367834, 0.2874, -0.126645]
[0.155875, 0.253284, 0.37774, 0.051104, -0.459968]
[-0.095001, -0.062705, -0.235984, 0.158571, -0.043674]
[0.372387, 0.2228, -0.17366, 0.073427, 0.232778]
[0.271408, 0.326211, -0.105136, -0.393224, -0.499322]
[0.201036, -0.15757, -0.271276, -0.422033, 0.353623]
[-0.078248, 0.260567, 0.076795, 0.325771, 0.135208]
[0.0907, 0.248986, -0.44529, -0.177019, -0.037269]
[0.359795, 0.047346, -0.464694, -0.269648, 0.003198]
[0.108894, 0.33008, 0.179078, -0.496405, 0.096151]
[0.110154, -0.169501, 0.499888, 0.17593, -0.398968]
[0.166765, 0.396241, 0.453174, 0.487725, -0.280761]
[0.109605, -0.371701, 0.407303, 0.116304, -0.21945]
[-0.138645, 0.096707, -0.008038, 0.095999, -0.370567]
[-0.190847, 0.016507, -0.014109, 0.368652, 0.405514]
[0.198761, -0.162716, -0.464442, 0.377597, -0.349533]
[0.531487, -0.452113, 0.42356, 0.016251, -0.473784]
[0.483439, -0.017155, 0.230235, -0.379016, 0.278563]
[-0.075786, -0.333607, -0.449809, -0.151661, -0.018287]
[0.34609, -0.321529, 0.042961, 0.122808, -0.483063]
[0.118515, -0.303088, -0.197673, 0.321997, 0.421266]
[-0.022099, -0.041487, -0.234164, 0.067843, 0.210295]
[0.154059, 0.202202, 0.298354, -0.149393, -0.192153]
[0.30758, 0.123294, 0.14793, 0.274059, 0.139469]
[-0.051322, -0.483435, 0.047598, 0.106772, -0.359589]
[0.237985, -0.089646, -0.282378, -0.042432, -0.459896]
[0.31934, -0.342545, 0.012028, -0.182879, -0.040654]
[0.442303, -0.226232, 0.261737, -0.427706, 0.31946]
[0.123942, 0.296169, -0.157578, 0.388807, -0.312616]
[0.03954, -0.096902, 0.449139, 0.059985, 0.239013]
[-0.15277, 0.153257, -0.156537, 0.381095, -0.267284]
[-0.111337, -0.372595, 0.368289, -0.074961, 0.303188]
[0.36706, 0.382035, 0.269216, 0.455577, -0.273194]
[0.127294, 0.0759, 0.004711, 0.335382, -0.448681]
[-0.049069, -0.36589, 0.106625, -0.376651, -0.320969]
[-0.268418, -0.342942, 0.258585, -0.478976, -0.139893]
[-0.21291, -0.283326, 0.206785, 0.410016, -0.155421]
[0.038445, -0.211598, 0.057722, 0.474979, -0.368991]
[-0.14298, -0.253228, 0.396944, 0.166831, -0.16988]
[0.631141, -0.148469, -0.47615, 0.192718, 0.410278]
[-0.286549, 0.389257, 0.279442, 0.410369, 0.181387]
[0.485764, -0.212591, 0.263656, -0.286291, 0.451368]
[-0.080353, -0.029633, 0.168231, -0.426842, -0.394783]
[0.015985, -0.49162, -0.358167, 0.009981, -0.40149]
[0.212432, -0.348879, 0.459832, 0.106714, -0.427434]
[0.344143, 0.208253, -0.180644, 0.184322, 0.196461]
[-0.26692, 0.258475, -0.454948, -0.07422, -0.136131]
[0.25714, 0.083872, 0.432496, -0.277977, -0.045671]
[0.120051, -0.139938, -0.326965, -0.195492, -0.347134]
[-0.123951, -0.287935, -0.097393, 0.035157, -0.22234]
[0.232028, -0.058302, -0.070332, -0.027007, 0.021732]
[-0.138119, -0.458828, -0.420406, -0.186295, -0.022357]
[0.206885, -0.33532, -0.332082, -0.158365, -0.365212]
[0.153614, 0.409513, 0.274334, 0.438131, 0.330391]
[-0.066166, -0.05231, -0.248198, -0.215413, 0.009303]
[0.652465, 0.25907, 0.426001, -0.35922, -0.369271]
[0.637817, -0.388101, -0.357775, -0.158042, -0.029929]
[0.047826, -0.000422, 0.41659, -0.434872, 0.464318]
[-0.025512, -0.447674, -0.399518, 0.227856, 0.256407]
[0.558601, 0.205761, 0.110351, 0.07039, -0.323909]
[0.652593, -0.284149, 0.302554, -0.122996, -0.472164]
[0.072505, -0.021783, 0.456429, -0.347703, 0.077878]
[0.174745, -0.091612, -0.08795, 0.025102, 0.113777]
[0.259188, 0.16657, -0.45003, -0.432745, 0.154207]
[0.11282, 0.048, -0.086787, -0.049402, -0.167639]
[0.465548, -0.488589, -0.221352, 0.222118, -0.490256]
[-0.189012, -0.258834, 0.358864, 0.190663, 0.462888]
[0.370969, 0.322475, -0.333021, -0.332124, 0.09489]
[-0.287104, -0.364717, -0.493493, 0.492479, -0.347188]
[0.1201, 0.321543, 0.011887, -0.274593, 0.48556]
[0.485329, 0.074475, 0.43833, 0.14839, -0.186591]
[0.462507, -0.116653, -0.069806, -0.225281, -0.234689]
[-0.011999, 0.270298, 0.122408, -0.408752, 0.032243]
[0.341314, 0.086482, 0.002596, 0.155418, -0.37848]
[0.543906, -0.33328, -0.29147, 0.283234, 0.203083]
[0.232257, -0.21052, 0.018007, -0.241929, 0.470284]
[-0.147335, -0.00533, 0.411857, 0.407402, -0.2606]
[0.152654, 0.196589, -0.490333, -0.397936, 0.449931]
[-0.144046, -0.498115, 0.389721, -0.351796, 0.061043]
[-0.120668, -0.059592, -0.383971, -0.244585, -0.115535]
[0.020023, -0.033828, 0.02025, 0.002072, 0.248952]
[0.201213, -0.352081, 0.321465, 0.475598, -0.335517]
[0.197642, 0.476635, -0.3217, 0.086728, 0.183538]
[-0.186143, 0.042636, -0.306214, 0.019458, -0.416565]
[0.666475, -0.093098, 0.072072, -0.219128, 0.268876]
[-0.195853, 0.066843, 0.307781, -0.153407, -0.379269]
[-0.042213, 0.008124, 0.025584, -0.182268, 0.488406]
[0.616421, 0.342462, 0.358219, -0.488662, 0.341761]
[0.495199, -0.0752, -0.062072, -0.001938, -0.213627]
[-0.240453, -0.131688, 0.286222, -0.060942, 0.008648]
[-0.188323, 0.465551, -0.327808, -0.473969, 0.442176]
[0.581885, 0.048986, -0.427043, 0.267491, 0.180576]
[0.068547, -0.204311, 0.225266, 0.193294, 0.133961]
[0.668094, -0.048403, 0.370313, -0.258038, 0.002078]
[0.641763, -0.469762, 0.440257, -0.446415, 0.214071]
[-0.122698, 0.01218, 0.417211, 0.347258, 0.083561]
[0.617957, -0.259845, 0.445114, 0.168299, -0.466326]
[0.388343, 0.381512, 0.12539, 0.080427, 0.331749]
[0.188421, 0.167837, 0.305555, -0.137927, -0.197108]
[0.19435, -0.105095, -0.215142, 0.010419, -0.47612]
[-0.013591, -0.063794, 0.013237, 0.054677, -0.124345]
[-0.035529, -0.287725, 0.20446, 0.37636, 0.123611]
[0.651724, 0.399905, 0.202462, 0.282982, -0.488533]
[-0.06188, 0.422352, -0.357398, 0.315865, -0.205417]
[0.269002, 0.339796, -0.377511, -0.079167, -0.173265]
[-0.067038, -0.182976, 0.095557, -0.1552, 0.117557]
[0.501186, -0.020039, 0.429853, 0.465351, 0.14229]
[0.616298, 0.348314, 0.290215, 0.426074, -0.356001]
[-0.206791, -0.143081, 0.209351, -0.042486, -0.055328]
[0.250904, 0.396883, 0.378317, -0.454248, 0.256296]
[0.585002, -0.306807, -0.483516, 0.49923, 0.114334]
[-0.175255, 0.314737, -0.368301, 0.448852, 0.252252]
[0.22697, -0.021773, 0.048265, -0.452239, 0.370365]
[-0.186934, -0.19568, -0.154532, 0.434023, -0.496638]
[-0.248573, -0.032133, 0.073386, -0.221352, 0.397015]
[-0.250332, 0.056957, -0.025216, -0.092146, -0.314552]
[-0.002648, 0.498441, 0.338665, 0.344003, 0.320867]
[0.231523, 0.083635, -0.224593, -0.262989, 0.375495]
[0.599604, -0.400103, 0.047693, 0.326976, 0.326729]
[-0.124942, 0.345108, -0.202092, 0.064495, -0.097919]
[0.442061, -0.108396, -0.314862, 0.108001, -0.228139]
[-0.211472, 0.342533, 0.326311, -0.168882, -0.319876]
[0.660339, -0.228812, 0.01769, 0.497063, 0.016692]
[0.173953, 0.056614, 0.070804, -0.355625, -0.290048]
[-0.101643, 0.305485, -0.434708, 0.234985, 0.304308]
[0.393605, 0.19535, -0.319844, 0.102457, 0.269074]
[0.223572, -0.454224, -0.163272, 0.243154, -0.067179]
[-0.094492, 0.140902, -0.123881, -0.451257, -0.267771]
[-0.036934, -0.376633, 0.260882, 0.266568, -0.316275]
[-0.15534, -0.232966, -0.442604, 0.425526, -0.25235]
[0.645775, -0.283693, -0.04229, -0.172764, 0.274273]
[-0.074761, 0.42091, 0.447407, 0.117065, 0.144441]
[-0.187127, -0.298527, -0.126501, -0.07896, 0.498811]
[0.408518, -0.036478, 0.33877, -0.438811, 0.233894]
[-0.255506, 0.034311, 0.479658, 0.249896, 0.372161]
[0.610988, -0.221958, -0.093869, 0.012067, -0.144297]
[0.1824, -0.173208, -0.179565, -0.27497, -0.065399]
[0.429948, 0.470037, -0.335646, -0.414255, 0.455989]
[0.562868, -0.498429, -0.048215, 0.317409, 0.236083]
[0.648216, 0.248792, 0.350053, 0.226303, -0.251239]
[-0.060488, -0.34979, -0.155961, 0.223778, 0.278219]
[-0.088676, 0.160115, 0.21798, -0.410574, 0.380867]
[0.028105, 0.385275, -0.432347, -0.354786, -0.463527]
[0.129736, 0.018752, -0.107382, 0.281404, -0.305404]
[0.606306, -0.456027, -0.061243, 0.401895, 0.059546]
[-0.18738, 0.032255, 0.169339, -0.063416, 0.306303]
[0.009043, -0.033509, -0.185103, 0.21687, 0.155012]
[-0.093976, -0.346823, 0.023129, -0.225198, -0.328473]
[-0.21566, 0.188041, -0.118267, -0.156684, -0.457712]
[-0.290299, -0.208003, 0.046081, 0.446127, 0.395312]
[0.581291, 0.371598, 0.364384, -0.32901, -0.018425]
[-0.039343, 0.123513, 0.208397, -0.074376, -0.114485]
[0.641477, -0.405933, 0.340555, 0.27687, -0.138968]
[0.032366, -0.16002, -0.254901, 0.158661, 0.023614]
[0.267327, 0.09262, -0.167309, -0.436989, -0.254613]
[-0.314985, -0.333653, -0.48446, 0.441905, 0.43548]
[0.068198, -0.020132, 0.318395, 0.222592, -0.438052]
[0.510085, -0.431582, 0.192954, -0.181966, 0.323963]
[0.128615, 0.400552, -0.482308, -0.279663, 0.423869]
[0.015835, 0.312027, 0.369744, 0.233855, 0.259175]
[0.666144, 0.259943, 0.068323, -0.359305, -0.482883]
[0.671307, -0.469779, 0.332277, -0.298666, 0.008643]
[-0.205456, -0.277786, 0.284664, -0.444708, 0.082519]
[-0.086937, 0.224364, 0.067926, 0.383573, 0.204285]
[0.281255, -0.168591, -0.439863, 0.234745, -0.051579]
[0.203026, -0.161832, 0.022574, -0.235326, -0.082935]
[0.056489, -0.066981, 0.318246, -0.247498, 0.34432]
[0.603059, 0.362597, -0.287154, 0.01191, 0.008417]
[0.201583, 0.414532, 0.470718, -0.467375, 0.065859]
[-0.189002, 0.129241, 0.399116, -0.477593, -0.204262]
[-0.325168, 0.10054, -0.145095, -0.417904, -0.227376]
[0.367948, 0.107425, -0.371232, 0.076409, -0.226628]
[0.379298, 0.357361, -0.110825, -0.183362, 0.260481]
[-0.055857, -0.237773, 0.322762, 0.488293, 0.002706]
[0.438832, -0.177432, -0.482323, 0.241831, 0.080492]
[-0.122978, -0.272615, -0.228664, -0.483885, -0.033017]
[-0.309587, -0.103146, 0.121199, -0.418202, 0.083795]
[0.309547, 0.331914, 0.448331, -0.336602, 0.03468]
[0.277768, -0.353678, 0.229958, 0.071383, -0.385914]
[0.446756, -0.222402, -0.438174, 0.317975, -0.157779]
[0.113443, 0.010276, 0.160599, -0.321231, 0.215291]
[-0.199818, 0.181878, 0.427595, 0.287389, 0.040125]
[0.488441, -0.344733, -0.483907, -0.389253, 0.277451]
[0.29393, 0.25298, -0.370538, 0.154723, -0.083923]
[0.571262, 0.359606, 0.382421, 0.403125, -0.440854]
[0.569069, 0.1402, -0.020607, 0.376587, 0.111455]
[0.439801, 0.217296, 0.383385, 0.349791, -0.1517]
[-0.249369, -0.20958, 0.074536, 0.443404, 0.393136]
[0.591706, 0.027562, 0.00733, -0.342058, 0.323874]
[-0.028682, 0.148001, -0.45922, 0.460414, 0.266415]
[0.243706, 0.147847, 0.056952, -0.158586, -0.131299]
[0.064934, -0.033943, -0.402292, 0.159808, 0.453114]
[-0.031426, 0.172897, -0.230711, 0.190221, -0.328964]
[0.476102, 0.451379, 0.275025, -0.374682, 0.033355]
[0.28379, -0.189808, 0.163494, 0.233584, -0.499531]
[0.665373, 0.469983, -0.368338, -0.260555, -0.472501]
[0.381641, 0.034674, 0.125362, -0.344592, 0.369839]
[0.266859, 0.123707, 0.223431, -0.402129, 0.254569]
[0.360616, -0.035405, -0.429491, -0.460168, 0.041191]
[-0.271264, -0.108872, -0.384062, -0.459821, 0.446934]
[-0.005806, 0.447921, 0.34434, -0.033865, -0.050155]
[0.49409, -0.444153, -0.19098, -0.468656, 0.178943]
[0.091316, 0.490196, -0.400639, -0.466754, -0.293428]
[0.004143, 0.268424, 0.35918, -0.189853, 0.182735]
[-0.324632, 0.373273, 0.402249, 0.27535, -0.355805]
[-0.319438, -0.18075, 0.001006, 0.002165, 0.415425]
[0.325558, 0.319094, 0.381344, -0.185134, -0.205644]
[-0.134162, 0.133171, 0.432356, -0.303611, 0.477842]
[0.63906, 0.171591, -0.236096, -0.304049, 0.363856]
[0.144191, -0.372504, 0.19173, -0.268229, 0.26745]
[0.613225, -0.336072, 0.269604, -0.335695, 0.391299]
[0.22429, 0.009163, -0.389885, -0.120813, 0.391974]
[0.54969, -0.035246, 0.330538, -0.163568, 0.364514]
[0.369986, 0.086284, 0.414765, -0.315099, -0.428352]
[-0.270848, -0.240631, 0.459226, -0.291777, -0.206332]
[0.634283, -0.032989, -0.117159, -0.247254, -0.255538]
[-0.048553, -0.046312, 0.003746, 0.145232, -0.095831]
[0.310984, -0.256915, -0.006517, 0.447225, 0.304286]
[0.181232, 0.342185, -0.235029, 0.270325, 0.116126]
[0.602992, -0.234485, -0.311666, -0.305031, -0.202229]
[0.003604, 0.097832, 0.307023, 0.371719, -0.498812]
[0.080459, 0.118277, -0.177163, 0.489091, 0.298817]
[0.671276, -0.480212, -0.083258, -0.403693, -0.059259]
[-0.245147, -0.171904, 0.247601, 0.267513, -0.019905]
[-0.124891, 0.399131, 0.091199, -0.425496, 0.270351]
[-0.165537, 0.141909, -0.040891, -0.319502, 0.409218]
[-0.207814, -0.02736, 0.199303, -0.367967, -0.488814]
[-0.239911, -0.14493, 0.302888, -0.36203, 0.494554]
[-0.223917, 0.054484, 0.336714, 0.182584, 0.357356]
[0.029568, -0.083637, -0.159983, -0.309264, 0.003141]
[-0.319118, -0.159884, -0.051985, -0.430996, -0.041519]
[0.569948, -0.429665, 0.056233, -0.091131, -0.293428]
[0.276803, -0.158048, -0.498915, -0.041434, -0.197026]
[0.65349, -0.498287, -0.067181, -0.045786, 0.072169]
[-0.230109, 0.363749, -0.169234, -0.456971, -0.067278]
[0.06936, 0.300265, 0.273089, -0.089859, 0.124821]
[-0.282988, -0.387209, 0.408246, -0.400905, 0.351915]
[0.057314, -0.097234, 0.070219, -0.324427, 0.291206]
[0.102573, 0.275882, -0.060299, 0.16303, -0.348855]
[0.244558, 0.026759, -0.188328, -0.164244, -0.076879]
[0.324413, 0.333702, -0.453009, 0.375666, 0.374314]
[0.547984, -0.212466, -0.064057, 0.41862, -0.142035]
[0.339579, 0.260394, 0.429279, -0.100879, 0.249991]
[0.671005, -0.158623, -0.350077, 0.200537, -0.120047]
[-0.276959, -0.478261, 0.137786, 0.174296, -0.492118]
[0.300672, -0.375563, -0.242445, -0.09665, 0.037212]
[0.500968, 0.305968, -0.407185, -0.269617, 0.471038]
[0.11906, -0.449225, 0.095124, -0.38025, 0.317143]
[-0.052732, -0.229048, 0.214538, -0.133051, -0.076865]
[0.222124, 0.291364, 0.439893, 0.249487, 0.35545]
[0.652056, 0.401893, 0.476343, -0.365452, 0.147183]
[0.323573, 0.150345, 0.487515, -0.282471, 0.150476]
[-0.07367, -0.479771, 0.087893, 0.345945, -0.401146]
[0.660907, -0.045249, 0.194592, -0.087053, -0.448926]
[-0.236721, 0.076259, 0.039355, 0.430176, -0.203729]
[0.545979, -0.093172, -0.282119, 0.07926, -0.417484]
[0.347951, -0.24696, -0.420944, -0.294791, -0.458773]
[0.099997, 0.115103, 0.120312, 0.094172, 0.476943]
[-0.322872, -0.104928, 0.382848, 0.234031, -0.033321]
[0.10784, 0.01517, 0.464521, -0.27817, 0.468466]
[-0.014576, -0.076478, 0.097423, 0.083656, 0.498861]
[0.100957, -0.097771, 0.205536, 0.187493, -0.40191]
[0.168473, -0.220425, -0.012913, 0.099363, 0.035976]
[0.011415, -0.293981, -0.368233, 0.217014, -0.07283]
[-0.071973, 0.264428, 0.11743, 0.441798, -0.359358]
[0.31264, -0.387465, 0.082596, 0.071988, 0.394303]
[-0.29303, 0.283126, -0.224963, 0.447667, 0.109128]
[-0.269059, -0.478736, 0.288478, 0.430141, 0.074129]
[-0.250529, -0.434266, -0.118701, 0.352859, -0.486971]
[0.170644, 0.157644, 0.225963, -0.088748, -0.065245]
[-0.057958, 0.168809, 0.116016, -0.03478, 0.374266]
[0.02337, -0.373963, -0.353177, 0.09119, 0.298445]
[-0.119126, 0.473635, -0.209102, 0.258772, -0.14795]
[0.547236, -0.466431, 0.254794, 0.0744, -0.256137]
[0.44821, 0.008788, -0.338439, 0.037682, 0.22011]
[0.128312, -0.292663, -0.004897, -0.031244, -0.425462]
[0.237334, -0.046712, 0.40663, -0.425041, -0.378241]
[-0.136631, 0.434371, -0.439402, -0.424218, -0.324727]
[0.213321, 0.111596, 0.252282, 0.00529, -0.137016]
[-0.1165, 0.266884, -0.498179, -0.036597, -0.297528]
[0.537238, 0.230367, 0.266747, -0.337691, 0.196122]
[0.665946, -0.017985, 0.278678, -0.155971, 0.303726]
[0.112412, 0.254938, 0.160856, -0.467798, 0.491202]
[0.060252, -0.396542, -0.267736, 0.060972, -0.017548]
[-0.011718, -0.337893, -0.344295, -0.125058, 0.412333]
[-0.107708, 0.420517, -0.267202, -0.049999, -0.036178]
[0.566211, 0.47713, 0.393017, -0.062527, -0.242293]
[0.450255, -0.005811, 0.294736, 0.221861, 0.399535]
[-0.165702, -0.3929, 0.175766, 0.301722, 0.079166]
[0.507382, -0.101688, 0.051331, 0.336381, 0.397598]
[-0.082947, -0.405919, -0.314372, 0.498091, -0.229621]
[0.275024, 0.448151, 0.416566, -0.353594, -0.253476]
[0.090109, 0.358163, 0.439452, 0.397018, 0.418552]
[0.095318, 0.456917, -0.177375, 0.376672, 0.207483]
[0.47675, 0.274527, 0.483048, 0.313015, -0.184631]
[0.622783, -0.270105, -0.112289, 0.442174, -0.276606]
[-0.324416, -0.198791, 0.256549, 0.412588, -0.468754]
[0.459988, 0.048314, -0.44304, 0.468503, 0.421633]
[-0.013769, -0.153009, 0.424278, 0.179044, 0.204963]
[0.498874, 0.007578, 0.116055, -0.04895, 0.334436]
[0.060396, -0.229913, 0.312519, -0.158435, -0.161261]
[0.66698, 0.234043, -0.111152, -0.15921, -0.061728]
[-0.064058, 0.137286, -0.431359, -0.327323, -0.374883]
[0.657713, -0.267281, -0.017614, -0.134361, -0.413939]
[-0.21949, -0.227602, 0.178438, -0.281165, 0.042918]
[0.123162, -0.462304, -0.288508, -0.146226, -0.313446]
[-0.200962, -0.427704, 0.46707, 0.478662, -0.491458]
[0.616812, -0.333193, 0.210826, -0.030083, -0.019069]
[0.052385, -0.306725, -0.107534, 0.477993, 0.337885]
[0.110381, 0.441168, 0.331991, -0.088126, -0.261823]
[0.082031, 0.053831, 0.228014, -0.215092, 0.242916]
[0.514686, 0.370754, 0.083088, -0.017253, 0.033948]
[0.136701, -0.277382, 0.229184, -0.473545, -0.08065]
[0.315275, 0.063213, -0.146699, 0.429837, -0.406707]
[0.123714, -0.338468, -0.462896, 0.199323, -0.146473]
[-0.060151, -0.097395, -0.191078, -0.230589, -0.492902]
[0.6482, -0.020663, -0.443351, 0.10724, -0.195918]
[0.01212, 0.497452, -0.283363, 0.318656, -0.228615]
[-0.246209, -0.122623, -0.313559, 0.492557, 0.452146]
[-0.142796, 0.111118, -0.305126, -0.086121, -0.181153]
[0.184743, 0.142924, -0.15081, -0.337942, 0.063221]
[0.019063, 0.304508, 0.144941, -0.125105, 0.181624]
[-0.272425, 0.258667, -0.219307, -0.374092, -0.021158]
[-0.32248, 0.470979, 0.226731, 0.187658, -0.007045]
[0.51439, -0.392378, 0.426349, 0.382629, -0.024147]
[0.26451, 0.160418, -0.178059, -0.077165, -0.088928]
[0.590839, -0.484129, -0.491762, -0.227977, -0.12991]
[-0.020464, -0.459248, -0.205224, -0.233382, -0.396475]
[0.572114, -0.249402, 0.298382, -0.142716, 0.382347]
[0.504477, -0.33931, -0.075147, 0.180098, -0.150759]
[-0.087429, -0.292713, -0.19589, -0.445346, 0.256398]
[0.066454, -0.28615, -0.084982, 0.261785, 0.111742]
[0.19764, -0.227409, -0.432934, -0.178053, 0.016446]
[0.543149, 0.492681, -0.306926, -0.408603, 0.467768]
[0.16408, -0.003848, -0.396824, -0.014247, 0.320362]
[0.628124, 0.247109, -0.242755, -0.059491, -0.16379]
[0.198687, 0.453624, -0.117235, 0.101258, -0.296338]
[0.210675, 0.242966, -0.193673, 0.465646, -0.235577]
[0.320433, 0.139836, 0.481756, 0.208325, -0.37071]
[-0.030457, -0.105886, -0.113359, 0.069142, -0.259499]
[0.214643, 0.054414, 0.452901, 0.344141, -0.362864]
[0.120486, 0.291051, 0.284374, 0.203521, -0.121599]
[-0.246849, -0.393738, 0.386549, -0.214471, -0.155515]
[0.480779, 0.390338, -0.12587, 0.025384, 0.379473]
[-0.297441, 0.141115, 0.099001, -0.410197, 0.400992]
[0.669149, 0.253817, 0.096431, -0.408211, 0.413917]
[0.567875, -0.317484, 0.232422, 0.189088, 0.201761]
[-0.006306, -0.001821, -0.436296, 0.359711, 0.138925]
[0.276314, -0.043357, 0.499362, 0.442812, -0.082445]
[-0.308211, 0.402853, 0.036719, -0.437604, -0.496851]
[0.131636, 0.476611, -0.397445, -0.288133, -0.376245]
[-0.20519, -0.329292, -0.249165, -0.215962, -0.047399]
[0.641718, 0.101754, 0.324523, 0.447282, -0.204525]
[-0.172549, -0.478571, -0.241614, -0.068244, -0.468379]
[0.410433, -0.098939, 0.160192, 0.006779, -0.433788]
[-0.036393, -0.088968, -0.083751, 0.424295, -0.111163]
[0.399757, -0.154479, -0.115667, 0.388469, 0.103302]
[0.482242, 0.129187, -0.289253, 0.068294, -0.383068]
[0.497023, 0.244849, -0.312528, -0.476833, 0.38985]
[0.266697, 0.024984, -0.065726, -0.367712, 0.077197]
[-0.315474, -0.031733, -0.284239, -0.145371, -0.262876]
[-0.012261, 0.254319, -0.317811, -0.499602, -0.216504]
[0.120221, -0.16867, 0.151259, 0.116288, 0.488886]
[0.070931, -0.096128, -0.455781, -0.369303, -0.450765]
[0.443139, 0.036858, 0.162594, 0.389474, 0.013747]
[-0.213318, 0.147166, 0.243492, 0.06617, -0.340737]
[0.106355, -0.193692, 0.340879, 0.251904, -0.089177]
[0.556086, 0.233063, -0.310786, -0.414353, 0.137617]
[0.14085, 0.291077, -0.033922, -0.306112, 0.332469]
[0.146403, 0.384255, 0.246656, 0.059247, -0.177832]
[0.185358, -0.05674, 0.422851, 0.445028, -0.040305]
[0.589524, -0.345723, 0.015727, 0.155839, -0.180176]
[0.250628, -0.067416, 0.260476, 0.405096, -0.053631]
[0.221059, -0.211223, 0.100338, -0.398577, -0.298363]
[0.333265, 0.225616, 0.175341, -0.056068, 0.414459]
[-0.098415, -0.222573, 0.180364, -0.487088, 0.465268]
[0.241158, 0.174884, -0.058758, 0.141528, -0.307551]
[0.596591, -0.288434, -0.202949, -0.154274, 0.291059]
[0.407683, 0.396006, 0.238821, 0.262093, 0.128534]
[0.00452, 0.010954, 0.301303, -0.079952, 0.481394]
[-0.203651, -0.399, -0.444317, -0.084102, -0.041526]
[0.3488, -0.219539, 0.10611, -0.252394, -0.333385]
[-0.259624, -0.353858, 0.288941, 0.448249, -0.296316]
[0.390533, 0.182434, 0.458067, -0.284737, 0.285975]
[0.545294, 0.009291, -0.136924, -0.431497, -0.124324]
[0.53431, -0.105908, 0.345635, -0.04232, 0.137861]
[-0.254096, -0.198361, -0.08588, 0.379956, 0.097796]
[0.45347, 0.088805, 0.263073, -0.320529, -0.368906]
[0.469817, -0.48499, -0.406107, 0.186773, 0.370823]
[0.291609, 0.30762, -0.414043, -0.284276, -0.18047]
[0.573866, 0.296701, -0.275135, -0.445079, 0.299066]
[0.065361, -0.196756, -0.076084, -0.016293, -0.247064]
[0.33413, -0.203533, 0.305135, -0.017012, -0.439117]
[-0.22431, -0.135012, 0.412627, -0.43941, 0.394808]
[0.185742, 0.427188, -0.45004, 0.467445, -0.283114]
[-0.275429, -0.228137, -0.255494, -0.116791, 0.464867]
[0.374221, 0.119862, 0.035786, -0.464188, -0.119114]
[-0.131812, 0.470893, -0.452494, -0.147339, 0.047412]
[-0.041471, 0.407953, 0.177123, -0.243223, -0.143735]
[0.212418, -0.217503, 0.307684, 0.116378, -0.250161]
[-0.104451, 0.409106, 0.133668, 0.402507, 0.086477]
[-0.028431, 0.041973, 0.480549, 0.291091, -0.190323]
[0.193883, -0.486142, 0.328575, -0.391884, 0.01395]
[0.489072, 0.223838, 0.12425, 0.040457, -0.289319]
[0.315779, -0.319734, -0.254575, -0.155815, -0.09902]
[0.364357, 0.433681, -0.063398, 0.06009, -0.439128]
[-0.317288, 0.325379, 0.437638, 0.282651, -0.416137]
[0.126512, -0.11207, -0.174521, -0.114605, -0.131282]
[-0.249942, -0.097341, 0.342153, -0.427095, -0.437209]
[0.430871, -0.483368, 0.305679, -0.315669, 0.283446]
[0.147341, 0.300895, 0.075957, -0.312031, 0.110249]
[-0.166866, 0.287217, -0.405137, -0.291635, -0.427128]
[0.302809, -0.493498, -0.130308, -0.450224, -0.317635]
[0.471433, -0.138058, 0.290416, -0.417811, -0.449698]
[0.333727, -0.264806, -0.158443, -0.425333, -0.051579]
[0.056978, 0.206792, -0.219867, -0.394159, -0.427751]
[0.304039, -0.262317, 0.179101, -0.283835, -0.149539]
[-0.263473, 0.236071, -0.214287, -0.327421, 0.102619]
[-0.09856, 0.199991, -0.320723, -0.441127, 0.416745]
[0.269185, 0.386427, -0.2599, -0.334227, -0.440342]
[0.500725, 0.257534, 0.145856, -0.402132, -0.140722]
[-0.23336, -0.330019, 0.203973, -0.422937, 0.446625]
[0.089634, -0.270644, -0.137599, -0.429552, 0.207255]
[-0.325902, 0.275934, -0.040707, -0.311109, 0.009081]
[0.420315, -0.403603, -0.234043, -0.466908, 0.063627]
[0.378945, 0.00815, 0.380925, -0.345548, 0.140491]
[0.132802, 0.224513, 0.312383, -0.416536, 0.219053]
[0.027361, -0.416618, 0.218082, -0.302853, -0.15663]
[0.079791, -0.406648, 0.454338, -0.441059, 0.356678]
[0.266394, -0.076148, 0.174761, -0.437891, 0.252125]
[0.063652, -0.08049, -0.23236, -0.342241, -0.42251]
[-0.048791, -0.048016, -0.163007, -0.399415, -0.204247]
[0.149328, 0.129624, -0.036043, -0.325116, -0.063458]
[0.441975, -0.137894, 0.339428, -0.487212, -0.495548]
[0.674422, 0.046208, -0.395096, -0.308764, -0.44256]
[-0.153316, 0.416802, 0.384881, -0.410605, -0.049223]
[0.614414, 0.060935, 0.263691, -0.330918, -0.025553]
[-0.082134, -0.301091, 0.374984, -0.32688, 0.345331]
[-0.01625, -0.372057, 0.313174, -0.466352, 0.441648]
[-0.304744, 0.190563, -0.316575, -0.429223, -0.169315]
[-0.035676, -0.349498, -0.335315, -0.303614, -0.089451]
[-0.195819, -0.408839, 0.323451, -0.361496, -0.162508]
[0.435805, -0.427754, -0.139357, -0.399237, 0.268238]
[0.342719, -0.187511, 0.115501, -0.427035, -0.488524]
[0.583995, 0.338408, -0.398461, -0.440382, 0.056228]
[0.538901, 0.21967, -0.226746, -0.359292, 0.219151]
[0.255972, -0.064046, 0.050847, -0.344381, -0.352047]
[0.161873, 0.04924, 0.210634, -0.341023, -0.490203]
[0.445127, -0.114296, 0.048451, -0.385688, -0.074982]
[-0.298618, 0.275152, 0.221745, -0.467937, 0.134232]
[-0.173327, -0.43542, -0.400304, -0.318079, -0.071501]
[0.467897, 0.473472, -0.482773, -0.356498, -0.343223]
[0.381512, -0.476276, 0.155173, -0.488386, -0.05674]
[0.672631, 0.365286, -0.285452, -0.361542, -0.27514]
[0.188199, -0.267041, -0.117994, -0.400641, -0.352144]
[0.301679, 0.280906, 0.01283, -0.421842, -0.124156]
[0.177433, -0.346538, 0.422382, -0.414478, 0.189298]
[-0.148537, 0.35721, -0.006319, -0.492505, 0.170057]
[0.201993, -0.210093, -0.350679, -0.299468, -0.44128]
[0.489718, -0.087455, -0.265013, -0.404572, 0.067438]
[-0.033724, 0.226524, 0.371048, -0.490115, -0.22523]
[0.03225, 0.128274, -0.053637, -0.42088, -0.018908]
[0.348184, 0.269039, 0.02793, -0.486152, -0.322507]
[-0.22065, -0.406081, -0.032419, -0.40802, 0.39579]
[0.447204, -0.398763, 0.246162, -0.390066, -0.4798]
[0.455939, -0.071412, 0.072328, -0.493627, 0.291861]
[0.037433, -0.193967, -0.247571, -0.435943, 0.437013]
[0.500611, -0.03428, 0.118936, -0.491297, -0.436733]
[0.182876, 0.050615, 0.352568, -0.350185, 0.497159]
[0.20036, -0.411888, 0.495514, -0.281421, -0.21659]
[0.01382, 0.251305, 0.345169, -0.362489, 0.283864]
[0.550314, -0.439774, 0.003605, -0.284506, 0.449797]
[-0.094257, 0.196391, -0.076652, -0.35783, 0.400496]
[-0.018293, -0.188126, -0.436758, -0.28333, -0.315622]
[0.145582, 0.499975, 0.122633, -0.33723, 0.240919]
[0.670075, 0.163955, 0.19559, -0.452917, -0.195954]
[-0.174105, -0.380552, 0.063819, -0.301692, -0.37888]
[0.195302, 0.236841, -0.472805, -0.307936, -0.268463]
[0.562167, 0.454657, 0.429947, -0.383089, 0.425572]
[0.524765, -0.229781, 0.232441, -0.408956, -0.28527]
[-0.085541, -0.155729, -0.037944, -0.45068, 0.156955]
[0.13529, -0.097982, 0.481709, -0.45668, -0.494607]
[-0.200492, -0.014732, 0.160935, -0.405154, -0.440166]
[0.345562, -0.461768, -0.111823, -0.290445, -0.399235]
[0.663247, -0.268184, 0.092631, -0.463077, 0.143565]
[0.331551, -0.240076, -0.047277, -0.393628, -0.33195]
[0.515212, -0.461249, 0.289391, -0.355986, -0.455767]
[0.096036, 0.188386, 0.298012, -0.426811, -0.132684]
[-0.008381, -0.05563, -0.419544, -0.403555, -0.411778]
[0.590015, -0.384202, -0.354613, -0.434833, 0.331142]
[0.047112, -0.477406, 0.379479, -0.379341, 0.02859]
[-0.050678, 0.364366, -0.422092, -0.291539, -0.499225]
[-0.302213, -0.231019, -0.381026, -0.341201, 0.180419]
[0.623938, 0.217279, 0.149878, -0.410686, 0.202034]
[-0.297943, -0.166035, -0.470056, -0.290301, -0.23428]
[-0.251733, -0.174654, -0.082968, -0.322601, -0.109188]
[0.4122, -0.266644, -0.378431, -0.428443, 0.208835]
[0.611644, -0.314902, -0.459708, -0.32641, -0.436715]
[-0.27424, -0.116036, -0.293852, -0.422137, 0.158433]
[0.133006, -0.287269, 0.188206, -0.372457, -0.235227]
[0.321346, 0.09173, -0.293558, -0.454204, 0.144913]
[0.631077, -0.190538, -0.062201, -0.442258, 0.28475]
[-0.069128, 0.347616, -0.485805, -0.335702, 0.111493]
[-0.193026, -0.102265, -0.174178, -0.36325, 0.041457]
[-0.126832, -0.166604, -0.153879, -0.308684, 0.077685]
[0.058928, 0.480701, -0.478484, -0.447414, -0.181296]
[0.279697, -0.263069, 0.185161, -0.418107, -0.328391]
[0.005853, -0.39911, 0.263363, -0.497496, 0.453425]
[0.570705, 0.336436, -0.301649, -0.357029, -0.304841]
[0.677097, -0.235577, 0.225182, -0.315063, -0.338552]
[0.084137, -0.11209, 0.088937, -0.484385, 0.045604]
[0.670918, -0.205115, 0.187848, -0.456913, -0.343493]
[0.262286, 0.380817, -0.468643, -0.464509, 0.201505]
[-0.118685, 0.029178, -0.48402, -0.429982, 0.044304]
[0.506764, -0.162524, 0.034001, -0.297608, -0.002136]
[0.347224, 0.04378, -0.492042, -0.384649, 0.104569]
[0.409946, 0.137834, -0.212492, -0.279304, 0.460892]
[0.234205, 0.492452, -0.403018, -0.486356, -0.473367]
[-0.183687, -0.195435, -0.338191, -0.361812, -0.088532]
[0.64431, -0.21264, -0.485221, -0.408931, 0.269206]
[0.391518, -0.090856, -0.077622, -0.395839, -0.478542]
[-0.14627, -0.086832, -0.095251, -0.388351, 0.453005]
[-0.186771, 0.061662, 0.074387, -0.459028, -0.385732]
[0.141498, -0.435107, 0.125941, -0.460961, 0.054645]
[0.456362, 0.493861, -0.055855, -0.407225, 0.311998]
[-0.169691, -0.427446, 0.240746, -0.378238, 0.495908]
[0.346772, -0.072054, 0.45291, -0.429556, -0.399596]
[0.240537, 0.471037, 0.306136, -0.280526, -0.421797]
[0.1759, -0.257778, 0.205362, -0.407055, 0.43877]
[0.487295, 0.438653, 0.352416, -0.486923, 0.082324]
[0.657933, 0.492036, 0.419609, -0.330468, -0.424644]
[-0.315674, 0.058968, -0.259937, -0.296777, 0.121122]
[0.405403, -0.03541, 0.310996, -0.333387, 0.230048]
[0.061322, -0.360512, -0.381848, -0.330313, 0.187668]
[0.039371, -0.443102, 0.441241, -0.461737, -0.123538]
[0.338243, 0.176207, -0.069047, -0.496689, 0.396196]
[-0.123454, -0.425715, -0.018647, -0.42086, 0.250367]
[0.613995, -0.203361, 0.118301, -0.389135, 0.148185]
[0.4255, -0.138525, 0.13536, -0.348124, 0.056402]
[0.204406, -0.028267, 0.361192, -0.405966, -0.430257]
[0.483384, 0.490245, 0.074116, -0.316038, 0.111799]
[-0.141807, -0.012479, -0.16408, -0.331279, 0.012645]
[0.24418, 0.081436, -0.271889, -0.330094, 0.075575]
[-0.286253, 0.060684, 0.304581, -0.477901, 0.079578]
[-0.067193, -0.14837, 0.273672, -0.343499, -0.425182]
[-0.283894, -0.318203, -0.031787, -0.327422, -0.462528]
[0.240452, -0.128696, 0.271035, -0.294709, -0.169222]
[0.280065, -0.170599, -0.278428, -0.355136, -0.077165]
[0.519551, 0.334262, 0.131492, -0.302602, 0.170843]
[-0.056453, 0.025385, -0.456625, -0.390216, -0.286569]
[-0.203348, -0.000264, -0.062689, -0.444216, 0.21776]
[0.356706, -0.371523, -0.208196, -0.412037, 0.147227]
[-0.271045, -0.391756, -0.392877, -0.314938, 0.14658]
[0.102393, -0.16228, -0.075882, -0.419322, 0.103239]
[0.454898, 0.298383, -0.404209, -0.399535, -0.137231]
[-0.260119, 0.423361, 0.003644, -0.36391, 0.499112]
[0.635479, -0.415363, 0.325351, -0.357887, -0.488054]
[0.442365, -0.282584, -0.374446, -0.366324, 0.385991]
[-0.209076, 0.406741, -0.275628, -0.379744, -0.411344]
[0.440256, 0.493145, 0.30758, -0.344728, 0.383285]
[0.603343, -0.312091, 0.333546, -0.329812, 0.143264]
[0.308264, 0.064929, -0.104073, -0.330496, -0.052282]
[0.190895, 0.228561, -0.099433, -0.482946, -0.392473]
[0.449254, -0.376571, -0.476893, -0.46848, 0.045384]
[-0.044797, 0.450885, 0.286283, -0.458712, -0.473845]
[0.512086, 0.107986, 0.286647, -0.429186, -0.27916]
[0.316119, 0.168918, -0.045746, -0.297098, -0.485498]
[-0.174698, 0.217827, 0.08824, -0.327694, -0.23819]
[0.46255, 0.210247, -0.267771, -0.414344, -0.415761]
[0.387993, 0.337909, 0.24245, -0.434717, -0.362282]
[0.662338, -0.179416, -0.096531, -0.42474, -0.142173]
[0.124729, 0.395868, 0.332546, -0.425973, 0.074213]
[0.26022, -0.031212, 0.485521, -0.484769, 0.451145]
[0.267815, -0.059081, 0.332478, -0.493984, -0.038257]
[0.105923, -0.386367, 0.157426, -0.398969, 0.265369]
[0.162427, -0.138092, -0.045843, -0.373123, 0.270254]
[0.425993, -0.086267, 0.484355, -0.385254, 0.048768]
[-0.028733, -0.264945, 0.074532, -0.499934, -0.111713]
[0.304267, 0.321945, 0.017584, -0.409141, 0.177248]
[-0.241789, -0.172504, 0.402023, -0.330175, -0.170061]
[-0.041529, -0.368222, -0.225576, -0.289778, 0.118688]
[-0.249597, 0.431192, -0.201995, -0.428934, -0.490529]
[0.339262, 0.453567, -0.442011, -0.35999, 0.426468]
[0.306811, -0.46818, 0.497116, -0.422089, -0.002259]
[0.052605, -0.016384, -0.466473, -0.300618, -0.072682]
[0.676684, -0.188949, 0.22535, -0.315041, 0.362284]
[-0.140482, -0.017153, 0.432588, -0.459469, 0.034337]
[0.638712, 0.370337, -0.11436, -0.405497, 0.114762]
[0.182496, -0.458168, 0.25026, -0.392028, 0.162963]
[0.492738, 0.330624, -0.014508, -0.48733, -0.172558]
[0.594359, 0.227907, -0.382621, -0.357213, -0.433234]
[0.310046, 0.175161, -0.000867, -0.406896, 0.411359]
[-0.137456, 0.465396, -0.152043, -0.308961, 0.191105]
[0.264883, 0.309607, 0.080075, -0.453873, -0.022508]
[0.214851, -0.300337, 0.44635, -0.362756, -0.1816]
[0.356186, -0.00699, 0.258143, -0.363118, -0.496348]
[0.590503, -0.073331, 0.26267, -0.4435, -0.426821]
[0.248208, -0.467972, -0.415153, -0.314797, -0.202132]
[-0.165837, 0.477577, -0.052618, -0.478905, 0.162277]
[0.209995, 0.048166, -0.240248, -0.463244, 0.436943]
[0.133309, 0.106985, 0.449968, -0.415974, -0.014672]
[0.077958, -0.304132, 0.406236, -0.442571, 0.026697]
[0.609018, 0.102836, -0.032072, -0.433872, -0.230995]
[0.051394, -0.443737, 0.282127, -0.478952, 0.201748]
[-0.182261, 0.110289, 0.000885, -0.496138, 0.098959]
[0.101328, -0.341849, 0.422365, -0.413884, -0.364909]
[-0.015547, -0.230143, 0.315508, -0.284731, 0.301726]
[0.248182, -0.050727, 0.247616, -0.389795, -0.400575]
[0.620148, 0.318535, 0.181167, -0.287118, -0.03429]
[0.205809, 0.455918, -0.321378, -0.461768, -0.177251]
[0.001333, 0.063213, -0.197058, -0.408496, 0.495682]
[0.594841, -0.219515, -0.074385, -0.37595, -0.188451]
[-0.306906, 0.392424, 0.456577, -0.409943, 0.101993]
[0.155411, -0.170534, -0.32683, -0.356197, -0.284006]
[0.101877, -0.025858, -0.33859, -0.454556, 0.086083]
[0.649197, -0.353907, -0.468817, -0.315497, -0.447289]
[-0.087964, 0.022809, 0.370385, -0.490147, 0.306629]
[-0.266072, -0.278499, 0.014265, -0.496823, -0.117506]
[0.538609, -0.03167, 0.469964, -0.471194, -0.216274]
[-0.019076, -0.24246, -0.211695, -0.389766, -0.313307]
[-0.279258, 0.098587, -0.000684, -0.44621, 0.066768]
[0.527642, 0.476526, -0.247975, -0.391819, 0.19458]
[-0.085006, -0.186353, -0.329251, -0.427662, 0.092312]
[-0.035554, -0.470576, -0.436228, -0.474063, -0.140919]
[0.145559, 0.487862, 0.266395, -0.435072, 0.188537]
[-0.060166, -0.359368, -0.022249, -0.457058, -0.210471]
[0.590975, 0.095275, 0.48567, -0.496817, -0.334922]
[-0.257607, 0.282391, -0.250358, -0.381151, 0.345364]
[-0.008762, -0.083748, 0.169299, -0.305275, -0.165738]
[-0.041342, -0.148336, -0.265058, -0.403232, -0.147305]
[0.358934, 0.240093, -0.370525, -0.346406, 0.16671]
[0.069439, -0.211154, -0.30635, -0.493372, -0.328808]
[0.36981, -0.306175, 0.236959, -0.476167, -0.432836]
[0.540374, 0.442983, -0.199947, -0.496981, -0.214658]
[0.673441, -0.349052, -0.353789, -0.366028, -0.075223]
[0.467213, -0.041224, 0.184192, -0.416651, -0.293085]
[0.297808, -0.128556, 0.496359, -0.340184, -0.146554]
[0.092243, 0.106426, 0.303177, -0.315704, -0.487592]
[0.557718, -0.252151, 0.289313, -0.308215, 0.192713]
[-0.022105, 0.149671, 0.005935, -0.370334, -0.23316]
[0.113647, 0.183036, 0.111214, -0.40428, -0.251708]
[-0.279513, 0.087674, -0.378903, -0.383042, 0.1839]
[0.64428, 0.324189, 0.355246, -0.410272, 0.040192]
[0.662296, -0.143257, 0.142685, -0.430839, -0.210078]
[0.640542, 0.146111, 0.061947, -0.429679, -0.004112]
[-0.317225, 0.155708, 0.265457, -0.38627, 0.071893]
[0.112445, -0.133438, 0.302894, -0.353807, -0.064721]
[0.485641, -0.351318, -0.384749, -0.323272, 0.002147]
[-0.288688, -0.333251, 0.10087, -0.498507, -0.357965]
[0.65161, 0.090605, 0.416509, -0.466077, 0.098155]
[0.430282, 0.328309, -0.105125, -0.470897, -0.283959]
[0.068175, 0.358893, 0.272586, -0.382309, -0.399858]
[-0.033184, -0.364834, -0.111227, -0.363796, -0.263904]
[0.486443, 0.473773, 0.482815, -0.353004, -0.213571]
[0.227578, -0.334405, -0.483763, -0.282902, 0.356484]
[-0.177152, 0.318257, -0.110968, -0.324521, 0.156434]
[0.38656, 0.483379, 0.351668, -0.279697, -0.07859]
[0.509937, 0.497627, 0.256373, -0.351617, 0.185549]
[0.593027, 0.318046, -0.395783, -0.379794, -0.095065]
[-0.231692, -0.159274, 0.252481, -0.34725, 0.30865]
[0.316379, 0.072961, 0.374127, -0.298581, 0.446735]
[0.262113, 0.094102, 0.166674, -0.485286, 0.328178]
[0.02162, -0.255491, -0.311128, -0.369195, -0.055946]
[0.064815, 0.470417, -0.239931, -0.469662, -0.063657]
[0.106246, 0.133492, -0.35989, -0.362637, 0.179047]
[0.163832, 0.371597, 0.296282, -0.381972, 0.096806]
[-0.188561, 0.0323, 0.280955, -0.368318, 0.070445]
[-0.068099, -0.273205, 0.21774, -0.475874, 0.297163]
[0.470698, 0.462907, -0.24414, -0.46182, -0.475653]
[-0.146525, -0.492943, -0.348591, -0.490459, -0.074366]
[0.146229, -0.256523, -0.199147, -0.470419, 0.40926]
[0.490893, -0.064429, 0.007263, -0.483321, 0.477796]
[0.6665, 0.279416, -0.344572, -0.411388, 0.156489]
[-0.064142, -0.273627, 0.179398, -0.411256, -0.005074]
[0.657568, 0.040429, -0.29586, -0.447246, -0.441477]
[0.237374, -0.179294, -0.416327, -0.309795, 0.225299]
[-0.060237, -0.091849, 0.229603, -0.440239, 0.03521]
[0.138458, -0.185999, 0.38506, -0.397499, -0.244198]
[-0.222509, -0.45306, 0.312992, -0.286199, -0.414404]
[0.220104, -0.380874, 0.445807, -0.336378, -0.348293]
[0.594804, 0.162856, 0.018753, -0.314462, -0.303296]
[-0.089645, -0.212462, -0.416281, -0.40908, -0.437253]
[0.441403, -0.11322, 0.060839, -0.412054, 0.236007]
[-0.001348, -0.499855, -0.09473, -0.298317, 0.454514]
[-0.142229, -0.1261, 0.088386, -0.34817, -0.247708]
[-0.047164, 0.386388, 0.198876, -0.292992, 0.034962]
[0.030842, 0.484657, 0.284559, -0.365903, 0.444942]
[0.059785, 0.476835, 0.081393, -0.400473, 0.387939]
[-0.265826, 0.170175, -0.017011, -0.348592, 0.291579]
[-0.09263, -0.32447, -0.082123, -0.362819, -0.431144]
[0.357122, 0.028818, 0.276967, -0.478658, -0.131499]
[0.011565, -0.405191, -0.378801, -0.415548, 0.129558]
[0.213337, 0.421078, 0.197841, -0.419901, 0.331661]
[0.602482, -0.28815, -0.388305, -0.474651, 0.237605]
[0.441779, 0.464638, 0.401279, -0.280179, 0.373698]
[0.657515, 0.482636, 0.475082, -0.498599, 0.098882]
[-0.189801, 0.375145, 0.178457, -0.292627, 0.034804]
[0.119663, -0.484125, -0.001398, -0.388385, -0.248585]
[-0.083281, 0.460607, 0.399067, -0.439884, -0.363668]
[0.496504, -0.080843, -0.436536, -0.337932, -0.336592]
[0.519283, 0.479015, -0.196464, -0.487733, -0.05661]
[0.36702, -0.097888, -0.391602, -0.4586, 0.050264]
[0.048208, -0.362401, 0.472084, -0.443444, -0.040377]
[0.588249, 0.389318, -0.313251, -0.387789, 0.304806]
[0.399038, -0.001468, -0.241299, -0.410141, 0.356038]
[0.530962, -0.220637, 0.039649, -0.386097, 0.137233]
[0.332556, -0.172878, 0.007417, -0.283485, -0.494572]
[0.064997, -0.430298, 0.103493, -0.391463, 0.295492]
[-0.014369, 0.197325, -0.220983, -0.476718, -0.069536]
[0.098711, 0.140877, 0.17114, -0.403676, -0.397724]
[-0.037721, 0.349439, 0.269152, -0.357251, 0.449647]
[0.215416, 0.405879, 0.133904, -0.334549, 0.332129]
[0.60555, -0.284287, 0.324135, -0.430665, 0.378308]
[0.118356, -0.170542, -0.002109, -0.33105, -0.264829]
[0.417998, -0.309201, -0.048948, -0.456358, 0.386712]
[0.006281, -0.495214, 0.300443, -0.332491, 0.078363]
[0.607104, -0.154039, 0.372567, -0.361965, -0.344981]
[0.516869, -0.153042, 0.430361, -0.454353, -0.070406]
[-0.305383, 0.447298, 0.034556, -0.471168, 0.243417]
[0.560745, 0.488103, -0.258931, -0.410218, -0.228098]
[0.189453, -0.327638, 0.233418, -0.432835, -0.449553]
[-0.121358, -0.073204, 0.236567, -0.319624, -0.003223]
[0.378222, 0.060286, 0.472424, -0.411927, 0.365187]
[0.016991, -0.065265, 0.016118, -0.490144, -0.186934]
[0.515964, 0.323073, -0.06991, -0.288824, -0.283988]
[0.439085, 0.067602, 0.323959, -0.30906, -0.020003]
[0.252796, -0.2607, -0.298474, -0.397662, -0.06642]
[-0.192733, 0.095809, -0.381753, -0.391774, -0.470099]
[0.104677, -0.307217, 0.384127, -0.296981, 0.046407]
[0.324598, 0.126783, 0.335861, -0.332608, 0.203896]
[0.108801, -0.033107, -0.29746, -0.43194, -0.139776]
[0.224492, 0.341558, -0.099586, -0.494475, 0.162684]
[0.286471, 0.119361, 0.34482, -0.372724, 0.477166]
[0.51467, -0.380694, -0.027449, -0.308038, -0.367982]
[0.110824, 0.249993, 0.238569, -0.489824, -0.00405]
[0.42067, -0.044586, -0.484287, -0.312594, -0.285635]
[-0.303551, -0.056638, 0.159193, -0.476671, 0.430948]
[0.110214, 0.153792, 0.385161, -0.429883, 0.437635]
[0.217777, 0.069669, -0.408402, -0.421591, -0.137596]
[0.002663, 0.004203, 0.084179, -0.461956, 0.024044]
[-0.096721, -0.053777, 0.397081, -0.462479, -0.31797]
[0.068252, 0.37565, -0.390096, -0.303655, -0.475077]
[-0.17548, -0.196285, 0.492195, -0.485343, 0.361747]
[0.231106, -0.041837, 0.441537, -0.432095, -0.139859]
[0.588194, -0.462783, -0.349391, -0.420353, -0.45158]
[0.053017, -0.202565, 0.29399, -0.439392, 0.289285]
[0.518994, 0.267972, -0.013903, -0.463439, -0.460023]
[0.187893, -0.148163, -0.14199, -0.458797, -0.461536]
[-0.107413, -0.456196, -0.383005, -0.37461, 0.021085]
[0.63674, 0.378282, 0.078448, -0.391214, -0.477048]
[0.227742, -0.4518, -0.21396, -0.379933, 0.013097]
[0.64073, -0.339958, -0.140855, -0.28509, 0.358818]
[0.278397, -0.168776, 0.028517, -0.317655, -0.23446]
[0.111009, -0.09289, 0.203849, -0.446077, -0.0438]
[0.079091, -0.346809, -0.033635, -0.321852, 0.024544]
[-0.229172, -0.128037, -0.219683, -0.30124, -0.387253]
[-0.292423, -0.199574, 0.032422, -0.465639, -0.26795]
[0.599177, 0.349458, 0.140965, -0.40548, -0.018743]
[0.453837, -0.03184, 0.263237, -0.302776, 0.1843]
[0.426436, 0.303626, -0.36898, -0.343521, -0.121877]
[0.578642, 0.061893, -0.07624, -0.482425, 0.315741]
[-0.285747, -0.306811, -0.238368, -0.361507, 0.204909]
[0.5219, 0.149974, -0.316754, -0.400349, -0.379406]
[0.097735, -0.288026, 0.030335, -0.339108, -0.414227]
[0.238627, 0.187347, 0.47846, -0.350457, 0.222368]
[0.150687, -0.131369, -0.151377, -0.433237, 0.289572]
[0.373362, -0.344896, 0.025493, -0.283347, -0.274386]
[-0.095754, -0.053038, -0.309952, -0.387019, 0.185436]
[0.492375, 0.178043, -0.497605, -0.334995, -0.457984]
[-0.278688, 0.148191, 0.385124, -0.468306, -0.055802]
[0.298424, 0.283573, -0.308181, -0.456535, -0.280364]
[-0.007555, -0.278457, -0.343459, -0.332519, -0.070903]
[0.442905, 0.024657, -0.43414, -0.351668, 0.124959]
[0.275888, 0.199411, -0.192628, -0.472979, 0.260034]
[0.325881, 0.41195, -0.157552, -0.383222, -0.292531]
[0.070978, -0.274435, -0.268134, -0.302878, -0.22472]
[-0.321788, 0.311506, -0.413677, -0.490778, -0.243319]
[0.544589, 0.280569, -0.350286, -0.39331, -0.433524]
[-0.28275, -0.419323, -0.167293, -0.472806, -0.255775]
[-0.069791, 0.497617, 0.029729, -0.286268, -0.010946]
[-0.09077, -0.115189, 0.442717, -0.287815, -0.031049]
[0.609167, -0.194746, -0.238052, -0.420991, 0.337918]
[-0.251787, -0.452894, -0.471399, -0.284076, -0.079406]
[-0.216684, -0.288343, 0.374401, -0.393067, -0.04705]
[-0.15517, -0.298825, 0.088029, -0.347374, -0.143691]
[0.51452, 0.473674, -0.381202, -0.411588, 0.396547]
[0.519626, -0.03887, 0.274732, -0.290398, 0.141229]
[0.317346, 0.453282, 0.327853, -0.370217, -0.220157]
[-0.078642, -0.364786, -0.16273, -0.432882, 0.116324]
[0.070634, -0.335584, 0.028184, -0.467747, -0.345148]
[0.047742, -0.310611, -0.055356, -0.464442, 0.178258]
[0.196366, 0.467269, -0.006048, -0.326986, 0.405562]
[-0.128568, -0.464556, 0.194626, -0.348268, 0.217514]
[0.634033, -0.214839, 0.027033, -0.37861, -0.135772]
[0.26993, 0.321871, -0.349715, -0.467927, -0.246491]
[-0.25097, 0.156395, 0.229722, -0.498787, 0.286171]
[0.650897, 0.29318, -0.191108, -0.472681, 0.208232]
[-0.053063, -0.125297, 0.064705, -0.408801, -0.126313]
[0.516485, -0.381981, 0.403263, -0.290775, 0.396504]
[0.454645, 0.33375, -0.235972, -0.328291, -0.134349]
[0.543362, 0.178221, -0.408731, -0.323694, 0.4689]
[0.131454, 0.349863, -0.339271, -0.388031, 0.240864]
[-0.220697, 0.111299, 0.22662, -0.466878, 0.122719]
[0.147852, 0.160872, -0.324093, -0.349814, 0.366572]
[0.379922, 0.052044, -0.085009, -0.447972, -0.459347]
[0.53175, -0.389235, 0.213671, -0.288608, 0.035431]
[0.228547, 0.403387, 0.205309, -0.326648, 0.014873]
[0.330763, 0.228782, 0.110922, -0.315118, 0.074188]
[0.627377, 0.366844, -0.161315, -0.493087, -0.239746]
[0.289294, -0.168234, 0.007487, -0.319737, -0.496266]
[0.651711, 0.067058, 0.114893, -0.325382, -0.480547]
[-0.227614, -0.121133, 0.359075, -0.46498, 0.188432]
[0.447575, 0.361671, 0.362402, -0.47936, -0.36051]
[0.537742, -0.452464, 0.041957, -0.41083, 0.452262]
[0.666652, -0.349256, 0.35403, -0.435816, -0.289154]
[-0.217012, -0.10612, 0.006823, -0.444331, 0.189711]
[0.429205, 0.223303, 0.471633, -0.419469, 0.106149]
[0.014892, -0.170224, 0.304691, -0.336342, -0.317107]
[0.295395, 0.096473, 0.215826, -0.412044, -0.261882]
[-0.240508, 0.207206, 0.254038, -0.338933, -0.062967]
[-0.201686, -0.15506, 0.342339, -0.328214, -0.25028]
[0.066039, 0.450717, 0.079626, -0.307982, 0.223702]
[0.434225, 0.470808, 0.266887, -0.467523, 0.370579]
[0.14296, 0.204783, -0.030712, -0.331252, -0.076645]
[0.658355, -0.344147, 0.074192, -0.426136, 0.225378]
[0.300456, -0.359822, -0.42875, -0.351248, 0.191968]
[0.198545, 0.092892, -0.201439, -0.433193, -0.170057]
[-0.238042, -0.446009, -0.115985, -0.351806, 0.356912]
[-0.007489, -0.192298, 0.181054, -0.35025, 0.329584]
[0.170967, 0.376632, -0.361103, -0.304103, -0.075376]
[0.677666, 0.331103, 0.046419, -0.345322, -0.251234]
[0.469814, 0.127866, 0.165266, -0.34066, 0.204394]
[0.483892, 0.248766, 0.26209, -0.413043, 0.161771]
[0.088924, 0.009495, -0.1733, -0.326395, 0.419873]
[0.240218, -0.193869, 0.482175, -0.40311, 0.284403]
[-0.116096, -0.359876, 0.140672, -0.288395, 0.437671]
[0.150832, -0.413892, -0.093053, -0.480107, -0.458784]
[-0.309799, -0.174438, -0.14414, -0.445739, -0.379879]
[-0.054279, 0.244109, -0.350917, -0.41672, 0.265536]
[-0.214274, 0.153169, 0.213663, -0.339081, 0.142088]
[0.47582, -0.418364, -0.224514, -0.45508, -0.484955]
[0.324645, -0.482438, -0.131854, -0.342003, -0.409427]
[-0.099566, 0.217552, -0.39673, -0.452144, 0.129438]
[0.634243, -0.143191, 0.492254, -0.309152, 0.079276]
[0.656569, 0.095353, -0.316406, -0.339591, 0.461457]
[0.276984, -0.119067, -0.007833, -0.455899, -0.296228]
[0.581808, 0.4908, -0.124662, -0.326731, -0.393342]
[0.121435, 0.132466, -0.290298, -0.301192, -0.009817]
[0.677693, 0.350232, -0.206519, -0.346771, 0.247737]
[0.583961, -0.25181, -0.472019, -0.33129, 0.271728]
[0.14399, -0.410731, 0.130452, -0.438727, -0.210066]
[0.419763, -0.207439, 0.459031, -0.396505, 0.42674]
[0.120504, 0.180411, -0.014468, -0.296333, -0.173121]
[0.56786, -0.020588, -0.369419, -0.336935, 0.455693]
[0.453217, -0.416881, -0.143536, -0.347187, -0.026752]
[0.156131, -0.044673, -0.37712, -0.412295, 0.260726]
[-0.070615, -0.398321, -0.15168, -0.441023, -0.226631]
[-0.070393, -0.228083, -0.148803, -0.342089, 0.184712]
[-0.083558, -0.421532, -0.408474, -0.492024, -0.218586]
[-0.059868, -0.216003, 0.256589, -0.300129, -0.169898]
[0.195579, 0.033418, 0.306431, -0.336011, -0.048941]
[0.470432, -0.418271, 0.461277, -0.390504, -0.386582]
[-0.006035, -0.070879, 0.390106, -0.281649, 0.363742]
[0.236872, -0.309404, 0.441815, -0.298995, 0.497659]
[0.043974, 0.315852, 0.391144, -0.447926, 0.033054]
[-0.241031, 0.089928, 0.488038, -0.475578, -0.219509]
[0.267813, 0.310193, 0.384619, -0.324618, -0.195092]
[0.170265, 0.10062, 0.439274, -0.3107, -0.158656]
[0.202848, 0.119227, 0.464813, -0.419815, 0.495721]
[0.550905, -0.376837, 0.440411, -0.395018, -0.145103]
[0.525949, -0.062559, 0.379628, -0.384331, 0.136046]
[-0.05939, -0.175226, 0.400492, -0.305207, -0.341051]
[0.473755, 0.059733, 0.298068, -0.340292, -0.443594]
[0.620766, -0.182902, 0.492007, -0.362153, -0.362688]
[0.675635, -0.225929, 0.43113, -0.363472, -0.064104]
[-0.230125, 0.009735, 0.486262, -0.310613, -0.377984]
[0.459228, 0.345733, 0.474577, -0.361507, 0.248124]
[0.61522, 0.475997, 0.397243, -0.480596, -0.032192]
[-0.001232, -0.105051, 0.429079, -0.420705, 0.041261]
[-0.172303, 0.277076, 0.329898, -0.403214, 0.194509]
[0.397033, -0.116875, 0.382021, -0.359357, -0.069117]
[-0.001369, -0.126857, 0.352079, -0.39523, 0.466502]
[0.301665, 0.039095, 0.296292, -0.333703, -0.199942]
[0.516638, -0.436744, 0.497282, -0.339924, -0.026093]
[0.513766, 0.056996, 0.33158, -0.398231, -0.174909]
[0.617539, -0.320538, 0.43382, -0.421266, 0.083578]
[0.277803, 0.431378, 0.474247, -0.46543, -0.407351]
[0.603451, 0.226541, 0.400715, -0.329048, 0.289222]
[0.274517, -0.347078, 0.491518, -0.386416, 0.335251]
[-0.094947, 0.351964, 0.416644, -0.42517, 0.472132]
[0.474936, -0.34594, 0.323618, -0.292617, -0.003324]
[0.497845, -0.251063, 0.389963, -0.338984, 0.322169]
[0.202373, -0.208051, 0.377793, -0.488891, 0.463369]
[0.590146, 0.438766, 0.421538, -0.35105, -0.251694]
[0.179526, -0.221425, 0.440684, -0.412126, 0.388489]
[0.464503, 0.236912, 0.372029, -0.334424, -0.4873]
[-0.188833, -0.289688, 0.482538, -0.447363, -0.291168]
[0.446909, 0.371765, 0.347067, -0.302401, -0.128976]
[0.544069, -0.375378, 0.361086, -0.385101, -0.334226]
[-0.201759, -0.402174, 0.385749, -0.359304, 0.323307]
[-0.088456, -0.425029, 0.367034, -0.362831, -0.229105]
[0.616443, -0.393539, 0.359678, -0.494066, -0.385885]
[0.403637, 0.208837, 0.371193, -0.371396, 0.092098]
[0.238668, -0.266887, 0.479135, -0.305581, 0.000637]
[0.203679, 0.034753, 0.325727, -0.449049, -0.428851]
[0.337451, 0.401602, 0.456815, -0.33379, -0.012259]
[0.336842, 0.244648, 0.494285, -0.409112, -0.062411]
[-0.10834, 0.384607, 0.46877, -0.482391, 0.045204]
[-0.135253, 0.191337, 0.418161, -0.480532, -0.09326]
[-0.001876, -0.174046, 0.384813, -0.388716, -0.15814]
[-0.121789, 0.430121, 0.364249, -0.442794, 0.047717]
[0.440228, 0.351788, 0.489525, -0.486475, 0.494073]
[-0.305232, 0.137739, 0.424994, -0.473771, -0.389716]
[0.518825, -0.044095, 0.372217, -0.359833, 0.013375]
[0.125168, 0.296458, 0.327608, -0.388218, 0.326333]
[0.561919, 0.199238, 0.388838, -0.425921, -0.355571]
[-0.260622, 0.496898, 0.427071, -0.369307, -0.096489]
[0.104094, 0.383279, 0.458668, -0.454808, -0.09518]
[0.084973, 0.433081, 0.44361, -0.333263, -0.173719]
[-0.051471, -0.41732, 0.434181, -0.483831, -0.295757]
[0.579988, 0.073528, 0.450588, -0.296214, 0.066498]
[-0.125268, 0.453341, 0.464733, -0.407657, 0.319959]
[0.58382, 0.410734, 0.445951, -0.298474, 0.427923]
[0.073404, -0.358857, 0.401931, -0.294828, -0.081888]
[0.423431, -0.177628, 0.367541, -0.439679, 0.263567]
[0.376028, -0.265555, 0.333911, -0.423648, 0.362168]
[0.548258, -0.167649, 0.370285, -0.388027, -0.052537]
[0.442327, -0.426778, 0.347922, -0.46496, -0.303638]
[0.235319, -0.020337, 0.407101, -0.363242, -0.108542]
[0.382762, 0.16451, 0.426433, -0.310144, 0.471637]
[-0.229307, 0.452003, 0.372244, -0.315793, 0.4061]
[0.523628, 0.292067, 0.494149, -0.356376, 0.052815]
[0.653553, 0.27102, 0.386911, -0.407257, -0.231698]
[-0.010059, -0.262598, 0.477007, -0.404873, 0.104336]
[0.420665, -0.158556, 0.422408, -0.35707, -0.346243]
[0.314944, 0.087493, 0.47873, -0.397451, 0.425163]
[0.516489, -0.305768, 0.489658, -0.405335, -0.081236]
[0.126909, 0.104654, 0.291294, -0.498779, 0.100968]
[0.630008, -0.472143, 0.487557, -0.47962, 0.090038]
[0.560643, 0.34852, 0.360722, -0.348328, 0.142659]
[0.071422, 0.045579, 0.314441, -0.440882, 0.243822]
[-0.283486, 0.135396, 0.352171, -0.476663, 0.403752]
[-0.001018, -0.42746, 0.483869, -0.284865, 0.174996]
[0.634715, -0.047777, 0.43894, -0.443846, 0.030824]
[0.015571, -0.065726, 0.362764, -0.318593, -0.396488]
[0.674992, 0.061166, 0.482152, -0.468007, -0.397016]
[0.459474, 0.400826, 0.340763, -0.390603, -0.42021]
[-0.12734, 0.023827, 0.416744, -0.346146, -0.28573]
[-0.223989, -0.054198, 0.366079, -0.293077, -0.466766]
[-0.274217, -0.353817, 0.476364, -0.343723, 0.431582]
[-0.239624, -0.103063, 0.408985, -0.31975, 0.350933]
[0.17294, 0.038034, 0.49443, -0.325071, -0.456832]
[0.106075, -0.071778, 0.310525, -0.422596, 0.085442]
[-0.25445, 0.395484, 0.361783, -0.474701, -0.285747]
[0.143204, -0.019733, 0.287883, -0.376813, 0.184615]
[0.617498, -0.419914, 0.371246, -0.386753, -0.120252]
[-0.142697, 0.393685, 0.438801, -0.289044, -0.015225]
[0.363566, -0.240799, 0.454239, -0.434016, -0.385102]
[0.221495, 0.068027, 0.442467, -0.334544, -0.465952]
[-0.207785, -0.133627, 0.343297, -0.486895, -0.248214]
[-0.070117, 0.158249, 0.373814, -0.491908, 0.35344]
[0.169469, 0.133206, 0.303178, -0.380059, 0.303411]
[-0.070539, -0.261397, 0.468003, -0.291162, -0.455605]
[-0.008648, 0.018618, 0.3066, -0.439519, -0.111756]
[0.668894, 0.10292, 0.352773, -0.282898, 0.399407]
[0.008185, 0.128289, 0.405088, -0.478378, -0.155135]
[0.481194, 0.120655, 0.493967, -0.351909, 0.28888]
[0.543826, -0.331018, 0.306271, -0.422368, -0.153052]
[0.542229, 0.07641, 0.28984, -0.435783, -0.055639]
[0.465975, -0.092546, 0.428629, -0.35871, 0.420774]
[0.146197, -0.498856, 0.480766, -0.444228, 0.028874]
[-0.253943, 0.071726, 0.464846, -0.495461, 0.443342]
[0.333198, 0.280263, 0.453219, -0.304455, 0.337606]
[0.041853, 0.23309, 0.399744, -0.462664, 0.376131]
[-0.072275, 0.284515, 0.455531, -0.379483, 0.467239]
[0.625575, 0.117407, 0.382198, -0.435424, -0.028371]
[0.560271, -0.302055, 0.292987, -0.397804, -0.485994]
[0.515211, -0.379037, 0.417785, -0.344623, 0.440773]
[0.507369, -0.186846, 0.458669, -0.399166, -0.080983]
[0.300795, -0.245751, 0.412338, -0.289122, 0.386463]
[0.449074, -0.021736, 0.292701, -0.392684, 0.140069]
[0.63977, -0.255891, 0.485787, -0.316115, 0.274837]
[0.615008, 0.377886, 0.314996, -0.478091, 0.409173]
[0.183649, 0.204685, 0.446727, -0.322378, -0.174782]
[0.347664, 0.445249, 0.456983, -0.317282, -0.073891]
[0.070731, -0.488395, 0.401284, -0.41525, 0.015959]
[0.146921, 0.05604, 0.432628, -0.400081, -0.226541]
[0.67177, 0.029934, 0.456229, -0.412442, 0.461546]
[0.140644, -0.202877, 0.315812, -0.459157, 0.207691]
[-0.083799, 0.301843, 0.449042, -0.390693, 0.334104]
[0.045062, 0.107801, 0.407662, -0.339027, -0.282052]
[0.588661, -0.293941, 0.429507, -0.309301, -0.412553]
[0.176379, -0.041819, 0.448468, -0.46471, -0.361998]
[-0.070422, 0.367897, 0.377093, -0.357359, -0.437754]
[0.139516, -0.08994, 0.351858, -0.390657, 0.056855]
[0.327962, 0.416805, 0.480048, -0.371004, -0.152854]
[0.469582, 0.070169, 0.289826, -0.363797, -0.387956]
[-0.316016, -0.223955, 0.308023, -0.486596, -0.145225]
[0.115629, -0.496601, 0.290612, -0.399972, -0.166133]
[0.206226, 0.3779, 0.394252, -0.334891, -0.055606]
[0.308796, 0.440404, 0.456851, -0.473605, -0.082041]
[0.328011, -0.208602, 0.382827, -0.401321, -0.170207]
[0.341304, 0.341471, 0.387732, -0.376038, 0.440751]
[-0.29233, 0.41214, 0.40551, -0.368039, -0.343142]
[0.531914, 0.431807, 0.399438, -0.490646, -0.217861]
[0.370673, -0.237688, 0.305483, -0.361419, -0.413982]
[-0.008513, -0.223725, 0.335749, -0.289181, -0.269032]
[0.243386, -0.498595, 0.359893, -0.338248, 0.287667]
[0.550604, -0.389918, 0.412009, -0.417502, -0.051809]
[0.646027, -0.284284, 0.368935, -0.286689, -0.027985]
[-0.191154, -0.35654, 0.453309, -0.479289, 0.214647]
[0.641966, -0.006477, 0.416643, -0.329775, -0.427349]
[0.280542, 0.020163, 0.305891, -0.305686, 0.387865]
[-0.131734, -0.299713, 0.289171, -0.306898, -0.492045]
[0.111852, 0.321908, 0.354414, -0.396209, 0.421087]
[-0.021751, 0.103595, 0.36802, -0.324993, 0.12969]
[0.532163, -0.283431, 0.306653, -0.301016, 0.189313]
[-0.080591, 0.131278, 0.493648, -0.49008, -0.112779]
[0.258658, 0.363923, 0.43564, -0.325567, 0.477043]
[0.116337, -0.066268, 0.384986, -0.380081, -0.477531]
[-0.156808, 0.275106, 0.342775, -0.330416, -0.058029]
[0.596385, -0.498167, 0.449575, -0.35377, -0.43938]
[-0.123051, -0.052514, 0.381359, -0.282812, 0.086887]
[0.452351, -0.147904, 0.409394, -0.411272, 0.093687]
[0.25948, 0.348027, 0.467033, -0.476644, 0.158865]
[0.215983, 0.040955, 0.395003, -0.40072, 0.172421]
[0.456965, -0.240784, 0.307907, -0.414514, 0.026763]
[0.054656, -0.179246, 0.329583, -0.482424, 0.278411]
[0.310265, -0.242237, 0.430908, -0.400302, -0.409731]
[0.592259, 0.328884, 0.367109, -0.30429, 0.237607]
[0.52259, -0.092856, 0.30815, -0.461408, 0.036519]
[-0.038969, -0.156005, 0.497615, -0.345123, 0.371561]
[0.185117, -0.437547, 0.340714, -0.482019, -0.242297]
[0.389373, -0.412594, 0.351815, -0.381785, -0.021824]
[-0.262627, 0.039401, 0.419592, -0.291375, 0.012752]
[0.497078, -0.013416, 0.288292, -0.430321, -0.128246]
[0.507592, 0.216316, 0.457433, -0.380326, -0.224116]
[0.620202, -0.143136, 0.462681, -0.380735, -0.108975]
[0.157475, -0.259008, 0.402838, -0.354318, 0.441572]
[0.678946, -0.430293, 0.465201, -0.420593, -0.223402]
[-0.056236, -0.041243, 0.288418, -0.47415, 0.278321]
[0.043281, 0.361108, 0.490426, -0.305257, -0.404656]
[0.191057, -0.083668, 0.312148, -0.299584, -0.343746]
[0.084592, 0.337107, 0.453225, -0.401898, -0.289282]
[-0.281483, 0.161218, 0.467183, -0.387146, -0.498994]
[0.658067, 0.274175, 0.308465, -0.280978, -0.218041]
[-0.053589, -0.024308, 0.352413, -0.356587, -0.485845]
[0.29679, 0.36534, 0.307456, -0.336908, 0.42468]
[0.56108, 0.197909, 0.352433, -0.472643, 0.439599]
[0.59156, -0.292138, 0.301279, -0.340802, -0.486868]
[-0.149001, 0.477043, 0.416576, -0.329664, 0.004006]
[-0.323473, 0.106752, 0.460176, -0.299051, 0.138224]
[0.237485, 0.000723, 0.411839, -0.460042, 0.235801]
[0.168587, 0.169506, 0.342222, -0.383595, 0.096919]
[0.611972, 0.325045, 0.31047, -0.305254, 0.231664]
[0.441796, 0.04045, 0.438127, -0.327168, 0.035281]
[0.207642, -0.166457, 0.289094, -0.282614, -0.45895]
[0.05293, -0.047235, 0.384114, -0.483369, -0.141391]
[0.016436, 0.144296, 0.347114, -0.293429, -0.196238]
[-0.005442, 0.246289, 0.366423, -0.313562, 0.487425]
[0.606359, 0.123873, 0.490113, -0.306652, -0.433826]
[0.100003, -0.349482, 0.485129, -0.471092, -0.316649]
[-0.18241, -0.353711, 0.466865, -0.472228, 0.372949]
[0.025284, -0.414323, 0.37688, -0.335191, 0.221596]
[0.334435, -0.065352, 0.469864, -0.449575, 0.441837]
[-0.171892, -0.399471, 0.415626, -0.374849, 0.003083]
[0.571286, 0.177583, 0.395619, -0.438431, -0.135083]
[0.404319, -0.333521, 0.36212, -0.365551, 0.316549]
[0.501542, 0.424522, 0.291217, -0.438849, -0.145389]
[0.631943, -0.360505, 0.309489, -0.386963, -0.374076]
[0.352109, 0.214966, 0.393944, -0.308376, -0.258753]
[0.042259, 0.209109, 0.421092, -0.342405, -0.355636]
[0.093145, 0.268122, 0.37892, -0.454628, 0.351861]
[-0.125282, -0.023798, 0.47241, -0.499189, -0.246246]
[0.385234, 0.068899, 0.433103, -0.487131, 0.454112]
[0.258535, 0.144536, 0.398492, -0.34678, -0.174771]
[0.393198, 0.3238, 0.467701, -0.381976, -0.263747]
[0.231075, -0.138787, 0.48391, -0.336709, 0.350221]
[0.235871, -0.239972, 0.341085, -0.312752, 0.103737]
[-0.071749, 0.244715, 0.290866, -0.4208, -0.428533]
[-0.144581, -0.238125, 0.383472, -0.333794, -0.108999]
[-0.149572, 0.121022, 0.344743, -0.431475, 0.110929]
[-0.268581, 0.430164, 0.493921, -0.414862, -0.08373]
[0.665314, -0.486206, 0.442822, -0.376075, -0.155412]
[0.655034, -0.047193, 0.43119, -0.289239, 0.236369]
[0.60492, 0.147205, 0.380274, -0.451603, 0.128955]
[0.674397, 0.426185, 0.287965, -0.282886, 0.322442]
[-0.163229, 0.029914, 0.350037, -0.320271, -0.421414]
[-0.212007, -0.261098, 0.328058, -0.322961, 0.310149]
[0.119024, 0.369388, 0.288094, -0.314726, 0.252241]
[0.669355, -0.431517, 0.440978, -0.309687, -0.384909]
[0.068803, -0.34956, 0.426732, -0.389483, 0.378177]
[0.155537, -0.160164, 0.482568, -0.473001, -0.012325]
[0.440054, 0.027919, 0.470954, -0.352769, 0.499731]
[0.274798, 0.2553, 0.356691, -0.380856, 0.311192]
[0.240613, 0.165111, 0.489419, -0.352676, 0.035195]
[0.403007, -0.234797, 0.288943, -0.382167, -0.384318]
[0.562035, 0.038663, 0.370992, -0.397622, -0.406658]
[-0.06557, 0.246797, 0.411955, -0.463319, -0.463115]
[0.094456, -0.27968, 0.472579, -0.465175, -0.282326]
[-0.193435, 0.3, 0.324045, -0.464482, 0.169165]
[-0.176859, 0.03208, 0.346992, -0.433693, -0.399036]
[0.539087, -0.49691, 0.412923, -0.405028, 0.097977]
[0.339496, 0.489696, 0.391754, -0.446905, -0.063931]
[0.310893, 0.407676, 0.321557, -0.474434, -0.318769]
[0.446271, -0.306619, 0.3205, -0.299679, 0.043338]
[-0.2817, -0.477206, 0.369947, -0.391147, -0.097674]
[0.586332, -0.366021, 0.292862, -0.373709, -0.056529]
[0.066257, 0.004921, 0.473059, -0.340141, 0.261568]
[0.264428, 0.489202, 0.41652, -0.381383, 0.176414]
[0.260984, 0.118094, 0.393737, -0.351454, 0.409883]
[0.218159, -0.328868, 0.465192, -0.282823, 0.161576]
[-0.20016, 0.39032, 0.31703, -0.406346, -0.020489]
[-0.227683, 0.002883, 0.3608, -0.422915, -0.130232]
[0.52219, -0.373526, 0.489373, -0.356459, 0.376126]
[0.190905, -0.022029, 0.333681, -0.425799, 0.48107]
[-0.162352, -0.265062, 0.427165, -0.447309, 0.115355]
[0.560326, 0.087918, 0.341991, -0.401262, 0.291202]
[-0.234263, 0.247307, 0.390824, -0.43349, 0.272796]
[-0.123364, -0.060506, 0.427857, -0.475912, -0.277274]
[0.268973, 0.477034, 0.480474, -0.32376, 0.488609]
[0.016627, 0.265298, 0.291472, -0.382716, -0.222535]
[0.629056, 0.319352, 0.48878, -0.380239, 0.202305]
[-0.311946, 0.251502, 0.358723, -0.42649, -0.41128]
[0.251926, 0.147498, 0.352556, -0.352589, 0.086422]
[-0.103413, 0.072867, 0.309919, -0.417917, -0.356922]
[-0.221109, 0.471027, 0.348716, -0.445837, -0.338248]
[0.42124, -0.145293, 0.318814, -0.302261, -0.325863]
[-0.042033, 0.160904, 0.303232, -0.403376, -0.04062]
[-0.26754, -0.277996, 0.36546, -0.435815, -0.388508]
[0.048436, -0.000211, 0.429654, -0.36105, 0.314729]
[0.530752, -0.343069, 0.477976, -0.446765, 0.442082]
[-0.104558, -0.359395, 0.410946, -0.364994, 0.313637]
[0.41727, 0.260045, 0.377701, -0.291673, -0.149453]
[0.264566, -0.249805, 0.311692, -0.358282, -0.460889]
[0.193267, -0.41364, 0.308488, -0.371677, 0.321675]
[0.130833, -0.478458, 0.326834, -0.380612, 0.489143]
[0.612117, -0.482285, 0.450781, -0.482271, -0.173449]
[-0.189157, 0.319524, 0.306356, -0.433309, -0.010009]
[-0.283852, 0.096144, 0.462159, -0.482246, -0.07888]
[0.021667, -0.312746, 0.491395, -0.29174, 0.198763]
[0.15983, -0.012319, 0.383963, -0.452365, 0.377582]
[0.547747, -0.344012, 0.408165, -0.378636, -0.256295]
[0.050464, -0.329602, 0.324639, -0.380065, -0.117163]
[-0.060104, -0.289852, 0.452119, -0.341043, -0.48762]
[0.228292, -0.255717, 0.439298, -0.359545, 0.484559]
[0.317789, -0.483664, 0.303703, -0.344923, -0.269428]
[-0.280566, -0.108419, 0.438095, -0.361931, 0.238717]
[0.322666, -0.269817, 0.485743, -0.357693, -0.197668]
[-0.253796, -0.294472, 0.38327, -0.423778, -0.197089]
[0.083856, 0.376606, 0.33801, -0.283346, 0.359461]
[-0.185703, -0.207281, 0.289139, -0.335955, 0.080841]
[0.47975, -0.111476, 0.495074, -0.424764, -0.249335]
[0.139924, 0.045123, 0.441429, -0.429607, 0.240308]
[0.663197, -0.011797, 0.489826, -0.333417, -0.484068]
[-0.095062, 0.422351, 0.365881, -0.376744, 0.168574]
[-0.261282, -0.45417, 0.417591, -0.374896, -0.458136]
[0.632142, -0.098565, 0.450008, -0.488337, 0.481243]
[-0.272688, -0.480157, 0.463481, -0.497858, -0.18497]
[-0.034062, -0.464595, 0.365242, -0.32421, 0.376048]
[0.336738, 0.261849, 0.393346, -0.309088, 0.09012]
[-0.114262, -0.170006, 0.396064, -0.448769, -0.039879]
[0.542278, 0.082899, 0.330554, -0.470664, 0.259136]
[0.012311, -0.243565, 0.35451, -0.283747, -0.175526]
[-0.208033, -0.386524, 0.463598, -0.390645, 0.162368]
[0.624164, 0.372289, 0.321507, -0.343233, -0.343375]
[-0.023031, 0.022347, 0.433144, -0.446953, -0.244961]
[0.18523, 0.298916, 0.49719, -0.463599, -0.177812]
[-0.025998, -0.306389, 0.331766, -0.392075, -0.051745]
[0.214247, 0.053467, 0.440151, -0.456026, 0.324088]
[0.20446, 0.123877, 0.467787, -0.384215, 0.231008]
[0.293601, 0.469798, 0.295687, -0.29256, -0.455851]
[0.54269, -0.162079, 0.309961, -0.365213, 0.407661]
[0.082138, 0.01475, 0.379614, -0.301323, 0.316182]
[0.527593, -0.340855, 0.334912, -0.393827, 0.269376]
[0.518712, 0.036247, 0.472224, -0.38788, -0.424724]
[0.637568, -0.47492, 0.376275, -0.469174, -0.043533]
[-0.055486, -0.163142, 0.383725, -0.450196, 0.037259]
[0.453019, -0.406001, 0.363603, -0.46078, 0.184876]
[0.136082, 0.425032, 0.334924, -0.304754, 0.144269]
[-0.267378, -0.250974, 0.378814, -0.342242, 0.376329]
[-0.054388, 0.277554, 0.411842, -0.327896, 0.369128]
[0.201657, -0.345608, 0.288761, -0.475228, -0.302865]
[-0.250596, -0.483804, 0.414885, -0.453793, -0.233767]
[-0.166355, 0.468293, 0.448226, -0.358637, 0.151574]
[0.081939, -0.285469, 0.397614, -0.393804, 0.310732]
[0.256041, 0.368237, 0.383329, -0.390704, 0.248026]
[0.005365, -0.090609, 0.383356, -0.34748, -0.192616]
[0.486672, 0.297703, 0.302407, -0.416237, -0.344342]
[0.263421, -0.487463, 0.345446, -0.498202, 0.161894]
[-0.172742, -0.302146, 0.439596, -0.482408, -0.04079]
[0.171618, 0.157375, 0.447617, -0.295149, 0.336114]
[0.544071, -0.398331, 0.290932, -0.461166, 0.343485]
[0.294688, -0.035489, 0.386995, -0.425025, -0.347276]
[0.372295, 0.152823, 0.400745, -0.311936, 0.265398]
[-0.076389, -0.28274, 0.39926, -0.470219, 0.094879]
[0.138062, -0.303163, 0.461551, -0.477809, 0.439564]
[-0.130106, -0.460674, 0.378216, -0.363905, 0.222545]
[0.034441, 0.121575, 0.486193, -0.42707, 0.39449]
[0.312659, 0.146464, 0.473419, -0.284503, 0.384867]
[0.454553, -0.022691, 0.359705, -0.344476, 0.036515]
[-0.050606, 0.031777, 0.46598, -0.361703, -0.451075]
[0.273046, -0.249731, 0.389726, -0.370544, 0.483522]
[0.532295, 0.418715, 0.34724, -0.482662, 0.157631]
[0.28812, 0.067071, 0.431748, -0.360021, -0.392068]
[0.536119, 0.044338, 0.341689, -0.438313, -0.107944]
[-0.213763, 0.435237, 0.409345, -0.47931, 0.099477]
[-0.209149, 0.199646, 0.418422, -0.426179, -0.150306]
[-0.281729, -0.443768, 0.379384, -0.462638, -0.312435]
[0.658384, -0.465946, 0.296381, -0.343383, -0.417406]
[0.01886, -0.227577, 0.294006, -0.354197, 0.144442]
[-0.061364, 0.433651, 0.357204, -0.350191, -0.16609]
[0.544892, -0.41587, 0.411247, -0.341191, -0.455873]
[0.325023, -0.025735, 0.357209, -0.287171, 0.220747]
[-0.028294, 0.089856, 0.333239, -0.484889, -0.161281]
[-0.086229, 0.080006, 0.332149, -0.315031, 0.294919]
[0.31643, 0.425413, 0.479293, -0.388009, 0.198736]
[0.303521, 0.071733, 0.429679, -0.437471, -0.47914]
[0.400042, 0.298866, 0.442174, -0.406192, 0.051006]
[0.548525, 0.381788, 0.363098, -0.461198, -0.433785]
[0.319219, 0.448245, 0.328347, -0.48207, 0.495319]
[0.460606, 0.38145, 0.360135, -0.497895, 0.315653]
[-0.146285, -0.282173, 0.429129, -0.45034, 0.441594]
[0.430792, -0.059054, 0.415899, -0.445272, -0.328557]
[0.279938, 0.036861, 0.451259, -0.406843, 0.070135]
[0.067813, 0.217602, 0.385089, -0.323779, -0.060176]
[0.40176, 0.079486, 0.354268, -0.442505, 0.326546]
[0.426516, -0.494709, 0.363658, -0.378757, -0.212051]
[-0.021107, -0.092785, 0.310808, -0.414302, -0.266145]
[0.669716, 0.208623, 0.372502, -0.487599, -0.374503]
[0.490688, 0.338267, 0.386467, -0.302779, -0.318781]
[0.079713, -0.242447, 0.330115, -0.439886, 0.155024]
[0.513875, 0.057535, 0.420825, -0.428139, 0.311379]
[-0.023297, -0.212172, 0.33699, -0.409838, -0.005772]
[0.381976, 0.383731, 0.406262, -0.298147, -0.342591]
[0.407087, 0.165252, 0.464805, -0.367987, 0.441256]
[-0.078437, 0.41018, 0.334437, -0.421379, 0.483294]
[0.202881, -0.342086, 0.334483, -0.38002, -0.353032]
[0.17444, -0.175157, 0.314648, -0.316278, -0.391019]
[0.270044, -0.218416, 0.443838, -0.476128, -0.078408]
[0.505002, 0.208444, 0.296377, -0.364213, 0.408397]
[-0.190167, -0.228411, 0.425924, -0.414269, -0.382003]
[0.042228, 0.303346, 0.348342, -0.376432, 0.320689]
[0.251962, 0.023439, 0.426747, -0.349481, 0.086865]
[0.367991, 0.050478, 0.477972, -0.439422, -0.38915]
[0.335918, -0.079627, 0.419644, -0.418832, -0.301604]
[0.393208, 0.284153, 0.393842, -0.321303, -0.052905]
[0.509312, 0.220851, 0.307016, -0.327188, -0.251657]
[0.012292, -0.167644, 0.341853, -0.326695, 0.074719]
[-0.304472, 0.039247, 0.317348, -0.499265, 0.3573]
[0.309062, -0.385614, 0.432982, -0.476528, -0.373653]
[-0.024032, 0.068872, 0.481131, -0.37064, 0.034824]
[0.137847, -0.106608, 0.325656, -0.424958, -0.343274]
[0.206803, -0.275561, 0.295236, -0.441234, 0.076457]
[0.660695, 0.481852, 0.468714, -0.430424, 0.420248]
[0.454171, 0.138991, 0.493219, -0.29765, 0.491706]
[0.441327, -0.132005, 0.428874, -0.436298, -0.05696]
[-0.189932, -0.463743, 0.478159, -0.307896, -0.493421]
[0.028885, -0.238769, 0.39247, -0.37871, 0.288659]
[0.495243, 0.455787, 0.47433, -0.435944, -0.417982]
[0.545883, 0.003886, 0.359433, -0.330065, -0.146513]
[0.537459, 0.226459, 0.379792, -0.401487, -0.002103]
[0.315243, -0.308588, 0.290411, -0.485851, -0.415854]
[0.247156, -0.456995, 0.324164, -0.359242, 0.463854]
[-0.164116, 0.404269, 0.41135, -0.486732, -0.243259]
[-0.22845, -0.445068, 0.291324, -0.352445, -0.360679]
[0.568356, -0.47745, 0.452393, -0.428272, 0.359475]
[0.627565, -0.375582, 0.383628, -0.398123, -0.173851]
[0.355405, 0.439143, 0.371928, -0.474453, -0.264589]
[0.131269, -0.324885, 0.379875, -0.303201, 0.109313]
[0.584836, -0.497852, 0.381628, -0.4067, 0.426795]
[-0.280406, 0.185045, 0.382769, -0.342555, 0.092516]
[0.391332, 0.384296, 0.379805, -0.450423, -0.431899]
[0.07446, 0.240726, 0.459898, -0.382587, 0.274603]
[-0.150432, -0.095544, 0.294251, -0.489849, 0.122263]
[0.036991, 0.308201, 0.35084, -0.373338, 0.283643]
[-0.119501, -0.477931, 0.355657, -0.295069, -0.181415]
[-0.10283, -0.32631, 0.412988, -0.313354, 0.308388]
[0.541546, 0.091973, 0.300027, -0.463227, -0.488426]
[0.379538, -0.297399, 0.465673, -0.471368, -0.079599]
[-0.258264, -0.042523, 0.441829, -0.28552, 0.361912]
[0.64448, 0.469843, 0.4732, -0.434581, 0.000556]
[-0.289541, -0.278888, 0.457737, -0.473963, 0.136352]
[0.342323, 0.411863, 0.361204, -0.402031, -0.014375]
[0.666829, 0.381296, 0.439346, -0.481248, 0.452946]
[0.291278, 0.421029, 0.445598, -0.37162, 0.068619]
[0.659001, -0.081638, 0.33036, -0.367979, -0.463149]
[0.140481, -0.114897, 0.497613, -0.451721, 0.219893]
[0.576221, -0.091896, 0.32604, -0.438687, -0.22087]
[-0.300427, 0.115033, 0.480783, -0.438487, 0.278184]
[-0.03508, 0.181951, 0.422143, -0.476207, 0.360391]
[0.481041, -0.084398, 0.45875, -0.303354, -0.040944]
[0.446836, -0.393111, 0.304919, -0.40028, -0.085066]
[0.533939, -0.329898, 0.367766, -0.417884, 0.063896]
[0.383955, 0.235388, 0.291738, -0.30938, -0.435555]
[-0.180906, 0.478969, 0.378542, -0.292608, 0.113003]
[-0.091663, -0.349498, 0.475491, -0.494577, 0.42157]
[0.301022, 0.405593, 0.32355, -0.423671, -0.170884]
[-0.148727, -0.42148, 0.498113, -0.382569, 0.014727]
[0.406017, 0.286615, 0.399058, -0.469218, -0.223792]
[0.056646, 0.054165, 0.452503, -0.320788, -0.31772]
[0.14802, -0.062656, 0.344794, -0.372368, -0.144875]
[-0.104176, -0.495725, 0.489453, -0.30973, 0.320395]
[0.638804, -0.156409, 0.408327, -0.465492, -0.142355]
[-0.182037, -0.291371, 0.396915, -0.286423, 0.327608]
[0.507526, 0.288572, 0.496111, -0.458851, -0.382867]
[0.43971, 0.023529, 0.490709, -0.349449, -0.405522]
[-0.063869, -0.014394, 0.398047, -0.387713, 0.122148]
[-0.063367, 0.322205, 0.474493, -0.484645, 0.461164]
[0.177132, -0.291955, 0.349976, -0.404791, 0.481198]
[0.43231, 0.405728, 0.303196, -0.315475, 0.248046]
[-0.138107, 0.330156, 0.388907, -0.287862, -0.437834]
[0.577503, -0.405376, 0.400122, -0.284298, 0.033107]
[-0.168673, 0.045353, 0.464615, -0.284629, -0.390418]
[0.187987, 0.183873, 0.311562, -0.30051, -0.096431]
[0.323604, 0.459138, 0.353477, -0.299508, -0.279761]
[-0.051726, -0.220591, 0.403195, -0.314961, 0.177346]
[0.451264, -0.271629, 0.321679, -0.296883, 0.31578]
[0.354568, -0.105017, 0.457857, -0.309558, 0.086476]
[-0.049911, -0.056455, 0.38733, -0.301745, -0.446781]
[0.452553, 0.290883, 0.486867, -0.281339, 0.418284]
[-0.292545, -0.193402, 0.499556, -0.309419, -0.175669]
[0.159328, 0.209668, 0.369771, -0.279796, -0.242932]
[0.510772, 0.112983, 0.403331, -0.317219, -0.300544]
[-0.02423, 0.192083, 0.441733, -0.29677, -0.363033]
[-0.035369, -0.070584, 0.467783, -0.303953, 0.23901]
[0.146574, -0.057431, 0.431371, -0.30283, 0.396614]
[0.516995, 0.342323, 0.450359, -0.313504, 0.366776]
[0.133398, -0.08233, 0.304543, -0.311089, 0.192807]
[0.396595, 0.142494, 0.416315, -0.295682, 0.271912]
[0.531599, 0.221767, 0.40943, -0.302249, -0.139792]
[0.609175, -0.455277, 0.491752, -0.298963, -0.071306]
[-0.086594, -0.448401, 0.358, -0.312066, -0.183868]
[0.652598, 0.111774, 0.294997, -0.2996, -0.375265]
[0.235921, -0.415357, 0.465981, -0.291105, -0.291314]
[0.104972, -0.418154, 0.452426, -0.284442, -0.455012]
[-0.227884, 0.129579, 0.473921, -0.289959, -0.02816]
[-0.207416, -0.14832, 0.471965, -0.3137, -0.147329]
[0.491351, -0.377405, 0.463537, -0.299254, 0.082815]
[0.597984, -0.366949, 0.397821, -0.302889, 0.0359]
[-0.173318, 0.094069, 0.493976, -0.28364, 0.358012]
[0.257559, 0.061453, 0.465343, -0.289159, 0.180312]
[-0.018761, 0.484175, 0.390736, -0.301497, -0.27065]
[-0.055408, -0.46658, 0.398447, -0.303176, -0.420719]
[0.230225, -0.137083, 0.413888, -0.291177, -0.11354]
[0.020108, -0.191313, 0.297202, -0.295121, 0.176085]
[0.519432, 0.357244, 0.466472, -0.300513, 0.094924]
[0.619175, -0.495884, 0.468182, -0.281087, 0.279508]
[-0.276408, -0.443929, 0.308585, -0.28967, -0.417244]
[0.297997, 0.148701, 0.294828, -0.303056, 0.060464]
[0.30729, 0.153821, 0.417889, -0.300492, -0.15996]
[0.275617, -0.417381, 0.408515, -0.281067, -0.140108]
[0.21326, 0.007083, 0.29996, -0.292164, -0.214836]
[0.49087, -0.351726, 0.367849, -0.310133, 0.183505]
[0.363589, 0.056242, 0.325229, -0.302351, 0.220036]
[0.325305, -0.110377, 0.356297, -0.317507, -0.3127]
[-0.024383, 0.055094, 0.359247, -0.294662, -0.190737]
[0.353324, 0.347253, 0.307467, -0.317475, -0.255633]
[-0.091827, 0.195373, 0.342538, -0.281396, -0.418462]
[-0.215598, 0.350427, 0.348113, -0.291597, -0.101712]
[-0.059393, 0.211387, 0.394851, -0.311269, 0.398359]
[0.486842, -0.14382, 0.399452, -0.29509, 0.457014]
[-0.136219, -0.460873, 0.343927, -0.30399, -0.400675]
[0.643221, -0.46963, 0.445455, -0.288069, 0.496401]
[0.563969, 0.198024, 0.315988, -0.302277, 0.276441]
[0.125036, -0.211637, 0.412073, -0.3117, -0.378281]
[0.347925, -0.240293, 0.424946, -0.308202, 0.288452]
[-0.288251, 0.193007, 0.396345, -0.291637, 0.194471]
[0.66842, 0.276882, 0.431801, -0.283723, -0.365345]
[0.542399, 0.439617, 0.39059, -0.283255, 0.181488]
[-0.016221, 0.068019, 0.494435, -0.306125, 0.151797]
[0.483353, 0.135612, 0.449763, -0.281203, 0.173582]
[0.296002, 0.475636, 0.46499, -0.296262, 0.198424]
[0.015595, -0.219214, 0.416547, -0.30442, -0.286075]
[0.661091, 0.390771, 0.471071, -0.2869, -0.115162]
[0.17015, -0.282763, 0.40571, -0.29743, 0.049255]
[0.611723, 0.333718, 0.449884, -0.287471, -0.405718]
[0.306531, 0.378643, 0.409712, -0.295641, -0.370157]
[0.604649, -0.017457, 0.377931, -0.282467, -0.002852]
[0.34169, 0.424643, 0.357185, -0.295198, -0.488147]
[-0.086517, -0.014761, 0.3519, -0.307705, 0.305927]
[-0.315821, -0.133127, 0.41033, -0.311469, 0.257036]
[0.227845, 0.417889, 0.289897, -0.303514, -0.136451]
[0.502523, -0.221528, 0.408176, -0.304042, 0.467136]
[0.40348, 0.069298, 0.317611, -0.29137, 0.10715]
[0.109352, -0.051681, 0.313833, -0.28712, -0.299111]
[-0.178741, -0.308725, 0.413026, -0.304453, -0.046552]
[0.163285, -0.103353, 0.401738, -0.287474, -0.330796]
[0.280153, 0.029656, 0.376194, -0.302238, 0.247732]
[0.594859, -0.332893, 0.389286, -0.283123, -0.491264]
[0.047444, -0.09806, 0.3451, -0.29042, -0.212653]
[0.55003, 0.184319, 0.37129, -0.283741, -0.420137]
[0.368876, 0.219894, 0.457414, -0.302338, -0.171169]
[0.456349, 0.371587, 0.486118, -0.313417, 0.247216]
[0.672743, -0.334962, 0.392847, -0.312783, 0.140545]
[0.257179, 0.023725, 0.397043, -0.298676, -0.476745]
[0.559238, -0.376913, 0.33161, -0.279193, -0.166629]
[0.528078, -0.076927, 0.471348, -0.288559, 0.333177]
[0.034278, -0.288542, 0.344809, -0.287877, -0.411475]
[0.413561, 0.465337, 0.428539, -0.293319, -0.245145]
[0.248368, -0.035233, 0.305103, -0.295137, 0.281342]
[0.657325, -0.133977, 0.471009, -0.300484, -0.232292]
[-0.244429, -0.389846, 0.476644, -0.310702, -0.250349]
[0.089017, 0.154046, 0.382443, -0.315984, -0.482526]
[-0.071759, 0.478608, 0.437859, -0.295638, -0.032796]
[0.644606, -0.223154, 0.366857, -0.306705, 0.265901]
[0.41105, 0.455897, 0.499989, -0.281908, -0.088995]
[0.522699, -0.365752, 0.392778, -0.311686, 0.042726]
[0.290345, 0.465732, 0.338243, -0.311523, 0.446264]
[0.66385, 0.072628, 0.462263, -0.283626, -0.486729]
[0.5199, 0.070793, 0.33371, -0.306452, -0.498635]
[0.46922, -0.446294, 0.352952, -0.284023, -0.145397]
[0.542244, -0.382796, 0.425985, -0.279312, -0.27408]
[0.597642, 0.19211, 0.40084, -0.286141, -0.045606]
[0.459428, 0.063454, 0.373412, -0.281737, 0.083518]
[0.578645, 0.369262, 0.307364, -0.31621, 0.054993]
[-0.097792, -0.128611, 0.417035, -0.283818, -0.453998]
[-0.072862, 0.257048, 0.410959, -0.295171, -0.252404]
[0.45631, 0.347275, 0.472354, -0.285997, 0.043425]
[-0.303473, 0.347858, 0.307545, -0.29174, -0.479397]
[0.424519, 0.349847, 0.487684, -0.295096, -0.447241]
[0.55124, 0.353788, 0.360797, -0.299732, 0.222036]
[0.368585, -0.191486, 0.474597, -0.283073, 0.110336]
[0.220635, -0.195222, 0.417769, -0.31205, 0.369744]
[0.642714, 0.395624, 0.415202, -0.282614, 0.088529]
[0.264262, 0.319493, 0.454303, -0.282667, -0.275026]
[0.013962, -0.443009, 0.436638, -0.284623, -0.159507]
[0.656179, -0.472127, 0.293556, -0.307964, -0.070111]
[0.485668, -0.241308, 0.350315, -0.293703, 0.451388]
[0.281808, 0.340401, 0.438269, -0.304956, 0.103822]
[0.674671, -0.425788, 0.362544, -0.297093, 0.254576]
[-0.096292, -0.190283, 0.294167, -0.308672, 0.4585]
[0.46692, -0.249535, 0.343702, -0.316302, 0.252005]
[0.562697, 0.253555, 0.374041, -0.316488, -0.417779]
[0.296779, 0.36216, 0.488137, -0.310262, 0.100842]
[0.042383, 0.340211, 0.344683, -0.291607, -0.424713]
[0.144263, 0.158379, 0.329809, -0.299731, 0.020779]
[0.223607, -0.038213, 0.371452, -0.28452, -0.218184]
[-0.200536, 0.24022, 0.482559, -0.298114, 0.287517]
[-0.116298, 0.286099, 0.292355, -0.290161, 0.48504]
[-0.295688, 0.094647, 0.396779, -0.310586, -0.001506]
[-0.158944, 0.453592, 0.4443, -0.311918, -0.060641]
[0.208103, 0.168679, 0.369807, -0.297345, 0.161833]
[-0.03966, -0.494194, 0.378263, -0.297362, 0.360061]
[0.341143, -0.477239, 0.370566, -0.287226, -0.23437]
[-0.151387, 0.374302, 0.443968, -0.281415, 0.296344]
[-0.1111, 0.326811, 0.366861, -0.299053, 0.134322]
[0.284528, 0.135083, 0.38343, -0.292398, -0.461713]
[0.573525, 0.120666, 0.339812, -0.287549, 0.003371]
[0.173419, -0.381193, 0.387393, -0.28876, -0.260842]
[-0.252054, 0.258636, 0.400807, -0.297709, -0.177868]
[0.332226, 0.287402, 0.382765, -0.317689, -0.019227]
[0.308662, -0.073442, 0.460521, -0.293446, -0.380286]
[0.625818, 0.288744, 0.449368, -0.314419, -0.404843]
[0.074601, 0.286854, 0.452354, -0.284071, 0.436182]
[-0.315708, 0.020358, 0.345823, -0.29936, 0.462085]
[0.324102, 0.061418, 0.389426, -0.288699, 0.398091]
[0.038678, -0.079784, 0.448316, -0.307704, -0.340438]
[0.356177, 0.185282, 0.335861, -0.285953, 0.063147]
[-0.245564, 0.189115, 0.462091, -0.3031, -0.029835]
[0.339011, 0.235755, 0.477225, -0.315993, 0.265453]
[-0.033862, 0.058153, 0.329139, -0.286305, 0.013206]
[-0.181226, -0.200976, 0.422975, -0.309022, 0.063632]
[0.130996, -0.316578, 0.335163, -0.292881, -0.104308]
[0.35307, -0.416171, 0.331174, -0.295791, 0.14536]
[-0.093671, -0.191805, 0.479538, -0.303422, 0.202345]
[-0.244046, -0.279437, 0.38189, -0.315639, -0.121192]
[0.510285, -0.392043, 0.447039, -0.286661, 0.401428]
[0.312232, 0.176968, 0.490249, -0.29646, 0.314638]
[0.595356, -0.051554, 0.392255, -0.279693, 0.411791]
[0.289036, -0.136961, 0.395008, -0.314781, -0.419437]
[0.43197, 0.247775, 0.486517, -0.307389, 0.181355]
[0.05903, 0.34835, 0.343986, -0.28809, -0.077331]
[0.592688, -0.366573, 0.367019, -0.296385, 0.201804]
[0.668345, -0.295618, 0.458753, -0.291725, 0.441532]
[0.131535, 0.30875, 0.404608, -0.279208, 0.212723]
[0.26436, -0.156249, 0.412775, -0.294373, -0.496333]
[0.206903, 0.484513, 0.40637, -0.294106, -0.48338]
[-0.235054, -0.211735, 0.377278, -0.299406, -0.185165]
[0.089066, -0.486077, 0.447419, -0.300383, -0.456057]
[0.380865, -0.026945, 0.350668, -0.292986, 0.339024]
[-0.055835, 0.315104, 0.306583, -0.282665, -0.058149]
[0.548672, -0.466229, 0.358301, -0.287364, 0.394308]
[0.420849, 0.178526, 0.474028, -0.314842, -0.124313]
[-0.229924, 0.025772, 0.368026, -0.289217, -0.057413]
[-0.286044, -0.407625, 0.301659, -0.302474, -0.0383]
[0.251987, -0.469149, 0.307367, -0.284596, 0.053704]
[-0.303891, -0.477158, 0.396876, -0.288318, -0.121552]
[-0.101254, -0.494649, 0.472938, -0.301785, 0.283404]
[-0.290478, -0.147676, 0.409041, -0.283826, 0.251838]
[0.260136, 0.45405, 0.348381, -0.317198, 0.231923]
[0.038828, -0.071718, 0.473707, -0.304002, -0.042763]
[-0.262517, -0.329399, 0.378746, -0.307724, -0.290649]
[0.409579, -0.435937, 0.30483, -0.286067, -0.401554]
[0.213304, 0.175098, 0.35797, -0.298245, -0.063859]
[-0.037186, -0.164454, 0.297617, -0.315168, 0.252087]
[0.201063, -0.386403, 0.428641, -0.291619, 0.439349]
[0.56987, 0.409446, 0.299611, -0.297722, 0.225939]
[0.661902, -0.046075, 0.334315, -0.284581, 0.144738]
[-0.222734, 0.09613, 0.465485, -0.305528, 0.135414]
[0.361944, -0.084368, 0.40616, -0.303105, 0.207105]
[0.611796, 0.087977, 0.296414, -0.305651, 0.053785]
[-0.307275, 0.313631, 0.492691, -0.306735, -0.010984]
[0.478573, 0.070731, 0.290601, -0.286274, 0.49067]
[0.512111, -0.129515, 0.412817, -0.303225, 0.122715]
[-0.212741, -0.366697, 0.465481, -0.308691, -0.437587]
[0.51375, 0.268208, 0.302357, -0.296839, -0.352676]
[-0.245541, 0.045182, 0.329291, -0.308707, -0.178527]
[0.014422, 0.381988, 0.40336, -0.291851, 0.105509]
[0.397354, -0.218589, 0.446104, -0.316403, 0.122024]
[-0.242148, 0.401769, 0.304821, -0.29442, -0.160601]
[0.040923, -0.243626, 0.392187, -0.292003, -0.358729]
[0.461096, 0.349149, 0.401558, -0.309791, -0.17034]
[-0.127676, -0.096299, 0.29937, -0.312885, 0.470116]
[0.469495, -0.288805, 0.33483, -0.306182, -0.375954]
[0.21196, -0.337063, 0.405168, -0.306802, 0.477195]
[0.378534, 0.072343, 0.462783, -0.30114, -0.419582]
[0.180415, -0.43961, 0.398858, -0.287718, 0.013374]
[0.124931, -0.402863, 0.360172, -0.315999, 0.426935]
[-0.118685, 0.143429, 0.37983, -0.291184, 0.06718]
[0.14574, 0.441664, 0.445522, -0.316038, 0.31735]
[-0.129519, 0.415364, 0.351798, -0.299144, 0.455224]
[-0.032465, 0.4927, 0.413451, -0.295106, 0.323462]
[0.659777, 0.390742, 0.396397, -0.281086, 0.169221]
[0.288815, 0.204698, 0.39232, -0.298286, 0.184555]
[0.423482, -0.154412, 0.419361, -0.311891, -0.498404]
[-0.321165, 0.411204, 0.38982, -0.292171, -0.36385]
[-0.147498, 0.142141, 0.31469, -0.307584, 0.230705]
[0.648967, -0.367836, 0.299616, -0.293485, 0.051557]
[0.258347, -0.394711, 0.495917, -0.279498, -0.073262]
[-0.063332, -0.202326, 0.468409, -0.297251, -0.10468]
[0.110377, -0.440976, 0.353352, -0.303064, -0.285332]
[0.160068, -0.201459, 0.496696, -0.315173, -0.456497]
[0.079473, 0.223689, 0.433294, -0.296942, 0.254768]
[0.371763, 0.244385, 0.474975, -0.31063, 0.322523]
[-0.109449, 0.282822, 0.358494, -0.290612, -0.413877]
[-0.057708, -0.301561, 0.36896, -0.283368, 0.101462]
[0.646279, 0.288618, 0.305073, -0.290528, 0.071649]
[-0.130266, -0.323069, 0.429796, -0.300071, 0.372613]
[0.068608, -0.421542, 0.399611, -0.315359, 0.079325]
[0.155682, -0.175972, 0.333397, -0.283457, -0.293028]
[0.421494, 0.29689, 0.389044, -0.302309, 0.184939]
[0.17918, 0.0248, 0.403617, -0.298448, -0.262636]
[0.625439, -0.383485, 0.395808, -0.30243, 0.079441]
[-0.3228, -0.040065, 0.460137, -0.307771, 0.087044]
[0.168939, 0.347079, 0.497436, -0.284528, 0.337349]
[0.470002, 0.060293, 0.323745, -0.314546, -0.00886]
[0.462647, -0.263727, 0.396605, -0.293893, -0.417007]
[-0.086539, 0.059777, 0.41706, -0.306404, 0.498334]
[0.11973, 0.373269, 0.356189, -0.300469, 0.403923]
[0.263762, -0.272182, 0.313592, -0.303506, -0.063588]
[-0.302468, 0.367122, 0.289191, -0.303406, -0.341568]
[0.473665, 0.385061, 0.301899, -0.283969, -0.125935]
[0.475285, 0.235597, 0.392285, -0.291431, 0.304416]
[0.661414, 0.378739, 0.379632, -0.307722, -0.44822]
[0.004115, -0.282143, 0.31806, -0.286371, 0.38308]
[0.629741, -0.203938, 0.475764, -0.291153, 0.280065]
[-0.23044, 0.187413, 0.48444, -0.290149, 0.029918]
[0.616791, 0.334523, 0.289494, -0.312785, -0.060139]
[-0.134194, -0.171115, 0.47271, -0.313192, 0.255835]
[0.113193, -0.087153, 0.29079, -0.279659, 0.028323]
[-0.047891, -0.322868, 0.306045, -0.283603, 0.001419]
[0.417478, -0.130696, 0.340227, -0.286499, -0.326327]
[-0.049079, -0.223975, 0.352075, -0.303705, 0.343754]
[0.422873, 0.338939, 0.434549, -0.315281, 0.135567]
[-0.055336, 0.485728, 0.341084, -0.305072, -0.003254]
[-0.247272, 0.471585, 0.416567, -0.313659, 0.348286]
[-0.191523, 0.160574, 0.494904, -0.297946, -0.125182]
[0.42715, 0.317954, 0.332508, -0.294913, 0.008295]
[0.403901, -0.098463, 0.309568, -0.307938, 0.169917]
[-0.268964, -0.315366, 0.434344, -0.289372, 0.414791]
[0.571835, 0.27771, 0.407439, -0.296302, 0.279874]
[0.575384, -0.224023, 0.426537, -0.309295, 0.37731]
[0.264775, 0.227146, 0.355857, -0.283811, 0.212013]
[-0.064058, 0.228349, 0.388208, -0.309826, 0.425142]
[0.529649, 0.197919, 0.45067, -0.282966, 0.017833]
[-0.100064, -0.079986, 0.427504, -0.308551, -0.062937]
[-0.120654, -0.039895, 0.41749, -0.30721, -0.310272]
[0.01153, -0.426886, 0.313982, -0.287053, 0.423162]
[-0.312132, 0.209844, 0.448871, -0.316713, 0.248154]
[-0.201682, -0.009438, 0.391417, -0.3065, -0.305126]
[-0.284146, -0.469585, 0.480771, -0.293643, 0.28469]
[0.33496, -0.277078, 0.417001, -0.307004, -0.321259]
[-0.050913, 0.259229, 0.388805, -0.312913, -0.392992]
[0.475965, -0.049115, 0.414043, -0.293161, -0.096102]
[0.623879, -0.43629, 0.421868, -0.307386, 0.185419]
[-0.298334, 0.014486, 0.422298, -0.295589, -0.347515]
[0.24808, 0.103095, 0.300937, -0.308638, -0.140608]
[0.442021, -0.411062, 0.309762, -0.293017, 0.150401]
[-0.269588, -0.373054, 0.371409, -0.29596, -0.380597]
[-0.043052, 0.208151, 0.344781, -0.295032, -0.343468]
[-0.187124, 0.366385, 0.299713, -0.299953, -0.375449]
[0.411166, -0.121554, 0.313297, -0.292741, -0.378609]
[0.075181, 0.023346, 0.494337, -0.31467, -0.115587]
[0.35853, -0.488503, 0.445977, -0.311224, 0.113139]
[-0.19794, 0.074881, 0.464002, -0.287572, 0.050256]
[0.054562, 0.346136, 0.289725, -0.291666, -0.380758]
[-0.318167, -0.023878, 0.358075, -0.303468, 0.201235]
[0.028771, 0.371161, 0.410135, -0.281575, 0.200817]
[0.435262, 0.287954, 0.408942, -0.299155, 0.16272]
[-0.078536, 0.321388, 0.438787, -0.286022, -0.03847]
[0.544287, -0.361043, 0.438016, -0.301454, 0.344887]
[0.077379, 0.209294, 0.488656, -0.298489, -0.422315]
[0.121818, 0.115466, 0.440099, -0.297979, -0.333339]
[0.090288, 0.278376, 0.303564, -0.29331, 0.059248]
[0.008626, -0.155019, 0.492163, -0.294039, 0.47]
[0.593745, -0.494828, 0.465486, -0.295432, -0.248554]
[0.041237, 0.408911, 0.316601, -0.281866, -0.381853]
[-0.070247, 0.142212, 0.464224, -0.286751, 0.098372]
[0.56774, 0.002663, 0.442325, -0.285124, 0.210753]
[0.6192, 0.215974, 0.390262, -0.305071, 0.03698]
[0.42671, -0.499085, 0.407893, -0.30139, -0.338263]
[0.564276, 0.292203, 0.289069, -0.289225, 0.204651]
[-0.197046, -0.366212, 0.38872, -0.288855, -0.14792]
[-0.236452, 0.34187, 0.311813, -0.286711, -0.398299]
[0.299328, -0.150398, 0.455942, -0.297195, 0.058022]
[-0.295567, -0.170979, 0.332121, -0.298152, -0.331504]
[-0.132863, -0.491074, 0.452514, -0.280598, -0.104688]
[0.584777, 0.088283, 0.447594, -0.289051, -0.450227]
[0.516063, 0.268212, 0.398072, -0.295791, 0.266718]
[0.225891, 0.31795, 0.377629, -0.288948, 0.049732]
[-0.228046, 0.004522, 0.462653, -0.316271, 0.04546]
[0.566568, -0.113361, 0.466052, -0.28922, -0.156618]
[-0.307321, -0.326041, 0.302796, -0.283286, 0.44384]
[0.462064, 0.240046, 0.304427, -0.311364, 0.16975]
[-0.295443, 1e-06, 0.429297, -0.305632, 0.335567]
[0.305723, 0.492624, 0.450263, -0.308026, 0.182048]
[0.117086, -0.149368, 0.40053, -0.305069, 0.09462]
[0.364933, -0.383591, 0.347741, -0.287498, -0.292471]
[-0.114474, 0.430494, 0.430693, -0.308488, 0.321422]
[-0.308065, 0.259582, 0.435101, -0.291639, -0.356074]
[0.274411, 0.337054, 0.496818, -0.288416, -0.424385]
[0.222702, 0.315188, 0.402543, -0.305233, -0.146473]
[0.533594, 0.249911, 0.420201, -0.298152, 0.232964]
[0.422676, -0.183849, 0.392733, -0.313271, 0.446447]
[0.500881, 0.41534, 0.365978, -0.29889, 0.256562]
[0.591462, -0.044965, 0.340789, -0.307771, -0.471224]
[0.242642, -0.496048, 0.440307, -0.293287, 0.243642]
[0.643423, -0.073989, 0.436038, -0.293358, -0.04811]
[0.624002, -0.027986, 0.496306, -0.305886, -0.089973]
[-0.019708, 0.388702, 0.349126, -0.299026, -0.264408]
[0.057804, 0.003718, 0.296474, -0.311744, 0.432541]
[0.532308, 0.350732, 0.393102, -0.314273, 0.406545]
[-0.14844, 0.200889, 0.460698, -0.300772, 0.333859]
[0.226715, -0.292598, 0.369658, -0.297428, -0.298597]
[0.395586, -0.432331, 0.472888, -0.314361, 0.127076]
[-0.186428, 0.07172, 0.401023, -0.297792, -0.047049]
[0.189372, -0.008706, 0.453035, -0.31242, -0.393726]
[0.031904, -0.497676, 0.390378, -0.315099, 0.186527]
[0.034326, -0.43282, 0.490595, -0.309386, 0.019027]
[-0.135248, -0.226869, 0.340637, -0.315797, -0.241745]
[-0.095451, 0.159898, 0.334194, -0.289314, -0.469444]
[0.093521, -0.127828, 0.338681, -0.28509, 0.234587]
[0.505229, 0.36246, 0.452237, -0.284444, -0.369687]
[-0.224932, -0.428661, 0.326648, -0.294777, 0.037431]
[0.435859, -0.018012, 0.499133, -0.300939, 0.405301]
[-0.123454, 0.160718, 0.341328, -0.288393, -0.314713]
[0.196644, -0.041525, 0.432982, -0.284842, -0.025396]
[0.641517, 0.354921, 0.35789, -0.302234, -0.346307]
[0.185051, -0.403026, 0.314097, -0.281673, -0.289134]
[-0.272872, 0.354858, 0.323755, -0.314495, 0.368125]
[0.134577, 0.499527, 0.447855, -0.290762, 0.447966]
[-0.266316, 0.036479, 0.360373, -0.284222, -0.167121]
[0.442123, 0.156614, 0.433732, -0.306195, -0.208802]
[-0.207715, -0.449775, 0.499461, -0.295727, -0.301693]
[-0.275596, -0.115382, 0.449355, -0.297134, 0.340383]
[0.284183, 0.495701, 0.365307, -0.301561, 0.222256]
[0.611769, 0.236509, 0.430612, -0.31581, 0.104671]
[0.280794, 0.332482, 0.352661, -0.286282, 0.339153]
[0.525469, 0.108103, 0.296238, -0.303634, -0.410677]
[-0.323584, 0.377156, 0.46467, -0.295203, 0.240876]
[0.018611, -0.418904, 0.441622, -0.288049, 0.273922]
[0.141335, 0.067608, 0.369128, -0.29053, 0.009957]
[0.505688, -0.465909, 0.479655, -0.286218, 0.324795]
[0.094598, 0.394863, 0.445231, -0.31557, 0.044089]
[0.420251, 0.158501, 0.490344, -0.283077, 0.435408]
[0.114896, 0.006164, 0.394996, -0.290963, -0.102941]
[0.613541, -0.179845, 0.28988, -0.27942, -0.167953]
[0.356183, 0.062278, 0.445827, -0.302413, -0.325773]
[0.392837, 0.359995, 0.349631, -0.304991, 0.135601]
[0.390124, -0.376521, 0.35552, -0.314662, -0.241575]
[-0.108587, 0.345437, 0.351337, -0.288612, -0.079661]
[-0.147278, -0.362646, 0.315169, -0.315054, 0.028193]
[0.080669, -0.074546, 0.414634, -0.306878, -0.14909]
[0.225589, 0.461576, 0.474452, -0.311373, 0.034163]
[-0.048389, -0.155744, 0.301078, -0.314095, 0.153447]
[-0.152084, 0.37185, 0.396045, -0.301954, 0.16213]
[0.472256, 0.177219, 0.378026, -0.31053, 0.452481]
[-0.177624, 0.443894, 0.312076, -0.313461, 0.187061]
[-0.121242, -0.222665, 0.479754, -0.297295, -0.48153]
[-0.139742, 0.407977, 0.468562, -0.28739, -0.344822]
[0.270052, -0.014355, 0.41673, -0.301502, 0.106779]
[-0.065415, 0.223671, 0.35311, -0.280361, 0.29582]
[0.157613, -0.372399, 0.391317, -0.291042, -0.386995]
[-0.194729, 0.171439, 0.49199, -0.292508, 0.062831]
[-0.30259, 0.347522, 0.47428, -0.317212, 0.002794]
[0.052197, -0.089741, 0.44772, -0.298927, -0.217853]
[0.10405, 0.042245, 0.462473, -0.290768, -0.479403]
[-0.28224, -0.206236, 0.379221, -0.302044, -0.310703]
[-0.027478, 0.057506, 0.435344, -0.317831, -0.096056]
[0.272105, 0.020908, 0.461864, -0.284297, 0.166133]
[0.384165, 0.120843, 0.467683, -0.301919, 0.223548]
[0.376262, -0.431277, 0.434828, -0.294894, 0.116484]
[0.634078, 0.087123, 0.344113, -0.299326, 0.169717]
[-0.077897, -0.136143, 0.303514, -0.310231, 0.184394]
[0.404482, 0.079057, 0.401814, -0.288653, 0.102782]
[-0.049858, -0.192889, 0.470228, -0.3006, 0.220817]
[0.435336, 0.358155, 0.387561, -0.295281, -0.242165]
[0.428956, -0.218017, 0.48823, -0.297745, 0.222455]
[0.409833, 0.273108, 0.372586, -0.314337, -0.437704]
[0.06703, -0.051679, 0.367594, -0.299279, -0.297049]
[0.6531, -0.043429, 0.305522, -0.289258, -0.338375]
[0.189046, -0.432453, 0.394462, -0.283234, -0.127059]
[-0.255533, -0.021557, 0.440743, -0.281055, -0.319966]
[0.678322, -0.444264, 0.418947, -0.30542, 0.260603]
[-0.224045, -0.06293, 0.344279, -0.295594, -0.038076]
[0.38654, -0.223014, 0.349216, -0.312178, -0.414504]
[0.54425, 0.398509, 0.352744, -0.290696, 0.21043]
[0.453743, 0.335938, 0.479674, -0.304892, -0.025802]
[-0.188659, 0.493714, 0.367454, -0.283543, 0.317489]
[0.491424, 0.245256, 0.304869, -0.31733, -0.099238]
[-0.082657, -0.195612, 0.31534, -0.305591, -0.498692]
[0.015435, 0.444427, 0.446043, -0.293845, 0.386056]
[0.146797, 0.044542, 0.495885, -0.290041, 0.412415]
[-0.030953, -0.005308, 0.351325, -0.309425, -0.189602]
[0.37949, 0.276346, 0.39803, -0.293025, -0.159586]
[0.320976, 0.072191, 0.401417, -0.296726, 0.068586]
[-0.268451, 0.220244, 0.29806, -0.316282, 0.077119]
[-0.203602, 0.120759, 0.301142, -0.288488, -0.24201]
[-0.111263, -0.418652, 0.308085, -0.305085, -0.241311]
[0.334146, 0.372976, 0.34866, -0.302724, 0.355108]
[0.595426, 0.416837, 0.408955, -0.313105, -0.19477]
[0.4613, -0.211666, 0.38853, -0.315835, -0.021306]
[-0.061625, 0.335368, 0.417348, -0.28064, -0.323887]
[0.024403, 0.169979, 0.320037, -0.309465, 0.020072]
[0.438254, 0.330903, 0.420944, -0.31635, -0.10881]
[-0.303541, 0.48617, 0.436984, -0.280862, 0.145155]
[0.045687, 0.343763, 0.362834, -0.284614, 0.245865]
[0.035408, 0.499204, 0.471504, -0.293027, 0.292375]
[-0.27795, -0.137172, 0.298764, -0.312311, 0.032426]
[0.497521, -0.24468, 0.438939, -0.286489, -0.151147]
[0.65699, 0.104222, 0.419351, -0.282212, -0.308801]
[-0.299147, 0.05144, 0.432475, -0.297176, 0.099571]
[-0.040386, -0.457505, 0.423834, -0.300226, 0.050484]
[-0.147725, 0.128803, 0.341433, -0.299885, 0.365647]
[0.251431, 0.406262, 0.312379, -0.289261, 0.369455]
[0.133562, 0.320279, 0.439375, -0.281833, 0.464539]
[0.361808, 0.239486, 0.429549, -0.29634, 0.424992]
[0.441494, -0.340618, 0.380238, -0.30747, -0.497343]
[0.536562, 0.025373, 0.312226, -0.301438, -0.457068]
[0.150111, -0.266325, 0.439549, -0.292859, -0.390296]
[0.198407, -0.186641, 0.39426, -0.301534, 0.455709]
[-0.300751, 0.22812, 0.350447, -0.291841, 0.308532]
[0.156007, 0.057397, 0.371602, -0.281553, -0.089625]
[-0.209236, -0.416653, 0.310537, -0.281699, 0.001584]
[0.586605, 0.399875, 0.47759, -0.29509, 0.342906]
[0.259502, 0.009527, 0.381895, -0.313123, -0.431025]
[-0.233695, -0.187059, 0.491747, -0.311802, 0.235041]
[-0.047016, -0.264249, 0.379247, -0.288534, 0.370428]
[0.483748, 0.006935, 0.375781, -0.308898, -0.13636]
[0.408259, -0.422389, 0.309142, -0.284939, -0.146747]
[-0.097698, -0.311911, 0.405051, -0.287045, -0.226108]
[0.661805, -0.497032, 0.442282, -0.314463, -0.211144]
[0.587388, -0.008805, 0.323028, -0.311468, -0.412768]
[0.027429, 0.10507, 0.466145, -0.287842, -0.213494]
[0.342446, -0.11001, 0.452009, -0.300033, -0.150428]
[-0.316383, -0.367282, 0.331634, -0.288286, -0.349162]
[0.440379, 0.401168, 0.377417, -0.295074, 0.005669]
[0.573619, -0.443626, 0.392848, -0.307792, -0.151762]
[0.463737, 0.461646, 0.443968, -0.289538, -0.41994]
[0.229532, 0.174195, 0.456779, -0.300058, -0.219948]
[0.44605, -0.091613, 0.483635, -0.288037, -0.278623]
[0.537267, 0.185465, 0.306841, -0.285426, -0.059863]
[-0.105203, -0.168555, 0.305776, -0.285013, -0.003527]
[-0.175569, -0.385242, 0.34413, -0.280405, -0.243157]
[0.357703, -0.194577, 0.385375, -0.288027, -0.044707]
[-0.250728, 0.339705, 0.401491, -0.290459, -0.245507]
[0.021395, -0.033276, 0.428617, -0.29863, -0.066691]
[0.376148, 0.049951, 0.473248, -0.307634, -0.175255]
[0.663206, 0.411067, 0.367071, -0.290095, -0.323174]
[0.564664, 0.30201, 0.486803, -0.291223, -0.476988]
[-0.110705, -0.38017, 0.333747, -0.289604, -0.461175]
[0.469127, -0.26008, 0.369282, -0.304017, -0.272217]
[-0.083067, 0.375235, 0.497196, -0.279946, -0.267539]
[0.452094, 0.172931, 0.471843, -0.294212, -0.083942]
[0.148474, 0.262521, 0.303669, -0.284959, -0.016491]
[-0.245609, 0.065715, 0.356088, -0.292984, -0.416663]
[0.469964, 0.16621, 0.400269, -0.310981, -0.162523]
[0.637364, 0.011787, 0.46656, -0.29103, -0.474737]
[-0.194402, 0.380291, 0.31413, -0.296528, -0.235942]
[0.522428, 0.285777, 0.417657, -0.28374, -0.375173]
[-0.109996, 0.324868, 0.309164, -0.310311, -0.392959]
[0.100259, -0.273187, 0.368435, -0.309118, -0.088945]
[0.537882, 0.008312, 0.336245, -0.303843, 0.006143]
[0.363943, -0.490695, 0.397999, -0.280168, -0.050903]
[0.55453, 0.148806, 0.389776, -0.282371, -0.324142]
[0.640287, -0.373395, 0.47295, -0.312025, -0.002829]
[0.33939, -0.433016, 0.482578, -0.290475, -0.495297]
[-0.312284, -0.326229, 0.335393, -0.305783, -0.354484]
[0.129786, -0.080204, 0.452133, -0.295429, -0.307262]
[0.54148, -0.497695, 0.348077, -0.306927, -0.284908]
[0.356783, -0.416499, 0.393533, -0.315867, -0.026883]
[0.416089, 0.431894, 0.360926, -0.301692, -0.060035]
[0.468757, -0.294918, 0.447475, -0.31786, -0.331383]
[0.304426, -0.274097, 0.431517, -0.307413, -0.000296]
[0.676194, -0.183702, 0.300425, -0.299444, -0.229404]
[0.162159, 0.431284, 0.368781, -0.313005, -0.176795]
[-0.049095, 0.02065, 0.316848, -0.306096, -0.245044]
[0.043571, 0.395455, 0.325506, -0.317412, -0.091089]
[0.226861, -0.231949, 0.387801, -0.29115, -0.317568]
[0.446655, 0.312272, 0.491853, -0.292586, -0.441817]
[0.218488, 0.473536, 0.342195, -0.302114, -0.398203]
[-0.233755, -0.113477, 0.463705, -0.302617, -0.0172]
[0.511386, -0.048879, 0.442235, -0.312689, -0.250392]
[0.51072, -0.430023, 0.499123, -0.29382, -0.145958]
[-0.035325, 0.104556, 0.381406, -0.280768, -0.278992]
[0.413626, -0.160484, 0.468779, -0.295027, -0.292054]
[0.110933, -0.032157, 0.467187, -0.309182, -0.35285]
[0.390493, 0.20403, 0.496386, -0.290699, -0.36269]
[-0.22396, 0.011384, 0.31301, -0.305477, -0.34736]
[0.57129, 0.098434, 0.364675, -0.286104, -0.096715]
[0.136246, 0.23733, 0.41078, -0.294321, -0.010485]
[0.046632, -0.467224, 0.414254, -0.317688, -0.285404]
[0.127012, 0.178134, 0.362159, -0.298921, -0.092031]
[0.279841, -0.402864, 0.293222, -0.31217, -0.497691]
[-0.073266, 0.458624, 0.294294, -0.308931, -0.000702]
[0.101751, -0.200639, 0.311922, -0.313417, -0.294771]
[0.021574, -0.289006, 0.460214, -0.283836, -0.128185]
[0.55789, 0.214498, 0.407626, -0.290737, -0.326228]
[0.001633, 0.177422, 0.351457, -0.31643, -0.229579]
[-0.004245, -0.236346, 0.422527, -0.298062, -0.089019]
[-0.289922, 0.071777, 0.391675, -0.280657, -0.396035]
[-0.216449, -0.193247, 0.318196, -0.283034, -0.492069]
[0.127486, -0.365707, 0.354296, -0.281007, -0.383644]
[0.556771, 0.370181, 0.393748, -0.313783, -0.006751]
[0.213103, 0.07384, 0.499719, -0.279315, -0.432606]
[0.42432, -0.1777, 0.322546, -0.290322, -0.140605]
[0.381935, 0.218466, 0.337863, -0.283325, -0.409687]
[0.106496, -0.279814, 0.47991, -0.313804, -0.351372]
[-0.21866, -0.400496, 0.478515, -0.297471, -0.01891]
[-0.04532, 0.181486, 0.43079, -0.296461, -0.100552]
[0.666465, -0.218686, 0.348699, -0.28252, -0.16697]
[0.320126, -0.453563, 0.360972, -0.315369, -0.088958]
[0.36672, -0.203632, 0.299577, -0.304491, -0.432069]
[0.123927, -0.271684, 0.437681, -0.313961, -0.038177]
[0.632271, 0.086137, 0.312294, -0.311827, -0.216049]
[-0.282835, 0.412072, 0.303512, -0.312572, -0.084298]
[0.158728, 0.402682, 0.496867, -0.298864, -0.088316]
[0.34305, -0.075824, 0.300058, -0.293321, -0.024561]
[0.664309, -0.481023, 0.418893, -0.31234, -0.000376]
[-0.212377, 0.415992, 0.288959, -0.292063, -0.220884]
[0.330821, -0.259904, 0.339521, -0.289459, -0.447099]
[0.647984, 0.311694, 0.327088, -0.289039, -0.253411]
[-0.083115, 0.444248, 0.432823, -0.31406, -0.123528]
[-0.131058, 0.432073, 0.460972, -0.310067, -0.444459]
[-0.244579, -0.432516, 0.304873, -0.313844, -0.304641]
[0.09228, -0.012657, 0.488096, -0.285841, -0.47918]
[-0.233795, 0.329932, 0.458079, -0.302317, -0.41508]
[0.377145, -0.489075, 0.417853, -0.311338, -0.035411]
[0.169626, 0.169679, 0.364834, -0.286144, -0.143825]
[0.42359, 0.213785, 0.43084, -0.309347, -0.477093]
[-0.202346, 0.347846, 0.436078, -0.291378, -0.406686]
[-0.213159, 0.383371, 0.360383, -0.28788, -0.274713]
[-0.04482, 0.384523, 0.358485, -0.279799, -0.194211]
[0.249744, 0.024671, 0.421999, -0.309405, -0.174534]
[-0.27338, -0.098476, 0.472635, -0.313532, -0.242944]
[0.548581, -0.036594, 0.337169, -0.290122, -0.337302]
[0.456308, -0.227928, 0.338139, -0.297582, -0.260247]
[-0.326576, 0.180325, 0.441848, -0.281591, -0.365721]
[0.461744, -0.259852, 0.488123, -0.312358, -0.226924]
[0.274665, -0.320751, 0.448312, -0.283865, -0.428505]
[-0.19728, 0.492439, 0.294323, -0.293365, -0.040371]
[0.237375, -0.176387, 0.318733, -0.287189, -0.123212]
[0.403318, -0.005828, 0.457695, -0.304783, -0.327769]
[0.260906, 0.460522, 0.481311, -0.307409, -0.133066]
[-0.014659, 0.05608, 0.406314, -0.292716, -0.384092]
[-0.255115, 0.349924, 0.44626, -0.30182, -0.074516]
[-0.140594, 0.162226, 0.400157, -0.287025, -0.251522]
[0.168657, 0.209483, 0.404013, -0.296353, -0.24134]
[0.157817, -0.042655, 0.358319, -0.307034, -0.209611]
[0.677145, -0.349416, 0.491862, -0.304292, -0.079903]
[0.321921, -0.385282, 0.313747, -0.300586, -0.412454]
[0.461451, -0.172126, 0.378826, -0.284631, -0.176505]
[-0.24606, 0.370809, 0.335952, -0.316437, -0.329173]
[0.349376, 0.027776, 0.476123, -0.283777, -0.154263]
[0.246518, 0.344393, 0.33333, -0.296796, -0.461947]
[0.488429, -0.452933, 0.393583, -0.295262, -0.26451]
[0.163898, 0.417716, 0.378338, -0.287916, -0.37592]
[0.200797, -0.186706, 0.402933, -0.289578, -0.409552]
[0.570258, -0.142328, 0.447103, -0.314008, -0.331128]
[-0.30667, -0.099347, 0.441235, -0.286888, -0.492589]
[0.417585, 0.379952, 0.295195, -0.313467, -0.388883]
[-0.03918, -0.062914, 0.290449, -0.313521, -0.102654]
[0.412964, 0.198629, 0.444029, -0.289576, -0.381511]
[0.179782, -0.289717, 0.429589, -0.307954, -0.192678]
[0.518107, -0.490604, 0.492453, -0.290773, -0.066891]
[0.498286, -0.436118, 0.496007, -0.304021, -0.015526]
[0.483762, -0.072027, 0.349533, -0.293234, -0.070261]
[0.58831, 0.02766, 0.35714, -0.282092, -0.354923]
[-0.124669, 0.223503, 0.332088, -0.30916, -0.144196]
[0.251001, -0.080948, 0.449866, -0.308794, -0.427303]
[0.417832, 0.187026, 0.3333, -0.31401, -0.435149]
[0.520035, -0.180487, 0.475176, -0.308676, -0.0861]
[0.135305, -0.07932, 0.416465, -0.295631, -0.363324]
[0.646187, -0.439917, 0.330051, -0.317647, -0.425772]
[-0.19982, 0.071643, 0.456154, -0.313254, -0.211873]
[-0.253395, -0.360284, 0.493052, -0.315093, -0.053181]
[0.289388, -0.461995, 0.421612, -0.306053, -0.300456]
[0.535781, -0.415114, 0.468258, -0.29693, 0.004319]
[-0.271176, -0.109605, 0.348909, -0.297875, -0.055552]
[0.594169, -0.118293, 0.300521, -0.290016, -0.443156]
[0.436578, -0.07161, 0.458694, -0.306008, -0.325062]
[0.367677, -0.176035, 0.410937, -0.286441, -0.262395]
[0.460407, 0.309638, 0.446502, -0.317114, -0.113146]
[0.313509, 0.153708, 0.304443, -0.307624, -0.355355]
[0.244834, -0.479379, 0.486916, -0.314969, -0.40701]
[0.135944, 0.414417, 0.392477, -0.299617, -0.274193]
[0.529779, -0.199381, 0.292695, -0.296816, -0.338702]
[0.336935, 0.13041, 0.335918, -0.28813, -0.373624]
[0.452992, -0.001404, 0.351018, -0.294793, -0.269424]
[0.066924, -0.314799, 0.303661, -0.308804, -0.48622]
[0.292968, 0.103027, 0.321924, -0.295938, -0.462318]
[-0.256239, -0.126237, 0.368954, -0.283873, -0.302805]
[-0.21788, -0.104805, 0.499859, -0.301983, -0.059245]
[0.189195, 0.007641, 0.383094, -0.302469, -0.334739]
[-0.297544, -0.477136, 0.330695, -0.315378, -0.453503]
[-0.108178, 0.059905, 0.364111, -0.280076, -0.380723]
[0.517567, -0.061963, 0.299483, -0.284573, -0.279739]
[-0.265503, 0.475246, 0.446755, -0.288186, -0.30254]
[0.417983, 0.472923, 0.384248, -0.279388, -0.177254]
[0.01872, 0.332694, 0.341026, -0.294999, -0.238492]
[0.587715, 0.437727, 0.440328, -0.293092, -0.28798]
[-0.22599, 0.38287, 0.435621, -0.317653, -0.48336]
[-0.180466, -0.498978, 0.407579, -0.315321, -0.352589]
[0.127461, 0.231769, 0.439273, -0.303626, -0.368787]
[0.573531, 0.461072, 0.319811, -0.292663, -0.340818]
[0.156872, 0.355288, 0.485473, -0.296219, -0.174471]
[-0.01899, -0.047307, 0.34989, -0.305742, -0.452427]
[0.65426, 0.453083, 0.298131, -0.306324, -0.07208]
[0.273279, -0.176901, 0.458426, -0.295193, -0.166105]
[0.364794, -0.146139, 0.446118, -0.304144, -0.283496]
[0.212518, 0.35203, 0.467458, -0.302536, -0.176095]
[0.537534, -0.24723, 0.455082, -0.31283, -0.229653]
[0.306944, 0.370478, 0.360499, -0.28173, -0.496279]
[0.650173, 0.208867, 0.442494, -0.279982, -0.135773]
[0.109896, 0.059687, 0.291779, -0.285818, -0.080966]
[0.084891, 0.457627, 0.293638, -0.296497, -0.381141]
[0.646668, -0.081021, 0.410684, -0.294853, -0.192619]
[-0.182155, 0.037174, 0.388572, -0.293052, -0.455995]
[0.517373, -0.035908, 0.396718, -0.304068, -0.122562]
[-0.273234, 0.15093, 0.433727, -0.314893, -0.311678]
[0.659544, 0.379162, 0.458663, -0.309537, -0.256337]
[0.064436, 0.092583, 0.462031, -0.287987, -0.214952]
[0.516337, 0.386607, 0.314259, -0.313116, -0.444872]
[0.082226, -0.220432, 0.388577, -0.30981, -0.244451]
[0.51672, 0.019913, 0.393828, -0.299694, -0.402625]
[0.572037, -0.082133, 0.396328, -0.29826, -0.254746]
[-0.326508, -0.388729, 0.483432, -0.285773, -0.266357]
[0.479009, -0.420711, 0.375982, -0.31402, -0.073658]
[0.040351, -0.223889, 0.39438, -0.287408, -0.481464]
[-0.054302, 0.439413, 0.493828, -0.310115, -0.078884]
[0.258751, 0.434526, 0.306705, -0.316815, -0.390725]
[-0.240096, 0.341704, 0.417752, -0.298203, -0.04473]
[0.157339, 0.343847, 0.312943, -0.291924, -0.271239]
[-0.123132, 0.234483, 0.494541, -0.281192, -0.131377]
[-0.275885, 0.340773, 0.44075, -0.309264, -0.210209]
[0.469303, -0.435371, 0.461141, -0.314019, -0.422166]
[0.57691, -0.252464, 0.441322, -0.293122, -0.485276]
[-0.042819, 0.257144, 0.309931, -0.29725, -0.230918]
[-0.134249, 0.370064, 0.446633, -0.30954, -0.448833]
[-0.278971, -0.25351, 0.458958, -0.309023, -0.35429]
[0.47168, 0.037923, 0.474092, -0.298266, -0.489613]
[-0.235773, -0.010267, 0.299207, -0.283999, -0.316202]
[0.243744, 0.16331, 0.299468, -0.283618, -0.131664]
[-0.166674, -0.279438, 0.328199, -0.304192, -0.012758]
[0.521855, 0.140236, 0.422635, -0.292456, -0.040343]
[0.581739, -0.236821, 0.423415, -0.2863, -0.010771]
[-0.015335, 0.15698, 0.42988, -0.282351, -0.208193]
[-0.176776, 0.306358, 0.420128, -0.311587, -0.205604]
[-0.128578, 0.285732, 0.42887, -0.297671, -0.3469]
[0.14907, 0.192155, 0.355135, -0.303384, -0.230476]
[0.604378, -0.18913, 0.297466, -0.298969, -0.104528]
[-0.309659, -0.01028, 0.464011, -0.316066, -0.28911]
[0.501984, 0.337642, 0.367238, -0.303234, -0.350907]
[0.52028, -0.067657, 0.375323, -0.301918, -0.338342]
[0.192535, 0.478236, 0.335213, -0.307087, -0.396516]
[0.39445, 0.231989, 0.316634, -0.30297, -0.144863]
[0.110061, 0.053085, 0.367658, -0.28783, -0.004108]
[-0.057637, -0.23775, 0.409782, -0.305107, -0.438037]
[0.199464, 0.445206, 0.498859, -0.280655, -0.129078]
[0.176632, 0.415693, 0.42881, -0.291326, -0.415025]
[0.586414, -0.423979, 0.35495, -0.287379, -0.214774]
[0.227255, 0.235621, 0.363632, -0.309215, -0.396592]
[-0.30626, 0.281363, 0.409933, -0.300895, -0.474045]
[0.020762, 0.438572, 0.487556, -0.31251, -0.09343]
[0.449725, 0.274415, 0.380765, -0.313896, -0.39361]
[0.429871, 0.314102, 0.30515, -0.290123, -0.498033]
[0.417042, 0.204956, 0.419515, -0.279465, -0.248081]
[0.050549, -0.303773, 0.331286, -0.316224, 0.006177]
[0.074932, 0.40469, 0.428101, -0.293896, -0.260804]
[0.462323, 0.074955, 0.312595, -0.292715, -0.002006]
[0.408054, -0.302152, 0.313872, -0.303782, -0.289765]
[-0.321128, -0.381533, 0.301971, -0.311051, -0.287988]
[0.602145, 0.110961, 0.46389, -0.300179, -0.393228]
[-0.180127, -0.048053, 0.290539, -0.292269, -0.102544]
[-0.181102, -0.227404, 0.468729, -0.289154, -0.162732]
[-0.248182, -0.415016, 0.438936, -0.311592, -0.434101]
[0.034853, -0.191555, 0.436501, -0.303519, -0.254235]
[0.404476, -0.38989, 0.403617, -0.310028, -0.195938]
[0.037051, -0.304418, 0.435657, -0.30487, -0.007569]
[0.618346, -0.332652, 0.378658, -0.301192, -0.082957]
[-0.202702, 0.168213, 0.43351, -0.28094, -0.13245]
[0.291093, -0.20523, 0.471879, -0.299683, -0.469399]
[0.172109, 0.012528, 0.351193, -0.310236, -0.373308]
[-0.061252, -0.277315, 0.42536, -0.298194, -0.216829]
[-0.218038, -0.419629, 0.399166, -0.293748, -0.270294]
[0.263338, -0.271317, 0.324024, -0.307894, -0.312552]
[-0.147238, 0.31926, 0.402491, -0.290352, -0.320999]
[0.332458, -0.392449, 0.383926, -0.315435, -0.163865]
[0.191329, 0.494947, 0.469782, -0.301464, -0.09821]
[0.270261, 0.481636, 0.40803, -0.312565, -0.02668]
[-0.056141, -0.154027, 0.454772, -0.291027, -0.328395]
[-0.154586, 0.173364, 0.401568, -0.312268, -0.335706]
[0.532218, -0.485233, 0.30386, -0.31266, -0.485708]
[-0.146765, 0.038274, 0.401778, -0.29016, -0.004789]
[-0.11567, -0.39989, 0.369313, -0.281817, -0.484805]
[-0.043009, 0.234904, 0.344041, -0.307587, -0.370041]
[0.457098, 0.4864, 0.319582, -0.301232, -0.10426]
[-0.239849, -0.409235, 0.402015, -0.311988, -0.212268]
[0.14674, -0.205776, 0.421933, -0.312981, -0.483747]
[0.413822, -0.328138, 0.396655, -0.291816, -0.087895]
[0.066423, 0.016093, 0.383522, -0.317817, -0.325813]
[0.393237, 0.142649, 0.317672, -0.289742, -0.235698]
[0.181061, 0.320607, 0.470706, -0.314897, -0.220579]
[0.632304, 0.449548, 0.411623, -0.314131, -0.153929]
[0.14886, -0.433623, 0.410281, -0.291871, -0.231787]
[0.21335, -0.043322, 0.321873, -0.292893, -0.113444]
[0.335663, 0.2612, 0.330044, -0.29269, -0.098706]
[0.553586, -0.014365, 0.452731, -0.301462, -0.410266]
[-0.033812, -0.169234, 0.471382, -0.31303, -0.29034]
[0.391131, 0.166933, 0.392041, -0.31325, -0.423046]
[-0.309561, 0.255197, 0.463567, -0.280536, -0.112341]
[0.480138, 0.449978, 0.403184, -0.29971, -0.243848]
[-0.17444, 0.333995, 0.376977, -0.290613, 0.007214]
[-0.019133, 0.146227, 0.391444, -0.308022, -0.299572]
[0.416126, 0.291916, 0.40412, -0.286283, -0.367112]
[-0.043404, -0.349399, 0.480765, -0.299958, -0.127981]
[0.074494, 0.049691, 0.383579, -0.293928, -0.168257]
[0.398511, 0.476778, 0.350721, -0.309066, -0.433864]
[-0.205074, 0.056059, 0.298079, -0.286818, -0.448945]
[0.365392, -0.428937, 0.487477, -0.29289, -0.358352]
[0.624816, 0.251194, 0.442446, -0.311519, -0.339711]
[-0.314524, -0.199673, 0.404823, -0.290929, -0.341416]
[-0.071387, 0.487249, 0.446735, -0.300085, -0.083095]
[-0.003725, 0.157196, 0.366318, -0.287607, -0.07041]
[0.034949, 0.048513, 0.3496, -0.301093, -0.020844]
[-0.240186, 0.019365, 0.384907, -0.291107, -0.157696]
[0.204426, 0.233581, 0.320484, -0.294914, -0.340372]
[0.192491, -0.010683, 0.475886, -0.283226, -0.301893]
[-0.275084, 0.068826, 0.425753, -0.297501, -0.067742]
[-0.219481, -0.084405, 0.407399, -0.287592, -0.264458]
[-0.270408, 0.399598, 0.371874, -0.28766, 0.005842]
[0.450091, 0.370788, 0.361924, -0.300508, -0.213901]
[-0.057373, 0.320702, 0.475154, -0.2881, -0.17774]
[0.379035, 0.346029, 0.377181, -0.30254, -0.309729]
[-0.141192, 0.33952, 0.330278, -0.28735, -0.211712]
[-0.158786, -0.356203, 0.485628, -0.285363, -0.42047]
[0.670646, -0.382564, 0.489935, -0.299038, -0.111226]
[0.639587, -0.278218, 0.48783, -0.283288, -0.022101]
[0.300329, -0.192471, 0.313376, -0.309208, -0.053727]
[0.564604, 0.330259, 0.300372, -0.291264, -0.089738]
[-0.131892, -0.122958, 0.427837, -0.288712, -0.285916]
[0.179865, 0.295293, 0.48693, -0.303003, -0.091946]
[-0.240608, -0.072716, 0.468524, -0.279761, -0.346983]
[0.609456, 0.005457, 0.333204, -0.312683, -0.09256]
[-0.122346, -0.042336, 0.384798, -0.300609, -0.099469]
[-0.067142, 0.4382, 0.396815, -0.314749, -0.274076]
[0.477255, 0.435262, 0.366049, -0.287041, -0.243727]
[0.502041, -0.156068, 0.483551, -0.314188, -0.381305]
[0.035022, 0.226757, 0.417642, -0.297295, -0.176495]
[-0.121079, 0.063314, 0.479782, -0.302289, -0.457075]
[0.299425, -0.243136, 0.459851, -0.283882, -0.120624]
[0.293409, 0.320032, 0.418824, -0.307329, -0.195906]
[0.495569, -0.05806, 0.293692, -0.296068, -0.341364]
[0.064007, 0.492245, 0.480054, -0.308448, -0.388786]
[-0.268303, 0.10052, 0.388019, -0.302741, -0.470399]
[0.111388, -0.342633, 0.485081, -0.298128, -0.329361]
[0.397633, 0.038321, 0.402581, -0.316418, -0.222213]
[0.059063, -0.220598, 0.486869, -0.293553, -0.293937]
[0.221424, 0.041165, 0.317738, -0.306819, -0.161952]
[-0.199644, -0.139393, 0.496416, -0.314935, -0.47417]
[0.199112, -0.485733, 0.291955, -0.314158, -0.130004]
[0.297357, 0.409092, 0.450067, -0.312606, -0.083175]
[0.560381, -0.235386, 0.356122, -0.310761, -0.354299]
[0.145446, 0.435368, 0.36866, -0.313352, -0.054021]
[0.233357, 0.293852, 0.318247, -0.288251, -0.007505]
[0.257952, -0.232578, 0.316618, -0.279444, 0.002798]
[0.156446, -0.39922, 0.483679, -0.315265, -0.15492]
[-0.000345, 0.181836, 0.344952, -0.289717, -0.342708]
[-0.119009, 0.31721, 0.469602, -0.304172, -0.427955]
[0.235559, -0.154548, 0.337895, -0.290469, -0.428602]
[0.553315, -0.236393, 0.442796, -0.280924, -0.103022]
[0.58758, 0.108316, 0.338827, -0.300337, -0.015401]
[-0.058672, -0.039618, 0.340375, -0.287019, -0.296284]
[0.457127, 0.120263, 0.443822, -0.297913, -0.363411]
[-0.006204, -0.106173, 0.467472, -0.311645, -0.067509]
[0.543907, -0.314185, 0.41401, -0.285756, -0.124582]
[0.178939, 0.162111, 0.38093, -0.292105, -0.462913]
[-0.260353, -0.22542, 0.393408, -0.304836, -0.114977]
[-0.118086, 0.118522, 0.484764, -0.281309, -0.010476]
[-0.1364, 0.465511, 0.371465, -0.307942, -0.265626]
[0.457553, 0.019344, 0.404095, -0.311968, -0.261802]
[0.542174, 0.447368, 0.398323, -0.287824, -0.211612]
[0.613219, -0.295292, 0.319898, -0.290593, -0.21181]
[0.427795, -0.440542, 0.489465, -0.306199, -0.313229]
[-0.24627, 0.330916, 0.401976, -0.289658, -0.049441]
[-0.13188, -0.220138, 0.425899, -0.300733, -0.416122]
[0.261488, 0.2297, 0.35843, -0.309203, -0.164464]
[-0.308552, -0.020981, 0.366624, -0.292012, -0.459027]
[0.05577, 0.191246, 0.411516, -0.287134, -0.014762]
[0.142222, 0.329572, 0.386492, -0.304251, -0.472285]
[-0.208224, -0.362251, 0.417914, -0.28883, -0.221767]
[0.233675, -0.337056, 0.392254, -0.301008, -0.355628]
[0.499927, 0.309988, 0.299039, -0.279959, -0.245025]
[-0.086109, -0.394891, 0.394987, -0.289207, -0.207507]
[-0.141632, 0.103918, 0.4748, -0.293332, -0.234471]
[0.60049, 0.229795, 0.478975, -0.300848, -0.238007]
[0.640484, -0.112693, 0.463722, -0.291068, -0.16]
[0.552985, -0.257998, 0.447037, -0.314378, -0.228383]
[0.318643, 0.204374, 0.304443, -0.282343, -0.24612]
[-0.120086, 0.135254, 0.475222, -0.306693, -0.455205]
[-0.276551, 0.25443, 0.448806, -0.279361, -0.063058]
[-0.290173, 0.497655, 0.340046, -0.311216, -0.045697]
[0.387645, 0.164822, 0.389251, -0.301216, -0.40778]
[-0.088835, -0.196136, 0.316865, -0.297649, -0.019605]
[-0.078616, -0.28693, 0.367673, -0.284199, -0.032]
[0.561149, -0.057569, 0.34647, -0.293889, -0.003826]
[-0.29527, -0.345157, 0.398655, -0.311712, -0.43136]
[-0.171815, 0.261998, 0.313288, -0.300627, -0.195387]
[0.456138, 0.289721, 0.363432, -0.299998, -0.413813]
[-0.010282, 0.041105, 0.35768, -0.289462, -0.387727]
[0.657954, -0.316583, 0.481309, -0.279502, -0.468271]
[0.576029, -0.068899, 0.417529, -0.29996, -0.299699]
[0.344018, 0.388311, 0.412475, -0.305807, -0.055171]
[-0.005124, -0.04005, 0.296298, -0.280196, -0.336515]
[0.022935, -0.424111, 0.467046, -0.307333, -0.299241]
[0.472468, 0.146243, 0.379819, -0.286435, -0.410389]
[0.471685, -0.409651, 0.290035, -0.305949, -0.203291]
[0.408505, 0.014257, 0.482096, -0.300936, -0.41482]
[-0.272945, -0.408258, 0.485027, -0.316919, -0.01955]
[-0.177327, -0.426465, 0.373963, -0.304159, -0.429067]
[0.275638, 0.334319, 0.483285, -0.300243, -0.009259]
[-0.229955, 0.150607, 0.363353, -0.291437, -0.230986]
[0.425441, -0.488739, 0.448485, -0.30756, -0.432211]
[0.22491, 0.145537, 0.381426, -0.286897, -0.30148]
[-0.316607, 0.105919, 0.49831, -0.284303, -0.001827]
[0.54393, -0.09626, 0.477192, -0.306313, -0.467953]
[-0.183939, 0.320872, 0.40738, -0.292373, -0.318729]
[0.062534, -0.06396, 0.479299, -0.292428, -0.469199]
[0.384773, 0.475518, 0.448772, -0.291797, -0.382149]
[0.05528, -0.314858, 0.479359, -0.285867, -0.308807]
[0.622771, 0.454491, 0.316701, -0.287467, -0.421125]
[0.287191, -0.321666, 0.350337, -0.314887, -0.17308]
[0.030304, 0.186366, 0.334236, -0.308607, -0.269455]
[0.033593, -0.104918, 0.292696, -0.293464, -0.227487]
[-0.08655, -0.10329, 0.440458, -0.290615, -0.258457]
[0.226757, 0.41719, 0.443526, -0.280909, -0.353637]
[-0.257557, 0.125814, 0.321393, -0.313245, -0.154162]
[0.355483, -0.469856, 0.438822, -0.31285, 0.000556]
[0.515212, -0.179527, 0.31261, -0.296064, -0.432557]
[0.338302, 0.439165, 0.289916, -0.297035, -0.182003]
[0.554086, 0.109302, 0.420455, -0.285595, -0.449517]
[0.489408, -0.425749, 0.482522, -0.295351, -0.32107]
[0.563518, -0.259308, 0.42004, -0.290534, -0.217559]
[0.623538, -0.398751, 0.473911, -0.280324, -0.450222]
[0.23997, -0.490005, 0.421737, -0.296924, -0.441349]
[0.388845, 0.187275, 0.39948, -0.31688, -0.182278]
[0.501038, 0.272682, 0.327223, -0.314662, -0.490548]
[0.080679, -0.100661, 0.415355, -0.29549, -0.400169]
[0.121308, -0.001761, 0.344192, -0.310637, -0.293895]
[-0.150828, -0.309459, 0.311159, -0.314688, -0.445614]
[-0.291277, -0.267492, 0.415233, -0.296688, -0.01443]
[-0.192247, 0.250892, 0.296671, -0.314052, -0.478056]
[-0.304157, -0.401312, 0.350602, -0.307277, -0.456946]
[0.311287, 0.474344, 0.366593, -0.304046, -0.01988]
[0.049006, -0.400625, 0.399792, -0.283417, -0.333572]
[-0.285554, -0.364437, 0.328678, -0.298798, -0.219133]
[-0.046151, -0.200579, 0.366012, -0.285268, -0.348386]
[0.499654, -0.466983, 0.462208, -0.301837, -0.397541]
[0.464686, 0.387192, 0.476758, -0.306007, -0.357499]
[0.238035, -0.360389, 0.39244, -0.305272, -0.317685]
[0.201017, -0.443026, 0.287688, -0.281439, -0.08778]
[-0.279113, -0.457447, 0.374985, -0.293149, -0.311182]
[0.034536, 0.41232, 0.497975, -0.280738, -0.06457]
[0.568671, 0.143057, 0.330526, -0.311963, -0.060289]
[0.591068, -0.056002, 0.379556, -0.286601, -0.078821]
[-0.223745, -0.163923, 0.453306, -0.296531, -0.337619]
[-0.255152, -0.233882, 0.297638, -0.307971, -0.280541]
[0.630442, -0.429983, 0.447819, -0.307241, -0.102636]
[-0.250414, 0.276476, 0.49375, -0.282728, -0.336748]
[-0.292545, 0.118738, 0.451194, -0.307282, -0.339464]
[-0.268199, 0.232845, 0.370679, -0.310002, -0.45473]
[0.568226, -0.397525, 0.491325, -0.306729, -0.099513]
[-0.202776, 0.342493, 0.374454, -0.307499, -0.151585]
[0.26761, 0.082337, 0.312922, -0.312158, -0.447859]
[0.581598, 0.382284, 0.332349, -0.301982, -0.159024]
[-0.144277, 0.457521, 0.47232, -0.315077, -0.003033]
[0.446404, 0.314143, 0.372126, -0.292174, -0.064283]
[0.459258, 0.13968, 0.344903, -0.289284, -0.125367]
[0.602375, -0.090319, 0.320213, -0.28875, -0.419156]
[-0.114845, 0.449744, 0.456078, -0.28908, -0.129343]
[0.583744, -0.048261, 0.416122, -0.288938, -0.230761]
[-0.122094, 0.397046, 0.488183, -0.306936, -0.062027]
[0.049541, 0.278261, 0.469991, -0.310257, -0.274747]
[-0.188385, -0.220818, 0.443245, -0.285524, -0.243952]
[0.573384, 0.297191, 0.404873, -0.316101, -0.173482]
[0.375606, -0.188368, 0.44783, -0.295559, -0.203169]
[0.400376, -0.465668, 0.440797, -0.316909, -0.286778]
[-0.131543, 0.198131, 0.415985, -0.304616, -0.011583]
[0.44016, -0.192661, 0.469218, -0.284692, -0.072429]
[0.087484, 0.143495, 0.461858, -0.286828, -0.102649]
[0.015656, 0.337399, 0.438586, -0.302365, -0.122484]
[-0.035881, -0.385582, 0.48356, -0.287905, -0.161218]
[0.081651, 0.166466, 0.470979, -0.301261, -0.19695]
[-0.321387, -0.230929, 0.455985, -0.309162, -0.140041]
[0.064958, -0.240887, 0.407671, -0.289131, -0.028591]
[0.390016, 0.190739, 0.465777, -0.281085, -0.167145]
[0.380084, 0.09164, 0.485137, -0.314194, -0.24517]
[-0.127107, 0.003029, 0.408717, -0.306249, -0.03262]
[-0.322494, -0.371768, 0.475135, -0.293088, -0.016565]
[-0.112665, -0.024734, 0.490834, -0.290641, -0.183518]
[0.12311, -0.357469, 0.489302, -0.285812, -0.113182]
[-0.045128, 0.288313, 0.473316, -0.295195, -0.229037]
[-0.006626, 0.479439, 0.499797, -0.291646, -0.185027]
[0.513179, 0.494864, 0.490759, -0.306375, -0.237974]
[-0.2041, -0.32757, 0.489163, -0.299501, -0.152097]
[0.225212, 0.072428, 0.439145, -0.314361, -0.279638]
[-0.158673, -0.032223, 0.446008, -0.313761, -0.168811]
[-0.18685, 0.314728, 0.430642, -0.284596, -0.136893]
[0.568021, -0.039476, 0.429614, -0.315185, -0.011582]
[0.479717, -0.398847, 0.442524, -0.310958, -0.025907]
[0.672929, 0.296102, 0.4819, -0.301857, -0.29714]
[0.544306, 0.25455, 0.409467, -0.315747, -0.07168]
[0.160845, 0.408817, 0.450296, -0.314258, -0.224899]
[0.19002, 0.158464, 0.493623, -0.300934, -0.155932]
[0.133846, -0.175159, 0.49641, -0.315382, -0.17688]
[-0.199867, 0.034157, 0.489728, -0.313636, -0.046476]
[-0.319375, -0.098111, 0.461267, -0.301515, -0.155162]
[-0.281056, 0.128286, 0.414111, -0.279489, -0.13359]
[-0.067789, 0.119956, 0.410535, -0.294779, -0.215577]
[-0.170252, -0.397118, 0.493117, -0.309288, -0.227949]
[0.056247, 0.137112, 0.406408, -0.30408, -0.097938]
[-0.025734, 0.219908, 0.475864, -0.311379, -0.106753]
[0.365726, -0.239754, 0.46497, -0.289571, -0.216704]
[0.335885, 0.197039, 0.406347, -0.299893, -0.159051]
[0.445891, 0.480688, 0.4494, -0.295659, -0.045282]
[0.287519, -0.18723, 0.480136, -0.3026, -0.062677]
[-0.218185, 0.000828, 0.43911, -0.30245, -0.046856]
[0.277049, -0.073381, 0.445711, -0.30186, -0.041614]
[0.247379, 0.11311, 0.428556, -0.305581, -0.191647]
[0.331942, -0.19016, 0.462984, -0.279697, -0.223685]
[0.133838, 0.166261, 0.461384, -0.297994, -0.176926]
[0.303695, -0.467281, 0.473929, -0.312729, -0.135145]
[0.213795, -0.129155, 0.431428, -0.304378, -0.094574]
[0.412311, 0.152274, 0.416769, -0.315336, -0.272779]
[0.125806, -0.129875, 0.490452, -0.306266, -0.134201]
[0.466417, -0.152611, 0.459943, -0.284711, -0.292607]
[-0.159861, 0.118528, 0.441233, -0.281755, -0.004012]
[0.424723, 0.174669, 0.463158, -0.307549, -0.019423]
[0.490552, 0.009039, 0.487089, -0.312957, -0.163782]
[-0.161599, 0.34436, 0.42714, -0.291338, -0.210492]
[0.161641, -0.235811, 0.453506, -0.290254, -0.047177]
[0.623856, 0.088974, 0.426403, -0.295979, -0.139596]
[0.250828, 0.325424, 0.44523, -0.307404, -0.112364]
[0.519108, -0.385342, 0.485847, -0.308622, -0.144803]
[-0.212429, 0.067773, 0.471185, -0.292835, -0.165609]
[-0.224382, -0.299006, 0.423435, -0.282272, -0.146676]
[-0.315967, 0.408385, 0.414146, -0.293761, -0.028745]
[0.36018, 0.247804, 0.417604, -0.284108, -0.152767]
[0.09504, -0.178449, 0.410908, -0.31751, -0.14478]
[0.408523, 0.207746, 0.477932, -0.312499, -0.149092]
[-0.327018, -0.135757, 0.47691, -0.29453, -0.115521]
[0.029869, -0.464771, 0.49188, -0.279469, -0.105584]
[0.657201, -0.269954, 0.407903, -0.312721, -0.028682]
[0.146765, 0.040404, 0.45395, -0.285, -0.254129]
[0.345995, -0.013726, 0.46478, -0.302644, -0.278301]
[0.033902, 0.349895, 0.473737, -0.295778, -0.030149]
[-0.197632, -0.07706, 0.465955, -0.312409, -0.200048]
[0.033368, -0.229518, 0.437036, -0.317593, -0.305385]
[-0.15093, -0.128422, 0.496198, -0.30361, -0.028944]
[-0.005146, 0.159617, 0.423191, -0.293297, -0.217914]
[-0.214397, 0.432801, 0.439097, -0.311617, -0.146112]
[0.571696, 0.217575, 0.475117, -0.296647, -0.225435]
[0.459306, -0.17882, 0.428684, -0.288089, -0.201795]
[-0.084264, 0.131943, 0.447003, -0.314277, -0.276979]
[0.102693, 0.078088, 0.466929, -0.305453, -0.247676]
[0.605265, 0.125226, 0.433716, -0.281765, -0.204037]
[0.407796, -0.326703, 0.484155, -0.307785, -0.289209]
[-0.299455, 0.276588, 0.426397, -0.288919, -0.05152]
[0.220957, -0.370225, 0.490929, -0.282371, -0.169722]
[0.555422, -0.103128, 0.484867, -0.308658, -0.238331]
[0.268321, 0.058817, 0.409509, -0.28224, -0.240311]
[0.608321, 0.1283, 0.476371, -0.283924, -0.214481]
[-0.283818, -0.452872, 0.475718, -0.313821, -0.111982]
[0.415689, -0.234343, 0.416949, -0.301467, -0.070034]
[0.160658, 0.447581, 0.474107, -0.299738, -0.197911]
[0.006812, 0.067449, 0.472433, -0.282377, -0.194954]
[0.093832, -0.195429, 0.428046, -0.290142, -0.135775]
[0.295109, -0.261383, 0.480688, -0.281814, -0.091755]
[0.270527, -0.481776, 0.41654, -0.295156, -0.235312]
[0.007757, -0.120561, 0.417444, -0.301894, -0.184364]
[0.536734, -0.079653, 0.48175, -0.297775, -0.250384]
[0.14988, 0.048001, 0.47824, -0.291688, -0.160989]
[0.100568, 0.28885, 0.411097, -0.281984, -0.11115]
[-0.2324, -0.160445, 0.484997, -0.298322, -0.241374]
[0.326191, -0.116098, 0.452779, -0.279565, -0.085684]
[-0.238089, 0.269014, 0.46301, -0.302379, -0.017669]
[-0.054582, -0.116009, 0.484616, -0.311329, -0.067274]
[0.175444, -0.005321, 0.481306, -0.279916, -0.288066]
[0.670418, -0.0908, 0.458269, -0.288508, -0.282536]
[0.202422, 0.292241, 0.410172, -0.279856, -0.128317]
[0.358345, 0.139633, 0.480399, -0.298011, -0.300598]
[0.186411, 0.009496, 0.462715, -0.283552, -0.100419]
[-0.047218, -0.326468, 0.493933, -0.30331, -0.09325]
[-0.117355, 0.372956, 0.498321, -0.314982, -0.284254]
[-0.106809, -0.0949, 0.481791, -0.303847, -0.276678]
[0.062949, -0.157938, 0.425087, -0.294683, -0.286952]
[0.189011, 0.226878, 0.420138, -0.30904, -0.220561]
[-0.262376, -0.041556, 0.411303, -0.298316, -0.000394]
[0.661749, 0.3727, 0.426531, -0.280957, -0.282698]
[0.375604, -0.224033, 0.424164, -0.284969, -0.03951]
[0.35585, 0.483608, 0.459777, -0.305072, -0.141984]
[0.507887, 0.182176, 0.495815, -0.308641, -0.063964]
[0.5917, 0.013414, 0.408636, -0.286174, -0.262327]
[0.550525, 0.192039, 0.485036, -0.317024, -0.274733]
[0.569063, 0.100506, 0.482328, -0.284127, -0.148879]
[-0.085365, -0.312135, 0.44656, -0.306063, -0.110388]
[0.21214, 0.288761, 0.478523, -0.307843, -0.172659]
[-0.031711, -0.363851, 0.459361, -0.302516, -0.308475]
[0.150699, -0.012975, 0.41732, -0.292063, -0.083325]
[0.529774, -0.106492, 0.468764, -0.310741, -0.147943]
[0.053019, 0.064536, 0.468493, -0.293939, -0.303083]
[-0.234306, 0.195869, 0.475083, -0.284414, -0.022005]
[-0.160879, 0.462146, 0.451461, -0.286711, -0.095778]
[-0.007698, 0.4648, 0.432862, -0.304455, -0.085801]
[0.142129, -0.240609, 0.421279, -0.292427, -0.073469]
[0.522007, 0.336901, 0.41369, -0.282893, -0.224125]
[0.03699, 0.318244, 0.410826, -0.309726, -0.264658]
[0.237482, -0.468842, 0.430664, -0.30994, -0.06858]
[-0.295391, 0.482237, 0.475966, -0.302429, -0.230144]
[-0.238758, -0.26753, 0.462865, -0.29574, -0.181088]
[0.080346, 0.374166, 0.457686, -0.302003, -0.283393]
[0.615341, -0.374237, 0.451952, -0.297786, -0.188665]
[-0.134515, -0.403235, 0.413973, -0.296159, -0.058515]
[0.544637, -0.289231, 0.478232, -0.31049, -0.109977]
[0.1127, 0.136917, 0.422297, -0.296079, -0.249508]
[0.548794, -0.369378, 0.446853, -0.31198, -0.259597]
[0.477956, -0.034435, 0.424682, -0.290809, -0.286597]
[0.337055, -0.4744, 0.423886, -0.280244, -0.023676]
[0.044761, -0.475103, 0.472881, -0.303777, -0.203246]
[0.077768, 0.318299, 0.470305, -0.279764, -0.05577]
[0.388871, 0.120104, 0.408643, -0.311784, -0.082946]
[-0.168347, -0.022467, 0.467015, -0.281373, -0.235037]
[0.6728, 0.389889, 0.48646, -0.28616, -0.009428]
[0.556361, -0.443401, 0.48554, -0.299759, -0.299855]
[0.488454, 0.385505, 0.456102, -0.301623, -0.041186]
[0.607204, -0.123974, 0.443083, -0.30653, -0.105409]
[0.607474, 0.258035, 0.477206, -0.288207, -0.213818]
[0.042582, 0.403514, 0.421117, -0.315651, -0.077711]
[0.513316, 0.441552, 0.443582, -0.281877, -0.270017]
[0.52714, -0.233831, 0.490661, -0.316675, -0.163866]
[-0.03045, -0.102117, 0.413717, -0.279718, -0.179992]
[0.34195, -0.123992, 0.423495, -0.302085, -0.113692]
[-0.000295, -0.059835, 0.442979, -0.303931, -0.244187]
[-0.138884, 0.053879, 0.480774, -0.311442, -0.261787]
[0.078416, -0.390513, 0.487857, -0.298915, -0.079451]
[0.459911, 0.085853, 0.499458, -0.288592, -0.097366]
[-0.309238, 0.486907, 0.428377, -0.281732, -0.011228]
[-0.057847, 0.151275, 0.466619, -0.312046, -0.120674]
[0.630222, -0.25005, 0.499016, -0.295262, -0.220761]
[-0.109813, 0.358296, 0.464922, -0.30415, -0.004334]
[-0.310422, 0.236212, 0.430282, -0.302353, -0.086541]
[-0.050583, -0.302714, 0.43348, -0.299801, -0.186472]
[0.558382, -0.161545, 0.494735, -0.297547, -0.093557]
[0.048487, -0.269795, 0.405989, -0.299321, -0.17495]
[-0.040367, 0.076958, 0.426637, -0.300095, -0.176873]
[0.468483, 0.058836, 0.472931, -0.287909, -0.250181]
[-0.279771, 0.466199, 0.429445, -0.289704, -0.151602]
[0.160128, -0.151075, 0.41151, -0.282201, -0.068092]
[0.39119, -0.382513, 0.446725, -0.28236, -0.220305]
[0.388804, 0.17425, 0.429474, -0.292767, -0.20567]
[-0.187717, -0.03832, 0.451745, -0.294254, -0.023746]
[0.474331, -0.276865, 0.463741, -0.312584, -0.213146]
[-0.311126, 0.232444, 0.490491, -0.31351, -0.119943]
[0.553865, 0.328766, 0.413632, -0.299163, -0.024485]
[-0.136193, -0.21534, 0.492568, -0.310103, -0.250586]
[-0.289631, -0.190446, 0.426021, -0.307399, -0.045454]
[-0.259913, -0.297045, 0.46027, -0.308897, -0.069197]
[-0.259847, -0.494795, 0.418456, -0.295952, -0.223561]
[-0.234182, -0.05523, 0.491188, -0.312916, -0.18864]
[-0.26752, -0.110019, 0.406916, -0.301104, -0.008226]
[0.664056, -0.408478, 0.47868, -0.2881, -0.205904]
[0.216452, 0.286681, 0.45573, -0.290953, -0.146757]
[-0.059541, 0.453912, 0.442771, -0.310472, -0.241692]
[0.607314, 0.132081, 0.409738, -0.282973, -0.15256]
[-0.166158, -0.316209, 0.442201, -0.315466, -0.040695]
[0.148516, 0.386082, 0.433139, -0.284421, -0.235386]
[0.204137, -0.373837, 0.409021, -0.305788, -0.174428]
[0.479076, -0.243944, 0.432568, -0.291699, -0.108649]
[0.419815, -0.165148, 0.496167, -0.283135, -0.192856]
[0.674247, 0.113971, 0.407493, -0.312674, -0.28521]
[0.641028, -0.21739, 0.499756, -0.315923, -0.277887]
[0.552656, -0.41142, 0.455075, -0.286133, -0.126414]
[0.66166, 0.048833, 0.440282, -0.304082, -0.089259]
[-0.254009, 0.483747, 0.470597, -0.311571, -0.020487]
[-0.322979, -0.249023, 0.417262, -0.299246, -0.168216]
[-0.161739, -0.236601, 0.43856, -0.287419, -0.108453]
[0.104814, -0.005031, 0.423934, -0.285719, -0.220297]
[0.586251, 0.357542, 0.465314, -0.313964, -0.2582]
[0.108071, 0.083911, 0.47697, -0.286598, -0.137499]
[0.123411, -0.244398, 0.496856, -0.31159, -0.201666]
[0.395193, 0.47937, 0.406629, -0.315753, -0.168785]
[-0.291277, 0.498457, 0.485438, -0.294717, -0.27111]
[0.405164, -0.468027, 0.491279, -0.293024, -0.085769]
[0.228814, -0.497976, 0.48143, -0.280431, -0.259638]
[-0.162151, 0.178794, 0.434378, -0.31058, -0.309396]
[-0.280294, 0.380402, 0.443073, -0.301719, -0.108056]
[-0.020097, -0.472054, 0.421015, -0.29002, -0.295317]
[-0.199721, -0.146913, 0.406994, -0.306831, -0.283422]
[0.386926, -0.080321, 0.491161, -0.314835, -0.25304]
[0.180612, -0.465883, 0.421735, -0.308284, -0.199723]
[0.370077, 0.046584, 0.48385, -0.301538, -0.279542]
[0.447552, 0.127509, 0.472363, -0.28197, -0.189403]
[0.365464, -0.071339, 0.448115, -0.30528, 0.00634]
[0.538328, -0.483105, 0.46786, -0.295812, -0.188969]
[-0.323613, 0.155804, 0.437542, -0.293618, -0.005481]
[0.601524, 0.063928, 0.407076, -0.302782, -0.124659]
[-0.139371, 0.359567, 0.472246, -0.280292, -0.082421]
[0.286401, -0.272338, 0.48286, -0.300439, -0.127003]
[-0.240909, 0.126015, 0.455361, -0.293955, -0.300742]
[0.298933, 0.118084, 0.451347, -0.309485, -0.055851]
[0.575053, -0.399413, 0.406824, -0.312454, -0.255287]
[0.175632, -0.125843, 0.43519, -0.28131, -0.227383]
[-0.228309, 0.4009, 0.491432, -0.304301, -0.098439]
[0.548957, 0.308584, 0.469718, -0.298287, -0.118298]
[0.040052, -0.338381, 0.490345, -0.296334, -0.028709]
[0.232145, 0.286827, 0.483012, -0.300599, -0.065425]
[0.117927, -0.150186, 0.443831, -0.29736, -0.170327]
[0.054733, 0.354788, 0.418862, -0.310009, -0.299586]
[0.557995, -0.45233, 0.458015, -0.315969, -0.181035]
[0.217515, 0.204014, 0.476705, -0.279593, -0.089667]
[0.309181, -0.296749, 0.422813, -0.292907, -0.187983]
[0.58085, -0.427434, 0.425277, -0.316439, -0.217355]
[0.516886, -0.460657, 0.481497, -0.282065, -0.182899]
[0.155311, 0.041911, 0.452787, -0.294331, -0.03584]
[-0.096688, 0.149912, 0.482788, -0.282137, -0.263983]
[0.145861, 0.424467, 0.417437, -0.299402, -0.175117]
[0.059091, 0.31562, 0.454999, -0.311637, -0.273145]
[-0.211478, -0.356014, 0.497428, -0.302149, -0.26756]
[-0.09206, -0.168228, 0.482536, -0.31776, -0.170784]
[-0.305754, -0.16506, 0.478716, -0.279284, -0.191821]
[0.344157, -0.215581, 0.432808, -0.286863, -0.226446]
[0.367466, -0.358858, 0.437571, -0.302927, -0.030024]
[0.504601, -0.029949, 0.48361, -0.296082, -0.225329]
[-0.134305, 0.4364, 0.408563, -0.314867, -0.148214]
[-0.205665, -0.034048, 0.422514, -0.295839, -0.092626]
[-0.223947, 0.267914, 0.443539, -0.312873, -0.114514]
[0.556198, 0.277976, 0.486216, -0.301989, -0.064952]
[-0.214352, -0.056085, 0.43867, -0.298112, -0.260861]
[0.370473, 0.016366, 0.430594, -0.299986, -0.194783]
[0.076924, 0.195455, 0.419055, -0.302599, -0.054544]
[0.010047, -0.176606, 0.444638, -0.314442, -0.195487]
[0.645663, 0.155828, 0.493532, -0.285479, -0.178633]
[-0.04663, -0.209944, 0.458396, -0.286497, -0.172155]
[0.518531, -0.349747, 0.438756, -0.310085, -0.173132]
[0.199392, 0.42022, 0.462166, -0.300086, -0.015269]
[0.098049, 0.339997, 0.480397, -0.317509, -0.248979]
[-0.250862, -0.287845, 0.438419, -0.295179, -0.198277]
[-0.052461, -0.341201, 0.485181, -0.302419, -0.1926]
[0.028454, 0.276218, 0.410376, -0.30194, -0.17498]
[-0.037261, 0.489913, 0.449213, -0.302365, -0.214616]
[-0.132545, 0.497634, 0.487873, -0.312062, -0.180766]
[-0.113413, -0.264452, 0.46653, -0.29626, -0.123957]
[0.336165, -0.473179, 0.488402, -0.302481, -0.277075]
[0.122735, 0.111171, 0.436372, -0.291456, -0.142081]
[-0.219241, 0.423144, 0.436981, -0.300609, -0.127232]
[0.255609, 0.193605, 0.475162, -0.282555, -0.156786]
[0.3907, 0.134367, 0.463352, -0.29149, -0.185557]
[-0.020252, -0.201487, 0.461237, -0.305999, -0.129811]
[0.278072, -0.153612, 0.487303, -0.286006, -0.015388]
[0.376994, 0.185046, 0.49531, -0.306277, -0.162013]
[0.491581, -0.310901, 0.487626, -0.298144, -0.01185]
[0.080251, -0.383504, 0.416758, -0.2998, -0.118737]
[0.004567, 0.078215, 0.434455, -0.301201, -0.061996]
[0.12396, 0.100415, 0.406326, -0.289313, -0.188889]
[-0.225921, 0.410407, 0.447539, -0.304028, -0.032451]
[0.084421, 0.140485, 0.437133, -0.30313, -0.219074]
[0.570624, -0.330006, 0.454585, -0.307109, -0.153979]
[-0.265786, 0.436161, 0.443842, -0.304366, -0.189952]
[0.543558, 0.264799, 0.453515, -0.302042, -0.125584]
[-0.284623, -0.155804, 0.413307, -0.287305, -0.131174]
[0.285029, 0.177055, 0.464516, -0.302181, -0.212444]
[-0.223164, -0.033945, 0.437748, -0.311067, -0.235483]
[0.138405, -0.194776, 0.451381, -0.285573, -0.12796]
[0.004538, -0.161726, 0.495137, -0.283078, -0.125463]
[0.113349, -0.346942, 0.485437, -0.291878, -0.017433]
[-0.010893, -0.404481, 0.488158, -0.317821, -0.268306]
[0.039152, 0.332262, 0.482701, -0.310252, -0.1068]
[0.670019, 0.372755, 0.407769, -0.317546, -0.262652]
[0.648022, -0.423338, 0.431965, -0.287726, -0.183066]
[0.119345, -0.378683, 0.450055, -0.317248, -0.151565]
[-0.066923, -0.42536, 0.497789, -0.299736, -0.038106]
[0.568777, 0.161276, 0.480046, -0.30193, -0.029802]
[-0.046557, -0.3584, 0.472887, -0.314005, -0.057547]
[0.191139, -0.265936, 0.478889, -0.307836, -0.22248]
[0.091562, -0.05417, 0.454288, -0.305342, -0.185972]
[0.339623, -0.133135, 0.439107, -0.281521, -0.168574]
[-0.236829, -0.292717, 0.494146, -0.289498, -0.042569]
[0.487458, 0.127038, 0.457951, -0.3161, -0.004605]
[-0.292356, 0.020031, 0.454323, -0.306517, -0.049296]
[0.63243, -0.139866, 0.43738, -0.283411, -0.087798]
[0.303404, -0.396423, 0.424518, -0.287895, -0.301698]
[0.462139, -0.411427, 0.457225, -0.30064, -0.106134]
[-0.193881, -0.364534, 0.42085, -0.313457, -0.149782]
[-0.051738, -0.12149, 0.42782, -0.281114, -0.035893]
[-0.03225, 0.228891, 0.479346, -0.304362, -0.118567]
[0.376741, 0.099693, 0.495879, -0.297492, -0.21052]
[0.107022, -0.253118, 0.490033, -0.289759, -0.172635]
[0.335792, 0.059997, 0.457643, -0.30597, -0.059452]
[-0.073904, -0.267239, 0.405461, -0.299388, -0.283639]
[0.274135, -0.403186, 0.422724, -0.280524, -0.202983]
[0.51924, 0.309674, 0.498747, -0.283266, -0.087662]
[-0.044427, 0.246854, 0.482014, -0.315141, -0.082065]
[0.174614, 0.188216, 0.418215, -0.317415, -0.166917]
[0.369834, 0.200533, 0.448259, -0.311291, -0.053002]
[-0.18596, 0.065121, 0.428044, -0.29969, -0.00192]
[0.410917, -0.055251, 0.406081, -0.302876, -0.058754]
[0.365487, -0.431399, 0.494265, -0.312347, -0.048599]
[0.278009, 0.222044, 0.467462, -0.289462, -0.00428]
[-0.255266, 0.016449, 0.437315, -0.290853, -0.01875]
[0.198144, 0.386211, 0.461694, -0.282505, -0.272774]
[-0.047365, 0.172975, 0.428957, -0.292704, -0.024355]
[0.141862, 0.202515, 0.467296, -0.281047, -0.274972]
[0.174116, 0.275961, 0.414808, -0.287186, -0.219431]
[0.579186, -0.494623, 0.486286, -0.310265, -0.012089]
[0.42768, -0.407921, 0.49262, -0.292625, -0.10454]
[0.413267, -0.21748, 0.410489, -0.300188, -0.058275]
[0.538656, -0.169926, 0.495809, -0.310844, -0.024638]
[0.41314, 0.028533, 0.410411, -0.287811, -0.063875]
[0.066654, -0.032504, 0.415575, -0.308976, -0.078634]
[-0.014574, 0.074205, 0.446579, -0.295057, -0.213546]
[0.299176, -0.37394, 0.477556, -0.281885, -0.151953]
[-0.121473, 0.20742, 0.484079, -0.2914, -0.213167]
[-0.016281, 0.478099, 0.498975, -0.303216, -0.170769]
[0.542684, -0.204016, 0.494895, -0.305207, -0.016057]
[-0.229928, -0.18848, 0.49831, -0.283967, -0.241193]
[0.072933, 0.291785, 0.451141, -0.289905, -0.001633]
[-0.26796, -0.309189, 0.480636, -0.296635, -0.108493]
[0.6556, -0.336481, 0.468931, -0.285732, 0.005424]
[0.537376, -0.454659, 0.446233, -0.294126, -0.093143]
[-0.195438, 0.221248, 0.421148, -0.3126, -0.051318]
[0.287653, 0.215204, 0.409427, -0.284594, -0.129082]
[-0.098424, -0.345073, 0.467741, -0.311335, -0.30247]
[0.400971, -0.211637, 0.417551, -0.298922, -0.109724]
[0.166777, -0.332218, 0.471494, -0.285628, -0.263714]
[0.551573, -0.147379, 0.404482, -0.28648, -0.194918]
[0.389119, 0.156913, 0.475123, -0.298201, -0.195567]
[0.293182, 0.258674, 0.476469, -0.298029, -0.057254]
[-0.182782, -0.007267, 0.442771, -0.309763, -0.052542]
[-0.208824, 0.327536, 0.46746, -0.289046, -0.079239]
[-0.032112, -0.155775, 0.485117, -0.309428, -0.304157]
[0.440676, -0.130721, 0.428792, -0.311214, -0.251998]
[0.447634, 0.235041, 0.481253, -0.280604, -0.208197]
[0.64542, -0.087984, 0.429008, -0.294637, -0.253147]
[-0.075756, -0.142255, 0.441671, -0.317494, -0.041314]
[0.243122, 0.456014, 0.465203, -0.315309, -0.26809]
[-0.32181, 0.374531, 0.484, -0.314109, -0.276459]
[0.67618, 0.025615, 0.476077, -0.281312, -0.237133]
[0.049466, -0.346472, 0.40616, -0.290809, -0.161554]
[0.240218, 0.066982, 0.420509, -0.307781, -0.114597]
[-0.144361, -0.45363, 0.412646, -0.305804, -0.218351]
[0.35031, 0.16111, 0.449712, -0.310293, -0.294742]
[0.177816, -0.224426, 0.445348, -0.308245, -0.243163]
[-0.21576, -0.161877, 0.496476, -0.293402, -0.25092]
[-0.321351, -0.388734, 0.412538, -0.286186, -0.078781]
[0.019641, -0.296509, 0.408105, -0.314635, -0.098781]
[-0.279041, -0.018545, 0.42122, -0.30381, -0.121696]
[-0.09479, 0.436172, 0.477098, -0.3008, -0.086088]
[0.004409, -0.427394, 0.477409, -0.284279, -0.195556]
[0.669428, 0.321936, 0.473304, -0.279412, -0.039946]
[0.490121, -0.30633, 0.430582, -0.290864, -0.203473]
[0.425231, -0.029736, 0.4549, -0.30262, -0.069422]
[0.117224, -0.38295, 0.468012, -0.31542, -0.108656]
[-0.214527, -0.34589, 0.471801, -0.286072, -0.189103]
[0.204182, -0.477763, 0.497571, -0.285958, -0.120275]
[0.276766, 0.088693, 0.486335, -0.302101, -0.247213]
[0.42005, -0.436394, 0.456971, -0.288761, -0.183703]
[-0.017083, -0.085992, 0.461802, -0.285545, -0.273462]
[-0.327638, 0.404277, 0.43481, -0.311618, -0.133122]
[0.448189, 0.291038, 0.46159, -0.28273, -0.265308]
[0.25608, -0.066105, 0.449644, -0.287604, -0.23522]
[0.357874, 0.184968, 0.434838, -0.306803, -0.048638]
[0.504538, -0.169672, 0.480796, -0.309798, -0.007341]
[-0.223247, 0.234673, 0.48993, -0.309614, -0.074447]
[-0.133572, -0.382678, 0.456809, -0.315006, -0.276876]
[0.205476, 0.037278, 0.40587, -0.30772, -0.295648]
[0.277873, -0.166222, 0.411848, -0.283226, -0.125053]
[-0.151954, -0.213193, 0.425023, -0.300899, -0.214269]
[-0.063945, -0.456913, 0.430886, -0.31554, -0.165942]
[0.481713, -0.325341, 0.40501, -0.302801, -0.057744]
[0.367245, 0.175151, 0.494573, -0.28701, -0.137922]
[-0.295614, 0.125554, 0.486789, -0.279346, -0.173459]
[0.459678, -0.057568, 0.437224, -0.279719, -0.247078]
[0.409849, 0.02171, 0.417232, -0.28243, -0.180694]
[0.221471, 0.461198, 0.418531, -0.303028, -0.124479]
[0.659794, -0.075413, 0.474148, -0.309955, -0.003473]
[0.644953, -0.119586, 0.429194, -0.312488, -0.191301]
[0.29153, -0.018662, 0.462353, -0.300462, -0.200998]
[-0.270125, -0.418314, 0.498115, -0.30506, -0.213773]
[0.19587, -0.139382, 0.414558, -0.279789, -0.134903]
[0.211346, 0.280392, 0.438887, -0.283711, -0.19659]
[-0.031755, -0.251155, 0.472353, -0.307186, -0.129875]
[0.202329, 0.049396, 0.479231, -0.311085, -0.032702]
[-0.25656, -0.315014, 0.498089, -0.316937, -0.271877]
[-0.252768, 0.225078, 0.424297, -0.292167, -0.07046]
[0.067428, -0.059091, 0.475695, -0.297031, -0.077193]
[0.560354, -0.147854, 0.422624, -0.293011, -0.052624]
[-0.198939, 0.095604, 0.477065, -0.308552, -0.255686]
[-0.105357, -0.022371, 0.443516, -0.301504, -0.142113]
[0.00391, 0.459987, 0.473225, -0.279895, -0.276315]
[-0.312267, 0.096435, 0.487064, -0.296364, -0.289376]
[-0.163482, 0.294852, 0.441506, -0.282526, -0.258661]
[-0.070215, 0.308208, 0.407544, -0.285493, -0.127657]
[0.004675, -0.460223, 0.458084, -0.28503, -0.079434]
[0.31938, -0.217169, 0.441887, -0.313893, -0.100537]
[0.302546, 0.151448, 0.447306, -0.297217, -0.009634]
[0.193534, 0.226791, 0.405297, -0.30184, -0.152989]
[0.498681, -0.470836, 0.440591, -0.309955, -0.203574]
[-0.295542, 0.034186, 0.40617, -0.294283, -0.15113]
[0.477569, 0.068672, 0.46965, -0.31702, -0.306255]
[0.404313, 0.27154, 0.45193, -0.291244, -0.029409]
[0.348723, 0.095249, 0.407797, -0.291944, -0.178701]
[0.017916, -0.016632, 0.47053, -0.292498, -0.017499]
[0.424079, -0.223038, 0.466435, -0.279875, -0.043254]
[0.068783, 0.057407, 0.472311, -0.292513, -0.08751]
[-0.26732, 0.089315, 0.463823, -0.299144, -0.07694]
[0.471529, 0.125662, 0.412067, -0.28488, -0.040751]
[0.008859, 0.377537, 0.438997, -0.316958, -0.182631]
[0.324031, -0.118018, 0.485424, -0.304419, -0.011115]
[0.444984, 0.241242, 0.420537, -0.306911, -0.141726]
[-0.231999, -0.009354, 0.436265, -0.281344, -0.186874]
[0.37605, 0.258257, 0.405615, -0.301043, -0.201625]
[0.644391, 0.324272, 0.410096, -0.305243, -0.153017]
[0.093221, -0.176775, 0.466631, -0.29351, -0.076826]
[-0.1697, 0.052692, 0.466163, -0.297823, -0.218539]
[0.101049, -0.499208, 0.435292, -0.295603, 0.003167]
[0.221844, -0.325456, 0.48388, -0.31295, -0.300639]
[0.231223, 0.40961, 0.438458, -0.301756, -0.265995]
[-0.034644, 0.365109, 0.486153, -0.304442, -0.155229]
[0.230143, -0.03041, 0.440271, -0.30194, -0.02925]
[0.523076, -0.166419, 0.436394, -0.300846, -0.124898]
[0.538819, 0.339345, 0.430822, -0.311409, -0.049371]
[0.29989, -0.379466, 0.406002, -0.292984, -0.290808]
[-0.322989, 0.412837, 0.444651, -0.301808, -0.183823]
[-0.038588, -0.036427, 0.422564, -0.314468, -0.115282]
[0.354795, 0.015363, 0.473012, -0.299787, -0.129529]
[0.530463, 0.016541, 0.479055, -0.301631, -0.184247]
[-0.124119, 0.264678, 0.406502, -0.307549, -0.247243]
[0.338902, -0.264256, 0.418601, -0.307325, -0.243324]
[0.248237, -0.29486, 0.419782, -0.309753, -0.213718]
[0.018461, -0.058567, 0.410839, -0.302393, -0.197027]
[0.161371, 0.315842, 0.468014, -0.293953, -0.240808]
[0.174835, 0.292873, 0.435859, -0.302392, -0.211396]
[0.396338, -0.21377, 0.454267, -0.313517, -0.122619]
[-0.019998, 0.168999, 0.488433, -0.303295, -0.213565]
[0.335319, 0.193519, 0.421899, -0.306298, -0.257537]
[0.456773, -0.320222, 0.485276, -0.313294, -0.097899]
[0.278047, -0.274204, 0.478718, -0.291572, -0.073165]
[0.56476, -0.214264, 0.44291, -0.31181, -0.05965]
[-0.094423, 0.101271, 0.455996, -0.315899, -0.172328]
[-0.230357, -0.375772, 0.459182, -0.313681, -0.082091]
[-0.01375, 0.07385, 0.446382, -0.300103, -0.04319]
[0.09875, 0.46034, 0.423954, -0.316819, -0.092069]
[0.615592, -0.003823, 0.460108, -0.304398, -0.00774]
[0.050802, -0.004436, 0.475833, -0.292465, -0.235381]
[-0.269163, 0.017766, 0.427563, -0.305663, -0.055565]
[0.2942, -0.267947, 0.41042, -0.315376, -0.176678]
[0.100339, -0.34571, 0.432405, -0.295057, -0.249927]
[0.023484, 0.203059, 0.490288, -0.308579, -0.045803]
[0.386505, -0.113049, 0.425171, -0.309101, -0.073042]
[0.299507, 0.177752, 0.498908, -0.29175, -0.237412]
[-0.171714, -0.175492, 0.461731, -0.299272, -0.003512]
[0.406916, 0.047318, 0.405773, -0.301876, -0.077912]
[0.215262, 0.429337, 0.498702, -0.308964, -0.039016]
[0.430829, 0.332612, 0.474115, -0.312179, -0.071373]
[0.66698, 0.49869, 0.437002, -0.297583, -0.080405]
[0.576462, -0.083403, 0.438056, -0.307099, 0.006181]
[-0.044105, 0.139327, 0.453294, -0.316591, -0.014398]
[0.679286, 0.492501, 0.427625, -0.305748, -0.118641]
[0.17718, 0.061762, 0.489498, -0.311278, -0.196913]
[0.266088, 0.247562, 0.49033, -0.308529, -0.017287]
[0.18775, -0.491775, 0.489907, -0.314632, -0.158851]
[-0.163553, -0.064813, 0.428499, -0.295593, -0.147103]
[0.596192, -0.115431, 0.469086, -0.302707, -0.141309]
[0.360672, 0.042975, 0.412863, -0.289744, -0.093991]
[-0.235917, 0.021555, 0.474347, -0.308141, -0.223334]
[0.230388, -0.137121, 0.411179, -0.289375, -0.114949]
[-0.310201, 0.318604, 0.488163, -0.317111, -0.080367]
[0.452297, -0.277098, 0.479421, -0.317642, -0.040642]
[0.332708, 0.192453, 0.42352, -0.316904, -0.230723]
[0.323709, 0.006279, 0.487469, -0.30867, -0.038225]
[0.107324, 0.106192, 0.407962, -0.297117, -0.116837]
[0.629897, 0.033859, 0.488695, -0.312632, -0.128802]
[-0.253173, -0.104366, 0.446438, -0.315665, -0.06483]
[0.612336, -0.113787, 0.499776, -0.317384, -0.140634]
[0.13624, 0.350436, 0.434023, -0.307454, -0.139227]
[-0.287334, -0.218581, 0.481963, -0.315836, -0.093823]
[-0.165471, 0.376181, 0.467793, -0.302334, -0.200505]
[-0.076846, -0.343322, 0.498111, -0.292136, -0.103576]
[-0.313286, 0.349794, 0.432696, -0.301472, -0.2736]
[-0.0693, 0.300514, 0.450792, -0.315413, -0.003367]
[-0.325354, -0.23041, 0.42452, -0.296005, -0.014607]
[0.643582, -0.477488, 0.409701, -0.303521, -0.222598]
[-0.047661, -0.127345, 0.481939, -0.294514, -0.293954]
[0.154856, -0.039963, 0.475547, -0.308775, -0.172682]
[0.629012, -0.34667, 0.463007, -0.302864, -0.176943]
[0.319973, -0.240147, 0.450439, -0.30817, -0.235499]
[0.372423, -0.391784, 0.40557, -0.312347, -0.048087]
[0.029054, 0.30832, 0.447307, -0.305644, -0.198154]
[0.270761, -0.005814, 0.432912, -0.29645, -0.279089]
[0.656377, 0.476365, 0.465987, -0.298077, -0.210847]
[0.061952, 0.037263, 0.466331, -0.302024, -0.077809]
[0.516386, 0.373637, 0.43479, -0.299433, -0.305977]
[0.350806, -0.445063, 0.453097, -0.31769, -0.174212]
[0.568979, 0.308654, 0.432347, -0.304965, -0.088151]
[0.514553, 0.137629, 0.467305, -0.296966, -0.092148]
[-0.242185, 0.338218, 0.409006, -0.298504, -0.274721]
[0.12373, 0.190814, 0.435557, -0.2963, -0.034292]
[0.285546, 0.278459, 0.476983, -0.292344, -0.107514]
[0.018257, 0.429781, 0.425892, -0.298906, -0.280855]
[0.31349, -0.390142, 0.423481, -0.300927, -0.068183]
[0.286637, 0.077412, 0.421435, -0.293616, -0.093798]
[0.17519, 0.105559, 0.439141, -0.315127, -0.282861]
[0.048252, 0.272757, 0.406938, -0.308245, -0.197812]
[0.175684, 0.457538, 0.445301, -0.299372, -0.040955]
[-0.008292, -0.103744, 0.499038, -0.315282, -0.004129]
[-0.054173, -0.068301, 0.423041, -0.306507, -0.19736]
[0.410038, 0.054721, 0.421764, -0.307044, -0.308055]
[0.057146, -0.391227, 0.497659, -0.297614, -0.281374]
[0.41816, -0.163805, 0.418791, -0.298427, -0.189778]
[0.660819, 0.206012, 0.444912, -0.309502, -0.256923]
[0.612746, 0.110065, 0.479164, -0.293661, -0.268687]
[0.172631, 0.140825, 0.453911, -0.310875, -0.007378]
[0.554082, -0.351091, 0.404669, -0.303729, -0.176939]
[-0.089469, 0.454573, 0.438996, -0.30322, -0.227367]
[0.223685, 0.372744, 0.420961, -0.294502, -0.097254]
[0.654987, 0.249818, 0.407904, -0.31337, -0.069011]
[-0.302451, -0.323914, 0.478425, -0.298975, -0.103115]
[0.608098, -0.258828, 0.414827, -0.304776, -0.286047]
[-0.080375, 0.042203, 0.471851, -0.290726, -0.233636]
[0.16209, -0.112785, 0.489035, -0.290242, -0.136318]
[0.530036, -0.066546, 0.450388, -0.310718, -0.07031]
[-0.060199, -0.110906, 0.478334, -0.309986, -0.264405]
[0.461515, -0.365457, 0.419924, -0.302511, -0.202503]
[0.081645, -0.07158, 0.424809, -0.296483, -0.048566]
[-0.063393, -0.406263, 0.465358, -0.30151, -0.15429]
[0.483656, 0.409546, 0.495983, -0.292322, -0.242866]
[-0.122355, -0.264316, 0.404624, -0.299014, -0.248989]
[0.671737, -0.324349, 0.41905, -0.294647, -0.051122]
[0.343478, 0.255307, 0.497415, -0.300696, -0.209181]
[-0.317595, -0.318367, 0.416813, -0.310565, -0.098015]
[0.541661, -0.097921, 0.439256, -0.300111, -0.110781]
[0.125468, 0.445941, 0.474173, -0.303549, -0.108728]
[0.392805, -0.487607, 0.488713, -0.299971, -0.007711]
[0.386442, 0.155667, 0.416118, -0.295056, -0.005765]
[0.320112, -0.0873, 0.439926, -0.294378, -0.119414]
[-0.201733, 0.393456, 0.473957, -0.301308, -0.288354]
[0.288376, -0.019591, 0.447924, -0.291684, -0.271325]
[-0.212123, 0.24392, 0.45894, -0.313213, -0.108764]
[-0.051686, 0.401777, 0.45353, -0.31235, -0.172098]
[-0.055977, 0.333788, 0.472475, -0.313128, -0.196554]
[0.068756, 0.139603, 0.416714, -0.292023, -0.081827]
[0.071196, 0.136653, 0.421082, -0.301232, -0.005519]
[-0.066997, 0.175031, 0.441755, -0.299951, -0.030521]
[0.228546, -0.428488, 0.448505, -0.304713, -0.296285]
[0.218635, 0.376959, 0.429238, -0.307142, -0.175887]
[-0.077256, -0.336706, 0.406114, -0.304855, -0.193606]
[0.491506, -0.496995, 0.453458, -0.307032, -0.198671]
[-0.105158, 0.180956, 0.415177, -0.31226, -0.249345]
[-0.040107, 0.407024, 0.455718, -0.307166, -0.12154]
[0.109234, -0.061349, 0.4358, -0.315188, -0.13918]
[0.372275, -0.470097, 0.470756, -0.291505, -0.27918]
[0.152016, 0.135791, 0.471183, -0.292391, -0.232519]
[-0.205029, 0.322987, 0.413024, -0.315622, -0.192461]
[-0.136764, 0.176864, 0.445979, -0.300402, -0.055611]
[0.640147, 0.199634, 0.453002, -0.289732, -0.165793]
[0.305214, 0.154905, 0.442536, -0.299508, -0.108534]
[0.04847, 0.145282, 0.494927, -0.305269, 0.001981]
[0.219434, 0.218194, 0.485572, -0.310783, -0.27625]
[0.660567, 0.313724, 0.47595, -0.29288, -0.121283]
[0.054237, -0.159029, 0.44599, -0.297378, -0.162805]
[0.24633, -0.242123, 0.483657, -0.307659, -0.234412]
[0.421457, 0.077852, 0.447056, -0.308587, -0.245658]
[0.138828, 0.455549, 0.424002, -0.3028, -0.123527]
[-0.216254, -0.434014, 0.461858, -0.30603, -0.065569]
[0.417454, 0.282537, 0.422526, -0.304932, -0.267016]
[-0.241505, -0.213058, 0.446827, -0.293838, -0.258097]
[0.420413, -0.31557, 0.431031, -0.31767, -0.086857]
[0.415477, 0.449067, 0.480126, -0.303904, -0.287479]
[-0.287171, -0.251928, 0.457601, -0.313036, -0.106785]
[-0.253794, 0.065083, 0.430325, -0.29856, -0.186019]
[0.622254, 0.255998, 0.423653, -0.296954, -0.279228]
[0.481791, -0.080167, 0.417529, -0.300507, -0.100112]
[0.503978, 0.245239, 0.46122, -0.29723, -0.047166]
[0.477934, 0.420335, 0.49093, -0.29956, -0.010674]
[-0.300331, 0.370339, 0.469629, -0.292927, -0.286332]
[-0.086942, 0.229372, 0.462443, -0.298811, -0.039838]
[0.496187, -0.218681, 0.482076, -0.300225, -0.134138]
[0.611996, 0.323822, 0.427109, -0.31721, -0.232487]
[0.250036, -0.415474, 0.478301, -0.311101, -0.109453]
[-0.142059, 0.177554, 0.477197, -0.291479, -0.115824]
[-0.215903, -0.123356, 0.491052, -0.296149, -0.080781]
[-0.138733, 0.341781, 0.498414, -0.311244, -0.195753]
[-0.196431, -0.009273, 0.449187, -0.298043, -0.166846]
[0.474918, -0.339412, 0.409115, -0.304628, -0.243535]
[-0.032979, 0.024462, 0.473091, -0.294744, -0.244684]
[0.257245, -0.21849, 0.46398, -0.289452, -0.088323]
[-0.143787, -0.296689, 0.41978, -0.317782, -0.199942]
[-0.208941, 0.304641, 0.483564, -0.295677, -0.116155]
[-0.09902, -0.062451, 0.465964, -0.293086, -0.004386]
[0.503736, 0.364923, 0.446558, -0.314648, -0.167162]
[-0.259832, 0.239047, 0.454406, -0.298004, -0.131966]
[0.614747, -0.445535, 0.427113, -0.290954, -0.049247]
[-0.004114, 0.258569, 0.443608, -0.299809, -0.276814]
[0.046485, -0.037214, 0.43022, -0.314587, -0.236754]
[-0.016047, -0.356905, 0.462622, -0.289699, -0.301548]
[0.035532, 0.255466, 0.499517, -0.290485, -0.237523]
[-0.249742, -0.101752, 0.432366, -0.31558, -0.162423]
[0.370479, -0.436588, 0.443382, -0.305489, -0.117628]
[0.218685, 0.440863, 0.408642, -0.295554, -0.051066]
[0.534325, -0.41169, 0.451923, -0.303398, -0.122143]
[0.067498, -0.207921, 0.486474, -0.306242, -0.179686]
[0.299901, 0.070015, 0.466288, -0.313391, -0.244491]
[0.353428, -0.128338, 0.49801, -0.295668, -0.098537]
[-0.020005, 0.268737, 0.481907, -0.301222, -0.095855]
[0.006311, 0.002716, 0.469746, -0.314942, -0.147225]
[-0.23868, -0.03182, 0.491933, -0.293815, -0.235567]
[0.607324, -0.372092, 0.460769, -0.317085, -0.104118]
[0.162037, 0.261791, 0.412925, -0.310018, -0.279477]
[0.107193, 0.013617, 0.452828, -0.300357, -0.045597]
[0.628138, 0.335626, 0.478659, -0.297766, -0.200235]
[-0.246231, 0.071936, 0.432606, -0.301708, -0.232596]
[0.32818, 0.294918, 0.452091, -0.315038, 0.006529]
[0.272226, -0.014849, 0.469265, -0.292133, -0.188402]
[-0.304587, 0.297506, 0.483432, -0.310531, -0.054978]
[0.009025, 0.470494, 0.434316, -0.309582, -0.214675]
[-0.280224, 0.34424, 0.431043, -0.296468, -0.023953]
[0.328294, -0.335928, 0.42124, -0.317107, -0.275652]
[0.504237, 0.427213, 0.459043, -0.289967, -0.166302]
[0.186, -0.00732, 0.443681, -0.296456, -0.119474]
[0.384637, 0.056593, 0.417805, -0.314849, -0.239423]
[0.62108, -0.21295, 0.439166, -0.295824, -0.28168]
[-0.221407, 0.061704, 0.437078, -0.316998, -0.153711]
[0.324123, 0.43731, 0.468738, -0.302127, -0.199522]
[0.185009, 0.485883, 0.490637, -0.314768, -0.259665]
[0.47957, -0.302341, 0.413448, -0.310396, -0.05227]
[0.657401, 0.248611, 0.469055, -0.295758, -0.090995]
[-0.041293, 0.192385, 0.41467, -0.317012, -0.193713]
[0.508331, -0.175637, 0.423411, -0.309243, -0.258748]
[-0.067671, -0.0158, 0.426533, -0.305267, -0.145449]
[-0.075218, -0.02897, 0.420552, -0.290886, -0.139004]
[0.10236, 0.453685, 0.432426, -0.292194, -0.172695]
[0.320416, -0.296121, 0.478082, -0.294247, -0.207056]
[-0.323719, 0.177779, 0.417962, -0.296779, -0.156596]
[0.486974, -0.496357, 0.474793, -0.300752, -0.249052]
[0.58645, 0.054581, 0.439732, -0.290566, -0.009776]
[0.184798, 0.093237, 0.450359, -0.311179, -0.110907]
[0.280822, 0.243083, 0.417694, -0.309896, -0.064425]
[-0.178127, 0.401121, 0.437685, -0.293062, -0.263797]
[0.147296, 0.261125, 0.44122, -0.297491, -0.033349]
[0.056249, 0.362143, 0.486219, -0.306265, -0.070611]
[0.592381, -0.017057, 0.445002, -0.304793, -0.227387]
[-0.203793, -0.2129, 0.482454, -0.312071, -0.022255]
[0.539966, -0.364828, 0.473772, -0.30077, -0.221082]
[-0.231174, 0.351794, 0.469761, -0.299012, -0.162467]
[-0.021043, 0.42184, 0.407276, -0.290319, -0.091983]
[0.593569, -0.066434, 0.468509, -0.297727, -0.27951]
[-0.322631, -0.474469, 0.434867, -0.29348, -0.256486]
[-0.194062, -0.12475, 0.464321, -0.309228, -0.282706]
[0.649172, -0.212611, 0.412989, -0.312801, -0.140366]
[0.254503, 0.180782, 0.489271, -0.300192, -0.031793]
[0.418091, -0.142499, 0.420751, -0.298758, -0.229589]
[0.537703, 0.013446, 0.472959, -0.307467, -0.245391]
[0.361038, -0.399498, 0.431538, -0.299152, 0.000421]
[0.029208, 0.190016, 0.457527, -0.312715, -0.297283]
[-0.004352, 0.176161, 0.499934, -0.305168, -0.12694]
[-0.115842, 0.04274, 0.473735, -0.317623, -0.035044]
[0.227361, 0.027096, 0.47821, -0.294935, -0.214853]
[-0.321184, 0.019846, 0.444318, -0.297501, -0.179328]
[0.088219, 0.312557, 0.472161, -0.301879, -0.078669]
[-0.125375, 0.120054, 0.424964, -0.306712, -0.221972]
[-0.010722, -0.223009, 0.416744, -0.313188, -0.056757]
[0.517375, 0.430699, 0.478229, -0.305922, -0.128795]
[-0.101863, -0.169129, 0.419551, -0.301394, -0.115682]
[0.540467, 0.460772, 0.409719, -0.289937, -0.156889]
[-0.008532, -0.264908, 0.466425, -0.311566, -0.254902]
[-0.051075, -0.210721, 0.482118, -0.3096, -0.115897]
[0.389624, -0.255749, 0.499292, -0.291416, -0.123762]
[0.584084, -0.123287, 0.436379, -0.301781, -0.0465]
[0.171406, -0.46717, 0.438372, -0.302131, -0.309148]
[-0.164309, 0.28082, 0.483111, -0.302433, -0.20958]
[-0.147382, 0.482205, 0.420808, -0.30079, -0.062218]
[0.464337, 0.078694, 0.46236, -0.303701, -0.124397]
[0.599662, -0.104252, 0.425817, -0.300202, -0.147365]
[-0.089716, -0.375667, 0.477107, -0.296948, -0.1513]
[0.223471, -0.244207, 0.485236, -0.315018, -0.288563]
[-0.072128, 0.424993, 0.451103, -0.295808, -0.273502]
[0.165694, -0.243676, 0.499895, -0.294632, -0.193967]
[0.553066, -0.284722, 0.432707, -0.308761, -0.09972]
[0.549766, 0.364739, 0.497116, -0.315919, -0.178562]
[0.125946, 0.200924, 0.44441, -0.317596, -0.083011]
[0.532163, 0.475951, 0.441203, -0.316137, -0.174904]
[-0.062444, -0.370216, 0.466537, -0.307761, -0.268312]
[-0.16429, 0.052833, 0.422291, -0.293202, -0.28068]
[0.250814, 0.427584, 0.423682, -0.305652, -0.108451]
[0.27302, 0.267326, 0.480775, -0.31365, -0.218244]
[0.221105, -0.182808, 0.492665, -0.29317, -0.149476]
[0.559638, -0.312859, 0.491446, -0.310204, -0.081695]
[-0.094816, 0.206825, 0.478343, -0.312426, -0.015708]
[0.157316, -0.494197, 0.476904, -0.306455, -0.068353]
[0.226532, -0.019641, 0.481129, -0.31396, -0.178657]
[0.651599, -0.148875, 0.471407, -0.306295, -0.16527]
[0.178548, 0.075852, 0.483188, -0.308432, -0.28663]
[0.148073, 0.44098, 0.484072, -0.299581, -0.240624]
[0.271199, -0.26204, 0.414084, -0.298507, -0.162844]
[0.168743, 0.484123, 0.408902, -0.309157, -0.054139]
[0.012358, 0.112443, 0.441476, -0.312299, -0.018447]
[-0.191611, 0.401369, 0.453347, -0.308375, -0.199954]
[0.428517, -0.3353, 0.456819, -0.296746, -0.004225]
[-0.007692, -0.393973, 0.49863, -0.294099, -0.076165]
[0.4675, 0.449386, 0.467158, -0.299261, -0.11798]
[0.115214, -0.345124, 0.413224, -0.295237, -0.10344]
[0.559603, -0.22374, 0.480608, -0.292723, -0.21866]
[-0.254839, 0.093165, 0.440169, -0.302035, -0.211727]
[-0.081552, -0.340927, 0.479864, -0.301584, -0.203131]
[0.27151, 0.074298, 0.488746, -0.293521, -0.079326]
[0.407108, -0.155294, 0.4689, -0.295034, -0.057564]
[-0.016862, -0.032221, 0.486332, -0.306481, -0.023427]
[0.351299, -0.016321, 0.477117, -0.311105, -0.273951]
[0.175138, -0.053975, 0.471492, -0.290434, -0.212921]
[-0.255544, 0.083774, 0.483395, -0.290036, -0.164903]
[0.423895, -0.382756, 0.420286, -0.294892, -0.156543]
[-0.043908, -0.153872, 0.412588, -0.3062, -0.07797]
[0.600298, 0.228488, 0.498642, -0.297222, -0.047923]
[-0.105249, 0.010315, 0.451566, -0.291916, -0.251607]
[-0.099525, -0.073906, 0.416836, -0.29648, -0.165576]
[0.421853, 0.230865, 0.488058, -0.295217, -0.018463]
[0.312321, 0.000665, 0.474512, -0.303391, -0.103542]
[0.304339, -0.282531, 0.436013, -0.309973, -0.005701]
[0.323438, -0.462753, 0.497299, -0.306538, -0.032531]
[-0.291371, -0.48131, 0.465025, -0.299628, -0.153647]
[0.083584, -0.231644, 0.423885, -0.297685, -0.19507]
[0.14435, -0.063633, 0.480496, -0.297311, -0.211396]
[0.317075, -0.092477, 0.443745, -0.309612, -0.29187]
[0.34259, 0.496168, 0.49164, -0.30749, -0.190027]
[0.458903, -0.374001, 0.426926, -0.298017, -0.24001]
[0.21911, 0.180313, 0.42676, -0.307357, -0.299589]
[-0.236325, 0.046541, 0.490829, -0.305619, -0.167728]
[-0.306997, 0.324227, 0.469224, -0.292517, -0.243968]
[0.339894, 0.388791, 0.4575, -0.308706, -0.087323]
[0.675604, 0.116947, 0.434624, -0.315054, -0.259508]
[0.085134, -0.180989, 0.422357, -0.316955, -0.088495]
[0.625853, -0.309084, 0.425206, -0.315039, -0.029355]
[0.042503, -0.318608, 0.450702, -0.302073, -0.245393]
[0.05015, 0.169651, 0.414665, -0.315355, -0.305605]
[-0.197742, 0.362979, 0.406442, -0.315828, -0.108594]
[0.547375, 0.002441, 0.410062, -0.294931, -0.047797]
[0.109564, 0.211344, 0.419031, -0.291038, -0.140278]
[0.463015, 0.306067, 0.43859, -0.311534, -0.088231]
[0.122495, -0.393907, 0.490895, -0.316499, -0.030998]
[-0.12638, 0.104698, 0.471575, -0.300896, -0.261986]
[-0.035056, 0.484935, 0.459492, -0.291634, -0.226465]
[0.129947, -0.420819, 0.475299, -0.292797, -0.205492]
[-0.033947, -0.16512, 0.43865, -0.313615, -0.182077]
[-0.059339, 0.356652, 0.412352, -0.31641, -0.084303]
[0.171307, 0.388906, 0.495319, -0.302912, -0.141375]
[-0.150029, -0.389112, 0.470861, -0.302872, -0.117736]
[0.668475, 0.269541, 0.461686, -0.294298, -0.203516]
[0.029964, -0.360225, 0.419381, -0.306278, -0.057503]
[0.193625, 0.16942, 0.431705, -0.295124, -0.206884]
[0.546017, 0.181114, 0.407084, -0.310079, -0.239685]
[-0.281938, 0.260147, 0.489623, -0.299412, -0.283752]
[0.366631, -0.432019, 0.447853, -0.294046, -0.150467]
[0.27437, 0.314173, 0.460002, -0.315553, -0.072644]
[0.082951, -0.029113, 0.414012, -0.316532, -0.039187]
[0.298181, -0.463323, 0.452611, -0.306469, -0.086976]
[-0.099329, 0.361475, 0.434866, -0.297014, -0.231505]
[-0.040056, -0.466638, 0.454748, -0.308395, -0.28365]
[-0.208531, -0.092083, 0.406741, -0.307413, -0.171353]
[0.549549, -0.026093, 0.464433, -0.296698, -0.127156]
[0.492106, 0.008883, 0.458085, -0.299398, -0.093185]
[0.67398, -0.200814, 0.452364, -0.297385, -0.036468]
[-0.080487, 0.43617, 0.467385, -0.300458, -0.28188]
[0.427701, -0.441168, 0.438366, -0.304478, -0.264165]
[0.30563, -0.086081, 0.457536, -0.317294, -0.178681]
[-0.003874, 0.210921, 0.480307, -0.291335, -0.023194]
[0.644532, 0.445672, 0.46434, -0.302165, -0.100736]
[-0.136424, -0.225887, 0.458908, -0.289284, -0.195779]
[0.679432, 0.473043, 0.451412, -0.317112, -0.160859]
[-0.107449, 0.364962, 0.446573, -0.308636, -0.279126]
[0.148493, -0.37667, 0.456718, -0.311936, -0.294633]
[-0.214435, -0.083753, 0.475207, -0.300208, -0.281291]
[-0.041564, -0.108417, 0.416286, -0.315854, -0.277811]
[-0.137061, 0.179992, 0.419733, -0.309609, -0.279062]
[-0.01822, 0.323182, 0.429059, -0.297592, 0.006108]
[-0.063592, -0.21465, 0.408738, -0.307061, -0.054155]
[0.040068, 0.491835, 0.408009, -0.30414, -0.217007]
[0.158592, 0.011584, 0.452823, -0.315327, -0.128378]
[0.241403, -0.008273, 0.464023, -0.315078, -0.202968]
[0.020955, 0.002744, 0.487874, -0.306779, -0.268635]
[0.330251, 0.492323, 0.416168, -0.313192, -0.118046]
[-0.239806, 0.109706, 0.485889, -0.310303, -0.181215]
[0.326097, -0.125377, 0.421485, -0.293052, -0.076276]
[0.118957, -0.437343, 0.439541, -0.294787, -0.190743]
[0.358024, 0.245656, 0.475336, -0.30786, -0.162548]
[-0.194853, -0.21479, 0.474629, -0.307103, -0.068507]
[-0.125864, -0.162086, 0.426301, -0.312062, -0.00798]
[0.65254, -0.171131, 0.44781, -0.308694, -0.121949]
[0.584326, 0.28338, 0.422066, -0.314023, -0.261901]
[0.330761, -0.160789, 0.485466, -0.29995, -0.20001]
[0.183355, -0.087316, 0.432417, -0.2937, -0.233128]
[0.169032, 0.293801, 0.467932, -0.31324, -0.057183]
[-0.226853, -0.073311, 0.413726, -0.302812, -0.16356]
[0.017891, -0.251765, 0.432122, -0.294541, -0.27578]
[-0.29099, 0.038584, 0.422621, -0.310038, -0.148004]
[0.534987, 0.456005, 0.445174, -0.29025, -0.045177]
[0.167831, -0.262467, 0.480719, -0.2994, -0.056905]
[0.307683, -0.441742, 0.408806, -0.307724, -0.252793]
[0.6087, -0.449651, 0.43864, -0.305936, -0.133766]
[0.352768, 0.423626, 0.439955, -0.310667, -0.13819]
[0.543324, -0.103436, 0.481585, -0.311439, -0.018366]
[0.229097, 0.489261, 0.449302, -0.2919, -0.189168]
[0.169336, 0.296383, 0.432461, -0.292054, -0.019752]
[-0.008333, -0.39971, 0.492954, -0.298498, -0.032135]
[-0.299926, -0.460615, 0.48655, -0.296177, -0.112909]
[-0.027321, -0.176581, 0.492557, -0.293102, -0.211426]
[-0.242322, -0.034953, 0.470692, -0.313178, -0.124692]
[0.477112, -0.230691, 0.435767, -0.291945, -0.254134]
[0.581458, -0.029866, 0.494723, -0.295546, -0.248923]
[0.514523, 0.071795, 0.418601, -0.292476, -0.174694]
[-0.145933, 0.366567, 0.438291, -0.29047, -0.253308]
[-0.114184, -0.091128, 0.430063, -0.292932, -0.308604]
[-0.180487, -0.103883, 0.423427, -0.31539, -0.080131]
[-0.315496, -0.287215, 0.447344, -0.295827, -0.004862]
[0.292714, 0.418896, 0.45425, -0.289947, -0.04069]
[0.340261, -0.006566, 0.461439, -0.308599, -0.067922]
[0.630724, -0.479201, 0.467825, -0.293132, -0.094309]
[0.060334, -0.137412, 0.481254, -0.300214, -0.166574]
[-0.168117, -0.224269, 0.49237, -0.289789, -0.254468]
[0.25875, -0.117412, 0.427591, -0.315636, -0.080617]
[-0.186054, -0.049827, 0.497527, -0.307543, -0.020557]
[-0.136319, -0.216236, 0.484516, -0.305381, -0.142448]
[0.478403, 0.480374, 0.471962, -0.302148, -0.152115]
[0.504657, -0.255179, 0.41677, -0.297977, -0.072872]
[-0.26143, 0.337136, 0.488974, -0.294787, -0.054357]
[0.457473, -0.348032, 0.466736, -0.301703, -0.200333]
[0.140476, -0.45682, 0.495483, -0.313213, -0.149547]
[0.652987, -0.213401, 0.493313, -0.310077, -0.182576]
[0.182891, -0.391232, 0.429422, -0.31288, -0.133122]
[0.27835, 0.325522, 0.475255, -0.294717, -0.292997]
[0.5475, -0.287579, 0.410506, -0.298297, -0.040581]
[0.264444, -0.424077, 0.491872, -0.292964, -0.103241]
[0.591462, -0.181191, 0.41538, -0.294116, -0.249958]
[-0.0042, -0.479264, 0.469233, -0.295927, -0.251949]
[0.57856, -0.231537, 0.488362, -0.307428, -0.015008]
[0.374452, -0.422708, 0.420315, -0.305987, -0.269487]
[-0.056848, -0.478604, 0.499615, -0.313139, -0.232683]
[-0.210988, 0.374432, 0.422726, -0.294773, -0.042911]
[-0.117061, 0.143144, 0.458775, -0.292267, -0.078438]
[0.440257, -0.040112, 0.488999, -0.292087, -0.105735]
[0.617083, -0.105012, 0.49315, -0.301845, -0.104985]
[0.020968, -0.477543, 0.468865, -0.314707, -0.249934]
[0.19299, -0.134578, 0.414959, -0.295083, -0.135389]
[0.581275, 0.249176, 0.464889, -0.315816, -0.112632]
[0.430778, 0.168928, 0.426582, -0.297493, -0.169032]
[0.593696, 0.281914, 0.481942, -0.29451, -0.195018]
[0.309192, 0.182486, 0.462783, -0.317503, -0.195156]
[0.053249, 0.463179, 0.488412, -0.313925, -0.190179]
[0.416252, -0.01602, 0.439744, -0.309117, -0.20626]
[-0.026283, 0.039324, 0.424398, -0.309852, -0.234557]
[-0.262857, -0.139679, 0.467844, -0.29693, -0.214598]
[0.479517, 0.037369, 0.488179, -0.309588, -0.17846]
[-0.295373, 0.214699, 0.465413, -0.317483, -0.247031]
[-0.277073, -0.265468, 0.484724, -0.295603, -0.087157]
[0.45137, 0.201892, 0.422456, -0.289911, -0.065838]
[-0.285812, -0.131926, 0.467058, -0.314104, -0.245995]
[0.406067, -0.470884, 0.495353, -0.314249, -0.0988]
[0.081821, 0.241733, 0.467644, -0.310228, -0.03663]
[-0.017019, -0.230023, 0.41868, -0.301451, -0.241451]
[0.519124, -0.146065, 0.495118, -0.301314, -0.148952]
[0.202066, 0.05419, 0.415545, -0.305549, -0.17695]
[-0.087966, -0.245274, 0.494126, -0.299441, -0.158642]
[0.429286, -0.068417, 0.459131, -0.31092, -0.22169]
[0.141911, -0.374512, 0.437254, -0.310032, -0.055681]
[0.420622, -0.144251, 0.42514, -0.304347, -0.283729]
[0.165453, -0.335467, 0.43934, -0.313408, -0.178161]
[0.649397, -0.218516, 0.438536, -0.31699, -0.235725]
[0.151647, 0.099179, 0.482214, -0.304674, -0.045815]
[0.217589, 0.221222, 0.443933, -0.312962, -0.218305]
[-0.01807, -0.221959, 0.492774, -0.309358, 0.005908]
[-0.183124, 0.140135, 0.462472, -0.292067, -0.144197]
[0.082915, 0.183951, 0.453657, -0.310623, -0.214551]
[0.482384, 0.415557, 0.459775, -0.295863, -0.283914]
[0.230892, -0.255989, 0.461754, -0.30587, -0.206619]
[0.13537, 0.200895, 0.464359, -0.308432, -0.161224]
[0.580052, 0.205787, 0.461346, -0.29151, -0.081297]
[0.372535, 0.37862, 0.482982, -0.301379, -0.183874]
[0.636404, 0.060158, 0.457931, -0.303716, -0.223225]
[0.62808, 0.120099, 0.483003, -0.298629, -0.227687]
[0.632935, 0.317808, 0.485067, -0.289336, -0.308452]
[0.029032, 0.19046, 0.461264, -0.297433, -0.2976]
[0.623846, -0.487112, 0.449974, -0.317557, -0.00608]
[-0.229995, -0.418909, 0.47987, -0.300905, -0.173765]
[0.060303, -0.156106, 0.475486, -0.314938, -0.082304]
[0.666367, -0.426919, 0.497795, -0.305382, -0.025144]
[0.326817, 0.06439, 0.47119, -0.292351, -0.284152]
[0.41122, -0.33708, 0.483481, -0.299868, -0.233852]
[-0.23742, -0.083571, 0.450372, -0.304881, -0.066716]
[-0.010857, -0.09849, 0.49178, -0.310571, -0.304632]
[0.489263, -0.253623, 0.479053, -0.306781, -0.158228]
[-0.268089, -0.431559, 0.478341, -0.301231, -0.277598]
[0.22847, 0.318007, 0.460757, -0.304349, -0.286484]
[0.042092, -0.20341, 0.466023, -0.30414, -0.163918]
[0.099978, -0.320228, 0.451757, -0.296045, -0.203796]
[0.074469, 0.358773, 0.477203, -0.309444, -0.162798]
[0.026756, 0.232106, 0.484608, -0.308411, -0.289052]
[-0.233902, -0.101002, 0.484545, -0.296859, -0.066311]
[0.253278, 0.079122, 0.492164, -0.3066, -0.106174]
[0.077948, -0.267215, 0.473467, -0.29231, -0.224785]
[0.207468, -0.105636, 0.452812, -0.298739, -0.031758]
[-0.103633, 0.409682, 0.499438, -0.293313, -0.175697]
[-0.157448, 0.190134, 0.449458, -0.313596, -0.252859]
[-0.217827, -0.371502, 0.458407, -0.293683, -0.209001]
[0.302464, 0.325498, 0.494913, -0.29269, -0.021773]
[-0.069045, 0.177906, 0.449941, -0.312987, -0.139768]
[-0.106479, 0.346087, 0.48019, -0.300435, -0.00232]
[0.650965, -0.259526, 0.450372, -0.297065, -0.158479]
[0.258653, 0.128737, 0.483457, -0.295223, -0.272272]
[0.668792, -0.393739, 0.474224, -0.307589, -0.277905]
[0.599646, -0.363779, 0.469576, -0.291282, -0.295672]
[-0.065698, -0.447224, 0.452833, -0.306782, -0.260686]
[0.222122, -0.341962, 0.473365, -0.299125, -0.172889]
[0.257834, 0.182032, 0.483802, -0.299176, -0.06796]
[0.498075, -0.22019, 0.451029, -0.300374, -0.309309]
[0.33883, 0.245536, 0.470866, -0.293689, -0.158715]
[0.376342, -0.132284, 0.46604, -0.294531, -0.073576]
[-0.18454, 0.085325, 0.483598, -0.310755, -0.002489]
[-0.044617, -0.440098, 0.464528, -0.292619, -0.078107]
[0.432076, -0.112438, 0.493623, -0.307079, -0.161879]
[0.625397, -0.322061, 0.455079, -0.293593, 0.00226]
[0.59221, 0.045814, 0.444286, -0.303035, -0.230073]
[0.414484, -0.22626, 0.450956, -0.311528, -0.062903]
[0.658332, -0.092694, 0.449483, -0.308915, -0.276441]
[0.181562, 0.111544, 0.490775, -0.296117, -0.110676]
[0.620993, -0.101999, 0.492942, -0.306289, -0.081303]
[0.64162, 0.086072, 0.458795, -0.302241, -0.00487]
[0.078855, -0.436461, 0.480767, -0.293384, -0.158262]
[0.089309, 0.445015, 0.443082, -0.299497, -0.266316]
[0.52694, 0.337208, 0.469631, -0.307181, -0.139285]
[0.323678, -0.391859, 0.46883, -0.30421, -0.105153]
[0.611578, 0.431868, 0.446324, -0.311009, -0.002035]
[-0.131538, 0.109086, 0.45052, -0.310934, -0.256315]
[0.230368, -0.38212, 0.474756, -0.304098, -0.181281]
[-0.215559, -0.112626, 0.463331, -0.312642, -0.143865]
[-0.025976, -0.017755, 0.455667, -0.316993, -0.30324]
[0.266337, 0.110154, 0.468384, -0.309244, -0.193601]
[0.14973, 0.210434, 0.49307, -0.301353, -0.159524]
[0.375795, 0.258578, 0.445813, -0.290299, -0.231994]
[0.318236, 0.015343, 0.454821, -0.312388, -0.015261]
[0.106133, -0.025554, 0.488211, -0.299051, -0.087841]
[0.640763, -0.324352, 0.455642, -0.305064, -0.00309]
[0.011649, -0.101723, 0.475203, -0.309035, -0.274404]
[0.035487, -0.110071, 0.484041, -0.313134, -0.244336]
[0.552372, -0.3207, 0.470776, -0.296167, -0.179378]
[0.362919, 0.451834, 0.498406, -0.316856, -0.114622]
[0.520729, 0.462837, 0.49953, -0.305779, -0.261047]
[0.064312, 0.460843, 0.48035, -0.29483, -0.039032]
[0.625705, -0.457113, 0.47892, -0.290344, -0.22415]
[0.498913, -0.445622, 0.49161, -0.297496, -0.101655]
[-0.065848, -0.2354, 0.454347, -0.309815, -0.087753]
[0.506839, -0.167574, 0.460052, -0.315066, -0.022436]
[0.443764, -0.009663, 0.496652, -0.298845, -0.032163]
[-0.238818, -0.436388, 0.470765, -0.292185, -0.024656]
[0.056283, 0.270784, 0.449175, -0.305525, -0.209946]
[0.538867, 0.090299, 0.494883, -0.310626, -0.166507]
[0.498068, 0.175153, 0.497148, -0.289738, -0.210836]
[-0.269836, 0.305933, 0.453921, -0.306679, -0.259418]
[-0.140896, 0.495935, 0.462191, -0.294789, -0.122666]
[0.340575, -0.333187, 0.484692, -0.310195, -0.288775]
[0.229628, 0.330317, 0.48527, -0.310007, -0.26769]
[0.025733, 0.410094, 0.443388, -0.301045, -0.160213]
[0.640084, -0.276025, 0.491262, -0.293602, -0.143087]
[0.041138, -0.352686, 0.460168, -0.304667, -0.217762]
[-0.245835, 0.103172, 0.484174, -0.291988, -0.168031]
[0.528414, -0.378414, 0.4701, -0.297374, -0.106376]
[-0.172215, 0.352368, 0.446683, -0.290472, -0.042051]
[0.563353, 0.428641, 0.446123, -0.292598, -0.199809]
[0.398613, -0.459721, 0.455196, -0.307102, -0.1763]
[0.021841, -0.334926, 0.484274, -0.291183, -0.204045]
[0.054976, -0.307674, 0.476978, -0.316849, -0.089332]
[-0.072008, 0.309687, 0.494962, -0.297515, -0.253884]
[0.511459, 0.174352, 0.490934, -0.2945, -0.222594]
[0.428782, 0.052631, 0.476512, -0.291129, -0.201602]
[0.031623, -0.089613, 0.457212, -0.317106, -0.275999]
[-0.1724, 0.438561, 0.471728, -0.30089, -0.017686]
[0.547672, 0.221873, 0.495091, -0.316039, -0.146239]
[0.384557, -0.417173, 0.497314, -0.299514, -0.295596]
[0.270049, -0.388801, 0.475052, -0.311447, -0.140305]
[0.128525, 0.331031, 0.490528, -0.295979, -0.309317]
[0.477088, 0.245817, 0.483918, -0.311446, -0.24729]
[0.256322, 0.444876, 0.479945, -0.302613, 0.003393]
[-0.326177, -0.131494, 0.479558, -0.314093, -0.258107]
[-0.277721, -0.275273, 0.47293, -0.28943, -0.107069]
[0.477147, 0.261663, 0.469032, -0.299517, -0.254676]
[-0.236316, -0.083501, 0.493444, -0.3091, -0.287929]
[0.451829, -0.342979, 0.458456, -0.316644, -0.028399]
[-0.242686, 0.413584, 0.484918, -0.313882, -0.24533]
[0.394292, -0.048027, 0.461256, -0.303661, -0.30891]
[0.298764, 0.273107, 0.455632, -0.298923, -0.143695]
[0.375369, 0.283522, 0.474856, -0.297209, -0.177334]
[-0.116867, 0.059119, 0.484347, -0.306217, -0.139611]
[0.379102, -0.201826, 0.478952, -0.31519, -0.245377]
[0.159578, -0.453784, 0.44731, -0.290363, -0.028211]
[0.243639, 0.090673, 0.499312, -0.295235, -0.2412]
[-0.024147, 0.41135, 0.445796, -0.302972, -0.077784]
[0.335656, -0.025066, 0.490756, -0.314353, -0.019493]
[-0.020596, 0.235006, 0.451591, -0.302076, -0.260865]
[0.096282, 0.151577, 0.486255, -0.300675, -0.018753]
[0.274497, -0.453094, 0.488699, -0.302998, -0.26412]
[0.602882, -0.156565, 0.467839, -0.298214, -0.015943]
[0.35596, 0.273657, 0.471081, -0.306335, -0.026162]
[0.516078, -0.438777, 0.462097, -0.303795, -0.191994]
[0.025854, 0.254233, 0.487719, -0.296674, -0.121169]
[0.378414, -0.187778, 0.481205, -0.289476, -0.19545]
[0.621696, -0.263196, 0.46307, -0.312252, -0.291638]
[0.029119, -0.284237, 0.444424, -0.315699, -0.262681]
[0.046992, -0.461429, 0.450935, -0.30562, -0.234587]
[-0.11687, 0.146024, 0.451778, -0.301631, -0.232356]
[0.539879, -0.120998, 0.449246, -0.302097, -0.124265]
[0.524977, -0.063747, 0.490627, -0.30353, -0.268649]
[0.515453, -0.183276, 0.456559, -0.308994, -0.095944]
[-0.286765, 0.398016, 0.444699, -0.294182, -0.130313]
[0.152046, -0.288759, 0.454573, -0.309971, -0.188548]
[0.61144, -0.497536, 0.474192, -0.304038, -0.142257]
[-0.234506, -0.025349, 0.443796, -0.302754, -0.30698]
[-0.055396, -0.181808, 0.458786, -0.314923, -0.182516]
[0.018893, -0.21964, 0.451415, -0.295994, -0.145069]
[0.168798, -0.472724, 0.490199, -0.30012, -0.172443]
[-0.240447, -0.273084, 0.495031, -0.294918, -0.12092]
[-0.075095, -0.206017, 0.463063, -0.314262, 0.002291]
[0.572956, 0.172773, 0.496971, -0.304895, -0.040665]
[0.206174, -0.251687, 0.444688, -0.300861, -0.181341]
[0.169469, -0.145498, 0.485813, -0.306518, -0.043905]
[0.356757, -0.291494, 0.445425, -0.298683, -0.255835]
[0.21742, 0.423493, 0.453548, -0.309146, -0.158719]
[0.520708, 0.350699, 0.455912, -0.292319, -0.271199]
[0.538123, 0.402217, 0.482286, -0.305349, -0.160442]
[0.070103, 0.324973, 0.462227, -0.293396, -0.155555]
[-0.098526, 0.459696, 0.49033, -0.313533, -0.231636]
[0.147308, 0.002148, 0.49082, -0.317011, -0.183658]
[0.390363, 0.177156, 0.472907, -0.314307, -0.099352]
[0.638982, 0.456478, 0.463525, -0.296911, -0.081358]
[0.509698, 0.118713, 0.46872, -0.298621, -0.178061]
[0.115435, 0.360966, 0.473507, -0.317795, 0.001083]
[0.31072, -0.258763, 0.444624, -0.314252, -0.160251]
[0.62112, 0.329925, 0.44383, -0.302011, -0.270807]
[0.178544, 0.470804, 0.48041, -0.314791, -0.027768]
[-0.092226, -0.337377, 0.450271, -0.303529, -0.13694]
[0.329535, -0.249787, 0.454938, -0.301607, -0.004865]
[0.021301, 0.087414, 0.457823, -0.316872, -0.120434]
[0.161161, -0.219791, 0.467645, -0.307007, -0.075122]
[0.174313, -0.343715, 0.449486, -0.303326, -0.072309]
[0.002455, 0.18781, 0.449948, -0.300546, -0.199086]
[-0.132528, -0.22168, 0.448444, -0.304931, -0.08835]
[0.254422, -0.19834, 0.490665, -0.30643, -0.09925]
[0.080441, 0.012707, 0.467365, -0.302897, -0.140356]
[-0.161714, 0.300254, 0.480139, -0.29628, -0.162909]
[0.215682, -0.329438, 0.463233, -0.313037, -0.011103]
[0.665116, -0.282122, 0.496019, -0.310604, 0.002522]
[-0.067927, 0.144864, 0.494927, -0.306892, -0.087509]
[-0.107074, 0.45939, 0.45095, -0.299733, -0.251852]
[-0.040133, 0.095203, 0.456102, -0.300874, -0.007015]
[0.542879, -0.044596, 0.499522, -0.313471, -0.30503]
[0.610608, -0.072059, 0.464422, -0.291112, -0.292666]
[-0.304303, 0.077163, 0.458152, -0.292465, -0.149212]
[-0.105908, -0.158599, 0.450995, -0.299898, -0.186871]
[-0.037559, -0.391035, 0.452404, -0.30724, -0.065611]
[0.374222, -0.075416, 0.446392, -0.301147, -0.065135]
[-0.091576, -0.323583, 0.468683, -0.316383, -0.306998]
[0.01001, -0.299403, 0.494258, -0.303784, -0.024566]
[0.616699, -0.383952, 0.459132, -0.298097, -0.015641]
[0.011395, 0.040377, 0.471032, -0.298277, -0.299939]
[-0.067632, -0.147716, 0.465236, -0.304946, -0.238141]
[-0.10595, 0.033788, 0.493974, -0.294867, -0.284705]
[-0.141981, -0.12669, 0.470887, -0.311945, -0.045518]
[-0.132169, -0.322516, 0.45527, -0.309228, -0.258541]
[-0.273066, 0.39343, 0.489672, -0.301832, -0.221786]
[0.513458, 0.412266, 0.474749, -0.316222, -0.169943]
[0.606333, 0.113157, 0.491377, -0.306779, -0.05207]
[-0.132399, 0.232698, 0.494191, -0.290036, -0.162171]
[-0.19513, -0.311969, 0.487998, -0.29562, -0.013409]
[0.54239, -0.021924, 0.452448, -0.309563, -0.194728]
[-0.160351, -0.252606, 0.475917, -0.315875, -0.26501]
[0.421251, -0.031743, 0.443375, -0.310199, 0.007258]
[0.584095, 0.474804, 0.474703, -0.30186, -0.30125]
[-0.219448, 0.015713, 0.452355, -0.308244, -0.05917]
[0.152432, 0.114956, 0.464457, -0.295413, -0.121943]
[0.436335, 0.451681, 0.48492, -0.303778, -0.005593]
[-0.149861, -0.412104, 0.464547, -0.315487, -0.27438]
[-0.250117, 0.329821, 0.49716, -0.305366, -0.268601]
[0.435132, -0.438716, 0.48148, -0.291427, -0.186881]
[0.27201, 0.385688, 0.45065, -0.291492, -0.220783]
[0.414359, 0.044266, 0.471653, -0.301887, -0.079587]
[0.184005, 0.004408, 0.465753, -0.301875, 0.003199]
[0.027608, -0.222567, 0.445812, -0.304621, -0.099911]
[-0.173188, 0.302037, 0.472209, -0.310128, -0.159569]
[0.221687, -0.10861, 0.486408, -0.312423, -0.244092]
[0.635529, 0.045587, 0.489433, -0.316834, -0.114634]
[0.018207, 0.287872, 0.457264, -0.317846, -0.21256]
[0.473183, 0.298189, 0.465416, -0.296248, -0.062191]
[0.211725, -0.261402, 0.486573, -0.289448, -0.02714]
[0.080962, -0.042062, 0.497368, -0.297782, -0.291075]
[-0.031447, -0.13413, 0.461084, -0.289797, -0.255424]
[0.370829, -0.223203, 0.473992, -0.296783, -0.28124]
[0.0642, -0.23744, 0.461573, -0.306305, -0.107161]
[-0.12741, -0.027791, 0.467364, -0.30546, -0.234536]
[0.246724, 0.43171, 0.495479, -0.290171, -0.153268]
[0.16316, -0.394856, 0.453923, -0.292764, -0.195999]
[0.328333, -0.156421, 0.483414, -0.314551, -0.223054]
[0.499105, -0.227905, 0.455095, -0.30884, -0.248823]
[0.575424, 0.485019, 0.44463, -0.300538, -0.015239]
[-0.121667, 0.129327, 0.491177, -0.303205, -0.136256]
[-0.001421, 0.231839, 0.498771, -0.312062, -0.034627]
[-0.104227, -0.041088, 0.459181, -0.295627, -0.225701]
[0.343738, -0.326603, 0.478956, -0.308151, -0.06554]
[0.372376, 0.214058, 0.454749, -0.314844, -0.017449]
[0.064892, -0.404071, 0.452539, -0.309001, -0.202732]
[-0.023656, -0.157218, 0.482012, -0.315974, -0.170978]
[-0.141227, -0.009352, 0.476092, -0.315917, -0.136748]
[0.137436, 0.053113, 0.45943, -0.290938, -0.178996]
[0.293326, 0.175012, 0.479634, -0.292842, -0.206959]
[0.228421, -0.364672, 0.474697, -0.312639, -0.00335]
[-0.023327, 0.03897, 0.476051, -0.308051, -0.06923]
[0.313812, -0.368989, 0.483396, -0.317498, -0.051561]
[-0.069002, 0.30858, 0.48192, -0.305853, -0.295006]
[0.386534, -0.406592, 0.498249, -0.309334, -0.098273]
[0.04694, 0.360529, 0.484346, -0.290761, -0.174363]
[0.113352, 0.409703, 0.469033, -0.317327, -0.149595]
[-0.190425, -0.362575, 0.464365, -0.295675, -0.031783]
[0.04983, -0.416263, 0.47587, -0.298926, -0.18772]
[-0.080928, -0.225546, 0.4988, -0.290926, -0.013259]
[-0.010057, 0.226603, 0.488851, -0.303624, -0.092067]
[-0.035488, 0.154724, 0.457042, -0.308759, -0.135188]
[0.207472, -0.137492, 0.484428, -0.304869, -0.06391]
[0.128191, -0.042979, 0.444679, -0.312416, -0.293343]
[-0.017411, -0.041618, 0.470217, -0.297702, -0.047499]
[-0.271227, -0.467168, 0.450226, -0.296036, -0.084465]
[0.167175, -0.211781, 0.449826, -0.306346, -0.307159]
[0.07556, -0.430347, 0.495605, -0.290154, -0.123356]
[0.288818, -0.123957, 0.459798, -0.308826, -0.059189]
[0.157935, -0.467069, 0.446733, -0.303931, -0.069128]
[0.166452, -0.25624, 0.47235, -0.308538, -0.161477]
[0.632163, -0.258597, 0.475542, -0.306892, -0.045003]
[-0.208146, 0.375889, 0.495415, -0.307013, -0.26433]
[0.600125, -0.237493, 0.459838, -0.302393, -0.152729]
[0.637169, 0.170145, 0.45092, -0.289287, -0.064048]
[-0.168679, -0.227851, 0.447537, -0.298982, -0.304405]
[-0.122528, -0.322437, 0.444136, -0.297385, -0.242751]
[0.458667, -0.050753, 0.475827, -0.306515, -0.262368]
[0.531243, 0.077022, 0.461714, -0.312272, -0.08961]
[0.25087, 0.276048, 0.458816, -0.303162, -0.169491]
[0.554907, -0.375387, 0.446745, -0.311635, 0.004785]
[-0.279849, -0.461771, 0.445145, -0.307016, -0.040481]
[0.349468, 0.171955, 0.45759, -0.306907, -0.193077]
[0.339966, -0.188085, 0.485446, -0.290406, -0.213783]
[0.322894, 0.445942, 0.48162, -0.289934, -0.277453]
[0.340271, 0.294596, 0.497809, -0.301265, -0.263173]
[0.348223, 0.235636, 0.486702, -0.298853, -0.019583]
[-0.155393, 0.030455, 0.45989, -0.297007, -0.209455]
[0.552798, -0.40539, 0.472231, -0.306781, -0.120807]
[-0.012111, 0.112028, 0.492422, -0.317212, -0.094579]
[0.670206, 0.424656, 0.445876, -0.293169, -0.293832]
[-0.192922, -0.357994, 0.494437, -0.298698, -0.146072]
[0.512888, -0.385917, 0.451585, -0.314545, -0.176518]
[-0.034474, 0.374744, 0.482436, -0.296288, -0.063603]
[0.261977, -0.190683, 0.459433, -0.314785, -0.11939]
[-0.065539, 0.468264, 0.484216, -0.314858, -0.147101]
[0.466919, -0.329901, 0.456205, -0.302599, -0.246927]
[0.063266, 0.255519, 0.482882, -0.294413, -0.148568]
[-0.084562, 0.300744, 0.488675, -0.29474, -0.104966]
[0.662219, -0.436285, 0.499859, -0.296708, -0.226977]
[0.384087, -0.424606, 0.458904, -0.310934, -0.236303]
[0.077625, 0.058338, 0.486786, -0.297805, -0.170495]
[0.626549, 0.438707, 0.498258, -0.295435, -0.208943]
[0.344658, 0.146587, 0.457468, -0.306432, -0.055173]
[0.320842, -0.121087, 0.494922, -0.305031, -0.276979]
[0.618867, -0.461741, 0.472517, -0.309596, -0.221077]
[-0.001783, -0.097513, 0.449425, -0.294933, -0.156576]
[0.425723, -0.339446, 0.48445, -0.313727, -0.069185]
[0.182556, 0.465864, 0.494039, -0.315869, -0.068082]
[0.468634, 0.361952, 0.445318, -0.292566, -0.189945]
[0.469685, 0.49566, 0.470943, -0.295726, -0.295369]
[0.448271, -0.231662, 0.473958, -0.317462, -0.063163]
[0.674435, 0.130097, 0.444528, -0.316777, -0.016257]
[0.248275, -0.318602, 0.469025, -0.290461, -0.124338]
[0.029534, 0.230397, 0.471972, -0.294426, -0.07874]
[-0.14567, -0.357293, 0.497893, -0.308483, -0.249975]
[0.380025, 0.128689, 0.460201, -0.316365, -0.110365]
[0.281367, 0.295291, 0.482033, -0.309265, -0.031763]
[0.199942, -0.38739, 0.471316, -0.307258, -0.222941]
[-0.321062, 0.409366, 0.480155, -0.30775, -0.208886]
[-0.108534, 0.35473, 0.486381, -0.30571, -0.228692]
[0.611335, 0.498272, 0.486045, -0.310314, -0.207885]
[-0.160834, -0.139739, 0.464402, -0.314702, -0.233918]
[0.673882, -0.265925, 0.45325, -0.295255, -0.271115]
[0.367097, 0.398522, 0.47773, -0.309873, -0.106172]
[-0.18397, 0.168756, 0.494446, -0.2985, -0.01815]
[0.132344, -0.20499, 0.452286, -0.310767, -0.189966]
[-0.266562, -0.499201, 0.449246, -0.315966, -0.228873]
[-0.2457, -0.342799, 0.478032, -0.305326, -0.011126]
[0.382155, 0.290655, 0.450839, -0.294379, -0.160785]
[0.405864, 0.163202, 0.453891, -0.308276, -0.159306]
[-0.290568, -0.380863, 0.455434, -0.303673, -0.02029]
[0.376466, 0.239588, 0.443142, -0.307763, -0.182001]
[0.323541, -0.368664, 0.470323, -0.28999, -0.04423]
[0.005237, 0.046966, 0.48927, -0.291697, -0.122419]
[0.652912, 0.271103, 0.456384, -0.309209, -0.253545]
[0.044545, -0.071232, 0.467752, -0.29999, -0.191335]
[0.453761, 0.426513, 0.485024, -0.29488, -0.201497]
[-0.23511, -0.11539, 0.446761, -0.313516, -0.078212]
[0.042241, 0.46816, 0.466635, -0.314178, -0.202452]
[0.0434, 0.441387, 0.475483, -0.29252, -0.02322]
[0.38591, 0.275303, 0.46385, -0.313388, -0.206893]
[0.600999, -0.300059, 0.443339, -0.312709, -0.022236]
[0.224338, -0.430565, 0.464886, -0.302587, -0.096275]
[0.142413, -0.429107, 0.461002, -0.31702, -0.035397]
[0.504424, -0.323052, 0.48651, -0.30082, -0.020725]
[0.00982, 0.234794, 0.448544, -0.301899, -0.149913]
[0.577238, -0.4474, 0.487829, -0.289466, -0.035069]
[0.075492, 0.40655, 0.476599, -0.300249, -0.209968]
[0.208807, 0.333807, 0.469042, -0.307661, -0.143094]
[-0.288336, -0.354879, 0.451136, -0.309606, -0.301399]
[0.215134, 0.065661, 0.467132, -0.294889, -0.13475]
[0.028921, 0.014151, 0.443804, -0.301479, -0.205835]
[-0.058539, -0.483128, 0.494715, -0.300047, 0.002309]
[-0.03229, -0.492101, 0.464079, -0.315748, -0.120505]
[-0.174393, 0.286356, 0.454248, -0.31464, -0.09413]
[0.527477, 0.181533, 0.45156, -0.298283, -0.105574]
[-0.178197, -0.418372, 0.459534, -0.295603, -0.077555]
[-0.0611, -0.151852, 0.475896, -0.309656, -0.228229]
[-0.132913, 0.211688, 0.478886, -0.30045, -0.065717]
[0.244281, 0.40111, 0.470974, -0.29304, -0.218031]
[-0.109786, -0.186284, 0.4925, -0.308047, -0.209952]
[-0.326636, -0.047894, 0.488639, -0.309506, -0.243578]
[0.362747, -0.131593, 0.481313, -0.304906, -0.265658]
[-0.230064, -0.033976, 0.456118, -0.292383, -0.121411]
[0.311009, 0.167411, 0.461481, -0.313034, -0.219592]
[-0.233621, 0.337655, 0.462656, -0.30694, -0.098968]
[0.472181, -0.038281, 0.449754, -0.300941, -0.233057]
[0.660801, 0.315869, 0.491475, -0.290971, -0.099457]
[0.627636, 0.43811, 0.479171, -0.313353, -0.118724]
[-0.311924, 0.474705, 0.444414, -0.302112, 0.000486]
[0.602351, 0.29587, 0.473303, -0.297661, -0.046378]
[0.255652, -0.072309, 0.482018, -0.317198, -0.068665]
[-0.086883, 0.412, 0.494537, -0.307789, -0.230644]
[0.055759, -0.105682, 0.486481, -0.294466, -0.003079]
[0.541309, -0.358638, 0.464133, -0.306159, -0.179791]
[-0.018741, -0.320765, 0.450307, -0.310078, -0.235771]
[-0.168929, -0.312274, 0.448124, -0.294737, -0.305806]
[0.338973, -0.495595, 0.49214, -0.295635, -0.076497]
[-0.191379, 0.333393, 0.475827, -0.313909, -0.090818]
[0.438716, 0.335988, 0.477815, -0.295558, -0.238767]
[0.641027, -0.070794, 0.44819, -0.295849, -0.162421]
[0.580423, -0.429359, 0.473722, -0.305567, -0.191312]
[0.165453, 0.331194, 0.454268, -0.300789, -0.219973]
[0.26102, -0.044724, 0.474414, -0.298186, -0.189603]
[0.570611, -0.251157, 0.495602, -0.301749, -0.014118]
[-0.167249, -0.301909, 0.490924, -0.309385, -0.032974]
[0.546, 0.072844, 0.443993, -0.29989, -0.045154]
[0.10819, 0.486749, 0.47892, -0.316168, -0.046152]
[-0.211115, -0.194257, 0.488253, -0.316687, -0.109819]
[0.408323, 0.102235, 0.494356, -0.305439, -0.271729]
[0.167501, 0.467597, 0.494163, -0.314088, -0.216487]
[0.514144, -0.406156, 0.490116, -0.304498, -0.264982]
[-0.257302, 0.157399, 0.47347, -0.295967, -0.140655]
[0.03253, 0.025315, 0.447118, -0.308771, -0.079615]
[0.319037, -0.143563, 0.450898, -0.289431, -0.031225]
[0.558884, 0.157456, 0.462547, -0.30407, -0.296321]
[-0.32512, -0.399639, 0.480759, -0.294167, -0.03448]
[-0.034637, 0.002808, 0.467341, -0.291395, -0.187019]
[-0.173412, -0.17932, 0.457347, -0.317065, -0.299072]
[0.505752, -0.151498, 0.466562, -0.291772, -0.03184]
[-0.291978, -0.119333, 0.460174, -0.299578, -0.057065]
[-0.131796, -0.260937, 0.495083, -0.306717, -0.123591]
[0.570522, -0.015504, 0.472402, -0.309461, -0.238384]
[0.076187, -0.388794, 0.471889, -0.293113, -0.101352]
[0.329935, 0.431795, 0.447603, -0.303787, -0.290509]
[0.098936, 0.272279, 0.487723, -0.3095, -0.298073]
[0.346033, 0.335889, 0.493264, -0.297253, -0.287487]
[0.506027, 0.260898, 0.471497, -0.305968, -0.248285]
[0.312754, -0.174009, 0.448712, -0.298934, -0.038854]
[0.396849, 0.034535, 0.482783, -0.294053, -0.034216]
[-0.025972, 0.033206, 0.482498, -0.299742, -0.070173]
[0.153967, -0.252626, 0.478048, -0.290765, -0.022239]
[0.063302, -0.255688, 0.472499, -0.294217, -0.071796]
[-0.14057, -0.184608, 0.474676, -0.306908, -0.024298]
[0.340347, 0.357737, 0.490918, -0.306539, -0.054069]
[0.003172, 0.304732, 0.48273, -0.293396, -0.080338]
[-0.003135, -0.358279, 0.45469, -0.313125, -0.142125]
[0.352987, -0.213103, 0.491917, -0.303875, -0.211793]
[0.074944, -0.256123, 0.467443, -0.304284, -0.147463]
[0.242685, 0.359413, 0.459954, -0.317052, -0.055206]
[-0.190539, 0.293493, 0.469862, -0.304845, -0.024689]
[-0.076161, 0.342163, 0.455433, -0.305486, -0.10848]
[0.171775, 0.093741, 0.456268, -0.299232, -0.157054]
[-0.029528, -0.276499, 0.465948, -0.315579, -0.054496]
[0.493749, -0.349056, 0.449864, -0.29047, -0.295164]
[0.285541, 0.37671, 0.488817, -0.300243, -0.118911]
[-0.10233, 0.11562, 0.485696, -0.297987, -0.097729]
[0.131641, 0.268447, 0.447649, -0.293399, -0.242202]
[0.420952, 0.44584, 0.443129, -0.313258, -6.6e-05]
[-0.2839, -0.30623, 0.446201, -0.291045, -0.26716]
[0.334439, -0.205146, 0.471144, -0.308048, -0.3039]
[0.377301, 0.143512, 0.445966, -0.290762, -0.219034]
[-0.174747, 0.050126, 0.462252, -0.306208, -0.080175]
[0.073923, 0.438162, 0.45953, -0.298756, -0.283826]
[0.633071, 0.304447, 0.483576, -0.314952, -0.175652]
[-0.161047, -0.292259, 0.482685, -0.311363, -0.257629]
[0.01064, 0.207159, 0.460659, -0.313326, -0.241809]
[0.070833, 0.470631, 0.476499, -0.300265, -0.247608]
[-0.244293, -0.011411, 0.481343, -0.296411, -0.135708]
[0.665293, 0.205923, 0.450632, -0.303066, -0.271359]
[0.049374, -0.377142, 0.463753, -0.308433, -0.014954]
[-0.175382, 0.134239, 0.492475, -0.299955, -0.066104]
[0.479552, -0.159008, 0.463519, -0.297174, -0.086472]
[0.422044, 0.185812, 0.482383, -0.302709, -0.288835]
[0.014082, -0.064622, 0.460235, -0.31678, -0.045763]
[0.194645, 0.166436, 0.481526, -0.313026, -0.105026]
[0.380377, 0.007588, 0.48523, -0.303347, -0.033282]
[0.579301, -0.172322, 0.495058, -0.31159, -0.02924]
[0.326824, 0.482616, 0.460828, -0.298174, -0.073694]
[0.305629, 0.105517, 0.48592, -0.310807, -0.179741]
[-0.320096, 0.246159, 0.451729, -0.290805, -0.132198]
[0.28124, 0.11954, 0.48767, -0.295529, -0.016842]
[0.40251, 0.228245, 0.499997, -0.295754, -0.151338]
[0.656732, -0.011803, 0.498901, -0.294574, -0.039267]
[-0.070358, -0.382822, 0.446642, -0.303748, -0.213246]
[0.321516, 0.274678, 0.49416, -0.301804, -0.20791]
[0.297804, 0.115636, 0.447431, -0.310599, -0.304331]
[-0.243134, 0.371846, 0.484143, -0.314769, -0.053029]
[0.018769, 0.19546, 0.459725, -0.317432, -0.117395]
[0.229754, 0.095558, 0.493319, -0.310175, -0.001897]
[0.512437, -0.342104, 0.450415, -0.311951, -0.093641]
[-0.312923, -0.29556, 0.474145, -0.289271, -0.057569]
[-0.134478, 0.411148, 0.459734, -0.295472, 0.006821]
[0.062157, -0.085617, 0.493383, -0.308381, -0.064932]
[0.132951, 0.083272, 0.476024, -0.306951, -0.083643]
[0.141631, 0.33304, 0.455454, -0.314091, 0.006221]
[-0.3266, 0.143632, 0.485666, -0.3054, -0.115906]
[0.396208, -0.3473, 0.499588, -0.307291, -0.010099]
[-0.191511, -0.447936, 0.448221, -0.30808, -0.05292]
[0.382553, -0.335787, 0.483521, -0.306132, -0.093215]
[-0.029184, -0.214073, 0.443389, -0.298677, -0.041067]
[0.233849, 0.019314, 0.461085, -0.291331, -0.071472]
[0.475211, -0.290483, 0.47577, -0.310226, -0.102139]
[0.001748, -0.126644, 0.47982, -0.302418, -0.09995]
[0.174664, 0.461864, 0.464256, -0.296597, -0.05121]
[0.623499, -0.235746, 0.453898, -0.289807, -0.033437]
[0.64026, 0.187852, 0.452273, -0.29843, -0.027662]
[-0.067701, 0.494942, 0.472673, -0.304397, -0.065545]
[-0.062261, -0.495499, 0.480654, -0.294996, -0.012424]
[0.649581, 0.329346, 0.46464, -0.303616, -0.022542]
[0.59245, -0.316377, 0.458714, -0.298175, -0.116397]
[0.249691, 0.264369, 0.467179, -0.315389, -0.035244]
[0.143385, 0.09041, 0.49715, -0.289817, -0.074728]
[0.234811, -0.236423, 0.492974, -0.30709, -0.04752]
[0.09422, -0.136186, 0.477197, -0.298201, -0.010375]
[0.194666, 0.137076, 0.454734, -0.307259, -0.002325]
[-0.097003, 0.315921, 0.497155, -0.311027, -0.117951]
[-0.153739, -0.259494, 0.455781, -0.297, -0.054648]
[0.544823, -0.44708, 0.4828, -0.303455, -0.090995]
[0.210957, -0.043701, 0.461766, -0.294558, -0.046231]
[0.106827, -0.357012, 0.444051, -0.307147, -0.014664]
[-0.122167, -0.343076, 0.490905, -0.310618, -0.101828]
[0.537324, -0.277032, 0.494325, -0.290738, -0.113315]
[0.578891, 0.072117, 0.4996, -0.298865, 0.00707]
[0.594248, 0.469183, 0.477009, -0.315106, -0.021884]
[-0.044756, -0.207833, 0.482606, -0.289487, -0.09391]
[0.498676, -0.03959, 0.455132, -0.311929, -0.051748]
[0.613197, 0.023681, 0.489835, -0.30953, -0.095371]
[0.067866, -0.478502, 0.444026, -0.305306, -0.077047]
[0.041716, 0.094298, 0.484214, -0.296272, -0.05105]
[0.66087, -0.252189, 0.461217, -0.299718, 0.006013]
[0.282204, -0.192201, 0.485317, -0.310074, -0.051341]
[-0.322437, 0.471297, 0.499908, -0.297955, -0.115953]
[0.011776, -0.105635, 0.448052, -0.316032, -0.097212]
[0.355637, 0.082334, 0.483021, -0.293691, -0.098056]
[-0.149799, -0.331383, 0.449512, -0.317525, -0.002178]
[-0.143492, -0.339273, 0.497275, -0.290651, -0.100602]
[0.395213, -0.21695, 0.497414, -0.312743, -0.046078]
[-0.164358, 0.12886, 0.477797, -0.303488, -0.016671]
[-0.168465, -0.361157, 0.489211, -0.300737, -0.042736]
[0.023433, 0.154206, 0.447695, -0.290559, -0.095229]
[0.434267, 0.078311, 0.448932, -0.312746, -0.022753]
[0.346563, -0.041614, 0.470146, -0.310833, -0.093498]
[0.098175, -0.425054, 0.47525, -0.303122, -0.054634]
[0.189947, -0.263106, 0.447203, -0.297672, -0.0161]
[-0.267292, 0.053237, 0.460302, -0.307702, -0.002226]
[0.291417, -0.278615, 0.450762, -0.291025, -0.09463]
[-0.203495, -0.477685, 0.444497, -0.292387, -0.106133]
[0.526599, -0.401829, 0.479982, -0.290754, -0.106749]
[-0.208719, 0.075566, 0.447421, -0.289423, -0.018027]
[0.381826, -0.075434, 0.471884, -0.297542, -0.081503]
[0.18388, 0.419643, 0.465689, -0.307375, -0.088468]
[-0.247898, -0.19576, 0.467244, -0.291715, -0.03713]
[-0.28817, -0.07032, 0.47387, -0.291866, -0.05359]
[0.451022, -0.348657, 0.455039, -0.293679, -0.064293]
[0.603837, 0.00533, 0.47928, -0.302995, -0.032689]
[-0.320844, 0.262442, 0.47878, -0.314943, -0.03999]
[0.217995, 0.044343, 0.45831, -0.293163, -0.094498]
[0.505935, 0.262404, 0.454769, -0.305898, -0.073561]
[0.193985, -0.366701, 0.444198, -0.313986, -0.057861]
[0.480701, -0.445231, 0.483566, -0.294212, -0.045265]
[-0.025126, 0.293848, 0.46279, -0.3108, -0.088037]
[0.597014, -0.11823, 0.482296, -0.29218, -0.013966]
[-0.220767, 0.285213, 0.449372, -0.311236, -0.103887]
[0.19205, 0.414553, 0.452839, -0.31545, -0.034998]
[0.674665, -0.228433, 0.458674, -0.290512, 0.002813]
[0.280418, -0.234233, 0.458207, -0.30769, -0.102439]
[0.356442, 0.476835, 0.468852, -0.31521, -0.077587]
[-0.139816, -0.091581, 0.471264, -0.292361, -0.058944]
[-0.228878, 0.137975, 0.469734, -0.305768, -0.093932]
[0.323783, -0.091565, 0.492766, -0.297873, -0.108893]
[0.454101, 0.362845, 0.486093, -0.290707, -0.072237]
[0.489362, 0.25254, 0.452424, -0.295554, -0.112152]
[0.54817, -0.278989, 0.477062, -0.301332, -0.107069]
[-0.108464, 0.094344, 0.474867, -0.291227, -0.081343]
[0.267306, -0.12434, 0.49635, -0.308686, -0.065962]
[-0.058583, 0.220697, 0.453181, -0.309, -0.025002]
[0.144706, -0.057695, 0.461041, -0.30971, -0.036212]
[-0.032497, -0.138975, 0.494302, -0.316814, -0.060085]
[0.206362, -0.337708, 0.490815, -0.300102, -0.097349]
[-0.147667, 0.43342, 0.490473, -0.298219, -0.084259]
[0.471854, 0.181104, 0.473217, -0.294586, -0.105932]
[-0.006036, 0.039176, 0.487997, -0.300923, -0.002478]
[0.418697, -0.434019, 0.490241, -0.304537, 0.006636]
[-0.295709, 0.159077, 0.444319, -0.291888, -0.114334]
[-0.26477, 0.321172, 0.463165, -0.309556, 0.006423]
[0.454563, -0.160903, 0.472885, -0.300194, -0.035881]
[0.612626, -0.020391, 0.446029, -0.312933, -0.023204]
[-0.039038, 0.470851, 0.444879, -0.292169, -0.109632]
[-0.169038, 0.087743, 0.461755, -0.295209, -0.088742]
[-0.301298, -0.151299, 0.470088, -0.316722, -0.09759]
[-0.147534, 0.316514, 0.482984, -0.311031, -0.100817]
[0.1058, 0.343718, 0.45145, -0.292955, -0.022482]
[0.326063, 0.438473, 0.46761, -0.316034, -0.006742]
[0.136254, -0.122685, 0.485258, -0.307606, -0.110908]
[0.119804, 0.3934, 0.48683, -0.292933, -0.024827]
[-0.218788, -0.276925, 0.472812, -0.296039, 0.000933]
[0.081735, -0.067287, 0.468097, -0.305569, -0.013921]
[-0.092423, 0.226283, 0.453629, -0.314776, -0.032072]
[-0.173234, -0.301685, 0.465136, -0.315008, -0.005259]
[0.624252, -0.158959, 0.472564, -0.296641, -0.029815]
[0.20672, -0.026834, 0.456887, -0.290861, -0.001814]
[0.294504, 0.479323, 0.446154, -0.300941, -0.05835]
[0.17851, -0.276361, 0.481702, -0.308015, -0.116098]
[0.432065, -0.127617, 0.446026, -0.312638, -0.111803]
[0.209097, 0.142049, 0.483273, -0.300236, 0.005654]
[0.258843, 0.004477, 0.49782, -0.295817, -0.031833]
[-0.282301, 0.157919, 0.453156, -0.295833, -0.029458]
[0.590953, 0.006093, 0.46762, -0.296125, -0.091726]
[0.479019, -0.306497, 0.480146, -0.30164, -0.117329]
[0.56774, -0.001467, 0.465806, -0.292613, -0.086871]
[-0.323339, -0.426993, 0.483223, -0.291094, -0.104379]
[0.570837, -0.247671, 0.49827, -0.309811, -0.071922]
[0.022231, -0.253185, 0.443397, -0.299475, -0.10099]
[-0.007819, -0.435267, 0.465758, -0.295009, -0.017385]
[0.506166, -0.174884, 0.447551, -0.307261, -0.060052]
[0.251122, -0.322457, 0.470983, -0.314692, -0.095733]
[-0.001339, -0.02402, 0.45382, -0.291614, -0.062029]
[0.03461, -0.232683, 0.458092, -0.29049, -0.008498]
[0.45336, 0.4565, 0.491912, -0.295102, -0.024287]
[-0.221449, -0.30038, 0.491404, -0.303723, -0.103681]
[0.081819, -0.179619, 0.484414, -0.301398, -0.082316]
[-0.043303, 0.078558, 0.456521, -0.291672, -0.076356]
[0.459854, 0.03543, 0.480643, -0.309744, -0.024244]
[0.52165, 0.455273, 0.496549, -0.297007, -0.049703]
[-0.076119, -0.029951, 0.486634, -0.293186, -0.002518]
[-0.131173, 0.014528, 0.470221, -0.297898, 0.002811]
[0.518507, 0.120951, 0.477173, -0.312456, -0.064153]
[0.569294, 0.303634, 0.456379, -0.308041, -0.029894]
[0.672375, -0.104703, 0.47959, -0.315344, -0.083937]
[0.517385, 0.229391, 0.476033, -0.301629, -0.007506]
[0.092424, 0.092286, 0.478703, -0.305707, -0.105922]
[0.466212, 0.415568, 0.447943, -0.291628, -0.071566]
[-0.143617, 0.311853, 0.485046, -0.290326, -0.011264]
[0.409745, 0.325333, 0.477122, -0.310802, -0.09632]
[0.157278, 0.488395, 0.452184, -0.308846, -0.058939]
[0.186219, -0.25087, 0.499414, -0.300767, 0.000267]
[0.133249, -0.470025, 0.487947, -0.300525, -0.024663]
[-0.032707, -0.171516, 0.468645, -0.3138, -0.0989]
[0.104057, 0.409872, 0.487547, -0.305993, -0.081949]
[0.164997, -0.278493, 0.459408, -0.289423, -0.035898]
[-0.277593, -0.389626, 0.47709, -0.302179, -0.05018]
[0.495551, 0.272774, 0.46449, -0.314896, -0.053586]
[-0.054116, -0.054421, 0.468569, -0.295808, -0.02832]
[-0.038978, -0.231603, 0.474678, -0.317125, -0.091646]
[-0.11839, 0.381315, 0.489172, -0.314033, -0.036366]
[0.628536, -0.238627, 0.465703, -0.317288, -0.04824]
[-0.232401, -0.147027, 0.471434, -0.292405, -0.022887]
[0.455483, 0.473826, 0.455048, -0.316258, -0.007985]
[-0.115432, -0.314843, 0.47488, -0.299969, -0.106835]
[-0.091534, -0.083041, 0.488605, -0.291458, -0.058053]
[0.435894, 0.469462, 0.457454, -0.290034, -0.032773]
[0.239947, 0.340342, 0.443345, -0.311601, -0.114291]
[-0.302721, 0.462904, 0.484174, -0.301447, -0.08504]
[0.676025, -0.046651, 0.497707, -0.310065, -0.009472]
[0.556093, 0.137805, 0.487115, -0.31623, -0.05761]
[0.132463, 0.429532, 0.470526, -0.296979, -0.066018]
[-0.168559, 0.149321, 0.487543, -0.29559, -0.092745]
[0.185631, 0.271498, 0.44461, -0.302171, 0.007184]
[0.395426, 0.433614, 0.491636, -0.316579, -0.074674]
[-0.029461, -0.279319, 0.492075, -0.317785, -0.112667]
[0.530619, -0.043982, 0.457041, -0.301501, -0.03388]
[0.466745, -0.326201, 0.471658, -0.303397, -0.110291]
[0.126396, -0.057443, 0.458084, -0.313938, -0.073213]
[0.565572, 0.023975, 0.486921, -0.292911, -0.069855]
[0.510547, -0.352091, 0.465415, -0.313613, -0.112254]
[-0.216259, 0.177681, 0.4667, -0.307278, -0.062249]
[0.239858, 0.058748, 0.471985, -0.310778, -0.061023]
[-0.00936, -0.243307, 0.477751, -0.298069, -0.048393]
[-0.264272, 0.01465, 0.461977, -0.296681, -0.067384]
[0.406832, 0.046387, 0.464257, -0.298551, -0.057564]
[0.57528, -0.107205, 0.480388, -0.301483, -0.003513]
[-0.137183, -0.365178, 0.467213, -0.31514, -0.010593]
[0.277562, -0.019488, 0.444057, -0.295406, -0.038343]
[0.54801, 0.327712, 0.482589, -0.294168, -0.079211]
[0.481549, -0.229463, 0.463495, -0.305955, -0.019922]
[0.285625, -0.001975, 0.459608, -0.30876, -0.027148]
[0.549966, -0.416114, 0.484528, -0.313399, -0.000251]
[0.254946, 0.100844, 0.490112, -0.312321, 0.004838]
[-0.252335, 0.246735, 0.473844, -0.291331, -0.056079]
[0.206004, -0.029016, 0.462573, -0.296575, -0.079303]
[0.159746, -0.111861, 0.47995, -0.313744, -0.111973]
[0.417597, 0.037867, 0.475216, -0.293845, -0.055714]
[-0.30615, -0.423006, 0.453963, -0.302023, -0.062237]
[-0.121953, 0.481531, 0.490211, -0.29832, -0.055755]
[0.610927, 0.072807, 0.484622, -0.296196, 0.00097]
[-0.116051, 0.420799, 0.465333, -0.304467, 0.000243]
[-0.005328, 0.165665, 0.446031, -0.299261, -0.112852]
[0.19039, -0.091688, 0.487645, -0.307671, -0.082793]
[0.56722, 0.381983, 0.444031, -0.304509, 0.006161]
[0.240197, 0.170383, 0.473782, -0.301077, -0.074321]
[0.06477, 0.199015, 0.466791, -0.309175, -0.077523]
[0.11567, -0.062915, 0.479509, -0.305104, -0.04013]
[-0.110184, 0.253296, 0.498315, -0.316047, -0.003791]
[-0.29805, 0.324627, 0.455371, -0.29008, -0.000638]
[0.278099, -0.377046, 0.492662, -0.300589, -0.003188]
[-0.187277, 0.152336, 0.481574, -0.304841, -0.079477]
[-0.274921, 0.026723, 0.455533, -0.292866, -0.000398]
[0.265434, 0.454581, 0.455802, -0.294951, -0.06933]
[0.548743, -0.013688, 0.472306, -0.289972, -0.071871]
[0.402595, 0.405149, 0.451445, -0.301293, -0.017564]
[0.420553, -0.116972, 0.475479, -0.295061, -0.112316]
[-0.226794, 0.259713, 0.493627, -0.297228, -0.035169]
[0.182766, -0.357076, 0.46928, -0.316787, 0.005924]
[-0.18891, -0.121593, 0.496872, -0.306889, -0.085207]
[0.275644, -0.272175, 0.499539, -0.291717, -0.081762]
[-0.286156, -0.403116, 0.494493, -0.299349, -0.113902]
[-0.202112, 0.417709, 0.459918, -0.290919, -0.034944]
[0.326815, 0.202755, 0.498467, -0.294834, -0.025159]
[0.281294, -0.47321, 0.448886, -0.290784, -0.09826]
[-0.321267, 0.446985, 0.445825, -0.289559, -0.013113]
[0.044333, -0.359108, 0.446814, -0.305855, -0.028556]
[0.060391, 0.409022, 0.444666, -0.309334, -0.112001]
[-0.060914, -0.475965, 0.450396, -0.309074, -0.105768]
[0.616291, -0.47993, 0.489206, -0.316714, -0.049752]
[0.238453, 0.033856, 0.469912, -0.313901, -0.099023]
[0.313952, -0.312127, 0.485726, -0.295952, -0.027172]
[0.18578, 0.267199, 0.446892, -0.296695, -0.07887]
[0.469157, 0.283611, 0.495328, -0.29675, -0.056786]
[0.155689, -0.099667, 0.469719, -0.310166, -0.016438]
[0.496355, -0.364628, 0.497419, -0.29714, -0.038188]
[0.28194, -0.206115, 0.471218, -0.306337, -0.081727]
[0.635441, -0.000203, 0.492919, -0.292294, -0.05622]
[0.661958, -0.244648, 0.499523, -0.306378, -0.10256]
[0.169418, -0.402675, 0.451964, -0.313814, -0.03206]
[0.153153, 0.126879, 0.452636, -0.302337, -0.102442]
[0.533465, 0.454006, 0.465766, -0.302613, -0.015414]
[-0.286999, 0.495061, 0.454571, -0.309466, -0.077086]
[0.270084, 0.244439, 0.470365, -0.317653, -0.046006]
[0.569054, -0.208083, 0.469172, -0.296867, -0.094403]
[0.561417, -0.214334, 0.444254, -0.317003, -0.0499]
[0.552464, -0.248179, 0.470235, -0.308785, -0.076463]
[0.50541, -0.463754, 0.479297, -0.306539, -0.093004]
[0.160432, -0.246647, 0.498992, -0.303996, -0.058814]
[-0.23777, 0.417588, 0.444112, -0.296949, -0.020436]
[-0.313385, -0.417614, 0.459995, -0.317811, -0.082443]
[-0.235305, -0.393001, 0.46494, -0.301519, -0.060494]
[0.18324, 0.352182, 0.459697, -0.299322, -0.097302]
[0.352987, -0.213186, 0.496713, -0.316984, -0.048918]
[0.407467, 0.190317, 0.495331, -0.304477, -0.110384]
[0.461169, -0.135784, 0.475428, -0.28972, -0.094799]
[-0.197112, 0.345254, 0.464208, -0.307115, -0.063563]
[-0.148837, 0.090515, 0.467122, -0.305909, -0.105262]
[-0.27822, 0.038714, 0.49538, -0.292993, -0.048105]
[0.165964, 0.234552, 0.457704, -0.317657, -0.078405]
[-0.268442, -0.118736, 0.499208, -0.293196, -0.097243]
[0.12681, 0.01522, 0.488632, -0.311918, -0.026529]
[0.070892, 0.08126, 0.488176, -0.300878, -0.017281]
[0.43343, -0.227097, 0.44381, -0.301107, -0.032126]
[0.49253, -0.128133, 0.448514, -0.305547, 0.006519]
[-0.006438, 0.004951, 0.460743, -0.297116, -0.113364]
[-0.012972, -0.327031, 0.463002, -0.31639, -0.113004]
[0.212774, -0.483225, 0.494274, -0.300338, -0.068486]
[0.069975, -0.445995, 0.485188, -0.304231, -0.081487]
[-0.296178, -0.359833, 0.494516, -0.302727, -0.064213]
[-0.302777, 0.381645, 0.449934, -0.307755, -0.087736]
[-0.283692, -0.152228, 0.446954, -0.31241, -0.088489]
[0.528718, -0.068243, 0.446817, -0.295546, -0.041102]
[-0.029594, -0.278881, 0.497535, -0.30657, -0.021175]
[0.00304, 0.165422, 0.491657, -0.317678, -0.089534]
[0.592369, 0.016021, 0.460514, -0.303508, -0.074525]
[-0.219907, -0.048415, 0.460614, -0.307746, -0.023937]
[-0.096955, 0.091944, 0.475726, -0.312751, -0.020304]
[-0.053674, -0.335534, 0.488192, -0.2981, -0.014707]
[0.122566, -0.475448, 0.488545, -0.296595, -0.030051]
[0.66038, 0.150464, 0.487218, -0.314409, -0.046884]
[0.458436, -0.176129, 0.446541, -0.317196, -0.036716]
[-0.036145, 0.379892, 0.457477, -0.309451, -0.05334]
[-0.254151, 0.430269, 0.463196, -0.302938, -0.064447]
[-0.262609, -0.256499, 0.451479, -0.290731, -0.097449]
[0.180313, -0.148299, 0.471954, -0.298315, -0.116623]
[0.12744, 0.409101, 0.485979, -0.311214, -0.078139]
[0.594961, 0.048622, 0.471064, -0.300007, -0.096049]
[0.556273, -0.342071, 0.449348, -0.310123, -0.049094]
[0.422105, -0.083323, 0.492948, -0.291683, -0.106921]
[0.172454, 0.364725, 0.488122, -0.303457, 0.004425]
[0.247334, 0.362101, 0.477651, -0.297711, -0.001349]
[-0.068375, 0.322277, 0.449449, -0.29925, -0.091169]
[0.219705, -0.264991, 0.493242, -0.307534, -0.027217]
[0.449607, -0.375432, 0.476213, -0.310436, -0.046023]
[0.313017, 0.092012, 0.448986, -0.314715, -0.088854]
[-0.265085, -0.095381, 0.472453, -0.301269, -0.067894]
[0.558451, 0.207142, 0.443342, -0.292149, -0.085805]
[0.162523, -0.383994, 0.468928, -0.291925, -0.096945]
[0.317314, 0.492315, 0.473208, -0.303193, -0.024159]
[0.597378, 0.437671, 0.462272, -0.289886, -0.049174]
[0.182502, 0.271218, 0.445459, -0.30506, -0.013949]
[0.209817, 0.316735, 0.478625, -0.308001, -0.099869]
[0.62604, 0.44091, 0.443165, -0.308341, 0.004542]
[0.620649, 0.215739, 0.470808, -0.315031, -0.118603]
[0.574976, -0.042523, 0.473448, -0.300151, -0.052263]
[0.013017, 0.154534, 0.488049, -0.308843, -0.03443]
[0.468, 0.209092, 0.448926, -0.30155, -0.064294]
[0.677451, 0.059953, 0.492512, -0.291825, -0.073665]
[-0.075602, 0.125834, 0.45743, -0.295107, -0.022666]
[0.053412, 0.126439, 0.447319, -0.29509, -0.042166]
[0.489812, -0.249242, 0.49057, -0.315324, -0.088789]
[-0.131283, -0.287435, 0.456682, -0.289341, -0.050257]
[-0.127436, 0.382817, 0.483792, -0.294748, -0.042467]
[0.14181, -0.195121, 0.448453, -0.29407, 0.003527]
[0.602581, 0.493688, 0.471963, -0.30025, -0.079192]
[-0.049852, -0.387107, 0.499567, -0.294177, -0.07002]
[0.071889, 0.133106, 0.493997, -0.29574, -0.077835]
[0.487553, -0.471756, 0.482603, -0.299494, -0.050429]
[0.102085, 0.072534, 0.463524, -0.305072, 0.007393]
[-0.322662, 0.270318, 0.462566, -0.299636, -0.073786]
[0.219437, 0.39605, 0.451528, -0.302227, -0.111279]
[0.139364, -0.281656, 0.458747, -0.315351, -0.033361]
[0.585405, -0.239555, 0.465044, -0.311092, -0.003735]
[0.45564, 0.113337, 0.47374, -0.312317, -0.091516]
[0.097187, 0.137363, 0.46962, -0.291476, -0.04397]
[-0.122272, 0.481555, 0.444447, -0.306341, -0.011259]
[-0.226061, -0.26512, 0.44932, -0.310536, 0.001571]
[0.496248, -0.421771, 0.486799, -0.302307, -0.111426]
[0.137188, 0.396923, 0.446776, -0.291565, -0.06497]
[-0.084885, 0.424545, 0.46031, -0.311138, -0.022387]
[0.091637, 0.145627, 0.498703, -0.307512, -0.049505]
[0.377732, 0.024952, 0.456446, -0.316486, -0.012934]
[-0.314173, -0.011494, 0.446883, -0.29107, -0.008823]
[0.549716, 0.356437, 0.467905, -0.317221, -0.055453]
[0.517277, 0.335324, 0.471272, -0.29323, -0.01812]
[0.053645, -0.201993, 0.44971, -0.292365, 0.007378]
[0.318153, 0.322595, 0.486894, -0.296152, -0.081031]
[-0.068251, -0.423716, 0.488328, -0.306946, -0.087123]
[0.566716, 0.365114, 0.450179, -0.310863, -0.082745]
[-0.153424, 0.078517, 0.448395, -0.315629, -0.100138]
[-0.100611, -0.291849, 0.472809, -0.315502, -0.023167]
[0.015657, 0.263645, 0.496647, -0.310719, -0.032535]
[0.514524, 0.488058, 0.447198, -0.317636, -0.112971]
[0.588504, 0.157453, 0.466588, -0.314514, -0.117563]
[0.36357, -0.23048, 0.47146, -0.30357, -0.065628]
[-0.115892, 0.422095, 0.49001, -0.29588, -0.099718]
[0.361401, -0.480892, 0.486483, -0.294253, -0.008924]
[-0.325286, 0.182125, 0.487427, -0.296685, -0.004712]
[-0.190415, 0.069104, 0.48196, -0.304977, -0.021221]
[0.486583, -0.494869, 0.447677, -0.307001, -0.065739]
[-0.060338, 0.435479, 0.483735, -0.310596, -0.07788]
[0.090943, -0.364978, 0.464703, -0.295594, -0.017055]
[0.385398, 0.107513, 0.478896, -0.296602, -0.104191]
[0.281741, 0.236395, 0.456122, -0.300928, -0.011459]
[0.138394, -0.10455, 0.460171, -0.29669, -0.10708]
[-0.120146, 0.202779, 0.449169, -0.313951, -0.034574]
[0.055648, 0.436059, 0.459258, -0.296802, -0.074345]
[-0.326, 0.217514, 0.469392, -0.298586, -0.024583]
[-0.26966, -0.290851, 0.455779, -0.307769, -0.051573]
[0.49949, 0.149551, 0.465144, -0.311052, -0.015433]
[0.527641, 0.345568, 0.457587, -0.294474, -0.0715]
[0.312802, 0.480307, 0.462803, -0.303957, -0.037745]
[0.639139, -0.353461, 0.469265, -0.308463, -0.020845]
[-0.036462, -0.402071, 0.483875, -0.310369, -0.0013]
[0.466208, -0.226394, 0.496479, -0.316432, 0.005914]
[-0.005547, 0.346785, 0.447439, -0.308566, -0.092761]
[-0.053822, 0.437652, 0.457598, -0.294548, -0.054613]
[0.289602, 0.113402, 0.444515, -0.30315, -0.011815]
[-0.175769, -0.395165, 0.477092, -0.291329, -0.08368]
[0.094119, 0.165096, 0.462916, -0.310407, -0.100593]
[0.03138, 0.369605, 0.486419, -0.295644, -0.113226]
[0.14371, -0.351403, 0.48187, -0.308156, -0.018669]
[0.207205, 0.469768, 0.443707, -0.303074, -0.015644]
[-0.161108, -0.094441, 0.457424, -0.305723, -0.069913]
[0.615652, -0.20246, 0.489828, -0.300965, -0.101454]
[0.433693, 0.153143, 0.477095, -0.315246, -0.028417]
[0.306567, 0.339984, 0.490224, -0.29212, -0.085317]
[0.415936, -0.377926, 0.463977, -0.316662, -0.034225]
[0.161818, -0.228202, 0.466327, -0.309523, -0.008404]
[-0.13303, 0.487139, 0.480596, -0.295578, -0.045261]
[0.256262, -0.142842, 0.451796, -0.311705, -0.015991]
[-0.165417, -0.42989, 0.450278, -0.303401, -0.046528]
[0.612069, 0.153437, 0.461824, -0.30681, -0.05877]
[-0.112328, -0.492237, 0.451757, -0.28959, -0.020224]
[0.508914, 0.316243, 0.444574, -0.305307, -0.104972]
[0.506494, -0.194072, 0.480833, -0.301938, -0.068723]
[0.179934, 0.043607, 0.453422, -0.298587, 0.002095]
[0.355348, 0.446961, 0.453452, -0.300826, -0.01477]
[0.072789, -0.409583, 0.469625, -0.313205, -0.020076]
[0.425889, -0.462911, 0.446259, -0.293798, -0.000806]
[0.267956, 0.102983, 0.465711, -0.307932, -0.002617]
[0.465675, -0.30492, 0.457142, -0.306881, -0.082585]
[0.219216, -0.315127, 0.459726, -0.29728, -0.050941]
[0.366456, 0.031003, 0.443366, -0.310524, -0.10474]
[0.024189, -0.156488, 0.46175, -0.312339, -0.064751]
[0.245894, -0.209226, 0.450817, -0.298179, -0.031619]
[0.14362, -0.347741, 0.473637, -0.303498, -0.040147]
[0.13675, 0.385496, 0.485145, -0.301552, -0.079362]
[0.459067, -0.031624, 0.480795, -0.312025, -0.007719]
[0.506413, -0.273928, 0.498716, -0.313171, -0.075484]
[0.169134, -0.473429, 0.468154, -0.303739, 0.007039]
[0.108332, -0.464224, 0.458268, -0.306131, 0.005081]
[-0.117076, 0.298137, 0.494893, -0.295768, -0.020893]
[0.234878, 0.47625, 0.470466, -0.294555, 0.000976]
[0.093018, -0.434336, 0.444653, -0.305968, -0.116931]
[0.339846, -0.070507, 0.453372, -0.299532, -0.05323]
[-0.063488, -0.494496, 0.473305, -0.309019, -0.053453]
[0.053258, -0.427579, 0.483965, -0.305, -0.074644]
[0.014997, 0.323855, 0.44478, -0.302156, 0.002359]
[-0.183001, 0.446703, 0.475017, -0.301766, -0.064925]
[-0.09777, 0.390422, 0.449928, -0.305439, -0.020697]
[-0.319204, -0.281663, 0.46721, -0.296343, -0.063097]
[0.086384, -0.116211, 0.444173, -0.309381, -0.047876]
[0.357823, 0.219615, 0.490072, -0.315585, -0.017829]
[-0.051527, 0.484955, 0.464889, -0.311593, -0.108963]
[-0.3082, 0.344912, 0.496216, -0.301946, -0.08995]
[0.603255, 0.439197, 0.499293, -0.307631, -0.04743]
[0.609056, 0.476528, 0.45344, -0.29782, -0.058838]
[-0.123483, -0.24998, 0.455947, -0.291025, -0.093977]
[0.302547, -0.477918, 0.467093, -0.312455, -0.01307]
[0.4677, -0.285599, 0.464746, -0.303407, -0.045487]
[0.546752, 0.116612, 0.495614, -0.294109, -0.116593]
[0.325472, 0.141981, 0.454381, -0.305469, -0.106803]
[-0.187976, 0.365279, 0.476088, -0.299774, -0.004817]
[0.142246, 0.468554, 0.487465, -0.30831, -0.006201]
[0.311276, -0.191685, 0.472478, -0.310579, -0.096548]
[0.014314, 0.262879, 0.489258, -0.308145, -0.066904]
[-0.082076, -0.364331, 0.493809, -0.297794, -0.023681]
[0.151522, -0.429284, 0.474267, -0.311548, -0.036781]
[0.191553, 0.459915, 0.480298, -0.306949, -0.013822]
[-0.045309, 0.305666, 0.483949, -0.299254, -0.075189]
[-0.126815, 0.199588, 0.464925, -0.317436, -0.085233]
[0.102426, -0.4673, 0.463702, -0.310957, 0.006279]
[0.651609, -0.130905, 0.485779, -0.303262, -0.108774]
[0.437003, -0.384085, 0.478056, -0.297605, -0.015498]
[0.518672, -0.139863, 0.490733, -0.293064, -0.079871]
[0.278011, 0.074783, 0.469567, -0.29216, -0.111079]
[0.387038, 0.366544, 0.465884, -0.303314, -0.112825]
[-0.124059, 0.247221, 0.450161, -0.300896, -0.085555]
[0.33834, -0.153219, 0.485738, -0.296342, -0.080804]
[0.413819, 0.299488, 0.450014, -0.308347, -0.068768]
[-0.245762, -0.165168, 0.453405, -0.292871, -0.011656]
[0.426236, 0.261357, 0.467757, -0.310081, -0.049875]
[0.104891, -0.054921, 0.458461, -0.311351, -0.112942]
[-0.271958, 0.374328, 0.485203, -0.312487, -0.034474]
[0.026301, 0.085274, 0.497413, -0.295644, -0.029638]
[0.451301, -0.143312, 0.471052, -0.298151, -0.035968]
[0.009541, -0.210009, 0.451104, -0.317768, -0.10548]
[0.475652, -0.27452, 0.476529, -0.290012, -0.038393]
[0.464116, 0.048157, 0.47038, -0.305446, -0.062886]
[0.077795, -0.2838, 0.448643, -0.311558, -0.093816]
[-0.04526, -0.474541, 0.456958, -0.307746, 0.003419]
[0.199039, -0.390353, 0.452124, -0.302745, -0.115013]
[0.418974, -0.462602, 0.472774, -0.296232, -0.102985]
[0.089618, -0.429116, 0.444231, -0.293294, -0.106808]
[0.44477, -0.465644, 0.460014, -0.308798, -0.104463]
[0.265001, -0.4953, 0.444615, -0.301187, -0.10359]
[-0.037525, -0.411718, 0.489458, -0.297197, -0.116986]
[0.304945, -0.270551, 0.475511, -0.296792, -0.115466]
[0.510672, -0.284669, 0.484079, -0.303454, -0.111721]
[0.28466, -0.298549, 0.499753, -0.311982, -0.114156]
[0.151776, -0.477766, 0.471947, -0.30063, -0.114402]
[-0.237506, -0.400828, 0.453152, -0.314276, -0.110116]
[0.268438, -0.309642, 0.494424, -0.303271, -0.104283]
[-0.06774, -0.298306, 0.446626, -0.316754, -0.102474]
[0.16287, -0.366922, 0.484165, -0.313287, -0.111806]
[-0.229387, -0.321608, 0.474141, -0.306451, -0.109115]
[0.402934, -0.284276, 0.462849, -0.300924, -0.118297]
[0.578955, -0.457167, 0.468232, -0.299278, -0.114592]
[0.469485, -0.48832, 0.4951, -0.316749, -0.106032]
[-0.027647, -0.293531, 0.46558, -0.302068, -0.113396]
[-0.147394, -0.334752, 0.459551, -0.316149, -0.102443]
[0.528551, -0.320271, 0.444274, -0.301653, -0.101039]
[0.168159, -0.328376, 0.469043, -0.306874, -0.106327]
[0.419456, -0.380338, 0.48648, -0.300681, -0.106849]
[0.274833, -0.423225, 0.474488, -0.308998, -0.105172]
[0.546394, -0.377712, 0.486103, -0.294945, -0.109552]
[-0.01414, -0.39214, 0.491999, -0.289263, -0.112067]
[0.01615, -0.429997, 0.495012, -0.297541, -0.105349]
[0.147731, -0.36517, 0.444054, -0.294618, -0.11582]
[-0.214658, -0.412215, 0.468752, -0.290319, -0.105789]
[-0.019152, -0.393002, 0.465922, -0.31058, -0.107225]
[0.603238, -0.426322, 0.477534, -0.293727, -0.105507]
[-0.034789, -0.310163, 0.468504, -0.300358, -0.102652]
[0.319284, -0.249356, 0.468379, -0.291928, -0.10153]
[0.454825, -0.286406, 0.49362, -0.296877, -0.114006]
[0.328683, -0.457271, 0.464102, -0.291792, -0.115962]
[0.21948, -0.351272, 0.490316, -0.302625, -0.116349]
[0.451445, -0.317142, 0.489539, -0.297277, -0.116266]
[-0.277055, -0.412763, 0.449288, -0.299848, -0.104515]
[0.013739, -0.353091, 0.466978, -0.312025, -0.106922]
[0.056798, -0.409838, 0.473166, -0.298649, -0.10083]
[-0.265805, -0.476037, 0.482631, -0.29351, -0.102515]
[0.010864, -0.332118, 0.463125, -0.28944, -0.10984]
[0.286673, -0.448277, 0.488388, -0.291536, -0.109314]
[0.090264, -0.291725, 0.471069, -0.300323, -0.106601]
[0.655105, -0.369216, 0.467306, -0.292964, -0.114146]
[0.150159, -0.477483, 0.478655, -0.289745, -0.107764]
[0.592785, -0.277893, 0.446299, -0.311465, -0.101361]
[0.137512, -0.472741, 0.454662, -0.294319, -0.10909]
[0.45368, -0.324531, 0.468051, -0.290307, -0.114977]
[0.411578, -0.276367, 0.46902, -0.312034, -0.100906]
[-0.116171, -0.407665, 0.447053, -0.311264, -0.113752]
[0.188771, -0.305762, 0.476931, -0.310406, -0.113499]
[-0.290058, -0.403358, 0.456222, -0.314677, -0.114055]
[-0.227332, -0.269856, 0.44304, -0.297414, -0.104512]
[0.245073, -0.291781, 0.497492, -0.296353, -0.114347]
[-0.091312, -0.389617, 0.459498, -0.30372, -0.117562]
[0.009802, -0.32607, 0.470965, -0.30552, -0.110959]
[0.633257, -0.317495, 0.493244, -0.301067, -0.109572]
[0.264627, -0.295866, 0.494469, -0.296952, -0.104988]
[-0.262598, -0.349379, 0.469043, -0.303996, -0.106711]
[0.409249, -0.387813, 0.471105, -0.306473, -0.112437]
[0.176155, -0.496261, 0.453577, -0.307533, -0.117176]
[0.560565, -0.479917, 0.490122, -0.315908, -0.110887]
[0.01015, -0.431923, 0.444836, -0.30689, -0.112227]
[-0.086341, -0.26582, 0.463183, -0.299641, -0.105359]
[-0.278305, -0.339093, 0.457895, -0.29483, -0.103151]
[-0.046814, -0.257074, 0.451356, -0.316705, -0.102608]
[0.069614, -0.451714, 0.471009, -0.308466, -0.105081]
[-0.245406, -0.359606, 0.480044, -0.306184, -0.111292]
[0.127269, -0.388734, 0.499329, -0.298131, -0.102365]
[-0.24812, -0.387551, 0.464643, -0.301101, -0.104351]
[-0.074383, -0.338079, 0.451001, -0.31635, -0.114176]
[0.647995, -0.251363, 0.49252, -0.299549, -0.113317]
[-0.325576, -0.329005, 0.472571, -0.298192, -0.110134]
[-0.115575, -0.362074, 0.498778, -0.30913, -0.10758]
[0.239444, -0.452065, 0.474938, -0.305322, -0.105789]
[0.130824, -0.328815, 0.481912, -0.311558, -0.116741]
[0.514809, -0.462074, 0.456183, -0.304183, -0.118135]
[0.390003, -0.419383, 0.454989, -0.307584, -0.109375]
[0.348519, -0.422279, 0.461752, -0.295982, -0.115853]
[-0.180726, -0.418647, 0.491167, -0.307461, -0.105753]
[0.651055, -0.396447, 0.469791, -0.304437, -0.118692]
[0.2225, -0.468654, 0.456708, -0.300396, -0.116028]
[-0.09286, -0.386421, 0.481753, -0.314025, -0.107474]
[0.596187, -0.365545, 0.489146, -0.30412, -0.103546]
[-0.116505, -0.442488, 0.499258, -0.292032, -0.115434]
[0.376033, -0.431546, 0.470189, -0.30464, -0.107286]
[0.054864, -0.305392, 0.497807, -0.302364, -0.102679]
[-0.106378, -0.350535, 0.446096, -0.317283, -0.116583]
[-0.192141, -0.289405, 0.493785, -0.293055, -0.101583]
[-0.067375, -0.320983, 0.481485, -0.301752, -0.11767]
[0.433373, -0.292114, 0.474458, -0.289834, -0.117725]
[0.513219, -0.439949, 0.486173, -0.316733, -0.114064]
[0.567206, -0.317256, 0.474845, -0.308652, -0.105701]
[0.329153, -0.366782, 0.488768, -0.305716, -0.103561]
[0.225624, -0.328178, 0.483103, -0.296665, -0.109057]
[0.365452, -0.346618, 0.474996, -0.297908, -0.100804]
[0.174888, -0.307251, 0.470976, -0.294721, -0.112159]
[0.614768, -0.295752, 0.495384, -0.311507, -0.105928]
[0.156516, -0.279778, 0.461403, -0.298146, -0.104251]
[-0.129163, -0.261139, 0.443698, -0.300197, -0.114095]
[0.181448, -0.458382, 0.487062, -0.297654, -0.10833]
[-0.229669, -0.3281, 0.476142, -0.29465, -0.110114]
[0.055489, -0.453556, 0.48355, -0.290108, -0.101988]
[0.190369, -0.429484, 0.459707, -0.300983, -0.106086]
[0.604708, -0.431502, 0.449038, -0.307123, -0.108548]
[0.190468, -0.305966, 0.494349, -0.295094, -0.116122]
[-0.318259, -0.389995, 0.48878, -0.315049, -0.115708]
[0.390109, -0.356989, 0.496465, -0.294326, -0.109361]
[-0.145329, -0.251768, 0.458173, -0.308486, -0.10252]
[-0.28323, -0.403616, 0.483031, -0.292217, -0.113824]
[-0.142994, -0.375383, 0.456116, -0.297712, -0.114218]
[0.334416, -0.449487, 0.479199, -0.306188, -0.112605]
[-0.243487, -0.452899, 0.466946, -0.292052, -0.10458]
[0.568796, -0.327441, 0.467025, -0.313021, -0.10231]
[0.31226, -0.358365, 0.446777, -0.315717, -0.109532]
[0.102466, -0.374004, 0.448736, -0.315012, -0.101362]
[0.258773, -0.425422, 0.464202, -0.304121, -0.114118]
[0.554556, -0.253399, 0.45804, -0.308782, -0.113858]
[0.174449, -0.48801, 0.463667, -0.314685, -0.118437]
[0.658405, -0.335757, 0.456479, -0.314223, -0.115374]
[0.428769, -0.366096, 0.468745, -0.315796, -0.111011]
[0.068859, -0.451754, 0.447698, -0.294222, -0.101335]
[0.283721, -0.362343, 0.447141, -0.290602, -0.113709]
[0.181705, -0.443809, 0.449787, -0.315101, -0.10336]
[0.16586, -0.385192, 0.496374, -0.305499, -0.117649]
[-0.177456, -0.359253, 0.457663, -0.305678, -0.107818]
[0.100091, -0.469875, 0.473157, -0.300077, -0.107237]
[0.369704, -0.387596, 0.496844, -0.313203, -0.117557]
[-0.126926, -0.407407, 0.471175, -0.293939, -0.101634]
[0.252412, -0.450103, 0.473044, -0.314492, -0.109182]
[0.459663, -0.279249, 0.48231, -0.310291, -0.116474]
[0.533926, -0.380401, 0.443129, -0.301451, -0.115299]
[0.387802, -0.304726, 0.475174, -0.291525, -0.116362]
[-0.320794, -0.494827, 0.481261, -0.31264, -0.10683]
[0.325727, -0.411016, 0.495471, -0.301028, -0.110261]
[-0.319912, -0.404139, 0.447442, -0.304822, -0.107402]
[0.277289, -0.396226, 0.449244, -0.289507, -0.10913]
[0.004659, -0.493665, 0.488259, -0.295924, -0.115259]
[0.384254, -0.467433, 0.474404, -0.300833, -0.105668]
[0.650583, -0.455441, 0.473252, -0.314207, -0.105206]
[0.597772, -0.481188, 0.461119, -0.305072, -0.103724]
[-0.202251, -0.386399, 0.47276, -0.294548, -0.117315]
[0.480631, -0.252078, 0.485246, -0.316426, -0.111399]
[0.186625, -0.462404, 0.482353, -0.294323, -0.115079]
[0.015998, -0.318584, 0.476657, -0.303105, -0.115047]
[0.362016, -0.308605, 0.483251, -0.307133, -0.117921]
[0.676548, -0.347647, 0.476708, -0.291155, -0.108534]
[0.413904, -0.37976, 0.484615, -0.290545, -0.113824]
[0.607849, -0.33737, 0.482032, -0.289918, -0.10223]
[0.120441, -0.249804, 0.492154, -0.317757, -0.108308]
[0.138105, -0.307775, 0.467572, -0.292298, -0.118609]
[0.216154, -0.280132, 0.449522, -0.308218, -0.103408]
[-0.289232, -0.416615, 0.464142, -0.306883, -0.10204]
[0.590406, -0.293244, 0.496396, -0.31753, -0.110916]
[0.40221, -0.495911, 0.454605, -0.291852, -0.112443]
[0.245619, -0.404024, 0.458257, -0.298721, -0.117077]
[0.442777, -0.413773, 0.448734, -0.298874, -0.114356]
[0.621952, -0.409177, 0.48366, -0.300111, -0.106805]
[0.325198, -0.323673, 0.464801, -0.290498, -0.113294]
[0.278774, -0.353252, 0.477113, -0.301608, -0.116949]
[0.420884, -0.471958, 0.468873, -0.310661, -0.118361]
[-0.086889, -0.36007, 0.477249, -0.295365, -0.116753]
[0.27509, -0.382458, 0.459862, -0.295906, -0.104452]
[-0.303418, -0.353943, 0.47498, -0.294667, -0.112124]
[0.649727, -0.491101, 0.490912, -0.305427, -0.105529]
[-0.024663, -0.367103, 0.468036, -0.311507, -0.114373]
[0.205722, -0.423954, 0.444539, -0.295031, -0.116996]
[0.610114, -0.455091, 0.483122, -0.292366, -0.105171]
[0.03035, -0.268973, 0.49153, -0.317498, -0.118549]
[0.126708, -0.38405, 0.495597, -0.31773, -0.103938]
[0.408084, -0.326686, 0.472291, -0.306598, -0.105896]
[0.39836, -0.380376, 0.462102, -0.299535, -0.111715]
[0.667199, -0.372702, 0.483914, -0.295037, -0.10374]
[0.663598, -0.37338, 0.444151, -0.31133, -0.106157]
[-0.243259, -0.358153, 0.448894, -0.317103, -0.102244]
[0.042076, -0.254746, 0.495935, -0.29633, -0.103115]
[0.388089, -0.352075, 0.482761, -0.314284, -0.105476]
[-0.113159, -0.449664, 0.451798, -0.306937, -0.109026]
[-0.124982, -0.254511, 0.457638, -0.304603, -0.118427]
[0.365545, -0.277159, 0.476613, -0.307167, -0.103479]
[0.625665, -0.476052, 0.472925, -0.305989, -0.107897]
[0.150495, -0.295182, 0.48934, -0.30007, -0.103662]
[0.260659, -0.467097, 0.476758, -0.313118, -0.106368]
[0.064955, -0.485328, 0.457742, -0.298112, -0.113505]
[0.013805, -0.307248, 0.472315, -0.314184, -0.117179]
[0.09165, -0.354652, 0.494565, -0.312001, -0.11746]
[0.094437, -0.318494, 0.448069, -0.292285, -0.11037]
[0.574015, -0.47594, 0.485398, -0.312055, -0.115981]
[0.541982, -0.31994, 0.483964, -0.293272, -0.117671]
[-0.041985, -0.406081, 0.443561, -0.311848, -0.104952]
[-0.27203, -0.280471, 0.4851, -0.305781, -0.113616]
[0.596411, -0.25628, 0.468294, -0.304714, -0.11124]
[0.180896, -0.457239, 0.457182, -0.310447, -0.107476]
[0.512208, -0.34327, 0.468295, -0.309851, -0.109006]
[0.286869, -0.429595, 0.487196, -0.291729, -0.114131]
[0.45864, -0.340956, 0.459742, -0.315958, -0.103814]
[-0.232013, -0.486454, 0.454524, -0.305137, -0.101737]
[0.081326, -0.452489, 0.475014, -0.3017, -0.109575]
[0.028212, -0.491476, 0.446494, -0.302424, -0.102993]
[0.38032, -0.35674, 0.472678, -0.314003, -0.109368]
[0.270695, -0.48893, 0.46933, -0.312129, -0.106768]
[0.414726, -0.396743, 0.449299, -0.304579, -0.105286]
[0.323734, -0.453813, 0.447133, -0.317563, -0.109833]
[0.248467, -0.351477, 0.462957, -0.296103, -0.117713]
[0.505775, -0.419469, 0.484857, -0.313792, -0.102114]
[-0.133221, -0.407126, 0.480115, -0.317494, -0.109025]
[0.105508, -0.334243, 0.460247, -0.305801, -0.103419]
[0.264699, -0.488782, 0.463412, -0.298276, -0.101109]
[-0.318652, -0.274604, 0.498157, -0.295354, -0.11867]
[0.592246, -0.322206, 0.454437, -0.291432, -0.114231]
[-0.243316, -0.266392, 0.498015, -0.304184, -0.107534]
[0.058353, -0.262612, 0.494415, -0.29736, -0.107241]
[0.311644, -0.422204, 0.462236, -0.289527, -0.101363]
[0.266577, -0.319174, 0.475207, -0.297447, -0.118585]
[-0.288788, -0.320629, 0.469747, -0.302461, -0.104134]
[0.217342, -0.487051, 0.480112, -0.304891, -0.117842]
[0.053534, -0.369493, 0.459076, -0.309784, -0.114533]
[0.638067, -0.423039, 0.492835, -0.306015, -0.101473]
[-0.268291, -0.453183, 0.460588, -0.31231, -0.101353]
[-0.313072, -0.405867, 0.491682, -0.312212, -0.113343]
[0.643174, -0.486117, 0.496138, -0.300557, -0.11487]
[-0.108815, -0.465591, 0.445259, -0.317262, -0.101443]
[-0.175648, -0.473921, 0.47068, -0.292691, -0.10944]
[0.122974, -0.370239, 0.491595, -0.291194, -0.112007]
[-0.115771, -0.424018, 0.499055, -0.312967, -0.10763]
[-0.066043, -0.449187, 0.443041, -0.310411, -0.11342]
[-0.103692, -0.317403, 0.479736, -0.305624, -0.109955]
[0.129839, -0.392538, 0.46638, -0.316151, -0.107693]
[0.023806, -0.339053, 0.474878, -0.305807, -0.104871]
[-0.028632, -0.44093, 0.497036, -0.293265, -0.108787]
[-0.186189, -0.25431, 0.449012, -0.296252, -0.11607]
[-0.123429, -0.352636, 0.454838, -0.294325, -0.109613]
[-0.133034, -0.309328, 0.443738, -0.31236, -0.110345]
[-0.254921, -0.486481, 0.453212, -0.314569, -0.102907]
[0.047041, -0.32882, 0.488356, -0.298644, -0.114504]
[0.089712, -0.404378, 0.468336, -0.313808, -0.102593]
[0.040786, -0.364773, 0.458131, -0.307947, -0.112235]
[0.126662, -0.360119, 0.4635, -0.309124, -0.107733]
[0.094084, -0.359945, 0.452035, -0.312916, -0.10947]
[0.440103, -0.473669, 0.48309, -0.317392, -0.105267]
[0.513608, -0.297136, 0.495951, -0.292833, -0.104442]
[-0.048163, -0.274418, 0.497617, -0.291796, -0.103634]
[0.672274, -0.399437, 0.491035, -0.293739, -0.106999]
[0.199969, -0.389508, 0.499557, -0.313936, -0.11164]
[0.150334, -0.432527, 0.47246, -0.3059, -0.103976]
[0.418206, -0.350272, 0.460164, -0.31125, -0.11134]
[-0.129441, -0.319279, 0.474638, -0.290108, -0.1183]
[0.462586, -0.482895, 0.499067, -0.311864, -0.113872]
[0.280478, -0.319472, 0.486274, -0.317414, -0.11214]
[0.423304, -0.294021, 0.489844, -0.306868, -0.111956]
[0.224822, -0.392852, 0.445365, -0.314727, -0.114708]
[0.469055, -0.3628, 0.490762, -0.300012, -0.10977]
[0.374425, -0.484434, 0.470319, -0.300734, -0.113378]
[-0.135718, -0.363721, 0.468672, -0.311923, -0.115343]
[0.670201, -0.434871, 0.45875, -0.296872, -0.118083]
[0.187178, -0.289688, 0.491231, -0.29807, -0.109441]
[-0.035228, -0.434802, 0.475972, -0.295827, -0.106717]
[-0.217951, -0.417363, 0.475679, -0.297411, -0.105988]
[-0.282876, -0.262814, 0.48115, -0.294781, -0.104196]
[0.153555, -0.375698, 0.444598, -0.297574, -0.112832]
[0.216064, -0.386686, 0.455817, -0.28938, -0.114781]
[-0.082272, -0.423692, 0.452308, -0.290467, -0.118503]
[0.647954, -0.467383, 0.48521, -0.296126, -0.113616]
[-0.296058, -0.265213, 0.488862, -0.292643, -0.104362]
[-0.170005, -0.41324, 0.46622, -0.299515, -0.116127]
[0.060564, -0.422075, 0.466178, -0.30297, -0.115806]
[-0.094946, -0.286357, 0.488142, -0.292654, -0.113733]
[0.531923, -0.321047, 0.486531, -0.296366, -0.103532]
[-0.176366, -0.317225, 0.49488, -0.289871, -0.118339]
[0.20265, -0.46849, 0.464127, -0.299365, -0.11831]
[0.18817, -0.419661, 0.488515, -0.290311, -0.105868]
[-0.212095, -0.431513, 0.446195, -0.30035, -0.10126]
[-0.138913, -0.451048, 0.467842, -0.302114, -0.1148]
[0.141304, -0.40415, 0.47367, -0.308629, -0.105523]
[0.290114, -0.355651, 0.485304, -0.310168, -0.102017]
[0.669614, -0.291116, 0.487734, -0.306812, -0.110855]
[0.451503, -0.375888, 0.478534, -0.302868, -0.112849]
[0.507178, -0.279158, 0.492811, -0.29295, -0.108465]
[-0.101909, -0.484314, 0.457732, -0.300313, -0.114678]
[0.332777, -0.305567, 0.47503, -0.295924, -0.11485]
[-0.008502, -0.268393, 0.479092, -0.307273, -0.118219]
[0.303126, -0.321698, 0.494478, -0.312409, -0.111366]
[0.213922, -0.487653, 0.493728, -0.293927, -0.103182]
[-0.139162, -0.262082, 0.476171, -0.316891, -0.11659]
[0.673443, -0.473643, 0.474644, -0.299876, -0.103163]
[0.581241, -0.48782, 0.446318, -0.294993, -0.112623]
[0.518406, -0.354321, 0.468059, -0.290259, -0.107131]
[0.012131, -0.403515, 0.458662, -0.313033, -0.104299]
[0.21953, -0.401544, 0.476386, -0.289325, -0.101039]
[0.41894, -0.44871, 0.471625, -0.312729, -0.10287]
[-0.16922, -0.397181, 0.492745, -0.290971, -0.114136]
[-0.106525, -0.472365, 0.473916, -0.293263, -0.117208]
[0.299963, -0.407553, 0.4546, -0.307089, -0.114047]
[0.083522, -0.479934, 0.462842, -0.289917, -0.11052]
[-0.293585, -0.364076, 0.488719, -0.291166, -0.110888]
[0.003692, -0.436572, 0.49348, -0.296198, -0.102497]
[0.12232, -0.446013, 0.483543, -0.299997, -0.114079]
[0.139874, -0.390966, 0.485344, -0.310284, -0.106374]
[-0.19901, -0.271147, 0.460839, -0.300982, -0.109336]
[0.218739, -0.299177, 0.465564, -0.308693, -0.114665]
[0.006718, -0.371185, 0.461859, -0.306143, -0.104164]
[-0.035353, -0.372851, 0.479519, -0.301739, -0.114866]
[0.441645, -0.297547, 0.491132, -0.314373, -0.108126]
[0.414448, -0.276615, 0.466412, -0.313576, -0.114978]
[0.279249, -0.250529, 0.468345, -0.309466, -0.118043]
[-0.049418, -0.384329, 0.475932, -0.296453, -0.116613]
[-0.274863, -0.295381, 0.448996, -0.291826, -0.111006]
[0.574667, -0.352955, 0.466757, -0.303686, -0.115745]
[-0.186921, -0.495947, 0.475439, -0.300738, -0.118396]
[0.419811, -0.428814, 0.460481, -0.315756, -0.10242]
[0.290688, -0.358867, 0.497366, -0.300852, -0.102858]
[-0.158183, -0.460636, 0.482182, -0.305418, -0.111606]
[-0.095264, -0.390066, 0.468192, -0.301089, -0.113815]
[-0.298985, -0.251645, 0.494005, -0.29618, -0.103669]
[-0.152378, -0.481325, 0.487444, -0.313862, -0.114116]
[-0.219015, -0.275281, 0.498204, -0.309663, -0.10481]
[-0.174837, -0.485234, 0.490907, -0.309414, -0.109571]
[0.141087, -0.460095, 0.471965, -0.29795, -0.117651]
[0.138676, -0.267395, 0.454625, -0.295123, -0.106429]
[0.404452, -0.407706, 0.497967, -0.305708, -0.110524]
[-0.11658, -0.257883, 0.490897, -0.30581, -0.116024]
[0.556832, -0.370114, 0.443091, -0.298133, -0.11815]
[-0.10849, -0.356063, 0.477004, -0.295053, -0.114012]
[0.410146, -0.46602, 0.47033, -0.290711, -0.104693]
[0.409568, -0.411431, 0.494415, -0.303355, -0.103579]
[0.379267, -0.405159, 0.493409, -0.302776, -0.107961]
[-0.168595, -0.452108, 0.455435, -0.296234, -0.103785]
[0.001197, -0.293369, 0.47054, -0.315632, -0.105668]
[-0.314737, -0.450597, 0.447005, -0.307978, -0.102691]
[0.431304, -0.283396, 0.483301, -0.293617, -0.102634]
[-0.192433, -0.367255, 0.449589, -0.300519, -0.116974]
[-0.105182, -0.286373, 0.498599, -0.29978, -0.118015]
[0.426561, -0.485577, 0.489856, -0.315604, -0.109199]
[0.567709, -0.464005, 0.453983, -0.291297, -0.102021]
[0.346124, -0.49182, 0.445082, -0.31701, -0.102109]
[0.390037, -0.327925, 0.493649, -0.312207, -0.10258]
[0.420994, -0.412536, 0.444786, -0.294277, -0.117708]
[0.617212, -0.384199, 0.48362, -0.309121, -0.118355]
[0.12538, -0.456222, 0.444471, -0.301883, -0.111733]
[0.126452, -0.273931, 0.483285, -0.307414, -0.114595]
[-0.289556, -0.494958, 0.480242, -0.294858, -0.109436]
[0.49872, -0.286901, 0.473979, -0.292831, -0.101745]
[-0.209251, -0.471652, 0.462236, -0.293931, -0.116646]
[0.205894, -0.34225, 0.464272, -0.317199, -0.112531]
[0.561203, -0.462886, 0.465594, -0.293759, -0.104136]
[0.149585, -0.398368, 0.499044, -0.291797, -0.11366]
[0.281781, -0.357464, 0.47179, -0.312435, -0.103352]
[0.615683, -0.347262, 0.49007, -0.303805, -0.107553]
[-0.307343, -0.364822, 0.4488, -0.308105, -0.118711]
[-0.019105, -0.293997, 0.476615, -0.289686, -0.117225]
[0.450602, -0.446339, 0.443202, -0.31073, -0.112246]
[0.266143, -0.342012, 0.472136, -0.295583, -0.108215]
[0.117913, -0.3723, 0.487463, -0.290452, -0.117142]
[0.218157, -0.381898, 0.47326, -0.314817, -0.101044]
[0.281072, -0.258121, 0.459091, -0.300404, -0.106597]
[0.020544, -0.321218, 0.460105, -0.291735, -0.11125]
[0.603911, -0.306548, 0.459454, -0.315164, -0.106786]
[-0.125325, -0.456695, 0.461711, -0.312779, -0.115216]
[0.519608, -0.496433, 0.486515, -0.293, -0.106231]
[0.469611, -0.414966, 0.47383, -0.298736, -0.115362]
[0.459816, -0.39506, 0.472594, -0.305636, -0.116045]
[0.246336, -0.260152, 0.45171, -0.314655, -0.10326]
[0.1436, -0.387113, 0.463245, -0.317007, -0.107517]
[-0.29819, -0.375653, 0.496511, -0.307727, -0.100856]
[-0.225288, -0.387976, 0.458472, -0.293711, -0.113014]
[0.589383, -0.437991, 0.491112, -0.302338, -0.108838]
[0.501811, -0.313665, 0.465441, -0.292543, -0.102731]
[0.180995, -0.282139, 0.465338, -0.295467, -0.109216]
[0.172405, -0.269243, 0.445704, -0.316963, -0.110226]
[0.646844, -0.285023, 0.473533, -0.293996, -0.118411]
[0.206215, -0.312743, 0.445837, -0.304284, -0.103325]
[0.582582, -0.298172, 0.448427, -0.292373, -0.105506]
[0.011319, -0.297286, 0.45362, -0.30893, -0.109866]
[0.507592, -0.397153, 0.462945, -0.308642, -0.106968]
[0.169917, -0.390041, 0.464196, -0.30548, -0.118458]
[-0.309639, -0.43246, 0.496084, -0.306536, -0.114639]
[0.628344, -0.278154, 0.476382, -0.300342, -0.115814]
[0.287368, -0.443815, 0.498905, -0.301249, -0.113932]
[0.145359, -0.397828, 0.444122, -0.296044, -0.107074]
[0.307397, -0.25022, 0.497854, -0.301335, -0.107321]
[0.204697, -0.272796, 0.444112, -0.29592, -0.102917]
[0.567354, -0.296604, 0.477848, -0.291061, -0.114919]
[-0.089604, -0.252219, 0.466088, -0.315691, -0.113248]
[0.651172, -0.491993, 0.485395, -0.303139, -0.103903]
[0.403844, -0.448778, 0.489446, -0.303948, -0.118611]
[0.668486, -0.41298, 0.447349, -0.302871, -0.109612]
[0.576913, -0.434685, 0.486462, -0.294446, -0.113491]
[0.371128, -0.291393, 0.466928, -0.29312, -0.102528]
[0.046212, -0.461655, 0.499579, -0.305767, -0.101122]
[0.355102, -0.301732, 0.449631, -0.298493, -0.107907]
[0.029415, -0.288346, 0.458842, -0.29798, -0.101278]
[0.290171, -0.363807, 0.482493, -0.300546, -0.116102]
[0.531448, -0.262722, 0.472578, -0.298992, -0.112483]
[0.349682, -0.459445, 0.493172, -0.315485, -0.101446]
[0.241041, -0.292239, 0.443208, -0.316314, -0.107279]
[0.163968, -0.394194, 0.448619, -0.291175, -0.103511]
[0.072129, -0.457676, 0.477926, -0.292316, -0.101408]
[0.551406, -0.307408, 0.482095, -0.310728, -0.11177]
[-0.174123, -0.328148, 0.490351, -0.310363, -0.114592]
[-0.30992, -0.46052, 0.476735, -0.299122, -0.110109]
[0.201278, -0.308571, 0.487544, -0.306985, -0.115027]
[0.622132, -0.493601, 0.477259, -0.313947, -0.11377]
[0.000636, -0.311951, 0.48322, -0.304526, -0.107032]
[0.510233, -0.4604, 0.463076, -0.303414, -0.108588]
[0.431466, -0.325985, 0.45193, -0.294969, -0.11742]
[-0.13637, -0.30054, 0.467094, -0.290888, -0.111186]
[0.668583, -0.411256, 0.445496, -0.305056, -0.104274]
[0.646017, -0.375878, 0.472106, -0.289701, -0.114311]
[-0.014145, -0.287439, 0.496438, -0.303233, -0.11135]
[-0.058749, -0.434382, 0.499929, -0.31708, -0.111867]
[0.646754, -0.251594, 0.446797, -0.296645, -0.104931]
[-0.098397, -0.312144, 0.464301, -0.294115, -0.101204]
[0.148828, -0.454615, 0.452511, -0.311134, -0.115249]
[-0.149643, -0.309923, 0.46396, -0.292144, -0.117747]
[0.040032, -0.256033, 0.494521, -0.305242, -0.10425]
[-0.174356, -0.40847, 0.448527, -0.296138, -0.104466]
[-0.113907, -0.302342, 0.479282, -0.292332, -0.116741]
[-0.259001, -0.257312, 0.472069, -0.299938, -0.10728]
[-0.325369, -0.438234, 0.47178, -0.316322, -0.116948]
[0.436595, -0.298913, 0.476214, -0.308158, -0.110887]
[-0.103868, -0.299816, 0.490645, -0.292928, -0.117064]
[0.615947, -0.29482, 0.460421, -0.303668, -0.105477]
[-0.082178, -0.365842, 0.478929, -0.289811, -0.113227]
[0.184371, -0.307111, 0.44853, -0.314279, -0.104492]
[-0.230785, -0.463212, 0.475569, -0.302114, -0.117783]
[-0.278872, -0.468329, 0.475449, -0.304958, -0.111314]
[0.247696, -0.301081, 0.491827, -0.311487, -0.106054]
[0.027284, -0.471082, 0.450243, -0.305786, -0.10591]
[0.535844, -0.265988, 0.483322, -0.290253, -0.108691]
[0.225549, -0.327677, 0.457836, -0.312973, -0.112251]
[-0.066943, -0.305538, 0.485522, -0.306244, -0.107666]
[-0.04946, -0.28485, 0.468153, -0.31688, -0.10403]
[0.354583, -0.393161, 0.47862, -0.3064, -0.10346]
[0.66371, -0.255954, 0.484656, -0.306508, -0.102233]
[0.457258, -0.397126, 0.479494, -0.302585, -0.106698]
[-0.038331, -0.316672, 0.478108, -0.306656, -0.114312]
[0.666013, -0.433876, 0.495062, -0.309065, -0.11012]
[-0.062163, -0.474247, 0.446544, -0.294634, -0.108101]
[0.511103, -0.44077, 0.450968, -0.306891, -0.108738]
[0.499452, -0.373391, 0.449643, -0.315839, -0.101014]
[0.519697, -0.406006, 0.466751, -0.311047, -0.114571]
[0.367007, -0.303078, 0.460111, -0.305818, -0.108931]
[0.092657, -0.485, 0.473227, -0.303635, -0.113856]
[0.087487, -0.486101, 0.453799, -0.292007, -0.116377]
[-0.07812, -0.299409, 0.47804, -0.312143, -0.100991]
[0.071099, -0.262787, 0.481293, -0.302866, -0.105581]
[0.445584, -0.433269, 0.498619, -0.299542, -0.105212]
[0.062761, -0.469948, 0.448987, -0.301733, -0.112995]
[0.323342, -0.258453, 0.444129, -0.30149, -0.111394]
[-0.155779, -0.304969, 0.452416, -0.298069, -0.118132]
[-0.013913, -0.3353, 0.491895, -0.317082, -0.10367]
[0.242601, -0.369695, 0.467434, -0.290016, -0.10491]
[0.241577, -0.335035, 0.482864, -0.303858, -0.11858]
[-0.27429, -0.342455, 0.448785, -0.293907, -0.106791]
[0.277932, -0.26586, 0.443705, -0.309908, -0.112992]
[0.522203, -0.264166, 0.487443, -0.296089, -0.109918]
[0.021245, -0.269078, 0.449112, -0.290005, -0.118437]
[-0.109907, -0.273788, 0.465038, -0.314241, -0.109782]
[0.564992, -0.344854, 0.443132, -0.29811, -0.102718]
[0.494511, -0.283904, 0.482972, -0.298227, -0.105045]
[0.053526, -0.294378, 0.493691, -0.293369, -0.111579]
[0.506928, -0.339384, 0.496933, -0.298733, -0.110713]
[0.347141, -0.288113, 0.478027, -0.297874, -0.110353]
[0.444954, -0.318708, 0.496017, -0.314863, -0.115678]
[-0.300368, -0.275373, 0.464055, -0.296227, -0.110355]
[0.370876, -0.313397, 0.486628, -0.310286, -0.115595]
[-0.171623, -0.345646, 0.491013, -0.312044, -0.111855]
[0.530104, -0.294252, 0.49024, -0.307005, -0.110293]
[-0.325721, -0.285068, 0.459398, -0.307792, -0.114224]
[-0.070725, -0.342644, 0.449659, -0.294326, -0.109476]
[0.070719, -0.33098, 0.461963, -0.293758, -0.106459]
[-0.177744, -0.336425, 0.475412, -0.312172, -0.116189]
[0.453821, -0.340717, 0.446802, -0.301776, -0.112616]
[0.282979, -0.254407, 0.481877, -0.293532, -0.116599]
[-0.122956, -0.307255, 0.45935, -0.310837, -0.104145]
[-0.162899, -0.285029, 0.478662, -0.310202, -0.103066]
[-0.018593, -0.267428, 0.489402, -0.291239, -0.114048]
[0.466451, -0.292967, 0.498056, -0.296451, -0.107376]
[0.064924, -0.27798, 0.472046, -0.316156, -0.100835]
[-0.134229, -0.353488, 0.459499, -0.310103, -0.106551]
[-0.184434, -0.301115, 0.448991, -0.314853, -0.113076]
[0.663059, -0.370363, 0.48424, -0.306857, -0.116857]
[0.250701, -0.279458, 0.481163, -0.29513, -0.114991]
[0.311032, -0.251536, 0.462757, -0.292029, -0.102209]
[-0.038493, -0.35435, 0.499649, -0.298222, -0.107732]
[0.510547, -0.370478, 0.470658, -0.302313, -0.103142]
[0.183795, -0.282404, 0.493938, -0.300218, -0.118314]
[0.568879, -0.308699, 0.46928, -0.310731, -0.110752]
[-0.112707, -0.36196, 0.487919, -0.295072, -0.102432]
[0.676768, -0.319969, 0.490362, -0.308576, -0.10644]
[0.055228, -0.276866, 0.494132, -0.315168, -0.11659]
[-0.130939, -0.270843, 0.477171, -0.29442, -0.11844]
[-0.201349, -0.263592, 0.469809, -0.314335, -0.111335]
[-0.219046, -0.260945, 0.464771, -0.313014, -0.115327]
[0.558123, -0.327064, 0.45553, -0.316316, -0.115849]
[-0.293977, -0.293728, 0.472947, -0.31338, -0.118635]
[0.564623, -0.305759, 0.454593, -0.289467, -0.104938]
[0.396158, -0.263434, 0.476669, -0.292082, -0.11482]
[-0.161843, -0.289392, 0.445838, -0.296545, -0.11445]
[0.450417, -0.31422, 0.455292, -0.30994, -0.107517]
[0.61672, -0.346618, 0.472073, -0.303932, -0.104331]
[0.65504, -0.287258, 0.480594, -0.293469, -0.118265]
[-0.069093, -0.357532, 0.475499, -0.300733, -0.105183]
[0.213314, -0.297035, 0.479046, -0.317034, -0.109221]
[0.263406, -0.348545, 0.485925, -0.31141, -0.114521]
[0.02749, -0.325898, 0.494815, -0.307209, -0.105376]
[0.465774, -0.329869, 0.490312, -0.289403, -0.105702]
[0.431913, -0.285571, 0.455966, -0.29179, -0.108045]
[0.142178, -0.28787, 0.464467, -0.30887, -0.114315]
[0.474919, -0.298869, 0.478372, -0.296552, -0.100821]
[-0.207074, -0.251326, 0.490402, -0.309708, -0.110171]
[0.052026, -0.274413, 0.449717, -0.304657, -0.114192]
[0.308938, -0.260789, 0.476176, -0.315102, -0.108501]
[-0.054352, -0.265276, 0.477963, -0.311726, -0.109347]
[-0.266726, -0.367181, 0.460049, -0.3064, -0.109709]
[0.070405, -0.297921, 0.470636, -0.292372, -0.112145]
[0.360435, -0.334879, 0.448656, -0.301276, -0.10218]
[0.232423, -0.275974, 0.480725, -0.317224, -0.112526]
[0.439476, -0.317381, 0.489115, -0.311684, -0.113051]
[0.026432, -0.296217, 0.452363, -0.307619, -0.109339]
[0.26165, -0.349744, 0.445115, -0.314579, -0.115755]
[-0.096134, -0.315015, 0.459371, -0.294067, -0.11716]
[0.310615, -0.326907, 0.445748, -0.308035, -0.115801]
[-0.220635, -0.278231, 0.456048, -0.29833, -0.105003]
[0.189918, -0.262861, 0.493386, -0.303052, -0.118419]
[-0.231831, -0.270374, 0.45493, -0.297425, -0.101723]
[0.181863, -0.256736, 0.49777, -0.316243, -0.105412]
[0.267753, -0.259182, 0.467604, -0.306617, -0.113285]
[0.527839, -0.350719, 0.451691, -0.293878, -0.104767]
[0.358771, -0.278398, 0.449651, -0.303197, -0.10598]
[0.18536, -0.358321, 0.473966, -0.300972, -0.10245]
[0.203191, -0.32896, 0.485549, -0.301456, -0.11424]
[-0.246634, -0.35692, 0.497237, -0.300559, -0.10611]
[0.639031, -0.298803, 0.482926, -0.310748, -0.11664]
[0.397765, -0.295389, 0.495981, -0.293705, -0.106164]
[0.43074, -0.28741, 0.443535, -0.295107, -0.104568]
[0.604606, -0.264653, 0.483721, -0.31768, -0.110143]
[0.454458, -0.363247, 0.478828, -0.315349, -0.115046]
[0.657378, -0.317351, 0.459089, -0.293186, -0.114731]
[-0.144852, -0.292868, 0.479286, -0.29932, -0.102139]
[-0.301043, -0.284188, 0.45349, -0.312741, -0.112324]
[0.608786, -0.362572, 0.499155, -0.291069, -0.109664]
[-0.020322, -0.364801, 0.495353, -0.314584, -0.118312]
[0.345076, -0.352883, 0.465387, -0.310233, -0.114325]
[0.181449, -0.348999, 0.472704, -0.302852, -0.11344]
[-0.022047, -0.308283, 0.477409, -0.28946, -0.111662]
[0.414371, -0.31986, 0.469909, -0.307404, -0.112966]
[0.090755, -0.312462, 0.475802, -0.305907, -0.11814]
[-0.111224, -0.306014, 0.493062, -0.316913, -0.108471]
[0.513882, -0.266059, 0.499732, -0.317587, -0.118512]
[0.315351, -0.336664, 0.492279, -0.298249, -0.105797]
[0.315452, -0.295614, 0.447459, -0.299442, -0.114147]
[0.179845, -0.329757, 0.460355, -0.305121, -0.117996]
[0.524701, -0.322066, 0.461956, -0.300425, -0.101718]
[-0.143113, -0.35053, 0.461719, -0.301575, -0.106272]
[0.188892, -0.268998, 0.450299, -0.298726, -0.113093]
[0.584752, -0.34025, 0.477996, -0.294299, -0.101791]
[0.17789, -0.303473, 0.499732, -0.299123, -0.112021]
[0.458221, -0.310509, 0.459969, -0.300199, -0.116538]
[0.100391, -0.371345, 0.496139, -0.30955, -0.109254]
[0.355159, -0.370772, 0.447661, -0.298727, -0.112858]
[-0.181884, -0.304061, 0.499155, -0.297918, -0.106402]
[-0.11663, -0.322698, 0.453648, -0.31665, -0.118301]
[0.538794, -0.349725, 0.446741, -0.302752, -0.109023]
[0.679851, -0.256107, 0.475739, -0.309496, -0.105212]
[0.301416, -0.348744, 0.498103, -0.312559, -0.109697]
[-0.086018, -0.280621, 0.475731, -0.316672, -0.111446]
[0.199348, -0.366397, 0.462974, -0.289605, -0.115721]
[0.274327, -0.306903, 0.487917, -0.309937, -0.104829]
[0.387128, -0.301637, 0.456964, -0.295428, -0.115189]
[-0.292094, -0.263672, 0.49078, -0.29187, -0.10951]
[0.514184, -0.328878, 0.450462, -0.308574, -0.113657]
[0.04909, -0.33823, 0.490895, -0.299661, -0.110599]
[0.562326, -0.280775, 0.451898, -0.316341, -0.109436]
[-0.236407, -0.259023, 0.490793, -0.308037, -0.115157]
[-0.284288, -0.335497, 0.464574, -0.305474, -0.101375]
[0.661881, -0.267163, 0.481951, -0.301743, -0.11157]
[-0.302113, -0.255648, 0.488498, -0.316801, -0.104295]
[0.645563, -0.286413, 0.445418, -0.317756, -0.102879]
[-0.161261, -0.342375, 0.477556, -0.30378, -0.105233]
[0.531352, -0.275439, 0.471655, -0.292925, -0.118407]
[0.516858, -0.284681, 0.45403, -0.312087, -0.108189]
[0.408894, -0.338429, 0.470985, -0.315804, -0.114804]
[-0.007978, -0.349527, 0.456786, -0.308092, -0.102396]
[-0.019636, -0.362064, 0.470965, -0.313112, -0.105083]
[-0.323403, -0.260371, 0.495151, -0.31164, -0.11603]
[0.111101, -0.325735, 0.445524, -0.299578, -0.105008]
[0.180528, -0.370142, 0.45085, -0.314044, -0.117484]
[0.025014, -0.328202, 0.474048, -0.313085, -0.116794]
[0.300347, -0.365179, 0.4821, -0.294222, -0.107059]
[-0.233926, -0.289309, 0.47044, -0.308661, -0.105595]
[0.043303, -0.332316, 0.492273, -0.291812, -0.106324]
[-0.152598, -0.269162, 0.495177, -0.317799, -0.103082]
[0.0795, -0.335363, 0.467468, -0.314369, -0.109777]
[0.413786, -0.27022, 0.449169, -0.306636, -0.104697]
[-0.32832, -0.327902, 0.454129, -0.31302, -0.108168]
[0.536298, -0.309836, 0.484547, -0.29596, -0.102577]
[0.517728, -0.33814, 0.475742, -0.311709, -0.104154]
[0.428403, -0.341868, 0.454592, -0.315493, -0.108411]
[0.299668, -0.330762, 0.483219, -0.297516, -0.103008]
[0.412758, -0.339556, 0.482514, -0.295592, -0.116163]
[0.657713, -0.309855, 0.467316, -0.301304, -0.110634]
[-0.246151, -0.325007, 0.473547, -0.3148, -0.116984]
[-0.290898, -0.341256, 0.455614, -0.314943, -0.110024]
[0.083986, -0.366495, 0.445581, -0.292895, -0.105049]
[0.085014, -0.360874, 0.474708, -0.308183, -0.11208]
[0.267365, -0.364676, 0.497956, -0.316307, -0.111631]
[0.067278, -0.342928, 0.494807, -0.302753, -0.110244]
[0.374329, -0.334409, 0.495451, -0.296571, -0.102364]
[0.017014, -0.356155, 0.461387, -0.289339, -0.108751]
[0.611675, -0.369544, 0.45715, -0.298293, -0.117123]
[-0.100089, -0.370598, 0.447546, -0.292572, -0.110012]
[0.209863, -0.368042, 0.462549, -0.296433, -0.112864]
[0.238714, -0.30761, 0.473803, -0.293143, -0.109418]
[-0.219982, -0.343811, 0.459744, -0.294433, -0.104999]
[0.610423, -0.368754, 0.497611, -0.296869, -0.105491]
[-0.27643, -0.320573, 0.459021, -0.316162, -0.116107]
[0.072815, -0.250123, 0.491775, -0.305678, -0.113958]
[0.36331, -0.266792, 0.490554, -0.314983, -0.101598]
[0.480664, -0.355053, 0.467023, -0.293825, -0.118302]
[0.393267, -0.355884, 0.496441, -0.30142, -0.108035]
[0.427656, -0.329392, 0.471834, -0.312725, -0.112056]
[0.576623, -0.341635, 0.496224, -0.295279, -0.116358]
[0.63323, -0.357842, 0.49636, -0.312346, -0.111888]
[0.311966, -0.291063, 0.498165, -0.302709, -0.117661]
[-0.173751, -0.338484, 0.486467, -0.29641, -0.100931]
[0.205862, -0.250711, 0.472941, -0.314186, -0.118278]
[0.044084, -0.36722, 0.463759, -0.312, -0.11082]
[0.48946, -0.352424, 0.491518, -0.300181, -0.104195]
[0.639438, -0.332878, 0.49485, -0.316703, -0.115929]
[0.43546, -0.313178, 0.456405, -0.299748, -0.108637]
[0.34604, -0.343177, 0.494658, -0.299547, -0.103861]
[0.613574, -0.279854, 0.497572, -0.309091, -0.100868]
[-0.298632, -0.281506, 0.47792, -0.301306, -0.113555]
[-0.168659, -0.343799, 0.47163, -0.301262, -0.118097]
[0.670875, -0.310952, 0.487639, -0.291326, -0.105045]
[0.147653, -0.299622, 0.458456, -0.309403, -0.10393]
[0.21254, -0.288725, 0.456628, -0.30305, -0.116744]
[0.42376, -0.266819, 0.458229, -0.294359, -0.116645]
[0.633264, -0.327856, 0.493723, -0.314507, -0.112927]
[0.427029, -0.313068, 0.455917, -0.307379, -0.116185]
[-0.019214, -0.294082, 0.480957, -0.314393, -0.117493]
[0.022816, -0.311954, 0.443619, -0.312019, -0.114588]
[0.354871, -0.298682, 0.482444, -0.295707, -0.104092]
[0.24299, -0.268836, 0.452667, -0.306153, -0.112004]
[0.445324, -0.366619, 0.479139, -0.315669, -0.116439]
[-0.035515, -0.367155, 0.492408, -0.313288, -0.108791]
[0.100993, -0.266045, 0.490194, -0.309023, -0.10585]
[0.147181, -0.368338, 0.498531, -0.305001, -0.109134]
[0.06433, -0.318332, 0.443466, -0.290238, -0.102962]
[0.142395, -0.280269, 0.487986, -0.292412, -0.107927]
[0.108456, -0.313093, 0.45262, -0.296942, -0.110486]
[0.597103, -0.300821, 0.491525, -0.315152, -0.116997]
[0.023871, -0.271216, 0.46624, -0.295611, -0.111757]
[0.39381, -0.321871, 0.454479, -0.298019, -0.107577]
[0.496726, -0.351885, 0.444151, -0.302722, -0.106102]
[0.662926, -0.28109, 0.485429, -0.294537, -0.112179]
[0.295766, -0.277522, 0.462137, -0.30244, -0.111067]
[0.625237, -0.342385, 0.462794, -0.30723, -0.117707]
[-0.069661, -0.270693, 0.494869, -0.303977, -0.105478]
[0.530658, -0.279481, 0.469064, -0.31168, -0.107237]
[0.120237, -0.36163, 0.476197, -0.299759, -0.113128]
[0.550735, -0.346779, 0.453133, -0.299133, -0.101757]
[-0.29269, -0.328842, 0.48928, -0.306328, -0.11745]
[0.637507, -0.298449, 0.465508, -0.317134, -0.115529]
[-0.154688, -0.371227, 0.481785, -0.289944, -0.10808]
[0.585905, -0.357989, 0.453054, -0.312723, -0.105847]
[0.267496, -0.287479, 0.475904, -0.310945, -0.11752]
[0.560557, -0.337143, 0.451351, -0.292671, -0.107469]
[0.433126, -0.334871, 0.458426, -0.299299, -0.110351]
[-0.183007, -0.314552, 0.458897, -0.312388, -0.114551]
[0.390298, -0.263185, 0.467717, -0.308635, -0.11699]
[0.098162, -0.280614, 0.49226, -0.295185, -0.10154]
[0.375559, -0.337483, 0.459634, -0.29935, -0.111707]
[0.388459, -0.273481, 0.451545, -0.312711, -0.105391]
[0.264445, -0.280305, 0.482258, -0.297866, -0.111054]
[0.09491, -0.315035, 0.443997, -0.293934, -0.105138]
[-0.002899, -0.320149, 0.449956, -0.303875, -0.111635]
[0.254397, -0.255202, 0.465063, -0.304576, -0.10641]
[0.492073, -0.344326, 0.458499, -0.297667, -0.108952]
[-0.103124, -0.33361, 0.452196, -0.303998, -0.101344]
[0.084523, -0.320778, 0.475389, -0.289809, -0.115104]
[0.369868, -0.259487, 0.497196, -0.314102, -0.106214]
[0.250419, -0.325652, 0.478294, -0.294441, -0.113424]
[-0.163698, -0.260569, 0.46105, -0.308868, -0.113656]
[-0.243072, -0.305221, 0.488044, -0.29574, -0.112551]
[0.120413, -0.281434, 0.484604, -0.308526, -0.116799]
[0.329026, -0.343288, 0.470596, -0.289417, -0.104655]
[0.286525, -0.348121, 0.494244, -0.298633, -0.115791]
[0.657644, -0.253812, 0.474485, -0.299113, -0.111637]
[-0.173975, -0.295713, 0.467473, -0.299868, -0.116773]
[-0.325186, -0.357623, 0.471159, -0.289518, -0.111423]
[0.132753, -0.290485, 0.490043, -0.290009, -0.115526]
[0.464956, -0.295834, 0.48333, -0.311389, -0.113706]
[-0.021169, -0.349173, 0.482922, -0.295376, -0.104894]
[-0.0354, -0.36943, 0.444247, -0.311849, -0.11169]
[0.304468, -0.290948, 0.458094, -0.296631, -0.106792]
[-0.189564, -0.252466, 0.490109, -0.298914, -0.117326]
[0.59184, -0.365579, 0.480882, -0.316506, -0.102938]
[-0.070812, -0.311214, 0.499906, -0.311213, -0.104172]
[0.083646, -0.286177, 0.464401, -0.309664, -0.100978]
[0.523446, -0.267265, 0.445631, -0.315269, -0.115983]
[0.408254, -0.298504, 0.465871, -0.298772, -0.111175]
[0.362859, -0.326022, 0.494452, -0.306569, -0.115756]
[0.614646, -0.351634, 0.498482, -0.300482, -0.105826]
[0.506961, -0.253175, 0.450564, -0.295289, -0.114284]
[0.625963, -0.310999, 0.475124, -0.315272, -0.111087]
[0.494639, -0.323792, 0.487522, -0.298094, -0.111405]
[0.234378, -0.327748, 0.45386, -0.291566, -0.105278]
[0.496583, -0.329663, 0.452253, -0.312614, -0.112272]
[0.108542, -0.258936, 0.47306, -0.315793, -0.114403]
[0.072863, -0.307797, 0.46839, -0.295405, -0.113139]
[-0.069538, -0.26178, 0.447948, -0.301795, -0.101537]
[-0.055436, -0.267697, 0.476537, -0.297645, -0.108482]
[0.307179, -0.332633, 0.474761, -0.29007, -0.11707]
[-0.157835, -0.280514, 0.490501, -0.289767, -0.1103]
[0.02515, -0.315339, 0.445144, -0.290873, -0.116124]
[0.161046, -0.32651, 0.467964, -0.291106, -0.110945]
[-0.32703, -0.341194, 0.488892, -0.300001, -0.107966]
[-0.235035, -0.33396, 0.475932, -0.291308, -0.110849]
[0.641645, -0.352214, 0.465065, -0.297462, -0.105719]
[0.584969, -0.302543, 0.478961, -0.29167, -0.117972]
[-0.089247, -0.347676, 0.495123, -0.301722, -0.10503]
[0.213269, -0.304335, 0.469187, -0.294975, -0.10174]
[-0.289636, -0.284852, 0.477312, -0.305029, -0.102921]
[0.465026, -0.274889, 0.497178, -0.301361, -0.107039]
[0.261707, -0.249915, 0.443977, -0.309565, -0.115301]
[0.55158, -0.3334, 0.455318, -0.304007, -0.101778]
[0.06743, -0.370384, 0.472183, -0.293855, -0.11782]
[-0.309853, -0.290321, 0.471359, -0.299994, -0.108319]
[0.382544, -0.350831, 0.464831, -0.290871, -0.108844]
[-0.272009, -0.365264, 0.489439, -0.293661, -0.107581]
[-0.237278, -0.274305, 0.460696, -0.315156, -0.118169]
[0.023064, -0.348322, 0.495431, -0.304176, -0.104843]
[0.010532, -0.320753, 0.498372, -0.312601, -0.108347]
[-0.199189, -0.263626, 0.462613, -0.310072, -0.10499]
[0.629155, -0.33563, 0.446894, -0.28993, -0.112328]
[0.119923, -0.259467, 0.483269, -0.290884, -0.104134]
[-0.319511, -0.285767, 0.45881, -0.293264, -0.117219]
[0.381299, -0.34261, 0.477297, -0.301325, -0.115345]
[-0.102445, -0.255738, 0.485982, -0.304333, -0.111433]
[0.469556, -0.333394, 0.477543, -0.309356, -0.114613]
[0.539298, -0.278493, 0.46766, -0.291716, -0.104743]
[0.041108, -0.279847, 0.478511, -0.297086, -0.113404]
[0.282683, -0.33075, 0.495904, -0.29239, -0.107887]
[0.158122, -0.267348, 0.467882, -0.301973, -0.11557]
[-0.043805, -0.321311, 0.48221, -0.31515, -0.106134]
[0.277184, -0.352822, 0.494242, -0.296414, -0.114089]
[-0.173087, -0.371101, 0.452251, -0.306933, -0.114888]
[0.002524, -0.287026, 0.493696, -0.300394, -0.101743]
[0.127468, -0.343557, 0.483145, -0.301265, -0.116128]
[0.552372, -0.361543, 0.447515, -0.301623, -0.107908]
[0.669306, -0.32741, 0.450446, -0.298887, -0.116987]
[-0.059478, -0.340534, 0.450994, -0.307152, -0.104589]
[-0.175406, -0.343419, 0.468225, -0.290711, -0.116996]
[0.540971, -0.281764, 0.493749, -0.314303, -0.110326]
[0.29527, -0.337453, 0.447867, -0.306674, -0.101998]
[0.327268, -0.354786, 0.443967, -0.294239, -0.105667]
[0.371412, -0.327286, 0.446809, -0.315082, -0.114639]
[0.199646, -0.29262, 0.47116, -0.316781, -0.107338]
[0.567326, -0.343192, 0.469408, -0.291205, -0.114385]
[0.054909, -0.334112, 0.450847, -0.289292, -0.109187]
[0.477148, -0.314711, 0.478849, -0.30567, -0.101377]
[0.625194, -0.278311, 0.497579, -0.313491, -0.114532]
[0.564524, -0.369168, 0.467119, -0.293539, -0.108147]
[-0.192815, -0.368872, 0.461569, -0.313964, -0.110795]
[0.344449, -0.313668, 0.4445, -0.29146, -0.102181]
[-0.050911, -0.356589, 0.445775, -0.296369, -0.110605]
[0.180249, -0.340898, 0.478275, -0.295764, -0.11275]
[0.298332, -0.26964, 0.463182, -0.292501, -0.118075]
[-0.313248, -0.34344, 0.469525, -0.293821, -0.115321]
[-0.045336, -0.262631, 0.49384, -0.301665, -0.113474]
[-0.191455, -0.316243, 0.44352, -0.317588, -0.106342]
[0.60545, -0.313432, 0.464206, -0.30464, -0.104695]
[0.029737, -0.335135, 0.463066, -0.310266, -0.114174]
[0.396801, -0.266683, 0.453416, -0.293542, -0.109576]
[0.548646, -0.315167, 0.48517, -0.289391, -0.113695]
[-0.055922, -0.271299, 0.476778, -0.291881, -0.111386]
[0.318682, -0.325944, 0.489721, -0.294518, -0.104753]
[0.43181, -0.307977, 0.468115, -0.289313, -0.104095]
[-0.260044, -0.271712, 0.490195, -0.307554, -0.110989]
[0.441389, -0.300986, 0.496694, -0.314548, -0.108954]
[-0.101996, -0.267807, 0.465557, -0.315987, -0.109149]
[0.654605, -0.352881, 0.447867, -0.29316, -0.111776]
[-0.1662, -0.299928, 0.471539, -0.30257, -0.111883]
[0.000324, -0.33981, 0.475665, -0.296822, -0.11427]
[0.070946, -0.34956, 0.462991, -0.316458, -0.11256]
[0.241212, -0.329916, 0.491116, -0.308027, -0.117081]
[0.22966, -0.299039, 0.45459, -0.293203, -0.107056]
[0.614978, -0.287711, 0.495705, -0.314085, -0.101181]
[0.656218, -0.346795, 0.448609, -0.294173, -0.106824]
[-0.054342, -0.355559, 0.475525, -0.301, -0.116028]
[0.608442, -0.262865, 0.495248, -0.309428, -0.106717]
[0.658912, -0.331109, 0.460858, -0.299818, -0.105645]
[0.584776, -0.306616, 0.444702, -0.292905, -0.105501]
[0.335155, -0.268819, 0.467416, -0.302693, -0.107383]
[-0.156921, -0.335066, 0.465241, -0.315335, -0.112644]
[0.226961, -0.353643, 0.4815, -0.307178, -0.101653]
[0.564712, -0.288843, 0.495471, -0.312788, -0.111639]
[-0.317077, -0.364026, 0.473648, -0.316255, -0.104608]
[0.449164, -0.269374, 0.459687, -0.291792, -0.104152]
[0.665128, -0.303446, 0.482154, -0.30817, -0.107872]
[-0.000454, -0.313869, 0.46561, -0.300632, -0.114543]
[0.165033, -0.298814, 0.448157, -0.310282, -0.113706]
[0.478963, -0.31989, 0.499504, -0.299426, -0.114915]
[0.199876, -0.333206, 0.448748, -0.305983, -0.106064]
[0.506517, -0.27766, 0.48949, -0.297946, -0.104721]
[0.602533, -0.263733, 0.468123, -0.294382, -0.115798]
[0.109891, -0.34808, 0.47085, -0.308819, -0.105276]
[0.219715, -0.369489, 0.465375, -0.293895, -0.103256]
[0.046735, -0.323586, 0.462645, -0.310031, -0.101067]
[0.063968, -0.290639, 0.449941, -0.297065, -0.101789]
[-0.230152, -0.338507, 0.480643, -0.309249, -0.112364]
[0.159419, -0.300938, 0.469729, -0.313436, -0.109148]
[0.561885, -0.268648, 0.456643, -0.314178, -0.102156]
[0.524738, -0.279423, 0.448357, -0.316192, -0.105807]
[0.334418, -0.346845, 0.490373, -0.310901, -0.109589]
[-0.239443, -0.325605, 0.463523, -0.294376, -0.103295]
[-0.101952, -0.290436, 0.47843, -0.312863, -0.117816]
[0.100852, -0.272878, 0.472694, -0.298187, -0.103846]
[0.612193, -0.255745, 0.454367, -0.294325, -0.101275]
[0.633926, -0.35358, 0.48844, -0.29373, -0.11167]
[0.552037, -0.345548, 0.445239, -0.307561, -0.110138]
[0.659538, -0.330458, 0.443752, -0.312534, -0.114313]
[0.308465, -0.273811, 0.456554, -0.299352, -0.10653]
[0.277236, -0.367202, 0.443443, -0.303048, -0.102354]
[-0.055849, -0.258931, 0.488275, -0.305758, -0.113367]
[0.244031, -0.352794, 0.47132, -0.312637, -0.107856]
[0.225775, -0.348439, 0.455027, -0.30449, -0.106015]
[0.205781, -0.260892, 0.491182, -0.307278, -0.113995]
[-0.091693, -0.287191, 0.477321, -0.29916, -0.116322]
[-0.118247, -0.272248, 0.451186, -0.293142, -0.100827]
[0.526486, -0.34667, 0.495028, -0.305132, -0.112686]
[0.258268, -0.356818, 0.445392, -0.314969, -0.10771]
[-0.182617, -0.330681, 0.483793, -0.29865, -0.113785]
[0.125504, -0.3053, 0.460664, -0.315489, -0.103335]
[-0.065471, -0.32894, 0.456261, -0.304181, -0.104961]
[0.221454, -0.249362, 0.489703, -0.290528, -0.100783]
[0.073678, -0.297428, 0.460442, -0.297716, -0.106976]
[0.18427, -0.285152, 0.472314, -0.309241, -0.110652]
[-0.20224, -0.348231, 0.486719, -0.307201, -0.113606]
[-0.171833, -0.323363, 0.44383, -0.298136, -0.110499]
[-0.057913, -0.298782, 0.488467, -0.309214, -0.108565]
[-0.221505, -0.369354, 0.449094, -0.314654, -0.117356]
[-0.087829, -0.354494, 0.47455, -0.294697, -0.11365]
[-0.324586, -0.250806, 0.453347, -0.304916, -0.107606]
[0.370315, -0.32046, 0.468891, -0.305755, -0.114863]
[0.622107, -0.300798, 0.444272, -0.29332, -0.104663]
[-0.263988, -0.283968, 0.44302, -0.31193, -0.118271]
[0.392042, -0.259651, 0.499113, -0.311305, -0.115441]
[0.150802, -0.261058, 0.497513, -0.293364, -0.116559]
[-0.188527, -0.292054, 0.490636, -0.309369, -0.102369]
[0.438912, -0.304433, 0.467195, -0.311781, -0.108832]
[-0.299219, -0.333761, 0.478501, -0.306487, -0.105257]
[0.673379, -0.309815, 0.491959, -0.301786, -0.109961]
[-0.264861, -0.298862, 0.449833, -0.290473, -0.105889]
[0.657035, -0.32988, 0.456247, -0.304868, -0.106114]
[0.253794, -0.355963, 0.488861, -0.312673, -0.107674]
[0.090835, -0.287122, 0.480249, -0.294948, -0.115872]
[-0.170527, -0.298505, 0.474259, -0.316543, -0.11107]
[0.086085, -0.319573, 0.443547, -0.317167, -0.104162]
[-0.073148, -0.267429, 0.45994, -0.29185, -0.10483]
[-0.058176, -0.34728, 0.483408, -0.302505, -0.111153]
[-0.187448, -0.26309, 0.49757, -0.297507, -0.10995]
[0.624238, -0.367592, 0.466811, -0.302751, -0.115157]
[-0.057707, -0.334239, 0.467066, -0.295476, -0.115142]
[0.416846, -0.31676, 0.466321, -0.315301, -0.106577]
[0.190574, -0.297029, 0.455053, -0.291903, -0.116128]
[0.358133, -0.32575, 0.452466, -0.305105, -0.112916]
[0.320584, -0.36423, 0.455763, -0.307517, -0.110694]
[0.319855, -0.294536, 0.459015, -0.310217, -0.111106]
[0.281857, -0.288769, 0.499793, -0.293002, -0.102997]
[-0.009554, -0.36002, 0.469761, -0.297327, -0.118268]
[0.575895, -0.344722, 0.473465, -0.302712, -0.11439]
[0.565693, -0.292636, 0.456593, -0.296292, -0.100878]
[0.170296, -0.328385, 0.480582, -0.298922, -0.102184]
[0.228864, -0.320745, 0.49357, -0.305102, -0.112883]
[0.661644, -0.359829, 0.449586, -0.309686, -0.101637]
[0.153356, -0.356421, 0.44558, -0.289465, -0.118324]
[-0.065183, -0.354295, 0.449103, -0.292809, -0.105994]
[0.086133, -0.294835, 0.456319, -0.293748, -0.115816]
[0.408301, -0.251711, 0.460168, -0.291791, -0.11829]
[0.321167, -0.264876, 0.447793, -0.317652, -0.116013]
[0.077091, -0.35228, 0.488526, -0.311441, -0.101035]
[0.488405, -0.352014, 0.488374, -0.299841, -0.118473]
[-0.029407, -0.336937, 0.482803, -0.291005, -0.110595]
[0.134766, -0.285791, 0.466468, -0.309168, -0.117676]
[-0.007125, -0.336901, 0.465157, -0.292907, -0.118161]
[-0.127758, -0.359967, 0.472711, -0.298033, -0.109127]
[0.368864, -0.364781, 0.484465, -0.291515, -0.104475]
[-0.033325, -0.361528, 0.484993, -0.291707, -0.114453]
[0.070393, -0.36588, 0.454496, -0.29453, -0.10465]
[-0.186773, -0.36596, 0.486346, -0.296477, -0.107157]
[0.244901, -0.258268, 0.469025, -0.30233, -0.108282]
[0.526208, -0.260966, 0.44531, -0.309408, -0.116415]
[0.676777, -0.362515, 0.443914, -0.315828, -0.108926]
[-0.104739, -0.29579, 0.496467, -0.291208, -0.113008]
[0.058593, -0.298369, 0.48932, -0.301226, -0.110121]
[-0.26626, -0.308866, 0.487608, -0.316262, -0.113237]
[0.035229, -0.256117, 0.478961, -0.315661, -0.107133]
[0.424222, -0.252366, 0.490103, -0.293493, -0.111973]
[-0.138382, -0.252369, 0.481625, -0.305614, -0.106163]
[-0.236244, -0.254098, 0.481877, -0.300098, -0.114907]
[0.424727, -0.249428, 0.471685, -0.301029, -0.117111]
[-0.149941, -0.258033, 0.497814, -0.309696, -0.114225]
[0.034987, -0.257982, 0.443656, -0.297699, -0.118454]
[0.114098, -0.254426, 0.443976, -0.315028, -0.111213]
[-0.013682, -0.252928, 0.496801, -0.295361, -0.104585]
[0.506361, -0.258669, 0.44396, -0.296788, -0.114494]
[-0.136003, -0.250197, 0.462642, -0.289581, -0.108924]
[0.059713, -0.257229, 0.482042, -0.300424, -0.112206]
[-0.069453, -0.252822, 0.450618, -0.292876, -0.102512]
[0.392382, -0.258028, 0.481362, -0.306745, -0.105891]
[0.602277, -0.254776, 0.49213, -0.302803, -0.117717]
[0.323213, -0.253598, 0.478742, -0.293138, -0.103149]
[-0.152184, -0.250707, 0.474987, -0.291682, -0.102954]
[0.39615, -0.249467, 0.499119, -0.317259, -0.112586]
[-0.149323, -0.250757, 0.494367, -0.293084, -0.112372]
[-0.033741, -0.255831, 0.499258, -0.31496, -0.109136]
[0.362832, -0.250254, 0.480047, -0.301895, -0.101955]
[0.162169, -0.255181, 0.488156, -0.31311, -0.102392]
[0.510645, -0.255838, 0.490851, -0.299188, -0.111717]
[-0.32629, -0.253789, 0.457599, -0.313863, -0.118196]
[0.165991, -0.253099, 0.495803, -0.290111, -0.109456]
[0.23285, -0.254149, 0.456064, -0.307373, -0.105764]
[-0.008428, -0.256326, 0.457872, -0.293037, -0.110451]
[-0.222402, -0.254341, 0.482194, -0.305222, -0.102457]
[-0.205731, -0.252637, 0.486, -0.30305, -0.111421]
[0.268178, -0.255762, 0.449084, -0.310619, -0.109515]
[-0.317576, -0.256093, 0.492985, -0.305443, -0.116983]
[0.193145, -0.258823, 0.459496, -0.292599, -0.117166]
[-0.249376, -0.255052, 0.457126, -0.296036, -0.107084]
[0.329914, -0.253668, 0.489798, -0.291387, -0.106333]
[0.114809, -0.255095, 0.498201, -0.307111, -0.10708]
[0.133019, -0.251993, 0.487681, -0.292107, -0.114848]
[0.006529, -0.249384, 0.474967, -0.290698, -0.104353]
[-0.283883, -0.250545, 0.44981, -0.293262, -0.100914]
[-0.145273, -0.251832, 0.467913, -0.296569, -0.112497]
[-0.211034, -0.25866, 0.47138, -0.307339, -0.107436]
[-0.086566, -0.24995, 0.484189, -0.304237, -0.112121]
[0.527321, -0.25827, 0.491937, -0.307759, -0.10465]
[0.359851, -0.254865, 0.479952, -0.294092, -0.116279]
[-0.21521, -0.256263, 0.490001, -0.291899, -0.104512]
[0.123779, -0.256887, 0.486263, -0.3062, -0.111083]
[-0.18383, -0.250983, 0.492463, -0.307464, -0.109462]
[0.231044, -0.255085, 0.484206, -0.303099, -0.110962]
[-0.273713, -0.258373, 0.498343, -0.297478, -0.10578]
[-0.058924, -0.253389, 0.462683, -0.311506, -0.112274]
[-0.131766, -0.253387, 0.451374, -0.295324, -0.106198]
[0.194373, -0.252411, 0.496372, -0.290641, -0.113444]
[-0.286601, -0.251909, 0.448136, -0.294501, -0.118001]
[-0.301493, -0.252876, 0.459312, -0.306209, -0.105365]
[0.425086, -0.254726, 0.448995, -0.291223, -0.100899]
[-0.170313, -0.250377, 0.474591, -0.297882, -0.116955]
[0.142849, -0.255526, 0.485518, -0.308093, -0.10205]
[-0.298513, -0.253105, 0.476947, -0.312301, -0.109389]
[0.225652, -0.256517, 0.495383, -0.306324, -0.109314]
[0.406557, -0.254698, 0.469864, -0.315372, -0.117226]
[0.073362, -0.25607, 0.496281, -0.304453, -0.111633]
[0.308348, -0.258044, 0.479956, -0.295677, -0.113656]
[0.075718, -0.249282, 0.461657, -0.293918, -0.109945]
[-0.110346, -0.255918, 0.451475, -0.316915, -0.118404]
[-0.097603, -0.257379, 0.478403, -0.292758, -0.108412]
[0.113057, -0.251109, 0.463891, -0.294681, -0.109373]
[-0.038446, -0.256723, 0.464012, -0.311691, -0.108076]
[-0.323252, -0.256869, 0.445727, -0.307561, -0.108556]
[0.504088, -0.253233, 0.490541, -0.312384, -0.108849]
[-0.112722, -0.252535, 0.445119, -0.29174, -0.107848]
[-0.109035, -0.254134, 0.443181, -0.313081, -0.102284]
[0.632248, -0.258964, 0.46461, -0.299803, -0.106439]
[0.491202, -0.252763, 0.490401, -0.296807, -0.106497]
[0.138961, -0.249962, 0.461684, -0.300803, -0.102957]
[-0.083451, -0.256866, 0.459872, -0.294435, -0.112427]
[0.044979, -0.252628, 0.471682, -0.317546, -0.115344]
[0.351033, -0.259072, 0.465967, -0.306894, -0.118699]
[-0.092137, -0.256034, 0.49937, -0.315502, -0.10915]
[0.283034, -0.254091, 0.477306, -0.298662, -0.111982]
[-0.159505, -0.249655, 0.446978, -0.316429, -0.111334]
[-0.294311, -0.252614, 0.445713, -0.30409, -0.115901]
[0.350013, -0.252051, 0.447837, -0.310869, -0.105463]
[0.150061, -0.253653, 0.469404, -0.292098, -0.112974]
[0.183182, -0.258942, 0.454454, -0.31737, -0.111349]
[0.247934, -0.256512, 0.453903, -0.314879, -0.107759]
[-0.269149, -0.258863, 0.49012, -0.311315, -0.104439]
[0.459202, -0.258687, 0.498546, -0.292445, -0.104215]
[0.592498, -0.256745, 0.467197, -0.292353, -0.101671]
[-0.210792, -0.252275, 0.443496, -0.306531, -0.112059]
[0.124238, -0.254121, 0.472913, -0.291817, -0.110424]
[0.543195, -0.254184, 0.493405, -0.310745, -0.112365]
[0.338006, -0.25099, 0.452207, -0.291271, -0.109716]
[0.130896, -0.25785, 0.493303, -0.296862, -0.10895]
[0.392697, -0.255754, 0.456318, -0.313674, -0.117802]
[-0.046412, -0.257068, 0.488335, -0.312742, -0.107845]
[0.257604, -0.257869, 0.472625, -0.299469, -0.116487]
[0.371924, -0.254057, 0.481773, -0.309208, -0.105681]
[0.594541, -0.251496, 0.450576, -0.294563, -0.108859]
[0.441829, -0.253734, 0.449891, -0.293878, -0.117164]
[0.275979, -0.259064, 0.456545, -0.299811, -0.116036]
[-0.24652, -0.253754, 0.47983, -0.304702, -0.1028]
[0.241747, -0.250179, 0.465304, -0.317274, -0.107764]
[-0.232144, -0.250525, 0.472158, -0.2972, -0.108991]
[0.046324, -0.253207, 0.466727, -0.310645, -0.1053]
[-0.23857, -0.253445, 0.45448, -0.303983, -0.105022]
[0.109988, -0.25718, 0.495637, -0.294298, -0.106202]
[0.403087, -0.258262, 0.49221, -0.304552, -0.112105]
[-0.17399, -0.253653, 0.446721, -0.305387, -0.101899]
[-0.022765, -0.249892, 0.486381, -0.29395, -0.114243]
[0.357626, -0.25541, 0.494374, -0.314632, -0.102081]
[0.013101, -0.2538, 0.499266, -0.294975, -0.102192]
[-0.049229, -0.254527, 0.472737, -0.310452, -0.103283]
[0.328614, -0.25055, 0.481597, -0.315818, -0.107237]
[0.128642, -0.249545, 0.498859, -0.290404, -0.117804]
[-0.04426, -0.250385, 0.461941, -0.307316, -0.101145]
[-0.108599, -0.255863, 0.49976, -0.304151, -0.105096]
[-0.058468, -0.253241, 0.471815, -0.312438, -0.111264]
[0.054436, -0.252804, 0.472146, -0.317317, -0.111347]
[0.063428, -0.256377, 0.459289, -0.316687, -0.104663]
[-0.311859, -0.251577, 0.493865, -0.316867, -0.10401]
[0.031805, -0.252895, 0.498171, -0.311128, -0.117942]
[0.2945, -0.255126, 0.453456, -0.294877, -0.107376]
[-0.238905, -0.252934, 0.487267, -0.317262, -0.108161]
[-0.27949, -0.254969, 0.454179, -0.308438, -0.115502]
[0.069217, -0.257463, 0.485737, -0.304548, -0.115401]
[-0.127208, -0.2554, 0.473682, -0.317148, -0.102676]
[0.29374, -0.256251, 0.466054, -0.299543, -0.108434]
[-0.026482, -0.251696, 0.467926, -0.305257, -0.11169]
[-0.276213, -0.25798, 0.468666, -0.295285, -0.109872]
[-0.065727, -0.254146, 0.497949, -0.300998, -0.110167]
[0.616449, -0.251748, 0.469474, -0.309532, -0.118054]
[0.02492, -0.258091, 0.477351, -0.291924, -0.108263]
[0.025082, -0.258843, 0.464389, -0.304603, -0.103017]
[-0.131874, -0.252156, 0.481998, -0.294729, -0.103242]
[0.426683, -0.255738, 0.479667, -0.291743, -0.105546]
[-0.208835, -0.252969, 0.495285, -0.294557, -0.113435]
[0.050127, -0.253695, 0.481263, -0.3136, -0.117846]
[0.393807, -0.249611, 0.494182, -0.290887, -0.11607]
[0.657218, -0.250119, 0.460309, -0.294459, -0.105325]
[0.396076, -0.252466, 0.490234, -0.309463, -0.106667]
[-0.132146, -0.251279, 0.478037, -0.29457, -0.103277]
[0.53662, -0.253865, 0.473938, -0.303315, -0.104491]
[-0.000695, -0.255013, 0.464252, -0.297377, -0.106568]
[0.502577, -0.256395, 0.458556, -0.301804, -0.104991]
[0.071784, -0.255902, 0.474423, -0.307989, -0.105102]
[0.188199, -0.254052, 0.461937, -0.299994, -0.110355]
[0.332934, -0.249355, 0.488621, -0.302009, -0.117262]
[0.199661, -0.251132, 0.47161, -0.293285, -0.110881]
[0.53813, -0.252594, 0.477016, -0.315205, -0.115817]
[-0.193823, -0.252938, 0.454696, -0.312517, -0.111614]
[0.051139, -0.249077, 0.474135, -0.316194, -0.117203]
[0.087692, -0.25608, 0.45072, -0.294207, -0.11619]
[-0.247474, -0.251035, 0.454657, -0.289627, -0.118037]
[0.075176, -0.257525, 0.491001, -0.293374, -0.113712]
[0.290647, -0.253702, 0.477754, -0.299349, -0.109278]
[-0.018953, -0.254868, 0.471661, -0.302906, -0.115688]
[0.228964, -0.254498, 0.446574, -0.302441, -0.111393]
[0.216366, -0.251107, 0.469897, -0.290257, -0.116321]
[0.461784, -0.249671, 0.480973, -0.303329, -0.113359]
[0.544674, -0.253713, 0.488699, -0.298645, -0.116398]
[-0.069421, -0.251777, 0.457318, -0.306889, -0.104303]
[0.658566, -0.255503, 0.451382, -0.316075, -0.100801]
[-0.199966, -0.251876, 0.48591, -0.303958, -0.110124]
[-0.138018, -0.251117, 0.472598, -0.291074, -0.11034]
[0.199172, -0.254829, 0.494292, -0.313773, -0.110495]
[0.047469, -0.254866, 0.492892, -0.304823, -0.105085]
[0.217216, -0.251138, 0.475201, -0.311841, -0.105767]
[-0.125564, -0.251027, 0.45985, -0.304771, -0.104698]
[0.32752, -0.250608, 0.461383, -0.295888, -0.116846]
[0.101746, -0.256872, 0.469522, -0.312517, -0.106294]
[0.01166, -0.258698, 0.446942, -0.314671, -0.108268]
[0.276776, -0.256055, 0.460289, -0.308935, -0.101958]
[0.49692, -0.251479, 0.498296, -0.308493, -0.113589]
[-0.229711, -0.254792, 0.485844, -0.314808, -0.105649]
[-0.206207, -0.250196, 0.468416, -0.293769, -0.102958]
[0.437845, -0.253102, 0.488588, -0.295891, -0.115982]
[-0.120313, -0.256399, 0.464093, -0.292706, -0.101166]
[0.025978, -0.250758, 0.487393, -0.296047, -0.112129]
[0.669541, -0.251194, 0.481364, -0.297032, -0.114836]
[-0.011525, -0.250562, 0.474381, -0.3155, -0.105056]
[-0.141916, -0.257439, 0.492837, -0.303054, -0.113548]
[-0.033115, -0.257125, 0.494109, -0.294067, -0.118403]
[0.087796, -0.258039, 0.498861, -0.310825, -0.108278]
[0.306031, -0.251367, 0.444153, -0.30952, -0.112849]
[0.599478, -0.249201, 0.476781, -0.298493, -0.118007]
[0.245979, -0.253795, 0.496729, -0.309072, -0.102502]
[-0.186997, -0.253175, 0.487442, -0.308983, -0.114933]
[0.596675, -0.258953, 0.46912, -0.303225, -0.112619]
[0.656519, -0.256686, 0.471294, -0.30571, -0.115855]
[0.44068, -0.251344, 0.452432, -0.304096, -0.101304]
[0.073313, -0.255917, 0.468397, -0.307686, -0.112458]
[0.546187, -0.250593, 0.443409, -0.312707, -0.117362]
[0.246031, -0.25439, 0.469435, -0.307505, -0.110629]
[-0.156616, -0.257776, 0.472834, -0.291124, -0.11329]
[0.015971, -0.253569, 0.489119, -0.313188, -0.109945]
[0.137213, -0.25244, 0.473309, -0.30709, -0.104669]
[-0.302109, -0.254967, 0.454124, -0.31186, -0.116971]
[-0.100854, -0.254575, 0.477695, -0.296889, -0.113682]
[-0.06462, -0.250616, 0.482335, -0.297892, -0.106454]
[-0.228264, -0.256007, 0.494435, -0.301282, -0.117623]
[0.164943, -0.255529, 0.46571, -0.294946, -0.118244]
[0.209417, -0.25005, 0.454636, -0.296582, -0.103113]
[0.141861, -0.253763, 0.476831, -0.290297, -0.117813]
[-0.102194, -0.254141, 0.488062, -0.291003, -0.104861]
[0.110338, -0.257176, 0.466516, -0.309652, -0.104459]
[-0.064953, -0.249165, 0.458703, -0.29735, -0.113474]
[0.408839, -0.257161, 0.466225, -0.296331, -0.115234]
[0.558392, -0.249356, 0.460899, -0.304875, -0.10089]
[0.467304, -0.257466, 0.494988, -0.289801, -0.102314]
[0.273878, -0.257684, 0.454332, -0.29346, -0.118207]
[-0.208788, -0.258002, 0.486655, -0.29475, -0.110037]
[0.196626, -0.255373, 0.464568, -0.315482, -0.114689]
[0.419665, -0.252754, 0.468966, -0.312033, -0.114994]
[0.649846, -0.253777, 0.473673, -0.311119, -0.10303]
[-0.205578, -0.255765, 0.475845, -0.315888, -0.116742]
[-0.250091, -0.250527, 0.45006, -0.310999, -0.107741]
[-0.149791, -0.254807, 0.477633, -0.300359, -0.10549]
[-0.06606, -0.258595, 0.49744, -0.315027, -0.113106]
[-0.186725, -0.256952, 0.464424, -0.315774, -0.10262]
[0.263305, -0.257856, 0.488592, -0.314067, -0.106906]
[0.422012, -0.249954, 0.480393, -0.31075, -0.102704]
[0.229926, -0.254632, 0.474503, -0.305376, -0.117061]
[0.573172, -0.256088, 0.484324, -0.306164, -0.10714]
[0.080486, -0.253239, 0.499036, -0.302624, -0.110308]
[0.445679, -0.256387, 0.463455, -0.310486, -0.109967]
[-0.2812, -0.254228, 0.483461, -0.301987, -0.112456]
[0.010101, -0.252496, 0.443946, -0.312491, -0.112411]
[0.111799, -0.255916, 0.477324, -0.298588, -0.107816]
[0.122697, -0.2518, 0.47464, -0.296797, -0.115842]
[0.019688, -0.257478, 0.453415, -0.290015, -0.105039]
[0.11554, -0.255826, 0.445288, -0.294841, -0.110118]
[0.523058, -0.257722, 0.445006, -0.295105, -0.114608]
[-0.186656, -0.258759, 0.453902, -0.316674, -0.102736]
[0.653167, -0.249926, 0.473795, -0.306317, -0.102107]
[-0.313452, -0.253905, 0.443177, -0.312874, -0.117947]
[0.628125, -0.255112, 0.480689, -0.298234, -0.106226]
[0.522008, -0.257018, 0.454332, -0.308069, -0.112462]
[-0.299028, -0.254371, 0.484635, -0.301158, -0.117785]
[0.397949, -0.253822, 0.493026, -0.311201, -0.115815]
[-0.231895, -0.257038, 0.467434, -0.296814, -0.116715]
[0.621431, -0.256412, 0.460743, -0.307624, -0.107674]
[0.542217, -0.254589, 0.495811, -0.29289, -0.106564]
[0.408024, -0.255982, 0.479104, -0.290431, -0.114336]
[-0.130452, -0.250944, 0.497045, -0.313036, -0.116701]
[0.513482, -0.250224, 0.498705, -0.311956, -0.112029]
[0.327244, -0.258816, 0.467507, -0.289574, -0.109752]
[-0.099392, -0.251914, 0.456946, -0.299015, -0.102057]
[0.092452, -0.258026, 0.494615, -0.316216, -0.107287]
[0.148843, -0.250313, 0.470008, -0.311979, -0.112584]
[-0.302654, -0.254114, 0.469013, -0.311377, -0.105029]
[0.531885, -0.249154, 0.45406, -0.298563, -0.100873]
[0.143405, -0.249102, 0.47867, -0.300179, -0.118327]
[-0.123011, -0.249903, 0.450347, -0.312085, -0.111009]
[0.298393, -0.254397, 0.448402, -0.302179, -0.102455]
[0.003804, -0.249904, 0.491789, -0.291674, -0.111447]
[-0.004324, -0.255219, 0.493135, -0.29611, -0.111652]
[0.213081, -0.254589, 0.444436, -0.315496, -0.111776]
[0.35812, -0.252922, 0.444024, -0.296079, -0.11134]
[0.434773, -0.256754, 0.482108, -0.295458, -0.116811]
[0.280459, -0.255219, 0.452593, -0.305316, -0.114872]
[0.372487, -0.254268, 0.452413, -0.30185, -0.107705]
[0.445018, -0.255373, 0.48906, -0.294557, -0.102103]
[0.208485, -0.253092, 0.470195, -0.314184, -0.104724]
[-0.112116, -0.249308, 0.454739, -0.304462, -0.107365]
[0.279498, -0.256595, 0.463619, -0.29796, -0.101089]
[0.40641, -0.253403, 0.476145, -0.312424, -0.11272]
[0.580092, -0.251123, 0.443459, -0.312308, -0.114554]
[0.17661, -0.251178, 0.463729, -0.311862, -0.106176]
[-0.198443, -0.256465, 0.458699, -0.29947, -0.116729]
[-0.165293, -0.251473, 0.474531, -0.308192, -0.115646]
[0.375445, -0.256869, 0.453346, -0.297621, -0.103561]
[-0.219237, -0.25547, 0.470961, -0.314438, -0.117474]
[0.023847, -0.250891, 0.479359, -0.316921, -0.106514]
[0.254944, -0.257208, 0.459962, -0.297411, -0.104853]
[0.366828, -0.250422, 0.45877, -0.293565, -0.107022]
[-0.029742, -0.255294, 0.462832, -0.291969, -0.107971]
[-0.279394, -0.249529, 0.448619, -0.312215, -0.107501]
[0.049785, -0.256259, 0.469389, -0.308914, -0.106157]
[0.183811, -0.249892, 0.490408, -0.305557, -0.103221]
[-0.309896, -0.254012, 0.459148, -0.292916, -0.110675]
[0.52803, -0.252256, 0.467684, -0.311018, -0.110688]
[0.573914, -0.249479, 0.46656, -0.314101, -0.117642]
[-0.029794, -0.252959, 0.451615, -0.308189, -0.103812]
[0.317977, -0.253677, 0.469933, -0.311998, -0.111738]
[0.29359, -0.249321, 0.470744, -0.294508, -0.11146]
[0.433683, -0.256723, 0.447055, -0.30231, -0.111964]
[0.499777, -0.256241, 0.479921, -0.295925, -0.100848]
[0.53002, -0.249583, 0.49132, -0.301739, -0.106411]
[0.448808, -0.255093, 0.468306, -0.295717, -0.109935]
[0.093406, -0.253199, 0.496513, -0.304634, -0.11449]
[0.230965, -0.254472, 0.48663, -0.306607, -0.103884]
[-0.200943, -0.251322, 0.498382, -0.312916, -0.115462]
[0.679542, -0.256055, 0.472487, -0.306518, -0.117484]
[0.040302, -0.249409, 0.451468, -0.2925, -0.10815]
[0.662418, -0.252814, 0.498183, -0.29171, -0.109146]
[-0.133423, -0.251782, 0.446817, -0.315861, -0.10632]
[0.66208, -0.255969, 0.49298, -0.312719, -0.104182]
[0.377324, -0.250981, 0.44929, -0.300757, -0.115125]
[-0.125496, -0.252678, 0.471422, -0.309512, -0.104902]
[0.485169, -0.256125, 0.496431, -0.292031, -0.117892]
[-0.265511, -0.250928, 0.484507, -0.303626, -0.104523]
[-0.142069, -0.254405, 0.471746, -0.314409, -0.112227]
[0.263521, -0.256905, 0.484848, -0.316028, -0.109858]
[0.05072, -0.253455, 0.469351, -0.294807, -0.104699]
[0.566567, -0.258466, 0.455452, -0.304616, -0.110101]
[-0.076609, -0.258174, 0.458445, -0.301957, -0.108679]
[0.657793, -0.252178, 0.481639, -0.30902, -0.109527]
[-0.298827, -0.250504, 0.45995, -0.315801, -0.118377]
[0.673993, -0.249615, 0.45393, -0.296446, -0.114136]
[-0.092506, -0.253396, 0.473953, -0.313752, -0.108492]
[0.430323, -0.250626, 0.450034, -0.316509, -0.108278]
[0.463804, -0.250515, 0.458287, -0.289542, -0.112107]
[-0.222567, -0.2544, 0.49936, -0.298124, -0.108788]
[0.076604, -0.249251, 0.463468, -0.306486, -0.106793]
[0.252745, -0.253414, 0.443579, -0.292687, -0.111807]
[-0.118163, -0.255186, 0.47963, -0.300363, -0.106773]
[-0.239069, -0.254793, 0.465204, -0.294925, -0.10924]
[0.610102, -0.254801, 0.445639, -0.314132, -0.113546]
[0.117424, -0.2525, 0.494753, -0.293922, -0.101584]
[-0.183613, -0.250241, 0.47186, -0.299003, -0.101569]
[0.341185, -0.25034, 0.491902, -0.292043, -0.107276]
[0.304229, -0.25106, 0.464802, -0.300446, -0.116396]
[-0.079583, -0.25324, 0.475321, -0.313412, -0.102455]
[0.446472, -0.255438, 0.466845, -0.305501, -0.102555]
[0.236646, -0.254804, 0.456234, -0.311304, -0.113162]
[-0.249853, -0.252501, 0.468893, -0.299961, -0.111699]
[0.000843, -0.257381, 0.490757, -0.308492, -0.106641]
[0.006633, -0.250339, 0.49033, -0.295523, -0.108393]
[-0.286632, -0.252209, 0.447403, -0.316021, -0.102052]
[0.382413, -0.257149, 0.44671, -0.317438, -0.111044]
[0.351658, -0.250072, 0.459439, -0.314212, -0.109939]
[-0.147012, -0.25458, 0.456154, -0.311386, -0.110655]
[-0.025138, -0.257634, 0.443615, -0.316407, -0.111808]
[-0.248133, -0.249284, 0.45381, -0.301944, -0.105145]
[-0.011734, -0.251622, 0.493887, -0.302489, -0.104539]
[0.087487, -0.254297, 0.474945, -0.310628, -0.118646]
[0.134276, -0.250628, 0.462951, -0.316407, -0.112552]
[0.547595, -0.258163, 0.468809, -0.315461, -0.117779]
[-0.037235, -0.255728, 0.446429, -0.308513, -0.108906]
[-0.03137, -0.252603, 0.469864, -0.316398, -0.117797]
[-0.258614, -0.254328, 0.487234, -0.290088, -0.111819]
[0.662162, -0.252999, 0.449871, -0.313052, -0.103771]
[-0.008933, -0.256281, 0.448788, -0.315736, -0.113273]
[-0.106171, -0.255645, 0.46778, -0.305448, -0.102924]
[0.01931, -0.254318, 0.445307, -0.300621, -0.116608]
[-0.042337, -0.25505, 0.473541, -0.303584, -0.118458]
[0.105748, -0.257275, 0.455617, -0.312886, -0.105695]
[0.014152, -0.249095, 0.453649, -0.302889, -0.110188]
[0.221057, -0.25671, 0.459329, -0.299021, -0.102212]
[0.604837, -0.253348, 0.481403, -0.317258, -0.114111]
[0.327055, -0.250665, 0.451906, -0.31629, -0.101102]
[-0.029651, -0.254554, 0.459471, -0.312649, -0.109383]
[-0.109591, -0.252476, 0.486849, -0.316673, -0.109991]
[0.125738, -0.257315, 0.489742, -0.299427, -0.113952]
[0.23557, -0.249543, 0.492862, -0.301244, -0.101458]
[-0.006056, -0.25033, 0.475256, -0.313854, -0.115569]
[0.211655, -0.249641, 0.472624, -0.293328, -0.107496]
[0.573144, -0.25149, 0.470241, -0.29772, -0.110589]
[0.521553, -0.25041, 0.459085, -0.294784, -0.108048]
[0.061348, -0.256637, 0.463148, -0.294839, -0.115808]
[0.261736, -0.257496, 0.49716, -0.314664, -0.105736]
[-0.020803, -0.258079, 0.493273, -0.297724, -0.106944]
[0.471573, -0.258037, 0.449061, -0.302413, -0.115736]
[0.122638, -0.257479, 0.499717, -0.2945, -0.11227]
[-0.148326, -0.25034, 0.457272, -0.291552, -0.10096]
[0.188369, -0.258499, 0.495587, -0.316507, -0.107473]
[0.622604, -0.258993, 0.475645, -0.307174, -0.10771]
[0.439829, -0.254977, 0.474558, -0.312539, -0.109137]
[-0.022172, -0.255339, 0.47882, -0.315001, -0.109813]
[0.551715, -0.249211, 0.498408, -0.313662, -0.118647]
[0.468925, -0.25083, 0.485214, -0.31076, -0.10133]
[-0.139459, -0.251379, 0.490464, -0.315949, -0.108067]
[0.657219, -0.253614, 0.465418, -0.293825, -0.116328]
[0.547058, -0.255986, 0.484854, -0.304988, -0.115993]
[-0.276862, -0.254192, 0.474962, -0.289425, -0.104281]
[0.222524, -0.25856, 0.455408, -0.312992, -0.104774]
[0.594819, -0.254106, 0.470519, -0.313772, -0.105436]
[-0.227523, -0.25055, 0.453226, -0.306934, -0.111968]
[0.290789, -0.252789, 0.469437, -0.313782, -0.10376]
[-0.133373, -0.251935, 0.464599, -0.311082, -0.110106]
[0.487917, -0.251879, 0.492126, -0.293113, -0.102813]
[0.628661, -0.255444, 0.495741, -0.294808, -0.113956]
[-0.268492, -0.255232, 0.466066, -0.292794, -0.103114]
[-0.006898, -0.250313, 0.478581, -0.292177, -0.106157]
[-0.128341, -0.249854, 0.474979, -0.30201, -0.104222]
[-0.134092, -0.249362, 0.478305, -0.314641, -0.102834]
[0.517811, -0.254876, 0.453359, -0.311313, -0.116863]
[0.090377, -0.252462, 0.477557, -0.311076, -0.111299]
[-0.139955, -0.257758, 0.445678, -0.2927, -0.105604]
[-0.130255, -0.250431, 0.457522, -0.29181, -0.101071]
[-0.116152, -0.25384, 0.482324, -0.293905, -0.101224]
[0.16484, -0.257636, 0.497045, -0.295022, -0.116627]
[0.254617, -0.253278, 0.465141, -0.307412, -0.100854]
[0.310291, -0.253108, 0.490667, -0.293092, -0.106798]
[0.673567, -0.255401, 0.491996, -0.306258, -0.114369]
[0.321693, -0.255483, 0.45598, -0.303167, -0.114235]
[-0.099531, -0.250555, 0.47848, -0.300577, -0.109619]
[0.417065, -0.253969, 0.496688, -0.302524, -0.10706]
[0.247643, -0.254939, 0.458214, -0.294338, -0.110104]
[0.327112, -0.252451, 0.491248, -0.300576, -0.109477]
[0.387369, -0.252436, 0.498759, -0.29369, -0.110352]
[-0.039188, -0.250426, 0.460662, -0.315787, -0.116751]
[0.235155, -0.249814, 0.468102, -0.298462, -0.115608]
[0.302941, -0.254592, 0.463462, -0.295926, -0.110809]
[-0.150686, -0.257605, 0.485982, -0.303973, -0.10908]
[0.546892, -0.254347, 0.494435, -0.313507, -0.101538]
[0.476552, -0.249615, 0.462026, -0.292778, -0.110261]
[0.487682, -0.257349, 0.460224, -0.297346, -0.105971]
[0.627725, -0.254683, 0.449816, -0.316355, -0.101517]
[0.644539, -0.256627, 0.488883, -0.315218, -0.106387]
[0.235742, -0.254359, 0.49093, -0.292431, -0.1126]
[0.368192, -0.249531, 0.451005, -0.317198, -0.109316]
[0.624722, -0.249494, 0.453648, -0.30046, -0.11483]
[0.051538, -0.25482, 0.458076, -0.317468, -0.116818]
[0.230888, -0.254813, 0.475085, -0.315075, -0.118445]
[0.287934, -0.255039, 0.451808, -0.311876, -0.112428]
[0.562924, -0.249895, 0.469216, -0.295274, -0.107386]
[-0.272057, -0.249717, 0.471774, -0.310035, -0.117658]
[0.356304, -0.257656, 0.495028, -0.316164, -0.117542]
[0.212249, -0.257061, 0.464554, -0.290386, -0.109918]
[-0.206819, -0.255575, 0.497896, -0.29795, -0.115992]
[0.402125, -0.257966, 0.469212, -0.303832, -0.118319]
[-0.247975, -0.254126, 0.447628, -0.292792, -0.10775]
[-0.151692, -0.258802, 0.471027, -0.312364, -0.103856]
[0.582036, -0.254496, 0.483285, -0.293035, -0.116347]
[0.59779, -0.251971, 0.489418, -0.289843, -0.116212]
[-0.083436, -0.253572, 0.466519, -0.314738, -0.116906]
[0.26676, -0.257376, 0.457837, -0.295522, -0.110049]
[0.214385, -0.249561, 0.462521, -0.316419, -0.102813]
[0.42836, -0.250995, 0.485003, -0.303629, -0.118317]
[0.372022, -0.255964, 0.472948, -0.291238, -0.101689]
[0.117359, -0.255087, 0.44633, -0.294928, -0.106256]
[-0.039919, -0.25796, 0.451393, -0.29035, -0.11707]
[0.301704, -0.257928, 0.463037, -0.316359, -0.106255]
[0.181866, -0.254455, 0.486279, -0.315697, -0.116001]
[0.375357, -0.250936, 0.446464, -0.306841, -0.113442]
[-0.238298, -0.252578, 0.481566, -0.293471, -0.104107]
[-0.267059, -0.255786, 0.487554, -0.300751, -0.109736]
[-0.28953, -0.257808, 0.474179, -0.30872, -0.112335]
[0.398351, -0.250181, 0.482196, -0.295639, -0.111358]
[0.528718, -0.251027, 0.484969, -0.294789, -0.109313]
[-0.326149, -0.252994, 0.49958, -0.310641, -0.116469]
[0.458376, -0.255571, 0.468189, -0.314164, -0.117821]
[0.506212, -0.252442, 0.490032, -0.305021, -0.111936]
[0.341112, -0.250959, 0.490636, -0.300494, -0.116477]
[0.666037, -0.250299, 0.491697, -0.317615, -0.105714]
[0.257889, -0.25407, 0.492933, -0.293195, -0.1131]
[0.392357, -0.255004, 0.48631, -0.289673, -0.101247]
[0.362589, -0.256227, 0.477529, -0.30409, -0.102232]
[0.073014, -0.25277, 0.448527, -0.298337, -0.118166]
[0.192931, -0.257162, 0.475095, -0.306817, -0.114856]
[-0.311088, -0.2491, 0.448018, -0.297822, -0.111016]
[-0.298619, -0.250991, 0.49231, -0.313371, -0.110042]
[-0.295401, -0.258774, 0.463984, -0.297727, -0.110011]
[-0.299766, -0.251852, 0.445771, -0.301705, -0.103125]
[-0.304313, -0.252876, 0.496268, -0.304469, -0.101447]
[-0.296291, -0.252558, 0.479665, -0.305995, -0.113223]
[-0.303488, -0.257591, 0.477773, -0.2992, -0.102051]
[-0.300578, -0.250884, 0.481547, -0.303437, -0.117241]
[-0.31507, -0.257833, 0.44562, -0.298359, -0.115841]
[-0.303396, -0.254209, 0.449439, -0.298504, -0.112344]
[-0.313753, -0.250763, 0.496782, -0.314389, -0.110526]
[-0.309338, -0.258217, 0.477753, -0.309974, -0.113916]
[-0.299386, -0.254598, 0.456586, -0.298228, -0.115677]
[-0.315019, -0.256896, 0.444909, -0.297881, -0.113071]
[-0.314969, -0.254413, 0.486085, -0.299183, -0.106247]
[-0.294752, -0.253701, 0.456759, -0.310548, -0.105485]
[-0.308278, -0.249482, 0.490226, -0.310544, -0.106498]
[-0.300652, -0.254903, 0.498929, -0.309028, -0.115572]
[-0.312455, -0.254032, 0.497778, -0.307017, -0.10108]
[-0.301701, -0.257096, 0.461854, -0.307985, -0.10903]
[-0.298362, -0.257594, 0.489429, -0.313242, -0.103784]
[-0.312125, -0.258218, 0.463281, -0.303465, -0.107165]
[-0.297687, -0.258096, 0.491041, -0.314725, -0.11639]
[-0.300258, -0.256581, 0.488396, -0.299491, -0.100941]
[-0.298275, -0.250497, 0.45331, -0.317477, -0.111959]
[-0.309139, -0.253293, 0.46445, -0.297928, -0.105501]
[-0.313779, -0.25243, 0.456739, -0.313053, -0.110478]
[-0.297756, -0.258277, 0.472124, -0.31165, -0.113702]
[-0.305442, -0.258146, 0.494102, -0.302494, -0.104006]
[-0.308642, -0.250663, 0.466756, -0.300694, -0.10923]
[-0.297747, -0.255158, 0.481255, -0.308582, -0.117737]
[-0.30028, -0.251633, 0.490932, -0.317529, -0.115209]
[-0.310345, -0.250325, 0.445517, -0.302284, -0.117217]
[-0.297969, -0.258335, 0.47367, -0.301829, -0.114774]
[-0.303821, -0.252968, 0.492991, -0.303231, -0.112662]
[-0.311825, -0.249222, 0.46467, -0.302894, -0.114848]
[-0.314153, -0.25054, 0.451462, -0.297536, -0.108631]
[-0.299189, -0.2551, 0.467576, -0.307706, -0.107053]
[-0.304927, -0.249839, 0.485569, -0.306442, -0.116732]
[-0.300318, -0.249735, 0.483124, -0.30377, -0.114147]
[-0.295319, -0.250945, 0.491283, -0.299822, -0.11053]
[-0.308416, -0.25571, 0.49504, -0.317392, -0.113662]
[-0.302554, -0.251005, 0.497478, -0.313144, -0.105417]
[-0.300832, -0.255204, 0.457577, -0.316045, -0.110212]
[-0.308865, -0.257945, 0.495546, -0.302062, -0.110418]
[-0.297446, -0.258245, 0.468476, -0.300387, -0.112518]
[-0.296682, -0.25327, 0.483023, -0.309169, -0.112766]
[-0.299589, -0.255503, 0.449149, -0.307566, -0.104634]
[-0.298995, -0.257803, 0.4673, -0.300726, -0.101654]
[-0.297788, -0.251384, 0.450702, -0.299692, -0.104611]
[-0.304778, -0.255628, 0.488284, -0.310512, -0.110411]
[-0.311494, -0.257951, 0.494549, -0.315017, -0.106152]
[-0.304013, -0.255191, 0.48313, -0.308304, -0.109172]
[-0.301881, -0.256476, 0.485519, -0.302996, -0.102688]
[-0.299512, -0.258023, 0.448714, -0.309816, -0.118468]
[-0.295809, -0.251385, 0.457781, -0.312927, -0.109457]
[-0.294835, -0.254333, 0.496009, -0.302584, -0.104597]
[-0.295523, -0.257086, 0.455078, -0.311112, -0.112395]
[-0.3121, -0.255284, 0.449849, -0.310225, -0.116136]
[-0.30931, -0.254878, 0.454087, -0.304059, -0.108985]
[-0.301765, -0.25211, 0.479255, -0.31213, -0.10529]
[-0.308959, -0.251857, 0.467931, -0.302005, -0.111962]
[-0.294945, -0.255277, 0.491436, -0.315885, -0.103343]
[-0.298082, -0.255171, 0.444266, -0.315376, -0.106345]
[-0.308939, -0.254723, 0.466451, -0.302475, -0.113488]
[-0.30472, -0.251811, 0.488511, -0.300288, -0.107284]
[-0.314769, -0.253385, 0.447363, -0.302219, -0.105064]
[-0.309261, -0.255902, 0.470214, -0.310298, -0.104639]
[-0.306399, -0.258661, 0.452076, -0.317507, -0.114996]
[-0.307282, -0.254394, 0.445348, -0.310459, -0.108661]
[-0.301862, -0.254618, 0.446866, -0.31327, -0.117797]
[-0.310909, -0.253643, 0.494637, -0.308295, -0.107131]
[-0.302472, -0.25089, 0.492979, -0.297186, -0.112817]
[-0.304756, -0.256963, 0.466098, -0.313862, -0.111476]
[-0.308103, -0.252296, 0.460822, -0.308718, -0.113069]
[-0.300874, -0.251648, 0.480787, -0.30253, -0.108369]
[-0.305496, -0.257393, 0.485541, -0.300187, -0.106501]
[-0.300803, -0.257171, 0.488062, -0.314418, -0.107091]
[-0.307652, -0.251737, 0.444472, -0.30035, -0.106371]
[-0.30055, -0.258125, 0.483205, -0.303745, -0.11347]
[-0.297392, -0.255834, 0.468304, -0.316281, -0.102157]
[-0.303767, -0.251038, 0.498468, -0.314818, -0.108211]
[-0.311348, -0.256409, 0.460325, -0.309405, -0.101032]
[-0.314574, -0.257596, 0.496624, -0.299754, -0.112219]
[-0.312527, -0.250118, 0.496, -0.300035, -0.110257]
[-0.303126, -0.255327, 0.477364, -0.301077, -0.108066]
[-0.314255, -0.252476, 0.498461, -0.301917, -0.101286]
[-0.305632, -0.255187, 0.450183, -0.31224, -0.116216]
[-0.314804, -0.252952, 0.443669, -0.309769, -0.11452]
[-0.296924, -0.25559, 0.464252, -0.300321, -0.108747]
[-0.298051, -0.254669, 0.487341, -0.307764, -0.103618]
[-0.302653, -0.251469, 0.466785, -0.298154, -0.105517]
[-0.306604, -0.258531, 0.478871, -0.302765, -0.117539]
[-0.300628, -0.256024, 0.487594, -0.306565, -0.110726]
[-0.296519, -0.258022, 0.47004, -0.314516, -0.112359]
[-0.297111, -0.254009, 0.462073, -0.311732, -0.103932]
[-0.303058, -0.258039, 0.444689, -0.311861, -0.110166]
[-0.306623, -0.256079, 0.477192, -0.304387, -0.104469]
[-0.304275, -0.257191, 0.463771, -0.315964, -0.109796]
[-0.307879, -0.254953, 0.496466, -0.30105, -0.109698]
[-0.299653, -0.250173, 0.467711, -0.308026, -0.10192]
[-0.303537, -0.25804, 0.471771, -0.300758, -0.112689]
[-0.298829, -0.252647, 0.449927, -0.309879, -0.108098]
[-0.306484, -0.254333, 0.494726, -0.305417, -0.114077]
[-0.309924, -0.249895, 0.486667, -0.315247, -0.112473]
[-0.295052, -0.255816, 0.462664, -0.316515, -0.112481]
[-0.30545, -0.258983, 0.474234, -0.297265, -0.106892]
[-0.294147, -0.255518, 0.478117, -0.315374, -0.112512]
[-0.2988, -0.253438, 0.446541, -0.30606, -0.118375]
[-0.295358, -0.258671, 0.444936, -0.310867, -0.105767]
[-0.315493, -0.253705, 0.448147, -0.316092, -0.107205]
[-0.315269, -0.251373, 0.453814, -0.303557, -0.110005]
[-0.312727, -0.256094, 0.481073, -0.311111, -0.116973]
[-0.309835, -0.25171, 0.462019, -0.3141, -0.104217]
[-0.313484, -0.25018, 0.495895, -0.315364, -0.106331]
[-0.31514, -0.257669, 0.490544, -0.316475, -0.101274]
[-0.306616, -0.253806, 0.481578, -0.307187, -0.113511]
[-0.299906, -0.257559, 0.4893, -0.29808, -0.109481]
[-0.299884, -0.249261, 0.479883, -0.298145, -0.111147]
[-0.306346, -0.251544, 0.458875, -0.302981, -0.101627]
[-0.314408, -0.255219, 0.461041, -0.304534, -0.106491]
[-0.300469, -0.249474, 0.472879, -0.315869, -0.108369]
[-0.306872, -0.252091, 0.493795, -0.31769, -0.113727]
[-0.301114, -0.250034, 0.484712, -0.300707, -0.102159]
[-0.300783, -0.255465, 0.447378, -0.300128, -0.112954]
[-0.296304, -0.25795, 0.446394, -0.300893, -0.104624]
[-0.301948, -0.251199, 0.471628, -0.303017, -0.104172]
[-0.295858, -0.257601, 0.483685, -0.304792, -0.103076]
[-0.296963, -0.24949, 0.456315, -0.316537, -0.11168]
[-0.299393, -0.257503, 0.490649, -0.297187, -0.108528]
[-0.296138, -0.250759, 0.481837, -0.301486, -0.113489]
[-0.298797, -0.249441, 0.498737, -0.309492, -0.102878]
[-0.302255, -0.251663, 0.473594, -0.303254, -0.101328]
[-0.312274, -0.25852, 0.459228, -0.308691, -0.104454]
[-0.301615, -0.25703, 0.474264, -0.298437, -0.106263]
[-0.300608, -0.254851, 0.470761, -0.298424, -0.112959]
[-0.295571, -0.253946, 0.488617, -0.309192, -0.117579]
[-0.315104, -0.2586, 0.475098, -0.301411, -0.114294]
[-0.293844, -0.257598, 0.486353, -0.313846, -0.112951]
[-0.296781, -0.257996, 0.496712, -0.315151, -0.102455]
[-0.300127, -0.249498, 0.454504, -0.300707, -0.112156]
[-0.301405, -0.253472, 0.498883, -0.310216, -0.101144]
[-0.307797, -0.258271, 0.497672, -0.316591, -0.116744]
[-0.306028, -0.250853, 0.486375, -0.308533, -0.103109]
[-0.307479, -0.253823, 0.461023, -0.300765, -0.118297]
[-0.306506, -0.252272, 0.4858, -0.307342, -0.101801]
[-0.309701, -0.24996, 0.444378, -0.3148, -0.106068]
[-0.30328, -0.256957, 0.472148, -0.312895, -0.114339]
[-0.293753, -0.2563, 0.492557, -0.31225, -0.102361]
[-0.30289, -0.255534, 0.466614, -0.306606, -0.100837]
[-0.315205, -0.253344, 0.467449, -0.302056, -0.10631]
[-0.302023, -0.250016, 0.44583, -0.314164, -0.110839]
[-0.307566, -0.25087, 0.477795, -0.310917, -0.109952]
[-0.305177, -0.253766, 0.491202, -0.310524, -0.112712]
[-0.308608, -0.257552, 0.487537, -0.308492, -0.108458]
[-0.302112, -0.259081, 0.470746, -0.301684, -0.117113]
[-0.315218, -0.256268, 0.487342, -0.311482, -0.101164]
[-0.294341, -0.257953, 0.479404, -0.301529, -0.111359]
[-0.299131, -0.249153, 0.467015, -0.317085, -0.109353]
[-0.293662, -0.253117, 0.491625, -0.317744, -0.104106]
[-0.302468, -0.258191, 0.483646, -0.313741, -0.111426]
[-0.312866, -0.256821, 0.444272, -0.307919, -0.109744]
[-0.309906, -0.250646, 0.480004, -0.300483, -0.117201]
[-0.308182, -0.250484, 0.474811, -0.312562, -0.116842]
[-0.305718, -0.25543, 0.475645, -0.311171, -0.106795]
[-0.300241, -0.252552, 0.454192, -0.298005, -0.11094]
[-0.299931, -0.258013, 0.49327, -0.303947, -0.103472]
[-0.30202, -0.250479, 0.480375, -0.315053, -0.102132]
[-0.302088, -0.25213, 0.476937, -0.303627, -0.116839]
[-0.305749, -0.254284, 0.481869, -0.299086, -0.105448]
[-0.315535, -0.253911, 0.493643, -0.304821, -0.115676]
[-0.310096, -0.254166, 0.457522, -0.31299, -0.104956]
[-0.296734, -0.251845, 0.447412, -0.297523, -0.115946]
[-0.29691, -0.250674, 0.453782, -0.308659, -0.103699]
[-0.310169, -0.258421, 0.467757, -0.301272, -0.112995]
[-0.303239, -0.249869, 0.466344, -0.301338, -0.105574]
[-0.297462, -0.256337, 0.450595, -0.314268, -0.116535]
[-0.298903, -0.259077, 0.487059, -0.308872, -0.116872]
[-0.314995, -0.251201, 0.467216, -0.301109, -0.108389]
[-0.310974, -0.253479, 0.455419, -0.311963, -0.116304]
[-0.313145, -0.257118, 0.477622, -0.31025, -0.103898]
[-0.310447, -0.254631, 0.492144, -0.301623, -0.114254]
[-0.306518, -0.254555, 0.471137, -0.31071, -0.117036]
[-0.296445, -0.253104, 0.448473, -0.312083, -0.112649]
[-0.31525, -0.254645, 0.471512, -0.314632, -0.109981]
[-0.309977, -0.254271, 0.455601, -0.310402, -0.112454]
[-0.295376, -0.252661, 0.46819, -0.30611, -0.102692]
[-0.31082, -0.259078, 0.455401, -0.300337, -0.101952]
[-0.296656, -0.256624, 0.469573, -0.306287, -0.108254]
[-0.303088, -0.252296, 0.445063, -0.300519, -0.114884]
[-0.309273, -0.255355, 0.460708, -0.302362, -0.108773]
[-0.311211, -0.249253, 0.456283, -0.298659, -0.112197]
[-0.304591, -0.254874, 0.481229, -0.312232, -0.116918]
[-0.313841, -0.257303, 0.443918, -0.298056, -0.106564]
[-0.301944, -0.258533, 0.4763, -0.298276, -0.11372]
[-0.30955, -0.249753, 0.453885, -0.299601, -0.115346]
[-0.302183, -0.258354, 0.494226, -0.306501, -0.115173]
[-0.29384, -0.252898, 0.446491, -0.31016, -0.115737]
[-0.312358, -0.251519, 0.456423, -0.307098, -0.1027]
[-0.314844, -0.250104, 0.482199, -0.304816, -0.102207]
[-0.299208, -0.25659, 0.45172, -0.307718, -0.116667]
[-0.300859, -0.257367, 0.471847, -0.297267, -0.106025]
[-0.30087, -0.255781, 0.472151, -0.315446, -0.114516]
[-0.294189, -0.249088, 0.466067, -0.301561, -0.10213]
[-0.308548, -0.251891, 0.445737, -0.317519, -0.108942]
[-0.309539, -0.253918, 0.494307, -0.301532, -0.101313]
[-0.296426, -0.254524, 0.499731, -0.300768, -0.116594]
[-0.293797, -0.256162, 0.479317, -0.31239, -0.109375]
[-0.29924, -0.251744, 0.467731, -0.314828, -0.116939]
[-0.300069, -0.251678, 0.448048, -0.313197, -0.113952]
[-0.30126, -0.251586, 0.493287, -0.302481, -0.103608]
[-0.312374, -0.250916, 0.476267, -0.315041, -0.117914]
[-0.301271, -0.250388, 0.450416, -0.317834, -0.110469]
[-0.307493, -0.254237, 0.478653, -0.303022, -0.101308]
[-0.305698, -0.25472, 0.456918, -0.304783, -0.103559]
[-0.303515, -0.254429, 0.45648, -0.306903, -0.117148]
[-0.300931, -0.253836, 0.473085, -0.298276, -0.110122]
[-0.314502, -0.255425, 0.478305, -0.316381, -0.113921]
[-0.297306, -0.253073, 0.443734, -0.312768, -0.115403]
[-0.297909, -0.256231, 0.466323, -0.302464, -0.107827]
[-0.312853, -0.249114, 0.449787, -0.309593, -0.108046]
[-0.303696, -0.249679, 0.472806, -0.297807, -0.112472]
[-0.314027, -0.256783, 0.494117, -0.315805, -0.109352]
[-0.298474, -0.258642, 0.470261, -0.316279, -0.10727]
[-0.306545, -0.250378, 0.462549, -0.303146, -0.105391]
[-0.312851, -0.249281, 0.45657, -0.302332, -0.115812]
[-0.309801, -0.25163, 0.48146, -0.298003, -0.107075]
[-0.314905, -0.249792, 0.45887, -0.316355, -0.112594]
[-0.308314, -0.250814, 0.470501, -0.308384, -0.113889]
[-0.300621, -0.257515, 0.470766, -0.314571, -0.103233]
[-0.298482, -0.257751, 0.48873, -0.31486, -0.105501]
[-0.302908, -0.252061, 0.464058, -0.313416, -0.11754]
[-0.295264, -0.25802, 0.484134, -0.303685, -0.110936]
[-0.309822, -0.25358, 0.463466, -0.312437, -0.108862]
[-0.303799, -0.258907, 0.496676, -0.298978, -0.116166]
[-0.298761, -0.257737, 0.479789, -0.307825, -0.11079]
[-0.314041, -0.251175, 0.497766, -0.308361, -0.105429]
[-0.31422, -0.255779, 0.485344, -0.303566, -0.102307]
[-0.295681, -0.25044, 0.452826, -0.303639, -0.117586]
[-0.302908, -0.255227, 0.461494, -0.313385, -0.104104]
[-0.306363, -0.255285, 0.480155, -0.297755, -0.117472]
[-0.303246, -0.256377, 0.466403, -0.314481, -0.104721]
[-0.31499, -0.256527, 0.484141, -0.301119, -0.114765]
[-0.302859, -0.255083, 0.44649, -0.301106, -0.110587]
[-0.313778, -0.256049, 0.464105, -0.30078, -0.116435]
[-0.306664, -0.257107, 0.44417, -0.312727, -0.108672]
[-0.297872, -0.253955, 0.485949, -0.317677, -0.117139]
[-0.294159, -0.250912, 0.472155, -0.315658, -0.112248]
[-0.309713, -0.257535, 0.444536, -0.297664, -0.101036]
[-0.308993, -0.249282, 0.482688, -0.307039, -0.110377]
[-0.310452, -0.257368, 0.498768, -0.303924, -0.103627]
[-0.293911, -0.256737, 0.464315, -0.30926, -0.113719]
[-0.303556, -0.256771, 0.470705, -0.317232, -0.106144]
[-0.312284, -0.257014, 0.499315, -0.302027, -0.116995]
[-0.301028, -0.253618, 0.467039, -0.304543, -0.102707]
[-0.310361, -0.252002, 0.464589, -0.305983, -0.102386]
[-0.297887, -0.250543, 0.464456, -0.314171, -0.103945]
[-0.311423, -0.254431, 0.451887, -0.308656, -0.107091]
[-0.299297, -0.252054, 0.47336, -0.299325, -0.115603]
[-0.297644, -0.253832, 0.469723, -0.316023, -0.104805]
[-0.314687, -0.256659, 0.47452, -0.305154, -0.102776]
[-0.2967, -0.258081, 0.481017, -0.307741, -0.116825]
[-0.309149, -0.256045, 0.458855, -0.301776, -0.101016]
[-0.30545, -0.252673, 0.449086, -0.306618, -0.117975]
[-0.31386, -0.253841, 0.463092, -0.30883, -0.101769]
[-0.308128, -0.254863, 0.471613, -0.310015, -0.113123]
[-0.299718, -0.258769, 0.473545, -0.300627, -0.109028]
[-0.309497, -0.25384, 0.44444, -0.308809, -0.109683]
[-0.299558, -0.256115, 0.448182, -0.309641, -0.102221]
[-0.297413, -0.250824, 0.448683, -0.304318, -0.114266]
[-0.312212, -0.249081, 0.47898, -0.313564, -0.118092]
[-0.308664, -0.253802, 0.448605, -0.299243, -0.118169]
[-0.309363, -0.256335, 0.489955, -0.307135, -0.11565]
[-0.304117, -0.252095, 0.454766, -0.311961, -0.108468]
[-0.308974, -0.258855, 0.46454, -0.315261, -0.105026]
[-0.308614, -0.250166, 0.476988, -0.311031, -0.106521]
[-0.2947, -0.249682, 0.458359, -0.313108, -0.108613]
[-0.301212, -0.254062, 0.468114, -0.308007, -0.115741]
[-0.29747, -0.256133, 0.499253, -0.298174, -0.11301]
[-0.311004, -0.250733, 0.444207, -0.300037, -0.108452]
[-0.308547, -0.254531, 0.476215, -0.316713, -0.103991]
[-0.301915, -0.257691, 0.490548, -0.301814, -0.108478]
[-0.307764, -0.250141, 0.44379, -0.304989, -0.113854]
[-0.299737, -0.25737, 0.490445, -0.310516, -0.107532]
[-0.303783, -0.257456, 0.443781, -0.308992, -0.102485]
[-0.295336, -0.257252, 0.450422, -0.309879, -0.111888]
[-0.313601, -0.253662, 0.473826, -0.310584, -0.114515]
[-0.299269, -0.252584, 0.460496, -0.306353, -0.115012]
[-0.297557, -0.255573, 0.465084, -0.309225, -0.103589]
[-0.308797, -0.252305, 0.482995, -0.308843, -0.112535]
[-0.302782, -0.258564, 0.485283, -0.311182, -0.118079]
[-0.312082, -0.257495, 0.45626, -0.303109, -0.104817]
[-0.300617, -0.255108, 0.462035, -0.298717, -0.107254]
[-0.303971, -0.257634, 0.475452, -0.306582, -0.114795]
[-0.30851, -0.256685, 0.477776, -0.3077, -0.113706]
[-0.309159, -0.250673, 0.463965, -0.301751, -0.118002]
[-0.297604, -0.249818, 0.454962, -0.307083, -0.117251]
[-0.312398, -0.256058, 0.485316, -0.315172, -0.11102]
[-0.307927, -0.256323, 0.469546, -0.299735, -0.111414]
[-0.315577, -0.25121, 0.468124, -0.315829, -0.116044]
[-0.293828, -0.253048, 0.453541, -0.299461, -0.113718]
[-0.299224, -0.254232, 0.450905, -0.316262, -0.112148]
[-0.312359, -0.256137, 0.497057, -0.312592, -0.11107]
[-0.300315, -0.253879, 0.486697, -0.297307, -0.110259]
[-0.294418, -0.249865, 0.444302, -0.315063, -0.113967]
[-0.30735, -0.257462, 0.465006, -0.31115, -0.117612]
[-0.295156, -0.253884, 0.496182, -0.307448, -0.105164]
[-0.305069, -0.250848, 0.499568, -0.301309, -0.105108]
[-0.300387, -0.249126, 0.477985, -0.308672, -0.109459]
[-0.297987, -0.252138, 0.453443, -0.301836, -0.1039]
[-0.301467, -0.249334, 0.48428, -0.298364, -0.106557]
[-0.305487, -0.249089, 0.475907, -0.299057, -0.109636]
[-0.301791, -0.24977, 0.493385, -0.311421, -0.110698]
[-0.312373, -0.249615, 0.469301, -0.315651, -0.113835]
[-0.305417, -0.252684, 0.484201, -0.310241, -0.108386]
[-0.308172, -0.253681, 0.493155, -0.304348, -0.115065]
[-0.307974, -0.253359, 0.490851, -0.307775, -0.105017]
[-0.295873, -0.25247, 0.476699, -0.302112, -0.107947]
[-0.301492, -0.254184, 0.490018, -0.30498, -0.116143]
[-0.304853, -0.257887, 0.473111, -0.300724, -0.104934]
[-0.296107, -0.250713, 0.458941, -0.310682, -0.110244]
[-0.307651, -0.256392, 0.487333, -0.300406, -0.103618]
[-0.302716, -0.257257, 0.49137, -0.30165, -0.106742]
[-0.294893, -0.249662, 0.453435, -0.304887, -0.111521]
[-0.305751, -0.251634, 0.496418, -0.301764, -0.104749]
[-0.313201, -0.25785, 0.444031, -0.302445, -0.102996]
[-0.303023, -0.258055, 0.478253, -0.311484, -0.109264]
[-0.312499, -0.251823, 0.473988, -0.308555, -0.109821]
[-0.298616, -0.25052, 0.482765, -0.310091, -0.10899]
[-0.294716, -0.257104, 0.474533, -0.315913, -0.103054]
[-0.309036, -0.252157, 0.478221, -0.300275, -0.109478]
[-0.294564, -0.250619, 0.463506, -0.300351, -0.101637]
[-0.312492, -0.255246, 0.495301, -0.300137, -0.112991]
[-0.307308, -0.255067, 0.456715, -0.311386, -0.107773]
[-0.310175, -0.259011, 0.478146, -0.314425, -0.101093]
[-0.309249, -0.251249, 0.453163, -0.308103, -0.118512]
[-0.301117, -0.249854, 0.449307, -0.312467, -0.106688]
[-0.299458, -0.255574, 0.443718, -0.307784, -0.114178]
[-0.310322, -0.250418, 0.468247, -0.315792, -0.11225]
[-0.308033, -0.250372, 0.48581, -0.313826, -0.113933]
[-0.299298, -0.257951, 0.484813, -0.300783, -0.104907]
[-0.310476, -0.249151, 0.485257, -0.305526, -0.110198]
[-0.300288, -0.2523, 0.454066, -0.311497, -0.101473]
[-0.294078, -0.249593, 0.454925, -0.301422, -0.107597]
[-0.294623, -0.252395, 0.444028, -0.301554, -0.114447]
[-0.303402, -0.25433, 0.462005, -0.307257, -0.104305]
[-0.300561, -0.258888, 0.473356, -0.301583, -0.116523]
[-0.311797, -0.258685, 0.495276, -0.315246, -0.101954]
[-0.314284, -0.251031, 0.452172, -0.312219, -0.101814]
[-0.302299, -0.257369, 0.457817, -0.315866, -0.117303]
[-0.295169, -0.252595, 0.495679, -0.317247, -0.101455]
[-0.295638, -0.258197, 0.447275, -0.315715, -0.117835]
[-0.299398, -0.254596, 0.454634, -0.307958, -0.105173]
[-0.312242, -0.25766, 0.481463, -0.302668, -0.104335]
[-0.31346, -0.258, 0.490439, -0.300561, -0.1091]
[-0.301446, -0.255876, 0.457642, -0.315272, -0.106698]
[-0.297011, -0.253562, 0.468685, -0.297889, -0.104045]
[-0.303943, -0.254346, 0.467421, -0.312783, -0.112418]
[-0.293685, -0.252391, 0.445928, -0.297379, -0.110622]
[-0.29501, -0.2536, 0.445521, -0.317287, -0.108648]
[-0.303915, -0.25837, 0.457168, -0.312562, -0.11461]
[-0.309295, -0.2496, 0.462219, -0.31232, -0.109093]
[-0.306491, -0.249733, 0.473943, -0.312407, -0.118096]
[-0.311042, -0.249527, 0.46162, -0.305056, -0.113069]
[-0.294318, -0.25379, 0.451877, -0.307568, -0.105587]
[-0.311726, -0.256265, 0.489373, -0.313463, -0.103855]
[-0.303912, -0.249423, 0.478297, -0.302448, -0.104599]
[-0.313404, -0.255313, 0.492872, -0.302589, -0.111433]
[-0.306178, -0.250852, 0.470754, -0.297414, -0.105862]
[-0.294595, -0.258722, 0.465546, -0.311235, -0.116864]
[-0.302607, -0.258678, 0.450731, -0.303499, -0.111055]
[-0.30195, -0.254503, 0.497715, -0.299127, -0.11457]
[-0.293709, -0.256587, 0.477475, -0.314783, -0.116161]
[-0.293862, -0.250808, 0.464903, -0.317372, -0.111083]
[-0.311683, -0.251931, 0.499535, -0.306581, -0.111353]
[-0.314439, -0.249528, 0.488357, -0.30228, -0.112869]
[-0.306251, -0.249155, 0.446015, -0.316167, -0.105656]
[-0.314548, -0.251716, 0.468961, -0.300067, -0.105391]
[-0.293714, -0.255275, 0.471408, -0.315629, -0.114587]
[-0.309458, -0.258274, 0.490912, -0.301736, -0.10399]
[-0.294683, -0.253297, 0.450332, -0.31534, -0.101449]
[-0.306175, -0.249797, 0.477454, -0.297563, -0.101827]
[-0.311213, -0.256622, 0.474915, -0.302037, -0.101012]
[-0.313102, -0.255799, 0.454242, -0.308791, -0.106032]
[-0.301553, -0.253225, 0.486617, -0.300822, -0.118277]
[-0.295793, -0.258742, 0.476295, -0.31755, -0.111039]
[-0.298407, -0.252994, 0.478161, -0.304052, -0.117331]
[-0.295608, -0.257133, 0.493684, -0.316552, -0.118028]
[-0.296442, -0.251246, 0.483904, -0.304935, -0.113862]
[-0.31239, -0.255225, 0.499914, -0.311634, -0.101707]
[-0.298358, -0.257836, 0.492401, -0.312044, -0.108376]
[-0.313742, -0.258449, 0.446003, -0.29887, -0.110264]
[-0.300466, -0.256615, 0.457355, -0.313563, -0.101957]
[-0.308338, -0.256437, 0.488533, -0.309126, -0.105764]
[-0.305996, -0.249355, 0.463315, -0.315613, -0.104276]
[-0.310773, -0.25119, 0.497956, -0.308131, -0.107846]
[-0.297264, -0.253114, 0.492574, -0.306763, -0.112085]
[-0.308831, -0.252164, 0.451144, -0.31036, -0.111346]
[-0.309275, -0.2555, 0.495555, -0.312742, -0.104028]
[-0.312108, -0.257587, 0.465341, -0.304357, -0.105061]
[-0.298414, -0.257049, 0.467458, -0.297694, -0.106602]
[-0.315024, -0.253699, 0.456251, -0.301378, -0.103658]
[-0.309681, -0.253906, 0.487395, -0.302806, -0.110533]
[-0.29553, -0.257313, 0.484325, -0.300908, -0.117688]
[-0.312382, -0.251737, 0.443714, -0.314021, -0.105852]
[-0.306647, -0.253016, 0.490762, -0.312048, -0.11056]
[-0.30214, -0.258414, 0.467985, -0.301432, -0.108693]
[-0.312404, -0.257559, 0.448994, -0.301466, -0.108658]
[-0.29753, -0.251975, 0.470932, -0.310835, -0.113064]
[-0.303253, -0.254827, 0.480117, -0.306455, -0.108539]
[-0.313451, -0.256757, 0.493943, -0.30306, -0.106761]
[-0.303857, -0.250762, 0.493112, -0.312449, -0.112766]
[-0.311281, -0.256969, 0.461148, -0.300422, -0.101748]
[-0.307034, -0.252919, 0.46177, -0.309752, -0.116341]
[-0.303593, -0.252457, 0.445936, -0.300174, -0.116461]
[-0.311227, -0.257987, 0.495023, -0.309985, -0.10256]
[-0.304136, -0.257317, 0.451333, -0.316339, -0.113766]
[-0.31325, -0.253724, 0.479645, -0.30946, -0.10463]
[-0.300961, -0.255375, 0.461753, -0.304358, -0.116097]
[-0.315265, -0.25361, 0.483208, -0.314581, -0.105396]
[-0.309509, -0.249449, 0.46923, -0.314971, -0.109167]
[-0.309464, -0.250383, 0.496175, -0.298879, -0.117264]
[-0.307993, -0.255253, 0.476995, -0.309859, -0.11095]
[-0.299649, -0.255944, 0.496135, -0.306219, -0.10162]
[-0.293824, -0.249803, 0.463091, -0.305705, -0.117761]
[-0.311018, -0.257933, 0.47829, -0.304148, -0.116515]
[-0.297245, -0.24912, 0.477227, -0.305234, -0.10996]
[-0.295793, -0.251186, 0.468067, -0.316012, -0.108036]
[-0.298339, -0.255477, 0.452766, -0.309621, -0.108962]
[-0.305975, -0.256846, 0.468364, -0.300217, -0.107837]
[-0.296985, -0.255154, 0.456722, -0.303463, -0.113671]
[-0.308775, -0.252772, 0.487188, -0.305854, -0.115077]
[-0.298579, -0.2491, 0.48172, -0.310779, -0.11365]
[-0.29492, -0.2589, 0.469078, -0.314099, -0.115796]
[-0.29396, -0.254461, 0.494268, -0.30324, -0.103316]
[-0.300698, -0.250622, 0.448091, -0.299053, -0.101437]
[-0.295944, -0.255496, 0.492412, -0.312068, -0.10311]
[-0.309199, -0.257664, 0.445625, -0.300696, -0.107905]
[-0.303089, -0.256308, 0.460085, -0.314144, -0.106971]
[-0.294157, -0.255169, 0.470175, -0.314134, -0.110963]
[-0.304135, -0.256409, 0.450569, -0.305924, -0.101664]
[-0.294676, -0.250149, 0.444171, -0.31411, -0.102436]
[-0.295481, -0.255097, 0.468429, -0.301641, -0.103816]
[-0.313238, -0.251708, 0.450273, -0.30385, -0.104371]
[-0.307379, -0.255803, 0.490691, -0.31749, -0.106647]
[-0.315271, -0.251711, 0.45293, -0.31413, -0.106314]
[-0.296977, -0.256517, 0.448217, -0.298514, -0.109968]
[-0.312312, -0.258413, 0.451168, -0.306811, -0.113679]
[-0.305062, -0.257828, 0.451412, -0.309159, -0.109549]
[-0.296263, -0.258511, 0.470487, -0.300657, -0.114842]
[-0.299265, -0.250011, 0.492514, -0.313182, -0.112927]
[-0.303415, -0.256325, 0.496657, -0.31588, -0.114188]
[-0.299712, -0.253355, 0.48828, -0.31565, -0.111234]
[-0.300322, -0.256211, 0.480981, -0.317788, -0.112465]
[-0.300105, -0.252733, 0.490781, -0.310588, -0.115523]
[-0.299589, -0.249415, 0.47655, -0.305728, -0.116453]
[-0.302522, -0.251585, 0.492584, -0.306726, -0.112702]
[-0.303376, -0.257488, 0.49738, -0.308688, -0.114667]
[-0.301721, -0.249611, 0.487819, -0.306231, -0.111824]
[-0.299892, -0.253055, 0.47423, -0.310109, -0.112865]
[-0.301168, -0.258454, 0.492826, -0.312409, -0.117233]
[-0.30317, -0.258494, 0.495189, -0.316254, -0.117392]
[-0.302906, -0.252756, 0.494869, -0.316876, -0.111487]
[-0.30142, -0.249181, 0.487353, -0.306407, -0.114703]
[-0.303638, -0.252929, 0.487624, -0.310299, -0.111305]
[-0.301522, -0.250803, 0.494572, -0.30843, -0.112529]
[-0.303257, -0.255718, 0.475983, -0.309631, -0.117217]
[-0.303247, -0.256632, 0.481144, -0.31502, -0.116028]
[-0.302403, -0.249404, 0.479592, -0.31078, -0.11847]
[-0.302024, -0.258019, 0.496335, -0.316738, -0.113592]
[-0.302896, -0.258903, 0.484958, -0.306961, -0.11428]
[-0.299617, -0.252844, 0.474712, -0.304598, -0.1167]
[-0.303807, -0.253534, 0.489785, -0.308397, -0.117833]
[-0.301347, -0.250733, 0.48479, -0.308845, -0.11605]
[-0.301407, -0.255829, 0.491346, -0.315867, -0.116339]
[-0.301335, -0.258728, 0.49751, -0.31784, -0.115631]
[-0.302923, -0.251602, 0.489984, -0.311652, -0.111533]
[-0.303428, -0.252196, 0.471177, -0.309168, -0.111642]
[-0.303025, -0.252234, 0.471413, -0.310108, -0.116934]
[-0.299873, -0.255074, 0.48752, -0.315765, -0.117935]
[-0.302347, -0.256439, 0.474885, -0.310585, -0.116154]
[-0.300612, -0.259023, 0.478984, -0.305732, -0.116301]
[-0.300857, -0.256887, 0.498567, -0.313784, -0.116072]
[-0.302424, -0.251737, 0.479233, -0.317497, -0.111314]
[-0.299318, -0.254978, 0.493733, -0.306396, -0.114668]
[-0.300212, -0.250282, 0.473305, -0.307924, -0.115698]
[-0.301349, -0.25154, 0.49207, -0.31544, -0.113905]
[-0.300256, -0.256985, 0.498512, -0.30811, -0.115055]
[-0.30384, -0.252806, 0.479868, -0.317762, -0.11627]
[-0.300599, -0.256263, 0.479431, -0.307108, -0.111053]
[-0.303845, -0.251042, 0.482744, -0.304508, -0.113582]
[-0.301384, -0.25076, 0.483077, -0.309244, -0.11721]
[-0.303893, -0.258957, 0.480287, -0.31603, -0.113348]
[-0.299437, -0.255772, 0.498577, -0.310285, -0.114224]
[-0.301278, -0.254747, 0.478305, -0.314899, -0.118136]
[-0.299454, -0.258784, 0.494375, -0.309037, -0.111107]
[-0.300449, -0.258713, 0.494499, -0.313823, -0.111791]
[-0.301564, -0.249571, 0.471587, -0.316944, -0.114827]
[-0.301349, -0.250335, 0.475728, -0.304869, -0.118441]
[-0.303194, -0.256345, 0.498073, -0.315624, -0.11118]
[-0.302284, -0.252477, 0.485664, -0.309853, -0.116732]
[-0.300202, -0.253897, 0.479407, -0.311697, -0.113442]
[-0.299746, -0.259044, 0.498199, -0.305285, -0.113698]
[-0.301747, -0.254176, 0.496766, -0.311616, -0.115818]
[-0.303354, -0.254562, 0.490237, -0.316986, -0.116066]
[-0.301224, -0.25682, 0.481717, -0.30676, -0.11097]
[-0.300482, -0.252492, 0.48237, -0.309381, -0.113001]
[-0.301667, -0.255028, 0.476608, -0.304582, -0.11723]
[-0.302191, -0.255319, 0.476209, -0.306282, -0.117193]
[-0.300942, -0.253681, 0.476621, -0.311781, -0.113889]
[-0.301162, -0.254259, 0.475135, -0.317591, -0.114332]
[-0.302644, -0.255275, 0.485666, -0.309839, -0.115831]
[-0.300443, -0.253355, 0.499694, -0.308908, -0.114375]
[-0.303104, -0.256606, 0.499585, -0.310833, -0.113753]
[-0.302394, -0.258655, 0.478323, -0.309469, -0.11602]
[-0.299702, -0.251896, 0.490102, -0.311462, -0.113248]
[-0.302864, -0.254013, 0.490465, -0.316222, -0.113542]
[-0.299807, -0.254196, 0.470629, -0.311333, -0.112391]
[-0.303293, -0.255624, 0.477292, -0.305125, -0.118506]
[-0.299823, -0.258555, 0.476337, -0.314313, -0.117418]
[-0.302049, -0.250953, 0.488032, -0.306546, -0.113786]
[-0.303846, -0.249527, 0.48965, -0.312227, -0.114402]
[-0.302868, -0.25402, 0.47141, -0.307795, -0.118542]
[-0.30016, -0.252904, 0.487036, -0.315503, -0.113576]
[-0.301061, -0.255455, 0.476597, -0.307958, -0.11792]
[-0.300342, -0.249244, 0.484929, -0.306421, -0.117116]
[-0.299332, -0.252087, 0.473779, -0.31664, -0.11797]
[-0.300891, -0.256696, 0.481716, -0.307662, -0.114507]
[-0.300552, -0.249232, 0.496032, -0.313187, -0.113127]
[-0.29981, -0.254309, 0.490665, -0.307536, -0.115033]
[-0.301138, -0.249599, 0.475259, -0.308353, -0.11725]
[-0.303741, -0.249204, 0.482805, -0.306917, -0.11839]
[-0.30363, -0.256464, 0.487165, -0.313996, -0.113563]
[-0.30285, -0.258773, 0.49325, -0.315038, -0.11107]
[-0.303719, -0.252276, 0.492761, -0.315748, -0.117228]
[-0.301713, -0.258386, 0.489882, -0.305455, -0.114939]
[-0.303058, -0.253015, 0.475118, -0.308559, -0.115538]
[-0.302802, -0.257679, 0.482723, -0.305552, -0.116735]
[-0.302038, -0.253318, 0.492093, -0.308407, -0.112997]
[-0.300003, -0.250072, 0.48119, -0.312317, -0.116721]
[-0.299825, -0.2587, 0.497987, -0.309101, -0.111262]
[-0.299808, -0.253674, 0.498123, -0.314157, -0.115537]
[-0.299235, -0.256658, 0.482828, -0.312487, -0.113366]
[-0.30362, -0.258734, 0.47568, -0.30973, -0.112928]
[-0.303706, -0.256516, 0.473035, -0.307071, -0.112191]
[-0.303424, -0.25013, 0.478511, -0.310206, -0.117059]
[-0.299671, -0.255102, 0.472663, -0.31051, -0.112651]
[-0.301385, -0.258923, 0.494513, -0.313264, -0.118121]
[-0.30317, -0.257861, 0.49392, -0.310641, -0.113013]
[-0.299541, -0.25509, 0.496867, -0.314662, -0.117453]
[-0.299519, -0.255839, 0.493222, -0.314193, -0.114352]
[-0.302878, -0.251287, 0.476104, -0.317564, -0.118543]
[-0.302297, -0.250234, 0.478966, -0.317591, -0.116812]
[-0.303784, -0.258724, 0.476926, -0.31305, -0.112163]
[-0.301098, -0.256638, 0.481016, -0.311682, -0.118085]
[-0.301555, -0.258433, 0.495736, -0.317617, -0.118343]
[-0.299444, -0.254675, 0.478377, -0.314615, -0.112702]
[-0.302741, -0.258208, 0.49939, -0.315033, -0.112262]
[-0.301914, -0.254548, 0.496296, -0.313588, -0.111644]
[-0.300148, -0.25621, 0.481937, -0.315571, -0.116527]
[-0.301695, -0.251618, 0.491205, -0.311918, -0.112689]
[-0.299241, -0.251772, 0.497756, -0.312273, -0.117096]
[-0.299336, -0.253582, 0.481695, -0.30753, -0.115552]
[-0.299782, -0.258361, 0.49461, -0.309739, -0.111179]
[-0.299996, -0.251978, 0.485455, -0.317055, -0.116993]
[-0.3026, -0.257576, 0.484629, -0.304554, -0.114248]
[-0.299193, -0.249557, 0.478558, -0.317309, -0.115455]
[-0.303782, -0.252442, 0.474652, -0.315374, -0.117101]
[-0.299263, -0.258089, 0.493817, -0.316282, -0.112845]
[-0.303886, -0.252442, 0.49061, -0.312818, -0.115921]
[-0.300991, -0.257101, 0.480571, -0.310431, -0.115416]
[-0.303807, -0.256257, 0.490196, -0.310892, -0.116426]
[-0.299283, -0.253481, 0.499028, -0.315925, -0.111313]
[-0.303469, -0.254221, 0.472303, -0.312944, -0.115438]
[-0.301012, -0.254362, 0.47279, -0.315151, -0.112794]
[-0.303601, -0.257381, 0.499054, -0.312883, -0.111927]
[-0.302069, -0.25663, 0.471086, -0.312658, -0.118452]
[-0.303538, -0.251754, 0.474739, -0.306798, -0.115036]
[-0.302982, -0.251586, 0.4929, -0.31, -0.113624]
[-0.30313, -0.25834, 0.474973, -0.312381, -0.118538]
[-0.30017, -0.255044, 0.489761, -0.314675, -0.11824]
[-0.303185, -0.254597, 0.490234, -0.315084, -0.111457]
[-0.299934, -0.258314, 0.489764, -0.314727, -0.11415]
[-0.301624, -0.251039, 0.474488, -0.305965, -0.111541]
[-0.300816, -0.253138, 0.484688, -0.317504, -0.111146]
[-0.302453, -0.257224, 0.47373, -0.312028, -0.113511]
[-0.302224, -0.252645, 0.486911, -0.31027, -0.11159]
[-0.299485, -0.254007, 0.499083, -0.304374, -0.111338]
[-0.302664, -0.258545, 0.487948, -0.310906, -0.116469]
[-0.301397, -0.249197, 0.497545, -0.31486, -0.117102]
[-0.300165, -0.253242, 0.490878, -0.312805, -0.116857]
[-0.303192, -0.25314, 0.49742, -0.312941, -0.112001]
[-0.301099, -0.249063, 0.491987, -0.312823, -0.117959]
[-0.300479, -0.254296, 0.489849, -0.312108, -0.117315]
[-0.302256, -0.251266, 0.486705, -0.309244, -0.115473]
[-0.303424, -0.253156, 0.477519, -0.316914, -0.11786]
[-0.299215, -0.25885, 0.49341, -0.313097, -0.114115]
[-0.302095, -0.255149, 0.494694, -0.314539, -0.114777]
[-0.3029, -0.258374, 0.486482, -0.311575, -0.111304]
[-0.303573, -0.254049, 0.475898, -0.314359, -0.117685]
[-0.299919, -0.253773, 0.481206, -0.310614, -0.110962]
[-0.299206, -0.254135, 0.489431, -0.309433, -0.113045]
[-0.299964, -0.251098, 0.482731, -0.306157, -0.118565]
[-0.299168, -0.257533, 0.484695, -0.314207, -0.116387]
[-0.303427, -0.255716, 0.487899, -0.315187, -0.112185]
[-0.30213, -0.252115, 0.481817, -0.315722, -0.111067]
[-0.301396, -0.250044, 0.497837, -0.308588, -0.115551]
[-0.30042, -0.250999, 0.479318, -0.309325, -0.11511]
[-0.30387, -0.252568, 0.488316, -0.315796, -0.114046]
[-0.301268, -0.250917, 0.498191, -0.309943, -0.114579]
[-0.302424, -0.250831, 0.473891, -0.311978, -0.114197]
[-0.299959, -0.251129, 0.472539, -0.311377, -0.116143]
[-0.300823, -0.254686, 0.48846, -0.315632, -0.115585]
[-0.301117, -0.255836, 0.492893, -0.306364, -0.114274]
[-0.299544, -0.258904, 0.491827, -0.317172, -0.112539]
[-0.300642, -0.251146, 0.47244, -0.316327, -0.111586]
[-0.303726, -0.257994, 0.473005, -0.311958, -0.118101]
[-0.303301, -0.256315, 0.476258, -0.307093, -0.11324]
[-0.303501, -0.253974, 0.484772, -0.304868, -0.117622]
[-0.299486, -0.253368, 0.490314, -0.306894, -0.113137]
[-0.303036, -0.249234, 0.497947, -0.315235, -0.112581]
[-0.302102, -0.253174, 0.497723, -0.306454, -0.115162]
[-0.301857, -0.258068, 0.485719, -0.304338, -0.118471]
[-0.300419, -0.25424, 0.492073, -0.305619, -0.116611]
[-0.30171, -0.254674, 0.475607, -0.317856, -0.117743]
[-0.302206, -0.255004, 0.473266, -0.314925, -0.113229]
[-0.303465, -0.253619, 0.48573, -0.314511, -0.114836]
[-0.302509, -0.255066, 0.485536, -0.313322, -0.117832]
[-0.300294, -0.254695, 0.478956, -0.304333, -0.111171]
[-0.300547, -0.255379, 0.489956, -0.314703, -0.117058]
[-0.299648, -0.250213, 0.490072, -0.311184, -0.115741]
[-0.302828, -0.254096, 0.487762, -0.313885, -0.113358]
[-0.299565, -0.251033, 0.499395, -0.312883, -0.113346]
[-0.303866, -0.249212, 0.474079, -0.307945, -0.114947]
[-0.299542, -0.255115, 0.475212, -0.313715, -0.111875]
[-0.29984, -0.254862, 0.498425, -0.312105, -0.11493]
[-0.303082, -0.254434, 0.498297, -0.317097, -0.115481]
[-0.299194, -0.257779, 0.496279, -0.311689, -0.118251]
[-0.301375, -0.257227, 0.498043, -0.307204, -0.115184]
[-0.299756, -0.250197, 0.47954, -0.308914, -0.117475]
[-0.301888, -0.257063, 0.499082, -0.311485, -0.116246]
[-0.302459, -0.25896, 0.477227, -0.31712, -0.117714]
[-0.299693, -0.249319, 0.470735, -0.317206, -0.111658]
[-0.30296, -0.250269, 0.498954, -0.317841, -0.111336]
[-0.301932, -0.251373, 0.491875, -0.316904, -0.110971]
[-0.302322, -0.256451, 0.493648, -0.314331, -0.111695]
[-0.303175, -0.250797, 0.47839, -0.317348, -0.113828]
[-0.300548, -0.256859, 0.480151, -0.30634, -0.11413]
[-0.299837, -0.255288, 0.486409, -0.314623, -0.112968]
[-0.300677, -0.254729, 0.485902, -0.308164, -0.110976]
[-0.299749, -0.251958, 0.474807, -0.310969, -0.116303]
[-0.299986, -0.256705, 0.495627, -0.309865, -0.115483]
[-0.300961, -0.258589, 0.495195, -0.313177, -0.118525]
[-0.302938, -0.254246, 0.492848, -0.317757, -0.111711]
[-0.300256, -0.249616, 0.470667, -0.306689, -0.118189]
[-0.300046, -0.257573, 0.498148, -0.312254, -0.117827]
[-0.301399, -0.258995, 0.486976, -0.308067, -0.116436]
[-0.299779, -0.25157, 0.485269, -0.307962, -0.113527]
[-0.300236, -0.249428, 0.483563, -0.313794, -0.11808]
[-0.30097, -0.251545, 0.499747, -0.30446, -0.112365]
[-0.29937, -0.250885, 0.499492, -0.305104, -0.112189]
[-0.303033, -0.251159, 0.489107, -0.308362, -0.114465]
[-0.301057, -0.253494, 0.49446, -0.304586, -0.111478]
[-0.303616, -0.254248, 0.486553, -0.309747, -0.111632]
[-0.301233, -0.258243, 0.487775, -0.310911, -0.11198]
[-0.299732, -0.255721, 0.497317, -0.307157, -0.117737]
[-0.301949, -0.249343, 0.472469, -0.306549, -0.116657]
[-0.300829, -0.256898, 0.499243, -0.314334, -0.112515]
[-0.300766, -0.258379, 0.479189, -0.311509, -0.115943]
[-0.301605, -0.253857, 0.498741, -0.313383, -0.117277]
[-0.300418, -0.252357, 0.493712, -0.311582, -0.116648]
[-0.299652, -0.257208, 0.476424, -0.306647, -0.112669]
[-0.300184, -0.25835, 0.480098, -0.311452, -0.117985]
[-0.302798, -0.252592, 0.493012, -0.310669, -0.117882]
[-0.29935, -0.253656, 0.496175, -0.317256, -0.114813]
[-0.300163, -0.253529, 0.496459, -0.312909, -0.111579]
[-0.301141, -0.249218, 0.475653, -0.316292, -0.115959]
[-0.302926, -0.258639, 0.498545, -0.312152, -0.117012]
[-0.303483, -0.254892, 0.495278, -0.312886, -0.114084]
[-0.301774, -0.258935, 0.493627, -0.305114, -0.112971]
[-0.303521, -0.251038, 0.490106, -0.312666, -0.116125]
[-0.303428, -0.250391, 0.498927, -0.304595, -0.116999]
[-0.303417, -0.250196, 0.472183, -0.315762, -0.114326]
[-0.302358, -0.254448, 0.496267, -0.312503, -0.111867]
[-0.299511, -0.257145, 0.493938, -0.315908, -0.11451]
[-0.300694, -0.256156, 0.497891, -0.317009, -0.118679]
[-0.302009, -0.253145, 0.489207, -0.308953, -0.11791]
[-0.299483, -0.257499, 0.474913, -0.311202, -0.113744]
[-0.301691, -0.253364, 0.486632, -0.308369, -0.114139]
[-0.303407, -0.251447, 0.492534, -0.312287, -0.113296]
[-0.301204, -0.257032, 0.480583, -0.310246, -0.114795]
[-0.303537, -0.257814, 0.499619, -0.312061, -0.11695]
[-0.301164, -0.254861, 0.483162, -0.316526, -0.113392]
[-0.300353, -0.254998, 0.473335, -0.304648, -0.115064]
[-0.302071, -0.258225, 0.485248, -0.31629, -0.11327]
[-0.302829, -0.257671, 0.475359, -0.306671, -0.11596]
[-0.301998, -0.252621, 0.494556, -0.304394, -0.113762]
[-0.300505, -0.251816, 0.499421, -0.317208, -0.118541]
[-0.303209, -0.255159, 0.487257, -0.31532, -0.114416]
[-0.302777, -0.258631, 0.494542, -0.317443, -0.11634]
[-0.300478, -0.254265, 0.483545, -0.308665, -0.115217]
[-0.302059, -0.251318, 0.497016, -0.314545, -0.113561]
[-0.300394, -0.255593, 0.493769, -0.308424, -0.116569]
[-0.29992, -0.251042, 0.496155, -0.315928, -0.115479]
[-0.300407, -0.25811, 0.480678, -0.317683, -0.111399]
[-0.302404, -0.249772, 0.493331, -0.306435, -0.116743]
[-0.303585, -0.251826, 0.473962, -0.306085, -0.117605]
[-0.299987, -0.255766, 0.477585, -0.316256, -0.112524]
[-0.299718, -0.252165, 0.470592, -0.308698, -0.118195]
[-0.30096, -0.256459, 0.471137, -0.311399, -0.116601]
[-0.299403, -0.257367, 0.494049, -0.304772, -0.116714]
[-0.302013, -0.253811, 0.499857, -0.312103, -0.115633]
[-0.302951, -0.253413, 0.471835, -0.306387, -0.114995]
[-0.302837, -0.254996, 0.475364, -0.313203, -0.112989]
[-0.300932, -0.255202, 0.470829, -0.311012, -0.11242]
[-0.302184, -0.252905, 0.472138, -0.306387, -0.115316]
[-0.299757, -0.252911, 0.483734, -0.30602, -0.112531]
[-0.30033, -0.25096, 0.488184, -0.3139, -0.116529]
[-0.303526, -0.249333, 0.497385, -0.30827, -0.110931]
[-0.299991, -0.256779, 0.472885, -0.311599, -0.113516]
[-0.300475, -0.250885, 0.47679, -0.305276, -0.11379]
[-0.302156, -0.254693, 0.490618, -0.310097, -0.116892]
[-0.301823, -0.256657, 0.492305, -0.312901, -0.111857]
[-0.299901, -0.250578, 0.472531, -0.310826, -0.116089]
[-0.301284, -0.255782, 0.473386, -0.316161, -0.117388]
[-0.301747, -0.249787, 0.496207, -0.305156, -0.110926]
[-0.30087, -0.256393, 0.472038, -0.306967, -0.117049]
[-0.300434, -0.257776, 0.498374, -0.312894, -0.112349]
[-0.29993, -0.255124, 0.492701, -0.305776, -0.11657]
[-0.300644, -0.257896, 0.485157, -0.307349, -0.110917]
[-0.300102, -0.257017, 0.485106, -0.317562, -0.117711]
[-0.300731, -0.254599, 0.483609, -0.314406, -0.117216]
[-0.300797, -0.256091, 0.48541, -0.310544, -0.114949]
[-0.303464, -0.255127, 0.484345, -0.314812, -0.114662]
[-0.300903, -0.251862, 0.495535, -0.304921, -0.114882]
[-0.303039, -0.258415, 0.490915, -0.314595, -0.115523]
[-0.300654, -0.250485, 0.498541, -0.313628, -0.111763]
[-0.303257, -0.255928, 0.483514, -0.314236, -0.115553]
[-0.30186, -0.258018, 0.488379, -0.305128, -0.112537]
[-0.300145, -0.257603, 0.471457, -0.304778, -0.118505]
[-0.300468, -0.252125, 0.493993, -0.313137, -0.112102]
[-0.303277, -0.24919, 0.481436, -0.312935, -0.114791]
[-0.303824, -0.251382, 0.476788, -0.315876, -0.114237]
[-0.300256, -0.256982, 0.49186, -0.307402, -0.111802]
[-0.299388, -0.254519, 0.472585, -0.31745, -0.117117]
[-0.302846, -0.249641, 0.479917, -0.317285, -0.11663]
[-0.30007, -0.258126, 0.48708, -0.316877, -0.118711]
[-0.303473, -0.249657, 0.491332, -0.306923, -0.111985]
[-0.303733, -0.257333, 0.484716, -0.311375, -0.117425]
[-0.300482, -0.252149, 0.473768, -0.311388, -0.113925]
[-0.303297, -0.251492, 0.492228, -0.316464, -0.110989]
[-0.303908, -0.251326, 0.482819, -0.308296, -0.11796]
[-0.302098, -0.255571, 0.484848, -0.314772, -0.111816]
[-0.30293, -0.25086, 0.486428, -0.306875, -0.110932]
[-0.30352, -0.25348, 0.486564, -0.306841, -0.116885]
[-0.300349, -0.258472, 0.470988, -0.312307, -0.113499]
[-0.300706, -0.249437, 0.479529, -0.31401, -0.111115]
[-0.301765, -0.25212, 0.49823, -0.309421, -0.112179]
[-0.303297, -0.251741, 0.487087, -0.304439, -0.113153]
[-0.301105, -0.249799, 0.482773, -0.30592, -0.117182]
[-0.302501, -0.256938, 0.471036, -0.317712, -0.113509]
[-0.303395, -0.254446, 0.478853, -0.314076, -0.111889]
[-0.30024, -0.252049, 0.499557, -0.313918, -0.115139]
[-0.301925, -0.253184, 0.482875, -0.31096, -0.11725]
[-0.302045, -0.254128, 0.492827, -0.306171, -0.11245]
[-0.302588, -0.251535, 0.485579, -0.307626, -0.116883]
[-0.303968, -0.249509, 0.496042, -0.310866, -0.115221]
[-0.29967, -0.255024, 0.472729, -0.310817, -0.115042]
[-0.303937, -0.253864, 0.481298, -0.316374, -0.117382]
[-0.303087, -0.254064, 0.497604, -0.317154, -0.115508]
[-0.302493, -0.252745, 0.47117, -0.305547, -0.111665]
[-0.302904, -0.258782, 0.482401, -0.31281, -0.115221]
[-0.302098, -0.24981, 0.489672, -0.305245, -0.113713]
[-0.302643, -0.249787, 0.4793, -0.315775, -0.116416]
[-0.301963, -0.254999, 0.481007, -0.305794, -0.117387]
[-0.302066, -0.254345, 0.472248, -0.316256, -0.111975]
[-0.302151, -0.251516, 0.487547, -0.304533, -0.116413]
[-0.303128, -0.256719, 0.474309, -0.312223, -0.112323]
[-0.301509, -0.25235, 0.479014, -0.306865, -0.115613]
[-0.303775, -0.249708, 0.480667, -0.305016, -0.115342]
[-0.303692, -0.254052, 0.477232, -0.309842, -0.118501]
[-0.303703, -0.258899, 0.476713, -0.315546, -0.114902]
[-0.303736, -0.255813, 0.486175, -0.304765, -0.115629]
[-0.300105, -0.2531, 0.474356, -0.305703, -0.116185]
[-0.30183, -0.253097, 0.477188, -0.305004, -0.117112]
[-0.301384, -0.250911, 0.492694, -0.309304, -0.112878]
[-0.301692, -0.24928, 0.473462, -0.305598, -0.117444]
[-0.303504, -0.255402, 0.479663, -0.314447, -0.115422]
[-0.299498, -0.249239, 0.496553, -0.313057, -0.114776]
[-0.299935, -0.249461, 0.482597, -0.309687, -0.11117]
[-0.300776, -0.2541, 0.49005, -0.305971, -0.113454]
[-0.300021, -0.253772, 0.493345, -0.312309, -0.117093]
[-0.303298, -0.257124, 0.49785, -0.307545, -0.112578]
[-0.302484, -0.25089, 0.473444, -0.312818, -0.112569]
[-0.303452, -0.25112, 0.474372, -0.314184, -0.11552]
[-0.301835, -0.254895, 0.478025, -0.30881, -0.118676]
[-0.303305, -0.256993, 0.478121, -0.310829, -0.112009]
[-0.299594, -0.249404, 0.473806, -0.31072, -0.111533]
[-0.299421, -0.250668, 0.490186, -0.305587, -0.11595]
[-0.300278, -0.251553, 0.489412, -0.306745, -0.112763]
[-0.302608, -0.252817, 0.488525, -0.312027, -0.11569]
[-0.299166, -0.249247, 0.474578, -0.306097, -0.116936]
[-0.302632, -0.252181, 0.482173, -0.313006, -0.11426]
[-0.302523, -0.252387, 0.480382, -0.31218, -0.117749]
[-0.303137, -0.252673, 0.492242, -0.310164, -0.113991]
[-0.299406, -0.253005, 0.487156, -0.316804, -0.115901]
[-0.302831, -0.249479, 0.481367, -0.316244, -0.11334]
[-0.300334, -0.252439, 0.475561, -0.31179, -0.112661]
[-0.29934, -0.249147, 0.487056, -0.308894, -0.112497]
[-0.303457, -0.249158, 0.480523, -0.304203, -0.116947]
[-0.302808, -0.249317, 0.476252, -0.307545, -0.116161]
[-0.299903, -0.254209, 0.495749, -0.309502, -0.116695]
[-0.299998, -0.258609, 0.481856, -0.306206, -0.111854]
[-0.300419, -0.251176, 0.47211, -0.313233, -0.112979]
[-0.300795, -0.251109, 0.495957, -0.314432, -0.117846]
[-0.299803, -0.255189, 0.477925, -0.307813, -0.113325]
[-0.301814, -0.25214, 0.487099, -0.313818, -0.112055]
[-0.303793, -0.25816, 0.478442, -0.305267, -0.116505]
[-0.300412, -0.254954, 0.48915, -0.309263, -0.1183]
[-0.299804, -0.249988, 0.493058, -0.306419, -0.115286]
[-0.300994, -0.249571, 0.484959, -0.313367, -0.117726]
[-0.299531, -0.249479, 0.49742, -0.305345, -0.118621]
[-0.302022, -0.255505, 0.481949, -0.31278, -0.11659]
[-0.299551, -0.256418, 0.493768, -0.308973, -0.115514]
[-0.301863, -0.256544, 0.489242, -0.311722, -0.115349]
[-0.303289, -0.256616, 0.474961, -0.305567, -0.117906]
[-0.302278, -0.257245, 0.496932, -0.308717, -0.113666]
[-0.302566, -0.252161, 0.480231, -0.317353, -0.114504]
[-0.300655, -0.256278, 0.487506, -0.3143, -0.113776]
[-0.302772, -0.258662, 0.49035, -0.306004, -0.116369]
[-0.303423, -0.251461, 0.489123, -0.317466, -0.115292]
[-0.302737, -0.249804, 0.476947, -0.316611, -0.111963]
[-0.299406, -0.25207, 0.495957, -0.316818, -0.114204]
[-0.302679, -0.253576, 0.485256, -0.312009, -0.116283]
[-0.299725, -0.251182, 0.499315, -0.312152, -0.116359]
[-0.303939, -0.254214, 0.488865, -0.315137, -0.113704]
[-0.300863, -0.253883, 0.493518, -0.307062, -0.113627]
[-0.30364, -0.250442, 0.480425, -0.309048, -0.117517]
[-0.299342, -0.257468, 0.496085, -0.310867, -0.113369]
[-0.303319, -0.25163, 0.477963, -0.306337, -0.114771]
[-0.302179, -0.256469, 0.480228, -0.307286, -0.113411]
[-0.303488, -0.249707, 0.478665, -0.31348, -0.117159]
[-0.300833, -0.256895, 0.472178, -0.316533, -0.11618]
[-0.30281, -0.251381, 0.472811, -0.307577, -0.114328]
[-0.301995, -0.252596, 0.473721, -0.304823, -0.118124]
[-0.302448, -0.257287, 0.470762, -0.30664, -0.117144]
[-0.30279, -0.249567, 0.479742, -0.304407, -0.114889]
[-0.30066, -0.250027, 0.472759, -0.307283, -0.111192]
[-0.301923, -0.254006, 0.483858, -0.311202, -0.114729]
[-0.299683, -0.250633, 0.49217, -0.309617, -0.113333]
[-0.299981, -0.256087, 0.475448, -0.314171, -0.116408]
[-0.301759, -0.25827, 0.48529, -0.316288, -0.117386]
[-0.299757, -0.256136, 0.477441, -0.313213, -0.112263]
[-0.300954, -0.2515, 0.496508, -0.317221, -0.118243]
[-0.302598, -0.258403, 0.472965, -0.314233, -0.114316]
[-0.30272, -0.249493, 0.471506, -0.311423, -0.111832]
[-0.303165, -0.258983, 0.491162, -0.316262, -0.116103]
[-0.303618, -0.257534, 0.479707, -0.311132, -0.117306]
[-0.301972, -0.250862, 0.491995, -0.306377, -0.111354]
[-0.30209, -0.254324, 0.49868, -0.308223, -0.116243]
[-0.29955, -0.255076, 0.477873, -0.305852, -0.116661]
[-0.301621, -0.25057, 0.471843, -0.312256, -0.116301]
[-0.302696, -0.250261, 0.494114, -0.312829, -0.116789]
[-0.303836, -0.258462, 0.478544, -0.309118, -0.112694]
[-0.302157, -0.258737, 0.485492, -0.305083, -0.113191]
[-0.303501, -0.253107, 0.474843, -0.310856, -0.118615]
[-0.302083, -0.255235, 0.479336, -0.313345, -0.116206]
[-0.301568, -0.250019, 0.47607, -0.305965, -0.117222]
[-0.30393, -0.25697, 0.477286, -0.315444, -0.117776]
[-0.300695, -0.250632, 0.491765, -0.309887, -0.118366]
[-0.302847, -0.253204, 0.498679, -0.314683, -0.11114]
[-0.300757, -0.258823, 0.488083, -0.30859, -0.115988]
[-0.303344, -0.258434, 0.480576, -0.305454, -0.117873]
[-0.303769, -0.253016, 0.479606, -0.310301, -0.118033]
[-0.300743, -0.256071, 0.497379, -0.307586, -0.112301]
[-0.303674, -0.250169, 0.493064, -0.306747, -0.115715]
[-0.300841, -0.255896, 0.493195, -0.317039, -0.117389]
[-0.299711, -0.254691, 0.484194, -0.308916, -0.114618]
[-0.300057, -0.252425, 0.474398, -0.304631, -0.11756]
[-0.301382, -0.251244, 0.489242, -0.31667, -0.111445]
[-0.302526, -0.251156, 0.476215, -0.31391, -0.113949]
[-0.301913, -0.256765, 0.49031, -0.310646, -0.116315]
[-0.303787, -0.255945, 0.476866, -0.31475, -0.111728]
[-0.302617, -0.2496, 0.493508, -0.304512, -0.116431]
[-0.300795, -0.255875, 0.483013, -0.310554, -0.113703]
[-0.301652, -0.251615, 0.474985, -0.305499, -0.111912]
[-0.299557, -0.250619, 0.471525, -0.304289, -0.117412]
[-0.303163, -0.252388, 0.499366, -0.309717, -0.118626]
[-0.303093, -0.256143, 0.484878, -0.305483, -0.113701]
[-0.300064, -0.256097, 0.489432, -0.308452, -0.117956]
[-0.302355, -0.254776, 0.477761, -0.313686, -0.116661]
[-0.299887, -0.255139, 0.490693, -0.314013, -0.114401]
[-0.301516, -0.252878, 0.477133, -0.306461, -0.11407]
[-0.301155, -0.256675, 0.478013, -0.304791, -0.111142]
[-0.301667, -0.25132, 0.470447, -0.31298, -0.113177]
[-0.302973, -0.249081, 0.497568, -0.312255, -0.111591]
[-0.301411, -0.250654, 0.498293, -0.311549, -0.118455]
[-0.301106, -0.253579, 0.4894, -0.312245, -0.117387]
[-0.300588, -0.252759, 0.484227, -0.317401, -0.115751]
[-0.300473, -0.255104, 0.496147, -0.314049, -0.114778]
[-0.303103, -0.258118, 0.471347, -0.30901, -0.117417]
[-0.30256, -0.258991, 0.475327, -0.305289, -0.118268]
[-0.302943, -0.258231, 0.4706, -0.307553, -0.117959]
[-0.302435, -0.25732, 0.471762, -0.306519, -0.117024]
[-0.303624, -0.257976, 0.472283, -0.315302, -0.117623]
[-0.303576, -0.258876, 0.473539, -0.309847, -0.117945]
[-0.303249, -0.258661, 0.473081, -0.315449, -0.118145]
[-0.302858, -0.257655, 0.471533, -0.315377, -0.116837]
[-0.302674, -0.259027, 0.472061, -0.314431, -0.117816]
[-0.303613, -0.257572, 0.471598, -0.306613, -0.118231]
[-0.303128, -0.258093, 0.474579, -0.305894, -0.117958]
[-0.303514, -0.258939, 0.471359, -0.307545, -0.118494]
[-0.302661, -0.258028, 0.474306, -0.314208, -0.118728]
[-0.303262, -0.257699, 0.473982, -0.311168, -0.117913]
[-0.303082, -0.258409, 0.471106, -0.315712, -0.116723]
[-0.303717, -0.258082, 0.472132, -0.306604, -0.117163]
[-0.303086, -0.258565, 0.471344, -0.308325, -0.117173]
[-0.303163, -0.258013, 0.473908, -0.311591, -0.117845]
[-0.303891, -0.258344, 0.472771, -0.307802, -0.118064]
[-0.302402, -0.257531, 0.471717, -0.304887, -0.117013]
[-0.303223, -0.258701, 0.47189, -0.311604, -0.118057]
[-0.303267, -0.258488, 0.474966, -0.313458, -0.118394]
[-0.303784, -0.258952, 0.474856, -0.310612, -0.117969]
[-0.30294, -0.257913, 0.473819, -0.309748, -0.116995]
[-0.30307, -0.258642, 0.472248, -0.306781, -0.118107]
[-0.303645, -0.257774, 0.47404, -0.30422, -0.118606]
[-0.303081, -0.258566, 0.472636, -0.308677, -0.117063]
[-0.302308, -0.257442, 0.470717, -0.312921, -0.118055]
[-0.30324, -0.257412, 0.471661, -0.310495, -0.118702]
[-0.302625, -0.258635, 0.471274, -0.310945, -0.116699]
[-0.302618, -0.257998, 0.473566, -0.313737, -0.116792]
[-0.303097, -0.258866, 0.471299, -0.315963, -0.116996]
[-0.303293, -0.258672, 0.47085, -0.311028, -0.117253]
[-0.302522, -0.257289, 0.474605, -0.315368, -0.117279]
[-0.302727, -0.257472, 0.473313, -0.306768, -0.118376]
[-0.302883, -0.258223, 0.470715, -0.310132, -0.118361]
[-0.302303, -0.257401, 0.472017, -0.315883, -0.118373]
[-0.303949, -0.258665, 0.471826, -0.307326, -0.116984]
[-0.303327, -0.257728, 0.475604, -0.307478, -0.116808]
[-0.302519, -0.25833, 0.471601, -0.307176, -0.117594]
[-0.303968, -0.258921, 0.47118, -0.305111, -0.116788]
[-0.303021, -0.257786, 0.472334, -0.314271, -0.118579]
[-0.303079, -0.258645, 0.470997, -0.311138, -0.118199]
[-0.302478, -0.258197, 0.474984, -0.312861, -0.117046]
[-0.30268, -0.258922, 0.472106, -0.307706, -0.118429]
[-0.303072, -0.258784, 0.472896, -0.309775, -0.118046]
[-0.302308, -0.257283, 0.474796, -0.312438, -0.118611]
[-0.303651, -0.258529, 0.471958, -0.310785, -0.118101]
[-0.302329, -0.258586, 0.474702, -0.309387, -0.116814]
[-0.303343, -0.259075, 0.474843, -0.30888, -0.11756]
[-0.303905, -0.258707, 0.473514, -0.315626, -0.11839]
[-0.302573, -0.257623, 0.47441, -0.311996, -0.117981]
[-0.303087, -0.258636, 0.473939, -0.304774, -0.117581]
[-0.303271, -0.257601, 0.470602, -0.313269, -0.117392]
[-0.302505, -0.257304, 0.472708, -0.311506, -0.118672]
[-0.303197, -0.257757, 0.47457, -0.307564, -0.11871]
[-0.302312, -0.25849, 0.473202, -0.307617, -0.118711]
[-0.303284, -0.258444, 0.474406, -0.305554, -0.118211]
[-0.3034, -0.257453, 0.470832, -0.309272, -0.117079]
[-0.303763, -0.258198, 0.474623, -0.308751, -0.117297]
[-0.30268, -0.25797, 0.475364, -0.304753, -0.117019]
[-0.302535, -0.258833, 0.474143, -0.31294, -0.118251]
[-0.303718, -0.258121, 0.470581, -0.313341, -0.118221]
[-0.30374, -0.257574, 0.474265, -0.312236, -0.117496]
[-0.302648, -0.257434, 0.470433, -0.308211, -0.117977]
[-0.302437, -0.257547, 0.474968, -0.311441, -0.117089]
[-0.302955, -0.258399, 0.473312, -0.306473, -0.117349]
[-0.302767, -0.25818, 0.475155, -0.306338, -0.11737]
[-0.303487, -0.258474, 0.471295, -0.309545, -0.118628]
[-0.303657, -0.258044, 0.471772, -0.310055, -0.117021]
[-0.30337, -0.2583, 0.471547, -0.304347, -0.117991]
[-0.302475, -0.257852, 0.470863, -0.313508, -0.116764]
[-0.303527, -0.258466, 0.475295, -0.308679, -0.116811]
[-0.303811, -0.25815, 0.470939, -0.306485, -0.11851]
[-0.303331, -0.25761, 0.475141, -0.31202, -0.118324]
[-0.303147, -0.258067, 0.474857, -0.313675, -0.117588]
[-0.303352, -0.25792, 0.471037, -0.312013, -0.117285]
[-0.302858, -0.258048, 0.471938, -0.312853, -0.117696]
[-0.30313, -0.257408, 0.474176, -0.30518, -0.117334]
[-0.30333, -0.25893, 0.473075, -0.313678, -0.117538]
[-0.303335, -0.258807, 0.474326, -0.311678, -0.117637]
[-0.302608, -0.257909, 0.474223, -0.310689, -0.118472]
[-0.30362, -0.258061, 0.471706, -0.308892, -0.118175]
[-0.30355, -0.258152, 0.471031, -0.315192, -0.11709]
[-0.302426, -0.257384, 0.473953, -0.30959, -0.11792]
[-0.302453, -0.257638, 0.470528, -0.310429, -0.118476]
[-0.303803, -0.257846, 0.472538, -0.305634, -0.118472]
[-0.302413, -0.258013, 0.472006, -0.314955, -0.117129]
[-0.303099, -0.258766, 0.471326, -0.309191, -0.11761]
[-0.302479, -0.258638, 0.471697, -0.315861, -0.117932]
[-0.303969, -0.259022, 0.474428, -0.310479, -0.118458]
[-0.302791, -0.257843, 0.473331, -0.315594, -0.117776]
[-0.303143, -0.258965, 0.472627, -0.306828, -0.118383]
[-0.303798, -0.258646, 0.473757, -0.306036, -0.11685]
[-0.30285, -0.25906, 0.472026, -0.306564, -0.117086]
[-0.303949, -0.258312, 0.474859, -0.305604, -0.117748]
[-0.303212, -0.257339, 0.471022, -0.315639, -0.117753]
[-0.303811, -0.257705, 0.474248, -0.312162, -0.117256]
[-0.302393, -0.257775, 0.472982, -0.305405, -0.117423]
[-0.302971, -0.25841, 0.470918, -0.314859, -0.117776]
[-0.303806, -0.258977, 0.47174, -0.304986, -0.117514]
[-0.303245, -0.257605, 0.471403, -0.314534, -0.116668]
[-0.303865, -0.257584, 0.472491, -0.313048, -0.117315]
[-0.302571, -0.257446, 0.475388, -0.306616, -0.117723]
[-0.302579, -0.257393, 0.471104, -0.314053, -0.118534]
[-0.302471, -0.258378, 0.472898, -0.312604, -0.118325]
[-0.302968, -0.258866, 0.473853, -0.309606, -0.1168]
[-0.303584, -0.258615, 0.47452, -0.311259, -0.117603]
[-0.303647, -0.258801, 0.474546, -0.313549, -0.116985]
[-0.303374, -0.257519, 0.475211, -0.30796, -0.117005]
[-0.303515, -0.258654, 0.471736, -0.304684, -0.118377]
[-0.303423, -0.258647, 0.473256, -0.305589, -0.118442]
[-0.302593, -0.258729, 0.471622, -0.315813, -0.117224]
[-0.303846, -0.258999, 0.471707, -0.305754, -0.117129]
[-0.302901, -0.259001, 0.473502, -0.312338, -0.118005]
[-0.303519, -0.257742, 0.474375, -0.305552, -0.118592]
[-0.303814, -0.257533, 0.474916, -0.314278, -0.11834]
[-0.303777, -0.258889, 0.474065, -0.311663, -0.116932]
[-0.303739, -0.258157, 0.470763, -0.307667, -0.118353]
[-0.302896, -0.258346, 0.47465, -0.310477, -0.117929]
[-0.302492, -0.258911, 0.472043, -0.312498, -0.117747]
[-0.303387, -0.257677, 0.474542, -0.309507, -0.117948]
[-0.302346, -0.258359, 0.470491, -0.309605, -0.116783]
[-0.302616, -0.258465, 0.471636, -0.308654, -0.117089]
[-0.303254, -0.258738, 0.473653, -0.305836, -0.116776]
[-0.302722, -0.257368, 0.475459, -0.316392, -0.117826]
[-0.302462, -0.258725, 0.47259, -0.3059, -0.117694]
[-0.303797, -0.258529, 0.47124, -0.307725, -0.117333]
[-0.303637, -0.257692, 0.470877, -0.309628, -0.117796]
[-0.303566, -0.257723, 0.471378, -0.313555, -0.118179]
[-0.303893, -0.257939, 0.473949, -0.311389, -0.117549]
[-0.30361, -0.258481, 0.473594, -0.310571, -0.117547]
[-0.302678, -0.25788, 0.472215, -0.315279, -0.116658]
[-0.302515, -0.258985, 0.474451, -0.308779, -0.117401]
[-0.303066, -0.257782, 0.471506, -0.314044, -0.11753]
[-0.302703, -0.258436, 0.470645, -0.316298, -0.117969]
[-0.302427, -0.257952, 0.471688, -0.315319, -0.118032]
[-0.303089, -0.258802, 0.471243, -0.312989, -0.117672]
[-0.30382, -0.258553, 0.47521, -0.311085, -0.116695]
[-0.303564, -0.258604, 0.471079, -0.308049, -0.1179]
[-0.302431, -0.258629, 0.472481, -0.304537, -0.118575]
[-0.302607, -0.258802, 0.470789, -0.309715, -0.117894]
[-0.303471, -0.258703, 0.471421, -0.314718, -0.116664]
[-0.3025, -0.257697, 0.475529, -0.305325, -0.118289]
[-0.303127, -0.258338, 0.473084, -0.306268, -0.118099]
[-0.302409, -0.25824, 0.470861, -0.309674, -0.118194]
[-0.303046, -0.258529, 0.47542, -0.309738, -0.118627]
[-0.303013, -0.258894, 0.470759, -0.305641, -0.116913]
[-0.303035, -0.25897, 0.475115, -0.309161, -0.118349]
[-0.302368, -0.257874, 0.471374, -0.307072, -0.116744]
[-0.303522, -0.258258, 0.473353, -0.308182, -0.117963]
[-0.303256, -0.257379, 0.473968, -0.308226, -0.117635]
[-0.302556, -0.258515, 0.471228, -0.313344, -0.117048]
[-0.302612, -0.257865, 0.473064, -0.311876, -0.118138]
[-0.302371, -0.258654, 0.471438, -0.311604, -0.118162]
[-0.303803, -0.258329, 0.473871, -0.305906, -0.117244]
[-0.302523, -0.258653, 0.47224, -0.311415, -0.118504]
[-0.303077, -0.25894, 0.474726, -0.313149, -0.117914]
[-0.302649, -0.258134, 0.471567, -0.315648, -0.11709]
[-0.303151, -0.25823, 0.470961, -0.311404, -0.117006]
[-0.303843, -0.258032, 0.471248, -0.305716, -0.118603]
[-0.302583, -0.258808, 0.473447, -0.308535, -0.117561]
[-0.303366, -0.258096, 0.474259, -0.312749, -0.118174]
[-0.302403, -0.258531, 0.475415, -0.308396, -0.117649]
[-0.303408, -0.25808, 0.473451, -0.308652, -0.117471]
[-0.30286, -0.257426, 0.474046, -0.304309, -0.116956]
[-0.302375, -0.257745, 0.474788, -0.307252, -0.118688]
[-0.302329, -0.25808, 0.472439, -0.310322, -0.116697]
[-0.303076, -0.259037, 0.471671, -0.30599, -0.1185]
[-0.303455, -0.258607, 0.470988, -0.308692, -0.117299]
[-0.302575, -0.257481, 0.473366, -0.31363, -0.116909]
[-0.302997, -0.257652, 0.470951, -0.308549, -0.11802]
[-0.303068, -0.257662, 0.470756, -0.3058, -0.116973]
[-0.303255, -0.258696, 0.474018, -0.308098, -0.11823]
[-0.302854, -0.258022, 0.47123, -0.310669, -0.116971]
[-0.302764, -0.25861, 0.474731, -0.311495, -0.118611]
[-0.303603, -0.258362, 0.474187, -0.314594, -0.11828]
[-0.302679, -0.257858, 0.474231, -0.30813, -0.116799]
[-0.303876, -0.258307, 0.470433, -0.306735, -0.117165]
[-0.303706, -0.258479, 0.471356, -0.306237, -0.11864]
[-0.302522, -0.25768, 0.474306, -0.307796, -0.118564]
[-0.303565, -0.258779, 0.472029, -0.30985, -0.117713]
[-0.302632, -0.258224, 0.470477, -0.312789, -0.116998]
[-0.303871, -0.258291, 0.471131, -0.313594, -0.116716]
[-0.303593, -0.257552, 0.473206, -0.3097, -0.117154]
[-0.303683, -0.258929, 0.473198, -0.312618, -0.11852]
[-0.302483, -0.258689, 0.472839, -0.314595, -0.118475]
[-0.303808, -0.257723, 0.470472, -0.305153, -0.116778]
[-0.303518, -0.257667, 0.475021, -0.310409, -0.118347]
[-0.303776, -0.258405, 0.471907, -0.31629, -0.118712]
[-0.302525, -0.259069, 0.473387, -0.310736, -0.117444]
[-0.303059, -0.258041, 0.471224, -0.31384, -0.116863]
[-0.302695, -0.257526, 0.470475, -0.313465, -0.117033]
[-0.303826, -0.25736, 0.472876, -0.311766, -0.118529]
[-0.303103, -0.258701, 0.470541, -0.314448, -0.118239]
[-0.303109, -0.257626, 0.472801, -0.306738, -0.116709]
[-0.302952, -0.257797, 0.473619, -0.306115, -0.117842]
[-0.30352, -0.258736, 0.473714, -0.310617, -0.117591]
[-0.303376, -0.257652, 0.470811, -0.312697, -0.117386]
[-0.302296, -0.258309, 0.474016, -0.306724, -0.117941]
[-0.302855, -0.258756, 0.474585, -0.30608, -0.117702]
[-0.303022, -0.259034, 0.472635, -0.309438, -0.118172]
[-0.302749, -0.258224, 0.470654, -0.313022, -0.117664]
[-0.30392, -0.258971, 0.472832, -0.304212, -0.116951]
[-0.303809, -0.25866, 0.471056, -0.307622, -0.11687]
[-0.302326, -0.25873, 0.471445, -0.315445, -0.117567]
[-0.30374, -0.258254, 0.474563, -0.306372, -0.118042]
[-0.303861, -0.257787, 0.473661, -0.309818, -0.116968]
[-0.302904, -0.257389, 0.472509, -0.307638, -0.118395]
[-0.302673, -0.2576, 0.471432, -0.310064, -0.11806]
[-0.303383, -0.257841, 0.47238, -0.3122, -0.117993]
[-0.302949, -0.257666, 0.473514, -0.312808, -0.118251]
[-0.303795, -0.258368, 0.470824, -0.304823, -0.117199]
[-0.303885, -0.258975, 0.475305, -0.306309, -0.118452]
[-0.303593, -0.258878, 0.473379, -0.311837, -0.117691]
[-0.303399, -0.257398, 0.474655, -0.304742, -0.117767]
[-0.302341, -0.257727, 0.471638, -0.313565, -0.118659]
[-0.303885, -0.258188, 0.47481, -0.305094, -0.117098]
[-0.302787, -0.258764, 0.472234, -0.309213, -0.117722]
[-0.302449, -0.257872, 0.47371, -0.307905, -0.117436]
[-0.302358, -0.258516, 0.473608, -0.308306, -0.118481]
[-0.303245, -0.257896, 0.470865, -0.309084, -0.116868]
[-0.302544, -0.258345, 0.472444, -0.30955, -0.118042]
[-0.302701, -0.257284, 0.47093, -0.310248, -0.11857]
[-0.303419, -0.257574, 0.474594, -0.314781, -0.116833]
[-0.302863, -0.258666, 0.471163, -0.309336, -0.11839]
[-0.303867, -0.258361, 0.473748, -0.307527, -0.117128]
[-0.302358, -0.25894, 0.475602, -0.312341, -0.117797]
[-0.302482, -0.257864, 0.470425, -0.309618, -0.117349]
[-0.302775, -0.257378, 0.470957, -0.306022, -0.116873]
[-0.303748, -0.257693, 0.473326, -0.315315, -0.117285]
[-0.303468, -0.257546, 0.474246, -0.309987, -0.118105]
[-0.302301, -0.258039, 0.470974, -0.304778, -0.116945]
[-0.303159, -0.257603, 0.47384, -0.30606, -0.118384]
[-0.303144, -0.257497, 0.474469, -0.312816, -0.117912]
[-0.303466, -0.257761, 0.472976, -0.313475, -0.117485]
[-0.30311, -0.25773, 0.470606, -0.3097, -0.118534]
[-0.303053, -0.257855, 0.475599, -0.312913, -0.118649]
[-0.303371, -0.258538, 0.472381, -0.304543, -0.118659]
[-0.303896, -0.257765, 0.475047, -0.314709, -0.117043]
[-0.302956, -0.257283, 0.470498, -0.304544, -0.117899]
[-0.303761, -0.257916, 0.474144, -0.31026, -0.117339]
[-0.30286, -0.258468, 0.471762, -0.311656, -0.117176]
[-0.303294, -0.257951, 0.474773, -0.310513, -0.117331]
[-0.303679, -0.2588, 0.471225, -0.306283, -0.117024]
[-0.302603, -0.258165, 0.471579, -0.309462, -0.118696]
[-0.303907, -0.257756, 0.471757, -0.304745, -0.11871]
[-0.303414, -0.258894, 0.473998, -0.307926, -0.117171]
[-0.302996, -0.258515, 0.475071, -0.311834, -0.118523]
[-0.30377, -0.258796, 0.471261, -0.311587, -0.117702]
[-0.303362, -0.258964, 0.475311, -0.307428, -0.117008]
[-0.303496, -0.257716, 0.472744, -0.311806, -0.117368]
[-0.302789, -0.25818, 0.474277, -0.311306, -0.116753]
[-0.303404, -0.258058, 0.474285, -0.307913, -0.118168]
[-0.30397, -0.257284, 0.471693, -0.308969, -0.116803]
[-0.302709, -0.258359, 0.474281, -0.313619, -0.118622]
[-0.30368, -0.257355, 0.475194, -0.310893, -0.117292]
[-0.30376, -0.258972, 0.474746, -0.305359, -0.117394]
[-0.303541, -0.257601, 0.475268, -0.31253, -0.117109]
[-0.302957, -0.258779, 0.470681, -0.315004, -0.117452]
[-0.303497, -0.258219, 0.471512, -0.304504, -0.117747]
[-0.302965, -0.258473, 0.470569, -0.310157, -0.117808]
[-0.303769, -0.258298, 0.470421, -0.307156, -0.117025]
[-0.303583, -0.257611, 0.47274, -0.306212, -0.117791]
[-0.303349, -0.258954, 0.471314, -0.314432, -0.118573]
[-0.303883, -0.258597, 0.471047, -0.314008, -0.117929]
[-0.303778, -0.25859, 0.474094, -0.304522, -0.116657]
[-0.302551, -0.257398, 0.474807, -0.311335, -0.117775]
[-0.303657, -0.258621, 0.475228, -0.315437, -0.118448]
[-0.303712, -0.258494, 0.470424, -0.309828, -0.117178]
[-0.302648, -0.257648, 0.471919, -0.313954, -0.117299]
[-0.302511, -0.258539, 0.472433, -0.313009, -0.118526]
[-0.302676, -0.257771, 0.471254, -0.306504, -0.118523]
[-0.302993, -0.258136, 0.473945, -0.307357, -0.118689]
[-0.30273, -0.258232, 0.47189, -0.307031, -0.118387]
[-0.302813, -0.258295, 0.474785, -0.305678, -0.118158]
[-0.302909, -0.258231, 0.471813, -0.30708, -0.116841]
[-0.30274, -0.258965, 0.471941, -0.306265, -0.117675]
[-0.303799, -0.258584, 0.474433, -0.309366, -0.118086]
[-0.302509, -0.259027, 0.472594, -0.312733, -0.118492]
[-0.303524, -0.258905, 0.475424, -0.306603, -0.118021]
[-0.303644, -0.258527, 0.47359, -0.305849, -0.118537]
[-0.30325, -0.257826, 0.473755, -0.310655, -0.117473]
[-0.303577, -0.257633, 0.475255, -0.31067, -0.117924]
[-0.303257, -0.25785, 0.471274, -0.310557, -0.118092]
[-0.302524, -0.258588, 0.47395, -0.312166, -0.118539]
[-0.303969, -0.258321, 0.473278, -0.315629, -0.118475]
[-0.303904, -0.257731, 0.471273, -0.313134, -0.117293]
[-0.303283, -0.257464, 0.474437, -0.314328, -0.117394]
[-0.303, -0.257608, 0.475125, -0.312317, -0.117315]
[-0.303537, -0.258125, 0.473402, -0.311514, -0.11869]
[-0.303191, -0.257665, 0.471195, -0.313402, -0.118216]
[-0.303561, -0.258756, 0.471991, -0.306604, -0.116968]
[-0.302896, -0.258654, 0.474452, -0.312159, -0.117011]
[-0.302451, -0.258696, 0.471776, -0.310921, -0.117027]
[-0.30393, -0.25784, 0.475072, -0.313116, -0.117232]
[-0.303791, -0.257893, 0.474295, -0.316, -0.116867]
[-0.302967, -0.257528, 0.470629, -0.307731, -0.117077]
[-0.30383, -0.25841, 0.473187, -0.307845, -0.117899]
[-0.302283, -0.257349, 0.471506, -0.313926, -0.117044]
[-0.303475, -0.257871, 0.472507, -0.310809, -0.117615]
[-0.303761, -0.257763, 0.470691, -0.309689, -0.117164]
[-0.302952, -0.258395, 0.474419, -0.310855, -0.117298]
[-0.302432, -0.258057, 0.473757, -0.306787, -0.117598]
[-0.303924, -0.257653, 0.474388, -0.309836, -0.118347]
[-0.303226, -0.25887, 0.475154, -0.307017, -0.117388]
[-0.302479, -0.258179, 0.474213, -0.312901, -0.118443]
[-0.302809, -0.257827, 0.474323, -0.308456, -0.117644]
[-0.30323, -0.25866, 0.475157, -0.312069, -0.118559]
[-0.302955, -0.257301, 0.473788, -0.314073, -0.118072]
[-0.302315, -0.258327, 0.47228, -0.306645, -0.117143]
[-0.303478, -0.258215, 0.473014, -0.306089, -0.118349]
[-0.302969, -0.258155, 0.47452, -0.30432, -0.118438]
[-0.302838, -0.258617, 0.473185, -0.311228, -0.117733]
[-0.302737, -0.258213, 0.472935, -0.3136, -0.117467]
[-0.302565, -0.258035, 0.473081, -0.31092, -0.118421]
[-0.303819, -0.258623, 0.472918, -0.314458, -0.11772]
[-0.303301, -0.259043, 0.474445, -0.30977, -0.118368]
[-0.302992, -0.257994, 0.474091, -0.30919, -0.118096]
[-0.302338, -0.258924, 0.471663, -0.313808, -0.117884]
[-0.303375, -0.258465, 0.474157, -0.305173, -0.118488]
[-0.302785, -0.258387, 0.471091, -0.305807, -0.118275]
[-0.3032, -0.257784, 0.473868, -0.309568, -0.117256]
[-0.302376, -0.257448, 0.474888, -0.306653, -0.117599]
[-0.302683, -0.258774, 0.472554, -0.3075, -0.118343]
[-0.303794, -0.25844, 0.471006, -0.315944, -0.117885]
[-0.303393, -0.257524, 0.475299, -0.305039, -0.118346]
[-0.303036, -0.258891, 0.473554, -0.312482, -0.117692]
[-0.302398, -0.258031, 0.473216, -0.306015, -0.117939]
[-0.303311, -0.25852, 0.472951, -0.312441, -0.117881]
[-0.302679, -0.25846, 0.4755, -0.306818, -0.116929]
[-0.303574, -0.258241, 0.473966, -0.308782, -0.117114]
[-0.302612, -0.258659, 0.475249, -0.305759, -0.116684]
[-0.302961, -0.257743, 0.473391, -0.310169, -0.117555]
[-0.30285, -0.258565, 0.471339, -0.312093, -0.117716]
[-0.302616, -0.25766, 0.472098, -0.307155, -0.118525]
[-0.302744, -0.25845, 0.473675, -0.316266, -0.118592]
[-0.303095, -0.258713, 0.47485, -0.315091, -0.11766]
[-0.303349, -0.257908, 0.471121, -0.30742, -0.117496]
[-0.303576, -0.257718, 0.473553, -0.307369, -0.117193]
[-0.303445, -0.257903, 0.474242, -0.308255, -0.118332]
[-0.302432, -0.258822, 0.474201, -0.31524, -0.118457]
[-0.303743, -0.258112, 0.472404, -0.311718, -0.118313]
[-0.303397, -0.257382, 0.47111, -0.309002, -0.117476]
[-0.303325, -0.258444, 0.473051, -0.309796, -0.118425]
[-0.303546, -0.258036, 0.475246, -0.310659, -0.117984]
[-0.303258, -0.258643, 0.475156, -0.304963, -0.118039]
[-0.303102, -0.257446, 0.470959, -0.308643, -0.117587]
[-0.303502, -0.258012, 0.472076, -0.314947, -0.117858]
[-0.303578, -0.258458, 0.475607, -0.313612, -0.117899]
[-0.303768, -0.258196, 0.472598, -0.315884, -0.116951]
[-0.30318, -0.258285, 0.473143, -0.313728, -0.116886]
[-0.303395, -0.257468, 0.473798, -0.304739, -0.116703]
[-0.302295, -0.257812, 0.475447, -0.306015, -0.118146]
[-0.303646, -0.258583, 0.474463, -0.315027, -0.118082]
[-0.303406, -0.25822, 0.474664, -0.310645, -0.118561]
[-0.302785, -0.259002, 0.470704, -0.312605, -0.117716]
[-0.303026, -0.257885, 0.471218, -0.304728, -0.117854]
[-0.302657, -0.258552, 0.474792, -0.307244, -0.117924]
[-0.303284, -0.2581, 0.475084, -0.314287, -0.117915]
[-0.303722, -0.258101, 0.475283, -0.305781, -0.117414]
[-0.303703, -0.257423, 0.470751, -0.309163, -0.116969]
[-0.303771, -0.258323, 0.473714, -0.314366, -0.117435]
[-0.303829, -0.258964, 0.471152, -0.310907, -0.117898]
[-0.303544, -0.259056, 0.472539, -0.30964, -0.117767]
[-0.303139, -0.257985, 0.473912, -0.306144, -0.117357]
[-0.302703, -0.257647, 0.474106, -0.309573, -0.118215]
[-0.303785, -0.258925, 0.470855, -0.312857, -0.117334]
[-0.302889, -0.258639, 0.47518, -0.310096, -0.117442]
[-0.303876, -0.258735, 0.474569, -0.312039, -0.117886]
[-0.303911, -0.257301, 0.470759, -0.307323, -0.117403]
[-0.302396, -0.257994, 0.471806, -0.309329, -0.117474]
[-0.302295, -0.258163, 0.473787, -0.308706, -0.11743]
[-0.303775, -0.257302, 0.472347, -0.311034, -0.117184]
[-0.3032, -0.258419, 0.475176, -0.314299, -0.11788]
[-0.302446, -0.258102, 0.473808, -0.31362, -0.117642]
[-0.303139, -0.257838, 0.471195, -0.308959, -0.117958]
[-0.303504, -0.25879, 0.475164, -0.304193, -0.117608]
[-0.303278, -0.257699, 0.472414, -0.310923, -0.11802]
[-0.302933, -0.258226, 0.472713, -0.3087, -0.118061]
[-0.303496, -0.258407, 0.47059, -0.313491, -0.117908]
[-0.303004, -0.25778, 0.471187, -0.316083, -0.117331]
[-0.303792, -0.258685, 0.475372, -0.310737, -0.116842]
[-0.303733, -0.258193, 0.47477, -0.314307, -0.116957]
[-0.303439, -0.257612, 0.471232, -0.311926, -0.117722]
[-0.303677, -0.257544, 0.473674, -0.314813, -0.116989]
[-0.302768, -0.257707, 0.470847, -0.314659, -0.118234]
[-0.303509, -0.258381, 0.471578, -0.312847, -0.118415]
[-0.3038, -0.257757, 0.474765, -0.308953, -0.117503]
[-0.303095, -0.257805, 0.474438, -0.305243, -0.117785]
[-0.303529, -0.258396, 0.470786, -0.307415, -0.116673]
[-0.30289, -0.25818, 0.471207, -0.313252, -0.11743]
[-0.302499, -0.258016, 0.474864, -0.309131, -0.117101]
[-0.303938, -0.258968, 0.470875, -0.310798, -0.118677]
[-0.302381, -0.258639, 0.471733, -0.312632, -0.117256]
[-0.303899, -0.258111, 0.475414, -0.304481, -0.117743]
[-0.303351, -0.258271, 0.475595, -0.309907, -0.117237]
[-0.302808, -0.258795, 0.473828, -0.315382, -0.11831]
[-0.303483, -0.257977, 0.474617, -0.30718, -0.117406]
[-0.303748, -0.258086, 0.472909, -0.310033, -0.118689]
[-0.303934, -0.259081, 0.4729, -0.30802, -0.118028]
[-0.303905, -0.25737, 0.47483, -0.314569, -0.116815]
[-0.302521, -0.258315, 0.471093, -0.309781, -0.117496]
[-0.30381, -0.258742, 0.471394, -0.308711, -0.118325]
[-0.302878, -0.257634, 0.473744, -0.309098, -0.117937]
[-0.302926, -0.258069, 0.473733, -0.304665, -0.118731]
[-0.303512, -0.259072, 0.470792, -0.309864, -0.117945]
[-0.30287, -0.258308, 0.470654, -0.310027, -0.118593]
[-0.302986, -0.258304, 0.47181, -0.310449, -0.117564]
[-0.302981, -0.258757, 0.474345, -0.316041, -0.117974]
[-0.302771, -0.257751, 0.473893, -0.313016, -0.118357]
[-0.303766, -0.257608, 0.473567, -0.307815, -0.118729]
[-0.303064, -0.258298, 0.474858, -0.304334, -0.118396]
[-0.303103, -0.259043, 0.472239, -0.309802, -0.117567]
[-0.302442, -0.258633, 0.471859, -0.304252, -0.117855]
[-0.302802, -0.258308, 0.470927, -0.310254, -0.118114]
[-0.303326, -0.259007, 0.475185, -0.312384, -0.116725]
[-0.302775, -0.257466, 0.474272, -0.306815, -0.11833]
[-0.303169, -0.258343, 0.474247, -0.30943, -0.116889]
[-0.30238, -0.257926, 0.473456, -0.307107, -0.117994]
[-0.30254, -0.258654, 0.474751, -0.30666, -0.11697]
[-0.303851, -0.25807, 0.473914, -0.309171, -0.118207]
[-0.302742, -0.258222, 0.472372, -0.314461, -0.118124]
[-0.302496, -0.258334, 0.474691, -0.31538, -0.118335]
[-0.303094, -0.257298, 0.472576, -0.306121, -0.11733]
[-0.302904, -0.257726, 0.471392, -0.311063, -0.117035]
[-0.303644, -0.257871, 0.475033, -0.311879, -0.118032]
[-0.303915, -0.259018, 0.473988, -0.311247, -0.118428]
[-0.302955, -0.258868, 0.473735, -0.312476, -0.116909]
[-0.302767, -0.258382, 0.475402, -0.304274, -0.116659]
[-0.303234, -0.257323, 0.475082, -0.314107, -0.11841]
[-0.303167, -0.257765, 0.474439, -0.30762, -0.116699]
[-0.303957, -0.257674, 0.471041, -0.304549, -0.117661]
[-0.30241, -0.25733, 0.472125, -0.309505, -0.118317]
[-0.302771, -0.258915, 0.475113, -0.316413, -0.118466]
[-0.302301, -0.257537, 0.472251, -0.304769, -0.11759]
[-0.303014, -0.258902, 0.471557, -0.313161, -0.116813]
[-0.303308, -0.258945, 0.470982, -0.311503, -0.118466]
[-0.302431, -0.257966, 0.472157, -0.31333, -0.118453]
[-0.303229, -0.257767, 0.471186, -0.308534, -0.117752]
[-0.302438, -0.258982, 0.475421, -0.306469, -0.117342]
[-0.302311, -0.258142, 0.47044, -0.314345, -0.118003]
[-0.303085, -0.25887, 0.471432, -0.312514, -0.117895]
[-0.303373, -0.257467, 0.475165, -0.313126, -0.116799]
[-0.303165, -0.258567, 0.475454, -0.314163, -0.117505]
[-0.303578, -0.257314, 0.474866, -0.305336, -0.118095]
[-0.303159, -0.25794, 0.47058, -0.312725, -0.11811]
[-0.302407, -0.259057, 0.472592, -0.305484, -0.116668]
[-0.303029, -0.257673, 0.475396, -0.313659, -0.117604]
[-0.302679, -0.258585, 0.472784, -0.310268, -0.11723]
[-0.302348, -0.25772, 0.472512, -0.306799, -0.118682]
[-0.302915, -0.257835, 0.474947, -0.31501, -0.118705]
[-0.303216, -0.257843, 0.475612, -0.312463, -0.118666]
[-0.302879, -0.257813, 0.473911, -0.309603, -0.1186]
[-0.30231, -0.257826, 0.473902, -0.312626, -0.118697]
[-0.302338, -0.257783, 0.473916, -0.314818, -0.118583]
[-0.302531, -0.257892, 0.472703, -0.312276, -0.118697]
[-0.303142, -0.257853, 0.474685, -0.310999, -0.118629]
[-0.303126, -0.257659, 0.473703, -0.31139, -0.118543]
[-0.302418, -0.257921, 0.471209, -0.312102, -0.118686]
[-0.302467, -0.257899, 0.470818, -0.311753, -0.118541]
[-0.302906, -0.257965, 0.472823, -0.30894, -0.118723]
[-0.302626, -0.257804, 0.474859, -0.30779, -0.11865]
[-0.303231, -0.257826, 0.474349, -0.308999, -0.118593]
[-0.302912, -0.25784, 0.475057, -0.305577, -0.118679]
[-0.303244, -0.257775, 0.475197, -0.305053, -0.118681]
[-0.302394, -0.257674, 0.472988, -0.314613, -0.118597]
[-0.302326, -0.257895, 0.474893, -0.314198, -0.118636]
[-0.302327, -0.25794, 0.470842, -0.309788, -0.118599]
[-0.30295, -0.257699, 0.475093, -0.306224, -0.11861]
[-0.303066, -0.257972, 0.473854, -0.308992, -0.118534]
[-0.302405, -0.257673, 0.470711, -0.306665, -0.11859]
[-0.303352, -0.257867, 0.475212, -0.30607, -0.118674]
[-0.302792, -0.257895, 0.474257, -0.306824, -0.118641]
[-0.302325, -0.257714, 0.472027, -0.308457, -0.118588]
[-0.303312, -0.257834, 0.471758, -0.309025, -0.118629]
[-0.30302, -0.257706, 0.472249, -0.30603, -0.118564]
[-0.30262, -0.257658, 0.475329, -0.307429, -0.118673]
[-0.302737, -0.257861, 0.472601, -0.309216, -0.118653]
[-0.303005, -0.257694, 0.472379, -0.309834, -0.118654]
[-0.303043, -0.257807, 0.472056, -0.313036, -0.118526]
[-0.302414, -0.257954, 0.473242, -0.312518, -0.118706]
[-0.302869, -0.257965, 0.473265, -0.30679, -0.118612]
[-0.302907, -0.257771, 0.47486, -0.309686, -0.118628]
[-0.302847, -0.257743, 0.471528, -0.313228, -0.118551]
[-0.302706, -0.257751, 0.471773, -0.313547, -0.118637]
[-0.303277, -0.257804, 0.472309, -0.313407, -0.118523]
[-0.303032, -0.257775, 0.473531, -0.309787, -0.118685]
[-0.30259, -0.257779, 0.473954, -0.310127, -0.118716]
[-0.303253, -0.257667, 0.472089, -0.309757, -0.118525]
[-0.303229, -0.257761, 0.472899, -0.309026, -0.118533]
[-0.302898, -0.257948, 0.471439, -0.31436, -0.118546]
[-0.302329, -0.257651, 0.473498, -0.305122, -0.118669]
[-0.303222, -0.257898, 0.472621, -0.307267, -0.118546]
[-0.303195, -0.257905, 0.470606, -0.307768, -0.118673]
[-0.303258, -0.257853, 0.472755, -0.313773, -0.118643]
[-0.302371, -0.257733, 0.47306, -0.307542, -0.118547]
[-0.302851, -0.257744, 0.473676, -0.310387, -0.118602]
[-0.303347, -0.257707, 0.475172, -0.309794, -0.118555]
[-0.302905, -0.257727, 0.47479, -0.30672, -0.11855]
[-0.30286, -0.257894, 0.472198, -0.304492, -0.11871]
[-0.302627, -0.257845, 0.475201, -0.309498, -0.118684]
[-0.302837, -0.257783, 0.470743, -0.306714, -0.118724]
[-0.303243, -0.257747, 0.47168, -0.304249, -0.118641]
[-0.302391, -0.25789, 0.475203, -0.305656, -0.11858]
[-0.302981, -0.257822, 0.474273, -0.309112, -0.118603]
[-0.302516, -0.257904, 0.471153, -0.30524, -0.1186]
[-0.30249, -0.257767, 0.473169, -0.306962, -0.11857]
[-0.302949, -0.257654, 0.4741, -0.314442, -0.118533]
[-0.303077, -0.257863, 0.471429, -0.313334, -0.118525]
[-0.302528, -0.257777, 0.470625, -0.311907, -0.118577]
[-0.303069, -0.257663, 0.474631, -0.304597, -0.118721]
[-0.302704, -0.257828, 0.475384, -0.314045, -0.118726]
[-0.302867, -0.257862, 0.475431, -0.304299, -0.11869]
[-0.303261, -0.257779, 0.474563, -0.308198, -0.118595]
[-0.303262, -0.257873, 0.474418, -0.313211, -0.118573]
[-0.302845, -0.257862, 0.473963, -0.306429, -0.118567]
[-0.302364, -0.257657, 0.472362, -0.304722, -0.118652]
[-0.302939, -0.25794, 0.470614, -0.311189, -0.118646]
[-0.303328, -0.25775, 0.472618, -0.310078, -0.118603]
[-0.303298, -0.257817, 0.472618, -0.308555, -0.118643]
[-0.302885, -0.257835, 0.471984, -0.308848, -0.118641]
[-0.302305, -0.257871, 0.474767, -0.308994, -0.118607]
[-0.302445, -0.257682, 0.47188, -0.311398, -0.118642]
[-0.302872, -0.257843, 0.471682, -0.306487, -0.118629]
[-0.303261, -0.257726, 0.471881, -0.314669, -0.11865]
[-0.303285, -0.257807, 0.474869, -0.30649, -0.118702]
[-0.303332, -0.257717, 0.472304, -0.310672, -0.118701]
[-0.302993, -0.257736, 0.474455, -0.311357, -0.118654]
[-0.302751, -0.25791, 0.47483, -0.307805, -0.118638]
[-0.30239, -0.257954, 0.472252, -0.310824, -0.118624]
[-0.302333, -0.257765, 0.474563, -0.306934, -0.118535]
[-0.303224, -0.257824, 0.472971, -0.308399, -0.118691]
[-0.303269, -0.257847, 0.474728, -0.305539, -0.118689]
[-0.302567, -0.257806, 0.473996, -0.309236, -0.118666]
[-0.302709, -0.25767, 0.471916, -0.307049, -0.118701]
[-0.302295, -0.257856, 0.471477, -0.312196, -0.118609]
[-0.302714, -0.257678, 0.471589, -0.314472, -0.118681]
[-0.302806, -0.257938, 0.47345, -0.312464, -0.118623]
[-0.302714, -0.25793, 0.472932, -0.310262, -0.118634]
[-0.302463, -0.257866, 0.471316, -0.304833, -0.118611]
[-0.303113, -0.257776, 0.475409, -0.314077, -0.118662]
[-0.302891, -0.257811, 0.47228, -0.311367, -0.118607]
[-0.302569, -0.257883, 0.475374, -0.305034, -0.118647]
[-0.302876, -0.257694, 0.470912, -0.312584, -0.118626]
[-0.302657, -0.257947, 0.470784, -0.305064, -0.11865]
[-0.302612, -0.25781, 0.474256, -0.314898, -0.118721]
[-0.303115, -0.25776, 0.474652, -0.306474, -0.118659]
[-0.302468, -0.257934, 0.473867, -0.307746, -0.118615]
[-0.303265, -0.257673, 0.471365, -0.313546, -0.118643]
[-0.303031, -0.257748, 0.472365, -0.306769, -0.118623]
[-0.302577, -0.257837, 0.474218, -0.314863, -0.118692]
[-0.303085, -0.257737, 0.472726, -0.311478, -0.118573]
[-0.303142, -0.257693, 0.472011, -0.313307, -0.118676]
[-0.302432, -0.2577, 0.473758, -0.306819, -0.118649]
[-0.303091, -0.257815, 0.471943, -0.307637, -0.118716]
[-0.302942, -0.257841, 0.472095, -0.309533, -0.118603]
[-0.30258, -0.257661, 0.473952, -0.306476, -0.118612]
[-0.302615, -0.257838, 0.47387, -0.30869, -0.118623]
[-0.3026, -0.257876, 0.472049, -0.312388, -0.118662]
[-0.302424, -0.257834, 0.473947, -0.307469, -0.118601]
[-0.302665, -0.257967, 0.473078, -0.307169, -0.118542]
[-0.30306, -0.257904, 0.47071, -0.309972, -0.118689]
[-0.302371, -0.257925, 0.471643, -0.305457, -0.118547]
[-0.302387, -0.257796, 0.472995, -0.304224, -0.118616]
[-0.302351, -0.257783, 0.473798, -0.306293, -0.118616]
[-0.302602, -0.257947, 0.473042, -0.304751, -0.118564]
[-0.303003, -0.257724, 0.470635, -0.309218, -0.118636]
[-0.302511, -0.257829, 0.474295, -0.307098, -0.118524]
[-0.302674, -0.257945, 0.473243, -0.305411, -0.118618]
[-0.302773, -0.25773, 0.473025, -0.306333, -0.118625]
[-0.303146, -0.257669, 0.472889, -0.305863, -0.118573]
[-0.302426, -0.25767, 0.474568, -0.311784, -0.118537]
[-0.302769, -0.257653, 0.475587, -0.310875, -0.118683]
[-0.302792, -0.257651, 0.472831, -0.312768, -0.118552]
[-0.303365, -0.257713, 0.471194, -0.305154, -0.118713]
[-0.302505, -0.257766, 0.471815, -0.304727, -0.118665]
[-0.302314, -0.257955, 0.473908, -0.310515, -0.118605]
[-0.302914, -0.257825, 0.47191, -0.311368, -0.118575]
[-0.302623, -0.257661, 0.475424, -0.31163, -0.118681]
[-0.303291, -0.257713, 0.471647, -0.308306, -0.118592]
[-0.303072, -0.257749, 0.471069, -0.310302, -0.118587]
[-0.303121, -0.257938, 0.474482, -0.305953, -0.118664]
[-0.302471, -0.25771, 0.47078, -0.31092, -0.118684]
[-0.302693, -0.257959, 0.472164, -0.305633, -0.118596]
[-0.30277, -0.257959, 0.474846, -0.310742, -0.118672]
[-0.303044, -0.25778, 0.473848, -0.305175, -0.118651]
[-0.302559, -0.257821, 0.471587, -0.311423, -0.118605]
[-0.302965, -0.257789, 0.473772, -0.312088, -0.118674]
[-0.302877, -0.257918, 0.471731, -0.314796, -0.118605]
[-0.303289, -0.257673, 0.471537, -0.310914, -0.118608]
[-0.30228, -0.257948, 0.472493, -0.307348, -0.118531]
[-0.302434, -0.257973, 0.474584, -0.309618, -0.118653]
[-0.303085, -0.257656, 0.472502, -0.310597, -0.118709]
[-0.302889, -0.257675, 0.473468, -0.310544, -0.118701]
[-0.302425, -0.257928, 0.471766, -0.305172, -0.11852]
[-0.302655, -0.257679, 0.471748, -0.308218, -0.118628]
[-0.303351, -0.257756, 0.47336, -0.308733, -0.118581]
[-0.302664, -0.257693, 0.470963, -0.306211, -0.118718]
[-0.302329, -0.25786, 0.473878, -0.305023, -0.118531]
[-0.302553, -0.257931, 0.470795, -0.312074, -0.118715]
[-0.303111, -0.257929, 0.475224, -0.31071, -0.118698]
[-0.30286, -0.25792, 0.475381, -0.314853, -0.118678]
[-0.302897, -0.257835, 0.47144, -0.313941, -0.118626]
[-0.303279, -0.257776, 0.471456, -0.312794, -0.118718]
[-0.302288, -0.257976, 0.474749, -0.306877, -0.11866]
[-0.30275, -0.257802, 0.471744, -0.309075, -0.118545]
[-0.302325, -0.257723, 0.47379, -0.309686, -0.118562]
[-0.303254, -0.257725, 0.472056, -0.307438, -0.11864]
[-0.30323, -0.257722, 0.471764, -0.312093, -0.118538]
[-0.302687, -0.257877, 0.475373, -0.307309, -0.11854]
[-0.302388, -0.257887, 0.473049, -0.305079, -0.118628]
[-0.302324, -0.257795, 0.473321, -0.306775, -0.118578]
[-0.303088, -0.257695, 0.47369, -0.309405, -0.118575]
[-0.302875, -0.257871, 0.470769, -0.310427, -0.1187]
[-0.302812, -0.257861, 0.471739, -0.309688, -0.118681]
[-0.302835, -0.25784, 0.475363, -0.304905, -0.118621]
[-0.302509, -0.257964, 0.473456, -0.306838, -0.118649]
[-0.303105, -0.257914, 0.475075, -0.311777, -0.118546]
[-0.30255, -0.257803, 0.475405, -0.307437, -0.118715]
[-0.303303, -0.257861, 0.47461, -0.31196, -0.118643]
[-0.302569, -0.257822, 0.471487, -0.308282, -0.118549]
[-0.303087, -0.257662, 0.472616, -0.305305, -0.118561]
[-0.303299, -0.257869, 0.474102, -0.307837, -0.11862]
[-0.303087, -0.257725, 0.475099, -0.310536, -0.118624]
[-0.302412, -0.257766, 0.474733, -0.307162, -0.118653]
[-0.303295, -0.257829, 0.473727, -0.30702, -0.118544]
[-0.302433, -0.257731, 0.472043, -0.314895, -0.118699]
[-0.302911, -0.257834, 0.473401, -0.306298, -0.118699]
[-0.30239, -0.257818, 0.474346, -0.314787, -0.118664]
[-0.303169, -0.257921, 0.472539, -0.3065, -0.118597]
[-0.303014, -0.257713, 0.475366, -0.308066, -0.118557]
[-0.302602, -0.257713, 0.471103, -0.31396, -0.118555]
[-0.302657, -0.257926, 0.47225, -0.312333, -0.118722]
[-0.302363, -0.257833, 0.473939, -0.309924, -0.118658]
[-0.30304, -0.257668, 0.471741, -0.310131, -0.118658]
[-0.302809, -0.257668, 0.475304, -0.310425, -0.118561]
[-0.303081, -0.257958, 0.47425, -0.308674, -0.118542]
[-0.302375, -0.257656, 0.472177, -0.305087, -0.118585]
[-0.302292, -0.257736, 0.471644, -0.314808, -0.118616]
[-0.302723, -0.257693, 0.474334, -0.306684, -0.118642]
[-0.302574, -0.257801, 0.474572, -0.311607, -0.118519]
[-0.302529, -0.257925, 0.471562, -0.31073, -0.118679]
[-0.302437, -0.25792, 0.473043, -0.310173, -0.118731]
[-0.302354, -0.257943, 0.470948, -0.307046, -0.118703]
[-0.302898, -0.257844, 0.474241, -0.307469, -0.118657]
[-0.303086, -0.257685, 0.471772, -0.305858, -0.118572]
[-0.303351, -0.25768, 0.47318, -0.313707, -0.118571]
[-0.303282, -0.257679, 0.472858, -0.310235, -0.118597]
[-0.302485, -0.257741, 0.474635, -0.311319, -0.11871]
[-0.303199, -0.257682, 0.472282, -0.309598, -0.118691]
[-0.303335, -0.257855, 0.47518, -0.312186, -0.118585]
[-0.303007, -0.257653, 0.471674, -0.304832, -0.118519]
[-0.303011, -0.257906, 0.471653, -0.308759, -0.11872]
[-0.30263, -0.257943, 0.472614, -0.305355, -0.118683]
[-0.302324, -0.257954, 0.471889, -0.313271, -0.118697]
[-0.302936, -0.257728, 0.474302, -0.310604, -0.118538]
[-0.303225, -0.257772, 0.47063, -0.313172, -0.118628]
[-0.302466, -0.257725, 0.475535, -0.311772, -0.118681]
[-0.302691, -0.257835, 0.47114, -0.314713, -0.11854]
[-0.30326, -0.257929, 0.470909, -0.310373, -0.118527]
[-0.302655, -0.257686, 0.472443, -0.310258, -0.118532]
[-0.303211, -0.257672, 0.473208, -0.310455, -0.118728]
[-0.302286, -0.257674, 0.473775, -0.306164, -0.118722]
[-0.303069, -0.257769, 0.471749, -0.310469, -0.11864]
[-0.303057, -0.257899, 0.472731, -0.306088, -0.118657]
[-0.302292, -0.257946, 0.47458, -0.312358, -0.118669]
[-0.302962, -0.257693, 0.47321, -0.30996, -0.118682]
[-0.302534, -0.257756, 0.47341, -0.312722, -0.1187]
[-0.303088, -0.257959, 0.470972, -0.309032, -0.118691]
[-0.302881, -0.257846, 0.471339, -0.314769, -0.118572]
[-0.302383, -0.257943, 0.474082, -0.308788, -0.11853]
[-0.302805, -0.257777, 0.473041, -0.304332, -0.118695]
[-0.302723, -0.257732, 0.474995, -0.310968, -0.118598]
[-0.302969, -0.257864, 0.473278, -0.304503, -0.118526]
[-0.303038, -0.257717, 0.473889, -0.304678, -0.118632]
[-0.302435, -0.25767, 0.472287, -0.30627, -0.118537]
[-0.30271, -0.257865, 0.473939, -0.305229, -0.118681]
[-0.302728, -0.257751, 0.474494, -0.30696, -0.118671]
[-0.302688, -0.257931, 0.471082, -0.305014, -0.118729]
[-0.303363, -0.257977, 0.475413, -0.309536, -0.118652]
[-0.302334, -0.257759, 0.475532, -0.309996, -0.118629]
[-0.303082, -0.2577, 0.474568, -0.30674, -0.118591]
[-0.303364, -0.257652, 0.471992, -0.306246, -0.118729]
[-0.302314, -0.257677, 0.474272, -0.314732, -0.118646]
[-0.302418, -0.257845, 0.47089, -0.306523, -0.11866]
[-0.302326, -0.257755, 0.474933, -0.308852, -0.118676]
[-0.302315, -0.257704, 0.474361, -0.308134, -0.118729]
[-0.302538, -0.257824, 0.47235, -0.309418, -0.118525]
[-0.302704, -0.257975, 0.474355, -0.311764, -0.1186]
[-0.302402, -0.257963, 0.472811, -0.313501, -0.118673]
[-0.302936, -0.257851, 0.472397, -0.310922, -0.118571]
[-0.303143, -0.257742, 0.471833, -0.308528, -0.118664]
[-0.303335, -0.2579, 0.47454, -0.309614, -0.118517]
[-0.30235, -0.257846, 0.474802, -0.309887, -0.118647]
[-0.302933, -0.25765, 0.472267, -0.309742, -0.118713]
[-0.302755, -0.257792, 0.472505, -0.312417, -0.118665]
[-0.30232, -0.257662, 0.473993, -0.3052, -0.118604]
[-0.303002, -0.257918, 0.4713, -0.304229, -0.118527]
[-0.302379, -0.25791, 0.47382, -0.314349, -0.118712]
[-0.302732, -0.257881, 0.475419, -0.31052, -0.118601]
[-0.302436, -0.257901, 0.470816, -0.30592, -0.118615]
[-0.303228, -0.257937, 0.470902, -0.312869, -0.118641]
[-0.302394, -0.257662, 0.475196, -0.312006, -0.118554]
[-0.303033, -0.257845, 0.472818, -0.308839, -0.11868]
[-0.302603, -0.257867, 0.473645, -0.314256, -0.118544]
[-0.302597, -0.257893, 0.471722, -0.305804, -0.118531]
[-0.302286, -0.257705, 0.474379, -0.310971, -0.118649]
[-0.303021, -0.257727, 0.472132, -0.312655, -0.118685]
[-0.302778, -0.257873, 0.470666, -0.307826, -0.118561]
[-0.303005, -0.257715, 0.471498, -0.314656, -0.11865]
[-0.30307, -0.257974, 0.472205, -0.314818, -0.118613]
[-0.30309, -0.257904, 0.474029, -0.310903, -0.118588]
[-0.302971, -0.257854, 0.47125, -0.308909, -0.118554]
[-0.302346, -0.257925, 0.472706, -0.312615, -0.118695]
[-0.302451, -0.257955, 0.474611, -0.306662, -0.11873]
[-0.302363, -0.257684, 0.474899, -0.305032, -0.11866]
[-0.303164, -0.257974, 0.47544, -0.312283, -0.118696]
[-0.302422, -0.257822, 0.473357, -0.310537, -0.118565]
[-0.302633, -0.257852, 0.470864, -0.30527, -0.11866]
[-0.302574, -0.257722, 0.473299, -0.309063, -0.118676]
[-0.302286, -0.257852, 0.474629, -0.306201, -0.118636]
[-0.302919, -0.257656, 0.472249, -0.307902, -0.11867]
[-0.302576, -0.257874, 0.473634, -0.308159, -0.118541]
[-0.303183, -0.257959, 0.473296, -0.307588, -0.118519]
[-0.303341, -0.257959, 0.475428, -0.312006, -0.118623]
[-0.302837, -0.257705, 0.471047, -0.306518, -0.118572]
[-0.302947, -0.257681, 0.474234, -0.31234, -0.118657]
[-0.302478, -0.25791, 0.472328, -0.309946, -0.118532]
[-0.303063, -0.257939, 0.473477, -0.304867, -0.118623]
[-0.302659, -0.257975, 0.471779, -0.307693, -0.118577]
[-0.302914, -0.257953, 0.473682, -0.304641, -0.118647]
[-0.302915, -0.257975, 0.4711, -0.312649, -0.118535]
[-0.302764, -0.257656, 0.473547, -0.304849, -0.118724]
[-0.302818, -0.257963, 0.474765, -0.314454, -0.118562]
[-0.302447, -0.257763, 0.47067, -0.307889, -0.118658]
[-0.302578, -0.257804, 0.473458, -0.304366, -0.118592]
[-0.302338, -0.257855, 0.474742, -0.308859, -0.118628]
[-0.302298, -0.25777, 0.475135, -0.308963, -0.118619]
[-0.302917, -0.257956, 0.473274, -0.312321, -0.118522]
[-0.302933, -0.257689, 0.473491, -0.305692, -0.118648]
[-0.303305, -0.257926, 0.470927, -0.307827, -0.118607]
[-0.302492, -0.257875, 0.473565, -0.308446, -0.118699]
[-0.303314, -0.257883, 0.475188, -0.307381, -0.118717]
[-0.303306, -0.257776, 0.475118, -0.309157, -0.118609]
[-0.302755, -0.257732, 0.475337, -0.30749, -0.118578]
[-0.302881, -0.25793, 0.474248, -0.313255, -0.118527]
[-0.302318, -0.257671, 0.475414, -0.309615, -0.118654]
[-0.302585, -0.257802, 0.473892, -0.306713, -0.118553]
[-0.302715, -0.257738, 0.474353, -0.310222, -0.118632]
[-0.30281, -0.257903, 0.475491, -0.305774, -0.118626]
[-0.302414, -0.257951, 0.473736, -0.313757, -0.118597]
[-0.302281, -0.257766, 0.473633, -0.311339, -0.118653]
[-0.302606, -0.257772, 0.472329, -0.311183, -0.118535]
[-0.302662, -0.257669, 0.470732, -0.307861, -0.118553]
[-0.302968, -0.257738, 0.475265, -0.309103, -0.118538]
[-0.302828, -0.2577, 0.473956, -0.30632, -0.11856]
[-0.302516, -0.257865, 0.470664, -0.314134, -0.118622]
[-0.302525, -0.257763, 0.472679, -0.314538, -0.118645]
[-0.302914, -0.257731, 0.471679, -0.304514, -0.118564]
[-0.303084, -0.257809, 0.473529, -0.313268, -0.118654]
[-0.303085, -0.257746, 0.472691, -0.311961, -0.118689]
[-0.302625, -0.257943, 0.474733, -0.310452, -0.118712]
[-0.303089, -0.257706, 0.475603, -0.311049, -0.11852]
[-0.303077, -0.25778, 0.475418, -0.309189, -0.118729]
[-0.30325, -0.257683, 0.47289, -0.313704, -0.118729]
[-0.302337, -0.257837, 0.473658, -0.306082, -0.118525]
[-0.302468, -0.257975, 0.474044, -0.311374, -0.118604]
[-0.302532, -0.257813, 0.473488, -0.309917, -0.118639]
[-0.302975, -0.257939, 0.473899, -0.31142, -0.118714]
[-0.302419, -0.257677, 0.472641, -0.309875, -0.118664]
[-0.302521, -0.257822, 0.475382, -0.306148, -0.118532]
[-0.302448, -0.257708, 0.472859, -0.31072, -0.118709]
[-0.302515, -0.257722, 0.47333, -0.310504, -0.11863]
[-0.303206, -0.257914, 0.474227, -0.308455, -0.118555]
[-0.302974, -0.257957, 0.470653, -0.311759, -0.118573]
[-0.302877, -0.257943, 0.470905, -0.312418, -0.118651]
[-0.30273, -0.25792, 0.475593, -0.313583, -0.118639]
[-0.303163, -0.257758, 0.473097, -0.305726, -0.118661]
[-0.303041, -0.257662, 0.472765, -0.314295, -0.118698]
[-0.302951, -0.257737, 0.47325, -0.312121, -0.118648]
[-0.302883, -0.257902, 0.47364, -0.307632, -0.118587]
[-0.302804, -0.257828, 0.473731, -0.31269, -0.118623]
[-0.303207, -0.257924, 0.47124, -0.308095, -0.118609]
[-0.302316, -0.25795, 0.473647, -0.31297, -0.118603]
[-0.302812, -0.257908, 0.47176, -0.304692, -0.118602]
[-0.302466, -0.257658, 0.471954, -0.309156, -0.118646]
[-0.30314, -0.257698, 0.474037, -0.313292, -0.118692]
[-0.302732, -0.25777, 0.474119, -0.309674, -0.118684]
[-0.303078, -0.257956, 0.47257, -0.305443, -0.118527]
[-0.302682, -0.257677, 0.472644, -0.308956, -0.118605]
[-0.302682, -0.257977, 0.4707, -0.304386, -0.11855]
[-0.302795, -0.257711, 0.474655, -0.310912, -0.118695]
[-0.302435, -0.257948, 0.472365, -0.307852, -0.118631]
[-0.302319, -0.257831, 0.472414, -0.309946, -0.118666]
[-0.303357, -0.257862, 0.473962, -0.307512, -0.118626]
[-0.303017, -0.257734, 0.474246, -0.309914, -0.118553]
[-0.302687, -0.257899, 0.473658, -0.312778, -0.118654]
[-0.302364, -0.257876, 0.474577, -0.314158, -0.118627]
[-0.302498, -0.257666, 0.471408, -0.312796, -0.118705]
[-0.302878, -0.257849, 0.473875, -0.312373, -0.118714]
[-0.302681, -0.257777, 0.472608, -0.307618, -0.118657]
[-0.302441, -0.257944, 0.473612, -0.30986, -0.118683]
[-0.302471, -0.257662, 0.474875, -0.304937, -0.118681]
[-0.302603, -0.257727, 0.474816, -0.310694, -0.118524]
[-0.302356, -0.257963, 0.474938, -0.305398, -0.118628]
[-0.302486, -0.257932, 0.472927, -0.310858, -0.118694]
[-0.302456, -0.257913, 0.47422, -0.313748, -0.11852]
[-0.302933, -0.257848, 0.472805, -0.313041, -0.118728]
[-0.302666, -0.25797, 0.473636, -0.305502, -0.118579]
[-0.303189, -0.257906, 0.470668, -0.314085, -0.118531]
[-0.302874, -0.257766, 0.472285, -0.31418, -0.118599]
[-0.30322, -0.257948, 0.471001, -0.312487, -0.11869]
[-0.30303, -0.257931, 0.471226, -0.309131, -0.118595]
[-0.302762, -0.257651, 0.472248, -0.30429, -0.118582]
[-0.303298, -0.25785, 0.474053, -0.314729, -0.118657]
[-0.302545, -0.257797, 0.474702, -0.304414, -0.118696]
[-0.302301, -0.257748, 0.473647, -0.309411, -0.118529]
[-0.302645, -0.257901, 0.472371, -0.308186, -0.118533]
[-0.30289, -0.257898, 0.471467, -0.312182, -0.118692]
[-0.302518, -0.257966, 0.470782, -0.313309, -0.118686]
[-0.30247, -0.257939, 0.474895, -0.309649, -0.118559]
[-0.30294, -0.257947, 0.474848, -0.311316, -0.118711]
[-0.302747, -0.257736, 0.474942, -0.311788, -0.11857]
[-0.302994, -0.257765, 0.471522, -0.306077, -0.11858]
[-0.302694, -0.257815, 0.472573, -0.306051, -0.118616]
[-0.303251, -0.257923, 0.472435, -0.304503, -0.118632]
[-0.303169, -0.257737, 0.475089, -0.309469, -0.118612]
[-0.302888, -0.257921, 0.472194, -0.31104, -0.118718]
[-0.302408, -0.257754, 0.473298, -0.31231, -0.118595]
[-0.303, -0.257746, 0.472808, -0.308338, -0.118607]
[-0.302812, -0.257692, 0.472464, -0.304438, -0.118533]
[-0.302941, -0.257658, 0.475587, -0.310913, -0.11856]
[-0.30292, -0.25776, 0.470948, -0.306674, -0.118698]
[-0.302755, -0.257734, 0.471564, -0.304346, -0.118698]
[-0.303122, -0.257961, 0.470741, -0.306263, -0.118679]
[-0.303172, -0.257839, 0.473314, -0.307193, -0.118652]
[-0.303055, -0.257916, 0.474906, -0.312682, -0.118625]
[-0.302718, -0.257682, 0.471068, -0.307856, -0.118636]
[-0.303084, -0.257652, 0.471167, -0.313226, -0.11873]
[-0.302318, -0.257691, 0.474737, -0.314382, -0.118545]
[-0.303195, -0.257958, 0.472968, -0.305137, -0.118563]
[-0.302786, -0.257687, 0.470833, -0.307905, -0.118727]
[-0.303197, -0.257817, 0.473299, -0.305145, -0.118681]
[-0.30288, -0.25771, 0.473169, -0.314048, -0.118709]
[-0.302359, -0.25768, 0.473618, -0.314634, -0.118665]
[-0.30253, -0.257839, 0.474683, -0.314006, -0.118718]
[-0.303308, -0.257672, 0.472774, -0.313972, -0.11867]
[-0.302478, -0.257812, 0.471586, -0.314787, -0.118623]
[-0.30336, -0.257672, 0.472022, -0.314706, -0.118665]
[-0.302616, -0.257919, 0.470693, -0.307718, -0.11868]
[-0.303186, -0.257806, 0.473712, -0.305026, -0.118706]
[-0.302855, -0.257959, 0.475149, -0.311441, -0.118671]
[-0.302803, -0.257946, 0.47323, -0.315018, -0.118678]
[-0.30272, -0.257709, 0.470801, -0.31237, -0.118531]
[-0.302433, -0.257899, 0.471681, -0.313272, -0.118725]
[-0.302454, -0.257884, 0.473932, -0.315048, -0.11853]
[-0.302718, -0.257751, 0.474071, -0.306109, -0.118558]
[-0.302421, -0.257909, 0.473163, -0.309853, -0.11858]
[-0.303301, -0.257878, 0.47318, -0.310143, -0.118549]
[-0.303092, -0.257779, 0.47292, -0.304549, -0.118568]
[-0.30278, -0.257945, 0.471972, -0.314124, -0.118602]
[-0.302914, -0.257783, 0.474284, -0.312123, -0.118617]
[-0.302477, -0.25793, 0.473399, -0.306369, -0.118549]
[-0.302372, -0.25794, 0.474183, -0.312127, -0.118617]
[-0.302296, -0.257784, 0.471762, -0.304711, -0.118579]
[-0.303015, -0.257963, 0.473439, -0.313501, -0.118585]
[-0.303013, -0.257862, 0.471787, -0.304515, -0.118731]
[-0.303254, -0.2577, 0.474845, -0.31099, -0.118553]
[-0.302615, -0.257958, 0.472788, -0.307932, -0.118663]
[-0.30238, -0.257796, 0.47119, -0.30668, -0.118646]
[-0.302318, -0.257859, 0.471392, -0.305274, -0.118614]
[-0.302809, -0.257895, 0.473519, -0.313497, -0.118525]
[-0.302858, -0.257889, 0.472951, -0.307586, -0.11865]
[-0.302756, -0.25782, 0.472045, -0.308796, -0.11857]
[-0.302829, -0.257809, 0.472712, -0.30685, -0.118688]
[-0.303008, -0.257898, 0.472855, -0.307931, -0.118647]
[-0.302965, -0.257695, 0.472881, -0.306427, -0.118614]
[-0.302419, -0.25773, 0.470863, -0.30948, -0.11869]
[-0.303219, -0.257958, 0.472808, -0.311314, -0.11858]
[-0.303298, -0.257973, 0.471796, -0.309372, -0.118586]
[-0.303011, -0.257834, 0.47409, -0.308869, -0.118667]
[-0.302916, -0.257667, 0.470901, -0.312526, -0.118579]
[-0.302767, -0.257953, 0.471059, -0.30589, -0.118623]
[-0.302667, -0.257851, 0.472485, -0.307488, -0.118683]
[-0.302342, -0.25776, 0.475136, -0.311936, -0.118624]
[-0.302669, -0.257808, 0.471511, -0.314574, -0.118635]
[-0.302378, -0.257796, 0.4724, -0.305352, -0.118713]
[-0.30303, -0.257972, 0.473128, -0.312366, -0.11871]
[-0.302391, -0.257825, 0.473986, -0.310614, -0.118579]
[-0.302867, -0.257939, 0.475168, -0.310363, -0.118651]
[-0.302766, -0.257727, 0.475307, -0.314696, -0.118725]
[-0.302407, -0.257727, 0.472584, -0.312848, -0.118525]
[-0.302427, -0.257816, 0.475412, -0.310638, -0.118648]
[-0.302347, -0.257688, 0.475064, -0.308287, -0.118654]
[-0.303326, -0.257653, 0.474154, -0.311438, -0.118727]
[-0.302769, -0.25769, 0.473872, -0.30499, -0.118537]
[-0.302761, -0.257691, 0.473648, -0.305243, -0.11871]
[-0.303023, -0.257702, 0.47525, -0.311295, -0.118549]
[-0.302838, -0.257861, 0.47136, -0.306083, -0.118604]
[-0.303264, -0.25773, 0.474019, -0.305976, -0.118531]
[-0.303316, -0.25774, 0.470794, -0.308218, -0.118674]
[-0.30295, -0.25774, 0.471246, -0.30467, -0.11865]
[-0.303352, -0.257745, 0.47221, -0.304573, -0.118653]
[-0.303153, -0.257749, 0.47424, -0.304417, -0.118586]
[-0.303072, -0.257742, 0.473762, -0.305837, -0.118558]
[-0.303345, -0.257737, 0.472634, -0.304563, -0.118518]
[-0.303331, -0.25775, 0.470997, -0.307654, -0.118581]
[-0.303338, -0.257727, 0.471264, -0.305958, -0.118543]
[-0.303289, -0.257735, 0.473428, -0.309321, -0.118579]
[-0.303265, -0.257748, 0.47178, -0.307727, -0.118521]
[-0.303057, -0.25774, 0.471766, -0.306696, -0.118671]
[-0.302926, -0.257746, 0.475323, -0.306888, -0.118566]
[-0.302945, -0.257731, 0.471864, -0.307072, -0.118536]
[-0.30332, -0.257742, 0.473979, -0.307659, -0.118667]
[-0.303124, -0.257743, 0.474719, -0.30526, -0.118652]
[-0.303278, -0.257736, 0.47161, -0.30775, -0.118529]
[-0.303076, -0.257742, 0.473361, -0.308277, -0.118664]
[-0.303263, -0.257729, 0.473868, -0.305626, -0.118567]
[-0.303282, -0.257749, 0.473469, -0.307844, -0.118554]
[-0.303031, -0.257725, 0.470827, -0.305419, -0.118518]
[-0.303267, -0.25775, 0.473827, -0.308882, -0.118593]
[-0.303279, -0.257728, 0.474276, -0.307802, -0.118643]
[-0.303147, -0.257751, 0.47093, -0.306118, -0.118632]
[-0.302949, -0.257736, 0.473213, -0.306722, -0.118566]
[-0.303275, -0.257744, 0.471586, -0.308378, -0.118544]
[-0.303348, -0.257747, 0.474443, -0.309273, -0.118533]
[-0.303285, -0.257743, 0.475067, -0.306571, -0.118622]
[-0.302994, -0.257721, 0.471491, -0.307393, -0.118633]
[-0.303013, -0.257744, 0.47244, -0.305155, -0.11866]
[-0.303286, -0.257725, 0.471218, -0.305074, -0.118558]
[-0.303302, -0.257734, 0.471786, -0.304986, -0.118667]
[-0.303043, -0.257745, 0.474701, -0.304809, -0.118579]
[-0.303073, -0.257735, 0.474304, -0.306205, -0.11857]
[-0.30331, -0.257725, 0.472252, -0.307489, -0.118597]
[-0.303309, -0.257728, 0.470937, -0.30453, -0.118644]
[-0.302929, -0.257751, 0.474384, -0.306448, -0.118645]
[-0.303279, -0.25774, 0.475552, -0.305014, -0.118628]
[-0.303001, -0.257744, 0.472579, -0.309018, -0.118645]
[-0.303365, -0.257733, 0.471418, -0.306518, -0.11859]
[-0.303028, -0.257747, 0.474598, -0.306332, -0.118589]
[-0.303156, -0.257747, 0.47479, -0.30775, -0.118652]
[-0.303042, -0.257731, 0.475057, -0.309066, -0.118556]
[-0.30301, -0.257744, 0.472352, -0.30483, -0.118594]
[-0.303086, -0.257727, 0.474504, -0.304861, -0.118602]
[-0.303205, -0.257752, 0.472282, -0.306476, -0.118571]
[-0.303136, -0.257731, 0.473925, -0.30764, -0.118561]
[-0.303196, -0.257736, 0.47465, -0.308602, -0.118591]
[-0.303276, -0.257746, 0.475325, -0.307491, -0.118519]
[-0.303203, -0.257744, 0.474664, -0.304498, -0.118553]
[-0.302945, -0.257727, 0.472731, -0.308456, -0.118549]
[-0.30302, -0.257732, 0.474855, -0.304211, -0.11858]
[-0.303143, -0.257739, 0.47521, -0.309398, -0.118623]
[-0.303181, -0.257728, 0.472333, -0.309354, -0.118596]
[-0.303016, -0.257721, 0.475076, -0.309373, -0.118668]
[-0.303038, -0.257741, 0.472716, -0.30868, -0.118555]
[-0.303083, -0.257741, 0.475071, -0.304633, -0.118615]
[-0.302936, -0.257723, 0.475123, -0.307847, -0.118539]
[-0.30323, -0.257731, 0.473398, -0.308853, -0.118648]
[-0.303261, -0.257722, 0.475411, -0.305575, -0.118533]
[-0.303003, -0.257744, 0.471919, -0.307856, -0.118615]
[-0.303294, -0.257745, 0.47135, -0.307379, -0.118569]
[-0.30297, -0.257734, 0.471112, -0.307508, -0.118611]
[-0.303033, -0.257749, 0.471851, -0.308921, -0.118668]
[-0.303319, -0.257739, 0.471523, -0.308962, -0.1186]
[-0.303105, -0.257742, 0.47304, -0.305321, -0.118549]
[-0.303251, -0.257751, 0.471529, -0.306981, -0.11862]
[-0.303318, -0.257748, 0.47217, -0.309162, -0.118571]
[-0.303178, -0.257735, 0.472385, -0.307303, -0.118672]
[-0.302987, -0.25775, 0.473017, -0.305242, -0.11857]
[-0.303237, -0.257749, 0.472368, -0.307258, -0.118567]
[-0.303358, -0.257746, 0.47467, -0.308265, -0.118582]
[-0.303252, -0.257752, 0.475255, -0.307009, -0.118538]
[-0.303136, -0.25773, 0.47416, -0.306407, -0.118599]
[-0.303326, -0.25774, 0.47161, -0.306907, -0.118649]
[-0.303127, -0.257734, 0.471827, -0.308529, -0.118592]
[-0.30324, -0.257749, 0.474806, -0.304281, -0.118572]
[-0.303163, -0.257721, 0.471754, -0.308708, -0.118595]
[-0.302985, -0.257749, 0.47248, -0.305516, -0.118592]
[-0.303323, -0.257744, 0.472414, -0.304444, -0.118584]
[-0.303171, -0.257748, 0.474503, -0.306697, -0.118559]
[-0.303264, -0.257729, 0.471852, -0.305917, -0.118527]
[-0.303148, -0.257735, 0.473974, -0.306965, -0.118585]
[-0.303319, -0.257726, 0.47333, -0.309184, -0.118572]
[-0.303122, -0.25775, 0.474386, -0.306609, -0.118641]
[-0.302954, -0.257735, 0.471943, -0.30703, -0.118567]
[-0.303041, -0.25775, 0.470819, -0.307093, -0.118635]
[-0.303145, -0.257732, 0.474251, -0.305459, -0.118653]
[-0.303262, -0.257749, 0.475056, -0.305246, -0.118583]
[-0.303189, -0.257724, 0.475583, -0.308122, -0.118521]
[-0.303227, -0.257731, 0.474198, -0.304774, -0.118575]
[-0.303078, -0.257725, 0.471127, -0.306248, -0.118621]
[-0.302969, -0.25773, 0.4755, -0.30475, -0.118643]
[-0.303273, -0.257746, 0.474316, -0.306163, -0.1186]
[-0.303348, -0.25773, 0.471491, -0.308863, -0.118532]
[-0.303002, -0.257737, 0.474689, -0.30546, -0.118649]
[-0.303158, -0.257752, 0.47263, -0.306835, -0.11854]
[-0.302926, -0.257732, 0.475435, -0.308081, -0.118559]
[-0.303099, -0.257721, 0.474937, -0.305373, -0.118568]
[-0.303229, -0.257734, 0.474056, -0.30552, -0.118593]
[-0.303187, -0.257741, 0.473082, -0.307868, -0.118612]
[-0.303343, -0.257746, 0.471369, -0.305711, -0.11861]
[-0.302931, -0.257747, 0.474686, -0.30525, -0.118612]
[-0.303134, -0.257752, 0.47206, -0.305717, -0.118554]
[-0.303286, -0.257724, 0.473201, -0.305644, -0.118554]
[-0.303013, -0.257736, 0.472394, -0.305775, -0.118645]
[-0.303007, -0.257737, 0.471657, -0.309067, -0.118526]
[-0.303361, -0.257735, 0.474057, -0.30423, -0.118538]
[-0.303091, -0.257729, 0.472264, -0.305177, -0.118587]
[-0.303119, -0.257738, 0.471835, -0.304686, -0.118554]
[-0.303149, -0.257721, 0.471326, -0.304663, -0.118572]
[-0.302966, -0.257748, 0.472935, -0.306294, -0.118617]
[-0.303114, -0.257749, 0.473375, -0.304902, -0.118531]
[-0.303136, -0.257747, 0.474434, -0.306492, -0.118562]
[-0.302977, -0.257745, 0.470773, -0.309245, -0.11857]
[-0.303254, -0.257749, 0.475404, -0.306893, -0.118631]
[-0.303106, -0.257743, 0.473262, -0.305424, -0.118666]
[-0.303328, -0.25773, 0.474695, -0.305564, -0.118543]
[-0.30292, -0.257734, 0.470691, -0.308927, -0.118566]
[-0.303186, -0.257731, 0.471918, -0.307414, -0.118596]
[-0.303241, -0.257741, 0.475019, -0.305878, -0.118627]
[-0.303296, -0.257742, 0.47514, -0.308981, -0.118673]
[-0.303299, -0.257749, 0.472213, -0.308963, -0.118582]
[-0.30296, -0.257724, 0.471455, -0.308595, -0.118534]
[-0.303026, -0.25775, 0.474063, -0.306558, -0.118628]
[-0.303005, -0.257748, 0.470914, -0.309149, -0.118521]
[-0.302949, -0.257733, 0.474005, -0.305103, -0.118623]
[-0.302985, -0.257741, 0.472936, -0.306669, -0.11866]
[-0.30299, -0.257751, 0.475202, -0.308355, -0.118628]
[-0.303311, -0.257731, 0.473642, -0.306675, -0.118605]
[-0.303036, -0.257749, 0.472759, -0.304836, -0.118598]
[-0.303347, -0.257724, 0.470737, -0.308979, -0.118619]
[-0.30304, -0.25775, 0.471864, -0.308601, -0.118543]
[-0.302939, -0.257723, 0.474637, -0.304993, -0.118538]
[-0.303021, -0.257724, 0.472268, -0.305517, -0.118623]
[-0.303003, -0.257744, 0.475147, -0.305032, -0.118628]
[-0.303253, -0.257738, 0.471175, -0.307431, -0.118549]
[-0.302997, -0.257725, 0.471521, -0.309123, -0.118638]
[-0.303365, -0.257726, 0.474977, -0.306625, -0.118584]
[-0.303091, -0.257745, 0.473906, -0.307782, -0.118559]
[-0.30302, -0.257741, 0.474969, -0.305542, -0.118546]
[-0.303039, -0.257752, 0.472061, -0.308375, -0.118577]
[-0.302928, -0.257731, 0.475451, -0.306242, -0.11855]
[-0.303321, -0.257727, 0.475455, -0.307471, -0.11855]
[-0.303147, -0.257742, 0.473579, -0.304908, -0.11854]
[-0.30324, -0.25774, 0.471293, -0.304329, -0.118597]
[-0.302944, -0.257743, 0.474552, -0.308026, -0.118543]
[-0.303092, -0.257742, 0.473637, -0.305099, -0.118649]
[-0.303067, -0.257739, 0.473358, -0.307318, -0.118608]
[-0.303161, -0.257737, 0.471647, -0.308156, -0.118579]
[-0.303314, -0.257751, 0.473739, -0.306001, -0.118536]
[-0.303345, -0.257749, 0.475435, -0.306528, -0.118533]
[-0.303166, -0.257729, 0.472965, -0.30711, -0.118642]
[-0.303275, -0.257725, 0.47134, -0.308947, -0.118643]
[-0.30308, -0.25772, 0.472208, -0.304793, -0.118539]
[-0.303263, -0.257739, 0.472335, -0.308902, -0.118609]
[-0.303346, -0.25774, 0.474706, -0.307223, -0.118633]
[-0.302986, -0.257727, 0.473076, -0.304285, -0.118559]
[-0.303246, -0.257722, 0.470972, -0.305436, -0.118639]
[-0.303248, -0.257725, 0.47409, -0.306394, -0.118657]
[-0.303242, -0.257736, 0.473146, -0.30697, -0.118565]
[-0.302952, -0.257732, 0.47233, -0.308675, -0.118561]
[-0.302959, -0.25775, 0.472825, -0.304491, -0.118565]
[-0.303282, -0.257725, 0.471686, -0.306318, -0.118561]
[-0.30293, -0.257751, 0.474108, -0.304213, -0.118638]
[-0.302978, -0.257742, 0.474328, -0.304974, -0.118658]
[-0.303258, -0.257743, 0.472639, -0.308181, -0.118567]
[-0.303363, -0.257725, 0.473895, -0.308771, -0.118607]
[-0.303229, -0.257743, 0.472723, -0.305457, -0.118585]
[-0.303192, -0.257722, 0.471025, -0.308787, -0.118627]
[-0.30296, -0.25775, 0.473971, -0.305344, -0.118562]
[-0.303287, -0.257725, 0.47131, -0.307362, -0.118524]
[-0.303169, -0.257726, 0.471217, -0.30483, -0.118551]
[-0.303005, -0.257748, 0.475048, -0.308891, -0.118662]
[-0.302971, -0.257738, 0.473831, -0.304588, -0.118543]
[-0.303048, -0.257726, 0.470699, -0.305469, -0.118648]
[-0.302929, -0.25773, 0.474616, -0.306547, -0.11857]
[-0.303107, -0.257734, 0.473365, -0.30933, -0.118608]
[-0.303091, -0.257742, 0.474573, -0.305102, -0.118581]
[-0.303357, -0.25772, 0.470907, -0.306022, -0.118609]
[-0.303177, -0.257748, 0.470959, -0.304494, -0.118525]
[-0.303285, -0.257731, 0.471293, -0.30726, -0.118643]
[-0.303283, -0.257751, 0.470623, -0.306856, -0.118523]
[-0.30313, -0.257726, 0.473629, -0.307171, -0.118566]
[-0.303213, -0.257738, 0.472201, -0.306036, -0.118519]
[-0.303128, -0.257735, 0.47355, -0.305394, -0.118575]
[-0.303191, -0.257722, 0.471661, -0.306619, -0.118658]
[-0.303243, -0.257747, 0.474563, -0.306809, -0.118588]
[-0.303348, -0.257744, 0.473385, -0.305759, -0.11867]
[-0.30294, -0.257735, 0.473541, -0.304514, -0.118569]
[-0.303191, -0.257744, 0.47196, -0.304378, -0.118578]
[-0.30319, -0.257751, 0.470832, -0.305976, -0.118541]
[-0.303198, -0.257742, 0.474825, -0.307577, -0.118641]
[-0.302981, -0.257725, 0.47312, -0.304255, -0.118593]
[-0.303169, -0.257737, 0.471678, -0.304868, -0.118637]
[-0.303043, -0.257741, 0.47488, -0.307975, -0.118567]
[-0.303252, -0.25772, 0.475267, -0.306685, -0.118659]
[-0.303345, -0.257747, 0.475267, -0.30515, -0.118589]
[-0.303254, -0.257725, 0.47233, -0.308778, -0.11865]
[-0.303354, -0.257724, 0.474294, -0.306555, -0.118582]
[-0.30298, -0.257726, 0.472904, -0.30783, -0.118609]
[-0.303266, -0.257748, 0.470824, -0.304626, -0.118532]
[-0.30309, -0.257749, 0.474258, -0.308207, -0.11853]
[-0.303214, -0.257749, 0.4739, -0.309121, -0.118629]
[-0.303266, -0.257723, 0.472567, -0.306281, -0.118588]
[-0.303182, -0.257729, 0.472898, -0.306982, -0.118539]
[-0.302983, -0.257745, 0.473781, -0.305302, -0.118575]
[-0.303114, -0.257735, 0.472738, -0.307774, -0.118557]
[-0.30336, -0.257732, 0.472021, -0.3093, -0.118631]
[-0.303163, -0.257752, 0.472209, -0.305468, -0.118563]
[-0.303177, -0.257748, 0.474672, -0.307608, -0.118648]
[-0.303176, -0.257744, 0.472513, -0.305989, -0.118562]
[-0.302957, -0.257749, 0.471816, -0.308375, -0.11854]
[-0.303173, -0.257744, 0.47077, -0.306535, -0.118625]
[-0.30298, -0.257731, 0.473543, -0.306031, -0.118546]
[-0.303221, -0.257723, 0.471016, -0.305138, -0.118605]
[-0.303247, -0.257744, 0.472435, -0.306373, -0.118631]
[-0.303133, -0.257724, 0.474085, -0.305459, -0.118633]
[-0.302988, -0.257729, 0.474515, -0.305265, -0.118579]
[-0.302977, -0.257728, 0.473842, -0.306224, -0.118677]
[-0.302968, -0.257733, 0.474259, -0.307825, -0.118666]
[-0.303239, -0.257746, 0.474285, -0.30803, -0.118674]
[-0.303209, -0.257741, 0.474035, -0.30916, -0.118666]
[-0.303167, -0.257743, 0.475007, -0.304523, -0.118614]
[-0.303056, -0.257731, 0.475007, -0.30436, -0.118633]
[-0.303354, -0.257732, 0.474155, -0.308326, -0.11852]
[-0.303301, -0.257743, 0.475024, -0.308646, -0.118562]
[-0.30311, -0.257746, 0.471194, -0.308581, -0.118559]
[-0.303325, -0.257729, 0.474477, -0.304637, -0.118667]
[-0.303016, -0.25774, 0.474231, -0.308954, -0.118551]
[-0.302971, -0.257742, 0.471827, -0.304244, -0.118533]
[-0.303036, -0.257742, 0.473729, -0.308689, -0.118621]
[-0.303193, -0.257749, 0.475516, -0.306056, -0.118588]
[-0.302986, -0.257732, 0.47515, -0.306328, -0.118622]
[-0.303272, -0.257727, 0.473668, -0.308366, -0.118527]
[-0.303359, -0.257723, 0.474509, -0.304398, -0.118581]
[-0.303365, -0.257726, 0.472213, -0.308234, -0.118539]
[-0.303031, -0.257749, 0.473668, -0.308317, -0.118562]
[-0.303308, -0.257745, 0.472713, -0.305399, -0.118543]
[-0.303137, -0.257723, 0.47506, -0.30508, -0.11858]
[-0.303216, -0.257723, 0.474599, -0.306297, -0.118648]
[-0.303101, -0.257745, 0.471163, -0.30649, -0.118519]
[-0.303334, -0.257748, 0.474016, -0.307417, -0.118663]
[-0.303331, -0.257731, 0.475012, -0.30769, -0.118574]
[-0.302945, -0.257744, 0.472214, -0.304941, -0.118651]
[-0.303098, -0.257747, 0.473385, -0.307156, -0.118594]
[-0.303244, -0.257724, 0.474829, -0.308633, -0.118612]
[-0.303109, -0.257737, 0.472167, -0.309093, -0.118536]
[-0.302948, -0.257735, 0.473142, -0.305623, -0.11854]
[-0.303069, -0.257749, 0.470803, -0.308576, -0.118552]
[-0.303219, -0.257736, 0.475434, -0.304713, -0.118667]
[-0.302977, -0.257739, 0.474783, -0.306934, -0.118675]
[-0.302941, -0.257749, 0.472074, -0.306696, -0.118573]
[-0.30316, -0.257739, 0.472408, -0.304895, -0.118636]
[-0.302972, -0.25774, 0.474334, -0.307152, -0.118575]
[-0.303031, -0.257722, 0.475382, -0.308867, -0.118595]
[-0.302946, -0.257745, 0.472171, -0.306181, -0.118522]
[-0.303119, -0.257741, 0.475217, -0.306461, -0.118526]
[-0.303151, -0.257729, 0.471031, -0.306446, -0.118635]
[-0.302995, -0.257747, 0.472059, -0.307508, -0.118555]
[-0.303155, -0.257746, 0.47465, -0.308314, -0.118567]
[-0.303295, -0.257736, 0.473353, -0.306985, -0.118615]
[-0.30303, -0.257737, 0.473982, -0.309251, -0.118651]
[-0.303003, -0.257722, 0.471633, -0.308103, -0.118637]
[-0.302942, -0.257722, 0.47332, -0.305636, -0.118637]
[-0.303327, -0.25774, 0.472739, -0.30678, -0.118626]
[-0.303213, -0.257722, 0.472258, -0.307416, -0.118652]
[-0.30301, -0.257736, 0.47105, -0.307158, -0.118605]
[-0.303351, -0.257733, 0.471057, -0.307999, -0.118658]
[-0.303058, -0.257737, 0.473529, -0.305073, -0.118546]
[-0.302966, -0.257747, 0.474782, -0.30588, -0.118526]
[-0.303164, -0.257751, 0.47197, -0.30562, -0.118592]
[-0.303269, -0.257744, 0.472728, -0.305766, -0.118616]
[-0.303286, -0.257747, 0.47539, -0.304674, -0.118613]
[-0.303096, -0.25772, 0.475052, -0.308945, -0.118647]
[-0.302939, -0.257751, 0.472364, -0.304524, -0.118535]
[-0.303025, -0.257731, 0.474011, -0.305627, -0.1186]
[-0.303163, -0.257737, 0.472333, -0.309203, -0.118564]
[-0.303139, -0.257721, 0.471804, -0.304842, -0.118642]
[-0.303257, -0.257737, 0.474126, -0.30874, -0.118575]
[-0.302961, -0.257732, 0.474184, -0.307833, -0.118667]
[-0.302932, -0.257727, 0.471251, -0.308037, -0.118523]
[-0.302987, -0.25773, 0.474749, -0.307812, -0.118598]
[-0.303267, -0.257731, 0.471756, -0.304298, -0.118537]
[-0.303284, -0.257737, 0.474426, -0.308939, -0.118559]
[-0.303346, -0.257742, 0.472754, -0.306096, -0.118656]
[-0.303156, -0.257737, 0.474537, -0.306571, -0.118635]
[-0.303014, -0.257732, 0.472761, -0.306804, -0.118522]
[-0.303058, -0.257735, 0.472925, -0.308252, -0.118656]
[-0.302993, -0.257723, 0.47462, -0.306743, -0.118567]
[-0.30313, -0.257728, 0.474045, -0.30822, -0.118662]
[-0.3033, -0.257722, 0.472776, -0.3093, -0.118677]
[-0.303051, -0.257725, 0.475, -0.308807, -0.118579]
[-0.302965, -0.257749, 0.472706, -0.308618, -0.118589]
[-0.303302, -0.257742, 0.473546, -0.307072, -0.118661]
[-0.303345, -0.257736, 0.475567, -0.307674, -0.118586]
[-0.303028, -0.257725, 0.472221, -0.308808, -0.118605]
[-0.303065, -0.257732, 0.473192, -0.30786, -0.118658]
[-0.303317, -0.257735, 0.473726, -0.307813, -0.118596]
[-0.303062, -0.257749, 0.470829, -0.305932, -0.11864]
[-0.303044, -0.257721, 0.472933, -0.305941, -0.11865]
[-0.303095, -0.257729, 0.474792, -0.306446, -0.118527]
[-0.303193, -0.257738, 0.472716, -0.305043, -0.118576]
[-0.303275, -0.257722, 0.475047, -0.30777, -0.118613]
[-0.30309, -0.257745, 0.473626, -0.305735, -0.118548]
[-0.303308, -0.257736, 0.470875, -0.30937, -0.118533]
[-0.303056, -0.257747, 0.473199, -0.308169, -0.118531]
[-0.302986, -0.257752, 0.472577, -0.304301, -0.118615]
[-0.303349, -0.257744, 0.472087, -0.308814, -0.118547]
[-0.302972, -0.257741, 0.473012, -0.304678, -0.118553]
[-0.303025, -0.257743, 0.474514, -0.306015, -0.118544]
[-0.302926, -0.257729, 0.472981, -0.306674, -0.118641]
[-0.303002, -0.257741, 0.471632, -0.304257, -0.118644]
[-0.302999, -0.257746, 0.470972, -0.307123, -0.118539]
[-0.303078, -0.257747, 0.47445, -0.307747, -0.118567]
[-0.303201, -0.257739, 0.471177, -0.305356, -0.118639]
[-0.303319, -0.25773, 0.473342, -0.30566, -0.118526]
[-0.303318, -0.257724, 0.473737, -0.30743, -0.118625]
[-0.303242, -0.257721, 0.472506, -0.306852, -0.118619]
[-0.303286, -0.257747, 0.471544, -0.30471, -0.118564]
[-0.303346, -0.257725, 0.474731, -0.307838, -0.118518]
[-0.303355, -0.257724, 0.472773, -0.307916, -0.118541]
[-0.303025, -0.257745, 0.470606, -0.304479, -0.118555]
[-0.303054, -0.257728, 0.470974, -0.309025, -0.118601]
[-0.30308, -0.257721, 0.474957, -0.304221, -0.118563]
[-0.303303, -0.257738, 0.470909, -0.306721, -0.11862]
[-0.303286, -0.257721, 0.47337, -0.308305, -0.118644]
[-0.303048, -0.257727, 0.474343, -0.304192, -0.11854]
[-0.303209, -0.257735, 0.475051, -0.307549, -0.118613]
[-0.303, -0.257725, 0.471231, -0.304335, -0.118599]
[-0.302923, -0.257741, 0.471336, -0.309012, -0.118565]
[-0.303119, -0.257751, 0.472466, -0.304561, -0.118539]
[-0.303191, -0.257728, 0.474909, -0.304475, -0.118553]
[-0.302926, -0.257743, 0.471608, -0.307343, -0.118663]
[-0.303333, -0.257725, 0.472006, -0.304509, -0.118591]
[-0.303143, -0.257723, 0.472286, -0.306747, -0.118589]
[-0.303038, -0.257751, 0.473984, -0.304249, -0.118598]
[-0.303004, -0.257729, 0.471636, -0.308751, -0.11862]
[-0.302933, -0.257732, 0.474779, -0.308829, -0.11865]
[-0.302938, -0.257727, 0.470969, -0.309045, -0.118556]
[-0.302974, -0.257736, 0.471787, -0.30645, -0.118581]
[-0.303171, -0.257741, 0.474376, -0.308891, -0.118601]
[-0.302985, -0.257726, 0.472061, -0.307886, -0.118631]
[-0.303195, -0.257745, 0.471692, -0.306359, -0.118657]
[-0.303306, -0.257734, 0.470899, -0.307761, -0.118569]
[-0.303306, -0.257751, 0.471186, -0.308387, -0.118536]
[-0.303312, -0.257732, 0.473018, -0.309239, -0.118635]
[-0.302984, -0.257727, 0.475424, -0.305787, -0.118644]
[-0.303309, -0.257739, 0.47373, -0.307354, -0.118569]
[-0.30329, -0.257748, 0.473534, -0.309082, -0.118637]
[-0.303062, -0.257745, 0.472996, -0.305486, -0.118643]
[-0.303181, -0.257733, 0.474315, -0.305706, -0.118604]
[-0.303187, -0.257726, 0.474484, -0.304327, -0.118612]
[-0.303256, -0.257725, 0.472607, -0.304198, -0.118519]
[-0.30332, -0.257749, 0.475024, -0.305775, -0.118659]
[-0.303108, -0.257735, 0.474031, -0.305504, -0.118577]
[-0.3031, -0.257737, 0.474955, -0.307917, -0.118549]
[-0.303289, -0.257722, 0.473501, -0.305967, -0.118554]
[-0.302975, -0.257743, 0.474239, -0.308179, -0.118673]
[-0.303188, -0.257746, 0.473803, -0.305498, -0.118548]
[-0.303248, -0.257724, 0.475285, -0.305851, -0.118529]
[-0.303341, -0.25774, 0.472351, -0.309056, -0.118643]
[-0.303228, -0.257737, 0.474806, -0.308391, -0.118653]
[-0.303343, -0.257751, 0.473543, -0.308185, -0.118529]
[-0.303177, -0.257725, 0.473476, -0.307168, -0.118531]
[-0.30322, -0.257745, 0.473351, -0.309207, -0.118628]
[-0.302991, -0.257742, 0.474407, -0.309033, -0.118628]
[-0.302976, -0.257742, 0.473233, -0.305708, -0.118611]
[-0.303252, -0.257748, 0.472724, -0.304922, -0.118585]
[-0.303241, -0.257728, 0.475058, -0.308795, -0.118596]
[-0.303059, -0.257751, 0.471198, -0.305793, -0.118626]
[-0.302937, -0.257743, 0.473857, -0.307468, -0.118658]
[-0.303327, -0.257723, 0.47381, -0.304202, -0.11866]
[-0.303148, -0.257737, 0.471967, -0.305536, -0.118554]
[-0.303058, -0.257751, 0.473092, -0.308291, -0.118576]
[-0.303166, -0.257723, 0.474999, -0.309207, -0.118642]
[-0.303118, -0.257744, 0.471153, -0.304277, -0.118548]
[-0.303158, -0.25773, 0.473088, -0.305747, -0.118651]
[-0.303183, -0.257751, 0.473934, -0.306828, -0.118646]
[-0.302951, -0.257736, 0.47545, -0.308644, -0.118641]
[-0.303153, -0.257734, 0.47529, -0.305486, -0.118597]
[-0.303074, -0.257731, 0.471605, -0.305337, -0.118543]
[-0.303167, -0.257727, 0.474988, -0.306306, -0.118666]
[-0.303192, -0.257721, 0.474008, -0.30714, -0.118571]
[-0.303028, -0.25773, 0.472719, -0.306463, -0.118592]
[-0.303299, -0.257746, 0.470638, -0.308857, -0.118549]
[-0.303175, -0.257727, 0.471307, -0.308773, -0.118614]
[-0.303039, -0.257737, 0.4744, -0.308469, -0.118609]
[-0.303272, -0.257744, 0.474712, -0.307957, -0.118619]
[-0.303123, -0.257743, 0.470615, -0.308331, -0.118602]
[-0.302934, -0.257731, 0.472214, -0.307843, -0.118616]
[-0.302978, -0.257744, 0.474609, -0.308794, -0.118569]
[-0.30336, -0.257733, 0.473388, -0.308276, -0.118668]
[-0.303148, -0.257739, 0.47538, -0.307373, -0.11867]
[-0.302964, -0.257734, 0.473945, -0.308523, -0.118646]
[-0.303252, -0.257736, 0.472447, -0.307174, -0.118649]
[-0.303291, -0.257749, 0.474699, -0.304376, -0.118666]
[-0.303032, -0.257726, 0.474375, -0.304497, -0.11859]
[-0.303358, -0.257734, 0.474509, -0.307084, -0.118562]
[-0.303251, -0.257721, 0.47408, -0.308143, -0.118631]
[-0.303202, -0.257736, 0.473678, -0.308287, -0.118657]
[-0.303336, -0.257722, 0.470933, -0.309403, -0.118594]
[-0.303002, -0.25775, 0.474473, -0.308909, -0.118594]
[-0.303336, -0.257737, 0.474595, -0.308057, -0.118562]
[-0.302924, -0.257733, 0.473613, -0.306263, -0.118532]
[-0.303269, -0.257735, 0.472588, -0.308455, -0.11861]
[-0.303144, -0.257749, 0.474751, -0.305552, -0.118607]
[-0.303334, -0.257724, 0.472891, -0.307283, -0.118615]
[-0.303331, -0.25774, 0.474691, -0.306741, -0.118581]
[-0.303204, -0.257742, 0.471439, -0.304298, -0.118619]
[-0.303047, -0.257746, 0.471043, -0.305183, -0.118591]
[-0.303205, -0.257741, 0.472152, -0.305432, -0.118642]
[-0.303056, -0.257752, 0.472672, -0.309345, -0.118559]
[-0.303115, -0.257745, 0.475478, -0.308951, -0.118545]
[-0.302996, -0.257738, 0.472116, -0.308705, -0.118523]
[-0.30332, -0.257737, 0.472958, -0.308432, -0.118629]
[-0.303088, -0.257734, 0.47183, -0.30824, -0.118614]
[-0.302975, -0.257729, 0.47119, -0.309044, -0.11864]
[-0.303207, -0.25773, 0.472414, -0.308943, -0.118611]
[-0.303236, -0.257725, 0.474786, -0.30553, -0.118621]
[-0.303111, -0.257732, 0.471646, -0.306602, -0.118576]
[-0.303023, -0.257723, 0.472758, -0.308705, -0.118612]
[-0.30325, -0.257744, 0.473311, -0.306053, -0.11853]
[-0.303328, -0.257721, 0.474589, -0.306646, -0.118653]
[-0.303097, -0.25774, 0.471247, -0.305162, -0.118532]
[-0.302928, -0.257742, 0.47078, -0.307838, -0.118628]
[-0.303123, -0.257721, 0.471674, -0.30473, -0.118581]
[-0.303296, -0.25775, 0.474751, -0.305517, -0.118594]
[-0.30297, -0.257722, 0.47277, -0.305206, -0.118523]
[-0.303004, -0.257745, 0.472789, -0.307756, -0.118625]
[-0.30331, -0.25773, 0.473004, -0.307312, -0.118528]
[-0.303028, -0.25775, 0.47303, -0.309004, -0.118555]
[-0.302942, -0.257726, 0.471606, -0.3064, -0.118522]
[-0.303049, -0.257723, 0.474157, -0.304303, -0.118599]
[-0.303304, -0.257739, 0.474936, -0.308298, -0.118542]
[-0.30302, -0.257728, 0.473696, -0.307823, -0.118653]
[-0.303124, -0.257738, 0.473814, -0.304495, -0.118631]
[-0.303142, -0.257732, 0.473139, -0.307329, -0.118541]
[-0.3031, -0.25774, 0.471072, -0.308004, -0.118553]
[-0.303124, -0.25773, 0.475246, -0.306616, -0.118628]
[-0.303322, -0.257722, 0.474088, -0.307974, -0.118605]
[-0.302921, -0.257732, 0.473518, -0.305323, -0.118664]
[-0.303159, -0.257745, 0.475392, -0.30723, -0.118541]
[-0.303252, -0.257722, 0.473378, -0.305352, -0.118557]
[-0.303124, -0.257722, 0.471157, -0.306205, -0.118664]
[-0.303317, -0.257737, 0.470963, -0.308827, -0.118662]
[-0.303201, -0.257751, 0.473927, -0.304838, -0.118578]
[-0.303074, -0.257746, 0.47432, -0.304431, -0.118533]
[-0.303262, -0.257738, 0.472031, -0.307831, -0.118577]
[-0.302951, -0.257721, 0.475327, -0.306352, -0.118533]
[-0.303041, -0.257748, 0.471704, -0.306248, -0.11865]
[-0.303171, -0.257741, 0.470995, -0.307225, -0.118518]
[-0.303154, -0.257744, 0.471464, -0.306073, -0.11857]
[-0.302994, -0.25775, 0.471237, -0.305378, -0.118545]
[-0.30319, -0.257748, 0.4715, -0.305484, -0.11863]
[-0.303055, -0.257749, 0.47185, -0.305424, -0.118559]
[-0.303021, -0.257751, 0.470943, -0.305565, -0.118618]
[-0.303181, -0.257751, 0.471764, -0.30451, -0.118639]
[-0.303095, -0.257743, 0.471444, -0.308208, -0.118557]
[-0.303093, -0.257749, 0.471411, -0.305063, -0.118657]
[-0.303236, -0.257748, 0.471147, -0.305443, -0.118655]
[-0.303233, -0.257748, 0.471526, -0.307605, -0.118531]
[-0.303068, -0.257746, 0.471268, -0.308798, -0.118603]
[-0.302942, -0.257745, 0.47088, -0.305196, -0.118611]
[-0.303173, -0.257742, 0.471675, -0.307623, -0.118631]
[-0.302934, -0.257743, 0.471058, -0.30759, -0.118574]
[-0.30295, -0.257745, 0.471628, -0.308687, -0.118539]
[-0.30326, -0.257748, 0.471255, -0.306636, -0.118587]
[-0.303064, -0.257743, 0.47202, -0.307314, -0.118567]
[-0.303064, -0.257744, 0.47163, -0.304584, -0.118583]
[-0.303013, -0.257752, 0.47127, -0.304757, -0.118566]
[-0.303212, -0.257744, 0.471041, -0.309345, -0.118601]
[-0.302969, -0.257741, 0.471581, -0.304524, -0.118628]
[-0.303006, -0.257744, 0.471868, -0.305648, -0.118612]
[-0.302996, -0.257747, 0.471605, -0.305741, -0.118613]
[-0.30303, -0.257749, 0.471188, -0.307618, -0.118572]
[-0.303001, -0.257752, 0.471295, -0.305937, -0.118535]
[-0.303249, -0.257745, 0.470671, -0.304463, -0.118591]
[-0.302989, -0.257748, 0.471672, -0.305491, -0.118545]
[-0.303072, -0.257746, 0.471439, -0.30428, -0.118673]
[-0.303223, -0.257744, 0.471873, -0.304847, -0.118662]
[-0.303278, -0.257743, 0.470783, -0.307589, -0.118643]
[-0.30297, -0.257748, 0.470868, -0.308456, -0.118532]
[-0.303207, -0.257749, 0.470801, -0.308483, -0.118666]
[-0.303162, -0.257747, 0.471804, -0.30464, -0.118544]
[-0.303176, -0.257742, 0.47197, -0.306754, -0.118538]
[-0.303164, -0.257742, 0.472013, -0.308643, -0.11855]
[-0.302945, -0.257746, 0.470991, -0.304361, -0.118646]
[-0.303301, -0.257745, 0.471804, -0.30471, -0.118608]
[-0.303109, -0.257752, 0.470717, -0.309168, -0.118674]
[-0.302991, -0.257748, 0.470834, -0.304634, -0.118532]
[-0.303059, -0.257744, 0.47166, -0.30607, -0.118669]
[-0.303016, -0.257748, 0.471777, -0.305261, -0.118544]
[-0.303021, -0.257745, 0.471052, -0.307354, -0.118648]
[-0.303116, -0.257749, 0.47187, -0.308898, -0.118633]
[-0.303129, -0.257741, 0.47072, -0.308241, -0.118535]
[-0.303274, -0.257751, 0.470868, -0.309268, -0.118527]
[-0.303057, -0.257745, 0.471315, -0.306708, -0.118528]
[-0.303139, -0.257745, 0.471163, -0.304446, -0.118571]
[-0.302922, -0.257748, 0.471436, -0.304192, -0.118677]
[-0.303303, -0.257749, 0.470816, -0.308234, -0.118671]
[-0.302943, -0.257744, 0.471316, -0.308736, -0.118546]
[-0.303113, -0.257742, 0.471115, -0.309339, -0.118578]
[-0.303268, -0.257744, 0.470647, -0.306366, -0.118535]
[-0.302985, -0.257747, 0.471774, -0.308844, -0.118567]
[-0.302923, -0.257741, 0.47112, -0.307723, -0.118664]
[-0.303136, -0.257746, 0.471036, -0.307529, -0.11856]
[-0.303291, -0.257743, 0.471847, -0.305909, -0.118675]
[-0.303183, -0.257742, 0.472041, -0.305046, -0.118531]
[-0.303009, -0.257746, 0.471523, -0.309284, -0.118593]
[-0.302934, -0.257741, 0.471923, -0.307766, -0.118652]
[-0.303035, -0.257742, 0.472008, -0.307576, -0.118571]
[-0.303285, -0.257744, 0.47132, -0.306664, -0.11852]
[-0.303097, -0.257751, 0.471677, -0.304736, -0.1186]
[-0.303178, -0.257744, 0.470829, -0.305768, -0.11862]
[-0.303002, -0.257752, 0.471845, -0.304912, -0.118604]
[-0.303193, -0.257747, 0.471983, -0.304194, -0.11855]
[-0.302954, -0.257745, 0.471245, -0.307568, -0.118661]
[-0.303242, -0.257748, 0.471562, -0.304291, -0.118594]
[-0.303247, -0.257747, 0.471043, -0.306081, -0.118526]
[-0.303277, -0.257751, 0.471802, -0.308605, -0.118624]
[-0.303002, -0.257742, 0.47064, -0.307442, -0.118535]
[-0.303128, -0.257746, 0.471771, -0.308368, -0.118596]
[-0.303221, -0.257752, 0.470877, -0.306796, -0.118534]
[-0.303284, -0.257747, 0.47171, -0.309009, -0.118578]
[-0.303209, -0.257744, 0.470651, -0.309242, -0.118638]
[-0.302978, -0.257752, 0.47064, -0.306775, -0.11863]
[-0.303098, -0.257746, 0.47148, -0.30838, -0.118517]
[-0.302942, -0.257744, 0.47127, -0.308809, -0.11853]
[-0.303151, -0.257744, 0.471962, -0.304703, -0.118566]
[-0.302977, -0.257746, 0.471429, -0.305888, -0.118622]
[-0.303167, -0.257748, 0.471199, -0.304926, -0.118528]
[-0.30296, -0.257747, 0.471311, -0.308464, -0.118551]
[-0.30293, -0.257748, 0.471649, -0.309303, -0.11855]
[-0.30307, -0.257751, 0.47178, -0.308043, -0.118649]
[-0.303044, -0.25775, 0.471636, -0.305857, -0.118666]
[-0.303184, -0.257744, 0.471377, -0.308504, -0.118572]
[-0.303211, -0.257748, 0.471377, -0.308022, -0.118643]
[-0.303251, -0.257746, 0.471482, -0.305255, -0.118602]
[-0.303162, -0.25775, 0.471444, -0.304935, -0.118642]
[-0.303036, -0.257745, 0.471161, -0.306603, -0.11866]
[-0.303, -0.257747, 0.471221, -0.304531, -0.118545]
[-0.302966, -0.257748, 0.471253, -0.304634, -0.118563]
[-0.303232, -0.257752, 0.471571, -0.305945, -0.118613]
[-0.303052, -0.257743, 0.471615, -0.304774, -0.118557]
[-0.302938, -0.257747, 0.471282, -0.306637, -0.118563]
[-0.303162, -0.257749, 0.471326, -0.305221, -0.118519]
[-0.302983, -0.257751, 0.471371, -0.305538, -0.118675]
[-0.303209, -0.257751, 0.47167, -0.308478, -0.118557]
[-0.303275, -0.257742, 0.471243, -0.304754, -0.118654]
[-0.303273, -0.257748, 0.470716, -0.306205, -0.11866]
[-0.302955, -0.257744, 0.471909, -0.306074, -0.118601]
[-0.303078, -0.257749, 0.471409, -0.309046, -0.118652]
[-0.303267, -0.257744, 0.470943, -0.308491, -0.118544]
[-0.302949, -0.257745, 0.470676, -0.306453, -0.118584]
[-0.303109, -0.257742, 0.47163, -0.309356, -0.118661]
[-0.303114, -0.257743, 0.470677, -0.308628, -0.118575]
[-0.302934, -0.257742, 0.472029, -0.304961, -0.118613]
[-0.303139, -0.257746, 0.471422, -0.30706, -0.118644]
[-0.302971, -0.25775, 0.471924, -0.307486, -0.118554]
[-0.303113, -0.257747, 0.471939, -0.309384, -0.118562]
[-0.303111, -0.257744, 0.471725, -0.306117, -0.118645]
[-0.30323, -0.257744, 0.471505, -0.309236, -0.118669]
[-0.303192, -0.257745, 0.471507, -0.308981, -0.118561]
[-0.303078, -0.257742, 0.471879, -0.306848, -0.118521]
[-0.303023, -0.25775, 0.471786, -0.309231, -0.118654]
[-0.303167, -0.257747, 0.471827, -0.30843, -0.118571]
[-0.303237, -0.257741, 0.470725, -0.306753, -0.118573]
[-0.303209, -0.257746, 0.471945, -0.304287, -0.11865]
[-0.303164, -0.257742, 0.471016, -0.307464, -0.118544]
[-0.30328, -0.257749, 0.470638, -0.307584, -0.118574]
[-0.303113, -0.257746, 0.471272, -0.305655, -0.11865]
[-0.303277, -0.257751, 0.471731, -0.304555, -0.118521]
[-0.303031, -0.257748, 0.4708, -0.305635, -0.118646]
[-0.303133, -0.257742, 0.470684, -0.308464, -0.118631]
[-0.303226, -0.257748, 0.471364, -0.308677, -0.118547]
[-0.303201, -0.257748, 0.470623, -0.304454, -0.118632]
[-0.302961, -0.257749, 0.470998, -0.307875, -0.118665]
[-0.302945, -0.257748, 0.471821, -0.308451, -0.118617]
[-0.303136, -0.257749, 0.471342, -0.305546, -0.118649]
[-0.303162, -0.257741, 0.470836, -0.308774, -0.118544]
[-0.303201, -0.257748, 0.470606, -0.307222, -0.118618]
[-0.303169, -0.257744, 0.471839, -0.305954, -0.118611]
[-0.30295, -0.257751, 0.471437, -0.307471, -0.118646]
[-0.302977, -0.257747, 0.471536, -0.309192, -0.118577]
[-0.30299, -0.257742, 0.470686, -0.305171, -0.11865]
[-0.30305, -0.257744, 0.470618, -0.308985, -0.118662]
[-0.302973, -0.257751, 0.470941, -0.308275, -0.118584]
[-0.302985, -0.257744, 0.471195, -0.309087, -0.118671]
[-0.303202, -0.257747, 0.471262, -0.30434, -0.11857]
[-0.303076, -0.25775, 0.471098, -0.308426, -0.118573]
[-0.303007, -0.25775, 0.471461, -0.305174, -0.118655]
[-0.303058, -0.257742, 0.471195, -0.304232, -0.118613]
[-0.302997, -0.257742, 0.470785, -0.308417, -0.118535]
[-0.303106, -0.257741, 0.470652, -0.307144, -0.118609]
[-0.303063, -0.257742, 0.470837, -0.30734, -0.118576]
[-0.303205, -0.257743, 0.471734, -0.309071, -0.118564]
[-0.303025, -0.257748, 0.471133, -0.308995, -0.118611]
[-0.303173, -0.257745, 0.470993, -0.304943, -0.118617]
[-0.303032, -0.257744, 0.471301, -0.304679, -0.118606]
[-0.303109, -0.257749, 0.471842, -0.307465, -0.118589]
[-0.303272, -0.257748, 0.47182, -0.305981, -0.11855]
[-0.303275, -0.257743, 0.470921, -0.304858, -0.118566]
[-0.303071, -0.257749, 0.471456, -0.308032, -0.118661]
[-0.303129, -0.257742, 0.471953, -0.306017, -0.1186]
[-0.303173, -0.257746, 0.471125, -0.308623, -0.118598]
[-0.303126, -0.257744, 0.471066, -0.306506, -0.11857]
[-0.303204, -0.257742, 0.470841, -0.304721, -0.118592]
[-0.302994, -0.257751, 0.470642, -0.309344, -0.118539]
[-0.303032, -0.257743, 0.471243, -0.307553, -0.118676]
[-0.303192, -0.257741, 0.470802, -0.308246, -0.118573]
[-0.303139, -0.25775, 0.47122, -0.306763, -0.118548]
[-0.302976, -0.257744, 0.471105, -0.308384, -0.118583]
[-0.303256, -0.257747, 0.471159, -0.308256, -0.118565]
[-0.302926, -0.257748, 0.470963, -0.30577, -0.118635]
[-0.302927, -0.25775, 0.47164, -0.308886, -0.118675]
[-0.302921, -0.25775, 0.47111, -0.304807, -0.118555]
[-0.303276, -0.257746, 0.471599, -0.30798, -0.118607]
[-0.303263, -0.257748, 0.470796, -0.309349, -0.118535]
[-0.303194, -0.257751, 0.471318, -0.307847, -0.118614]
[-0.302985, -0.25775, 0.471471, -0.306285, -0.11862]
[-0.303227, -0.257744, 0.47185, -0.304912, -0.118572]
[-0.302932, -0.257743, 0.47068, -0.307128, -0.118559]
[-0.302949, -0.257748, 0.470825, -0.308082, -0.11865]
[-0.303086, -0.257752, 0.471523, -0.308621, -0.118522]
[-0.303087, -0.257743, 0.471526, -0.304363, -0.118651]
[-0.303243, -0.25775, 0.47071, -0.304243, -0.118565]
[-0.30307, -0.257745, 0.47126, -0.305495, -0.118552]
[-0.303176, -0.257744, 0.471013, -0.306959, -0.118532]
[-0.303015, -0.257751, 0.470886, -0.305784, -0.11865]
[-0.30321, -0.257748, 0.471185, -0.304503, -0.11866]
[-0.302964, -0.257745, 0.471576, -0.304624, -0.118533]
[-0.303063, -0.257749, 0.471884, -0.304904, -0.118605]
[-0.302982, -0.257743, 0.470903, -0.309395, -0.118658]
[-0.303227, -0.257746, 0.4713, -0.306634, -0.118569]
[-0.303205, -0.257747, 0.471011, -0.307021, -0.118626]
[-0.302942, -0.257745, 0.471484, -0.308256, -0.118659]
[-0.303051, -0.257743, 0.471042, -0.309376, -0.118652]
[-0.303017, -0.257742, 0.470609, -0.306475, -0.118659]
[-0.303064, -0.257751, 0.471202, -0.309389, -0.118631]
[-0.303196, -0.257747, 0.47157, -0.305953, -0.118653]
[-0.302937, -0.257745, 0.471985, -0.308127, -0.118614]
[-0.303115, -0.257749, 0.471238, -0.308698, -0.118536]
[-0.302985, -0.257749, 0.470789, -0.30877, -0.118519]
[-0.303008, -0.257745, 0.471235, -0.305508, -0.118557]
[-0.302929, -0.257748, 0.470655, -0.305466, -0.118604]
[-0.303052, -0.257747, 0.471446, -0.306138, -0.118613]
[-0.303242, -0.257743, 0.471813, -0.308062, -0.11855]
[-0.303144, -0.257746, 0.471328, -0.308744, -0.118591]
[-0.303183, -0.257742, 0.472, -0.306566, -0.11854]
[-0.303299, -0.257742, 0.471113, -0.307193, -0.118635]
[-0.303003, -0.257743, 0.471483, -0.307522, -0.118634]
[-0.302968, -0.257743, 0.471021, -0.308269, -0.118534]
[-0.303229, -0.257744, 0.471231, -0.308415, -0.118605]
[-0.302994, -0.257743, 0.471434, -0.306086, -0.118572]
[-0.303167, -0.257746, 0.471351, -0.307182, -0.118573]
[-0.303191, -0.257744, 0.471201, -0.305298, -0.118663]
[-0.302926, -0.257743, 0.470672, -0.304606, -0.118673]
[-0.303279, -0.257742, 0.471517, -0.306441, -0.11856]
[-0.303231, -0.257742, 0.470762, -0.307749, -0.118538]
[-0.303074, -0.257748, 0.471438, -0.306359, -0.118603]
[-0.303234, -0.257751, 0.471065, -0.305822, -0.118565]
[-0.302998, -0.25775, 0.471518, -0.309145, -0.11855]
[-0.303137, -0.257745, 0.470982, -0.308873, -0.118553]
[-0.303293, -0.257746, 0.470749, -0.308296, -0.118619]
[-0.303005, -0.257751, 0.471453, -0.308428, -0.118661]
[-0.303112, -0.257748, 0.471089, -0.307947, -0.11858]
[-0.303243, -0.257743, 0.471775, -0.308488, -0.118526]
[-0.302939, -0.257746, 0.47076, -0.306791, -0.118565]
[-0.303291, -0.257741, 0.471852, -0.308305, -0.118524]
[-0.303085, -0.257745, 0.47117, -0.307399, -0.118655]
[-0.303207, -0.257742, 0.470792, -0.308917, -0.118629]
[-0.302985, -0.257744, 0.471381, -0.306399, -0.11858]
[-0.303159, -0.257745, 0.470741, -0.309082, -0.118645]
[-0.303054, -0.257745, 0.470848, -0.308767, -0.118538]
[-0.303219, -0.257746, 0.470824, -0.308929, -0.118584]
[-0.30292, -0.257744, 0.470641, -0.309259, -0.118665]
[-0.303182, -0.257743, 0.471739, -0.304369, -0.1186]
[-0.303158, -0.257747, 0.471624, -0.306439, -0.118551]
[-0.303122, -0.257747, 0.471611, -0.305107, -0.11854]
[-0.30322, -0.25775, 0.471906, -0.308015, -0.118525]
[-0.3031, -0.257748, 0.471602, -0.306467, -0.118523]
[-0.303001, -0.257743, 0.471167, -0.30777, -0.118609]
[-0.303213, -0.257746, 0.471674, -0.308554, -0.118609]
[-0.302977, -0.257749, 0.471794, -0.306829, -0.118536]
[-0.302936, -0.257743, 0.47125, -0.305377, -0.118594]
[-0.303249, -0.25775, 0.471839, -0.306123, -0.118658]
[-0.303238, -0.257743, 0.471665, -0.30452, -0.118676]
[-0.303079, -0.257746, 0.470931, -0.306294, -0.118644]
[-0.303001, -0.257741, 0.471106, -0.304992, -0.11865]
[-0.303097, -0.257748, 0.471809, -0.30831, -0.118533]
[-0.303075, -0.257746, 0.471186, -0.30685, -0.118609]
[-0.302985, -0.25775, 0.471108, -0.308875, -0.118576]
[-0.30301, -0.257743, 0.471109, -0.308667, -0.118523]
[-0.303128, -0.257744, 0.47192, -0.305287, -0.118535]
[-0.303222, -0.25775, 0.471052, -0.304321, -0.118542]
[-0.302921, -0.257745, 0.471901, -0.30833, -0.118617]
[-0.303123, -0.257747, 0.470649, -0.308243, -0.118535]
[-0.303047, -0.257742, 0.47153, -0.306965, -0.118644]
[-0.303094, -0.257742, 0.47089, -0.309316, -0.118627]
[-0.303097, -0.257751, 0.4714, -0.308164, -0.11858]
[-0.303053, -0.257748, 0.471606, -0.30515, -0.118628]
[-0.303018, -0.257747, 0.471444, -0.308332, -0.118574]
[-0.303035, -0.257751, 0.47192, -0.30497, -0.118575]
[-0.303241, -0.257747, 0.471968, -0.304212, -0.118656]
[-0.303, -0.257746, 0.471137, -0.304524, -0.118574]
[-0.303289, -0.257742, 0.471747, -0.306467, -0.118541]
[-0.303136, -0.257745, 0.471344, -0.305506, -0.118647]
[-0.303028, -0.257748, 0.47154, -0.307284, -0.118599]
[-0.303184, -0.257741, 0.471752, -0.308289, -0.118519]
[-0.303275, -0.257744, 0.471565, -0.307662, -0.118625]
[-0.30311, -0.257751, 0.471431, -0.305286, -0.118583]
[-0.302958, -0.257744, 0.470655, -0.307685, -0.118552]
[-0.303114, -0.257745, 0.470876, -0.308929, -0.118566]
[-0.303117, -0.257746, 0.470978, -0.308518, -0.118589]
[-0.303231, -0.257743, 0.471012, -0.30662, -0.118537]
[-0.303042, -0.257752, 0.471413, -0.304464, -0.118633]
[-0.303004, -0.25775, 0.470608, -0.30609, -0.118615]
[-0.303218, -0.257746, 0.471262, -0.307192, -0.11862]
[-0.303113, -0.257749, 0.470915, -0.304814, -0.118544]
[-0.30292, -0.257742, 0.470645, -0.307161, -0.118665]
[-0.302944, -0.257751, 0.471754, -0.30533, -0.118554]
[-0.303146, -0.257747, 0.471117, -0.304447, -0.118549]
[-0.303225, -0.257752, 0.470618, -0.308829, -0.118584]
[-0.302975, -0.257745, 0.470822, -0.304953, -0.118672]
[-0.303183, -0.257746, 0.470865, -0.306966, -0.118594]
[-0.302965, -0.257745, 0.471902, -0.308163, -0.118609]
[-0.303028, -0.257743, 0.471911, -0.309397, -0.118625]
[-0.303257, -0.25775, 0.471422, -0.308464, -0.118642]
[-0.302935, -0.257747, 0.470724, -0.309355, -0.118569]
[-0.30311, -0.257749, 0.47137, -0.308886, -0.118529]
[-0.30308, -0.257748, 0.470635, -0.308904, -0.11863]
[-0.303152, -0.257745, 0.470767, -0.304874, -0.118674]
[-0.303052, -0.257743, 0.470616, -0.304924, -0.118658]
[-0.303153, -0.257745, 0.471354, -0.305301, -0.118643]
[-0.303005, -0.257742, 0.471721, -0.307664, -0.118528]
[-0.303034, -0.257744, 0.470717, -0.308621, -0.118665]
[-0.302993, -0.257749, 0.470815, -0.309005, -0.118616]
[-0.303197, -0.257743, 0.471253, -0.30727, -0.118573]
[-0.30313, -0.25775, 0.471779, -0.307656, -0.118573]
[-0.303025, -0.257742, 0.471775, -0.306193, -0.118548]
[-0.30328, -0.257751, 0.471151, -0.305025, -0.118641]
[-0.303121, -0.257746, 0.471105, -0.304565, -0.118608]
[-0.303097, -0.257747, 0.47172, -0.307179, -0.118535]
[-0.303028, -0.257748, 0.471041, -0.308305, -0.11857]
[-0.303256, -0.25775, 0.470841, -0.307357, -0.118606]
[-0.303282, -0.257746, 0.471164, -0.307727, -0.118519]
[-0.302998, -0.257751, 0.471911, -0.307513, -0.118526]
[-0.303272, -0.257742, 0.471141, -0.306295, -0.118604]
[-0.303231, -0.257749, 0.470958, -0.306422, -0.118523]
[-0.303171, -0.257742, 0.471245, -0.304518, -0.118522]
[-0.303087, -0.257744, 0.470811, -0.305547, -0.118547]
[-0.30301, -0.25775, 0.470712, -0.305541, -0.118541]
[-0.302929, -0.257745, 0.470994, -0.309383, -0.118534]
[-0.303203, -0.257749, 0.471688, -0.309314, -0.118582]
[-0.303242, -0.257746, 0.47198, -0.308016, -0.118643]
[-0.303111, -0.257744, 0.471581, -0.309233, -0.118636]
[-0.302955, -0.257748, 0.471116, -0.307887, -0.118546]
[-0.303017, -0.257744, 0.472029, -0.304936, -0.1186]
[-0.303198, -0.257743, 0.470772, -0.308283, -0.118648]
[-0.302924, -0.257748, 0.470672, -0.305706, -0.118527]
[-0.303187, -0.257751, 0.47119, -0.305847, -0.118615]
[-0.303026, -0.257743, 0.471592, -0.306473, -0.118599]
[-0.30292, -0.257747, 0.471042, -0.306357, -0.118633]
[-0.303141, -0.25775, 0.471769, -0.30872, -0.118547]
[-0.303268, -0.257742, 0.471182, -0.304965, -0.118646]
[-0.303015, -0.257749, 0.471568, -0.306223, -0.11862]
[-0.303261, -0.257752, 0.471193, -0.307306, -0.118517]
[-0.30328, -0.257752, 0.471229, -0.306009, -0.118609]
[-0.302959, -0.257749, 0.471917, -0.304329, -0.118533]
[-0.303057, -0.25775, 0.470865, -0.305801, -0.118627]
[-0.303075, -0.257751, 0.470842, -0.306904, -0.118656]
[-0.303285, -0.257747, 0.471171, -0.306175, -0.118631]
[-0.303081, -0.257741, 0.471415, -0.305504, -0.118552]
[-0.3033, -0.25775, 0.471705, -0.304381, -0.118541]
[-0.303165, -0.257744, 0.47167, -0.306862, -0.118632]
[-0.302937, -0.257746, 0.470939, -0.308989, -0.118525]
[-0.303056, -0.257744, 0.471788, -0.306012, -0.118575]
[-0.303198, -0.257749, 0.471743, -0.307784, -0.118583]
[-0.302966, -0.257749, 0.471387, -0.306179, -0.118558]
[-0.302947, -0.257748, 0.471, -0.307745, -0.118537]
[-0.303143, -0.257744, 0.47079, -0.307193, -0.118601]
[-0.303051, -0.257743, 0.47164, -0.308351, -0.118615]
[-0.303128, -0.257749, 0.470751, -0.304551, -0.1186]
[-0.303062, -0.257748, 0.471165, -0.305666, -0.11858]
[-0.303183, -0.257742, 0.470802, -0.308675, -0.118647]
[-0.30315, -0.257743, 0.471243, -0.305616, -0.11856]
[-0.303182, -0.257746, 0.470854, -0.307011, -0.118602]
[-0.303102, -0.257746, 0.471329, -0.305406, -0.11853]
[-0.303299, -0.257747, 0.471663, -0.306268, -0.118615]
[-0.302965, -0.257746, 0.471668, -0.30526, -0.118518]
[-0.303245, -0.257743, 0.47103, -0.305155, -0.118639]
[-0.303183, -0.257741, 0.47133, -0.308046, -0.118547]
[-0.303058, -0.257746, 0.470703, -0.30655, -0.118614]
[-0.302955, -0.257746, 0.4719, -0.305917, -0.118543]
[-0.303284, -0.25775, 0.471541, -0.306802, -0.11854]
[-0.303111, -0.25775, 0.471575, -0.307283, -0.118593]
[-0.303241, -0.257747, 0.470667, -0.306368, -0.118547]
[-0.303182, -0.257746, 0.471564, -0.304641, -0.118568]
[-0.303243, -0.257745, 0.47133, -0.305551, -0.118567]
[-0.303068, -0.257752, 0.471343, -0.308442, -0.118537]
[-0.303197, -0.257744, 0.470902, -0.304951, -0.118647]
[-0.303114, -0.257748, 0.470728, -0.307609, -0.11853]
[-0.303015, -0.257752, 0.471868, -0.308784, -0.11859]
[-0.302951, -0.25775, 0.470745, -0.30918, -0.118524]
[-0.303024, -0.257744, 0.471747, -0.3091, -0.118614]
[-0.302984, -0.257742, 0.470619, -0.30894, -0.118542]
[-0.303284, -0.25775, 0.471791, -0.305469, -0.118597]
[-0.303296, -0.257746, 0.471051, -0.305946, -0.118672]
[-0.303029, -0.257742, 0.472001, -0.30662, -0.118643]
[-0.303225, -0.257743, 0.470641, -0.309062, -0.118668]
[-0.303149, -0.257744, 0.471515, -0.308397, -0.118529]
[-0.303061, -0.257744, 0.470981, -0.307185, -0.118551]
[-0.303141, -0.257749, 0.470773, -0.309093, -0.118579]
[-0.303136, -0.257745, 0.471157, -0.307809, -0.118675]
[-0.303099, -0.257745, 0.470747, -0.30563, -0.118604]
[-0.302995, -0.257746, 0.471007, -0.306768, -0.118633]
[-0.30319, -0.257745, 0.472006, -0.306658, -0.118577]
[-0.303282, -0.257749, 0.470962, -0.308106, -0.118599]
[-0.302977, -0.257743, 0.471429, -0.305488, -0.118636]
[-0.303156, -0.257741, 0.470895, -0.307455, -0.118556]
[-0.303164, -0.257747, 0.47084, -0.3089, -0.118556]
[-0.302923, -0.257747, 0.470732, -0.305878, -0.118612]
[-0.302947, -0.257747, 0.470689, -0.308643, -0.118528]
[-0.303095, -0.257746, 0.4718, -0.307144, -0.118593]
[-0.303224, -0.257751, 0.47124, -0.304923, -0.118575]
[-0.303033, -0.257742, 0.471215, -0.305469, -0.11858]
[-0.303042, -0.257742, 0.471123, -0.305473, -0.118546]
[-0.303043, -0.257747, 0.470983, -0.304428, -0.118608]
[-0.303079, -0.257749, 0.470792, -0.307305, -0.118578]
[-0.303296, -0.25775, 0.471446, -0.306141, -0.118665]
[-0.303178, -0.257748, 0.471496, -0.30519, -0.118583]
[-0.303042, -0.257752, 0.471324, -0.309106, -0.11862]
[-0.302993, -0.257744, 0.471381, -0.307234, -0.118599]
[-0.303202, -0.257742, 0.471408, -0.308703, -0.118652]
[-0.303143, -0.257746, 0.471682, -0.308606, -0.118656]
[-0.303294, -0.257745, 0.471321, -0.30708, -0.11852]
[-0.302949, -0.257742, 0.471761, -0.30508, -0.118625]
[-0.303298, -0.257751, 0.472006, -0.306439, -0.118626]
[-0.3033, -0.25775, 0.471414, -0.306938, -0.118569]
[-0.303121, -0.257751, 0.47163, -0.307024, -0.118551]
[-0.303071, -0.25775, 0.47151, -0.307215, -0.118625]
[-0.303144, -0.257743, 0.471344, -0.307005, -0.118667]
[-0.303225, -0.257752, 0.47081, -0.306017, -0.118522]
[-0.303065, -0.257751, 0.470851, -0.307931, -0.118586]
[-0.303048, -0.257741, 0.471701, -0.309322, -0.11855]
[-0.303152, -0.257747, 0.471506, -0.305684, -0.118567]
[-0.302951, -0.257746, 0.471653, -0.305327, -0.11865]
[-0.303269, -0.257744, 0.471361, -0.307388, -0.118596]
[-0.303022, -0.257745, 0.471633, -0.304311, -0.118637]
[-0.302982, -0.257752, 0.472024, -0.309011, -0.118607]
[-0.302982, -0.257746, 0.471258, -0.309082, -0.118651]
[-0.303155, -0.257743, 0.471901, -0.308688, -0.118605]
[-0.303203, -0.257743, 0.47098, -0.308765, -0.118565]
[-0.303296, -0.257745, 0.471191, -0.307334, -0.118578]
[-0.30313, -0.257751, 0.471672, -0.308614, -0.118595]
[-0.303079, -0.25775, 0.471799, -0.304264, -0.118559]
[-0.30318, -0.257747, 0.470853, -0.30493, -0.118644]
[-0.30319, -0.257744, 0.471293, -0.30928, -0.118564]
[-0.30295, -0.25775, 0.470735, -0.306726, -0.118578]
[-0.303279, -0.257741, 0.471106, -0.308982, -0.118609]
[-0.303131, -0.25775, 0.471123, -0.308351, -0.118558]
[-0.303256, -0.257745, 0.471559, -0.306221, -0.118525]
[-0.303023, -0.257749, 0.471999, -0.305494, -0.118638]
[-0.303107, -0.257742, 0.470847, -0.308982, -0.118602]
[-0.303092, -0.257749, 0.471965, -0.309061, -0.118618]
[-0.303185, -0.257746, 0.471457, -0.304787, -0.118538]
[-0.30294, -0.25775, 0.471618, -0.305324, -0.118574]
[-0.303264, -0.257742, 0.470793, -0.308114, -0.118588]
[-0.303166, -0.257747, 0.471394, -0.307996, -0.11859]
[-0.303278, -0.257746, 0.471331, -0.304657, -0.118564]
[-0.30303, -0.257748, 0.471592, -0.308118, -0.118551]
[-0.303238, -0.25775, 0.471943, -0.306386, -0.118578]
[-0.303121, -0.257748, 0.470903, -0.304399, -0.118675]
[-0.303285, -0.257745, 0.471755, -0.30913, -0.118549]
[-0.303221, -0.257743, 0.471782, -0.307613, -0.118586]
[-0.302942, -0.257745, 0.471568, -0.309144, -0.118536]
[-0.303289, -0.25775, 0.470862, -0.309208, -0.118627]
[-0.303263, -0.257744, 0.471692, -0.308764, -0.118642]
[-0.303051, -0.257748, 0.471617, -0.30831, -0.118532]
[-0.303049, -0.257747, 0.470785, -0.308706, -0.118623]
[-0.303146, -0.257743, 0.471253, -0.308037, -0.118645]
[-0.302955, -0.257751, 0.471785, -0.304542, -0.118578]
[-0.302963, -0.257745, 0.471559, -0.30686, -0.118554]
[-0.303174, -0.257741, 0.471262, -0.306697, -0.118601]
[-0.303265, -0.257748, 0.470851, -0.305631, -0.118677]
[-0.302959, -0.257743, 0.471659, -0.309261, -0.118626]
[-0.303045, -0.257751, 0.47095, -0.305248, -0.118658]
[-0.303301, -0.257741, 0.471701, -0.306684, -0.118607]
[-0.302968, -0.257749, 0.47105, -0.308807, -0.118519]
[-0.303112, -0.257749, 0.47172, -0.308713, -0.118569]
[-0.303033, -0.257748, 0.47186, -0.307132, -0.118596]
[-0.303052, -0.257747, 0.470725, -0.309267, -0.118597]
[-0.302995, -0.257741, 0.471265, -0.304389, -0.118529]
[-0.303157, -0.257744, 0.47188, -0.304612, -0.118556]
[-0.302921, -0.257742, 0.471745, -0.306714, -0.118674]
[-0.303149, -0.257751, 0.470935, -0.305018, -0.118586]
[-0.303295, -0.257748, 0.471381, -0.304857, -0.118546]
[-0.302978, -0.257747, 0.470769, -0.305317, -0.118647]
[-0.303271, -0.257751, 0.471695, -0.308561, -0.118548]
[-0.303063, -0.257751, 0.470603, -0.308669, -0.118528]
[-0.303121, -0.257748, 0.470604, -0.308908, -0.118527]
[-0.303143, -0.25775, 0.470605, -0.30883, -0.118525]
[-0.303232, -0.25775, 0.470604, -0.308787, -0.118585]
[-0.303026, -0.25775, 0.470618, -0.308924, -0.118528]
[-0.303187, -0.257749, 0.470602, -0.30894, -0.118561]
[-0.303128, -0.257751, 0.470606, -0.308937, -0.11854]
[-0.303093, -0.25775, 0.470618, -0.308897, -0.118563]
[-0.303284, -0.25775, 0.470616, -0.308753, -0.118553]
[-0.303219, -0.257749, 0.470602, -0.308917, -0.118564]
[-0.30321, -0.25775, 0.470618, -0.30873, -0.118526]
[-0.303079, -0.257749, 0.470603, -0.308779, -0.118577]
[-0.303229, -0.25775, 0.470615, -0.308945, -0.118554]
[-0.303004, -0.25775, 0.470605, -0.308684, -0.118584]
[-0.303163, -0.257749, 0.470618, -0.308736, -0.118521]
[-0.303183, -0.257749, 0.470614, -0.308726, -0.118522]
[-0.303206, -0.257751, 0.470612, -0.308761, -0.118568]
[-0.30294, -0.257749, 0.470602, -0.30868, -0.118539]
[-0.303265, -0.257751, 0.470615, -0.308827, -0.118569]
[-0.303097, -0.257749, 0.47062, -0.308801, -0.118573]
[-0.303265, -0.257748, 0.470611, -0.308786, -0.118541]
[-0.303092, -0.257749, 0.470603, -0.308939, -0.118576]
[-0.302937, -0.257749, 0.470619, -0.308876, -0.118533]
[-0.303103, -0.25775, 0.470608, -0.308798, -0.11852]
[-0.303253, -0.257751, 0.470607, -0.308771, -0.118571]
[-0.303099, -0.257749, 0.470612, -0.308681, -0.118545]
[-0.302929, -0.257749, 0.470603, -0.308743, -0.118541]
[-0.303299, -0.257751, 0.470604, -0.308918, -0.118584]
[-0.303267, -0.257749, 0.470613, -0.30881, -0.11853]
[-0.303193, -0.257749, 0.470619, -0.30883, -0.11856]
[-0.303098, -0.257751, 0.470613, -0.308939, -0.118566]
[-0.303081, -0.257751, 0.470606, -0.308704, -0.118557]
[-0.302979, -0.25775, 0.470609, -0.308846, -0.11852]
[-0.30313, -0.25775, 0.470613, -0.308708, -0.118534]
[-0.303128, -0.257752, 0.470611, -0.308841, -0.118521]
[-0.303263, -0.257751, 0.470602, -0.308741, -0.118563]
[-0.303142, -0.257748, 0.470608, -0.308882, -0.11855]
[-0.303026, -0.25775, 0.470615, -0.30894, -0.118521]
[-0.303041, -0.25775, 0.470619, -0.308933, -0.11858]
[-0.303055, -0.25775, 0.470613, -0.308714, -0.118557]
[-0.303215, -0.25775, 0.470616, -0.308917, -0.118572]
[-0.303202, -0.257752, 0.470608, -0.308792, -0.118531]
[-0.303298, -0.257748, 0.470607, -0.308893, -0.118523]
[-0.303094, -0.257751, 0.470605, -0.308713, -0.118543]
[-0.302948, -0.257751, 0.470604, -0.308903, -0.118566]
[-0.303118, -0.257751, 0.470619, -0.308895, -0.118562]
[-0.303245, -0.257748, 0.470604, -0.308867, -0.118523]
[-0.303209, -0.25775, 0.47061, -0.308761, -0.118586]
[-0.303051, -0.257752, 0.47061, -0.308955, -0.118573]
[-0.303142, -0.257748, 0.470609, -0.308685, -0.118524]
[-0.303178, -0.257752, 0.47061, -0.308673, -0.118526]
[-0.303109, -0.257749, 0.47062, -0.308729, -0.118529]
[-0.303095, -0.257752, 0.470605, -0.3089, -0.118557]
[-0.303203, -0.25775, 0.470615, -0.308912, -0.118575]
[-0.302934, -0.257751, 0.470601, -0.308712, -0.118536]
[-0.30297, -0.25775, 0.470608, -0.308824, -0.118554]
[-0.303185, -0.257751, 0.470609, -0.308743, -0.11856]
[-0.303046, -0.257749, 0.470608, -0.308864, -0.118563]
[-0.303297, -0.257748, 0.47062, -0.308776, -0.118536]
[-0.303301, -0.257752, 0.470612, -0.308787, -0.118556]
[-0.303214, -0.25775, 0.470602, -0.308674, -0.118577]
[-0.303149, -0.25775, 0.470612, -0.308739, -0.118547]
[-0.303187, -0.257749, 0.470607, -0.308707, -0.118529]
[-0.303273, -0.25775, 0.470606, -0.308706, -0.118548]
[-0.303226, -0.257751, 0.470618, -0.308719, -0.11857]
[-0.303076, -0.257752, 0.47062, -0.308686, -0.118519]
[-0.303046, -0.257752, 0.470613, -0.308786, -0.11856]
[-0.303039, -0.257748, 0.470606, -0.308803, -0.118546]
[-0.303109, -0.25775, 0.470611, -0.308945, -0.118548]
[-0.303029, -0.257751, 0.470612, -0.308667, -0.118549]
[-0.303052, -0.25775, 0.470613, -0.30876, -0.118557]
[-0.302923, -0.25775, 0.470611, -0.308953, -0.118551]
[-0.303197, -0.257752, 0.470617, -0.308905, -0.118562]
[-0.302966, -0.257749, 0.470618, -0.308901, -0.118584]
[-0.303026, -0.257749, 0.470617, -0.308864, -0.118583]
[-0.303077, -0.257749, 0.470616, -0.30874, -0.118556]
[-0.303263, -0.25775, 0.470608, -0.308842, -0.118561]
[-0.302945, -0.257748, 0.470603, -0.308883, -0.118561]
[-0.303263, -0.257748, 0.470604, -0.30886, -0.118544]
[-0.303156, -0.257749, 0.470615, -0.308754, -0.118534]
[-0.302981, -0.257751, 0.470615, -0.308716, -0.118521]
[-0.302977, -0.25775, 0.470616, -0.308898, -0.118523]
[-0.302962, -0.257748, 0.470609, -0.308721, -0.118531]
[-0.302934, -0.257749, 0.470615, -0.308931, -0.118585]
[-0.303291, -0.257749, 0.470617, -0.308777, -0.118562]
[-0.30313, -0.257748, 0.470606, -0.308938, -0.118552]
[-0.303258, -0.25775, 0.470614, -0.308726, -0.11857]
[-0.303122, -0.25775, 0.470604, -0.308824, -0.118521]
[-0.303121, -0.257751, 0.470618, -0.308962, -0.11858]
[-0.303247, -0.257752, 0.47061, -0.308909, -0.118548]
[-0.303097, -0.25775, 0.470603, -0.30889, -0.11857]
[-0.303075, -0.257752, 0.470606, -0.308687, -0.118583]
[-0.303298, -0.257748, 0.470608, -0.308765, -0.118529]
[-0.303196, -0.257749, 0.470612, -0.30873, -0.118575]
[-0.303141, -0.257751, 0.470615, -0.308674, -0.118555]
[-0.303222, -0.257749, 0.470605, -0.308826, -0.118573]
[-0.303039, -0.257752, 0.470601, -0.308793, -0.11857]
[-0.303138, -0.257749, 0.470614, -0.308772, -0.11853]
[-0.303235, -0.257751, 0.470602, -0.308851, -0.118535]
[-0.302997, -0.257748, 0.470612, -0.308684, -0.118571]
[-0.302948, -0.257752, 0.470606, -0.308876, -0.118581]
[-0.303289, -0.257749, 0.470605, -0.308712, -0.118529]
[-0.303106, -0.257749, 0.470607, -0.308919, -0.118567]
[-0.303204, -0.257751, 0.470606, -0.308958, -0.118522]
[-0.303048, -0.257749, 0.470602, -0.308925, -0.118555]
[-0.302959, -0.257752, 0.470611, -0.30877, -0.118583]
[-0.302931, -0.25775, 0.470615, -0.308732, -0.118551]
[-0.302991, -0.257751, 0.470608, -0.308804, -0.118585]
[-0.303109, -0.257751, 0.470608, -0.308724, -0.118573]
[-0.30311, -0.25775, 0.470612, -0.308892, -0.118522]
[-0.303094, -0.25775, 0.470614, -0.308762, -0.118538]
[-0.303299, -0.257749, 0.470609, -0.308745, -0.118532]
[-0.303267, -0.257751, 0.470607, -0.308756, -0.118582]
[-0.302919, -0.257752, 0.470613, -0.308787, -0.118579]
[-0.303244, -0.257749, 0.470603, -0.308674, -0.118535]
[-0.303181, -0.257749, 0.470612, -0.308806, -0.118521]
[-0.303284, -0.257749, 0.470616, -0.308685, -0.118561]
[-0.302964, -0.25775, 0.470607, -0.308705, -0.118541]
[-0.303006, -0.257748, 0.470607, -0.308748, -0.118568]
[-0.303259, -0.257752, 0.470608, -0.308663, -0.118572]
[-0.302956, -0.25775, 0.470608, -0.308779, -0.118533]
[-0.303057, -0.25775, 0.470618, -0.308953, -0.118565]
[-0.302956, -0.257751, 0.470603, -0.308726, -0.11856]
[-0.302962, -0.25775, 0.470618, -0.308693, -0.118518]
[-0.302955, -0.25775, 0.470613, -0.308823, -0.118529]
[-0.302938, -0.257748, 0.470603, -0.308664, -0.118539]
[-0.303103, -0.257748, 0.470603, -0.308861, -0.118579]
[-0.303291, -0.257751, 0.470605, -0.308796, -0.118559]
[-0.303169, -0.257752, 0.470605, -0.308765, -0.118558]
[-0.30303, -0.257752, 0.470605, -0.30875, -0.11855]
[-0.303039, -0.257752, 0.470619, -0.308718, -0.118517]
[-0.303301, -0.257752, 0.470616, -0.308672, -0.118572]
[-0.303272, -0.257748, 0.470617, -0.308805, -0.118546]
[-0.303234, -0.257751, 0.470617, -0.308938, -0.118572]
[-0.302983, -0.257749, 0.470606, -0.30888, -0.118585]
[-0.303067, -0.257749, 0.470615, -0.308809, -0.118553]
[-0.303123, -0.257749, 0.470606, -0.30873, -0.118562]
[-0.303095, -0.257749, 0.470603, -0.308811, -0.118557]
[-0.303071, -0.257751, 0.470619, -0.308943, -0.118552]
[-0.303062, -0.257748, 0.470607, -0.308873, -0.118527]
[-0.302986, -0.257749, 0.470618, -0.308665, -0.118572]
[-0.303233, -0.25775, 0.470607, -0.308754, -0.118568]
[-0.303109, -0.25775, 0.47062, -0.308905, -0.11856]
[-0.302968, -0.257748, 0.470609, -0.3089, -0.118578]
[-0.302936, -0.257751, 0.470612, -0.308873, -0.118552]
[-0.303063, -0.257749, 0.470616, -0.308843, -0.118566]
[-0.303163, -0.257751, 0.47061, -0.308836, -0.11855]
[-0.303144, -0.257749, 0.47061, -0.308822, -0.118536]
[-0.303044, -0.257751, 0.470602, -0.308898, -0.118574]
[-0.302983, -0.257752, 0.470607, -0.308895, -0.11852]
[-0.303088, -0.257751, 0.470603, -0.308788, -0.118533]
[-0.303138, -0.257752, 0.470612, -0.308766, -0.118573]
[-0.302975, -0.257749, 0.470603, -0.308827, -0.11855]
[-0.303058, -0.25775, 0.470604, -0.308724, -0.118555]
[-0.303049, -0.257751, 0.470619, -0.308664, -0.118541]
[-0.302998, -0.257749, 0.470612, -0.308712, -0.118554]
[-0.302978, -0.25775, 0.470614, -0.308782, -0.118584]
[-0.303282, -0.25775, 0.470607, -0.308754, -0.118531]
[-0.303117, -0.257748, 0.470607, -0.308932, -0.118584]
[-0.303275, -0.257748, 0.470621, -0.308688, -0.118586]
[-0.303296, -0.25775, 0.470608, -0.30888, -0.118528]
[-0.303226, -0.257749, 0.470613, -0.308816, -0.11854]
[-0.303029, -0.25775, 0.470606, -0.308694, -0.118538]
[-0.30315, -0.257749, 0.470618, -0.308792, -0.118578]
[-0.302942, -0.257749, 0.470606, -0.3089, -0.118566]
[-0.303075, -0.257751, 0.470601, -0.308773, -0.118537]
[-0.303208, -0.257751, 0.470603, -0.308754, -0.118569]
[-0.303121, -0.257749, 0.470611, -0.308745, -0.118585]
[-0.303079, -0.25775, 0.470614, -0.308906, -0.118532]
[-0.30301, -0.257751, 0.470603, -0.308814, -0.118521]
[-0.303112, -0.257749, 0.470606, -0.308886, -0.118558]
[-0.303007, -0.257749, 0.470618, -0.308835, -0.11857]
[-0.302936, -0.257748, 0.47062, -0.308698, -0.11857]
[-0.302925, -0.257748, 0.470604, -0.308785, -0.118552]
[-0.303157, -0.25775, 0.470604, -0.308718, -0.11852]
[-0.303238, -0.25775, 0.470606, -0.308955, -0.118522]
[-0.30313, -0.25775, 0.470609, -0.308712, -0.118537]
[-0.303053, -0.257751, 0.470608, -0.30894, -0.118562]
[-0.303023, -0.25775, 0.470609, -0.308738, -0.118555]
[-0.303069, -0.257749, 0.470613, -0.308843, -0.118542]
[-0.303049, -0.257752, 0.470617, -0.30877, -0.118523]
[-0.30292, -0.257749, 0.470613, -0.308695, -0.118581]
[-0.303085, -0.257751, 0.470615, -0.308879, -0.118586]
[-0.303179, -0.25775, 0.470615, -0.308851, -0.118574]
[-0.302933, -0.257748, 0.470609, -0.308757, -0.118569]
[-0.303181, -0.257749, 0.470617, -0.308665, -0.118562]
[-0.303301, -0.257752, 0.470607, -0.308824, -0.118554]
[-0.303162, -0.25775, 0.470615, -0.308817, -0.118575]
[-0.303033, -0.257749, 0.470607, -0.308878, -0.118578]
[-0.3031, -0.257749, 0.470608, -0.308837, -0.118561]
[-0.303097, -0.25775, 0.470609, -0.308799, -0.118547]
[-0.303097, -0.257748, 0.470611, -0.308789, -0.118549]
[-0.302995, -0.257751, 0.470612, -0.308837, -0.118559]
[-0.30308, -0.25775, 0.47062, -0.3088, -0.118583]
[-0.303236, -0.25775, 0.470613, -0.308685, -0.11858]
[-0.303079, -0.257749, 0.470601, -0.308755, -0.118561]
[-0.303256, -0.25775, 0.47062, -0.308883, -0.118565]
[-0.303064, -0.257751, 0.470614, -0.30868, -0.11857]
[-0.303041, -0.257748, 0.470602, -0.308859, -0.118522]
[-0.303099, -0.257749, 0.470606, -0.308679, -0.11856]
[-0.302979, -0.257749, 0.47062, -0.308843, -0.118533]
[-0.303199, -0.257749, 0.47061, -0.308942, -0.118554]
[-0.302998, -0.257749, 0.470603, -0.308708, -0.118586]
[-0.30318, -0.257751, 0.470612, -0.308771, -0.11855]
[-0.302929, -0.257749, 0.470618, -0.308688, -0.118556]
[-0.303266, -0.25775, 0.470611, -0.308805, -0.118539]
[-0.302982, -0.25775, 0.470606, -0.308843, -0.118544]
[-0.303064, -0.25775, 0.47061, -0.308748, -0.118548]
[-0.303014, -0.257749, 0.470605, -0.308741, -0.118559]
[-0.303284, -0.257751, 0.470612, -0.308796, -0.118537]
[-0.302984, -0.25775, 0.470611, -0.308858, -0.118554]
[-0.303148, -0.257749, 0.470614, -0.308933, -0.118585]
[-0.303109, -0.257748, 0.470601, -0.308758, -0.11854]
[-0.303133, -0.25775, 0.470603, -0.308678, -0.118577]
[-0.302948, -0.257752, 0.470609, -0.308808, -0.118544]
[-0.303077, -0.257749, 0.47062, -0.308732, -0.118565]
[-0.303278, -0.257749, 0.470616, -0.30868, -0.118536]
[-0.302921, -0.25775, 0.470613, -0.308874, -0.118567]
[-0.303114, -0.25775, 0.470612, -0.30895, -0.118537]
[-0.303096, -0.257749, 0.470615, -0.308821, -0.118582]
[-0.302975, -0.257752, 0.470605, -0.308778, -0.118524]
[-0.302954, -0.25775, 0.470612, -0.308958, -0.118584]
[-0.30321, -0.257751, 0.47062, -0.308935, -0.118555]
[-0.303294, -0.257752, 0.470616, -0.308828, -0.118522]
[-0.303192, -0.257751, 0.47061, -0.308939, -0.118525]
[-0.302993, -0.257752, 0.47062, -0.308752, -0.11854]
[-0.30293, -0.257752, 0.470613, -0.308703, -0.118541]
[-0.303054, -0.257751, 0.470619, -0.308921, -0.118531]
[-0.303125, -0.25775, 0.470616, -0.308881, -0.118577]
[-0.303207, -0.257752, 0.470619, -0.308823, -0.118532]
[-0.303277, -0.257751, 0.470615, -0.308784, -0.118544]
[-0.303177, -0.257751, 0.47062, -0.308896, -0.118556]
[-0.303166, -0.25775, 0.470617, -0.308754, -0.11855]
[-0.303046, -0.25775, 0.470616, -0.308742, -0.118586]
[-0.302989, -0.257748, 0.470608, -0.308723, -0.118542]
[-0.303142, -0.257749, 0.47061, -0.308858, -0.118573]
[-0.303221, -0.257749, 0.470616, -0.308941, -0.118529]
[-0.303051, -0.25775, 0.470615, -0.308933, -0.11854]
[-0.303073, -0.25775, 0.470601, -0.30891, -0.118529]
[-0.303047, -0.257749, 0.470608, -0.308946, -0.11853]
[-0.303296, -0.257749, 0.470612, -0.308935, -0.118585]
[-0.30313, -0.257751, 0.470613, -0.308691, -0.118559]
[-0.30311, -0.257749, 0.47061, -0.308684, -0.118557]
[-0.303086, -0.257751, 0.470605, -0.308896, -0.118529]
[-0.303168, -0.257751, 0.470617, -0.308718, -0.118524]
[-0.303122, -0.257749, 0.470617, -0.308876, -0.118575]
[-0.3032, -0.25775, 0.470617, -0.308757, -0.118533]
[-0.303162, -0.257749, 0.470611, -0.308814, -0.118555]
[-0.302937, -0.257748, 0.470612, -0.308756, -0.118578]
[-0.303269, -0.25775, 0.470611, -0.308813, -0.11858]
[-0.303257, -0.25775, 0.47062, -0.308782, -0.118535]
[-0.303094, -0.25775, 0.470621, -0.308704, -0.118557]
[-0.303059, -0.25775, 0.470612, -0.308912, -0.118531]
[-0.303254, -0.257751, 0.470616, -0.308689, -0.118563]
[-0.302996, -0.257751, 0.470619, -0.308795, -0.118522]
[-0.302959, -0.257751, 0.470611, -0.308763, -0.118551]
[-0.303119, -0.257751, 0.470615, -0.308815, -0.118529]
[-0.302922, -0.257751, 0.470615, -0.30874, -0.118539]
[-0.303061, -0.25775, 0.470613, -0.308878, -0.118522]
[-0.30292, -0.257751, 0.47061, -0.308787, -0.11858]
[-0.303105, -0.257751, 0.470605, -0.308956, -0.118582]
[-0.303199, -0.257752, 0.47062, -0.308687, -0.118539]
[-0.303116, -0.257751, 0.470613, -0.308749, -0.118561]
[-0.303021, -0.257749, 0.470609, -0.308916, -0.118518]
[-0.303078, -0.25775, 0.470611, -0.308775, -0.118548]
[-0.303202, -0.25775, 0.470604, -0.308829, -0.118533]
[-0.30309, -0.25775, 0.470603, -0.308817, -0.118564]
[-0.303176, -0.25775, 0.470616, -0.308926, -0.118573]
[-0.3031, -0.257751, 0.470604, -0.308895, -0.118583]
[-0.303205, -0.257751, 0.470607, -0.308835, -0.118581]
[-0.303165, -0.257752, 0.470621, -0.308874, -0.118534]
[-0.302946, -0.257749, 0.470617, -0.308729, -0.118539]
[-0.303033, -0.257749, 0.470607, -0.308807, -0.118567]
[-0.303084, -0.257749, 0.470616, -0.308794, -0.11857]
[-0.30325, -0.25775, 0.470614, -0.308879, -0.118562]
[-0.303253, -0.25775, 0.470605, -0.308903, -0.118553]
[-0.303061, -0.257749, 0.470616, -0.308818, -0.118524]
[-0.303255, -0.257749, 0.470616, -0.308937, -0.118561]
[-0.30317, -0.25775, 0.470612, -0.30889, -0.118568]
[-0.303205, -0.25775, 0.470603, -0.308667, -0.118541]
[-0.30294, -0.257752, 0.470606, -0.308958, -0.11858]
[-0.303267, -0.257749, 0.470605, -0.308761, -0.118563]
[-0.30306, -0.257748, 0.470618, -0.308875, -0.118561]
[-0.303302, -0.257752, 0.470604, -0.308861, -0.118547]
[-0.302991, -0.257749, 0.470605, -0.308921, -0.118535]
[-0.302982, -0.257751, 0.470609, -0.308771, -0.118574]
[-0.302951, -0.257751, 0.47062, -0.308778, -0.118577]
[-0.303276, -0.257751, 0.470617, -0.308918, -0.11856]
[-0.30309, -0.25775, 0.470608, -0.308858, -0.118536]
[-0.303256, -0.257749, 0.470613, -0.308697, -0.118521]
[-0.302993, -0.257749, 0.470606, -0.308839, -0.118533]
[-0.303203, -0.257752, 0.470604, -0.308881, -0.11858]
[-0.303214, -0.257752, 0.470607, -0.308951, -0.118563]
[-0.303121, -0.25775, 0.470601, -0.308812, -0.118519]
[-0.303154, -0.25775, 0.470619, -0.30883, -0.118534]
[-0.302948, -0.257749, 0.470614, -0.30896, -0.118527]
[-0.303202, -0.257749, 0.470607, -0.308762, -0.118584]
[-0.303216, -0.257751, 0.470611, -0.308663, -0.118564]
[-0.303254, -0.257752, 0.470615, -0.308715, -0.118529]
[-0.302955, -0.257751, 0.47061, -0.308922, -0.118558]
[-0.303051, -0.257752, 0.470611, -0.308828, -0.118582]
[-0.303156, -0.257751, 0.470607, -0.308919, -0.118538]
[-0.30298, -0.257751, 0.470605, -0.308677, -0.118555]
[-0.303269, -0.257751, 0.470609, -0.308685, -0.118579]
[-0.302925, -0.257751, 0.470605, -0.308877, -0.118578]
[-0.302966, -0.25775, 0.470604, -0.30895, -0.118545]
[-0.302961, -0.257749, 0.470616, -0.308929, -0.118544]
[-0.303219, -0.257749, 0.470619, -0.308781, -0.11855]
[-0.303123, -0.257748, 0.470619, -0.308714, -0.118567]
[-0.303203, -0.257752, 0.470607, -0.308884, -0.11858]
[-0.303283, -0.25775, 0.470618, -0.30871, -0.118523]
[-0.303034, -0.257749, 0.470606, -0.308716, -0.118562]
[-0.30327, -0.257752, 0.470616, -0.308813, -0.118575]
[-0.303244, -0.25775, 0.470616, -0.308775, -0.118537]
[-0.303052, -0.257749, 0.470618, -0.308768, -0.118554]
[-0.303146, -0.25775, 0.470619, -0.308921, -0.118524]
[-0.303203, -0.25775, 0.47062, -0.308894, -0.118529]
[-0.303187, -0.25775, 0.470616, -0.308664, -0.118584]
[-0.303302, -0.257748, 0.470604, -0.308741, -0.11858]
[-0.303114, -0.25775, 0.470614, -0.30882, -0.118527]
[-0.302936, -0.25775, 0.470604, -0.308844, -0.118561]
[-0.30292, -0.257752, 0.47062, -0.308742, -0.118518]
[-0.30327, -0.257749, 0.470601, -0.308742, -0.118518]
[-0.303036, -0.25775, 0.47062, -0.308868, -0.118519]
[-0.302948, -0.25775, 0.470603, -0.308674, -0.118533]
[-0.302925, -0.257751, 0.470612, -0.308786, -0.118558]
[-0.303235, -0.25775, 0.470609, -0.308737, -0.118585]
[-0.303079, -0.257752, 0.470609, -0.308721, -0.11852]
[-0.303078, -0.257752, 0.470613, -0.308684, -0.118534]
[-0.303033, -0.257748, 0.470602, -0.308719, -0.118527]
[-0.303198, -0.257748, 0.470607, -0.308691, -0.118575]
[-0.303075, -0.25775, 0.470602, -0.308724, -0.118522]
[-0.303188, -0.257751, 0.470611, -0.30882, -0.118564]
[-0.303115, -0.25775, 0.470609, -0.308954, -0.118527]
[-0.303167, -0.257752, 0.470606, -0.308925, -0.118575]
[-0.303087, -0.257748, 0.470618, -0.308666, -0.118553]
[-0.302974, -0.257749, 0.470609, -0.308916, -0.118558]
[-0.302926, -0.257749, 0.470611, -0.308858, -0.118522]
[-0.302937, -0.257749, 0.470611, -0.308772, -0.118529]
[-0.30321, -0.257749, 0.470616, -0.308912, -0.118581]
[-0.303009, -0.257752, 0.470603, -0.308815, -0.118571]
[-0.303091, -0.25775, 0.470603, -0.308791, -0.118532]
[-0.303099, -0.257751, 0.470616, -0.308705, -0.118552]
[-0.303035, -0.257751, 0.470619, -0.308883, -0.118545]
[-0.30324, -0.257752, 0.470601, -0.308808, -0.118549]
[-0.303132, -0.257749, 0.470604, -0.30894, -0.118534]
[-0.303274, -0.257749, 0.470615, -0.308941, -0.11853]
[-0.303042, -0.25775, 0.470606, -0.308826, -0.118529]
[-0.303016, -0.257749, 0.470604, -0.308742, -0.118519]
[-0.3031, -0.25775, 0.470605, -0.308844, -0.118541]
[-0.303246, -0.257752, 0.47062, -0.308769, -0.118576]
[-0.303057, -0.25775, 0.470602, -0.308762, -0.11855]
[-0.303126, -0.257749, 0.470616, -0.308685, -0.118538]
[-0.30302, -0.25775, 0.470619, -0.308932, -0.118517]
[-0.302983, -0.25775, 0.470612, -0.308842, -0.118559]
[-0.302972, -0.257749, 0.470618, -0.308662, -0.118577]
[-0.303239, -0.257751, 0.470612, -0.308904, -0.118564]
[-0.302928, -0.257748, 0.470603, -0.308664, -0.118558]
[-0.302928, -0.257749, 0.470609, -0.30887, -0.118536]
[-0.303243, -0.257748, 0.470606, -0.308747, -0.11855]
[-0.303128, -0.25775, 0.470608, -0.308835, -0.118585]
[-0.303114, -0.257751, 0.470616, -0.308909, -0.11854]
[-0.303061, -0.257751, 0.47061, -0.308714, -0.118562]
[-0.303137, -0.257751, 0.470604, -0.308963, -0.118569]
[-0.302997, -0.25775, 0.470616, -0.308946, -0.118546]
[-0.303065, -0.25775, 0.470618, -0.308823, -0.118526]
[-0.303274, -0.257751, 0.470609, -0.308876, -0.118584]
[-0.303211, -0.25775, 0.470602, -0.30896, -0.11857]
[-0.30301, -0.257748, 0.470621, -0.308817, -0.118583]
[-0.303019, -0.257751, 0.470612, -0.308857, -0.118562]
[-0.303272, -0.257749, 0.470617, -0.308699, -0.118544]
[-0.303238, -0.257751, 0.470614, -0.308896, -0.118521]
[-0.303235, -0.257751, 0.470606, -0.308862, -0.118546]
[-0.302984, -0.25775, 0.470613, -0.308916, -0.118533]
[-0.303232, -0.257748, 0.470603, -0.308869, -0.118531]
[-0.303176, -0.257749, 0.47061, -0.308774, -0.118553]
[-0.302953, -0.257751, 0.470618, -0.308694, -0.11857]
[-0.303061, -0.257749, 0.470603, -0.308963, -0.118527]
[-0.303102, -0.257748, 0.470607, -0.308739, -0.11857]
[-0.303144, -0.257751, 0.47061, -0.308903, -0.118565]
[-0.303078, -0.257751, 0.470615, -0.308947, -0.11856]
[-0.303289, -0.257752, 0.470609, -0.308703, -0.118572]
[-0.303189, -0.257748, 0.47061, -0.308765, -0.118567]
[-0.303179, -0.257748, 0.470602, -0.308801, -0.118518]
[-0.303166, -0.257751, 0.470607, -0.308688, -0.11852]
[-0.303051, -0.257752, 0.470618, -0.308762, -0.118567]
[-0.303213, -0.257749, 0.470619, -0.308816, -0.118564]
[-0.303022, -0.257752, 0.470602, -0.308893, -0.118545]
[-0.303208, -0.257748, 0.470617, -0.308956, -0.11854]
[-0.30324, -0.25775, 0.47062, -0.308774, -0.11856]
[-0.30292, -0.25775, 0.470603, -0.308761, -0.118541]
[-0.303147, -0.25775, 0.470615, -0.308753, -0.118571]
[-0.303082, -0.257752, 0.470604, -0.308748, -0.11855]
[-0.30296, -0.257749, 0.470612, -0.308855, -0.118549]
[-0.302989, -0.257748, 0.470616, -0.308949, -0.118544]
[-0.303108, -0.25775, 0.470604, -0.30875, -0.118551]
[-0.303276, -0.25775, 0.470613, -0.308743, -0.118541]
[-0.302979, -0.257751, 0.470603, -0.308747, -0.118529]
[-0.303217, -0.257749, 0.470608, -0.308707, -0.118549]
[-0.303019, -0.257751, 0.470602, -0.308743, -0.118582]
[-0.303107, -0.25775, 0.47061, -0.308876, -0.118527]
[-0.303079, -0.257752, 0.470602, -0.308722, -0.118548]
[-0.303046, -0.257749, 0.470618, -0.308726, -0.118573]
[-0.303016, -0.257751, 0.470616, -0.30869, -0.11856]
[-0.302926, -0.25775, 0.470603, -0.308896, -0.118534]
[-0.30299, -0.257751, 0.470608, -0.308858, -0.11855]
[-0.303083, -0.25775, 0.470607, -0.308759, -0.118559]
[-0.303093, -0.257749, 0.47061, -0.308838, -0.118556]
[-0.303031, -0.257748, 0.470609, -0.308784, -0.118527]
[-0.30314, -0.25775, 0.470616, -0.308852, -0.118583]
[-0.303042, -0.25775, 0.470617, -0.308808, -0.118518]
[-0.303089, -0.25775, 0.470601, -0.308836, -0.118583]
[-0.30318, -0.257749, 0.470616, -0.308957, -0.118565]
[-0.303282, -0.257749, 0.47061, -0.308729, -0.118568]
[-0.302925, -0.25775, 0.470605, -0.308825, -0.118578]
[-0.303257, -0.257749, 0.470619, -0.308948, -0.118546]
[-0.303157, -0.257752, 0.470611, -0.308927, -0.118557]
[-0.302971, -0.25775, 0.470608, -0.308824, -0.118555]
[-0.30312, -0.257749, 0.470617, -0.308879, -0.118537]
[-0.302967, -0.25775, 0.470618, -0.308896, -0.118524]
[-0.303128, -0.257748, 0.470604, -0.308789, -0.118523]
[-0.302986, -0.25775, 0.470605, -0.308929, -0.118565]
[-0.303063, -0.257748, 0.470601, -0.308885, -0.11853]
[-0.303064, -0.257749, 0.470603, -0.308723, -0.118579]
[-0.303175, -0.257752, 0.47061, -0.308788, -0.118564]
[-0.302974, -0.257749, 0.47062, -0.308813, -0.118538]
[-0.303242, -0.257748, 0.470606, -0.308909, -0.118542]
[-0.30306, -0.257748, 0.470602, -0.308894, -0.118583]
[-0.303081, -0.257751, 0.47061, -0.308729, -0.118559]
[-0.303175, -0.257749, 0.47062, -0.308947, -0.118523]
[-0.303115, -0.257752, 0.470607, -0.30891, -0.118547]
[-0.303137, -0.257751, 0.470618, -0.308741, -0.118546]
[-0.303222, -0.257752, 0.470612, -0.308808, -0.118585]
[-0.302934, -0.257748, 0.470602, -0.308818, -0.11857]
[-0.303209, -0.257752, 0.47061, -0.308844, -0.118518]
[-0.303061, -0.25775, 0.470615, -0.308884, -0.11856]
[-0.303116, -0.257752, 0.470621, -0.308933, -0.118524]
[-0.303109, -0.257752, 0.470604, -0.30875, -0.118579]
[-0.303013, -0.257749, 0.470601, -0.308946, -0.118563]
[-0.303055, -0.257751, 0.470609, -0.308836, -0.118586]
[-0.303278, -0.257749, 0.470619, -0.308961, -0.118566]
[-0.302941, -0.25775, 0.470603, -0.308859, -0.118523]
[-0.303171, -0.25775, 0.470616, -0.30896, -0.118533]
[-0.302942, -0.257749, 0.47061, -0.30887, -0.118517]
[-0.302931, -0.25775, 0.470601, -0.308697, -0.118572]
[-0.302933, -0.257748, 0.470616, -0.308829, -0.118519]
[-0.303288, -0.257751, 0.470612, -0.308798, -0.118586]
[-0.303075, -0.257751, 0.470619, -0.308807, -0.118567]
[-0.303261, -0.25775, 0.470617, -0.308755, -0.118532]
[-0.303146, -0.257749, 0.470615, -0.308933, -0.118582]
[-0.30329, -0.25775, 0.470607, -0.308685, -0.11858]
[-0.303239, -0.257751, 0.470618, -0.308689, -0.118585]
[-0.303236, -0.257749, 0.470608, -0.308676, -0.11858]
[-0.303288, -0.257749, 0.470618, -0.308671, -0.118581]
[-0.303302, -0.257748, 0.470612, -0.308685, -0.118581]
[-0.303275, -0.257748, 0.47061, -0.30867, -0.118579]
[-0.303245, -0.25775, 0.470613, -0.308704, -0.118577]
[-0.303257, -0.257749, 0.470609, -0.308695, -0.118578]
[-0.303268, -0.257749, 0.470618, -0.308696, -0.118583]
[-0.303255, -0.257752, 0.470609, -0.308695, -0.118581]
[-0.303294, -0.257751, 0.470609, -0.308671, -0.118585]
[-0.303301, -0.257749, 0.47061, -0.308692, -0.118584]
[-0.303269, -0.257751, 0.470614, -0.308699, -0.118586]
[-0.303286, -0.25775, 0.47062, -0.308677, -0.118581]
[-0.303238, -0.25775, 0.470611, -0.308663, -0.118581]
[-0.303277, -0.257751, 0.470619, -0.308712, -0.118582]
[-0.303294, -0.257749, 0.470611, -0.308705, -0.118579]
[-0.303254, -0.257752, 0.470608, -0.308684, -0.118585]
[-0.303294, -0.257748, 0.470617, -0.30871, -0.118579]
[-0.303301, -0.257751, 0.47062, -0.308698, -0.118579]
[-0.303237, -0.257749, 0.47061, -0.308699, -0.118581]
[-0.303293, -0.257751, 0.470613, -0.30867, -0.11858]
[-0.303292, -0.25775, 0.470621, -0.30867, -0.118579]
[-0.303237, -0.257749, 0.47062, -0.308685, -0.118582]
[-0.303275, -0.257752, 0.470618, -0.308685, -0.118582]
[-0.303298, -0.257752, 0.47061, -0.308702, -0.118582]
[-0.303234, -0.257751, 0.470612, -0.308694, -0.118584]
[-0.303277, -0.257751, 0.47061, -0.30867, -0.118585]
[-0.303272, -0.257749, 0.470607, -0.30867, -0.11858]
[-0.303252, -0.257749, 0.470615, -0.3087, -0.118578]
[-0.303292, -0.257748, 0.47062, -0.308702, -0.118581]
[-0.303268, -0.257751, 0.470612, -0.308703, -0.118579]
[-0.303291, -0.257752, 0.470613, -0.308692, -0.118582]
[-0.303288, -0.25775, 0.470613, -0.308665, -0.118578]
[-0.303254, -0.257749, 0.47062, -0.308663, -0.118583]
[-0.303269, -0.25775, 0.470608, -0.308696, -0.118583]
[-0.303286, -0.257749, 0.470611, -0.308675, -0.118585]
[-0.303246, -0.257748, 0.470621, -0.308701, -0.118585]
[-0.30329, -0.257749, 0.470617, -0.308678, -0.118578]
[-0.303271, -0.257751, 0.47061, -0.308711, -0.118585]
[-0.303292, -0.257749, 0.470621, -0.308698, -0.118579]
[-0.303251, -0.257751, 0.47061, -0.308668, -0.118578]
[-0.303274, -0.257752, 0.470609, -0.308671, -0.118583]
[-0.303237, -0.257749, 0.47061, -0.308699, -0.118577]
[-0.303249, -0.257748, 0.470609, -0.308673, -0.118586]
[-0.303241, -0.257749, 0.470617, -0.308712, -0.118581]
[-0.303294, -0.257751, 0.470611, -0.308665, -0.118583]
[-0.303271, -0.257751, 0.470615, -0.308678, -0.11858]
[-0.303257, -0.25775, 0.47061, -0.308712, -0.118586]
[-0.303277, -0.257752, 0.470612, -0.308689, -0.118577]
[-0.303294, -0.257749, 0.470618, -0.308708, -0.118583]
[-0.303286, -0.25775, 0.47061, -0.308693, -0.118586]
[-0.303239, -0.25775, 0.470618, -0.308695, -0.118578]
[-0.303247, -0.257749, 0.470614, -0.308693, -0.118584]
[-0.303267, -0.257752, 0.470614, -0.308684, -0.118585]
[-0.30327, -0.257749, 0.470618, -0.308702, -0.118581]
[-0.3033, -0.257751, 0.470606, -0.308665, -0.118584]
[-0.303244, -0.257749, 0.470616, -0.308711, -0.118578]
[-0.303233, -0.257752, 0.470616, -0.308686, -0.118577]
[-0.303238, -0.257749, 0.470607, -0.308708, -0.118577]
[-0.303282, -0.25775, 0.470607, -0.308694, -0.118578]
[-0.30326, -0.257751, 0.470609, -0.308699, -0.11858]
[-0.30327, -0.257751, 0.470616, -0.308693, -0.118585]
[-0.303275, -0.257752, 0.470611, -0.308705, -0.118583]
[-0.303249, -0.25775, 0.470612, -0.308692, -0.118581]
[-0.30329, -0.257749, 0.470621, -0.308698, -0.118583]
[-0.303274, -0.25775, 0.470609, -0.308692, -0.118585]
[-0.303277, -0.257749, 0.470616, -0.308683, -0.118585]
[-0.303235, -0.25775, 0.470615, -0.308706, -0.11858]
[-0.303239, -0.257752, 0.470609, -0.308707, -0.11858]
[-0.30324, -0.257751, 0.470621, -0.308687, -0.118582]
[-0.303284, -0.257751, 0.470612, -0.308702, -0.118583]
[-0.303256, -0.257751, 0.470616, -0.308704, -0.118584]
[-0.303249, -0.257752, 0.470614, -0.308665, -0.118584]
[-0.303292, -0.257751, 0.470616, -0.308668, -0.118578]
[-0.303277, -0.257752, 0.470611, -0.308678, -0.118579]
[-0.303237, -0.25775, 0.470607, -0.30869, -0.118585]
[-0.303254, -0.257749, 0.470619, -0.308674, -0.118578]
[-0.303299, -0.257751, 0.470611, -0.308696, -0.118585]
[-0.303258, -0.257749, 0.470613, -0.308663, -0.118583]
[-0.303243, -0.257748, 0.470618, -0.308676, -0.118581]
[-0.303239, -0.257748, 0.470612, -0.308691, -0.118579]
[-0.303287, -0.257751, 0.470617, -0.308688, -0.118584]
[-0.3033, -0.257751, 0.470609, -0.308698, -0.118582]
[-0.303233, -0.25775, 0.470615, -0.308674, -0.118583]
[-0.303242, -0.257751, 0.470613, -0.308702, -0.118583]
[-0.303265, -0.257749, 0.470613, -0.308697, -0.118579]
[-0.303266, -0.257751, 0.470606, -0.308703, -0.118585]
[-0.303281, -0.257751, 0.470619, -0.308677, -0.118585]
[-0.303262, -0.257749, 0.470612, -0.30868, -0.11858]
[-0.3033, -0.257751, 0.470613, -0.308676, -0.118581]
[-0.303294, -0.257751, 0.470608, -0.30867, -0.118578]
[-0.303264, -0.257749, 0.470607, -0.3087, -0.118579]
[-0.303302, -0.25775, 0.47061, -0.308671, -0.118584]
[-0.30329, -0.257749, 0.470618, -0.308705, -0.118583]
[-0.303283, -0.257752, 0.470618, -0.308712, -0.118581]
[-0.303289, -0.257748, 0.470614, -0.30868, -0.118586]
[-0.303251, -0.257752, 0.470616, -0.308674, -0.118579]
[-0.303235, -0.257749, 0.470609, -0.308712, -0.118578]
[-0.303245, -0.25775, 0.470618, -0.308681, -0.118585]
[-0.303261, -0.257748, 0.470614, -0.308694, -0.118583]
[-0.303267, -0.25775, 0.470613, -0.308669, -0.118583]
[-0.303244, -0.25775, 0.470606, -0.308674, -0.118583]
[-0.303301, -0.257751, 0.470612, -0.308708, -0.11858]
[-0.303289, -0.25775, 0.470606, -0.308709, -0.118584]
[-0.303262, -0.25775, 0.470615, -0.308693, -0.118577]
[-0.30325, -0.257752, 0.47062, -0.308671, -0.118581]
[-0.303243, -0.257749, 0.470607, -0.308698, -0.118585]
[-0.303241, -0.257751, 0.470612, -0.308671, -0.118583]
[-0.303252, -0.257751, 0.470612, -0.308666, -0.118586]
[-0.303257, -0.257749, 0.470617, -0.308684, -0.118582]
[-0.303262, -0.25775, 0.470611, -0.3087, -0.118579]
[-0.303263, -0.257748, 0.470614, -0.308671, -0.11858]
[-0.303283, -0.257749, 0.470618, -0.308673, -0.118577]
[-0.303277, -0.25775, 0.470619, -0.308706, -0.118578]
[-0.303253, -0.257751, 0.47061, -0.308713, -0.118582]
[-0.303294, -0.25775, 0.470608, -0.308695, -0.118581]
[-0.303267, -0.257751, 0.470613, -0.308704, -0.118581]
[-0.303264, -0.257748, 0.470611, -0.308689, -0.118585]
[-0.303284, -0.25775, 0.470612, -0.308683, -0.118579]
[-0.303294, -0.257751, 0.470616, -0.308706, -0.118586]
[-0.303278, -0.257751, 0.47062, -0.308666, -0.118584]
[-0.3033, -0.257751, 0.470611, -0.308669, -0.118583]
[-0.30326, -0.25775, 0.47062, -0.308696, -0.118585]
[-0.303261, -0.25775, 0.470616, -0.308682, -0.118577]
[-0.303237, -0.257752, 0.470615, -0.30868, -0.118581]
[-0.303236, -0.257749, 0.470612, -0.308665, -0.118577]
[-0.303299, -0.257752, 0.470615, -0.3087, -0.118585]
[-0.303267, -0.257749, 0.470616, -0.308661, -0.118584]
[-0.303234, -0.25775, 0.470613, -0.308688, -0.118585]
[-0.303295, -0.257751, 0.470607, -0.308682, -0.118583]
[-0.303273, -0.257749, 0.470616, -0.308669, -0.118584]
[-0.30325, -0.257752, 0.470606, -0.308667, -0.118584]
[-0.303237, -0.257749, 0.470618, -0.308697, -0.11858]
[-0.303293, -0.25775, 0.470613, -0.308704, -0.118584]
[-0.303288, -0.257751, 0.470619, -0.308685, -0.11858]
[-0.30325, -0.25775, 0.470618, -0.308703, -0.118577]
[-0.303248, -0.25775, 0.470611, -0.308705, -0.118583]
[-0.303274, -0.257749, 0.47061, -0.308677, -0.118578]
[-0.30326, -0.257752, 0.47061, -0.308679, -0.118581]
[-0.303277, -0.257751, 0.470613, -0.308671, -0.118585]
[-0.303295, -0.257749, 0.470617, -0.308671, -0.118584]
[-0.30326, -0.257751, 0.470614, -0.308695, -0.118578]
[-0.303237, -0.25775, 0.47061, -0.30869, -0.118578]
[-0.303266, -0.257748, 0.470616, -0.308712, -0.118585]
[-0.303242, -0.257751, 0.470616, -0.308679, -0.118586]
[-0.303244, -0.25775, 0.470617, -0.30868, -0.118581]
[-0.303285, -0.257748, 0.470608, -0.308686, -0.118577]
[-0.303235, -0.257751, 0.470615, -0.308677, -0.118581]
[-0.303262, -0.25775, 0.47061, -0.308686, -0.118579]
[-0.303237, -0.257748, 0.470614, -0.308677, -0.118581]
[-0.303248, -0.257752, 0.470615, -0.308674, -0.118582]
[-0.303288, -0.257749, 0.470613, -0.308681, -0.118585]
[-0.303237, -0.257748, 0.470617, -0.308667, -0.118586]
[-0.30328, -0.257751, 0.470613, -0.308678, -0.118586]
[-0.303252, -0.25775, 0.470616, -0.308693, -0.118581]
[-0.303235, -0.257748, 0.470613, -0.308698, -0.118582]
[-0.30328, -0.257752, 0.470614, -0.308681, -0.118585]
[-0.303258, -0.25775, 0.470615, -0.308695, -0.118583]
[-0.303295, -0.25775, 0.47062, -0.308696, -0.118579]
[-0.303268, -0.25775, 0.470614, -0.308697, -0.118583]
[-0.303291, -0.257749, 0.470617, -0.308668, -0.118582]
[-0.303286, -0.257751, 0.470614, -0.308678, -0.118578]
[-0.303257, -0.25775, 0.470612, -0.30867, -0.11858]
[-0.303297, -0.257748, 0.470618, -0.308674, -0.11858]
[-0.303233, -0.257751, 0.470617, -0.308708, -0.118583]
[-0.30326, -0.257752, 0.47062, -0.308697, -0.118582]
[-0.303244, -0.25775, 0.470617, -0.308699, -0.118585]
[-0.30326, -0.257748, 0.470607, -0.308668, -0.118585]
[-0.303257, -0.25775, 0.470606, -0.308665, -0.118585]
[-0.303251, -0.257752, 0.470617, -0.308705, -0.118585]
[-0.303236, -0.257751, 0.470619, -0.308679, -0.11858]
[-0.303249, -0.25775, 0.470619, -0.308681, -0.118584]
[-0.303281, -0.25775, 0.470611, -0.308709, -0.118584]
[-0.303264, -0.25775, 0.470608, -0.308684, -0.118583]
[-0.303287, -0.25775, 0.47061, -0.308673, -0.118584]
[-0.303277, -0.257748, 0.470614, -0.308675, -0.118579]
[-0.303278, -0.257751, 0.470617, -0.308675, -0.118581]
[-0.303251, -0.25775, 0.470608, -0.308712, -0.118577]
[-0.303297, -0.257748, 0.470621, -0.30867, -0.118585]
[-0.30325, -0.257752, 0.470608, -0.308685, -0.118585]
[-0.303298, -0.257749, 0.470611, -0.308678, -0.118586]
[-0.303301, -0.257749, 0.470611, -0.308669, -0.118585]
[-0.303252, -0.257748, 0.470612, -0.308704, -0.118585]
[-0.30329, -0.257751, 0.470615, -0.308699, -0.11858]
[-0.303254, -0.257749, 0.470613, -0.308663, -0.118581]
[-0.303268, -0.257749, 0.470619, -0.308712, -0.118579]
[-0.303297, -0.25775, 0.470618, -0.308707, -0.118582]
[-0.303288, -0.257749, 0.470613, -0.308687, -0.118581]
[-0.303239, -0.257751, 0.470609, -0.308693, -0.118583]
[-0.303242, -0.257751, 0.470617, -0.308674, -0.118584]
[-0.303288, -0.25775, 0.470621, -0.308691, -0.118577]
[-0.303241, -0.25775, 0.470616, -0.308696, -0.118585]
[-0.303302, -0.257751, 0.47062, -0.308681, -0.118585]
[-0.303241, -0.257749, 0.470614, -0.308705, -0.118578]
[-0.303239, -0.257752, 0.470612, -0.308675, -0.118583]
[-0.303245, -0.257752, 0.470613, -0.308666, -0.118581]
[-0.303278, -0.257749, 0.470618, -0.3087, -0.118578]
[-0.303283, -0.257749, 0.470618, -0.308668, -0.118582]
[-0.303277, -0.257749, 0.470618, -0.308672, -0.118584]
[-0.303265, -0.257751, 0.470618, -0.308702, -0.118579]
[-0.303263, -0.257749, 0.470615, -0.308702, -0.118581]
[-0.303234, -0.257751, 0.470619, -0.308711, -0.118578]
[-0.303238, -0.257748, 0.470608, -0.308672, -0.118585]
[-0.303254, -0.257749, 0.470618, -0.308701, -0.118584]
[-0.3033, -0.257751, 0.470613, -0.30867, -0.118581]
[-0.303247, -0.257749, 0.47061, -0.308667, -0.118582]
[-0.303299, -0.257751, 0.47061, -0.308692, -0.118582]
[-0.303244, -0.257749, 0.470612, -0.308684, -0.118581]
[-0.303283, -0.257752, 0.470615, -0.308664, -0.118584]
[-0.303281, -0.257751, 0.470615, -0.308695, -0.118581]
[-0.303297, -0.25775, 0.470619, -0.308688, -0.11858]
[-0.303249, -0.257749, 0.470618, -0.308673, -0.118578]
[-0.303243, -0.257748, 0.470609, -0.308675, -0.118578]
[-0.303247, -0.257751, 0.47061, -0.308676, -0.118584]
[-0.303241, -0.257749, 0.470611, -0.308688, -0.118581]
[-0.303272, -0.25775, 0.470621, -0.308695, -0.118584]
[-0.30326, -0.257752, 0.470612, -0.308675, -0.118584]
[-0.303286, -0.257752, 0.470611, -0.308662, -0.118582]
[-0.303291, -0.257752, 0.470606, -0.308683, -0.11858]
[-0.303297, -0.257751, 0.470613, -0.308707, -0.118579]
[-0.30324, -0.257752, 0.470618, -0.308669, -0.118579]
[-0.303278, -0.257748, 0.470607, -0.30867, -0.118586]
[-0.303238, -0.257752, 0.470607, -0.308702, -0.118584]
[-0.303262, -0.25775, 0.470614, -0.308668, -0.118578]
[-0.303241, -0.257751, 0.470611, -0.308708, -0.118585]
[-0.303246, -0.257752, 0.470621, -0.308675, -0.118583]
[-0.30325, -0.257751, 0.47062, -0.308689, -0.118586]
[-0.303278, -0.257751, 0.470607, -0.308682, -0.118578]
[-0.303282, -0.257748, 0.470611, -0.308701, -0.118577]
[-0.303284, -0.257748, 0.470618, -0.308663, -0.118585]
[-0.303272, -0.257749, 0.470615, -0.308713, -0.118585]
[-0.303274, -0.257749, 0.470614, -0.308697, -0.118583]
[-0.303289, -0.257748, 0.470617, -0.308678, -0.118579]
[-0.303268, -0.257751, 0.470615, -0.308678, -0.118586]
[-0.303235, -0.257749, 0.470614, -0.308701, -0.11858]
[-0.303302, -0.257751, 0.470618, -0.308687, -0.118578]
[-0.30326, -0.257749, 0.470613, -0.308669, -0.118578]
[-0.303298, -0.257749, 0.470609, -0.308689, -0.118582]
[-0.303283, -0.257749, 0.470608, -0.308672, -0.118583]
[-0.303266, -0.257751, 0.470611, -0.308695, -0.118579]
[-0.303264, -0.25775, 0.47061, -0.308707, -0.118585]
[-0.3033, -0.25775, 0.47062, -0.308684, -0.118577]
[-0.303286, -0.257748, 0.470609, -0.308666, -0.118583]
[-0.303242, -0.257752, 0.470608, -0.308679, -0.11858]
[-0.30327, -0.25775, 0.470619, -0.308679, -0.11858]
[-0.30326, -0.257752, 0.470609, -0.308687, -0.118578]
[-0.30324, -0.257749, 0.470616, -0.308705, -0.118581]
[-0.303295, -0.257748, 0.470606, -0.308684, -0.118578]
[-0.303281, -0.257751, 0.470613, -0.308679, -0.118584]
[-0.303247, -0.25775, 0.470613, -0.308673, -0.118579]
[-0.303285, -0.25775, 0.470608, -0.308664, -0.118582]
[-0.303249, -0.25775, 0.470609, -0.308684, -0.118579]
[-0.303234, -0.257751, 0.470617, -0.308665, -0.118585]
[-0.303282, -0.257749, 0.470606, -0.308691, -0.118582]
[-0.30329, -0.257751, 0.470615, -0.308702, -0.118584]
[-0.303258, -0.257751, 0.470612, -0.308674, -0.118585]
[-0.303298, -0.257749, 0.470606, -0.30867, -0.118585]
[-0.303233, -0.257749, 0.470609, -0.308685, -0.118584]
[-0.303247, -0.257751, 0.470611, -0.308684, -0.118584]
[-0.303292, -0.257749, 0.470611, -0.308677, -0.118584]
[-0.303276, -0.25775, 0.470619, -0.30869, -0.118577]
[-0.3033, -0.257748, 0.470616, -0.308696, -0.118585]
[-0.30324, -0.257751, 0.470619, -0.308665, -0.118579]
[-0.303272, -0.257749, 0.470616, -0.308703, -0.118581]
[-0.303244, -0.25775, 0.470618, -0.308712, -0.11858]
[-0.303299, -0.25775, 0.47061, -0.30868, -0.118578]
[-0.303244, -0.257752, 0.470608, -0.308683, -0.118581]
[-0.303299, -0.25775, 0.470617, -0.308693, -0.118586]
[-0.30325, -0.257751, 0.470613, -0.308689, -0.118583]
[-0.30324, -0.257751, 0.470616, -0.308681, -0.118577]
[-0.303265, -0.257751, 0.47061, -0.308683, -0.118585]
[-0.30326, -0.257751, 0.470612, -0.308685, -0.118579]
[-0.303291, -0.257751, 0.470609, -0.308667, -0.118583]
[-0.303287, -0.257748, 0.470615, -0.308662, -0.118582]
[-0.303249, -0.257752, 0.470616, -0.308666, -0.118583]
[-0.303288, -0.257752, 0.470614, -0.308712, -0.118585]
[-0.303248, -0.257751, 0.470615, -0.308683, -0.118585]
[-0.303252, -0.257751, 0.470609, -0.308674, -0.118582]
[-0.303287, -0.25775, 0.470611, -0.308666, -0.118584]
[-0.303292, -0.257751, 0.470613, -0.308713, -0.118582]
[-0.303267, -0.25775, 0.470617, -0.308675, -0.118582]
[-0.303298, -0.257749, 0.470615, -0.308679, -0.11858]
[-0.303285, -0.257751, 0.470613, -0.308712, -0.118579]
[-0.303261, -0.257751, 0.470618, -0.308697, -0.11858]
[-0.303283, -0.257751, 0.47061, -0.308697, -0.118584]
[-0.303301, -0.25775, 0.470615, -0.308681, -0.118586]
[-0.303295, -0.257748, 0.470614, -0.308691, -0.118585]
[-0.303286, -0.257751, 0.470621, -0.308703, -0.11858]
[-0.303301, -0.257749, 0.470618, -0.3087, -0.118583]
[-0.303243, -0.257748, 0.470617, -0.308706, -0.118585]
[-0.303286, -0.25775, 0.470621, -0.308693, -0.118581]
[-0.303256, -0.257749, 0.47061, -0.308695, -0.118586]
[-0.303243, -0.257752, 0.470618, -0.308688, -0.118579]
[-0.303294, -0.257748, 0.47062, -0.308712, -0.11858]
[-0.303273, -0.257748, 0.470618, -0.308685, -0.118585]
[-0.303285, -0.257749, 0.47062, -0.30867, -0.118584]
[-0.303266, -0.257751, 0.470618, -0.308685, -0.118581]
[-0.30328, -0.257751, 0.470615, -0.308665, -0.118586]
[-0.303244, -0.257752, 0.470616, -0.308677, -0.118582]
[-0.303238, -0.257749, 0.470609, -0.308701, -0.118585]
[-0.303261, -0.257748, 0.470617, -0.308688, -0.11858]
[-0.303286, -0.257749, 0.470614, -0.308686, -0.118582]
[-0.303289, -0.257751, 0.47062, -0.308703, -0.118582]
[-0.303253, -0.257748, 0.470609, -0.30868, -0.118586]
[-0.303285, -0.25775, 0.47062, -0.308708, -0.11858]
[-0.303302, -0.25775, 0.470608, -0.308693, -0.118581]
[-0.303266, -0.257751, 0.470617, -0.308685, -0.118583]
[-0.303298, -0.25775, 0.470608, -0.308672, -0.118578]
[-0.303298, -0.257751, 0.470615, -0.308695, -0.118586]
[-0.303257, -0.257752, 0.470608, -0.308694, -0.118578]
[-0.303275, -0.257748, 0.470615, -0.308673, -0.118585]
[-0.303283, -0.25775, 0.470606, -0.308704, -0.118582]
[-0.303297, -0.257751, 0.470613, -0.30869, -0.118579]
[-0.303238, -0.257749, 0.470621, -0.308675, -0.118585]
[-0.303293, -0.257749, 0.47062, -0.30868, -0.118583]
[-0.30328, -0.257751, 0.470621, -0.308705, -0.118584]
[-0.303239, -0.257751, 0.470608, -0.308691, -0.11858]
[-0.303248, -0.25775, 0.470614, -0.308679, -0.118579]
[-0.303281, -0.257752, 0.470614, -0.308665, -0.118584]
[-0.303261, -0.25775, 0.470619, -0.308662, -0.118583]
[-0.303241, -0.25775, 0.47061, -0.308672, -0.118579]
[-0.303257, -0.257752, 0.47062, -0.308686, -0.118578]
[-0.303245, -0.257748, 0.470618, -0.308701, -0.118584]
[-0.303256, -0.25775, 0.470614, -0.308701, -0.118582]
[-0.303246, -0.257752, 0.470617, -0.308709, -0.118582]
[-0.30329, -0.257749, 0.470609, -0.308669, -0.118585]
[-0.303246, -0.25775, 0.47062, -0.3087, -0.118585]
[-0.303283, -0.257749, 0.470613, -0.308682, -0.118582]
[-0.303276, -0.257748, 0.470618, -0.30867, -0.118583]
[-0.303284, -0.257751, 0.470609, -0.308704, -0.118578]
[-0.303264, -0.25775, 0.470615, -0.308695, -0.118577]
[-0.303243, -0.257751, 0.470609, -0.308679, -0.118579]
[-0.303284, -0.25775, 0.47061, -0.308696, -0.118585]
[-0.303273, -0.25775, 0.470615, -0.308707, -0.118582]
[-0.30326, -0.257751, 0.470618, -0.308669, -0.118579]
[-0.303302, -0.257751, 0.470614, -0.308682, -0.118578]
[-0.303248, -0.257751, 0.470619, -0.308692, -0.11858]
[-0.303276, -0.257751, 0.47062, -0.308706, -0.118582]
[-0.30327, -0.257749, 0.470612, -0.308692, -0.118581]
[-0.303297, -0.257749, 0.470608, -0.308676, -0.118585]
[-0.303256, -0.25775, 0.470614, -0.308713, -0.118577]
[-0.303281, -0.257751, 0.470611, -0.308702, -0.118579]
[-0.30329, -0.257751, 0.470619, -0.308666, -0.118586]
[-0.303244, -0.257749, 0.470614, -0.308702, -0.118579]
[-0.303232, -0.25775, 0.470611, -0.308687, -0.118582]
[-0.303294, -0.257751, 0.470613, -0.308712, -0.118581]
[-0.303239, -0.257749, 0.470615, -0.308706, -0.11858]
[-0.303273, -0.25775, 0.470621, -0.308711, -0.118579]
[-0.303298, -0.257751, 0.470618, -0.308684, -0.118583]
[-0.30324, -0.257751, 0.470619, -0.308677, -0.118582]
[-0.303244, -0.257748, 0.470609, -0.308672, -0.118582]
[-0.303281, -0.257748, 0.470613, -0.30868, -0.118578]
[-0.303254, -0.25775, 0.470609, -0.30868, -0.118579]
[-0.303235, -0.25775, 0.470613, -0.3087, -0.118581]
[-0.30328, -0.257749, 0.470619, -0.308693, -0.118578]
[-0.303254, -0.257749, 0.470613, -0.308684, -0.118579]
[-0.303267, -0.25775, 0.470611, -0.30869, -0.11858]
[-0.30324, -0.257751, 0.470611, -0.308663, -0.118581]
[-0.303295, -0.257751, 0.470608, -0.308683, -0.118579]
[-0.303266, -0.257751, 0.47061, -0.308686, -0.118583]
[-0.303252, -0.257752, 0.470618, -0.308692, -0.118583]
[-0.303267, -0.25775, 0.470617, -0.308681, -0.118578]
[-0.303268, -0.25775, 0.470616, -0.308662, -0.118581]
[-0.303278, -0.25775, 0.47061, -0.3087, -0.118582]
[-0.303301, -0.25775, 0.47061, -0.308666, -0.118585]
[-0.303243, -0.257749, 0.470607, -0.30868, -0.118581]
[-0.303273, -0.257749, 0.470616, -0.308688, -0.11858]
[-0.303261, -0.257751, 0.470614, -0.308682, -0.118578]
[-0.303268, -0.257752, 0.470613, -0.308711, -0.118578]
[-0.303238, -0.257751, 0.470618, -0.308702, -0.118578]
[-0.303288, -0.257751, 0.470616, -0.308694, -0.118583]
[-0.303258, -0.257751, 0.470616, -0.308681, -0.118584]
[-0.30326, -0.257749, 0.47061, -0.308701, -0.118584]
[-0.303235, -0.257748, 0.470613, -0.308688, -0.118579]
[-0.303294, -0.257751, 0.47062, -0.308694, -0.118584]
[-0.303271, -0.257752, 0.470611, -0.308695, -0.118582]
[-0.303243, -0.257748, 0.470614, -0.308685, -0.118578]
[-0.303237, -0.257752, 0.470618, -0.308665, -0.118585]
[-0.303258, -0.257751, 0.470617, -0.308666, -0.11858]
[-0.303238, -0.25775, 0.470613, -0.308667, -0.11858]
[-0.303289, -0.257749, 0.470609, -0.308712, -0.118581]
[-0.303266, -0.25775, 0.470616, -0.308674, -0.118577]
[-0.303234, -0.257748, 0.470621, -0.308669, -0.118581]
[-0.303249, -0.25775, 0.470609, -0.308693, -0.118583]
[-0.303297, -0.257749, 0.470617, -0.308684, -0.118582]
[-0.303296, -0.257751, 0.47062, -0.308697, -0.11858]
[-0.303243, -0.257751, 0.470621, -0.308681, -0.118586]
[-0.303275, -0.25775, 0.47062, -0.30871, -0.118585]
[-0.303283, -0.257748, 0.470613, -0.308673, -0.118581]
[-0.303298, -0.257751, 0.47061, -0.308663, -0.118579]
[-0.30326, -0.257751, 0.470617, -0.308712, -0.11858]
[-0.303266, -0.25775, 0.470615, -0.308706, -0.118581]
[-0.303265, -0.25775, 0.470621, -0.308687, -0.118581]
[-0.303273, -0.257751, 0.470614, -0.308668, -0.118586]
[-0.303236, -0.257751, 0.47062, -0.308663, -0.118582]
[-0.303292, -0.257748, 0.470608, -0.308665, -0.118582]
[-0.303302, -0.257752, 0.470612, -0.308708, -0.118582]
[-0.303293, -0.25775, 0.47062, -0.308708, -0.118581]
[-0.303265, -0.257752, 0.470617, -0.30867, -0.11858]
[-0.303271, -0.257752, 0.470618, -0.30871, -0.118578]
[-0.30324, -0.257751, 0.470619, -0.308686, -0.118583]
[-0.303258, -0.25775, 0.470619, -0.308672, -0.118586]
[-0.303253, -0.257751, 0.470607, -0.308692, -0.118581]
[-0.303251, -0.257749, 0.470613, -0.308683, -0.11858]
[-0.303287, -0.257751, 0.470609, -0.308689, -0.118582]
[-0.303286, -0.257749, 0.470607, -0.308703, -0.118578]
[-0.303246, -0.257749, 0.470617, -0.308668, -0.11858]
[-0.303296, -0.257748, 0.470614, -0.308707, -0.11858]
[-0.303243, -0.257752, 0.470614, -0.308678, -0.118583]
[-0.303235, -0.257749, 0.47062, -0.308712, -0.118582]
[-0.303295, -0.257749, 0.470618, -0.308702, -0.118577]
[-0.303302, -0.25775, 0.470606, -0.308688, -0.118583]
[-0.303294, -0.257748, 0.47062, -0.30868, -0.118581]
[-0.3033, -0.25775, 0.470614, -0.308691, -0.11858]
[-0.303273, -0.257752, 0.470612, -0.308696, -0.118579]
[-0.303279, -0.257752, 0.470619, -0.308706, -0.118582]
[-0.303246, -0.257748, 0.47062, -0.308704, -0.118584]
[-0.303297, -0.257749, 0.470613, -0.308662, -0.118578]
[-0.303274, -0.25775, 0.470617, -0.308698, -0.118578]
[-0.303269, -0.257752, 0.470616, -0.308692, -0.118578]
[-0.303235, -0.257749, 0.470611, -0.308684, -0.118579]
[-0.303241, -0.257749, 0.470617, -0.308707, -0.118583]
[-0.303274, -0.257748, 0.470617, -0.308704, -0.118584]
[-0.303295, -0.25775, 0.470607, -0.308705, -0.118581]
[-0.30328, -0.25775, 0.47062, -0.30867, -0.118579]
[-0.303238, -0.257748, 0.470618, -0.308676, -0.118585]
[-0.303233, -0.257748, 0.47062, -0.308675, -0.118584]
[-0.30326, -0.257749, 0.470612, -0.308697, -0.118577]
[-0.303284, -0.257751, 0.470615, -0.308671, -0.118585]
[-0.30324, -0.25775, 0.470612, -0.308707, -0.118577]
[-0.303298, -0.25775, 0.470616, -0.308685, -0.118579]
[-0.303243, -0.257752, 0.470621, -0.308704, -0.118582]
[-0.30328, -0.25775, 0.470615, -0.308679, -0.11858]
[-0.303265, -0.257752, 0.470618, -0.308707, -0.118578]
[-0.303247, -0.257752, 0.47062, -0.308669, -0.118579]
[-0.303236, -0.257752, 0.470616, -0.308702, -0.118584]
[-0.303265, -0.257748, 0.470616, -0.308706, -0.118577]
[-0.303291, -0.25775, 0.470611, -0.308672, -0.118584]
[-0.303236, -0.257751, 0.47062, -0.308697, -0.118582]
[-0.303261, -0.257751, 0.470616, -0.308708, -0.118577]
[-0.303256, -0.257749, 0.470611, -0.308671, -0.118577]
[-0.303235, -0.257752, 0.470618, -0.308667, -0.118579]
[-0.30329, -0.257749, 0.470615, -0.308692, -0.118578]
[-0.303265, -0.25775, 0.470608, -0.308696, -0.118582]
[-0.303246, -0.257748, 0.470614, -0.308676, -0.118577]
[-0.303269, -0.257748, 0.470616, -0.308702, -0.118585]
[-0.30325, -0.257748, 0.47062, -0.308687, -0.118584]
[-0.303285, -0.257752, 0.470618, -0.308681, -0.11858]
[-0.303283, -0.257751, 0.470607, -0.308674, -0.118582]
[-0.303239, -0.257752, 0.47062, -0.308706, -0.118579]
[-0.303282, -0.257752, 0.470606, -0.3087, -0.118581]
[-0.303245, -0.257752, 0.470617, -0.308671, -0.118581]
[-0.303254, -0.257752, 0.470616, -0.308663, -0.118582]
[-0.303273, -0.257752, 0.470616, -0.308677, -0.11858]
[-0.303272, -0.257752, 0.470616, -0.308667, -0.118581]
[-0.303247, -0.257752, 0.470608, -0.308713, -0.118586]
[-0.303256, -0.257752, 0.470614, -0.30868, -0.118578]
[-0.303236, -0.257752, 0.470617, -0.308679, -0.118583]
[-0.303262, -0.257752, 0.470615, -0.308697, -0.118581]
[-0.303264, -0.257752, 0.470607, -0.308678, -0.118581]
[-0.303284, -0.257752, 0.470618, -0.308688, -0.118585]
[-0.303264, -0.257752, 0.470607, -0.308703, -0.118584]
[-0.303273, -0.257752, 0.470606, -0.308673, -0.118578]
[-0.303285, -0.257752, 0.470619, -0.308671, -0.118579]
[-0.303259, -0.257752, 0.470611, -0.308678, -0.118581]
[-0.303234, -0.257752, 0.470607, -0.308701, -0.118586]
[-0.303273, -0.257752, 0.470614, -0.308691, -0.118579]
[-0.303268, -0.257752, 0.470616, -0.308704, -0.118583]
[-0.303288, -0.257752, 0.470609, -0.308686, -0.118583]
[-0.303273, -0.257752, 0.470606, -0.308681, -0.118585]
[-0.303239, -0.257752, 0.47061, -0.308683, -0.118582]
[-0.303261, -0.257752, 0.470614, -0.308687, -0.118585]
[-0.3033, -0.257752, 0.470614, -0.308682, -0.118583]
[-0.303264, -0.257752, 0.470616, -0.308687, -0.118581]
[-0.303263, -0.257752, 0.470607, -0.308666, -0.118586]
[-0.303232, -0.257752, 0.470612, -0.308703, -0.118585]
[-0.303279, -0.257752, 0.470621, -0.308664, -0.118581]
[-0.303291, -0.257752, 0.470616, -0.308676, -0.118578]
[-0.303265, -0.257752, 0.470611, -0.308669, -0.118583]
[-0.303264, -0.257752, 0.470609, -0.308698, -0.11858]
[-0.303253, -0.257752, 0.470616, -0.308684, -0.118584]
[-0.303237, -0.257752, 0.470606, -0.308687, -0.118585]
[-0.303273, -0.257752, 0.470609, -0.308669, -0.118586]
[-0.303234, -0.257752, 0.470607, -0.308692, -0.118584]
[-0.3033, -0.257752, 0.470617, -0.30871, -0.118583]
[-0.303269, -0.257752, 0.470618, -0.308712, -0.118585]
[-0.303302, -0.257752, 0.470614, -0.308689, -0.118581]
[-0.303282, -0.257752, 0.470611, -0.308709, -0.118582]
[-0.303287, -0.257752, 0.470618, -0.3087, -0.118585]
[-0.303259, -0.257752, 0.470618, -0.308678, -0.118579]
[-0.303257, -0.257752, 0.470609, -0.308712, -0.11858]
[-0.303245, -0.257752, 0.470618, -0.308704, -0.118585]
[-0.303302, -0.257752, 0.470607, -0.30868, -0.118578]
[-0.303297, -0.257752, 0.470612, -0.308708, -0.118582]
[-0.303259, -0.257752, 0.470616, -0.308691, -0.118579]
[-0.303236, -0.257752, 0.470607, -0.308663, -0.11858]
[-0.303245, -0.257752, 0.470618, -0.308661, -0.118585]
[-0.303297, -0.257752, 0.470606, -0.308685, -0.118585]
[-0.303285, -0.257752, 0.470609, -0.308678, -0.118581]
[-0.30325, -0.257752, 0.470609, -0.308676, -0.118584]
[-0.303271, -0.257752, 0.47062, -0.308681, -0.118577]
[-0.303248, -0.257752, 0.470616, -0.308668, -0.118578]
[-0.303284, -0.257752, 0.470608, -0.308675, -0.118578]
[-0.303277, -0.257752, 0.47062, -0.308702, -0.118582]
[-0.303235, -0.257752, 0.470608, -0.308699, -0.118579]
[-0.303233, -0.257752, 0.470614, -0.308668, -0.118582]
[-0.303285, -0.257752, 0.470617, -0.308698, -0.118585]
[-0.303233, -0.257752, 0.470617, -0.308695, -0.118582]
[-0.303242, -0.257752, 0.470612, -0.308692, -0.118578]
[-0.303302, -0.257752, 0.470612, -0.308675, -0.118578]
[-0.3033, -0.257752, 0.470619, -0.308698, -0.118581]
[-0.303288, -0.257752, 0.470614, -0.308712, -0.118581]
[-0.303297, -0.257752, 0.470608, -0.308664, -0.118577]
[-0.303258, -0.257752, 0.470608, -0.308712, -0.118584]
[-0.303254, -0.257752, 0.47061, -0.308673, -0.118585]
[-0.303257, -0.257752, 0.470614, -0.308688, -0.11858]
[-0.30326, -0.257752, 0.47062, -0.308686, -0.118579]
[-0.303291, -0.257752, 0.470611, -0.308708, -0.11858]
[-0.303254, -0.257752, 0.470611, -0.308666, -0.118579]
[-0.303255, -0.257752, 0.470616, -0.308707, -0.11858]
[-0.303269, -0.257752, 0.470613, -0.308707, -0.118584]
[-0.303243, -0.257752, 0.470609, -0.308693, -0.118579]
[-0.303261, -0.257752, 0.470609, -0.308684, -0.118584]
[-0.303282, -0.257752, 0.47062, -0.308676, -0.118579]
[-0.303267, -0.257752, 0.470607, -0.308692, -0.118586]
[-0.303243, -0.257752, 0.470613, -0.308697, -0.118583]
[-0.30325, -0.257752, 0.470619, -0.308699, -0.118578]
[-0.303267, -0.257752, 0.470612, -0.308671, -0.118584]
[-0.303253, -0.257752, 0.470612, -0.308679, -0.11858]
[-0.303248, -0.257752, 0.470618, -0.30868, -0.118585]
[-0.303295, -0.257752, 0.470613, -0.308664, -0.118579]
[-0.30327, -0.257752, 0.470609, -0.308696, -0.118581]
[-0.303287, -0.257752, 0.470608, -0.308696, -0.118585]
[-0.303289, -0.257752, 0.470613, -0.308691, -0.11858]
[-0.303235, -0.257752, 0.470619, -0.308711, -0.118582]
[-0.303262, -0.257752, 0.470617, -0.308697, -0.118584]
[-0.303263, -0.257752, 0.470618, -0.308682, -0.118581]
[-0.303293, -0.257752, 0.470617, -0.308674, -0.118581]
[-0.303233, -0.257752, 0.470619, -0.308706, -0.11858]
[-0.303261, -0.257752, 0.470618, -0.308689, -0.118583]
[-0.303273, -0.257752, 0.470611, -0.308695, -0.118585]
[-0.303276, -0.257752, 0.470612, -0.308684, -0.118581]
[-0.303295, -0.257752, 0.470614, -0.308671, -0.118581]
[-0.303236, -0.257752, 0.470619, -0.308694, -0.118579]
[-0.303236, -0.257752, 0.47062, -0.308688, -0.118581]
[-0.303247, -0.257752, 0.470619, -0.308696, -0.118579]
[-0.303291, -0.257752, 0.470612, -0.30868, -0.118581]
[-0.3033, -0.257752, 0.470615, -0.308692, -0.118583]
[-0.303239, -0.257752, 0.470613, -0.308696, -0.11858]
[-0.303259, -0.257752, 0.470609, -0.308662, -0.118584]
[-0.303296, -0.257752, 0.470613, -0.308702, -0.118577]
[-0.303266, -0.257752, 0.470613, -0.308697, -0.118579]
[-0.303234, -0.257752, 0.470611, -0.308664, -0.118585]
[-0.303267, -0.257752, 0.470613, -0.308691, -0.118583]
[-0.303249, -0.257752, 0.470608, -0.308709, -0.118583]
[-0.303236, -0.257752, 0.470617, -0.308692, -0.118582]
[-0.303268, -0.257752, 0.470614, -0.308677, -0.118577]
[-0.303301, -0.257752, 0.47061, -0.308712, -0.118579]
[-0.303236, -0.257752, 0.470612, -0.30868, -0.118584]
[-0.303282, -0.257752, 0.470611, -0.308683, -0.118581]
[-0.303294, -0.257752, 0.470615, -0.308698, -0.118577]
[-0.30327, -0.257752, 0.470617, -0.308664, -0.118581]
[-0.303284, -0.257752, 0.47062, -0.308668, -0.118581]
[-0.303261, -0.257752, 0.470609, -0.30871, -0.118585]
[-0.30328, -0.257752, 0.470612, -0.308699, -0.118581]
[-0.303236, -0.257752, 0.470618, -0.308669, -0.118577]
[-0.30329, -0.257752, 0.470607, -0.308682, -0.118585]
[-0.303271, -0.257752, 0.470608, -0.308667, -0.118579]
[-0.303303, -0.257752, 0.470614, -0.308704, -0.118586]
[-0.303259, -0.257752, 0.470618, -0.308685, -0.118586]
[-0.303234, -0.257752, 0.47061, -0.308686, -0.118578]
[-0.303261, -0.257752, 0.470606, -0.308675, -0.11858]
[-0.303254, -0.257752, 0.470615, -0.308682, -0.118586]
[-0.303261, -0.257752, 0.470614, -0.30867, -0.118579]
[-0.303257, -0.257752, 0.470608, -0.308682, -0.118581]
[-0.303238, -0.257752, 0.470618, -0.308667, -0.11858]
[-0.303255, -0.257752, 0.47061, -0.308678, -0.118584]
[-0.303283, -0.257752, 0.470608, -0.308682, -0.118578]
[-0.303291, -0.257752, 0.470614, -0.308676, -0.118579]
[-0.303302, -0.257752, 0.470611, -0.308708, -0.118584]
[-0.303265, -0.257752, 0.470621, -0.308692, -0.118577]
[-0.303241, -0.257752, 0.470616, -0.308699, -0.118585]
[-0.303288, -0.257752, 0.470612, -0.308701, -0.118581]
[-0.303233, -0.257752, 0.470607, -0.308665, -0.118581]
[-0.303248, -0.257752, 0.470608, -0.308707, -0.118581]
[-0.303276, -0.257752, 0.470606, -0.308671, -0.118584]
[-0.303275, -0.257752, 0.470609, -0.308704, -0.118585]
[-0.30328, -0.257752, 0.470617, -0.308706, -0.118585]
[-0.303269, -0.257752, 0.470617, -0.308663, -0.11858]
[-0.303269, -0.257752, 0.470611, -0.308705, -0.118579]
[-0.303255, -0.257752, 0.470611, -0.308662, -0.118579]
[-0.303301, -0.257752, 0.470616, -0.308677, -0.118579]
[-0.303285, -0.257752, 0.470618, -0.308706, -0.118579]
[-0.303291, -0.257752, 0.470612, -0.308674, -0.118581]
[-0.303282, -0.257752, 0.470607, -0.308702, -0.118586]
[-0.303267, -0.257752, 0.470611, -0.30871, -0.118579]
[-0.303256, -0.257752, 0.470613, -0.308678, -0.118579]
[-0.303299, -0.257752, 0.470613, -0.308708, -0.118584]
[-0.303263, -0.257752, 0.47061, -0.308695, -0.118584]
[-0.303289, -0.257752, 0.470616, -0.308705, -0.118583]
[-0.303251, -0.257752, 0.470616, -0.308663, -0.11858]
[-0.303276, -0.257752, 0.470615, -0.308707, -0.118579]
[-0.3033, -0.257752, 0.47062, -0.308693, -0.11858]
[-0.303287, -0.257752, 0.470618, -0.3087, -0.118579]
[-0.303266, -0.257752, 0.470612, -0.3087, -0.118583]
[-0.303265, -0.257752, 0.470618, -0.308706, -0.118579]
[-0.303263, -0.257752, 0.47062, -0.308674, -0.118585]
[-0.303256, -0.257752, 0.470618, -0.308696, -0.118584]
[-0.303277, -0.257752, 0.470615, -0.30871, -0.118586]
[-0.303244, -0.257752, 0.470617, -0.308697, -0.11858]
[-0.303291, -0.257752, 0.470611, -0.308689, -0.118584]
[-0.303263, -0.257752, 0.47061, -0.308701, -0.118586]
[-0.303255, -0.257752, 0.470612, -0.308677, -0.118583]
[-0.303265, -0.257752, 0.470607, -0.308695, -0.118579]
[-0.3033, -0.257752, 0.470608, -0.308673, -0.118577]
[-0.303287, -0.257752, 0.470615, -0.308676, -0.11858]
[-0.303267, -0.257752, 0.470613, -0.308664, -0.118584]
[-0.303258, -0.257752, 0.470608, -0.308707, -0.118581]
[-0.303258, -0.257752, 0.470619, -0.308712, -0.118578]
[-0.303276, -0.257752, 0.47062, -0.308693, -0.118585]
[-0.303268, -0.257752, 0.470621, -0.30867, -0.118579]
[-0.303291, -0.257752, 0.470614, -0.308678, -0.118586]
[-0.303246, -0.257752, 0.470618, -0.308662, -0.118585]
[-0.303292, -0.257752, 0.470616, -0.308665, -0.118586]
[-0.303271, -0.257752, 0.470615, -0.308673, -0.11858]
[-0.303268, -0.257752, 0.470606, -0.308673, -0.118579]
[-0.303246, -0.257752, 0.470612, -0.308683, -0.118577]
[-0.303243, -0.257752, 0.470611, -0.308698, -0.118585]
[-0.303266, -0.257752, 0.47062, -0.308678, -0.118585]
[-0.303273, -0.257752, 0.470616, -0.308662, -0.118582]
[-0.3033, -0.257752, 0.470613, -0.308693, -0.118578]
[-0.303252, -0.257752, 0.470607, -0.308704, -0.118582]
[-0.303255, -0.257752, 0.470606, -0.308704, -0.118577]
[-0.303242, -0.257752, 0.470616, -0.308695, -0.118579]
[-0.303256, -0.257752, 0.470612, -0.308691, -0.118578]
[-0.303252, -0.257752, 0.470616, -0.308668, -0.118581]
[-0.303265, -0.257752, 0.470618, -0.308675, -0.118585]
[-0.303244, -0.257752, 0.470608, -0.308665, -0.118585]
[-0.303262, -0.257752, 0.470614, -0.308685, -0.118584]
[-0.30329, -0.257752, 0.47062, -0.308668, -0.118584]
[-0.303242, -0.257752, 0.470615, -0.308709, -0.118585]
[-0.303289, -0.257752, 0.470616, -0.30867, -0.118585]
[-0.303259, -0.257752, 0.470612, -0.308684, -0.118583]
[-0.303252, -0.257752, 0.470617, -0.3087, -0.118579]
[-0.303246, -0.257752, 0.470606, -0.308678, -0.118583]
[-0.303298, -0.257752, 0.470615, -0.308703, -0.118586]
[-0.30326, -0.257752, 0.470614, -0.308706, -0.11858]
[-0.303292, -0.257752, 0.470615, -0.308666, -0.118586]
[-0.303255, -0.257752, 0.470615, -0.308693, -0.118583]
[-0.303291, -0.257752, 0.470612, -0.308712, -0.118582]
[-0.30326, -0.257752, 0.470617, -0.308669, -0.118584]
[-0.303254, -0.257752, 0.470617, -0.308674, -0.118584]
[-0.303284, -0.257752, 0.470615, -0.308688, -0.118583]
[-0.303246, -0.257752, 0.470611, -0.308707, -0.118582]
[-0.303295, -0.257752, 0.470606, -0.308677, -0.11858]
[-0.303283, -0.257752, 0.470606, -0.308695, -0.118581]
[-0.303239, -0.257752, 0.470621, -0.308711, -0.118585]
[-0.303278, -0.257752, 0.470613, -0.308685, -0.118581]
[-0.303296, -0.257752, 0.470618, -0.308694, -0.11858]
[-0.303258, -0.257752, 0.470616, -0.308689, -0.118583]
[-0.303273, -0.257752, 0.470613, -0.308712, -0.118579]
[-0.303287, -0.257752, 0.470611, -0.308707, -0.118586]
[-0.303266, -0.257752, 0.470614, -0.30867, -0.11858]
[-0.303285, -0.257752, 0.470615, -0.308706, -0.11858]
[-0.303301, -0.257752, 0.470616, -0.308681, -0.118586]
[-0.303236, -0.257752, 0.470609, -0.308663, -0.11858]
[-0.303258, -0.257752, 0.470609, -0.308712, -0.11858]
[-0.30325, -0.257752, 0.470608, -0.308678, -0.118578]
[-0.303253, -0.257752, 0.470614, -0.308698, -0.11858]
[-0.303259, -0.257752, 0.47061, -0.308678, -0.118581]
[-0.3033, -0.257752, 0.47061, -0.308685, -0.118584]
[-0.303268, -0.257752, 0.47061, -0.308667, -0.118579]
[-0.303233, -0.257752, 0.470606, -0.308686, -0.118585]
[-0.303256, -0.257752, 0.470608, -0.308694, -0.118581]
[-0.303295, -0.257752, 0.470618, -0.308667, -0.118584]
[-0.303241, -0.257752, 0.470613, -0.308708, -0.118581]
[-0.303303, -0.257752, 0.470615, -0.308683, -0.118577]
[-0.303235, -0.257752, 0.470608, -0.308668, -0.118584]
[-0.303252, -0.257752, 0.470621, -0.308683, -0.118577]
[-0.303249, -0.257752, 0.470615, -0.308684, -0.118582]
[-0.303291, -0.257752, 0.47061, -0.3087, -0.118583]
[-0.30328, -0.257752, 0.470616, -0.308677, -0.11858]
[-0.303249, -0.257752, 0.470606, -0.308671, -0.118584]
[-0.303232, -0.257752, 0.470608, -0.308702, -0.118582]
[-0.303274, -0.257752, 0.470616, -0.308712, -0.118584]
[-0.303271, -0.257752, 0.470609, -0.308675, -0.118583]
[-0.303299, -0.257752, 0.470614, -0.308684, -0.118579]
[-0.303232, -0.257752, 0.470607, -0.308673, -0.118581]
[-0.303238, -0.257752, 0.470611, -0.308688, -0.118585]
[-0.30325, -0.257752, 0.470608, -0.308704, -0.118582]
[-0.303294, -0.257752, 0.470618, -0.308705, -0.118578]
[-0.303277, -0.257752, 0.470617, -0.308691, -0.118581]
[-0.303248, -0.257752, 0.470616, -0.308672, -0.118582]
[-0.303294, -0.257752, 0.470615, -0.308697, -0.118578]
[-0.303236, -0.257752, 0.47061, -0.308685, -0.118578]
[-0.303275, -0.257752, 0.470619, -0.308664, -0.118579]
[-0.303272, -0.257752, 0.470612, -0.308684, -0.118585]
[-0.303267, -0.257752, 0.470607, -0.308664, -0.118585]
[-0.303241, -0.257752, 0.470607, -0.308672, -0.118582]
[-0.303261, -0.257752, 0.470613, -0.308671, -0.118583]
[-0.303239, -0.257752, 0.470615, -0.308671, -0.118584]
[-0.303282, -0.257752, 0.470616, -0.30867, -0.118578]
[-0.303277, -0.257752, 0.470615, -0.308694, -0.118585]
[-0.303247, -0.257752, 0.470618, -0.308669, -0.118578]
[-0.30327, -0.257752, 0.470616, -0.308675, -0.118584]
[-0.303291, -0.257752, 0.470612, -0.308671, -0.118585]
[-0.303261, -0.257752, 0.470612, -0.308687, -0.118582]
[-0.303271, -0.257752, 0.470616, -0.308675, -0.118585]
[-0.303281, -0.257752, 0.470606, -0.308693, -0.118584]
[-0.303284, -0.257752, 0.470618, -0.308701, -0.118584]
[-0.303298, -0.257752, 0.470617, -0.308682, -0.118585]
[-0.303259, -0.257752, 0.470613, -0.308682, -0.118581]
[-0.303269, -0.257752, 0.470619, -0.308696, -0.118579]
[-0.303258, -0.257752, 0.470616, -0.308688, -0.118578]
[-0.303293, -0.257752, 0.470621, -0.308663, -0.118584]
[-0.303302, -0.257752, 0.470611, -0.308696, -0.118579]
[-0.303296, -0.257752, 0.470617, -0.308663, -0.118585]
[-0.303288, -0.257752, 0.470616, -0.308682, -0.118585]
[-0.303257, -0.257752, 0.470617, -0.308696, -0.118584]
[-0.303249, -0.257752, 0.470619, -0.308706, -0.118584]
[-0.303287, -0.257752, 0.470612, -0.30871, -0.118583]
[-0.303242, -0.257752, 0.470616, -0.308703, -0.118585]
[-0.303239, -0.257752, 0.470613, -0.308667, -0.118583]
[-0.303294, -0.257752, 0.470609, -0.30871, -0.118582]
[-0.303248, -0.257752, 0.470614, -0.308673, -0.11858]
[-0.303285, -0.257752, 0.470606, -0.308694, -0.11858]
[-0.303257, -0.257752, 0.47061, -0.308682, -0.118577]
[-0.303281, -0.257752, 0.470607, -0.308695, -0.11858]
[-0.303243, -0.257752, 0.470609, -0.308681, -0.118585]
[-0.303302, -0.257752, 0.470616, -0.308688, -0.118579]
[-0.303266, -0.257752, 0.470612, -0.308707, -0.118584]
[-0.303261, -0.257752, 0.470608, -0.308673, -0.118586]
[-0.303271, -0.257752, 0.47061, -0.308685, -0.118586]
[-0.303236, -0.257752, 0.47062, -0.30871, -0.118581]
[-0.303296, -0.257752, 0.470606, -0.308677, -0.118579]
[-0.303267, -0.257752, 0.470616, -0.308671, -0.118583]
[-0.303292, -0.257752, 0.470621, -0.30867, -0.118579]
[-0.303287, -0.257752, 0.470609, -0.308701, -0.118578]
[-0.303233, -0.257752, 0.470613, -0.308679, -0.118586]
[-0.303242, -0.257752, 0.470612, -0.308689, -0.11858]
[-0.303273, -0.257752, 0.470614, -0.308694, -0.118585]
[-0.303286, -0.257752, 0.47062, -0.308699, -0.118584]
[-0.303254, -0.257752, 0.47061, -0.308709, -0.118579]
[-0.303297, -0.257752, 0.47061, -0.308691, -0.118586]
[-0.303248, -0.257752, 0.470611, -0.308681, -0.118579]
[-0.303288, -0.257752, 0.47062, -0.308695, -0.11858]
[-0.303266, -0.257752, 0.470614, -0.308669, -0.118584]
[-0.303295, -0.257752, 0.470607, -0.308701, -0.118579]
[-0.303301, -0.257752, 0.470609, -0.308696, -0.118586]
[-0.303261, -0.257752, 0.470606, -0.308696, -0.118579]
[-0.30327, -0.257752, 0.470609, -0.308691, -0.118585]
[-0.303269, -0.257752, 0.470609, -0.308662, -0.118578]
[-0.303279, -0.257752, 0.470608, -0.30867, -0.118582]
[-0.303249, -0.257752, 0.470621, -0.308663, -0.118584]
[-0.303297, -0.257752, 0.470612, -0.308687, -0.118578]
[-0.303299, -0.257752, 0.47062, -0.308706, -0.118583]
[-0.303282, -0.257752, 0.470613, -0.308691, -0.118581]
[-0.303287, -0.257752, 0.470614, -0.308709, -0.118586]
[-0.303272, -0.257752, 0.470614, -0.308668, -0.118584]
[-0.303302, -0.257752, 0.470608, -0.308691, -0.118578]
[-0.303273, -0.257752, 0.470615, -0.308709, -0.118582]
[-0.3033, -0.257752, 0.470614, -0.308664, -0.118579]
[-0.303303, -0.257752, 0.47061, -0.308666, -0.118584]
[-0.303244, -0.257752, 0.470611, -0.308695, -0.118577]
[-0.303239, -0.257752, 0.47062, -0.308692, -0.118579]
[-0.30324, -0.257752, 0.47062, -0.308707, -0.118581]
[-0.303301, -0.257752, 0.470621, -0.308662, -0.118578]
[-0.303279, -0.257752, 0.470616, -0.308702, -0.118583]
[-0.303272, -0.257752, 0.470617, -0.308686, -0.118581]
[-0.303269, -0.257752, 0.470613, -0.308673, -0.118578]
[-0.303256, -0.257752, 0.470612, -0.308674, -0.118586]
[-0.303281, -0.257752, 0.470616, -0.3087, -0.118583]
[-0.303266, -0.257752, 0.470609, -0.308664, -0.118581]
[-0.303296, -0.257752, 0.470614, -0.308669, -0.118578]
[-0.303269, -0.257752, 0.47061, -0.308706, -0.118586]
[-0.303251, -0.257752, 0.470609, -0.308678, -0.118583]
[-0.303237, -0.257752, 0.47061, -0.308684, -0.118586]
[-0.303244, -0.257752, 0.47061, -0.308685, -0.118579]
[-0.303264, -0.257752, 0.470612, -0.308666, -0.118579]
[-0.303299, -0.257752, 0.470611, -0.308706, -0.118579]
[-0.303293, -0.257752, 0.470617, -0.308688, -0.118583]
[-0.303267, -0.257752, 0.470609, -0.308674, -0.11858]
[-0.303244, -0.257752, 0.470611, -0.308679, -0.118584]
[-0.303244, -0.257752, 0.470609, -0.308665, -0.118585]
[-0.303244, -0.257752, 0.470616, -0.308694, -0.118581]
[-0.303273, -0.257752, 0.470615, -0.308685, -0.118583]
[-0.303248, -0.257752, 0.470613, -0.308683, -0.118584]
[-0.303255, -0.257752, 0.470608, -0.308689, -0.118585]
[-0.303247, -0.257752, 0.47061, -0.308662, -0.118582]
[-0.303284, -0.257752, 0.47061, -0.30869, -0.118579]
[-0.303245, -0.257752, 0.470607, -0.308667, -0.118583]
[-0.303271, -0.257752, 0.470612, -0.308698, -0.118585]
[-0.303296, -0.257752, 0.470608, -0.308687, -0.118584]
[-0.303257, -0.257752, 0.470619, -0.308699, -0.118577]
[-0.303296, -0.257752, 0.470606, -0.308683, -0.118577]
[-0.303242, -0.257752, 0.470619, -0.3087, -0.118583]
[-0.303233, -0.257752, 0.470606, -0.308697, -0.118577]
[-0.303302, -0.257752, 0.470607, -0.308713, -0.118585]
[-0.303236, -0.257752, 0.470616, -0.308666, -0.118585]
[-0.303246, -0.257752, 0.470617, -0.308698, -0.118578]
[-0.303269, -0.257752, 0.470615, -0.308674, -0.118586]
[-0.303277, -0.257752, 0.470614, -0.308665, -0.118583]
[-0.303282, -0.257752, 0.470614, -0.308679, -0.118584]
[-0.303255, -0.257752, 0.470614, -0.308672, -0.118579]
[-0.303285, -0.257752, 0.470621, -0.308661, -0.118581]
[-0.303243, -0.257752, 0.470621, -0.30871, -0.118581]
[-0.303253, -0.257752, 0.470611, -0.308673, -0.11858]
[-0.303294, -0.257752, 0.470612, -0.3087, -0.118578]
[-0.303303, -0.257752, 0.470607, -0.308674, -0.118581]
[-0.30325, -0.257752, 0.470619, -0.308682, -0.118585]
[-0.303284, -0.257752, 0.470608, -0.308704, -0.118579]
[-0.303266, -0.257752, 0.470609, -0.308708, -0.118583]
[-0.303302, -0.257752, 0.470614, -0.308668, -0.118584]
[-0.303297, -0.257752, 0.47061, -0.308703, -0.118578]
[-0.303277, -0.257752, 0.470617, -0.308676, -0.11858]
[-0.303295, -0.257752, 0.470618, -0.308694, -0.11858]
[-0.303284, -0.257752, 0.470618, -0.308688, -0.118582]
[-0.303249, -0.257752, 0.470616, -0.308663, -0.118586]
[-0.303253, -0.257752, 0.470613, -0.3087, -0.11858]
[-0.303298, -0.257752, 0.470615, -0.308689, -0.118582]
[-0.303281, -0.257752, 0.47062, -0.308693, -0.118585]
[-0.303254, -0.257752, 0.470613, -0.308697, -0.118579]
[-0.303287, -0.257752, 0.470608, -0.308688, -0.118578]
[-0.303259, -0.257752, 0.470613, -0.308688, -0.118585]
[-0.303258, -0.257752, 0.470611, -0.30871, -0.118585]
[-0.303248, -0.257752, 0.470619, -0.308667, -0.118582]
[-0.303244, -0.257752, 0.470609, -0.308693, -0.118583]
[-0.30326, -0.257752, 0.470621, -0.30867, -0.118577]
[-0.303248, -0.257752, 0.470608, -0.308662, -0.118577]
[-0.303243, -0.257752, 0.470619, -0.308676, -0.11858]
[-0.303239, -0.257752, 0.470614, -0.308687, -0.118578]
[-0.303234, -0.257752, 0.470619, -0.308666, -0.118584]
[-0.303259, -0.257752, 0.47061, -0.308688, -0.118585]
[-0.303255, -0.257752, 0.47061, -0.308693, -0.118579]
[-0.303234, -0.257752, 0.47062, -0.308692, -0.118582]
[-0.303272, -0.257752, 0.470612, -0.308663, -0.118583]
[-0.303289, -0.257752, 0.470618, -0.30867, -0.118578]
[-0.303261, -0.257752, 0.470616, -0.308682, -0.118583]
[-0.303277, -0.257752, 0.470619, -0.308669, -0.118577]
[-0.303266, -0.257752, 0.470617, -0.308695, -0.118583]
[-0.3033, -0.257752, 0.470615, -0.30869, -0.118582]
[-0.303265, -0.257752, 0.470613, -0.308707, -0.11858]
[-0.303264, -0.257752, 0.470618, -0.308701, -0.118584]
[-0.303247, -0.257752, 0.470612, -0.308698, -0.118582]
[-0.303236, -0.257752, 0.470614, -0.308701, -0.118583]
[-0.303263, -0.257752, 0.47061, -0.308706, -0.118584]
[-0.303281, -0.257752, 0.470613, -0.308669, -0.118582]
[-0.303278, -0.257752, 0.47061, -0.308681, -0.11858]
[-0.303293, -0.257752, 0.470607, -0.308705, -0.118577]
[-0.303255, -0.257752, 0.470612, -0.30867, -0.118581]
[-0.303287, -0.257752, 0.47062, -0.308709, -0.118584]
[-0.303252, -0.257752, 0.470617, -0.308688, -0.118586]
[-0.303302, -0.257752, 0.470618, -0.30868, -0.118584]
[-0.303257, -0.257752, 0.470609, -0.308704, -0.118585]
[-0.303253, -0.257752, 0.470621, -0.308674, -0.118581]
[-0.303246, -0.257752, 0.470614, -0.308695, -0.118584]
[-0.303281, -0.257752, 0.470613, -0.30868, -0.118581]
[-0.303292, -0.257752, 0.470608, -0.308669, -0.118583]
[-0.303243, -0.257752, 0.470618, -0.308707, -0.118583]
[-0.303256, -0.257752, 0.470619, -0.308704, -0.118577]
[-0.303297, -0.257752, 0.470613, -0.308692, -0.118586]
[-0.303277, -0.257752, 0.470615, -0.308688, -0.118584]
[-0.303252, -0.257752, 0.470621, -0.308677, -0.11858]
[-0.303268, -0.257752, 0.470611, -0.308688, -0.118584]
[-0.30326, -0.257752, 0.470616, -0.308695, -0.11858]
[-0.303253, -0.257752, 0.470607, -0.308672, -0.118586]
[-0.303287, -0.257752, 0.470607, -0.308671, -0.118582]
[-0.303275, -0.257752, 0.470613, -0.308679, -0.118581]
[-0.303255, -0.257752, 0.470609, -0.308695, -0.118582]
[-0.303237, -0.257752, 0.470617, -0.308697, -0.118582]
[-0.303273, -0.257752, 0.470618, -0.308709, -0.118581]
[-0.303266, -0.257752, 0.470612, -0.308677, -0.118582]
[-0.303288, -0.257752, 0.470618, -0.308701, -0.118579]
[-0.303295, -0.257752, 0.470608, -0.308689, -0.118578]
[-0.303257, -0.257752, 0.470619, -0.308702, -0.118583]
[-0.303251, -0.257752, 0.470617, -0.308673, -0.118582]
[-0.303267, -0.257752, 0.47061, -0.308705, -0.118582]
[-0.303258, -0.257752, 0.470612, -0.308668, -0.118582]
[-0.303279, -0.257752, 0.470617, -0.308662, -0.118585]
[-0.30325, -0.257752, 0.47061, -0.308702, -0.118582]
[-0.303297, -0.257752, 0.470612, -0.30868, -0.118582]
[-0.303259, -0.257752, 0.470612, -0.308674, -0.118579]
[-0.303287, -0.257752, 0.47062, -0.308662, -0.11858]
[-0.303288, -0.257752, 0.470611, -0.308702, -0.118579]
[-0.303294, -0.257752, 0.47061, -0.308679, -0.118581]
[-0.303269, -0.257752, 0.470611, -0.308681, -0.118582]
[-0.303243, -0.257752, 0.470611, -0.308707, -0.118579]
[-0.30328, -0.257752, 0.470616, -0.308695, -0.118582]
[-0.303262, -0.257752, 0.470616, -0.308667, -0.118582]
[-0.303273, -0.257752, 0.47061, -0.308698, -0.118582]
[-0.303262, -0.257752, 0.470617, -0.308688, -0.118585]
[-0.303286, -0.257752, 0.470617, -0.308678, -0.118578]
[-0.303268, -0.257752, 0.470614, -0.308705, -0.118583]
[-0.303251, -0.257752, 0.470619, -0.308686, -0.118583]
[-0.303267, -0.257752, 0.470618, -0.308712, -0.118586]
[-0.303273, -0.257752, 0.470615, -0.308708, -0.118583]
[-0.30329, -0.257752, 0.470618, -0.308706, -0.118584]
[-0.303254, -0.257752, 0.470617, -0.308708, -0.118586]
[-0.303278, -0.257752, 0.47061, -0.308688, -0.118577]
[-0.303263, -0.257752, 0.47061, -0.30867, -0.118581]
[-0.303251, -0.257752, 0.470616, -0.308706, -0.118586]
[-0.303252, -0.257752, 0.470607, -0.30869, -0.118585]
[-0.303266, -0.257752, 0.47061, -0.308699, -0.118585]
[-0.30326, -0.257752, 0.470617, -0.308706, -0.118586]
[-0.303271, -0.257752, 0.470621, -0.308672, -0.118584]
[-0.30326, -0.257752, 0.470607, -0.308693, -0.118583]
[-0.303295, -0.257752, 0.47061, -0.3087, -0.118584]
[-0.303254, -0.257752, 0.470612, -0.308708, -0.11858]
[-0.303255, -0.257752, 0.470611, -0.308672, -0.118584]
[-0.303256, -0.257752, 0.470609, -0.308682, -0.118585]
[-0.303278, -0.257752, 0.470611, -0.30868, -0.118584]
[-0.303294, -0.257752, 0.47061, -0.308694, -0.118586]
[-0.303248, -0.257752, 0.470614, -0.308679, -0.118581]
[-0.303253, -0.257752, 0.470618, -0.308677, -0.118582]
[-0.303284, -0.257752, 0.470619, -0.308702, -0.118581]
[-0.30328, -0.257752, 0.470617, -0.30871, -0.118582]
[-0.303253, -0.257752, 0.470611, -0.308689, -0.118581]
[-0.303288, -0.257752, 0.470618, -0.308673, -0.11858]
[-0.30327, -0.257752, 0.470613, -0.308696, -0.118584]
[-0.303281, -0.257752, 0.470611, -0.308686, -0.118581]
[-0.3033, -0.257752, 0.470618, -0.308706, -0.118581]
[-0.303269, -0.257752, 0.470614, -0.308684, -0.118584]
[-0.303279, -0.257752, 0.470618, -0.308689, -0.118581]
[-0.303251, -0.257752, 0.470608, -0.308702, -0.118585]
[-0.303289, -0.257752, 0.470611, -0.308703, -0.118583]
[-0.303287, -0.257752, 0.470609, -0.308663, -0.118586]
[-0.303252, -0.257752, 0.470616, -0.308673, -0.118584]
[-0.303253, -0.257752, 0.470617, -0.308696, -0.118582]
[-0.303261, -0.257752, 0.470619, -0.30867, -0.11858]
[-0.30327, -0.257752, 0.470617, -0.308671, -0.118585]
[-0.303269, -0.257752, 0.470614, -0.308698, -0.118581]
[-0.303268, -0.257752, 0.470612, -0.308707, -0.118586]
[-0.303286, -0.257752, 0.470608, -0.308695, -0.118585]
[-0.303273, -0.257752, 0.470608, -0.3087, -0.118584]
[-0.303257, -0.257752, 0.470613, -0.308709, -0.118585]
[-0.303259, -0.257752, 0.470613, -0.308669, -0.118586]
[-0.303279, -0.257752, 0.470617, -0.308708, -0.118582]
[-0.30325, -0.257752, 0.470612, -0.308691, -0.11858]
[-0.303296, -0.257752, 0.470614, -0.308699, -0.118584]
[-0.303263, -0.257752, 0.470612, -0.308693, -0.118583]
[-0.303286, -0.257752, 0.470614, -0.308662, -0.118582]
[-0.303274, -0.257752, 0.470617, -0.308687, -0.118583]
[-0.303264, -0.257752, 0.470615, -0.308683, -0.118584]
[-0.303294, -0.257752, 0.470612, -0.308706, -0.118584]
[-0.303298, -0.257752, 0.470612, -0.308703, -0.118581]
[-0.303259, -0.257752, 0.470609, -0.308704, -0.118584]
[-0.30326, -0.257752, 0.470612, -0.308709, -0.118582]
[-0.303281, -0.257752, 0.470619, -0.308695, -0.118584]
[-0.303284, -0.257752, 0.470618, -0.308685, -0.118581]
[-0.303258, -0.257752, 0.47062, -0.308668, -0.118582]
[-0.30329, -0.257752, 0.470609, -0.308685, -0.118583]
[-0.3033, -0.257752, 0.470614, -0.308672, -0.118581]
[-0.303288, -0.257752, 0.470609, -0.308711, -0.118581]
[-0.303275, -0.257752, 0.470618, -0.3087, -0.118585]
[-0.303302, -0.257752, 0.470611, -0.308712, -0.118585]
[-0.303278, -0.257752, 0.470617, -0.308692, -0.11858]
[-0.303267, -0.257752, 0.470614, -0.308665, -0.118585]
[-0.303269, -0.257752, 0.470614, -0.308667, -0.118585]
[-0.303258, -0.257752, 0.470616, -0.308679, -0.118582]
[-0.303264, -0.257752, 0.470613, -0.308666, -0.118584]
[-0.30328, -0.257752, 0.470619, -0.308681, -0.118583]
[-0.303266, -0.257752, 0.470616, -0.30871, -0.118584]
[-0.303264, -0.257752, 0.47061, -0.308713, -0.118584]
[-0.303272, -0.257752, 0.470616, -0.308695, -0.118581]
[-0.303287, -0.257752, 0.470618, -0.308678, -0.11858]
[-0.30328, -0.257752, 0.470611, -0.308684, -0.118585]
[-0.303285, -0.257752, 0.470607, -0.308673, -0.118584]
[-0.30327, -0.257752, 0.470609, -0.308689, -0.118584]
[-0.303257, -0.257752, 0.470618, -0.308669, -0.118582]
[-0.303302, -0.257752, 0.470616, -0.308704, -0.118586]
[-0.303277, -0.257752, 0.470611, -0.308705, -0.118583]
[-0.30327, -0.257752, 0.470611, -0.308668, -0.118585]
[-0.303278, -0.257752, 0.470619, -0.308676, -0.118584]
[-0.303249, -0.257752, 0.47062, -0.308712, -0.118585]
[-0.303295, -0.257752, 0.470612, -0.308698, -0.118582]
[-0.303259, -0.257752, 0.470611, -0.30868, -0.118583]
[-0.303258, -0.257752, 0.470612, -0.308696, -0.118583]
[-0.303272, -0.257752, 0.470614, -0.308668, -0.118585]
[-0.303261, -0.257752, 0.470609, -0.308703, -0.118583]
[-0.303286, -0.257752, 0.470619, -0.308694, -0.118582]
[-0.303269, -0.257752, 0.470611, -0.308665, -0.118582]
[-0.303248, -0.257752, 0.470616, -0.308662, -0.118585]
[-0.303299, -0.257752, 0.470617, -0.308674, -0.118585]
[-0.303297, -0.257752, 0.470608, -0.308677, -0.118582]
[-0.303287, -0.257752, 0.470618, -0.308694, -0.118583]
[-0.303275, -0.257752, 0.470611, -0.308663, -0.118581]
[-0.30327, -0.257752, 0.470618, -0.308707, -0.118582]
[-0.303291, -0.257752, 0.47061, -0.308699, -0.118583]
[-0.303298, -0.257752, 0.470617, -0.308677, -0.118583]
[-0.303284, -0.257752, 0.470609, -0.308678, -0.118583]
[-0.303271, -0.257752, 0.470611, -0.308697, -0.118583]
[-0.303254, -0.257752, 0.470621, -0.308692, -0.118586]
[-0.303283, -0.257752, 0.470618, -0.3087, -0.118585]
[-0.303288, -0.257752, 0.470615, -0.308703, -0.118584]
[-0.303292, -0.257752, 0.470617, -0.308699, -0.118583]
[-0.303279, -0.257752, 0.47061, -0.308706, -0.118581]
[-0.303251, -0.257752, 0.470609, -0.308675, -0.118582]
[-0.303277, -0.257752, 0.47061, -0.308693, -0.118584]
[-0.303279, -0.257752, 0.470609, -0.3087, -0.118585]
[-0.303277, -0.257752, 0.470609, -0.308685, -0.118583]
[-0.303246, -0.257752, 0.470607, -0.308699, -0.118583]
[-0.303272, -0.257752, 0.470606, -0.308681, -0.118583]
[-0.303298, -0.257752, 0.47062, -0.308706, -0.118581]
[-0.303299, -0.257752, 0.470618, -0.308703, -0.11858]
[-0.303286, -0.257752, 0.47061, -0.308703, -0.118583]
[-0.303249, -0.257752, 0.470615, -0.308698, -0.118584]
[-0.303248, -0.257752, 0.470609, -0.308672, -0.118583]
[-0.303272, -0.257752, 0.470615, -0.308686, -0.118586]
[-0.303292, -0.257752, 0.470614, -0.308665, -0.118586]
[-0.303299, -0.257752, 0.470617, -0.308686, -0.118581]
[-0.303281, -0.257752, 0.470608, -0.308697, -0.118581]
[-0.30326, -0.257752, 0.470606, -0.308704, -0.118585]
[-0.3033, -0.257752, 0.470613, -0.308691, -0.118586]
[-0.303249, -0.257752, 0.470609, -0.308669, -0.118582]
[-0.303281, -0.257752, 0.470612, -0.308689, -0.118581]
[-0.303254, -0.257752, 0.470612, -0.308708, -0.118584]
[-0.303276, -0.257752, 0.470611, -0.308677, -0.118584]
[-0.303289, -0.257752, 0.470621, -0.308705, -0.118584]
[-0.303248, -0.257752, 0.470614, -0.308693, -0.118582]
[-0.303266, -0.257752, 0.470609, -0.308688, -0.118585]
[-0.303272, -0.257752, 0.470617, -0.308692, -0.118584]
[-0.303275, -0.257752, 0.470608, -0.308688, -0.118583]
[-0.303301, -0.257752, 0.47061, -0.308691, -0.118581]
[-0.303271, -0.257752, 0.47062, -0.308674, -0.118584]
[-0.303274, -0.257752, 0.470615, -0.308679, -0.118583]
[-0.303275, -0.257752, 0.47062, -0.308665, -0.118581]
[-0.303257, -0.257752, 0.470619, -0.308693, -0.118583]
[-0.303264, -0.257752, 0.470616, -0.308709, -0.118582]
[-0.303275, -0.257752, 0.47061, -0.308675, -0.11858]
[-0.303253, -0.257752, 0.470614, -0.308686, -0.118585]
[-0.303292, -0.257752, 0.470616, -0.308669, -0.118585]
[-0.30328, -0.257752, 0.470617, -0.308695, -0.118584]
[-0.303269, -0.257752, 0.470607, -0.308669, -0.118584]
[-0.303301, -0.257752, 0.470618, -0.308707, -0.118581]
[-0.303264, -0.257752, 0.470607, -0.308698, -0.118584]
[-0.3033, -0.257752, 0.470611, -0.308666, -0.118585]
[-0.303263, -0.257752, 0.470611, -0.308693, -0.118581]
[-0.303259, -0.257752, 0.470611, -0.308696, -0.118581]
[-0.30325, -0.257752, 0.470611, -0.3087, -0.118581]
[-0.303293, -0.257752, 0.470615, -0.308709, -0.118584]
[-0.303257, -0.257752, 0.470606, -0.308684, -0.118584]
[-0.303284, -0.257752, 0.470617, -0.308699, -0.118585]
[-0.303264, -0.257752, 0.47062, -0.308712, -0.118585]
[-0.303273, -0.257752, 0.470607, -0.308686, -0.11858]
[-0.303257, -0.257752, 0.470618, -0.308662, -0.118583]
[-0.303285, -0.257752, 0.470614, -0.308707, -0.118585]
[-0.303298, -0.257752, 0.470613, -0.308672, -0.118585]
[-0.303263, -0.257752, 0.470614, -0.308676, -0.118583]
[-0.303273, -0.257752, 0.470606, -0.30871, -0.118583]
[-0.303297, -0.257752, 0.47061, -0.308676, -0.118586]
[-0.303289, -0.257752, 0.470616, -0.308693, -0.11858]
[-0.303263, -0.257752, 0.470607, -0.308694, -0.118581]
[-0.303291, -0.257752, 0.470616, -0.308687, -0.118585]
[-0.303261, -0.257752, 0.470613, -0.30867, -0.118585]
[-0.303276, -0.257752, 0.470613, -0.308712, -0.118584]
[-0.30329, -0.257752, 0.470616, -0.308711, -0.118586]
[-0.303258, -0.257752, 0.47062, -0.308711, -0.118583]
[-0.303302, -0.257752, 0.470619, -0.308681, -0.118581]
[-0.303297, -0.257752, 0.470614, -0.30867, -0.118582]
[-0.303281, -0.257752, 0.470617, -0.308669, -0.118586]
[-0.303259, -0.257752, 0.47062, -0.308681, -0.118582]
[-0.303303, -0.257752, 0.470611, -0.308662, -0.11858]
[-0.30328, -0.257752, 0.470608, -0.308712, -0.118585]
[-0.303264, -0.257752, 0.47061, -0.308713, -0.11858]
[-0.30326, -0.257752, 0.470615, -0.308696, -0.118584]
[-0.303303, -0.257752, 0.470614, -0.308689, -0.118585]
[-0.303293, -0.257752, 0.470616, -0.308711, -0.118584]
[-0.303255, -0.257752, 0.470606, -0.308662, -0.118582]
[-0.303293, -0.257752, 0.470608, -0.3087, -0.118582]
[-0.303275, -0.257752, 0.470611, -0.308695, -0.118581]
[-0.303278, -0.257752, 0.470617, -0.308666, -0.118583]
[-0.303294, -0.257752, 0.470611, -0.308664, -0.118581]
[-0.303273, -0.257752, 0.470609, -0.308682, -0.11858]
[-0.303282, -0.257752, 0.470616, -0.308697, -0.118583]
[-0.303274, -0.257752, 0.47062, -0.308696, -0.118585]
[-0.303295, -0.257752, 0.470615, -0.308683, -0.118585]
[-0.303297, -0.257752, 0.470611, -0.308708, -0.118585]
[-0.303246, -0.257752, 0.470616, -0.308688, -0.118583]
[-0.303248, -0.257752, 0.470614, -0.308685, -0.118585]
[-0.303268, -0.257752, 0.470611, -0.308712, -0.118584]
[-0.303294, -0.257752, 0.470607, -0.308709, -0.118582]
[-0.303269, -0.257752, 0.470616, -0.308679, -0.118583]
[-0.303247, -0.257752, 0.47061, -0.308677, -0.118584]
[-0.303262, -0.257752, 0.470611, -0.308667, -0.118581]
[-0.303264, -0.257752, 0.470607, -0.308709, -0.118585]
[-0.303294, -0.257752, 0.470611, -0.308691, -0.118582]
[-0.303284, -0.257752, 0.470609, -0.308675, -0.118581]
[-0.30327, -0.257752, 0.470611, -0.308695, -0.118586]
[-0.303248, -0.257752, 0.470618, -0.308695, -0.118583]
[-0.303261, -0.257752, 0.470619, -0.308679, -0.118581]
[-0.30326, -0.257752, 0.470618, -0.308691, -0.118585]
[-0.303259, -0.257752, 0.470608, -0.308704, -0.118585]
[-0.303276, -0.257752, 0.470617, -0.308684, -0.118582]
[-0.303266, -0.257752, 0.470611, -0.308699, -0.118585]
[-0.303262, -0.257752, 0.470616, -0.308666, -0.118581]
[-0.303262, -0.257752, 0.470618, -0.308674, -0.118585]
[-0.303271, -0.257752, 0.470614, -0.308675, -0.118583]
[-0.303259, -0.257752, 0.470615, -0.308688, -0.118581]
[-0.303287, -0.257752, 0.470618, -0.308701, -0.118583]
[-0.303251, -0.257752, 0.470621, -0.308665, -0.118581]
[-0.303287, -0.257752, 0.47061, -0.308691, -0.118585]
[-0.303303, -0.257752, 0.470616, -0.308712, -0.118584]
[-0.303264, -0.257752, 0.470606, -0.308679, -0.118582]
[-0.303288, -0.257752, 0.470607, -0.308707, -0.118581]
[-0.303291, -0.257752, 0.470608, -0.308708, -0.11858]
[-0.303251, -0.257752, 0.470617, -0.308692, -0.118583]
[-0.303249, -0.257752, 0.470608, -0.308689, -0.118581]
[-0.303256, -0.257752, 0.470619, -0.308691, -0.118583]
[-0.303257, -0.257752, 0.470613, -0.308703, -0.118581]
[-0.303288, -0.257752, 0.470611, -0.308713, -0.118581]
[-0.303295, -0.257752, 0.470609, -0.308705, -0.118586]
[-0.303288, -0.257752, 0.470617, -0.308685, -0.118581]
[-0.303262, -0.257752, 0.470616, -0.308695, -0.118581]
[-0.303253, -0.257752, 0.470614, -0.308669, -0.118585]
[-0.303265, -0.257752, 0.47062, -0.308684, -0.118582]
[-0.303299, -0.257752, 0.470609, -0.308706, -0.11858]
[-0.30326, -0.257752, 0.470619, -0.308698, -0.118584]
[-0.303278, -0.257752, 0.47061, -0.30868, -0.118585]
[-0.303255, -0.257752, 0.47062, -0.308669, -0.118581]
[-0.303248, -0.257752, 0.470612, -0.308711, -0.118584]
[-0.303253, -0.257752, 0.47061, -0.308695, -0.118585]
[-0.303291, -0.257752, 0.470619, -0.308682, -0.118582]
[-0.303255, -0.257752, 0.470617, -0.308684, -0.118585]
[-0.303276, -0.257752, 0.470615, -0.30869, -0.118582]
[-0.303298, -0.257752, 0.470607, -0.308667, -0.118583]
[-0.303256, -0.257752, 0.470613, -0.308688, -0.118581]
[-0.30329, -0.257752, 0.470614, -0.3087, -0.118584]
[-0.303298, -0.257752, 0.47062, -0.308712, -0.118583]
[-0.3033, -0.257752, 0.470608, -0.308705, -0.118585]
[-0.303248, -0.257752, 0.470611, -0.308686, -0.118581]
[-0.303264, -0.257752, 0.470606, -0.308692, -0.118582]
[-0.303246, -0.257752, 0.470609, -0.308699, -0.118582]
[-0.303264, -0.257752, 0.470621, -0.308712, -0.118585]
[-0.30328, -0.257752, 0.470614, -0.308709, -0.118582]
[-0.303253, -0.257752, 0.470608, -0.308702, -0.118586]
[-0.303265, -0.257752, 0.470609, -0.308685, -0.11858]
[-0.303281, -0.257752, 0.470608, -0.308706, -0.118584]
[-0.30326, -0.257752, 0.470618, -0.308702, -0.118585]
[-0.303276, -0.257752, 0.470615, -0.308686, -0.118583]
[-0.303271, -0.257752, 0.470608, -0.308678, -0.118583]
[-0.303281, -0.257752, 0.470616, -0.308686, -0.118582]
[-0.303297, -0.257752, 0.470609, -0.308691, -0.118581]
[-0.303271, -0.257752, 0.470609, -0.308692, -0.118582]
[-0.303269, -0.257752, 0.470616, -0.308688, -0.118582]
[-0.303302, -0.257752, 0.470621, -0.308687, -0.118582]
[-0.303255, -0.257752, 0.470613, -0.308663, -0.118581]
[-0.303259, -0.257752, 0.47062, -0.30871, -0.118581]
[-0.303261, -0.257752, 0.47061, -0.308669, -0.118583]
[-0.303289, -0.257752, 0.470608, -0.308693, -0.118585]
[-0.303299, -0.257752, 0.470608, -0.30871, -0.118582]
[-0.303263, -0.257752, 0.470617, -0.308709, -0.118584]
[-0.303255, -0.257752, 0.470613, -0.308666, -0.118582]
[-0.303294, -0.257752, 0.470606, -0.308706, -0.118585]
[-0.303258, -0.257752, 0.470613, -0.308669, -0.118582]
[-0.303281, -0.257752, 0.470616, -0.308704, -0.118583]
[-0.303263, -0.257752, 0.470619, -0.308692, -0.118581]
[-0.303284, -0.257752, 0.47062, -0.308679, -0.118582]
[-0.30328, -0.257752, 0.470607, -0.308667, -0.118582]
[-0.303271, -0.257752, 0.470616, -0.308671, -0.118584]
[-0.303258, -0.257752, 0.470608, -0.308675, -0.118585]
[-0.303256, -0.257752, 0.470611, -0.308687, -0.118584]
[-0.303252, -0.257752, 0.470615, -0.308696, -0.118583]
[-0.303247, -0.257752, 0.470619, -0.308711, -0.118581]
[-0.303249, -0.257752, 0.470616, -0.308704, -0.118582]
[-0.303297, -0.257752, 0.470612, -0.30868, -0.11858]
[-0.303271, -0.257752, 0.470619, -0.308692, -0.118583]
[-0.303287, -0.257752, 0.470617, -0.308686, -0.118586]
[-0.303254, -0.257752, 0.470618, -0.308693, -0.118581]
[-0.303259, -0.257752, 0.470613, -0.308699, -0.118581]
[-0.303294, -0.257752, 0.470612, -0.308705, -0.118584]
[-0.303288, -0.257752, 0.470614, -0.308702, -0.118585]
[-0.303262, -0.257752, 0.470607, -0.308693, -0.118585]
[-0.303297, -0.257752, 0.470613, -0.308672, -0.118582]
[-0.303297, -0.257752, 0.470612, -0.308667, -0.118581]
[-0.303252, -0.257752, 0.470612, -0.308692, -0.118581]
[-0.303281, -0.257752, 0.470616, -0.308696, -0.11858]
[-0.303284, -0.257752, 0.470608, -0.308695, -0.118583]
[-0.303277, -0.257752, 0.470611, -0.308677, -0.118582]
[-0.303274, -0.257752, 0.470616, -0.308679, -0.118584]
[-0.303285, -0.257752, 0.470618, -0.308689, -0.118581]
[-0.303277, -0.257752, 0.470617, -0.308713, -0.118584]
[-0.303273, -0.257752, 0.470618, -0.308672, -0.118584]
[-0.303266, -0.257752, 0.470607, -0.308684, -0.118581]
[-0.303265, -0.257752, 0.470614, -0.308687, -0.118584]
[-0.303273, -0.257752, 0.470614, -0.308702, -0.118586]
[-0.303263, -0.257752, 0.470608, -0.308708, -0.118585]
[-0.303263, -0.257752, 0.470621, -0.308705, -0.118584]
[-0.3033, -0.257752, 0.47062, -0.30867, -0.118586]
[-0.303302, -0.257752, 0.470611, -0.308678, -0.118582]
[-0.303249, -0.257752, 0.47062, -0.308698, -0.118581]
[-0.303252, -0.257752, 0.47061, -0.308699, -0.118583]
[-0.303293, -0.257752, 0.470612, -0.308704, -0.118583]
[-0.303255, -0.257752, 0.470607, -0.308698, -0.118586]
[-0.303277, -0.257752, 0.470618, -0.308667, -0.118585]
[-0.303247, -0.257752, 0.47061, -0.308675, -0.118583]
[-0.303301, -0.257752, 0.470617, -0.30868, -0.118582]
[-0.303247, -0.257752, 0.470608, -0.308676, -0.118583]
[-0.303302, -0.257752, 0.470619, -0.308696, -0.11858]
[-0.303255, -0.257752, 0.470608, -0.308702, -0.118585]
[-0.303291, -0.257752, 0.470608, -0.3087, -0.118582]
[-0.303289, -0.257752, 0.470612, -0.308692, -0.118585]
[-0.303264, -0.257752, 0.470619, -0.308693, -0.118585]
[-0.303267, -0.257752, 0.470609, -0.30867, -0.118582]
[-0.303253, -0.257752, 0.470611, -0.308706, -0.11858]
[-0.303296, -0.257752, 0.470618, -0.308662, -0.118585]
[-0.303278, -0.257752, 0.470606, -0.308712, -0.118581]
[-0.303255, -0.257752, 0.470618, -0.308672, -0.118585]
[-0.303285, -0.257752, 0.470615, -0.308689, -0.118581]
[-0.303259, -0.257752, 0.470618, -0.308692, -0.118583]
[-0.303296, -0.257752, 0.470607, -0.308713, -0.118582]
[-0.303249, -0.257752, 0.470617, -0.30871, -0.118582]
[-0.303251, -0.257752, 0.470609, -0.308691, -0.118582]
[-0.303293, -0.257752, 0.470612, -0.308673, -0.118583]
[-0.30327, -0.257752, 0.470612, -0.308706, -0.118584]
[-0.303278, -0.257752, 0.470619, -0.308708, -0.118583]
[-0.30329, -0.257752, 0.470609, -0.30867, -0.118581]
[-0.303292, -0.257752, 0.470619, -0.308705, -0.118585]
[-0.303268, -0.257752, 0.470611, -0.308671, -0.118582]
[-0.303294, -0.257752, 0.470616, -0.308696, -0.118582]
[-0.303296, -0.257752, 0.470607, -0.308685, -0.118584]
[-0.303265, -0.257752, 0.470607, -0.308697, -0.118583]
[-0.303264, -0.257752, 0.470617, -0.308664, -0.118581]
[-0.30325, -0.257752, 0.470617, -0.308685, -0.118585]
[-0.303276, -0.257752, 0.470618, -0.30869, -0.118583]
[-0.303271, -0.257752, 0.470612, -0.308705, -0.118581]
[-0.303256, -0.257752, 0.470617, -0.308689, -0.118584]
[-0.303291, -0.257752, 0.47061, -0.308692, -0.118582]
[-0.303284, -0.257752, 0.47061, -0.308662, -0.118582]
[-0.303301, -0.257752, 0.470609, -0.308688, -0.118581]
[-0.303289, -0.257752, 0.470607, -0.308669, -0.118584]
[-0.303249, -0.257752, 0.470607, -0.308677, -0.118584]
[-0.303255, -0.257752, 0.470607, -0.30871, -0.118583]
[-0.303302, -0.257752, 0.470613, -0.308711, -0.118584]
[-0.303302, -0.257752, 0.470618, -0.308687, -0.118582]
[-0.303289, -0.257752, 0.470614, -0.308673, -0.118583]
[-0.303255, -0.257752, 0.470609, -0.308679, -0.11858]
[-0.303277, -0.257752, 0.470606, -0.308662, -0.118582]
[-0.303301, -0.257752, 0.470608, -0.308706, -0.118582]
[-0.30326, -0.257752, 0.470619, -0.308688, -0.118581]
[-0.303258, -0.257752, 0.470608, -0.308706, -0.118581]
[-0.30327, -0.257752, 0.47061, -0.308675, -0.118586]
[-0.303257, -0.257752, 0.470609, -0.308674, -0.118583]
[-0.303267, -0.257752, 0.470619, -0.308677, -0.118585]
[-0.303288, -0.257752, 0.47061, -0.308665, -0.11858]
[-0.303261, -0.257752, 0.47062, -0.30868, -0.118586]
[-0.3033, -0.257752, 0.470606, -0.308662, -0.118586]
[-0.303262, -0.257752, 0.470619, -0.308677, -0.118581]
[-0.303298, -0.257752, 0.470616, -0.308704, -0.118581]
[-0.303278, -0.257752, 0.47061, -0.308678, -0.118583]
[-0.303293, -0.257752, 0.470614, -0.30867, -0.118581]
[-0.303267, -0.257752, 0.47062, -0.308676, -0.11858]
[-0.303257, -0.257752, 0.47061, -0.308697, -0.118582]
[-0.303281, -0.257752, 0.470621, -0.308692, -0.118581]
[-0.303279, -0.257752, 0.470619, -0.3087, -0.118581]
[-0.303252, -0.257752, 0.470619, -0.308681, -0.118583]
[-0.303279, -0.257752, 0.470609, -0.308702, -0.118585]
[-0.303293, -0.257752, 0.470609, -0.308713, -0.118585]
[-0.303266, -0.257752, 0.470619, -0.308663, -0.11858]
[-0.303246, -0.257752, 0.47061, -0.308701, -0.118581]
[-0.303294, -0.257752, 0.470614, -0.30867, -0.118585]
[-0.303297, -0.257752, 0.470616, -0.308674, -0.118585]
[-0.303291, -0.257752, 0.470621, -0.308712, -0.118585]
[-0.30329, -0.257752, 0.470618, -0.308692, -0.118584]
[-0.303298, -0.257752, 0.470621, -0.308678, -0.118582]
[-0.303272, -0.257752, 0.470607, -0.308692, -0.118585]
[-0.303262, -0.257752, 0.470617, -0.308706, -0.11858]
[-0.303295, -0.257752, 0.470617, -0.308694, -0.11858]
[-0.303285, -0.257752, 0.470612, -0.308703, -0.118582]
[-0.303291, -0.257752, 0.470606, -0.308675, -0.118585]
[-0.303298, -0.257752, 0.470612, -0.30867, -0.118581]
[-0.30326, -0.257752, 0.470608, -0.308696, -0.11858]
[-0.303288, -0.257752, 0.47062, -0.308661, -0.118581]
[-0.303282, -0.257752, 0.470617, -0.308665, -0.118584]
[-0.303285, -0.257752, 0.470621, -0.308668, -0.118586]
[-0.303252, -0.257752, 0.470615, -0.308706, -0.118586]
[-0.303296, -0.257752, 0.47062, -0.308681, -0.118584]
[-0.303296, -0.257752, 0.47061, -0.308691, -0.118585]
[-0.30326, -0.257752, 0.470608, -0.308711, -0.118584]
[-0.303284, -0.257752, 0.470609, -0.308662, -0.118586]
[-0.303281, -0.257752, 0.470608, -0.308683, -0.118581]
[-0.303287, -0.257752, 0.470611, -0.308672, -0.118584]
[-0.303273, -0.257752, 0.470609, -0.308701, -0.118583]
[-0.303271, -0.257752, 0.470615, -0.308665, -0.118584]
[-0.303286, -0.257752, 0.470607, -0.308694, -0.118584]
[-0.303261, -0.257752, 0.470609, -0.30869, -0.118585]
[-0.303295, -0.257752, 0.470612, -0.308698, -0.118583]
[-0.303297, -0.257752, 0.470619, -0.308702, -0.118584]
[-0.303265, -0.257752, 0.470613, -0.308706, -0.118586]
[-0.303251, -0.257752, 0.470614, -0.308707, -0.118584]
[-0.303266, -0.257752, 0.47062, -0.308686, -0.118584]
[-0.303285, -0.257752, 0.47062, -0.308705, -0.118586]
[-0.303262, -0.257752, 0.470614, -0.308711, -0.118584]
[-0.303284, -0.257752, 0.470618, -0.308702, -0.11858]
[-0.303287, -0.257752, 0.47061, -0.308676, -0.118581]
[-0.303253, -0.257752, 0.470618, -0.308699, -0.118581]
[-0.303295, -0.257752, 0.470615, -0.308679, -0.118583]
[-0.30327, -0.257752, 0.470615, -0.308699, -0.118586]
[-0.303287, -0.257752, 0.470616, -0.308711, -0.118584]
[-0.303269, -0.257752, 0.470608, -0.308692, -0.118581]
[-0.3033, -0.257752, 0.470615, -0.308681, -0.118582]
[-0.303283, -0.257752, 0.470607, -0.308693, -0.118581]
[-0.303269, -0.257752, 0.470608, -0.308666, -0.118583]
[-0.303252, -0.257752, 0.47062, -0.308682, -0.118582]
[-0.30328, -0.257752, 0.47061, -0.308692, -0.118586]
[-0.303299, -0.257752, 0.47061, -0.308702, -0.118585]
[-0.3033, -0.257752, 0.47062, -0.308674, -0.118585]
[-0.303301, -0.257752, 0.470621, -0.308711, -0.11858]
[-0.303246, -0.257752, 0.470619, -0.308695, -0.118583]
[-0.303267, -0.257752, 0.470609, -0.308685, -0.118582]
[-0.303254, -0.257752, 0.470613, -0.308674, -0.118582]
[-0.303267, -0.257752, 0.47061, -0.308677, -0.118586]
[-0.303287, -0.257752, 0.470618, -0.308691, -0.118584]
[-0.303295, -0.257752, 0.470617, -0.308695, -0.118585]
[-0.303283, -0.257752, 0.470621, -0.308675, -0.118581]
[-0.303301, -0.257752, 0.470617, -0.308667, -0.118583]
[-0.303298, -0.257752, 0.470616, -0.308673, -0.118583]
[-0.3033, -0.257752, 0.470617, -0.308664, -0.118581]
[-0.303249, -0.257752, 0.470608, -0.308692, -0.118585]
[-0.303255, -0.257752, 0.470607, -0.308677, -0.118581]
[-0.303278, -0.257752, 0.470607, -0.308682, -0.118584]
[-0.303254, -0.257752, 0.470613, -0.30869, -0.118581]
[-0.303254, -0.257752, 0.470617, -0.308689, -0.118582]
[-0.303249, -0.257752, 0.470608, -0.308664, -0.118582]
[-0.303285, -0.257752, 0.470616, -0.308704, -0.11858]
[-0.303284, -0.257752, 0.47061, -0.308693, -0.118585]
[-0.303257, -0.257752, 0.470619, -0.308682, -0.118582]
[-0.303257, -0.257752, 0.470609, -0.308705, -0.118585]
[-0.303272, -0.257752, 0.470614, -0.308692, -0.118586]
[-0.303289, -0.257752, 0.470617, -0.308697, -0.118582]
[-0.303296, -0.257752, 0.470615, -0.308677, -0.118584]
[-0.303301, -0.257752, 0.47061, -0.308691, -0.11858]
[-0.303281, -0.257752, 0.470616, -0.308674, -0.118585]
[-0.303279, -0.257752, 0.470606, -0.308703, -0.11858]
[-0.303262, -0.257752, 0.47061, -0.308675, -0.118585]
[-0.303293, -0.257752, 0.470611, -0.308677, -0.118583]
[-0.303251, -0.257752, 0.470619, -0.308688, -0.118585]
[-0.303292, -0.257752, 0.470606, -0.308684, -0.118585]
[-0.303282, -0.257752, 0.470619, -0.308677, -0.118583]
[-0.3033, -0.257752, 0.47062, -0.308685, -0.118584]
[-0.303296, -0.257752, 0.470619, -0.308663, -0.118586]
[-0.30326, -0.257752, 0.470613, -0.308711, -0.11858]
[-0.30326, -0.257752, 0.470619, -0.308685, -0.118586]
[-0.303287, -0.257752, 0.470619, -0.308665, -0.118581]
[-0.303259, -0.257752, 0.470607, -0.308708, -0.118584]
[-0.303267, -0.257752, 0.470614, -0.308695, -0.118584]
[-0.303273, -0.257752, 0.470606, -0.308682, -0.118584]
[-0.303276, -0.257752, 0.470615, -0.308666, -0.118584]
[-0.303296, -0.257752, 0.470618, -0.308664, -0.118584]
[-0.303285, -0.257752, 0.470615, -0.308691, -0.118581]
[-0.303246, -0.257752, 0.470618, -0.308662, -0.11858]
[-0.303249, -0.257752, 0.47062, -0.308673, -0.118584]
[-0.303249, -0.257752, 0.470619, -0.308703, -0.118584]
[-0.303249, -0.257752, 0.470621, -0.308691, -0.118583]
[-0.303248, -0.257752, 0.470618, -0.308701, -0.118584]
[-0.303248, -0.257752, 0.47062, -0.308691, -0.118585]
[-0.303247, -0.257752, 0.470618, -0.308702, -0.118584]
[-0.303247, -0.257752, 0.470619, -0.308664, -0.118586]
[-0.303248, -0.257752, 0.470618, -0.308677, -0.118585]
[-0.303248, -0.257752, 0.470618, -0.308663, -0.118582]
[-0.303247, -0.257752, 0.47062, -0.308667, -0.118583]
[-0.303247, -0.257752, 0.47062, -0.308697, -0.118585]
[-0.303248, -0.257752, 0.470619, -0.308675, -0.118585]
[-0.303247, -0.257752, 0.47062, -0.308679, -0.118581]
[-0.303247, -0.257752, 0.470618, -0.308671, -0.118585]
[-0.303247, -0.257752, 0.470621, -0.308678, -0.118583]
[-0.303247, -0.257752, 0.470619, -0.308696, -0.118586]
[-0.303247, -0.257752, 0.470621, -0.308677, -0.118582]
[-0.303246, -0.257752, 0.470619, -0.308672, -0.118584]
[-0.303248, -0.257752, 0.47062, -0.308666, -0.118581]
[-0.303249, -0.257752, 0.470618, -0.308668, -0.118584]
[-0.303248, -0.257752, 0.470621, -0.30869, -0.118582]
[-0.303248, -0.257752, 0.470618, -0.308686, -0.11858]
[-0.303246, -0.257752, 0.47062, -0.308686, -0.118581]
[-0.303249, -0.257752, 0.470619, -0.308698, -0.118585]
[-0.303249, -0.257752, 0.47062, -0.308679, -0.118582]
[-0.303247, -0.257752, 0.47062, -0.308702, -0.118585]
[-0.303247, -0.257752, 0.470617, -0.308669, -0.11858]
[-0.303246, -0.257752, 0.470617, -0.308707, -0.11858]
[-0.303249, -0.257752, 0.470619, -0.308704, -0.118583]
[-0.303247, -0.257752, 0.470618, -0.308666, -0.118581]
[-0.303248, -0.257752, 0.470619, -0.308695, -0.118581]
[-0.303249, -0.257752, 0.47062, -0.308661, -0.118584]
[-0.303246, -0.257752, 0.470618, -0.308713, -0.118585]
[-0.303249, -0.257752, 0.470618, -0.30869, -0.118581]
[-0.303248, -0.257752, 0.470619, -0.308672, -0.118585]
[-0.303248, -0.257752, 0.470617, -0.308706, -0.118584]
[-0.303248, -0.257752, 0.470621, -0.308694, -0.118582]
[-0.303249, -0.257752, 0.470618, -0.308671, -0.118584]
[-0.303249, -0.257752, 0.470621, -0.308673, -0.118584]
[-0.303247, -0.257752, 0.470618, -0.308695, -0.118584]
[-0.303248, -0.257752, 0.470618, -0.308681, -0.11858]
[-0.303249, -0.257752, 0.470619, -0.308677, -0.118581]
[-0.303247, -0.257752, 0.470617, -0.308703, -0.118583]
[-0.303248, -0.257752, 0.470617, -0.30871, -0.118581]
[-0.303247, -0.257752, 0.470618, -0.308666, -0.118583]
[-0.303248, -0.257752, 0.470618, -0.308713, -0.118584]
[-0.303246, -0.257752, 0.470619, -0.308674, -0.118586]
[-0.303246, -0.257752, 0.470618, -0.308675, -0.11858]
[-0.303246, -0.257752, 0.470618, -0.308691, -0.118581]
[-0.303246, -0.257752, 0.470617, -0.308676, -0.118581]
[-0.303249, -0.257752, 0.470618, -0.30867, -0.118583]
[-0.303248, -0.257752, 0.47062, -0.308694, -0.118582]
[-0.303247, -0.257752, 0.470619, -0.308677, -0.11858]
[-0.303248, -0.257752, 0.470619, -0.308667, -0.118585]
[-0.303248, -0.257752, 0.47062, -0.308692, -0.118585]
[-0.303248, -0.257752, 0.470619, -0.308669, -0.118585]
[-0.303247, -0.257752, 0.470618, -0.3087, -0.118583]
[-0.303248, -0.257752, 0.470617, -0.308703, -0.118583]
[-0.303247, -0.257752, 0.470618, -0.308691, -0.11858]
[-0.303247, -0.257752, 0.470619, -0.308681, -0.118585]
[-0.303248, -0.257752, 0.470618, -0.308699, -0.118582]
[-0.303247, -0.257752, 0.470619, -0.308687, -0.118583]
[-0.303247, -0.257752, 0.470617, -0.308683, -0.118586]
[-0.303248, -0.257752, 0.470618, -0.308685, -0.118585]
[-0.303247, -0.257752, 0.470618, -0.308675, -0.118586]
[-0.303247, -0.257752, 0.470618, -0.308712, -0.118581]
[-0.303247, -0.257752, 0.470618, -0.308696, -0.118585]
[-0.303248, -0.257752, 0.47062, -0.308664, -0.118585]
[-0.303247, -0.257752, 0.470619, -0.308698, -0.118582]
[-0.303246, -0.257752, 0.47062, -0.308692, -0.118584]
[-0.303248, -0.257752, 0.470619, -0.308684, -0.118584]
[-0.303249, -0.257752, 0.470619, -0.308673, -0.118581]
[-0.303246, -0.257752, 0.47062, -0.308692, -0.118582]
[-0.303247, -0.257752, 0.470621, -0.308701, -0.118583]
[-0.303248, -0.257752, 0.470621, -0.308679, -0.11858]
[-0.303248, -0.257752, 0.470618, -0.308682, -0.118585]
[-0.303248, -0.257752, 0.47062, -0.308709, -0.118581]
[-0.303246, -0.257752, 0.470617, -0.308702, -0.11858]
[-0.303247, -0.257752, 0.470618, -0.30869, -0.118582]
[-0.303247, -0.257752, 0.470618, -0.308679, -0.118582]
[-0.303248, -0.257752, 0.47062, -0.308702, -0.118582]
[-0.303247, -0.257752, 0.470617, -0.308692, -0.118584]
[-0.303247, -0.257752, 0.470619, -0.308689, -0.118582]
[-0.303246, -0.257752, 0.470621, -0.30869, -0.118582]
[-0.303247, -0.257752, 0.470619, -0.308669, -0.11858]
[-0.303248, -0.257752, 0.470618, -0.308704, -0.118585]
[-0.303247, -0.257752, 0.470617, -0.308671, -0.118584]
[-0.303249, -0.257752, 0.470618, -0.308665, -0.118582]
[-0.303248, -0.257752, 0.47062, -0.308669, -0.118582]
[-0.303246, -0.257752, 0.47062, -0.308672, -0.118583]
[-0.303249, -0.257752, 0.470617, -0.308684, -0.118585]
[-0.303247, -0.257752, 0.470617, -0.308686, -0.118582]
[-0.303247, -0.257752, 0.470618, -0.30868, -0.118585]
[-0.303247, -0.257752, 0.470618, -0.30867, -0.118581]
[-0.303247, -0.257752, 0.470618, -0.308694, -0.118584]
[-0.303248, -0.257752, 0.470617, -0.308692, -0.118582]
[-0.303248, -0.257752, 0.470619, -0.308688, -0.118586]
[-0.303248, -0.257752, 0.47062, -0.308704, -0.118581]
[-0.303249, -0.257752, 0.47062, -0.308681, -0.118583]
[-0.303247, -0.257752, 0.470621, -0.308706, -0.118581]
[-0.303247, -0.257752, 0.47062, -0.308687, -0.118582]
[-0.303246, -0.257752, 0.470618, -0.308709, -0.118582]
[-0.303249, -0.257752, 0.470618, -0.308679, -0.118584]
[-0.303247, -0.257752, 0.470621, -0.308686, -0.118581]
[-0.303247, -0.257752, 0.47062, -0.308694, -0.118582]
[-0.303249, -0.257752, 0.470619, -0.308688, -0.118581]
[-0.303247, -0.257752, 0.47062, -0.308688, -0.118584]
[-0.303249, -0.257752, 0.470617, -0.308698, -0.118585]
[-0.303246, -0.257752, 0.470619, -0.308685, -0.118583]
[-0.303249, -0.257752, 0.47062, -0.308709, -0.118581]
[-0.303247, -0.257752, 0.470621, -0.308697, -0.118586]
[-0.303248, -0.257752, 0.470617, -0.308673, -0.118586]
[-0.303247, -0.257752, 0.470619, -0.308708, -0.118586]
[-0.303248, -0.257752, 0.470618, -0.30868, -0.118581]
[-0.303249, -0.257752, 0.470617, -0.308699, -0.118584]
[-0.303247, -0.257752, 0.470619, -0.308713, -0.118582]
[-0.303248, -0.257752, 0.470619, -0.308699, -0.118584]
[-0.303247, -0.257752, 0.470617, -0.308698, -0.118585]
[-0.303247, -0.257752, 0.47062, -0.308677, -0.118583]
[-0.303249, -0.257752, 0.47062, -0.308691, -0.118586]
[-0.303248, -0.257752, 0.47062, -0.308708, -0.118582]
[-0.303247, -0.257752, 0.470617, -0.308677, -0.118585]
[-0.303249, -0.257752, 0.470619, -0.308675, -0.118582]
[-0.303248, -0.257752, 0.470619, -0.308691, -0.118585]
[-0.303248, -0.257752, 0.470617, -0.308703, -0.118584]
[-0.303247, -0.257752, 0.470618, -0.30867, -0.118582]
[-0.303246, -0.257752, 0.470619, -0.308684, -0.118584]
[-0.303249, -0.257752, 0.470618, -0.308697, -0.118581]
[-0.303247, -0.257752, 0.470619, -0.308695, -0.118581]
[-0.303246, -0.257752, 0.470618, -0.308663, -0.118581]
[-0.303249, -0.257752, 0.470621, -0.308693, -0.118585]
[-0.303247, -0.257752, 0.47062, -0.308662, -0.118584]
[-0.303248, -0.257752, 0.470618, -0.308676, -0.118582]
[-0.303248, -0.257752, 0.470619, -0.308674, -0.118585]
[-0.303247, -0.257752, 0.47062, -0.308664, -0.118585]
[-0.303249, -0.257752, 0.47062, -0.308689, -0.118582]
[-0.303247, -0.257752, 0.470619, -0.308681, -0.118583]
[-0.303249, -0.257752, 0.470618, -0.308681, -0.118586]
[-0.303249, -0.257752, 0.470617, -0.308663, -0.118582]
[-0.303247, -0.257752, 0.470618, -0.308705, -0.118582]
[-0.303247, -0.257752, 0.470621, -0.308681, -0.118584]
[-0.303249, -0.257752, 0.470618, -0.308674, -0.118583]
[-0.303246, -0.257752, 0.470618, -0.308695, -0.118585]
[-0.303248, -0.257752, 0.470619, -0.308702, -0.118582]
[-0.303248, -0.257752, 0.470619, -0.308698, -0.11858]
[-0.303249, -0.257752, 0.470619, -0.308709, -0.118585]
[-0.303248, -0.257752, 0.470619, -0.308706, -0.118581]
[-0.303247, -0.257752, 0.470619, -0.308697, -0.118581]
[-0.303249, -0.257752, 0.47062, -0.308707, -0.118584]
[-0.303248, -0.257752, 0.470621, -0.308674, -0.118581]
[-0.303248, -0.257752, 0.47062, -0.308678, -0.118584]
[-0.303248, -0.257752, 0.470618, -0.308665, -0.118583]
[-0.303246, -0.257752, 0.470617, -0.308686, -0.118582]
[-0.303247, -0.257752, 0.47062, -0.308701, -0.118586]
[-0.303246, -0.257752, 0.47062, -0.308689, -0.118584]
[-0.303249, -0.257752, 0.470618, -0.308677, -0.118582]
[-0.303247, -0.257752, 0.470618, -0.308707, -0.118586]
[-0.303246, -0.257752, 0.47062, -0.308693, -0.118586]
[-0.303249, -0.257752, 0.47062, -0.308684, -0.118583]
[-0.303248, -0.257752, 0.470618, -0.308712, -0.118584]
[-0.303247, -0.257752, 0.470617, -0.308674, -0.118583]
[-0.303248, -0.257752, 0.470617, -0.308691, -0.118585]
[-0.303247, -0.257752, 0.47062, -0.308673, -0.118585]
[-0.303247, -0.257752, 0.470617, -0.308709, -0.118583]
[-0.303249, -0.257752, 0.47062, -0.308711, -0.118581]
[-0.303248, -0.257752, 0.47062, -0.308695, -0.118585]
[-0.303247, -0.257752, 0.47062, -0.308671, -0.118584]
[-0.303248, -0.257752, 0.470618, -0.308688, -0.118582]
[-0.303247, -0.257752, 0.47062, -0.308669, -0.118586]
[-0.303248, -0.257752, 0.470617, -0.308675, -0.118586]
[-0.303247, -0.257752, 0.470617, -0.308693, -0.118582]
[-0.303248, -0.257752, 0.470618, -0.308689, -0.118582]
[-0.303247, -0.257752, 0.470617, -0.308668, -0.118585]
[-0.303248, -0.257752, 0.470621, -0.308663, -0.118581]
[-0.303247, -0.257752, 0.470619, -0.308672, -0.118581]
[-0.303247, -0.257752, 0.470621, -0.308669, -0.118582]
[-0.303248, -0.257752, 0.47062, -0.308669, -0.118584]
[-0.303249, -0.257752, 0.47062, -0.308683, -0.118583]
[-0.303247, -0.257752, 0.470619, -0.308686, -0.118582]
[-0.303249, -0.257752, 0.470618, -0.308668, -0.118586]
[-0.303248, -0.257752, 0.470618, -0.308709, -0.118585]
[-0.303246, -0.257752, 0.470618, -0.308707, -0.118583]
[-0.303248, -0.257752, 0.47062, -0.308679, -0.118584]
[-0.303246, -0.257752, 0.470619, -0.308709, -0.118583]
[-0.303247, -0.257752, 0.47062, -0.308697, -0.118581]
[-0.303247, -0.257752, 0.47062, -0.308697, -0.118583]
[-0.303246, -0.257752, 0.47062, -0.30871, -0.118583]
[-0.303249, -0.257752, 0.470618, -0.308662, -0.118585]
[-0.303247, -0.257752, 0.470618, -0.308703, -0.118582]
[-0.303246, -0.257752, 0.470619, -0.308663, -0.118582]
[-0.303248, -0.257752, 0.470621, -0.308702, -0.11858]
[-0.303248, -0.257752, 0.47062, -0.308709, -0.118584]
[-0.303248, -0.257752, 0.470618, -0.308703, -0.118581]
[-0.303247, -0.257752, 0.470619, -0.308685, -0.118581]
[-0.303248, -0.257752, 0.47062, -0.30869, -0.118584]
[-0.303247, -0.257752, 0.47062, -0.308673, -0.118583]
[-0.303246, -0.257752, 0.470618, -0.308674, -0.118581]
[-0.303246, -0.257752, 0.470618, -0.308682, -0.118583]
[-0.303247, -0.257752, 0.470619, -0.308709, -0.118581]
[-0.303249, -0.257752, 0.470618, -0.30868, -0.118583]
[-0.303248, -0.257752, 0.470619, -0.308709, -0.118582]
[-0.303248, -0.257752, 0.470621, -0.308701, -0.11858]
[-0.303246, -0.257752, 0.470619, -0.308697, -0.118584]
[-0.303246, -0.257752, 0.470618, -0.308697, -0.118586]
[-0.303248, -0.257752, 0.470617, -0.308698, -0.118584]
[-0.303248, -0.257752, 0.47062, -0.308713, -0.118581]
[-0.303248, -0.257752, 0.470619, -0.308684, -0.118583]
[-0.303246, -0.257752, 0.47062, -0.308683, -0.11858]
[-0.303248, -0.257752, 0.47062, -0.308712, -0.118584]
[-0.303246, -0.257752, 0.47062, -0.30871, -0.118581]
[-0.303247, -0.257752, 0.470619, -0.308676, -0.118582]
[-0.303249, -0.257752, 0.470619, -0.308694, -0.118581]
[-0.303248, -0.257752, 0.470618, -0.308676, -0.118585]
[-0.303249, -0.257752, 0.470619, -0.308673, -0.11858]
[-0.303247, -0.257752, 0.47062, -0.308703, -0.118583]
[-0.303247, -0.257752, 0.470619, -0.308683, -0.118584]
[-0.303246, -0.257752, 0.47062, -0.308698, -0.118583]
[-0.303247, -0.257752, 0.470617, -0.308708, -0.118584]
[-0.303249, -0.257752, 0.470617, -0.308663, -0.118581]
[-0.303248, -0.257752, 0.47062, -0.308666, -0.118585]
[-0.303249, -0.257752, 0.470619, -0.308701, -0.11858]
[-0.303248, -0.257752, 0.470621, -0.308696, -0.118582]
[-0.303249, -0.257752, 0.470619, -0.308678, -0.118585]
[-0.303246, -0.257752, 0.47062, -0.308709, -0.118586]
[-0.303247, -0.257752, 0.470617, -0.30868, -0.118583]
[-0.303248, -0.257752, 0.47062, -0.308709, -0.118582]
[-0.303247, -0.257752, 0.470621, -0.308696, -0.118583]
[-0.303248, -0.257752, 0.47062, -0.308674, -0.118584]
[-0.303248, -0.257752, 0.470618, -0.308681, -0.118584]
[-0.303249, -0.257752, 0.470618, -0.308666, -0.118581]
[-0.303246, -0.257752, 0.470621, -0.308688, -0.118583]
[-0.303248, -0.257752, 0.470618, -0.308708, -0.118583]
[-0.303246, -0.257752, 0.470618, -0.3087, -0.118582]
[-0.303248, -0.257752, 0.470619, -0.30868, -0.118585]
[-0.303249, -0.257752, 0.47062, -0.308698, -0.118582]
[-0.303248, -0.257752, 0.470618, -0.308665, -0.118584]
[-0.303246, -0.257752, 0.470618, -0.308705, -0.118582]
[-0.303249, -0.257752, 0.470621, -0.308666, -0.118585]
[-0.303248, -0.257752, 0.47062, -0.308662, -0.118585]
[-0.303247, -0.257752, 0.470618, -0.30871, -0.118585]
[-0.303246, -0.257752, 0.470618, -0.308676, -0.118586]
[-0.303248, -0.257752, 0.470618, -0.308661, -0.118583]
[-0.303248, -0.257752, 0.47062, -0.308697, -0.118583]
[-0.303248, -0.257752, 0.470617, -0.308697, -0.11858]
[-0.303247, -0.257752, 0.47062, -0.308698, -0.118584]
[-0.303248, -0.257752, 0.470617, -0.308694, -0.118581]
[-0.303247, -0.257752, 0.470618, -0.308665, -0.118585]
[-0.303247, -0.257752, 0.470618, -0.308683, -0.118583]
[-0.303248, -0.257752, 0.47062, -0.308707, -0.118581]
[-0.303246, -0.257752, 0.470619, -0.308702, -0.118581]
[-0.303248, -0.257752, 0.47062, -0.308667, -0.118583]
[-0.303248, -0.257752, 0.470621, -0.308662, -0.118585]
[-0.303247, -0.257752, 0.470618, -0.308702, -0.118582]
[-0.303248, -0.257752, 0.470619, -0.308705, -0.118581]
[-0.303248, -0.257752, 0.470619, -0.308665, -0.118582]
[-0.303248, -0.257752, 0.47062, -0.308671, -0.118581]
[-0.303246, -0.257752, 0.470619, -0.308687, -0.118586]
[-0.303246, -0.257752, 0.47062, -0.308701, -0.118586]
[-0.303246, -0.257752, 0.470619, -0.308669, -0.118584]
[-0.303247, -0.257752, 0.470618, -0.308667, -0.118583]
[-0.303249, -0.257752, 0.470619, -0.308689, -0.118582]
[-0.303248, -0.257752, 0.470617, -0.308691, -0.118582]
[-0.303248, -0.257752, 0.47062, -0.308707, -0.118585]
[-0.303248, -0.257752, 0.47062, -0.308684, -0.118585]
[-0.303249, -0.257752, 0.47062, -0.308694, -0.118585]
[-0.303248, -0.257752, 0.470618, -0.308699, -0.118583]
[-0.303248, -0.257752, 0.47062, -0.308712, -0.118581]
[-0.303249, -0.257752, 0.470619, -0.30867, -0.118582]
[-0.303249, -0.257752, 0.470618, -0.308672, -0.118584]
[-0.303248, -0.257752, 0.470621, -0.308684, -0.118585]
[-0.303249, -0.257752, 0.470617, -0.308687, -0.118584]
[-0.303246, -0.257752, 0.470619, -0.308667, -0.118585]
[-0.303249, -0.257752, 0.470618, -0.308689, -0.118584]
[-0.303246, -0.257752, 0.470619, -0.308671, -0.118583]
[-0.303247, -0.257752, 0.470619, -0.308665, -0.11858]
[-0.303249, -0.257752, 0.470621, -0.308711, -0.118585]
[-0.303246, -0.257752, 0.470619, -0.308679, -0.118582]
[-0.303247, -0.257752, 0.47062, -0.308692, -0.118582]
[-0.303248, -0.257752, 0.470618, -0.308662, -0.118583]
[-0.303247, -0.257752, 0.470618, -0.308666, -0.118585]
[-0.303246, -0.257752, 0.470621, -0.308708, -0.118582]
[-0.303246, -0.257752, 0.47062, -0.308712, -0.11858]
[-0.303247, -0.257752, 0.47062, -0.308685, -0.118584]
[-0.303247, -0.257752, 0.470621, -0.308665, -0.118583]
[-0.303246, -0.257752, 0.470621, -0.308693, -0.118582]
[-0.303248, -0.257752, 0.470618, -0.308673, -0.118584]
[-0.303248, -0.257752, 0.47062, -0.308665, -0.118585]
[-0.303248, -0.257752, 0.470619, -0.308684, -0.118585]
[-0.303247, -0.257752, 0.470618, -0.308708, -0.118582]
[-0.303247, -0.257752, 0.47062, -0.308707, -0.118584]
[-0.303246, -0.257752, 0.470621, -0.308662, -0.118583]
[-0.303247, -0.257752, 0.470621, -0.308677, -0.118583]
[-0.303246, -0.257752, 0.470618, -0.308671, -0.11858]
[-0.303247, -0.257752, 0.470617, -0.308707, -0.118582]
[-0.303249, -0.257752, 0.47062, -0.308709, -0.118584]
[-0.303247, -0.257752, 0.470621, -0.308705, -0.118581]
[-0.303247, -0.257752, 0.47062, -0.308701, -0.118585]
[-0.303249, -0.257752, 0.470619, -0.30869, -0.118585]
[-0.303248, -0.257752, 0.470619, -0.308692, -0.118585]
[-0.303248, -0.257752, 0.47062, -0.308708, -0.118585]
[-0.303249, -0.257752, 0.47062, -0.308699, -0.118585]
[-0.303246, -0.257752, 0.470618, -0.308663, -0.118583]
[-0.303247, -0.257752, 0.47062, -0.308694, -0.118583]
[-0.303247, -0.257752, 0.470621, -0.308687, -0.118586]
[-0.303248, -0.257752, 0.470619, -0.308664, -0.118586]
[-0.303248, -0.257752, 0.470618, -0.308682, -0.118582]
[-0.303249, -0.257752, 0.47062, -0.30868, -0.11858]
[-0.303247, -0.257752, 0.470621, -0.308712, -0.118581]
[-0.303247, -0.257752, 0.470618, -0.308678, -0.118581]
[-0.303248, -0.257752, 0.470618, -0.308696, -0.118581]
[-0.303249, -0.257752, 0.47062, -0.308708, -0.118583]
[-0.303249, -0.257752, 0.470619, -0.308687, -0.11858]
[-0.303248, -0.257752, 0.470619, -0.308669, -0.118582]
[-0.303248, -0.257752, 0.47062, -0.308666, -0.118583]
[-0.303249, -0.257752, 0.470621, -0.308712, -0.118583]
[-0.303247, -0.257752, 0.470617, -0.308675, -0.11858]
[-0.303248, -0.257752, 0.470618, -0.308674, -0.118585]
[-0.303247, -0.257752, 0.470621, -0.308672, -0.118582]
[-0.303249, -0.257752, 0.470617, -0.308695, -0.118581]
[-0.303247, -0.257752, 0.47062, -0.308682, -0.118584]
[-0.303248, -0.257752, 0.47062, -0.30871, -0.118583]
[-0.303247, -0.257752, 0.470617, -0.308668, -0.118586]
[-0.303249, -0.257752, 0.470619, -0.308662, -0.118585]
[-0.303249, -0.257752, 0.470617, -0.308694, -0.118585]
[-0.303246, -0.257752, 0.470617, -0.308686, -0.118586]
[-0.303246, -0.257752, 0.470619, -0.308691, -0.118584]
[-0.303249, -0.257752, 0.470619, -0.30871, -0.118581]
[-0.303246, -0.257752, 0.47062, -0.308689, -0.118582]
[-0.303246, -0.257752, 0.470618, -0.308691, -0.118584]
[-0.303247, -0.257752, 0.470621, -0.308712, -0.118584]
[-0.303248, -0.257752, 0.470619, -0.308663, -0.118584]
[-0.303247, -0.257752, 0.470618, -0.308699, -0.118581]
[-0.303248, -0.257752, 0.470619, -0.30868, -0.118581]
[-0.303247, -0.257752, 0.47062, -0.308686, -0.118582]
[-0.303246, -0.257752, 0.470618, -0.308706, -0.118582]
[-0.303248, -0.257752, 0.470618, -0.308686, -0.118582]
[-0.303246, -0.257752, 0.47062, -0.30867, -0.118583]
[-0.303247, -0.257752, 0.470618, -0.308674, -0.118585]
[-0.303246, -0.257752, 0.470617, -0.308678, -0.118583]
[-0.303249, -0.257752, 0.470617, -0.308687, -0.11858]
[-0.303247, -0.257752, 0.470619, -0.308691, -0.118585]
[-0.303248, -0.257752, 0.470618, -0.30868, -0.118583]
[-0.303247, -0.257752, 0.470621, -0.3087, -0.118581]
[-0.303249, -0.257752, 0.470621, -0.308678, -0.118582]
[-0.303249, -0.257752, 0.470619, -0.308683, -0.118582]
[-0.303246, -0.257752, 0.470617, -0.308709, -0.11858]
[-0.303246, -0.257752, 0.47062, -0.308676, -0.118585]
[-0.303247, -0.257752, 0.470619, -0.308665, -0.118583]
[-0.303246, -0.257752, 0.47062, -0.308691, -0.118581]
[-0.303249, -0.257752, 0.470618, -0.308699, -0.118584]
[-0.303248, -0.257752, 0.470619, -0.308666, -0.118581]
[-0.303247, -0.257752, 0.47062, -0.30867, -0.118585]
[-0.303248, -0.257752, 0.470618, -0.308683, -0.118585]
[-0.303249, -0.257752, 0.470621, -0.308671, -0.118583]
[-0.303246, -0.257752, 0.470618, -0.308667, -0.118582]
[-0.303247, -0.257752, 0.470617, -0.308669, -0.118581]
[-0.303248, -0.257752, 0.470621, -0.308711, -0.11858]
[-0.303247, -0.257752, 0.470618, -0.308709, -0.118582]
[-0.303247, -0.257752, 0.470618, -0.308684, -0.118582]
[-0.303247, -0.257752, 0.47062, -0.308698, -0.118585]
[-0.303246, -0.257752, 0.470618, -0.308701, -0.118581]
[-0.303246, -0.257752, 0.47062, -0.308686, -0.118584]
[-0.303248, -0.257752, 0.470618, -0.308711, -0.11858]
[-0.303247, -0.257752, 0.470621, -0.308706, -0.118586]
[-0.303248, -0.257752, 0.470619, -0.308688, -0.118583]
[-0.303247, -0.257752, 0.47062, -0.308679, -0.118584]
[-0.303246, -0.257752, 0.470618, -0.308686, -0.118582]
[-0.303248, -0.257752, 0.470618, -0.308687, -0.118585]
[-0.303247, -0.257752, 0.470617, -0.308669, -0.118584]
[-0.303248, -0.257752, 0.470621, -0.308699, -0.118585]
[-0.303246, -0.257752, 0.470619, -0.308705, -0.11858]
[-0.303247, -0.257752, 0.470619, -0.308663, -0.118581]
[-0.303249, -0.257752, 0.470618, -0.30871, -0.118584]
[-0.303246, -0.257752, 0.470619, -0.308704, -0.118581]
[-0.303246, -0.257752, 0.470617, -0.308685, -0.118585]
[-0.303247, -0.257752, 0.470617, -0.308684, -0.11858]
[-0.303246, -0.257752, 0.470617, -0.308679, -0.118581]
[-0.303248, -0.257752, 0.47062, -0.308684, -0.118582]
[-0.303246, -0.257752, 0.47062, -0.308663, -0.11858]
[-0.303248, -0.257752, 0.470619, -0.308711, -0.118586]
[-0.303248, -0.257752, 0.470619, -0.308678, -0.11858]
[-0.303249, -0.257752, 0.470619, -0.308696, -0.118585]
[-0.303246, -0.257752, 0.470617, -0.308687, -0.118584]
[-0.303247, -0.257752, 0.470618, -0.30867, -0.11858]
[-0.303248, -0.257752, 0.470618, -0.308687, -0.118581]
[-0.303248, -0.257752, 0.470618, -0.308687, -0.118582]
[-0.303248, -0.257752, 0.47062, -0.308672, -0.118584]
[-0.303247, -0.257752, 0.470618, -0.308711, -0.118584]
[-0.303246, -0.257752, 0.470619, -0.308709, -0.118582]
[-0.303249, -0.257752, 0.47062, -0.308665, -0.118585]
[-0.303247, -0.257752, 0.470617, -0.308697, -0.118581]
[-0.303248, -0.257752, 0.47062, -0.308703, -0.118584]
[-0.303246, -0.257752, 0.470617, -0.30871, -0.118581]
[-0.303249, -0.257752, 0.470618, -0.308705, -0.118581]
[-0.303247, -0.257752, 0.470617, -0.308671, -0.118585]
[-0.303247, -0.257752, 0.470619, -0.308705, -0.118581]
[-0.303247, -0.257752, 0.470617, -0.308704, -0.118585]
[-0.303248, -0.257752, 0.47062, -0.308667, -0.118581]
[-0.303246, -0.257752, 0.47062, -0.308681, -0.118583]
[-0.303249, -0.257752, 0.470619, -0.308676, -0.11858]
[-0.303248, -0.257752, 0.470619, -0.308683, -0.118582]
[-0.303247, -0.257752, 0.47062, -0.308695, -0.118583]
[-0.303247, -0.257752, 0.470618, -0.308683, -0.118585]
[-0.303246, -0.257752, 0.47062, -0.308676, -0.118582]
[-0.303248, -0.257752, 0.47062, -0.308701, -0.118582]
[-0.303247, -0.257752, 0.470618, -0.308699, -0.118585]
[-0.303248, -0.257752, 0.47062, -0.308662, -0.118582]
[-0.303248, -0.257752, 0.47062, -0.308677, -0.118585]
[-0.303247, -0.257752, 0.47062, -0.308669, -0.118583]
[-0.303247, -0.257752, 0.470619, -0.308682, -0.118584]
[-0.303247, -0.257752, 0.470621, -0.308687, -0.118582]
[-0.303246, -0.257752, 0.47062, -0.308675, -0.118585]
[-0.303249, -0.257752, 0.470617, -0.3087, -0.118585]
[-0.303246, -0.257752, 0.470619, -0.308698, -0.118581]
[-0.303248, -0.257752, 0.47062, -0.308673, -0.118584]
[-0.303249, -0.257752, 0.470621, -0.308675, -0.11858]
[-0.303249, -0.257752, 0.470618, -0.308711, -0.118582]
[-0.303247, -0.257752, 0.470619, -0.308697, -0.118585]
[-0.303246, -0.257752, 0.47062, -0.30867, -0.118585]
[-0.303248, -0.257752, 0.470619, -0.308677, -0.118583]
[-0.303248, -0.257752, 0.470619, -0.308685, -0.118584]
[-0.303247, -0.257752, 0.47062, -0.308712, -0.118585]
[-0.303247, -0.257752, 0.47062, -0.308666, -0.118584]
[-0.303249, -0.257752, 0.470621, -0.308707, -0.118583]
[-0.303249, -0.257752, 0.470621, -0.308681, -0.118581]
[-0.303246, -0.257752, 0.470619, -0.308681, -0.118585]
[-0.303248, -0.257752, 0.470618, -0.308694, -0.118586]
[-0.303247, -0.257752, 0.470621, -0.308692, -0.118585]
[-0.303247, -0.257752, 0.470619, -0.308677, -0.118585]
[-0.303247, -0.257752, 0.470618, -0.308672, -0.118584]
[-0.303247, -0.257752, 0.470619, -0.308669, -0.118586]
[-0.303248, -0.257752, 0.470617, -0.308707, -0.118581]
[-0.303246, -0.257752, 0.470619, -0.308691, -0.118585]
[-0.303248, -0.257752, 0.470618, -0.308703, -0.118584]
[-0.303248, -0.257752, 0.470617, -0.308702, -0.118581]
[-0.303249, -0.257752, 0.470618, -0.308706, -0.118582]
[-0.303248, -0.257752, 0.470617, -0.308664, -0.118583]
[-0.303248, -0.257752, 0.470619, -0.308697, -0.118584]
[-0.303246, -0.257752, 0.470619, -0.308671, -0.118584]
[-0.303247, -0.257752, 0.470621, -0.308703, -0.118581]
[-0.303247, -0.257752, 0.47062, -0.308681, -0.118583]
[-0.303246, -0.257752, 0.470621, -0.308685, -0.118585]
[-0.303248, -0.257752, 0.47062, -0.308662, -0.118581]
[-0.303246, -0.257752, 0.470618, -0.308683, -0.118582]
[-0.303247, -0.257752, 0.470621, -0.308705, -0.118582]
[-0.303246, -0.257752, 0.470619, -0.308672, -0.118586]
[-0.303249, -0.257752, 0.470619, -0.308665, -0.118581]
[-0.303248, -0.257752, 0.470621, -0.308662, -0.11858]
[-0.303248, -0.257752, 0.470621, -0.308662, -0.118581]
[-0.303247, -0.257752, 0.470621, -0.308662, -0.118584]
[-0.303247, -0.257752, 0.470621, -0.308663, -0.118584]
[-0.303249, -0.257752, 0.470621, -0.308663, -0.118585]
[-0.303248, -0.257752, 0.470621, -0.308662, -0.118583]
[-0.303247, -0.257752, 0.470621, -0.308662, -0.118582]
[-0.303248, -0.257752, 0.470621, -0.308661, -0.118585]
[-0.303248, -0.257752, 0.470621, -0.308663, -0.118585]
[-0.303247, -0.257752, 0.470621, -0.308662, -0.118581]
[-0.303248, -0.257752, 0.470621, -0.308663, -0.118584]
[-0.303248, -0.257752, 0.470621, -0.308661, -0.118582]
[-0.303247, -0.257752, 0.470621, -0.308661, -0.118583]
[-0.303247, -0.257752, 0.470621, -0.308661, -0.118584]
[-0.303247, -0.257752, 0.470621, -0.308662, -0.118585]
[-0.303249, -0.257752, 0.470621, -0.308663, -0.118581]
[-0.303247, -0.257752, 0.470621, -0.308661, -0.118581]
[-0.303249, -0.257752, 0.470621, -0.308662, -0.118581]
[-0.303249, -0.257752, 0.470621, -0.308661, -0.118585]
[-0.303247, -0.257752, 0.470621, -0.308663, -0.118586]
[-0.303247, -0.257752, 0.470621, -0.308661, -0.118582]
[-0.303248, -0.257752, 0.470621, -0.308663, -0.118586]
[-0.303249, -0.257752, 0.470621, -0.308662, -0.118584]
[-0.303247, -0.257752, 0.470621, -0.308663, -0.118583]
[-0.303249, -0.257752, 0.470621, -0.308663, -0.118586]
[-0.303249, -0.257752, 0.470621, -0.308663, -0.118583]
[-0.303248, -0.257752, 0.470621, -0.308661, -0.118584]
[-0.303248, -0.257752, 0.470621, -0.308662, -0.118582]
[-0.303248, -0.257752, 0.470621, -0.308661, -0.11858]
[-0.303249, -0.257752, 0.470621, -0.308661, -0.118581]
[-0.303248, -0.257752, 0.470621, -0.308663, -0.118583]
[-0.303247, -0.257752, 0.470621, -0.308661, -0.118585]
[-0.303249, -0.257752, 0.470621, -0.308662, -0.118583]
[-0.303248, -0.257752, 0.470621, -0.308662, -0.118586]
[-0.303249, -0.257752, 0.470621, -0.308661, -0.118582]
[-0.303247, -0.257752, 0.470621, -0.308661, -0.11858]
[-0.303249, -0.257752, 0.470621, -0.308663, -0.11858]
[-0.303248, -0.257752, 0.470621, -0.308663, -0.11858]
[-0.303248, -0.257752, 0.470621, -0.308662, -0.118584]
[-0.303248, -0.257752, 0.470621, -0.308661, -0.118581]
[-0.303247, -0.257752, 0.470621, -0.308662, -0.11858]
[-0.303249, -0.257752, 0.470621, -0.308661, -0.118584]
[-0.303247, -0.257752, 0.470621, -0.308662, -0.118583]
[-0.303249, -0.257752, 0.470621, -0.308662, -0.11858]
[-0.303247, -0.257752, 0.470621, -0.308663, -0.118585]
[-0.303249, -0.257752, 0.470621, -0.308661, -0.11858]
[-0.303248, -0.257752, 0.470621, -0.308663, -0.118582]
[-0.303249, -0.257752, 0.470621, -0.308662, -0.118582]
[-0.303249, -0.257752, 0.470621, -0.308662, -0.118585]
[-0.303249, -0.257752, 0.470621, -0.308663, -0.118582]
[-0.303247, -0.257752, 0.470621, -0.308663, -0.118582]
[-0.303247, -0.257752, 0.470621, -0.308663, -0.118581]
[-0.303248, -0.257752, 0.470621, -0.308661, -0.118583]
[-0.303249, -0.257752, 0.470621, -0.308662, -0.118586]
[-0.303247, -0.257752, 0.470621, -0.308662, -0.118586]
[-0.303248, -0.257752, 0.470621, -0.308661, -0.118586]
[-0.303247, -0.257752, 0.470621, -0.308661, -0.118586]
[-0.303249, -0.257752, 0.470621, -0.308661, -0.118586]
[-0.303247, -0.257752, 0.470621, -0.308663, -0.11858]
[-0.303249, -0.257752, 0.470621, -0.308661, -0.118583]
