Status: non-adversarial inputs found
[0.446633, -0.462343, 0.146191, -0.00409, -0.119554]
[-0.307833, 0.033189, -0.419271, 0.223954, 0.054518]
[-0.032616, -0.013607, 0.071553, 0.401484, 0.031292]
[-0.233675, -0.245564, 0.016963, 0.194966, -0.042811]
[0.627339, -0.241943, -0.439304, 0.08926, 0.116563]
[-0.014042, -0.086667, 0.403868, 0.373398, 0.459086]
[0.491377, -0.406191, -0.000421, 0.038205, 0.371957]
[-0.228334, 0.420519, -0.088711, -0.019738, 0.328375]
[0.399955, 0.340216, 0.218807, 0.145972, -0.408634]
[0.471657, 0.118817, -0.106315, 0.251195, -0.09063]
[0.076787, -0.446321, 0.132778, -0.454603, -0.244271]
[-0.172078, 0.290489, 0.309893, -0.148404, -0.426551]
[0.328737, 0.389217, -0.37903, 0.451829, 0.406985]
[-0.063571, -0.195113, 0.301707, -0.198102, -0.079338]
[0.628004, -0.166272, -0.134268, -0.175532, 0.127721]
[0.312274, 0.165031, 0.345151, 0.306377, -0.019126]
[0.177579, 0.316426, 0.090431, 0.200522, 0.059573]
[0.098753, 0.168355, 0.094631, -0.060896, 0.410929]
[0.601427, 0.423157, 0.388545, -0.353395, 0.383837]
[-0.074328, -0.200966, 0.154739, -0.171075, -0.187505]
[0.58078, -0.281587, -0.144734, 0.12248, -0.390124]
[0.381603, 0.096407, -0.291179, -0.042608, -0.221885]
[-0.050829, 0.435705, 0.387987, 0.256369, -0.039977]
[0.208306, 0.408628, -0.461899, -0.050299, -0.039736]
[0.675479, -0.456844, -0.38711, -0.276187, 0.127403]
[0.657164, 0.187652, -0.057672, 0.43913, -0.145317]
[0.471061, -0.126911, 0.276851, 0.113386, -0.305643]
[-0.075232, 0.057545, 0.262757, 0.112417, 0.053834]
[0.673065, -0.358524, -0.309136, 0.396963, -0.285462]
[-0.22085, -0.036994, -0.075851, -0.230742, -0.000836]
[0.176561, -0.124639, 0.360509, -0.297897, 0.188458]
[0.521025, -0.39476, -0.256197, -0.213169, 0.287299]
[0.51861, -0.388094, -0.213071, -0.450079, 0.027149]
[0.264733, 0.041494, 0.03986, 0.457224, 0.255486]
[0.225119, 0.102961, 0.315365, 0.363358, 0.142215]
[0.550587, 0.14109, -0.054868, -0.072694, 0.310836]
[0.094961, 0.320231, -0.388107, -0.197005, -0.055934]
[-0.014169, -0.057796, 0.194608, -0.112436, 0.369515]
[0.294981, -0.097962, 0.12271, 0.148884, -0.257648]
[0.277246, -0.34133, -0.347136, 0.032515, -0.455942]
[-0.305398, -0.174142, 0.052998, -0.374006, -0.17554]
[0.220509, 0.358961, -0.250339, 0.403811, -0.303959]
[0.165285, 0.264784, 0.120308, -0.255583, 0.453564]
[0.287852, -0.498283, -0.263485, 0.059694, -0.115975]
[-0.114968, -0.0807, 0.427818, -0.193829, 0.456235]
[-0.17218, -0.009857, 0.25334, 0.11538, 0.291352]
[0.661923, 0.4097, -0.408985, 0.300209, 0.399904]
[-0.304631, 0.304863, -0.211021, -0.182663, 0.438528]
[-0.012191, -0.159745, 0.49693, 0.072043, 0.339547]
[0.408318, 0.41275, 0.025524, 0.393284, -0.245272]
[0.504631, 0.272406, -0.401163, -0.348468, 0.488977]
[-0.006097, 0.387729, 0.485119, -0.214246, 0.400478]
[-0.224683, -0.33646, -0.062179, 0.494621, 0.032045]
[0.180379, -0.107246, 0.1177, 0.218422, -0.159568]
[-0.240232, -0.169991, 0.202491, -0.263236, 0.376493]
[0.058982, 0.205362, 0.231228, -0.124467, -0.09552]
[-0.068831, 0.043464, -0.20017, -0.480908, -0.063931]
[0.497803, 0.424286, 0.337816, 0.130622, -0.383743]
[0.666417, 0.301772, 0.486385, 0.489348, 0.381366]
[0.563428, -0.430631, 0.050248, 0.228597, -0.333869]
[-0.185394, 0.077108, 0.213534, 0.487738, 0.292221]
[0.098309, -0.328152, 0.110433, -0.48712, -0.077354]
[0.661035, 0.461232, 0.403734, -0.149196, -0.133079]
[0.496108, 0.432788, 0.285466, 0.136813, 0.349716]
[0.407169, -0.207577, -0.095071, 0.461783, 0.193606]
[-0.087384, 0.331433, -0.228845, -0.230294, -0.467709]
[0.675532, -0.490302, -0.476341, 0.43993, 0.079279]
[0.387717, 0.035339, 0.277691, -0.149779, 0.10515]
[0.010028, 0.314167, -0.131457, -0.360704, 0.456614]
[0.518623, -0.357314, 0.18825, 0.279719, 0.459697]
[0.365485, -0.115933, 0.01644, -0.141875, -0.015155]
[0.308492, -0.26496, -0.062372, 0.278932, 0.391599]
[0.606176, -0.093279, 0.408413, 0.381469, -0.071888]
[-0.200251, -0.493927, 0.470275, -0.192059, -0.476096]
[0.577036, 0.408757, 0.168837, 0.383697, 0.366777]
[0.425556, -0.20773, -0.24357, 0.106597, 0.142839]
[0.584974, 0.259371, -0.22635, 0.444132, -0.112589]
[-0.222051, 0.230444, 0.433224, 0.410546, -0.107799]
[-0.050216, 0.05332, 0.324908, -0.189672, -0.382414]
[-0.12563, -0.353181, 0.428995, -0.155386, -0.42607]
[0.668961, 0.351139, -0.206422, -0.027633, -0.069391]
[0.226178, -0.041295, 0.287184, -0.491472, 0.023877]
[-0.021682, -0.0675, 0.495651, -0.010095, -0.133608]
[0.004833, 0.135247, -0.220455, 0.411998, -0.34118]
[0.435745, 0.097131, 0.0864, 0.323132, -0.230985]
[-0.040268, 0.391163, -0.44519, -0.427762, 0.304802]
[0.384746, 0.255818, 0.199688, 0.431834, -0.062181]
[0.100593, -0.052878, -0.057948, -0.405964, -0.113044]
[0.618321, 0.205173, -0.419705, -0.205851, 0.233236]
[0.241461, 0.280616, 0.331471, -0.422397, 0.405162]
[0.394164, 0.107489, 0.274835, -0.194952, -0.32475]
[0.567701, -0.148659, -0.232795, -0.349474, 0.064164]
[0.489045, 0.266097, 0.254912, -0.085928, -0.344528]
[-0.301514, 0.391009, -0.187767, -0.224822, 0.317258]
[-0.105746, 0.041594, 0.355844, 0.266907, 0.133244]
[0.179481, -0.475522, 0.210741, -0.111406, -0.102565]
[-0.200617, -0.39672, -0.209084, -0.44378, 0.298136]
[-0.307879, 0.333289, 0.228105, -0.215522, -0.080282]
[0.624617, 0.351715, 0.321081, 0.426738, -0.327096]
[0.617789, -0.394174, 0.092932, 0.475513, -0.142167]
[0.204144, 0.32243, 0.119672, -0.008641, 0.062439]
[0.151107, 0.448659, -0.40505, 0.274099, -0.026943]
[0.201239, 0.363676, 0.005517, -0.241814, -0.249787]
[0.618743, -0.371083, 0.438056, -0.239505, 0.143006]
[0.366391, -0.256619, 0.326976, 0.348065, 0.181747]
[0.512566, 0.392955, 0.301459, 0.458242, 0.381663]
[0.433309, 0.446263, -0.426857, 0.111208, 0.06471]
[0.335282, -0.234053, -0.273712, -0.309394, -0.119699]
[-0.133241, 0.369667, -0.287187, -0.34115, -0.349734]
[0.284244, -0.369579, -0.010695, -0.052455, 0.060011]
[0.566728, 0.456877, -0.07084, 0.087696, -0.493294]
[0.008296, -0.169384, 0.426408, -0.22557, -0.490011]
[0.050031, -0.20399, -0.327731, -0.349257, 0.273769]
[-0.304039, -0.270808, -0.31337, 0.002006, 0.472315]
[-0.164093, -0.016927, -0.390132, 0.370184, -0.08919]
[0.111689, 0.086405, -0.435032, 0.073229, -0.44938]
[0.059628, 0.119688, 0.468837, 0.093427, -0.13608]
[0.404541, 0.345898, -0.200853, -0.135217, 0.186189]
[0.453586, 0.233523, 0.251935, -0.388621, -0.380007]
[0.296394, -0.000879, 0.415541, 0.403453, 0.410424]
[-0.262181, -0.224787, -0.45995, 0.413144, 0.171479]
[0.505629, -0.17289, 0.302595, -0.185901, 0.182076]
[0.161616, 0.256622, 0.37421, -0.002987, 0.011615]
[0.02096, -0.409547, 0.026309, -0.005793, 0.483347]
[0.403868, 0.261546, -0.392057, 0.275283, 0.146035]
[0.161556, 0.469377, -0.084241, 0.001315, -0.036714]
[0.197292, -0.373099, 0.366752, 0.316001, 0.377185]
[0.529689, 0.161528, -0.042662, -0.469993, -0.204347]
[0.471234, 0.231263, 0.390244, 0.026552, 0.197598]
[0.366301, -0.213379, 0.018614, 0.231268, 0.040501]
[0.640212, -0.051916, 0.49169, 0.282124, 0.006262]
[0.642465, 0.052414, -0.256731, -0.383147, -0.248313]
[0.326509, -0.455263, 0.25563, 0.238664, 0.137729]
[0.271777, -0.248554, -0.445854, 0.419757, 0.179995]
[0.636676, 0.380874, -0.074732, 0.14613, -0.060267]
[0.379267, -0.382166, -0.451596, 0.176603, -0.076042]
[0.673715, -0.449387, -0.021598, 0.49676, 0.192227]
[0.199931, 0.365957, 0.4945, -0.496822, -0.447449]
[0.670729, -0.154349, 0.170386, -0.363264, -0.105036]
[0.660189, -0.476235, 0.329757, 0.308881, 0.41798]
[-0.31044, 0.361548, -0.043379, -0.165885, 0.231555]
[0.258769, 0.136886, 0.306843, 0.364446, -0.065793]
[0.591247, -0.172008, 0.013813, 0.037008, 0.048731]
[0.07506, 0.15409, 0.32817, -0.002847, -0.022457]
[0.165431, 0.131246, 0.314866, -0.121751, 0.141094]
[-0.122948, -0.063702, 0.270383, -0.473759, -0.205552]
[0.067002, 0.204069, -0.419451, 0.066363, 0.113218]
[-0.30548, -0.147052, 0.270219, 0.230816, 0.22127]
[0.003221, 0.397707, 0.068975, -0.151341, -0.363253]
[0.278462, 0.040439, -0.293632, -0.376044, 0.321491]
[-0.051792, -0.180947, -0.311363, -0.246606, -0.437176]
[-0.025282, -0.34689, 0.175403, -0.431865, -0.442152]
[0.66443, -0.437752, -0.324468, 0.165832, 0.01189]
[0.131886, 0.004899, 0.247667, -0.189307, -0.147959]
[-0.056148, 0.363342, 0.358169, -0.097521, 0.060518]
[0.660822, -0.01981, 0.245277, -0.482063, -0.358847]
[0.503116, 0.414245, -0.330064, -0.017612, 0.02183]
[0.343073, -0.295303, -0.190736, -0.07599, 0.039328]
[0.245392, -0.19408, -0.334234, -0.46575, 0.400724]
[-0.05315, -0.332314, -0.224337, -0.475634, 0.310363]
[-0.160603, 0.316952, -0.039921, -0.193408, -0.053656]
[0.28605, -0.153912, -0.344743, 0.124224, -0.151419]
[0.262693, -0.13, -0.308081, 0.324658, -0.187063]
[0.602784, 0.148465, 0.09928, -0.478644, -0.190436]
[-0.227146, -0.056546, -0.093931, 0.070677, 0.163173]
[-0.070398, 0.070561, 0.088765, -0.168635, 0.446231]
[0.614246, 0.260969, 0.170646, -0.24898, 0.259998]
[-0.156213, 0.286142, 0.217022, 0.001887, 0.430845]
[0.48345, 0.297984, -0.387687, 0.42239, -0.361644]
[0.549387, 0.402563, 0.370998, 0.436428, -0.469065]
[0.132296, -0.266142, 0.310669, -0.029537, -0.110142]
[-0.003231, 0.156133, -0.485184, 0.30722, 0.400812]
[-0.306682, 0.365169, -0.087879, 0.355399, 0.262158]
[0.094621, -0.352212, 0.387139, -0.0559, 0.471332]
[0.445515, -0.1746, 0.397128, -0.445786, 0.213039]
[0.316685, -0.44477, -0.258173, -0.211402, 0.371166]
[0.489492, 0.38416, 0.263553, -0.337364, -0.43487]
[0.191197, 0.387095, -0.417403, 0.407139, -0.180635]
[0.667922, -0.202041, 0.387197, 0.156741, 0.2993]
[0.086849, -0.361065, 0.420604, 0.158286, -0.279607]
[0.557553, 0.37843, 0.349319, 0.36918, 0.495771]
[0.570089, 0.252242, -0.133296, -0.444366, -0.114912]
[0.462441, -0.201684, 0.080311, 0.278447, -0.222973]
[0.575707, -0.121193, -0.012397, -0.481463, 0.05118]
[0.406042, -0.490234, 0.171355, 0.123976, -0.326725]
[0.138139, -0.375638, -0.4657, -0.346567, -0.076606]
[0.417726, 0.417109, 0.35391, 0.316873, -0.295168]
[0.039273, -0.221783, 0.279179, -0.213242, -0.303835]
[-0.188922, -0.34274, 0.161743, 0.265668, 0.012306]
[0.130149, -0.378157, -0.164438, -0.294727, -0.093173]
[0.574002, 0.044545, 0.030805, 0.018949, 0.232528]
[0.471743, -0.033086, 0.274013, -0.058549, -0.495149]
[-0.271091, -0.017758, -0.311608, -0.172723, 0.065175]
[0.424171, -0.018072, 0.070031, -0.321059, -0.054795]
[-0.237709, -0.421201, -0.403649, 0.467617, 0.412977]
[0.461646, -0.37948, -0.214558, 0.293131, -0.056826]
[0.145568, 0.052399, 0.415231, 0.20724, 0.427124]
[0.534876, -0.271989, -0.031835, 0.485838, 0.433719]
[0.373536, 0.080088, 0.493317, -0.43032, 0.356232]
[0.488706, 0.042694, -0.4557, -0.329602, 0.039976]
[0.021499, 0.05852, 0.223021, 0.143798, 0.125278]
[0.038528, -0.227089, 0.278705, 0.170529, -0.396726]
[0.117518, -0.121061, 0.323066, -0.322762, -0.250421]
[0.3338, 0.38439, 0.189788, -0.045087, -0.138727]
[0.435193, 0.302753, 0.46306, 0.282027, 0.071117]
[-0.218889, -0.283732, -0.076093, -0.140224, -0.198494]
[-0.090715, 0.306592, 0.483929, -0.336167, -0.235627]
[-0.127849, -0.379748, -0.291181, 0.199944, 0.493718]
[0.564555, 0.34503, 0.093008, 0.178213, -0.253781]
[0.347223, 0.464367, -0.404915, -0.076893, -0.134289]
[0.335768, -0.25537, 0.25209, 0.397047, -0.394795]
[0.252144, -0.18147, 0.227564, 0.476179, 0.466463]
[-0.256589, -0.374016, 0.489989, -0.276376, 0.197673]
[0.01841, 0.012669, 0.303161, -0.209846, -0.266449]
[0.269571, -0.47411, -0.40627, 0.224354, -0.112711]
[0.095763, -0.006842, -0.165448, 0.283335, -0.455996]
[-0.248616, -0.197134, -0.101583, -0.475214, -0.339846]
[-0.06413, 0.31053, -0.001249, -0.232829, -0.272214]
[0.461625, -0.273816, -0.292015, -0.199881, 0.150656]
[0.20652, 0.45785, 0.227579, 0.11954, 0.133806]
[0.472532, 0.191263, -0.015917, -0.108226, 0.082924]
[0.229583, -0.299551, 0.093252, -0.320194, 0.05617]
[0.04851, 0.116464, -0.018904, 0.154994, 0.305649]
[-0.182969, -0.125785, -0.029745, -0.379041, 0.216158]
[0.582303, -0.115294, -0.417638, 0.469481, 0.047075]
[-0.012086, 0.431941, -0.299538, 0.377915, 0.307426]
[-0.115964, 0.448986, -0.075472, -0.305735, -0.29564]
[0.387038, 0.016037, 0.057133, -0.130164, 0.197123]
[-0.190297, 0.169331, -0.353126, -0.272503, -0.247715]
[-0.276714, 0.193448, -0.361507, 0.378459, -0.154092]
[0.198918, -0.317855, 0.054163, 0.466017, 0.261907]
[0.213045, 0.273864, 0.2759, 0.130534, -0.277383]
[0.601424, 0.147232, -0.013925, -0.003128, 0.419625]
[0.289235, -0.360142, -0.484441, 0.10522, -0.084693]
[0.097049, -0.022829, 0.13061, -0.100106, -0.173858]
[-0.183832, 0.499103, -0.155038, -0.495676, 0.326391]
[0.094783, 0.348785, 0.435789, -0.395297, 0.308478]
[0.342256, -0.295274, 0.366928, -0.248409, -0.143671]
[0.273349, 0.18747, -0.017407, -0.325662, 0.265892]
[0.289943, -0.003381, -0.305666, -0.362526, 0.402595]
[0.601134, 0.258316, -0.489653, 0.200577, -0.051752]
[-0.141992, 0.018431, 0.268244, 0.030297, 0.456511]
[0.004972, 0.097955, 0.29121, 0.031737, 0.416828]
[0.364225, 0.058771, -0.105532, -0.285562, 0.450903]
[0.593691, -0.178389, -0.395018, -0.315374, 0.099003]
[0.553584, 0.235531, -0.196627, 0.269093, -0.478382]
[-0.082953, 0.4688, -0.455249, -0.373495, 0.345768]
[0.559124, 0.355977, -0.478151, 0.303163, 0.144453]
[0.518941, 0.200859, 0.04283, -0.198213, 0.342099]
[-0.258199, 0.460183, -0.034797, 0.185888, 0.261491]
[-0.039774, -0.19287, -0.496856, -0.32506, -0.362758]
[0.354273, 0.06066, 0.210359, 0.453679, -0.105885]
[0.186966, -0.425246, -0.460962, 0.458959, -0.070878]
[0.107302, 0.259114, -0.125495, -0.023777, -0.054649]
[-0.146959, -0.329168, -0.306697, 0.081816, 0.050298]
[-0.096296, -0.221568, -0.480968, 0.138395, -0.316069]
[-0.043292, 0.159794, -0.241557, 0.115346, -0.444629]
[-0.017719, -0.04662, -0.204653, 0.46353, -0.486516]
[0.46995, -0.229457, -0.251575, 0.300671, 0.4991]
[0.590657, -0.465538, 0.147118, 0.272257, 0.175966]
[0.466203, 0.454058, 0.262587, -0.131206, -0.26828]
[0.451639, -0.187734, -0.405057, -0.315897, 0.253228]
[-0.318535, 0.299605, -0.326574, -0.027284, -0.225212]
[0.224576, 0.213242, 0.25535, 0.352904, 0.36399]
[0.230132, 0.291058, -0.298148, 0.453999, -0.431179]
[0.203194, -0.307077, 0.482153, 0.481102, 0.381386]
[0.246304, 0.093946, -0.064967, 0.037929, 0.494683]
[-0.153068, -0.427863, -0.313614, 0.130163, -0.414407]
[0.289823, 0.287637, -0.16602, 0.101813, -0.061027]
[0.00203, 0.488242, -0.355417, 0.009792, 0.105955]
[-0.009104, -0.115913, 0.490783, -0.426282, -0.092825]
[0.410164, -0.191935, -0.487833, 0.350819, -0.478259]
[0.678074, 0.21311, -0.381307, 0.473775, 0.002163]
[0.356957, 0.301419, -0.125521, 0.243642, -0.221381]
[-0.307806, 0.283708, -0.467127, -0.321455, -0.058837]
[0.202618, 0.188438, -0.130538, -0.01899, -0.050975]
[0.099927, -0.16045, 0.222427, -0.225474, -0.405858]
[0.649401, 0.254713, 0.324763, -0.267317, -0.226747]
[0.044766, -0.094276, -0.470699, -0.349081, 0.310084]
[-0.114986, 0.230709, 0.230965, -0.434509, -0.334917]
[-0.173634, 0.214731, 0.115636, 0.341625, 0.413828]
[0.512577, 0.309572, 0.023983, -0.078642, -0.072942]
[0.416488, 0.223336, -0.243838, 0.453635, 0.378823]
[0.204055, -0.102039, -0.063583, 0.168306, -0.399973]
[0.550883, -0.285192, 0.299493, -0.204237, 0.303857]
[0.444602, 0.273838, 0.018236, 0.48777, 0.430639]
[0.51612, -0.219155, 0.066517, -0.404138, 0.467799]
[0.096131, 0.407356, -0.442939, 0.469815, -0.335089]
[0.048022, 0.100493, 0.221954, -0.220724, 0.093306]
[0.568097, -0.201752, -0.098644, -0.268451, -0.053736]
[0.607124, 0.442529, -0.472724, 0.423253, -0.010695]
[0.00028, 0.423741, -0.403931, 0.29001, -0.265265]
[0.067191, 0.385625, -0.472534, 0.341738, 0.262617]
[-0.129777, 0.416312, -0.024766, -0.458659, -0.043479]
[0.291427, -0.110808, -0.171091, 0.353659, -0.130459]
[0.562695, -0.109154, -0.207601, -0.029577, -0.422382]
[0.084814, -0.097505, 0.299806, -0.21033, 0.347258]
[0.39379, -0.161408, 0.387648, -0.480573, 0.113324]
[0.296159, 0.088363, 0.005119, 0.218704, 0.002078]
[0.068565, 0.145235, 0.311199, -0.180248, 0.400319]
[0.042574, 0.305887, -0.388446, -0.121552, -0.384333]
[-0.299335, 0.492207, 0.383727, 0.068715, -0.058712]
[0.554696, 0.03754, 0.442663, 0.404046, -0.43391]
[-0.125237, 0.047643, 0.150604, 0.162774, -0.127207]
[0.291655, 0.075787, -0.267048, 0.275259, -0.134035]
[-0.043842, -0.324179, 0.355375, 0.095484, -0.457921]
[0.07458, -0.07915, -0.048948, -3.9e-05, -0.179852]
[0.242525, 0.158399, 0.197507, 0.285358, 0.200403]
[0.263546, -0.026655, -0.133728, 0.027472, 0.286756]
[0.428728, 0.184643, 0.174921, -0.128983, 0.069842]
[0.093673, 0.087031, 0.361653, 0.321253, 0.151561]
[0.112948, -0.214848, -0.408212, -0.282762, -0.325786]
[0.55946, 0.164607, 0.365078, 0.321952, -0.356012]
[-0.128816, 0.392188, 0.482742, 0.200707, 0.063801]
[0.280016, 0.460783, -0.088691, 0.206017, 0.254445]
[0.428946, -0.09809, 0.497874, 0.012994, 0.420251]
[0.635916, -0.460332, 0.108125, 0.288531, -0.01383]
[-0.116112, -0.038687, 0.000256, 0.190697, 0.427638]
[0.43609, -0.043542, 0.416009, -0.225274, 0.126502]
[-0.037083, -0.35133, -0.354409, 0.076088, 0.458268]
[-0.022416, -0.275345, 0.181535, -0.140276, -0.449889]
[-0.095725, 0.068951, -0.221076, 0.353003, -0.486387]
[0.133226, -0.224779, -0.46687, -0.054017, 0.139295]
[-0.041875, 0.234928, 0.221429, 0.272714, -0.302173]
[-0.066453, -0.233295, 0.224273, -0.260072, 0.022882]
[-0.040277, 0.109253, 0.290268, -0.073134, -0.00213]
[0.375423, -0.056703, 0.30935, 0.474394, -0.373138]
[-0.059581, -0.313886, 0.378587, -0.275559, -0.034573]
[0.588017, 0.035622, 0.033268, -0.484301, 0.26876]
[0.163932, -0.497966, 0.124146, 0.080499, 0.277375]
[0.06273, 0.049905, -0.298817, 0.283085, -0.015664]
[0.351106, -0.250303, 0.405419, 0.380182, 0.167933]
[-0.121102, 0.197615, -0.475559, -0.357211, -0.160974]
[0.626499, 0.459379, 0.281174, -0.473769, -0.288626]
[0.211749, -0.405056, -0.399285, 0.291684, 0.029356]
[0.27191, 0.29194, 0.455468, 0.009486, 0.368873]
[0.261173, -0.041002, -0.498963, 0.259388, -0.190282]
[0.629459, -0.11186, -0.001511, -0.300297, -0.06322]
[0.570402, 0.285336, -0.320202, 0.050707, -0.12677]
[0.532407, 0.329635, 0.100878, 0.242855, 0.317973]
[0.393794, 0.061772, -0.101922, -0.463491, 0.329211]
[-0.256869, -0.417125, 0.461524, -0.009515, -0.339305]
[0.523698, -0.113429, -0.420794, 0.063989, 0.37599]
[-0.061063, 0.105041, -0.407825, 0.416564, 0.264583]
[-0.174198, -0.103808, 0.374084, 0.237118, 0.239535]
[0.582616, 0.46962, -0.378089, -0.26948, 0.082729]
[0.329981, -0.225809, -0.458085, 0.319666, -0.042512]
[0.022884, -0.426585, 0.16602, -0.327621, -0.149348]
[0.614979, 0.227976, -0.390211, -0.316704, -0.241929]
[-0.263667, 0.125027, -0.145782, 0.39372, -0.18444]
[-0.255024, 0.209007, 0.09593, 0.180514, -0.263998]
[0.402875, 0.129148, -0.327287, -0.343558, -0.304822]
[-0.058495, 0.360423, 0.349559, -0.456768, 0.272226]
[0.487184, 0.360369, -0.080667, 0.468784, -0.038381]
[-0.23396, 0.330222, -0.492822, -0.039253, -0.113727]
[0.19501, -0.175419, -0.187851, 0.412554, 0.193889]
[-0.041819, -0.465749, 0.434943, -0.04417, 0.294404]
[0.412842, -0.175951, 0.200119, 0.427425, -0.452993]
[0.274648, 0.223846, 0.192224, 0.133131, -0.172466]
[-0.261127, -0.213014, 0.097564, -0.085671, -0.065452]
[0.104419, -0.233884, -0.010376, -0.378345, 0.176662]
[0.380077, 0.270126, 0.242689, -0.053473, -0.285972]
[0.514965, -0.470113, 0.029363, -0.189415, -0.447786]
[-0.188557, 0.386073, -0.316219, -0.452397, 0.295567]
[0.089324, 0.49386, 0.295549, 0.465238, -0.011234]
[0.144337, -0.302105, -0.460444, -0.314181, -0.292304]
[0.39589, -0.264256, 0.139966, 0.299129, 0.323869]
[-0.006848, 0.150706, -0.360314, 0.008885, 0.275409]
[0.268619, -0.221788, 0.162034, -0.262304, 0.377808]
[0.044378, -0.068754, 0.439114, -0.341842, -0.105767]
[0.43936, 0.280599, 0.002428, 0.094895, 0.369542]
[0.525276, -0.263949, 0.036373, 0.175642, 0.486234]
[-0.261414, -0.112906, -0.298347, -0.430679, -0.108024]
[0.512016, 0.251088, 0.15359, -0.408136, 0.046798]
[0.660166, 0.152767, 0.352216, -0.101978, -0.375749]
[-0.195166, 0.199473, -0.019069, -0.327856, 0.492109]
[-0.109473, -0.026201, 0.179476, -0.371701, -0.378499]
[0.515244, -0.22805, -0.430354, -0.026979, -0.341952]
[0.165654, 0.372164, -0.138732, 0.070927, 0.015721]
[-0.232512, 0.115828, -0.388606, 0.24705, -0.47276]
[0.647762, 0.267461, -0.278847, 0.302235, -0.303648]
[0.426713, 0.434093, -0.170622, 0.043745, -0.175459]
[-0.313611, 0.219692, -0.133146, 0.459322, 0.354253]
[-0.196272, 0.259012, 0.248861, 0.235666, -0.436636]
[0.284253, 0.336737, 0.454422, 0.263372, -0.376364]
[0.391803, 0.214968, 0.041953, 0.286076, -0.094234]
[-0.169102, -0.328937, 0.183915, 0.450582, -0.154854]
[0.52882, 0.491464, -0.487634, -0.321241, 0.083453]
[0.398017, -0.041429, 0.31792, 0.213723, 0.409414]
[0.373705, -0.004611, 0.293811, 0.465908, 0.096182]
[0.550594, 0.128877, -0.080365, -0.10194, -0.11128]
[0.298751, -0.207229, -0.359043, 0.436862, -0.467388]
[0.096914, -0.242593, 0.26466, 0.015232, -0.258113]
[0.239693, 0.317322, -0.263287, -0.11424, -0.344432]
[-0.076481, -0.411735, 0.329011, 0.14905, 0.352399]
[-0.249801, 0.428634, 0.492202, -0.325577, -0.46857]
[0.4993, 0.040152, -0.013956, 0.184194, -0.015386]
[0.555221, 0.483655, 0.254043, -0.317565, -0.499903]
[0.45597, -0.312531, -0.382358, 0.298947, -0.347497]
[0.449784, -0.203053, 0.399467, 0.164847, -0.181609]
[0.408721, 0.190906, 0.464233, -0.133402, -0.492814]
[0.470209, 0.212489, 0.338222, -0.058457, -0.10293]
[-0.028522, -0.373196, 0.117937, -0.211395, -0.339901]
[0.226141, -0.01467, -0.217784, -0.327378, -0.334159]
[-0.274493, -0.250481, -0.187001, -0.238929, 0.121263]
[0.558908, -0.090535, -0.121485, 0.180089, 0.056398]
[-0.248879, -0.052464, 0.456461, -0.297078, 0.008446]
[0.235167, 0.103083, -0.263087, -0.18539, 0.359974]
[0.141923, -0.32322, -0.120912, 0.278279, -0.33994]
[0.557237, -0.281094, 0.14258, -0.106117, 0.319624]
[-0.236551, -0.263175, 0.314521, -0.354752, 0.241729]
[0.123743, -0.232866, -0.38329, 0.075486, 0.163047]
[0.335608, 0.181377, -0.142531, 0.433257, -0.08171]
[0.612993, -0.035032, -0.396812, -0.381453, -0.465447]
[0.352115, -0.066904, -0.035928, 0.072355, 0.357959]
[0.015918, -0.238953, -0.443385, -0.185752, 0.237092]
[0.366638, 0.250165, -0.060981, -0.100997, -0.07334]
[-0.15727, -0.179642, 0.383499, 0.490651, 0.243991]
[-0.133729, -0.477642, -0.36445, -0.432894, -0.494894]
[-0.032076, -0.034549, -0.027794, 0.324734, -0.098988]
[-0.007908, -0.053604, 0.39978, -0.472576, 0.385111]
[0.130921, -0.338618, -0.354129, -0.283948, 0.016832]
[-0.118645, -0.468479, -0.309136, 0.429217, 0.449162]
[-0.098195, 0.390125, 0.112096, -0.066573, -0.232918]
[0.666821, -0.241609, -0.171931, -0.178754, -0.27179]
[-0.138744, 0.310518, 0.46084, 0.215632, 0.141969]
[0.433959, -0.303986, 0.222362, -0.11715, -0.167198]
[0.138139, -0.143769, 0.158599, 0.120831, -0.280706]
[0.554409, 0.136226, -0.39358, -0.316959, -0.154895]
[0.484639, 0.289733, 0.369761, -0.312019, 0.439059]
[0.618056, -0.002256, 0.172404, -0.22134, 0.011475]
[0.564993, 0.421961, 0.166387, -0.058241, 0.056263]
[-0.072837, 0.300695, -0.300569, 0.411921, -0.073118]
[0.523504, -0.018877, 0.405397, 0.216382, -0.435261]
[-0.05156, 0.371204, -0.332191, -0.053286, -0.408617]
[0.523106, -0.122941, -0.255881, 0.285108, 0.250248]
[-0.166035, -0.050784, -0.496191, 0.070182, -0.224927]
[-0.196923, 0.297633, -0.018804, 0.462674, -0.03016]
[-0.229331, 0.375188, -0.329924, 0.11095, 0.03979]
[0.416206, -0.475054, 0.15534, 0.345318, 0.31097]
[0.100495, 0.239047, 0.377037, -0.477644, 0.441873]
[0.35592, -0.035277, -0.428452, -0.478829, 0.009948]
[0.023124, -0.337448, 0.014842, 0.011882, 0.319095]
[0.219212, -0.383897, 0.118856, 0.002187, -0.029669]
[0.021496, 0.179963, 0.441496, -0.158859, -0.113523]
[0.567935, -0.472581, -0.458301, -0.364042, -0.468026]
[0.06992, -0.005132, 0.131151, -0.398849, -0.205355]
[-0.134744, 0.400756, -0.353995, 0.208938, 0.292106]
[0.029936, -0.453253, 0.377464, 0.001147, 0.04915]
[0.006235, 0.274312, -0.216427, 0.115409, 0.06135]
[-0.287493, -0.101022, 0.343549, 0.408918, -0.198042]
[-0.109156, 0.168203, 0.23521, 0.002701, -0.147648]
[-0.251526, 0.113891, 0.434769, 0.070966, 0.092087]
[0.492503, -0.438337, -0.292446, 0.295307, -0.000108]
[0.459305, -0.121039, 0.397364, -0.390744, -0.298232]
[0.589162, -0.114778, -0.37193, -0.472929, 0.10174]
[-0.100745, -0.147523, -0.046071, -0.218989, 0.390773]
[-0.192782, -0.092623, 0.102345, -0.4296, -0.03994]
[0.224031, -0.208636, 0.183527, -0.409968, 0.33374]
[0.663021, -0.295187, -0.290128, 0.003162, -0.368452]
[0.439599, -0.338296, -0.097562, 0.226704, -0.231169]
[-0.178358, -0.185796, -0.125764, -0.131761, 0.290229]
[0.053869, -0.178842, 0.367367, -0.228137, 0.493989]
[0.104965, 0.164851, 0.302593, 0.254261, -0.42791]
[0.217529, 0.344774, 0.274456, -0.071593, 0.223303]
[0.526988, -0.205189, 0.029507, 0.412554, 0.108943]
[0.644693, 0.319504, -0.175529, -0.31888, -0.015796]
[0.039279, -0.047747, 0.232441, -0.419413, -0.007297]
[-0.11084, 0.079776, -0.057408, 0.278563, -0.044024]
[0.056106, 0.038479, 0.024737, 0.416705, 0.168299]
[0.186982, 0.018258, -0.27407, -0.122121, -0.231617]
[0.205073, 0.299559, -0.467863, -0.357335, -0.329441]
[0.49998, 0.213997, -0.237386, -0.03295, 0.478731]
[-0.154929, 0.460004, -0.070033, 0.292076, -0.190186]
[-0.258501, -0.25388, -0.080835, 0.281422, -0.322308]
[0.067253, 0.114768, 0.143491, 0.24443, 0.148554]
[0.495814, -0.483645, 0.407197, -0.338373, 0.29829]
[0.243951, 0.47869, -0.346062, 0.003657, -0.361244]
[0.331225, -0.259832, 0.039524, 0.34174, 0.098394]
[0.374803, -0.172766, 0.227716, 0.191812, -0.12668]
[0.452722, 0.058605, -0.127425, -0.217876, 0.260296]
[0.407199, -0.372379, -0.264197, 0.038003, 0.343655]
[0.667022, 0.394889, -0.034549, -0.206759, 0.447903]
[0.086961, 0.463981, -0.011216, 0.449731, -0.227554]
[0.392761, -0.350914, -0.306416, -0.433169, 0.235325]
[0.279592, 0.440502, -0.394752, 0.445576, 0.498453]
[0.535464, 0.286898, -0.39914, -0.481562, 0.41231]
[0.47096, -0.152534, -0.025644, 0.023332, -0.145894]
[0.047394, -0.246138, -0.333489, 0.280635, -0.155967]
[0.339494, 0.136232, -0.09724, -0.167493, 0.199]
[0.604677, -0.475951, -0.227448, -0.263507, -0.447328]
[0.058475, -0.240889, -0.456055, -0.274338, 0.452254]
[0.098789, -0.338634, -0.464371, 0.280132, 0.290497]
[0.47603, 0.302624, -0.070697, 0.011296, -0.219818]
[-0.056746, -0.459818, -0.051124, -0.042203, -0.013841]
[-0.0538, 0.306559, 0.001876, 0.294745, 0.342464]
[-0.12912, 0.178572, -0.421427, -0.027298, 0.307223]
[0.432833, 0.28154, 0.403106, 0.444218, -0.489797]
[0.499031, -0.387544, -0.247537, -0.225569, 0.27574]
[-0.038118, -0.301498, 0.26153, 0.438339, 0.411973]
[0.077191, 0.49231, 0.01611, 0.340463, -0.343723]
[-0.174042, 0.147135, -0.355599, 0.08304, 0.157809]
[0.047272, -0.172871, 0.138413, 0.372421, -0.069849]
[0.665885, -0.266113, 0.240949, 0.247398, 0.090923]
[0.068006, 0.209509, -0.400012, 0.097391, 0.469945]
[0.130255, -0.301212, -0.460033, 0.27113, -0.467737]
[0.518768, -0.149689, 0.250402, -0.066502, 0.188232]
[-0.197651, -0.428604, 0.10309, 0.194038, 0.312125]
[-0.178081, 0.109072, -0.296949, 0.044346, -0.146177]
[0.076435, -0.0456, -0.132329, 0.204674, -0.249629]
[0.099013, -0.196766, -0.278511, 0.281035, 0.413614]
[-0.094389, 0.45967, 0.492697, -0.138262, 0.358727]
[-0.257407, -0.489482, 0.441897, -0.037115, -0.05612]
[0.446544, -0.05106, 0.137276, -0.030163, -0.196079]
[-0.20503, -0.257523, -0.280346, 0.152074, -0.179092]
[0.182833, -0.224799, -0.112716, -0.06851, -0.419876]
[0.545837, -0.157087, -0.385594, 0.004491, 0.199255]
[-0.038624, 0.282291, 0.42868, -0.420293, -0.273734]
[-0.292648, -0.217298, -0.258523, -0.183726, 0.20569]
[-0.121811, -0.092992, -0.197404, -0.166722, -0.089403]
[-0.22753, -0.487796, 0.408753, 0.145382, 0.238846]
[0.290625, -0.026696, -0.180217, 0.190248, 0.178775]
[0.630509, -0.441242, -0.189217, 0.414254, -0.436633]
[-0.095078, 0.209002, 0.349422, 0.333083, 0.289971]
[-0.300222, 0.421437, 0.241478, -0.104585, -0.171228]
[0.298778, -0.224452, 0.134229, -0.152734, -0.167749]
[0.39291, -0.230171, 0.497468, 0.333215, -0.41576]
[0.146573, -0.367397, 0.371707, -0.106494, 0.175904]
[-0.140531, 0.204557, 0.219403, 0.166373, 0.440178]
[-0.003327, 0.367311, 0.010163, -0.496286, 0.291644]
[0.092938, 0.463814, 0.390806, -0.040364, 0.454584]
[0.059692, 0.360848, -0.446416, -0.285929, -0.017749]
[-0.326241, -0.057345, 0.117936, 0.074061, -0.221932]
[0.37275, -0.052296, 0.058487, 0.404339, 0.164976]
[-0.299148, 0.180717, -0.330791, -0.377648, 0.443451]
[0.21433, -0.349473, 0.46652, 0.311071, -0.486678]
[0.598329, 0.092434, 0.483702, -0.166295, 0.142489]
[0.556125, 0.083855, 0.313865, 0.100353, 0.246301]
[0.247097, 0.372972, 0.385367, 0.213761, 0.477416]
[0.565975, 0.031925, 0.252389, -0.215187, 0.142767]
[-0.028948, -0.02563, -0.165519, -0.040649, -0.267415]
[-0.281044, -0.063942, -0.103929, 0.498609, 0.468604]
[0.476339, 0.458221, 0.215113, 0.390961, 0.066173]
[-0.062815, 0.492237, -0.248104, -0.379276, 0.036186]
[-0.123682, 0.025777, 0.436142, -0.074659, -0.0651]
[0.281384, -0.166795, -0.441448, 0.196378, 0.317956]
[0.671191, -0.459502, -0.299967, 0.161345, 0.233597]
[0.504053, 0.14952, -0.17898, 0.002019, 0.072537]
[-0.0154, 0.481626, 0.194937, -0.37221, 0.06016]
[-0.18556, 0.487236, 0.413793, -0.277726, 0.335616]
[0.230719, 0.151912, 0.390631, -0.272101, 0.421414]
[0.345192, -0.078754, -0.438725, 0.213062, -0.370822]
[0.599136, -0.139859, 0.062522, -0.082911, -0.422721]
[-0.058109, 0.102986, 0.433956, -0.166057, 0.009652]
[0.429006, -0.075013, -0.005721, -0.369061, -0.478177]
[0.092601, -0.017913, 0.246676, -0.413925, -0.080985]
[0.555009, 0.450898, 0.432668, 0.393155, -0.230987]
[0.394645, -0.470355, -0.339169, -0.169525, 0.48977]
[0.540004, 0.34276, -0.301617, 0.242134, 0.279996]
[-0.011351, 0.216348, -0.204721, -0.021212, 0.094848]
[0.541588, 0.08949, -0.498923, -0.00493, -0.34977]
[0.026489, 0.255908, 0.463499, -0.261159, 0.062884]
[-0.155889, -0.48996, 0.482913, -0.342694, 0.254872]
[0.130676, -0.123229, -0.037043, -0.147436, -0.139353]
[-0.011661, -0.463931, 0.398205, 0.071058, -0.261128]
[0.421164, 0.169418, 0.414247, 0.203236, -0.350359]
[0.260849, -0.488514, 0.130238, 0.069777, 0.024154]
[0.432555, 0.416059, -0.400264, -0.153609, -0.472327]
[-0.308331, -0.257243, -0.22671, -0.079729, -0.154129]
[0.380029, 0.221951, 0.187783, -0.067117, -0.271011]
[0.202597, -0.338719, 0.193478, -0.43069, -0.424087]
[-0.296118, -0.481388, -0.369056, -0.393074, -0.190372]
[0.382362, 0.176156, -0.319951, -0.491266, -0.19069]
[0.083924, 0.126828, 0.122962, -0.485051, -0.382284]
[0.131624, 0.406659, 0.413941, -0.207913, -0.49893]
[0.15971, -0.427678, 0.072391, -0.410926, 0.098848]
[0.312437, -0.15075, -0.242128, -0.476698, 0.295337]
[0.653501, -0.222074, -0.349025, 0.414688, -0.349118]
[0.658106, -0.257345, -0.41509, -0.355529, 0.449955]
[0.015531, -0.34898, 0.125918, -0.449436, -0.151182]
[0.60216, -0.475045, 0.303309, -0.473666, 0.416492]
[0.566764, 0.379897, 0.072406, 0.335785, -0.340168]
[-0.168942, -0.337377, -0.247058, 0.183721, -0.379228]
[0.258874, -0.060276, -0.27829, -0.365938, 0.49291]
[0.164188, 0.159617, -0.010823, 0.070633, -0.334535]
[0.056617, 0.445561, 0.495129, 0.209904, 0.347031]
[0.526981, -0.117203, -0.037785, -0.307997, -0.238264]
[0.479004, 0.039639, 0.37212, 0.433688, 0.203649]
[-0.251314, -0.021923, 0.241061, -0.27076, 0.361486]
[0.304053, -0.244624, 0.102021, -0.021965, 0.395819]
[0.464864, 0.161788, -0.067046, 0.394039, -0.390369]
[0.25895, -0.125273, 0.300221, 0.259862, 0.325412]
[0.204818, -0.410818, -0.187609, 0.33972, -0.26417]
[-0.152947, 0.200958, 0.035736, -0.434961, 0.257836]
[0.564906, 0.338389, -0.108151, -0.200812, 0.123279]
[0.344364, -0.310079, 0.397619, -0.465918, -0.258023]
[0.671972, 0.418841, -0.243459, 0.494959, 0.428984]
[-0.314981, -0.070065, 0.399522, -0.338256, 0.264085]
[-0.14535, 0.057062, 0.06004, -0.085644, -0.253715]
[-0.181974, 0.340665, -0.006817, -0.262715, -0.09732]
[-0.129696, 0.421333, 0.427125, 0.379728, 0.364351]
[0.506375, 0.063079, -0.343312, -0.325417, 0.004482]
[0.127737, 0.104504, -0.426727, 0.183381, -0.334021]
[0.557115, -0.073724, 0.173661, -0.205217, -0.168909]
[0.199115, -0.059813, -0.14229, -0.209697, 0.401534]
[0.154986, 0.1966, 0.006242, 0.236007, 0.279192]
[0.44888, -0.464755, -0.469717, 0.446706, -0.424479]
[0.070881, 0.337853, -0.229856, 0.283991, -0.018119]
[0.660053, 0.181422, 0.426878, -0.345484, -0.232166]
[0.258507, 0.374458, -0.285839, -0.451413, -0.076388]
[0.026122, -0.002195, -0.217598, 0.369038, -0.337262]
[0.014439, 0.223057, -0.136454, 0.483407, 0.267989]
[0.240923, -0.497013, -0.465745, -0.173406, -0.232538]
[0.567314, -0.115395, 0.176851, -0.448454, -0.276858]
[0.46836, 0.151644, 0.184944, -0.226587, 0.259561]
[0.215002, 0.368185, -0.40891, -0.387867, 0.119052]
[-0.223463, 0.001251, 0.197585, 0.35116, -0.142547]
[-0.298174, -0.260094, 0.081008, -0.457217, -0.043715]
[-0.178182, 0.335781, 0.046692, 0.120312, 0.333576]
[0.265946, -0.362611, 0.034338, 0.152049, 0.045782]
[-0.069089, -0.11572, 0.120179, 0.339811, -0.106145]
[0.338023, -0.136925, 0.056384, 0.190822, -0.021554]
[0.086001, -0.458312, -0.478199, 0.324889, 0.402009]
[-0.206803, -0.148449, -0.401386, -0.190008, -0.437634]
[0.038007, 0.365621, -0.085076, -0.222388, 0.225367]
[0.106744, -0.297388, 0.236721, 0.031148, -0.029031]
[-0.307079, -0.374938, 0.388087, 0.138743, 0.312558]
[0.047613, 0.426947, 0.107571, 0.347541, 0.468057]
[0.559396, -0.35381, 0.012971, 0.392126, 0.246384]
[0.013534, 0.148207, -0.301805, 0.384182, 0.305721]
[0.149197, -0.266124, 0.0748, 0.439247, -0.15172]
[-0.069207, 0.404746, -0.25595, -0.364561, 0.227066]
[0.178282, -0.485086, -0.089633, 0.47988, -0.111069]
[4.7e-05, -0.394612, -0.474693, -0.167901, -0.319123]
[-0.250677, -0.481341, 0.055882, -0.364401, 0.064651]
[0.558845, -0.161739, 0.344979, -0.499352, -0.027299]
[0.109718, -0.316639, 0.199276, 0.385599, -0.465486]
[0.146827, 0.238007, 0.087673, 0.255207, 0.226078]
[0.283527, -0.036155, -0.204026, 0.059112, -0.107254]
[0.479498, 0.490331, -0.302962, 0.285975, -0.490371]
[0.484473, 0.437998, 0.143726, -0.325076, -0.264225]
[0.50333, -0.202874, -0.154097, 0.47003, 0.489637]
[0.65936, 0.253911, 0.221819, 0.407032, 0.479783]
[-0.294556, 0.112848, 0.424502, 0.446669, 0.0553]
[-0.104032, -0.052788, -0.233472, -0.17786, 0.417532]
[0.241566, -0.101834, -0.318961, 0.419725, 0.265133]
[0.581251, -0.275482, -0.488569, -0.080512, -0.336588]
[0.114892, 0.119227, 0.215186, 0.183367, 0.375783]
[-0.097579, -0.187371, -0.325555, -0.167609, 0.002725]
[0.616582, 0.339672, -0.26688, 0.410199, -0.498797]
[0.677148, -0.091335, 0.44242, -0.146506, 0.202522]
[0.074369, 0.40325, -0.160809, -0.403962, -0.225299]
[-0.105702, -0.303651, 0.134055, 0.494918, 0.112888]
[0.625666, 0.249095, 0.24175, -0.21587, 0.215581]
[-0.031793, 0.462165, -0.498397, 0.069597, 0.253419]
[-0.249212, -0.429273, 0.309901, -0.349322, 0.169993]
[0.662418, 0.143208, 0.452409, 0.002139, -0.007572]
[0.159189, 0.487866, -0.084628, -0.219742, -0.120441]
[0.274721, -0.356247, 0.061054, 0.011668, 0.294864]
[-0.278186, -0.376563, -0.079217, -0.254372, -0.033441]
[0.494482, -0.408325, 0.086917, -0.152084, 0.132292]
[0.629064, -0.307091, -0.180516, -0.404797, 0.3018]
[-0.220457, 0.27371, -0.111345, 0.224176, -0.211753]
[-0.121204, 0.016028, -0.472794, -0.024947, -0.101993]
[-0.045378, 0.100364, -0.433729, -0.186937, 0.460457]
[-0.0789, -0.395839, -0.319482, 0.479326, 0.324859]
[0.29025, -0.314464, 0.127432, -0.443977, 0.102422]
[0.302899, -0.418654, 0.296753, 0.43562, 0.204144]
[0.175898, -0.207111, -0.142551, -0.173568, 0.476835]
[0.548565, 0.396286, -0.041853, 0.442442, -0.261798]
[-0.189805, 0.251775, 0.332158, 0.184381, 0.392306]
[0.64218, 0.443294, -0.234422, -0.213909, -0.466054]
[0.612892, 0.065179, 0.468336, -0.431241, 0.028075]
[0.173884, -0.330639, -0.247331, 0.241939, 0.199263]
[-0.042263, -0.228601, 0.150641, -0.027222, -0.351992]
[0.029891, -0.449379, 0.396514, -0.352194, 0.289622]
[-0.143621, 0.297848, 0.200774, -0.264385, 0.093264]
[0.290256, -0.34852, -0.055516, -0.18278, 0.396274]
[0.172509, -0.026849, 0.378926, -0.236153, -0.005893]
[-0.239335, 0.485281, -0.132808, 0.263009, -0.046171]
[-0.149789, 0.302991, 0.385594, 0.020556, 0.324468]
[0.355439, -0.295256, -0.374889, -0.433638, 0.091903]
[0.3087, -0.449292, 0.285091, -0.203986, 0.489417]
[0.023855, -0.122505, -0.351516, 0.302754, -0.459486]
[-0.284074, -0.360089, 0.335318, -0.170455, 0.190743]
[0.669444, 0.176164, -0.378913, -0.020538, 0.244888]
[0.571174, -0.417583, -0.414388, -0.057783, 0.212811]
[-0.039693, -0.176363, -0.339195, -0.195751, -0.002074]
[0.334347, -0.037108, -0.345675, 0.278797, 0.495831]
[0.579609, 0.170605, -0.024173, 0.220685, 0.007331]
[0.152895, -0.13598, -0.115088, -0.14713, -0.493104]
[0.559142, 0.301009, 0.168989, 0.108211, -0.032435]
[0.155128, 0.403, 0.222933, -0.218727, -0.152453]
[-0.26047, 0.300132, 0.080721, 0.09307, 0.420821]
[-0.204985, -0.2235, -0.057592, 0.24284, 0.251017]
[-0.178574, -0.398639, -0.44515, 0.474069, 0.067616]
[0.060508, -0.078372, 0.463506, -0.450713, -0.361789]
[-0.241399, 0.452445, 0.476131, -0.005232, -0.238623]
[0.618339, -0.209401, 0.055177, 0.291324, 0.214942]
[0.122911, 0.144494, -0.216059, 0.393594, -0.092839]
[-0.1365, 0.016169, 0.436237, 0.404885, 0.391357]
[-0.223469, 0.35113, -0.111815, -0.41751, 0.004346]
[0.544148, -0.324354, 0.123841, 0.061982, -0.460369]
[-0.242989, 0.161345, 0.187687, 0.101072, -0.095635]
[-0.218248, 0.429634, -0.137507, -0.030042, -0.020066]
[-0.280466, 0.462753, 0.401255, 0.324948, 0.436597]
[-0.122562, -0.19717, -0.477431, 0.397349, -0.42731]
[-0.230492, -0.422284, -0.351263, -0.447593, -0.406504]
[-0.029151, 0.218378, -0.245571, -0.135747, -0.427043]
[0.012592, 0.059363, 0.013863, 0.028696, 0.075783]
[0.056456, -0.017968, 0.235711, -0.014003, 0.041189]
[0.141533, -0.193747, 0.198943, 0.449444, -0.39679]
[0.00939, 0.405756, -0.054261, 0.147455, 0.437147]
[-0.137375, 0.3107, -0.239028, 0.222207, -0.446132]
[0.109912, -0.2243, 0.296169, 0.019306, -0.040623]
[-0.284869, -0.452974, -0.365304, 0.259204, 0.114556]
[-0.090292, 0.070818, -0.255033, -0.300895, -0.174858]
[-0.116594, 0.194563, -0.30031, -0.09032, -0.247148]
[-0.183283, 0.032985, 0.117276, 0.19335, 0.404518]
[0.305237, 0.268119, -0.467741, -0.26322, 0.386746]
[0.110692, 0.097947, -0.09109, -0.401639, 0.441734]
[0.1645, 0.013681, 0.057093, -0.110152, 0.282752]
[-0.064102, -0.13361, -0.290452, -0.084436, 0.181571]
[0.599701, 0.029925, -0.100901, -0.35789, 0.026435]
[0.32092, 0.41073, -0.287552, 0.319285, -0.060546]
[0.128616, 0.433786, 0.485698, -0.301194, -0.126811]
[0.414692, -0.367169, -0.129756, -0.103694, -0.312534]
[0.255267, 0.000766, 0.01984, 0.369319, 0.189761]
[0.108743, 0.115423, -0.470012, -0.395233, 0.214801]
[-0.115846, 0.174793, 0.363042, -0.313048, 0.396487]
[0.030226, -0.234256, -0.385895, 0.024573, -0.043759]
[-0.243995, -0.463741, -0.466878, 0.290383, -0.23368]
[-0.069665, 0.39984, -0.001188, -0.484732, -0.171631]
[0.623377, 0.480097, 0.468745, 0.056139, 0.236268]
[0.040156, -0.444108, 0.393539, -0.497108, 0.224433]
[0.053255, -0.009978, 0.271377, 0.373815, -0.497687]
[-0.243152, 0.127861, -0.115756, 0.387061, 0.341226]
[0.311149, -0.407235, -0.194679, -0.083367, 0.379287]
[0.417784, 0.386848, 0.167524, -0.237269, 0.11783]
[0.416428, -0.461509, -0.29288, -0.120073, -0.111763]
[0.234369, 0.194894, 0.301073, -0.150135, -0.35697]
[0.416078, -0.216463, -0.338853, -0.25757, -0.353196]
[0.565185, 0.180512, 0.450851, 0.170333, 0.335855]
[0.254414, 0.011729, -0.230297, -0.362049, 0.135933]
[0.670864, 0.01597, -0.111363, -0.129236, -0.339736]
[0.523158, -0.081714, -0.026425, -0.278792, 0.164207]
[0.630315, 0.038159, -0.357685, 0.284143, -0.423812]
[0.286153, 0.328391, -0.276053, 0.346013, -0.161454]
[-0.045728, -0.225729, 0.362385, 0.498637, -0.008447]
[0.435615, -0.098396, -0.301332, -0.392958, 0.362738]
[0.067087, -0.352531, 0.097503, -0.45838, 0.359713]
[0.09015, 0.470504, -0.352037, 0.130638, 0.23207]
[0.380798, -0.321558, -0.184258, -0.341279, -0.102306]
[0.014555, 0.260554, 0.19231, -0.09551, -0.448107]
[-0.297093, 0.325547, -0.330021, 0.245833, -0.209843]
[0.602695, 0.304721, 0.447067, -0.176018, -0.237383]
[-0.143958, 0.140791, -0.396598, 0.16129, -0.316065]
[-0.212611, 0.357205, -0.035753, -0.027221, 0.177798]
[-0.268171, -0.195165, 0.273357, 0.390038, -0.128647]
[0.045762, 0.371941, -0.19663, 0.14854, -0.426269]
[0.568909, 0.14695, 0.42024, -0.430165, -0.282226]
[0.434232, -0.296881, -0.356733, 0.222815, 0.387171]
[0.385784, 0.24335, -0.475762, 0.026611, -0.166451]
[0.168436, 0.093169, -0.015145, 0.215087, -0.361207]
[0.14556, 0.178136, -0.018669, -0.126551, -0.140205]
[-0.040384, -0.428271, 0.054897, -0.106428, 0.120638]
[0.491725, 0.446858, 0.403968, -0.173048, 0.339427]
[0.296437, -0.24153, 0.198878, -0.320305, 0.023681]
[0.672847, 0.347837, 0.032433, 0.140516, -0.319132]
[0.039248, 0.312391, 0.350507, -0.46378, 0.026672]
[0.497372, 0.301944, -0.167324, -0.434536, -0.487423]
[-0.17918, -0.011961, 0.367551, -0.140051, 0.070592]
[0.518047, 0.010226, -0.412514, -0.411426, 0.256751]
[-0.30076, 0.118729, 0.085123, -0.146496, 0.068001]
[-0.223531, 0.480276, -0.405702, -0.148716, -0.071179]
[0.45176, 0.215483, -0.13919, -0.38574, 0.093728]
[0.566803, 0.33567, -0.401384, 0.304164, 0.366318]
[0.302492, -0.431866, 0.153702, -0.252115, -0.37224]
[-0.304898, -0.125689, -0.41271, -0.344841, -0.454261]
[-0.101121, 0.446423, -0.397159, -0.198138, 0.473857]
[0.320247, 0.355572, -0.239315, -0.25724, 0.261452]
[0.355429, -0.244319, 0.249724, 0.34601, 0.03742]
[-0.11307, -0.214267, -0.260546, -0.115891, -0.380102]
[0.012246, -0.470326, 0.405358, -0.424236, 0.094742]
[0.042518, -0.359325, 0.144427, -0.469068, 0.434483]
[0.315107, -0.011272, 0.324308, 0.195612, 0.081038]
[-0.050723, 0.126808, 0.236353, -0.149984, 0.345293]
[0.380648, -0.302211, -0.215991, 0.228663, 0.124973]
[0.414319, -0.488651, -0.30067, 0.080692, 0.28493]
[0.507458, -0.085164, -0.294439, -0.051664, -0.016983]
[0.592606, -0.108882, -0.463106, 0.132331, -0.149382]
[0.637128, -0.454431, 0.350972, 0.016626, 0.165495]
[0.049905, 0.166047, 0.273178, -0.013609, 0.064142]
[0.662579, 0.104317, -0.346826, 0.351626, 0.103025]
[0.338164, -0.234615, -0.199435, 0.187177, 0.48195]
[0.183875, 0.217085, 0.499659, -0.291532, 0.44428]
[0.538239, -0.392599, 0.109483, 0.33475, 0.409525]
[0.420164, -0.329494, 0.177, 0.475358, 0.114153]
[0.191897, -0.037644, -0.310983, 0.336671, 0.322165]
[0.40488, -0.229479, 0.213078, -0.365459, 0.229998]
[0.351791, 0.180488, -0.023203, 0.423673, -0.093825]
[-0.156305, -0.460179, 0.402418, -0.371012, -0.097243]
[0.321071, 0.086093, -0.461432, 0.377878, -0.205689]
[0.176706, -0.391441, -0.413397, -0.066342, -0.254993]
[0.326146, 0.108333, -0.056927, -0.154239, 0.083327]
[-0.111848, -0.289978, -0.216737, -0.36944, 0.386574]
[0.431227, -0.086993, -0.387831, -0.099862, -0.040371]
[-0.223329, 0.474329, 0.129553, 0.081306, 0.36995]
[0.280585, -0.191467, 0.40777, 0.372185, 0.137662]
[0.340627, 0.384877, -0.217112, -0.202485, -0.338714]
[0.049124, -0.498728, -0.459985, -0.228383, -0.284197]
[0.002577, -0.009833, -0.392817, -0.083609, 0.250055]
[0.421319, -0.158988, -0.231253, 0.261646, 0.488372]
[0.289403, 0.275935, -0.023764, -0.12158, 0.342791]
[-0.167582, -0.059026, -0.169344, 0.214289, -0.48807]
[-0.001311, 0.444591, -0.267696, -0.476052, -0.10043]
[0.001723, -0.234416, 0.359021, 0.338862, -0.396934]
[-0.14779, -0.031339, -0.213463, 0.380745, 0.081247]
[0.322949, -0.355193, -0.155125, 0.081022, 0.384781]
[0.31634, -0.110987, -0.414218, -0.431164, 0.089195]
[0.508331, -0.108871, 0.468803, 0.432177, -0.406434]
[-0.022783, -0.480618, -0.344773, -0.192553, 0.308811]
[0.349051, -0.373007, 0.414215, -0.152523, 0.219821]
[0.451039, -0.468143, -0.441451, -0.482175, 0.042439]
[-0.218494, 0.01656, -0.037835, 0.168964, 0.293874]
[-0.31461, 0.108246, -0.41202, -0.075194, 0.121292]
[0.4671, 0.079814, -0.111021, -0.229571, -0.120474]
[0.495918, -0.242444, -0.200312, -0.139632, -0.030286]
[0.170201, -0.086574, -0.341953, -0.290757, 0.477217]
[-0.090303, -0.237747, -0.214867, 0.084564, 0.099054]
[0.061323, 0.474951, 0.078955, 0.364344, 0.081292]
[-0.226373, -0.37711, 0.300662, 0.073015, -0.171429]
[0.487573, -0.484452, 0.140832, 0.124879, -0.046029]
[0.441852, 0.382936, -0.036493, -0.094129, 0.154372]
[0.12118, -0.346119, 0.261211, 0.056321, -0.234197]
[0.622209, -0.364529, 0.203687, -0.4122, 0.022138]
[-0.245755, 0.281511, 0.212083, -0.36493, -0.151152]
[0.439492, 0.217716, 0.345737, -0.309817, 0.242507]
[0.589001, 0.408428, 0.486671, 0.244212, 0.104603]
[0.67265, 0.464465, 0.495218, 0.288811, -0.425775]
[-0.091685, 0.326062, -0.49466, 0.489517, 0.424361]
[0.1688, -0.200304, 0.255304, 0.302921, 0.176265]
[0.16824, 0.139115, 0.309451, -0.243431, -0.48552]
[-0.274485, 0.364758, -0.148611, 0.213384, -0.475931]
[-0.025495, 0.416344, 0.479849, 0.226215, -0.103478]
[0.288824, 0.114806, 0.469411, -0.43718, 0.33733]
[-0.036139, 0.192047, 0.192127, 0.438039, 0.323411]
[0.587436, 0.298731, 0.259647, -0.44707, 0.170352]
[-0.300311, -0.207292, 0.375014, -0.460512, 0.43271]
[0.514608, -0.101843, -0.499306, -0.215243, 0.424949]
[-0.183661, 0.466886, 0.273888, 0.204446, 0.285082]
[0.036225, -0.11664, 0.367129, -0.101975, 0.394077]
[-0.134824, 0.443872, -0.02709, 0.303213, -0.287004]
[-0.133654, 0.441553, 0.491619, 0.458451, 0.340479]
[0.081391, -0.257012, 0.116751, -0.459626, 0.122295]
[0.255307, -0.444626, 0.326508, -0.372144, -0.219103]
[0.180721, 0.284294, -0.044884, -0.482358, -0.255795]
[-0.030047, -0.097002, 0.409552, 0.397747, -0.01119]
[-0.236631, 0.251945, 0.365746, 0.323816, 0.02382]
[-0.296376, -0.461178, 0.325083, 0.189267, 0.193792]
[0.190788, -0.105954, -0.271673, 0.424869, 0.206054]
[0.619751, -0.303758, -0.455369, 0.106905, 0.276685]
[0.045931, -0.250696, -0.288687, -0.228277, -0.298959]
[-0.213717, 0.252012, -0.46165, -0.263219, 0.092673]
[0.190524, -0.154266, 0.339361, 0.485361, -0.472073]
[0.042922, -0.258737, 0.461915, 0.496254, -0.188413]
[-0.116566, 0.163848, -0.355495, -0.108351, -0.418371]
[-0.012006, 0.278935, -0.075618, -0.448799, 0.116414]
[0.545896, 0.241563, 0.040596, 0.088901, 0.04078]
[0.539479, -0.189596, 0.355232, -0.282245, 0.025008]
[0.200347, 0.085218, 0.097698, 0.076144, -0.435949]
[-0.130905, -0.30052, -0.416374, -0.235343, 0.249656]
[0.442593, -0.415438, -0.487563, -0.360346, -0.308002]
[0.48903, 0.372656, -0.027199, 0.09419, -0.471912]
[0.635698, 0.273299, -0.076685, 0.438258, 0.478166]
[-0.022921, -0.133036, -0.20631, 0.349818, -0.003041]
[0.043264, -0.371221, -0.301605, -0.019928, -0.198569]
[0.197302, -0.388354, -0.217882, 0.433131, 0.025477]
[-0.171121, -0.196357, -0.463696, -0.418266, 0.154893]
[0.424994, 0.133577, -0.318903, 0.470934, 0.432358]
[-0.099715, 0.40484, 0.02096, 0.463702, 0.393005]
[0.068729, 0.262579, -0.400559, -0.079744, -0.376171]
[0.008566, 0.309043, 0.282189, -0.498077, -0.074067]
[0.346397, -0.44138, -0.325568, 0.08535, -0.054559]
[0.2123, 0.180629, -0.133763, 0.414715, 0.375057]
[0.513548, 0.226378, 0.040612, 0.058174, -0.328688]
[-0.087967, -0.497382, -0.011218, 0.368875, 0.215504]
[-0.102272, -0.421224, 0.259965, 0.286925, -0.374821]
[0.004169, 0.282538, -0.064877, 0.483879, 0.216243]
[0.577438, 0.354409, -0.020472, -0.004932, 0.277062]
[-0.240928, 0.456478, 0.208736, 0.474305, 0.387448]
[0.167639, -0.483411, -0.414994, 0.131922, -0.466456]
[-0.317609, -0.203112, -0.450583, -0.461215, -0.294675]
[0.298892, -0.042191, -0.454054, -0.064318, 0.257947]
[0.476381, 0.285224, 0.211638, 0.313647, 0.312276]
[0.603732, -0.463331, -0.458504, -0.080389, -0.339499]
[0.145407, -0.261951, -0.08211, 0.002671, 0.18643]
[0.275976, -0.131891, 0.180047, -0.329702, -0.006493]
[0.447114, 0.220166, -0.408723, 0.314639, -0.427974]
[0.085639, -0.213908, -0.396612, -0.113267, -0.442587]
[-0.218275, -0.060402, -0.407689, -0.47259, 0.418913]
[0.671058, -0.222372, 0.299426, -0.393923, 0.135261]
[-0.222459, -0.075023, 0.217784, -0.009642, 0.175303]
[0.157567, 0.249603, 0.010378, -0.308, 0.055014]
[-0.162757, 0.192422, 0.105139, 0.121218, 0.317116]
[-0.300677, 0.299922, -0.431447, 0.206289, -0.164342]
[0.613736, -0.019816, -0.166691, 0.471636, 0.242084]
[0.167659, 0.034081, 0.45707, -0.437066, -0.138782]
[0.676598, 0.172833, 0.116431, 0.132196, 0.151913]
[0.51833, -0.23228, 0.016713, -0.052205, 0.31606]
[0.014232, -0.069744, 0.272831, -0.277032, -0.107048]
[0.225325, 0.104668, 0.477628, -0.045563, 0.403219]
[0.400969, -0.446507, -0.312096, 0.293486, 0.392695]
[-0.037564, -0.153654, -0.303947, -0.497694, -0.125364]
[0.640026, 0.223412, 0.240818, -0.485173, 0.106773]
[-0.002211, -0.495148, -0.11876, 0.45768, 0.494327]
[-0.023781, 0.374104, 0.000746, 0.349285, 0.154992]
[-0.077347, 0.100628, -0.018661, 0.162122, 0.179787]
[-0.006053, -0.178179, -0.050091, 0.355625, 0.190156]
[0.449913, 0.400306, 0.004178, 0.415698, 0.37519]
[0.639774, -0.094245, -0.14388, 0.071961, 0.230151]
[-0.001593, -0.225082, -0.243904, -0.452587, 0.394667]
[0.464872, 0.066655, 0.356785, -0.498958, -0.076666]
[-0.179169, 0.166733, -0.390836, 0.356881, 0.11601]
[-0.16416, 0.032157, 0.340248, -0.228223, -0.170362]
[-0.299605, -0.291494, -0.294736, 0.282355, 0.354494]
[0.386853, 0.332271, -0.105938, -0.230746, 0.493411]
[0.464242, 0.445484, 0.489281, 0.102934, -0.127545]
[0.198748, -0.376043, -0.155745, -0.332932, 0.23725]
[0.231416, -0.125045, -0.240324, 0.280442, 0.360647]
[0.154481, 0.091309, -0.378319, 0.329049, -0.011725]
[0.447253, -0.247128, 0.472696, 0.290066, 0.237634]
[-0.300308, 0.178723, 0.485617, -0.031151, -0.120974]
[-0.038471, -0.31835, -0.461173, 0.40679, 0.381326]
[-0.23721, 0.035879, -0.243042, 0.170456, -0.117183]
[-0.295176, 0.3257, -0.209947, -0.2796, 0.411622]
[0.288911, -0.029724, 0.154744, 0.370812, -0.158808]
[0.55011, 0.460864, -0.37437, 0.142547, 0.383058]
[-0.138841, 0.347012, -0.240497, -0.491539, 0.350201]
[0.238684, 0.406597, -0.083281, 0.206493, -0.009158]
[0.357727, 0.266362, 0.236225, -0.498301, 0.292338]
[0.599793, 0.211821, 0.193937, -0.317282, 0.463315]
[0.05583, 0.169738, -0.001629, 0.24726, 0.435352]
[0.614423, -0.338437, -0.282083, -0.449727, 0.44697]
[0.619302, 0.057214, -0.061158, -0.200249, 0.126706]
[0.601258, 0.104308, -0.46491, -0.44353, 0.103138]
[0.609872, -0.000842, -0.031599, -0.471074, 0.198535]
[0.081156, -0.372028, 0.130996, -0.070937, 0.166517]
[0.353787, 0.277289, 0.011303, -0.004244, -0.070263]
[-0.300346, 0.458702, -0.124122, 0.249257, 0.374891]
[0.498524, -0.349234, 0.44157, 0.104595, 0.045535]
[0.346496, 0.123965, 0.273064, -0.187427, -0.140786]
[0.592145, 0.013711, -0.053333, 0.357944, 0.223715]
[-0.274128, -0.016584, 0.146204, -0.091738, 0.18497]
[0.623568, -0.020795, 0.169789, -0.30085, 0.018481]
[0.111395, -0.182343, 0.30005, 0.428494, 0.071557]
[0.296864, -0.423971, -0.479368, -0.125223, -0.11771]
[-0.205854, 0.194429, -0.379045, 0.331771, 0.13083]
[-0.108883, -0.171141, 0.463316, 0.238246, 0.403481]
[0.625955, -0.290691, -0.371712, 0.42792, 0.169573]
[-0.298819, -0.388011, 0.334757, -0.494988, 0.402723]
[0.172298, 0.09165, 0.327727, 0.213973, -0.056965]
[-0.270862, -0.435297, 0.332693, -0.349236, 0.376624]
[0.395003, -0.256938, 0.055085, -0.122291, 0.322395]
[0.543271, -0.278158, 0.146093, -0.265683, 0.261025]
[0.031737, 0.285728, 0.196627, 0.181372, 0.069051]
[-0.050621, -0.236397, -0.400494, 0.145637, -0.115683]
[0.665857, -0.119711, 0.26098, -0.305252, -0.055967]
[0.241851, 0.170076, -0.46981, 0.140666, 0.108673]
[0.538971, -0.432407, 0.463078, -0.453828, 0.493858]
[-0.313637, 0.437895, -0.245722, 0.470921, 0.276146]
[0.015432, -0.287555, -0.28696, 0.474554, -0.074058]
[0.632282, 0.214711, 0.241855, 0.247411, -0.04469]
[0.588654, -0.233868, 0.354196, 0.107064, 0.408918]
[0.546238, -0.17846, 0.040888, 0.104972, -0.105195]
[-0.23076, 0.044071, -0.159164, -0.002542, 0.38269]
[0.330666, 0.128581, -0.388093, -0.030971, -0.078383]
[-0.295131, -0.341059, -0.246784, -0.459888, 0.085643]
[0.115553, -0.186454, 0.493239, -0.279355, 0.394803]
[-0.260165, -0.3237, -0.196235, 0.080482, -0.038198]
[-0.131839, -0.102858, 0.366229, -0.113086, 0.397163]
[0.242519, -0.067306, -0.142546, -0.451854, -0.104957]
[0.597346, 0.054932, 0.084169, 0.165053, 0.43383]
[0.436499, -0.135637, -0.446341, 0.405246, 0.458093]
[0.293306, -0.296007, -0.412421, -0.311267, 0.274042]
[-0.269983, -0.196317, 0.147164, 0.47856, 0.334679]
[0.064533, -0.246395, -0.231073, -0.113178, -0.119613]
[-0.314878, 0.006534, -0.293969, 0.139419, 0.338453]
[0.372388, -0.126177, -0.365632, -0.415979, -0.154068]
[0.461497, -0.276339, 0.385355, -0.459709, -0.030374]
[0.228452, 0.431244, 0.487027, -0.469792, -0.151099]
[0.641717, -0.443749, 0.023799, -0.076351, -0.134823]
[0.604342, -0.012899, -0.205807, -0.019417, -0.122865]
[0.376851, 0.139655, 0.176657, -0.120178, 0.49608]
[0.354155, 0.095262, -0.195357, -0.036578, 0.372198]
[0.624341, -0.179543, 0.358229, 0.021491, 0.122488]
[0.07892, -0.347563, 0.062574, 0.202508, 0.424234]
[-0.032446, -0.099247, 0.159767, 0.178265, 0.097522]
[0.50835, -0.351975, 0.159794, 0.072073, 0.243776]
[-0.15066, -0.137106, 0.018116, 0.103319, -0.099676]
[0.364622, 0.24246, -0.397077, 0.300068, -0.123233]
[0.137228, 0.191087, 0.066753, 0.095946, -0.048133]
[0.556415, 0.02856, 0.163142, -0.372747, 0.051963]
[0.500286, -0.148769, -0.172932, -0.464297, 0.034983]
[-0.275164, 0.411443, -0.446986, 0.119347, 0.325059]
[0.49511, -0.357366, -0.408501, 0.2354, 0.202512]
[0.519873, -0.021501, 0.287716, -0.383139, 0.155137]
[0.49938, -0.092791, -0.094629, -0.299692, 0.192471]
[0.609583, 0.167633, -0.279755, 0.421298, -0.079081]
[0.591105, -0.167583, -0.358202, -0.361477, 0.100821]
[0.264692, -0.048475, -0.194138, -0.373623, -0.070715]
[0.070217, -0.00683, -0.251547, 0.01268, 0.323533]
[-0.320423, 0.320004, -0.382231, -0.020217, 0.242088]
[0.676139, 0.34971, 0.070094, -0.45729, -0.186099]
[0.054098, 0.445009, -0.407613, -0.422071, 0.299393]
[0.203542, 0.058492, 0.12963, -0.448059, -0.127511]
[-0.279443, 0.46212, 0.256083, 0.36772, 0.478704]
[0.456015, 0.304946, -0.156618, 0.054661, 0.198785]
[-0.075089, 0.30182, 0.022958, 0.414921, -0.090788]
[0.434337, 0.483397, -0.374736, 0.45004, 0.099755]
[-0.127439, -0.353004, -0.479049, -0.043431, 0.44988]
[0.360331, 0.456521, 0.496176, 0.033785, 0.211113]
[-0.172685, 0.241989, 0.230861, 0.28825, 0.244555]
[0.149305, -0.036001, -0.069344, 0.079544, -0.08881]
[-0.272057, -0.401826, 0.282782, -0.42047, 0.416616]
[0.297487, 0.126509, -0.253757, -0.081914, 0.310026]
[-0.200911, -0.164467, -0.265756, 0.264132, 0.091985]
[0.132857, -0.16653, -0.46945, -0.221196, 0.189205]
[0.332069, 0.264115, 0.299023, -0.438036, 0.125922]
[-0.124214, 0.202864, -0.23556, 0.128843, 0.318655]
[0.581702, -0.412285, 0.335616, 0.012967, 0.056691]
[0.123934, -0.362339, -0.131224, -0.004327, -0.14472]
[0.134669, -0.255383, 0.371145, -0.491294, 0.225653]
[-0.178933, -0.389988, 0.497666, -0.27503, 0.295763]
[0.279053, 0.385198, -0.48375, 0.442829, 0.308285]
[0.469046, -0.117745, 0.007275, -0.341123, 0.214816]
[-0.182055, -0.115251, -0.224349, -0.026863, 0.22752]
[0.313448, 0.478658, 0.289376, -0.075692, 0.172687]
[0.217939, 0.059268, 0.080488, -0.283911, -0.133551]
[0.348499, 0.363485, 0.124005, -0.300401, 0.065352]
[0.116438, 0.446161, -0.15225, 0.061803, 0.034762]
[0.388145, 0.271425, 0.462969, 0.2143, 0.336329]
[-0.252536, -0.335474, 0.419037, -0.04402, 0.281894]
[-0.02042, -0.432026, -0.179416, -0.252053, 0.432184]
[0.181023, -0.360019, 0.160707, 0.3346, 0.497675]
[0.177859, -0.332476, -0.328203, 0.119494, 0.377725]
[0.577112, -0.415665, -0.375457, -0.3597, 0.213809]
[0.623632, -0.146651, -0.34829, 0.148284, -0.176684]
[0.123407, -0.212193, 0.205946, -0.495434, 0.071443]
[0.006165, 0.183156, -0.265473, 0.337923, 0.40581]
[0.222797, 0.141671, 0.046888, -0.487377, -0.051129]
[0.053865, 0.03172, 0.369693, -0.087422, 0.014003]
[0.327577, 0.194907, 0.171222, -0.268657, -0.055949]
[0.138799, 0.291645, -0.426308, 0.201503, -0.085201]
[-0.271966, 0.237064, 0.125226, -0.064153, 0.115552]
[0.170025, 0.065625, 0.416058, -0.340628, 0.276275]
[0.326078, -0.386991, -0.229122, -0.11485, 0.230837]
[-0.160147, -0.164426, -0.296352, 0.491178, 0.212222]
[0.133585, 0.182853, -0.286662, 0.120745, -0.066314]
[0.003672, 0.4131, -0.020493, 0.435514, 0.101126]
[-0.162954, -0.363071, 0.440711, 0.485341, 0.31414]
[0.221931, -0.032291, -0.049478, 0.280437, 0.194669]
[0.002004, -0.376133, -0.480927, 0.421985, 0.110786]
[0.52769, -0.430051, -0.391494, 0.434204, 0.025417]
[0.495575, 0.492367, 0.191034, 0.468177, 0.236311]
[0.10363, 0.450382, -0.274893, 0.089826, 0.203475]
[0.337291, -0.353171, -0.462205, -0.272979, 0.284349]
[0.008874, 0.352471, 0.046468, 0.242392, 0.305358]
[0.473933, -0.247645, 0.259282, -0.103585, 0.131715]
[0.022062, 0.348291, 0.202284, -0.346536, 0.282544]
[-0.049013, 0.058861, 0.314656, -0.211872, -0.132598]
[0.624318, 0.217753, 0.435894, -0.276363, 0.399675]
[0.221501, -0.352172, 0.470913, 0.481756, 0.198914]
[-0.145619, 0.400976, -0.053633, -0.39931, 0.001233]
[-0.254791, -0.328774, -0.030238, -0.141778, 0.164675]
[0.669509, 0.315002, 0.02566, 0.192918, 0.3528]
[0.181594, -0.305362, -0.022316, 0.446441, -0.044991]
[0.405464, 0.401251, -0.104573, -0.040395, 0.367425]
[0.116214, -0.113923, 0.253886, 0.38986, 0.020996]
[-0.008158, 0.429227, -0.39315, -0.409939, -0.020859]
[0.11233, 0.253472, -0.413623, -0.370831, 0.137573]
[0.603711, 0.413701, -0.096529, 0.428938, 0.150894]
[0.318166, -0.477173, 0.18601, 0.205654, 0.385119]
[0.54259, -0.427346, -0.359253, -0.179954, 0.145159]
[-0.115126, -0.342447, -0.411503, 0.438895, -0.124438]
[0.096516, -0.204121, 0.394033, 0.105723, -0.093864]
[0.333599, -0.478224, 0.45292, 0.140089, 0.217622]
[0.532301, 0.031974, 0.156649, -0.490442, 0.129124]
[0.378376, 0.257345, -0.473352, 0.182527, 0.278]
[-0.055895, -0.293481, 0.456596, -0.304796, 0.207721]
[0.368478, 0.426192, 0.203118, 0.227191, 0.393407]
[0.004497, 0.34822, -0.386342, 0.19211, 0.050146]
[-0.290548, 0.494137, 0.336514, 0.459488, 0.324987]
[0.177649, 0.19808, -0.391766, 0.04357, 0.103018]
[0.278134, 0.047069, 0.105941, -0.127812, -0.044407]
[-0.075631, -0.202847, 0.347811, 0.282976, 0.014951]
[0.154383, -0.053915, -0.105501, -0.046051, -0.110537]
[0.087678, 0.487036, 0.317779, -0.043542, 0.273613]
[0.62786, 0.346173, 0.119542, -0.366912, 0.332811]
[0.497671, 0.321622, 0.035715, 0.090411, 0.287283]
[-0.320523, 0.019982, 0.128307, 0.425348, 0.372895]
[0.493692, -0.273943, 0.493221, -0.049926, 0.170418]
[0.363461, 0.445699, -0.232476, 0.08249, 0.273749]
[0.627604, 0.211297, 0.327821, -0.30246, 0.126777]
[-0.082251, -0.439749, -0.297206, 0.150007, 0.131158]
[0.169236, 0.106941, 0.367854, 0.107234, 0.308217]
[0.525523, 0.169642, -0.080972, 0.271218, 0.28124]
[0.010535, 0.324308, 0.385544, -0.129625, 0.113112]
[0.491567, -0.316808, 0.119233, -0.421261, 0.354904]
[0.54565, -0.061475, -0.186484, 0.440216, 0.041106]
[0.669339, -0.242935, 0.16774, 0.463277, 0.150384]
[0.409095, 0.089808, 0.378333, -0.409815, 0.39623]
[-0.162836, -0.17601, 0.2904, -0.141874, 0.11604]
[-0.035187, 0.084341, 0.082257, -0.364481, 0.406707]
[0.376217, 0.090431, -0.306869, 0.204917, 0.094896]
[0.384235, -0.103728, 0.20448, 0.139075, 0.081088]
[0.319281, -0.149868, 0.130899, 0.308553, 0.373802]
[0.186528, -0.121999, 0.242081, 0.210621, 0.105605]
[-0.313198, -0.127138, -0.227844, 0.477731, 0.419856]
[0.477111, 0.349723, 0.446191, -0.217224, 0.252048]
[-0.244596, 0.030286, -0.427853, 0.310076, 0.10521]
[0.426641, -0.270901, -0.460195, -0.300389, 0.186776]
[0.576818, 0.409462, -0.490929, 0.452133, -0.035388]
[-0.078107, -0.011303, -0.25193, -0.499943, -0.101108]
[-0.03216, -0.45232, -0.188576, 0.041875, 0.48479]
[0.389096, -0.120516, -0.18465, -0.436109, 0.410216]
[0.419567, -0.098795, 0.397189, 0.012349, 0.356513]
[0.006853, 0.484082, 0.129563, 0.372158, -0.030334]
[0.029328, -0.338088, -0.082336, 0.294109, -0.159677]
[0.426222, -0.159039, 0.081971, -0.447906, 0.199006]
[-0.106865, -0.122796, 0.468574, -0.087995, 0.046134]
[0.430858, -0.234584, -0.453767, -0.299341, 0.197779]
[0.623417, 0.295474, 0.277187, 0.084151, -0.020023]
[0.152906, 0.275865, -0.137403, -0.324467, 0.104067]
[-0.285532, 0.465104, -0.372456, -0.463307, 0.101059]
[0.18986, 0.433012, -0.34456, 0.17687, -0.151395]
[0.171136, -0.025434, -0.415671, 0.083257, 0.109312]
[0.294199, -0.186203, 0.017076, -0.366221, 0.1035]
[0.640549, 0.467348, 0.486394, -0.287879, 0.064548]
[-0.062095, -0.298021, -0.397092, 0.178433, 0.418992]
[0.153861, 0.166909, 0.409049, 0.314155, 0.49004]
[0.38514, -0.38245, 0.158788, -0.316773, -0.183564]
[0.295535, 0.050285, 0.161262, 0.163685, 0.352355]
[0.366534, -0.426406, -0.19414, -0.053039, 0.423114]
[-0.130853, 0.430103, 0.462994, 0.300061, 0.37465]
[0.099723, 0.487873, -0.242754, -0.020623, 0.029731]
[0.114887, -0.492671, -0.437064, 0.201434, 0.288998]
[0.308793, -0.000553, -0.006468, 0.292245, -0.102269]
[0.230328, -0.051667, -0.497528, 0.079521, -0.181304]
[0.145334, 0.475039, -0.399918, 0.162262, 0.446606]
[0.404374, -0.256164, -0.072098, -0.358718, 0.440618]
[0.449918, 0.30794, -0.299061, 0.041339, 0.245899]
[0.648615, -0.494281, 0.162048, 0.03959, 0.05226]
[0.145955, 0.224926, 0.054097, -0.456643, 0.171702]
[0.373292, -0.46873, -0.056426, -0.383114, -0.021268]
[0.48597, -0.159151, -0.268228, -0.258573, -0.164771]
[0.075106, 0.234275, -0.087875, -0.036119, 0.266234]
[-0.059743, -0.110885, 0.493868, -0.212019, 0.220244]
[-0.125444, -0.033685, -0.001234, -0.199469, 0.255075]
[0.161015, 0.311805, -0.021267, -0.452361, 0.432095]
[-0.12614, 0.37281, -0.278787, 0.09134, -0.151391]
[0.418936, 0.261588, -0.176864, -0.147503, 0.148737]
[-0.139555, -0.486674, 0.190742, 0.23383, 0.22531]
[0.626896, -0.310161, -0.43122, 0.232587, 0.45559]
[-0.26915, -0.139449, -0.478158, -0.054073, 0.365653]
[0.181586, 0.026741, -0.306118, 0.041998, 0.202685]
[0.125613, 0.414699, -0.348524, 0.430818, 0.206083]
[-0.225129, -0.021267, -0.307889, 0.310928, 0.078572]
[-0.247771, 0.186164, 0.407601, 0.334678, 0.020035]
[0.196678, 0.484929, 0.232054, -0.457246, 0.325243]
[0.628944, 0.140572, 0.264856, -0.334268, -0.106888]
[0.236874, 0.429367, -0.413614, -0.399905, 0.295822]
[0.495072, -0.051918, -0.497007, -0.180122, -0.149775]
[0.492033, -0.339966, 0.494816, -0.428024, 0.117226]
[-0.200227, -0.295923, 0.195347, -0.357361, 0.326939]
[-0.003793, -0.061176, 0.161074, 0.419368, 0.291854]
[0.351851, 0.240388, -0.210648, 0.04239, 0.314358]
[0.151871, -0.367694, 0.439285, -0.285406, -0.088819]
[-0.03025, -0.304179, -0.168514, 0.226642, 0.45858]
[0.482768, 0.2826, -0.145119, 0.157219, 0.170983]
[0.590549, 0.489698, -0.32687, -0.220255, -0.096493]
[0.044832, 0.365736, 0.481855, -0.176368, -0.162388]
[0.363682, 0.432656, -0.412365, -0.382063, 0.36672]
[-0.315387, 0.031553, 0.37117, -0.322968, 0.072661]
[-0.257129, -0.129999, 0.038063, 0.409535, -0.063666]
[-0.05456, 0.097315, 0.39292, 0.185317, 0.039922]
[0.039026, 0.489043, -0.300539, -0.204665, 0.157694]
[0.283254, 0.344706, -0.26036, 0.42609, 0.072072]
[-0.07008, 0.230287, 0.411642, -0.217551, 0.294479]
[0.05105, 0.357738, 0.059332, 0.380367, 0.284469]
[-0.226412, 0.114052, 0.227511, 0.378006, 0.284294]
[0.218426, 0.344945, -0.378207, -0.179509, 0.244844]
[-0.026988, -0.164779, -0.434604, 0.447323, 0.413272]
[0.378122, -0.241423, 0.25768, -0.145717, 0.054237]
[0.647905, 0.148811, 0.145645, 0.345048, 0.385136]
[-0.028547, -0.202403, -0.106618, 0.217354, -0.068324]
[0.469159, -0.013697, -0.125247, 0.046685, -0.036453]
[-0.25458, -0.174591, -0.110653, 0.273183, -0.082943]
[-0.058134, -0.039274, -0.353849, 0.032004, 0.421087]
[0.491545, -0.143222, -0.243911, -0.197861, 0.330692]
[0.033929, -0.008227, -0.381249, -0.032662, 0.452465]
[-0.106514, -0.312345, 0.18398, -0.269459, 0.383422]
[0.478055, -0.257726, 0.078885, 0.215503, 0.056812]
[0.095746, 0.212661, 0.140269, 0.353908, 0.028981]
[-0.161501, -0.398862, -0.008491, 0.273232, 0.274873]
[0.347862, -0.149802, 0.33715, -0.197188, -0.156183]
[-0.071589, 0.116853, -0.196006, -0.432389, 0.197246]
[0.599156, 0.063613, 0.011437, 0.491493, -0.160798]
[0.483108, -0.373929, -0.050912, -0.299222, 0.093333]
[0.355938, 0.246665, -0.339727, -0.362574, 0.462698]
[0.169866, 0.440145, 0.273999, -0.001527, 0.308888]
[-0.326252, -0.050281, -0.161969, 0.237506, 0.038835]
[0.536399, -0.10903, -0.226135, 0.479973, 0.317283]
[0.069001, -0.401011, -0.029974, -0.417104, -0.149114]
[0.532802, 0.015495, -0.451084, -0.320534, -0.093153]
[0.042502, -0.19731, 0.371636, 0.452512, -0.18311]
[0.590846, 0.219078, 0.139458, -0.491732, -0.127046]
[-0.175761, -0.140612, 0.255483, 0.348699, 0.303042]
[-0.032688, -0.400516, 0.243838, -0.303656, -0.013061]
[0.355748, -0.256567, -0.318318, -0.028281, 0.084425]
[0.007918, 0.009505, -0.100538, 0.078632, 0.272862]
[-0.277172, 0.274945, -0.278348, -0.050773, 0.344409]
[-0.129826, 0.276441, -0.064375, 0.037043, 0.012832]
[0.36472, 0.002487, 0.484786, 0.342998, -0.167079]
[0.521084, 0.450189, 0.235541, -0.153953, -0.013213]
[0.015068, 0.159802, 0.38052, -0.250113, -0.025828]
[0.039105, 0.407774, -0.156327, 0.26229, 0.388385]
[0.043498, 0.38748, -0.374641, 0.382486, -0.085884]
[-0.234694, 0.143958, 0.129855, -0.267044, -0.057841]
[0.324742, -0.487309, 0.128054, -0.044591, 0.42131]
[0.636086, -0.110474, -0.387613, 0.126932, 0.1104]
[0.014563, -0.050032, -0.275495, -0.296194, 0.345511]
[-0.117899, 0.482971, 0.486156, 0.163537, -0.119896]
[-0.314438, 0.420546, -0.377754, 0.02706, 0.071895]
[0.109861, -0.386491, 0.349181, 0.182827, 0.170399]
[0.582595, -0.164967, 0.052141, -0.302274, 0.233739]
[0.06129, -0.156628, 0.185039, 0.054682, 0.106696]
[0.346976, 0.436609, -0.035628, -0.471269, -0.058068]
[0.088546, 0.175983, -0.342323, 0.327233, 0.030824]
[-0.002623, -0.454535, 0.384225, -0.304054, 0.055412]
[0.155106, -0.49087, 0.230716, -0.297808, 0.366878]
[0.108475, 0.107237, -0.369719, -0.305161, -0.001457]
[0.619781, -0.148865, 0.497916, 0.126593, 0.380633]
[0.347394, 0.392709, -0.04853, 0.123105, -0.048087]
[0.012611, 0.192315, 0.176053, -0.015654, 0.165011]
[-0.218757, 0.272484, -0.440058, -0.230864, 0.316955]
[0.521432, 0.411923, -0.418735, -0.038124, 0.391426]
[0.251836, -0.081998, -0.384886, 0.279491, -0.142518]
[0.669581, -0.413952, -0.190192, -0.132803, 0.437333]
[0.560329, 0.148991, 0.399587, -0.315531, 0.168208]
[-0.199668, -0.092077, -0.32872, -0.376492, 0.047319]
[-0.24128, 0.316137, -0.207277, -0.178909, -0.176496]
[-0.209612, 0.498231, 0.473884, 0.395627, 0.192399]
[-0.281056, 0.35466, 0.337203, -0.393548, 0.354286]
[0.245771, 0.455237, 0.472761, -0.174111, 0.210999]
[0.533679, 0.065612, 0.072162, -0.407207, 0.471049]
[-0.147305, -0.243179, 0.466388, 0.473338, 0.342798]
[0.632504, 0.155507, -0.061179, -0.365693, -0.121234]
[0.435281, 0.084948, 0.069668, -0.157116, -0.114149]
[0.293806, 0.41508, 0.355749, 0.056219, -0.096457]
[-0.000119, 0.332277, 0.079891, 0.196761, -0.092163]
[0.569896, -0.026584, 0.464403, 0.193866, -0.12218]
[-0.230434, -0.230173, 0.049365, -0.092946, 0.187535]
[-0.151387, -0.220526, -0.278993, -0.11649, -0.172176]
[0.57258, -0.316492, -0.326147, -0.219751, -0.173958]
[-0.093744, 0.284992, -0.135193, -0.473188, -0.146159]
[0.310545, -0.43803, -0.1759, -0.448852, -0.069955]
[-0.213007, 0.318474, -0.222535, -0.193168, 0.267017]
[-0.032088, 0.095559, -0.192278, -0.069276, 0.339653]
[0.02813, 0.048582, 0.350629, -0.411932, 0.242793]
[0.668332, 0.063419, 0.475725, 0.263711, 0.150489]
[0.411885, -0.232902, 0.008249, -0.298247, -0.127066]
[0.494024, 0.15977, -0.348594, -0.135022, 0.293486]
[0.491452, -0.452937, -0.227826, 0.094713, 0.407291]
[0.440361, -0.21051, 0.456604, 0.080701, 0.182238]
[-0.14937, -0.475185, 0.040236, 0.432229, -0.130766]
[-0.093295, -0.359765, -0.08556, -0.38837, 0.399787]
[-0.14603, -0.377511, 0.045612, 0.498476, 0.461764]
[0.630841, -0.346814, -0.445946, -0.40716, 0.137142]
[0.542633, -0.351531, -0.199401, 0.391921, 0.165436]
[0.543787, 0.220781, -0.309462, 0.288637, -0.098979]
[-0.186127, 0.472887, 0.497997, 0.267326, -0.007302]
[0.557625, 0.306762, -0.492607, 0.271607, 0.372483]
[-0.256875, 0.466553, -0.184213, -0.24023, 0.025992]
[-0.03734, -0.382204, 0.306118, -0.3425, 0.206337]
[0.270027, -0.469311, -0.168467, -0.394662, -0.171496]
[0.326864, 0.405525, 0.397559, 0.216586, -0.059859]
[0.176083, -0.065397, 0.391467, 0.122867, 0.421465]
[0.616787, 0.300014, -0.320185, -0.168943, 0.170877]
[-0.304535, -0.007135, -0.410846, 0.077985, -0.161906]
[0.481202, 0.183462, 0.086641, 0.189271, 0.15283]
[-0.200525, -0.013932, -0.137881, -0.123343, 0.488522]
[0.469545, -0.195648, -0.315921, -0.048051, 0.295034]
[-0.249726, -0.418408, 0.276129, -0.157139, 0.288776]
[0.50615, 0.154791, 0.347865, -0.199981, 0.335248]
[0.329425, -0.197495, -0.408316, 0.265007, 0.429184]
[0.568705, 0.099226, 0.325957, -0.277584, 0.422944]
[-0.097358, -0.117243, -0.191197, -0.142962, -0.048608]
[-0.115256, 0.167496, 0.306906, 0.102879, 0.496802]
[0.476859, 0.026912, 0.440105, 0.033663, 0.185479]
[-0.084027, 0.219284, 0.140786, 0.259066, 0.48597]
[0.126587, -0.318403, 0.482622, -0.068881, 0.097927]
[-0.033072, -0.115958, -0.476987, -0.479846, -0.045145]
[0.54235, 0.408124, 0.072722, 0.438921, 0.331078]
[0.639699, -0.144139, 0.15402, -0.43859, 0.205331]
[-0.176087, 0.227465, 0.424599, 0.280143, 0.202372]
[-0.166596, 0.358679, 0.080365, 0.447749, 0.199867]
[-0.254966, -0.483134, 0.345276, -0.156313, -0.000568]
[-0.225213, 0.203808, -0.269523, -0.116048, 0.000184]
[-0.09038, -0.095403, -0.486067, 0.32386, 0.344978]
[-0.15368, 0.069722, 0.065561, -0.097115, 0.335353]
[0.003915, 0.132508, -0.156222, -0.142754, 0.324542]
[0.543106, 0.347802, 0.194482, -0.386314, 0.298307]
[0.57113, -0.396934, 0.468106, 0.156748, -0.030904]
[-0.080608, -0.014295, 0.241154, 0.029211, 0.189254]
[0.010693, -0.226264, -0.177864, 0.494335, 0.375045]
[0.116674, -0.347561, -0.319724, -0.016705, -0.018247]
[0.5531, -0.283318, -0.165047, 0.112549, 0.256257]
[0.00813, 0.029298, 0.436914, -0.181926, -0.081518]
[0.088658, 0.204776, -0.102068, -0.29581, 0.192228]
[-0.06527, -0.309984, 0.49564, -0.249058, -0.098772]
[0.514925, 0.106014, 0.304337, -0.048763, 0.102942]
[0.42736, -0.055453, 0.350893, 0.185956, 0.144456]
[0.217684, -0.443726, 0.488484, -0.235921, -0.049414]
[-0.187373, 0.44968, -0.200448, -0.007007, 0.449716]
[-0.228245, 0.23673, -0.478202, -0.229483, -0.050278]
[0.00696, 0.485697, -0.046358, -0.376845, 0.105697]
[-0.203531, 0.101358, 0.053372, 0.460025, 0.114065]
[0.174914, 0.032746, 0.017613, 0.192496, -0.156944]
[0.256849, 0.438594, -0.190548, 0.185793, 0.249229]
[0.157274, -0.462795, 0.327621, -0.210894, 0.068326]
[-0.170451, 0.17262, 0.015359, -0.294685, 0.441809]
[0.225629, 0.499874, -0.317667, -0.148422, 0.276113]
[-0.303024, 0.475527, 0.360083, 0.309033, 0.28426]
[0.471625, -0.135276, -0.186319, -0.248493, -0.060892]
[-0.128751, -0.145271, -0.2769, -0.414383, 0.28982]
[-0.226432, 0.423684, 0.209873, -0.495247, -0.176053]
[0.305403, -0.47487, 0.197062, -0.239039, 0.139448]
[-0.010643, -0.263973, 0.132773, 0.04288, 0.25143]
[0.636694, 0.029772, 0.195113, 0.494578, -0.045277]
[0.525839, 0.12491, 0.229373, -0.130207, 0.273346]
[0.308154, 0.366832, -0.254038, -0.445487, 0.475291]
[0.612211, 0.149923, -0.118545, -0.449187, 0.402611]
[-0.117073, 0.142127, -0.431856, 0.381591, 0.195363]
[0.267674, -0.226265, -0.436537, 0.358195, 0.264529]
[0.60112, 0.241166, 0.387732, -0.014895, 0.427119]
[0.57566, -0.497685, 0.254932, 0.09269, 0.292257]
[0.336422, -0.170481, 0.436032, 0.088467, 0.203909]
[-0.050333, -0.402921, -0.363058, 0.114014, -0.102623]
[-0.144309, 0.367382, 0.215401, -0.015745, 0.29264]
[0.007832, -0.342781, 0.1492, 0.421423, 0.433952]
[0.166791, 0.013426, -0.016272, 0.247388, -0.016295]
[0.296054, -0.216075, 0.24941, 0.112473, 0.264911]
[0.092094, 0.398398, 0.006668, 0.0336, -0.077954]
[0.239005, -0.019138, 0.063047, 0.368418, -0.021899]
[0.00331, -0.294576, -0.41903, 0.042832, 0.355719]
[-0.01603, -0.457386, -0.441531, -0.154982, 0.370112]
[-0.042259, -0.11001, 0.204864, -0.192392, -0.011394]
[0.031045, -0.470031, 0.328975, 0.349683, 0.030693]
[0.099974, 0.4908, 0.270212, 0.307672, 0.492841]
[-0.148638, 0.302085, 0.318714, -0.227268, 0.349991]
[0.269031, 0.429882, -0.026547, 0.386168, -0.037021]
[0.129786, -0.213975, 0.161557, 0.373198, 0.488111]
[-0.244397, -0.403816, 0.430056, -0.233527, 0.409013]
[0.573443, -0.193797, -0.330493, -0.084907, 0.384644]
[0.662212, -0.471732, 0.45841, 0.216403, 0.110738]
[0.630974, 0.300238, 0.328075, -0.03909, -0.013197]
[0.123337, 0.067147, 0.375452, 0.395007, 0.336763]
[0.372251, -0.169182, 0.148478, 0.436826, 0.011658]
[0.58146, -0.288184, 0.399361, 0.404063, -0.059075]
[0.384473, -0.377945, -0.32588, 0.451537, 0.29311]
[0.020468, 0.249273, 0.170412, 0.076776, 0.390639]
[0.311247, 0.286208, -0.330812, 0.00323, -0.131129]
[-0.13882, 0.424658, -0.445745, 0.202219, 0.316324]
[-0.059168, -0.43079, -0.374553, 0.37907, 0.423698]
[-0.263908, 0.406299, 0.024861, 0.255668, 0.259054]
[0.238748, -0.085114, 0.425865, 0.418388, -0.087487]
[-0.322147, -0.152575, 0.007668, 0.407088, 0.140021]
[0.229404, -0.154799, -0.323866, 0.248278, 0.091127]
[0.054959, 0.228856, 0.064018, -0.096667, 0.128018]
[0.671347, -0.422327, -0.05839, -0.190429, 0.437996]
[-0.285431, 0.413312, 0.130005, -0.167175, 0.246051]
[-0.091798, -0.270645, 0.448126, 0.373985, 0.126669]
[0.663588, 0.094287, 0.293836, 0.370015, 0.135107]
[0.197855, 0.042568, -0.443725, 0.039342, 0.252919]
[-0.201818, -0.190867, -0.49336, 0.41274, 0.146683]
[0.116711, -0.134676, 0.490652, 0.110228, -0.01833]
[-0.119983, 0.190749, -0.164014, 0.300123, 0.139354]
[-0.22082, -0.052924, -0.266682, -0.125752, 0.031815]
[0.521197, -0.04483, -0.257098, -0.205412, 0.256605]
[0.430075, -0.228616, -0.453741, -0.110135, -0.012245]
[0.219551, 0.313834, 0.126564, 0.280653, -0.187972]
[-0.049722, 0.056713, -0.467952, -0.207829, 0.184575]
[0.021368, 0.36474, -0.33957, -0.238859, -0.044368]
[0.216214, -0.426194, 0.125134, -0.134216, 0.035562]
[-0.027842, 0.04903, 0.302255, 0.177943, 0.195856]
[-0.113944, -0.214325, -0.022272, 0.331436, 0.003807]
[-0.171554, -0.069055, 0.186066, 0.071871, 0.065378]
[0.297786, 0.324797, 0.23587, -0.062413, -0.186973]
[-0.263051, -0.23905, 0.39293, -0.195445, 0.002672]
[-0.103664, 0.003335, 0.131459, -0.242161, 0.466048]
[0.045973, -0.188026, -0.203669, 0.404252, 0.136897]
[-0.005907, 0.473825, -0.258905, 0.085708, 0.433693]
[0.04883, 0.45241, 0.474539, 0.039024, 0.095181]
[0.445308, 0.091869, -0.069083, -0.17534, 0.016248]
[-0.122919, 0.093556, -0.212496, -0.118736, -0.178573]
[-0.068452, -0.498401, -0.292703, -0.012736, 0.221272]
[0.048809, -0.489982, -0.257952, 0.028605, 0.265894]
[0.516251, -0.232813, 0.032812, 0.367847, -0.151676]
[0.34479, -0.251141, 0.018061, 0.163655, 0.092871]
[0.32234, -0.03346, 0.454195, 0.315458, 0.270896]
[0.079504, -0.431217, -0.199374, -0.068724, -0.113016]
[0.656585, -0.226411, 0.372635, 0.312514, 0.281539]
[-0.283868, -0.293796, -0.052329, -0.068968, 0.191527]
[0.467649, -0.101754, -0.232451, 0.342402, 0.238528]
[0.544667, -0.409501, -0.485059, 0.127102, 0.212459]
[-0.10578, 0.498991, -0.431946, 0.380424, 0.388851]
[0.060539, -0.093248, 0.439639, -0.194833, -0.006681]
[0.639448, -0.431326, 0.37421, 0.401548, 0.317135]
[0.550974, -0.269378, 0.450125, 0.337217, 0.406476]
[-0.266898, -0.148722, 0.068891, -0.044065, -0.050809]
[-0.283635, 0.124369, 0.401636, -0.212864, 0.347384]
[-0.279826, 0.162886, 0.331663, 0.062334, -0.014878]
[0.066633, -0.446465, 0.400212, -0.047434, -0.014]
[0.557674, -0.142829, -0.399016, -0.001736, 0.304322]
[0.308014, 0.287137, 0.387971, 0.435574, -0.139987]
[0.182314, 0.221455, -0.40951, 0.153909, 0.492191]
[-0.212699, -0.04188, -0.239007, 0.066027, 0.366058]
[-0.172664, 0.358083, -0.166821, 0.018577, 0.343177]
[-0.26333, 0.01563, 0.068385, -0.052858, 0.360356]
[0.385636, -0.48695, -0.021656, 0.09222, 0.407612]
[0.560803, -0.464353, -0.317906, 0.416932, 0.468716]
[-0.000845, -0.38924, -0.12931, -0.015985, 0.389052]
[0.285505, -0.269837, -0.306727, 0.465704, 0.440076]
[0.404681, 0.384984, 0.009535, 0.063494, -0.11114]
[0.562428, 0.067455, -0.121032, 0.278809, 0.382779]
[0.24091, -0.102362, -0.459296, -0.246283, 0.496945]
[0.267411, 0.290361, -0.306407, 0.118842, 0.002887]
[-0.199671, 0.393693, 0.363635, 0.177386, 0.263928]
[0.673258, 0.071816, 0.495354, 0.063907, 0.180854]
[0.138607, -0.470689, 0.446258, 0.176503, 0.191149]
[0.211509, -0.122042, 0.080315, 0.030693, 0.19395]
[0.06938, 0.143558, 0.087853, 0.450724, -0.137853]
[0.47879, 0.450459, 0.47481, 0.339014, 0.026881]
[0.470382, -0.408832, -0.444828, 0.081557, 0.47357]
[0.665724, -0.337758, -0.235261, -0.134674, 0.084018]
[0.610152, -0.383307, -0.352394, -0.011498, -0.097738]
[-0.315104, -0.001249, -0.498334, -0.14932, 0.014286]
[-0.237339, 0.49593, -0.394703, 0.111602, 0.193051]
[-0.090129, 0.284615, 0.140217, 0.169703, -0.112823]
[0.155709, -0.404482, -0.084897, -0.194701, 0.485629]
[0.641153, -0.497239, 0.1801, 0.460291, 0.476396]
[0.209579, -0.494263, -0.436524, -0.121689, 0.103774]
[0.124618, -0.33008, 0.131005, 0.465802, 0.046389]
[0.180419, -0.055619, 0.24524, 0.036708, 0.298619]
[0.031436, -0.043297, -0.069565, 0.482532, -0.045324]
[0.108513, 0.153828, 0.128568, 0.228491, 0.446404]
[-0.080791, 0.253236, 0.16753, 0.482988, 0.39631]
[0.001353, 0.037244, -0.189757, 0.087704, 0.370431]
[0.2077, -0.168161, 0.413868, 0.109973, -0.018446]
[0.592478, 0.362559, 0.416413, -0.024685, 0.042013]
[0.42671, 0.076309, -0.231019, 0.143832, 0.299885]
[-0.133438, -0.209216, 0.119245, 0.00205, 0.193452]
[-0.086404, 0.472156, 0.105029, -0.090374, -0.041757]
[0.458648, 0.09311, 0.16604, 0.107006, 0.051391]
[0.345944, 0.044398, -0.384304, 0.151632, 0.084115]
[-0.196904, 0.211891, 0.037159, 0.283592, 0.0292]
[0.336197, -0.322302, 0.467572, 0.41352, 0.147033]
[0.116357, -0.447082, 0.257417, -0.024613, 0.33426]
[0.022099, -0.049865, 0.163446, -0.00186, -0.104457]
[0.033377, 0.035837, 0.03425, -0.085234, 0.493985]
[0.340069, -0.359731, 0.396084, -0.213941, -0.150503]
[0.093165, -0.147471, -0.322684, 0.23154, 0.347039]
[0.081195, 0.465706, 0.009834, 0.037873, 0.369232]
[-0.035311, -0.17494, -0.084041, 0.203489, 0.436811]
[-0.011431, -0.22742, 0.346359, 0.342491, 0.149173]
[0.310314, 0.27974, 0.26782, 0.257495, -0.173238]
[-0.174586, 0.416683, -0.416118, -0.025462, 0.091375]
[0.222323, 0.220587, 0.471225, -0.087392, -0.176031]
[0.00818, -0.091006, 0.359255, 0.043787, 0.341184]
[0.248587, 0.473687, -0.321864, 0.216783, 0.110243]
[0.574275, 0.219888, 0.477812, -0.140961, 0.439651]
[-0.263059, -0.073831, -0.155373, 0.387542, 0.212292]
[0.130136, 0.160689, -0.217219, 0.481323, 0.254328]
[0.534775, -0.137953, -0.085932, 0.469245, 0.438563]
[0.002112, 0.267524, 0.263024, 0.266821, 0.454178]
[0.57041, 0.001547, 0.055741, 0.175505, -0.065215]
[0.155296, -0.025815, -0.188301, 0.176015, 0.402293]
[-0.013908, 0.271342, 0.096004, -0.179023, 0.493915]
[0.008078, -0.257168, -0.212115, 0.403741, -0.149206]
[-0.307041, -0.289585, 0.224041, 0.078109, 0.159489]
[0.317376, 0.478563, -0.170024, -0.194225, -0.12379]
[0.302042, -0.457319, 0.41491, 0.301974, -0.166986]
[-0.220942, -0.420927, -0.403324, 0.308022, -0.039685]
[0.543403, -0.323654, 0.072914, -0.030296, -0.098533]
[0.634049, 0.359482, -0.267606, -0.162432, -0.106763]
[-0.2775, -0.333787, -0.27448, 0.28603, 0.473319]
[0.319864, 0.116619, 0.499272, 0.185619, -0.072626]
[0.627437, -0.424911, 0.418071, 0.080623, 0.012175]
[0.616435, -0.249001, 0.033013, 0.376928, 0.458742]
[0.51011, 0.316913, -0.229186, 0.269658, 0.419508]
[0.220604, -0.06798, 0.148542, 0.191543, 0.233062]
[-0.155811, -0.098274, 0.470855, 0.006484, 0.130926]
[0.579786, -0.422769, 0.268779, -0.146084, -0.142832]
[0.635701, 0.136271, 0.150714, 0.040041, 0.146171]
[0.340278, -0.076996, 0.340327, -0.2232, 0.095656]
[0.305761, -0.376384, -0.216241, 0.234936, 0.160121]
[0.02009, -0.300278, -0.286157, -0.190416, 0.021273]
[-0.209027, -0.327257, 0.263066, 0.075789, 0.225125]
[0.184142, -0.364973, -0.097624, -0.157396, -0.013829]
[0.331529, -0.312387, 0.017368, -0.210989, 0.147931]
[0.486485, -0.494347, -0.48873, 0.41315, 0.310184]
[0.482512, -0.348511, 0.162153, -0.011122, -0.015244]
[-0.179409, 0.20821, -0.285064, 0.369002, 0.368548]
[0.476107, 0.334348, 0.287627, -0.151796, -0.108445]
[0.172109, -0.293321, -0.019709, -0.038793, 0.341028]
[0.32546, 0.436905, 0.363123, 0.287057, -0.164281]
[0.546056, -0.367083, 0.071577, -0.059015, 0.499808]
[-0.002368, -0.013182, 0.401071, -0.109762, 0.126686]
[0.163624, 0.027866, 0.173379, 0.275759, 0.348681]
[-0.124382, 0.023228, 0.057269, 0.037255, 0.170875]
[0.252512, -0.095168, -0.193032, 0.447649, 0.127947]
[0.577519, -0.245849, 0.24802, 0.240911, -0.008304]
[0.196118, -0.058932, 0.261844, 0.049366, 0.026709]
[0.655645, -0.469978, 0.2034, 0.203325, -0.025888]
[0.199603, 0.163845, -0.430786, 0.116748, 0.027607]
[0.566341, -0.223619, -0.025486, 0.047324, 0.321817]
[-0.129616, -0.478601, 0.099507, 0.059093, -0.03499]
[0.396493, -0.032229, -0.149271, -0.115748, 0.009967]
[0.436196, 0.403617, -0.220319, -0.132993, 0.225403]
[0.285537, -0.338622, -0.060007, -0.007922, 0.405433]
[0.206566, 0.090386, -0.16516, 0.209048, 0.257444]
[0.319617, 0.354632, -0.150657, 0.24139, 0.120478]
[0.61466, 0.382777, -0.292789, 0.339172, 0.406349]
[0.383632, 0.477584, -0.130163, 0.213571, 0.427527]
[0.415717, 0.235319, -0.430772, -0.106252, 0.3899]
[0.491883, -0.119288, -0.465703, 0.051196, 0.260525]
[-0.313802, -0.215494, -0.111605, 0.252817, 0.028771]
[-0.254208, -0.454019, 0.468762, 0.12829, 0.12116]
[-0.071092, 0.421, -0.462966, 0.207103, 0.354437]
[0.427322, -0.221619, 0.159889, 0.056498, 0.266117]
[0.398095, 0.00109, -0.1298, 0.070565, 0.008297]
[-0.275072, 0.290023, -0.146266, -0.242129, 0.417856]
[0.085122, -0.061445, 0.084576, -0.142526, 0.20222]
[0.082415, -0.273668, -0.492791, -0.039661, 0.387172]
[0.605809, 0.181149, -0.224852, 0.069756, 0.479786]
[-0.184715, -0.201605, 0.216653, 0.307423, -0.076253]
[0.506591, -0.114404, -0.27942, -0.183764, 0.045961]
[0.245305, 0.497141, 0.446738, -0.029111, 0.233753]
[-0.185405, 0.497458, -0.097814, 0.263376, -0.082286]
[0.537625, 0.426483, 0.369832, 0.097394, -0.16674]
[0.247345, -0.480659, -0.468595, 0.305528, 0.44677]
[0.255785, 0.36627, 0.02119, 0.315232, 0.442894]
[-0.042867, -0.430853, -0.364609, 0.388679, 0.386261]
[-0.062556, -0.377872, -0.233818, -0.16976, 0.03305]
[0.080612, -0.123846, 0.289962, 0.470449, 0.168513]
[0.161756, 0.031133, 0.42712, -0.040671, 0.241991]
[0.117767, 0.442959, 0.131696, 0.322737, 0.26383]
[-0.019583, -0.171581, -0.347466, -0.039482, 0.424803]
[0.432138, 0.207138, -0.0809, -0.186526, -0.124941]
[-0.242232, -0.092249, -0.491013, -0.001191, 0.137835]
[0.215315, -0.043576, -0.034276, -0.075476, -0.115583]
[0.140636, -0.21616, 0.281085, 0.3511, 0.109575]
[0.142382, 0.343599, 0.370186, -0.024502, 0.185071]
[-0.110138, -0.018392, -0.336699, -0.116967, 0.406765]
[0.457834, -0.152905, -0.402367, -0.054431, -0.147166]
[0.167441, 0.092835, -0.252311, -0.218972, 0.38426]
[0.27705, 0.097974, -0.064167, 0.191367, 0.416683]
[0.505763, -0.117205, -0.239532, 0.202116, 0.141838]
[0.349432, -0.174675, 0.143013, 0.377245, 0.051443]
[0.199614, 0.214145, -0.331729, -0.161166, 0.246198]
[0.28094, 0.240595, 0.337698, 0.38559, 0.327126]
[0.607515, -0.062265, 0.280099, 0.495956, 0.051344]
[0.369748, -0.445519, 0.366816, -0.135463, 0.186264]
[-0.250578, 0.168553, -0.312689, -0.155615, 0.341637]
[0.14721, 0.121266, 0.288999, 0.069147, 0.29039]
[0.641195, 0.400976, -0.334068, 0.290466, 0.009441]
[-0.054613, -0.106444, 0.048441, 0.300779, 0.453309]
[0.264875, 0.019167, -0.358733, -0.218216, -0.044303]
[0.108892, -0.042935, 0.194792, 0.188399, 0.293173]
[0.058334, 0.227924, -0.431042, 0.354544, -0.13056]
[0.479073, 0.347248, 0.101581, 0.009743, 0.392531]
[-0.180746, 0.068887, 0.122662, -0.178684, -0.011854]
[0.190378, 0.423751, -0.313952, 0.219012, -0.183521]
[-0.087233, -0.131375, -0.284389, 0.277767, -0.000167]
[0.672931, -0.138369, 0.281195, 0.489462, 0.223426]
[-0.039052, -0.097705, -0.218925, 0.208129, 0.264101]
[0.296204, 0.167991, -0.112971, 0.455713, 0.359205]
[0.471328, 0.34473, 0.102646, -0.057907, 0.440014]
[0.152082, -0.472742, 0.44703, -0.032144, 0.05068]
[0.187675, 0.496567, 0.272339, 0.254956, 0.251556]
[0.326033, -0.437445, 0.469347, 0.329125, 0.306195]
[-0.236016, -0.019237, 0.105498, -0.158258, 0.136076]
[0.126114, -0.016478, -0.147206, 0.277934, 0.030258]
[-0.041004, -0.444992, -0.440811, 0.377784, 0.115355]
[-0.010595, -0.059395, 0.087616, 0.297536, -0.035157]
[0.442215, 0.489666, -0.077854, 0.003312, 0.200658]
[-0.230965, -0.478595, -0.036843, -0.055075, -0.007697]
[0.209724, -0.153852, -0.336739, -0.04297, 0.311619]
[0.08782, 0.256284, -0.465692, -0.244718, 0.07999]
[0.353274, -0.250632, 0.377628, 0.478711, 0.159868]
[0.606721, 0.049086, -0.085125, -0.238224, -0.011109]
[0.124851, 0.215905, 0.16619, -0.175009, -0.151464]
[-0.211533, 0.018003, 0.249663, -0.189701, -0.087942]
[-0.156085, 0.474992, -0.270305, 0.490988, 0.371922]
[0.159088, -0.351634, -0.491336, -0.026102, -0.028555]
[-0.26395, -0.332032, -0.241603, 0.315208, 0.133245]
[-0.139558, -0.018208, 0.498627, 0.33925, 0.36766]
[0.55259, 0.316285, 0.203469, 0.424422, 0.393964]
[0.396816, -0.318825, 0.442804, 0.419268, -0.04621]
[0.034087, -0.180001, 0.048361, 0.000861, 0.434202]
[0.43052, -0.367184, 0.355286, -0.03736, 0.193246]
[0.094014, 0.069283, -0.286412, -0.248094, -0.030331]
[0.501418, -0.347692, -0.143398, 0.16949, -0.164446]
[0.638544, -0.446441, -0.351964, 0.196221, 0.310834]
[0.125611, 0.033408, 0.186598, -0.098435, 0.400667]
[0.173478, 0.174374, -0.231897, 0.380933, -0.128493]
[-0.156452, -0.104479, -0.123047, 0.3926, 0.483126]
[0.267101, -0.347063, 0.145317, -0.121152, 0.234729]
[-0.23296, 0.444191, -0.300335, 0.090626, 0.311544]
[0.248479, -0.459238, 0.269404, 0.172287, 0.046917]
[0.034905, -0.241716, -0.188248, 0.112305, 0.077383]
[0.149147, -0.427443, -0.201469, 0.498307, 0.010095]
[-0.29391, 0.43022, 0.168225, 0.222686, 0.389548]
[0.639901, 0.231152, 0.006094, 0.30354, 0.00897]
[0.175431, 0.219343, -0.428158, 0.183467, 0.044359]
[0.458396, 0.009832, -0.416542, -0.030178, -0.045008]
[-0.09356, 0.052424, 0.189113, 0.113139, 0.064121]
[-0.129851, -0.12167, -0.164643, -0.11358, 0.294786]
[0.139024, -0.340475, -0.15975, 0.366083, -0.146592]
[0.493407, -0.101346, 0.296059, 0.102682, -0.165825]
[-0.301373, 0.121498, 0.321485, -0.223509, 0.058648]
[0.431969, 0.489831, -0.103875, -0.054116, 0.406867]
[0.626496, -0.379806, 0.038097, -0.142182, 0.235391]
[-0.280476, -0.493221, 0.414872, 0.489498, 0.039087]
[0.310989, -0.074965, -0.006738, -0.084635, 0.378217]
[0.199317, 0.27584, -0.003698, 0.051452, -0.119343]
[-0.031453, -0.265655, 0.228223, -0.081882, -0.123095]
[-0.319217, -0.029376, 0.093362, 0.208888, -0.10985]
[-0.037791, 0.489458, -0.461526, 0.287549, -0.190103]
[-0.040277, 0.397816, 0.14676, 0.128662, -0.126242]
[0.014911, -0.225751, 0.252661, 0.043073, 0.376735]
[-0.050196, -0.107064, -0.087178, -0.156481, -0.11865]
[0.583329, -0.256073, -0.012814, 0.433804, -0.149584]
[0.450111, -0.233484, 0.289583, 0.01476, 0.182946]
[0.093087, -0.058163, -0.187424, -0.105519, 0.344603]
[0.623185, 0.120154, 0.231276, 0.179925, 0.429701]
[-0.015609, -0.233314, 0.218215, -0.095892, 0.08539]
[0.652765, 0.422417, 0.127364, 0.215817, -0.117075]
[-0.119007, -0.238803, -0.089906, 0.142117, 0.106217]
[0.065931, 0.070652, 0.121664, -0.237075, 0.055037]
[-0.13114, 0.309979, 0.198832, 0.234082, 0.161281]
[0.520329, -0.267571, -0.201075, 0.159507, 0.324099]
[0.246724, 0.305323, 0.34306, 0.109713, 0.259957]
[0.281635, -0.056496, -0.293975, -0.172174, -0.038477]
[0.0177, 0.296455, 0.164254, -0.117811, 0.223441]
[0.354122, -0.310883, -0.252966, 0.063234, 0.373301]
[0.287565, 0.101147, 0.216359, -0.094403, 0.270451]
[0.383292, 0.214073, -0.435717, 0.302768, 0.014312]
[0.333387, -0.026849, -0.214117, -0.063743, 0.275466]
[0.406971, 0.181218, 0.181435, 0.332257, 0.183399]
[0.36883, -0.240614, 0.171818, 0.000846, 0.456756]
[0.392424, -0.196468, -0.408381, -0.154577, 0.209058]
[0.112959, 0.34355, 0.416376, -0.001847, -0.072258]
[0.675888, 0.03416, 0.083999, 0.456292, 0.090179]
[0.451208, 0.105687, 0.210005, 0.187607, 0.331531]
[-0.094883, -0.026419, -0.244501, 0.297382, -0.142614]
[0.095583, 0.018306, -0.227497, -0.164237, 0.152603]
[-0.062605, -0.486679, 0.389626, -0.011946, 0.020226]
[0.612036, 0.415451, -0.401313, 0.184568, 0.476901]
[0.554825, 0.138194, 0.423789, -0.101105, -0.163937]
[0.584296, 0.464973, -0.377258, 0.103359, 0.372936]
[-0.087001, -0.489534, -0.021255, 0.045386, -0.115091]
[-0.236287, -0.092219, 0.068375, 0.096527, -0.151401]
[-0.289237, 0.236835, -0.355148, 0.262961, -0.05524]
[0.039439, 0.181323, -0.051744, 0.402323, 0.276256]
[0.102107, -0.072946, 0.231827, 0.121774, 0.374927]
[-0.121184, -0.108247, 0.253734, -0.061096, -0.037433]
[0.283319, -0.354935, -0.137615, 0.499671, -0.082342]
[0.490061, -0.161498, -0.101588, 0.157874, 0.144381]
[-0.311978, 0.316224, -0.181799, -0.209635, 0.136205]
[0.178452, -0.169474, 0.263894, 0.093089, 0.154371]
[-0.217595, -0.461577, -0.169751, 0.111394, 0.108067]
[0.464628, -0.195937, -0.279416, 0.085031, 0.167489]
[-0.276823, 0.17317, -0.191819, 0.484962, 0.177489]
[0.46396, -0.10644, -0.283053, 0.383256, 0.348666]
[0.54133, 0.315167, 0.10147, -0.24437, 0.337791]
[0.499346, -0.25819, -0.351625, -0.171706, 0.340888]
[0.397808, -0.134937, 0.060278, 0.189868, 0.478011]
[0.116213, -0.430554, 0.269768, 0.075717, 0.015041]
[0.256164, -0.434155, -0.039212, 0.353557, -0.156447]
[0.239005, 0.286677, -0.381118, -0.014662, 0.44676]
[0.196453, 0.428614, -0.380947, 0.27639, -0.160622]
[0.527631, 0.08012, 0.127359, 0.402225, 0.005979]
[-0.16935, 0.17934, 0.450848, 0.107132, 0.242607]
[0.105355, -0.172783, -0.430698, 0.302479, 0.328289]
[0.632746, -0.037767, 0.492711, 0.359849, 0.45483]
[0.203075, 0.432621, -0.413153, 0.197375, 0.469074]
[0.564544, 0.240813, -0.225367, -0.197886, 0.323117]
[0.06469, -0.173933, 0.241729, -0.021752, 0.148395]
[0.355612, 0.253801, 0.333433, 0.082506, -0.188821]
[0.105331, -0.410625, 0.245218, 0.486599, 0.444547]
[-0.05147, 0.140557, 0.348053, 0.183257, -0.163259]
[0.41563, -0.305402, -0.457058, -0.031767, 0.211621]
[0.461782, 0.179573, -0.376523, -0.203942, -0.036838]
[0.057911, -0.319305, -0.10097, 0.437048, 0.096072]
[0.139759, 0.246054, 0.154012, 0.082702, 0.332951]
[-0.1297, 0.046233, -0.349949, 0.497694, -0.109148]
[-0.034975, -0.39222, -0.166137, 0.137786, -0.155568]
[0.66219, -0.300894, -0.197405, 0.318604, 0.312224]
[-0.003306, 0.055014, -0.382169, 0.019848, 0.243648]
[-0.188053, 0.336757, -0.206197, 0.263346, 0.485249]
[0.209627, -0.107733, -0.224277, 0.089559, 0.081822]
[0.545895, 0.003003, -0.200862, -0.056998, 0.088272]
[-0.242458, -0.294059, -0.365922, 0.00784, -0.005817]
[0.234205, 0.277991, 0.28526, 0.404959, 0.267896]
[0.312951, 0.327295, -0.34908, 0.089154, 0.303191]
[-0.022338, -0.110982, 0.238632, 0.326724, 0.188143]
[0.660273, -0.403541, 0.491599, 0.2606, -0.113212]
[-0.218775, 0.313493, 0.056709, 0.419586, 0.450803]
[0.262882, 0.148717, 0.347628, 0.381238, -0.105811]
[-0.044709, -0.092569, 0.309273, 0.333896, 0.296843]
[0.347182, -0.286596, 0.441194, 0.349844, 0.338316]
[0.493343, -0.323904, -0.42647, 0.326218, 0.119087]
[0.475216, 0.452008, -0.308093, 0.480543, -0.086939]
[-0.127705, -0.147169, 0.300263, 0.352856, 0.417339]
[-0.16871, 0.35025, -0.33446, 0.177611, 0.063472]
[0.462965, 0.426183, -0.318118, -0.243421, -0.135354]
[0.462827, 0.036735, 0.125379, -0.214203, -0.124518]
[0.34224, -0.450388, -0.498849, -0.159197, 0.097847]
[-0.107958, -0.433185, -0.065605, 0.25627, 0.172593]
[0.56907, 0.330185, 0.473154, -0.247155, 0.414368]
[0.631586, 0.210656, 0.17798, 0.100989, -0.105817]
[-0.213583, 0.064485, 0.464342, 0.314095, 0.371506]
[0.247701, 0.048652, 0.420129, 0.371874, 0.005157]
[0.078706, -0.39302, -0.254841, 0.375327, 0.106519]
[0.326054, -0.118962, -0.007791, -0.169763, 0.452115]
[0.672411, -0.328266, 0.030048, 0.277103, 0.073166]
[-0.308506, 0.205215, 0.3452, -0.203812, -0.082331]
[0.249964, -0.283812, -0.336634, 0.137799, 0.382704]
[0.020965, -0.345632, 0.330995, 0.177001, 0.067184]
[0.135768, 0.041955, 0.18501, -0.02648, -0.174198]
[-0.215736, -0.143536, -0.349448, 0.034345, 0.330285]
[0.459897, -0.314027, -0.41128, 0.421782, 0.478392]
[0.576506, -0.143953, 0.496591, 0.061897, -0.175422]
[0.057042, 0.333268, -0.267338, -0.083334, 0.055017]
[-0.173229, -0.050043, -0.280864, 0.459814, 0.042261]
[0.297278, 0.048106, -0.197196, 0.0607, 0.23084]
[-0.302237, -0.24428, 0.259716, 0.379862, -0.088544]
[0.644713, -0.402158, 0.205339, -0.190123, -0.181956]
[0.063551, 0.177574, 0.414669, 0.207103, 0.018255]
[0.610972, 0.067971, 0.232884, 0.363873, 0.255557]
[0.578936, -0.475604, 0.302336, -0.227589, 0.241608]
[0.33669, 0.199643, -0.101818, -0.119053, 0.26172]
[0.612197, -0.277568, -0.013108, 0.23337, -0.097308]
[0.655321, 0.205393, 0.322338, -0.206201, 0.0434]
[-0.227984, 0.009678, -0.114524, 0.141681, -0.068796]
[0.05015, 0.305823, -0.063011, 0.39142, 0.040709]
[-0.112113, -0.218703, -0.30886, 0.444169, -0.087413]
[0.620332, -0.003614, 0.068227, -0.01152, -0.097143]
[-0.110836, -0.033323, -0.261303, -0.131109, 0.134919]
[0.353382, 0.020767, -0.49236, 0.343184, -0.091853]
[0.433545, -0.304248, -0.08849, -0.084543, -0.164136]
[0.532759, 0.319968, 0.396969, 0.264182, 0.288475]
[-0.151991, -0.134228, 0.021045, 0.216054, 0.496208]
[0.226865, -0.257548, -0.303657, 0.243975, 0.314328]
[0.33527, -0.081156, -0.465655, -0.136076, 0.054167]
[-0.32415, -0.29102, 0.300481, -0.055225, 0.304191]
[0.500079, -0.076299, 0.267108, 0.084043, 0.49976]
[-0.312237, -0.163793, 0.379196, -0.017321, 0.29123]
[0.161466, 0.062241, -0.435758, -0.050359, -0.015687]
[0.292946, -0.051464, 0.034097, -0.081518, 0.44458]
[0.601215, 0.487669, 0.015268, 0.365064, 0.186402]
[0.461761, -0.069492, -0.363395, 0.293459, 0.320875]
[0.625433, 0.279191, -0.447886, 0.299272, -0.096528]
[0.09955, -0.459108, -0.353049, -0.03409, -0.010591]
[0.346619, -0.042373, -0.117389, -0.085066, -0.099259]
[0.456268, 0.294621, -0.487591, 0.289388, -0.014909]
[-0.266346, 0.052521, 0.418779, -0.099603, 0.299847]
[0.18333, 0.392164, 0.432706, 0.168463, 0.059098]
[-0.293451, 0.449069, 0.120688, 0.118091, -0.05592]
[-0.199835, -0.213699, -0.405962, -0.028352, 0.4346]
[-0.28982, -0.398564, 0.005301, -0.145565, 0.245071]
[0.566195, 0.027504, -0.454128, 0.188125, 0.47283]
[0.058982, -0.05814, -0.182398, 0.344301, 0.004716]
[-0.105289, 0.240619, 0.068084, 0.234196, -0.183214]
[0.206799, 0.276459, -0.040457, -0.080454, 0.09753]
[0.627351, 0.303256, -0.054076, 0.294605, 0.246845]
[0.010307, 0.348425, -0.339936, -0.01758, -0.020691]
[0.109947, -0.302642, 0.293129, 0.180024, -0.15603]
[-0.210931, 0.252271, 0.14097, -0.165723, 0.019965]
[-0.146199, -0.358195, 0.131961, 0.172407, 0.258871]
[-0.300001, 0.292162, -0.491709, 0.429903, 0.369275]
[0.227322, -0.188432, 0.119475, 0.144105, 0.250455]
[0.03287, -0.260738, -0.47599, 0.434677, 0.493877]
[-0.265633, -0.439513, -0.417421, -0.143692, 0.261372]
[0.022334, -0.377402, 0.0076, -0.182504, 0.381009]
[0.235138, 0.492717, 0.469602, 0.136397, 0.097048]
[0.544655, 0.192613, -0.019211, 0.317746, 0.225765]
[0.228355, 0.118731, -0.253406, -0.016388, 0.438783]
[-0.291082, -0.363345, -0.089612, 0.042345, -0.006716]
[-0.225633, -0.35756, -0.360532, -0.106137, 0.209283]
[-0.288923, 0.387506, -0.292643, -0.141703, 0.356977]
[0.581256, -0.190508, -0.261835, -0.012169, 0.280854]
[0.371712, 0.058618, -0.422721, -0.047231, 0.376692]
[-0.177814, 0.237675, -0.338454, 0.085132, -0.18442]
[0.45986, -0.274786, -0.223731, 0.369165, -0.094461]
[0.402337, 0.061403, -0.219523, 0.44796, 0.401277]
[0.309858, -0.20272, -0.237353, -0.010847, 0.107399]
[-0.160788, -0.09872, -0.387311, 0.337797, 0.264547]
[0.549268, -0.223089, -0.350368, 0.142883, 0.185892]
[0.646981, 0.185801, -0.48472, 0.157572, 0.11703]
[0.220343, -0.133079, -0.191549, 0.309699, 0.057976]
[0.56114, 0.317531, -0.328965, -0.23849, 0.299764]
[-0.112414, 0.395819, -0.282554, 0.063368, -0.024102]
[0.410267, -0.343661, -0.33039, 0.093192, 0.109973]
[0.204532, 0.450102, -0.108022, 0.016319, -0.179515]
[-0.151354, -0.380549, -0.104177, 0.287966, 0.033549]
[-0.243426, 0.068938, -0.127802, 0.040914, 0.178069]
[0.541798, 0.494916, -0.429519, 0.220559, -0.15495]
[0.233047, -0.422325, -0.333418, 0.476062, 0.482251]
[-0.29006, -0.393073, -0.424519, 0.108863, 0.002814]
[-0.102552, 0.257296, -0.411933, -0.090457, 0.031709]
[0.289192, 0.367127, -0.088987, -0.231915, 0.386964]
[-0.248298, -0.111493, -0.296873, 0.443938, 0.459967]
[0.468911, -0.166018, -0.125551, 0.260116, -0.109942]
[0.034564, 0.141926, -0.14578, 0.197562, 0.410762]
[0.55413, -0.211604, -0.245192, 0.003182, 0.140711]
[0.556829, -0.159409, -0.416363, 0.13537, -0.084066]
[0.000689, 0.270781, -0.189692, 0.364845, -0.092071]
[0.023641, -0.39532, -0.496624, 0.130391, 0.294437]
[0.605518, -0.19597, -0.311514, 0.032241, 0.378679]
[-0.246838, 0.245932, -0.202547, -0.222443, 0.138443]
[0.659736, 0.245681, -0.378565, -0.223792, 0.038042]
[-0.279434, 0.205995, -0.389904, -0.047759, -0.080322]
[-0.119, -0.462856, -0.202834, -0.011337, 0.02173]
[0.273681, 0.055272, -0.31491, 0.32591, 0.432476]
[0.426857, 0.017939, -0.453805, -0.195582, 0.272167]
[0.644175, -0.215101, -0.201028, 0.007137, 0.082424]
[0.227133, -0.033049, -0.179087, -0.218038, 0.452051]
[0.385868, -0.12139, -0.143101, -0.111224, 0.312915]
[0.440401, -0.388217, -0.140867, -0.252958, -0.167256]
[0.342925, 0.32728, -0.108805, 0.477258, 0.449773]
[0.355315, -0.315474, -0.309272, 0.467976, -0.047568]
[0.672639, -0.363143, -0.205458, -0.106278, 0.488331]
[0.418945, -0.038621, -0.420536, 0.442552, -0.001533]
[0.191422, -0.37761, -0.083949, 0.309138, -0.10273]
[0.448226, -0.322573, -0.251136, -0.241968, 0.314282]
[-0.066887, 0.349527, -0.325454, 0.462273, 0.482958]
[-0.24233, 0.28059, -0.17927, 0.232977, 0.40165]
[0.211365, -0.248786, -0.296258, -0.176513, 0.270585]
[0.628379, 0.261109, -0.086899, -0.024471, 0.107011]
[-0.256, -0.221456, -0.425406, 0.028138, 0.301933]
[0.313848, 0.140995, -0.4169, 0.273259, 0.075534]
[0.052069, -0.288217, -0.47277, 0.373713, 0.21286]
[-0.240414, -0.256584, -0.379008, -0.178652, 0.20344]
[-0.210645, -0.024082, -0.288605, 0.389966, 0.464459]
[0.376125, -0.404136, -0.193163, 0.397244, 0.208471]
[-0.156187, -0.216821, -0.175561, 0.28452, 0.109643]
[0.623067, -0.06111, -0.432544, -0.017304, 0.125082]
[0.110007, 0.444427, -0.31371, -0.071528, 0.494489]
[0.343135, 0.412229, -0.474159, -0.230222, -0.182096]
[0.471371, 0.499831, -0.226907, 0.228151, 0.341654]
[0.611357, 0.49157, -0.216048, -0.092567, 0.386605]
[0.148556, 0.259396, -0.242821, 0.105439, 0.108279]
[-0.210995, 0.499131, -0.381987, 0.238324, 0.309278]
[0.148956, -0.285019, -0.412715, -0.193837, 0.235094]
[-0.144365, 0.278686, -0.334377, 0.347013, 0.306282]
[0.295511, 0.270723, -0.285882, 0.076355, 0.315719]
[-0.105263, 0.073683, -0.300063, 0.015917, 0.498952]
[0.032119, -0.286111, -0.409853, 0.469184, 0.181829]
[-0.039276, 0.337807, -0.47453, 0.227676, 0.357153]
[0.244504, -0.399675, -0.374866, 0.463914, 0.253518]
[0.47477, 0.325382, -0.33595, 0.175182, 0.001768]
[0.034805, -0.268351, -0.15321, 0.202975, 0.042022]
[0.41072, -0.284048, -0.354168, -0.180367, 0.101994]
[-0.18433, 0.3223, -0.155882, 0.136288, 0.269141]
[0.002521, 0.104084, -0.100117, 0.044049, -0.106979]
[0.212216, 0.176008, -0.14415, -0.149419, -0.064525]
[-0.050246, -0.003671, -0.319936, -0.208293, 0.279978]
[0.232033, -0.019469, -0.11154, -0.055218, 0.183546]
[0.635782, -0.046181, -0.206604, 0.226443, -0.047795]
[-0.24175, -0.099027, -0.105432, 0.022307, 0.025385]
[0.166292, -0.015687, -0.184087, -0.009419, -0.112486]
[0.344115, 0.177318, -0.277871, -0.050827, 0.22926]
[0.295067, -0.289278, -0.214425, 0.271212, 0.017202]
[0.11177, 0.11102, -0.192456, 0.37836, 0.006766]
[0.536913, 0.00306, -0.35927, 0.084492, -0.142642]
[-0.092806, -0.155208, -0.13705, -0.211399, -0.092762]
[0.429376, 0.247988, -0.176987, 0.407737, 0.219458]
[-0.280108, -0.446325, -0.138722, 0.166006, -0.074352]
[-0.267679, -0.384142, -0.088642, 0.494059, 0.11087]
[-0.225496, 0.078184, -0.219144, -0.109849, 0.436644]
[0.626562, -0.47586, -0.310363, -0.122649, 0.189664]
[0.070903, -0.065032, -0.345262, 0.235242, -0.03942]
[-0.072955, 0.328653, -0.475975, 0.235334, -0.045852]
[0.194865, -0.172562, -0.297022, -0.176586, 0.214704]
[0.326718, 0.148862, -0.21047, -0.031327, -0.099763]
[0.566877, 0.18754, -0.208623, 0.457418, 0.279904]
[-0.133356, -0.144451, -0.310004, 0.390237, 0.452211]
[0.00083, 0.110792, -0.3612, 0.440069, -0.090754]
[0.230241, 0.429604, -0.28234, 0.411065, -0.161701]
[-0.195593, -0.030165, -0.313787, 0.340587, 0.220279]
[0.270953, 0.381538, -0.317009, 0.001084, 0.07909]
[-0.229468, 0.485369, -0.11721, 0.481837, 0.229528]
[-0.189952, -0.401451, -0.336246, 0.39417, -0.013427]
[-0.151534, -0.046161, -0.302496, 0.364099, -0.033153]
[-0.114483, -0.121003, -0.204822, -0.231836, 0.249263]
[0.103045, 0.116976, -0.229614, 0.311395, 0.322722]
[0.240584, 0.412032, -0.487632, 0.051334, -0.014988]
[0.562906, 0.195984, -0.240825, 0.193544, 0.185574]
[0.567994, -0.336907, -0.481728, 0.477596, 0.067621]
[-0.001153, -0.023062, -0.354621, -0.102759, -0.143046]
[-0.025597, 0.011827, -0.191594, -0.051269, -0.098108]
[0.64223, 0.218959, -0.316368, 0.043303, 0.196165]
[0.072591, 0.483999, -0.247687, 0.109199, 0.055892]
[0.446079, -0.251887, -0.302651, -0.048361, 0.332586]
[-0.211972, -0.00593, -0.191563, -0.227435, 0.138802]
[0.640134, 0.026146, -0.474115, 0.308064, -0.093138]
[-0.021966, -0.293495, -0.120507, 0.026667, 0.268534]
[0.067799, -0.067794, -0.279013, -0.006394, 0.330733]
[0.540663, -0.318535, -0.232658, 0.267087, 0.31492]
[0.580066, 0.211472, -0.425626, -0.224489, -0.141472]
[0.286062, 0.2189, -0.43395, -0.118424, -0.082974]
[-0.232091, -0.143313, -0.270538, -0.101222, 0.017889]
[-0.07188, 0.411055, -0.365216, 0.14099, 0.414145]
[0.508022, 0.010382, -0.186503, -0.202453, -0.062723]
[0.524125, -0.355619, -0.328398, -0.009921, 0.084816]
[-0.254913, 0.107447, -0.295907, -0.104234, 0.027436]
[-0.241744, -0.284499, -0.354079, 0.407576, -0.092891]
[0.128181, 0.134379, -0.131091, 0.219704, 0.387497]
[0.306464, 0.060064, -0.330265, -0.123407, 0.368618]
[0.578047, 0.265492, -0.325303, 0.394348, 0.407418]
[0.537832, 0.232919, -0.086803, 0.2603, 0.007415]
[0.662005, -0.355407, -0.228673, -0.171952, 0.056215]
[0.474305, -0.04981, -0.164769, 0.082603, 0.047055]
[-0.060545, -0.106797, -0.247104, -0.039115, 0.493695]
[0.515338, -0.492696, -0.430417, 0.085942, -0.057141]
[0.20512, -0.198766, -0.487096, 0.472709, 0.449178]
[0.545271, 0.392252, -0.454272, -0.063947, -0.106393]
[0.484277, -0.389533, -0.150852, 0.070206, -0.176337]
[-0.264704, -0.010628, -0.492251, 0.244092, -0.081699]
[-0.314136, 0.201568, -0.477007, -0.155451, -0.160442]
[-0.129993, 0.040303, -0.122934, -0.098451, 0.15611]
[0.532188, 0.434345, -0.374155, -0.132009, 0.033637]
[0.261538, -0.457872, -0.196721, -0.135475, 0.235367]
[-0.051659, 0.147356, -0.104354, -0.053383, 0.495671]
[0.009989, -0.236642, -0.080989, 0.035028, 0.485882]
[0.36386, 0.085593, -0.23235, 0.139298, 0.292423]
[-0.012411, 0.465604, -0.470787, 0.208607, -0.06305]
[0.455723, -0.352302, -0.224414, 0.163029, 0.159102]
[0.037246, 0.485884, -0.113772, 0.218689, 0.025037]
[0.529517, -0.415288, -0.443455, 0.465688, 0.183052]
[0.382256, -0.332002, -0.126642, -0.04513, 0.160915]
[0.52694, -0.388698, -0.123202, 0.012241, -0.065485]
[0.549452, -0.437469, -0.473464, -0.152935, 0.492319]
[0.321374, 0.118543, -0.213484, 0.014249, 0.133982]
[0.550701, -0.355879, -0.150625, 0.117808, 0.420652]
[0.508026, 0.005131, -0.354251, 0.293154, -0.182793]
[0.43487, -0.311818, -0.292502, 0.448708, 0.317026]
[0.5767, 0.090879, -0.167449, -0.186426, 0.123607]
[0.135299, -0.439, -0.12312, 0.218521, -0.083696]
[0.238851, 0.194198, -0.391591, -0.00652, 0.225208]
[0.176811, -0.380982, -0.318832, 0.475607, 0.094084]
[0.064802, -0.306909, -0.181716, 0.233536, 0.430863]
[0.631123, -0.184304, -0.341713, 0.186958, 0.132116]
[0.584092, -0.068922, -0.124166, -0.03294, 0.068613]
[-0.117275, -0.310205, -0.172807, -0.010561, 0.319318]
[-0.251869, -0.218093, -0.441465, 0.346911, 0.3911]
[0.344076, 0.476541, -0.499049, 0.386308, -0.190475]
[0.291721, 0.222539, -0.122422, 0.192276, -0.052029]
[0.504649, 0.188332, -0.335174, 0.251906, 0.479068]
[-0.15868, 0.378101, -0.115199, 0.184079, -0.099559]
[0.007461, 0.046392, -0.172144, 0.018305, 0.446338]
[0.075092, 0.265212, -0.168947, 0.153066, 0.317474]
[0.474802, -0.362872, -0.361958, -0.090136, 0.001755]
[0.228214, 0.102831, -0.382887, 0.456326, 0.226043]
[-0.072536, -0.147156, -0.279065, 0.049983, 0.287483]
[-0.112262, 0.377956, -0.10118, 0.354034, -0.164352]
[-0.152354, -0.000877, -0.234307, -0.111068, -0.005575]
[0.213051, -0.267269, -0.426697, -0.02102, -0.067153]
[-0.006001, 0.172762, -0.224126, 0.256364, -0.005802]
[0.065059, 0.166069, -0.39143, 0.007931, -0.150542]
[0.169436, 0.099507, -0.337894, -0.184265, 0.137628]
[0.234717, -0.07726, -0.253911, 0.004177, 0.294433]
[0.288902, -0.27137, -0.447219, 0.399191, 0.335189]
[0.41087, 0.319503, -0.360165, -0.228676, -0.024294]
[0.33064, 0.482547, -0.375388, 0.261453, -0.092838]
[-0.200331, 0.4129, -0.276157, 0.45487, 0.42625]
[0.667897, -0.223772, -0.153692, -0.189117, 0.013386]
[-0.110367, 0.209462, -0.213239, 0.463275, 0.486882]
[0.520706, -0.039385, -0.08772, 0.147202, 0.460134]
[0.518418, 0.134659, -0.204329, 0.144012, 0.429612]
[-0.101337, 0.183842, -0.461281, 0.187021, 0.064819]
[-0.321553, -0.141304, -0.116181, 0.438466, -0.147157]
[0.501376, 0.260767, -0.1148, -0.242267, 0.066618]
[0.48035, 0.129471, -0.109568, 0.374643, 0.208142]
[0.407275, -0.477898, -0.458977, 0.243388, 0.156502]
[-0.008835, -0.070397, -0.344838, 0.226493, 0.043291]
[0.068496, 0.210161, -0.289632, 0.315696, 0.094322]
[0.558933, -0.287013, -0.206235, 0.013965, 0.137519]
[-0.252225, -0.421397, -0.357879, 0.39744, 0.024355]
[0.274022, -0.487548, -0.248994, -0.043897, 0.022255]
[0.438434, -0.301468, -0.088469, -0.216478, 0.178668]
[0.611514, -0.38301, -0.387506, 0.46876, 0.106812]
[0.015185, 0.475981, -0.270243, 0.25838, 0.282717]
[0.594616, -0.290101, -0.19993, 0.111467, -0.048753]
[0.515279, -0.406342, -0.291909, 0.225534, 0.410901]
[0.328692, -0.180696, -0.325064, 0.087035, 0.193259]
[0.140074, -0.096114, -0.163277, 0.376694, 0.202938]
[0.366191, 0.280888, -0.282858, 0.148672, 0.117199]
[-0.062889, -0.424981, -0.102363, 0.012178, 0.259385]
[0.124863, 0.13905, -0.150694, 0.244186, 0.125494]
[0.325344, -0.190131, -0.296908, -0.15474, 0.303133]
[0.14667, -0.001524, -0.461506, -0.154494, 0.352275]
[-0.192405, 0.050648, -0.365783, -0.227021, 0.476152]
[-0.05826, 0.123993, -0.099964, 0.464921, 0.354914]
[0.147785, 0.040821, -0.253067, 0.490885, 0.410197]
[-0.212831, -0.401735, -0.453805, -0.003691, -0.18609]
[0.428277, -0.078662, -0.325236, -0.12628, 0.089755]
[-0.079354, -0.28542, -0.182932, 0.422885, -0.052609]
[0.329382, -0.380705, -0.167913, 0.463848, 0.410188]
[0.102137, -0.477949, -0.205697, 0.074031, 0.101564]
[0.595284, 0.48274, -0.180761, 0.377478, -0.13593]
[0.293045, -0.426132, -0.483363, 0.477266, 0.443834]
[0.650288, -0.454864, -0.347901, 0.391481, 0.06367]
[-0.154543, 0.153736, -0.360088, 0.201186, 0.420899]
[0.028271, 0.199907, -0.434141, -0.130625, 0.285636]
[0.452189, -0.469406, -0.490098, -0.134468, 0.1511]
[0.242413, -0.247348, -0.143355, -0.203669, 0.06137]
[0.112832, -0.136852, -0.188372, 0.321703, -0.187414]
[-0.000751, -0.046976, -0.192934, 0.104511, 0.361723]
[-0.276801, -0.455787, -0.121139, 0.425587, 0.379435]
[0.610639, 0.030446, -0.311565, 0.485119, 0.280934]
[0.288031, -0.192589, -0.10399, -0.191739, 0.194052]
[0.643047, 0.45294, -0.236056, -0.043223, -0.134425]
[0.419319, -0.288042, -0.48036, -0.077654, 0.235256]
[0.25661, -0.489012, -0.469843, 0.008001, -0.014758]
[0.020362, -0.409709, -0.302814, -0.196348, 0.226912]
[-0.321026, -0.023102, -0.343846, 0.035399, 0.010327]
[0.317817, 0.271853, -0.438382, 0.011944, -0.077021]
[0.358488, 0.079198, -0.37339, 0.300822, 0.325322]
[0.106154, -0.304344, -0.116123, -0.144401, -0.188244]
[0.008491, 0.079462, -0.460654, 0.142937, -0.040525]
[0.288351, 0.034339, -0.444397, 0.387338, 0.456807]
[-0.176892, -0.118399, -0.222578, 0.381373, 0.04787]
[-0.158669, 0.219127, -0.081708, 0.387474, 0.00356]
[0.483022, -0.419988, -0.135147, 0.054862, 0.352677]
[-0.303348, 0.395108, -0.202218, 0.424025, 0.23043]
[-0.159967, 0.228745, -0.410222, -0.07553, 0.04215]
[0.659514, -0.078051, -0.145601, 0.468106, 0.134647]
[0.289383, -0.171719, -0.342435, 0.163277, 0.35811]
[0.152681, -0.331743, -0.32935, -0.003862, 0.025992]
[0.340238, 0.209349, -0.082049, 0.167321, 0.333251]
[0.155197, -0.376379, -0.4899, 0.383322, -0.115935]
[-0.123675, 0.209709, -0.457612, 0.30467, 0.209249]
[0.012628, -0.063309, -0.472505, 0.269443, -0.033696]
[0.237948, -0.224181, -0.483756, 0.079685, -0.103251]
[0.213366, 0.051142, -0.459247, -0.118024, 0.273372]
[0.120141, 0.021789, -0.206053, -0.010476, -0.153672]
[0.032354, 0.404807, -0.093821, -0.011434, 0.144122]
[0.597081, 0.21443, -0.186575, 0.067895, 0.083294]
[0.350848, -0.217282, -0.111011, -0.164692, 0.087739]
[0.137262, 0.215882, -0.498595, 0.442893, 0.200955]
[0.222975, -0.147515, -0.228488, -0.205789, 0.441444]
[0.401165, 0.293497, -0.447917, -0.228337, 0.489666]
[-0.142124, 0.347454, -0.499678, 0.089338, 0.389702]
[0.432985, 0.388195, -0.140898, -0.099367, 0.028612]
[-0.119643, -0.143904, -0.122244, -0.066133, 0.499992]
[0.222206, -0.47164, -0.410012, 0.40907, -0.059429]
[0.136463, -0.31578, -0.191643, -0.100092, 0.438013]
[0.382809, 0.379039, -0.434915, -0.038354, 0.387657]
[-0.119504, -0.140431, -0.436044, -0.181106, 0.426019]
[0.295675, 0.272666, -0.290186, -0.230056, -0.062463]
[0.253635, 0.287736, -0.082894, 0.141907, -0.058814]
[0.377685, -0.087749, -0.158765, 0.454835, 0.004898]
[0.532713, 0.026794, -0.489995, -0.206986, 0.34898]
[-0.028173, 0.437596, -0.329932, 0.462272, 0.255665]
[0.14399, 0.13141, -0.17068, -0.005563, -0.091521]
[-0.17552, -0.224228, -0.26589, 0.262986, 0.387178]
[0.16769, 0.465392, -0.106509, 0.326921, -0.078632]
[-0.133649, -0.472013, -0.466039, 0.243437, 0.106101]
[0.382079, 0.384352, -0.389157, 0.07209, 0.449549]
[-0.22781, -0.289542, -0.29588, 0.174073, 0.14294]
[0.57648, 0.214418, -0.295116, 0.366798, 0.390672]
[0.139159, 0.336386, -0.369928, 0.375566, 0.498202]
[0.662225, -0.050532, -0.14558, 0.269042, 0.268493]
[0.075444, -0.232175, -0.19491, -0.186408, 0.14894]
[0.275993, 0.00928, -0.350784, 0.267185, 0.186422]
[-0.069454, -0.451103, -0.250855, 0.171593, -0.012523]
[-0.237175, 0.490675, -0.374362, 0.150938, 0.440255]
[0.366582, 0.144423, -0.27665, -0.081126, 0.221036]
[-0.014464, -0.241851, -0.324683, -0.15586, 0.061221]
[-0.197809, -0.357145, -0.46501, -0.105631, -0.018915]
[0.271393, 0.398534, -0.203718, -0.214164, 0.31859]
[-0.062261, -0.150962, -0.091458, 0.231938, -0.125846]
[0.441366, -0.043075, -0.464644, 0.122877, 0.477373]
[0.608755, 0.287238, -0.109603, -0.197717, -0.035143]
[-0.169793, 0.070362, -0.461485, 0.332792, 0.437493]
[0.539689, -0.323067, -0.12692, 0.343753, 0.376539]
[0.402685, 0.473152, -0.134836, -0.165068, 0.117052]
[0.565084, 0.105659, -0.320715, 0.165786, 0.103147]
[0.639533, 0.017462, -0.347205, -0.222951, 0.006093]
[0.623816, -0.360108, -0.134245, 0.290321, 0.487091]
[-0.017438, -0.078043, -0.447906, 0.059595, 0.03449]
[-0.245358, 0.020876, -0.382198, -0.154871, 0.16178]
[0.578204, 0.235046, -0.081501, 0.47074, 0.466846]
[0.446059, 0.134547, -0.171424, 0.488911, 0.068954]
[-0.275512, -0.075455, -0.241136, -0.004463, 0.071954]
[0.061482, -0.260672, -0.242348, 0.358059, -0.084667]
[0.583259, -0.490574, -0.081332, 0.04261, 0.465553]
[0.510077, -0.45826, -0.475053, 0.3582, 0.336107]
[-0.022963, 0.137418, -0.477976, 0.389908, 0.462981]
[0.612989, -0.35909, -0.393381, 0.478574, 0.357067]
[0.10068, -0.070514, -0.461412, 0.139417, -0.009927]
[0.456692, -0.309329, -0.33574, 0.009578, 0.459696]
[0.282827, 0.228841, -0.306713, -0.19033, -0.173353]
[0.26049, -0.318345, -0.382033, 0.03528, 0.19045]
[-0.06379, -0.048598, -0.460332, 0.481816, 0.282517]
[-0.311605, -0.312721, -0.1984, 0.134342, 0.295054]
[0.229504, 0.25527, -0.323482, -0.224976, 0.047207]
[-0.001134, -0.329466, -0.485809, 0.19439, 0.035538]
[0.464426, -0.135317, -0.278952, -0.048361, -0.115033]
[0.074209, -0.24447, -0.30326, -0.080412, 0.069554]
[-0.251002, -0.246685, -0.411349, 0.452931, -0.044645]
[-0.023669, 0.111191, -0.447225, 0.105104, -0.052082]
[-0.328221, 0.231066, -0.438198, 0.375581, -0.173842]
[0.290332, -0.38165, -0.357063, -0.022727, -0.158524]
[0.434345, 0.285083, -0.442349, -0.194085, 0.28052]
[0.4851, -0.052057, -0.498043, 0.058369, 0.357882]
[-0.137597, -0.13674, -0.171029, 0.444619, 0.099712]
[-0.256255, 0.443177, -0.448483, 0.036678, 0.171731]
[-0.102755, -0.064514, -0.418489, 0.210149, 0.368983]
[0.026949, -0.46316, -0.497909, 0.341653, -0.119256]
[-0.039587, -0.339946, -0.381397, 0.081809, 0.042032]
[-0.153821, 0.051279, -0.138132, 0.387146, 0.045164]
[-0.075891, -0.380738, -0.279127, 0.336216, 0.249416]
[0.646802, 0.04571, -0.332444, 0.449071, 0.38035]
[0.250579, 0.081884, -0.122489, 0.325378, 0.061302]
[0.004366, 0.246019, -0.256939, -0.173616, -0.14126]
[0.45088, 0.206596, -0.367901, 0.353585, 0.349251]
[0.224247, -0.01673, -0.42626, 0.331213, 0.291555]
[0.540213, -0.398782, -0.219105, 0.28934, 0.283636]
[0.019638, 0.35097, -0.318859, -0.068733, 0.221393]
[0.426385, -0.225922, -0.357283, -0.038931, -0.023773]
[0.122544, -0.078224, -0.253098, 0.169008, 0.232553]
[0.521564, 0.266649, -0.1053, 0.035212, -0.039624]
[-0.134326, -0.119855, -0.405575, 0.220335, -0.186974]
[0.398165, -0.068405, -0.302548, -0.048318, -0.121851]
[0.122945, 0.427351, -0.45742, 0.127048, 0.381698]
[-0.197654, 0.061126, -0.11279, 0.383018, 0.076678]
[0.047061, 0.150698, -0.281437, 0.280221, 0.351566]
[0.329844, 0.028514, -0.126579, 0.256513, 0.397171]
[0.197113, 0.221807, -0.170998, 0.021283, 0.423057]
[0.135441, 0.306416, -0.117704, 0.44024, 0.446918]
[-0.326183, -0.075404, -0.10851, 0.062104, 0.369612]
[-0.059269, 0.493294, -0.166844, 0.278102, 0.468971]
[0.606368, -0.219915, -0.179141, 0.488328, -0.042757]
[0.070516, -0.222095, -0.167324, 0.091199, 0.329505]
[-0.236566, -0.088704, -0.284448, 0.153918, 0.364615]
[0.092819, -0.323273, -0.462419, -0.061783, 0.166998]
[0.646273, 0.010464, -0.339889, 0.060181, 0.247493]
[-0.101133, -0.17151, -0.12852, 0.249848, 0.042403]
[0.403866, 0.030883, -0.42083, 0.416479, 0.10949]
[0.511718, 0.30628, -0.362844, -0.216848, 0.029394]
[0.350759, 0.150839, -0.220522, 0.450166, -0.157914]
[0.299291, 0.341901, -0.151652, 0.192643, 0.261598]
[0.600217, 0.235246, -0.391569, 0.163785, 0.375572]
[0.207586, 0.292709, -0.495809, 0.129361, 0.419097]
[0.212405, -0.044736, -0.231589, 0.081386, 0.112947]
[-0.232254, -0.009554, -0.087158, 0.252729, 0.062956]
[0.460809, 0.296456, -0.475706, -0.192345, -0.190331]
[0.210178, -0.177203, -0.475338, -0.240546, 0.184493]
[0.159517, -0.071705, -0.199504, 0.263419, 0.317315]
[-0.31989, -0.311975, -0.171499, -0.070807, 0.328225]
[-0.113636, 0.243244, -0.185568, 0.123099, -0.019937]
[-0.107196, 0.431355, -0.397224, -0.136662, -0.029811]
[0.1398, 0.138275, -0.091682, -0.162351, -0.143043]
[0.190369, 0.140842, -0.385585, 0.067956, 0.251861]
[-0.047512, -0.153411, -0.164446, 0.150748, 0.088388]
[-0.199243, -0.116467, -0.234309, 0.121238, 0.026684]
[-0.099022, 0.025845, -0.40023, -0.158072, -0.019599]
[0.269462, 0.046605, -0.325527, 0.008956, -0.041445]
[0.310198, 0.418648, -0.480353, -0.238162, -0.179881]
[0.318835, 0.301181, -0.450038, 0.388162, -0.103653]
[0.389954, 0.098678, -0.162407, -0.067937, 0.266479]
[-0.166878, 0.408624, -0.251119, 0.499066, 0.299683]
[0.539579, -0.157406, -0.44388, -0.009676, 0.30769]
[-0.125763, 0.404248, -0.110634, -0.241121, 0.060399]
[-0.211634, -0.469276, -0.271463, -0.093929, 0.079743]
[0.205307, 0.21234, -0.235745, -0.216087, -0.032684]
[0.187086, -0.175726, -0.426173, -0.24921, 0.072278]
[-0.16168, 0.10769, -0.13157, 0.281825, 0.086284]
[0.283258, -0.229717, -0.098381, 0.180206, 0.053122]
[0.153119, -0.125687, -0.233898, -0.041205, 0.160172]
[0.390161, -0.307766, -0.333139, -0.211774, 0.038372]
[0.461382, 0.389275, -0.437981, -0.008218, -0.030345]
[0.325435, 0.117208, -0.1833, 0.19198, 0.180168]
[-0.127296, -0.344051, -0.260031, -0.063005, 0.256166]
[0.523667, 0.057989, -0.09608, 0.234954, 0.402123]
[0.559889, -0.371475, -0.483352, -0.112533, -0.011827]
[0.655033, -0.422118, -0.474002, 0.475869, 0.231629]
[-0.076265, 0.077967, -0.44239, -0.06767, 0.318695]
[0.585108, 0.238597, -0.300392, 0.496123, 0.349836]
[-0.268687, -0.254898, -0.298965, 0.205412, -0.088562]
[0.389082, 0.181591, -0.47304, 0.443657, 0.1809]
[-0.012591, 0.373258, -0.275555, 0.488656, 0.376497]
[0.106281, -0.495811, -0.389762, -0.064093, 0.273438]
[0.120694, 0.478679, -0.164594, -0.015456, 0.117665]
[0.077136, -0.314259, -0.257824, 0.436232, 0.130479]
[0.093704, -0.009278, -0.196408, -0.10374, -0.026896]
[0.427101, -0.495723, -0.442646, 0.325483, -0.149194]
[0.670747, -0.290325, -0.289748, 0.091355, -0.056143]
[0.433419, -0.484434, -0.290651, -0.223474, 0.340163]
[0.362238, 0.030583, -0.196529, 0.288793, 0.373224]
[-0.110254, 0.193124, -0.486385, -0.037208, 0.270639]
[0.503364, -0.172564, -0.188317, 0.168035, 0.092773]
[0.619969, -0.171838, -0.210181, 0.360884, 0.091148]
[0.175449, 0.060511, -0.204112, 0.405036, -0.179109]
[-0.067976, 0.403986, -0.32788, 0.00595, 0.383195]
[-0.145884, -0.213661, -0.356496, -0.23571, -0.024182]
[-0.008277, -0.05887, -0.28182, 0.218463, 0.154699]
[-0.199474, -0.345767, -0.122843, -0.230157, 0.390037]
[0.53765, -0.356967, -0.12583, 0.388254, 0.112414]
[0.180995, -0.074438, -0.084682, 0.075596, 0.300798]
[-0.217932, -0.382791, -0.162712, 0.29298, -0.161559]
[0.505579, 0.344725, -0.349146, 0.355029, 0.479649]
[0.443542, 0.122891, -0.24197, 0.031282, 0.406411]
[0.548679, -0.11315, -0.439501, -0.107862, -0.025026]
[0.292704, 0.426166, -0.422995, 0.284067, 0.39927]
[-0.28367, 0.276693, -0.322631, -0.223932, 0.350008]
[-0.024797, 0.158201, -0.121534, 0.147999, 0.174726]
[0.373568, -0.481897, -0.220735, 0.334928, 0.20265]
[-0.09711, -0.475132, -0.399378, 0.111095, -0.181241]
[0.446131, -0.392979, -0.491777, -0.035225, 0.25664]
[0.525759, -0.354512, -0.110338, 0.192791, 0.325343]
[-0.123306, 0.36276, -0.252356, 0.082804, 0.433224]
[0.656056, -0.485721, -0.093486, 0.005068, -0.06248]
[0.207676, -0.497888, -0.243077, -0.220614, 0.221851]
[0.447065, -0.402403, -0.28784, 0.149841, 0.436519]
[-0.214041, 0.493435, -0.239984, 0.309462, 0.306228]
[-0.219938, 0.212025, -0.293413, 0.370715, 0.305986]
[0.632667, -0.273314, -0.405528, 0.242369, 0.013236]
[0.673807, 0.330638, -0.21725, 0.174949, 0.356921]
[0.537979, -0.400117, -0.282944, -0.071339, -0.122559]
[0.514154, -0.347985, -0.264019, 0.079863, 0.193118]
[0.016402, 0.15616, -0.108942, -0.102355, -0.104788]
[0.536185, -0.425999, -0.233273, 0.02696, -0.126176]
[0.033461, 0.047895, -0.083554, 0.232541, 0.479049]
[-0.021874, -0.473257, -0.349601, 0.266043, 0.064851]
[0.490433, -0.479817, -0.42473, 0.311869, 0.031912]
[-0.040465, 0.366806, -0.497078, 0.494672, 0.100655]
[0.020167, 0.178063, -0.436249, -0.127269, 0.315422]
[0.560559, 0.325053, -0.319879, 0.471557, -0.13131]
[0.269317, -0.42085, -0.378082, 0.02695, 0.469301]
[0.037283, -0.428617, -0.356308, 0.415249, 0.089327]
[0.470958, 0.197787, -0.37629, 0.338215, 0.347963]
[0.595274, 0.314607, -0.465429, 0.343688, -0.138589]
[0.106917, 0.23306, -0.154737, 0.214189, 0.111847]
[-0.215607, -0.195998, -0.47817, 0.041133, 0.070116]
[0.631642, 0.376656, -0.295459, 0.46028, 0.197096]
[0.579777, -0.172614, -0.179642, 0.352077, 0.178003]
[0.53123, -0.084131, -0.476168, -0.130565, 0.082789]
[-0.078943, 0.090714, -0.238802, 0.441318, 0.333408]
[0.037361, 0.135297, -0.245722, 0.436215, 0.033899]
[0.049151, -0.319511, -0.498957, -0.096827, 0.430761]
[0.109536, -0.15319, -0.341353, 0.218551, 0.009634]
[-0.150835, 0.226392, -0.389106, 0.073597, 0.362331]
[0.319801, 0.096965, -0.23861, 0.079198, 0.212858]
[-0.180236, 0.141876, -0.44496, 0.267248, -0.174731]
[-0.083944, -0.141139, -0.331202, -0.16081, -0.086858]
[0.561864, -0.472244, -0.187708, 0.287291, -0.098732]
[0.102539, -0.306311, -0.135085, 0.214645, 0.133852]
[0.155541, 0.065351, -0.470692, 0.290914, 0.059013]
[0.14179, 0.473231, -0.334106, 0.441781, 0.236637]
[0.121689, 0.243444, -0.199179, -0.117073, 0.461618]
[0.538062, -0.130742, -0.20028, 0.43005, 0.289131]
[0.167819, -0.289105, -0.466152, 0.343417, 0.351801]
[0.179385, -0.165128, -0.430873, 0.037693, 0.498015]
[-0.156334, 0.189216, -0.385245, 0.362293, -0.092564]
[0.660177, -0.14532, -0.490328, 0.224823, 0.038543]
[0.539019, -0.295855, -0.288885, 0.391814, 0.012836]
[-0.102426, -0.091267, -0.28982, 0.212463, -0.141755]
[0.15841, 0.068907, -0.326416, 0.488149, -0.012045]
[0.47277, 0.299643, -0.428772, 0.091127, 0.389275]
[0.533167, -0.387349, -0.28851, 0.093541, 0.379547]
[-0.288127, -0.458367, -0.187299, 0.308178, 0.414228]
[0.452967, 0.079598, -0.372463, 0.091968, 0.000654]
[0.573466, 0.09094, -0.339445, 0.094293, 0.194692]
[-0.101525, 0.196769, -0.138531, -0.147898, 0.323059]
[0.229169, -0.214591, -0.205206, 0.469671, -0.024281]
[-0.222695, 0.181213, -0.386273, 0.110175, 0.032947]
[0.048414, 0.052132, -0.244407, 0.372549, 0.418393]
[0.448713, 0.15513, -0.46052, -0.150668, 0.335573]
[-0.165787, 0.382263, -0.26345, -0.029626, 0.18034]
[-0.187168, 0.043705, -0.2846, 0.307547, 0.473523]
[0.294371, -0.358913, -0.143686, 0.38911, -0.01602]
[-0.278853, 0.283092, -0.319034, 0.004085, 0.327062]
[0.286872, -0.42339, -0.443903, -0.172637, 0.092063]
[-0.243711, -0.415957, -0.381674, 0.093308, 0.272593]
[0.343695, 0.439317, -0.159249, -0.121761, -0.057771]
[0.481255, -0.359507, -0.23402, 0.358065, 0.130452]
[0.257289, -0.161528, -0.161696, -0.187801, 0.031777]
[0.465885, -0.432711, -0.241784, 0.262508, 0.12804]
[0.32392, 0.226238, -0.499318, 0.066159, 0.009771]
[-0.004324, -0.371962, -0.498554, -0.007639, -0.043368]
[-0.196573, 0.298523, -0.370577, -0.156118, 0.416959]
[0.255608, -0.238722, -0.165773, -0.22844, 0.117301]
[0.461884, -0.219056, -0.221053, -0.082101, 0.070183]
[0.344874, 0.094233, -0.198508, 0.304355, 0.494162]
[0.017776, -0.470829, -0.322294, 0.436612, 0.330175]
[-0.035739, 0.030153, -0.327176, 0.337734, 0.288948]
[0.674561, 0.420226, -0.146026, -0.202079, 0.454538]
[0.487171, 0.444991, -0.434554, -0.144375, -0.03459]
[-0.065113, -0.156992, -0.388402, -0.140856, 0.091592]
[0.021176, -0.329264, -0.360356, 0.098975, 0.228368]
[-0.312286, -0.052639, -0.384572, 0.199524, 0.165422]
[0.402621, 0.179995, -0.386263, 0.373894, 0.499165]
[0.562343, 0.069948, -0.486326, 0.17741, 0.299708]
[0.075284, -0.004112, -0.255895, 0.375739, -0.145297]
[0.295938, -0.098413, -0.282945, 0.356388, -0.180551]
[0.533852, -0.034283, -0.258437, 0.258318, 0.051188]
[-0.301768, 0.412046, -0.48553, 0.011935, -0.042847]
[0.124096, -0.112529, -0.377845, 0.158123, 0.315496]
[0.148281, -0.408221, -0.285534, 0.194893, 0.300511]
[-0.068991, -0.084848, -0.14941, 0.327719, -0.116813]
[-0.262554, 0.134787, -0.339028, -0.019541, 0.273824]
[0.45147, -0.338572, -0.376678, 0.032999, 0.094759]
[0.486588, 0.099664, -0.249115, 0.189894, 0.070359]
[0.35243, -0.166095, -0.320764, 0.414536, 0.294662]
[0.26386, 0.211226, -0.325594, -0.10147, -0.082007]
[0.643462, 0.034334, -0.418402, 0.424094, -0.079861]
[0.237192, -0.059349, -0.486926, 0.498936, 0.060344]
[0.163857, 0.062528, -0.420001, 0.106794, -0.012741]
[0.368326, 0.080165, -0.375046, 0.286656, 0.028454]
[0.024564, -0.344923, -0.247878, 0.40406, 0.025364]
[0.515491, -0.02268, -0.320489, 0.381488, -0.052738]
[0.356385, 0.19734, -0.312858, -0.095942, -0.061615]
[0.153591, 0.198446, -0.415211, 0.159095, 0.371355]
[-0.107881, -0.283212, -0.274644, 0.405472, -0.158555]
[0.308845, -0.32562, -0.394933, 0.252068, 0.148092]
[-0.10246, 0.485153, -0.410615, -0.239585, 0.338214]
[-0.208448, -0.171508, -0.151623, 0.362904, -0.120408]
[0.256147, -0.180151, -0.476857, 0.378964, -0.119094]
[0.234376, -0.137387, -0.424444, 0.322931, 0.274312]
[-0.183176, 0.38092, -0.2746, 0.378943, 0.244454]
[0.624423, 0.37446, -0.20855, -0.228564, 0.102385]
[0.18316, -0.300304, -0.482659, 0.305927, 0.394903]
[-0.183114, 0.04479, -0.316491, 0.365877, 0.091193]
[-0.088666, -0.220516, -0.138384, -0.235867, 0.18526]
[0.14999, -0.091134, -0.298521, 0.173759, -0.071395]
[-0.236961, 0.459513, -0.492965, 0.499733, 0.32259]
[-0.041096, 0.342275, -0.431106, 0.064506, 0.261311]
[-0.307768, -0.250798, -0.309522, -0.22281, 0.074378]
[0.237066, -0.054235, -0.335877, 0.484425, -0.185209]
[0.438746, 0.262454, -0.497022, 0.447471, -0.055781]
[-0.150311, 0.067, -0.332314, 0.380095, 0.179078]
[0.10867, -0.419863, -0.178637, 0.085497, 0.06645]
[0.637084, -0.482807, -0.326363, -0.057794, 0.383181]
[-0.230904, 0.303658, -0.224165, -0.076464, -0.020091]
[0.224248, 0.41262, -0.448576, 0.144655, 0.167005]
[-0.153752, -0.034224, -0.232155, 0.000861, 0.457684]
[0.004226, -0.424338, -0.346458, 0.460365, 0.073084]
[-0.301926, 0.007012, -0.402536, 0.447083, 0.163238]
[0.225737, -0.410879, -0.33233, 0.249393, -0.131493]
[0.157019, 0.291794, -0.275673, 0.27977, -0.179413]
[0.442718, -0.07879, -0.354506, -0.249449, 0.359995]
[0.508758, 0.339286, -0.464548, 0.143313, 0.188666]
[0.266381, -0.045066, -0.468834, 0.318124, -0.153925]
[0.239794, -0.122564, -0.218362, 0.080013, 0.023968]
[0.167668, 0.159331, -0.385114, -0.166573, -0.141241]
[0.472416, -0.349508, -0.308803, 0.126804, 0.016762]
[-0.317582, -0.155439, -0.4803, 0.075749, 0.194915]
[0.495734, 0.429658, -0.399737, 0.412514, -0.059593]
[0.638423, -0.335662, -0.402659, -0.230479, 0.464788]
[-0.312225, -0.46472, -0.197013, -0.016159, 0.147066]
[0.258772, 0.42127, -0.147515, -0.179868, 0.367725]
[-0.01817, 0.025886, -0.302463, 0.338371, 0.228732]
[-0.170847, 0.439249, -0.428812, -0.18162, 0.39094]
[0.104875, 0.149814, -0.166696, 0.439759, -0.055338]
[0.528412, -0.477981, -0.299191, -0.181112, 0.147738]
[0.34427, -0.105054, -0.335372, -0.209017, -0.113841]
[0.091447, -0.44316, -0.26909, -0.148736, -0.087222]
[0.549141, 0.111714, -0.154406, -0.051311, 0.22773]
[0.123685, 0.119033, -0.398909, -0.032344, 0.307547]
[-0.082291, 0.436653, -0.262765, 0.401057, -0.113383]
[0.301734, 0.317676, -0.178092, -0.091813, -0.021859]
[-0.316854, -0.325741, -0.287781, -0.227265, -0.054792]
[-0.236524, 0.001319, -0.249418, 0.348793, 0.388626]
[0.635926, 0.358233, -0.465566, 0.318804, -0.007724]
[0.06414, 0.247137, -0.219117, 0.292865, -0.122408]
[-0.008604, 0.222819, -0.476287, 0.163609, -0.119924]
[0.420175, -0.217995, -0.417969, -0.217303, -0.133984]
[0.059062, 0.311984, -0.141443, 0.185461, -0.136413]
[0.135935, -0.35626, -0.433175, -0.239832, 0.036387]
[0.557362, -0.355598, -0.27539, 0.483296, 0.391443]
[-0.057855, -0.187312, -0.145558, 0.36868, 0.486404]
[0.44868, -0.1879, -0.410811, 0.380283, -0.041613]
[0.647025, 0.275165, -0.295731, -0.233346, 0.152796]
[0.072019, 0.488423, -0.336257, 0.392702, 0.30593]
[-0.012973, -0.033633, -0.223199, 0.363248, 0.062391]
[0.106846, 0.086159, -0.3712, -0.135407, 0.256313]
[0.59347, -0.4142, -0.474845, -0.185334, 0.404145]
[0.071539, 0.437727, -0.423374, 0.074314, -0.054913]
[0.356228, 0.459323, -0.364832, 0.159551, -0.103776]
[0.034076, -0.143199, -0.380482, -0.097626, 0.323614]
[-0.190167, -0.021228, -0.379962, 0.041982, -0.148568]
[0.046216, -0.344787, -0.293924, -0.145688, 0.428249]
[0.390345, -0.379984, -0.29619, -0.066548, 0.332673]
[0.05011, -0.187974, -0.466964, 0.184797, 0.127779]
[0.354933, -0.267174, -0.160054, 0.493959, 0.087533]
[0.385762, -0.334853, -0.127854, -0.069169, 0.282342]
[0.028167, 0.304468, -0.259685, 0.053954, 0.426066]
[0.098621, 0.370014, -0.344439, 0.216772, 0.277232]
[0.246975, -0.169822, -0.30067, 0.228219, 0.135868]
[0.411875, -0.338276, -0.175865, 0.054868, 0.040553]
[-0.290402, 0.274081, -0.291776, 0.434281, 0.353485]
[-0.234736, 0.043594, -0.2798, -0.132587, 0.203541]
[0.635424, 0.06285, -0.117909, -0.132715, 0.395257]
[0.423141, 0.034457, -0.132137, -0.066858, 0.215196]
[0.193622, -0.189695, -0.307956, 0.266286, 0.301507]
[0.173564, -0.049325, -0.47979, -0.166164, -0.027539]
[0.01206, -0.261303, -0.479187, 0.39669, -0.117666]
[-0.104448, -0.377047, -0.248781, 0.139754, 0.286639]
[0.212568, -0.294195, -0.362108, 0.031296, 0.103323]
[-0.173586, 0.143662, -0.370561, 0.394881, 0.104578]
[0.600186, 0.413675, -0.432722, -0.083438, 0.417293]
[0.562919, 0.132879, -0.22052, 0.452573, 0.197313]
[0.415668, -0.477941, -0.182993, 0.435178, 0.082021]
[0.535685, -0.010029, -0.175241, 0.394453, -0.188119]
[0.523187, -0.25949, -0.204228, 0.019766, 0.155018]
[-0.310598, 0.269646, -0.417557, -0.067462, -0.098201]
[0.627724, 0.152419, -0.149256, 0.224311, 0.111846]
[0.129524, 0.015725, -0.450852, 0.069023, 0.434134]
[-0.118746, -0.354954, -0.158163, 0.277189, -0.098945]
[-0.133256, -0.331733, -0.347936, 0.255807, 0.379921]
[0.480044, 0.319052, -0.297656, -0.056194, -0.043615]
[-0.149101, 0.296666, -0.463503, 0.172854, -0.044702]
[0.085041, -0.033304, -0.122201, -0.205422, -0.038805]
[-0.198242, -0.041633, -0.490948, 0.300074, -0.070466]
[0.448735, 0.212181, -0.248055, -0.060795, 0.145449]
[0.574453, -0.267649, -0.493677, 0.194881, -0.095563]
[0.461313, -0.469057, -0.481174, 0.046427, 0.167846]
[0.326146, 0.203237, -0.492228, 0.325365, 0.309928]
[0.494759, 0.156441, -0.440118, -0.149461, 0.187902]
[0.293506, -0.287154, -0.129933, 0.258428, 0.375945]
[0.412723, -0.151467, -0.180999, 0.024116, 0.09833]
[0.569836, 0.45508, -0.129148, -0.172765, -0.179577]
[0.268215, -0.142601, -0.426528, 0.460124, 0.248964]
[-0.188704, -0.240618, -0.20843, 0.247291, -0.093092]
[0.538125, 0.492399, -0.119395, 0.325725, 0.198242]
[0.196692, 0.30734, -0.347401, 0.000323, 0.46598]
[0.061552, -0.249719, -0.153913, 0.034043, 0.115218]
[0.07152, 0.066721, -0.247861, 0.129152, -0.145039]
[-0.071337, 0.22086, -0.412053, 0.104957, -0.0396]
[0.446148, -0.157881, -0.158577, 0.10542, 0.011229]
[0.291285, 0.199179, -0.493191, 0.006844, 0.291706]
[0.603491, -0.37345, -0.355066, 0.313844, 0.090461]
[-0.035203, -0.287829, -0.22498, 0.061114, 0.027248]
[-0.153499, -0.258855, -0.475232, 0.197337, 0.444437]
[0.417516, -0.339232, -0.296778, -0.076338, 0.113899]
[0.529388, -0.303124, -0.143403, 0.32152, -0.049078]
[0.520633, -0.034769, -0.452869, 0.238744, -0.054384]
[-0.09877, 0.345607, -0.309752, 0.207646, 0.443082]
[-0.041666, 0.301999, -0.151128, 0.078939, 0.305631]
[-0.265149, -0.217994, -0.43462, 0.383918, 0.274549]
[0.662255, 0.348483, -0.318135, 0.344217, 0.310503]
[-0.109177, 0.131331, -0.182799, -0.048746, 0.426931]
[0.39297, 0.172351, -0.192744, 0.314982, 0.14193]
[0.162747, 0.161483, -0.319739, -0.077916, 0.074193]
[0.670057, 0.423361, -0.428499, 0.473725, 0.164848]
[0.267043, 0.285444, -0.196079, 0.398077, -0.082432]
[0.10924, -0.11889, -0.240706, 0.049422, 0.441474]
[-0.001502, -0.20827, -0.286789, -0.108956, -0.103629]
[0.574904, 0.470588, -0.474113, 0.229251, 0.257208]
[0.071347, -0.009029, -0.422312, -0.001178, -0.052185]
[-0.150032, -0.049689, -0.362237, 0.357986, 0.394427]
[0.445658, -0.29943, -0.340137, -0.221811, -0.08112]
[-0.112203, 0.211119, -0.324733, -0.184794, 0.362863]
[0.029752, -0.38712, -0.270942, 0.163838, 0.29598]
[0.242672, 0.0595, -0.253556, -0.066849, -0.136567]
[-0.020217, 0.076517, -0.450875, -0.252306, 0.123883]
[0.535313, -0.184361, -0.154294, 0.180343, 0.030717]
[-0.263608, 0.188161, -0.468015, 0.425003, 0.124534]
[0.001674, 0.204401, -0.273827, 0.058512, 0.030094]
[-0.191546, 0.282458, -0.312632, 0.4399, 0.034502]
[-0.064983, 0.482359, -0.240261, 0.430595, 0.193381]
[-0.037417, -0.456785, -0.466006, 0.196495, 0.068796]
[0.271301, -0.39218, -0.194116, 0.055033, 0.413581]
[0.457639, -0.018489, -0.329786, -0.189569, 0.037327]
[0.138345, 0.498384, -0.316994, -0.228544, 0.220761]
[-0.263542, 0.424196, -0.21286, 0.064566, 0.077515]
[0.439272, 0.469844, -0.411113, 0.099292, 0.366424]
[0.569661, 0.446753, -0.222452, 0.098314, 0.365806]
[-0.289013, -0.28154, -0.368161, 0.334756, -0.121463]
[-0.0898, -0.362263, -0.208047, 0.354855, 0.042908]
[0.122208, 0.018036, -0.14204, -0.079258, 0.198392]
[0.073266, 0.28631, -0.455816, 0.142744, 0.062728]
[0.413853, -0.119142, -0.289301, 0.353126, -0.056807]
[0.425619, 0.31395, -0.436923, -0.072318, -0.011137]
[0.476036, -0.232119, -0.19906, 0.070272, -0.070742]
[-0.164585, 0.031517, -0.148876, 0.338695, 0.466216]
[0.402156, 0.18205, -0.239632, 0.375636, 0.264515]
[0.636948, 0.114341, -0.447557, 0.047057, 0.335767]
[0.287881, 0.101104, -0.198643, 0.435807, 0.050144]
[0.670885, 0.260831, -0.152234, 0.052821, 0.110469]
[0.135666, 0.486619, -0.232604, 0.191826, 0.310041]
[0.142715, -0.044522, -0.204848, 0.47485, 0.196538]
[0.410984, 0.444292, -0.395699, 0.350892, 0.406709]
[-0.305083, -0.298781, -0.304953, 0.148644, 0.438996]
[0.509338, 0.343647, -0.327447, 0.441309, 0.319734]
[0.512195, 0.351911, -0.311063, 0.044867, 0.096328]
[-0.206663, 0.254898, -0.167103, 0.15297, -0.15146]
[-0.117512, -0.329955, -0.169182, -0.037301, 0.282747]
[0.675388, -0.019014, -0.45531, 0.034365, 0.07085]
[-0.071627, -0.208501, -0.141262, 0.001898, 0.449741]
[0.149875, -0.359024, -0.14816, 0.103825, 0.393291]
[-0.182693, 0.265859, -0.362401, 0.200174, -0.053503]
[-0.155455, 0.049593, -0.339062, 0.041214, 0.45817]
[0.570252, -0.220064, -0.339634, 0.48759, 0.070004]
[0.076195, 0.17891, -0.424227, 0.09057, -0.137176]
[-0.301617, 0.060442, -0.250811, 0.160394, 0.349849]
[-0.249305, -0.234328, -0.316906, 0.293798, 0.090147]
[0.474305, 0.173598, -0.343801, 0.367598, 0.372778]
[-0.078588, -0.251278, -0.455427, 0.456852, 0.110961]
[0.252639, 0.329415, -0.202608, 0.083363, 0.277779]
[-0.144107, -0.117446, -0.218379, 0.496161, -0.033476]
[0.194867, 0.439394, -0.488166, -0.177785, 0.136576]
[0.259745, 0.107649, -0.401559, 0.23189, -0.048521]
[-0.317612, 0.355093, -0.375208, 0.275882, 0.099429]
[0.207664, 0.05653, -0.487523, 0.138577, 0.436656]
[0.310879, -0.399553, -0.162479, -0.144886, -0.173318]
[-0.149172, 0.293909, -0.386422, 0.482829, 0.014567]
[-0.071185, 0.033573, -0.242954, 0.387104, -0.053185]
[0.121628, 0.251531, -0.148539, -0.229891, 0.220558]
[0.067989, -0.460131, -0.205592, 0.137911, 0.108462]
[-0.105903, 0.355863, -0.116697, 0.344657, 0.262524]
[0.507304, -0.070476, -0.133805, 0.445009, 0.482518]
[-0.062694, -0.152782, -0.460581, 0.323789, 0.429575]
[-0.018359, 0.123788, -0.352065, 0.016903, -0.079]
[0.432829, -0.057379, -0.176287, 0.16594, -0.008286]
[0.627528, 0.387663, -0.392017, 0.310187, 0.363246]
[0.667822, -0.271929, -0.334653, 0.240721, 0.247824]
[-0.006476, 0.42132, -0.167036, -0.115919, 0.374665]
[0.070507, 0.072785, -0.243865, -0.113633, -0.188084]
[0.373762, 0.483861, -0.375775, 0.492599, 0.495904]
[0.051773, 0.13127, -0.266514, 0.358847, 0.464885]
[0.129957, -0.457144, -0.287349, 0.363193, 0.255199]
[0.23785, -0.23433, -0.207223, 0.265422, 0.013632]
[0.048043, 0.134718, -0.264358, -0.198362, 0.327889]
[0.019036, -0.247379, -0.46517, 0.027192, 0.226251]
[-0.116955, 0.406321, -0.39591, 0.395396, 0.316043]
[-0.26641, 0.2632, -0.353001, 0.145792, 0.270012]
[0.353306, 0.121165, -0.195739, -0.042693, -0.104867]
[-0.263648, 0.056238, -0.281151, 0.337772, -0.006611]
[-0.13693, -0.073391, -0.353911, 0.23526, 0.022838]
[0.407041, 0.097725, -0.279398, -0.252744, 0.264584]
[0.58626, 0.30013, -0.317405, -0.034733, 0.144184]
[0.373907, 0.394398, -0.26564, 0.04817, -0.101065]
[0.207429, 0.026715, -0.17025, 0.321691, 0.101997]
[0.417187, -0.039088, -0.414818, 0.484506, 0.493191]
[0.43081, 0.343116, -0.367361, 0.485186, 0.348208]
[-0.078748, 0.494788, -0.331651, -0.078187, 0.357471]
[0.142227, -0.303484, -0.221743, 0.334161, -0.041593]
[0.027926, -0.008139, -0.411341, -0.153464, 0.098328]
[-0.137404, -0.376344, -0.448708, 0.308941, -0.166878]
[0.505135, -0.30282, -0.40466, 0.499545, 0.398732]
[-0.067381, 0.442939, -0.431351, 0.481745, 0.150543]
[0.386493, 0.076961, -0.154561, 0.009383, 0.032914]
[0.364441, -0.392735, -0.253112, -0.168185, 0.39392]
[0.643963, 0.223911, -0.469525, -0.114223, 0.487467]
[-0.199709, -0.138234, -0.130347, -0.028833, 0.105533]
[0.631022, 0.039396, -0.182142, -0.096858, 0.300877]
[-0.218919, -0.120368, -0.139719, 0.006823, -0.119967]
[0.086131, -0.49805, -0.165969, 0.352661, 0.07655]
[-0.093496, 0.352307, -0.451698, 0.137459, 0.288985]
[0.306205, 0.034138, -0.316522, -0.04699, 0.296768]
[0.042428, 0.097764, -0.282311, -0.161588, 0.189012]
[0.438228, -0.02736, -0.318119, 0.219454, 0.265452]
[0.626079, 0.282885, -0.419316, -0.033367, 0.318712]
[0.477332, -0.08432, -0.157168, 0.457792, 0.481105]
[0.221149, 0.145786, -0.399047, 0.458946, 0.18867]
[-0.188641, 0.471656, -0.234448, -0.028339, 0.233073]
[0.534584, -0.08071, -0.274239, 0.29457, 0.320947]
[-0.199318, 0.226269, -0.476884, 0.458701, 0.480658]
[0.667237, -0.159781, -0.42181, -0.008962, 0.497164]
[-0.049187, 0.103274, -0.203916, 0.124634, 0.012181]
[0.60491, -0.429784, -0.299647, 0.363027, 0.096497]
[0.143674, 0.440557, -0.220012, 0.334147, 0.388256]
[0.657954, 0.34078, -0.177852, 0.218484, 0.30724]
[0.197762, -0.359668, -0.371959, -0.000246, -0.002789]
[0.50215, -0.262781, -0.452999, 0.135643, 0.006129]
[0.570047, 0.450353, -0.335538, 0.033682, 0.058194]
[-0.174479, -0.498429, -0.322037, -0.109302, 0.009167]
[-0.262372, -0.37455, -0.116854, -0.191774, 0.327481]
[-0.195886, 0.244273, -0.18824, 0.01736, -0.108388]
[-0.198276, -0.047353, -0.349098, 0.184214, 0.139388]
[-0.080928, 0.318916, -0.314866, 0.24304, 0.297334]
[-0.134122, 0.362034, -0.473874, -0.133033, 0.207394]
[0.287985, -0.445193, -0.479084, 0.01745, 0.434329]
[-0.134376, -0.38811, -0.249574, -0.240218, 0.3238]
[-0.093677, -0.150389, -0.478737, -0.175571, 0.424209]
[0.216923, -0.086962, -0.265455, -0.169722, 0.371784]
[0.079999, 0.433004, -0.258835, -0.247635, -0.13637]
[0.334239, 0.46989, -0.203435, 0.348321, 0.075547]
[0.147178, -0.184848, -0.427797, -0.038035, 0.20826]
[-0.267614, 0.032615, -0.472775, 0.164386, 0.361194]
[0.092215, -0.07196, -0.431385, 0.307728, 0.286742]
[0.469607, -0.398229, -0.274899, -0.218047, 0.161579]
[0.559805, 0.420302, -0.150845, -0.060551, 0.277568]
[0.293757, -0.292963, -0.337078, 0.470009, 0.246715]
[-0.155777, -0.322412, -0.339473, 0.19534, 0.208523]
[0.371481, -0.423337, -0.495703, 0.068746, -0.175068]
[0.458546, -0.321775, -0.380573, -0.005764, 0.107341]
[-0.075132, -0.396762, -0.168804, 0.018381, 0.3522]
[0.098877, -0.337652, -0.384462, 0.312773, 0.390152]
[0.235717, 0.148925, -0.1499, 0.030107, 0.002059]
[-0.112257, 0.029675, -0.128488, -0.24058, -0.141835]
[0.589954, 0.172569, -0.332035, -0.183006, -0.117622]
[0.073755, -0.457171, -0.452749, 0.195836, 0.423523]
[0.61447, -0.251438, -0.243412, -0.188959, 0.226438]
[0.133463, 0.22087, -0.298409, 0.293322, 0.259495]
[0.493371, -0.3691, -0.213692, 0.302752, -0.146209]
[0.515257, 0.297874, -0.150201, -0.249709, 0.084729]
[-0.26533, 0.224373, -0.17452, 0.158112, -0.134866]
[0.266557, -0.149855, -0.177898, -0.197624, 0.252693]
[0.315067, -0.063469, -0.24223, 0.249611, 0.216419]
[0.587446, 0.449108, -0.215066, -0.114432, -0.14973]
[0.0439, -0.048576, -0.299427, -0.240115, -0.080962]
[-0.048891, -0.341214, -0.255949, 0.027289, -0.184567]
[-0.006454, -0.064212, -0.216156, 0.266462, 0.197884]
[0.573763, -0.398463, -0.384979, -0.197877, 0.108154]
[0.187619, -0.039569, -0.206419, 0.187839, -0.154289]
[0.43452, -0.09556, -0.42078, -0.214825, 0.13269]
[0.025497, 0.070734, -0.455423, 0.215145, -0.101839]
[0.015299, -0.306455, -0.119462, 0.123743, 0.27339]
[-0.174326, -0.019324, -0.332217, -0.167151, 0.209517]
[-0.088615, 0.066008, -0.483204, -0.250882, 0.417816]
[0.213177, 0.447391, -0.266825, 0.200434, 0.11358]
[0.421693, 0.257263, -0.275029, 0.058259, 0.0666]
[-0.175155, -0.187047, -0.248919, 0.209874, 0.015387]
[0.009581, 0.308043, -0.12376, 0.031736, -0.027334]
[-0.289584, 0.170792, -0.256821, 0.459437, -0.083689]
[-0.159659, 0.303047, -0.166872, -0.190247, 0.393465]
[0.659975, 0.329327, -0.438583, -0.039051, 0.474957]
[-0.046554, -0.428477, -0.446229, 0.405014, 0.227527]
[0.156529, -0.049686, -0.390688, -0.049258, 0.057373]
[0.656276, -0.018131, -0.135034, -0.207548, 0.290533]
[0.378267, 0.176351, -0.336836, -0.209516, 0.026049]
[-0.093265, -0.211325, -0.185463, 0.280585, 0.189245]
[-0.2822, 0.499873, -0.380024, 0.073345, 0.385957]
[-0.219361, 0.186622, -0.166895, 0.424812, 0.36083]
[-0.217394, 0.171318, -0.311203, 0.105491, -0.133586]
[0.144618, -0.344885, -0.374647, -0.152928, 0.231018]
[-0.205788, -0.222358, -0.489928, 0.133797, 0.257318]
[0.659191, -0.396292, -0.496726, -0.225689, -0.121699]
[0.215442, -0.193119, -0.228552, -0.143562, -0.15622]
[-0.217251, -0.282914, -0.238463, 0.035878, 0.001762]
[0.542779, -0.164669, -0.304562, 0.066792, 0.41054]
[-0.28785, -0.290355, -0.47763, -0.124132, 0.184738]
[0.025387, 0.075274, -0.342927, -0.138582, -0.117001]
[0.401332, -0.312459, -0.381412, 0.15219, 0.185191]
[-0.304923, -0.196007, -0.430405, -0.068618, 0.121892]
[0.377539, 0.431107, -0.457838, 0.181907, -0.08642]
[0.547182, 0.321896, -0.347321, 0.457387, 0.136723]
[-0.234412, 0.166712, -0.2189, 0.426061, -0.033858]
[0.615471, -0.26044, -0.449645, 0.442689, 0.240992]
[0.129288, -0.191947, -0.309345, -0.083862, 0.413011]
[0.572131, -0.180269, -0.35505, 0.439054, -0.106284]
[0.205854, -0.038157, -0.407849, 0.043173, 0.101549]
[-0.305854, 0.390796, -0.265612, -0.042939, -0.071535]
[0.585762, -0.161624, -0.380118, -0.020465, -0.054918]
[-0.094609, -0.272144, -0.465743, 0.491941, -0.176906]
[0.656168, -0.430411, -0.251441, -0.153982, 0.139127]
[-0.125494, 0.146245, -0.197449, 0.163257, -0.039047]
[-0.27135, 0.462374, -0.338899, -0.143917, 0.159351]
[-0.2408, 0.186616, -0.375185, 0.381477, 0.300479]
[0.147469, -0.322717, -0.490001, 0.028275, 0.106366]
[0.320578, -0.456984, -0.445713, -0.241455, 0.270716]
[0.411252, -0.168725, -0.130637, 0.268551, -0.156754]
[-0.081849, 0.443692, -0.125021, -0.159822, 0.22352]
[0.090485, 0.388821, -0.49162, -0.153498, 0.293377]
[-0.10273, 0.37709, -0.121119, 0.029282, -0.155951]
[0.417839, 0.341486, -0.245412, 0.445808, 0.089394]
[0.190587, -0.18302, -0.247074, 0.232499, -0.178931]
[-0.076228, 0.115708, -0.1999, 0.439288, -0.169705]
[0.168087, -0.413524, -0.393238, 0.233088, 0.463306]
[-0.18067, 0.410185, -0.244493, -0.056994, 0.1417]
[0.444106, -0.200952, -0.221273, -0.068414, 0.368377]
[0.477306, 0.007611, -0.261181, 0.214737, 0.304963]
[-0.312802, -0.051266, -0.414741, -0.039327, -0.164252]
[-0.132985, -0.414883, -0.188821, -0.031217, 0.307179]
[0.204118, -0.191995, -0.139194, -0.209362, 0.372805]
[0.35332, -0.014111, -0.404646, -0.008197, -0.029404]
[0.298357, -0.106648, -0.194002, -0.205832, 0.108214]
[0.057287, 0.329648, -0.345614, -0.19174, -0.060609]
[0.323149, -0.135593, -0.460616, 0.181279, 0.140003]
[0.391436, -0.377152, -0.298523, 0.144403, 0.37686]
[-0.007129, 0.310659, -0.161901, -0.038267, -0.050494]
[0.45373, 0.26323, -0.135782, 0.195909, -0.191396]
[0.018051, -0.371582, -0.137471, 0.243515, 0.459925]
[-0.083042, -0.471258, -0.153666, 0.082388, -0.076513]
[0.661506, -0.408388, -0.124343, 0.15207, 0.412307]
[0.44234, 0.060963, -0.149701, 0.0678, 0.12417]
[0.569259, -0.121418, -0.126687, 0.102423, -0.029033]
[0.580412, -0.241553, -0.126692, 0.248729, -0.109299]
[0.580204, -0.451138, -0.137832, -0.167796, 0.478407]
[-0.184613, 0.198274, -0.156561, -0.144515, 0.063231]
[0.674292, -0.257529, -0.152589, 0.026158, 0.482321]
[0.146699, -0.192297, -0.131745, 0.203347, 0.139942]
[0.356838, 0.285244, -0.118114, 0.211067, 0.19309]
[0.633477, -0.350635, -0.138432, 0.22077, 0.359093]
[0.167837, 0.492222, -0.137189, -0.116276, 0.390517]
[0.60952, 0.224314, -0.153141, 0.06491, 0.003215]
[0.33032, -0.198126, -0.160117, 0.228904, 0.335869]
[0.037683, -0.120422, -0.12845, -0.189724, 0.207259]
[0.05438, 0.367363, -0.133916, 0.040327, -0.106434]
[0.220647, -0.05246, -0.136311, 0.161771, 0.403388]
[0.582137, 0.476348, -0.128098, -0.117661, -0.188793]
[0.212282, -0.129257, -0.161701, 0.150235, -0.146805]
[0.596562, -0.470237, -0.155588, -0.204455, 0.262724]
[0.494512, -0.470608, -0.160971, 0.086066, -0.039316]
[0.452068, -0.369427, -0.159237, -0.050514, -0.006207]
[-0.201771, -0.485033, -0.125891, 0.013768, -0.157352]
[0.361677, -0.165791, -0.147265, -0.15148, 0.047176]
[0.64393, -0.162351, -0.146441, 0.235822, -0.132779]
[0.091503, 0.446908, -0.158265, 0.202538, 0.365434]
[0.662912, 0.452191, -0.135741, -0.174958, -0.188328]
[-0.038138, 0.176861, -0.125738, 0.149121, 0.250422]
[0.512288, 0.21742, -0.151766, 0.081012, 0.48217]
[0.162756, -0.081748, -0.149346, 0.080008, 0.253913]
[-0.128134, -0.108392, -0.123732, -0.165101, -0.08482]
[0.481811, 0.073271, -0.130114, -0.080087, 0.085126]
[-0.113317, 0.284258, -0.157647, -0.230113, 0.363321]
[0.181823, 0.468066, -0.160102, -0.134733, 0.315325]
[-0.086569, 0.114245, -0.117216, 0.081209, -0.146114]
[0.065671, 0.105377, -0.129145, 0.221571, 0.458499]
[0.038779, 0.174787, -0.135687, -0.176532, 0.334708]
[-0.088266, 0.325868, -0.133702, -0.187896, 0.110427]
[0.638495, -0.098933, -0.158448, 0.230335, 0.473246]
[0.400455, -0.038631, -0.156716, 0.071877, 0.422688]
[0.361046, 0.410793, -0.160334, 0.02599, 0.369057]
[0.47794, -0.423513, -0.155015, 0.176167, -0.162813]
[-0.113197, 0.387016, -0.122216, -0.231135, 0.244091]
[0.292826, -0.365543, -0.144603, 0.214903, -0.058389]
[0.19353, -0.342474, -0.152026, -0.066905, -0.054114]
[0.259595, -0.361808, -0.147359, 0.222222, 0.48077]
[0.403968, 0.309777, -0.146775, 0.152202, -0.159727]
[-0.23679, 0.007778, -0.12182, 0.204092, 0.229898]
[0.384955, -0.323045, -0.135699, 0.171, -0.069335]
[0.561416, -0.389129, -0.139179, -0.153958, 0.263557]
[0.037234, 0.142153, -0.144091, -0.163004, 0.032388]
[0.670789, -0.175548, -0.157728, 0.187178, 0.353523]
[-0.132656, -0.286714, -0.126132, -0.218747, 0.480164]
[0.419777, -0.243703, -0.122079, -0.057848, 0.23252]
[-0.224104, -0.343901, -0.153711, 0.163298, 0.002642]
[0.210098, 0.032711, -0.147459, 0.168667, 0.301565]
[0.061865, 0.244967, -0.125871, 0.088587, 0.375968]
[0.615722, 0.128998, -0.146179, 0.023661, -0.055754]
[0.28926, -0.272076, -0.148071, 0.212144, 0.391577]
[-0.103831, -0.109287, -0.147754, -0.148553, 0.482886]
[0.176901, 0.340356, -0.13592, 0.014524, -0.145507]
[0.075352, -0.097853, -0.150804, -0.078727, 0.443527]
[-0.041137, -0.467753, -0.150037, 0.00245, 0.06895]
[0.667303, 0.157967, -0.117366, -0.033804, 0.092913]
[0.006468, 0.23417, -0.136195, -0.161918, 0.127429]
[-0.112083, 0.377594, -0.141143, 0.247432, 0.396351]
[0.263616, -0.482122, -0.158373, 0.159569, 0.204584]
[0.174748, 0.209021, -0.149178, 0.053465, -0.076801]
[0.454295, -0.161153, -0.157322, -0.20794, -0.138965]
[0.185349, -0.041436, -0.159812, 0.161158, -0.163424]
[0.302298, -0.488214, -0.132088, 0.254564, 0.111662]
[0.379457, -0.14417, -0.135428, -0.024032, 0.275741]
[0.175954, 0.464162, -0.145849, -0.227589, -0.036161]
[0.568645, 0.427261, -0.141076, -0.235234, 0.26434]
[-0.182723, 0.284035, -0.161049, 0.14664, 0.140222]
[0.470317, -0.140943, -0.135027, -0.248688, -0.11153]
[-0.167565, 0.261852, -0.148556, -0.186803, 0.282676]
[0.163306, 0.320516, -0.144288, -0.089562, 0.418636]
[0.435724, -0.092012, -0.147396, -0.185789, 0.412288]
[0.423117, -0.231262, -0.160328, 0.208399, 0.36754]
[0.6563, 0.374113, -0.117722, -0.188729, 0.457104]
[0.319967, -0.02011, -0.116506, -0.074922, 0.031548]
[-0.214295, -0.21315, -0.156963, -0.062564, 0.343562]
[-0.142934, 0.057516, -0.132521, -0.157414, 0.2978]
[0.050748, 0.04566, -0.127374, 0.175568, 0.260075]
[-0.225573, 0.327683, -0.158659, -0.101305, 0.056494]
[0.194458, 0.416259, -0.117836, -0.118841, 0.354512]
[-0.067728, 0.297549, -0.148741, -0.152999, 0.472463]
[0.424485, 0.393037, -0.128172, -0.147472, -0.087746]
[0.227158, 0.270166, -0.132939, 0.133502, 0.032569]
[-0.159386, -0.349638, -0.121766, 0.183464, 0.168297]
[0.604921, -0.465192, -0.119378, 0.009401, 0.438381]
[0.234846, 0.011925, -0.119166, -0.023019, -0.044636]
[-0.127873, 0.100926, -0.146261, 0.220394, -0.067789]
[-0.105154, 0.395071, -0.159785, -0.220864, -0.154104]
[0.076645, 0.180231, -0.137621, -0.219864, 0.201475]
[-0.00508, -0.048147, -0.130925, -0.078181, 0.341343]
[0.429425, -0.337312, -0.152112, -0.253472, -0.101936]
[0.046124, -0.06744, -0.117298, -0.17071, 0.00118]
[0.347302, -0.110787, -0.12802, -0.098669, 0.379737]
[0.434383, -0.142153, -0.120349, 0.072813, 0.494873]
[0.365387, 0.455643, -0.133645, -0.074683, 0.101313]
[0.254725, 0.367063, -0.14567, -0.041979, 0.044564]
[0.448535, 0.269241, -0.126794, 0.114597, -0.022314]
[0.628843, 0.034786, -0.13159, 0.169567, -0.049796]
[0.133527, -0.33223, -0.147352, -0.047703, 0.498175]
[0.639352, 0.482689, -0.143841, 0.15288, 0.200122]
[0.540772, -0.139633, -0.120082, 0.025022, -0.115462]
[0.536602, 0.16253, -0.136599, -0.058699, 0.276709]
[0.307434, -0.392012, -0.13193, 0.125865, 0.234317]
[-0.260222, -0.101755, -0.134786, 0.097186, 0.205493]
[0.099, 0.455782, -0.141344, -0.209239, 0.224939]
[0.010265, 0.441574, -0.136909, 0.253874, 0.436803]
[0.286123, 0.488062, -0.136076, 0.058497, 0.445867]
[-0.054519, 0.470353, -0.125105, 0.169926, -0.031615]
[0.163404, -0.174505, -0.132481, 0.100591, 0.08092]
[0.671175, -0.19687, -0.123188, -0.252815, 0.173196]
[-0.110962, 0.396743, -0.137283, 0.198943, -0.058239]
[0.451242, 0.134389, -0.142226, -0.020618, 0.442098]
[-0.118786, 0.396408, -0.140713, -0.223048, -0.071065]
[-0.13234, 0.4613, -0.129359, -0.213827, 0.258996]
[0.481687, 0.03207, -0.122202, -0.158892, 0.148209]
[0.190179, -0.012128, -0.13647, 0.248998, 0.463903]
[0.291578, 0.392691, -0.127956, 0.181873, 0.324447]
[0.358308, -0.32648, -0.151213, 0.020359, -0.162245]
[0.164249, -0.00441, -0.128477, -0.159917, 0.3654]
[0.326316, -0.005949, -0.142139, 0.119681, 0.217701]
[-0.094186, -0.396115, -0.142259, -0.222283, 0.135145]
[0.359295, 0.308779, -0.144805, -0.036248, 0.24939]
[0.07871, 0.485032, -0.137638, 0.203634, 0.141409]
[0.088257, 0.499337, -0.123606, 0.204916, 0.046409]
[0.079399, 0.217663, -0.1596, -0.031124, -0.104257]
[-0.020288, -0.257961, -0.127206, 0.245108, 0.302118]
[0.307375, -0.035924, -0.129799, 0.05388, 0.00647]
[0.078941, 0.182635, -0.143001, -0.133207, -0.095586]
[-0.176511, -0.327179, -0.138385, 0.227146, 0.217778]
[-0.007939, -0.063566, -0.129749, 0.023717, -0.019427]
[0.578779, -0.241049, -0.140688, 0.149925, 0.273515]
[0.546921, 0.078247, -0.140262, -0.0665, 0.1581]
[0.360034, -0.214008, -0.148581, 0.254264, -0.00954]
[-0.209842, 0.274934, -0.123598, 0.18003, -0.056346]
[0.590616, 0.337418, -0.137074, -0.147696, 0.211807]
[0.431933, 0.238304, -0.141806, -0.00776, -0.081816]
[-0.096814, -0.471476, -0.145836, -0.05746, 0.342883]
[0.287038, -0.262813, -0.130794, 0.23786, 0.007423]
[0.007556, 0.238824, -0.129499, 0.057617, -0.139373]
[0.252991, -0.020853, -0.118392, 0.247314, 0.35637]
[0.419165, -0.351617, -0.145407, 0.010264, 0.025025]
[0.254055, 0.245241, -0.118767, 0.228049, -0.072075]
[-0.19256, 0.452582, -0.151481, 0.117037, 0.282779]
[0.442509, -0.077023, -0.15954, -0.084728, 0.124994]
[-0.069613, 0.142449, -0.133678, -0.23569, 0.456138]
[0.014143, 0.183014, -0.151795, 0.083244, 0.185429]
[0.574812, 0.306026, -0.138147, -0.145667, 0.163586]
[0.084251, 0.357941, -0.160297, 0.20408, -0.148891]
[0.391598, 0.030449, -0.124886, -0.224998, 0.384411]
[0.596075, 0.421234, -0.160101, -0.06284, 0.297737]
[0.035795, 0.178026, -0.12876, -0.109294, 0.464616]
[-0.248011, 0.43637, -0.139771, -0.094636, -0.098092]
[0.074133, 0.355108, -0.155898, 0.11061, -0.109846]
[0.020786, 0.371392, -0.13515, 0.199187, 0.116268]
[-0.086193, 0.119553, -0.140143, 0.152239, 0.258342]
[0.016122, -0.109764, -0.15788, 0.00703, 0.161036]
[0.323975, 0.189305, -0.117205, 0.16636, 0.027295]
[0.450582, 0.175412, -0.117034, 0.048475, -0.190012]
[0.279523, -0.344748, -0.147296, 0.12893, -0.160923]
[0.231508, 0.159539, -0.11658, -0.032809, -0.181071]
[-0.129898, -0.201327, -0.135809, -0.146605, -0.103504]
[0.294419, 0.37548, -0.13944, 0.224439, 0.008565]
[0.003619, -0.03464, -0.1281, 0.004454, -0.107606]
[0.583453, 0.406449, -0.154082, -0.120855, 0.482887]
[0.315245, -0.478342, -0.143615, -0.102568, 0.057437]
[0.399207, 0.361059, -0.116424, 0.090602, 0.226146]
[-0.307704, -0.336266, -0.139471, 0.029961, 0.047844]
[0.146597, 0.07189, -0.143131, 0.119405, -0.033468]
[-0.315301, -0.449956, -0.137203, 0.078612, 0.461597]
[0.063687, 0.423141, -0.153281, 0.198268, 0.082121]
[-0.017765, -0.388223, -0.151532, -0.048393, 0.193155]
[-0.141329, -0.412962, -0.139067, 0.118451, 0.098892]
[0.630962, 0.056441, -0.148772, -0.109692, 0.379276]
[0.674981, 0.120649, -0.141154, -0.249186, 0.232893]
[-0.301234, -0.116904, -0.160248, -0.190317, 0.320395]
[0.116503, -0.424614, -0.142878, 0.161573, -0.000468]
[0.430772, 0.279878, -0.135334, -0.066121, 0.106502]
[-0.171885, 0.188462, -0.119472, -0.242439, -0.176042]
[0.380825, -0.498381, -0.125003, -0.010262, 0.137257]
[0.235712, 0.187251, -0.141287, 0.122718, 0.018795]
[0.093732, 0.49957, -0.119606, -0.071219, 0.469243]
[0.530235, 0.325682, -0.142282, -0.058779, 0.193686]
[0.491588, -0.143872, -0.12311, 0.106418, 0.456607]
[0.515811, -0.274011, -0.130402, 0.193813, 0.225513]
[0.445714, -0.458699, -0.116493, -0.00806, 0.45339]
[-0.250594, -0.109463, -0.133062, -0.14513, 0.170709]
[0.321335, 0.171464, -0.160763, -0.199692, 0.400271]
[-0.153717, -0.347728, -0.131382, -0.057178, 0.297166]
[0.280248, 0.297995, -0.124868, 0.25702, -0.122139]
[0.584604, -0.454347, -0.145844, -0.14479, 0.115996]
[0.622435, -0.148734, -0.15845, -0.071154, 0.014529]
[0.260053, -0.444418, -0.145414, 0.130786, 0.245874]
[-0.141675, -0.335457, -0.154349, 0.235818, 0.16437]
[-0.248625, -0.08157, -0.135122, -0.179715, 0.139032]
[0.447274, -0.078994, -0.140829, 0.115544, -0.032701]
[-0.035848, -0.308782, -0.123471, -0.224816, 0.163351]
[0.266451, 0.239486, -0.117824, -0.118113, 0.123641]
[-0.101382, -0.128749, -0.153841, -0.238097, -0.112675]
[0.501482, 0.475794, -0.122622, -0.043787, -0.113375]
[0.45501, 0.293853, -0.159389, 0.221966, 0.329065]
[0.419867, -0.250595, -0.141471, 0.19749, 0.464667]
[0.142301, 0.133044, -0.131235, 0.029876, 0.434206]
[-0.25169, -0.358873, -0.116355, -0.043764, 0.083272]
[0.386027, 0.481079, -0.128035, 0.192578, -0.042248]
[0.302298, -0.290885, -0.149292, 0.169207, -0.178537]
[0.009911, 0.034201, -0.118174, 0.113518, 0.214219]
[0.385646, -0.344786, -0.135714, -0.036789, 0.180572]
[-0.13862, 0.276909, -0.120444, -0.079517, -0.147412]
[0.139632, 0.346308, -0.141324, -0.06645, 0.086576]
[0.552255, 0.296439, -0.130654, 0.177194, -0.158301]
[0.35685, -0.492555, -0.162483, 0.196537, 0.135876]
[0.671778, -0.079736, -0.142008, -0.132599, 0.222404]
[0.038228, 0.130349, -0.130451, -0.218051, 0.125143]
[0.299628, 0.290035, -0.125983, 0.044784, 0.234729]
[-0.015418, 0.351454, -0.140895, -0.042522, 0.365]
[0.668725, 0.149968, -0.12577, 0.243534, -0.130003]
[0.551379, -0.393394, -0.148724, 0.0729, 0.204426]
[0.437702, -0.213968, -0.135886, -0.086837, 0.107992]
[-0.277034, -0.315327, -0.154103, 0.051057, 0.456044]
[-0.240478, -0.242385, -0.12602, -0.053715, 0.495947]
[0.140196, -0.457326, -0.143629, 0.068014, 0.185387]
[0.176348, 0.217534, -0.139102, -0.05717, -0.00321]
[0.198718, 0.019026, -0.145897, 0.000476, 0.006109]
[0.006429, -0.064571, -0.116718, -0.107992, -0.149423]
[-0.179699, 0.29499, -0.134996, 0.08598, 0.087897]
[0.600487, -0.002814, -0.145372, 0.221633, 0.358835]
[-0.140015, 0.419537, -0.139295, 0.184421, 0.039545]
[-0.137265, -0.290966, -0.126018, -0.038575, -0.058512]
[-0.277806, -0.4356, -0.126567, -0.174658, 0.141816]
[-0.062477, 0.495257, -0.126167, -0.177865, -0.105977]
[-0.213718, -0.204119, -0.144962, 0.161961, -0.183102]
[0.193046, -0.396718, -0.131421, -0.17697, -0.044322]
[0.117805, -0.452519, -0.139809, -0.146006, 0.010069]
[0.428335, 0.387646, -0.157323, 0.241436, 0.468219]
[0.22423, 0.1109, -0.162203, -0.193752, 0.389292]
[0.074116, 0.274155, -0.131878, 0.111499, -0.022851]
[0.290214, -0.049252, -0.142696, 0.018129, -0.032637]
[0.029388, 0.244825, -0.118158, 0.154471, 0.435102]
[0.35516, 0.272444, -0.128044, -0.113992, 0.174657]
[0.643579, 0.044661, -0.132094, -0.066402, -0.118493]
[0.435173, -0.470342, -0.123189, 0.225867, 0.244731]
[-0.252734, -0.429715, -0.157744, 0.136863, 0.215779]
[0.270933, 0.008828, -0.154195, 0.152341, 0.319553]
[0.535539, 0.327351, -0.159312, 0.256374, 0.342298]
[0.132166, 0.149969, -0.156327, -0.023658, 0.379651]
[0.54974, 0.427952, -0.151479, -0.02557, 0.095764]
[0.609477, -0.063111, -0.134193, -0.07781, 0.440921]
[-0.152274, 0.093925, -0.146308, 0.031673, -0.052216]
[-0.082538, -0.095078, -0.124589, 0.086949, 0.216887]
[0.55259, -0.401526, -0.139714, 0.177204, 0.478709]
[0.53137, 0.263833, -0.143175, -0.166273, 0.30681]
[-0.043521, -0.309598, -0.153348, -0.157294, 0.37379]
[0.254789, 0.243476, -0.158511, -0.084756, 0.362306]
[0.265682, 0.333655, -0.159141, -0.237966, -0.009901]
[0.584975, 0.402112, -0.141808, -0.078843, -0.085236]
[0.10156, 0.15417, -0.151622, 0.226334, 0.259647]
[0.201301, -0.356961, -0.129387, 0.101726, 0.296605]
[-0.204318, 0.457537, -0.152867, -0.028078, -0.0704]
[-0.033823, 0.340589, -0.126292, -0.186254, 0.469012]
[0.428536, 0.422905, -0.150008, 0.228887, 0.439071]
[0.501761, -0.237867, -0.153518, 0.211554, 0.22143]
[0.067695, 0.387643, -0.12822, -0.254468, 0.47941]
[-0.142766, -0.129288, -0.16034, 0.071002, 0.492551]
[-0.105616, 0.353417, -0.139704, 0.167338, -0.173166]
[-0.092311, -0.224502, -0.132573, 0.151565, -0.060635]
[0.458141, -0.129229, -0.118733, -0.152638, 0.15498]
[-0.168165, -0.113776, -0.141393, 0.231377, 0.362055]
[0.507219, 0.042048, -0.131568, 0.140842, -0.150017]
[0.070806, -0.06084, -0.134421, 0.179918, 0.486661]
[-0.246351, -0.389318, -0.134611, -0.176697, 0.342482]
[0.512107, 0.243836, -0.139511, -0.167504, -0.024726]
[-0.284232, -0.196092, -0.129576, 0.0159, -0.096684]
[0.03057, -0.437156, -0.13139, 0.132983, 0.141646]
[-0.051106, 0.299859, -0.140922, 0.101069, -0.062733]
[0.622031, -0.490213, -0.160811, -0.033235, -0.072098]
[0.651572, 0.007936, -0.141823, 0.142686, -0.097909]
[0.220434, 0.239035, -0.128913, 0.027895, 0.274603]
[0.621989, -0.428247, -0.156217, -0.026586, 0.487099]
[0.053288, -0.013237, -0.138392, 0.133609, 0.286709]
[0.470134, -0.317475, -0.150832, -0.212884, 0.05593]
[0.423347, 0.394009, -0.138042, 0.066896, 0.474391]
[0.543478, 0.104874, -0.161938, -0.214511, -0.074659]
[0.144839, -0.31225, -0.152693, -0.199979, 0.294642]
[0.565382, -0.423633, -0.133354, -0.076909, 0.320736]
[0.007403, -0.288982, -0.15608, 0.047428, 0.410255]
[0.164045, 0.488172, -0.155042, 0.230523, 0.155067]
[0.353033, 0.191211, -0.156975, -0.040826, 0.030669]
[0.498582, -0.306368, -0.161711, -0.111382, 0.26258]
[0.271208, -0.259037, -0.146138, -0.110889, -0.073118]
[0.441047, 0.252776, -0.137896, 0.170835, 0.370225]
[0.479072, -0.364966, -0.150719, 0.235212, 0.011713]
[0.141637, 0.289819, -0.137918, -0.025897, 0.428356]
[-0.106875, -0.250582, -0.130971, 0.144996, 0.300628]
[-0.157638, -0.00242, -0.160016, -0.128966, 0.105731]
[-0.23948, 0.253662, -0.154548, 0.007638, 0.067368]
[0.016406, 0.325711, -0.134237, -0.148163, 0.48501]
[-0.085258, 0.147915, -0.157293, -0.239031, -0.053491]
[-0.27357, 0.031189, -0.162325, 0.119076, 0.320712]
[0.38566, -0.419269, -0.149829, 0.043641, -0.11311]
[-0.314299, 0.347738, -0.161044, 0.075062, 0.123678]
[0.420343, 0.472343, -0.117663, 0.0507, -0.110145]
[-0.231457, -0.117068, -0.127255, 0.009403, 0.108296]
[0.113892, 0.037232, -0.125638, 0.040847, 0.275332]
[0.238672, -0.217814, -0.134308, -0.152674, 0.304842]
[0.304887, 0.032402, -0.13638, -0.220711, 0.015734]
[0.245808, 0.21013, -0.13243, 0.116572, -0.14188]
[0.240426, 0.37057, -0.130966, 0.153475, -0.159614]
[-0.28718, 0.382861, -0.137475, -0.110789, -0.104571]
[-0.046202, 0.139682, -0.119566, 0.182621, -0.055968]
[0.115825, -0.366142, -0.119083, 0.044428, 0.390462]
[-0.262631, -0.091737, -0.120419, -0.17096, 0.221972]
[-0.156737, -0.386608, -0.140371, -0.188924, -0.169701]
[0.458032, 0.198313, -0.146163, 0.179241, 0.33895]
[-0.164915, 0.042671, -0.160864, 0.194936, 0.459238]
[0.540112, -0.3581, -0.142501, 0.197916, 0.194064]
[-0.04136, -0.310307, -0.117728, 0.061922, 0.381873]
[0.515345, 0.45785, -0.141792, 0.040957, 0.133743]
[0.466613, -0.497462, -0.157887, -0.201663, 0.382443]
[-0.247368, 0.115989, -0.141725, -0.244878, 0.213689]
[0.074411, 0.113998, -0.149022, 0.19911, -0.082043]
[-0.157843, -0.240811, -0.135229, -0.045626, -0.086602]
[0.4022, 0.458621, -0.14473, -0.249458, 0.037498]
[0.03279, 0.121541, -0.135517, -0.193939, -0.044805]
[-0.112947, -0.320201, -0.131281, -0.168261, 0.340563]
[0.046583, -0.239497, -0.157068, -0.031971, 0.429385]
[0.287309, 0.446101, -0.122108, 0.124453, 0.20601]
[0.430939, -0.042732, -0.139956, 0.020759, 0.074764]
[0.560699, -0.359566, -0.1568, -0.199272, 0.250711]
[0.394874, -0.430837, -0.135054, -0.040894, -0.110682]
[0.380393, 0.334984, -0.142873, -0.172443, 0.447662]
[0.435594, 0.015381, -0.162335, 0.020627, -0.070159]
[0.275356, -0.015543, -0.124661, -0.100779, -0.172679]
[-0.14681, -0.340465, -0.129498, -0.074528, 0.283405]
[0.488429, -0.060911, -0.137851, 0.101189, 0.125297]
[-0.006965, 0.430863, -0.153809, -0.049251, 0.397522]
[-0.053617, -0.352755, -0.131028, -0.028504, 0.202435]
[0.35324, 0.266796, -0.130439, 0.046223, 0.404025]
[0.344395, -0.148652, -0.15686, 0.219446, 0.441445]
[-0.27097, -0.309436, -0.151581, 0.222808, 0.125636]
[-0.021368, -0.280493, -0.127246, 0.253151, 0.365135]
[-0.301721, -0.214919, -0.117099, 0.061874, 0.481612]
[-0.055346, 0.214656, -0.147705, 0.204682, 0.242837]
[0.071783, -0.118987, -0.153172, 0.036828, -0.027175]
[0.442678, -0.364039, -0.123707, -0.116974, 0.237658]
[0.32999, -0.246974, -0.124098, 0.108805, 0.336454]
[0.634866, 0.447728, -0.15467, -0.003027, -0.158563]
[0.427014, 0.440679, -0.126368, 0.042888, -0.149368]
[-0.171308, 0.091559, -0.159211, -0.040824, 0.057339]
[0.335733, 0.448265, -0.119694, 0.239527, 0.099756]
[0.527594, 0.28165, -0.135644, -0.199567, 0.34324]
[0.389574, 0.152562, -0.124152, -0.237817, 0.055548]
[0.217601, 0.29232, -0.121251, 0.209898, 0.436203]
[0.270542, 0.110363, -0.142765, -0.17957, -0.149606]
[0.275708, 0.388142, -0.116457, 0.074961, 0.043255]
[0.299366, -0.491312, -0.118732, 0.229686, 0.427389]
[-0.242497, 0.117451, -0.130448, -0.033803, -0.136907]
[0.614146, 0.240819, -0.132329, 0.16994, 0.439812]
[0.480412, 0.23735, -0.133824, 0.137981, -0.156913]
[0.255077, 0.137446, -0.148483, 0.111664, 0.155773]
[0.064197, 0.186465, -0.121552, 0.002636, -0.094422]
[-0.238366, -0.181084, -0.152601, -0.148738, 0.296653]
[0.119125, 0.125802, -0.122449, -0.027309, 0.112692]
[0.438504, -0.307681, -0.123502, -0.131692, -0.03073]
[0.64784, -0.374411, -0.120311, 0.040341, 0.262577]
[0.322726, 0.341934, -0.121265, 0.070913, -0.080394]
[0.514558, -0.334383, -0.119329, -0.032221, 0.210389]
[0.119498, -0.035094, -0.136759, 0.097677, -0.018814]
[-0.198001, 0.096565, -0.156013, 0.100274, -0.036789]
[-0.000888, -0.386968, -0.140324, -0.029533, -0.091845]
[0.292802, 0.07039, -0.145326, 0.141006, 0.189483]
[0.589808, -0.036699, -0.133386, -0.014029, 0.231061]
[0.545609, -0.016934, -0.134679, -0.020381, 0.120851]
[0.143402, 0.332882, -0.131691, 0.146277, 0.282763]
[0.562724, -0.286937, -0.142083, -0.082716, 0.476029]
[0.671146, -0.368871, -0.150228, -0.226803, -0.165828]
[-0.125243, 0.492007, -0.125195, 0.254979, -0.002133]
[-0.088174, -0.022043, -0.125719, -0.21329, -0.097626]
[0.293976, 0.171396, -0.149025, 0.073944, 0.338224]
[0.167127, -0.077732, -0.122637, -0.234948, -0.146643]
[0.47225, -0.399541, -0.147144, 0.050521, 0.239487]
[-0.078229, -0.451607, -0.12217, 0.227308, 0.414836]
[0.013416, 0.470737, -0.148288, 0.160844, -0.0225]
[0.526601, -0.196415, -0.150991, -0.188444, 0.302756]
[-0.029169, 0.362356, -0.126918, 0.241824, 0.100204]
[0.03999, -0.277302, -0.129361, 0.108121, 0.092266]
[0.308438, 0.321974, -0.122758, 0.006456, 0.117576]
[0.423107, 0.477889, -0.138084, -0.151994, -0.108411]
[-0.253201, -0.376654, -0.129549, -0.07712, 0.367599]
[0.187915, -0.152233, -0.148866, 0.130738, 0.025703]
[0.088837, 0.172863, -0.159798, 0.257036, 0.48511]
[-0.295104, -0.044122, -0.148055, 0.183353, -0.015311]
[0.013267, 0.181195, -0.128367, -0.151481, -0.043674]
[0.394266, -0.053609, -0.151712, -0.097487, 0.097974]
[-0.020939, 0.366753, -0.156423, 0.029818, 0.454037]
[0.326249, -0.291183, -0.153286, -0.067672, 0.16793]
[0.634799, -0.247571, -0.121019, -0.232104, 0.136156]
[-0.002471, 0.236292, -0.143, 0.086388, -0.006123]
[0.305131, 0.338702, -0.148911, 0.042583, 0.37672]
[0.536921, -0.064644, -0.150388, -0.254513, 0.041575]
[-0.218028, -0.229548, -0.133064, -0.019675, 0.472852]
[-0.118869, -0.118984, -0.148948, 0.001657, 0.195577]
[-0.225301, -0.213851, -0.129624, 0.009333, 0.028255]
[-0.207437, 0.366173, -0.12831, -0.14821, 0.26073]
[0.550554, 0.30794, -0.134894, 0.072512, 0.144983]
[0.134895, -0.168332, -0.143744, -0.097915, 0.496761]
[-0.146329, -0.396325, -0.15644, -0.248289, 0.147237]
[-0.065441, -0.26795, -0.146282, 0.24068, 0.044949]
[-0.112445, -0.140459, -0.149092, 0.105622, 0.494134]
[0.064896, -0.313628, -0.123947, 0.191394, 0.194924]
[0.572036, 0.416916, -0.132675, 0.041313, 0.101894]
[0.369041, -0.083835, -0.153477, 0.199079, 0.090606]
[0.198769, -0.08177, -0.13763, -0.207672, 0.055606]
[0.151506, -0.306367, -0.135061, 0.183871, 0.241694]
[0.236931, 0.19494, -0.118093, 0.05301, 0.353733]
[0.498961, -0.471732, -0.149217, -0.029736, 0.394281]
[-0.029305, 0.368683, -0.155897, -0.011382, 0.173894]
[0.662131, -0.362504, -0.140943, -0.007813, 0.378945]
[0.230608, -0.25961, -0.131436, 0.228188, -0.095305]
[-0.015493, 0.263654, -0.136984, 0.246999, -0.083396]
[-0.212562, 0.349904, -0.1406, -0.165545, 0.143741]
[-0.091643, -0.062348, -0.136976, 0.15038, 0.032508]
[-0.210487, -0.397672, -0.128704, -0.020682, -0.011026]
[-0.319615, 0.420872, -0.160832, -0.078623, 0.063388]
[0.263596, -0.122604, -0.144649, 0.116534, 0.138322]
[0.286977, 0.130502, -0.125451, 0.12685, 0.306779]
[0.58267, -0.362756, -0.140617, -0.170832, 0.360133]
[0.168877, -0.352402, -0.152761, -0.115434, 0.493002]
[0.482981, -0.051418, -0.126188, -0.061103, 0.222692]
[0.27235, -0.397199, -0.146253, -0.028682, 0.085061]
[0.613038, 0.202306, -0.161077, -0.068586, -0.062773]
[-0.217697, -0.251699, -0.127577, -0.219505, -0.168391]
[-0.079376, -0.291502, -0.121894, 0.211661, 0.397914]
[0.081366, -0.126676, -0.122126, -0.240753, -0.00851]
[0.116261, 0.152826, -0.122431, 0.02445, 0.180911]
[0.236425, 0.41517, -0.143501, 0.17442, 0.395397]
[0.674034, 0.166099, -0.130585, -0.058781, -0.073818]
[0.279196, 0.093152, -0.123221, -0.118379, 0.025895]
[0.284102, -0.407063, -0.136115, -0.000646, 0.14646]
[-0.214967, 0.098395, -0.119015, 0.192587, 0.468999]
[-0.170239, -0.249857, -0.118583, 0.249164, 0.496493]
[0.465089, -0.292907, -0.130693, 0.047329, 0.087146]
[0.326815, 0.302907, -0.128067, -0.192006, 0.45289]
[-0.057954, 0.017852, -0.156241, 0.236522, 0.157792]
[0.586511, -0.221194, -0.156922, -0.120385, -0.057846]
[-0.260285, -0.410157, -0.135048, -0.227244, 0.161649]
[-0.300815, -0.316847, -0.141366, -0.047812, -0.093908]
[-0.241346, -0.052036, -0.158412, -0.007908, 0.308408]
[0.401886, -0.20057, -0.135832, 0.1735, -0.044176]
[0.309523, -0.017412, -0.144544, -0.0969, 0.396616]
[0.405451, -0.018142, -0.159142, -0.189897, -0.144406]
[0.363703, -0.315542, -0.158794, -0.223369, 0.050128]
[0.333156, 0.386667, -0.145196, 0.246579, -0.151465]
[0.316536, 0.362725, -0.122896, 0.135484, 0.35208]
[0.461542, -0.432851, -0.157509, -0.049001, -0.040015]
[-0.061604, 0.151337, -0.130155, -0.106697, 0.371319]
[0.675118, 0.069872, -0.125489, -0.252042, 0.10589]
[-0.260364, -0.062566, -0.144989, -0.050567, 0.060691]
[-0.025708, -0.349063, -0.144281, -0.042869, -0.187345]
[-0.23192, -0.370883, -0.125165, 0.055551, 0.385374]
[0.646739, 0.311485, -0.135356, 0.250339, 0.030374]
[0.587753, 0.47272, -0.140572, -0.168897, -0.180503]
[-0.162564, -0.160826, -0.1351, -0.075705, 0.08633]
[0.304674, 0.326722, -0.14116, -0.216536, -0.069268]
[-0.136937, -0.062898, -0.162121, -0.158138, 0.029704]
[0.352871, 0.263349, -0.14415, -0.163753, -0.003233]
[0.267778, 0.268356, -0.1341, -0.119029, 0.101138]
[0.367554, 0.280832, -0.135873, 0.156142, 0.427154]
[-0.08522, -0.285257, -0.116311, 0.054216, 0.424301]
[0.429147, 0.304059, -0.13699, 0.230365, -0.125823]
[0.166662, -0.407539, -0.153782, 0.079065, 0.003489]
[0.372208, -0.439548, -0.135539, 0.017583, 0.33516]
[0.510242, 0.447985, -0.148044, 0.169999, -0.143679]
[0.273368, 0.300257, -0.118629, -0.029028, 0.064599]
[0.199978, 0.248999, -0.137861, 0.055699, -0.128344]
[0.430595, -0.451224, -0.131163, 0.05866, 0.021071]
[0.43688, 0.488241, -0.133104, -0.252832, 0.211753]
[0.06949, 0.036884, -0.132436, 0.138742, 0.236082]
[0.422107, 0.354198, -0.121427, 0.005272, -0.029351]
[0.081093, -0.465607, -0.134658, 0.049193, 0.103799]
[0.348071, 0.062019, -0.158971, 0.167629, 0.119599]
[-0.010064, -0.069298, -0.148772, -0.071624, -0.186609]
[0.23723, -0.179076, -0.15003, 0.125242, 0.011939]
[0.43778, -0.342618, -0.134695, -0.125693, -0.130187]
[0.42748, -0.367746, -0.137432, -0.212846, 0.191647]
[0.221954, 0.235908, -0.132066, 0.21164, 0.368372]
[0.335799, -0.249526, -0.151199, 0.255533, 0.221597]
[-0.268871, -0.319355, -0.158944, 0.066515, 0.363732]
[0.261557, -0.366091, -0.119307, 0.136289, -0.142671]
[0.216382, -0.498611, -0.155608, -0.19053, -0.006537]
[0.643644, 0.362081, -0.127695, 0.207477, 0.298505]
[0.200395, -0.242567, -0.134429, 0.226016, -0.170048]
[0.575382, -0.065366, -0.134615, -0.200832, 0.024441]
[-0.095728, -0.294714, -0.130651, 0.09282, 0.150431]
[0.263946, 0.310549, -0.127083, 0.148019, 0.082873]
[0.172551, 0.360904, -0.131283, 0.106307, 0.010953]
[-0.23838, 0.372876, -0.150204, -0.20376, 0.218008]
[0.585803, -0.425805, -0.156815, -0.207094, 0.13419]
[0.186695, -0.439236, -0.140771, 0.09444, -0.042599]
[0.136141, 0.261829, -0.121107, 0.025369, 0.326625]
[0.240413, 0.030575, -0.159412, -0.032547, 0.053208]
[0.427978, 0.087591, -0.116527, -0.059736, 0.172303]
[0.675029, -0.198964, -0.146574, 0.016797, -0.014327]
[0.135025, 0.233299, -0.160287, 0.139945, -0.139753]
[0.568889, 0.149957, -0.130269, 0.105423, 0.373502]
[0.397995, 0.061124, -0.129967, 0.018399, 0.358134]
[-0.098659, 0.314307, -0.140174, -0.171615, -0.037715]
[0.507141, -0.341365, -0.158173, -0.060166, 0.340746]
[0.491558, -0.201755, -0.159776, 0.09919, 0.322097]
[-0.05337, 0.007258, -0.132338, 0.192013, -0.158648]
[0.562109, 0.291046, -0.141514, 0.181504, 0.095119]
[0.59678, -0.182083, -0.15359, -0.239604, 0.319168]
[-0.011249, -0.009094, -0.155706, 0.185686, 0.236552]
[0.473365, -0.49052, -0.1364, -0.160389, 0.080502]
[0.026523, 0.416415, -0.150649, 0.133614, 0.207346]
[0.199026, -0.152848, -0.132433, 0.152306, 0.275091]
[0.188162, -0.256305, -0.161151, -0.241092, 0.281239]
[0.582005, -0.128213, -0.137819, -0.152304, -0.159599]
[-0.226592, -0.426571, -0.160509, 0.00863, 0.031321]
[0.126676, -0.373449, -0.154151, -0.077253, -0.180534]
[0.076895, -0.332539, -0.124708, -0.23052, 0.231071]
[-0.186957, 0.394125, -0.161558, 0.21768, -0.003115]
[0.105475, 0.223295, -0.118354, 0.062962, 0.423372]
[0.363351, -0.066273, -0.121936, -0.159959, 0.264705]
[0.061816, -0.278998, -0.149137, -0.106733, 0.161298]
[0.435005, -0.190607, -0.1283, 0.038122, 0.411458]
[-0.189166, 0.471473, -0.121234, -0.085762, -0.128525]
[-0.214971, -0.155087, -0.148964, -0.029469, -0.124678]
[0.238769, 0.440607, -0.142525, 0.060724, -0.189224]
[0.310512, 0.009076, -0.117046, 0.133063, -0.114867]
[0.566255, 0.161024, -0.140012, -0.200964, -0.130101]
[-0.251577, 0.315323, -0.161425, 0.054362, -0.031612]
[0.208424, -0.468655, -0.149166, -0.246886, 0.405905]
[0.104519, -0.238373, -0.159312, -0.081738, -0.047441]
[-0.270718, 0.072375, -0.117997, 0.043998, 0.110263]
[0.006568, -0.156413, -0.156349, 0.060687, 0.26471]
[0.51077, -0.225312, -0.123674, 0.134238, 0.156236]
[-0.11165, -0.441754, -0.145467, -0.025225, 0.133359]
[-0.116154, -0.299023, -0.141826, 0.104446, 0.38492]
[0.055915, -0.146424, -0.136898, 0.003667, 0.091491]
[0.072921, -0.351859, -0.134572, -0.253197, 0.13011]
[-0.033304, -0.11261, -0.158518, -0.08581, 0.328912]
[-0.034358, 0.422234, -0.147894, 0.056017, 0.207416]
[0.428841, 0.063562, -0.116385, 0.124343, 0.228624]
[0.010277, -0.354817, -0.158497, 0.116632, 0.242527]
[0.062372, 0.190687, -0.150356, -0.036126, 0.24209]
[0.206324, 0.335601, -0.144037, 0.23472, 0.073982]
[0.467094, 0.157521, -0.140947, -0.122407, -0.058592]
[-0.014763, -0.114028, -0.141435, -0.056996, -0.172136]
[0.41504, 0.392736, -0.129787, 0.058851, 0.224623]
[0.478777, -0.085024, -0.116318, 0.137951, 0.430693]
[-0.11719, 0.245684, -0.121977, 0.221605, 0.362712]
[0.446927, 0.254017, -0.127786, -0.177735, 0.40064]
[0.567802, 0.152469, -0.129259, 0.045889, -0.036246]
[0.316572, -0.061, -0.127021, 0.230803, -0.056089]
[0.448337, 0.227273, -0.120694, 0.103478, -0.019177]
[-0.288229, -0.220767, -0.133364, -0.08471, 0.277854]
[-0.165945, -0.029671, -0.159726, 0.213895, 0.078826]
[0.472472, 0.045753, -0.148136, -0.034849, -0.138514]
[-0.27068, -0.443502, -0.160744, -0.107214, -0.07218]
[0.38639, -0.481048, -0.127023, 0.117381, -0.058575]
[-0.22216, 0.19008, -0.147165, -0.161402, 0.368021]
[-0.249784, 0.131442, -0.159933, 0.038519, -0.172207]
[0.135992, -0.488165, -0.15866, 0.127803, 0.260815]
[-0.251786, -0.434214, -0.145795, -0.153511, -0.173313]
[0.312991, -0.225219, -0.145354, 0.196841, -0.024848]
[0.077231, 0.495499, -0.132022, 0.221561, -0.009731]
[-0.200731, -0.224458, -0.144432, -0.156434, 0.163378]
[0.267492, 0.096511, -0.144877, -0.006768, -0.175407]
[0.356108, 0.48136, -0.12112, 0.082941, 0.210476]
[-0.203525, -0.312537, -0.116464, -0.162474, 0.088326]
[0.614167, 0.074497, -0.125603, 0.044735, 0.083287]
[0.238593, -0.343051, -0.117, -0.030862, 0.012492]
[-0.019391, 0.160829, -0.152869, 0.0901, 0.319684]
[0.235375, 0.339961, -0.146669, 0.063837, -0.007429]
[-0.170222, -0.005151, -0.1412, 0.232574, -0.052373]
[-0.186884, -0.097918, -0.131911, -0.027058, 0.031863]
[-0.104577, 0.0559, -0.127661, 0.011656, 0.166669]
[-0.065137, -0.474873, -0.153447, 0.010167, 0.066765]
[0.557232, -0.373847, -0.126903, -0.244571, 0.2302]
[0.498373, 0.087954, -0.122978, 0.235095, 0.143508]
[-0.217696, 0.492102, -0.13695, -0.154939, 0.075054]
[0.608992, -0.255515, -0.15898, 0.083005, 0.336808]
[0.359249, -0.367128, -0.118745, 0.229776, 0.01792]
[0.360119, 0.071086, -0.157528, 0.222516, 0.029648]
[0.672129, 0.250779, -0.140967, 0.056, -0.092806]
[0.132622, -0.454273, -0.12375, -0.201361, 0.285749]
[0.397966, 0.134366, -0.121428, 0.060333, -0.183272]
[0.397695, -0.43433, -0.131974, -0.228021, -0.118484]
[0.561485, 0.019316, -0.149288, 0.072837, -0.031232]
[0.609995, -0.347671, -0.12018, -0.136963, 0.19585]
[0.101196, -0.262025, -0.132164, -0.029894, -0.056578]
[-0.074337, -0.245772, -0.136077, -0.245353, 0.393232]
[0.027125, 0.03615, -0.140039, 0.165658, 0.220602]
[-0.01673, 0.340006, -0.144973, 0.046758, -0.094352]
[0.54372, -0.318421, -0.137886, 0.109434, 0.379179]
[0.221851, 0.346872, -0.117916, 0.234736, 0.098601]
[-0.279789, -0.294002, -0.126789, 0.222257, 0.127574]
[0.433563, 0.252018, -0.144865, -0.088837, 0.259326]
[-0.285945, 0.408173, -0.159109, -0.059778, 0.103937]
[0.185464, 0.434413, -0.142393, 0.140058, 0.27882]
[-0.144841, 0.419284, -0.132954, 0.203086, 0.130948]
[0.204925, -0.041122, -0.15795, -0.158902, 0.187021]
[-0.111843, 0.178484, -0.142697, -0.081292, -0.096911]
[0.550362, 0.014224, -0.14271, 0.249621, 0.299627]
[-0.06126, 0.141798, -0.143464, 0.097813, 0.2474]
[-0.020628, 0.347194, -0.162469, -0.015767, -0.07844]
[0.347677, -0.379361, -0.127084, -0.003012, 0.098734]
[0.343701, -0.274447, -0.13457, 0.126152, -0.130065]
[-0.091575, 0.035541, -0.159956, -0.087486, -0.083266]
[-0.207032, -0.470947, -0.118555, -0.146497, -0.094927]
[0.454247, -0.426864, -0.156765, -0.17446, 0.015154]
[-0.222547, -0.445136, -0.159137, 0.208311, -0.12237]
[0.460792, -0.049448, -0.117523, -0.01153, 0.27169]
[0.62153, 0.053735, -0.118435, 0.122612, 0.291676]
[0.324651, 0.161684, -0.14665, 0.00508, 0.256025]
[-0.263867, -0.428841, -0.136199, -0.004755, -0.107217]
[-0.08382, -0.198644, -0.126617, 0.20334, -0.051155]
[-0.181782, -0.078655, -0.151167, -0.186021, 0.428649]
[0.189185, 0.231044, -0.142424, 0.174072, -0.146274]
[-0.272915, -0.150038, -0.132303, -0.163623, -0.043035]
[-0.153332, 0.070709, -0.141611, 0.047548, -0.014539]
[-0.060036, 0.301986, -0.147543, -0.068298, -0.13036]
[0.464661, 0.131469, -0.136946, -0.031214, -0.153771]
[-0.11523, -0.307307, -0.140418, 0.076241, 0.103371]
[-0.256328, 0.083911, -0.13371, -0.03471, 0.158112]
[0.350387, -0.096409, -0.134369, 0.23681, 0.113884]
[0.535937, -0.413341, -0.150541, 0.086016, 0.403384]
[-0.128589, -0.468999, -0.117646, 0.243412, -0.013936]
[-0.29647, -0.197034, -0.156009, 0.180594, -0.001813]
[0.216092, 0.357238, -0.150495, -0.224636, 0.294983]
[-0.216052, -0.139151, -0.128312, 0.257333, 0.249348]
[0.500668, -0.320491, -0.139135, -0.131609, -0.122669]
[0.018569, 0.087557, -0.134963, 0.255783, 0.360887]
[0.299331, 0.447507, -0.127047, -0.206934, 0.155979]
[0.022915, 0.093247, -0.158541, 0.120265, 0.256266]
[0.313943, -0.409818, -0.145453, -0.198437, -0.00439]
[0.322591, 0.453875, -0.117829, 0.03977, 0.323159]
[0.275659, 0.478179, -0.127759, -0.113826, 0.011905]
[0.373671, 0.283397, -0.132054, -0.073033, 0.035462]
[-0.257942, -0.413051, -0.120158, 0.079468, -0.115688]
[0.165967, -0.365519, -0.129852, -0.199023, 0.163447]
[0.345475, -0.003624, -0.139672, -0.064281, 0.14484]
[-0.244683, 0.430694, -0.131935, 0.131533, -0.000957]
[0.335654, 0.368312, -0.118867, -0.147396, 0.169608]
[-0.179099, -0.315734, -0.123446, 0.213818, 0.201277]
[0.470127, -0.098056, -0.134171, -0.222946, -0.081575]
[0.519204, 0.227247, -0.160426, -0.101848, -0.059994]
[0.622056, 0.155024, -0.144373, 0.167369, 0.355234]
[-0.166352, 0.228017, -0.124801, -0.068941, 0.021652]
[0.503349, 0.431649, -0.138472, 0.104443, 0.032746]
[0.128867, -0.431503, -0.143615, 0.118396, 0.35781]
[0.407292, 0.46228, -0.128784, -0.065146, 0.120096]
[-0.246251, -0.137442, -0.137664, 0.095595, 0.20881]
[-0.24955, -0.324277, -0.156321, -0.200215, -0.148933]
[0.074046, -0.444725, -0.12754, 0.129108, 0.087016]
[0.040615, -0.394297, -0.140794, 0.072884, 0.047176]
[-0.009494, 0.283527, -0.128513, -0.219177, 0.245966]
[-0.208239, 0.166714, -0.118602, 0.231526, 0.235751]
[0.592714, -0.010325, -0.121777, 0.168396, -0.069175]
[0.307412, 0.23858, -0.145329, -0.167041, 0.269991]
[0.137155, -0.407622, -0.126939, 0.07075, 0.047068]
[0.257194, -0.035485, -0.139034, 0.116431, -0.12729]
[0.081631, -0.423251, -0.143958, 0.045008, 0.120195]
[0.222156, -0.363534, -0.135723, 0.233922, 0.303167]
[-0.29457, 0.056181, -0.130519, -0.107844, 0.354216]
[0.540895, -0.124359, -0.127353, 0.070354, 0.004545]
[0.203768, -0.436724, -0.145139, 0.079785, 0.091159]
[-0.138476, 0.310113, -0.154861, 0.173937, 0.079454]
[0.135363, -0.319442, -0.128205, 0.010318, 0.365632]
[-0.206738, 0.115718, -0.130589, 0.146647, 0.052479]
[0.246023, -0.146261, -0.12285, 0.201471, -0.114889]
[-0.181646, -0.185935, -0.148928, 0.196755, 0.154888]
[0.451081, -0.317129, -0.132633, 0.098174, -0.087105]
[0.300875, -0.198545, -0.119468, -0.192713, 0.066734]
[0.312705, 0.273577, -0.13825, -0.174302, -0.120838]
[0.145767, 0.224553, -0.125877, 0.182758, -0.074584]
[0.299854, -0.249605, -0.11944, 0.007417, -0.05158]
[0.628946, 0.027118, -0.157127, 0.227042, -0.078956]
[-0.020328, 0.473931, -0.149519, -0.059802, -0.021872]
[0.657966, -0.323235, -0.15401, 0.094835, 0.254928]
[0.249596, -0.304108, -0.13995, -0.102317, -0.089354]
[0.605395, 0.428658, -0.135365, -0.024826, 0.118799]
[-0.25939, -0.373097, -0.125541, 0.009451, 0.058237]
[0.608697, -0.187786, -0.159782, -0.205085, -0.148639]
[-0.135545, 0.161838, -0.140776, -0.162167, 0.134952]
[0.528912, 0.425481, -0.11662, -0.01139, 0.200553]
[0.350749, -0.116027, -0.15243, 0.176348, -0.038693]
[0.059185, 0.472067, -0.118042, 0.172649, -0.150948]
[0.525774, 0.207454, -0.133296, -0.253591, -0.017824]
[-0.231298, 0.05377, -0.147681, 0.256275, 0.34627]
[0.035791, 0.460713, -0.119035, 0.217019, -0.045538]
[-0.168519, 0.270279, -0.156195, 0.25038, 0.361253]
[-0.075139, 0.461312, -0.117304, -0.040229, -0.076108]
[0.336488, -0.134167, -0.122891, -0.043649, 0.208512]
[0.348422, -0.308049, -0.138686, -0.094465, 0.191417]
[0.487736, 0.303372, -0.125401, 0.255298, -0.14404]
[0.584732, 0.238626, -0.139377, -0.250636, 0.306427]
[0.563278, -0.227063, -0.12044, -0.033124, -0.126279]
[0.413039, -0.160724, -0.133996, 0.188797, 0.092745]
[0.515401, -0.004342, -0.123586, 0.046222, 0.037877]
[-0.242169, -0.229769, -0.161168, -0.038101, 0.375932]
[-0.031802, -0.029505, -0.137829, -0.031135, -0.03691]
[-0.222241, 0.098453, -0.151045, -0.164148, -0.034749]
[0.66721, -0.476991, -0.147365, -0.108595, -0.055283]
[0.419871, 0.360506, -0.154191, -0.014999, 0.28078]
[-0.299596, 0.092348, -0.122837, -0.024354, 0.03898]
[0.26941, -0.189548, -0.119069, 0.118068, -0.004755]
[-0.102877, -0.331973, -0.146502, 0.218868, 0.389058]
[0.484263, 0.117309, -0.155673, 0.064727, -0.159353]
[0.441135, -0.078349, -0.136394, 0.092951, 0.203699]
[-0.275165, 0.207069, -0.138478, -0.081744, 0.219497]
[0.193745, -0.221397, -0.142912, -0.012308, 0.386069]
[0.612669, -0.305091, -0.121456, 0.1283, 0.303809]
[0.019496, -0.051074, -0.11767, 0.205192, -0.02924]
[0.643055, 0.327979, -0.153044, -0.149625, 0.389555]
[-0.078315, 0.201359, -0.149279, 0.079779, 0.08405]
[0.660898, 0.00587, -0.12668, -0.004007, -0.148296]
[-0.1926, 0.242308, -0.128969, -0.205514, -0.113631]
[0.197655, -0.23079, -0.142624, -0.002983, 0.302844]
[0.575842, 0.270523, -0.160277, 0.129568, 0.356475]
[0.305438, 0.318061, -0.142585, 0.222985, 0.202576]
[-0.203138, -0.291454, -0.120435, 0.201931, -0.191544]
[-0.253318, 0.263276, -0.126207, -0.128948, -0.136169]
[-0.136178, 0.329646, -0.135391, -0.129921, 0.423133]
[0.035206, 0.063617, -0.118394, -0.163198, 0.101173]
[-0.170432, 0.401537, -0.12516, -0.157581, 0.216768]
[0.14243, 0.264342, -0.159772, -0.223969, -0.025506]
[0.547966, -0.484162, -0.131807, -0.009966, 0.239064]
[0.019429, -0.103504, -0.157696, 0.006678, -0.178685]
[0.366023, 0.038273, -0.138843, -0.209864, 0.427594]
[0.427331, 0.128539, -0.128492, -0.226577, 0.308755]
[0.458358, 0.050698, -0.124744, -0.125581, 0.085317]
[0.240187, 0.341011, -0.153738, -0.135803, -0.117133]
[0.261872, 0.114663, -0.136079, -0.009497, 0.016477]
[0.583171, 0.24122, -0.132986, -0.228245, 0.164105]
[0.349232, -0.445575, -0.14257, 0.059777, 0.026709]
[0.138681, 0.177907, -0.152002, 0.009522, -0.027321]
[0.027049, -0.256905, -0.148868, 0.242152, 0.046386]
[-0.098924, 0.353191, -0.149576, -0.142201, 0.366636]
[0.541575, -0.335798, -0.124887, -0.173537, 0.227068]
[0.164273, 0.119253, -0.122149, 0.014652, 0.258192]
[0.186959, -0.236028, -0.148812, 0.066908, -0.161109]
[-0.263517, 0.285563, -0.1446, 0.070372, 0.293214]
[0.635741, -0.380663, -0.118719, 7.5e-05, 0.249053]
[-0.261383, -0.483871, -0.160069, -0.027494, 0.409155]
[0.212235, -0.125722, -0.140779, 0.007329, -0.014085]
[-0.175191, 0.135731, -0.124537, -0.184175, 0.333433]
[-0.317811, 0.042088, -0.126682, -0.01929, 0.317056]
[-0.13208, -0.479197, -0.143453, -0.05407, 0.224167]
[0.677803, 0.420619, -0.117747, 0.081281, 0.229164]
[0.000496, -0.396273, -0.148706, 0.221233, 0.411934]
[0.280155, -0.426566, -0.117166, -0.186484, 0.09995]
[0.39624, 0.317572, -0.117283, 0.026151, -0.117959]
[-0.003937, 0.063539, -0.148988, -0.194418, 0.081738]
[0.224004, -0.300085, -0.155815, -0.229561, 0.401423]
[-0.109155, -0.496867, -0.154223, 0.211435, 0.43054]
[0.036527, -0.063917, -0.154753, -0.17363, -0.025634]
[0.527826, 0.160596, -0.121663, -0.07192, 0.024491]
[0.283943, 0.347549, -0.133305, 0.239886, -0.182331]
[0.532971, 0.044502, -0.130942, -0.083149, 0.332064]
[0.461268, 0.444958, -0.144412, 0.169323, 0.073264]
[-0.136238, 0.114049, -0.133735, 0.151628, 0.146303]
[0.421602, -0.279374, -0.139785, 0.16797, 0.206722]
[0.140687, 0.095399, -0.144088, 0.046187, 0.083633]
[0.528342, -0.363401, -0.135163, -0.16603, 0.212423]
[0.120282, -0.023649, -0.12369, 0.161657, 0.319608]
[-0.100015, 0.009924, -0.159083, -0.064239, 0.302108]
[0.304701, 0.038989, -0.15687, 0.097828, 0.247819]
[0.349634, -0.419393, -0.161816, -0.123907, 0.035964]
[-0.225397, 0.452106, -0.15105, 0.192477, 0.355008]
[0.561474, 0.487517, -0.134834, -0.066419, 0.265869]
[0.363373, -0.499027, -0.145629, 0.124914, 0.202211]
[0.34482, 0.142261, -0.121947, 0.135335, 0.430717]
[-0.245763, -0.357441, -0.155333, 0.255622, 0.278901]
[0.61407, -0.439115, -0.157945, 0.24858, 0.396997]
[0.491849, 0.029523, -0.123287, 0.231061, 0.003179]
[-0.041287, 0.070032, -0.154259, 0.230646, -0.172624]
[0.439556, 0.314448, -0.11646, -0.119953, 0.125697]
[-0.054117, 0.139581, -0.147933, -0.247429, -0.167993]
[0.407536, 0.342337, -0.126365, -0.208017, -0.067641]
[0.101739, 0.234022, -0.128205, -0.236216, 0.380775]
[0.293516, -0.167052, -0.161502, -0.245964, -0.085041]
[0.119564, -0.23687, -0.160319, -0.089784, 0.065438]
[-0.272033, 0.324136, -0.118981, -0.148254, 0.289481]
[0.215601, 0.170832, -0.142003, -0.204103, 0.312088]
[0.036724, 0.446988, -0.159267, 0.049103, -0.063585]
[0.657388, 0.169908, -0.120293, 0.223962, 0.380825]
[-0.183624, -0.274403, -0.147337, -0.112737, -0.125271]
[0.381856, 0.052745, -0.139119, -0.038729, 0.397602]
[0.296576, 0.20965, -0.117407, -0.208953, 0.104387]
[0.484506, -0.231748, -0.145382, 0.080274, 0.419548]
[-0.22029, -0.177739, -0.161594, 0.018018, 0.112786]
[0.170927, -0.353584, -0.121288, 0.110312, 0.3595]
[0.144069, 0.188199, -0.161802, -0.151984, 0.396541]
[0.605847, -0.111142, -0.144189, 0.081836, 0.017066]
[0.381761, -0.136807, -0.12002, 0.222703, 0.339547]
[0.476754, -0.280767, -0.141009, -0.131115, -0.165241]
[0.643482, -0.018922, -0.160772, 0.188452, 0.061002]
[0.592244, 0.09819, -0.146853, -0.031698, 0.35693]
[-0.159738, -0.13054, -0.130423, -0.106426, -0.158791]
[0.046068, 0.33079, -0.149494, 0.198081, 0.231223]
[0.601829, 0.444078, -0.153566, 0.129289, 0.333527]
[-0.288463, 0.380424, -0.131947, 0.074544, 0.151886]
[0.277864, -0.143645, -0.126439, -0.001491, 0.272773]
[0.673693, 0.425154, -0.148907, -0.126307, 0.125229]
[-0.237082, -0.158199, -0.134893, 0.014753, 0.126972]
[0.471096, 0.374044, -0.135465, -0.12092, 0.352083]
[-0.153527, -0.064121, -0.134343, -0.248362, 0.182117]
[0.278424, -0.092541, -0.156223, 0.219214, 0.162424]
[0.434296, 0.351888, -0.123069, 0.094302, -0.012879]
[0.06203, 0.254, -0.118368, 0.193237, -0.137689]
[0.115983, -0.309282, -0.130416, -0.084007, 0.150504]
[0.525326, 0.391987, -0.136197, 0.171793, 0.232829]
[0.446675, 0.392282, -0.128963, 0.1655, -0.030549]
[0.424155, -0.11737, -0.116887, 0.250185, 0.260032]
[0.610142, -0.478725, -0.15481, 0.250279, 0.184607]
[-0.056458, 0.277222, -0.161166, -0.240236, 0.39457]
[-0.180639, 0.335806, -0.149521, 0.186032, 0.197924]
[-0.021065, 0.298174, -0.125507, 0.047727, 0.073348]
[-0.307204, -0.495477, -0.132089, 0.214164, 0.002559]
[0.409881, -0.437453, -0.136436, 0.025351, 0.24194]
[0.051282, -0.092034, -0.123257, 0.104744, -0.097227]
[-0.313151, 0.186974, -0.14417, -0.208956, 0.033015]
[0.240261, 0.172277, -0.12037, 0.251164, 0.315571]
[-0.068622, 0.088518, -0.119768, -0.095297, -0.01556]
[-0.286582, -0.499209, -0.11728, 0.086827, -0.153467]
[0.055246, 0.152201, -0.155651, -0.166617, 0.073386]
[0.058085, 0.074735, -0.160171, 0.075302, 0.010622]
[0.410994, -0.420532, -0.139773, -0.055298, 0.396051]
[0.260513, -0.340841, -0.14228, 0.077263, 0.182419]
[0.571634, 0.175399, -0.119173, -0.127855, 0.364215]
[0.220917, -0.255469, -0.160325, 0.123604, 0.297477]
[0.325098, -0.053479, -0.161366, 0.072166, 0.171461]
[0.503982, 0.047713, -0.156332, 0.203949, 0.371179]
[0.504989, -0.057929, -0.117525, -0.04112, 0.334903]
[-0.211649, -0.33276, -0.146168, 0.059143, 0.394859]
[0.340804, 0.031311, -0.128303, -0.216518, -0.069541]
[0.069947, -0.134331, -0.159536, -0.195349, 0.065976]
[0.470526, 0.404738, -0.131754, -0.16482, 0.10561]
[0.204543, 0.30041, -0.117802, 0.201673, -0.13187]
[0.461086, -0.143227, -0.155636, -0.132311, 0.426567]
[0.438327, 0.144506, -0.151012, -0.144372, 0.123555]
[0.020311, 0.450216, -0.127333, 0.169341, 0.083626]
[-0.317675, 0.162363, -0.128807, -0.053855, -0.027525]
[0.104524, -0.147469, -0.154499, -0.141478, 0.187555]
[0.243143, 0.039271, -0.124262, -0.071765, 0.046136]
[0.501614, 0.200686, -0.146347, 0.058132, 0.128679]
[-0.021218, -0.053324, -0.152279, -0.03622, 0.066126]
[0.569766, 0.313212, -0.131521, 0.074268, -0.017915]
[-0.060157, 0.466971, -0.146611, -0.082305, -0.078085]
[-0.134249, 0.271017, -0.160595, 0.010709, -0.026416]
[0.510929, 0.348804, -0.148599, 0.222334, 0.238301]
[-0.099623, -0.406184, -0.160772, 0.05134, -0.051047]
[-0.176555, -0.453965, -0.152936, -0.015004, -0.188085]
[0.331805, 0.283392, -0.15392, -0.01066, 0.175014]
[-0.155425, -0.16737, -0.149243, 0.11577, 0.187111]
[0.081636, 0.298512, -0.145427, -0.130707, 0.36684]
[0.431901, 0.426395, -0.161364, -0.148711, 0.192105]
[-0.183038, -0.150618, -0.134037, -0.04052, -0.018895]
[0.593166, -0.232628, -0.1368, 0.21618, 0.059641]
[-0.244541, 0.00138, -0.120556, -0.069674, 0.028031]
[0.672564, 0.493279, -0.130514, -0.065838, 0.279534]
[0.336929, -0.009118, -0.156975, -0.11702, -0.088989]
[0.099058, -0.007336, -0.152556, 0.174194, -0.028072]
[0.619541, -0.054185, -0.136557, -0.002435, 0.412247]
[-0.095574, 0.388945, -0.137001, 0.14247, -0.042218]
[0.285904, -0.344334, -0.118445, 0.199784, 0.203899]
[0.518915, -0.246787, -0.137525, -0.021119, 0.156125]
[-0.061737, 0.379336, -0.156671, -0.145799, 0.217359]
[0.300558, 0.461751, -0.118676, -0.232864, 0.062129]
[0.51517, -0.181095, -0.129342, 0.204859, -0.173257]
[-0.038822, -0.277162, -0.136639, 0.147622, 0.323104]
[-0.110152, -0.47898, -0.139516, -0.124056, 0.311358]
[-0.230711, 0.280786, -0.143002, 0.124488, 0.183609]
[0.342538, -0.002641, -0.143315, -0.230164, 0.135453]
[0.295528, 0.379127, -0.127648, 0.041502, 0.258574]
[0.205786, -0.485605, -0.143098, -0.013759, 0.115067]
[0.468312, 0.405568, -0.12294, 0.162453, 0.373041]
[0.460632, 0.364044, -0.138447, 0.121703, -0.187881]
[0.549923, 0.026422, -0.140997, 0.075609, -0.177705]
[0.328311, -0.106867, -0.153602, -0.120678, -0.022773]
[0.531457, 0.048269, -0.125267, 0.00368, 0.413945]
[0.012788, -0.27738, -0.127539, 0.074987, -0.137969]
[-0.233341, 0.013121, -0.14185, 0.145341, 0.36718]
[-0.080277, -0.100423, -0.117544, -0.162834, 0.133134]
[0.563871, 0.337088, -0.151801, 0.099223, 0.054306]
[0.384002, -0.148576, -0.161758, 0.143199, -0.066906]
[-0.235785, 0.019149, -0.141521, 0.07734, 0.195546]
[-0.244709, -0.435226, -0.142993, -0.083925, 0.073165]
[0.604467, -0.215988, -0.159414, 0.235751, 0.419292]
[0.152159, 0.060633, -0.123455, 0.08485, 0.15592]
[-0.282966, 0.076105, -0.127604, -0.177133, 0.077321]
[0.376229, -0.424049, -0.133946, -0.16447, 0.173657]
[0.027686, 0.130103, -0.153249, 0.072981, 0.258034]
[-0.03998, -0.277104, -0.145868, -0.248195, 0.11213]
[0.088155, -0.218225, -0.149453, -0.075638, -0.102612]
[0.642714, 0.341199, -0.145161, 0.053319, 0.236363]
[0.424012, -0.428855, -0.140882, 0.25495, -0.156279]
[0.389701, -0.093411, -0.137937, -0.090795, -0.188349]
[0.635652, -0.456142, -0.129944, 0.14758, 0.015084]
[-0.235647, 0.119657, -0.154617, -0.013538, -0.159595]
[-0.233871, -0.390054, -0.136875, -0.227663, 0.057342]
[0.087658, -0.480627, -0.148451, -0.039393, 0.192529]
[0.638529, -0.153886, -0.134384, -0.02848, 0.330274]
[-0.210699, 0.21689, -0.146829, -0.183468, 0.184429]
[0.640839, -0.388248, -0.133455, -0.175652, 0.059652]
[0.250905, -0.465678, -0.131714, -0.076657, 0.221073]
[0.063208, 0.255886, -0.148505, 0.103598, -0.138067]
[-0.081198, 0.16764, -0.142685, 0.094566, 0.182589]
[-0.20584, 0.478057, -0.126297, -0.186866, 0.197602]
[-0.043725, -0.106956, -0.124928, -0.131813, 0.044127]
[0.154547, -0.156642, -0.154442, 0.170442, 0.162386]
[0.437928, 0.29163, -0.137481, 0.150882, 0.395052]
[-0.038097, 0.268254, -0.1326, 0.044222, -0.068846]
[0.37833, 0.474495, -0.124966, 0.119693, 0.009822]
[-0.10415, -0.483676, -0.152598, -0.126554, -0.123369]
[0.193607, -0.000721, -0.136886, -0.094905, 0.186767]
[0.46448, -0.441714, -0.118892, -0.202212, 0.247039]
[-0.129989, 0.022779, -0.131832, -0.004553, 0.143152]
[0.264293, -0.223303, -0.117195, -0.195625, 0.182137]
[0.031784, -0.39136, -0.135098, 0.159467, 0.377237]
[-0.142333, 0.125217, -0.139809, -0.241807, 0.349959]
[0.362034, 0.394638, -0.153216, 0.155823, 0.22372]
[-0.101268, 0.223592, -0.126862, -0.123333, 0.190168]
[-0.251014, 0.36447, -0.15201, -0.049137, 0.12535]
[0.094087, -0.150509, -0.122377, -0.23736, -0.085403]
[0.628099, 0.01566, -0.150208, 0.205195, -0.129623]
[0.312797, 0.135308, -0.152414, -0.04944, 0.373596]
[-0.139135, -0.133978, -0.123377, 0.152244, 0.053307]
[0.208574, -0.305804, -0.152028, -0.099492, 0.08287]
[-0.269938, -0.078475, -0.121814, 0.248126, 0.228928]
[-0.193097, 0.461239, -0.134901, -0.012395, 0.275729]
[0.23269, -0.231449, -0.12993, 0.09244, 0.325166]
[0.030263, 0.302395, -0.14734, 0.243655, 0.347]
[0.665294, -0.153643, -0.131374, -0.20651, -0.069062]
[0.664772, 0.132974, -0.117626, -0.177636, 0.008039]
[0.552129, -0.12583, -0.134345, 0.069535, 0.221898]
[-0.288993, 0.039617, -0.130374, 0.185076, 0.204613]
[0.445463, -0.43397, -0.135212, -0.004105, -0.153159]
[-0.29621, -0.319977, -0.138046, -0.039177, 0.215814]
[0.105046, -0.289786, -0.149094, -0.032543, 0.330215]
[0.22825, 0.006523, -0.129064, -0.015355, 0.089003]
[-0.013514, -0.013714, -0.126058, -0.164613, -0.114948]
[0.059472, 0.196227, -0.155512, -0.148636, -0.072729]
[0.312852, -0.34149, -0.146561, -0.143798, 0.075755]
[0.16431, -0.448002, -0.129297, -0.069945, -0.093648]
[-0.061637, -0.201546, -0.124954, 0.209518, 0.37951]
[0.454396, 0.219053, -0.145047, 0.210041, -0.15937]
[0.55704, -0.286249, -0.121721, 0.15027, -0.185219]
[0.107259, -0.08299, -0.122079, -0.153681, -0.140439]
[0.063065, -0.493474, -0.11981, 0.136895, 0.079655]
[0.144234, -0.25466, -0.130747, -0.23188, 0.414011]
[0.337799, -0.350316, -0.130709, -0.200355, -0.077209]
[0.304325, -0.16738, -0.128651, -0.118826, 0.379407]
[-0.040642, 0.045171, -0.139791, 0.180954, 0.066027]
[-0.198373, -0.131471, -0.152579, 0.22713, 0.34193]
[0.413235, 0.315523, -0.124608, -0.228817, -0.040194]
[-0.293146, -0.081767, -0.126845, 0.125364, 0.033795]
[0.626863, 0.400226, -0.125143, 0.025059, 0.252637]
[0.115124, 0.344716, -0.119467, 0.054277, 0.188517]
[0.413585, -0.331288, -0.116488, 0.178252, -0.055501]
[0.205268, 0.382438, -0.144383, 0.219663, -0.02995]
[0.55102, -0.303047, -0.141033, 0.180102, -0.126529]
[-0.243076, -0.035971, -0.139183, -0.211708, 0.380564]
[0.592267, -0.395873, -0.127535, -0.018994, -0.146145]
[0.302381, 0.106702, -0.150063, -0.187185, 0.106398]
[0.374977, 0.088462, -0.145312, 0.177989, 0.037484]
[-0.04994, 0.080644, -0.131939, -0.020778, -0.074729]
[0.05639, 0.028224, -0.145379, -0.160054, -0.169202]
[0.639433, -0.341976, -0.14685, 0.073114, -0.167395]
[0.557669, -0.074237, -0.131537, -0.141042, 0.263408]
[0.523951, 0.292963, -0.131847, 0.128755, -0.149165]
[0.231881, -0.326795, -0.138653, -0.19612, 0.039336]
[0.661131, -0.116875, -0.117642, 0.112067, 0.056097]
[-0.083594, -0.304919, -0.116783, 0.22209, 0.076788]
[0.224326, 0.407852, -0.127634, -0.035586, 0.407303]
[-0.18416, -0.272625, -0.154393, 0.082882, 0.132053]
[-0.209781, 0.322941, -0.138144, -0.244345, 0.371649]
[-0.079762, -0.209667, -0.137837, -0.102097, 0.086814]
[0.343252, -0.092867, -0.122006, -0.0697, -0.182447]
[0.398589, -0.303349, -0.140583, -0.105981, -0.09421]
[0.438403, -0.365422, -0.144407, -0.154274, -0.046024]
[0.017278, -0.183957, -0.118307, 0.072534, -0.044858]
[0.560855, -0.141186, -0.14897, -0.211218, 0.348564]
[-0.240881, -0.175013, -0.131957, -0.114327, 0.220749]
[0.66713, -0.438243, -0.152431, 0.187157, -0.141365]
[-0.08504, -0.280399, -0.142764, -0.2216, -0.002413]
[0.085439, 0.137227, -0.120139, 0.142043, 0.081757]
[0.022689, -0.235691, -0.134907, -0.129364, -0.00591]
[0.394287, -0.138826, -0.124769, -0.024053, 0.421078]
[0.198735, 0.331496, -0.133146, -0.216837, 0.323321]
[0.220619, -0.06775, -0.154137, 0.208073, 0.387218]
[-0.209994, -0.135296, -0.152744, 0.078869, 0.01804]
[-0.097453, 0.244251, -0.12338, 0.17633, 0.259363]
[0.43713, -0.084804, -0.148565, 0.210162, 0.233632]
[-0.082495, -0.351321, -0.141889, -0.042174, 0.204868]
[0.346499, -0.111405, -0.127416, -0.075387, 0.363962]
[0.564413, -0.40391, -0.120511, -0.000861, 0.022766]
[0.077581, 0.017314, -0.125731, -0.096137, 0.341231]
[0.322748, -0.249564, -0.133332, 0.247377, 0.108724]
[-0.317396, -0.071135, -0.145286, 0.180321, 0.171744]
[0.583197, -0.486801, -0.14012, 0.155361, -0.137976]
[0.492628, -0.311311, -0.120743, 0.034415, 0.079509]
[0.528646, -0.423906, -0.14028, -0.097802, 0.417937]
[-0.180245, -0.111461, -0.124966, 0.005774, 0.112838]
[0.673898, 0.068484, -0.137153, -0.21992, -0.136736]
[-0.035846, 0.304172, -0.14237, -0.000125, 0.216687]
[0.189996, -0.149, -0.155675, -0.2466, -0.037347]
[-0.25347, 0.149725, -0.122167, 0.174248, 0.176504]
[-0.272369, -0.18627, -0.13874, 0.099529, 0.41208]
[0.043684, -0.430897, -0.135173, -0.12884, -0.173934]
[0.446489, 0.11552, -0.129068, 0.218168, 0.041564]
[0.100259, -0.027702, -0.143492, 0.216354, 0.299325]
[0.098721, -0.435721, -0.1259, 0.144502, 0.367983]
[0.024004, 0.138185, -0.124382, -0.179236, 0.029508]
[0.002528, 0.32001, -0.128299, -0.210014, 0.386935]
[-0.279128, 0.407277, -0.117404, 0.212796, 0.060709]
[-0.029053, -0.288242, -0.131745, -0.099752, 0.13876]
[0.645611, 0.259734, -0.146414, 0.165604, 0.424614]
[-0.230473, 0.492278, -0.146771, -0.066911, 0.425876]
[0.244922, 0.016072, -0.141733, 0.167509, 0.395993]
[-0.025637, -0.136657, -0.126813, -0.125107, -0.042507]
[-0.058449, 0.197565, -0.155231, 0.182822, 0.271669]
[0.559487, -0.072137, -0.138345, -0.057444, -0.130034]
[0.000191, 0.107906, -0.118758, -0.066925, 0.357024]
[0.629325, 0.219817, -0.143368, -0.160115, -0.086926]
[0.668057, -0.082998, -0.152745, -0.152496, 0.126578]
[-0.088809, 0.227001, -0.141019, -0.064632, -0.022613]
[-0.018836, -0.394447, -0.118778, 0.04118, -0.143178]
[0.0777, 0.297271, -0.146543, -0.108266, 0.16306]
[-0.192544, -0.174344, -0.155784, -0.167294, 0.278977]
[0.327919, -0.388926, -0.13565, -0.249917, 0.323398]
[0.510039, -0.210262, -0.155252, 0.029451, 0.202122]
[-0.304908, -0.410098, -0.138869, -0.093166, 0.281028]
[0.329719, -0.047349, -0.153574, -0.185625, -0.128102]
[0.598438, 0.058737, -0.117558, 0.222757, -0.050784]
[0.347515, 0.047945, -0.141884, 0.123674, 0.282618]
[0.418326, 0.185454, -0.139123, 0.093665, -0.134688]
[0.076388, -0.398861, -0.138139, -0.203088, -0.179712]
[0.340797, 0.073355, -0.148852, 0.087107, -0.057621]
[0.046387, 0.382289, -0.119966, 0.164427, 0.094744]
[0.217735, -0.485469, -0.136352, -0.199418, 0.007554]
[0.503702, 0.198639, -0.129749, -0.245435, 0.192596]
[-0.177255, -0.4941, -0.136077, -0.224341, -0.08792]
[0.495512, 0.19318, -0.149015, 0.184711, -0.045853]
[0.192089, -0.115987, -0.117537, 0.000986, 0.400635]
[-0.252484, 0.12998, -0.119215, 0.094491, 0.350665]
[-0.186143, -0.230482, -0.118695, 0.119347, 0.018282]
[0.242791, 0.232913, -0.130774, -0.124366, 0.112011]
[0.58752, -0.243783, -0.12598, 0.155385, 0.278698]
[-0.223938, 0.38373, -0.148747, -0.216039, 0.086869]
[-0.270389, 0.342396, -0.118611, -0.106642, -0.187859]
[-0.068243, -0.142859, -0.128552, 0.058718, -0.055252]
[0.66816, -0.12325, -0.118618, -0.131563, -0.090341]
[-0.271107, 0.480188, -0.138853, 0.179764, 0.098357]
[-0.148159, 0.220904, -0.143056, -0.09928, -0.010627]
[0.199607, 0.473385, -0.140128, 0.255797, -0.120661]
[0.140304, -0.026712, -0.134482, 0.046749, 0.3124]
[0.4758, 0.480789, -0.120525, 0.007298, 0.310317]
[0.096515, -0.11628, -0.122322, 0.077382, 0.107582]
[-0.072471, 0.061861, -0.130498, 0.120036, 0.000241]
[0.673643, -0.452726, -0.151033, 0.019421, -0.052194]
[0.651984, -0.265931, -0.140304, 0.226533, 0.04544]
[-0.192495, -0.343078, -0.133518, 0.029875, 0.206301]
[-0.207361, -0.187494, -0.118759, 0.165273, 0.304204]
[0.462711, -0.148298, -0.134981, -0.247113, 0.387657]
[-0.225954, 0.034504, -0.140176, -0.17341, 0.11936]
[0.400137, -0.471288, -0.135898, 0.246827, 0.424813]
[0.460537, -0.369754, -0.122821, -0.208971, 0.3196]
[-0.060104, -0.424323, -0.134797, -0.030098, 0.228153]
[-0.263751, 0.049653, -0.146394, 0.215315, 0.219439]
[0.631525, -0.375241, -0.13762, -0.14025, 0.356707]
[0.303914, -0.003791, -0.145843, 0.159972, -0.032862]
[0.084538, 0.376235, -0.116607, 0.205357, 0.280876]
[0.455902, 0.31141, -0.142192, 0.006907, 0.360048]
[0.500563, -0.339137, -0.12458, -0.171197, 0.09687]
[-0.040452, 0.035495, -0.119583, 0.021208, 0.272121]
[-0.148226, 0.400782, -0.136054, 0.01527, 0.358971]
[0.188951, -0.394844, -0.138874, 0.256811, -0.171461]
[-0.170144, 0.229882, -0.128933, -0.167018, 0.239595]
[0.350155, 0.480356, -0.155532, 0.171244, -0.033341]
[0.049081, -0.468865, -0.121965, 0.199961, -0.137009]
[0.017434, 0.286174, -0.131442, -0.105445, 0.297209]
[0.010733, 0.243171, -0.14197, 0.161336, 0.360565]
[0.314139, -0.380452, -0.135935, 0.217853, -0.106482]
[0.41984, 0.188196, -0.144902, 0.121081, 0.124449]
[0.149192, 0.463325, -0.118781, 0.00215, 0.050235]
[-0.125124, 0.134217, -0.13365, -0.227256, -0.025937]
[0.412113, 0.341382, -0.148696, 0.166404, 0.359585]
[0.215154, 0.0677, -0.149973, 0.202693, 0.267423]
[0.452042, 0.156156, -0.153655, 0.070825, 0.418991]
[0.434338, -0.351183, -0.142924, 0.25561, 0.314325]
[-0.289748, 0.413016, -0.139546, 0.04487, 0.351898]
[0.044366, 0.021088, -0.141943, -0.017969, -0.031306]
[0.501784, -0.36929, -0.138741, 0.248555, 0.013168]
[-0.221502, -0.497821, -0.116828, 0.021321, 0.27664]
[0.112237, -0.441304, -0.126087, 0.11156, -0.125355]
[0.626687, -0.442157, -0.153169, -0.109593, 0.192742]
[0.370861, -0.317262, -0.120394, -0.123683, -0.009731]
[0.431495, -0.459325, -0.154144, -0.051969, -0.023203]
[0.11647, 0.263394, -0.153289, -0.197094, 0.103856]
[0.517353, 0.375028, -0.149935, -0.254184, 0.352659]
[0.077852, 0.280506, -0.136785, 0.202073, 0.316194]
[0.070836, -0.261829, -0.137677, -0.15415, 0.231827]
[0.323546, 0.31968, -0.142684, -0.16626, 0.365035]
[0.613806, 0.025863, -0.129466, -0.136623, 0.037571]
[0.020461, -0.142078, -0.155372, -0.155786, 0.014706]
[0.081505, 0.172531, -0.132449, -0.207431, 0.371868]
[0.570207, 0.211693, -0.120588, -0.11083, 0.425201]
[0.570393, -0.156506, -0.116467, -0.082961, 0.159407]
[-0.10936, 0.20729, -0.12974, 0.146283, 0.108265]
[-0.05591, -0.081871, -0.149598, -0.197436, 0.324707]
[-0.066941, -0.009851, -0.148038, -0.129488, -0.18261]
[0.507667, 0.379953, -0.141026, 0.040206, 0.050697]
[0.623378, 0.486591, -0.148735, 0.250992, -0.168938]
[0.326313, -0.221349, -0.123973, 0.082941, -0.141469]
[0.66443, -0.022636, -0.144677, -0.192787, 0.053056]
[0.282039, -0.407812, -0.139164, 0.053818, 0.106278]
[-0.217696, -0.273062, -0.121293, 0.232281, 0.202775]
[0.221959, -0.285998, -0.135294, -0.217122, -0.018416]
[-0.242399, 0.331223, -0.128682, -0.042953, 0.255489]
[0.650245, -0.400492, -0.135915, 0.179313, 0.05403]
[0.090361, -0.428501, -0.150958, -0.090204, 0.190055]
[-0.174561, -0.444832, -0.154141, 0.25786, 0.392618]
[0.650424, -0.288363, -0.147664, 0.036134, 0.066646]
[-0.026104, 0.299718, -0.125773, 0.25141, 0.389989]
[0.184184, -0.412156, -0.117872, -0.063063, 0.099519]
[0.639413, 0.277908, -0.147091, -0.114612, 0.219298]
[-0.137505, 0.295123, -0.121954, 0.204317, 0.256858]
[-0.023832, -0.391404, -0.135459, -0.077125, 0.232132]
[0.287307, -0.306087, -0.153766, 0.176024, 0.321941]
[0.452729, -0.210828, -0.119135, 0.033646, 0.360008]
[0.090205, 0.025059, -0.129676, 0.126147, -0.070829]
[0.137437, 0.487324, -0.134465, 0.219447, -0.190506]
[0.167187, 0.064298, -0.137804, -0.148209, 0.12099]
[0.171706, -0.439421, -0.150645, 0.121661, 0.073337]
[0.017144, 0.422626, -0.129413, -0.123241, 0.347909]
[0.458338, 0.113556, -0.15169, 0.045817, 0.174352]
[-0.317308, 0.26499, -0.132521, 0.056597, -0.180629]
[0.325193, 0.268035, -0.125979, -0.086006, -0.01698]
[0.598414, -0.031216, -0.131751, -0.068753, -0.15936]
[0.513594, 0.333554, -0.119109, -0.153425, -0.036429]
[0.070852, 0.250771, -0.129436, 0.193207, 0.060489]
[0.388768, 0.128302, -0.155721, -0.115799, 0.045798]
[0.230844, -0.133464, -0.117473, 0.257208, -0.142539]
[-0.09425, 0.092256, -0.129305, 0.037652, 0.365511]
[0.646658, 0.417804, -0.154365, 0.230407, -0.009072]
[0.548228, -0.227894, -0.120294, 0.105494, 0.285529]
[-0.218314, 0.25825, -0.133693, 0.145891, -0.061326]
[0.078621, 0.144364, -0.132917, 0.039471, 0.071487]
[0.314274, -0.053351, -0.144306, -0.238637, -0.068492]
[0.121505, -0.411167, -0.118147, -0.170225, 0.240588]
[0.155585, -0.428853, -0.143754, 0.002505, -0.062632]
[0.312645, -0.073593, -0.117249, 0.098787, 0.2977]
[0.295065, -0.347219, -0.150583, 0.001562, 0.34054]
[-0.304837, 0.312437, -0.12232, 0.246502, 0.146348]
[0.035751, 0.138093, -0.150175, 0.118904, 0.194989]
[-0.151801, 0.096974, -0.11872, 0.081555, 0.065283]
[-0.090591, -0.08544, -0.138364, 0.05065, 0.189251]
[0.093545, 0.410933, -0.126653, 0.233736, 0.110412]
[0.177876, -0.286322, -0.124809, 0.209615, 0.164589]
[0.452066, 0.415542, -0.148597, -0.012906, -0.067472]
[-0.126231, -0.057122, -0.138691, 0.074276, 0.00902]
[0.183831, -0.132902, -0.154513, 0.070919, 0.384955]
[0.670909, 0.469657, -0.130004, -0.022266, 0.259534]
[0.329582, 0.148679, -0.126748, -0.157319, -0.033519]
[-0.212885, 0.241282, -0.145705, -0.165723, -0.18864]
[0.212067, -0.105506, -0.142296, -0.030521, 0.412376]
[0.456879, -0.286718, -0.151581, -0.035662, 0.42329]
[0.218646, 0.366555, -0.143385, -0.084655, -0.162988]
[0.663333, -0.026571, -0.147791, -0.092441, -0.06775]
[0.221419, 0.287431, -0.116369, -0.213423, 0.276412]
[0.539033, -0.358847, -0.133791, 0.158834, 0.165621]
[0.083994, -0.082812, -0.149722, -0.241582, 0.090977]
[0.311783, -0.081536, -0.140719, 0.229701, 0.196104]
[0.205475, 0.419487, -0.133754, -0.029557, 0.180022]
[-0.100605, 0.092989, -0.122681, -0.249212, 0.154916]
[-0.03056, -0.303292, -0.137373, -0.180788, 0.260377]
[0.297555, -0.477342, -0.154157, 0.125851, 0.056732]
[0.228002, -0.374542, -0.149142, 0.016838, -0.15115]
[0.205152, 0.359753, -0.146446, -0.024339, -0.045934]
[0.452986, -0.44268, -0.125463, 0.109712, -0.104991]
[0.240884, 0.115787, -0.153984, -0.20053, 0.365963]
[0.305923, 0.059316, -0.132361, 0.235189, 0.391657]
[0.054331, -0.223786, -0.118963, 0.051766, 0.198588]
[0.036909, -0.349803, -0.144357, -0.057054, -0.006864]
[0.446174, -0.127482, -0.126699, 0.125683, -0.134054]
[0.335352, -0.228615, -0.135855, 0.237859, 0.249076]
[0.196696, 0.139537, -0.144487, 0.11294, -0.159876]
[0.111968, 0.04298, -0.1203, -0.117742, 0.301477]
[-0.137145, 0.269376, -0.133901, 0.258191, -0.142242]
[0.483686, 0.497816, -0.147191, 0.081373, 0.121528]
[0.512512, 0.46747, -0.15324, 0.157778, -0.032147]
[-0.301517, -0.203867, -0.12301, 0.144796, 0.132384]
[0.056089, -0.061885, -0.123357, 0.163542, 0.173714]
[0.006549, -0.330365, -0.146647, 0.181163, 0.201134]
[-0.061782, 0.180689, -0.149997, 0.221852, 0.344296]
[0.518782, -0.187974, -0.117099, -0.051779, -0.009671]
[0.462021, 0.203338, -0.141224, 0.147992, 0.303232]
[0.213559, 0.203855, -0.131673, 0.206751, 0.313579]
[-0.060282, 0.278827, -0.132815, 0.10612, 0.420142]
[-0.051009, 0.366303, -0.135821, 0.061553, 0.184781]
[-0.319576, -0.295523, -0.140723, 0.210656, -0.051135]
[0.576682, 0.250265, -0.148362, 0.16403, -0.044116]
[0.519303, -0.185169, -0.120847, 0.08834, 0.304606]
[0.028744, -0.079475, -0.145735, -0.09101, -0.045146]
[-0.095062, -0.079194, -0.122163, -0.204729, -0.063846]
[-0.178528, -0.451644, -0.136985, -0.10234, 0.018762]
[-0.149277, -0.285596, -0.118478, 0.191057, -0.080478]
[0.413486, 0.47863, -0.135746, -0.201424, 0.355681]
[0.640537, -0.456942, -0.153464, 0.045012, -0.062961]
[0.414987, 0.44685, -0.145867, -0.203091, 0.064051]
[0.503827, -0.075282, -0.131111, 0.041117, -0.184704]
[0.465367, -0.188679, -0.135066, -0.096862, 0.135721]
[0.341619, 0.435379, -0.142909, -0.223579, 0.332706]
[0.241439, -0.488146, -0.119031, -0.20747, 0.106895]
[-0.311571, 0.394068, -0.125765, 0.130871, 0.254555]
[0.495201, -0.024165, -0.140235, 0.245842, -0.038839]
[-0.205281, 0.391865, -0.135384, 0.182278, 0.088054]
[0.562015, -0.002565, -0.124793, -0.018408, -0.184526]
[0.471723, -0.029634, -0.137861, -0.230173, -0.086627]
[0.615764, 0.040944, -0.130266, 0.178716, 0.064517]
[-0.036781, 0.04347, -0.146654, -0.191827, 0.12428]
[0.042205, 0.451834, -0.12632, -0.039883, -0.042777]
[-0.062328, 0.224462, -0.146971, -0.180354, 0.042144]
[-0.19432, -0.111881, -0.155794, 0.163754, -0.147363]
[0.315252, 0.416541, -0.131869, -0.1066, 0.333508]
[-0.172321, -0.482866, -0.144387, 0.078485, 0.328848]
[-0.313212, -0.00913, -0.149413, 0.056802, 0.280478]
[0.215448, 0.164941, -0.138966, 0.084195, 0.340237]
[-0.164926, 0.17792, -0.125557, -0.076923, -0.170834]
[-0.124487, 0.294395, -0.117759, 0.06504, 0.303165]
[0.136793, -0.373218, -0.118424, 0.255284, -0.147362]
[-0.195324, -0.18671, -0.126854, -0.050274, -0.066161]
[0.312962, 0.098222, -0.130142, 0.082443, 0.364075]
[0.279172, -0.220249, -0.136038, -0.11258, 0.014051]
[-0.284029, -0.193736, -0.141359, -0.138402, 0.285835]
[-0.105591, -0.352324, -0.129186, 0.070551, -0.143893]
[0.637756, 0.247775, -0.141642, 0.024978, -0.072555]
[-0.211079, 0.054346, -0.140877, -0.214523, 0.046388]
[0.46997, 0.345527, -0.147445, 0.250346, -0.166746]
[0.675245, -0.074484, -0.140376, -0.000228, -0.106874]
[-0.212244, 0.294131, -0.12958, -0.050149, -0.130366]
[-0.084702, -0.286619, -0.148301, 0.112824, 0.423257]
[0.457522, -0.07281, -0.139026, -0.116698, 0.290905]
[-0.180101, -0.494309, -0.125403, 0.219162, 0.165626]
[0.14533, 0.267635, -0.117367, -0.212183, 0.413202]
[0.218109, 0.159557, -0.153642, 0.161069, -0.157531]
[0.278566, 0.1176, -0.131071, 0.013065, -0.024781]
[0.130017, -0.289564, -0.155317, 0.179544, 0.048804]
[0.061253, 0.034009, -0.119825, 0.008275, 0.284454]
[0.485898, 0.123898, -0.122566, -0.158398, -0.109462]
[0.444706, 0.022802, -0.129478, 0.025491, -0.121725]
[-0.000996, -0.27082, -0.128448, -0.038168, -0.126771]
[0.487238, 0.247222, -0.137511, 0.136235, 0.191376]
[-0.189601, -0.100663, -0.147743, 0.072641, 0.276734]
[0.128728, 0.112419, -0.120756, -0.114553, -0.02894]
[0.31504, 0.117824, -0.141165, 0.137266, 0.188807]
[0.284274, -0.387841, -0.153825, -0.133045, 0.14672]
[0.614433, 0.139633, -0.134046, -0.232017, -0.009486]
[0.265296, -0.354145, -0.148961, -0.07273, -0.00237]
[0.263218, -0.019072, -0.143986, -0.162468, 0.133941]
[0.618064, 0.196506, -0.154287, 0.236902, 0.352881]
[-0.248143, 0.297165, -0.123139, -0.058629, 0.089607]
[-0.05841, 0.454821, -0.145804, 0.161974, -0.107266]
[0.259499, 0.318006, -0.138424, 0.129666, -0.11224]
[0.679083, -0.025448, -0.120677, -0.18428, -0.165712]
[0.071189, -0.456825, -0.152334, -0.136078, 0.244623]
[0.052029, 0.329988, -0.11968, 0.056839, 0.035738]
[-0.002755, -0.100708, -0.128569, 0.005268, 0.335672]
[-0.02294, -0.108131, -0.122037, 0.068708, 0.401501]
[0.103089, 0.213172, -0.121678, -0.200695, 0.35078]
[0.100978, -0.031257, -0.128482, 0.126288, 0.286518]
[-0.027236, 0.344247, -0.131675, -0.13419, 0.404439]
[-0.223824, 0.151389, -0.118925, -0.011214, -0.099677]
[0.119135, -0.13763, -0.154829, 0.05756, -0.030427]
[0.306607, 0.434479, -0.139081, -0.151698, -0.093072]
[0.231241, 0.032045, -0.144288, 0.231361, 0.277336]
[0.546144, 0.297543, -0.144189, 0.011239, -0.165859]
[0.364724, 0.348151, -0.135541, -0.241921, 0.101902]
[0.577843, 0.115423, -0.123934, -0.022072, 0.33501]
[0.153592, -0.0999, -0.118817, -0.214214, 0.331631]
[0.46186, -0.115611, -0.146039, -0.221135, 0.306643]
[0.070875, 0.460734, -0.126644, -0.004597, 0.106629]
[0.146731, -0.447694, -0.136486, 0.152516, 0.222755]
[-0.116074, -0.002559, -0.121843, -0.185901, -0.165845]
[-0.153713, -0.494792, -0.13251, 0.106555, 0.115201]
[0.340841, 0.278421, -0.122691, 0.144093, -0.072338]
[-0.139082, -0.348699, -0.127949, -0.169806, -0.183321]
[-0.174049, -0.052816, -0.149384, 0.10022, -0.163585]
[0.279582, -0.128534, -0.138361, -0.192163, 0.096223]
[-0.074786, -0.054417, -0.116786, -0.065987, 0.017109]
[0.116383, -0.489167, -0.126196, -0.090373, 0.345638]
[-0.160874, -0.050888, -0.155688, -0.227925, 0.06556]
[0.246008, -0.003415, -0.140485, 0.211729, 0.430543]
[-0.086585, 0.301397, -0.129489, -0.245998, -0.065258]
[0.493938, -0.210955, -0.12536, 0.093226, -0.169537]
[0.428981, 0.432487, -0.143511, 0.087127, 0.354776]
[0.303514, -0.498264, -0.153312, 0.031787, 0.035767]
[-0.259788, 0.485488, -0.149024, 0.010249, -0.093583]
[0.023515, -0.240456, -0.123871, -0.133928, 0.298045]
[-0.060385, -0.226953, -0.124791, -0.034457, -0.02722]
[-0.16888, -0.084282, -0.129297, 0.195922, 0.21548]
[0.291436, 0.203797, -0.131223, 0.25111, 0.31686]
[0.359871, -0.475661, -0.130242, 0.086084, 0.215233]
[0.06135, -0.295614, -0.148934, 0.117167, -0.109307]
[-0.267209, 0.023633, -0.142052, -0.006302, 0.36564]
[0.673402, -0.028416, -0.129808, 0.184528, 0.418766]
[0.007317, 0.485019, -0.118181, -0.178151, 0.061631]
[0.044915, -0.37378, -0.121754, -0.232896, -0.003025]
[0.633863, -0.444495, -0.116661, -0.158599, 0.140465]
[-0.282483, -0.204862, -0.135416, 0.133989, 0.309197]
[-0.157157, -0.332166, -0.124103, 0.210352, 0.036214]
[0.622925, -0.358195, -0.124073, -0.063961, 0.174912]
[-0.225007, -0.254521, -0.116752, -0.149289, 0.201812]
[0.504096, -0.256362, -0.125874, 0.049763, 0.147412]
[0.314195, 0.368143, -0.123329, -0.162604, 0.338794]
[0.120376, -0.484303, -0.127541, 0.169302, -0.177215]
[0.154011, 0.362755, -0.127509, 0.157291, 0.106131]
[0.296898, -0.098085, -0.136608, -0.2415, 0.033557]
[0.297032, -0.416817, -0.139462, -0.215048, 0.093959]
[0.289414, -0.438894, -0.12534, 0.197496, 0.347922]
[0.628687, 0.017845, -0.154261, 0.11065, 0.174991]
[0.557563, -0.294383, -0.133134, -0.098436, 0.324745]
[0.344561, 0.269965, -0.144616, -0.253957, -0.190771]
[-0.216788, -0.112844, -0.147875, 0.110941, 0.232519]
[-0.3172, 0.145501, -0.12358, -0.013883, 0.077946]
[-0.280215, -0.485718, -0.153109, 0.14436, -0.032319]
[0.509119, 0.413767, -0.142988, -0.039269, -0.072367]
[-0.074722, -0.105825, -0.122052, 0.125869, -0.078494]
[0.284307, -0.321219, -0.118575, -0.231194, 0.030769]
[0.159894, -0.369093, -0.126493, 0.043193, 0.328498]
[0.046286, -0.011063, -0.128106, -0.180246, 0.303974]
[0.249465, -0.023761, -0.14607, 0.246031, 0.191433]
[0.435147, -0.010256, -0.124911, 0.208092, 0.405627]
[0.381545, -0.340613, -0.143812, 0.125175, 0.133436]
[0.276275, -0.02224, -0.140159, 0.050963, 0.007942]
[0.023911, -0.36927, -0.151275, 0.005308, 0.242907]
[-0.11139, -0.455317, -0.148512, -0.022492, 0.298049]
[0.442352, 0.110792, -0.15332, 0.251446, 0.349795]
[-0.279321, -0.194031, -0.139019, -0.132772, -0.000767]
[-0.179318, 0.272072, -0.155416, 0.148305, 0.36361]
[0.627066, -0.164933, -0.12923, 0.043529, -0.04179]
[0.505725, 0.161513, -0.13818, 0.136396, 0.379324]
[0.153099, -0.168395, -0.13863, 0.04467, -0.114857]
[-0.189682, -0.029057, -0.127347, 0.10865, 0.079639]
[0.300921, 0.09139, -0.131065, 0.150265, 0.339424]
[-0.234641, 0.199939, -0.153028, 0.234023, 0.193594]
[0.101854, -0.336331, -0.141331, 0.056099, -0.160288]
[0.64448, -0.495266, -0.131204, 0.051813, -0.053204]
[0.39115, -0.42533, -0.123551, 0.253304, 0.346696]
[0.032929, -0.280285, -0.148224, 0.058676, 0.233845]
[0.378216, -0.158197, -0.144709, 0.222062, 0.217447]
[-0.085767, 0.451936, -0.120751, 0.066394, 0.00572]
[-0.083537, -0.081077, -0.146306, 0.117432, 0.402781]
[0.44926, 0.271345, -0.137858, 0.144891, 0.153264]
[0.50562, -0.289397, -0.120839, 0.095679, 0.203839]
[-0.032177, -0.067572, -0.138575, 0.178779, -0.061944]
[0.400419, 0.079395, -0.151242, 0.191167, 0.39684]
[0.606327, -0.055603, -0.132293, 0.0697, 0.401948]
[0.495106, 0.396818, -0.145508, 0.124452, 0.000139]
[-0.080067, -0.225369, -0.124923, 0.011312, 0.262789]
[0.388445, -0.147349, -0.153122, 0.147634, 0.380735]
[-0.098334, 0.21236, -0.148619, 0.199385, -0.006364]
[0.650905, -0.323055, -0.148518, 0.005136, 0.349416]
[0.315403, 0.433569, -0.152774, 0.037347, -0.14839]
[0.446533, 0.48263, -0.146397, 0.201482, 0.022855]
[-0.192287, 0.372242, -0.116627, 0.022985, -0.142172]
[0.376249, -0.138411, -0.127764, 0.187929, 0.308353]
[-0.026413, 0.259571, -0.117967, 0.080358, 0.183419]
[0.339747, 0.075412, -0.141361, 0.022697, -0.125433]
[0.423282, -0.387403, -0.133783, 0.085904, 0.136606]
[0.657711, 0.225544, -0.144892, 0.053936, -0.11577]
[0.454121, -0.228223, -0.136389, 0.231946, 0.124012]
[0.428521, 0.063999, -0.138627, 0.139041, 0.139707]
[-0.006792, 0.369192, -0.131357, 0.206529, -0.150137]
[0.207518, 0.380765, -0.148943, 0.042056, 0.221794]
[0.595909, -0.440955, -0.127456, 0.157009, -0.105376]
[0.531964, 0.37064, -0.135595, 0.008802, 0.022228]
[0.592167, -0.111889, -0.134914, 0.087157, 0.301593]
[0.506753, -0.174303, -0.140331, 0.237155, 0.252339]
[0.254223, 0.055261, -0.133532, 0.190205, 0.153066]
[0.650037, -0.33566, -0.129274, 0.219774, 0.312174]
[0.500093, -0.033691, -0.14433, 0.228543, -0.177813]
[-0.013156, 0.037962, -0.136759, 0.02035, 0.11291]
[0.413085, 0.209801, -0.136904, 0.241029, 0.300849]
[0.461412, 0.244583, -0.145674, 0.022906, -0.029013]
[0.242343, -0.063066, -0.152721, 0.141655, -0.139193]
[0.063216, 0.013356, -0.125186, 0.162197, 0.163887]
[-0.15632, 0.446894, -0.129658, 0.088997, -0.041241]
[0.376963, 0.336891, -0.141294, 0.242118, 0.05954]
[-0.24653, -0.111145, -0.14713, 0.102704, -0.05385]
[0.111497, 0.28316, -0.118963, 0.215896, 0.142198]
[0.211771, -0.029718, -0.13999, 0.060927, 0.065383]
[-0.048004, 0.0846, -0.118225, 0.069621, 0.277359]
[0.59898, 0.470017, -0.124744, 0.125293, 0.380191]
[0.545727, 0.078175, -0.127373, 0.21474, -0.177074]
[0.654439, -0.157556, -0.132487, 0.178166, 0.225219]
[-0.213856, -0.269532, -0.132508, 0.01546, 0.206577]
[0.006944, -0.437166, -0.120285, 0.21072, 0.392474]
[0.172476, 0.4355, -0.125849, 0.149961, 0.012923]
[0.354556, -0.188035, -0.154088, 0.132279, 0.245056]
[-0.226792, -0.209119, -0.128347, 0.188762, -0.056244]
[0.335066, -0.481019, -0.13684, 0.010583, 0.258512]
[0.341498, -0.423712, -0.136342, 0.079065, 0.093578]
[-0.197899, 0.066791, -0.125798, 0.068087, -0.062895]
[0.560908, 0.27548, -0.133231, 0.113392, 0.110624]
[-0.220424, 0.270212, -0.136277, 0.139575, -0.014271]
[0.014378, -0.304702, -0.13199, 0.170029, 0.026515]
[-0.15162, -0.346153, -0.130617, 0.224758, -0.05903]
[-0.065381, 0.490321, -0.120863, 0.115106, -0.170582]
[0.471383, -0.203115, -0.11867, 0.168969, 0.161497]
[0.394665, -0.456497, -0.141379, 0.141156, 0.253339]
[-0.087131, 0.243322, -0.11835, 0.198443, 0.34414]
[0.628881, -0.206318, -0.149153, 0.058664, 0.221057]
[0.048911, -0.393977, -0.142093, 0.121426, 0.220095]
[0.674456, -0.104616, -0.117105, 0.097969, -0.122532]
[0.34971, 0.377505, -0.152681, 0.171363, 0.139553]
[-0.115401, -0.269446, -0.122788, 0.051916, 0.018087]
[-0.218086, -0.249368, -0.142254, 0.036065, -0.022121]
[0.677302, -0.48633, -0.121377, 0.240604, 0.385931]
[0.090451, 0.032058, -0.154247, 0.137637, -0.046817]
[0.258829, 0.036653, -0.152192, 0.252406, -0.045272]
[-0.155694, -0.199834, -0.1348, 0.009702, 0.133827]
[0.400742, 0.402196, -0.129965, 0.10798, 0.266117]
[0.111251, -0.131352, -0.132662, 0.216689, 0.041867]
[-0.255447, -0.458379, -0.123754, 0.090346, 0.196461]
[-0.219047, 0.137143, -0.136582, 0.257963, -0.151034]
[0.404962, 0.319021, -0.145209, 0.020973, 0.014906]
[0.327668, -0.17053, -0.145248, 0.005051, -0.145306]
[-0.123207, -0.146994, -0.116598, 0.061091, 0.060483]
[0.604917, 0.068108, -0.123336, 0.062449, 0.083809]
[0.138619, 0.024072, -0.137222, 0.045093, -0.137344]
[0.37965, 0.389087, -0.143914, 0.18964, -0.007544]
[0.212705, 0.2822, -0.135192, 0.138402, 0.332126]
[0.179079, 0.493919, -0.117257, 0.103589, 0.298813]
[0.654412, 0.379642, -0.118252, 0.227898, -0.052771]
[-0.208632, 0.20849, -0.130146, 0.032215, -0.120761]
[-0.023859, 0.496595, -0.130102, 0.048891, -0.020961]
[0.340011, -0.035524, -0.129703, 0.209025, -0.03201]
[0.530434, 0.400901, -0.149889, 0.079937, -0.10514]
[0.117823, -0.072715, -0.124787, 0.069492, 0.393681]
[-0.304206, -0.323917, -0.128889, 0.230515, 0.31276]
[0.188764, 0.187462, -0.124456, 0.220387, 0.424808]
[0.653274, 0.327634, -0.151012, 0.026934, -0.042588]
[0.28625, 0.117226, -0.127752, 0.239275, 0.176825]
[0.665116, 0.255874, -0.152956, 0.211217, -0.08184]
[-0.289401, 0.46438, -0.120633, 0.233014, 0.167768]
[-0.198586, -0.081913, -0.154207, 0.01129, -0.147384]
[0.120844, 0.045389, -0.154012, 0.016539, -0.101809]
[0.50291, -0.452201, -0.155493, 0.153191, -0.039221]
[-0.193559, -0.255688, -0.130856, 0.011016, 0.418752]
[-0.027467, 0.360072, -0.148332, -0.000491, 0.063732]
[0.267726, 0.386118, -0.149105, 0.106406, -0.037951]
[0.475329, 0.370243, -0.147725, 0.225077, 0.01816]
[0.060437, 0.313835, -0.124207, 0.170587, -0.049985]
[0.195675, -0.31136, -0.144992, 0.018573, -0.017546]
[-0.026797, -0.247315, -0.146281, 0.178877, -0.018876]
[0.013514, 0.311623, -0.118333, 0.164016, 0.338552]
[0.196527, 0.180656, -0.123675, 0.05596, 0.344591]
[-0.282299, 0.221715, -0.120588, 0.183587, -0.073288]
[-0.013232, -0.053126, -0.134902, 0.239878, 0.212932]
[0.513878, 0.207424, -0.127635, 0.044265, -0.007923]
[-0.21835, 0.418605, -0.137685, 0.033157, 0.00064]
[0.352655, -0.466736, -0.151363, 0.132802, 0.016652]
[0.379579, -0.005928, -0.133585, 0.155772, 0.124639]
[-0.295162, -0.250104, -0.120999, 0.145904, 0.203588]
[0.595561, -0.357764, -0.146714, 0.171003, 0.260179]
[0.063226, -0.320412, -0.121911, 0.129782, 0.329087]
[0.190027, 0.37543, -0.143456, 0.186849, 0.416918]
[-0.078278, 0.392284, -0.12961, 0.216287, 0.27243]
[-0.00987, -0.44653, -0.119786, 0.121539, -0.033692]
[-0.151552, -0.415926, -0.149089, 0.050036, 0.350823]
[0.267062, -0.004168, -0.145773, 0.117138, -0.174813]
[0.03607, -0.254931, -0.155197, 0.003453, 0.161044]
[-0.026322, -0.25743, -0.143341, 0.169385, 0.036064]
[0.454635, 0.026055, -0.144077, 0.198004, 0.255636]
[0.629525, -0.333055, -0.119692, 0.18168, 0.225904]
[0.002401, -0.102025, -0.154725, 0.169379, 0.03112]
[0.286413, -0.00541, -0.145717, 0.116311, 0.098437]
[0.290509, -0.087663, -0.144972, 0.079042, 0.244686]
[0.19476, -0.428801, -0.14217, 0.241492, 0.398047]
[-0.104162, -0.105522, -0.136217, 0.183998, -0.179374]
[-0.316801, 0.12444, -0.13082, 0.230694, 0.075248]
[0.261093, -0.380499, -0.145295, 0.011866, -0.118027]
[0.153509, -0.097034, -0.142089, 0.162038, 0.075764]
[0.335828, -0.15538, -0.138764, 0.195004, -0.149382]
[-0.261538, 0.251518, -0.122404, 0.032268, -0.072138]
[0.031074, -0.4265, -0.139787, 0.136917, 0.064375]
[-0.280838, -0.154262, -0.126805, 0.186775, -0.157262]
[-0.065091, 0.195923, -0.122696, 0.007762, 0.32382]
[0.025272, 0.290148, -0.132198, 0.14778, 0.243007]
[0.047846, 0.39317, -0.123571, 0.137686, -0.191727]
[0.335957, -0.365382, -0.141912, 0.136114, 0.342078]
[-0.238312, 0.197898, -0.131846, 0.162724, 0.241521]
[-0.164812, 0.237597, -0.117317, 0.157311, -0.023909]
[0.385518, -0.128718, -0.150371, 0.048155, 0.154879]
[-0.109491, -0.247471, -0.15317, 0.115643, 0.317302]
[-0.23398, -0.071542, -0.13781, 0.201088, 0.188003]
[-0.069734, -0.266343, -0.119564, 0.116276, -0.169809]
[0.440804, 0.166312, -0.147864, 0.009261, 0.161217]
[0.450015, 0.345603, -0.15515, 0.098568, 0.297224]
[-0.26981, -0.474368, -0.132029, 0.060569, 0.009267]
[-0.010286, -0.108101, -0.144638, 0.165063, 0.432101]
[0.389952, -0.058908, -0.122171, 0.120011, 0.260075]
[-0.109854, 0.096017, -0.11938, 0.036277, -0.034132]
[0.370603, -0.086158, -0.144227, 0.09879, 0.266046]
[0.118893, -0.108762, -0.134022, 0.211785, 0.20047]
[0.433537, 0.198067, -0.122798, 0.141264, 0.021751]
[-0.279593, 0.430507, -0.149507, 0.210206, 0.358624]
[0.558671, 0.103743, -0.149211, 0.177227, 0.42917]
[0.170487, 0.439135, -0.149278, 0.201379, 0.425042]
[-0.14399, 0.320218, -0.136095, 0.003547, -0.080952]
[0.041905, 0.333839, -0.147011, 0.006538, 0.097114]
[0.26396, -0.355069, -0.146167, 0.190438, 0.095564]
[-0.111323, 0.414835, -0.13783, 0.173985, 0.286418]
[0.532633, 0.384462, -0.123879, 0.091923, -0.158847]
[-0.097421, -0.066141, -0.144098, 0.102643, -0.093926]
[0.645595, 0.393497, -0.144496, 0.151345, -0.11314]
[0.31094, -0.257335, -0.122386, 0.066025, 0.096828]
[0.064292, -0.273281, -0.127957, 0.084579, 0.169065]
[0.518058, -0.295408, -0.121379, 0.039564, 0.040021]
[0.32131, -0.318295, -0.148424, 0.244029, -0.098167]
[0.230962, 0.337953, -0.149064, 0.13306, -0.130706]
[0.524279, -0.312534, -0.137093, 0.188685, 0.008168]
[-0.007607, 0.069339, -0.12144, 0.255435, 0.255301]
[0.424794, 0.174746, -0.15509, 0.037067, -0.024146]
[0.074235, 0.262085, -0.121311, 0.107757, 0.157644]
[-0.085878, -0.362273, -0.154377, 0.21343, 0.299202]
[0.474943, 0.041681, -0.128061, 0.180233, -0.04536]
[0.059613, 0.155134, -0.139562, 0.220234, 0.388653]
[-0.244498, 0.142351, -0.155091, 0.089093, 0.24194]
[0.356836, -0.332486, -0.119242, 0.249715, 0.37024]
[-0.240847, 0.003563, -0.127248, 0.254823, 0.133354]
[0.225322, -0.263717, -0.13886, 0.020739, 0.18998]
[0.278653, -0.469353, -0.15373, 0.030451, -0.011566]
[0.262513, 0.396934, -0.131001, 0.066321, 0.103528]
[-0.316247, -0.323691, -0.130434, 0.188935, -0.139055]
[0.095284, 0.113866, -0.125389, 0.043536, 0.393541]
[-0.021837, 0.014714, -0.149525, 0.224425, 0.276089]
[-0.114948, -0.035969, -0.128324, 0.230397, 0.107419]
[-0.022312, 0.27544, -0.123308, 0.23047, 0.069038]
[0.098861, -0.12794, -0.117911, 0.252737, 0.164337]
[0.066177, 0.160055, -0.152443, 0.220353, -0.123487]
[0.555076, 0.246642, -0.14994, 0.049682, 0.116401]
[0.537385, 0.42942, -0.145958, 0.078859, 0.315377]
[-0.151269, 0.31157, -0.153058, 0.003852, 0.249191]
[0.442451, 0.091447, -0.1461, 0.179791, -0.006704]
[0.11697, -0.459999, -0.125486, 0.247398, 0.401564]
[0.631497, 0.093828, -0.146141, 0.086182, -0.151219]
[0.419622, 0.167875, -0.146365, 0.112903, 0.132707]
[-0.123365, -0.19144, -0.12929, 0.05, 0.137306]
[0.007741, 0.102369, -0.147026, 0.238575, 0.243233]
[0.550697, -0.003428, -0.146577, 0.172708, -0.09584]
[0.223463, -0.338383, -0.136979, 0.01447, 0.166155]
[0.610643, -0.064311, -0.132654, 0.207646, 0.190599]
[0.316173, -0.246014, -0.123163, 0.145351, -0.133886]
[0.598343, 0.030656, -0.121075, 0.1245, 0.354551]
[-0.011784, 0.434136, -0.149018, 0.126472, 0.140273]
[0.230306, 0.267852, -0.14066, 0.030715, -0.04018]
[0.202221, 0.33614, -0.135813, 0.07121, 0.232075]
[0.356771, -0.488767, -0.122559, 0.143695, 0.230985]
[0.407919, -0.224741, -0.127072, 0.083568, 0.402649]
[0.053614, 0.265368, -0.133403, 0.091693, 0.116958]
[0.092854, -0.124492, -0.136107, 0.253822, 0.248374]
[0.064955, -0.406199, -0.130401, 0.087361, 0.000514]
[-0.237365, 0.065229, -0.13634, 0.050001, 0.341669]
[0.256297, -0.387641, -0.119057, 0.114874, -0.168756]
[0.4254, -0.287868, -0.149513, 0.032361, 0.174273]
[0.341469, -0.04147, -0.142163, 0.063742, 0.199563]
[0.141481, 0.333214, -0.155889, 0.062288, 0.309754]
[-0.241651, 0.36645, -0.152742, 0.022829, 0.398267]
[0.616663, -0.492674, -0.11949, 0.229535, 0.22643]
[0.383611, -0.192379, -0.139739, 0.002668, 0.402763]
[0.172851, 0.448475, -0.129477, 0.206441, -0.10294]
[0.260657, 0.400671, -0.127029, 0.220806, 0.12347]
[0.157373, -0.171839, -0.145986, 0.228134, 0.283961]
[0.055913, 0.087959, -0.148052, 0.184314, 0.061343]
[-0.070954, -0.178771, -0.122714, 0.049248, 0.122542]
[0.547114, 0.153297, -0.131256, 0.131304, 0.02995]
[0.292309, -0.28299, -0.13064, 0.243563, 0.205417]
[-0.236405, 0.10089, -0.118895, 0.119556, 0.33438]
[-0.13615, -0.492887, -0.145996, 0.162952, 0.345595]
[-0.133669, 0.480575, -0.154137, 0.211769, -0.135728]
[0.414624, -0.445608, -0.152028, 0.158525, -0.038219]
[-0.055831, 0.234283, -0.135814, 0.024164, -0.02904]
[0.1624, -0.220945, -0.133436, 0.192294, 0.354754]
[0.373767, -0.082298, -0.117877, 0.228463, -0.060478]
[-0.267926, 0.284698, -0.133683, 0.039098, -0.124314]
[-0.264057, -0.054322, -0.153158, 0.104185, 0.036989]
[-0.16684, 0.165534, -0.134339, 0.104813, -0.079694]
[0.382087, 0.201381, -0.128682, 0.191946, 0.171808]
[-0.214743, 0.348018, -0.129278, 0.138586, -0.070474]
[0.342199, -0.238571, -0.152069, 0.085319, 0.25954]
[0.300428, -0.315108, -0.152795, 0.0964, -0.048641]
[0.603127, -0.393842, -0.135817, 0.217699, -0.130653]
[0.277247, -0.170143, -0.116636, 0.244218, -0.042076]
[-0.156764, -0.030051, -0.128594, 0.206961, 0.325344]
[-0.288116, 0.213166, -0.139543, 0.219672, 0.285107]
[0.489946, 0.41553, -0.150849, 0.15652, -0.137411]
[-0.167139, 0.213494, -0.137658, 0.192147, 0.079378]
[0.377425, 0.416597, -0.13857, 0.02965, 0.385694]
[-0.250447, 0.115045, -0.139889, 0.112303, -0.143752]
[0.378826, 0.252915, -0.154891, 0.184622, -0.134876]
[0.09229, 0.187416, -0.143843, 0.120309, 0.130366]
[0.567292, 0.426502, -0.120647, 0.070014, 0.332662]
[-0.070311, 0.336791, -0.151353, 0.209064, 0.35993]
[0.25904, 0.281, -0.1241, 0.203532, 0.251447]
[-0.144047, 0.264343, -0.128463, 0.116729, 0.126141]
[0.62961, 0.401532, -0.13468, 0.164968, 0.264274]
[-0.006919, 0.225255, -0.133399, 0.064425, 0.13609]
[0.105845, -0.470711, -0.155732, 0.110884, 0.230258]
[0.512957, -0.098169, -0.13382, 0.01143, 0.383623]
[0.341462, 0.203872, -0.124009, 0.035248, 0.273582]
[-0.205903, -0.299638, -0.124699, 0.107681, -0.045329]
[0.493122, 0.45317, -0.155467, 0.030716, 0.028631]
[-0.237989, 0.39735, -0.126105, 0.199532, -0.029789]
[0.368453, 0.274441, -0.133181, 0.031038, -0.171834]
[-0.067763, 0.213737, -0.133844, 0.099036, 0.062571]
[0.252523, -0.405486, -0.141974, 0.009398, -0.158629]
[0.574113, 0.38474, -0.116919, 0.055062, -0.121155]
[0.252675, -0.433829, -0.148685, 0.076982, 0.294211]
[-0.19786, -0.301605, -0.126272, 0.147973, 0.304843]
[0.502706, 0.372575, -0.133609, 0.089012, 0.401203]
[-0.16766, 0.380638, -0.147619, 0.051726, 0.242425]
[0.169167, -0.168869, -0.125451, 0.236986, 0.332902]
[0.213894, 0.14364, -0.150357, 0.218909, 0.313565]
[-0.018489, -0.320021, -0.118333, 0.222083, -0.051241]
[-0.30503, -0.300438, -0.11733, 0.019906, 0.069995]
[0.285992, 0.480499, -0.132385, 0.223312, 0.028027]
[0.030764, -0.414135, -0.13163, 0.248757, -0.186286]
[0.525027, 0.424757, -0.121314, 0.256944, -0.183072]
[0.150995, -0.143934, -0.131831, 0.208568, -0.151466]
[-0.288249, -0.014911, -0.139246, 0.068563, 0.432695]
[-0.299236, 0.028972, -0.148898, 0.026552, -0.035543]
[-0.044204, 0.378248, -0.152467, 0.029233, 0.055334]
[0.383563, 0.28835, -0.138388, 0.042837, 0.083474]
[-0.081356, -0.065494, -0.145406, 0.253647, 0.240449]
[-0.299885, -0.136323, -0.126728, 0.109076, 0.155887]
[0.332129, -0.187137, -0.128367, 0.196501, 0.39692]
[-0.163931, 0.317686, -0.117149, 0.224036, 0.033015]
[-0.060601, -0.100377, -0.121632, 0.121324, -0.026733]
[-0.13525, 0.054041, -0.138379, 0.146331, 0.271281]
[0.587531, -0.432479, -0.154666, 0.126257, 0.078128]
[0.585766, -0.46225, -0.128347, 0.114313, -0.035286]
[0.146729, -0.498641, -0.144969, 0.217524, -0.081197]
[0.464323, -0.372274, -0.132029, 0.248425, -0.041204]
[0.447645, -0.109519, -0.124682, 0.167815, 0.360091]
[0.488492, -0.407015, -0.119669, 0.145098, 0.430225]
[-0.121013, 0.324503, -0.15584, 0.232845, 0.224953]
[-0.004083, -0.095163, -0.130148, 0.13533, 0.144937]
[0.075226, 0.120297, -0.130848, 0.016141, -0.11459]
[0.328789, 0.402945, -0.124723, 0.192225, 0.277844]
[-0.296557, 0.431034, -0.155238, 0.25522, 0.07077]
[-0.088929, 0.279514, -0.118887, 0.014829, -0.015513]
[0.611493, -0.180253, -0.129504, 0.035937, -0.070019]
[0.29654, -0.217772, -0.148933, 0.169226, -0.161989]
[0.614202, 0.174867, -0.129619, 0.06279, -0.188181]
[0.648301, 0.219063, -0.127974, 0.052512, 0.112283]
[0.122749, 0.404848, -0.130726, 0.010753, 0.16902]
[0.334299, -0.477106, -0.116864, 0.063892, 0.003578]
[0.517059, 0.394117, -0.120448, 0.232265, -0.023709]
[0.027418, 0.374721, -0.137331, 0.001762, 0.332983]
[-0.08342, -0.153864, -0.121168, 0.076092, -0.024261]
[-0.164164, -0.461588, -0.125654, 0.239205, 0.098934]
[0.449538, 0.425214, -0.130071, 0.228345, 0.229331]
[-0.140821, 0.394164, -0.135562, 0.233979, 0.375524]
[-0.240633, -0.317658, -0.154614, 0.258319, 0.24992]
[-0.230562, -0.380215, -0.118572, 0.130234, 0.042501]
[0.146943, -0.46631, -0.139244, 0.08002, 0.158698]
[0.118869, 0.25177, -0.153357, 0.160716, 0.356374]
[0.119639, 0.005965, -0.133125, 0.257743, 0.147507]
[0.603241, -0.052363, -0.126345, 0.256512, 0.326047]
[0.507992, -0.283834, -0.119359, 0.125988, 0.057991]
[0.366101, 0.392398, -0.150891, 0.008313, 0.043784]
[-0.181887, -0.438286, -0.132643, 0.253656, 0.229725]
[-0.232362, 0.107795, -0.15274, 0.08214, -0.018537]
[-0.012736, -0.30337, -0.122228, 0.044099, 0.217732]
[0.065417, -0.033026, -0.136143, 0.038949, 0.297523]
[-0.118634, 0.264253, -0.123549, 0.244718, -0.016729]
[0.093019, 0.387906, -0.125852, 0.209036, -0.093124]
[-0.114191, -0.310466, -0.138622, 0.011316, 0.297585]
[0.124873, 0.047874, -0.142752, 0.066109, 0.119167]
[0.211286, -0.282926, -0.132198, 0.123975, 0.115948]
[-0.093294, 0.252311, -0.149929, 0.072817, 0.414483]
[0.368257, 0.035157, -0.136131, 0.132539, 0.336403]
[-0.004256, -0.37331, -0.149917, 0.22158, -0.164514]
[-0.156844, 0.094236, -0.138897, 0.050932, 0.20039]
[0.612398, 0.262116, -0.141904, 0.020721, 0.225158]
[0.510897, -0.405249, -0.140656, 0.092752, 0.291044]
[-0.157226, 0.487674, -0.14715, 0.059237, 0.003665]
[-0.081563, 0.150841, -0.126164, 0.004765, 0.348927]
[-0.271454, 0.203942, -0.152186, 0.194271, 0.226265]
[0.618673, 0.495183, -0.132502, 0.147166, -0.031778]
[0.053091, -0.175477, -0.124971, 0.212086, 0.253643]
[-0.204453, 0.119742, -0.11927, 0.059816, 0.224238]
[0.514466, -0.147718, -0.117066, 0.173734, 0.360524]
[0.631337, -0.083862, -0.116842, 0.056718, 0.065834]
[0.497869, 0.359106, -0.127117, 0.215615, 0.025589]
[-0.305428, -0.321411, -0.142186, 0.103163, 0.341585]
[0.199178, -0.095328, -0.134384, 0.211708, 0.241557]
[0.671143, 0.079379, -0.131758, 0.216022, 0.339539]
[0.253058, -0.134343, -0.137242, 0.197426, -0.042676]
[-0.175525, -0.235299, -0.132218, 0.176387, -0.153352]
[0.0396, 0.247808, -0.141593, 0.0091, -0.189632]
[0.460055, 0.119714, -0.124168, 0.212411, 0.406553]
[-0.05545, -0.203741, -0.117243, 0.234074, 0.08196]
[0.542395, -0.159318, -0.141627, 0.0318, -0.176537]
[-0.052991, -0.242633, -0.118734, 0.096674, 0.233913]
[-0.001849, 0.40489, -0.142495, 0.076776, 0.211844]
[0.628986, -0.202891, -0.133334, 0.129784, 0.404937]
[0.291009, -0.227179, -0.127787, 0.010657, 0.331938]
[-0.202565, 0.194801, -0.130343, 0.003175, 0.390652]
[0.57038, 0.377224, -0.121796, 0.011318, 0.339652]
[0.270406, 0.183172, -0.125534, 0.246852, -0.06965]
[-0.145471, 0.041542, -0.123332, 0.194141, -0.064448]
[-0.052767, -0.195542, -0.146843, 0.232088, 0.344111]
[0.008075, -0.190155, -0.132103, 0.203853, -0.164181]
[-0.163154, -0.225591, -0.142142, 0.121924, 0.243278]
[-0.147754, 0.053844, -0.128755, 0.132537, -0.006852]
[0.352258, 0.432587, -0.15513, 0.035162, -0.092721]
[0.591726, 0.130066, -0.13879, 0.231693, 0.071559]
[-0.149353, -0.427643, -0.143458, 0.201182, 0.009332]
[0.49838, 0.349355, -0.135108, 0.035999, -0.003335]
[0.588078, -0.481628, -0.124871, 0.25462, -0.169865]
[0.218791, 0.362603, -0.154678, 0.232026, 0.411197]
[0.350545, 0.451204, -0.148003, 0.184785, 0.358564]
[0.103199, 0.02403, -0.138757, 0.216397, 0.13109]
[0.259291, 0.056001, -0.149309, 0.182732, 0.376365]
[0.31426, -0.315848, -0.128582, 0.177669, 0.086676]
[-0.316375, 0.037133, -0.12802, 0.115846, 0.395603]
[0.115837, 0.276435, -0.130757, 0.224334, 0.124911]
[0.289931, 0.45542, -0.123348, 0.225899, 0.077001]
[0.106491, -0.264985, -0.153126, 0.08671, 0.41197]
[0.610054, -0.248414, -0.141931, 0.188596, 0.219258]
[0.008306, 0.442713, -0.133114, 0.220181, 0.120856]
[-0.232757, -0.260952, -0.119374, 0.035272, 0.142305]
[0.06126, -0.091369, -0.120725, 0.213404, 0.17527]
[0.590814, 0.467618, -0.119914, 0.182419, -0.121376]
[-0.209982, -0.186368, -0.152895, 0.076829, 0.35774]
[0.167577, 0.181173, -0.125906, 0.036167, -0.154781]
[0.575536, 0.280622, -0.125983, 0.110462, 0.405224]
[-0.177143, 0.411722, -0.145315, 0.220845, 0.040723]
[-0.308322, 0.40753, -0.136851, 0.078378, 0.291755]
[0.404586, 0.373949, -0.145548, 0.058661, 0.291647]
[-0.22118, -0.108439, -0.132333, 0.189216, 0.422214]
[-0.285663, 0.190214, -0.155471, 0.141861, 0.211623]
[0.359752, -0.243117, -0.149174, 0.004376, 0.090703]
[0.386108, 0.165242, -0.149299, 0.025461, 0.151641]
[-0.3099, -0.210171, -0.129087, 0.053907, -0.114244]
[0.584239, 0.307554, -0.146122, 0.111884, 0.026543]
[0.195649, 0.361089, -0.134808, 0.087842, 0.417141]
[-0.108508, -0.37134, -0.141048, 0.184721, -0.002038]
[0.414356, 0.185788, -0.133771, 0.243621, 0.345596]
[0.082132, 0.079187, -0.124608, 0.105271, 0.05837]
[-0.088765, 0.072985, -0.131578, 0.074453, -0.071471]
[0.102498, -0.429977, -0.121921, 0.179689, 0.085437]
[0.498509, 0.090311, -0.130039, 0.058865, 0.255136]
[-0.256422, 0.415593, -0.118203, 0.060786, -0.102418]
[0.589882, -0.136718, -0.137994, 0.123536, -0.013366]
[-0.230319, 0.428228, -0.152501, 0.032801, 0.394908]
[-0.114619, -0.111085, -0.131806, 0.135398, 0.002581]
[0.180041, -0.261701, -0.141217, 0.165649, -0.042822]
[0.514222, -0.25604, -0.149861, 0.156525, 0.162298]
[0.107688, -0.458405, -0.148732, 0.212734, 0.264362]
[0.274707, 0.330343, -0.133, 0.088436, -0.178125]
[-0.078671, 0.36403, -0.130134, 0.086137, 0.135602]
[-0.214979, -0.075458, -0.133042, 0.220319, 0.046637]
[0.481383, -0.049548, -0.128317, 0.045266, 0.363841]
[0.212211, -0.099832, -0.155274, 0.085217, 0.308973]
[0.242048, 0.080423, -0.149521, 0.047422, 0.384782]
[0.526667, -0.357517, -0.130376, 0.00473, 0.192354]
[-0.120153, -0.204921, -0.15056, 0.219161, 0.303513]
[0.058797, 0.183561, -0.130766, 0.149515, 0.260839]
[-0.291995, -0.491622, -0.136069, 0.198113, 0.318914]
[-0.219274, -0.076627, -0.139516, 0.053349, 0.208494]
[0.303194, -0.059873, -0.117664, 0.102696, -0.128435]
[-0.284787, 0.344989, -0.133645, 0.090673, 0.332545]
[0.124616, -0.172459, -0.128649, 0.048264, 0.42687]
[0.193999, -0.099983, -0.119019, 0.019844, -0.161908]
[0.4939, 0.05099, -0.133639, 0.047637, -0.183208]
[-0.127961, 0.134443, -0.122779, 0.111246, -0.07992]
[-0.076051, -0.284181, -0.131138, 0.041183, 0.207658]
[0.139315, 0.199279, -0.151127, 0.071762, -0.086926]
[0.081364, -0.223847, -0.120075, 0.038185, 0.242941]
[-0.171982, -0.457899, -0.131675, 0.099931, -0.070886]
[-0.140901, 0.270341, -0.155385, 0.152943, 0.273642]
[0.663349, -0.054324, -0.124133, 0.01431, -0.136437]
[0.074661, -0.289772, -0.130424, 0.047, 0.325823]
[-0.180858, -0.47902, -0.150785, 0.140284, -0.164905]
[-0.212046, -0.245115, -0.116649, 0.05316, 0.1615]
[0.039894, 0.177437, -0.130763, 0.168038, 0.209903]
[0.249391, -0.084706, -0.154324, 0.234967, 0.396492]
[0.598613, -0.401104, -0.149899, 0.233951, -0.173212]
[-0.125054, -0.115402, -0.120188, 0.212756, 0.028344]
[0.074277, -0.164054, -0.127346, 0.156689, 0.098977]
[0.442707, 0.33048, -0.124868, 0.160666, 0.418198]
[0.194963, 0.051387, -0.12998, 0.165669, 0.009117]
[0.162286, -0.074542, -0.155601, 0.172116, 0.185224]
[0.249621, -0.035928, -0.143264, 0.103894, 0.009041]
[0.655561, 0.199222, -0.119173, 0.224433, 0.28686]
[0.356133, -0.273581, -0.134687, 0.151485, -0.118143]
[0.669512, -0.394554, -0.148579, 0.218391, 0.118433]
[-0.212733, 0.449605, -0.139325, 0.134922, -0.063486]
[0.466579, -0.075913, -0.145819, 0.181922, 0.363511]
[0.623377, 0.315349, -0.137133, 0.121068, 0.170332]
[0.280415, -0.009485, -0.144958, 0.112697, -0.035561]
[-0.048102, 0.389881, -0.152777, 0.082933, 0.025902]
[-0.241413, -0.118923, -0.130098, 0.110604, 0.100536]
[0.157913, -0.034246, -0.145723, 0.10227, 0.340426]
[-0.155053, -0.403554, -0.125836, 0.217575, 0.247942]
[0.431866, 0.056538, -0.119121, 0.096984, 0.141333]
[-0.001818, -0.156536, -0.150217, 0.156619, -0.036587]
[-0.237005, -0.209676, -0.142927, 0.230224, 0.360095]
[0.405364, -0.356098, -0.12199, 0.196981, 0.326738]
[-0.075737, -0.347061, -0.140268, 0.107643, -0.163427]
[0.041545, 0.36245, -0.139144, 0.193229, -0.135969]
[0.176904, 0.091811, -0.149888, 0.217332, 0.135938]
[0.577527, -0.478532, -0.154716, 0.133705, -0.074963]
[-0.30956, -0.236995, -0.152792, 0.112739, -0.189735]
[0.058468, 0.27293, -0.119657, 0.103345, 0.047171]
[0.024701, 0.15686, -0.144637, 0.135808, 0.199414]
[0.068205, 0.044962, -0.123757, 0.163882, 0.303041]
[0.240992, 0.288435, -0.151064, 0.196035, -0.121336]
[0.370229, -0.028628, -0.120349, 0.212173, 0.040936]
[0.18193, 0.465365, -0.144287, 0.16647, 0.006855]
[0.149798, 0.203893, -0.125328, 0.189603, 0.071277]
[0.166966, -0.162207, -0.137203, 0.122374, 0.327694]
[0.293397, 0.086762, -0.152082, 0.090576, -0.177143]
[0.604678, -0.168957, -0.137681, 0.129069, 0.007823]
[0.304089, 0.223389, -0.140251, 0.210063, -0.180193]
[-0.299417, -0.125571, -0.150068, 0.105048, 0.338115]
[0.603095, -0.300801, -0.119128, 0.111448, 0.135859]
[-0.23764, -0.077903, -0.122378, 0.128587, 0.04289]
[-0.116357, 0.270607, -0.122227, 0.108743, 0.180895]
[0.427526, -0.145802, -0.148668, 0.205916, 0.202159]
[0.649144, 0.262158, -0.138846, 0.195224, 0.327483]
[0.315609, 0.384313, -0.148665, 0.129239, 0.371233]
[-0.244354, 0.490416, -0.143217, 0.231592, 0.301166]
[-0.122078, -0.411507, -0.124364, 0.103605, -0.131392]
[0.106088, 0.10222, -0.14296, 0.11973, -0.080382]
[0.15317, -0.201316, -0.140411, 0.127474, 0.421569]
[-0.314772, 0.401831, -0.116881, 0.093221, 0.018363]
[0.634454, -0.217495, -0.141441, 0.212932, 0.200955]
[0.152197, -0.2873, -0.119638, 0.080433, 0.163355]
[0.242907, 0.214126, -0.155454, 0.119346, 0.382114]
[-0.146792, 0.205158, -0.154977, 0.120011, 0.061931]
[0.321989, 0.134457, -0.122175, 0.187732, -0.079509]
[-0.013697, -0.081869, -0.148789, 0.151195, 0.338972]
[0.307618, 0.189884, -0.117581, 0.256366, 0.049303]
[-0.056904, -0.322098, -0.136503, 0.10884, 0.03052]
[-0.114447, -0.496059, -0.119166, 0.133079, 0.322796]
[0.409676, -0.2335, -0.149637, 0.129827, -0.08753]
[0.497482, -0.037124, -0.151339, 0.219968, -0.090322]
[0.63912, -0.344655, -0.135181, 0.144164, 0.342196]
[0.617928, 0.198095, -0.125479, 0.108923, 0.26872]
[0.364071, -0.121331, -0.119553, 0.193165, 0.273452]
[-0.277336, 0.094048, -0.153725, 0.210642, 0.321777]
[0.02813, 0.169377, -0.132644, 0.241998, -0.030001]
[-0.082157, 0.037394, -0.129149, 0.147491, 0.421019]
[0.4976, -0.382978, -0.116876, 0.187331, -0.169506]
[-0.17232, 0.005164, -0.121434, 0.251002, 0.016609]
[0.42989, -0.079373, -0.154586, 0.230501, 0.282924]
[0.042568, -0.114344, -0.134902, 0.180648, 0.272749]
[0.294504, -0.239066, -0.154124, 0.169295, 0.158026]
[0.148109, -0.384005, -0.142935, 0.157906, 0.29807]
[0.318682, 0.421337, -0.119209, 0.129566, -0.093533]
[0.305762, -0.071328, -0.145133, 0.237308, -0.046172]
[0.555795, 0.218395, -0.121271, 0.085096, 0.399634]
[0.450554, -0.051784, -0.150026, 0.115928, -0.120614]
[-0.070116, 0.290521, -0.134602, 0.224063, 0.146093]
[0.086391, 0.463954, -0.132574, 0.188138, 0.178959]
[0.439697, 0.418914, -0.140876, 0.179156, -0.118385]
[0.542464, -0.310373, -0.117672, 0.189113, -0.002114]
[-0.057756, 0.315589, -0.140364, 0.164856, -0.07773]
[0.617988, 0.467191, -0.141152, 0.196543, 0.327127]
[0.674803, -0.422685, -0.123605, 0.136642, 0.359815]
[-0.22247, 0.106391, -0.131769, 0.089394, 0.289667]
[-0.214061, 0.147653, -0.141422, 0.10469, 0.105891]
[-0.251836, -0.487121, -0.140552, 0.1789, -0.090562]
[0.256879, 0.116956, -0.155643, 0.147518, 0.198275]
[0.295385, 0.294354, -0.151932, 0.239704, 0.314699]
[-0.065706, -0.300893, -0.130942, 0.086338, 0.074853]
[0.485213, -0.069736, -0.118879, 0.165905, 0.228255]
[-0.110764, 0.179949, -0.128689, 0.174315, 0.417139]
[-0.136832, 0.035271, -0.155525, 0.226001, 0.10577]
[-0.121892, -0.218129, -0.12229, 0.238048, 0.008814]
[0.503231, -0.405331, -0.154768, 0.21806, -0.085136]
[-0.144356, 0.351981, -0.153149, 0.22462, 0.11294]
[0.235421, 0.302851, -0.125068, 0.160566, 0.108636]
[-0.175476, 0.353894, -0.141004, 0.17995, 0.36295]
[0.654991, 0.273968, -0.148866, 0.162022, 0.348415]
[0.023237, -0.190231, -0.125174, 0.151591, 0.132369]
[0.218242, 0.219848, -0.131864, 0.106685, 0.348265]
[0.227515, 0.07987, -0.123633, 0.173257, 0.306081]
[-0.143444, -0.392531, -0.121357, 0.244085, 0.283624]
[-0.067921, -0.058114, -0.143589, 0.208912, -0.091054]
[0.01371, -0.0148, -0.133113, 0.147692, 0.129893]
[-0.16435, -0.439075, -0.127684, 0.136576, 0.374238]
[-0.0459, 0.082651, -0.134222, 0.248059, -0.187007]
[-0.168931, 0.305517, -0.140756, 0.10279, 0.417637]
[0.34986, -0.293028, -0.149413, 0.200783, 0.369251]
[0.091135, 0.089202, -0.135093, 0.212157, 0.340745]
[-0.248847, -0.090994, -0.144242, 0.186116, -0.031968]
[-0.030603, -0.469788, -0.128631, 0.160623, -0.017573]
[0.452087, 0.15287, -0.138421, 0.246415, 0.430285]
[0.340375, -0.025874, -0.153101, 0.217189, 0.052562]
[0.436046, 0.186878, -0.139978, 0.088503, 0.421832]
[-0.103786, -0.013138, -0.134243, 0.220482, 0.053619]
[-0.145412, -0.017034, -0.120273, 0.08908, 0.158497]
[-0.039076, -0.228104, -0.139206, 0.255773, 0.082909]
[-0.247774, -0.442202, -0.152442, 0.119915, 0.183027]
[0.243742, -0.452977, -0.121356, 0.10463, -0.043156]
[0.556893, -0.179791, -0.121542, 0.147881, 0.313188]
[0.533976, -0.209565, -0.128009, 0.153417, -0.065095]
[0.347995, -0.226273, -0.13958, 0.204295, -0.106237]
[-0.296354, -0.076962, -0.121248, 0.223217, 0.243151]
[-0.260311, 0.423175, -0.125434, 0.206474, 0.305058]
[0.215889, -0.072567, -0.132599, 0.117968, 0.109616]
[-0.037382, 0.049363, -0.149859, 0.249528, 0.258508]
[0.473988, 0.064946, -0.150732, 0.242317, 0.03127]
[0.460715, -0.251916, -0.155591, 0.111025, -0.019475]
[0.626489, -0.496159, -0.151744, 0.096812, 0.287121]
[0.668286, -0.220558, -0.150624, 0.153127, -0.139111]
[-0.248949, -0.318287, -0.132239, 0.255431, 0.209205]
[0.155921, 0.298858, -0.134553, 0.087284, 0.283037]
[0.361107, -0.07363, -0.145895, 0.094671, 0.367183]
[0.518111, -0.105016, -0.153355, 0.22748, 0.211167]
[-0.152972, 0.272183, -0.151319, 0.101117, -0.15393]
[0.655313, -0.29154, -0.135663, 0.231116, -0.152411]
[-0.050467, 0.186626, -0.127162, 0.108987, -0.039484]
[0.042343, -0.03368, -0.153874, 0.232433, 0.231753]
[0.47118, -0.133651, -0.148031, 0.146598, 0.265455]
[0.350343, 0.216291, -0.150078, 0.104629, 0.189289]
[0.167954, -0.330811, -0.121526, 0.150953, -0.169581]
[0.398084, -0.336654, -0.136808, 0.145516, -0.143223]
[0.60712, 0.360149, -0.141343, 0.200806, -0.078991]
[0.595736, 0.369813, -0.145908, 0.217434, 0.22233]
[0.543647, -0.074854, -0.145575, 0.094087, 0.016283]
[-0.097372, -0.23583, -0.142516, 0.156533, -0.09875]
[0.165734, 0.129556, -0.128477, 0.161618, 0.04735]
[0.092892, 0.433879, -0.147395, 0.138834, 0.033662]
[0.354609, 0.348053, -0.149675, 0.257907, 0.064207]
[0.201915, 0.29424, -0.136939, 0.160089, -0.027346]
[-0.040898, -0.499353, -0.140488, 0.118766, -0.100745]
[0.088996, 0.185629, -0.146987, 0.242439, 0.107493]
[0.641649, 0.30992, -0.139337, 0.206465, -0.157173]
[0.08863, 0.245244, -0.14186, 0.246421, 0.067458]
[0.523335, -0.311222, -0.126314, 0.168626, 0.348041]
[0.330768, -0.281375, -0.152793, 0.158125, 0.432561]
[-0.162242, -0.079053, -0.140027, 0.256835, -0.172022]
[0.173247, 0.450577, -0.137715, 0.247174, 0.423765]
[0.095049, 0.422768, -0.150829, 0.199069, -0.151468]
[-0.016532, -0.05346, -0.148561, 0.257747, 0.187852]
[0.514198, 0.025579, -0.134302, 0.088175, 0.143625]
[-0.129656, -0.176417, -0.131507, 0.079292, -0.002716]
[0.21638, -0.142035, -0.127354, 0.254096, -0.11618]
[-0.146376, 0.328324, -0.137809, 0.193555, 0.244161]
[0.160506, 0.319713, -0.148612, 0.093766, 0.39373]
[0.240125, 0.088658, -0.123576, 0.093989, 0.395811]
[-0.193784, -0.298239, -0.117801, 0.182815, 0.017049]
[0.615334, 0.266634, -0.14055, 0.162764, 0.222692]
[-0.241965, 0.380015, -0.144867, 0.104171, -0.053378]
[0.433748, -0.478919, -0.124137, 0.10019, 0.026245]
[0.050761, 0.245128, -0.14621, 0.2278, 0.207461]
[0.475337, 0.178084, -0.14842, 0.231458, 0.256151]
[-0.086804, -0.055344, -0.142648, 0.091782, 0.240975]
[0.235259, -0.45957, -0.120611, 0.080371, 0.38074]
[0.616585, -0.221249, -0.1394, 0.257383, 0.219723]
[-0.146034, -0.016232, -0.125054, 0.256318, 0.405093]
[0.330606, 0.407656, -0.132744, 0.255727, 0.245921]
[0.446773, 0.129026, -0.129315, 0.248952, 0.283171]
[0.36929, 0.24059, -0.132352, 0.102795, 0.219396]
[0.096842, 0.168085, -0.144603, 0.113745, 0.319311]
[0.25287, -0.070102, -0.124128, 0.19839, 0.431358]
[0.495534, 0.279987, -0.128769, 0.24534, -0.040173]
[-0.30371, -0.051811, -0.131434, 0.094663, 0.095587]
[0.225228, 0.39024, -0.149141, 0.117172, 0.229422]
[0.602989, -0.1643, -0.117775, 0.139072, 0.200414]
[0.087709, -0.07813, -0.138529, 0.191071, 0.310636]
[-0.290046, 0.331692, -0.144697, 0.136329, 0.251316]
[0.445993, 0.314456, -0.15417, 0.184206, 0.415017]
[0.339941, 0.297702, -0.12709, 0.135526, -0.044492]
[0.096007, 0.084789, -0.141934, 0.188498, 0.096593]
[0.517291, 0.231097, -0.131808, 0.156544, -0.160831]
[0.622016, -0.247024, -0.128284, 0.204806, 0.198146]
[-0.258789, 0.178019, -0.152181, 0.231794, 0.270415]
[0.536111, -0.218211, -0.118433, 0.181671, 0.117691]
[0.03815, 0.393551, -0.122517, 0.083605, 0.266905]
[-0.044083, -0.248845, -0.140032, 0.17706, 0.147774]
[0.05817, -0.125565, -0.126103, 0.109983, -0.138438]
[-0.178559, 0.271991, -0.142145, 0.189211, -0.167447]
[-0.298718, 0.181066, -0.122172, 0.244277, 0.240071]
[0.031161, -0.361298, -0.149765, 0.092475, 0.298981]
[-0.256372, -0.324535, -0.153706, 0.196226, 0.013809]
[0.544256, 0.206895, -0.130613, 0.110961, 0.12604]
[-0.055408, 0.063386, -0.137426, 0.194593, 0.210893]
[0.137415, 0.064049, -0.132456, 0.10088, -0.048601]
[0.197808, 0.261081, -0.125105, 0.0852, -0.026047]
[-0.034124, -0.101457, -0.12218, 0.235674, -0.122705]
[-0.188659, 0.491962, -0.118527, 0.21962, 0.156348]
[-0.079129, -0.441017, -0.127558, 0.231535, 0.237545]
[-0.004831, -0.17306, -0.124656, 0.21217, 0.328661]
[0.566536, -0.139604, -0.136063, 0.15352, 0.018014]
[-0.09718, 0.292399, -0.126063, 0.187187, -0.076506]
[-0.217688, 0.409276, -0.136485, 0.21554, 0.140762]
[0.340427, -0.116197, -0.119358, 0.084962, -0.148482]
[0.05171, -0.293629, -0.123366, 0.249917, -0.139502]
[0.427085, -0.216254, -0.122087, 0.085006, -0.122649]
[0.547762, 0.38156, -0.151726, 0.176382, 0.251971]
[0.662125, 0.498898, -0.121108, 0.158175, 0.397992]
[0.374251, -0.069982, -0.15278, 0.236575, -0.187566]
[0.31311, 0.030966, -0.149418, 0.142212, 0.209714]
[0.092011, 0.009294, -0.116588, 0.118437, 0.105295]
[0.649222, -0.184466, -0.119841, 0.210132, -0.11014]
[0.003254, -0.268441, -0.121732, 0.230102, 0.249406]
[0.563943, 0.070272, -0.120786, 0.178584, -0.150667]
[0.632616, 0.198626, -0.133165, 0.258175, -0.003879]
[0.331777, -0.056013, -0.126325, 0.138614, 0.28138]
[0.191476, -0.087653, -0.143372, 0.151146, 0.244498]
[0.359257, 0.309613, -0.142281, 0.236637, -0.137503]
[0.251776, 0.090859, -0.142683, 0.088073, -0.034005]
[0.159195, 0.453144, -0.142008, 0.099342, -0.070002]
[-0.269296, -0.441276, -0.154051, 0.126868, 0.167838]
[0.074631, -0.316815, -0.129272, 0.187095, 0.256777]
[0.623483, 0.099408, -0.152381, 0.255276, -0.09326]
[-0.259954, -0.459522, -0.135534, 0.215926, 0.186015]
[0.300961, 0.206736, -0.130701, 0.093751, 0.234658]
[-0.082125, -0.040677, -0.137602, 0.129636, -0.005193]
[-0.242303, -0.406929, -0.142591, 0.254744, 0.412319]
[0.18174, 0.026954, -0.140356, 0.109675, -0.10107]
[0.402731, -0.133011, -0.118989, 0.157251, 0.294648]
[-0.138506, -0.464145, -0.148906, 0.17029, -0.070916]
[0.062062, 0.328053, -0.13185, 0.128218, 0.330709]
[0.054749, -0.357833, -0.131621, 0.105025, 0.106044]
[0.517366, -0.22999, -0.143292, 0.158685, 0.112648]
[0.305095, -0.282736, -0.128507, 0.080366, 0.002498]
[0.424171, -0.45325, -0.118428, 0.247336, 0.342043]
[0.170101, 0.434636, -0.15025, 0.126215, 0.253061]
[0.299557, 0.20062, -0.154144, 0.178837, 0.064223]
[0.205144, 0.437848, -0.12889, 0.195275, 0.002101]
[-0.117326, 0.138042, -0.116821, 0.112971, 0.329929]
[0.477818, 0.400159, -0.12939, 0.136112, 0.373221]
[0.635019, 0.04255, -0.126038, 0.243106, -0.085111]
[0.587479, -0.05893, -0.13829, 0.136375, 0.112076]
[0.63221, -0.424988, -0.132292, 0.183956, -0.039101]
[0.342949, -0.311168, -0.148598, 0.105781, -0.140415]
[0.140194, 0.187129, -0.148958, 0.205642, -0.15696]
[0.09273, -0.040744, -0.130345, 0.146552, -0.059919]
[-0.011695, -0.395682, -0.151028, 0.125638, -0.139155]
[0.297168, 0.039238, -0.151403, 0.243753, 0.080834]
[0.214044, 0.359143, -0.141494, 0.222319, -0.000412]
[-0.221959, 0.108587, -0.1279, 0.086646, -0.14152]
[0.226225, -0.046021, -0.145334, 0.21624, 0.156107]
[-0.035094, 0.105695, -0.137089, 0.185741, 0.190131]
[0.592676, -0.313357, -0.116678, 0.178562, 0.178012]
[-0.172522, 0.297769, -0.12717, 0.21701, -0.087347]
[0.486968, -0.396494, -0.123372, 0.197016, 0.337179]
[0.171006, -0.422701, -0.150474, 0.196903, -0.055429]
[0.395184, 0.382637, -0.116699, 0.235595, 0.231899]
[-0.150724, -0.419883, -0.127816, 0.177871, -0.057337]
[0.311058, 0.014831, -0.155294, 0.233081, -0.162581]
[-0.242658, -0.231383, -0.118352, 0.258045, 0.188683]
[-0.070173, 0.417573, -0.116797, 0.191139, 0.417377]
[0.495288, 0.312979, -0.126155, 0.103128, 0.140663]
[0.01445, -0.240001, -0.144058, 0.168325, 0.182711]
[-0.062291, -0.140655, -0.130898, 0.102177, 0.387658]
[0.006318, 0.146334, -0.130875, 0.249759, -0.117318]
[-0.227597, 0.098507, -0.140583, 0.25155, -0.145061]
[0.017406, -0.053799, -0.149544, 0.2283, -0.153216]
[0.541626, -0.229363, -0.123233, 0.125719, 0.394124]
[0.093888, 0.327784, -0.150144, 0.172105, -0.119605]
[-0.232255, -0.278403, -0.142021, 0.217805, -0.065101]
[0.396207, 0.101361, -0.153916, 0.08272, 0.099087]
[0.221468, 0.193296, -0.11973, 0.144825, -0.015958]
[-0.075508, -0.242348, -0.139979, 0.166804, 0.184599]
[-0.027672, 0.435791, -0.146108, 0.099283, 0.201486]
[-0.104367, 0.367543, -0.120625, 0.248465, -0.031596]
[0.300232, 0.101552, -0.117272, 0.110558, -0.128895]
[0.259599, 0.003863, -0.144692, 0.080486, 0.00777]
[-0.273102, -0.399208, -0.116998, 0.136387, 0.334735]
[0.348391, -0.334831, -0.138108, 0.217455, -0.094545]
[0.037091, -0.149381, -0.155112, 0.21741, 0.010692]
[-0.284439, -0.200047, -0.116347, 0.150742, 0.177638]
[-0.283544, 0.290743, -0.120598, 0.146512, 0.249288]
[-0.226094, 0.166616, -0.124875, 0.184029, -0.161852]
[-0.075381, -0.083436, -0.153996, 0.230273, -0.141017]
[0.550033, -0.431818, -0.140778, 0.079523, 0.070723]
[0.561759, 0.02367, -0.155292, 0.191807, 0.342966]
[-0.285945, 0.163785, -0.135605, 0.164941, 0.170738]
[0.154605, 0.007482, -0.141129, 0.194621, 0.185871]
[0.389523, 0.236308, -0.14388, 0.227318, 0.158847]
[0.526857, -0.114899, -0.144996, 0.158419, 0.384388]
[-0.096258, 0.077609, -0.146438, 0.120314, 0.27636]
[0.119423, 0.424716, -0.130313, 0.230088, -0.087803]
[0.491596, 0.063322, -0.14387, 0.132337, 0.058724]
[0.306725, 0.244263, -0.120258, 0.239402, 0.196274]
[-0.040491, -0.046261, -0.149732, 0.189428, 0.044597]
[0.563699, 0.216102, -0.144695, 0.090897, -0.012768]
[-0.015535, -0.199749, -0.140454, 0.181472, 0.28235]
[-0.221644, 0.045394, -0.117327, 0.144042, 0.208124]
[0.602488, 0.40471, -0.142699, 0.140722, -0.126348]
[-0.16122, -0.259554, -0.151559, 0.166013, 0.207443]
[-0.184625, -0.279129, -0.128622, 0.116877, 0.098364]
[0.1463, -0.473701, -0.1435, 0.199365, 0.170896]
[-0.001654, -0.29794, -0.142412, 0.11736, 0.054463]
[0.544623, -0.23861, -0.117934, 0.11399, 0.200387]
[0.372786, 0.045099, -0.135662, 0.177591, -0.062847]
[0.517735, -0.241501, -0.136086, 0.246705, 0.177837]
[0.190001, -0.301447, -0.116537, 0.14636, 0.090204]
[0.612067, 0.262445, -0.144303, 0.124474, -0.10593]
[0.033383, -0.385208, -0.140125, 0.190225, 0.379856]
[0.367226, 0.338352, -0.118213, 0.199015, -0.174698]
[-0.067879, -0.161529, -0.147695, 0.238223, 0.059096]
[0.333323, -0.059659, -0.148056, 0.133171, 0.130357]
[0.17744, -0.169503, -0.148017, 0.108897, -0.026197]
[0.119251, 0.079487, -0.143729, 0.242712, 0.290651]
[0.639727, 0.035156, -0.143886, 0.177172, 0.312358]
[0.492732, 0.08832, -0.132036, 0.112933, -0.074324]
[0.102216, 0.313428, -0.14457, 0.094597, 0.410884]
[0.625081, 0.049842, -0.129529, 0.200677, 0.142701]
[0.02468, 0.489189, -0.142173, 0.149517, 0.29139]
[-0.297958, -0.36833, -0.128596, 0.171006, 0.400496]
[0.458001, -0.158454, -0.143703, 0.197655, -0.078265]
[0.040384, -0.452727, -0.134798, 0.100977, 0.045899]
[-0.232029, -0.235282, -0.134424, 0.166142, 0.419502]
[-0.092993, 0.132008, -0.136672, 0.166542, -0.038448]
[0.126857, -0.179676, -0.153609, 0.218855, 0.173894]
[0.611223, 0.071996, -0.134506, 0.16076, 0.10522]
[0.426109, -0.194789, -0.148831, 0.096912, 0.192608]
[0.157191, 0.268114, -0.151365, 0.213621, 0.206865]
[-0.277923, -0.17752, -0.151581, 0.172972, -0.089725]
[0.602925, -0.447478, -0.118311, 0.144895, 0.19861]
[-0.225565, -0.049483, -0.119937, 0.216937, -0.087134]
[-0.129259, -0.164572, -0.119948, 0.149579, -0.01373]
[-0.090942, 0.358849, -0.125069, 0.210388, 0.388378]
[0.286193, -0.121198, -0.155061, 0.23983, -0.187429]
[0.260696, -0.298048, -0.141191, 0.218095, 0.003221]
[0.570506, -0.440386, -0.142758, 0.222952, -0.123073]
[-0.089811, -0.431157, -0.150471, 0.237957, -0.159282]
[0.234338, 0.22668, -0.13306, 0.089349, 0.258375]
[-0.06066, -0.388203, -0.147347, 0.215626, -0.056219]
[0.500184, -0.166604, -0.152464, 0.25226, -0.144537]
[0.592118, 0.434244, -0.123749, 0.22811, 0.205485]
[0.583131, 0.248754, -0.118846, 0.166969, 0.212625]
[0.016301, -0.400475, -0.121711, 0.195962, 0.0345]
[0.06069, 0.070399, -0.148919, 0.199834, 0.048836]
[0.525462, 0.073501, -0.151048, 0.224549, 0.047641]
[-0.102742, -0.061368, -0.150685, 0.218245, 0.238873]
[0.187325, -0.328888, -0.121134, 0.200898, -0.130177]
[-0.127294, 0.002963, -0.145986, 0.136682, 0.287912]
[0.278842, -0.269581, -0.142424, 0.210003, -0.162022]
[-0.172817, 0.066534, -0.138445, 0.205218, 0.093246]
[-0.134036, -0.290174, -0.139939, 0.132748, -0.101971]
[-0.105715, -0.153609, -0.129571, 0.214178, 0.122105]
[0.117804, 0.152228, -0.128285, 0.089218, 0.104817]
[0.663471, -0.464356, -0.140062, 0.246545, 0.277987]
[0.573701, -0.210526, -0.136117, 0.140977, -0.051778]
[-0.305833, -0.358638, -0.148263, 0.21395, 0.168375]
[-0.151132, 0.296625, -0.131416, 0.093784, 0.176347]
[0.633585, -0.418371, -0.129506, 0.125966, -0.185129]
[0.009727, -0.169912, -0.149846, 0.128067, 0.043119]
[0.651581, -0.078703, -0.130773, 0.11904, 0.221471]
[0.666227, -0.451835, -0.123907, 0.184189, -0.155062]
[0.515919, -0.205195, -0.149217, 0.246937, -0.09472]
[0.473612, 0.30084, -0.13912, 0.131327, 0.382361]
[0.606398, 0.120578, -0.135361, 0.168825, -0.073179]
[-0.211099, 0.382556, -0.127701, 0.162866, 0.188662]
[-0.133142, 0.364765, -0.150844, 0.139226, 0.200495]
[0.673592, -0.302757, -0.137894, 0.204805, 0.044083]
[0.659139, 0.342816, -0.131729, 0.222714, 0.117923]
[0.173723, 0.396364, -0.124326, 0.242322, -0.028125]
[0.516897, 0.146253, -0.14365, 0.245906, 0.23205]
[0.269263, 0.070733, -0.116761, 0.168069, -0.087381]
[0.58082, -0.058148, -0.119536, 0.200135, 0.094711]
[0.637214, -0.289774, -0.137613, 0.168445, 0.3531]
[-0.228139, -0.317523, -0.13867, 0.104617, 0.219557]
[0.517536, -0.312439, -0.13344, 0.236016, 0.309611]
[0.284353, -0.028922, -0.125374, 0.180667, 0.10833]
[0.329732, 0.294005, -0.128019, 0.121886, 0.227082]
[0.30921, -0.397964, -0.121259, 0.095202, 0.126479]
[-0.308118, 0.433859, -0.124842, 0.099071, 0.412058]
[0.591167, 0.498504, -0.116727, 0.127872, 0.253113]
[0.126727, 0.2219, -0.136824, 0.157645, 0.101182]
[-0.104709, 0.454632, -0.148898, 0.228068, -0.170687]
[-0.024938, 0.018545, -0.152674, 0.090406, 0.149601]
[0.546539, -0.151108, -0.129509, 0.108508, 0.125101]
[0.510815, -0.032672, -0.124806, 0.086888, 0.196096]
[-0.299878, 0.251151, -0.141452, 0.138147, -0.12552]
[-0.099618, -0.286886, -0.131688, 0.099597, -0.09208]
[-0.070852, -0.095819, -0.144891, 0.221468, 0.135914]
[-0.204564, -0.153583, -0.153732, 0.238379, -0.101127]
[0.521137, -0.155839, -0.11682, 0.216187, 0.403492]
[-0.073957, 0.145023, -0.137932, 0.080126, 0.242469]
[0.609295, 0.024544, -0.127363, 0.200577, 0.133754]
[0.614881, -0.411269, -0.140139, 0.168634, 0.171795]
[0.604123, -0.074537, -0.127269, 0.149048, -0.118946]
[-0.190339, -0.417121, -0.131476, 0.201016, -0.172199]
[0.626882, 0.402395, -0.129866, 0.092475, 0.096361]
[-0.304311, 0.344927, -0.147795, 0.183441, -0.021583]
[0.296606, 0.184519, -0.12621, 0.219169, 0.314317]
[0.246028, 0.143414, -0.125309, 0.213176, 0.371182]
[-0.152425, -0.146337, -0.142631, 0.154096, -0.136818]
[-0.044625, 0.362126, -0.133339, 0.152559, 0.37116]
[-0.118585, -0.152542, -0.146595, 0.197154, 0.168854]
[-0.064436, -0.328711, -0.148686, 0.150414, 0.278264]
[-0.11844, -0.139149, -0.129778, 0.135247, 0.305113]
[-0.10344, -0.148676, -0.123031, 0.146856, 0.41993]
[0.607097, 0.15494, -0.150231, 0.084231, 0.247484]
[0.49342, 0.191713, -0.147185, 0.157971, 0.186613]
[-0.318965, 0.091849, -0.154663, 0.099589, 0.04227]
[-0.306162, -0.464165, -0.136112, 0.23611, 0.199212]
[0.230376, 0.160552, -0.143097, 0.141773, 0.039989]
[-0.079432, 0.020795, -0.147591, 0.121316, -0.034797]
[0.022655, 0.18525, -0.148238, 0.193757, 0.056037]
[0.587612, 0.489392, -0.154563, 0.102279, 0.424946]
[-0.101736, -0.262522, -0.15183, 0.193199, 0.267053]
[-0.298564, -0.33119, -0.132918, 0.239096, 0.395865]
[-0.280028, 0.164616, -0.131791, 0.105921, 0.121265]
[0.417778, -0.429641, -0.139231, 0.092384, -0.073044]
[-0.189671, 0.178385, -0.119567, 0.228594, 0.424269]
[-0.249752, 0.111237, -0.151467, 0.13406, 0.395926]
[0.031785, 0.154842, -0.138216, 0.093953, -0.097579]
[0.469355, 0.044309, -0.129258, 0.192347, 0.020118]
[0.249019, -0.302675, -0.135371, 0.129789, 0.239958]
[0.096632, -0.464902, -0.121249, 0.174303, 0.09758]
[0.353375, 0.270036, -0.121371, 0.105096, 0.110862]
[0.279772, -0.002697, -0.155617, 0.152821, 0.380902]
[0.626616, -0.020226, -0.134793, 0.146583, 0.116558]
[0.582313, -0.360784, -0.141612, 0.096867, 0.227599]
[0.245485, -0.073502, -0.148548, 0.100146, 0.389542]
[0.1107, 0.339835, -0.15573, 0.246085, 0.051168]
[0.129433, -0.172385, -0.129361, 0.191301, 0.052731]
[0.647212, 0.087062, -0.154238, 0.163425, 0.200054]
[0.136162, -0.293238, -0.14341, 0.204669, -0.01024]
[0.52431, -0.068159, -0.144021, 0.151737, -0.168054]
[0.037594, 0.023689, -0.15521, 0.207562, 0.229841]
[0.166433, 0.188086, -0.144303, 0.222856, 0.288399]
[0.632704, 0.333773, -0.144091, 0.161693, 0.167715]
[-0.038799, -0.227168, -0.134857, 0.103227, 0.292022]
[0.101249, -0.064691, -0.118401, 0.25443, -0.092805]
[0.505523, 0.216156, -0.12579, 0.103904, 0.339589]
[0.448196, 0.011201, -0.133462, 0.125903, 0.223327]
[0.332202, 0.05539, -0.131537, 0.112948, 0.103424]
[0.620305, -0.142298, -0.14701, 0.07964, 0.266917]
[0.416585, 0.383791, -0.151977, 0.21215, -0.0426]
[0.181529, 0.005772, -0.12946, 0.154002, -0.18142]
[-0.143377, 0.348705, -0.149922, 0.14702, 0.09237]
[0.40921, 0.01959, -0.141885, 0.123495, 0.020698]
[-0.282733, -0.448899, -0.134673, 0.248325, -0.094657]
[-0.076159, 0.469359, -0.116971, 0.215705, 0.200906]
[-0.311459, 0.24301, -0.155876, 0.152872, 0.198644]
[0.335893, 0.196211, -0.122718, 0.200535, -0.08451]
[0.4622, 0.200479, -0.11919, 0.164178, 0.018759]
[-0.081723, 0.194982, -0.123611, 0.146592, -0.063734]
[0.515857, -0.19638, -0.135658, 0.113266, 0.065193]
[0.651083, -0.490645, -0.147151, 0.158124, -0.015178]
[-0.115846, 0.163832, -0.138774, 0.205924, 0.302566]
[0.024892, -0.373005, -0.125552, 0.200975, -0.096594]
[0.084093, 0.244395, -0.116794, 0.146435, 0.126189]
[0.603121, 0.495146, -0.123144, 0.07946, 0.141458]
[-0.305027, -0.110006, -0.141587, 0.176875, 0.005741]
[0.575259, 0.176343, -0.139307, 0.210946, 0.064926]
[0.032977, 0.378121, -0.144334, 0.240595, 0.191777]
[0.571847, 0.170353, -0.149357, 0.224953, 0.054481]
[0.097401, 0.495755, -0.141722, 0.214797, 0.115701]
[0.378829, 0.246858, -0.154487, 0.138888, 0.242776]
[0.655019, 0.238953, -0.121929, 0.117954, 0.210432]
[-0.257701, -0.093725, -0.1314, 0.088513, -0.164756]
[0.265648, 0.386397, -0.152611, 0.248568, -0.162529]
[0.101533, 0.051805, -0.150066, 0.216081, 0.249082]
[0.162297, 0.409462, -0.142985, 0.226332, -0.011407]
[0.601215, -0.251481, -0.134265, 0.241011, 0.159243]
[-0.162812, 0.474091, -0.124048, 0.194484, 0.337449]
[0.243562, -0.145756, -0.151116, 0.151166, 0.299731]
[0.249366, 0.486015, -0.129792, 0.232011, 0.261693]
[0.544718, 0.237072, -0.145607, 0.241438, 0.176341]
[0.525779, -0.048636, -0.14146, 0.23825, 0.140688]
[-0.30285, -0.315425, -0.154789, 0.168963, -0.106862]
[0.646305, -0.316772, -0.151441, 0.109178, -0.044629]
[0.260622, -0.258794, -0.122832, 0.238383, -0.090346]
[-0.195425, -0.013857, -0.127701, 0.160996, -0.183597]
[0.276131, 0.033998, -0.129985, 0.214959, 0.157597]
[0.42435, 0.418255, -0.131827, 0.193968, 0.184802]
[-0.284652, 0.194524, -0.128118, 0.181683, -0.149933]
[0.470342, -8.6e-05, -0.139145, 0.102445, 0.009911]
[0.549769, 0.289459, -0.123646, 0.118711, -0.125199]
[0.628396, -0.372381, -0.144703, 0.240624, 0.195214]
[0.145716, -0.038174, -0.135164, 0.098533, 0.047398]
[0.577895, 0.18306, -0.139747, 0.202248, -0.155422]
[-0.120033, -0.42181, -0.117991, 0.227361, 0.075616]
[0.644852, 0.043256, -0.150117, 0.180091, 0.122282]
[0.193206, -0.366915, -0.125282, 0.232478, 0.250653]
[-0.217254, -0.08282, -0.118411, 0.192931, -0.118671]
[0.030375, 0.373054, -0.139154, 0.095514, 0.23439]
[0.479038, -0.170086, -0.134306, 0.214537, 0.331848]
[0.044511, 0.30246, -0.122441, 0.160166, -0.080859]
[0.657113, -0.119678, -0.126744, 0.186183, 0.159429]
[0.326664, 0.019418, -0.146616, 0.23987, -0.043427]
[0.109916, -0.197223, -0.151264, 0.117944, 0.15507]
[0.530859, -0.2085, -0.142804, 0.17537, 0.045663]
[-0.275877, -0.185816, -0.151705, 0.182398, 0.296197]
[-0.014642, 0.431025, -0.120035, 0.1612, 0.1594]
[-0.297519, -0.190824, -0.121934, 0.151989, 0.199825]
[0.356252, -0.026261, -0.151228, 0.232755, 0.031063]
[0.23656, 0.48943, -0.118736, 0.083398, -0.058439]
[-0.048483, 0.099377, -0.139712, 0.239586, 0.125446]
[0.340057, -0.114182, -0.12099, 0.09044, -0.025862]
[0.596605, -0.060162, -0.143094, 0.14355, -0.140942]
[0.372626, 0.405966, -0.139079, 0.221176, -0.117333]
[-0.042359, 0.379268, -0.11778, 0.257584, 0.319198]
[0.568802, 0.383682, -0.151906, 0.18456, 0.011258]
[-0.066893, 0.207767, -0.118683, 0.154648, 0.141403]
[-0.195301, 0.466779, -0.125187, 0.083395, 0.031918]
[-0.240343, -0.235883, -0.148465, 0.11919, -0.024669]
[-0.1552, -0.373855, -0.141459, 0.230748, 0.160116]
[0.468079, -0.263176, -0.13807, 0.130417, -0.044476]
[0.614281, 0.085856, -0.154594, 0.184513, 0.069271]
[0.035586, -0.336007, -0.141369, 0.177034, 0.110943]
[-0.117076, 0.013876, -0.116937, 0.161832, -0.119002]
[0.243647, 0.135281, -0.142231, 0.214139, -0.045342]
[0.147569, -0.285447, -0.117616, 0.235811, 0.303388]
[0.123371, -0.35253, -0.129767, 0.11375, -0.136536]
[-0.028009, 0.254348, -0.153495, 0.228133, 0.009917]
[-0.307888, -0.329967, -0.148332, 0.258288, -0.090125]
[0.184405, 0.407429, -0.146429, 0.211482, 0.292763]
[-0.21433, 0.051845, -0.145952, 0.140555, 0.331276]
[0.279207, -0.437644, -0.120447, 0.17398, 0.022108]
[0.199234, 0.173003, -0.136326, 0.207432, 0.153555]
[-0.105737, -0.355776, -0.11821, 0.103255, 0.150328]
[0.172436, -0.117286, -0.118069, 0.178726, 0.330582]
[-0.037744, 0.492853, -0.133396, 0.200525, 0.089045]
[0.30598, 0.066985, -0.149877, 0.220715, -0.151218]
[0.678254, -0.405536, -0.149952, 0.129094, 0.359222]
[0.35375, 0.076245, -0.124853, 0.104596, 0.302237]
[0.140938, 0.095428, -0.12757, 0.178628, -0.152448]
[0.43316, 0.429187, -0.121153, 0.166787, -0.089281]
[0.377842, -0.356542, -0.118287, 0.13689, 0.304019]
[0.044625, 0.281488, -0.119688, 0.125084, 0.351583]
[0.063412, 0.456944, -0.117485, 0.22687, -0.030862]
[0.141293, 0.286829, -0.1265, 0.25499, 0.092466]
[0.326573, 0.275575, -0.136411, 0.186159, 0.163461]
[0.071841, -0.049102, -0.116552, 0.113065, -0.109631]
[-0.185937, 0.251429, -0.155566, 0.235087, 0.108308]
[0.374115, -0.165094, -0.150754, 0.238024, 0.046686]
[0.200546, -0.127999, -0.147646, 0.100641, -0.022565]
[0.067815, -0.134696, -0.145632, 0.230392, 0.106842]
[0.480235, -0.479551, -0.134689, 0.247041, 0.109344]
[-0.234485, -0.389336, -0.149439, 0.149527, 0.209182]
[-0.022732, -0.332148, -0.150488, 0.089394, -0.159734]
[-0.006259, -0.317538, -0.14454, 0.177738, -0.168453]
[-0.009613, 0.0587, -0.134435, 0.209004, 0.173047]
[0.521166, -0.001308, -0.117371, 0.191307, -0.033658]
[0.349105, -0.047915, -0.154137, 0.11223, 0.042339]
[0.015613, -0.141767, -0.125339, 0.232327, 0.115187]
[0.361614, 0.101705, -0.12787, 0.175664, 0.31858]
[-0.181372, -0.165794, -0.134014, 0.086433, -0.028903]
[0.208696, 0.45601, -0.151007, 0.11145, 0.131474]
[0.088956, -0.425824, -0.128611, 0.219088, -0.153551]
[0.574263, 0.414199, -0.129678, 0.242507, 0.337776]
[0.43054, 0.481991, -0.151049, 0.168246, 0.28402]
[0.632225, -0.073921, -0.148444, 0.16576, 0.010164]
[0.156668, -0.42788, -0.145071, 0.246448, 0.215281]
[-0.195279, -0.063873, -0.140245, 0.134469, 0.051424]
[0.361649, -0.39539, -0.1294, 0.244849, -0.019244]
[0.085236, 0.118638, -0.120031, 0.186561, 0.05706]
[0.457906, 0.209619, -0.116956, 0.087336, -0.191071]
[-0.190052, 0.329657, -0.149679, 0.234192, 0.325862]
[0.203315, 0.007, -0.134636, 0.171083, 0.05452]
[0.607188, -0.182519, -0.133267, 0.250192, 0.023881]
[0.39495, 0.372339, -0.151104, 0.109688, -0.119935]
[0.190133, 0.040897, -0.11833, 0.088627, -0.149187]
[0.633936, -0.058052, -0.154702, 0.204827, -0.103297]
[0.647879, -0.059338, -0.119408, 0.192578, 0.260252]
[0.113776, -0.092215, -0.142326, 0.132593, -0.179908]
[-0.108874, -0.345554, -0.155475, 0.134797, 0.205431]
[-0.295203, 0.03531, -0.125154, 0.148621, 0.28195]
[0.105257, 0.33084, -0.118544, 0.121437, 0.102562]
[-0.083189, -0.372625, -0.121172, 0.214773, -0.167591]
[-0.225712, 0.185195, -0.138144, 0.139579, 0.326095]
[0.58077, -0.040097, -0.15534, 0.229639, 0.021471]
[-0.1738, -0.036889, -0.152074, 0.09063, -0.14986]
[0.34307, 0.26814, -0.138118, 0.177415, 0.256372]
[0.297453, -0.33366, -0.119925, 0.201837, 0.112514]
[-0.035181, -0.377775, -0.12776, 0.159984, 0.056831]
[-0.142569, 0.091346, -0.143204, 0.189209, 0.148958]
[0.148634, -0.467164, -0.153107, 0.130835, 0.258739]
[0.37739, -0.461306, -0.148683, 0.150079, -0.035285]
[0.125632, 0.464568, -0.140245, 0.099922, -0.186256]
[-0.21974, 0.115719, -0.148916, 0.186706, 0.163248]
[0.669569, 0.180864, -0.12099, 0.257906, 0.10891]
[0.349208, -0.339252, -0.144157, 0.177086, 0.36335]
[0.493789, -0.43034, -0.124304, 0.2191, 0.360597]
[0.445963, -0.058072, -0.119632, 0.172251, 0.171846]
[-0.259826, 0.483278, -0.135443, 0.091106, 0.128066]
[-0.170375, 0.052446, -0.136603, 0.116385, -0.037657]
[0.53946, 0.017681, -0.126041, 0.236617, -0.1267]
[0.34392, 0.427521, -0.129819, 0.193424, 0.100269]
[-0.068328, -0.490617, -0.134115, 0.091527, 0.214933]
[-0.182787, 0.353906, -0.118218, 0.11146, 0.139407]
[-0.143367, 0.137612, -0.118482, 0.256489, 0.295449]
[0.133854, 0.136308, -0.125577, 0.214847, -0.096753]
[-0.282398, -0.073611, -0.118327, 0.214798, 0.055778]
[0.259342, -0.248785, -0.126007, 0.181164, 0.288115]
[0.024378, 0.124342, -0.148315, 0.220078, 0.315223]
[0.192125, -0.261831, -0.12209, 0.218492, 0.136659]
[0.404179, 0.104649, -0.148211, 0.138443, -0.071173]
[-0.015328, -0.257497, -0.128743, 0.172851, -0.1607]
[-0.154744, -0.35652, -0.155237, 0.116794, -0.010802]
[0.372239, -0.15031, -0.133185, 0.121924, 0.148848]
[0.666975, 0.429079, -0.152061, 0.150528, 0.202181]
[0.575486, -0.07947, -0.135367, 0.144325, 0.123248]
[-0.233436, 0.45187, -0.135084, 0.227934, -0.085517]
[-0.268002, -0.118962, -0.123783, 0.257196, -0.011214]
[-0.299473, 0.488656, -0.117126, 0.083114, -0.078832]
[0.023143, 0.173786, -0.135158, 0.21855, 0.162148]
[0.247907, -0.306315, -0.135992, 0.152751, 0.126831]
[0.025595, -0.353577, -0.15068, 0.202491, 0.049875]
[0.126941, -0.096421, -0.140535, 0.143326, -0.062685]
[-0.027255, -0.353833, -0.145572, 0.256998, 0.213596]
[0.135837, -0.402323, -0.133877, 0.176745, 0.359645]
[0.423714, -0.239504, -0.148013, 0.247406, 0.060973]
[0.615139, -0.220824, -0.121549, 0.149213, 0.334717]
[0.515751, 0.106388, -0.14032, 0.205232, -0.059675]
[0.008226, 0.139795, -0.117809, 0.239112, 0.087564]
[0.617382, -0.157653, -0.124532, 0.106594, -0.133087]
[-0.031127, 0.086959, -0.152761, 0.176209, 0.101069]
[0.132217, 0.1937, -0.147823, 0.151391, -0.074216]
[0.293758, -0.291986, -0.136258, 0.196888, -0.14315]
[-0.244678, -0.016013, -0.146057, 0.149633, 0.162504]
[-0.111123, -0.089591, -0.127689, 0.147542, 0.183853]
[0.419566, 0.042512, -0.141149, 0.139329, -0.031702]
[0.278382, -0.293866, -0.147098, 0.247905, -0.18864]
[0.6366, 0.140488, -0.145336, 0.234355, 0.342814]
[0.564454, 0.030959, -0.138533, 0.200105, -0.083527]
[0.609802, -0.111537, -0.130016, 0.089159, 0.185551]
[0.269789, -0.177763, -0.150876, 0.134353, 0.265458]
[0.334993, 0.463031, -0.150846, 0.248403, -0.182344]
[-0.23357, -0.310506, -0.155229, 0.132916, 0.219813]
[0.624033, 0.087088, -0.144414, 0.179246, 0.130997]
[0.154659, -0.375885, -0.13651, 0.143471, -0.166636]
[0.505297, -0.21579, -0.155709, 0.12151, 0.354307]
[-0.274728, -0.378497, -0.141027, 0.090707, 0.065341]
[0.334396, -0.246835, -0.143805, 0.109321, 0.215561]
[0.139629, -0.417048, -0.118895, 0.157969, 0.140067]
[-0.259413, 0.299511, -0.1183, 0.143754, -0.185743]
[-0.187883, -0.323798, -0.14012, 0.125207, 0.203369]
[0.405637, 0.112314, -0.150149, 0.152547, -0.056461]
[0.124262, 0.320227, -0.121062, 0.241024, 0.341201]
[0.590084, -0.113738, -0.135, 0.136702, -0.118127]
[-0.183661, -0.455931, -0.133559, 0.114382, -0.144903]
[-0.038655, -0.080147, -0.143156, 0.136061, 0.2969]
[-0.072277, 0.193025, -0.127968, 0.106181, 0.15108]
[-0.114048, -0.406549, -0.137104, 0.238656, 0.077398]
[0.204887, -0.448666, -0.139919, 0.207158, -0.173979]
[0.475563, 0.12695, -0.149716, 0.146203, 0.156514]
[0.078128, -0.309841, -0.143258, 0.215094, 0.172644]
[0.506679, -0.20452, -0.154645, 0.099871, -0.179947]
[0.35662, -0.150944, -0.138128, 0.213187, -0.040741]
[0.091763, 0.498001, -0.126473, 0.236919, 0.031603]
[0.3138, 0.444194, -0.133114, 0.181765, 0.003665]
[-0.240252, 0.207937, -0.151495, 0.138705, 0.259383]
[0.395536, 0.236641, -0.141766, 0.243256, 0.120704]
[0.504871, -0.194541, -0.151286, 0.20187, 0.077023]
[0.46859, 0.464659, -0.116899, 0.14432, 0.056323]
[0.075666, -0.21629, -0.140326, 0.122862, 0.342916]
[0.580568, 0.272434, -0.143255, 0.24089, 0.337536]
[0.194384, -0.092409, -0.146172, 0.164483, 0.10949]
[0.057534, 0.044659, -0.129868, 0.125312, -0.171285]
[-0.155878, -0.113639, -0.148184, 0.167209, 0.291405]
[-0.027621, 0.486858, -0.150168, 0.223062, -0.087843]
[0.225489, 0.180818, -0.123374, 0.091462, 0.012803]
[-0.101703, 0.169064, -0.144171, 0.21793, 0.115572]
[-0.071861, 0.226909, -0.146129, 0.09781, 0.305283]
[0.167236, -0.042935, -0.13016, 0.087706, -0.133343]
[0.594018, 0.499564, -0.135082, 0.079249, -0.067731]
[0.555532, -0.01632, -0.128019, 0.252071, -0.069062]
[-0.057427, 0.012711, -0.145987, 0.107589, 0.200808]
[0.667587, -0.283612, -0.131651, 0.237444, 0.266575]
[0.651693, -0.399147, -0.130478, 0.098284, 0.056837]
[0.05677, -0.059735, -0.119476, 0.222306, 0.333956]
[-0.176686, 0.35065, -0.142689, 0.175986, 0.281632]
[-0.051083, -0.45964, -0.141804, 0.181378, 0.349071]
[0.472686, 0.336411, -0.125794, 0.178775, 0.263628]
[-0.057943, -0.466593, -0.136107, 0.256806, 0.155912]
[0.127502, -0.405006, -0.127089, 0.114224, 0.077279]
[-0.123979, -0.236974, -0.14566, 0.167388, -0.169124]
[0.374096, 0.454936, -0.130659, 0.221884, -0.123481]
[0.190026, 0.424476, -0.154245, 0.258247, 0.2971]
[-0.309985, -0.392566, -0.126113, 0.09023, 0.005076]
[0.611737, -0.247353, -0.140673, 0.160393, -0.107099]
[-0.271511, -0.073924, -0.132598, 0.210018, 0.286412]
[0.668591, -0.342665, -0.155154, 0.254632, -0.157937]
[0.365065, -0.377205, -0.126537, 0.247186, -0.160549]
[0.068746, -0.415765, -0.155655, 0.245469, 0.077045]
[0.647307, 0.294983, -0.142324, 0.216976, 0.215379]
[0.29031, 0.261003, -0.145861, 0.1774, -0.192202]
[0.53257, 0.192793, -0.143766, 0.087805, -0.027801]
[0.334977, -0.062006, -0.152245, 0.122099, -0.017349]
[0.407285, 0.213678, -0.148115, 0.175881, 0.024954]
[-0.282018, 0.18746, -0.131082, 0.210197, -0.071262]
[0.470422, -0.315286, -0.141813, 0.136685, 0.18679]
[0.267259, 0.157806, -0.123568, 0.186344, -0.163161]
[0.052925, -0.249706, -0.130742, 0.224798, -0.089387]
[0.050558, 0.230906, -0.146365, 0.167056, 0.070927]
[-0.054103, -0.146955, -0.121494, 0.25593, 0.323328]
[0.544129, 0.243132, -0.155288, 0.08106, 0.250436]
[-0.315064, 0.384812, -0.148166, 0.120826, 0.10793]
[0.126954, -0.337109, -0.148355, 0.101492, 0.33074]
[-0.163631, 0.322218, -0.122944, 0.122395, 0.181908]
[0.343628, -0.479217, -0.142237, 0.221992, 6.4e-05]
[0.217431, -0.458334, -0.138712, 0.150528, 0.130377]
[-0.096926, -0.142707, -0.144551, 0.109952, 0.042713]
[0.227063, -0.332788, -0.120796, 0.181296, 0.151626]
[0.048405, 0.251483, -0.15435, 0.080587, -0.088318]
[0.572237, -0.20579, -0.137331, 0.095921, -0.070808]
[0.292293, 0.118238, -0.13642, 0.230577, -0.07435]
[0.500861, 0.483123, -0.117533, 0.11576, 0.304592]
[0.551413, -0.237699, -0.152124, 0.222766, -0.123335]
[0.485443, -0.497361, -0.124466, 0.207983, 0.250329]
[0.097748, 0.273538, -0.136346, 0.190081, 0.008151]
[-0.23142, -0.067662, -0.144597, 0.161436, -0.009457]
[0.354495, -0.26796, -0.147047, 0.160322, -0.005418]
[0.308664, 0.313804, -0.149201, 0.197503, -0.13012]
[0.120429, 0.225834, -0.154915, 0.093523, 0.131951]
[-0.149084, -0.268918, -0.133523, 0.175179, 0.078742]
[-0.25344, 0.418639, -0.148099, 0.109611, 0.215221]
[0.67879, -0.324981, -0.122029, 0.156863, -0.180122]
[0.316621, 0.36735, -0.126454, 0.236391, 0.139828]
[0.351592, -0.298582, -0.145542, 0.226628, 0.093863]
[0.212467, 0.30457, -0.149788, 0.198393, -0.120201]
[0.489055, -0.306533, -0.130109, 0.219168, 0.179239]
[0.582138, 0.072127, -0.13768, 0.200722, 0.027966]
[0.388641, 0.402817, -0.119582, 0.241267, 0.131375]
[-0.153926, 0.054859, -0.127648, 0.196286, 0.109409]
[0.38616, -0.365463, -0.143929, 0.193099, 0.130441]
[-0.046293, -0.425524, -0.154559, 0.165445, 0.004938]
[0.467511, -0.122396, -0.117618, 0.198906, -0.136086]
[0.646016, 0.249675, -0.137026, 0.169042, 0.074923]
[-0.183952, 0.252404, -0.134705, 0.163098, -0.066001]
[-0.060915, -0.304, -0.130792, 0.119759, -0.053537]
[-0.022408, -0.33452, -0.141983, 0.112298, 0.153625]
[-0.310547, 0.071413, -0.131655, 0.130645, 0.212114]
[0.171572, -0.451868, -0.121793, 0.12169, 0.083214]
[0.291279, 0.210784, -0.122739, 0.131326, 0.126259]
[0.476283, -0.284095, -0.14424, 0.1709, 0.330461]
[-0.09162, -0.374868, -0.134299, 0.18385, -0.010512]
[-0.318503, -0.210842, -0.132906, 0.161616, -0.133972]
[-0.203114, -0.177089, -0.123417, 0.243972, 0.329817]
[-0.019986, -0.111152, -0.144117, 0.19475, 0.350781]
[-0.136131, -0.145212, -0.131593, 0.161969, 0.109742]
[0.015989, -0.466436, -0.146206, 0.135888, 0.162835]
[0.342713, 0.154521, -0.141702, 0.132021, -0.114332]
[0.411408, -0.465095, -0.155347, 0.175672, -0.022432]
[0.244326, -0.345515, -0.129594, 0.12301, 0.107013]
[0.641675, 0.468993, -0.13717, 0.177347, -0.085322]
[0.658803, 0.377884, -0.144919, 0.138783, -0.027493]
[0.083606, -0.29367, -0.150981, 0.108879, 0.310695]
[-0.046278, 0.218587, -0.147265, 0.25417, 0.214429]
[0.542471, -0.236321, -0.144108, 0.16434, 0.023849]
[-0.136439, -0.409644, -0.131329, 0.106093, -0.113217]
[-0.144133, 0.261668, -0.146485, 0.234578, 0.295859]
[0.57738, -0.233938, -0.123231, 0.116548, -0.019128]
[0.614025, -0.432267, -0.153113, 0.167577, 0.263139]
[-0.171487, -0.036268, -0.143139, 0.196824, 0.139771]
[0.653829, -0.304554, -0.126177, 0.12928, -0.151135]
[0.545851, -0.053096, -0.130592, 0.16127, 0.109105]
[-0.175883, -0.073252, -0.123501, 0.217396, 0.213776]
[0.622268, -0.450605, -0.129334, 0.084381, 0.111146]
[0.045094, 0.422624, -0.144542, 0.225005, -0.141677]
[0.469792, 0.094488, -0.133846, 0.204087, 0.162562]
[-0.075817, 0.361082, -0.125216, 0.218682, -0.091012]
[-0.289093, -0.144795, -0.149695, 0.107993, 0.102636]
[0.153263, 0.138368, -0.150875, 0.211367, -0.049334]
[0.664265, -0.447086, -0.145276, 0.092884, 0.187509]
[0.074838, -0.481372, -0.12183, 0.12068, 0.254976]
[-0.050503, -0.454454, -0.153909, 0.239631, 0.340908]
[0.069245, -0.111801, -0.13576, 0.204422, 0.086313]
[0.671255, 0.270834, -0.154191, 0.228029, 0.118697]
[0.365501, 0.352871, -0.133986, 0.240605, 0.135422]
[0.50943, 0.254257, -0.135009, 0.151956, 0.228276]
[0.371671, -0.221528, -0.149091, 0.088347, -0.050421]
[-0.250041, -0.181822, -0.127886, 0.250411, -0.170751]
[0.677415, -0.059503, -0.143078, 0.201229, -0.131556]
[-0.014874, -0.117561, -0.145864, 0.225422, 0.228366]
[0.20822, -0.030175, -0.142479, 0.188191, -0.004288]
[0.048184, -0.273064, -0.151403, 0.256676, -0.132599]
[0.214254, 0.092123, -0.144083, 0.242612, 0.014824]
[-0.284464, 0.462929, -0.135916, 0.192004, -0.015827]
[0.028288, 0.474925, -0.126612, 0.16657, -0.054888]
[0.565131, 0.041179, -0.117525, 0.213002, 0.170997]
[0.651243, 0.300151, -0.127049, 0.142087, -0.000885]
[0.404114, 0.213217, -0.124605, 0.203894, 0.176437]
[0.035929, 0.336073, -0.122727, 0.209513, 0.019797]
[0.491825, -0.382824, -0.139997, 0.182832, 0.048404]
[0.169131, -0.331131, -0.152392, 0.224344, -0.126636]
[0.079318, -0.103611, -0.155308, 0.184285, -0.160703]
[-0.093173, -0.403677, -0.145353, 0.213272, -0.069023]
[0.198415, -0.01383, -0.1436, 0.111736, 0.055315]
[0.611216, 0.05655, -0.142452, 0.232527, -0.011488]
[0.030484, 0.483136, -0.129612, 0.10849, -0.164886]
[-0.293249, -0.121679, -0.12954, 0.152999, -0.184888]
[0.26574, -0.237872, -0.154233, 0.121717, 0.222714]
[-0.088926, -0.435126, -0.129274, 0.149119, -0.079513]
[0.359367, -0.264807, -0.117555, 0.084917, 0.028847]
[-0.047889, -0.11098, -0.124009, 0.153181, -0.03717]
[-0.142761, -0.451239, -0.144107, 0.097086, 0.211614]
[0.503271, 0.327992, -0.134865, 0.145976, -0.101628]
[-0.130034, -0.309923, -0.150992, 0.181649, -0.116401]
[0.265514, -0.238883, -0.144792, 0.2396, 0.047984]
[0.479191, 0.485903, -0.138223, 0.119906, -0.115912]
[-0.241606, 0.197773, -0.154975, 0.200925, -0.011965]
[0.347806, -0.059498, -0.118948, 0.10152, 0.254104]
[0.511457, 0.357767, -0.130987, 0.242329, 0.202395]
[0.035799, 0.422396, -0.147074, 0.127318, 0.010456]
[0.002734, -0.414934, -0.123594, 0.089879, 0.080394]
[-0.102995, -0.135821, -0.116777, 0.192199, 0.244312]
[-0.238204, 0.258421, -0.122202, 0.213036, 0.140138]
[0.212347, 0.355967, -0.146703, 0.15048, 0.21005]
[0.088994, -0.413878, -0.125978, 0.238288, 0.105092]
[0.245598, 0.000172, -0.141509, 0.159296, 0.127416]
[-0.222883, -0.016764, -0.127716, 0.139206, -0.191019]
[0.102095, -0.055503, -0.155794, 0.125469, 0.197688]
[-0.219085, 0.458038, -0.144669, 0.239008, -0.140937]
[-0.023765, -0.367219, -0.135342, 0.110931, -0.098128]
[0.328023, 0.126685, -0.154124, 0.096202, -0.150425]
[-0.227006, -0.199022, -0.12984, 0.182915, 0.087389]
[0.599512, 0.286299, -0.150824, 0.252588, 0.061259]
[0.022509, 0.320626, -0.135568, 0.220933, -0.169314]
[0.481744, 0.320271, -0.141441, 0.193239, 0.118872]
[0.504154, 0.029582, -0.116743, 0.176277, 0.094836]
[-0.182128, -0.114674, -0.134474, 0.082734, -0.031898]
[0.250309, 0.105701, -0.152961, 0.088657, 0.223561]
[0.404089, 0.354424, -0.116542, 0.234627, 0.087122]
[-0.217565, 0.19485, -0.120523, 0.208894, -0.149622]
[0.184971, 0.146417, -0.154419, 0.239903, 0.124307]
[0.53616, -0.198917, -0.119537, 0.233478, -0.006692]
[0.209336, 0.476704, -0.153235, 0.172794, 0.325247]
[-0.064806, 0.231326, -0.119781, 0.085036, -0.183778]
[0.667677, 0.470105, -0.133322, 0.198675, 0.19031]
[-0.212451, -0.368369, -0.124456, 0.175537, 0.23163]
[0.257011, 0.269741, -0.139222, 0.222466, 0.248497]
[-0.01096, -0.448365, -0.135573, 0.227661, 0.242785]
[0.319444, -0.436724, -0.124667, 0.162192, 0.076225]
[0.138159, 0.348894, -0.143323, 0.223399, 0.319712]
[0.211605, -0.302317, -0.131196, 0.240167, 0.045634]
[0.257146, -0.216423, -0.13407, 0.140318, 0.235524]
[-0.272182, -0.354716, -0.132073, 0.082138, -0.179779]
[0.067459, -0.277989, -0.125816, 0.163964, 0.097541]
[0.62378, 0.185906, -0.118274, 0.193804, 0.290244]
[0.12853, -0.359275, -0.129641, 0.149548, 0.092646]
[-0.260111, 0.09162, -0.1275, 0.081974, 0.176457]
[0.483297, -0.289968, -0.146884, 0.255132, 0.336672]
[0.257796, -0.379186, -0.155257, 0.24259, -0.023435]
[-0.277334, 0.360084, -0.126023, 0.145364, -0.052255]
[0.186774, 0.35855, -0.119058, 0.164253, -0.059266]
[0.088554, -0.415924, -0.125682, 0.126079, 0.100702]
[-0.061453, -0.155755, -0.129756, 0.185567, 0.262194]
[0.656044, 0.044126, -0.149794, 0.108289, 0.180065]
[0.3624, -0.111957, -0.150759, 0.217101, 0.194896]
[-0.002248, 0.253728, -0.128412, 0.149675, -0.074319]
[0.346717, 0.2996, -0.117686, 0.1328, 0.141422]
[-0.145439, 0.443687, -0.123646, 0.147942, -0.159381]
[-0.03881, -0.365346, -0.131451, 0.123355, 0.318302]
[0.047708, -0.18169, -0.121305, 0.147744, 0.297834]
[0.457543, 0.387386, -0.138386, 0.171974, -0.036287]
[0.224285, -0.372131, -0.135751, 0.115268, 0.166601]
[0.516567, 0.268962, -0.152701, 0.179412, 0.003426]
[-0.132027, 0.128897, -0.134874, 0.249681, 0.126349]
[0.426876, 0.387233, -0.143181, 0.216123, 0.09113]
[0.487327, 0.414538, -0.144555, 0.189489, 0.198443]
[-0.206095, -0.444431, -0.126788, 0.237568, 0.064655]
[0.063347, -0.253983, -0.146859, 0.210277, -0.007856]
[0.631997, -0.205269, -0.152204, 0.228275, -0.098717]
[0.203452, 0.336275, -0.12166, 0.113538, 0.11431]
[-0.074101, -0.442814, -0.154449, 0.195443, 0.27913]
[0.642375, 0.46491, -0.135165, 0.199445, 0.339578]
[0.141413, 0.407997, -0.129482, 0.095774, 0.22859]
[0.557915, 0.391982, -0.132806, 0.105896, 0.305353]
[-0.026545, 0.250559, -0.129568, 0.098052, 0.064478]
[0.274556, 0.290405, -0.117099, 0.090863, -0.102819]
[0.347022, -0.068639, -0.154978, 0.125398, -0.071177]
[0.006147, 0.354844, -0.120441, 0.121914, 0.20714]
[0.46972, -0.140524, -0.120407, 0.167999, 0.22095]
[0.476253, -0.492121, -0.127662, 0.257996, -0.08327]
[-0.255504, 0.103299, -0.130745, 0.209829, 0.200532]
[0.285095, -0.394237, -0.136842, 0.121738, -0.19226]
[-0.204706, -0.150532, -0.127824, 0.256646, 0.205911]
[-0.255045, -0.380553, -0.1483, 0.233368, -0.143991]
[0.423507, 0.09305, -0.135689, 0.088777, 0.081672]
[0.665345, -0.172569, -0.140087, 0.116125, 0.037288]
[-0.060115, -0.090007, -0.147769, 0.241879, 0.219089]
[-0.248047, 0.439813, -0.142176, 0.139181, -0.182667]
[-0.230604, 0.350496, -0.133901, 0.100779, 0.204061]
[-0.222535, 0.496247, -0.147169, 0.243864, -0.110916]
[-0.309147, 0.459328, -0.128816, 0.247455, 0.137945]
[-0.236515, 0.383066, -0.141907, 0.098007, -0.117274]
[-0.263092, 0.438984, -0.150049, 0.21501, -0.10444]
[-0.257969, 0.360628, -0.13675, 0.101308, 0.112741]
[-0.291209, 0.461069, -0.119233, 0.115684, -0.122674]
[-0.167783, 0.340235, -0.125976, 0.105457, -0.119001]
[-0.235132, 0.360233, -0.134068, 0.245613, -0.18436]
[-0.245612, 0.460346, -0.116911, 0.147782, -0.174063]
[-0.196198, 0.274568, -0.155914, 0.247609, 0.03307]
[-0.30472, 0.445122, -0.149134, 0.100732, -0.112863]
[-0.163922, 0.498117, -0.146244, 0.19396, -0.080543]
[-0.26215, 0.300462, -0.137192, 0.233997, 0.085506]
[-0.238087, 0.451849, -0.148698, 0.188672, 0.178891]
[-0.190963, 0.407013, -0.14923, 0.123823, 0.314399]
[-0.238888, 0.353024, -0.12407, 0.134045, 0.240374]
[-0.20188, 0.485242, -0.134643, 0.239295, 0.358842]
[-0.261728, 0.490419, -0.124031, 0.141928, -0.015024]
[-0.168227, 0.400491, -0.12312, 0.218544, 0.16689]
[-0.244816, 0.385297, -0.125286, 0.129083, 0.215895]
[-0.203592, 0.419479, -0.125089, 0.172142, 0.191009]
[-0.203113, 0.288517, -0.127367, 0.242455, -0.130063]
[-0.306069, 0.381103, -0.145887, 0.150289, -0.144094]
[-0.281329, 0.458475, -0.130358, 0.136647, 0.229351]
[-0.280822, 0.421023, -0.13394, 0.18532, -0.072483]
[-0.284977, 0.342213, -0.124383, 0.169742, 0.061857]
[-0.256892, 0.449843, -0.153672, 0.192385, 0.185139]
[-0.273294, 0.366701, -0.123743, 0.171669, 0.342068]
[-0.227157, 0.461794, -0.151664, 0.170494, 0.191787]
[-0.259488, 0.385966, -0.124044, 0.228601, 0.043873]
[-0.164198, 0.39872, -0.122424, 0.181924, 0.153609]
[-0.193762, 0.405926, -0.145508, 0.201644, 0.253202]
[-0.212529, 0.320593, -0.138231, 0.166211, 0.022419]
[-0.272182, 0.33594, -0.144791, 0.136728, 0.106972]
[-0.260164, 0.292966, -0.138665, 0.168031, -0.103909]
[-0.17236, 0.356019, -0.121328, 0.181415, 0.315236]
[-0.271436, 0.497585, -0.125517, 0.179245, 0.224505]
[-0.315169, 0.399561, -0.120067, 0.083218, -0.072089]
[-0.274697, 0.338225, -0.142317, 0.176292, 0.190622]
[-0.202987, 0.390499, -0.133489, 0.080336, -0.169738]
[-0.164496, 0.474191, -0.146082, 0.144556, 0.243865]
[-0.218975, 0.404653, -0.140858, 0.087372, -0.151224]
[-0.296397, 0.364369, -0.123032, 0.208877, -0.003793]
[-0.196523, 0.373963, -0.133708, 0.23845, 0.288244]
[-0.289799, 0.295655, -0.143349, 0.159083, 0.075726]
[-0.19185, 0.341203, -0.15543, 0.189982, -0.145976]
[-0.285389, 0.377109, -0.133504, 0.108434, 0.232975]
[-0.218715, 0.499042, -0.130056, 0.213794, -0.058512]
[-0.252117, 0.400048, -0.14763, 0.110009, 0.211286]
[-0.180697, 0.42799, -0.125046, 0.131993, 0.090363]
[-0.240216, 0.274038, -0.145524, 0.208666, 0.225122]
[-0.182834, 0.470402, -0.122568, 0.253847, 0.15745]
[-0.183298, 0.349815, -0.129236, 0.184609, 0.191199]
[-0.178603, 0.465195, -0.154268, 0.25419, 0.322315]
[-0.174898, 0.34234, -0.129674, 0.098489, -0.189897]
[-0.259193, 0.419629, -0.15537, 0.204355, 0.211596]
[-0.202387, 0.352811, -0.154471, 0.208179, 0.334756]
[-0.177584, 0.437077, -0.132522, 0.144876, 0.133369]
[-0.192497, 0.497785, -0.149614, 0.155, -0.030154]
[-0.166474, 0.447781, -0.141294, 0.150861, 0.065567]
[-0.238656, 0.46944, -0.130776, 0.218485, -0.17372]
[-0.304659, 0.290862, -0.131395, 0.161487, 0.082794]
[-0.278184, 0.333167, -0.119799, 0.247879, 0.178915]
[-0.310328, 0.311177, -0.120147, 0.248593, -0.059118]
[-0.193739, 0.384931, -0.130204, 0.16878, 0.332769]
[-0.280064, 0.386724, -0.118493, 0.102398, 0.213295]
[-0.226988, 0.358943, -0.135726, 0.154104, -0.117652]
[-0.176534, 0.383466, -0.145393, 0.086043, 0.081639]
[-0.154314, 0.33162, -0.151932, 0.14986, 0.029892]
[-0.317573, 0.453192, -0.134583, 0.15961, -0.005022]
[-0.239653, 0.428488, -0.123286, 0.25069, 0.197109]
[-0.230632, 0.444598, -0.150667, 0.189048, 0.011123]
[-0.268407, 0.330251, -0.134641, 0.169331, -0.061729]
[-0.300893, 0.494054, -0.150626, 0.18298, 0.307302]
[-0.308559, 0.478803, -0.118344, 0.182285, 0.041632]
[-0.314179, 0.341906, -0.144323, 0.225296, 0.015918]
[-0.276442, 0.473247, -0.129707, 0.158666, 0.185547]
[-0.208208, 0.473271, -0.154308, 0.236308, -0.189288]
[-0.253436, 0.470566, -0.14624, 0.235143, -0.080703]
[-0.193061, 0.364372, -0.134139, 0.251512, 0.115896]
[-0.252701, 0.419894, -0.154107, 0.142178, 0.131909]
[-0.254973, 0.309778, -0.154827, 0.121629, -0.102603]
[-0.238498, 0.351534, -0.118029, 0.203528, -0.185181]
[-0.251138, 0.477849, -0.146297, 0.158213, -0.116338]
[-0.185492, 0.429616, -0.127731, 0.229142, -0.044981]
[-0.243538, 0.478514, -0.125931, 0.112597, -0.124624]
[-0.197507, 0.455362, -0.155137, 0.213592, -0.148556]
[-0.237412, 0.276964, -0.144315, 0.154926, 0.18507]
[-0.233291, 0.371709, -0.146781, 0.194717, 0.101455]
[-0.202236, 0.408543, -0.122411, 0.222792, 0.057338]
[-0.239147, 0.482922, -0.1168, 0.162476, 0.354732]
[-0.232047, 0.347189, -0.14446, 0.172898, 0.212218]
[-0.238102, 0.302784, -0.12227, 0.222191, 0.089577]
[-0.318047, 0.319889, -0.118634, 0.142288, -0.122515]
[-0.173441, 0.35369, -0.143984, 0.236111, -0.09422]
[-0.204226, 0.312585, -0.137533, 0.161677, 0.117329]
[-0.30051, 0.411485, -0.12454, 0.125195, 0.296369]
[-0.27613, 0.32605, -0.133811, 0.166739, 0.077708]
[-0.272701, 0.389957, -0.153091, 0.141654, 0.238766]
[-0.313376, 0.307229, -0.132679, 0.132528, 0.047072]
[-0.265765, 0.465237, -0.126867, 0.102064, 0.135252]
[-0.18376, 0.387055, -0.14787, 0.153538, 0.021195]
[-0.232943, 0.29248, -0.148604, 0.247484, -0.152051]
[-0.202183, 0.33555, -0.145551, 0.185846, -0.046077]
[-0.213333, 0.487074, -0.123459, 0.160132, 0.249748]
[-0.204411, 0.48547, -0.14493, 0.223976, -0.104255]
[-0.239503, 0.383942, -0.13833, 0.119782, 0.248667]
[-0.21686, 0.272992, -0.132559, 0.163705, -0.188205]
[-0.200896, 0.295732, -0.119042, 0.111246, 0.14181]
[-0.260562, 0.367147, -0.151043, 0.168943, 0.223082]
[-0.272632, 0.405605, -0.127217, 0.202971, 0.35062]
[-0.282836, 0.440571, -0.155264, 0.148542, 0.00109]
[-0.266479, 0.444049, -0.133401, 0.14779, 0.044991]
[-0.197395, 0.457098, -0.125154, 0.171058, -0.091144]
[-0.228381, 0.492928, -0.141618, 0.101731, -0.170231]
[-0.160141, 0.346904, -0.144622, 0.187321, 0.203573]
[-0.246232, 0.475548, -0.129983, 0.143773, 0.012848]
[-0.3104, 0.390704, -0.132753, 0.240732, 0.317592]
[-0.297187, 0.378782, -0.118178, 0.083911, 0.32107]
[-0.242662, 0.43365, -0.125278, 0.092504, 0.194824]
[-0.262964, 0.311296, -0.142097, 0.207436, 0.25295]
[-0.217164, 0.281788, -0.128984, 0.180395, -0.167839]
[-0.197634, 0.326631, -0.120885, 0.190896, -0.135137]
[-0.248265, 0.350208, -0.146233, 0.239874, 0.19754]
[-0.208902, 0.44054, -0.15445, 0.130677, -0.175205]
[-0.267296, 0.434948, -0.13212, 0.217019, -0.116428]
[-0.297822, 0.305552, -0.128972, 0.227915, 0.118929]
[-0.199164, 0.289783, -0.138605, 0.232797, -0.07265]
[-0.179244, 0.46228, -0.153484, 0.172584, 0.297455]
[-0.249314, 0.423321, -0.146865, 0.212858, 0.278192]
[-0.157414, 0.356151, -0.153498, 0.096728, 0.29067]
[-0.271849, 0.352228, -0.137151, 0.222614, 0.050269]
[-0.213869, 0.453271, -0.14987, 0.18354, 0.101926]
[-0.207645, 0.454934, -0.12335, 0.082158, 0.000891]
[-0.273276, 0.426916, -0.123574, 0.115954, -0.147798]
[-0.231296, 0.335491, -0.148338, 0.19309, 0.184704]
[-0.232993, 0.429533, -0.127215, 0.188011, 0.114023]
[-0.266902, 0.457614, -0.148046, 0.215247, 0.158996]
[-0.246102, 0.278063, -0.153055, 0.095842, 0.215469]
[-0.288058, 0.28449, -0.147961, 0.151434, 0.134485]
[-0.298169, 0.444641, -0.132817, 0.226611, 0.260275]
[-0.296118, 0.45763, -0.125022, 0.220399, 0.294572]
[-0.275037, 0.352883, -0.121295, 0.246485, 0.05327]
[-0.273575, 0.486711, -0.149992, 0.242445, 0.022033]
[-0.28241, 0.372437, -0.13794, 0.236758, 0.284436]
[-0.26517, 0.434927, -0.131336, 0.191946, 0.097203]
[-0.252191, 0.461798, -0.152407, 0.222422, -0.189067]
[-0.153583, 0.322885, -0.152199, 0.133884, 0.060005]
[-0.310793, 0.426076, -0.119887, 0.163131, 0.050637]
[-0.235838, 0.355546, -0.128535, 0.124807, 0.272898]
[-0.162071, 0.353039, -0.130075, 0.230996, 0.122575]
[-0.188279, 0.431123, -0.14566, 0.243925, 0.105515]
[-0.250783, 0.496983, -0.153088, 0.155432, 0.061629]
[-0.304448, 0.474642, -0.134373, 0.137033, 0.044019]
[-0.297164, 0.274219, -0.138743, 0.100472, 0.000178]
[-0.244176, 0.318327, -0.138059, 0.23933, -0.097813]
[-0.249931, 0.344625, -0.141029, 0.131002, 0.310674]
[-0.290193, 0.401849, -0.13778, 0.222743, 0.277324]
[-0.281566, 0.39116, -0.121443, 0.205323, -0.007103]
[-0.239518, 0.303148, -0.153423, 0.255997, -0.158057]
[-0.283706, 0.384705, -0.152344, 0.243816, 0.117564]
[-0.317781, 0.333742, -0.13597, 0.182742, 0.219572]
[-0.186672, 0.385829, -0.12823, 0.185024, 0.05268]
[-0.255214, 0.297999, -0.134494, 0.239048, 0.308633]
[-0.206201, 0.458661, -0.131181, 0.250341, 0.099178]
[-0.250291, 0.297726, -0.14497, 0.210248, 0.353039]
[-0.18743, 0.496985, -0.136183, 0.142854, 0.010418]
[-0.256381, 0.353668, -0.146405, 0.165775, 0.025612]
[-0.211253, 0.395733, -0.15105, 0.121325, -0.134107]
[-0.187607, 0.470778, -0.116683, 0.220665, -0.113519]
[-0.287797, 0.279615, -0.135102, 0.192169, 0.280863]
[-0.168, 0.360973, -0.121552, 0.106113, 0.227174]
[-0.223375, 0.400143, -0.134048, 0.196559, -0.050759]
[-0.260849, 0.468913, -0.130456, 0.10257, 0.123728]
[-0.264405, 0.457022, -0.142734, 0.091822, -0.125558]
[-0.207704, 0.470387, -0.146225, 0.19872, 0.098329]
[-0.292164, 0.337966, -0.120806, 0.161489, 0.335424]
[-0.285228, 0.410749, -0.14311, 0.254301, -0.017129]
[-0.224029, 0.45605, -0.153608, 0.182355, 0.073812]
[-0.285476, 0.399834, -0.125651, 0.226811, 0.242652]
[-0.297656, 0.498782, -0.143859, 0.168651, 0.169044]
[-0.310237, 0.437392, -0.146742, 0.128939, -0.041116]
[-0.22821, 0.401985, -0.129201, 0.174659, -0.065618]
[-0.28228, 0.421934, -0.117568, 0.149627, -0.06305]
[-0.287905, 0.470307, -0.150819, 0.142113, -0.085319]
[-0.284833, 0.401516, -0.120606, 0.199793, 0.278737]
[-0.260559, 0.467157, -0.128927, 0.176313, -0.185084]
[-0.237057, 0.291167, -0.126265, 0.220728, 0.159858]
[-0.231879, 0.338492, -0.124498, 0.249336, 0.227998]
[-0.154953, 0.284832, -0.142078, 0.200858, 0.31821]
[-0.311552, 0.348521, -0.123237, 0.162092, 0.082129]
[-0.25501, 0.276666, -0.153537, 0.147514, -0.038918]
[-0.187789, 0.286106, -0.123265, 0.211125, -0.158809]
[-0.256769, 0.387202, -0.141992, 0.220329, 0.263897]
[-0.312878, 0.439035, -0.125652, 0.120408, 0.134298]
[-0.273425, 0.473873, -0.122083, 0.16827, 0.264996]
[-0.206295, 0.38922, -0.117799, 0.1502, -0.181988]
[-0.282593, 0.300254, -0.120691, 0.108402, -0.061865]
[-0.238414, 0.311174, -0.152161, 0.131161, -0.139363]
[-0.248823, 0.279847, -0.149777, 0.116274, 0.27564]
[-0.198948, 0.417957, -0.126563, 0.229353, 0.246828]
[-0.263071, 0.406385, -0.149857, 0.206134, -0.039541]
[-0.184168, 0.466274, -0.154474, 0.084701, 0.185906]
[-0.20236, 0.417026, -0.122671, 0.211817, 0.134878]
[-0.204338, 0.37709, -0.122085, 0.092981, -0.185195]
[-0.261429, 0.307763, -0.136983, 0.223283, 0.015895]
[-0.250577, 0.44186, -0.123855, 0.174171, -0.088587]
[-0.273874, 0.277449, -0.154735, 0.088472, -0.093917]
[-0.228112, 0.287344, -0.129192, 0.150452, -0.165296]
[-0.306379, 0.328607, -0.155612, 0.236698, 0.232139]
[-0.28716, 0.489738, -0.13911, 0.183597, 0.185196]
[-0.312785, 0.387944, -0.118225, 0.230959, 0.170611]
[-0.275419, 0.407946, -0.118987, 0.145679, 0.342607]
[-0.216166, 0.279831, -0.120158, 0.140036, -0.023917]
[-0.163787, 0.397254, -0.148947, 0.22538, 0.121577]
[-0.168699, 0.437253, -0.135305, 0.102528, 0.011377]
[-0.187371, 0.467827, -0.141345, 0.194332, 0.292177]
[-0.316248, 0.295395, -0.140743, 0.186824, -0.184342]
[-0.29462, 0.429697, -0.120959, 0.108351, 0.187119]
[-0.195274, 0.37976, -0.143644, 0.110295, -0.161103]
[-0.305965, 0.345698, -0.125748, 0.149059, 0.211762]
[-0.225487, 0.40789, -0.117265, 0.181402, 0.000191]
[-0.283624, 0.38467, -0.116621, 0.159956, -0.09505]
[-0.20371, 0.378699, -0.120664, 0.122171, 0.103884]
[-0.248778, 0.34875, -0.138747, 0.257645, -0.006258]
[-0.16649, 0.447535, -0.155141, 0.127724, 0.272555]
[-0.19465, 0.471253, -0.153733, 0.21977, 0.315308]
[-0.269266, 0.296935, -0.146946, 0.097977, 0.308815]
[-0.173647, 0.396524, -0.149758, 0.150689, -0.106271]
[-0.204196, 0.420549, -0.124196, 0.114306, 0.260581]
[-0.221194, 0.370818, -0.122251, 0.132881, -0.17724]
[-0.230833, 0.489322, -0.134262, 0.145488, -0.094593]
[-0.29968, 0.404952, -0.150926, 0.126861, 0.224576]
[-0.281316, 0.411271, -0.119584, 0.123395, 0.195451]
[-0.219494, 0.361025, -0.144696, 0.235228, 0.339949]
[-0.184853, 0.391881, -0.145333, 0.227589, -0.148998]
[-0.296708, 0.428655, -0.128687, 0.110913, 0.349635]
[-0.262524, 0.277954, -0.121606, 0.241328, 0.034839]
[-0.154495, 0.420716, -0.153176, 0.24114, 0.021052]
[-0.191301, 0.496971, -0.13316, 0.134064, 0.234442]
[-0.304781, 0.365892, -0.124187, 0.079368, 0.170195]
[-0.168846, 0.293835, -0.124376, 0.194689, 0.020422]
[-0.266417, 0.464839, -0.117617, 0.19564, 0.269984]
[-0.289949, 0.427974, -0.130231, 0.191033, 0.174525]
[-0.293106, 0.36016, -0.142269, 0.091188, 0.139652]
[-0.277286, 0.307663, -0.119235, 0.111218, 0.113862]
[-0.170588, 0.454871, -0.135859, 0.218564, 0.173806]
[-0.21691, 0.417714, -0.124911, 0.236899, 0.141252]
[-0.284656, 0.330424, -0.13915, 0.202868, 0.343436]
[-0.293166, 0.487607, -0.126478, 0.115952, 0.155813]
[-0.292368, 0.383868, -0.145296, 0.107162, -0.163767]
[-0.282794, 0.40913, -0.124709, 0.137699, 0.269098]
[-0.303216, 0.276747, -0.129164, 0.175402, 0.16828]
[-0.178001, 0.494375, -0.155602, 0.218854, -0.127738]
[-0.315063, 0.411864, -0.125909, 0.169624, -0.188275]
[-0.25858, 0.395383, -0.129076, 0.164091, 0.057009]
[-0.202496, 0.408624, -0.146278, 0.240615, 0.072117]
[-0.236172, 0.310281, -0.155239, 0.178482, -0.139401]
[-0.214493, 0.375267, -0.155698, 0.142406, 0.253737]
[-0.280129, 0.445133, -0.131713, 0.119313, 0.026774]
[-0.215414, 0.499324, -0.145158, 0.121413, 0.149184]
[-0.186073, 0.47805, -0.142423, 0.165676, -0.040855]
[-0.177687, 0.489671, -0.135157, 0.096758, -0.132952]
[-0.262221, 0.469799, -0.1535, 0.228426, -0.019236]
[-0.20673, 0.444699, -0.144115, 0.246763, -0.115841]
[-0.297731, 0.38594, -0.141326, 0.148156, 0.076966]
[-0.178672, 0.337113, -0.150545, 0.150274, -0.129625]
[-0.241748, 0.475688, -0.131221, 0.107196, 0.150657]
[-0.201669, 0.412379, -0.15364, 0.090718, 0.075507]
[-0.308341, 0.494225, -0.128806, 0.12891, 0.237142]
[-0.25896, 0.49357, -0.152376, 0.140975, 0.196187]
[-0.293111, 0.413205, -0.130338, 0.217337, 0.083348]
[-0.235348, 0.479429, -0.132109, 0.256606, 0.253148]
[-0.300687, 0.380137, -0.142787, 0.16995, 0.235504]
[-0.289434, 0.377523, -0.154479, 0.13904, 0.204848]
[-0.22999, 0.452263, -0.148365, 0.168158, 0.17425]
[-0.19824, 0.470489, -0.131505, 0.11699, -0.166362]
[-0.228649, 0.476394, -0.135412, 0.211196, 0.127609]
[-0.300193, 0.349426, -0.134829, 0.148563, -0.091534]
[-0.190416, 0.428449, -0.135819, 0.214769, 0.276325]
[-0.184598, 0.29725, -0.146721, 0.212779, 0.291927]
[-0.157077, 0.398046, -0.14066, 0.211812, -0.041354]
[-0.165795, 0.489002, -0.135358, 0.160107, 0.325953]
[-0.27913, 0.415872, -0.123698, 0.114046, -0.031025]
[-0.207107, 0.446267, -0.136, 0.165652, 0.095419]
[-0.192946, 0.347878, -0.154503, 0.141427, -0.15388]
[-0.192652, 0.432612, -0.12468, 0.121498, 0.337929]
[-0.216268, 0.341878, -0.130638, 0.236637, 0.045149]
[-0.184272, 0.48455, -0.127509, 0.232119, 0.094421]
[-0.279956, 0.276092, -0.145365, 0.252847, 0.022462]
[-0.194676, 0.421337, -0.124247, 0.192992, -0.15956]
[-0.2805, 0.489619, -0.149115, 0.128901, 0.096348]
[-0.196985, 0.37413, -0.145333, 0.114656, -0.013334]
[-0.303587, 0.328733, -0.153632, 0.089839, -0.141768]
[-0.175131, 0.328161, -0.149004, 0.233188, 0.054606]
[-0.275441, 0.407884, -0.149183, 0.133308, 0.190451]
[-0.250861, 0.320455, -0.149273, 0.257146, 0.058528]
[-0.182821, 0.374901, -0.148138, 0.175454, -0.026422]
[-0.270853, 0.364554, -0.13123, 0.142392, 0.120662]
[-0.219993, 0.409895, -0.119304, 0.176214, -0.062308]
[-0.216541, 0.314488, -0.131007, 0.097307, -0.057807]
[-0.2479, 0.350377, -0.129147, 0.114073, 0.280821]
[-0.286595, 0.292593, -0.151609, 0.214764, 0.243414]
[-0.229507, 0.329797, -0.155669, 0.185514, 0.019264]
[-0.170768, 0.441464, -0.135109, 0.216804, -0.088983]
[-0.170591, 0.289294, -0.153685, 0.222238, 0.325678]
[-0.164581, 0.387422, -0.136402, 0.24442, 0.128967]
[-0.267823, 0.303619, -0.143166, 0.18641, -0.140721]
[-0.193801, 0.360391, -0.118381, 0.194392, 0.311947]
[-0.261585, 0.462817, -0.116307, 0.156576, 0.336516]
[-0.236255, 0.424914, -0.132937, 0.22107, 0.132642]
[-0.189349, 0.491562, -0.145387, 0.190979, 0.357223]
[-0.226301, 0.353585, -0.147582, 0.093469, 0.113579]
[-0.271554, 0.473046, -0.145255, 0.243083, -0.132409]
[-0.214717, 0.44682, -0.155786, 0.222353, -0.113587]
[-0.176216, 0.363482, -0.116768, 0.245786, -0.054039]
[-0.227899, 0.342993, -0.128259, 0.14883, -0.077892]
[-0.31887, 0.455349, -0.137134, 0.082628, 0.103152]
[-0.197693, 0.366334, -0.121322, 0.114956, 0.320862]
[-0.167414, 0.340494, -0.154771, 0.183143, -0.080971]
[-0.163531, 0.357818, -0.140579, 0.236466, -0.122517]
[-0.223597, 0.322153, -0.146296, 0.205712, -0.071393]
[-0.203685, 0.345806, -0.145611, 0.253738, 0.334123]
[-0.303104, 0.312037, -0.117022, 0.153855, 0.197531]
[-0.305841, 0.323314, -0.145425, 0.125166, 0.114479]
[-0.286341, 0.451486, -0.145095, 0.092618, 0.344769]
[-0.20464, 0.289086, -0.148306, 0.147955, 0.044344]
[-0.173344, 0.278647, -0.121038, 0.105279, -0.134345]
[-0.234982, 0.452898, -0.132665, 0.198065, -0.070563]
[-0.205526, 0.360177, -0.140793, 0.219434, -0.158258]
[-0.28834, 0.372616, -0.151255, 0.191496, -0.116349]
[-0.260021, 0.446986, -0.138642, 0.205108, 0.145697]
[-0.167632, 0.437865, -0.124418, 0.085485, 0.257715]
[-0.160506, 0.47373, -0.119833, 0.1289, 0.249829]
[-0.206966, 0.461487, -0.143213, 0.179002, 0.209366]
[-0.215457, 0.401671, -0.151589, 0.210161, 0.164933]
[-0.199016, 0.319673, -0.144942, 0.235244, 0.128301]
[-0.222095, 0.407984, -0.13255, 0.228679, 0.198361]
[-0.2796, 0.46008, -0.151973, 0.177324, -0.095754]
[-0.220583, 0.284654, -0.12428, 0.167824, 0.363304]
[-0.309533, 0.454608, -0.135392, 0.153566, 0.164376]
[-0.201533, 0.383491, -0.1287, 0.21509, -0.033909]
[-0.182912, 0.424532, -0.149662, 0.158111, -0.000323]
[-0.189842, 0.393708, -0.151417, 0.094688, 0.129142]
[-0.206847, 0.491086, -0.128592, 0.190129, 0.168762]
[-0.312938, 0.327904, -0.155676, 0.182566, 0.029285]
[-0.214869, 0.385229, -0.145174, 0.166408, -0.110994]
[-0.208164, 0.400511, -0.145191, 0.113959, -0.098091]
[-0.231029, 0.493847, -0.125037, 0.190532, 0.163697]
[-0.180267, 0.335626, -0.121458, 0.244894, 0.288625]
[-0.271973, 0.329115, -0.14186, 0.186648, -0.031812]
[-0.213464, 0.401343, -0.14091, 0.117054, -0.192572]
[-0.265554, 0.48835, -0.133228, 0.220323, -0.063784]
[-0.226526, 0.448092, -0.146206, 0.150603, 0.082249]
[-0.264593, 0.361239, -0.133101, 0.195731, 0.175125]
[-0.21589, 0.317227, -0.129141, 0.128146, 0.306361]
[-0.288116, 0.38686, -0.154124, 0.24596, 0.30776]
[-0.237324, 0.313088, -0.146084, 0.209948, 0.215065]
[-0.248088, 0.309486, -0.139965, 0.10253, 0.12204]
[-0.190057, 0.343827, -0.153204, 0.226569, -0.162099]
[-0.238751, 0.450939, -0.153029, 0.131252, -0.17295]
[-0.154122, 0.313828, -0.139307, 0.146427, 0.328061]
[-0.233754, 0.477466, -0.131815, 0.215654, 0.061579]
[-0.237567, 0.386661, -0.136353, 0.100337, 0.320878]
[-0.182737, 0.451979, -0.130157, 0.165079, -0.021937]
[-0.280528, 0.362109, -0.129799, 0.105937, 0.021301]
[-0.254453, 0.284477, -0.145969, 0.230487, 0.216754]
[-0.296148, 0.281939, -0.150826, 0.155151, 0.236326]
[-0.263238, 0.363868, -0.143231, 0.221478, -0.143629]
[-0.309446, 0.388273, -0.116935, 0.146513, 0.066386]
[-0.290765, 0.329633, -0.136424, 0.175845, 0.211499]
[-0.266934, 0.377401, -0.133045, 0.231077, 0.326145]
[-0.244194, 0.387489, -0.146462, 0.085932, -0.090484]
[-0.254541, 0.452497, -0.125572, 0.095035, 0.185911]
[-0.198772, 0.438081, -0.141668, 0.158274, 0.029946]
[-0.274405, 0.311174, -0.118092, 0.184405, -0.15391]
[-0.208786, 0.400772, -0.149212, 0.146572, 0.30772]
[-0.26603, 0.326834, -0.130258, 0.239773, 0.122191]
[-0.248646, 0.322338, -0.117734, 0.255408, -0.18783]
[-0.31709, 0.370799, -0.14285, 0.155552, -0.036578]
[-0.159798, 0.302443, -0.14396, 0.255209, 0.32803]
[-0.221862, 0.341369, -0.123495, 0.127962, 0.07147]
[-0.250229, 0.341249, -0.14224, 0.156277, 0.055485]
[-0.279074, 0.323113, -0.144204, 0.180407, -0.03773]
[-0.202005, 0.413082, -0.127337, 0.085285, -0.008443]
[-0.305973, 0.420914, -0.150413, 0.135611, 0.165363]
[-0.225589, 0.312895, -0.151146, 0.117413, 0.097908]
[-0.219431, 0.32893, -0.132149, 0.147614, -0.185026]
[-0.245154, 0.439096, -0.135789, 0.091136, 0.224755]
[-0.246546, 0.381657, -0.126267, 0.107462, -0.062233]
[-0.272832, 0.318327, -0.11771, 0.161708, 0.01104]
[-0.200381, 0.459235, -0.139041, 0.244194, -0.033652]
[-0.309001, 0.473519, -0.124124, 0.240794, 0.08441]
[-0.172607, 0.360134, -0.149071, 0.13422, 0.230775]
[-0.182848, 0.479682, -0.137751, 0.225219, -0.125555]
[-0.226348, 0.327776, -0.128068, 0.230935, 0.101992]
[-0.166474, 0.407032, -0.15027, 0.096039, -0.14774]
[-0.285098, 0.363461, -0.119606, 0.254438, -0.028152]
[-0.202475, 0.297532, -0.141874, 0.102086, 0.262828]
[-0.177673, 0.397495, -0.126209, 0.142739, -0.192507]
[-0.156359, 0.336927, -0.151257, 0.12521, 0.054842]
[-0.301079, 0.302485, -0.154376, 0.101748, 0.207493]
[-0.249241, 0.34957, -0.154142, 0.188504, 0.106453]
[-0.243539, 0.401389, -0.127794, 0.151308, 0.308983]
[-0.164525, 0.40492, -0.141997, 0.13787, 0.306596]
[-0.274218, 0.380849, -0.129956, 0.179362, 0.088032]
[-0.167891, 0.440104, -0.13635, 0.211535, 0.101889]
[-0.271127, 0.318104, -0.12101, 0.166576, -0.078368]
[-0.202602, 0.279893, -0.116417, 0.106508, 0.119496]
[-0.218399, 0.446197, -0.154419, 0.233454, -0.180615]
[-0.171998, 0.458005, -0.120924, 0.253984, 0.163374]
[-0.188831, 0.482808, -0.140077, 0.182089, 0.083552]
[-0.211996, 0.273505, -0.121113, 0.16931, 0.266075]
[-0.165362, 0.291741, -0.128199, 0.241555, -0.011584]
[-0.210796, 0.393934, -0.12429, 0.12594, -0.068131]
[-0.308842, 0.286613, -0.146877, 0.243251, -0.045618]
[-0.238093, 0.319146, -0.120253, 0.206516, -0.056748]
[-0.270858, 0.345053, -0.135547, 0.157979, -0.057073]
[-0.200341, 0.493471, -0.13858, 0.083231, 0.245304]
[-0.21117, 0.439173, -0.154204, 0.119097, 0.088957]
[-0.276296, 0.458374, -0.144472, 0.104925, 0.133754]
[-0.221939, 0.43029, -0.150816, 0.110043, -0.0917]
[-0.208851, 0.275056, -0.126396, 0.111559, 0.313968]
[-0.195411, 0.398204, -0.133311, 0.17062, 0.278952]
[-0.171411, 0.489066, -0.132103, 0.093383, 0.30648]
[-0.269345, 0.450927, -0.137568, 0.126709, 0.343546]
[-0.250892, 0.377539, -0.138473, 0.128481, 0.059297]
[-0.164178, 0.480301, -0.132385, 0.213436, -0.078744]
[-0.25741, 0.309827, -0.137614, 0.164247, -0.056129]
[-0.220613, 0.443372, -0.122632, 0.208248, 0.144298]
[-0.18347, 0.324192, -0.13336, 0.246567, 0.293138]
[-0.215943, 0.468863, -0.121857, 0.25833, -0.000926]
[-0.29758, 0.478761, -0.141011, 0.07962, 0.05072]
[-0.246574, 0.370157, -0.131258, 0.211563, -0.03773]
[-0.233931, 0.394089, -0.153438, 0.253826, -0.049493]
[-0.264974, 0.392433, -0.142518, 0.169781, 0.261618]
[-0.279289, 0.365049, -0.120702, 0.085898, -0.086452]
[-0.192312, 0.366893, -0.136132, 0.141728, -0.159777]
[-0.15914, 0.325463, -0.135748, 0.155988, -0.130738]
[-0.28752, 0.381577, -0.154423, 0.256494, 0.289949]
[-0.282919, 0.401112, -0.137163, 0.176052, 0.021788]
[-0.247529, 0.327946, -0.139607, 0.243711, 0.082864]
[-0.292517, 0.333478, -0.126991, 0.089681, 0.239954]
[-0.174178, 0.495214, -0.131902, 0.257938, 0.03927]
[-0.243551, 0.385668, -0.123874, 0.127801, -0.152476]
[-0.294844, 0.286884, -0.143801, 0.188146, 0.001333]
[-0.239925, 0.336482, -0.125389, 0.182564, 0.347968]
[-0.286589, 0.491455, -0.127871, 0.091348, 0.245484]
[-0.290876, 0.456642, -0.136981, 0.193918, 0.329534]
[-0.195327, 0.482635, -0.148466, 0.209752, 0.141452]
[-0.15962, 0.446183, -0.141474, 0.195576, 0.164318]
[-0.29893, 0.437782, -0.148382, 0.163144, 0.311637]
[-0.17317, 0.385514, -0.150839, 0.225087, 0.153392]
[-0.274388, 0.317308, -0.131963, 0.216497, 0.217943]
[-0.314475, 0.36783, -0.152546, 0.236653, 0.284758]
[-0.241027, 0.392783, -0.14972, 0.237993, 0.32175]
[-0.156159, 0.485379, -0.145357, 0.209799, 0.155702]
[-0.289623, 0.492217, -0.132426, 0.237681, 0.188989]
[-0.269856, 0.347006, -0.12699, 0.15267, 0.328798]
[-0.318508, 0.326522, -0.145368, 0.229584, 0.260263]
[-0.234826, 0.393772, -0.150605, 0.20997, 0.357399]
[-0.177677, 0.283313, -0.121462, 0.213855, 0.182968]
[-0.195293, 0.492507, -0.126685, 0.206526, 0.343763]
[-0.167046, 0.356051, -0.141882, 0.232031, 0.313252]
[-0.284014, 0.357422, -0.125108, 0.196772, 0.201997]
[-0.28147, 0.450874, -0.128129, 0.243353, 0.32784]
[-0.177411, 0.366509, -0.137231, 0.253264, 0.319924]
[-0.154091, 0.452543, -0.145114, 0.14656, 0.328808]
[-0.241136, 0.437252, -0.148624, 0.230937, 0.291481]
[-0.243674, 0.360127, -0.138543, 0.232222, 0.198848]
[-0.162648, 0.309096, -0.127463, 0.224727, 0.261867]
[-0.271458, 0.337936, -0.154822, 0.211218, 0.34828]
[-0.236187, 0.477564, -0.129621, 0.16651, 0.144895]
[-0.198778, 0.473902, -0.125327, 0.240847, 0.326962]
[-0.273836, 0.310831, -0.131174, 0.244118, 0.223277]
[-0.258286, 0.403584, -0.131937, 0.201647, 0.291302]
[-0.263532, 0.331736, -0.119867, 0.218164, 0.226929]
[-0.289224, 0.422959, -0.14591, 0.145, 0.176661]
[-0.187025, 0.322243, -0.124232, 0.198904, 0.16564]
[-0.306234, 0.480323, -0.147539, 0.244465, 0.144911]
[-0.312038, 0.299495, -0.123466, 0.185734, 0.139699]
[-0.233762, 0.327721, -0.137289, 0.200309, 0.144992]
[-0.259883, 0.496447, -0.145953, 0.248175, 0.1667]
[-0.172705, 0.3117, -0.141279, 0.221611, 0.165888]
[-0.210775, 0.428646, -0.139175, 0.249124, 0.188796]
[-0.235568, 0.453334, -0.123132, 0.183036, 0.321268]
[-0.194833, 0.444778, -0.151595, 0.190482, 0.361752]
[-0.236528, 0.372845, -0.116717, 0.21237, 0.281203]
[-0.208662, 0.433597, -0.140847, 0.164375, 0.25557]
[-0.279098, 0.388256, -0.153781, 0.180758, 0.225215]
[-0.178578, 0.328468, -0.146275, 0.243522, 0.176986]
[-0.271422, 0.464322, -0.135371, 0.150533, 0.322233]
[-0.22023, 0.484585, -0.121897, 0.191297, 0.284962]
[-0.182689, 0.379048, -0.154075, 0.189211, 0.278176]
[-0.259067, 0.347797, -0.117555, 0.243698, 0.155872]
[-0.190492, 0.39774, -0.149661, 0.178214, 0.25534]
[-0.182685, 0.457385, -0.140143, 0.191958, 0.226208]
[-0.16816, 0.302544, -0.131427, 0.166381, 0.199459]
[-0.167777, 0.406924, -0.126657, 0.247567, 0.195646]
[-0.255174, 0.342459, -0.137201, 0.228079, 0.253237]
[-0.231679, 0.4283, -0.150915, 0.16226, 0.26871]
[-0.290314, 0.357898, -0.131972, 0.18784, 0.3327]
[-0.238839, 0.334117, -0.130041, 0.215473, 0.139725]
[-0.164035, 0.43741, -0.134988, 0.192994, 0.192713]
[-0.309094, 0.361014, -0.153618, 0.152908, 0.273671]
[-0.180254, 0.378401, -0.12595, 0.158841, 0.14568]
[-0.19224, 0.482997, -0.129238, 0.240202, 0.328726]
[-0.293807, 0.490245, -0.117612, 0.166469, 0.246523]
[-0.260113, 0.499047, -0.135055, 0.214116, 0.222098]
[-0.257941, 0.38681, -0.137226, 0.180671, 0.309178]
[-0.301857, 0.454648, -0.137264, 0.145437, 0.214073]
[-0.189536, 0.275478, -0.155198, 0.246033, 0.302711]
[-0.297443, 0.373596, -0.154024, 0.147034, 0.264967]
[-0.314154, 0.477459, -0.145421, 0.240421, 0.240572]
[-0.176485, 0.32537, -0.152621, 0.200947, 0.27044]
[-0.213597, 0.477195, -0.153193, 0.180537, 0.160204]
[-0.159956, 0.498589, -0.154997, 0.246515, 0.165843]
[-0.285022, 0.288179, -0.117014, 0.154602, 0.142264]
[-0.257314, 0.489424, -0.149665, 0.216612, 0.242714]
[-0.179976, 0.480698, -0.155858, 0.148279, 0.283445]
[-0.195188, 0.443106, -0.140138, 0.144881, 0.346734]
[-0.292986, 0.312869, -0.131113, 0.149685, 0.276856]
[-0.276059, 0.477312, -0.150557, 0.184421, 0.212774]
[-0.266631, 0.477585, -0.152025, 0.193938, 0.175303]
[-0.233375, 0.405956, -0.155344, 0.209895, 0.167014]
[-0.308298, 0.430102, -0.116918, 0.243054, 0.340964]
[-0.251761, 0.423491, -0.150214, 0.203714, 0.316522]
[-0.207582, 0.287606, -0.126326, 0.213829, 0.288122]
[-0.298811, 0.283475, -0.142995, 0.176811, 0.339361]
[-0.22854, 0.382906, -0.144632, 0.225831, 0.143901]
[-0.288517, 0.431644, -0.155573, 0.203243, 0.171818]
[-0.211446, 0.450224, -0.130154, 0.197108, 0.311761]
[-0.216187, 0.304254, -0.150142, 0.232827, 0.302075]
[-0.274061, 0.424795, -0.139541, 0.246156, 0.244822]
[-0.298426, 0.381049, -0.137982, 0.169743, 0.219282]
[-0.281853, 0.39303, -0.145528, 0.223367, 0.199957]
[-0.281191, 0.295301, -0.148099, 0.143301, 0.29379]
[-0.25507, 0.280842, -0.145128, 0.185736, 0.249889]
[-0.308827, 0.377675, -0.134267, 0.185302, 0.190778]
[-0.186039, 0.487618, -0.154515, 0.158319, 0.219993]
[-0.214908, 0.358334, -0.151591, 0.244532, 0.232262]
[-0.30071, 0.438643, -0.142309, 0.217789, 0.286326]
[-0.189939, 0.300733, -0.141385, 0.154187, 0.283851]
[-0.21514, 0.454461, -0.116327, 0.20649, 0.180183]
[-0.29597, 0.462712, -0.12165, 0.255278, 0.302084]
[-0.259782, 0.455714, -0.116906, 0.242423, 0.225205]
[-0.181033, 0.349741, -0.147718, 0.189505, 0.2085]
[-0.2656, 0.438901, -0.149309, 0.170603, 0.296501]
[-0.196811, 0.454833, -0.134241, 0.219732, 0.17195]
[-0.17315, 0.31034, -0.149143, 0.258119, 0.282273]
[-0.235094, 0.457928, -0.148319, 0.241343, 0.290975]
[-0.248361, 0.435325, -0.14413, 0.178883, 0.316442]
[-0.266207, 0.293658, -0.141361, 0.206581, 0.314134]
[-0.205867, 0.287851, -0.130066, 0.25548, 0.230396]
[-0.168661, 0.403975, -0.118811, 0.194109, 0.24302]
[-0.177639, 0.387294, -0.12878, 0.146505, 0.163598]
[-0.30407, 0.466847, -0.129536, 0.255715, 0.29505]
[-0.205341, 0.436803, -0.125731, 0.179396, 0.22904]
[-0.262326, 0.389503, -0.141123, 0.164513, 0.223516]
[-0.211025, 0.388435, -0.147423, 0.227213, 0.211703]
[-0.296674, 0.367141, -0.12128, 0.160088, 0.217108]
[-0.289412, 0.364829, -0.15395, 0.258014, 0.284085]
[-0.17289, 0.276252, -0.121378, 0.21513, 0.222057]
[-0.292794, 0.317218, -0.133924, 0.252023, 0.250542]
[-0.258511, 0.493396, -0.145521, 0.204829, 0.329701]
[-0.306985, 0.290463, -0.117316, 0.182155, 0.157524]
[-0.292438, 0.40411, -0.134769, 0.194374, 0.297147]
[-0.198506, 0.373358, -0.145681, 0.204587, 0.354526]
[-0.21994, 0.489853, -0.151714, 0.169006, 0.343341]
[-0.205081, 0.410223, -0.134923, 0.244825, 0.232381]
[-0.175175, 0.430207, -0.118255, 0.195716, 0.178021]
[-0.271375, 0.416195, -0.155301, 0.230737, 0.164385]
[-0.183513, 0.276974, -0.131539, 0.160932, 0.293781]
[-0.296037, 0.36016, -0.132187, 0.209655, 0.290851]
[-0.259206, 0.325232, -0.14266, 0.238845, 0.189858]
[-0.184649, 0.331487, -0.119481, 0.197626, 0.286767]
[-0.250858, 0.399243, -0.132231, 0.179769, 0.185687]
[-0.268466, 0.448438, -0.138095, 0.153153, 0.229962]
[-0.266928, 0.276934, -0.14754, 0.245429, 0.181012]
[-0.178937, 0.453374, -0.116409, 0.150904, 0.216834]
[-0.15735, 0.34289, -0.15473, 0.156995, 0.229585]
[-0.212189, 0.377904, -0.117187, 0.240758, 0.181176]
[-0.20766, 0.443881, -0.129571, 0.227761, 0.324082]
[-0.286636, 0.465186, -0.116956, 0.157877, 0.213071]
[-0.172844, 0.323418, -0.140191, 0.225682, 0.271846]
[-0.298853, 0.400472, -0.125817, 0.200876, 0.346218]
[-0.300647, 0.272038, -0.125845, 0.193459, 0.332353]
[-0.286114, 0.392292, -0.149661, 0.247417, 0.221426]
[-0.274653, 0.449176, -0.12885, 0.215966, 0.25833]
[-0.191381, 0.487659, -0.13078, 0.23407, 0.353475]
[-0.17308, 0.351986, -0.118575, 0.151687, 0.204033]
[-0.277176, 0.280113, -0.145417, 0.233448, 0.187821]
[-0.256835, 0.352308, -0.134734, 0.209579, 0.15307]
[-0.236569, 0.393759, -0.151445, 0.189732, 0.356055]
[-0.186757, 0.362312, -0.133804, 0.184271, 0.199038]
[-0.314959, 0.3969, -0.148719, 0.186628, 0.196816]
[-0.243936, 0.467662, -0.132988, 0.195817, 0.197613]
[-0.250486, 0.289296, -0.145691, 0.186703, 0.170321]
[-0.182628, 0.406295, -0.127903, 0.179643, 0.224586]
[-0.300896, 0.49377, -0.152767, 0.142793, 0.348693]
[-0.171827, 0.478236, -0.141179, 0.228065, 0.183721]
[-0.289353, 0.352133, -0.117579, 0.192857, 0.206281]
[-0.239381, 0.435225, -0.148984, 0.213634, 0.146198]
[-0.163487, 0.309755, -0.131624, 0.225695, 0.189612]
[-0.163339, 0.299857, -0.137018, 0.186299, 0.300885]
[-0.246622, 0.46985, -0.151326, 0.196008, 0.196225]
[-0.309301, 0.375893, -0.119724, 0.193564, 0.335325]
[-0.162041, 0.353737, -0.131825, 0.172325, 0.221417]
[-0.195306, 0.426896, -0.15513, 0.256356, 0.327367]
[-0.315603, 0.324757, -0.135261, 0.163799, 0.271391]
[-0.216017, 0.378363, -0.149021, 0.23918, 0.160445]
[-0.21132, 0.361757, -0.153035, 0.220852, 0.294187]
[-0.179001, 0.383611, -0.143407, 0.205956, 0.295922]
[-0.184991, 0.487702, -0.146006, 0.247369, 0.170722]
[-0.156655, 0.434274, -0.154676, 0.229116, 0.200005]
[-0.28319, 0.422494, -0.117099, 0.215544, 0.341854]
[-0.286938, 0.424871, -0.125056, 0.207065, 0.265797]
[-0.167356, 0.475998, -0.125899, 0.149426, 0.203305]
[-0.190286, 0.350173, -0.143441, 0.193585, 0.28225]
[-0.247792, 0.425133, -0.133681, 0.19071, 0.351684]
[-0.241788, 0.333775, -0.149217, 0.173317, 0.144035]
[-0.261626, 0.470977, -0.143477, 0.239213, 0.238863]
[-0.20273, 0.367318, -0.130114, 0.185448, 0.362499]
[-0.209405, 0.280529, -0.116883, 0.182361, 0.357583]
[-0.237247, 0.308298, -0.147306, 0.182147, 0.255982]
[-0.17251, 0.422143, -0.133905, 0.237068, 0.305817]
[-0.198547, 0.36831, -0.142303, 0.216137, 0.255591]
[-0.213563, 0.495477, -0.126812, 0.178453, 0.258966]
[-0.190284, 0.303674, -0.151443, 0.165006, 0.315047]
[-0.180164, 0.479872, -0.127113, 0.17835, 0.264595]
[-0.268134, 0.359425, -0.137907, 0.251673, 0.332563]
[-0.195866, 0.352101, -0.148263, 0.209145, 0.162738]
[-0.293571, 0.4688, -0.144476, 0.248801, 0.172271]
[-0.26238, 0.348445, -0.12224, 0.184955, 0.208163]
[-0.175878, 0.364991, -0.12569, 0.221611, 0.262518]
[-0.313665, 0.378923, -0.137495, 0.155544, 0.147302]
[-0.268297, 0.327355, -0.127671, 0.252406, 0.264188]
[-0.185868, 0.375831, -0.127018, 0.183831, 0.18517]
[-0.260797, 0.491449, -0.131264, 0.167731, 0.353427]
[-0.207482, 0.429865, -0.153726, 0.241523, 0.356033]
[-0.297369, 0.473889, -0.124001, 0.225406, 0.15477]
[-0.227511, 0.318666, -0.141826, 0.160064, 0.27305]
[-0.259531, 0.302538, -0.134744, 0.22851, 0.331689]
[-0.189256, 0.442463, -0.140275, 0.223518, 0.150314]
[-0.219688, 0.443752, -0.147092, 0.228715, 0.292664]
[-0.263724, 0.412674, -0.147846, 0.181402, 0.258158]
[-0.221252, 0.359966, -0.128898, 0.199392, 0.304868]
[-0.183465, 0.421595, -0.151376, 0.202595, 0.256447]
[-0.165824, 0.39875, -0.138028, 0.235207, 0.316391]
[-0.191809, 0.324572, -0.117247, 0.151713, 0.296746]
[-0.311725, 0.32929, -0.125948, 0.171029, 0.294521]
[-0.275282, 0.293277, -0.139044, 0.20932, 0.279938]
[-0.171269, 0.442046, -0.126901, 0.207825, 0.265941]
[-0.231465, 0.468362, -0.117569, 0.167341, 0.139943]
[-0.245727, 0.327945, -0.133842, 0.157326, 0.229876]
[-0.170157, 0.329276, -0.131473, 0.244864, 0.254075]
[-0.169909, 0.297924, -0.138148, 0.241714, 0.324246]
[-0.215843, 0.412812, -0.130038, 0.239816, 0.358516]
[-0.162108, 0.342054, -0.149924, 0.195386, 0.331518]
[-0.212196, 0.336566, -0.130383, 0.243477, 0.188021]
[-0.177754, 0.49919, -0.142534, 0.235953, 0.265095]
[-0.2979, 0.36339, -0.135276, 0.256889, 0.290313]
[-0.27266, 0.460128, -0.137125, 0.181007, 0.306]
[-0.269786, 0.419102, -0.11805, 0.190063, 0.200172]
[-0.310365, 0.486829, -0.126349, 0.197422, 0.342271]
[-0.232629, 0.400337, -0.134425, 0.225735, 0.250045]
[-0.269728, 0.407475, -0.129105, 0.155188, 0.214544]
[-0.287402, 0.300642, -0.151026, 0.191096, 0.241044]
[-0.27713, 0.459614, -0.127379, 0.232505, 0.153066]
[-0.209845, 0.373212, -0.128606, 0.182054, 0.211016]
[-0.233376, 0.356668, -0.146623, 0.186093, 0.276265]
[-0.217228, 0.303465, -0.127383, 0.226788, 0.296455]
[-0.294981, 0.424264, -0.15429, 0.146088, 0.218447]
[-0.291378, 0.289053, -0.136329, 0.247192, 0.329153]
[-0.25001, 0.458631, -0.146208, 0.206967, 0.261887]
[-0.161161, 0.38329, -0.123267, 0.198569, 0.320143]
[-0.30161, 0.377603, -0.116709, 0.170323, 0.169904]
[-0.293268, 0.463664, -0.155504, 0.222022, 0.158571]
[-0.213654, 0.354237, -0.152612, 0.253539, 0.234143]
[-0.163344, 0.45175, -0.153516, 0.21977, 0.185131]
[-0.240906, 0.35118, -0.131605, 0.240091, 0.35888]
[-0.226636, 0.316884, -0.139685, 0.240013, 0.21678]
[-0.203816, 0.428982, -0.143719, 0.182028, 0.298409]
[-0.264107, 0.433303, -0.151602, 0.188594, 0.297252]
[-0.173206, 0.360782, -0.119994, 0.218685, 0.354015]
[-0.255169, 0.280904, -0.15304, 0.195352, 0.360215]
[-0.264918, 0.311319, -0.125838, 0.202101, 0.353764]
[-0.304789, 0.448018, -0.135028, 0.228858, 0.332785]
[-0.277273, 0.419312, -0.134019, 0.22207, 0.210294]
[-0.183122, 0.400759, -0.137945, 0.189352, 0.311084]
[-0.205998, 0.465992, -0.144652, 0.155537, 0.268462]
[-0.169516, 0.308935, -0.152603, 0.208538, 0.314603]
[-0.317292, 0.358383, -0.140603, 0.248644, 0.323416]
[-0.261648, 0.324551, -0.142841, 0.251558, 0.33469]
[-0.208939, 0.375031, -0.153764, 0.165961, 0.143838]
[-0.288472, 0.335804, -0.142137, 0.155166, 0.329065]
[-0.192158, 0.367312, -0.117363, 0.224137, 0.178977]
[-0.204567, 0.32549, -0.122371, 0.249468, 0.299266]
[-0.166504, 0.28101, -0.116378, 0.215491, 0.154736]
[-0.223608, 0.496469, -0.149351, 0.142782, 0.141389]
[-0.203339, 0.274224, -0.149099, 0.183751, 0.166447]
[-0.271723, 0.491021, -0.142134, 0.218169, 0.276539]
[-0.297406, 0.384558, -0.13672, 0.17786, 0.313457]
[-0.162784, 0.474675, -0.15048, 0.177935, 0.249071]
[-0.173724, 0.455541, -0.129639, 0.199586, 0.294716]
[-0.219278, 0.481111, -0.138223, 0.178964, 0.360705]
[-0.15879, 0.47923, -0.147456, 0.160331, 0.140745]
[-0.240865, 0.431515, -0.136278, 0.226288, 0.192892]
[-0.160104, 0.321998, -0.128706, 0.159577, 0.217924]
[-0.197083, 0.454228, -0.142892, 0.154292, 0.299561]
[-0.269517, 0.317392, -0.138226, 0.190212, 0.361586]
[-0.166939, 0.349443, -0.120864, 0.185344, 0.312491]
[-0.293542, 0.430784, -0.152842, 0.20799, 0.299133]
[-0.257012, 0.461264, -0.124732, 0.183827, 0.240584]
[-0.274267, 0.44194, -0.139511, 0.228469, 0.21934]
[-0.198028, 0.454316, -0.133012, 0.167396, 0.315026]
[-0.161164, 0.490925, -0.155197, 0.212653, 0.150078]
[-0.216586, 0.402724, -0.129079, 0.25502, 0.334985]
[-0.155903, 0.415314, -0.145749, 0.146524, 0.314686]
[-0.278061, 0.483892, -0.124434, 0.197032, 0.276489]
[-0.240733, 0.444847, -0.152747, 0.223759, 0.279752]
[-0.306182, 0.425979, -0.127191, 0.225517, 0.247056]
[-0.284666, 0.372862, -0.134144, 0.219258, 0.232883]
[-0.276462, 0.280552, -0.153244, 0.200802, 0.25666]
[-0.23819, 0.338515, -0.130061, 0.193314, 0.257778]
[-0.233491, 0.305031, -0.139592, 0.202945, 0.180727]
[-0.20687, 0.279518, -0.140014, 0.168774, 0.276331]
[-0.16859, 0.332896, -0.14844, 0.145575, 0.309613]
[-0.206724, 0.446012, -0.126884, 0.172696, 0.27394]
[-0.157794, 0.440677, -0.154126, 0.2304, 0.331797]
[-0.253991, 0.316441, -0.154087, 0.231667, 0.200736]
[-0.294312, 0.277961, -0.133164, 0.195482, 0.281342]
[-0.196037, 0.484798, -0.147332, 0.21841, 0.222601]
[-0.244579, 0.303961, -0.129984, 0.1495, 0.285344]
[-0.27105, 0.439785, -0.116483, 0.208347, 0.262732]
[-0.179872, 0.414581, -0.144686, 0.207482, 0.330477]
[-0.275007, 0.46951, -0.152515, 0.149351, 0.191508]
[-0.290507, 0.404732, -0.155091, 0.221898, 0.157087]
[-0.252227, 0.343101, -0.145801, 0.174893, 0.35974]
[-0.251739, 0.46702, -0.14793, 0.213155, 0.184991]
[-0.269431, 0.407325, -0.143736, 0.196323, 0.152473]
[-0.254459, 0.43238, -0.12559, 0.223593, 0.225605]
[-0.286924, 0.466443, -0.136047, 0.143314, 0.214467]
[-0.249801, 0.382634, -0.148095, 0.234243, 0.351922]
[-0.1858, 0.479265, -0.141545, 0.164532, 0.305072]
[-0.301676, 0.414285, -0.123372, 0.205809, 0.203402]
[-0.29536, 0.49873, -0.151971, 0.165409, 0.259762]
[-0.17822, 0.459583, -0.152392, 0.187935, 0.329218]
[-0.22313, 0.422309, -0.133513, 0.180248, 0.284774]
[-0.301855, 0.467726, -0.136031, 0.179309, 0.267519]
[-0.280579, 0.374042, -0.120587, 0.228438, 0.18308]
[-0.258525, 0.318399, -0.119757, 0.219758, 0.324976]
[-0.226184, 0.318702, -0.133716, 0.23374, 0.238577]
[-0.287998, 0.317979, -0.126738, 0.206577, 0.286685]
[-0.161011, 0.483602, -0.123948, 0.166576, 0.220738]
[-0.17364, 0.347755, -0.130503, 0.196401, 0.223726]
[-0.257546, 0.366634, -0.132747, 0.155699, 0.304735]
[-0.302056, 0.306675, -0.11662, 0.195193, 0.309228]
[-0.218275, 0.349241, -0.123567, 0.147275, 0.264142]
[-0.198105, 0.358577, -0.144043, 0.248862, 0.17258]
[-0.306511, 0.30544, -0.147054, 0.234236, 0.216806]
[-0.231676, 0.345001, -0.143984, 0.214678, 0.272209]
[-0.165438, 0.379152, -0.142436, 0.2347, 0.169082]
[-0.203766, 0.474026, -0.134993, 0.237579, 0.244801]
[-0.236994, 0.465595, -0.135538, 0.193871, 0.248942]
[-0.170929, 0.397392, -0.11902, 0.163922, 0.227684]
[-0.231023, 0.404961, -0.130443, 0.22822, 0.224338]
[-0.306302, 0.401226, -0.142928, 0.154293, 0.247138]
[-0.153773, 0.367026, -0.119478, 0.195443, 0.147088]
[-0.187516, 0.438946, -0.117294, 0.172493, 0.266067]
[-0.283693, 0.367324, -0.119037, 0.229801, 0.254643]
[-0.185654, 0.41166, -0.120772, 0.214072, 0.154023]
[-0.235108, 0.328112, -0.129662, 0.243012, 0.270569]
[-0.214015, 0.31597, -0.145567, 0.182971, 0.167565]
[-0.318936, 0.317198, -0.125691, 0.171979, 0.350537]
[-0.317274, 0.468178, -0.141073, 0.159263, 0.178379]
[-0.199019, 0.355197, -0.133552, 0.157716, 0.282376]
[-0.314965, 0.317154, -0.152727, 0.213134, 0.344741]
[-0.161853, 0.398371, -0.146108, 0.198728, 0.278425]
[-0.259239, 0.387936, -0.138423, 0.184827, 0.262138]
[-0.293228, 0.482812, -0.142492, 0.160481, 0.361665]
[-0.235289, 0.428486, -0.149075, 0.218654, 0.252526]
[-0.253852, 0.332364, -0.143973, 0.229496, 0.29751]
[-0.174218, 0.33466, -0.138819, 0.161353, 0.182181]
[-0.191387, 0.395562, -0.125889, 0.21762, 0.23281]
[-0.284866, 0.336498, -0.155541, 0.22336, 0.188357]
[-0.215173, 0.395521, -0.122226, 0.15148, 0.311639]
[-0.222891, 0.434732, -0.141856, 0.204167, 0.34171]
[-0.312188, 0.444259, -0.14321, 0.163892, 0.291085]
[-0.173198, 0.327589, -0.13991, 0.236821, 0.171422]
[-0.215421, 0.475058, -0.147009, 0.253626, 0.283373]
[-0.31367, 0.295868, -0.150895, 0.237726, 0.218733]
[-0.22089, 0.409073, -0.120532, 0.24892, 0.351394]
[-0.314523, 0.302346, -0.135112, 0.201224, 0.15661]
[-0.157123, 0.300953, -0.147596, 0.189756, 0.291766]
[-0.25881, 0.336949, -0.14368, 0.252644, 0.149056]
[-0.171075, 0.296483, -0.128741, 0.205237, 0.320923]
[-0.1564, 0.28933, -0.150962, 0.217919, 0.206325]
[-0.166045, 0.455247, -0.140996, 0.178957, 0.341521]
[-0.257592, 0.319583, -0.120019, 0.224723, 0.24803]
[-0.319766, 0.343347, -0.139911, 0.167681, 0.298266]
[-0.160261, 0.49115, -0.131087, 0.190586, 0.218585]
[-0.17733, 0.481811, -0.149168, 0.222864, 0.181477]
[-0.272019, 0.400981, -0.137739, 0.150318, 0.214118]
[-0.155647, 0.304536, -0.153514, 0.17069, 0.303038]
[-0.244003, 0.315962, -0.151434, 0.220855, 0.235828]
[-0.198395, 0.472995, -0.153351, 0.16965, 0.212394]
[-0.288927, 0.320315, -0.142345, 0.235324, 0.173386]
[-0.274838, 0.424968, -0.120091, 0.189601, 0.352091]
[-0.160858, 0.481598, -0.144287, 0.24345, 0.230912]
[-0.17303, 0.387179, -0.141582, 0.1618, 0.205467]
[-0.219546, 0.272939, -0.147379, 0.205857, 0.325711]
[-0.154537, 0.481628, -0.127612, 0.16923, 0.152863]
[-0.192731, 0.333034, -0.11647, 0.231352, 0.246923]
[-0.169694, 0.461144, -0.139286, 0.148658, 0.269116]
[-0.255631, 0.344443, -0.138031, 0.199712, 0.319497]
[-0.213586, 0.428537, -0.134349, 0.181815, 0.247287]
[-0.16783, 0.426842, -0.154789, 0.228896, 0.296168]
[-0.293299, 0.428268, -0.12632, 0.193661, 0.311975]
[-0.244637, 0.488946, -0.150198, 0.247692, 0.249469]
[-0.270581, 0.330781, -0.12748, 0.222112, 0.187129]
[-0.260696, 0.371676, -0.136524, 0.173438, 0.357445]
[-0.319369, 0.420965, -0.132908, 0.155339, 0.215888]
[-0.182648, 0.447557, -0.155117, 0.181245, 0.314697]
[-0.197389, 0.382273, -0.116741, 0.164266, 0.346238]
[-0.258048, 0.450351, -0.139738, 0.191038, 0.348021]
[-0.182579, 0.356384, -0.121551, 0.22635, 0.245585]
[-0.220546, 0.42904, -0.14754, 0.219577, 0.255147]
[-0.319085, 0.375979, -0.124345, 0.188171, 0.157685]
[-0.155655, 0.293342, -0.147182, 0.17117, 0.268904]
[-0.27342, 0.47362, -0.155136, 0.18289, 0.256597]
[-0.196401, 0.32117, -0.120118, 0.239682, 0.318261]
[-0.215418, 0.460909, -0.133168, 0.152075, 0.29688]
[-0.188537, 0.364503, -0.135103, 0.188577, 0.342431]
[-0.243813, 0.423513, -0.132484, 0.216595, 0.343777]
[-0.314702, 0.371137, -0.119522, 0.167059, 0.297123]
[-0.26832, 0.279625, -0.125324, 0.215396, 0.336245]
[-0.177272, 0.420542, -0.143681, 0.238912, 0.175912]
[-0.272449, 0.463884, -0.151776, 0.179196, 0.217504]
[-0.168628, 0.432742, -0.126085, 0.164833, 0.35589]
[-0.267908, 0.435003, -0.141297, 0.190127, 0.156843]
[-0.178621, 0.358715, -0.119908, 0.158154, 0.272864]
[-0.194987, 0.333425, -0.153644, 0.190797, 0.251083]
[-0.192753, 0.369447, -0.155653, 0.237461, 0.264891]
[-0.1608, 0.356707, -0.151426, 0.209225, 0.280744]
[-0.192174, 0.412204, -0.147381, 0.198398, 0.147151]
[-0.308078, 0.337629, -0.137722, 0.211898, 0.260302]
[-0.28825, 0.291269, -0.147499, 0.143155, 0.183909]
[-0.259369, 0.299202, -0.147802, 0.254145, 0.251342]
[-0.314529, 0.36519, -0.148056, 0.233484, 0.192842]
[-0.21802, 0.444699, -0.149422, 0.200215, 0.292181]
[-0.212194, 0.457134, -0.138999, 0.168679, 0.21102]
[-0.319379, 0.349447, -0.153675, 0.193792, 0.275274]
[-0.314166, 0.476885, -0.122591, 0.217309, 0.207918]
[-0.205987, 0.309874, -0.131092, 0.214462, 0.197533]
[-0.202419, 0.473958, -0.130867, 0.171085, 0.285215]
[-0.212692, 0.360024, -0.124944, 0.163153, 0.195518]
[-0.200882, 0.310509, -0.154437, 0.147755, 0.30027]
[-0.218448, 0.348252, -0.136649, 0.220358, 0.285139]
[-0.173363, 0.411415, -0.123876, 0.246511, 0.292118]
[-0.30448, 0.295418, -0.138485, 0.253212, 0.249232]
[-0.22305, 0.379514, -0.134042, 0.176423, 0.215395]
[-0.173213, 0.293393, -0.133825, 0.202951, 0.171722]
[-0.295866, 0.351932, -0.145034, 0.239666, 0.184584]
[-0.273816, 0.475636, -0.119576, 0.156579, 0.269837]
[-0.282513, 0.343045, -0.120457, 0.15195, 0.340722]
[-0.211284, 0.377428, -0.131653, 0.203162, 0.201443]
[-0.30017, 0.273277, -0.121316, 0.147307, 0.254064]
[-0.239069, 0.353166, -0.147938, 0.198569, 0.28626]
[-0.305234, 0.276905, -0.155806, 0.233811, 0.342245]
[-0.246284, 0.367245, -0.154592, 0.240984, 0.281993]
[-0.318373, 0.298197, -0.116928, 0.254366, 0.31973]
[-0.270179, 0.354464, -0.122095, 0.153373, 0.15008]
[-0.224807, 0.469142, -0.125686, 0.142618, 0.201356]
[-0.284419, 0.477407, -0.149847, 0.253857, 0.334847]
[-0.292886, 0.339537, -0.129212, 0.23975, 0.293794]
[-0.19669, 0.347719, -0.132012, 0.1491, 0.284146]
[-0.178953, 0.311372, -0.149682, 0.14314, 0.352105]
[-0.269198, 0.310635, -0.13632, 0.246684, 0.227266]
[-0.282801, 0.310824, -0.143176, 0.155263, 0.14235]
[-0.280978, 0.398681, -0.119998, 0.21682, 0.240182]
[-0.158168, 0.469097, -0.134197, 0.195222, 0.153795]
[-0.276549, 0.382216, -0.147339, 0.158204, 0.17578]
[-0.177993, 0.44499, -0.150486, 0.216362, 0.312438]
[-0.311211, 0.403076, -0.146753, 0.247301, 0.34836]
[-0.229268, 0.328791, -0.129634, 0.210452, 0.187663]
[-0.300318, 0.345265, -0.12294, 0.20255, 0.315878]
[-0.197635, 0.31514, -0.133567, 0.155904, 0.175963]
[-0.312113, 0.415816, -0.152578, 0.180018, 0.276709]
[-0.266968, 0.325205, -0.128232, 0.152601, 0.325563]
[-0.254304, 0.475206, -0.149246, 0.254628, 0.34308]
[-0.182295, 0.290071, -0.117458, 0.143802, 0.225372]
[-0.15941, 0.298977, -0.132877, 0.253669, 0.296202]
[-0.254111, 0.437439, -0.141462, 0.195929, 0.309497]
[-0.206542, 0.370681, -0.120764, 0.238624, 0.337236]
[-0.280506, 0.417291, -0.137835, 0.254362, 0.279474]
[-0.201295, 0.455192, -0.153553, 0.203102, 0.184374]
[-0.197203, 0.468625, -0.128704, 0.229987, 0.232896]
[-0.258555, 0.440767, -0.130415, 0.193471, 0.217967]
[-0.193675, 0.423876, -0.149511, 0.243364, 0.203473]
[-0.183351, 0.47709, -0.126735, 0.225067, 0.202156]
[-0.182365, 0.432551, -0.15012, 0.19362, 0.229605]
[-0.205349, 0.462063, -0.154555, 0.247965, 0.176465]
[-0.207984, 0.475308, -0.140869, 0.14598, 0.222685]
[-0.210274, 0.430352, -0.143912, 0.210777, 0.218565]
[-0.229397, 0.431873, -0.133522, 0.197264, 0.199919]
[-0.187701, 0.450571, -0.139221, 0.214588, 0.196279]
[-0.206979, 0.440519, -0.12941, 0.235393, 0.234779]
[-0.197025, 0.49554, -0.129288, 0.258185, 0.203149]
[-0.197284, 0.468024, -0.129431, 0.221137, 0.162225]
[-0.158336, 0.478676, -0.135524, 0.203656, 0.192919]
[-0.159968, 0.452247, -0.154375, 0.19437, 0.165748]
[-0.168878, 0.470632, -0.143865, 0.207358, 0.218731]
[-0.217789, 0.466252, -0.119718, 0.197473, 0.181625]
[-0.223536, 0.46993, -0.119724, 0.231338, 0.229118]
[-0.247033, 0.428753, -0.11724, 0.248746, 0.227159]
[-0.243048, 0.484702, -0.134069, 0.236522, 0.174821]
[-0.15482, 0.462757, -0.133827, 0.207304, 0.158005]
[-0.230272, 0.471239, -0.12406, 0.160356, 0.223693]
[-0.198819, 0.421582, -0.117794, 0.166358, 0.199996]
[-0.251176, 0.466882, -0.117139, 0.197153, 0.166795]
[-0.229434, 0.437984, -0.150818, 0.156659, 0.208647]
[-0.237356, 0.422348, -0.121009, 0.252081, 0.225536]
[-0.223205, 0.473821, -0.150999, 0.171419, 0.199367]
[-0.188274, 0.437849, -0.121577, 0.232456, 0.191792]
[-0.235257, 0.458972, -0.147353, 0.255419, 0.168326]
[-0.199176, 0.43943, -0.144182, 0.158502, 0.234321]
[-0.20892, 0.469794, -0.126125, 0.167917, 0.198822]
[-0.23117, 0.480354, -0.145922, 0.186347, 0.213982]
[-0.245168, 0.463812, -0.13071, 0.18794, 0.190967]
[-0.237351, 0.453186, -0.129338, 0.229363, 0.180351]
[-0.252036, 0.47628, -0.136885, 0.166429, 0.191499]
[-0.163118, 0.420445, -0.15026, 0.157644, 0.194099]
[-0.21042, 0.439476, -0.140247, 0.19483, 0.204217]
[-0.252777, 0.448235, -0.120847, 0.20241, 0.167947]
[-0.231123, 0.454152, -0.136215, 0.186242, 0.201463]
[-0.194159, 0.422553, -0.144757, 0.230657, 0.155235]
[-0.239892, 0.472795, -0.140366, 0.205778, 0.229265]
[-0.190659, 0.465869, -0.148755, 0.164787, 0.197305]
[-0.218924, 0.469861, -0.129066, 0.250711, 0.170686]
[-0.172872, 0.437272, -0.142201, 0.175387, 0.213655]
[-0.20313, 0.48643, -0.125892, 0.169418, 0.178796]
[-0.248052, 0.424528, -0.127526, 0.160787, 0.17031]
[-0.238714, 0.456097, -0.133477, 0.177451, 0.184682]
[-0.215625, 0.470564, -0.133601, 0.22461, 0.168098]
[-0.211667, 0.498814, -0.136307, 0.204664, 0.200387]
[-0.18561, 0.467295, -0.119868, 0.236856, 0.209597]
[-0.17009, 0.422561, -0.131142, 0.148269, 0.229896]
[-0.180466, 0.448979, -0.149319, 0.198678, 0.227762]
[-0.206972, 0.493068, -0.147145, 0.255544, 0.180092]
[-0.213737, 0.4439, -0.117424, 0.235704, 0.199807]
[-0.182659, 0.432145, -0.154829, 0.187853, 0.162342]
[-0.203549, 0.441938, -0.142416, 0.167195, 0.190957]
[-0.240299, 0.487731, -0.129523, 0.249814, 0.201925]
[-0.214557, 0.465887, -0.117005, 0.168645, 0.17753]
[-0.257113, 0.490761, -0.150225, 0.256342, 0.168997]
[-0.188116, 0.455329, -0.153279, 0.181769, 0.217519]
[-0.210537, 0.468047, -0.116509, 0.204348, 0.184914]
[-0.156886, 0.479847, -0.145098, 0.156891, 0.155089]
[-0.214667, 0.477809, -0.123661, 0.168956, 0.216565]
[-0.207919, 0.463201, -0.146301, 0.213409, 0.230541]
[-0.193838, 0.440559, -0.13055, 0.178176, 0.21089]
[-0.21253, 0.467226, -0.131494, 0.187891, 0.217295]
[-0.20569, 0.486138, -0.130797, 0.217797, 0.189957]
[-0.23451, 0.499037, -0.131868, 0.243178, 0.190405]
[-0.24286, 0.437263, -0.148613, 0.202965, 0.169524]
[-0.163288, 0.485995, -0.151169, 0.236974, 0.189019]
[-0.191322, 0.473652, -0.118946, 0.161206, 0.209242]
[-0.248245, 0.438254, -0.116417, 0.255936, 0.175176]
[-0.184005, 0.484456, -0.119457, 0.168129, 0.233178]
[-0.18448, 0.421939, -0.147086, 0.164551, 0.160384]
[-0.241262, 0.430853, -0.147767, 0.210415, 0.180825]
[-0.184372, 0.452859, -0.122928, 0.23135, 0.234479]
[-0.242768, 0.460721, -0.131513, 0.207275, 0.201417]
[-0.249411, 0.473024, -0.140569, 0.243389, 0.227495]
[-0.242959, 0.491714, -0.150426, 0.209596, 0.207708]
[-0.184949, 0.432686, -0.131046, 0.14277, 0.189363]
[-0.176434, 0.471441, -0.154441, 0.16259, 0.163286]
[-0.180809, 0.49619, -0.150129, 0.237215, 0.220193]
[-0.247544, 0.495597, -0.142067, 0.204567, 0.19586]
[-0.241302, 0.485044, -0.12447, 0.201816, 0.197354]
[-0.174719, 0.449836, -0.13756, 0.154468, 0.194643]
[-0.187298, 0.471608, -0.134475, 0.21356, 0.169984]
[-0.166611, 0.435894, -0.153263, 0.25608, 0.17033]
[-0.180275, 0.429046, -0.135651, 0.185468, 0.233831]
[-0.199004, 0.480262, -0.122872, 0.170582, 0.160833]
[-0.182078, 0.442725, -0.141203, 0.16248, 0.194635]
[-0.239925, 0.493382, -0.13661, 0.24325, 0.184524]
[-0.232478, 0.474146, -0.135823, 0.171477, 0.197015]
[-0.221199, 0.435873, -0.147027, 0.225482, 0.206252]
[-0.218766, 0.429221, -0.146786, 0.16244, 0.169433]
[-0.199258, 0.432669, -0.127371, 0.202836, 0.2267]
[-0.214156, 0.480147, -0.151469, 0.182256, 0.21478]
[-0.203828, 0.429796, -0.147735, 0.158807, 0.155081]
[-0.195412, 0.489574, -0.144728, 0.211755, 0.214694]
[-0.237611, 0.481931, -0.127885, 0.208182, 0.167525]
[-0.201567, 0.475974, -0.152015, 0.150924, 0.224351]
[-0.25375, 0.447169, -0.136732, 0.232883, 0.200416]
[-0.178217, 0.458715, -0.15492, 0.184513, 0.23269]
[-0.256257, 0.480203, -0.145869, 0.223161, 0.16698]
[-0.260729, 0.496168, -0.131966, 0.182667, 0.187981]
[-0.210139, 0.43481, -0.141729, 0.252872, 0.18822]
[-0.210629, 0.466188, -0.129323, 0.174305, 0.221685]
[-0.165756, 0.482345, -0.145471, 0.246842, 0.20252]
[-0.22275, 0.466254, -0.137615, 0.177432, 0.19611]
[-0.207418, 0.426782, -0.13207, 0.148693, 0.157806]
[-0.209512, 0.486916, -0.116304, 0.184946, 0.205569]
[-0.203738, 0.431115, -0.135369, 0.230734, 0.172144]
[-0.153842, 0.485966, -0.146278, 0.148154, 0.190302]
[-0.195381, 0.479386, -0.147043, 0.238501, 0.219377]
[-0.228707, 0.467702, -0.14764, 0.162483, 0.155213]
[-0.190872, 0.496948, -0.133365, 0.168508, 0.193738]
[-0.251733, 0.443622, -0.123804, 0.14983, 0.200496]
[-0.232152, 0.441362, -0.124788, 0.230163, 0.163451]
[-0.254537, 0.455895, -0.137814, 0.246084, 0.18664]
[-0.20495, 0.458697, -0.149543, 0.247698, 0.228443]
[-0.246252, 0.455881, -0.117999, 0.206359, 0.164776]
[-0.204346, 0.434376, -0.146679, 0.20854, 0.219369]
[-0.245645, 0.42608, -0.134415, 0.241847, 0.23182]
[-0.210482, 0.488286, -0.145452, 0.236495, 0.183414]
[-0.168951, 0.439773, -0.152903, 0.152041, 0.155019]
[-0.162336, 0.45173, -0.137419, 0.245004, 0.209707]
[-0.260007, 0.490898, -0.150732, 0.17376, 0.204645]
[-0.232651, 0.498213, -0.149504, 0.249583, 0.207664]
[-0.187602, 0.478766, -0.133544, 0.241871, 0.182421]
[-0.220444, 0.42974, -0.1176, 0.143171, 0.166895]
[-0.241797, 0.443207, -0.12377, 0.242588, 0.164473]
[-0.238481, 0.451649, -0.138204, 0.163227, 0.193735]
[-0.240248, 0.432135, -0.148187, 0.19578, 0.182421]
[-0.158113, 0.452701, -0.155787, 0.191252, 0.203006]
[-0.213723, 0.451976, -0.154353, 0.236206, 0.20758]
[-0.236377, 0.429681, -0.131931, 0.24394, 0.16072]
[-0.199974, 0.436589, -0.141379, 0.163253, 0.189714]
[-0.231403, 0.463688, -0.132222, 0.180477, 0.174309]
[-0.25653, 0.424004, -0.123799, 0.167711, 0.208155]
[-0.186565, 0.487662, -0.150682, 0.25804, 0.159118]
[-0.234352, 0.446562, -0.149161, 0.237322, 0.215843]
[-0.161678, 0.473473, -0.121741, 0.167779, 0.218102]
[-0.238958, 0.42506, -0.124523, 0.154807, 0.18471]
[-0.17637, 0.428262, -0.125507, 0.151944, 0.230704]
[-0.255801, 0.434635, -0.119691, 0.154985, 0.187792]
[-0.162189, 0.496259, -0.155713, 0.166217, 0.161459]
[-0.20449, 0.462406, -0.138782, 0.164148, 0.19522]
[-0.218692, 0.489015, -0.136163, 0.163939, 0.171586]
[-0.233164, 0.483232, -0.152766, 0.203352, 0.190684]
[-0.155013, 0.439801, -0.126777, 0.173916, 0.18402]
[-0.201019, 0.481247, -0.119794, 0.231184, 0.197286]
[-0.173271, 0.467618, -0.148425, 0.18128, 0.220448]
[-0.222987, 0.446356, -0.124427, 0.168511, 0.195435]
[-0.253042, 0.436407, -0.122655, 0.166421, 0.222986]
[-0.238703, 0.481019, -0.119424, 0.248395, 0.162674]
[-0.173377, 0.453573, -0.12766, 0.203659, 0.169551]
[-0.216457, 0.432933, -0.147127, 0.255098, 0.184073]
[-0.206179, 0.454394, -0.146897, 0.242503, 0.163302]
[-0.257697, 0.428567, -0.154045, 0.239811, 0.173537]
[-0.243482, 0.456913, -0.125405, 0.177326, 0.217539]
[-0.160112, 0.464915, -0.151665, 0.174935, 0.209159]
[-0.2128, 0.485074, -0.12977, 0.21613, 0.197079]
[-0.209817, 0.495093, -0.132809, 0.211119, 0.197804]
[-0.160555, 0.421196, -0.148843, 0.235702, 0.189708]
[-0.184835, 0.471597, -0.118629, 0.208711, 0.197105]
[-0.226906, 0.469887, -0.118138, 0.155521, 0.156365]
[-0.171814, 0.423874, -0.137036, 0.168386, 0.205878]
[-0.200985, 0.478109, -0.127036, 0.226695, 0.180413]
[-0.234484, 0.45852, -0.142615, 0.226551, 0.210537]
[-0.154572, 0.435421, -0.124143, 0.193272, 0.230013]
[-0.259393, 0.426929, -0.130264, 0.161335, 0.225635]
[-0.179206, 0.478938, -0.129307, 0.16047, 0.164561]
[-0.200049, 0.437829, -0.142159, 0.162584, 0.156998]
[-0.157039, 0.462928, -0.153042, 0.168419, 0.196469]
[-0.156772, 0.496759, -0.126386, 0.252104, 0.178133]
[-0.236097, 0.468026, -0.154367, 0.151549, 0.183877]
[-0.246779, 0.491105, -0.139822, 0.146636, 0.179744]
[-0.212981, 0.433192, -0.154996, 0.158883, 0.188535]
[-0.160403, 0.478351, -0.149744, 0.242407, 0.182875]
[-0.176554, 0.422227, -0.150273, 0.242638, 0.17616]
[-0.204959, 0.49856, -0.132291, 0.177843, 0.159244]
[-0.195392, 0.452973, -0.123363, 0.199838, 0.20561]
[-0.249286, 0.429899, -0.125874, 0.247778, 0.198207]
[-0.17284, 0.461544, -0.146896, 0.163035, 0.179899]
[-0.162247, 0.49159, -0.126398, 0.22299, 0.182222]
[-0.222616, 0.433468, -0.121972, 0.253241, 0.215027]
[-0.178728, 0.48258, -0.125643, 0.173834, 0.172338]
[-0.161624, 0.478496, -0.141368, 0.181366, 0.224579]
[-0.162078, 0.46944, -0.12084, 0.236703, 0.173784]
[-0.221734, 0.480687, -0.138763, 0.168075, 0.186697]
[-0.209475, 0.47887, -0.154766, 0.225953, 0.155464]
[-0.214762, 0.497465, -0.128283, 0.163388, 0.177182]
[-0.226124, 0.445514, -0.151304, 0.190976, 0.195411]
[-0.209945, 0.474556, -0.155337, 0.21723, 0.158459]
[-0.157139, 0.435981, -0.142206, 0.211412, 0.175576]
[-0.21098, 0.472721, -0.126747, 0.152923, 0.2019]
[-0.225657, 0.448896, -0.154974, 0.201849, 0.222196]
[-0.201636, 0.471151, -0.122711, 0.236353, 0.203778]
[-0.205665, 0.481139, -0.154543, 0.231732, 0.202791]
[-0.155097, 0.447935, -0.130321, 0.240051, 0.198206]
[-0.242084, 0.45603, -0.14209, 0.171896, 0.178264]
[-0.198409, 0.491549, -0.155358, 0.205093, 0.224535]
[-0.167065, 0.469037, -0.130491, 0.163535, 0.175432]
[-0.24972, 0.456743, -0.125644, 0.246707, 0.188216]
[-0.253765, 0.445376, -0.15552, 0.251504, 0.173507]
[-0.186153, 0.469389, -0.145739, 0.244126, 0.198072]
[-0.160787, 0.42748, -0.119951, 0.209896, 0.170869]
[-0.238505, 0.483662, -0.118953, 0.215005, 0.218615]
[-0.166373, 0.426686, -0.121992, 0.200239, 0.230388]
[-0.160317, 0.436302, -0.142316, 0.179998, 0.191375]
[-0.215137, 0.455723, -0.151379, 0.228227, 0.173557]
[-0.245049, 0.487359, -0.132901, 0.156955, 0.194982]
[-0.21766, 0.488363, -0.126849, 0.244271, 0.215003]
[-0.222862, 0.497712, -0.14714, 0.224761, 0.181315]
[-0.209038, 0.49402, -0.117742, 0.251443, 0.219747]
[-0.249296, 0.499318, -0.135557, 0.252345, 0.206896]
[-0.22584, 0.458547, -0.141539, 0.173313, 0.190485]
[-0.166403, 0.4667, -0.116504, 0.243993, 0.1926]
[-0.210414, 0.496096, -0.145616, 0.208701, 0.194311]
[-0.179527, 0.427763, -0.134123, 0.243994, 0.195032]
[-0.177837, 0.443426, -0.1448, 0.242692, 0.175554]
[-0.179375, 0.478709, -0.14126, 0.144281, 0.226587]
[-0.240148, 0.458771, -0.143776, 0.194669, 0.156962]
[-0.226952, 0.450231, -0.119121, 0.250283, 0.224352]
[-0.256379, 0.496524, -0.149671, 0.244843, 0.174593]
[-0.227454, 0.464524, -0.116936, 0.179326, 0.203126]
[-0.212612, 0.473501, -0.13768, 0.155187, 0.222181]
[-0.260677, 0.444843, -0.124632, 0.23437, 0.158444]
[-0.23925, 0.484674, -0.141588, 0.241853, 0.223745]
[-0.187341, 0.489545, -0.151096, 0.211055, 0.208447]
[-0.208673, 0.463246, -0.155688, 0.203395, 0.216657]
[-0.223993, 0.463494, -0.120785, 0.202695, 0.197386]
[-0.161782, 0.446434, -0.116923, 0.162224, 0.20501]
[-0.161058, 0.490047, -0.120592, 0.225958, 0.212112]
[-0.25348, 0.490376, -0.125436, 0.203852, 0.184586]
[-0.255269, 0.421734, -0.152125, 0.203602, 0.159157]
[-0.227189, 0.499548, -0.129062, 0.146426, 0.209952]
[-0.185539, 0.5, -0.117749, 0.190505, 0.195636]
[-0.207047, 0.436748, -0.122679, 0.231566, 0.194975]
[-0.216662, 0.492069, -0.14199, 0.226517, 0.166238]
[-0.208377, 0.497052, -0.123604, 0.188595, 0.234722]
[-0.21495, 0.440392, -0.132631, 0.209122, 0.20869]
[-0.160368, 0.447131, -0.147352, 0.202207, 0.209602]
[-0.156061, 0.440146, -0.153101, 0.236292, 0.220789]
[-0.156642, 0.476931, -0.127699, 0.197729, 0.19209]
[-0.234492, 0.439933, -0.142512, 0.153729, 0.181065]
[-0.188973, 0.473894, -0.116908, 0.145545, 0.178166]
[-0.168491, 0.439659, -0.130876, 0.23018, 0.199908]
[-0.211255, 0.464549, -0.141775, 0.194563, 0.173862]
[-0.235655, 0.42207, -0.139023, 0.154364, 0.213548]
[-0.168408, 0.431905, -0.136705, 0.199432, 0.16804]
[-0.203499, 0.449762, -0.154567, 0.237083, 0.154702]
[-0.234358, 0.436675, -0.148707, 0.145944, 0.203834]
[-0.162557, 0.443794, -0.121258, 0.229743, 0.174351]
[-0.155469, 0.426848, -0.12294, 0.17724, 0.166235]
[-0.256361, 0.493146, -0.155753, 0.179874, 0.173456]
[-0.234097, 0.495017, -0.147947, 0.176156, 0.190293]
[-0.214602, 0.471001, -0.125757, 0.200752, 0.180447]
[-0.254698, 0.428888, -0.133346, 0.255913, 0.217185]
[-0.170448, 0.438132, -0.142614, 0.249841, 0.2206]
[-0.249383, 0.480936, -0.155157, 0.243499, 0.187513]
[-0.24364, 0.463611, -0.149506, 0.20495, 0.178994]
[-0.167036, 0.446226, -0.152104, 0.22603, 0.166117]
[-0.158902, 0.499816, -0.132632, 0.246936, 0.184553]
[-0.155409, 0.48885, -0.149848, 0.191216, 0.188756]
[-0.155957, 0.428397, -0.151862, 0.233544, 0.215989]
[-0.161879, 0.460713, -0.121987, 0.253205, 0.20736]
[-0.155939, 0.448846, -0.124944, 0.25737, 0.196628]
[-0.200311, 0.497442, -0.137264, 0.184454, 0.172997]
[-0.174361, 0.498232, -0.145481, 0.171276, 0.225259]
[-0.188081, 0.495858, -0.12913, 0.206746, 0.206768]
[-0.257835, 0.442862, -0.125936, 0.224493, 0.159566]
[-0.165641, 0.429662, -0.127853, 0.171478, 0.21582]
[-0.164165, 0.422776, -0.129804, 0.177724, 0.164192]
[-0.205595, 0.495478, -0.120246, 0.181178, 0.195457]
[-0.18812, 0.449594, -0.143592, 0.221259, 0.203869]
[-0.214474, 0.420813, -0.152825, 0.158006, 0.198055]
[-0.251899, 0.482189, -0.141469, 0.173203, 0.202161]
[-0.157869, 0.482943, -0.143452, 0.215435, 0.216431]
[-0.241884, 0.420549, -0.152124, 0.197089, 0.178631]
[-0.155153, 0.429879, -0.118132, 0.205819, 0.208106]
[-0.182723, 0.476284, -0.155262, 0.210268, 0.229298]
[-0.209703, 0.447441, -0.147649, 0.160405, 0.226439]
[-0.182979, 0.491801, -0.151643, 0.156407, 0.165489]
[-0.178556, 0.422145, -0.129472, 0.22707, 0.184088]
[-0.173366, 0.459489, -0.144524, 0.217526, 0.178944]
[-0.204634, 0.424331, -0.123208, 0.167038, 0.202742]
[-0.230743, 0.450272, -0.133563, 0.165705, 0.196986]
[-0.211132, 0.444944, -0.127378, 0.22928, 0.170269]
[-0.23112, 0.498395, -0.137469, 0.226174, 0.205325]
[-0.202115, 0.456493, -0.152221, 0.238409, 0.230803]
[-0.158959, 0.467621, -0.124001, 0.190752, 0.179635]
[-0.20959, 0.496609, -0.147601, 0.180426, 0.158092]
[-0.209705, 0.442682, -0.152112, 0.214241, 0.209208]
[-0.191983, 0.454344, -0.153405, 0.240453, 0.232533]
[-0.19362, 0.454091, -0.141945, 0.212805, 0.186991]
[-0.227693, 0.452269, -0.136129, 0.249378, 0.161129]
[-0.218917, 0.432169, -0.121186, 0.252962, 0.199375]
[-0.17952, 0.426552, -0.126623, 0.225394, 0.201869]
[-0.235511, 0.470819, -0.121682, 0.256591, 0.176316]
[-0.253724, 0.440584, -0.13574, 0.224418, 0.171361]
[-0.236791, 0.424629, -0.125752, 0.232983, 0.156755]
[-0.177897, 0.461203, -0.139474, 0.246621, 0.188284]
[-0.182262, 0.460038, -0.144627, 0.247011, 0.16058]
[-0.210299, 0.462632, -0.120989, 0.184599, 0.157923]
[-0.165387, 0.456432, -0.132053, 0.196926, 0.165711]
[-0.184966, 0.467416, -0.119624, 0.185311, 0.227012]
[-0.254262, 0.474599, -0.144044, 0.172997, 0.203806]
[-0.213954, 0.449049, -0.143648, 0.147769, 0.208953]
[-0.211395, 0.442173, -0.140549, 0.23781, 0.202061]
[-0.169817, 0.447317, -0.123956, 0.257765, 0.234065]
[-0.161212, 0.435747, -0.132725, 0.246063, 0.201885]
[-0.246552, 0.443123, -0.125687, 0.222737, 0.21847]
[-0.244894, 0.488252, -0.147628, 0.164122, 0.168953]
[-0.259208, 0.426896, -0.147659, 0.173046, 0.186541]
[-0.239854, 0.428153, -0.138311, 0.174899, 0.188717]
[-0.201819, 0.468154, -0.142637, 0.245118, 0.175531]
[-0.160982, 0.448806, -0.137921, 0.174074, 0.221637]
[-0.209699, 0.491582, -0.137466, 0.225223, 0.213874]
[-0.170236, 0.469843, -0.15481, 0.217687, 0.182105]
[-0.153491, 0.421494, -0.11886, 0.171423, 0.232074]
[-0.257127, 0.486075, -0.1468, 0.247908, 0.182517]
[-0.181171, 0.447341, -0.141873, 0.176806, 0.159357]
[-0.210347, 0.455836, -0.141775, 0.184101, 0.185439]
[-0.249576, 0.434201, -0.124697, 0.169542, 0.17907]
[-0.177353, 0.487645, -0.116742, 0.155509, 0.199193]
[-0.16136, 0.423841, -0.150496, 0.205067, 0.214137]
[-0.231395, 0.458924, -0.140795, 0.244482, 0.156309]
[-0.181506, 0.44565, -0.139717, 0.207466, 0.157407]
[-0.256142, 0.466738, -0.149525, 0.177799, 0.208868]
[-0.187727, 0.47488, -0.120088, 0.148019, 0.208435]
[-0.193448, 0.475562, -0.124786, 0.189504, 0.19695]
[-0.157702, 0.423257, -0.143237, 0.239584, 0.203568]
[-0.216397, 0.466871, -0.128225, 0.232611, 0.203464]
[-0.256439, 0.445419, -0.143919, 0.191191, 0.188259]
[-0.177944, 0.420748, -0.132929, 0.216894, 0.172914]
[-0.156859, 0.432691, -0.155792, 0.192545, 0.191874]
[-0.242048, 0.461007, -0.127399, 0.236153, 0.223025]
[-0.193032, 0.441226, -0.147444, 0.232552, 0.169689]
[-0.173113, 0.429302, -0.148871, 0.157418, 0.20945]
[-0.256115, 0.493454, -0.141118, 0.216516, 0.234125]
[-0.208259, 0.445154, -0.149875, 0.150748, 0.222764]
[-0.253676, 0.435869, -0.122991, 0.199232, 0.20728]
[-0.224059, 0.420006, -0.129278, 0.205004, 0.203631]
[-0.214509, 0.495372, -0.134996, 0.256585, 0.194403]
[-0.232041, 0.419953, -0.127282, 0.234021, 0.157204]
[-0.23089, 0.46268, -0.154485, 0.160592, 0.225734]
[-0.250124, 0.426947, -0.135741, 0.184648, 0.19226]
[-0.232525, 0.425669, -0.119183, 0.169949, 0.21463]
[-0.260629, 0.489338, -0.137449, 0.178482, 0.208431]
[-0.231989, 0.482182, -0.133523, 0.228773, 0.180561]
[-0.187182, 0.470538, -0.136958, 0.196115, 0.161697]
[-0.215865, 0.454334, -0.125343, 0.176846, 0.21678]
[-0.246119, 0.46035, -0.126521, 0.223313, 0.174751]
[-0.18507, 0.454011, -0.148229, 0.199452, 0.155271]
[-0.259703, 0.433478, -0.152244, 0.149801, 0.211873]
[-0.198935, 0.462668, -0.128818, 0.144206, 0.230914]
[-0.184622, 0.46755, -0.137918, 0.170861, 0.226716]
[-0.1831, 0.458684, -0.154091, 0.172565, 0.210475]
[-0.246368, 0.447446, -0.139475, 0.231418, 0.234388]
[-0.20246, 0.494602, -0.146803, 0.201695, 0.212557]
[-0.182493, 0.425523, -0.14165, 0.202302, 0.232784]
[-0.248689, 0.471779, -0.147639, 0.190922, 0.196387]
[-0.256019, 0.435712, -0.124921, 0.145154, 0.172695]
[-0.257437, 0.462213, -0.126253, 0.2323, 0.191485]
[-0.184926, 0.471805, -0.150226, 0.236546, 0.216354]
[-0.182871, 0.473804, -0.137951, 0.257592, 0.183397]
[-0.241215, 0.440562, -0.154353, 0.237023, 0.228294]
[-0.259111, 0.451314, -0.125767, 0.256386, 0.201923]
[-0.225668, 0.468273, -0.152461, 0.145954, 0.207348]
[-0.207058, 0.426259, -0.143308, 0.241018, 0.163816]
[-0.184411, 0.421954, -0.125436, 0.144776, 0.216427]
[-0.198261, 0.471204, -0.136123, 0.173316, 0.184169]
[-0.233909, 0.491856, -0.151553, 0.195909, 0.228337]
[-0.252027, 0.435896, -0.119053, 0.146647, 0.213819]
[-0.172264, 0.459602, -0.121459, 0.207505, 0.218873]
[-0.200461, 0.431935, -0.149629, 0.184179, 0.194112]
[-0.210069, 0.427437, -0.12125, 0.220975, 0.192794]
[-0.258889, 0.462842, -0.119712, 0.163525, 0.177729]
[-0.195569, 0.451314, -0.130132, 0.20548, 0.19974]
[-0.206959, 0.452014, -0.138929, 0.234446, 0.218304]
[-0.222143, 0.490101, -0.155007, 0.246329, 0.167743]
[-0.164936, 0.459533, -0.126269, 0.237736, 0.176627]
[-0.206444, 0.472928, -0.120339, 0.228829, 0.178699]
[-0.228886, 0.45413, -0.119024, 0.179744, 0.163697]
[-0.250996, 0.429188, -0.130027, 0.246439, 0.199101]
[-0.25246, 0.447431, -0.150239, 0.171537, 0.186616]
[-0.184028, 0.465368, -0.120455, 0.158857, 0.220537]
[-0.162238, 0.495878, -0.116528, 0.194218, 0.202751]
[-0.164679, 0.470832, -0.118195, 0.218948, 0.176913]
[-0.201974, 0.449616, -0.14549, 0.254544, 0.196124]
[-0.186621, 0.463142, -0.131058, 0.257873, 0.194589]
[-0.259133, 0.46254, -0.121312, 0.210411, 0.173206]
[-0.175893, 0.46338, -0.146238, 0.237568, 0.217292]
[-0.233331, 0.433083, -0.148925, 0.192697, 0.176408]
[-0.25592, 0.464808, -0.142464, 0.142171, 0.219065]
[-0.167784, 0.487017, -0.149448, 0.152453, 0.177103]
[-0.248359, 0.433588, -0.141171, 0.240342, 0.19275]
[-0.161142, 0.463568, -0.123195, 0.244075, 0.222021]
[-0.178019, 0.42973, -0.154392, 0.15813, 0.194703]
[-0.225438, 0.428685, -0.142035, 0.213621, 0.169884]
[-0.15881, 0.489324, -0.131751, 0.218307, 0.233785]
[-0.153435, 0.481964, -0.143589, 0.234298, 0.165781]
[-0.235359, 0.436853, -0.155247, 0.161481, 0.157783]
[-0.159457, 0.451668, -0.121148, 0.224819, 0.20511]
[-0.19866, 0.49445, -0.121441, 0.188947, 0.191998]
[-0.176521, 0.454992, -0.146908, 0.240715, 0.211898]
[-0.17258, 0.460694, -0.144825, 0.15726, 0.202394]
[-0.252209, 0.469377, -0.132348, 0.179352, 0.222056]
[-0.18485, 0.455878, -0.138212, 0.190735, 0.181196]
[-0.172779, 0.42295, -0.132292, 0.182131, 0.163881]
[-0.256509, 0.481001, -0.117849, 0.236095, 0.214677]
[-0.169782, 0.494119, -0.119465, 0.205774, 0.219538]
[-0.173768, 0.425866, -0.119404, 0.200836, 0.173785]
[-0.235112, 0.486646, -0.149185, 0.205779, 0.187752]
[-0.162744, 0.451679, -0.127256, 0.243088, 0.200437]
[-0.162507, 0.457045, -0.135952, 0.203159, 0.165924]
[-0.174154, 0.471267, -0.14009, 0.145782, 0.198804]
[-0.226747, 0.481374, -0.128255, 0.198786, 0.221791]
[-0.212775, 0.462241, -0.144056, 0.182764, 0.225129]
[-0.226269, 0.449283, -0.15143, 0.243234, 0.174271]
[-0.244887, 0.423246, -0.134365, 0.250493, 0.212008]
[-0.187734, 0.468462, -0.14626, 0.210859, 0.211909]
[-0.181744, 0.434697, -0.11824, 0.202894, 0.191669]
[-0.187784, 0.465695, -0.143715, 0.225171, 0.196475]
[-0.17158, 0.425275, -0.15277, 0.231234, 0.173443]
[-0.22426, 0.424038, -0.129241, 0.232066, 0.223083]
[-0.233793, 0.42812, -0.147213, 0.213727, 0.171134]
[-0.154088, 0.419732, -0.119627, 0.14997, 0.178224]
[-0.25103, 0.428323, -0.139455, 0.144866, 0.163071]
[-0.223244, 0.490319, -0.152826, 0.202235, 0.232193]
[-0.258852, 0.451754, -0.148529, 0.181913, 0.168095]
[-0.255751, 0.423782, -0.117815, 0.25447, 0.178559]
[-0.160921, 0.46344, -0.128034, 0.200156, 0.200171]
[-0.159804, 0.423853, -0.137537, 0.244716, 0.200129]
[-0.177445, 0.460206, -0.121926, 0.207147, 0.195671]
[-0.219798, 0.487956, -0.150058, 0.142062, 0.213433]
[-0.23034, 0.492672, -0.127813, 0.143755, 0.171971]
[-0.234869, 0.494324, -0.125023, 0.24862, 0.167474]
[-0.245172, 0.462137, -0.136406, 0.161945, 0.223126]
[-0.160639, 0.487116, -0.12073, 0.22982, 0.208546]
[-0.254564, 0.44538, -0.147665, 0.229046, 0.208338]
[-0.213832, 0.457937, -0.128585, 0.257994, 0.220416]
[-0.217268, 0.43124, -0.134931, 0.17868, 0.215101]
[-0.204477, 0.472603, -0.13242, 0.257918, 0.214288]
[-0.217809, 0.477451, -0.121394, 0.256526, 0.184987]
[-0.196888, 0.499121, -0.155042, 0.150692, 0.227396]
[-0.185935, 0.473261, -0.152006, 0.223058, 0.234365]
[-0.260248, 0.499367, -0.120399, 0.16318, 0.181493]
[-0.20751, 0.461565, -0.12676, 0.142574, 0.207458]
[-0.198505, 0.495835, -0.140834, 0.202576, 0.215574]
[-0.171938, 0.431537, -0.131901, 0.154705, 0.214837]
[-0.183257, 0.456943, -0.132808, 0.246054, 0.216583]
[-0.198133, 0.487525, -0.134985, 0.186609, 0.215115]
[-0.164641, 0.429859, -0.139144, 0.203181, 0.213441]
[-0.15924, 0.42047, -0.136633, 0.183645, 0.213183]
[-0.192972, 0.445308, -0.137745, 0.176191, 0.216261]
[-0.238078, 0.443908, -0.134052, 0.177491, 0.213261]
[-0.195101, 0.458751, -0.143203, 0.142319, 0.216354]
[-0.223593, 0.495923, -0.155402, 0.240539, 0.215876]
[-0.185649, 0.460331, -0.154262, 0.165451, 0.216429]
[-0.209, 0.452297, -0.149136, 0.183403, 0.215639]
[-0.157135, 0.452066, -0.154205, 0.211512, 0.213871]
[-0.242525, 0.434623, -0.153479, 0.256855, 0.215128]
[-0.199748, 0.445102, -0.14275, 0.172681, 0.213904]
[-0.168221, 0.498992, -0.129721, 0.164057, 0.215443]
[-0.233036, 0.423311, -0.149717, 0.212763, 0.21572]
[-0.238826, 0.459236, -0.129479, 0.211958, 0.21503]
[-0.15428, 0.455988, -0.133796, 0.250187, 0.214918]
[-0.255479, 0.49799, -0.137572, 0.164434, 0.214583]
[-0.205458, 0.466855, -0.140477, 0.174285, 0.216699]
[-0.155468, 0.423037, -0.1446, 0.163045, 0.213278]
[-0.212809, 0.498614, -0.135842, 0.178766, 0.216738]
[-0.238747, 0.439252, -0.130687, 0.202587, 0.213922]
[-0.204008, 0.41956, -0.153203, 0.176716, 0.215782]
[-0.178144, 0.472776, -0.155858, 0.191866, 0.2153]
[-0.249839, 0.436355, -0.143879, 0.197162, 0.215609]
[-0.217477, 0.440706, -0.150954, 0.188383, 0.215465]
[-0.173109, 0.466987, -0.152885, 0.149271, 0.215053]
[-0.258501, 0.499379, -0.132065, 0.242431, 0.213242]
[-0.163325, 0.495317, -0.144902, 0.22078, 0.21572]
[-0.201966, 0.431296, -0.14981, 0.177512, 0.216347]
[-0.241016, 0.479928, -0.135209, 0.197622, 0.216417]
[-0.213726, 0.49456, -0.141337, 0.251294, 0.213051]
[-0.213025, 0.494145, -0.153892, 0.205333, 0.212994]
[-0.23118, 0.473626, -0.153519, 0.197773, 0.216319]
[-0.165843, 0.466787, -0.147217, 0.200529, 0.214531]
[-0.198094, 0.47918, -0.13511, 0.234751, 0.21588]
[-0.183745, 0.454994, -0.136051, 0.153861, 0.215431]
[-0.20862, 0.45052, -0.14224, 0.152454, 0.214414]
[-0.178275, 0.495785, -0.152171, 0.243271, 0.213106]
[-0.211207, 0.47205, -0.129327, 0.211774, 0.214618]
[-0.235679, 0.4717, -0.148627, 0.166567, 0.213406]
[-0.25793, 0.454176, -0.149953, 0.181055, 0.214696]
[-0.203385, 0.452735, -0.139781, 0.148214, 0.214179]
[-0.186766, 0.489463, -0.146364, 0.194278, 0.212888]
[-0.211141, 0.425052, -0.153527, 0.208552, 0.212901]
[-0.207613, 0.482003, -0.154309, 0.222474, 0.21544]
[-0.211875, 0.437267, -0.137423, 0.23157, 0.214896]
[-0.168669, 0.430117, -0.140295, 0.158175, 0.216801]
[-0.161485, 0.436527, -0.130492, 0.223402, 0.213134]
[-0.194979, 0.460155, -0.150255, 0.14548, 0.215089]
[-0.253529, 0.493645, -0.149739, 0.219027, 0.212786]
[-0.2418, 0.484069, -0.147772, 0.160182, 0.214165]
[-0.220689, 0.46426, -0.142581, 0.144455, 0.214558]
[-0.234211, 0.465731, -0.146319, 0.204846, 0.213302]
[-0.202813, 0.445185, -0.140043, 0.165644, 0.213177]
[-0.220815, 0.479354, -0.137352, 0.223686, 0.215476]
[-0.257272, 0.497305, -0.153477, 0.179873, 0.21299]
[-0.189286, 0.467882, -0.145377, 0.210321, 0.21527]
[-0.226392, 0.423054, -0.146312, 0.238219, 0.215535]
[-0.212543, 0.47546, -0.142873, 0.213688, 0.215466]
[-0.23058, 0.429243, -0.140571, 0.224832, 0.21341]
[-0.213518, 0.446392, -0.136253, 0.250354, 0.214153]
[-0.181393, 0.438858, -0.12959, 0.227099, 0.21303]
[-0.247043, 0.435731, -0.148402, 0.22658, 0.216387]
[-0.230457, 0.44032, -0.149598, 0.204644, 0.214458]
[-0.202022, 0.475318, -0.147877, 0.23026, 0.214582]
[-0.168756, 0.479573, -0.139319, 0.223269, 0.216511]
[-0.22773, 0.447018, -0.135319, 0.174027, 0.214271]
[-0.156828, 0.495204, -0.133598, 0.242311, 0.215594]
[-0.163622, 0.454063, -0.146184, 0.253268, 0.215503]
[-0.259624, 0.499372, -0.143852, 0.244319, 0.213721]
[-0.154442, 0.473268, -0.152707, 0.165392, 0.21621]
[-0.17314, 0.460882, -0.135034, 0.226171, 0.215686]
[-0.208289, 0.48799, -0.136921, 0.229714, 0.213901]
[-0.193048, 0.458728, -0.139961, 0.166192, 0.213775]
[-0.171213, 0.482047, -0.140451, 0.252876, 0.213951]
[-0.222165, 0.490805, -0.146374, 0.196461, 0.213347]
[-0.176491, 0.475763, -0.140288, 0.182017, 0.216419]
[-0.260817, 0.499009, -0.137505, 0.253044, 0.216555]
[-0.201011, 0.426349, -0.152172, 0.220078, 0.216188]
[-0.217507, 0.474191, -0.133336, 0.155215, 0.215372]
[-0.168236, 0.459022, -0.152599, 0.23713, 0.214629]
[-0.189168, 0.435911, -0.154332, 0.255525, 0.213581]
[-0.182634, 0.460691, -0.155664, 0.17243, 0.21508]
[-0.219725, 0.478827, -0.155799, 0.213614, 0.216132]
[-0.182595, 0.472051, -0.135961, 0.163728, 0.216761]
[-0.1598, 0.484123, -0.154212, 0.190743, 0.215413]
[-0.221587, 0.464977, -0.14971, 0.164109, 0.214908]
[-0.158689, 0.497714, -0.1513, 0.182925, 0.216582]
[-0.203484, 0.476938, -0.150649, 0.252551, 0.21517]
[-0.243214, 0.424043, -0.147905, 0.230521, 0.214483]
[-0.256265, 0.438045, -0.146019, 0.176579, 0.214905]
[-0.191083, 0.442133, -0.137422, 0.214891, 0.215024]
[-0.198289, 0.460533, -0.14411, 0.212484, 0.214293]
[-0.250795, 0.432473, -0.145544, 0.190857, 0.215378]
[-0.190713, 0.45771, -0.153795, 0.154839, 0.215686]
[-0.192171, 0.474603, -0.130067, 0.203245, 0.21476]
[-0.201498, 0.468477, -0.147045, 0.229813, 0.215233]
[-0.1948, 0.461526, -0.15021, 0.143714, 0.214906]
[-0.15642, 0.473928, -0.132572, 0.233875, 0.213517]
[-0.171446, 0.431708, -0.150544, 0.219517, 0.212957]
[-0.177788, 0.432878, -0.145152, 0.247519, 0.214513]
[-0.215433, 0.477597, -0.153074, 0.243979, 0.214722]
[-0.190479, 0.458408, -0.136219, 0.171668, 0.216176]
[-0.190193, 0.461986, -0.152045, 0.155105, 0.215016]
[-0.221892, 0.436017, -0.133821, 0.230008, 0.212794]
[-0.242381, 0.495008, -0.13046, 0.176741, 0.21455]
[-0.243111, 0.451356, -0.140501, 0.217427, 0.215042]
[-0.224269, 0.474693, -0.136205, 0.215865, 0.213963]
[-0.19771, 0.486119, -0.15132, 0.216893, 0.213692]
[-0.187694, 0.470943, -0.143297, 0.178599, 0.213793]
[-0.22446, 0.440957, -0.14737, 0.212667, 0.216535]
[-0.24215, 0.484791, -0.144982, 0.171209, 0.214709]
[-0.202968, 0.453036, -0.142705, 0.223911, 0.216409]
[-0.15471, 0.447211, -0.155311, 0.195389, 0.213679]
[-0.207058, 0.430869, -0.152326, 0.188591, 0.213881]
[-0.18917, 0.46988, -0.144006, 0.17229, 0.213059]
[-0.201082, 0.468965, -0.136906, 0.145039, 0.2168]
[-0.242441, 0.422228, -0.141364, 0.213092, 0.212948]
[-0.227973, 0.460969, -0.145056, 0.151726, 0.213002]
[-0.206119, 0.445226, -0.140089, 0.211797, 0.213499]
[-0.244301, 0.460857, -0.153115, 0.183657, 0.215165]
[-0.190689, 0.482623, -0.145353, 0.234001, 0.213663]
[-0.212179, 0.446669, -0.148759, 0.240379, 0.216645]
[-0.159368, 0.484117, -0.146935, 0.246682, 0.214224]
[-0.164061, 0.497036, -0.137526, 0.160393, 0.216136]
[-0.25418, 0.466206, -0.132563, 0.232526, 0.213517]
[-0.221931, 0.479487, -0.136823, 0.184535, 0.213179]
[-0.220303, 0.451524, -0.144433, 0.172975, 0.215652]
[-0.158371, 0.459905, -0.144092, 0.225921, 0.213817]
[-0.240928, 0.435795, -0.145262, 0.206366, 0.214819]
[-0.186358, 0.495701, -0.153887, 0.22123, 0.215129]
[-0.26026, 0.421354, -0.132546, 0.149629, 0.213575]
[-0.164876, 0.485321, -0.141244, 0.184995, 0.213386]
[-0.174225, 0.46831, -0.148335, 0.180923, 0.216251]
[-0.211268, 0.444102, -0.134948, 0.195673, 0.215762]
[-0.258977, 0.444228, -0.144198, 0.168736, 0.216111]
[-0.161818, 0.48062, -0.147071, 0.208261, 0.216213]
[-0.159234, 0.454721, -0.142037, 0.212307, 0.215234]
[-0.166988, 0.448547, -0.146194, 0.157693, 0.212924]
[-0.225295, 0.486433, -0.152964, 0.202262, 0.213576]
[-0.178643, 0.453228, -0.148592, 0.154757, 0.216265]
[-0.191862, 0.481462, -0.141437, 0.153936, 0.21585]
[-0.221995, 0.484082, -0.13572, 0.249607, 0.216611]
[-0.15968, 0.47197, -0.138238, 0.223767, 0.216402]
[-0.181606, 0.473058, -0.143128, 0.246067, 0.214816]
[-0.229777, 0.476638, -0.133555, 0.145092, 0.213576]
[-0.234088, 0.424607, -0.152251, 0.152744, 0.215295]
[-0.216935, 0.490703, -0.146635, 0.196671, 0.214976]
[-0.172203, 0.493688, -0.141012, 0.253588, 0.215684]
[-0.235217, 0.44211, -0.149219, 0.235065, 0.214388]
[-0.213301, 0.431457, -0.130886, 0.232726, 0.213177]
[-0.189716, 0.43212, -0.153472, 0.153884, 0.216618]
[-0.242434, 0.484609, -0.147562, 0.162535, 0.21349]
[-0.195614, 0.467895, -0.151983, 0.156371, 0.216434]
[-0.171847, 0.426311, -0.152512, 0.165269, 0.213142]
[-0.254818, 0.438103, -0.132859, 0.234534, 0.215902]
[-0.228599, 0.451926, -0.149042, 0.177655, 0.214871]
[-0.197274, 0.488023, -0.131697, 0.182027, 0.216453]
[-0.246676, 0.431926, -0.136421, 0.188696, 0.21659]
[-0.177379, 0.42602, -0.133241, 0.171212, 0.213772]
[-0.246848, 0.47238, -0.155712, 0.161046, 0.214519]
[-0.239312, 0.441531, -0.153682, 0.154141, 0.213927]
[-0.20735, 0.49216, -0.129705, 0.237443, 0.214253]
[-0.235739, 0.458107, -0.152325, 0.21869, 0.215393]
[-0.198025, 0.489206, -0.132791, 0.175383, 0.216509]
[-0.218953, 0.449539, -0.136741, 0.192556, 0.215623]
[-0.23334, 0.478167, -0.135475, 0.210952, 0.216439]
[-0.235817, 0.438852, -0.134115, 0.169644, 0.215623]
[-0.174062, 0.453227, -0.144932, 0.178428, 0.212796]
[-0.239777, 0.485128, -0.144062, 0.204262, 0.214798]
[-0.162237, 0.468288, -0.130745, 0.245825, 0.215407]
[-0.181217, 0.437836, -0.154317, 0.163092, 0.216118]
[-0.173995, 0.429983, -0.144179, 0.241332, 0.212826]
[-0.166157, 0.432184, -0.135476, 0.169997, 0.215975]
[-0.217412, 0.4567, -0.133919, 0.170741, 0.214562]
[-0.231441, 0.454133, -0.150028, 0.255458, 0.215408]
[-0.227009, 0.467351, -0.145929, 0.173747, 0.213399]
[-0.171848, 0.472282, -0.132096, 0.190265, 0.214486]
[-0.224745, 0.460638, -0.12993, 0.192539, 0.213186]
[-0.248548, 0.455092, -0.148966, 0.216141, 0.213749]
[-0.206596, 0.494654, -0.139624, 0.203108, 0.213114]
[-0.192417, 0.45052, -0.145776, 0.215281, 0.216673]
[-0.237936, 0.49994, -0.144566, 0.257976, 0.215345]
[-0.163647, 0.487845, -0.144491, 0.199824, 0.214903]
[-0.244805, 0.487202, -0.139292, 0.235179, 0.216356]
[-0.222313, 0.458284, -0.149891, 0.154897, 0.21627]
[-0.160019, 0.454511, -0.135067, 0.209971, 0.214934]
[-0.170723, 0.489991, -0.148846, 0.216026, 0.216387]
[-0.176351, 0.449238, -0.138661, 0.225565, 0.214296]
[-0.18361, 0.444001, -0.154778, 0.147045, 0.215282]
[-0.215833, 0.476615, -0.132418, 0.161067, 0.215454]
[-0.211267, 0.426719, -0.152317, 0.205396, 0.21378]
[-0.209984, 0.453111, -0.134766, 0.15671, 0.214637]
[-0.155614, 0.457947, -0.130639, 0.186574, 0.214603]
[-0.171786, 0.458131, -0.155203, 0.17886, 0.216406]
[-0.242828, 0.449013, -0.136572, 0.195036, 0.214482]
[-0.236656, 0.470941, -0.133081, 0.213832, 0.213773]
[-0.167036, 0.47924, -0.150115, 0.198732, 0.216334]
[-0.20415, 0.431854, -0.152616, 0.220534, 0.213796]
[-0.156429, 0.450911, -0.135283, 0.144663, 0.213574]
[-0.171413, 0.495501, -0.154787, 0.224335, 0.214243]
[-0.197422, 0.444077, -0.136233, 0.20611, 0.215318]
[-0.23734, 0.432832, -0.136637, 0.230061, 0.214424]
[-0.23425, 0.479276, -0.135924, 0.15792, 0.214563]
[-0.161802, 0.468004, -0.148059, 0.248733, 0.216277]
[-0.200214, 0.436849, -0.135887, 0.189556, 0.213748]
[-0.25282, 0.447271, -0.145805, 0.243547, 0.213911]
[-0.249387, 0.490181, -0.141021, 0.216673, 0.216098]
[-0.245787, 0.471785, -0.151879, 0.18684, 0.216282]
[-0.240427, 0.486192, -0.152825, 0.236759, 0.216613]
[-0.165739, 0.48313, -0.133302, 0.170181, 0.216233]
[-0.242324, 0.465218, -0.130449, 0.176422, 0.21511]
[-0.157427, 0.420006, -0.152828, 0.231826, 0.215221]
[-0.204957, 0.436852, -0.150821, 0.153766, 0.21554]
[-0.258679, 0.453893, -0.141687, 0.205668, 0.214713]
[-0.257605, 0.464318, -0.141222, 0.193007, 0.21293]
[-0.230995, 0.485344, -0.15368, 0.153375, 0.212971]
[-0.161005, 0.456641, -0.15272, 0.227643, 0.214465]
[-0.2272, 0.498357, -0.145809, 0.14674, 0.215502]
[-0.222025, 0.457966, -0.140265, 0.257756, 0.21528]
[-0.174061, 0.440362, -0.140868, 0.198119, 0.215046]
[-0.155278, 0.481091, -0.154765, 0.224258, 0.214015]
[-0.195302, 0.488029, -0.138857, 0.16386, 0.215981]
[-0.25612, 0.475754, -0.134069, 0.220213, 0.21315]
[-0.198743, 0.495274, -0.150629, 0.165271, 0.213261]
[-0.17723, 0.433808, -0.13422, 0.244143, 0.215344]
[-0.185795, 0.482033, -0.1508, 0.233367, 0.215696]
[-0.214865, 0.435655, -0.153335, 0.157083, 0.213629]
[-0.245867, 0.470917, -0.138935, 0.151278, 0.215368]
[-0.247777, 0.477213, -0.149197, 0.195802, 0.213945]
[-0.241057, 0.436623, -0.141019, 0.242265, 0.214472]
[-0.220519, 0.453629, -0.146899, 0.222103, 0.21597]
[-0.260612, 0.488917, -0.138089, 0.252823, 0.213927]
[-0.159662, 0.433653, -0.152457, 0.146371, 0.215811]
[-0.235476, 0.461589, -0.150142, 0.183308, 0.214413]
[-0.173523, 0.449481, -0.154063, 0.200728, 0.214]
[-0.196967, 0.443951, -0.154356, 0.23302, 0.214394]
[-0.204085, 0.464953, -0.145953, 0.203841, 0.215653]
[-0.204364, 0.436861, -0.140618, 0.150175, 0.215229]
[-0.2533, 0.485524, -0.137889, 0.143263, 0.215826]
[-0.253627, 0.493075, -0.131707, 0.179126, 0.214512]
[-0.2002, 0.446721, -0.143385, 0.198698, 0.214119]
[-0.258681, 0.434866, -0.155309, 0.210816, 0.212987]
[-0.180672, 0.469727, -0.139755, 0.221061, 0.216382]
[-0.175511, 0.499187, -0.134094, 0.254712, 0.213073]
[-0.226626, 0.475118, -0.144881, 0.190523, 0.213325]
[-0.193683, 0.441618, -0.150329, 0.172327, 0.213839]
[-0.200704, 0.427848, -0.149211, 0.146061, 0.216551]
[-0.243274, 0.45997, -0.13696, 0.229654, 0.213695]
[-0.202272, 0.448809, -0.129367, 0.196316, 0.215301]
[-0.208066, 0.475709, -0.149495, 0.16794, 0.216499]
[-0.233992, 0.49251, -0.139402, 0.250955, 0.214826]
[-0.165053, 0.443088, -0.134922, 0.242865, 0.212824]
[-0.229927, 0.427845, -0.150927, 0.162416, 0.215163]
[-0.179846, 0.489949, -0.135868, 0.236645, 0.216207]
[-0.208302, 0.465429, -0.151891, 0.203244, 0.213664]
[-0.185795, 0.459183, -0.154686, 0.158826, 0.215481]
[-0.162881, 0.437954, -0.146865, 0.187148, 0.215263]
[-0.228949, 0.467562, -0.154988, 0.146945, 0.214956]
[-0.226133, 0.493756, -0.130745, 0.155157, 0.21461]
[-0.190553, 0.430724, -0.139307, 0.204342, 0.21356]
[-0.227425, 0.459471, -0.130255, 0.146833, 0.212902]
[-0.170567, 0.436931, -0.146257, 0.160791, 0.213968]
[-0.207144, 0.447767, -0.134894, 0.190436, 0.216695]
[-0.250369, 0.434996, -0.12984, 0.174767, 0.216023]
[-0.176251, 0.485596, -0.130577, 0.186254, 0.2129]
[-0.167671, 0.470151, -0.141245, 0.248199, 0.212872]
[-0.18794, 0.428519, -0.131541, 0.145543, 0.215279]
[-0.168195, 0.477277, -0.140554, 0.158075, 0.213093]
[-0.247421, 0.42572, -0.138055, 0.182107, 0.214969]
[-0.153928, 0.453658, -0.15545, 0.183293, 0.213375]
[-0.248644, 0.47719, -0.135869, 0.162516, 0.215452]
[-0.228659, 0.451225, -0.15151, 0.226757, 0.215718]
[-0.257228, 0.464753, -0.130599, 0.172334, 0.215291]
[-0.260006, 0.466467, -0.146082, 0.217911, 0.21537]
[-0.205919, 0.467794, -0.143205, 0.226183, 0.213017]
[-0.173957, 0.431475, -0.136039, 0.206756, 0.212818]
[-0.172996, 0.492728, -0.13347, 0.152997, 0.214966]
[-0.177993, 0.455605, -0.139785, 0.18013, 0.215348]
[-0.241011, 0.446438, -0.148927, 0.155417, 0.212893]
[-0.254964, 0.44031, -0.132348, 0.193337, 0.214299]
[-0.201659, 0.45055, -0.155786, 0.194379, 0.216357]
[-0.15846, 0.484683, -0.152071, 0.221121, 0.214413]
[-0.228608, 0.423786, -0.152961, 0.151145, 0.213781]
[-0.177946, 0.436752, -0.137234, 0.155327, 0.215981]
[-0.24256, 0.430993, -0.15196, 0.200331, 0.216253]
[-0.231775, 0.484155, -0.15443, 0.217929, 0.21666]
[-0.251105, 0.448177, -0.148705, 0.171903, 0.215786]
[-0.217662, 0.422626, -0.152169, 0.197463, 0.215115]
[-0.212522, 0.443454, -0.133942, 0.240676, 0.214737]
[-0.251174, 0.489754, -0.143879, 0.145381, 0.216391]
[-0.20426, 0.449189, -0.152201, 0.237504, 0.215973]
[-0.200895, 0.437681, -0.135502, 0.215907, 0.213389]
[-0.247907, 0.482499, -0.131898, 0.195851, 0.213154]
[-0.251005, 0.43093, -0.143574, 0.255245, 0.21547]
[-0.248927, 0.47507, -0.132519, 0.203533, 0.215408]
[-0.189994, 0.447869, -0.139835, 0.155334, 0.213495]
[-0.211859, 0.456743, -0.131373, 0.257111, 0.214214]
[-0.189326, 0.432899, -0.131815, 0.242565, 0.21538]
[-0.241219, 0.445498, -0.129837, 0.200258, 0.216577]
[-0.160666, 0.425445, -0.155849, 0.256043, 0.215497]
[-0.200919, 0.443608, -0.154422, 0.233043, 0.213519]
[-0.196491, 0.460616, -0.148797, 0.191339, 0.216018]
[-0.235943, 0.48903, -0.14132, 0.255701, 0.21371]
[-0.230408, 0.42701, -0.151343, 0.167184, 0.214554]
[-0.160374, 0.490896, -0.14398, 0.228264, 0.2144]
[-0.223093, 0.46112, -0.141082, 0.150256, 0.213327]
[-0.170825, 0.430777, -0.151795, 0.182495, 0.21581]
[-0.239086, 0.454375, -0.131361, 0.164338, 0.216221]
[-0.256891, 0.443543, -0.135922, 0.142005, 0.216347]
[-0.222049, 0.492726, -0.149407, 0.174316, 0.21347]
[-0.190704, 0.435026, -0.143183, 0.23593, 0.216233]
[-0.223477, 0.44592, -0.151663, 0.173447, 0.214218]
[-0.216629, 0.497505, -0.138817, 0.246533, 0.21405]
[-0.166748, 0.472273, -0.148183, 0.19562, 0.214978]
[-0.163898, 0.435415, -0.140176, 0.184174, 0.216682]
[-0.247355, 0.440633, -0.152697, 0.240745, 0.216473]
[-0.156263, 0.44782, -0.142075, 0.218231, 0.214714]
[-0.199399, 0.449901, -0.142497, 0.221393, 0.215836]
[-0.204495, 0.483831, -0.143592, 0.205808, 0.213761]
[-0.251299, 0.427471, -0.129887, 0.168837, 0.214098]
[-0.168406, 0.483674, -0.144642, 0.213603, 0.216529]
[-0.172181, 0.42279, -0.152811, 0.234059, 0.213017]
[-0.255204, 0.425759, -0.151871, 0.178396, 0.213509]
[-0.203816, 0.44593, -0.133216, 0.229355, 0.215488]
[-0.221111, 0.480141, -0.138513, 0.193912, 0.21298]
[-0.182575, 0.461158, -0.132011, 0.186632, 0.216448]
[-0.228931, 0.476724, -0.153933, 0.239215, 0.213936]
[-0.187851, 0.488254, -0.148452, 0.172091, 0.213919]
[-0.187642, 0.437721, -0.134741, 0.166559, 0.214617]
[-0.158423, 0.485423, -0.130726, 0.203852, 0.215394]
[-0.260047, 0.47503, -0.146656, 0.170955, 0.213627]
[-0.225655, 0.446632, -0.154044, 0.233293, 0.215292]
[-0.231368, 0.453367, -0.130587, 0.206532, 0.216044]
[-0.229566, 0.461399, -0.148822, 0.247248, 0.213504]
[-0.245226, 0.49611, -0.129847, 0.152416, 0.212946]
[-0.160129, 0.425356, -0.130642, 0.160302, 0.214377]
[-0.166139, 0.461418, -0.131889, 0.217184, 0.21477]
[-0.187089, 0.441996, -0.154676, 0.157948, 0.214236]
[-0.200917, 0.472632, -0.148647, 0.168346, 0.213335]
[-0.193224, 0.430457, -0.13695, 0.233815, 0.213482]
[-0.209533, 0.448995, -0.145617, 0.256228, 0.216421]
[-0.230264, 0.443181, -0.13399, 0.151015, 0.21542]
[-0.18009, 0.433369, -0.137679, 0.200335, 0.21659]
[-0.258519, 0.475794, -0.146769, 0.171745, 0.216428]
[-0.217539, 0.42144, -0.138564, 0.158458, 0.213937]
[-0.181374, 0.447908, -0.137297, 0.210955, 0.215322]
[-0.258436, 0.445072, -0.142212, 0.178781, 0.212812]
[-0.197646, 0.433437, -0.131728, 0.19871, 0.214309]
[-0.169775, 0.441331, -0.137782, 0.152672, 0.216253]
[-0.241171, 0.442729, -0.155555, 0.167266, 0.212892]
[-0.25065, 0.446436, -0.146081, 0.220814, 0.213528]
[-0.165005, 0.499038, -0.135168, 0.20399, 0.216117]
[-0.229725, 0.484688, -0.153956, 0.195006, 0.213826]
[-0.206069, 0.449742, -0.136791, 0.16307, 0.215927]
[-0.156356, 0.421877, -0.138408, 0.165346, 0.21598]
[-0.236399, 0.4871, -0.137582, 0.234617, 0.215821]
[-0.179468, 0.437052, -0.140103, 0.178044, 0.216424]
[-0.188377, 0.458628, -0.152511, 0.177215, 0.213585]
[-0.216034, 0.439517, -0.131605, 0.217818, 0.215225]
[-0.189432, 0.4752, -0.138298, 0.154512, 0.213682]
[-0.175121, 0.455197, -0.144585, 0.214337, 0.214368]
[-0.246065, 0.430533, -0.155634, 0.180787, 0.214964]
[-0.208797, 0.494132, -0.153529, 0.241388, 0.214897]
[-0.16895, 0.459118, -0.133976, 0.215262, 0.214121]
[-0.245192, 0.453328, -0.137464, 0.160427, 0.216571]
[-0.205252, 0.462198, -0.132732, 0.169737, 0.21376]
[-0.155579, 0.448493, -0.134229, 0.156554, 0.214905]
[-0.22491, 0.422056, -0.150622, 0.200866, 0.213667]
[-0.229441, 0.478768, -0.134615, 0.161515, 0.213545]
[-0.195851, 0.487457, -0.143871, 0.151282, 0.214864]
[-0.164292, 0.497777, -0.149638, 0.156374, 0.215474]
[-0.177679, 0.448948, -0.148544, 0.219752, 0.215701]
[-0.236452, 0.474743, -0.134604, 0.216119, 0.213702]
[-0.214929, 0.420097, -0.152914, 0.156034, 0.215433]
[-0.221412, 0.455897, -0.129398, 0.254831, 0.2148]
[-0.250645, 0.434446, -0.132426, 0.209162, 0.21625]
[-0.157324, 0.494867, -0.144335, 0.244589, 0.215992]
[-0.215709, 0.427269, -0.142585, 0.209461, 0.216059]
[-0.229277, 0.463068, -0.133463, 0.185178, 0.212818]
[-0.259563, 0.487104, -0.132485, 0.217238, 0.213483]
[-0.203917, 0.486213, -0.154667, 0.159321, 0.216454]
[-0.201106, 0.451925, -0.144853, 0.171111, 0.216418]
[-0.249721, 0.44691, -0.140613, 0.159422, 0.216374]
[-0.23496, 0.484545, -0.140179, 0.160509, 0.2139]
[-0.243805, 0.497909, -0.141938, 0.164415, 0.214212]
[-0.208765, 0.484965, -0.134778, 0.232029, 0.213721]
[-0.244953, 0.450903, -0.131085, 0.164513, 0.215777]
[-0.257553, 0.421916, -0.149623, 0.173158, 0.215036]
[-0.223919, 0.443155, -0.143888, 0.142286, 0.213733]
[-0.242192, 0.428714, -0.150385, 0.190089, 0.216403]
[-0.249491, 0.440978, -0.150945, 0.248084, 0.214432]
[-0.245689, 0.471135, -0.152243, 0.20007, 0.216406]
[-0.167232, 0.458429, -0.145575, 0.146213, 0.216555]
[-0.254723, 0.435322, -0.134054, 0.2157, 0.215531]
[-0.216657, 0.454202, -0.155755, 0.15118, 0.216078]
[-0.212695, 0.443103, -0.139069, 0.221051, 0.213232]
[-0.202653, 0.480089, -0.149692, 0.212232, 0.212871]
[-0.243301, 0.424387, -0.15234, 0.1471, 0.214243]
[-0.189305, 0.47342, -0.141912, 0.142579, 0.214398]
[-0.251124, 0.43091, -0.141491, 0.233281, 0.21351]
[-0.181865, 0.444779, -0.148009, 0.157225, 0.213254]
[-0.232855, 0.499272, -0.150722, 0.224585, 0.213816]
[-0.238196, 0.473784, -0.136734, 0.250649, 0.212917]
[-0.208587, 0.457426, -0.132764, 0.156288, 0.212823]
[-0.167892, 0.457743, -0.14509, 0.209579, 0.216215]
[-0.2257, 0.48182, -0.15321, 0.240721, 0.213761]
[-0.225442, 0.4417, -0.150287, 0.256728, 0.216324]
[-0.239698, 0.437718, -0.149713, 0.252123, 0.214352]
[-0.15642, 0.464732, -0.136124, 0.192784, 0.213282]
[-0.179834, 0.443479, -0.148888, 0.247789, 0.216187]
[-0.208232, 0.431085, -0.132679, 0.172051, 0.216214]
[-0.248152, 0.42416, -0.153257, 0.253154, 0.212963]
[-0.244767, 0.466089, -0.130742, 0.192498, 0.21342]
[-0.208642, 0.489283, -0.142991, 0.194108, 0.212911]
[-0.239157, 0.468891, -0.148314, 0.228203, 0.213423]
[-0.260549, 0.46517, -0.141595, 0.237655, 0.214538]
[-0.200075, 0.432242, -0.139584, 0.250516, 0.214406]
[-0.260744, 0.427449, -0.130204, 0.14414, 0.213693]
[-0.164001, 0.45826, -0.153422, 0.204336, 0.216121]
[-0.191897, 0.492393, -0.150403, 0.218317, 0.214504]
[-0.179675, 0.437348, -0.134627, 0.21112, 0.213384]
[-0.235929, 0.492285, -0.151704, 0.249378, 0.216419]
[-0.255948, 0.493772, -0.142842, 0.199723, 0.213977]
[-0.202846, 0.440801, -0.14285, 0.256494, 0.213223]
[-0.249033, 0.433811, -0.149629, 0.242721, 0.214491]
[-0.23553, 0.421992, -0.140276, 0.205925, 0.216426]
[-0.192369, 0.433633, -0.148401, 0.187139, 0.213078]
[-0.161419, 0.48191, -0.140665, 0.157294, 0.216018]
[-0.253638, 0.459613, -0.130207, 0.243756, 0.212882]
[-0.217774, 0.459299, -0.13446, 0.199092, 0.216764]
[-0.175583, 0.438421, -0.129174, 0.199641, 0.213714]
[-0.249359, 0.467193, -0.142716, 0.182618, 0.215128]
[-0.195387, 0.446065, -0.132466, 0.196966, 0.21536]
[-0.183669, 0.4647, -0.14117, 0.210859, 0.214749]
[-0.202962, 0.451517, -0.141752, 0.16263, 0.214616]
[-0.164389, 0.454968, -0.129168, 0.159479, 0.214587]
[-0.22226, 0.444171, -0.136407, 0.254847, 0.215216]
[-0.168902, 0.434836, -0.136491, 0.174882, 0.214529]
[-0.190504, 0.467318, -0.143098, 0.147334, 0.214828]
[-0.21506, 0.44102, -0.135127, 0.229926, 0.214625]
[-0.171525, 0.424215, -0.147005, 0.171003, 0.216049]
[-0.173389, 0.450216, -0.130893, 0.170944, 0.213167]
[-0.241918, 0.466763, -0.145132, 0.192006, 0.215023]
[-0.159421, 0.457306, -0.143434, 0.167625, 0.215035]
[-0.167086, 0.448377, -0.130808, 0.247689, 0.215518]
[-0.171846, 0.443383, -0.130664, 0.226597, 0.215197]
[-0.247229, 0.427278, -0.131058, 0.210462, 0.216471]
[-0.19855, 0.431492, -0.130318, 0.217401, 0.215048]
[-0.204387, 0.44926, -0.130129, 0.17878, 0.216684]
[-0.176811, 0.43863, -0.12999, 0.245414, 0.215008]
[-0.213629, 0.431039, -0.131028, 0.238302, 0.214673]
[-0.250242, 0.447547, -0.130324, 0.255655, 0.215695]
[-0.208854, 0.446377, -0.131056, 0.148035, 0.216068]
[-0.226835, 0.430117, -0.131353, 0.245482, 0.215306]
[-0.21289, 0.449943, -0.13067, 0.216866, 0.21603]
[-0.163791, 0.422476, -0.130562, 0.245883, 0.214571]
[-0.211636, 0.438372, -0.130624, 0.182063, 0.215045]
[-0.158188, 0.436262, -0.130057, 0.207546, 0.215807]
[-0.247069, 0.424848, -0.130423, 0.184477, 0.215279]
[-0.234628, 0.450354, -0.131188, 0.158371, 0.21662]
[-0.228366, 0.431213, -0.129484, 0.153297, 0.216501]
[-0.202593, 0.443118, -0.130931, 0.222814, 0.2148]
[-0.183115, 0.448048, -0.129815, 0.162776, 0.216673]
[-0.182331, 0.453185, -0.131235, 0.151634, 0.214794]
[-0.2389, 0.427021, -0.129253, 0.22882, 0.21536]
[-0.217071, 0.451645, -0.130489, 0.181274, 0.215269]
[-0.246049, 0.447575, -0.131037, 0.197261, 0.215003]
[-0.173669, 0.425015, -0.131034, 0.232511, 0.215787]
[-0.20859, 0.421648, -0.130597, 0.159297, 0.215498]
[-0.175875, 0.451685, -0.130744, 0.15819, 0.215476]
[-0.195619, 0.43972, -0.13112, 0.235304, 0.215956]
[-0.246764, 0.444832, -0.129316, 0.243263, 0.21625]
[-0.257532, 0.42779, -0.130857, 0.224741, 0.214749]
[-0.250194, 0.44505, -0.130177, 0.177393, 0.21598]
[-0.187033, 0.438463, -0.130741, 0.150532, 0.215985]
[-0.162656, 0.438802, -0.129738, 0.223945, 0.215852]
[-0.198214, 0.453257, -0.130104, 0.194432, 0.215104]
[-0.214447, 0.419306, -0.130824, 0.154885, 0.215799]
[-0.162519, 0.447089, -0.129476, 0.207838, 0.216346]
[-0.24165, 0.430291, -0.129534, 0.142882, 0.215249]
[-0.229537, 0.427561, -0.130954, 0.171193, 0.215109]
[-0.165938, 0.426364, -0.129505, 0.176112, 0.215124]
[-0.154748, 0.426387, -0.130436, 0.245832, 0.215531]
[-0.170194, 0.437766, -0.129317, 0.21928, 0.215173]
[-0.155087, 0.426118, -0.129664, 0.159247, 0.215232]
[-0.192831, 0.434463, -0.13091, 0.239684, 0.215758]
[-0.21396, 0.425276, -0.130525, 0.202579, 0.216071]
[-0.160573, 0.452068, -0.129253, 0.148808, 0.216361]
[-0.189693, 0.42266, -0.13009, 0.248763, 0.214936]
[-0.173085, 0.421023, -0.130472, 0.160194, 0.21598]
[-0.154476, 0.421034, -0.130219, 0.175488, 0.215291]
[-0.224097, 0.426051, -0.129908, 0.254117, 0.214915]
[-0.228965, 0.447618, -0.129267, 0.231622, 0.214805]
[-0.248977, 0.429437, -0.130192, 0.154477, 0.216525]
[-0.15339, 0.434585, -0.129882, 0.251661, 0.216371]
[-0.153442, 0.421931, -0.130512, 0.148947, 0.216706]
[-0.187273, 0.441998, -0.130315, 0.251308, 0.21622]
[-0.187414, 0.431789, -0.12928, 0.214587, 0.214732]
[-0.239584, 0.431958, -0.13131, 0.235746, 0.215998]
[-0.19849, 0.448028, -0.129792, 0.222171, 0.216232]
[-0.220291, 0.426561, -0.12931, 0.209601, 0.214928]
[-0.164855, 0.422234, -0.130311, 0.145934, 0.214807]
[-0.215745, 0.428833, -0.130788, 0.237213, 0.215161]
[-0.240995, 0.420026, -0.129849, 0.227737, 0.21539]
[-0.223945, 0.437975, -0.131009, 0.17122, 0.215245]
[-0.212047, 0.429829, -0.12924, 0.207313, 0.214702]
[-0.199342, 0.425743, -0.130385, 0.143971, 0.214747]
[-0.161302, 0.419743, -0.130163, 0.194214, 0.216696]
[-0.241184, 0.425187, -0.129982, 0.234513, 0.215106]
[-0.234205, 0.422966, -0.130259, 0.245487, 0.214941]
[-0.180709, 0.434037, -0.130642, 0.179446, 0.216532]
[-0.157941, 0.42496, -0.131055, 0.206558, 0.215747]
[-0.206901, 0.421044, -0.131276, 0.196421, 0.214659]
[-0.232691, 0.42785, -0.130606, 0.243656, 0.215974]
[-0.196112, 0.441501, -0.129978, 0.25689, 0.216505]
[-0.185121, 0.431221, -0.130587, 0.227545, 0.215073]
[-0.222385, 0.41958, -0.130849, 0.228698, 0.214727]
[-0.22511, 0.450967, -0.129437, 0.16965, 0.215203]
[-0.232833, 0.420125, -0.130694, 0.221341, 0.216141]
[-0.233137, 0.431186, -0.129302, 0.144305, 0.216484]
[-0.210627, 0.430223, -0.129454, 0.199056, 0.21524]
[-0.163605, 0.450371, -0.129381, 0.257095, 0.216083]
[-0.231425, 0.429792, -0.130816, 0.234307, 0.215476]
[-0.156596, 0.427258, -0.130163, 0.206568, 0.214882]
[-0.226174, 0.44849, -0.131039, 0.236027, 0.214981]
[-0.221885, 0.442744, -0.130486, 0.169746, 0.215437]
[-0.200192, 0.428432, -0.129489, 0.197098, 0.216014]
[-0.17273, 0.428816, -0.130261, 0.245341, 0.215564]
[-0.250083, 0.419491, -0.129844, 0.147374, 0.216418]
[-0.180823, 0.442831, -0.130803, 0.224593, 0.216052]
[-0.183468, 0.44101, -0.129498, 0.215227, 0.214812]
[-0.196415, 0.433752, -0.130897, 0.170444, 0.216004]
[-0.192162, 0.437463, -0.131365, 0.18834, 0.216045]
[-0.19853, 0.439243, -0.12973, 0.191113, 0.21506]
[-0.195428, 0.439848, -0.1312, 0.16893, 0.216207]
[-0.230184, 0.438124, -0.129151, 0.18716, 0.21474]
[-0.174369, 0.423383, -0.130512, 0.216277, 0.216516]
[-0.21276, 0.436967, -0.130554, 0.174862, 0.215105]
[-0.160833, 0.449638, -0.129429, 0.244126, 0.215165]
[-0.170071, 0.42088, -0.131112, 0.232274, 0.214805]
[-0.212951, 0.421136, -0.129616, 0.245187, 0.216703]
[-0.24549, 0.430302, -0.130177, 0.208015, 0.216551]
[-0.241774, 0.430012, -0.131172, 0.225875, 0.216518]
[-0.155774, 0.443311, -0.130178, 0.159153, 0.214616]
[-0.237962, 0.431986, -0.13108, 0.208137, 0.216251]
[-0.159545, 0.440502, -0.129909, 0.236634, 0.216107]
[-0.18331, 0.451571, -0.129607, 0.253186, 0.215629]
[-0.18546, 0.428562, -0.129581, 0.210692, 0.215059]
[-0.186325, 0.440454, -0.129318, 0.212678, 0.215727]
[-0.177609, 0.423708, -0.131142, 0.145446, 0.215387]
[-0.232045, 0.429197, -0.13098, 0.230287, 0.21572]
[-0.225327, 0.449164, -0.12921, 0.145104, 0.215392]
[-0.208327, 0.442671, -0.13062, 0.186553, 0.216682]
[-0.25349, 0.431233, -0.129305, 0.247821, 0.215149]
[-0.21576, 0.442589, -0.131165, 0.165897, 0.215184]
[-0.252476, 0.427193, -0.130101, 0.209223, 0.215055]
[-0.202395, 0.432313, -0.130976, 0.191029, 0.214761]
[-0.233086, 0.438044, -0.130948, 0.200941, 0.215058]
[-0.191251, 0.428825, -0.129342, 0.235044, 0.215419]
[-0.234786, 0.442584, -0.130108, 0.221504, 0.216688]
[-0.183298, 0.424747, -0.130294, 0.221016, 0.216479]
[-0.17607, 0.425771, -0.129812, 0.193459, 0.215891]
[-0.173843, 0.42522, -0.130775, 0.210656, 0.216777]
[-0.223317, 0.423174, -0.131312, 0.157391, 0.215295]
[-0.161376, 0.446614, -0.131328, 0.2342, 0.215988]
[-0.190862, 0.433385, -0.129985, 0.252297, 0.214749]
[-0.234938, 0.43593, -0.13113, 0.217871, 0.215065]
[-0.239701, 0.420562, -0.129415, 0.183397, 0.215692]
[-0.256624, 0.446088, -0.129631, 0.223616, 0.215482]
[-0.227798, 0.431606, -0.129212, 0.229459, 0.216259]
[-0.182919, 0.42865, -0.12968, 0.202873, 0.216042]
[-0.206329, 0.42235, -0.129236, 0.255048, 0.215489]
[-0.176581, 0.420745, -0.130068, 0.221814, 0.216496]
[-0.175663, 0.434745, -0.130886, 0.19811, 0.214793]
[-0.206577, 0.424174, -0.130179, 0.223985, 0.215669]
[-0.242683, 0.42113, -0.130965, 0.164102, 0.215798]
[-0.24981, 0.445346, -0.129964, 0.23051, 0.215742]
[-0.230851, 0.427824, -0.12927, 0.257795, 0.214653]
[-0.225319, 0.430633, -0.130274, 0.192501, 0.216778]
[-0.216272, 0.44813, -0.129256, 0.241086, 0.215231]
[-0.225838, 0.436422, -0.129896, 0.199732, 0.21659]
[-0.244102, 0.449318, -0.131331, 0.253022, 0.216151]
[-0.172393, 0.447347, -0.130057, 0.175971, 0.215433]
[-0.158684, 0.433324, -0.129324, 0.179617, 0.215476]
[-0.247359, 0.436081, -0.130485, 0.25083, 0.215914]
[-0.184249, 0.440236, -0.129214, 0.235856, 0.215768]
[-0.216877, 0.442795, -0.130258, 0.201208, 0.216056]
[-0.203999, 0.453087, -0.129314, 0.153532, 0.216318]
[-0.212096, 0.422062, -0.129971, 0.230147, 0.215822]
[-0.260379, 0.441524, -0.131229, 0.24806, 0.215847]
[-0.190082, 0.432072, -0.131081, 0.144275, 0.215958]
[-0.163186, 0.440913, -0.130189, 0.203809, 0.216416]
[-0.242189, 0.439474, -0.129592, 0.146307, 0.216088]
[-0.19513, 0.428712, -0.129758, 0.229109, 0.216294]
[-0.175835, 0.440941, -0.130749, 0.195393, 0.214904]
[-0.243561, 0.447207, -0.129949, 0.149026, 0.216542]
[-0.170284, 0.444278, -0.130114, 0.250066, 0.215878]
[-0.191893, 0.445144, -0.130161, 0.158866, 0.216577]
[-0.205412, 0.430915, -0.131311, 0.195144, 0.215211]
[-0.164908, 0.437701, -0.130454, 0.151021, 0.215229]
[-0.189901, 0.435026, -0.130021, 0.168707, 0.215736]
[-0.233533, 0.435309, -0.129455, 0.24157, 0.216583]
[-0.226951, 0.447768, -0.130756, 0.142987, 0.216693]
[-0.185704, 0.433038, -0.130748, 0.249776, 0.216649]
[-0.237191, 0.436066, -0.13004, 0.152045, 0.216498]
[-0.1873, 0.421881, -0.129848, 0.216902, 0.214713]
[-0.227271, 0.422339, -0.129373, 0.219669, 0.216475]
[-0.237247, 0.426747, -0.13009, 0.239486, 0.214777]
[-0.243808, 0.425169, -0.129648, 0.160817, 0.215385]
[-0.250022, 0.435466, -0.129518, 0.206858, 0.215824]
[-0.157071, 0.432169, -0.130199, 0.245077, 0.216588]
[-0.202293, 0.437887, -0.129828, 0.245905, 0.216139]
[-0.157339, 0.442564, -0.130078, 0.177686, 0.216506]
[-0.237021, 0.434621, -0.13129, 0.183429, 0.216719]
[-0.246063, 0.446493, -0.130546, 0.191874, 0.216151]
[-0.255542, 0.443772, -0.129292, 0.153045, 0.215527]
[-0.236013, 0.431001, -0.131014, 0.199714, 0.216232]
[-0.154088, 0.436261, -0.130753, 0.16459, 0.216558]
[-0.205583, 0.446849, -0.130622, 0.197854, 0.215069]
[-0.186653, 0.441638, -0.130103, 0.239851, 0.216311]
[-0.22585, 0.430909, -0.131036, 0.166358, 0.215135]
[-0.165069, 0.423271, -0.131169, 0.183316, 0.214809]
[-0.224324, 0.450776, -0.131026, 0.247431, 0.215637]
[-0.155615, 0.447866, -0.129912, 0.219749, 0.215238]
[-0.222016, 0.42926, -0.129457, 0.176062, 0.215141]
[-0.223962, 0.440093, -0.130109, 0.198359, 0.215406]
[-0.241557, 0.42376, -0.129971, 0.144491, 0.214793]
[-0.238839, 0.420404, -0.129624, 0.148988, 0.215367]
[-0.234335, 0.429328, -0.130767, 0.15963, 0.216164]
[-0.21009, 0.420286, -0.129241, 0.221001, 0.214934]
[-0.229222, 0.428928, -0.13095, 0.171565, 0.215733]
[-0.192637, 0.438648, -0.131321, 0.192056, 0.21608]
[-0.15374, 0.45323, -0.130245, 0.181294, 0.215914]
[-0.213919, 0.420801, -0.130488, 0.157572, 0.216684]
[-0.216458, 0.424558, -0.130955, 0.199286, 0.215263]
[-0.231113, 0.450666, -0.129506, 0.188177, 0.216363]
[-0.258958, 0.439153, -0.131098, 0.199954, 0.215083]
[-0.180608, 0.437825, -0.130804, 0.24121, 0.214719]
[-0.185158, 0.432146, -0.129954, 0.155261, 0.214864]
[-0.231107, 0.42462, -0.130252, 0.2114, 0.215397]
[-0.199958, 0.44581, -0.130347, 0.217317, 0.215369]
[-0.240865, 0.434261, -0.129344, 0.203164, 0.215883]
[-0.233061, 0.443626, -0.129829, 0.233144, 0.215114]
[-0.185649, 0.439502, -0.130683, 0.174543, 0.216302]
[-0.180126, 0.438464, -0.12919, 0.240663, 0.215477]
[-0.20691, 0.427214, -0.130376, 0.18542, 0.215451]
[-0.22785, 0.422334, -0.130389, 0.22534, 0.215185]
[-0.170367, 0.420298, -0.129489, 0.143745, 0.215097]
[-0.182622, 0.441372, -0.130582, 0.146435, 0.215243]
[-0.187523, 0.43165, -0.130255, 0.226402, 0.216238]
[-0.218946, 0.440662, -0.130911, 0.250658, 0.216421]
[-0.253403, 0.432524, -0.130489, 0.244503, 0.215521]
[-0.20803, 0.433289, -0.130577, 0.220997, 0.216437]
[-0.225455, 0.442883, -0.129179, 0.246475, 0.216224]
[-0.192986, 0.425764, -0.129234, 0.207583, 0.214708]
[-0.189424, 0.434793, -0.130789, 0.181209, 0.21504]
[-0.165916, 0.427192, -0.130423, 0.189616, 0.216518]
[-0.190813, 0.45108, -0.130834, 0.148802, 0.216388]
[-0.191886, 0.450441, -0.130603, 0.174218, 0.215647]
[-0.182914, 0.426662, -0.129526, 0.252347, 0.214972]
[-0.202207, 0.425746, -0.130487, 0.166283, 0.214876]
[-0.171289, 0.450488, -0.130271, 0.213216, 0.215681]
[-0.246851, 0.453008, -0.130516, 0.180666, 0.215974]
[-0.222879, 0.420786, -0.130692, 0.247545, 0.215736]
[-0.236333, 0.443038, -0.131059, 0.171495, 0.215779]
[-0.180705, 0.429016, -0.129525, 0.19637, 0.216457]
[-0.195383, 0.420483, -0.1304, 0.236262, 0.215088]
[-0.209146, 0.430042, -0.131152, 0.228989, 0.215417]
[-0.238228, 0.448762, -0.130476, 0.250194, 0.215436]
[-0.191219, 0.434395, -0.130175, 0.257719, 0.215884]
[-0.161512, 0.431686, -0.130062, 0.233727, 0.215558]
[-0.227689, 0.432147, -0.129811, 0.253186, 0.216278]
[-0.206423, 0.440005, -0.130382, 0.205346, 0.216768]
[-0.201101, 0.420421, -0.130276, 0.14234, 0.215674]
[-0.192005, 0.433432, -0.130745, 0.21407, 0.214719]
[-0.172147, 0.444829, -0.129155, 0.196774, 0.215968]
[-0.161255, 0.420217, -0.131322, 0.199188, 0.214703]
[-0.173307, 0.427251, -0.131167, 0.174956, 0.214707]
[-0.236393, 0.450618, -0.12952, 0.203513, 0.215028]
[-0.238652, 0.427249, -0.129781, 0.164567, 0.216621]
[-0.179328, 0.443152, -0.130627, 0.252723, 0.215473]
[-0.167328, 0.421248, -0.131173, 0.166228, 0.215431]
[-0.252613, 0.437991, -0.130787, 0.21052, 0.216368]
[-0.255381, 0.430848, -0.130239, 0.232104, 0.21667]
[-0.232168, 0.423533, -0.131187, 0.207053, 0.215332]
[-0.17628, 0.442221, -0.131314, 0.21261, 0.214727]
[-0.240317, 0.419971, -0.129411, 0.237134, 0.215373]
[-0.200511, 0.434216, -0.131235, 0.171684, 0.216573]
[-0.204245, 0.428577, -0.130305, 0.183017, 0.215077]
[-0.250188, 0.431092, -0.131198, 0.227912, 0.215791]
[-0.156116, 0.435475, -0.12929, 0.255234, 0.216678]
[-0.154924, 0.431446, -0.130363, 0.198042, 0.215251]
[-0.217079, 0.422895, -0.130604, 0.163398, 0.215653]
[-0.243785, 0.42599, -0.130396, 0.242167, 0.216651]
[-0.220998, 0.442332, -0.130245, 0.167199, 0.215414]
[-0.251334, 0.441469, -0.130282, 0.15273, 0.214895]
[-0.245311, 0.430129, -0.130847, 0.150777, 0.216271]
[-0.181098, 0.425022, -0.131307, 0.221672, 0.214905]
[-0.160799, 0.434455, -0.130489, 0.249031, 0.21458]
[-0.255389, 0.431259, -0.12988, 0.212385, 0.216453]
[-0.246298, 0.433623, -0.129771, 0.188828, 0.215804]
[-0.250262, 0.444029, -0.129576, 0.223732, 0.216646]
[-0.238654, 0.427372, -0.130286, 0.180975, 0.216331]
[-0.235675, 0.435524, -0.129888, 0.19004, 0.214885]
[-0.184567, 0.425402, -0.130818, 0.161947, 0.215757]
[-0.259855, 0.451049, -0.130973, 0.184649, 0.215722]
[-0.187316, 0.438373, -0.129575, 0.1636, 0.214954]
[-0.257706, 0.427713, -0.129608, 0.154027, 0.215644]
[-0.200818, 0.435326, -0.13047, 0.181989, 0.215131]
[-0.202419, 0.424158, -0.129704, 0.219718, 0.21567]
[-0.23831, 0.440173, -0.130542, 0.154461, 0.216667]
[-0.162814, 0.435677, -0.131267, 0.210985, 0.215226]
[-0.245309, 0.43889, -0.130646, 0.23505, 0.215434]
[-0.250923, 0.452593, -0.130931, 0.212898, 0.216016]
[-0.194951, 0.447101, -0.130303, 0.204855, 0.214756]
[-0.24524, 0.439518, -0.130862, 0.185175, 0.216762]
[-0.173849, 0.433859, -0.130383, 0.223628, 0.214686]
[-0.187358, 0.433338, -0.129602, 0.188679, 0.215269]
[-0.163562, 0.453039, -0.129764, 0.168348, 0.216176]
[-0.156434, 0.435397, -0.131237, 0.160879, 0.215788]
[-0.162988, 0.421056, -0.129169, 0.254284, 0.215892]
[-0.229336, 0.452835, -0.130636, 0.169145, 0.21581]
[-0.247025, 0.421156, -0.129472, 0.154503, 0.215664]
[-0.188369, 0.439098, -0.129638, 0.213337, 0.215392]
[-0.20345, 0.430905, -0.130389, 0.217826, 0.215547]
[-0.234728, 0.450068, -0.129568, 0.201481, 0.216753]
[-0.171969, 0.422366, -0.129918, 0.168762, 0.215498]
[-0.224608, 0.452137, -0.130769, 0.159771, 0.21514]
[-0.24419, 0.451076, -0.129304, 0.249146, 0.215899]
[-0.233026, 0.445562, -0.130982, 0.161298, 0.214934]
[-0.249539, 0.442509, -0.130243, 0.224904, 0.215676]
[-0.216421, 0.443949, -0.1311, 0.182489, 0.214668]
[-0.174404, 0.438443, -0.131207, 0.216776, 0.214885]
[-0.225915, 0.427591, -0.129263, 0.225609, 0.216676]
[-0.219309, 0.440528, -0.131158, 0.23138, 0.215392]
[-0.163896, 0.446086, -0.131225, 0.183712, 0.215428]
[-0.196647, 0.425189, -0.129315, 0.153929, 0.215347]
[-0.250585, 0.446893, -0.129805, 0.255748, 0.216523]
[-0.213716, 0.423522, -0.129329, 0.142512, 0.215297]
[-0.256219, 0.420053, -0.131209, 0.205833, 0.215402]
[-0.24548, 0.434205, -0.129469, 0.241909, 0.21543]
[-0.231455, 0.445042, -0.13071, 0.181683, 0.21676]
[-0.260495, 0.432515, -0.130668, 0.163546, 0.216759]
[-0.210677, 0.446889, -0.130809, 0.157596, 0.216086]
[-0.213046, 0.449927, -0.130197, 0.147894, 0.215532]
[-0.229792, 0.428192, -0.12957, 0.204832, 0.215271]
[-0.173088, 0.451354, -0.13055, 0.199894, 0.214989]
[-0.241455, 0.439685, -0.130116, 0.199268, 0.214677]
[-0.246827, 0.44394, -0.13004, 0.254871, 0.215427]
[-0.179448, 0.441674, -0.13105, 0.17774, 0.215259]
[-0.233284, 0.431445, -0.130717, 0.221018, 0.215214]
[-0.202326, 0.448157, -0.130471, 0.228535, 0.215193]
[-0.207939, 0.433296, -0.131092, 0.237637, 0.215164]
[-0.19919, 0.420328, -0.130048, 0.216022, 0.215201]
[-0.258301, 0.447894, -0.129232, 0.217063, 0.214764]
[-0.209629, 0.423337, -0.130168, 0.14487, 0.216777]
[-0.186584, 0.438258, -0.12975, 0.205441, 0.21512]
[-0.231733, 0.441556, -0.129434, 0.180102, 0.216573]
[-0.215387, 0.420015, -0.129665, 0.254074, 0.215295]
[-0.187234, 0.442249, -0.130899, 0.203038, 0.214801]
[-0.245874, 0.44484, -0.129262, 0.184836, 0.216667]
[-0.223738, 0.428431, -0.129314, 0.178807, 0.21541]
[-0.213052, 0.436235, -0.1304, 0.150792, 0.216069]
[-0.193152, 0.43117, -0.130698, 0.216032, 0.21487]
[-0.237865, 0.441017, -0.130312, 0.188407, 0.214984]
[-0.160427, 0.419739, -0.130538, 0.171626, 0.214978]
[-0.225781, 0.426274, -0.12965, 0.248404, 0.215834]
[-0.192823, 0.422875, -0.130874, 0.142606, 0.21672]
[-0.217954, 0.44763, -0.130282, 0.144368, 0.215718]
[-0.245789, 0.433637, -0.131253, 0.159261, 0.21465]
[-0.23279, 0.439433, -0.131159, 0.237368, 0.215162]
[-0.176647, 0.450938, -0.130422, 0.185136, 0.216457]
[-0.171923, 0.451609, -0.130703, 0.237348, 0.216468]
[-0.251066, 0.447256, -0.130361, 0.169062, 0.215495]
[-0.169833, 0.430843, -0.130384, 0.258062, 0.215132]
[-0.158644, 0.429231, -0.129475, 0.198845, 0.216714]
[-0.233786, 0.421608, -0.129408, 0.158444, 0.215379]
[-0.204427, 0.439514, -0.129909, 0.19722, 0.215148]
[-0.164041, 0.450216, -0.130417, 0.176799, 0.21471]
[-0.156684, 0.445003, -0.129581, 0.213575, 0.216677]
[-0.214942, 0.444384, -0.130232, 0.235992, 0.215678]
[-0.201107, 0.434976, -0.131381, 0.171233, 0.215114]
[-0.186497, 0.441535, -0.1294, 0.221647, 0.215953]
[-0.242483, 0.440324, -0.131106, 0.188882, 0.214882]
[-0.258862, 0.44228, -0.130883, 0.250262, 0.214629]
[-0.219542, 0.423991, -0.130833, 0.142899, 0.215753]
[-0.189787, 0.447705, -0.130987, 0.225781, 0.214867]
[-0.221039, 0.421807, -0.131178, 0.231407, 0.215435]
[-0.168307, 0.448142, -0.129324, 0.253534, 0.216528]
[-0.255203, 0.448572, -0.129279, 0.143709, 0.216377]
[-0.209841, 0.435767, -0.130242, 0.178685, 0.214969]
[-0.251055, 0.433408, -0.130305, 0.23274, 0.216237]
[-0.159743, 0.424199, -0.129173, 0.172981, 0.214749]
[-0.174091, 0.423827, -0.130554, 0.257786, 0.216653]
[-0.255903, 0.440461, -0.129182, 0.249322, 0.216404]
[-0.203234, 0.424779, -0.131172, 0.169973, 0.216545]
[-0.217705, 0.436574, -0.130036, 0.190304, 0.215828]
[-0.243579, 0.441726, -0.130602, 0.159023, 0.215255]
[-0.179998, 0.444637, -0.130049, 0.18221, 0.216418]
[-0.166994, 0.433685, -0.12939, 0.189504, 0.215027]
[-0.207033, 0.440505, -0.130889, 0.255151, 0.214945]
[-0.213346, 0.428923, -0.129382, 0.162559, 0.216088]
[-0.169013, 0.446293, -0.131185, 0.228696, 0.215712]
[-0.187324, 0.451194, -0.12967, 0.170583, 0.215641]
[-0.218473, 0.436306, -0.129776, 0.210786, 0.216553]
[-0.202736, 0.439704, -0.131017, 0.2228, 0.21526]
[-0.154792, 0.451713, -0.129293, 0.189814, 0.216741]
[-0.235952, 0.423831, -0.130938, 0.171287, 0.215824]
[-0.155246, 0.447383, -0.131054, 0.195744, 0.215289]
[-0.234217, 0.422602, -0.129441, 0.167699, 0.215289]
[-0.173442, 0.420462, -0.131192, 0.238904, 0.215587]
[-0.166641, 0.430244, -0.129932, 0.199002, 0.21474]
[-0.170609, 0.421773, -0.129501, 0.191482, 0.214942]
[-0.230115, 0.430713, -0.131134, 0.143744, 0.216245]
[-0.251184, 0.42851, -0.129558, 0.170569, 0.215976]
[-0.16508, 0.44792, -0.129423, 0.206686, 0.214926]
[-0.229795, 0.432624, -0.131223, 0.253735, 0.216349]
[-0.20489, 0.443215, -0.129257, 0.20437, 0.2154]
[-0.220873, 0.433619, -0.129537, 0.180649, 0.215777]
[-0.158932, 0.438348, -0.129994, 0.241745, 0.216427]
[-0.246699, 0.45146, -0.130743, 0.195183, 0.216435]
[-0.222667, 0.426939, -0.129952, 0.21697, 0.216277]
[-0.153715, 0.431015, -0.130545, 0.218769, 0.215326]
[-0.248238, 0.441281, -0.131082, 0.160803, 0.216205]
[-0.232217, 0.451272, -0.130333, 0.174204, 0.215819]
[-0.205547, 0.439431, -0.130734, 0.208666, 0.214596]
[-0.166613, 0.419746, -0.130245, 0.216691, 0.215275]
[-0.161576, 0.433092, -0.129877, 0.194375, 0.214837]
[-0.222949, 0.423627, -0.13007, 0.186231, 0.215759]
[-0.214367, 0.447048, -0.130927, 0.194312, 0.216486]
[-0.154539, 0.441751, -0.130046, 0.245856, 0.215461]
[-0.220396, 0.449541, -0.130197, 0.170882, 0.215899]
[-0.219392, 0.440135, -0.130033, 0.164405, 0.215566]
[-0.225879, 0.444803, -0.130093, 0.163594, 0.214978]
[-0.220857, 0.444296, -0.130296, 0.228075, 0.216514]
[-0.256574, 0.452978, -0.129246, 0.202702, 0.214998]
[-0.222758, 0.436606, -0.12951, 0.226513, 0.216484]
[-0.236212, 0.430959, -0.129917, 0.21945, 0.214984]
[-0.247226, 0.422474, -0.13093, 0.15076, 0.216052]
[-0.204792, 0.429678, -0.13044, 0.156464, 0.214688]
[-0.194666, 0.451583, -0.129797, 0.229265, 0.216342]
[-0.221567, 0.441968, -0.13114, 0.184139, 0.216714]
[-0.17285, 0.443405, -0.130191, 0.207799, 0.215017]
[-0.172384, 0.437926, -0.131029, 0.22919, 0.215337]
[-0.203437, 0.428428, -0.130372, 0.149096, 0.216159]
[-0.189625, 0.426971, -0.131192, 0.163588, 0.21482]
[-0.217895, 0.420554, -0.131219, 0.162445, 0.215126]
[-0.226748, 0.441355, -0.130306, 0.154253, 0.21594]
[-0.177971, 0.432503, -0.130046, 0.170631, 0.216775]
[-0.178501, 0.432227, -0.130785, 0.225591, 0.215709]
[-0.167368, 0.42681, -0.130482, 0.152557, 0.216136]
[-0.175219, 0.445488, -0.130255, 0.231573, 0.214652]
[-0.220652, 0.429214, -0.130284, 0.219141, 0.215432]
[-0.165018, 0.42295, -0.129266, 0.205469, 0.216108]
[-0.236474, 0.420799, -0.130517, 0.157042, 0.216759]
[-0.154332, 0.432148, -0.130808, 0.178988, 0.215384]
[-0.231764, 0.421075, -0.129994, 0.173055, 0.216242]
[-0.173956, 0.434428, -0.130193, 0.257255, 0.215894]
[-0.246398, 0.423711, -0.130915, 0.226875, 0.215928]
[-0.178709, 0.430357, -0.130993, 0.15302, 0.215133]
[-0.211214, 0.445908, -0.130092, 0.218704, 0.215985]
[-0.173032, 0.447764, -0.13048, 0.224594, 0.215645]
[-0.207112, 0.446998, -0.129578, 0.217421, 0.2152]
[-0.260531, 0.445051, -0.130617, 0.193009, 0.215784]
[-0.201107, 0.451346, -0.130259, 0.219154, 0.216118]
[-0.198977, 0.445621, -0.129584, 0.235345, 0.216334]
[-0.190436, 0.450936, -0.130474, 0.153538, 0.215644]
[-0.251152, 0.45204, -0.130829, 0.172645, 0.215545]
[-0.156366, 0.443263, -0.13058, 0.166454, 0.216347]
[-0.165963, 0.427535, -0.129763, 0.20693, 0.214574]
[-0.161065, 0.43637, -0.130493, 0.226923, 0.216091]
[-0.219111, 0.420109, -0.130932, 0.191931, 0.215107]
[-0.236561, 0.447505, -0.129208, 0.156491, 0.214922]
[-0.245945, 0.430309, -0.131012, 0.209246, 0.215763]
[-0.220323, 0.426336, -0.129905, 0.217673, 0.215614]
[-0.210237, 0.421537, -0.129761, 0.23229, 0.216009]
[-0.168534, 0.421979, -0.131242, 0.177239, 0.215442]
[-0.209118, 0.451997, -0.131052, 0.143225, 0.214597]
[-0.201752, 0.434264, -0.131101, 0.236457, 0.215646]
[-0.182911, 0.42034, -0.129994, 0.182813, 0.215414]
[-0.228597, 0.430012, -0.130192, 0.193496, 0.215328]
[-0.166701, 0.423607, -0.131065, 0.200263, 0.214578]
[-0.173541, 0.446357, -0.131027, 0.234135, 0.21634]
[-0.181479, 0.437938, -0.131218, 0.17623, 0.215473]
[-0.206189, 0.447065, -0.129648, 0.171629, 0.216122]
[-0.220849, 0.426843, -0.130491, 0.170785, 0.216661]
[-0.212361, 0.422599, -0.129649, 0.25411, 0.215484]
[-0.190245, 0.452356, -0.130127, 0.202232, 0.214927]
[-0.232117, 0.433129, -0.130296, 0.147278, 0.2163]
[-0.260204, 0.451936, -0.129745, 0.171842, 0.216097]
[-0.234269, 0.425251, -0.1295, 0.15855, 0.215209]
[-0.201978, 0.419856, -0.130168, 0.23904, 0.216621]
[-0.216558, 0.420629, -0.130428, 0.155436, 0.214973]
[-0.182797, 0.423619, -0.129235, 0.181264, 0.215942]
[-0.159556, 0.422724, -0.130016, 0.243213, 0.215184]
[-0.159751, 0.42614, -0.12947, 0.166121, 0.21503]
[-0.18766, 0.428686, -0.130448, 0.240613, 0.214852]
[-0.186018, 0.426671, -0.129375, 0.185115, 0.215303]
[-0.209194, 0.427426, -0.129322, 0.254516, 0.214777]
[-0.178608, 0.421715, -0.129374, 0.14422, 0.215375]
[-0.216513, 0.422312, -0.129952, 0.210405, 0.216177]
[-0.173705, 0.427933, -0.129388, 0.16196, 0.214802]
[-0.255293, 0.421229, -0.13018, 0.180395, 0.216222]
[-0.158949, 0.42359, -0.129516, 0.242762, 0.215233]
[-0.178575, 0.421454, -0.130403, 0.195026, 0.215039]
[-0.198581, 0.426209, -0.129871, 0.195162, 0.214809]
[-0.228766, 0.423147, -0.130334, 0.222053, 0.216386]
[-0.225784, 0.422539, -0.130116, 0.248603, 0.216425]
[-0.214426, 0.42861, -0.129751, 0.183932, 0.215893]
[-0.203963, 0.428685, -0.129635, 0.192852, 0.21556]
[-0.183829, 0.427335, -0.129175, 0.199245, 0.215705]
[-0.211267, 0.420661, -0.129996, 0.195705, 0.215687]
[-0.233053, 0.42752, -0.130199, 0.219286, 0.214757]
[-0.208733, 0.424095, -0.13041, 0.172488, 0.215803]
[-0.169991, 0.426115, -0.129895, 0.179543, 0.215442]
[-0.196314, 0.420182, -0.12974, 0.231636, 0.214902]
[-0.194309, 0.42454, -0.130452, 0.170519, 0.215682]
[-0.176788, 0.421571, -0.129664, 0.196818, 0.215793]
[-0.165513, 0.427631, -0.130178, 0.251975, 0.216387]
[-0.191455, 0.424729, -0.129841, 0.152045, 0.215084]
[-0.215998, 0.425792, -0.129849, 0.167429, 0.215484]
[-0.153278, 0.420987, -0.130093, 0.241368, 0.214872]
[-0.244105, 0.419345, -0.129464, 0.180674, 0.214674]
[-0.242004, 0.422291, -0.130165, 0.201647, 0.214662]
[-0.177655, 0.426205, -0.129679, 0.194725, 0.216788]
[-0.187438, 0.419506, -0.129817, 0.198707, 0.215044]
[-0.224905, 0.428547, -0.130327, 0.236691, 0.214967]
[-0.203887, 0.425074, -0.130496, 0.224407, 0.216045]
[-0.246792, 0.425341, -0.129602, 0.147817, 0.215075]
[-0.209801, 0.428482, -0.129807, 0.173756, 0.216069]
[-0.172977, 0.42547, -0.130083, 0.165714, 0.215561]
[-0.201768, 0.428121, -0.130165, 0.219847, 0.214674]
[-0.16266, 0.422494, -0.129797, 0.177378, 0.21585]
[-0.218886, 0.426155, -0.130325, 0.155424, 0.214638]
[-0.159905, 0.424018, -0.129377, 0.163643, 0.215394]
[-0.154263, 0.420573, -0.129889, 0.230273, 0.216218]
[-0.170723, 0.419665, -0.129855, 0.256237, 0.216655]
[-0.166595, 0.428262, -0.129713, 0.242044, 0.214662]
[-0.235416, 0.419482, -0.130246, 0.203823, 0.215909]
[-0.179231, 0.426677, -0.13031, 0.244934, 0.215754]
[-0.21624, 0.425703, -0.130537, 0.253088, 0.215084]
[-0.177603, 0.419706, -0.129828, 0.157509, 0.216663]
[-0.230991, 0.419406, -0.12932, 0.176384, 0.216075]
[-0.26081, 0.424357, -0.129316, 0.153291, 0.215135]
[-0.223626, 0.423881, -0.129717, 0.219253, 0.21585]
[-0.216503, 0.421227, -0.1292, 0.142384, 0.216394]
[-0.185833, 0.427864, -0.130088, 0.205336, 0.21489]
[-0.229638, 0.425753, -0.129984, 0.177227, 0.214663]
[-0.187557, 0.419352, -0.129371, 0.220346, 0.214742]
[-0.231403, 0.422324, -0.129286, 0.180569, 0.214999]
[-0.238498, 0.420533, -0.12956, 0.202423, 0.216111]
[-0.23251, 0.422832, -0.130451, 0.178959, 0.216402]
[-0.240347, 0.423936, -0.129619, 0.168667, 0.21475]
[-0.215057, 0.422199, -0.129996, 0.19721, 0.214754]
[-0.240236, 0.422379, -0.129603, 0.230091, 0.214613]
[-0.175144, 0.425837, -0.130181, 0.189821, 0.215299]
[-0.214772, 0.421291, -0.129666, 0.198209, 0.21457]
[-0.167824, 0.426884, -0.129709, 0.255276, 0.215526]
[-0.186893, 0.427058, -0.129217, 0.231772, 0.215846]
[-0.178787, 0.422044, -0.130302, 0.218449, 0.215608]
[-0.214115, 0.421018, -0.129174, 0.154617, 0.216473]
[-0.186445, 0.419701, -0.129192, 0.229417, 0.216257]
[-0.168843, 0.42254, -0.130285, 0.238577, 0.215887]
[-0.222122, 0.424725, -0.130026, 0.144959, 0.215014]
[-0.164954, 0.422791, -0.129968, 0.208305, 0.216399]
[-0.156506, 0.420969, -0.130477, 0.216081, 0.214898]
[-0.228459, 0.422749, -0.129566, 0.154445, 0.215829]
[-0.226428, 0.42515, -0.129648, 0.145277, 0.21662]
[-0.196733, 0.42488, -0.130272, 0.181436, 0.214916]
[-0.241807, 0.421507, -0.129171, 0.146978, 0.21527]
[-0.248978, 0.419746, -0.130445, 0.247937, 0.214883]
[-0.23275, 0.428299, -0.129689, 0.21206, 0.21484]
[-0.163275, 0.423923, -0.130355, 0.167782, 0.214676]
[-0.191683, 0.424164, -0.130529, 0.180533, 0.21508]
[-0.232613, 0.425721, -0.130187, 0.242664, 0.215224]
[-0.211089, 0.426364, -0.12981, 0.184378, 0.215471]
[-0.225203, 0.420703, -0.13032, 0.174833, 0.215875]
[-0.194916, 0.420241, -0.130458, 0.146415, 0.215412]
[-0.171169, 0.423759, -0.130113, 0.24629, 0.214783]
[-0.201703, 0.41944, -0.129419, 0.232629, 0.216201]
[-0.250105, 0.422964, -0.130294, 0.169146, 0.215609]
[-0.251434, 0.428049, -0.130015, 0.245726, 0.216644]
[-0.217016, 0.422838, -0.129593, 0.24934, 0.214611]
[-0.241444, 0.422544, -0.13025, 0.254441, 0.215868]
[-0.206923, 0.421597, -0.129439, 0.198844, 0.215801]
[-0.191791, 0.426374, -0.129446, 0.155506, 0.215123]
[-0.154285, 0.426017, -0.130043, 0.186056, 0.21575]
[-0.228946, 0.428651, -0.129396, 0.188215, 0.215891]
[-0.16521, 0.422808, -0.129694, 0.189745, 0.216127]
[-0.252536, 0.419854, -0.130348, 0.148542, 0.215056]
[-0.202575, 0.421117, -0.129835, 0.172401, 0.214629]
[-0.232253, 0.420324, -0.129784, 0.174579, 0.214736]
[-0.167532, 0.422198, -0.130207, 0.172686, 0.216036]
[-0.239708, 0.420762, -0.130507, 0.156131, 0.215763]
[-0.171829, 0.42834, -0.129268, 0.246156, 0.214796]
[-0.17712, 0.428471, -0.129262, 0.253986, 0.215053]
[-0.224232, 0.421193, -0.130302, 0.227161, 0.215958]
[-0.179886, 0.426748, -0.129523, 0.232301, 0.215548]
[-0.155743, 0.419591, -0.129595, 0.167931, 0.216125]
[-0.169944, 0.419404, -0.130112, 0.245065, 0.214798]
[-0.197204, 0.42358, -0.13047, 0.152039, 0.215443]
[-0.235935, 0.424034, -0.129644, 0.181218, 0.215493]
[-0.18474, 0.42509, -0.129628, 0.222881, 0.215757]
[-0.237574, 0.424222, -0.129698, 0.174959, 0.216476]
[-0.185263, 0.426268, -0.129378, 0.179289, 0.214758]
[-0.180014, 0.421648, -0.130092, 0.194885, 0.215577]
[-0.215541, 0.419691, -0.130472, 0.245286, 0.216704]
[-0.25266, 0.421322, -0.129939, 0.15998, 0.215128]
[-0.193008, 0.42062, -0.13035, 0.156272, 0.216693]
[-0.173, 0.428265, -0.130505, 0.234175, 0.216717]
[-0.199111, 0.427411, -0.129684, 0.196273, 0.216022]
[-0.222882, 0.422232, -0.129291, 0.1616, 0.214735]
[-0.179246, 0.419508, -0.129274, 0.230331, 0.216681]
[-0.162814, 0.420928, -0.129448, 0.171223, 0.215038]
[-0.187178, 0.424684, -0.129973, 0.206262, 0.215776]
[-0.200726, 0.421243, -0.129928, 0.146948, 0.21595]
[-0.197529, 0.425506, -0.129678, 0.207314, 0.21564]
[-0.185268, 0.427748, -0.129324, 0.190415, 0.214942]
[-0.24367, 0.421552, -0.129359, 0.153203, 0.216022]
[-0.22633, 0.421567, -0.129917, 0.14218, 0.215333]
[-0.20861, 0.422256, -0.130467, 0.221918, 0.215829]
[-0.218727, 0.423151, -0.129709, 0.202984, 0.216088]
[-0.253421, 0.427122, -0.129235, 0.254406, 0.21666]
[-0.174515, 0.423419, -0.129514, 0.251231, 0.216111]
[-0.174728, 0.427347, -0.130335, 0.15349, 0.214985]
[-0.196666, 0.424035, -0.130264, 0.218298, 0.215014]
[-0.246145, 0.42554, -0.12959, 0.225327, 0.215244]
[-0.177094, 0.419584, -0.129297, 0.219929, 0.215774]
[-0.19622, 0.428109, -0.130214, 0.239703, 0.214711]
[-0.190016, 0.421328, -0.129344, 0.215698, 0.216746]
[-0.227907, 0.419678, -0.129865, 0.236471, 0.215815]
[-0.164266, 0.427766, -0.130011, 0.226117, 0.215473]
[-0.23012, 0.424438, -0.13041, 0.204003, 0.215778]
[-0.218163, 0.423398, -0.130127, 0.179076, 0.215439]
[-0.251915, 0.422082, -0.130145, 0.168498, 0.215045]
[-0.239531, 0.428395, -0.129199, 0.193515, 0.215479]
[-0.202031, 0.422308, -0.129958, 0.241772, 0.21578]
[-0.199393, 0.419943, -0.12926, 0.171659, 0.215048]
[-0.163998, 0.425757, -0.130471, 0.254411, 0.216302]
[-0.243757, 0.427557, -0.129675, 0.189631, 0.21614]
[-0.202802, 0.421107, -0.129158, 0.168276, 0.21552]
[-0.220684, 0.428089, -0.130504, 0.193199, 0.214862]
[-0.165206, 0.42228, -0.129812, 0.192647, 0.215344]
[-0.236703, 0.423159, -0.129276, 0.225733, 0.21462]
[-0.228943, 0.423783, -0.129355, 0.200429, 0.215706]
[-0.204407, 0.42637, -0.129581, 0.22636, 0.216577]
[-0.182859, 0.423999, -0.12963, 0.186359, 0.215672]
[-0.214604, 0.426821, -0.129929, 0.16492, 0.215398]
[-0.170078, 0.425611, -0.130148, 0.23292, 0.215072]
[-0.192092, 0.42681, -0.129509, 0.167667, 0.216487]
[-0.245547, 0.425836, -0.129615, 0.20845, 0.216111]
[-0.246335, 0.426476, -0.130469, 0.143915, 0.215733]
[-0.232423, 0.427094, -0.13053, 0.161214, 0.214576]
[-0.188147, 0.423473, -0.129491, 0.17812, 0.214669]
[-0.257159, 0.424635, -0.129413, 0.191829, 0.215234]
[-0.227627, 0.420395, -0.129648, 0.156263, 0.215117]
[-0.17532, 0.423649, -0.130399, 0.227351, 0.216318]
[-0.242628, 0.419264, -0.129329, 0.190704, 0.215926]
[-0.212868, 0.427649, -0.13039, 0.213287, 0.215226]
[-0.201663, 0.420595, -0.129694, 0.197566, 0.216683]
[-0.182325, 0.425186, -0.12951, 0.169083, 0.21552]
[-0.156423, 0.426458, -0.12986, 0.232899, 0.216303]
[-0.155439, 0.422648, -0.129803, 0.144545, 0.21472]
[-0.240099, 0.421203, -0.129817, 0.201135, 0.216533]
[-0.249193, 0.420721, -0.130104, 0.249479, 0.215556]
[-0.207393, 0.426763, -0.129312, 0.19912, 0.215627]
[-0.232078, 0.426724, -0.130541, 0.169883, 0.216177]
[-0.206029, 0.425933, -0.130434, 0.170739, 0.215826]
[-0.185524, 0.425859, -0.12991, 0.201182, 0.215104]
[-0.176342, 0.424341, -0.130191, 0.191678, 0.215601]
[-0.212766, 0.424246, -0.129352, 0.14994, 0.21619]
[-0.249859, 0.426436, -0.129579, 0.156923, 0.216223]
[-0.162441, 0.428021, -0.129627, 0.208526, 0.216193]
[-0.248732, 0.42239, -0.130346, 0.183263, 0.214808]
[-0.20634, 0.422659, -0.130129, 0.208246, 0.216547]
[-0.173026, 0.41983, -0.129775, 0.152389, 0.215322]
[-0.213617, 0.421242, -0.129163, 0.226323, 0.216785]
[-0.200054, 0.419737, -0.130194, 0.215228, 0.215579]
[-0.205954, 0.422252, -0.130107, 0.22444, 0.216097]
[-0.218511, 0.427325, -0.130332, 0.244115, 0.216084]
[-0.158959, 0.428479, -0.130315, 0.165932, 0.21663]
[-0.208115, 0.42429, -0.130392, 0.216545, 0.215281]
[-0.226322, 0.422073, -0.130004, 0.220991, 0.215018]
[-0.235505, 0.426869, -0.129691, 0.246348, 0.216473]
[-0.17393, 0.425239, -0.12926, 0.253663, 0.216128]
[-0.247295, 0.423252, -0.130333, 0.214735, 0.21458]
[-0.236503, 0.421948, -0.129787, 0.25229, 0.215481]
[-0.220228, 0.420582, -0.130046, 0.14949, 0.215457]
[-0.167024, 0.427083, -0.129703, 0.206224, 0.215674]
[-0.260555, 0.42445, -0.13024, 0.163271, 0.21642]
[-0.219544, 0.422347, -0.13004, 0.218871, 0.216016]
[-0.193593, 0.425794, -0.130401, 0.222511, 0.215838]
[-0.178989, 0.427745, -0.130118, 0.142279, 0.216468]
[-0.158311, 0.427086, -0.130351, 0.149372, 0.215224]
[-0.242822, 0.42471, -0.129478, 0.253916, 0.216093]
[-0.246868, 0.420146, -0.130397, 0.199496, 0.21611]
[-0.20854, 0.420604, -0.130462, 0.15903, 0.216557]
[-0.222863, 0.426826, -0.129721, 0.220009, 0.215229]
[-0.237581, 0.422797, -0.129245, 0.207932, 0.216653]
[-0.189546, 0.42386, -0.129209, 0.257274, 0.215502]
[-0.19741, 0.425742, -0.129176, 0.18134, 0.216574]
[-0.251431, 0.422408, -0.129225, 0.23695, 0.215072]
[-0.221575, 0.419503, -0.1295, 0.161634, 0.216578]
[-0.240525, 0.428016, -0.130511, 0.142104, 0.216444]
[-0.252865, 0.421098, -0.129817, 0.19961, 0.215243]
[-0.199566, 0.426491, -0.129178, 0.245157, 0.21481]
[-0.214583, 0.425856, -0.129725, 0.229035, 0.216399]
[-0.168658, 0.421991, -0.130477, 0.168325, 0.216654]
[-0.176024, 0.421747, -0.129316, 0.202706, 0.215551]
[-0.21627, 0.426125, -0.129635, 0.214998, 0.216404]
[-0.25585, 0.425402, -0.130171, 0.225076, 0.215951]
[-0.187622, 0.428683, -0.129476, 0.155714, 0.215711]
[-0.219078, 0.426787, -0.130502, 0.235843, 0.215831]
[-0.218117, 0.4267, -0.130264, 0.251613, 0.216444]
[-0.183723, 0.425828, -0.130353, 0.187892, 0.215319]
[-0.221896, 0.419346, -0.130429, 0.151894, 0.214619]
[-0.247268, 0.428481, -0.130312, 0.251563, 0.215127]
[-0.24252, 0.420265, -0.130217, 0.146982, 0.216468]
[-0.199691, 0.422018, -0.12954, 0.174413, 0.215867]
[-0.165285, 0.422491, -0.129662, 0.249311, 0.215699]
[-0.184373, 0.41955, -0.130283, 0.181995, 0.216738]
[-0.230612, 0.428415, -0.129704, 0.22591, 0.215641]
[-0.218837, 0.424058, -0.129163, 0.15772, 0.216635]
[-0.208213, 0.421811, -0.129816, 0.24498, 0.216805]
[-0.216482, 0.421235, -0.129918, 0.256805, 0.214717]
[-0.185972, 0.428349, -0.129605, 0.181686, 0.216511]
[-0.247738, 0.422472, -0.130429, 0.210052, 0.216502]
[-0.252595, 0.426086, -0.129964, 0.14547, 0.215877]
[-0.201985, 0.422444, -0.129337, 0.212598, 0.214758]
[-0.23748, 0.428102, -0.130148, 0.238155, 0.216064]
[-0.245927, 0.425053, -0.130078, 0.217048, 0.216714]
[-0.159478, 0.423389, -0.129222, 0.254493, 0.216119]
[-0.226792, 0.421838, -0.13007, 0.214597, 0.216438]
[-0.159671, 0.423957, -0.129529, 0.255701, 0.216359]
[-0.260035, 0.422096, -0.12921, 0.246058, 0.216197]
[-0.185028, 0.421575, -0.130396, 0.200294, 0.216173]
[-0.217175, 0.424583, -0.129666, 0.254719, 0.215109]
[-0.163844, 0.41958, -0.129888, 0.183591, 0.215463]
[-0.216135, 0.423463, -0.130449, 0.148221, 0.215881]
[-0.235467, 0.426536, -0.130255, 0.256475, 0.215008]
[-0.211214, 0.421054, -0.129489, 0.191654, 0.216583]
[-0.194637, 0.422124, -0.129371, 0.219531, 0.214735]
[-0.177208, 0.42718, -0.129714, 0.217481, 0.216264]
[-0.238817, 0.42572, -0.130209, 0.177534, 0.216482]
[-0.219229, 0.42656, -0.129362, 0.184385, 0.214743]
[-0.19341, 0.420747, -0.130483, 0.153252, 0.216595]
[-0.222741, 0.422144, -0.130283, 0.231758, 0.214837]
[-0.240218, 0.424605, -0.129683, 0.189978, 0.216407]
[-0.221628, 0.425018, -0.129636, 0.216929, 0.214717]
[-0.193535, 0.423614, -0.129268, 0.245379, 0.216477]
[-0.251964, 0.421732, -0.129561, 0.180751, 0.21674]
[-0.199979, 0.422625, -0.129203, 0.220295, 0.215051]
[-0.212485, 0.426355, -0.129662, 0.208379, 0.215919]
[-0.166523, 0.428542, -0.129338, 0.195806, 0.215787]
[-0.222272, 0.420337, -0.129618, 0.220143, 0.214836]
[-0.162029, 0.422484, -0.129482, 0.190777, 0.215082]
[-0.251282, 0.425183, -0.129969, 0.173627, 0.216421]
[-0.19841, 0.427681, -0.130523, 0.182543, 0.216532]
[-0.20332, 0.424492, -0.129244, 0.209287, 0.216447]
[-0.201299, 0.427963, -0.130366, 0.209415, 0.216787]
[-0.219644, 0.424388, -0.129806, 0.159718, 0.215135]
[-0.216894, 0.425317, -0.129501, 0.198679, 0.215569]
[-0.169391, 0.425787, -0.129476, 0.153646, 0.216048]
[-0.24408, 0.423998, -0.129926, 0.209842, 0.215554]
[-0.167488, 0.427991, -0.12922, 0.198128, 0.216511]
[-0.221372, 0.420083, -0.12943, 0.251139, 0.216194]
[-0.179363, 0.42827, -0.13001, 0.202108, 0.21494]
[-0.190576, 0.421436, -0.130159, 0.228885, 0.216474]
[-0.178254, 0.427005, -0.129265, 0.225352, 0.214682]
[-0.228222, 0.42802, -0.129494, 0.246451, 0.215229]
[-0.200275, 0.420122, -0.130376, 0.154563, 0.216288]
[-0.174334, 0.427413, -0.13021, 0.219374, 0.216521]
[-0.217743, 0.427931, -0.129916, 0.156496, 0.215575]
[-0.157933, 0.424808, -0.129745, 0.207386, 0.215629]
[-0.243339, 0.423757, -0.130015, 0.216307, 0.215993]
[-0.24567, 0.419594, -0.13044, 0.18329, 0.21619]
[-0.250579, 0.424517, -0.129865, 0.204903, 0.216279]
[-0.170432, 0.420092, -0.129499, 0.23113, 0.215443]
[-0.232151, 0.423448, -0.129724, 0.246096, 0.216708]
[-0.216961, 0.424036, -0.130091, 0.228796, 0.215754]
[-0.162718, 0.424814, -0.130343, 0.184162, 0.214642]
[-0.160017, 0.423057, -0.129853, 0.156846, 0.214591]
[-0.165698, 0.423571, -0.12943, 0.165182, 0.215233]
[-0.229815, 0.427524, -0.130199, 0.180555, 0.216077]
[-0.216283, 0.422205, -0.129213, 0.221617, 0.215959]
[-0.186711, 0.427514, -0.130499, 0.181813, 0.215764]
[-0.227325, 0.428313, -0.129482, 0.15917, 0.215884]
[-0.248536, 0.422952, -0.129587, 0.213971, 0.21502]
[-0.228828, 0.425075, -0.129763, 0.18147, 0.215008]
[-0.236361, 0.428245, -0.13002, 0.184812, 0.215618]
[-0.160313, 0.426685, -0.130511, 0.249965, 0.215907]
[-0.156639, 0.422376, -0.130501, 0.248469, 0.21519]
[-0.223859, 0.420973, -0.129383, 0.221056, 0.215178]
[-0.200801, 0.428273, -0.129233, 0.246914, 0.21647]
[-0.156216, 0.426875, -0.130016, 0.190316, 0.216466]
[-0.182215, 0.427202, -0.129693, 0.242959, 0.215567]
[-0.175734, 0.422046, -0.129223, 0.240334, 0.214769]
[-0.204114, 0.421838, -0.130037, 0.220626, 0.21611]
[-0.214231, 0.419965, -0.13013, 0.175457, 0.215162]
[-0.234912, 0.427253, -0.12954, 0.16165, 0.215771]
[-0.251549, 0.421978, -0.129739, 0.191277, 0.216566]
[-0.218429, 0.427064, -0.130043, 0.254546, 0.216658]
[-0.180133, 0.428586, -0.129645, 0.187696, 0.216423]
[-0.181808, 0.424387, -0.129635, 0.191014, 0.215672]
[-0.253514, 0.427496, -0.130473, 0.168281, 0.216157]
[-0.195535, 0.422165, -0.13029, 0.198399, 0.215221]
[-0.222794, 0.426194, -0.129658, 0.168412, 0.215101]
[-0.236345, 0.421054, -0.129877, 0.155601, 0.216591]
[-0.155375, 0.423307, -0.130163, 0.174711, 0.215534]
[-0.176785, 0.427643, -0.130541, 0.201284, 0.215044]
[-0.243223, 0.425468, -0.129405, 0.17975, 0.21625]
[-0.187412, 0.428609, -0.130461, 0.217178, 0.214665]
[-0.157937, 0.420376, -0.129537, 0.238912, 0.215392]
[-0.166176, 0.419433, -0.129976, 0.216177, 0.216509]
[-0.206742, 0.420102, -0.129572, 0.203032, 0.216101]
[-0.181389, 0.421223, -0.129797, 0.210035, 0.215851]
[-0.24624, 0.419289, -0.130462, 0.169746, 0.216553]
[-0.251031, 0.419762, -0.129434, 0.204213, 0.214624]
[-0.177232, 0.426915, -0.130177, 0.153698, 0.215684]
[-0.206849, 0.419897, -0.130097, 0.254562, 0.216108]
[-0.207914, 0.427595, -0.129534, 0.161124, 0.215285]
[-0.215346, 0.420999, -0.129542, 0.23096, 0.21612]
[-0.181306, 0.427922, -0.12955, 0.189681, 0.216225]
[-0.234634, 0.426839, -0.129447, 0.225862, 0.216516]
[-0.177288, 0.42077, -0.129228, 0.182044, 0.215573]
[-0.191021, 0.425237, -0.129804, 0.206264, 0.216533]
[-0.175911, 0.419999, -0.129952, 0.180615, 0.216477]
[-0.181059, 0.421326, -0.129926, 0.245757, 0.216168]
[-0.186893, 0.42663, -0.129732, 0.231688, 0.216516]
[-0.220836, 0.42751, -0.129949, 0.250871, 0.21527]
[-0.251289, 0.423316, -0.129809, 0.146434, 0.216775]
[-0.183874, 0.424205, -0.129856, 0.196128, 0.216537]
[-0.253381, 0.41967, -0.129779, 0.198123, 0.215722]
[-0.156217, 0.41936, -0.130177, 0.22553, 0.215066]
[-0.209868, 0.420943, -0.130053, 0.199697, 0.215408]
[-0.239456, 0.425489, -0.129655, 0.216916, 0.215386]
[-0.194105, 0.424789, -0.12996, 0.201028, 0.216754]
[-0.257263, 0.424773, -0.130511, 0.172837, 0.215432]
[-0.254065, 0.426522, -0.129403, 0.207272, 0.215094]
[-0.186154, 0.422136, -0.129575, 0.190605, 0.21623]
[-0.180155, 0.425462, -0.129298, 0.178036, 0.215599]
[-0.176199, 0.419311, -0.129369, 0.175551, 0.215591]
[-0.200076, 0.425659, -0.129366, 0.193893, 0.215413]
[-0.190661, 0.423382, -0.129374, 0.150203, 0.216443]
[-0.240025, 0.425133, -0.129368, 0.173435, 0.216408]
[-0.209845, 0.422506, -0.129597, 0.213025, 0.216064]
[-0.158897, 0.42313, -0.12976, 0.179029, 0.215807]
[-0.161647, 0.419509, -0.129697, 0.171299, 0.214916]
[-0.218635, 0.4235, -0.129961, 0.178904, 0.215154]
[-0.172138, 0.419529, -0.129728, 0.14395, 0.215529]
[-0.228153, 0.425195, -0.130111, 0.247707, 0.214705]
[-0.179208, 0.423318, -0.129345, 0.248754, 0.21556]
[-0.163885, 0.426823, -0.129682, 0.184659, 0.214743]
[-0.202424, 0.425322, -0.129453, 0.226559, 0.216475]
[-0.156566, 0.42118, -0.130408, 0.228851, 0.214831]
[-0.170572, 0.419427, -0.13015, 0.189418, 0.21535]
[-0.200969, 0.426074, -0.130096, 0.20952, 0.215139]
[-0.19098, 0.425738, -0.12964, 0.160556, 0.21567]
[-0.235799, 0.422331, -0.130164, 0.213543, 0.214756]
[-0.203284, 0.420434, -0.130034, 0.218342, 0.216474]
[-0.214813, 0.427793, -0.129858, 0.229247, 0.21671]
[-0.248342, 0.420064, -0.130158, 0.249945, 0.214747]
[-0.234338, 0.427104, -0.129364, 0.186646, 0.216212]
[-0.154876, 0.428681, -0.129255, 0.235734, 0.216]
[-0.166925, 0.420442, -0.130477, 0.229471, 0.215699]
[-0.218125, 0.420679, -0.130484, 0.161445, 0.215224]
[-0.201196, 0.425473, -0.130106, 0.161355, 0.214889]
[-0.203627, 0.422726, -0.129243, 0.222948, 0.216048]
[-0.173771, 0.421076, -0.130078, 0.146568, 0.215602]
[-0.256424, 0.427449, -0.129663, 0.152327, 0.21572]
[-0.201739, 0.423199, -0.129174, 0.14999, 0.215484]
[-0.1868, 0.420161, -0.130529, 0.165949, 0.215318]
[-0.172317, 0.423336, -0.130528, 0.18248, 0.215351]
[-0.239611, 0.421214, -0.129621, 0.172957, 0.216625]
[-0.21874, 0.422761, -0.129353, 0.187262, 0.215781]
[-0.217611, 0.424743, -0.130514, 0.229896, 0.215515]
[-0.177225, 0.424949, -0.129502, 0.148645, 0.216765]
[-0.162562, 0.422734, -0.130532, 0.2416, 0.216454]
[-0.162072, 0.427327, -0.129679, 0.254906, 0.215036]
[-0.247732, 0.422791, -0.129584, 0.153949, 0.216339]
[-0.154818, 0.427248, -0.130391, 0.170456, 0.214688]
[-0.197477, 0.425599, -0.129936, 0.143412, 0.21606]
[-0.189332, 0.426819, -0.130459, 0.189471, 0.215719]
[-0.22864, 0.420397, -0.13007, 0.251172, 0.215956]
[-0.259801, 0.420127, -0.130239, 0.146905, 0.216506]
[-0.185088, 0.428233, -0.13002, 0.174511, 0.216739]
[-0.158883, 0.423068, -0.130211, 0.146278, 0.215292]
[-0.155615, 0.41999, -0.129683, 0.248789, 0.216578]
[-0.168358, 0.420494, -0.129167, 0.224214, 0.21613]
[-0.217245, 0.420365, -0.130092, 0.181657, 0.214904]
[-0.236837, 0.425649, -0.13015, 0.150121, 0.216516]
[-0.227346, 0.420429, -0.129204, 0.254997, 0.21674]
[-0.228876, 0.421393, -0.129174, 0.214665, 0.215241]
[-0.196474, 0.425602, -0.129903, 0.244516, 0.215191]
[-0.180311, 0.427128, -0.130001, 0.190246, 0.214942]
[-0.229567, 0.424607, -0.129995, 0.145965, 0.215435]
[-0.192011, 0.426766, -0.1301, 0.153564, 0.215876]
[-0.212506, 0.419765, -0.130017, 0.214645, 0.214935]
[-0.16402, 0.421686, -0.129372, 0.153445, 0.214784]
[-0.181991, 0.42522, -0.129948, 0.178184, 0.215322]
[-0.192111, 0.423107, -0.130279, 0.223766, 0.214704]
[-0.251306, 0.427074, -0.1304, 0.197475, 0.21661]
[-0.196453, 0.423244, -0.129853, 0.242708, 0.216363]
[-0.202322, 0.424258, -0.129878, 0.195974, 0.216079]
[-0.230278, 0.422939, -0.129752, 0.143495, 0.216319]
[-0.184895, 0.420988, -0.130526, 0.178833, 0.216779]
[-0.213427, 0.422425, -0.130491, 0.219649, 0.216068]
[-0.183105, 0.422902, -0.130479, 0.178011, 0.216205]
[-0.211974, 0.421731, -0.129615, 0.253754, 0.216231]
[-0.173668, 0.420152, -0.130112, 0.236351, 0.215801]
[-0.178163, 0.425986, -0.130255, 0.188266, 0.215865]
[-0.170768, 0.420166, -0.130284, 0.149147, 0.216452]
[-0.169321, 0.420758, -0.130175, 0.177143, 0.214612]
[-0.207119, 0.420521, -0.12989, 0.161405, 0.215907]
[-0.23319, 0.421251, -0.130118, 0.210103, 0.215938]
[-0.159531, 0.424015, -0.129603, 0.23073, 0.216016]
[-0.256988, 0.428678, -0.130471, 0.196519, 0.21473]
[-0.218717, 0.427198, -0.129495, 0.245898, 0.214807]
[-0.234171, 0.4229, -0.129494, 0.179268, 0.216204]
[-0.235652, 0.428119, -0.129457, 0.257179, 0.214916]
[-0.170812, 0.42644, -0.130022, 0.147618, 0.215077]
[-0.227232, 0.423101, -0.129844, 0.229823, 0.214831]
[-0.19038, 0.42009, -0.130188, 0.25725, 0.215568]
[-0.161528, 0.423671, -0.129958, 0.231361, 0.215315]
[-0.235304, 0.426612, -0.129192, 0.256535, 0.215493]
[-0.240473, 0.419657, -0.130216, 0.14749, 0.215925]
[-0.214578, 0.420831, -0.129609, 0.211814, 0.216371]
[-0.211193, 0.419923, -0.129567, 0.248292, 0.216775]
[-0.169512, 0.419634, -0.129711, 0.257632, 0.214941]
[-0.16141, 0.420396, -0.129451, 0.155693, 0.214909]
[-0.241407, 0.424429, -0.129948, 0.171319, 0.215811]
[-0.245275, 0.421134, -0.129196, 0.198415, 0.215283]
[-0.154502, 0.423492, -0.129247, 0.248519, 0.215414]
[-0.161035, 0.423078, -0.129608, 0.243999, 0.21503]
[-0.242007, 0.421954, -0.130156, 0.228, 0.216432]
[-0.180735, 0.423713, -0.129473, 0.246467, 0.215008]
[-0.191972, 0.423306, -0.129209, 0.161666, 0.215109]
[-0.194002, 0.422108, -0.12967, 0.168176, 0.215415]
[-0.221184, 0.422768, -0.129837, 0.245223, 0.216433]
[-0.154193, 0.422375, -0.129974, 0.172012, 0.21496]
[-0.242778, 0.422124, -0.130011, 0.20518, 0.214784]
[-0.234839, 0.42339, -0.129357, 0.223717, 0.215804]
[-0.216515, 0.421896, -0.130079, 0.246065, 0.216317]
[-0.196824, 0.42358, -0.130089, 0.211259, 0.214848]
[-0.233807, 0.422376, -0.129575, 0.164076, 0.215428]
[-0.194331, 0.422402, -0.12918, 0.153301, 0.215814]
[-0.230495, 0.422494, -0.129636, 0.251953, 0.214679]
[-0.242924, 0.422336, -0.130072, 0.24903, 0.214581]
[-0.209232, 0.422072, -0.130058, 0.2147, 0.215191]
[-0.171489, 0.42249, -0.129756, 0.248924, 0.216308]
[-0.214864, 0.42166, -0.12991, 0.204685, 0.216123]
[-0.192834, 0.421739, -0.130027, 0.166029, 0.215896]
[-0.24982, 0.422417, -0.130012, 0.199369, 0.215696]
[-0.237349, 0.421726, -0.130057, 0.194105, 0.215476]
[-0.169162, 0.421423, -0.129547, 0.209166, 0.215224]
[-0.199989, 0.422117, -0.13008, 0.156888, 0.214615]
[-0.234199, 0.421433, -0.130175, 0.225403, 0.215701]
[-0.255714, 0.423026, -0.130057, 0.15545, 0.215892]
[-0.224116, 0.422691, -0.129368, 0.230417, 0.214692]
[-0.204385, 0.422931, -0.129382, 0.181795, 0.215669]
[-0.154692, 0.423172, -0.130125, 0.227452, 0.215133]
[-0.183933, 0.423593, -0.129262, 0.256858, 0.216255]
[-0.190322, 0.423626, -0.129908, 0.14916, 0.216]
[-0.163811, 0.422176, -0.129744, 0.198388, 0.216167]
[-0.21709, 0.42146, -0.129581, 0.183586, 0.21593]
[-0.206882, 0.422418, -0.130284, 0.20336, 0.21482]
[-0.177492, 0.422075, -0.129729, 0.192776, 0.216273]
[-0.154434, 0.423692, -0.129439, 0.240638, 0.214777]
[-0.219008, 0.422273, -0.129172, 0.172567, 0.21482]
[-0.203565, 0.422716, -0.129184, 0.237244, 0.215063]
[-0.192971, 0.42241, -0.129921, 0.247383, 0.216]
[-0.191819, 0.422692, -0.129576, 0.203773, 0.215575]
[-0.174554, 0.422553, -0.129892, 0.176988, 0.216098]
[-0.216082, 0.422078, -0.129431, 0.250198, 0.216312]
[-0.163049, 0.422701, -0.129303, 0.217536, 0.215173]
[-0.181439, 0.422217, -0.129248, 0.256011, 0.214864]
[-0.215651, 0.422474, -0.129201, 0.255401, 0.215915]
[-0.237391, 0.42172, -0.130216, 0.157646, 0.2164]
[-0.181714, 0.421683, -0.130083, 0.255582, 0.215606]
[-0.182848, 0.422424, -0.130147, 0.237031, 0.216212]
[-0.226494, 0.421785, -0.129492, 0.173925, 0.214701]
[-0.167685, 0.42146, -0.129951, 0.170648, 0.216399]
[-0.234689, 0.42347, -0.130021, 0.166751, 0.214656]
[-0.217414, 0.421924, -0.129898, 0.16768, 0.215034]
[-0.215835, 0.423422, -0.129592, 0.15642, 0.215531]
[-0.178636, 0.422747, -0.129766, 0.174691, 0.21537]
[-0.180733, 0.422983, -0.129881, 0.190361, 0.215884]
[-0.176152, 0.42298, -0.129222, 0.19401, 0.215811]
[-0.184881, 0.422024, -0.129912, 0.176968, 0.214944]
[-0.212628, 0.422594, -0.130031, 0.254615, 0.216]
[-0.221384, 0.422491, -0.129872, 0.237884, 0.216]
[-0.161566, 0.421556, -0.129806, 0.144103, 0.215463]
[-0.177107, 0.42281, -0.129211, 0.173677, 0.21536]
[-0.221365, 0.421578, -0.130229, 0.204233, 0.215244]
[-0.170674, 0.421542, -0.129678, 0.181183, 0.215687]
[-0.192662, 0.42199, -0.12991, 0.170711, 0.216135]
[-0.227692, 0.421796, -0.129764, 0.164597, 0.215057]
[-0.243214, 0.422501, -0.129604, 0.150019, 0.216432]
[-0.217636, 0.423413, -0.12968, 0.225243, 0.216297]
[-0.165417, 0.421417, -0.130083, 0.23853, 0.215396]
[-0.157705, 0.422132, -0.129658, 0.229807, 0.215137]
[-0.191973, 0.422764, -0.129161, 0.254449, 0.215902]
[-0.199479, 0.423182, -0.129259, 0.172808, 0.214798]
[-0.206496, 0.423043, -0.129227, 0.181224, 0.215213]
[-0.171761, 0.423157, -0.129378, 0.185278, 0.215738]
[-0.235094, 0.423031, -0.129292, 0.179254, 0.215231]
[-0.171948, 0.422219, -0.12968, 0.225431, 0.216429]
[-0.236718, 0.421574, -0.13007, 0.237957, 0.215647]
[-0.25254, 0.423057, -0.129825, 0.208127, 0.215875]
[-0.160553, 0.422951, -0.130117, 0.257471, 0.216126]
[-0.162975, 0.423238, -0.129348, 0.182406, 0.215116]
[-0.220458, 0.421529, -0.130037, 0.250172, 0.216027]
[-0.24568, 0.422455, -0.130227, 0.207654, 0.215737]
[-0.166559, 0.422565, -0.129981, 0.155238, 0.215118]
[-0.154087, 0.421838, -0.129264, 0.223061, 0.214633]
[-0.169488, 0.423585, -0.129334, 0.19433, 0.215553]
[-0.254617, 0.422944, -0.129369, 0.164334, 0.215903]
[-0.246187, 0.423177, -0.129721, 0.230991, 0.215359]
[-0.201738, 0.421818, -0.129665, 0.215861, 0.215697]
[-0.177432, 0.422118, -0.12922, 0.190745, 0.216061]
[-0.228874, 0.421721, -0.129862, 0.226293, 0.21643]
[-0.229742, 0.421621, -0.12936, 0.144872, 0.215903]
[-0.168586, 0.421664, -0.129691, 0.251651, 0.2152]
[-0.155821, 0.422134, -0.129886, 0.23583, 0.216344]
[-0.161116, 0.422818, -0.129413, 0.241979, 0.215414]
[-0.15345, 0.423659, -0.129493, 0.211324, 0.216345]
[-0.177489, 0.423341, -0.129774, 0.172709, 0.215239]
[-0.224909, 0.423803, -0.129471, 0.179635, 0.214755]
[-0.235805, 0.422478, -0.130241, 0.173349, 0.216031]
[-0.175968, 0.42314, -0.129703, 0.186896, 0.215687]
[-0.234159, 0.422746, -0.12945, 0.250711, 0.216342]
[-0.225994, 0.422471, -0.129266, 0.207698, 0.214893]
[-0.242533, 0.422651, -0.129489, 0.228917, 0.215802]
[-0.16381, 0.422604, -0.130015, 0.237745, 0.215365]
[-0.219273, 0.422574, -0.130258, 0.199075, 0.216423]
[-0.203922, 0.422619, -0.129868, 0.201855, 0.215358]
[-0.214589, 0.423765, -0.129608, 0.240537, 0.215744]
[-0.220358, 0.423685, -0.129632, 0.149882, 0.215231]
[-0.212527, 0.422128, -0.129175, 0.23255, 0.216279]
[-0.169159, 0.421509, -0.129258, 0.143642, 0.216339]
[-0.181852, 0.422957, -0.129192, 0.181887, 0.215109]
[-0.212559, 0.423277, -0.129962, 0.189715, 0.216286]
[-0.180406, 0.422152, -0.129659, 0.222445, 0.215441]
[-0.220366, 0.423425, -0.129679, 0.200883, 0.214875]
[-0.192599, 0.423806, -0.12952, 0.186895, 0.215645]
[-0.188333, 0.422559, -0.129909, 0.221352, 0.215514]
[-0.252208, 0.422607, -0.129942, 0.245999, 0.21616]
[-0.256039, 0.423826, -0.130107, 0.227201, 0.215809]
[-0.237348, 0.42326, -0.129264, 0.217322, 0.215125]
[-0.244007, 0.422812, -0.129806, 0.159791, 0.215731]
[-0.234394, 0.423164, -0.129918, 0.162468, 0.215756]
[-0.225072, 0.423102, -0.130052, 0.165793, 0.214901]
[-0.198448, 0.422713, -0.129332, 0.147977, 0.215356]
[-0.193088, 0.422072, -0.129946, 0.236268, 0.215348]
[-0.167163, 0.421579, -0.12956, 0.177428, 0.215006]
[-0.242333, 0.423559, -0.129379, 0.240833, 0.2152]
[-0.227365, 0.422174, -0.129394, 0.191147, 0.214593]
[-0.159948, 0.422849, -0.13017, 0.15429, 0.215914]
[-0.221883, 0.422888, -0.129478, 0.197461, 0.216271]
[-0.162528, 0.422478, -0.129295, 0.180832, 0.214727]
[-0.153598, 0.422783, -0.129156, 0.251078, 0.215961]
[-0.170896, 0.422697, -0.129345, 0.24173, 0.21639]
[-0.221127, 0.42238, -0.130267, 0.230465, 0.216262]
[-0.217726, 0.423295, -0.129933, 0.224627, 0.215432]
[-0.252626, 0.422304, -0.129309, 0.253287, 0.216307]
[-0.186064, 0.422393, -0.129453, 0.189401, 0.214899]
[-0.171706, 0.421841, -0.129613, 0.249134, 0.214754]
[-0.157494, 0.423144, -0.130243, 0.224216, 0.215883]
[-0.158473, 0.421796, -0.130087, 0.221029, 0.214912]
[-0.164167, 0.422169, -0.129866, 0.240488, 0.216362]
[-0.24291, 0.422209, -0.130219, 0.195301, 0.21631]
[-0.156394, 0.421746, -0.129802, 0.253077, 0.215029]
[-0.187013, 0.422289, -0.130155, 0.249026, 0.214678]
[-0.24206, 0.423765, -0.129945, 0.174506, 0.215455]
[-0.179191, 0.421978, -0.130138, 0.253095, 0.214829]
[-0.221681, 0.421907, -0.129801, 0.255599, 0.21484]
[-0.21617, 0.42283, -0.129815, 0.226834, 0.216213]
[-0.19184, 0.423534, -0.130063, 0.155138, 0.215568]
[-0.170915, 0.422972, -0.130097, 0.234611, 0.215475]
[-0.224548, 0.423543, -0.129408, 0.201342, 0.21548]
[-0.194334, 0.422626, -0.129196, 0.173518, 0.215642]
[-0.198573, 0.42302, -0.12933, 0.25384, 0.215969]
[-0.217998, 0.423489, -0.129281, 0.237992, 0.215846]
[-0.199296, 0.423579, -0.129859, 0.155352, 0.216222]
[-0.181691, 0.423155, -0.129494, 0.223717, 0.215618]
[-0.248441, 0.422543, -0.12926, 0.214004, 0.215039]
[-0.224444, 0.423027, -0.129746, 0.202343, 0.215356]
[-0.206627, 0.42343, -0.129593, 0.163467, 0.215481]
[-0.203477, 0.421487, -0.129893, 0.225051, 0.215734]
[-0.169781, 0.4226, -0.129405, 0.171147, 0.215652]
[-0.238938, 0.422939, -0.129215, 0.157626, 0.215461]
[-0.217897, 0.42317, -0.129864, 0.225868, 0.215656]
[-0.204684, 0.423785, -0.12916, 0.254087, 0.21637]
[-0.164338, 0.423202, -0.129621, 0.243026, 0.216351]
[-0.237592, 0.42229, -0.129777, 0.162724, 0.215006]
[-0.234171, 0.423438, -0.129246, 0.14781, 0.215232]
[-0.251776, 0.423608, -0.1301, 0.143271, 0.214698]
[-0.188307, 0.422076, -0.129268, 0.203728, 0.216047]
[-0.19773, 0.42272, -0.12927, 0.172512, 0.216045]
[-0.199179, 0.423128, -0.12929, 0.244034, 0.21508]
[-0.25509, 0.423224, -0.129984, 0.168122, 0.21489]
[-0.167779, 0.423398, -0.129884, 0.148737, 0.214882]
[-0.219848, 0.421883, -0.130231, 0.183281, 0.215299]
[-0.246333, 0.423813, -0.129905, 0.24259, 0.21466]
[-0.176842, 0.423556, -0.129263, 0.185818, 0.215759]
[-0.157632, 0.423175, -0.129756, 0.185218, 0.215663]
[-0.201318, 0.421654, -0.129733, 0.240038, 0.215375]
[-0.16781, 0.421425, -0.130006, 0.144292, 0.214813]
[-0.25228, 0.423126, -0.129272, 0.236753, 0.215946]
[-0.198731, 0.421884, -0.129548, 0.246084, 0.2162]
[-0.205676, 0.423314, -0.129553, 0.149358, 0.215491]
[-0.205711, 0.423709, -0.129271, 0.180741, 0.215377]
[-0.198597, 0.423201, -0.12974, 0.17626, 0.215804]
[-0.188274, 0.422968, -0.129655, 0.17565, 0.214869]
[-0.181537, 0.422478, -0.129714, 0.207799, 0.215391]
[-0.223618, 0.422095, -0.129629, 0.189161, 0.215843]
[-0.212951, 0.422725, -0.129183, 0.168051, 0.214904]
[-0.157416, 0.423617, -0.12973, 0.256428, 0.215898]
[-0.164248, 0.422334, -0.129784, 0.168817, 0.216441]
[-0.221237, 0.422911, -0.129394, 0.199887, 0.215805]
[-0.214426, 0.422295, -0.129412, 0.142547, 0.215142]
[-0.231096, 0.42282, -0.130104, 0.246963, 0.21469]
[-0.185705, 0.4221, -0.129246, 0.252803, 0.215896]
[-0.236542, 0.423044, -0.129298, 0.153436, 0.215067]
[-0.230114, 0.421686, -0.130099, 0.184006, 0.215369]
[-0.247471, 0.423706, -0.129594, 0.161459, 0.215292]
[-0.178377, 0.42299, -0.129788, 0.22877, 0.216413]
[-0.190867, 0.422725, -0.129188, 0.253942, 0.216485]
[-0.19136, 0.423612, -0.129592, 0.225749, 0.216014]
[-0.258715, 0.422118, -0.130146, 0.156964, 0.216204]
[-0.183467, 0.422903, -0.130071, 0.232892, 0.215178]
[-0.225837, 0.423338, -0.129508, 0.198672, 0.214925]
[-0.171703, 0.423572, -0.129512, 0.197402, 0.215748]
[-0.244013, 0.421842, -0.129853, 0.174586, 0.216423]
[-0.234965, 0.421447, -0.130293, 0.245749, 0.215565]
[-0.189918, 0.421718, -0.129551, 0.230743, 0.215651]
[-0.249941, 0.423453, -0.129632, 0.230241, 0.215718]
[-0.169772, 0.423384, -0.130116, 0.206921, 0.216202]
[-0.252732, 0.423033, -0.129285, 0.234709, 0.215454]
[-0.189545, 0.422925, -0.129745, 0.236487, 0.215972]
[-0.211951, 0.422162, -0.129638, 0.162767, 0.214789]
[-0.238869, 0.42287, -0.129767, 0.158499, 0.216344]
[-0.193429, 0.423166, -0.129225, 0.186178, 0.215143]
[-0.259587, 0.422306, -0.129887, 0.249654, 0.216351]
[-0.212488, 0.423357, -0.129957, 0.179312, 0.215518]
[-0.161295, 0.421675, -0.129246, 0.254584, 0.216396]
[-0.241443, 0.421454, -0.129481, 0.158757, 0.216462]
[-0.227568, 0.422135, -0.129639, 0.234041, 0.215848]
[-0.208182, 0.422824, -0.12954, 0.206751, 0.215438]
[-0.18878, 0.423706, -0.129364, 0.242608, 0.216419]
[-0.227241, 0.422637, -0.13027, 0.194814, 0.215546]
[-0.165952, 0.422595, -0.130065, 0.171146, 0.214628]
[-0.256951, 0.423699, -0.129728, 0.15907, 0.215134]
[-0.23958, 0.422125, -0.130073, 0.232565, 0.21533]
[-0.245121, 0.422178, -0.129697, 0.257223, 0.216438]
[-0.250832, 0.421997, -0.130069, 0.188426, 0.215844]
[-0.253165, 0.423408, -0.129632, 0.224292, 0.215499]
[-0.192905, 0.423599, -0.129572, 0.230145, 0.215959]
[-0.191033, 0.4225, -0.129293, 0.155899, 0.216151]
[-0.22678, 0.42321, -0.129804, 0.153259, 0.215753]
[-0.194067, 0.422549, -0.12961, 0.236988, 0.214574]
[-0.220296, 0.422286, -0.129558, 0.255424, 0.215174]
[-0.159576, 0.421458, -0.130012, 0.191223, 0.215553]
[-0.15558, 0.423588, -0.129607, 0.171348, 0.21519]
[-0.184949, 0.423642, -0.129715, 0.166065, 0.215375]
[-0.179982, 0.422599, -0.130135, 0.145762, 0.214972]
[-0.179043, 0.42256, -0.130226, 0.247452, 0.216173]
[-0.217614, 0.423624, -0.130259, 0.180409, 0.214907]
[-0.197015, 0.423421, -0.129511, 0.235553, 0.215825]
[-0.170594, 0.421862, -0.129855, 0.25796, 0.216092]
[-0.203063, 0.421472, -0.129992, 0.144498, 0.216142]
[-0.20323, 0.42356, -0.130018, 0.187764, 0.214796]
[-0.184295, 0.422911, -0.130056, 0.245056, 0.215946]
[-0.219051, 0.42295, -0.12951, 0.219219, 0.216454]
[-0.209532, 0.422305, -0.129286, 0.149209, 0.216225]
[-0.207976, 0.421851, -0.1302, 0.185671, 0.215119]
[-0.177742, 0.422495, -0.130051, 0.166761, 0.216175]
[-0.172151, 0.421697, -0.129372, 0.188797, 0.216233]
[-0.157222, 0.421821, -0.130136, 0.143052, 0.216418]
[-0.25307, 0.421771, -0.129565, 0.228858, 0.214719]
[-0.20404, 0.421506, -0.129731, 0.198194, 0.215866]
[-0.224679, 0.422138, -0.12929, 0.239823, 0.215545]
[-0.190353, 0.422059, -0.129621, 0.200221, 0.216092]
[-0.249141, 0.423501, -0.129368, 0.225497, 0.215841]
[-0.217291, 0.421655, -0.12928, 0.254372, 0.215003]
[-0.199834, 0.422721, -0.129928, 0.233086, 0.214931]
[-0.160915, 0.423664, -0.130205, 0.176046, 0.215411]
[-0.256406, 0.421795, -0.129945, 0.158847, 0.215995]
[-0.207, 0.422054, -0.129309, 0.212128, 0.216139]
[-0.25633, 0.421556, -0.129972, 0.182235, 0.215358]
[-0.180621, 0.422559, -0.12954, 0.176987, 0.215837]
[-0.226749, 0.422279, -0.130266, 0.167507, 0.215265]
[-0.161705, 0.423303, -0.129416, 0.221356, 0.215253]
[-0.167659, 0.422362, -0.129177, 0.226904, 0.215238]
[-0.25897, 0.422771, -0.129359, 0.152049, 0.215637]
[-0.163952, 0.422256, -0.130279, 0.212119, 0.216263]
[-0.223316, 0.422929, -0.129346, 0.21206, 0.215452]
[-0.169022, 0.422484, -0.129578, 0.153123, 0.215533]
[-0.170753, 0.423756, -0.129681, 0.23012, 0.215793]
[-0.228133, 0.422151, -0.12948, 0.221698, 0.215605]
[-0.244643, 0.42264, -0.130001, 0.249175, 0.216326]
[-0.168318, 0.421991, -0.129808, 0.216253, 0.215545]
[-0.181126, 0.422973, -0.130283, 0.146802, 0.214825]
[-0.218565, 0.423424, -0.129625, 0.181243, 0.21562]
[-0.178801, 0.423016, -0.129323, 0.148126, 0.215064]
[-0.253945, 0.421887, -0.130167, 0.235737, 0.215073]
[-0.15648, 0.423343, -0.129194, 0.185131, 0.215672]
[-0.172047, 0.423243, -0.130185, 0.218482, 0.215233]
[-0.213116, 0.423314, -0.129353, 0.170373, 0.216197]
[-0.252404, 0.422718, -0.130005, 0.149038, 0.216234]
[-0.156114, 0.421932, -0.13027, 0.184604, 0.215918]
[-0.155677, 0.421784, -0.129773, 0.252376, 0.215949]
[-0.230573, 0.422716, -0.129288, 0.184854, 0.216017]
[-0.226707, 0.423786, -0.129908, 0.242131, 0.214866]
[-0.207181, 0.422123, -0.129984, 0.228719, 0.214745]
[-0.205066, 0.422027, -0.130021, 0.216391, 0.215475]
[-0.169223, 0.422154, -0.130139, 0.178432, 0.214977]
[-0.255844, 0.422114, -0.129184, 0.181262, 0.21645]
[-0.246958, 0.423536, -0.129578, 0.160289, 0.215363]
[-0.250736, 0.4222, -0.130133, 0.191463, 0.214934]
[-0.251233, 0.421694, -0.12931, 0.231978, 0.216189]
[-0.161958, 0.423061, -0.129193, 0.207706, 0.215626]
[-0.21175, 0.42325, -0.129896, 0.254802, 0.215477]
[-0.215269, 0.422162, -0.12979, 0.234472, 0.216285]
[-0.160248, 0.421532, -0.130078, 0.152346, 0.216417]
[-0.203235, 0.422307, -0.130293, 0.160991, 0.216223]
[-0.239328, 0.422529, -0.129394, 0.154668, 0.214945]
[-0.202086, 0.421961, -0.129229, 0.169671, 0.214824]
[-0.228419, 0.422583, -0.129347, 0.234696, 0.214771]
[-0.195173, 0.423808, -0.130067, 0.143667, 0.214936]
[-0.175072, 0.4217, -0.130269, 0.168972, 0.214724]
[-0.205557, 0.421667, -0.12938, 0.235114, 0.215673]
[-0.233655, 0.421662, -0.129574, 0.19713, 0.215323]
[-0.169826, 0.423423, -0.129617, 0.222361, 0.215645]
[-0.247286, 0.42195, -0.129948, 0.205311, 0.214677]
[-0.159076, 0.423766, -0.130191, 0.175278, 0.216265]
[-0.199134, 0.422299, -0.129277, 0.226688, 0.215103]
[-0.153487, 0.423442, -0.129214, 0.183645, 0.216106]
[-0.200808, 0.423655, -0.129582, 0.185293, 0.216449]
[-0.200575, 0.42166, -0.129545, 0.189711, 0.215558]
[-0.190412, 0.423054, -0.129347, 0.202621, 0.215854]
[-0.221231, 0.422727, -0.12981, 0.16047, 0.215652]
[-0.17246, 0.423386, -0.129769, 0.167643, 0.214579]
[-0.157107, 0.423315, -0.12974, 0.170861, 0.215605]
[-0.198576, 0.422471, -0.129684, 0.19625, 0.214902]
[-0.192515, 0.421735, -0.129493, 0.220714, 0.214949]
[-0.159156, 0.422664, -0.129599, 0.205251, 0.215305]
[-0.18272, 0.422617, -0.129803, 0.257856, 0.21635]
[-0.195818, 0.421883, -0.129593, 0.227012, 0.21556]
[-0.208342, 0.422459, -0.129417, 0.195548, 0.21644]
[-0.229655, 0.422914, -0.129879, 0.215442, 0.216295]
[-0.226169, 0.423075, -0.129884, 0.192078, 0.215727]
[-0.18595, 0.423059, -0.129373, 0.252381, 0.214575]
[-0.236139, 0.423263, -0.129779, 0.200716, 0.214788]
[-0.235196, 0.421508, -0.129821, 0.218402, 0.215019]
[-0.212611, 0.421457, -0.130085, 0.20937, 0.215807]
[-0.223596, 0.421894, -0.12982, 0.189568, 0.216146]
[-0.255315, 0.422182, -0.129916, 0.248686, 0.215804]
[-0.198182, 0.423558, -0.129676, 0.231644, 0.216448]
[-0.194887, 0.422116, -0.129709, 0.146265, 0.215304]
[-0.220234, 0.42174, -0.129831, 0.214593, 0.215814]
[-0.208571, 0.422722, -0.130181, 0.231259, 0.21526]
[-0.188589, 0.421862, -0.129248, 0.19939, 0.214867]
[-0.156808, 0.422863, -0.129736, 0.194902, 0.215477]
[-0.17476, 0.422023, -0.129901, 0.182942, 0.215524]
[-0.225193, 0.423808, -0.130252, 0.155185, 0.21594]
[-0.220745, 0.422814, -0.129613, 0.246425, 0.215292]
[-0.160641, 0.423403, -0.130159, 0.233722, 0.215123]
[-0.160667, 0.422067, -0.129447, 0.257128, 0.21605]
[-0.202752, 0.421982, -0.129783, 0.245113, 0.214834]
[-0.157531, 0.422946, -0.129408, 0.177418, 0.216301]
[-0.15415, 0.422403, -0.129686, 0.227428, 0.216072]
[-0.188091, 0.421748, -0.129379, 0.161547, 0.214761]
[-0.161275, 0.422002, -0.129349, 0.212526, 0.214899]
[-0.191837, 0.422256, -0.130167, 0.189726, 0.215651]
[-0.191704, 0.421732, -0.129296, 0.225347, 0.21512]
[-0.207339, 0.421942, -0.129519, 0.20194, 0.216195]
[-0.192764, 0.422665, -0.129724, 0.221847, 0.216444]
[-0.154723, 0.423132, -0.129562, 0.239427, 0.215662]
[-0.222293, 0.421471, -0.129977, 0.19171, 0.214598]
[-0.178497, 0.423216, -0.129777, 0.212583, 0.215725]
[-0.19498, 0.421625, -0.129641, 0.221644, 0.216313]
[-0.234561, 0.421874, -0.129234, 0.243931, 0.215181]
[-0.227716, 0.423405, -0.130054, 0.243749, 0.216376]
[-0.256115, 0.423622, -0.130034, 0.246384, 0.215826]
[-0.224591, 0.422266, -0.129858, 0.250481, 0.215045]
[-0.231011, 0.423232, -0.129658, 0.229794, 0.215711]
[-0.209197, 0.4236, -0.129622, 0.216268, 0.216181]
[-0.231513, 0.42307, -0.129624, 0.155576, 0.216289]
[-0.154317, 0.421656, -0.129604, 0.216723, 0.215051]
[-0.20443, 0.422432, -0.130273, 0.198007, 0.215354]
[-0.217172, 0.422373, -0.130231, 0.189652, 0.214957]
[-0.239375, 0.421623, -0.129896, 0.251368, 0.216371]
[-0.200601, 0.422085, -0.130202, 0.145256, 0.216412]
[-0.246504, 0.422164, -0.12986, 0.235618, 0.216115]
[-0.246152, 0.422564, -0.129905, 0.223029, 0.215545]
[-0.194011, 0.421763, -0.129668, 0.164909, 0.216467]
[-0.245806, 0.42367, -0.129522, 0.189714, 0.214965]
[-0.242483, 0.422266, -0.129953, 0.218645, 0.215999]
[-0.25652, 0.423058, -0.129208, 0.171976, 0.214922]
[-0.215335, 0.421812, -0.130104, 0.208617, 0.216171]
[-0.171944, 0.421496, -0.129841, 0.205317, 0.216012]
[-0.167387, 0.423336, -0.129422, 0.161133, 0.21645]
[-0.170506, 0.421432, -0.129275, 0.209613, 0.215014]
[-0.22975, 0.423634, -0.130131, 0.167615, 0.214744]
[-0.252885, 0.422684, -0.130277, 0.152863, 0.216031]
[-0.171809, 0.421791, -0.129975, 0.161047, 0.2155]
[-0.165424, 0.422256, -0.129769, 0.192074, 0.214809]
[-0.203512, 0.423444, -0.129377, 0.241311, 0.215911]
[-0.184217, 0.423704, -0.129552, 0.147181, 0.214621]
[-0.167601, 0.423351, -0.13022, 0.2233, 0.215766]
[-0.249468, 0.42169, -0.129674, 0.233545, 0.216003]
[-0.173124, 0.422849, -0.130243, 0.226581, 0.214786]
[-0.160895, 0.422684, -0.129794, 0.25231, 0.21488]
[-0.182259, 0.422743, -0.130173, 0.150887, 0.214636]
[-0.22364, 0.422664, -0.130064, 0.142805, 0.215973]
[-0.202847, 0.421417, -0.130199, 0.230423, 0.216101]
[-0.165151, 0.42378, -0.129451, 0.233364, 0.215981]
[-0.217654, 0.423304, -0.129226, 0.202592, 0.214976]
[-0.204098, 0.422894, -0.129847, 0.224682, 0.215539]
[-0.190591, 0.421524, -0.129349, 0.152841, 0.214982]
[-0.236627, 0.421638, -0.129604, 0.194162, 0.216073]
[-0.234663, 0.421744, -0.130048, 0.22697, 0.215475]
[-0.236296, 0.423735, -0.129669, 0.165199, 0.214748]
[-0.176388, 0.423787, -0.130165, 0.225215, 0.214667]
[-0.24319, 0.422499, -0.129612, 0.216513, 0.214921]
[-0.232845, 0.423324, -0.130155, 0.18587, 0.2159]
[-0.159738, 0.423224, -0.129595, 0.236393, 0.216215]
[-0.215274, 0.422276, -0.129175, 0.157368, 0.216005]
[-0.236007, 0.421862, -0.129474, 0.152925, 0.216111]
[-0.164953, 0.423816, -0.129956, 0.216985, 0.215933]
[-0.158157, 0.422169, -0.130236, 0.220831, 0.216099]
[-0.20599, 0.422601, -0.129958, 0.160833, 0.216276]
[-0.176985, 0.42175, -0.129233, 0.165813, 0.215673]
[-0.187738, 0.4229, -0.129642, 0.164093, 0.215936]
[-0.183342, 0.422984, -0.129685, 0.24229, 0.216352]
[-0.211727, 0.421543, -0.129638, 0.176671, 0.215399]
[-0.187537, 0.422925, -0.130004, 0.148803, 0.214711]
[-0.16911, 0.423585, -0.129218, 0.256491, 0.214975]
[-0.253844, 0.423724, -0.130185, 0.146549, 0.21602]
[-0.216154, 0.422888, -0.12962, 0.200338, 0.214846]
[-0.161739, 0.422201, -0.129799, 0.239611, 0.214828]
[-0.211191, 0.422757, -0.129735, 0.22492, 0.21502]
[-0.204255, 0.421971, -0.129904, 0.240118, 0.215064]
[-0.243049, 0.422297, -0.130032, 0.235656, 0.215108]
[-0.23113, 0.423553, -0.129591, 0.213761, 0.215969]
[-0.164692, 0.42185, -0.129411, 0.247827, 0.215006]
[-0.225657, 0.423176, -0.129236, 0.159221, 0.215536]
[-0.179028, 0.422218, -0.130188, 0.168648, 0.215543]
[-0.232809, 0.422886, -0.130033, 0.161325, 0.215888]
[-0.214395, 0.422496, -0.129323, 0.158828, 0.214725]
[-0.257347, 0.423742, -0.12918, 0.145565, 0.21501]
[-0.182185, 0.422369, -0.129381, 0.240586, 0.214732]
[-0.20115, 0.422736, -0.129801, 0.188734, 0.215846]
[-0.220567, 0.422305, -0.129987, 0.171902, 0.21537]
[-0.200052, 0.423049, -0.130291, 0.251134, 0.21515]
[-0.252493, 0.423163, -0.129208, 0.158021, 0.215103]
[-0.230431, 0.421941, -0.129184, 0.243212, 0.214935]
[-0.248879, 0.422212, -0.129174, 0.23962, 0.215107]
[-0.198319, 0.421852, -0.129197, 0.220314, 0.215712]
[-0.182747, 0.421999, -0.129606, 0.232608, 0.216005]
[-0.192003, 0.421563, -0.129717, 0.14976, 0.214814]
[-0.171489, 0.422853, -0.12926, 0.175136, 0.214625]
[-0.170836, 0.422295, -0.13006, 0.192053, 0.215485]
[-0.195288, 0.423687, -0.129367, 0.161491, 0.215241]
[-0.235936, 0.4233, -0.129279, 0.223452, 0.215292]
[-0.194876, 0.422546, -0.130124, 0.154869, 0.21573]
[-0.244584, 0.421709, -0.129406, 0.159835, 0.214717]
[-0.189316, 0.422831, -0.129438, 0.172164, 0.216343]
[-0.192032, 0.421949, -0.129511, 0.237079, 0.216346]
[-0.156812, 0.422461, -0.12918, 0.254123, 0.215655]
[-0.188933, 0.423438, -0.130146, 0.257515, 0.21502]
[-0.220103, 0.421756, -0.129473, 0.194929, 0.21479]
[-0.250956, 0.421887, -0.129791, 0.229562, 0.216267]
[-0.159891, 0.421747, -0.129787, 0.197296, 0.214917]
[-0.171798, 0.421566, -0.129716, 0.200585, 0.21551]
[-0.201371, 0.422352, -0.130009, 0.251632, 0.215083]
[-0.169512, 0.421573, -0.130155, 0.247899, 0.2152]
[-0.232503, 0.42228, -0.129197, 0.228571, 0.215543]
[-0.231106, 0.422296, -0.129484, 0.232042, 0.216375]
[-0.187599, 0.422102, -0.129953, 0.183288, 0.21646]
[-0.259002, 0.423569, -0.130248, 0.143269, 0.214977]
[-0.259358, 0.42337, -0.130225, 0.242115, 0.214648]
[-0.258905, 0.422507, -0.130281, 0.237218, 0.215342]
[-0.259692, 0.422884, -0.130223, 0.24578, 0.215608]
[-0.258998, 0.423074, -0.13029, 0.256901, 0.216469]
[-0.259138, 0.422179, -0.130207, 0.240217, 0.216152]
[-0.259159, 0.422202, -0.130261, 0.159965, 0.216209]
[-0.258497, 0.421713, -0.1302, 0.233703, 0.214876]
[-0.258496, 0.421791, -0.130193, 0.155174, 0.21648]
[-0.260427, 0.423819, -0.13022, 0.251587, 0.214632]
[-0.260226, 0.423065, -0.130204, 0.166859, 0.21467]
[-0.259997, 0.422758, -0.130231, 0.147012, 0.215978]
[-0.259914, 0.422887, -0.130238, 0.252266, 0.216056]
[-0.260898, 0.423095, -0.130269, 0.146987, 0.21502]
[-0.260773, 0.423663, -0.130269, 0.170738, 0.215788]
[-0.261, 0.421606, -0.13019, 0.182957, 0.2162]
[-0.260466, 0.423066, -0.13029, 0.172931, 0.215705]
[-0.259419, 0.423233, -0.130229, 0.238751, 0.214857]
[-0.260942, 0.422304, -0.130288, 0.183207, 0.21502]
[-0.259701, 0.423098, -0.130235, 0.242721, 0.214767]
[-0.258491, 0.423671, -0.130287, 0.154052, 0.216196]
[-0.258887, 0.423224, -0.130234, 0.243494, 0.215727]
[-0.25976, 0.422269, -0.130243, 0.246093, 0.214997]
[-0.259317, 0.422164, -0.130259, 0.24592, 0.215182]
[-0.259897, 0.422353, -0.130279, 0.257622, 0.215485]
[-0.25999, 0.423529, -0.130206, 0.251256, 0.215106]
[-0.260017, 0.422044, -0.130196, 0.253956, 0.215266]
[-0.25914, 0.42282, -0.130273, 0.151492, 0.21635]
[-0.258932, 0.421705, -0.130241, 0.142497, 0.216421]
[-0.258611, 0.421825, -0.130263, 0.2471, 0.215462]
[-0.260563, 0.423744, -0.130283, 0.149359, 0.214817]
[-0.260594, 0.421815, -0.130281, 0.147371, 0.215183]
[-0.258516, 0.422139, -0.130289, 0.254974, 0.214994]
[-0.260259, 0.422409, -0.130223, 0.251914, 0.215418]
[-0.260721, 0.422651, -0.130268, 0.143965, 0.216324]
[-0.260145, 0.423541, -0.130292, 0.170074, 0.215072]
[-0.259606, 0.423318, -0.130228, 0.238178, 0.214744]
[-0.260152, 0.423015, -0.130221, 0.146846, 0.215994]
[-0.260256, 0.422066, -0.130282, 0.251009, 0.21592]
[-0.260279, 0.422711, -0.130227, 0.162981, 0.214911]
[-0.260004, 0.421494, -0.130213, 0.24945, 0.215897]
[-0.258669, 0.422935, -0.130238, 0.249241, 0.215687]
[-0.260865, 0.423563, -0.130285, 0.245235, 0.215836]
[-0.260194, 0.422145, -0.13022, 0.159567, 0.215423]
[-0.260657, 0.421463, -0.130212, 0.17141, 0.215884]
[-0.258962, 0.422714, -0.13028, 0.246276, 0.215169]
[-0.260386, 0.423077, -0.130193, 0.143175, 0.215552]
[-0.260784, 0.423118, -0.1302, 0.178901, 0.215036]
[-0.259446, 0.421621, -0.130218, 0.252873, 0.215084]
[-0.259025, 0.423307, -0.130288, 0.248113, 0.214782]
[-0.259614, 0.421805, -0.130259, 0.150685, 0.21492]
[-0.259205, 0.422693, -0.130268, 0.244863, 0.215323]
[-0.258655, 0.42222, -0.130293, 0.255289, 0.215297]
[-0.259039, 0.421465, -0.130248, 0.232797, 0.215042]
[-0.259812, 0.422403, -0.130256, 0.160165, 0.215762]
[-0.259816, 0.423357, -0.130272, 0.251224, 0.216232]
[-0.258646, 0.422136, -0.13029, 0.253393, 0.214697]
[-0.260292, 0.421798, -0.130239, 0.249528, 0.215532]
[-0.2604, 0.423182, -0.130254, 0.16702, 0.215113]
[-0.259771, 0.423234, -0.130199, 0.248375, 0.215269]
[-0.259548, 0.422033, -0.130236, 0.255926, 0.214666]
[-0.26039, 0.421642, -0.130239, 0.181589, 0.214698]
[-0.258524, 0.422912, -0.130279, 0.232052, 0.216484]
[-0.258654, 0.423325, -0.130286, 0.234242, 0.215032]
[-0.261006, 0.422508, -0.130232, 0.243346, 0.215323]
[-0.260649, 0.422947, -0.130233, 0.152293, 0.215783]
[-0.258885, 0.423096, -0.130279, 0.233817, 0.214636]
[-0.260939, 0.422351, -0.130235, 0.177017, 0.214747]
[-0.260317, 0.421643, -0.130286, 0.149086, 0.214908]
[-0.260658, 0.421631, -0.130196, 0.158143, 0.21596]
[-0.260489, 0.423051, -0.130221, 0.254586, 0.215437]
[-0.259277, 0.423682, -0.130273, 0.237022, 0.214724]
[-0.259424, 0.422655, -0.130251, 0.235426, 0.214824]
[-0.26059, 0.421764, -0.130218, 0.160002, 0.214617]
[-0.26099, 0.421752, -0.130284, 0.182721, 0.216459]
[-0.25947, 0.423205, -0.130217, 0.247446, 0.215038]
[-0.259753, 0.421759, -0.13023, 0.166576, 0.216408]
[-0.260756, 0.422256, -0.130247, 0.180183, 0.215726]
[-0.260182, 0.422637, -0.130232, 0.170058, 0.215886]
[-0.26069, 0.421646, -0.130292, 0.144278, 0.216185]
[-0.260808, 0.421731, -0.13022, 0.247637, 0.216213]
[-0.259503, 0.422619, -0.130251, 0.250575, 0.215571]
[-0.260034, 0.423053, -0.130265, 0.151318, 0.216297]
[-0.260965, 0.422685, -0.130288, 0.254437, 0.214953]
[-0.258654, 0.421793, -0.130269, 0.144071, 0.21534]
[-0.259855, 0.423454, -0.130238, 0.171003, 0.214811]
[-0.260796, 0.423535, -0.130207, 0.154577, 0.214852]
[-0.259478, 0.42173, -0.130288, 0.155525, 0.216037]
[-0.25998, 0.423419, -0.130227, 0.165332, 0.215617]
[-0.260084, 0.422465, -0.130283, 0.25636, 0.215074]
[-0.259606, 0.421709, -0.130204, 0.169563, 0.216104]
[-0.258865, 0.423267, -0.13026, 0.238954, 0.214957]
[-0.259862, 0.42292, -0.130289, 0.237745, 0.215587]
[-0.258903, 0.422167, -0.130282, 0.247576, 0.215584]
[-0.25864, 0.423594, -0.13025, 0.237983, 0.216018]
[-0.260573, 0.422901, -0.130206, 0.256386, 0.215236]
[-0.260421, 0.423577, -0.130277, 0.143278, 0.214875]
[-0.258731, 0.422679, -0.13028, 0.153873, 0.215392]
[-0.26002, 0.42309, -0.130244, 0.24427, 0.214793]
[-0.260622, 0.422341, -0.130258, 0.154955, 0.215503]
[-0.258925, 0.421739, -0.13021, 0.245267, 0.215799]
[-0.259126, 0.422754, -0.130261, 0.238476, 0.216448]
[-0.259489, 0.42276, -0.130218, 0.240814, 0.21556]
[-0.260773, 0.421708, -0.130252, 0.14313, 0.214961]
[-0.260443, 0.423082, -0.130256, 0.242216, 0.216039]
[-0.260863, 0.423745, -0.130212, 0.251343, 0.214951]
[-0.259596, 0.421425, -0.130265, 0.159839, 0.214934]
[-0.260803, 0.422698, -0.130265, 0.145336, 0.214971]
[-0.260373, 0.423053, -0.130274, 0.160527, 0.21563]
[-0.259254, 0.422717, -0.130247, 0.237044, 0.214991]
[-0.259152, 0.423808, -0.130219, 0.161403, 0.215561]
[-0.260707, 0.422989, -0.1302, 0.180315, 0.215519]
[-0.260515, 0.422438, -0.130286, 0.17087, 0.215085]
[-0.260815, 0.422148, -0.130229, 0.18643, 0.214575]
[-0.259309, 0.422065, -0.130246, 0.237444, 0.215657]
[-0.259467, 0.422926, -0.130284, 0.165172, 0.215903]
[-0.259618, 0.422327, -0.130247, 0.157021, 0.21574]
[-0.260331, 0.42326, -0.130209, 0.143843, 0.214719]
[-0.260975, 0.423283, -0.130216, 0.246151, 0.214602]
[-0.260539, 0.422663, -0.130244, 0.144671, 0.2156]
[-0.259141, 0.422141, -0.130237, 0.151031, 0.215025]
[-0.259745, 0.423719, -0.130263, 0.161887, 0.215244]
[-0.260545, 0.423287, -0.130292, 0.153278, 0.215774]
[-0.259282, 0.421842, -0.1302, 0.25429, 0.216294]
[-0.259482, 0.422686, -0.130291, 0.164326, 0.21572]
[-0.260871, 0.423303, -0.130285, 0.243686, 0.215327]
[-0.260823, 0.421787, -0.130291, 0.157748, 0.215459]
[-0.260222, 0.422206, -0.130249, 0.238146, 0.215304]
[-0.260719, 0.422492, -0.13022, 0.171692, 0.215941]
[-0.259223, 0.421594, -0.130263, 0.147097, 0.214952]
[-0.258577, 0.423475, -0.130212, 0.14886, 0.214949]
[-0.258927, 0.423097, -0.130189, 0.145138, 0.215034]
[-0.259278, 0.42186, -0.130225, 0.155076, 0.214722]
[-0.260452, 0.42176, -0.130262, 0.255253, 0.216135]
[-0.260386, 0.421861, -0.130288, 0.167082, 0.21581]
[-0.259187, 0.421796, -0.130207, 0.25173, 0.216382]
[-0.258512, 0.423711, -0.130274, 0.152347, 0.215047]
[-0.259234, 0.421864, -0.130199, 0.161678, 0.215455]
[-0.259817, 0.423628, -0.130272, 0.156622, 0.216458]
[-0.26006, 0.421666, -0.130272, 0.170533, 0.215746]
[-0.260859, 0.422661, -0.130241, 0.17309, 0.215416]
[-0.259375, 0.422744, -0.130257, 0.254299, 0.214775]
[-0.260703, 0.422138, -0.130252, 0.167472, 0.215115]
[-0.260548, 0.422141, -0.130219, 0.154587, 0.215986]
[-0.260079, 0.421798, -0.13029, 0.25262, 0.215732]
[-0.260541, 0.422182, -0.130242, 0.147455, 0.215816]
[-0.260043, 0.422478, -0.130227, 0.154003, 0.216212]
[-0.259514, 0.42335, -0.130254, 0.157264, 0.215215]
[-0.26051, 0.423483, -0.13028, 0.254424, 0.216385]
[-0.26029, 0.422579, -0.130228, 0.171387, 0.21644]
[-0.260578, 0.423444, -0.13028, 0.14534, 0.215375]
[-0.259314, 0.423147, -0.130204, 0.164257, 0.215256]
[-0.260996, 0.423198, -0.130241, 0.255948, 0.215021]
[-0.258755, 0.422151, -0.130216, 0.241027, 0.215442]
[-0.258897, 0.423455, -0.130255, 0.238031, 0.216037]
[-0.259081, 0.423616, -0.130207, 0.252279, 0.21512]
[-0.259524, 0.423289, -0.130226, 0.160782, 0.215063]
[-0.260775, 0.42142, -0.130243, 0.173301, 0.216319]
[-0.260313, 0.42368, -0.130204, 0.1711, 0.215841]
[-0.259129, 0.422822, -0.13021, 0.156272, 0.215992]
[-0.258623, 0.422652, -0.130284, 0.254166, 0.215114]
[-0.25897, 0.421877, -0.130197, 0.156827, 0.216356]
[-0.26091, 0.422001, -0.130276, 0.251419, 0.215123]
[-0.259568, 0.422207, -0.130228, 0.165156, 0.215504]
[-0.258862, 0.423281, -0.130243, 0.237749, 0.215379]
[-0.260346, 0.421618, -0.130238, 0.257913, 0.215843]
[-0.260246, 0.421855, -0.130231, 0.250331, 0.214857]
[-0.258937, 0.422908, -0.130264, 0.253015, 0.21597]
[-0.259483, 0.423752, -0.130253, 0.15909, 0.215856]
[-0.258923, 0.423502, -0.130221, 0.240901, 0.214697]
[-0.259393, 0.422229, -0.130198, 0.162041, 0.215047]
[-0.260946, 0.422002, -0.130229, 0.243651, 0.215614]
[-0.260726, 0.422886, -0.130245, 0.152184, 0.214938]
[-0.259041, 0.421865, -0.130205, 0.251824, 0.215205]
[-0.26032, 0.423338, -0.13027, 0.157515, 0.215549]
[-0.26054, 0.422562, -0.130217, 0.182008, 0.216343]
[-0.260909, 0.422081, -0.130228, 0.161853, 0.215583]
[-0.258893, 0.423733, -0.130249, 0.147623, 0.215301]
[-0.260593, 0.422024, -0.130256, 0.243939, 0.215662]
[-0.259261, 0.422334, -0.130217, 0.24881, 0.215242]
[-0.260102, 0.422288, -0.130218, 0.243741, 0.216409]
[-0.259572, 0.42217, -0.130256, 0.152891, 0.216]
[-0.259577, 0.423149, -0.130215, 0.144471, 0.214712]
[-0.260158, 0.4227, -0.130204, 0.145318, 0.215256]
[-0.25951, 0.422717, -0.130238, 0.160821, 0.215042]
[-0.260063, 0.421701, -0.130272, 0.164184, 0.215287]
[-0.259861, 0.42382, -0.130236, 0.241186, 0.215536]
[-0.260889, 0.422978, -0.130207, 0.157029, 0.215026]
[-0.259877, 0.421833, -0.130251, 0.251822, 0.2162]
[-0.260142, 0.421838, -0.130247, 0.14561, 0.21611]
[-0.259962, 0.422696, -0.130196, 0.169385, 0.215407]
[-0.26087, 0.421561, -0.130229, 0.180065, 0.215901]
[-0.258756, 0.421939, -0.130231, 0.154028, 0.214717]
[-0.260998, 0.423677, -0.130229, 0.167658, 0.215468]
[-0.259463, 0.422857, -0.130203, 0.154133, 0.215007]
[-0.260153, 0.421812, -0.130288, 0.245039, 0.216422]
[-0.259596, 0.423302, -0.130219, 0.147185, 0.21599]
[-0.260573, 0.422524, -0.130218, 0.251564, 0.214876]
[-0.260756, 0.422701, -0.13019, 0.162618, 0.216452]
[-0.260479, 0.423777, -0.130215, 0.165619, 0.216281]
[-0.260639, 0.421972, -0.130273, 0.15628, 0.215063]
[-0.259967, 0.421458, -0.130238, 0.164236, 0.215167]
[-0.258613, 0.422723, -0.130279, 0.248721, 0.215791]
[-0.25882, 0.42187, -0.13028, 0.147325, 0.216405]
[-0.258506, 0.422822, -0.130281, 0.234038, 0.216397]
[-0.258795, 0.423832, -0.130281, 0.240417, 0.216449]
[-0.258756, 0.42214, -0.13028, 0.257668, 0.215971]
[-0.258684, 0.423677, -0.13028, 0.240255, 0.216073]
[-0.258607, 0.42362, -0.130282, 0.252945, 0.21632]
[-0.258653, 0.423247, -0.13028, 0.242088, 0.215611]
[-0.258579, 0.423732, -0.130279, 0.154467, 0.216094]
[-0.258545, 0.423065, -0.130281, 0.153146, 0.215861]
[-0.258799, 0.422509, -0.130279, 0.158075, 0.216389]
[-0.2586, 0.423821, -0.130281, 0.149286, 0.21624]
[-0.258477, 0.422693, -0.130281, 0.234034, 0.216183]
[-0.258633, 0.422457, -0.130279, 0.149224, 0.216433]
[-0.258595, 0.421426, -0.13028, 0.253137, 0.215653]
[-0.258538, 0.422243, -0.13028, 0.245545, 0.215933]
[-0.258825, 0.422358, -0.130281, 0.237437, 0.216134]
[-0.258695, 0.421988, -0.130282, 0.242461, 0.215717]
[-0.258834, 0.422721, -0.13028, 0.251863, 0.215983]
[-0.258567, 0.422889, -0.13028, 0.155441, 0.216438]
[-0.258734, 0.421881, -0.130281, 0.235604, 0.216154]
[-0.258695, 0.422632, -0.130279, 0.243052, 0.216135]
[-0.258654, 0.423218, -0.130279, 0.249199, 0.216038]
[-0.258843, 0.423747, -0.130282, 0.235268, 0.216465]
[-0.258779, 0.423057, -0.130282, 0.248967, 0.215639]
[-0.25864, 0.423201, -0.130279, 0.155628, 0.216054]
[-0.258737, 0.421685, -0.130281, 0.241853, 0.216395]
[-0.258583, 0.423428, -0.130282, 0.241324, 0.215978]
[-0.258524, 0.422735, -0.13028, 0.25236, 0.216306]
[-0.258526, 0.423102, -0.130282, 0.152713, 0.216186]
[-0.258728, 0.423092, -0.130282, 0.240019, 0.215788]
[-0.258594, 0.422936, -0.13028, 0.248111, 0.216087]
[-0.258593, 0.42154, -0.130279, 0.252798, 0.216396]
[-0.258779, 0.423458, -0.130282, 0.241691, 0.216429]
[-0.25851, 0.423358, -0.130281, 0.153695, 0.216216]
[-0.258629, 0.422432, -0.13028, 0.242042, 0.216228]
[-0.258701, 0.422046, -0.13028, 0.147208, 0.215609]
[-0.258601, 0.422127, -0.130281, 0.234717, 0.216441]
[-0.258663, 0.421459, -0.13028, 0.242432, 0.215819]
[-0.258749, 0.422655, -0.13028, 0.240588, 0.215913]
[-0.258551, 0.42155, -0.130281, 0.156565, 0.215612]
[-0.258549, 0.421727, -0.13028, 0.247975, 0.216341]
[-0.258795, 0.423327, -0.13028, 0.143145, 0.21573]
[-0.258548, 0.421912, -0.13028, 0.246527, 0.216262]
[-0.258701, 0.422502, -0.130279, 0.24714, 0.216092]
[-0.258682, 0.423251, -0.130281, 0.256895, 0.21578]
[-0.258592, 0.421702, -0.130282, 0.143965, 0.21578]
[-0.25884, 0.423395, -0.130279, 0.253059, 0.215769]
[-0.258478, 0.422379, -0.13028, 0.152344, 0.215966]
[-0.258545, 0.423446, -0.130281, 0.147573, 0.216322]
[-0.25859, 0.42258, -0.13028, 0.244532, 0.2162]
[-0.258546, 0.423112, -0.130281, 0.148389, 0.216156]
[-0.258633, 0.422872, -0.130279, 0.242468, 0.216158]
[-0.258751, 0.42198, -0.130282, 0.252677, 0.216386]
[-0.258717, 0.422554, -0.130279, 0.256663, 0.216007]
[-0.258832, 0.4236, -0.13028, 0.24568, 0.215809]
[-0.258741, 0.423642, -0.130282, 0.149571, 0.215918]
[-0.258521, 0.423393, -0.130279, 0.253789, 0.215868]
[-0.258601, 0.422227, -0.130279, 0.155282, 0.216163]
[-0.258586, 0.422526, -0.130282, 0.242098, 0.216039]
[-0.258543, 0.42171, -0.13028, 0.14476, 0.216245]
[-0.258528, 0.42269, -0.130279, 0.14227, 0.216026]
[-0.258633, 0.422231, -0.130282, 0.255253, 0.216425]
[-0.25861, 0.421766, -0.130281, 0.145368, 0.216458]
[-0.258701, 0.422402, -0.130281, 0.235161, 0.216219]
[-0.258573, 0.422391, -0.130281, 0.235908, 0.216438]
[-0.258605, 0.421989, -0.13028, 0.241754, 0.215708]
[-0.258734, 0.422972, -0.130282, 0.142056, 0.216306]
[-0.258662, 0.423359, -0.130281, 0.254086, 0.216396]
[-0.258783, 0.421743, -0.13028, 0.238775, 0.215723]
[-0.258672, 0.422662, -0.130282, 0.234305, 0.216216]
[-0.258533, 0.422734, -0.130279, 0.149822, 0.216157]
[-0.258545, 0.422368, -0.130281, 0.257768, 0.216373]
[-0.258697, 0.422389, -0.130282, 0.249248, 0.216429]
[-0.258601, 0.421871, -0.130281, 0.145849, 0.216311]
[-0.258635, 0.422564, -0.130282, 0.147258, 0.215784]
[-0.258818, 0.42256, -0.13028, 0.151008, 0.216159]
[-0.258627, 0.421917, -0.130279, 0.251707, 0.216347]
[-0.258748, 0.422228, -0.13028, 0.258274, 0.21594]
[-0.258789, 0.421855, -0.130281, 0.244475, 0.215965]
[-0.258682, 0.422607, -0.130281, 0.155722, 0.216221]
[-0.258537, 0.422405, -0.130279, 0.245426, 0.216038]
[-0.258719, 0.422033, -0.130282, 0.143748, 0.216356]
[-0.258526, 0.42332, -0.13028, 0.234845, 0.215822]
[-0.258624, 0.422807, -0.130281, 0.155313, 0.216488]
[-0.258585, 0.423296, -0.13028, 0.248873, 0.215973]
[-0.258581, 0.422715, -0.130282, 0.242127, 0.21615]
[-0.258506, 0.423394, -0.130279, 0.257173, 0.21632]
[-0.258493, 0.421825, -0.13028, 0.241634, 0.21641]
[-0.258692, 0.423736, -0.130281, 0.142658, 0.215789]
[-0.258743, 0.422717, -0.13028, 0.233221, 0.215937]
[-0.258596, 0.422504, -0.13028, 0.251156, 0.216422]
[-0.258489, 0.423809, -0.13028, 0.236079, 0.216411]
[-0.258499, 0.423026, -0.130279, 0.232711, 0.215886]
[-0.258714, 0.422408, -0.130281, 0.250825, 0.215698]
[-0.258539, 0.422576, -0.13028, 0.148, 0.216083]
[-0.258801, 0.42352, -0.130281, 0.145505, 0.215773]
[-0.258535, 0.422222, -0.130281, 0.254715, 0.215802]
[-0.258719, 0.423393, -0.130282, 0.245153, 0.216221]
[-0.258792, 0.423298, -0.13028, 0.242521, 0.215668]
[-0.258843, 0.422942, -0.13028, 0.240907, 0.216405]
[-0.258826, 0.421591, -0.13028, 0.252859, 0.216396]
[-0.258597, 0.423116, -0.130282, 0.248925, 0.216283]
[-0.258657, 0.422717, -0.130282, 0.237186, 0.216047]
[-0.258792, 0.423304, -0.130281, 0.154156, 0.215819]
[-0.258687, 0.423389, -0.13028, 0.248508, 0.216186]
[-0.258761, 0.422752, -0.130281, 0.151829, 0.215702]
[-0.258723, 0.423469, -0.13028, 0.233189, 0.216211]
[-0.258765, 0.423601, -0.130282, 0.150123, 0.215873]
[-0.258487, 0.422257, -0.13028, 0.15144, 0.216334]
[-0.258485, 0.423033, -0.130281, 0.233475, 0.216273]
[-0.258702, 0.421622, -0.130281, 0.2481, 0.215875]
[-0.258711, 0.422805, -0.13028, 0.233425, 0.215705]
[-0.258537, 0.423629, -0.13028, 0.238818, 0.215997]
[-0.258823, 0.423692, -0.130279, 0.249643, 0.215992]
[-0.258646, 0.422623, -0.130279, 0.238659, 0.216446]
[-0.258613, 0.423622, -0.130279, 0.247148, 0.216484]
[-0.258526, 0.423689, -0.13028, 0.243533, 0.215963]
[-0.258791, 0.423432, -0.130281, 0.250408, 0.216382]
[-0.258656, 0.42169, -0.13028, 0.250289, 0.215991]
[-0.258684, 0.422688, -0.130281, 0.146311, 0.216189]
[-0.258701, 0.422278, -0.130282, 0.248226, 0.21618]
[-0.258711, 0.421766, -0.130282, 0.147056, 0.215646]
[-0.258681, 0.423506, -0.130279, 0.241007, 0.215936]
[-0.25857, 0.42286, -0.13028, 0.143709, 0.215604]
[-0.258616, 0.42274, -0.13028, 0.247419, 0.216291]
[-0.258564, 0.421482, -0.130279, 0.252973, 0.216075]
[-0.258596, 0.423774, -0.130281, 0.153006, 0.21616]
[-0.25848, 0.422191, -0.130281, 0.248802, 0.216462]
[-0.258761, 0.422468, -0.130279, 0.243209, 0.215694]
[-0.258739, 0.422391, -0.130281, 0.258261, 0.215946]
[-0.258711, 0.421446, -0.130282, 0.244503, 0.215636]
[-0.258546, 0.421659, -0.130282, 0.151766, 0.216344]
[-0.258802, 0.422256, -0.13028, 0.241536, 0.215639]
[-0.258591, 0.423585, -0.13028, 0.23697, 0.216028]
[-0.25874, 0.423154, -0.130279, 0.15238, 0.215684]
[-0.258608, 0.423085, -0.13028, 0.23037, 0.215804]
[-0.258604, 0.422837, -0.130281, 0.24468, 0.21588]
[-0.258498, 0.423502, -0.130279, 0.241296, 0.216225]
[-0.258515, 0.423048, -0.13028, 0.148324, 0.216223]
[-0.258529, 0.423059, -0.13028, 0.253269, 0.216176]
[-0.258547, 0.422064, -0.130281, 0.150265, 0.215617]
[-0.25865, 0.423437, -0.13028, 0.242447, 0.21595]
[-0.258648, 0.423417, -0.130282, 0.252675, 0.215846]
[-0.258551, 0.422271, -0.130282, 0.236075, 0.216448]
[-0.258815, 0.423461, -0.130281, 0.146374, 0.216005]
[-0.258513, 0.422035, -0.130282, 0.243167, 0.216458]
[-0.258732, 0.422977, -0.13028, 0.146053, 0.215917]
[-0.258824, 0.423603, -0.130282, 0.257515, 0.215884]
[-0.258655, 0.422996, -0.130279, 0.231305, 0.216094]
[-0.258731, 0.42367, -0.130282, 0.237614, 0.215623]
[-0.258766, 0.421994, -0.130282, 0.244923, 0.215607]
[-0.258795, 0.423032, -0.130281, 0.247795, 0.215589]
[-0.258759, 0.423461, -0.130282, 0.23943, 0.215611]
[-0.258765, 0.422188, -0.130281, 0.241878, 0.215621]
[-0.258834, 0.421625, -0.130281, 0.247274, 0.215588]
[-0.258786, 0.422451, -0.130281, 0.234363, 0.215592]
[-0.258727, 0.422189, -0.13028, 0.24112, 0.215624]
[-0.258839, 0.423702, -0.130281, 0.232727, 0.215624]
[-0.258801, 0.423575, -0.13028, 0.241775, 0.215595]
[-0.258763, 0.423784, -0.130281, 0.238705, 0.215588]
[-0.25875, 0.422505, -0.130282, 0.250343, 0.215615]
[-0.258812, 0.422422, -0.13028, 0.239038, 0.215628]
[-0.258738, 0.421757, -0.13028, 0.254069, 0.215627]
[-0.258755, 0.422412, -0.130282, 0.236681, 0.215599]
[-0.258727, 0.422412, -0.130281, 0.240436, 0.215587]
[-0.258765, 0.421491, -0.130281, 0.248317, 0.215608]
[-0.258822, 0.423002, -0.130282, 0.250954, 0.215625]
[-0.258826, 0.423524, -0.130281, 0.234189, 0.215627]
[-0.25878, 0.421868, -0.13028, 0.238057, 0.215617]
[-0.2588, 0.422924, -0.13028, 0.255648, 0.215629]
[-0.258778, 0.421442, -0.130281, 0.242619, 0.215617]
[-0.258756, 0.423515, -0.130281, 0.232662, 0.215618]
[-0.258796, 0.422159, -0.130281, 0.251004, 0.215621]
[-0.258731, 0.423666, -0.130282, 0.257569, 0.215612]
[-0.258807, 0.42288, -0.13028, 0.238965, 0.215592]
[-0.258726, 0.422314, -0.130282, 0.254814, 0.215591]
[-0.25871, 0.422507, -0.130282, 0.239668, 0.215615]
[-0.258834, 0.422154, -0.130281, 0.248106, 0.215605]
[-0.258751, 0.423328, -0.130281, 0.247073, 0.215612]
[-0.258715, 0.423241, -0.130281, 0.23347, 0.21562]
[-0.258818, 0.422126, -0.130281, 0.233707, 0.21559]
[-0.258815, 0.423719, -0.130281, 0.232724, 0.215613]
[-0.258846, 0.421562, -0.130281, 0.234072, 0.215616]
[-0.258775, 0.423172, -0.130281, 0.24178, 0.215613]
[-0.258834, 0.422086, -0.13028, 0.235953, 0.215604]
[-0.258775, 0.422954, -0.13028, 0.245358, 0.2156]
[-0.258777, 0.423435, -0.130281, 0.231639, 0.215598]
[-0.258808, 0.421625, -0.130281, 0.246925, 0.215608]
[-0.258727, 0.423224, -0.130281, 0.236262, 0.215624]
[-0.25877, 0.423465, -0.13028, 0.230772, 0.215606]
[-0.258771, 0.423223, -0.13028, 0.231796, 0.215602]
[-0.258836, 0.4228, -0.130281, 0.236363, 0.215592]
[-0.258783, 0.422798, -0.130281, 0.250282, 0.21562]
[-0.258823, 0.421443, -0.130281, 0.254744, 0.215588]
[-0.258718, 0.422626, -0.13028, 0.245576, 0.215616]
[-0.258822, 0.423311, -0.130281, 0.233133, 0.215622]
[-0.258771, 0.422832, -0.13028, 0.235815, 0.215589]
[-0.258799, 0.421519, -0.130281, 0.234076, 0.215623]
[-0.258783, 0.421679, -0.13028, 0.252938, 0.215622]
[-0.258827, 0.423189, -0.13028, 0.25584, 0.21561]
[-0.258794, 0.422554, -0.130281, 0.251123, 0.215615]
[-0.25879, 0.423776, -0.13028, 0.257663, 0.215618]
[-0.258805, 0.421727, -0.130282, 0.249924, 0.215621]
[-0.258742, 0.422728, -0.130281, 0.246082, 0.21562]
[-0.258794, 0.42329, -0.130282, 0.236304, 0.215626]
[-0.258785, 0.421966, -0.13028, 0.237821, 0.215609]
[-0.258746, 0.421614, -0.130282, 0.244841, 0.215613]
[-0.258735, 0.42219, -0.130282, 0.255289, 0.215618]
[-0.258714, 0.421843, -0.130281, 0.236763, 0.215599]
[-0.25882, 0.421924, -0.130281, 0.243017, 0.215606]
[-0.258826, 0.422416, -0.130281, 0.249317, 0.21559]
[-0.258804, 0.423587, -0.130282, 0.256672, 0.21559]
[-0.258756, 0.422908, -0.13028, 0.241807, 0.215618]
[-0.258811, 0.422099, -0.130281, 0.257044, 0.215612]
[-0.258798, 0.423251, -0.130281, 0.246536, 0.215592]
[-0.258841, 0.422118, -0.13028, 0.255802, 0.215616]
[-0.258763, 0.422107, -0.130282, 0.255648, 0.215611]
[-0.258836, 0.421918, -0.130281, 0.235838, 0.215597]
[-0.258837, 0.421435, -0.130282, 0.245768, 0.215608]
[-0.258724, 0.421428, -0.130281, 0.247601, 0.215607]
[-0.258737, 0.421856, -0.130281, 0.249822, 0.215616]
[-0.258778, 0.421743, -0.130282, 0.234618, 0.215595]
[-0.25883, 0.421655, -0.130282, 0.249136, 0.215607]
[-0.258742, 0.422965, -0.130281, 0.239144, 0.215591]
[-0.258709, 0.421906, -0.13028, 0.236857, 0.215624]
[-0.258722, 0.422578, -0.13028, 0.25216, 0.215617]
[-0.258795, 0.421589, -0.130282, 0.239399, 0.21561]
[-0.258782, 0.422512, -0.130281, 0.234376, 0.215607]
[-0.258832, 0.423197, -0.130282, 0.239046, 0.215602]
[-0.258785, 0.423339, -0.130281, 0.25563, 0.215622]
[-0.258732, 0.423064, -0.130282, 0.236722, 0.215615]
[-0.258724, 0.423083, -0.130281, 0.255925, 0.21559]
[-0.258759, 0.423611, -0.130281, 0.241249, 0.215599]
[-0.258803, 0.422402, -0.130281, 0.241582, 0.215608]
[-0.258745, 0.422604, -0.130282, 0.236118, 0.215625]
[-0.258736, 0.42232, -0.130281, 0.240058, 0.215594]
[-0.258746, 0.422, -0.130282, 0.249358, 0.215591]
[-0.258742, 0.423445, -0.130281, 0.246433, 0.215628]
[-0.258784, 0.422046, -0.130281, 0.241568, 0.215591]
[-0.258798, 0.423195, -0.130282, 0.24541, 0.215626]
[-0.258796, 0.422876, -0.130282, 0.252027, 0.215596]
[-0.258743, 0.421535, -0.130282, 0.254853, 0.215595]
[-0.25881, 0.423764, -0.13028, 0.255916, 0.215599]
[-0.258731, 0.421608, -0.130281, 0.254957, 0.215619]
[-0.258803, 0.422331, -0.130282, 0.23834, 0.215587]
[-0.258742, 0.42226, -0.130281, 0.24698, 0.215602]
[-0.258742, 0.421511, -0.130281, 0.250764, 0.215621]
[-0.258714, 0.422597, -0.130281, 0.252285, 0.215624]
[-0.258742, 0.423796, -0.130281, 0.25525, 0.215625]
[-0.258795, 0.422469, -0.13028, 0.248601, 0.215608]
[-0.258823, 0.422941, -0.13028, 0.252585, 0.215596]
[-0.258752, 0.423182, -0.130281, 0.241312, 0.215614]
[-0.258714, 0.422369, -0.130282, 0.243253, 0.215603]
[-0.258723, 0.422626, -0.130281, 0.244094, 0.215628]
[-0.258787, 0.422314, -0.130281, 0.240544, 0.215597]
[-0.258837, 0.422794, -0.130281, 0.237221, 0.215623]
[-0.258804, 0.423615, -0.130281, 0.250124, 0.215598]
[-0.258799, 0.422267, -0.13028, 0.242535, 0.215593]
[-0.258783, 0.422494, -0.130282, 0.256121, 0.215627]
[-0.258816, 0.423432, -0.130281, 0.24961, 0.215589]
[-0.258783, 0.421874, -0.13028, 0.238759, 0.215627]
[-0.258779, 0.423681, -0.130281, 0.255836, 0.215625]
[-0.258801, 0.422551, -0.130281, 0.251025, 0.215605]
[-0.258804, 0.423441, -0.130281, 0.238204, 0.21559]
[-0.258779, 0.42353, -0.130282, 0.230891, 0.215606]
[-0.258715, 0.422106, -0.130281, 0.254979, 0.215608]
[-0.258743, 0.421758, -0.130281, 0.24528, 0.215618]
[-0.258825, 0.422723, -0.13028, 0.240959, 0.215604]
[-0.258732, 0.422954, -0.130282, 0.249234, 0.215593]
[-0.25875, 0.423549, -0.130282, 0.256965, 0.215624]
[-0.258781, 0.423482, -0.13028, 0.231125, 0.215609]
[-0.258812, 0.423558, -0.13028, 0.235584, 0.215622]
[-0.258843, 0.422175, -0.130281, 0.249058, 0.215629]
[-0.258837, 0.422208, -0.13028, 0.253454, 0.215607]
[-0.25882, 0.423464, -0.130281, 0.232581, 0.215618]
[-0.2588, 0.423472, -0.130281, 0.230778, 0.215608]
[-0.258803, 0.422804, -0.130281, 0.250712, 0.21562]
[-0.258737, 0.422991, -0.130282, 0.258243, 0.215597]
[-0.258719, 0.423645, -0.130281, 0.248107, 0.215611]
[-0.258774, 0.423611, -0.130282, 0.25344, 0.215588]
[-0.25878, 0.42169, -0.130282, 0.242521, 0.215622]
[-0.258723, 0.423315, -0.13028, 0.242141, 0.215626]
[-0.258758, 0.421888, -0.130281, 0.247821, 0.215593]
[-0.258811, 0.423145, -0.130282, 0.241086, 0.21561]
[-0.258791, 0.422424, -0.13028, 0.242807, 0.215623]
[-0.258745, 0.421658, -0.130281, 0.254129, 0.215621]
[-0.258719, 0.422131, -0.130282, 0.254923, 0.21561]
[-0.258787, 0.423696, -0.13028, 0.232258, 0.215611]
[-0.258797, 0.422948, -0.130281, 0.237652, 0.215626]
[-0.25881, 0.423548, -0.130281, 0.243116, 0.215602]
[-0.258821, 0.421614, -0.130282, 0.252125, 0.21562]
[-0.258823, 0.423721, -0.13028, 0.239771, 0.215604]
[-0.258758, 0.423158, -0.130281, 0.254425, 0.215601]
[-0.258754, 0.42214, -0.130281, 0.239849, 0.215626]
[-0.258831, 0.422937, -0.130281, 0.24663, 0.215611]
[-0.258745, 0.423349, -0.130281, 0.233649, 0.215604]
[-0.258767, 0.422614, -0.130281, 0.251071, 0.215596]
[-0.25881, 0.423049, -0.130281, 0.236619, 0.21559]
[-0.258747, 0.422766, -0.130281, 0.249657, 0.215606]
[-0.258732, 0.423832, -0.130281, 0.242249, 0.215605]
[-0.258775, 0.423641, -0.13028, 0.23966, 0.215591]
[-0.258783, 0.42332, -0.130281, 0.249207, 0.215617]
[-0.258731, 0.422553, -0.130282, 0.250457, 0.215621]
[-0.258797, 0.42357, -0.130281, 0.251372, 0.215628]
[-0.258719, 0.423118, -0.13028, 0.251427, 0.215601]
[-0.25882, 0.421992, -0.130281, 0.254243, 0.215594]
[-0.258836, 0.423317, -0.130281, 0.237471, 0.21562]
[-0.258725, 0.421837, -0.130281, 0.242347, 0.215616]
[-0.258738, 0.422783, -0.130281, 0.257854, 0.21559]
[-0.258741, 0.423206, -0.130281, 0.250607, 0.215612]
[-0.258824, 0.423453, -0.130281, 0.233794, 0.215595]
[-0.258769, 0.422035, -0.13028, 0.239967, 0.215588]
[-0.258708, 0.422417, -0.130281, 0.232812, 0.215626]
[-0.258793, 0.422461, -0.13028, 0.23371, 0.215598]
[-0.258808, 0.422242, -0.130281, 0.249175, 0.215602]
[-0.258747, 0.42201, -0.13028, 0.241203, 0.21562]
[-0.258765, 0.423476, -0.130281, 0.238663, 0.215614]
[-0.258833, 0.423548, -0.13028, 0.232571, 0.215613]
[-0.258829, 0.423118, -0.130281, 0.252937, 0.215609]
[-0.258826, 0.421908, -0.130282, 0.241073, 0.215613]
[-0.258829, 0.422665, -0.13028, 0.246292, 0.215588]
[-0.25881, 0.422743, -0.130282, 0.254403, 0.215617]
[-0.25883, 0.422697, -0.13028, 0.245716, 0.215612]
[-0.258799, 0.422057, -0.130281, 0.244076, 0.215603]
[-0.258815, 0.422512, -0.13028, 0.248287, 0.215601]
[-0.258797, 0.421541, -0.130282, 0.243587, 0.215626]
[-0.258762, 0.421514, -0.130282, 0.249311, 0.21559]
[-0.258803, 0.423043, -0.130282, 0.242971, 0.215611]
[-0.258835, 0.422506, -0.130281, 0.255599, 0.215627]
[-0.258743, 0.421695, -0.130281, 0.234994, 0.215621]
[-0.258712, 0.423435, -0.130281, 0.252683, 0.215628]
[-0.258832, 0.422824, -0.130281, 0.252139, 0.215627]
[-0.258819, 0.421873, -0.130281, 0.252132, 0.215601]
[-0.25882, 0.423517, -0.130282, 0.255419, 0.215615]
[-0.258762, 0.423295, -0.130281, 0.250139, 0.215618]
[-0.258743, 0.421624, -0.13028, 0.239789, 0.215601]
[-0.258819, 0.423379, -0.130281, 0.25242, 0.215618]
[-0.258809, 0.421696, -0.130281, 0.249622, 0.215628]
[-0.258784, 0.42243, -0.130281, 0.238325, 0.215615]
[-0.258745, 0.423191, -0.130282, 0.238343, 0.215592]
[-0.258799, 0.422096, -0.130281, 0.237763, 0.215618]
[-0.258793, 0.422129, -0.13028, 0.240439, 0.215619]
[-0.258728, 0.421593, -0.130281, 0.250706, 0.215601]
[-0.258775, 0.423381, -0.130282, 0.235478, 0.215613]
[-0.258753, 0.423517, -0.130282, 0.258026, 0.215609]
[-0.258726, 0.423681, -0.130281, 0.253499, 0.215628]
[-0.258725, 0.42267, -0.130281, 0.235496, 0.215626]
[-0.258752, 0.42264, -0.13028, 0.247579, 0.215606]
[-0.258744, 0.4232, -0.130281, 0.236795, 0.215617]
[-0.258714, 0.421875, -0.130281, 0.2373, 0.215615]
[-0.258832, 0.423437, -0.130281, 0.246856, 0.215598]
[-0.258711, 0.42289, -0.130281, 0.251823, 0.21562]
[-0.258801, 0.422464, -0.130282, 0.243188, 0.21559]
[-0.258738, 0.421806, -0.130282, 0.238793, 0.215598]
[-0.258843, 0.422405, -0.13028, 0.233346, 0.215602]
[-0.258758, 0.42316, -0.130281, 0.251878, 0.215622]
[-0.258829, 0.422552, -0.130281, 0.257235, 0.215594]
[-0.258731, 0.421721, -0.130281, 0.233829, 0.215589]
[-0.258769, 0.422444, -0.130281, 0.251896, 0.215617]
[-0.258791, 0.423093, -0.13028, 0.239865, 0.215598]
[-0.258774, 0.422741, -0.130281, 0.236843, 0.215617]
[-0.258767, 0.422919, -0.130282, 0.247874, 0.215617]
[-0.258784, 0.422842, -0.130282, 0.257745, 0.215617]
[-0.258719, 0.422366, -0.130282, 0.234529, 0.215624]
[-0.258812, 0.423002, -0.130281, 0.243843, 0.215621]
[-0.258757, 0.422505, -0.130282, 0.252416, 0.215618]
[-0.25881, 0.421438, -0.130281, 0.24348, 0.215618]
[-0.258751, 0.422213, -0.13028, 0.237763, 0.215626]
[-0.258841, 0.421616, -0.130281, 0.233062, 0.215605]
[-0.258728, 0.423716, -0.130282, 0.22995, 0.215589]
[-0.258757, 0.421841, -0.130282, 0.250085, 0.215598]
[-0.258715, 0.423661, -0.130281, 0.254232, 0.21559]
[-0.2588, 0.421707, -0.130282, 0.242841, 0.215607]
[-0.258772, 0.423728, -0.13028, 0.249995, 0.215609]
[-0.258738, 0.42278, -0.130281, 0.234988, 0.215629]
[-0.258839, 0.423538, -0.130281, 0.242154, 0.2156]
[-0.25882, 0.423361, -0.130281, 0.231313, 0.215605]
[-0.258709, 0.422775, -0.130281, 0.239602, 0.215587]
[-0.258738, 0.421952, -0.130281, 0.256016, 0.215619]
[-0.258722, 0.42156, -0.130281, 0.248192, 0.215619]
[-0.258832, 0.421547, -0.130282, 0.254065, 0.215603]
[-0.258711, 0.423462, -0.13028, 0.23448, 0.215619]
[-0.258774, 0.423198, -0.13028, 0.242584, 0.215606]
[-0.258846, 0.42259, -0.13028, 0.257992, 0.215615]
[-0.258812, 0.423229, -0.130281, 0.232155, 0.215629]
[-0.258803, 0.422474, -0.130282, 0.237436, 0.21561]
[-0.258833, 0.422787, -0.130282, 0.234331, 0.215623]
[-0.258713, 0.422257, -0.130281, 0.249598, 0.215591]
[-0.258772, 0.423231, -0.130281, 0.248695, 0.21559]
[-0.258813, 0.423726, -0.130282, 0.238723, 0.215624]
[-0.258798, 0.42348, -0.13028, 0.247066, 0.215625]
[-0.258817, 0.422385, -0.130281, 0.255577, 0.215616]
[-0.258711, 0.422098, -0.130282, 0.254271, 0.21559]
[-0.258825, 0.422194, -0.130282, 0.237931, 0.21562]
[-0.258796, 0.42266, -0.130281, 0.23443, 0.215594]
[-0.258762, 0.422199, -0.13028, 0.240549, 0.215596]
[-0.258738, 0.423542, -0.130281, 0.256588, 0.215617]
[-0.25883, 0.422627, -0.130281, 0.244455, 0.21561]
[-0.258725, 0.422574, -0.130281, 0.242149, 0.215608]
[-0.25879, 0.423137, -0.130281, 0.254646, 0.215621]
[-0.258807, 0.421972, -0.130281, 0.247324, 0.21561]
[-0.258773, 0.423651, -0.130281, 0.231025, 0.215618]
[-0.258837, 0.422521, -0.130282, 0.2388, 0.215615]
[-0.258751, 0.423604, -0.130281, 0.239808, 0.215622]
[-0.258801, 0.421678, -0.130281, 0.256011, 0.215623]
[-0.258725, 0.422326, -0.13028, 0.246664, 0.215627]
[-0.258824, 0.421866, -0.130282, 0.254815, 0.215622]
[-0.258811, 0.423491, -0.13028, 0.2508, 0.215619]
[-0.258833, 0.423689, -0.13028, 0.255676, 0.215608]
