Status: non-adversarial inputs found
[0.298364, 0.380585, -0.499421, 0.402039, 0.180072]
[0.63494, 0.416804, -0.498547, 0.496173, 0.094154]
[0.624517, 0.295927, -0.499863, 0.412552, 0.418694]
[0.643856, 0.33277, -0.499846, 0.40955, 0.046282]
[0.659255, 0.304537, -0.49945, 0.422691, 0.180137]
[0.380501, 0.232606, -0.499059, 0.27645, 0.300745]
[0.617638, 0.218959, -0.499999, 0.323868, 0.038005]
[0.39412, 0.449476, -0.498573, 0.459343, 0.334328]
[0.638556, 0.150342, -0.499446, 0.328103, 0.496319]
[0.366423, 0.12234, -0.49923, 0.370752, 0.340979]
[0.5783, 0.278847, -0.498675, 0.364505, 0.008147]
[0.297606, 0.425551, -0.498546, 0.312177, 0.268424]
[0.488997, 0.30598, -0.499577, 0.382394, 0.454803]
[0.648408, 0.238174, -0.498646, 0.460678, 0.365581]
[0.475759, 0.268152, -0.498943, 0.337298, 0.190484]
[0.600989, 0.385612, -0.499773, 0.307951, 0.241465]
[0.573822, 0.27335, -0.498445, 0.346287, 0.323038]
[0.304758, 0.409649, -0.499824, 0.493493, 0.323938]
[0.515678, 0.387202, -0.498666, 0.346029, 0.258494]
[0.555419, 0.477528, -0.498977, 0.489381, 0.391397]
[0.620944, 0.234715, -0.498535, 0.388476, 0.0638]
[0.594137, 0.266942, -0.499896, 0.356724, 0.22464]
[0.427432, 0.311624, -0.499975, 0.406741, 0.183483]
[0.601795, 0.422881, -0.499098, 0.26561, 0.022867]
[0.563484, 0.390509, -0.498597, 0.488974, 0.204168]
[0.656931, 0.284778, -0.498879, 0.241662, 0.497814]
[0.497617, 0.388387, -0.499056, 0.405233, 0.251255]
[0.314692, 0.190802, -0.499987, 0.235814, 0.414377]
[0.46306, 0.36766, -0.499966, 0.343086, 0.181407]
[0.293183, 0.420102, -0.499866, 0.400054, 0.158935]
[0.275712, 0.122705, -0.498643, 0.467047, 0.01616]
[0.349384, 0.209181, -0.498524, 0.269867, 0.485325]
[0.479273, 0.455093, -0.498593, 0.280842, 0.167406]
[0.330223, 0.148087, -0.499054, 0.471278, 0.47]
[0.491308, 0.37625, -0.499028, 0.378991, 0.165763]
[0.542029, 0.429464, -0.499246, 0.3781, 0.207755]
[0.319297, 0.263363, -0.499994, 0.495033, 0.312257]
[0.312066, 0.266215, -0.4992, 0.257772, 0.290577]
[0.662121, 0.285438, -0.499373, 0.431338, 0.397865]
[0.429219, 0.232207, -0.499301, 0.436921, 0.452524]
[0.620092, 0.208237, -0.499402, 0.23112, 0.27437]
[0.321159, 0.223289, -0.498874, 0.426275, 0.237099]
[0.575447, 0.441168, -0.498463, 0.299492, 0.036244]
[0.459531, 0.408045, -0.499212, 0.228733, 0.463419]
[0.612752, 0.122555, -0.498413, 0.324073, 0.100751]
[0.646323, 0.174194, -0.499669, 0.448711, 0.115955]
[0.282516, 0.280057, -0.499518, 0.289689, 0.428461]
[0.56244, 0.378165, -0.499899, 0.275052, 0.492466]
[0.359328, 0.360793, -0.498793, 0.334431, 0.405488]
[0.372373, 0.150604, -0.499519, 0.345871, 0.303209]
[0.464738, 0.184939, -0.499771, 0.297526, 0.330707]
[0.459443, 0.173033, -0.499441, 0.305795, 0.184776]
[0.596696, 0.4264, -0.49847, 0.280354, 0.371956]
[0.594433, 0.405543, -0.499449, 0.389914, 0.287932]
[0.42777, 0.149819, -0.499386, 0.34112, 0.298189]
[0.668143, 0.233313, -0.499163, 0.332704, 0.279925]
[0.502235, 0.194045, -0.498802, 0.290984, 0.283315]
[0.368653, 0.453528, -0.499009, 0.254915, 0.149681]
[0.287785, 0.270166, -0.499476, 0.375715, 0.206715]
[0.4366, 0.483992, -0.499433, 0.489452, 0.476381]
[0.46964, 0.463034, -0.49943, 0.440239, 0.102102]
[0.592801, 0.207667, -0.499108, 0.389444, 0.263222]
[0.351154, 0.243322, -0.498733, 0.334564, 0.315991]
[0.592157, 0.34369, -0.498571, 0.314189, 0.417433]
[0.634803, 0.355014, -0.499234, 0.236441, 0.383708]
[0.539731, 0.359079, -0.498955, 0.478053, 0.320757]
[0.308999, 0.400868, -0.499843, 0.44998, 0.306702]
[0.405444, 0.319488, -0.49844, 0.456321, 0.352679]
[0.641996, 0.406103, -0.498972, 0.385414, 0.411067]
[0.543156, 0.312104, -0.499517, 0.352298, 0.48915]
[0.59097, 0.360346, -0.499148, 0.410404, 0.186672]
[0.428301, 0.265912, -0.498849, 0.274203, 0.350636]
[0.594343, 0.136967, -0.499223, 0.478832, 0.260073]
[0.315591, 0.225094, -0.499218, 0.232496, 0.40761]
[0.28613, 0.251265, -0.498562, 0.405395, 0.298433]
[0.284687, 0.215218, -0.499973, 0.31151, 0.165862]
[0.301046, 0.309793, -0.498941, 0.379888, 0.372574]
[0.522879, 0.337862, -0.499156, 0.316081, 0.217364]
[0.468626, 0.324251, -0.498806, 0.449315, 0.371532]
[0.526705, 0.45167, -0.499719, 0.485596, 0.439409]
[0.346056, 0.24659, -0.498722, 0.277368, 0.108532]
[0.339695, 0.481516, -0.498951, 0.265967, 0.012696]
[0.337916, 0.371885, -0.499827, 0.251233, 0.167485]
[0.405825, 0.146276, -0.499938, 0.437579, 0.041981]
[0.309034, 0.480792, -0.499688, 0.295957, 0.161743]
[0.335136, 0.122583, -0.499755, 0.375492, 0.391397]
[0.373021, 0.332563, -0.498869, 0.321409, 0.152054]
[0.678983, 0.148016, -0.498634, 0.277501, 0.31561]
[0.270896, 0.423178, -0.499086, 0.471405, 0.447608]
[0.38993, 0.348485, -0.499839, 0.465388, 0.085377]
[0.351714, 0.396567, -0.499804, 0.269287, 0.16495]
[0.497516, 0.310818, -0.498923, 0.315929, 0.300017]
[0.332657, 0.420127, -0.49987, 0.296482, 0.152618]
[0.539107, 0.293989, -0.499848, 0.451992, 0.438523]
[0.612008, 0.205609, -0.498733, 0.422759, 0.041012]
[0.340191, 0.495912, -0.499684, 0.288803, 0.482295]
[0.470134, 0.398591, -0.499572, 0.335879, 0.141183]
[0.469793, 0.496132, -0.49973, 0.412207, 0.369992]
[0.45806, 0.342535, -0.499599, 0.495136, 0.250741]
[0.500727, 0.466085, -0.499589, 0.473027, 0.237402]
[0.345243, 0.143136, -0.499681, 0.269904, 0.382733]
[0.50997, 0.150202, -0.499029, 0.434806, 0.223639]
[0.37172, 0.425146, -0.499515, 0.231858, 0.338517]
[0.634115, 0.308814, -0.498616, 0.381683, 0.321036]
[0.387691, 0.355413, -0.498819, 0.393048, 0.156451]
[0.283894, 0.460121, -0.498545, 0.414481, 0.22437]
[0.652801, 0.360339, -0.499867, 0.264076, 0.126742]
[0.55877, 0.434396, -0.499833, 0.414017, 0.373292]
[0.503683, 0.144227, -0.498662, 0.269478, 0.193805]
[0.600796, 0.488149, -0.49967, 0.441307, 0.043777]
[0.627019, 0.399947, -0.498644, 0.386311, 0.013378]
[0.484026, 0.291019, -0.498799, 0.316846, 0.354849]
[0.324547, 0.181979, -0.498934, 0.474632, 0.202458]
[0.397552, 0.112969, -0.49927, 0.278125, 0.258033]
[0.551736, 0.346482, -0.498882, 0.437365, 0.321176]
[0.592047, 0.442348, -0.499892, 0.293642, 0.124059]
[0.582206, 0.434462, -0.498422, 0.273797, 0.419398]
[0.496902, 0.279644, -0.499192, 0.311617, 0.244664]
[0.486201, 0.229395, -0.499921, 0.418651, 0.033969]
[0.672174, 0.30981, -0.49973, 0.267576, 0.028995]
[0.356083, 0.149859, -0.499727, 0.350442, 0.12545]
[0.291126, 0.226059, -0.498612, 0.240688, 0.156997]
[0.377987, 0.465509, -0.499418, 0.38052, 0.043254]
[0.527036, 0.174931, -0.499364, 0.350278, 0.408968]
[0.405803, 0.237526, -0.49888, 0.289182, 0.065335]
[0.450934, 0.254048, -0.499365, 0.30361, 0.024975]
[0.593537, 0.17104, -0.498603, 0.394065, 0.039446]
[0.280143, 0.13719, -0.499033, 0.245729, 0.043292]
[0.569725, 0.418451, -0.499878, 0.24083, 0.092735]
[0.34059, 0.335131, -0.498777, 0.405385, 0.221286]
[0.668495, 0.20122, -0.499319, 0.499133, 0.099378]
[0.596691, 0.132742, -0.49914, 0.383171, 0.127739]
[0.514769, 0.377542, -0.499085, 0.342785, 0.272573]
[0.506087, 0.336372, -0.498494, 0.430426, 0.140114]
[0.401388, 0.294109, -0.498488, 0.328376, 0.16161]
[0.458293, 0.437789, -0.498942, 0.461079, 0.427852]
[0.280575, 0.349198, -0.498751, 0.282898, 0.078253]
[0.5368, 0.435388, -0.499877, 0.302572, 0.057466]
[0.540108, 0.472955, -0.499575, 0.473066, 0.161056]
[0.324887, 0.282346, -0.499078, 0.380032, 0.40742]
[0.623788, 0.30172, -0.499821, 0.344546, 0.053966]
[0.594526, 0.338109, -0.498569, 0.433839, 0.16242]
[0.54992, 0.196264, -0.499446, 0.488015, 0.051134]
[0.56237, 0.461161, -0.499587, 0.279216, 0.296355]
[0.429154, 0.279973, -0.499493, 0.391921, 0.027507]
[0.640246, 0.206135, -0.498978, 0.422921, 0.386608]
[0.548291, 0.444009, -0.499504, 0.412215, 0.027721]
[0.579161, 0.221358, -0.498641, 0.36731, 0.133786]
[0.538791, 0.306262, -0.499765, 0.309981, 0.200063]
[0.51306, 0.291494, -0.498934, 0.23239, 0.06919]
[0.407339, 0.191667, -0.499047, 0.464586, 0.16967]
[0.343166, 0.334151, -0.498701, 0.453118, 0.387245]
[0.318292, 0.229611, -0.499274, 0.401704, 0.203061]
[0.270965, 0.234755, -0.499031, 0.376983, 0.325642]
[0.567595, 0.418169, -0.499918, 0.357213, 0.328888]
[0.678939, 0.123962, -0.498816, 0.25755, 0.205181]
[0.429427, 0.475992, -0.499611, 0.302224, 0.456463]
[0.272607, 0.298729, -0.499584, 0.376077, 0.289501]
[0.469932, 0.309451, -0.498707, 0.409432, 0.129656]
[0.556954, 0.113094, -0.498497, 0.342342, 0.082333]
[0.549437, 0.30602, -0.498416, 0.235124, 0.102264]
[0.415694, 0.117129, -0.499419, 0.484373, 0.034518]
[0.336617, 0.492659, -0.498743, 0.413848, 0.146726]
[0.273069, 0.479953, -0.499212, 0.490627, 0.477229]
[0.367085, 0.341413, -0.499019, 0.262647, 0.382721]
[0.425554, 0.261538, -0.498659, 0.323425, 0.28379]
[0.664221, 0.239119, -0.499015, 0.429273, 0.455378]
[0.341831, 0.174562, -0.498776, 0.240439, 0.210807]
[0.571815, 0.157669, -0.499719, 0.327372, 0.245692]
[0.480502, 0.406873, -0.498504, 0.295896, 0.341352]
[0.438987, 0.185765, -0.498459, 0.231805, 0.341141]
[0.419769, 0.285851, -0.499117, 0.425994, 0.295302]
[0.587361, 0.344962, -0.49992, 0.347031, 0.246599]
[0.45993, 0.402967, -0.498594, 0.352561, 0.34404]
[0.432506, 0.127011, -0.498779, 0.394533, 0.178328]
[0.434184, 0.183667, -0.498763, 0.462798, 0.40539]
[0.529383, 0.340244, -0.498995, 0.323845, 0.157929]
[0.380743, 0.337694, -0.499039, 0.421195, 0.08404]
[0.457955, 0.279015, -0.498674, 0.356787, 0.17748]
[0.409137, 0.118648, -0.499267, 0.270324, 0.231199]
[0.470019, 0.255335, -0.498446, 0.355882, 0.112823]
[0.404438, 0.124253, -0.499988, 0.294641, 0.42915]
[0.512269, 0.117119, -0.498519, 0.392768, 0.194585]
[0.580997, 0.334505, -0.499059, 0.492109, 0.019374]
[0.606226, 0.381689, -0.498589, 0.262334, 0.489336]
[0.547512, 0.464157, -0.499094, 0.328783, 0.347776]
[0.51514, 0.129836, -0.498907, 0.432278, 0.364088]
[0.671174, 0.417485, -0.499217, 0.246465, 0.157849]
[0.601112, 0.395659, -0.499638, 0.414121, 0.002336]
[0.415305, 0.296814, -0.498824, 0.41074, 0.327856]
[0.405499, 0.336386, -0.498953, 0.241978, 0.499518]
[0.473013, 0.470408, -0.498829, 0.48937, 0.169163]
[0.501488, 0.227661, -0.499132, 0.389844, 0.066271]
[0.534301, 0.296484, -0.499253, 0.429148, 0.141682]
[0.552859, 0.342916, -0.499639, 0.363334, 0.093779]
[0.434991, 0.435216, -0.499853, 0.4176, 0.104389]
[0.618417, 0.196276, -0.498925, 0.414562, 0.388846]
[0.557542, 0.168057, -0.499515, 0.328952, 0.30563]
[0.525482, 0.331504, -0.49911, 0.284858, 0.206595]
[0.273018, 0.115826, -0.499667, 0.260655, 0.197027]
[0.552745, 0.395355, -0.499137, 0.486247, 0.11905]
[0.489231, 0.36913, -0.498892, 0.233324, 0.391585]
[0.372425, 0.188279, -0.498446, 0.324029, 0.197721]
[0.608809, 0.420739, -0.498769, 0.43529, 0.393903]
[0.435016, 0.353551, -0.498943, 0.479447, 0.490601]
[0.474786, 0.466403, -0.498696, 0.323812, 0.083268]
[0.364995, 0.149711, -0.498759, 0.459701, 0.453946]
[0.507021, 0.285633, -0.499246, 0.360626, 0.369454]
[0.453507, 0.497643, -0.499904, 0.373339, 0.022905]
[0.43357, 0.144006, -0.499549, 0.228588, 0.24937]
[0.289637, 0.292784, -0.498838, 0.43016, 0.345005]
[0.512355, 0.224479, -0.498596, 0.334035, 0.147355]
[0.337714, 0.13466, -0.498642, 0.353822, 0.134359]
[0.309232, 0.407642, -0.498855, 0.282184, 0.279806]
[0.385445, 0.431632, -0.499508, 0.456054, 0.131524]
[0.319533, 0.194718, -0.498604, 0.325194, 0.463775]
[0.611789, 0.473499, -0.499662, 0.455192, 0.17529]
[0.481386, 0.416727, -0.498657, 0.451359, 0.218542]
[0.40443, 0.262583, -0.499254, 0.49803, 0.320916]
[0.357616, 0.324186, -0.498615, 0.476281, 0.17464]
[0.302115, 0.492397, -0.498652, 0.48533, 0.035117]
[0.313857, 0.489304, -0.499457, 0.389196, 0.245561]
[0.471741, 0.371325, -0.498839, 0.327528, 0.210109]
[0.289637, 0.126934, -0.49946, 0.350135, 0.173959]
[0.331646, 0.2475, -0.499912, 0.494031, 0.289717]
[0.301491, 0.40037, -0.498982, 0.364609, 0.313708]
[0.410537, 0.132302, -0.499787, 0.354246, 0.230444]
[0.432089, 0.351149, -0.499938, 0.336174, 0.138867]
[0.323174, 0.436891, -0.498836, 0.241305, 0.441383]
[0.451869, 0.431421, -0.4992, 0.285387, 0.057148]
[0.461997, 0.287693, -0.499275, 0.473017, 0.430597]
[0.277602, 0.311907, -0.498838, 0.312771, 0.420435]
[0.520675, 0.351776, -0.498658, 0.273945, 0.080557]
[0.601208, 0.260631, -0.498491, 0.249986, 0.402187]
[0.547546, 0.425078, -0.499543, 0.331, 0.356631]
[0.574063, 0.323541, -0.499022, 0.256038, 0.391139]
[0.677498, 0.142831, -0.499864, 0.310437, 0.309783]
[0.532161, 0.270554, -0.499831, 0.270509, 0.046786]
[0.275977, 0.244368, -0.498979, 0.405353, 0.406145]
[0.470491, 0.261405, -0.499922, 0.419938, 0.388397]
[0.386495, 0.213775, -0.498522, 0.453994, 0.462998]
[0.670873, 0.219051, -0.499361, 0.366487, 0.296193]
[0.402958, 0.469683, -0.498948, 0.405698, 0.292262]
[0.638147, 0.24475, -0.498907, 0.483664, 0.023521]
[0.301069, 0.27831, -0.49946, 0.459557, 0.277855]
[0.409566, 0.185138, -0.499158, 0.228337, 0.324125]
[0.649176, 0.291668, -0.498886, 0.235935, 0.340939]
[0.647541, 0.364396, -0.499048, 0.41364, 0.474728]
[0.282459, 0.471884, -0.499158, 0.358906, 0.053492]
[0.605736, 0.321977, -0.499228, 0.387212, 0.084813]
[0.405332, 0.317366, -0.49978, 0.405586, 0.119066]
[0.420549, 0.372152, -0.498545, 0.471919, 0.356667]
[0.436941, 0.249822, -0.499851, 0.416755, 0.376105]
[0.633657, 0.409422, -0.49861, 0.439912, 0.499664]
[0.553949, 0.420697, -0.498643, 0.419049, 0.365361]
[0.467544, 0.366728, -0.499697, 0.453621, 0.485068]
[0.473776, 0.461891, -0.498514, 0.293394, 0.347566]
[0.299392, 0.375737, -0.498467, 0.31652, 0.47977]
[0.499561, 0.374651, -0.499343, 0.283503, 0.395997]
[0.417682, 0.243442, -0.499067, 0.428618, 0.056651]
[0.546615, 0.446583, -0.498777, 0.339743, 0.064691]
[0.316818, 0.279027, -0.499951, 0.358155, 0.179382]
[0.604763, 0.245544, -0.498656, 0.462939, 0.262227]
[0.361887, 0.255758, -0.498914, 0.458981, 0.457385]
[0.494165, 0.350643, -0.49875, 0.454439, 0.01307]
[0.528467, 0.142591, -0.499071, 0.349281, 0.031086]
[0.518549, 0.403764, -0.499996, 0.265587, 0.431772]
[0.646573, 0.271204, -0.49965, 0.430089, 0.068401]
[0.590974, 0.199336, -0.498472, 0.359938, 0.366199]
[0.357186, 0.369792, -0.499148, 0.330613, 0.276721]
[0.533049, 0.338728, -0.499775, 0.43881, 0.183165]
[0.314241, 0.259036, -0.49847, 0.441997, 0.365767]
[0.577977, 0.172746, -0.499218, 0.474159, 0.202234]
[0.382747, 0.380052, -0.498511, 0.410234, 0.449749]
[0.538941, 0.452734, -0.499921, 0.229922, 0.272834]
[0.463948, 0.183794, -0.498776, 0.357703, 0.282472]
[0.392885, 0.286037, -0.499271, 0.323966, 0.176728]
[0.313934, 0.355353, -0.499776, 0.380709, 0.098857]
[0.370504, 0.115468, -0.49984, 0.346464, 0.206759]
[0.32671, 0.411411, -0.499097, 0.39051, 0.365536]
[0.274041, 0.39876, -0.499081, 0.339507, 0.096619]
[0.482916, 0.200426, -0.499174, 0.345542, 0.480265]
[0.509355, 0.459036, -0.498789, 0.427456, 0.371061]
[0.612074, 0.290406, -0.49937, 0.37599, 0.391338]
[0.649419, 0.455973, -0.49989, 0.234092, 0.242376]
[0.290827, 0.271064, -0.499601, 0.474611, 0.373868]
[0.58175, 0.217489, -0.499412, 0.366537, 0.043374]
[0.558687, 0.21632, -0.498526, 0.289095, 0.118608]
[0.54941, 0.356305, -0.498431, 0.227462, 0.141322]
[0.58907, 0.358334, -0.499783, 0.303574, 0.095128]
[0.467616, 0.338509, -0.499537, 0.396903, 0.156512]
[0.517201, 0.355077, -0.498409, 0.400651, 0.240016]
[0.571815, 0.142482, -0.498664, 0.335118, 0.294402]
[0.327571, 0.18038, -0.498577, 0.42002, 0.125195]
[0.341933, 0.433744, -0.49977, 0.469987, 0.474023]
[0.665115, 0.477184, -0.498438, 0.305299, 0.199975]
[0.594131, 0.440456, -0.49933, 0.243045, 0.100886]
[0.269603, 0.237652, -0.49946, 0.494102, 0.437654]
[0.594695, 0.190617, -0.499926, 0.310768, 0.480091]
[0.542234, 0.341256, -0.499319, 0.360023, 0.163623]
[0.342162, 0.36771, -0.499564, 0.46857, 0.232335]
[0.581954, 0.404263, -0.499936, 0.305651, 0.331522]
[0.39731, 0.279632, -0.498606, 0.229811, 0.376589]
[0.412206, 0.299336, -0.499184, 0.342235, 0.177201]
[0.458503, 0.1708, -0.499795, 0.365244, 0.457235]
[0.481361, 0.275642, -0.498634, 0.435239, 0.373477]
[0.536246, 0.353323, -0.499415, 0.48719, 0.141825]
[0.404965, 0.449138, -0.498493, 0.433292, 0.219178]
[0.357917, 0.365279, -0.4986, 0.402141, 0.427744]
[0.520823, 0.131462, -0.499647, 0.374974, 0.429352]
[0.531703, 0.286671, -0.498809, 0.308721, 0.245827]
[0.419936, 0.253619, -0.499861, 0.398037, 0.138981]
[0.662474, 0.270159, -0.499898, 0.325063, 0.156621]
[0.586429, 0.421483, -0.499326, 0.415777, 0.141642]
[0.326964, 0.353779, -0.499056, 0.238669, 0.473227]
[0.451711, 0.197763, -0.499309, 0.266758, 0.437299]
[0.270455, 0.418331, -0.499608, 0.311776, 0.383909]
[0.584471, 0.467072, -0.499881, 0.491137, 0.357354]
[0.283996, 0.151839, -0.499183, 0.359183, 0.065912]
[0.283714, 0.396238, -0.498656, 0.466599, 0.107741]
[0.475787, 0.274451, -0.499145, 0.418446, 0.145955]
[0.668177, 0.425056, -0.499009, 0.29717, 0.35676]
[0.546121, 0.457897, -0.498988, 0.350441, 0.393081]
[0.671563, 0.129546, -0.499349, 0.479993, 0.32784]
[0.530291, 0.404944, -0.499888, 0.492992, 0.498983]
[0.326602, 0.369787, -0.498857, 0.36072, 0.485736]
[0.504423, 0.480043, -0.499502, 0.234291, 0.276896]
[0.438413, 0.190558, -0.498869, 0.495856, 0.280312]
[0.516842, 0.39463, -0.499024, 0.419792, 0.220847]
[0.632431, 0.417887, -0.499576, 0.41779, 0.136928]
[0.6558, 0.341783, -0.498998, 0.276098, 0.376662]
[0.661111, 0.352644, -0.499446, 0.279136, 0.02285]
[0.563943, 0.201647, -0.498616, 0.284173, 0.328307]
[0.660708, 0.347591, -0.499277, 0.250073, 0.242052]
[0.383136, 0.294663, -0.49945, 0.486612, 0.247723]
[0.274269, 0.414476, -0.499727, 0.25604, 0.12143]
[0.595249, 0.452302, -0.499805, 0.488083, 0.107189]
[0.547289, 0.205633, -0.499624, 0.305888, 0.149972]
[0.28143, 0.34231, -0.498472, 0.390397, 0.059995]
[0.394361, 0.322028, -0.498707, 0.347348, 0.125659]
[0.678009, 0.433937, -0.499009, 0.234703, 0.087681]
[0.606137, 0.486015, -0.49978, 0.465548, 0.411256]
[0.470044, 0.212986, -0.499063, 0.310466, 0.195288]
[0.379838, 0.440014, -0.499822, 0.290832, 0.183043]
[0.306577, 0.452724, -0.498792, 0.32064, 0.162057]
[0.329455, 0.384795, -0.498687, 0.232394, 0.410113]
[0.570172, 0.400096, -0.498705, 0.440498, 0.171287]
[0.378492, 0.416641, -0.498744, 0.458526, 0.420983]
[0.657814, 0.419524, -0.498569, 0.380236, 0.4699]
[0.340472, 0.239977, -0.499368, 0.272919, 0.099847]
[0.675524, 0.29466, -0.499377, 0.436893, 0.082561]
[0.442824, 0.149382, -0.499683, 0.463573, 0.2331]
[0.527511, 0.12604, -0.499746, 0.357307, 0.064512]
[0.412699, 0.143771, -0.498757, 0.398442, 0.402447]
[0.676388, 0.418891, -0.498457, 0.330476, 0.101707]
[0.549813, 0.236762, -0.499318, 0.443432, 0.462024]
[0.633101, 0.297523, -0.499526, 0.33498, 0.133748]
[0.621838, 0.461219, -0.498677, 0.486711, 0.432809]
[0.571693, 0.407764, -0.498909, 0.47464, 0.185782]
[0.3693, 0.150048, -0.498418, 0.319866, 0.292268]
[0.542976, 0.405395, -0.499565, 0.381763, 0.360392]
[0.495309, 0.409452, -0.498614, 0.306165, 0.025888]
[0.513256, 0.275728, -0.499905, 0.418353, 0.368236]
[0.602433, 0.208132, -0.499523, 0.465927, 0.280107]
[0.658597, 0.494839, -0.499728, 0.441329, 0.371686]
[0.574175, 0.324394, -0.499992, 0.358007, 0.02107]
[0.400042, 0.392007, -0.499277, 0.490648, 0.447471]
[0.604499, 0.438868, -0.499889, 0.494141, 0.234396]
[0.428919, 0.266107, -0.499218, 0.408895, 0.358615]
[0.651728, 0.396996, -0.499531, 0.261829, 0.001456]
[0.544091, 0.189233, -0.498814, 0.32333, 0.088294]
[0.521526, 0.425207, -0.498859, 0.401373, 0.397045]
[0.499971, 0.304333, -0.499717, 0.473511, 0.354522]
[0.339355, 0.294614, -0.498917, 0.236809, 0.472666]
[0.562356, 0.124317, -0.499403, 0.430418, 0.419965]
[0.557774, 0.269085, -0.499729, 0.445071, 0.367371]
[0.503893, 0.224845, -0.498767, 0.49438, 0.217415]
[0.678556, 0.270671, -0.499107, 0.338506, 0.23709]
[0.659407, 0.186765, -0.498633, 0.437656, 0.413093]
[0.58345, 0.468425, -0.498587, 0.461831, 0.061456]
[0.633289, 0.362717, -0.499108, 0.378976, 0.024723]
[0.513253, 0.384872, -0.498598, 0.299302, 0.157265]
[0.427547, 0.392562, -0.498442, 0.355776, 0.076674]
[0.297529, 0.390424, -0.499766, 0.339656, 0.338038]
[0.550048, 0.207089, -0.49911, 0.230098, 0.23599]
[0.661101, 0.218046, -0.498567, 0.38636, 0.193587]
[0.527717, 0.337629, -0.499938, 0.389322, 0.336905]
[0.464024, 0.364057, -0.49875, 0.463037, 0.418883]
[0.443002, 0.307343, -0.499746, 0.263414, 0.436394]
[0.640845, 0.309754, -0.499213, 0.431148, 0.055012]
[0.45196, 0.411452, -0.498543, 0.446999, 0.243334]
[0.615112, 0.140667, -0.499654, 0.262566, 0.415393]
[0.442704, 0.23729, -0.499109, 0.475358, 0.238482]
[0.383251, 0.248805, -0.499512, 0.419256, 0.23684]
[0.307847, 0.221379, -0.498686, 0.437816, 0.345877]
[0.614382, 0.262031, -0.499933, 0.384333, 0.088973]
[0.484819, 0.203124, -0.499236, 0.370132, 0.03524]
[0.583807, 0.417819, -0.498909, 0.465431, 0.220077]
[0.370695, 0.471398, -0.499811, 0.393554, 0.112497]
[0.581806, 0.315133, -0.49898, 0.370144, 0.098506]
[0.431444, 0.310656, -0.499119, 0.243833, 0.479071]
[0.576066, 0.180732, -0.498433, 0.345738, 0.058548]
[0.349911, 0.291012, -0.499821, 0.294239, 0.322493]
[0.416344, 0.157752, -0.498479, 0.264741, 0.217476]
[0.649748, 0.255558, -0.498716, 0.301218, 0.364198]
[0.402689, 0.466855, -0.498856, 0.229965, 0.246501]
[0.391755, 0.27829, -0.498936, 0.443313, 0.225771]
[0.535747, 0.409178, -0.499484, 0.343714, 0.26476]
[0.646535, 0.303659, -0.499356, 0.248412, 0.278651]
[0.571701, 0.46547, -0.498416, 0.365423, 0.198521]
[0.327464, 0.448554, -0.499939, 0.422128, 0.128468]
[0.48206, 0.218341, -0.499257, 0.370894, 0.423287]
[0.667737, 0.315429, -0.49984, 0.444275, 0.357686]
[0.474008, 0.331799, -0.498942, 0.347581, 0.426514]
[0.401709, 0.463626, -0.499797, 0.402832, 0.377298]
[0.55023, 0.32508, -0.49843, 0.335604, 0.077752]
[0.320566, 0.468353, -0.499113, 0.378199, 0.359154]
[0.634133, 0.213378, -0.498932, 0.239145, 0.44586]
[0.511714, 0.364672, -0.498635, 0.371717, 0.08502]
[0.49453, 0.31937, -0.499874, 0.421331, 0.031977]
[0.430571, 0.402449, -0.499215, 0.326186, 0.483596]
[0.287242, 0.479401, -0.49981, 0.445267, 0.223989]
[0.291815, 0.480237, -0.499455, 0.343269, 0.109396]
[0.662728, 0.133471, -0.498566, 0.319914, 0.400869]
[0.562498, 0.246333, -0.499608, 0.355133, 0.033272]
[0.342057, 0.435209, -0.499609, 0.451985, 0.391138]
[0.376472, 0.122962, -0.499226, 0.385782, 0.098046]
[0.472973, 0.144665, -0.499122, 0.406489, 0.049884]
[0.337327, 0.428005, -0.498839, 0.381815, 0.271058]
[0.635879, 0.286786, -0.499822, 0.420365, 0.337215]
[0.332999, 0.323301, -0.499419, 0.333395, 0.392842]
[0.339082, 0.21771, -0.499894, 0.277424, 0.420073]
[0.470835, 0.213117, -0.499504, 0.444854, 0.121484]
[0.479894, 0.134679, -0.498504, 0.260495, 0.352631]
[0.646378, 0.279944, -0.498867, 0.436016, 0.037738]
[0.53433, 0.113827, -0.49945, 0.258635, 0.494282]
[0.272915, 0.452925, -0.498942, 0.321198, 0.180626]
[0.540602, 0.20741, -0.499108, 0.247117, 0.228059]
[0.424, 0.404932, -0.499265, 0.26711, 0.06514]
[0.512047, 0.303709, -0.499181, 0.441999, 0.188005]
[0.401341, 0.157657, -0.499454, 0.446078, 0.233801]
[0.61436, 0.390733, -0.499379, 0.383421, 0.398618]
[0.401349, 0.202485, -0.499752, 0.392355, 0.031198]
[0.444164, 0.377488, -0.498883, 0.336937, 0.225048]
[0.445863, 0.255483, -0.499272, 0.292041, 0.021079]
[0.620306, 0.205944, -0.499029, 0.304824, 0.10778]
[0.667225, 0.123257, -0.499045, 0.427404, 0.278465]
[0.575148, 0.289152, -0.499943, 0.372064, 0.360871]
[0.639327, 0.46975, -0.499358, 0.487238, 0.345863]
[0.6786, 0.145888, -0.498883, 0.386796, 0.29864]
[0.363091, 0.121258, -0.498944, 0.285949, 0.203517]
[0.301577, 0.428848, -0.499452, 0.412536, 0.453691]
[0.344182, 0.461543, -0.499393, 0.316534, 0.294033]
[0.386395, 0.453315, -0.498983, 0.38026, 0.272564]
[0.462188, 0.352529, -0.499487, 0.33107, 0.392687]
[0.455474, 0.260272, -0.498623, 0.428395, 0.174469]
[0.428163, 0.407571, -0.499032, 0.360153, 0.014879]
[0.542234, 0.118374, -0.49891, 0.406407, 0.376854]
[0.557794, 0.328765, -0.499683, 0.360494, 0.167398]
[0.457262, 0.420667, -0.499095, 0.306533, 0.086507]
[0.478739, 0.280965, -0.499508, 0.46998, 0.320643]
[0.582646, 0.28233, -0.499332, 0.491687, 0.043284]
[0.648549, 0.1599, -0.499849, 0.271153, 0.223135]
[0.65444, 0.405029, -0.499668, 0.403019, 0.37276]
[0.632711, 0.273766, -0.49841, 0.379575, 0.455899]
[0.518713, 0.38303, -0.49967, 0.271723, 0.159533]
[0.302263, 0.231944, -0.499197, 0.495208, 0.071153]
[0.296138, 0.293074, -0.499358, 0.256857, 0.100088]
[0.475754, 0.194156, -0.499783, 0.457812, 0.274078]
[0.633856, 0.275115, -0.498918, 0.426845, 0.237795]
[0.313782, 0.41253, -0.499632, 0.443118, 0.313419]
[0.493397, 0.29125, -0.499079, 0.252421, 0.370658]
[0.630801, 0.11691, -0.499367, 0.240359, 0.470079]
[0.297387, 0.342592, -0.499378, 0.421888, 0.167279]
[0.41114, 0.195114, -0.499785, 0.285861, 0.494866]
[0.628522, 0.328855, -0.498468, 0.452394, 0.40855]
[0.387927, 0.415612, -0.499663, 0.470669, 0.291671]
[0.502242, 0.14875, -0.499777, 0.46175, 0.086393]
[0.280099, 0.197377, -0.49849, 0.401687, 0.059394]
[0.28434, 0.492449, -0.498996, 0.362695, 0.044427]
[0.475287, 0.335642, -0.499285, 0.455969, 0.164067]
[0.640996, 0.166221, -0.499548, 0.423245, 0.177084]
[0.359304, 0.154672, -0.499034, 0.227655, 0.185042]
[0.488142, 0.413059, -0.498559, 0.478797, 0.44548]
[0.519998, 0.457258, -0.498756, 0.409386, 0.04558]
[0.402362, 0.26491, -0.499372, 0.315092, 0.353482]
[0.534174, 0.138639, -0.499141, 0.277493, 0.119305]
[0.567127, 0.123829, -0.499585, 0.317407, 0.379968]
[0.375002, 0.414574, -0.499582, 0.256639, 0.392475]
[0.352076, 0.378933, -0.499716, 0.369418, 0.390705]
[0.554033, 0.193058, -0.499114, 0.495663, 0.359823]
[0.405423, 0.155506, -0.498783, 0.253366, 0.244675]
[0.539939, 0.435418, -0.498436, 0.347826, 0.447003]
[0.384613, 0.434033, -0.499776, 0.25368, 0.344524]
[0.607443, 0.244468, -0.499636, 0.366472, 0.428199]
[0.673626, 0.383854, -0.498458, 0.294973, 0.251354]
[0.448824, 0.29317, -0.499802, 0.435046, 0.264876]
[0.583213, 0.38598, -0.499573, 0.271644, 0.284029]
[0.403112, 0.336671, -0.499988, 0.486817, 0.216643]
[0.283277, 0.462481, -0.499567, 0.40958, 0.018859]
[0.644831, 0.328332, -0.498572, 0.464739, 0.441399]
[0.522646, 0.276725, -0.499271, 0.380663, 0.114076]
[0.458247, 0.238615, -0.498893, 0.448055, 0.378687]
[0.488313, 0.374613, -0.499072, 0.382045, 0.095023]
[0.505565, 0.15892, -0.49992, 0.335246, 0.493029]
[0.623928, 0.378409, -0.499055, 0.490077, 0.178391]
[0.537488, 0.225932, -0.498601, 0.372371, 0.028461]
[0.576372, 0.277474, -0.49956, 0.439451, 0.390351]
[0.590264, 0.238234, -0.499423, 0.36906, 0.398806]
[0.332683, 0.473552, -0.498658, 0.243434, 0.23231]
[0.411072, 0.407336, -0.498574, 0.400713, 0.256792]
[0.516101, 0.290964, -0.499635, 0.354483, 0.137082]
[0.311562, 0.455987, -0.498521, 0.473191, 0.205121]
[0.321799, 0.447377, -0.499347, 0.313899, 0.283447]
[0.405695, 0.475384, -0.499938, 0.480982, 0.055622]
[0.428643, 0.248306, -0.499148, 0.228072, 0.275903]
[0.412084, 0.410076, -0.498638, 0.432893, 0.037731]
[0.408976, 0.17799, -0.498635, 0.306681, 0.080726]
[0.588114, 0.269886, -0.498709, 0.308379, 0.250243]
[0.519505, 0.439118, -0.498637, 0.261824, 0.074591]
[0.483833, 0.116193, -0.499285, 0.23175, 0.456779]
[0.310873, 0.212013, -0.499735, 0.26035, 0.339355]
[0.331395, 0.282916, -0.499806, 0.281027, 0.180462]
[0.563772, 0.449329, -0.498529, 0.31239, 0.259388]
[0.384678, 0.477417, -0.498543, 0.408472, 0.165794]
[0.519136, 0.119104, -0.498702, 0.439866, 0.095343]
[0.527151, 0.125119, -0.498883, 0.291394, 0.220991]
[0.31397, 0.415109, -0.498972, 0.339593, 0.361781]
[0.421357, 0.128125, -0.498596, 0.36029, 0.25091]
[0.523306, 0.21094, -0.499201, 0.305449, 0.042027]
[0.376073, 0.41346, -0.499996, 0.357758, 0.331579]
[0.623709, 0.149604, -0.499336, 0.379077, 0.418156]
[0.283036, 0.188768, -0.498511, 0.335849, 0.125975]
[0.633978, 0.417821, -0.499801, 0.289974, 0.187823]
[0.278784, 0.13692, -0.499274, 0.266037, 0.173652]
[0.579204, 0.469553, -0.498723, 0.306325, 0.198132]
[0.572911, 0.470347, -0.499656, 0.446162, 0.334597]
[0.489007, 0.231031, -0.498916, 0.400278, 0.397597]
[0.474958, 0.268714, -0.499803, 0.311414, 0.432948]
[0.503915, 0.160332, -0.499787, 0.411471, 0.381944]
[0.572581, 0.128884, -0.498968, 0.490738, 0.244485]
[0.362143, 0.255436, -0.498807, 0.482815, 0.078544]
[0.518039, 0.29895, -0.499215, 0.409926, 0.425984]
[0.607556, 0.412599, -0.499952, 0.469659, 0.347991]
[0.271842, 0.489514, -0.498575, 0.401823, 0.460422]
[0.550033, 0.454208, -0.499917, 0.312289, 0.303498]
[0.339479, 0.207695, -0.499129, 0.328504, 0.454995]
[0.29244, 0.214661, -0.49949, 0.42248, 0.216215]
[0.522807, 0.49218, -0.498794, 0.432763, 0.46248]
[0.566108, 0.132314, -0.498673, 0.29697, 0.055885]
[0.440072, 0.283619, -0.499274, 0.394686, 0.43728]
[0.29484, 0.35905, -0.498894, 0.392065, 0.216239]
[0.366636, 0.246345, -0.498451, 0.260771, 0.484296]
[0.554443, 0.466622, -0.498976, 0.231923, 0.451441]
[0.557794, 0.315331, -0.499753, 0.340652, 0.035918]
[0.448937, 0.24529, -0.49915, 0.461758, 0.000151]
[0.322591, 0.428152, -0.498843, 0.350548, 0.1092]
[0.292794, 0.335721, -0.498766, 0.25683, 0.460626]
[0.460653, 0.276382, -0.499837, 0.239554, 0.20045]
[0.385738, 0.482121, -0.499224, 0.481342, 0.44627]
[0.577037, 0.219975, -0.499171, 0.267561, 0.254086]
[0.471621, 0.301812, -0.499695, 0.234161, 0.136699]
[0.363654, 0.285919, -0.498929, 0.408948, 0.185648]
[0.491372, 0.40792, -0.499329, 0.455894, 0.36163]
[0.41389, 0.383112, -0.49991, 0.263131, 0.171071]
[0.352895, 0.287038, -0.499454, 0.446439, 0.27386]
[0.346061, 0.243495, -0.498483, 0.3933, 0.320214]
[0.580583, 0.163608, -0.499359, 0.389963, 0.041967]
[0.350248, 0.314496, -0.499148, 0.44039, 0.403369]
[0.482731, 0.362211, -0.499605, 0.455642, 0.168579]
[0.491419, 0.290418, -0.498499, 0.473675, 0.235386]
[0.502537, 0.300556, -0.498999, 0.424459, 0.334479]
[0.341706, 0.490867, -0.498858, 0.372196, 0.314665]
[0.272827, 0.471357, -0.498714, 0.460008, 0.190749]
[0.6468, 0.29334, -0.49994, 0.2787, 0.160176]
[0.279421, 0.248466, -0.499091, 0.30694, 0.457762]
[0.311424, 0.362505, -0.499379, 0.468635, 0.27296]
[0.483751, 0.291076, -0.498457, 0.490228, 0.001487]
[0.60314, 0.159284, -0.498697, 0.390325, 0.483757]
[0.638974, 0.227806, -0.499556, 0.256097, 0.212843]
[0.326362, 0.472077, -0.49904, 0.457343, 0.397511]
[0.491786, 0.346794, -0.498476, 0.227393, 0.452917]
[0.374085, 0.498372, -0.499799, 0.312659, 0.034103]
[0.540247, 0.383042, -0.498555, 0.391639, 0.077047]
[0.285206, 0.366344, -0.498879, 0.441737, 0.101546]
[0.343448, 0.46352, -0.499878, 0.37234, 0.495595]
[0.561652, 0.297537, -0.499628, 0.338322, 0.485691]
[0.483124, 0.432411, -0.499262, 0.338856, 0.336508]
[0.445207, 0.404676, -0.499303, 0.245327, 0.070259]
[0.456141, 0.280804, -0.499546, 0.254284, 0.059512]
[0.487805, 0.18278, -0.499778, 0.377264, 0.334191]
[0.348565, 0.138636, -0.499438, 0.444659, 0.087452]
[0.57486, 0.250615, -0.499597, 0.313629, 0.093225]
[0.421227, 0.319483, -0.499387, 0.452964, 0.169202]
[0.513767, 0.140313, -0.499477, 0.285574, 0.343734]
[0.476822, 0.401632, -0.499655, 0.327192, 0.211397]
[0.565357, 0.3567, -0.499047, 0.388118, 0.432465]
[0.275276, 0.38431, -0.499086, 0.454024, 0.260154]
[0.360541, 0.403992, -0.499631, 0.357126, 0.185045]
[0.461968, 0.152976, -0.499111, 0.42936, 0.483906]
[0.328212, 0.133563, -0.499607, 0.479307, 0.189588]
[0.52809, 0.231125, -0.498416, 0.377565, 0.32572]
[0.652358, 0.194371, -0.498607, 0.244745, 0.342816]
[0.456934, 0.461427, -0.498812, 0.381982, 0.238662]
[0.303905, 0.311759, -0.498572, 0.228725, 0.013955]
[0.593478, 0.403032, -0.499158, 0.278747, 0.447892]
[0.430622, 0.312209, -0.49945, 0.269956, 0.32777]
[0.658112, 0.226637, -0.498891, 0.395502, 0.033]
[0.395482, 0.35734, -0.499131, 0.231771, 0.142605]
[0.660761, 0.200764, -0.499327, 0.384479, 0.364171]
[0.650014, 0.248857, -0.499118, 0.455029, 0.433483]
[0.324403, 0.23039, -0.498543, 0.308146, 0.278215]
[0.325576, 0.385571, -0.498701, 0.278567, 0.37004]
[0.501798, 0.286914, -0.498476, 0.330694, 0.433007]
[0.294713, 0.366642, -0.499178, 0.386185, 0.174081]
[0.322662, 0.335607, -0.498756, 0.497588, 0.152707]
[0.563349, 0.345744, -0.498683, 0.427886, 0.303335]
[0.460361, 0.377193, -0.498707, 0.238417, 0.098979]
[0.314318, 0.187267, -0.49841, 0.491879, 0.36046]
[0.490561, 0.250251, -0.499198, 0.383401, 0.224812]
[0.364507, 0.449943, -0.499634, 0.399905, 0.243449]
[0.472459, 0.357355, -0.499516, 0.452123, 0.093994]
[0.358072, 0.128629, -0.499222, 0.300901, 0.189666]
[0.375296, 0.124553, -0.498841, 0.317126, 0.26957]
[0.299225, 0.214786, -0.49958, 0.480414, 0.047451]
[0.295314, 0.269378, -0.499354, 0.454634, 0.083364]
[0.607038, 0.433912, -0.498721, 0.386342, 0.089109]
[0.52618, 0.244039, -0.499177, 0.279853, 0.228661]
[0.40207, 0.17213, -0.499688, 0.333661, 0.180466]
[0.286836, 0.161396, -0.499732, 0.415555, 0.378439]
[0.590237, 0.181574, -0.49884, 0.312477, 0.350379]
[0.444919, 0.321199, -0.49935, 0.338391, 0.103376]
[0.318474, 0.12032, -0.499961, 0.23312, 0.062251]
[0.585835, 0.400644, -0.49985, 0.475076, 0.142174]
[0.581104, 0.442355, -0.499565, 0.343891, 0.067506]
[0.30222, 0.251501, -0.499096, 0.485861, 0.106094]
[0.660077, 0.138533, -0.499515, 0.304729, 0.377368]
[0.572719, 0.493282, -0.498866, 0.358587, 0.218022]
[0.306421, 0.233433, -0.499995, 0.476395, 0.395943]
[0.482017, 0.271363, -0.499438, 0.361558, 0.440506]
[0.309959, 0.270599, -0.498998, 0.495431, 0.471645]
[0.486619, 0.475317, -0.499376, 0.282081, 0.040984]
[0.536512, 0.476631, -0.499522, 0.446451, 0.34921]
[0.419659, 0.435214, -0.499649, 0.461196, 0.223078]
[0.610027, 0.132749, -0.49887, 0.281188, 0.409038]
[0.309955, 0.212756, -0.499868, 0.488872, 0.405287]
[0.552208, 0.495312, -0.498738, 0.40145, 0.459773]
[0.360566, 0.312846, -0.499522, 0.380613, 0.028611]
[0.536381, 0.446392, -0.499654, 0.488395, 0.188934]
[0.562788, 0.116334, -0.49982, 0.375254, 0.363001]
[0.633278, 0.379543, -0.499846, 0.488955, 0.340092]
[0.407877, 0.206054, -0.499741, 0.39986, 0.428044]
[0.552625, 0.275662, -0.499839, 0.4322, 0.18033]
[0.285999, 0.330916, -0.498962, 0.310187, 0.490531]
[0.650798, 0.351131, -0.499491, 0.459624, 0.49028]
[0.577494, 0.305858, -0.499806, 0.381687, 0.048609]
[0.418453, 0.286995, -0.498434, 0.350963, 0.312819]
[0.592946, 0.180339, -0.498538, 0.311266, 0.348453]
[0.363379, 0.134199, -0.499581, 0.456821, 0.354538]
[0.673351, 0.496271, -0.499871, 0.463252, 0.311094]
[0.567467, 0.311717, -0.499268, 0.304082, 0.311951]
[0.496973, 0.237342, -0.498452, 0.396054, 0.308373]
[0.334731, 0.333848, -0.499596, 0.384442, 0.469113]
[0.395362, 0.395054, -0.498788, 0.397222, 0.484146]
[0.368868, 0.36587, -0.498559, 0.393913, 0.465899]
[0.523597, 0.174727, -0.498987, 0.499598, 0.247549]
[0.271305, 0.276258, -0.498975, 0.443086, 0.077634]
[0.559805, 0.465978, -0.498901, 0.393599, 0.444751]
[0.487703, 0.47637, -0.499467, 0.305634, 0.473596]
[0.398669, 0.348583, -0.499847, 0.420378, 0.320254]
[0.538316, 0.293945, -0.499629, 0.266366, 0.456257]
[0.609239, 0.341524, -0.499949, 0.4994, 0.299675]
[0.449268, 0.322246, -0.498418, 0.292367, 0.006137]
[0.354207, 0.149253, -0.499758, 0.303499, 0.466725]
[0.511719, 0.273293, -0.499784, 0.461688, 0.487005]
[0.517691, 0.193197, -0.498428, 0.294067, 0.424788]
[0.657967, 0.13634, -0.499528, 0.452694, 0.455365]
[0.27889, 0.314264, -0.498853, 0.444955, 0.341073]
[0.671596, 0.198072, -0.498947, 0.470181, 0.336701]
[0.308762, 0.211667, -0.498787, 0.296839, 0.147679]
[0.42529, 0.453044, -0.499034, 0.294774, 0.302487]
[0.366248, 0.15561, -0.498858, 0.260578, 0.129031]
[0.495053, 0.437509, -0.498554, 0.245753, 0.394227]
[0.401373, 0.321918, -0.499703, 0.22955, 0.255516]
[0.430876, 0.240608, -0.499477, 0.407132, 0.153604]
[0.541324, 0.241125, -0.499471, 0.350548, 0.263272]
[0.553822, 0.208238, -0.498571, 0.405666, 0.395159]
[0.670207, 0.298047, -0.499407, 0.348802, 0.436793]
[0.611161, 0.499959, -0.499106, 0.384091, 0.227057]
[0.587434, 0.181752, -0.498706, 0.310973, 0.17957]
[0.647156, 0.367873, -0.498913, 0.353764, 0.027631]
[0.531297, 0.141731, -0.499806, 0.356377, 0.445045]
[0.336759, 0.362754, -0.499548, 0.313352, 0.241405]
[0.532745, 0.408711, -0.499562, 0.298318, 0.310267]
[0.289359, 0.346154, -0.498791, 0.271515, 0.236109]
[0.418574, 0.477528, -0.499373, 0.475059, 0.309691]
[0.631687, 0.401051, -0.499045, 0.268243, 0.444253]
[0.628829, 0.347856, -0.499949, 0.481026, 0.016433]
[0.5586, 0.235963, -0.499104, 0.335688, 0.375178]
[0.367395, 0.363638, -0.499429, 0.391115, 0.12564]
[0.517909, 0.17074, -0.499701, 0.390952, 0.472119]
[0.346311, 0.207783, -0.498536, 0.483626, 0.200364]
[0.526236, 0.260908, -0.499141, 0.244693, 0.297284]
[0.364835, 0.216801, -0.499451, 0.28337, 0.382772]
[0.392044, 0.391423, -0.499331, 0.270902, 0.071254]
[0.396236, 0.484184, -0.498586, 0.357277, 0.192452]
[0.492932, 0.428479, -0.498638, 0.418206, 0.257848]
[0.655651, 0.374647, -0.499195, 0.489964, 0.367863]
[0.511671, 0.11244, -0.499229, 0.401057, 0.476241]
[0.600586, 0.129584, -0.49889, 0.402756, 0.01872]
[0.421701, 0.285377, -0.499732, 0.473091, 0.018414]
[0.346558, 0.416896, -0.498425, 0.451311, 0.214815]
[0.632255, 0.462323, -0.49965, 0.297257, 0.458151]
[0.452327, 0.494759, -0.498611, 0.305615, 0.048193]
[0.628154, 0.148257, -0.498737, 0.489625, 0.252854]
[0.581131, 0.172756, -0.499481, 0.296184, 0.048763]
[0.662939, 0.474378, -0.499464, 0.491377, 0.236346]
[0.642012, 0.215183, -0.498852, 0.312296, 0.206891]
[0.472672, 0.447932, -0.499903, 0.269211, 0.388637]
[0.478844, 0.215713, -0.499019, 0.304296, 0.488471]
[0.286766, 0.149689, -0.499189, 0.257809, 0.250321]
[0.422235, 0.149711, -0.498833, 0.378786, 0.189814]
[0.398776, 0.480586, -0.49906, 0.457453, 0.194545]
[0.624377, 0.267028, -0.499564, 0.331652, 0.44622]
[0.507323, 0.442477, -0.498759, 0.345831, 0.359912]
[0.361485, 0.178478, -0.499455, 0.408369, 0.06014]
[0.663341, 0.359116, -0.49924, 0.316343, 0.182283]
[0.645863, 0.36563, -0.499843, 0.472881, 0.282043]
[0.539775, 0.452033, -0.499584, 0.243794, 0.113494]
[0.35498, 0.124354, -0.499442, 0.482352, 0.271719]
[0.636753, 0.485661, -0.499771, 0.3085, 0.316348]
[0.649058, 0.496251, -0.499301, 0.280048, 0.018859]
[0.458981, 0.488043, -0.499039, 0.249929, 0.305344]
[0.523217, 0.410776, -0.499654, 0.289382, 0.143807]
[0.553347, 0.247436, -0.499068, 0.371469, 0.141668]
[0.526805, 0.400195, -0.498817, 0.453198, 0.448966]
[0.413405, 0.318044, -0.49941, 0.360402, 0.471104]
[0.383919, 0.389082, -0.499739, 0.388655, 0.021302]
[0.63684, 0.360118, -0.499179, 0.480472, 0.467694]
[0.436717, 0.431191, -0.498798, 0.377037, 0.279435]
[0.48201, 0.350269, -0.498439, 0.411927, 0.241092]
[0.502603, 0.133522, -0.49996, 0.330988, 0.395647]
[0.393835, 0.286112, -0.499846, 0.36506, 0.098118]
[0.341026, 0.236499, -0.499308, 0.352493, 0.477216]
[0.343513, 0.125326, -0.498534, 0.491909, 0.234913]
[0.559514, 0.336536, -0.499125, 0.253046, 0.075079]
[0.358375, 0.124137, -0.499351, 0.256757, 0.402629]
[0.358905, 0.395318, -0.499879, 0.326012, 0.136807]
[0.460602, 0.498395, -0.499199, 0.373852, 0.484627]
[0.324777, 0.207167, -0.499206, 0.351389, 0.127258]
[0.477193, 0.236938, -0.498546, 0.465833, 0.24941]
[0.281763, 0.381223, -0.499966, 0.323293, 0.256604]
[0.397205, 0.232294, -0.499784, 0.271684, 0.067559]
[0.546019, 0.308096, -0.498755, 0.408363, 0.222513]
[0.357773, 0.215842, -0.499612, 0.345631, 0.016766]
[0.406298, 0.480151, -0.499599, 0.270647, 0.294452]
[0.622624, 0.224681, -0.499337, 0.263045, 0.416847]
[0.614712, 0.290543, -0.499405, 0.498363, 0.083356]
[0.476764, 0.430486, -0.499918, 0.428016, 0.132574]
[0.341208, 0.481797, -0.49968, 0.437543, 0.472261]
[0.655998, 0.282637, -0.498728, 0.44817, 0.14172]
[0.362645, 0.215653, -0.499912, 0.47384, 0.394971]
[0.471272, 0.400364, -0.499235, 0.47013, 0.202248]
[0.318197, 0.482196, -0.498556, 0.496138, 0.065736]
[0.442994, 0.491412, -0.49922, 0.438064, 0.00976]
[0.678048, 0.294361, -0.498575, 0.498001, 0.407083]
[0.296919, 0.340212, -0.499882, 0.242198, 0.189255]
[0.413538, 0.131859, -0.498994, 0.412779, 0.163161]
[0.659844, 0.111517, -0.499289, 0.368041, 0.312513]
[0.524894, 0.483945, -0.498858, 0.281402, 0.08514]
[0.580339, 0.419863, -0.499476, 0.369912, 0.28625]
[0.29916, 0.155754, -0.498824, 0.321163, 0.036844]
[0.480591, 0.460221, -0.498434, 0.288614, 0.407418]
[0.310205, 0.136938, -0.498503, 0.307462, 0.387953]
[0.429382, 0.393516, -0.499194, 0.360556, 0.220247]
[0.374084, 0.326056, -0.499697, 0.341752, 0.40913]
[0.461597, 0.489122, -0.499524, 0.30929, 0.367953]
[0.60099, 0.349986, -0.499655, 0.23493, 0.082953]
[0.279135, 0.40687, -0.499839, 0.313191, 0.116534]
[0.452099, 0.191249, -0.498969, 0.245152, 0.068553]
[0.627729, 0.399265, -0.498874, 0.389993, 0.16314]
[0.538271, 0.178108, -0.499466, 0.404719, 0.373517]
[0.281578, 0.497784, -0.499919, 0.355075, 0.340206]
[0.658929, 0.301545, -0.498521, 0.481171, 0.091782]
[0.677916, 0.158233, -0.499107, 0.352432, 0.312521]
[0.425185, 0.47222, -0.499163, 0.256255, 0.134802]
[0.46647, 0.331598, -0.498595, 0.243315, 0.300336]
[0.673897, 0.251584, -0.4989, 0.496042, 0.093088]
[0.408566, 0.487839, -0.498723, 0.448626, 0.095429]
[0.276762, 0.436188, -0.499666, 0.44732, 0.449959]
[0.315689, 0.478833, -0.49965, 0.260514, 0.274802]
[0.294138, 0.150574, -0.49962, 0.315468, 0.04152]
[0.481338, 0.261981, -0.499437, 0.446221, 0.202883]
[0.667087, 0.135768, -0.499924, 0.391702, 0.345299]
[0.638815, 0.187688, -0.499627, 0.396427, 0.4161]
[0.6618, 0.457662, -0.498683, 0.469093, 0.212097]
[0.356568, 0.143641, -0.499307, 0.274475, 0.232515]
[0.474496, 0.130239, -0.49906, 0.450519, 0.026441]
[0.509159, 0.13384, -0.499805, 0.25939, 0.151498]
[0.590581, 0.162491, -0.498665, 0.389276, 0.171995]
[0.337216, 0.388738, -0.498937, 0.459551, 0.056875]
[0.31525, 0.273949, -0.49984, 0.323894, 0.038167]
[0.625239, 0.144635, -0.498735, 0.268931, 0.163176]
[0.46198, 0.391778, -0.499332, 0.276586, 0.209788]
[0.640869, 0.276266, -0.499039, 0.320209, 0.359336]
[0.552202, 0.18513, -0.498425, 0.290453, 0.0106]
[0.478193, 0.22718, -0.498937, 0.28716, 0.27596]
[0.625638, 0.13242, -0.499523, 0.252241, 0.028766]
[0.617855, 0.251539, -0.499689, 0.271141, 0.310131]
[0.647947, 0.443319, -0.499454, 0.365441, 0.434615]
[0.401122, 0.203743, -0.499709, 0.475972, 0.152713]
[0.466224, 0.346951, -0.499853, 0.231992, 0.199862]
[0.394174, 0.293173, -0.499262, 0.358968, 0.40287]
[0.658513, 0.334622, -0.499269, 0.442098, 0.131054]
[0.49125, 0.157131, -0.499792, 0.396326, 0.230447]
[0.602483, 0.276905, -0.499232, 0.306298, 0.102724]
[0.341992, 0.154733, -0.499888, 0.325956, 0.196523]
[0.497969, 0.350752, -0.498417, 0.43458, 0.120786]
[0.472315, 0.283101, -0.498549, 0.36761, 0.272716]
[0.516815, 0.499686, -0.499333, 0.298276, 0.240535]
[0.505627, 0.230279, -0.499148, 0.328832, 0.128744]
[0.564456, 0.315606, -0.498968, 0.43873, 0.141358]
[0.333067, 0.124845, -0.498962, 0.254146, 0.25245]
[0.588991, 0.335646, -0.499337, 0.497267, 0.076616]
[0.538288, 0.180915, -0.499138, 0.362894, 0.350451]
[0.654291, 0.193902, -0.499976, 0.315972, 0.241234]
[0.592028, 0.472921, -0.498737, 0.257268, 0.163336]
[0.654883, 0.199379, -0.499991, 0.427009, 0.295688]
[0.556666, 0.26229, -0.498585, 0.342261, 0.204363]
[0.357439, 0.331795, -0.499928, 0.321109, 0.195341]
[0.555129, 0.170414, -0.499115, 0.241603, 0.330899]
[0.344925, 0.384931, -0.499504, 0.296227, 0.275739]
[0.616488, 0.466193, -0.499323, 0.31519, 0.049445]
[0.484458, 0.452568, -0.499037, 0.313915, 0.237296]
[0.613083, 0.318704, -0.498579, 0.408712, 0.418535]
[0.571849, 0.197006, -0.498916, 0.493769, 0.313149]
[0.517222, 0.205093, -0.498643, 0.27515, 0.259909]
[0.470862, 0.304156, -0.499917, 0.282692, 0.04416]
[0.537378, 0.261331, -0.499418, 0.292372, 0.340336]
[0.357475, 0.397545, -0.499845, 0.310465, 0.167557]
[0.608376, 0.358088, -0.499182, 0.460927, 0.010008]
[0.611212, 0.279019, -0.499271, 0.269815, 0.29072]
[0.469539, 0.252888, -0.498774, 0.445763, 0.010655]
[0.350252, 0.148211, -0.499391, 0.318615, 0.121874]
[0.493532, 0.332474, -0.498672, 0.363925, 0.260816]
[0.594558, 0.259908, -0.499568, 0.349904, 0.376044]
[0.445855, 0.45868, -0.498465, 0.257768, 0.085147]
[0.431159, 0.16283, -0.49991, 0.48871, 0.105066]
[0.539823, 0.269252, -0.498952, 0.289934, 0.158073]
[0.405505, 0.453983, -0.498636, 0.297446, 0.139003]
[0.316213, 0.494497, -0.499229, 0.3776, 0.439163]
[0.57819, 0.485288, -0.499359, 0.281667, 0.162335]
[0.329415, 0.367489, -0.499613, 0.498857, 0.408257]
[0.273889, 0.429797, -0.499085, 0.367095, 0.489541]
[0.568762, 0.397667, -0.499644, 0.350988, 0.281606]
[0.291007, 0.324003, -0.499528, 0.49511, 0.006071]
[0.283693, 0.202351, -0.499321, 0.441476, 0.002327]
[0.585419, 0.481968, -0.499128, 0.285305, 0.055608]
[0.377424, 0.450975, -0.499765, 0.433762, 0.007257]
[0.378877, 0.453468, -0.499281, 0.297049, 0.28087]
[0.416566, 0.272957, -0.498975, 0.385051, 0.073679]
[0.427261, 0.315052, -0.498903, 0.345825, 0.467204]
[0.297744, 0.215497, -0.499795, 0.411133, 0.4077]
[0.491138, 0.198587, -0.498461, 0.348347, 0.067031]
[0.531728, 0.288961, -0.499982, 0.356357, 0.259039]
[0.551149, 0.230736, -0.49971, 0.298461, 0.229165]
[0.653513, 0.157177, -0.499502, 0.433443, 0.18047]
[0.449881, 0.296438, -0.498489, 0.29534, 0.397661]
[0.620497, 0.173682, -0.499797, 0.448055, 0.113126]
[0.47174, 0.168533, -0.499689, 0.30622, 0.208604]
[0.516575, 0.223872, -0.499217, 0.254947, 0.190032]
[0.318937, 0.366391, -0.499549, 0.252193, 0.167533]
[0.271541, 0.218125, -0.499894, 0.309635, 0.243159]
[0.587056, 0.265907, -0.499206, 0.444935, 0.396711]
[0.644467, 0.292871, -0.499993, 0.280116, 0.068131]
[0.528985, 0.265883, -0.498685, 0.387407, 0.027151]
[0.444698, 0.443292, -0.499066, 0.274059, 0.002664]
[0.557523, 0.271726, -0.498427, 0.249616, 0.292534]
[0.375203, 0.384198, -0.499136, 0.349474, 0.354079]
[0.348831, 0.28405, -0.498954, 0.450603, 0.339594]
[0.523787, 0.48233, -0.498889, 0.3919, 0.090056]
[0.385467, 0.138947, -0.499835, 0.265159, 0.122432]
[0.354265, 0.309961, -0.499272, 0.296821, 0.349117]
[0.359591, 0.234005, -0.499684, 0.304437, 0.081042]
[0.538346, 0.128953, -0.498429, 0.335051, 0.206074]
[0.628008, 0.494594, -0.498641, 0.232539, 0.159844]
[0.431116, 0.47705, -0.499913, 0.298174, 0.114847]
[0.654063, 0.261533, -0.498823, 0.306102, 0.235794]
[0.460551, 0.156881, -0.499166, 0.46152, 0.127417]
[0.535025, 0.1878, -0.499929, 0.459969, 0.421096]
[0.674258, 0.435777, -0.498881, 0.243526, 0.030579]
[0.464404, 0.443995, -0.499508, 0.375464, 0.354409]
[0.436562, 0.183335, -0.499568, 0.493118, 0.259475]
[0.674728, 0.30202, -0.499691, 0.395224, 0.089162]
[0.30626, 0.293486, -0.498765, 0.320226, 0.460144]
[0.29662, 0.28848, -0.49872, 0.369152, 0.322256]
[0.462068, 0.165273, -0.499293, 0.464511, 0.052471]
[0.3301, 0.196068, -0.498997, 0.385007, 0.445377]
[0.593969, 0.486736, -0.499736, 0.465439, 0.423505]
[0.599631, 0.291544, -0.4987, 0.29543, 0.303631]
[0.388024, 0.281264, -0.498465, 0.471435, 0.259935]
[0.373415, 0.376155, -0.498609, 0.43923, 0.438221]
[0.475157, 0.128362, -0.499095, 0.49256, 0.094403]
[0.634698, 0.344174, -0.499423, 0.435248, 0.389936]
[0.66401, 0.186716, -0.499247, 0.230463, 0.490738]
[0.27862, 0.311688, -0.499426, 0.423788, 0.134019]
[0.331147, 0.434547, -0.499984, 0.305302, 0.42503]
[0.468643, 0.233585, -0.499817, 0.35977, 0.0403]
[0.519019, 0.33496, -0.498697, 0.315731, 0.129286]
[0.317496, 0.374164, -0.498418, 0.431983, 0.25883]
[0.419865, 0.270947, -0.499886, 0.261606, 0.231245]
[0.465979, 0.408696, -0.499179, 0.453161, 0.22076]
[0.472047, 0.169538, -0.499492, 0.233126, 0.269745]
[0.378029, 0.214145, -0.498892, 0.257528, 0.076122]
[0.647815, 0.248444, -0.498726, 0.231136, 0.280163]
[0.503686, 0.146489, -0.499173, 0.271442, 0.206757]
[0.302279, 0.315251, -0.499091, 0.440671, 0.488023]
[0.349326, 0.150872, -0.499545, 0.32172, 0.307621]
[0.387239, 0.229172, -0.499317, 0.250699, 0.161266]
[0.671132, 0.367169, -0.49988, 0.486632, 0.246737]
[0.294475, 0.198585, -0.498646, 0.327339, 0.090341]
[0.52088, 0.249868, -0.499989, 0.248951, 0.066477]
[0.37323, 0.267357, -0.499431, 0.3533, 0.04037]
[0.403928, 0.483529, -0.499173, 0.310955, 0.462372]
[0.520816, 0.361005, -0.499449, 0.351012, 0.121104]
[0.409215, 0.380681, -0.499278, 0.406524, 0.172867]
[0.403152, 0.211996, -0.498625, 0.370563, 0.075402]
[0.510332, 0.141589, -0.499925, 0.294657, 0.05623]
[0.591784, 0.318216, -0.499526, 0.371721, 0.305813]
[0.554394, 0.113196, -0.499824, 0.477305, 0.453505]
[0.376447, 0.459474, -0.498919, 0.460915, 0.203951]
[0.540793, 0.332666, -0.498434, 0.336638, 0.120717]
[0.273024, 0.141337, -0.499242, 0.385783, 0.264795]
[0.652011, 0.424, -0.499567, 0.462742, 0.260666]
[0.574563, 0.240734, -0.499266, 0.450531, 0.003719]
[0.272458, 0.487152, -0.499648, 0.362506, 0.169961]
[0.539678, 0.134201, -0.499015, 0.23602, 0.045712]
[0.372023, 0.216756, -0.498453, 0.456761, 0.002939]
[0.33919, 0.492664, -0.499979, 0.248889, 0.061499]
[0.571868, 0.114403, -0.499685, 0.389504, 0.124118]
[0.281329, 0.411827, -0.499176, 0.347198, 0.407647]
[0.62081, 0.160701, -0.499521, 0.424108, 0.097426]
[0.679543, 0.141606, -0.499817, 0.334433, 0.004064]
[0.432623, 0.285025, -0.499105, 0.447609, 0.313697]
[0.576117, 0.208562, -0.499848, 0.295631, 0.022368]
[0.378127, 0.418191, -0.499524, 0.258129, 0.160404]
[0.27858, 0.324383, -0.499143, 0.352243, 0.022857]
[0.612698, 0.276311, -0.499581, 0.238876, 0.371878]
[0.429319, 0.410855, -0.499394, 0.402385, 0.478644]
[0.351138, 0.457831, -0.499684, 0.361335, 0.1996]
[0.609008, 0.34523, -0.498723, 0.450419, 0.163074]
[0.669935, 0.367058, -0.49853, 0.408576, 0.401663]
[0.400481, 0.48977, -0.49951, 0.279494, 0.368885]
[0.315808, 0.413062, -0.49936, 0.498942, 0.036694]
[0.382026, 0.463124, -0.498577, 0.254865, 0.229376]
[0.473968, 0.169928, -0.499458, 0.310408, 0.282279]
[0.450103, 0.189024, -0.498575, 0.249758, 0.264146]
[0.626791, 0.48276, -0.499344, 0.419092, 0.250139]
[0.381238, 0.443371, -0.499277, 0.384976, 0.498255]
[0.64854, 0.428935, -0.498636, 0.26564, 0.189555]
[0.47287, 0.154713, -0.499657, 0.344099, 0.356453]
[0.4675, 0.396996, -0.499107, 0.275107, 0.053151]
[0.359922, 0.284019, -0.498589, 0.430756, 0.473566]
[0.567986, 0.477456, -0.499956, 0.40706, 0.18721]
[0.454273, 0.266375, -0.499278, 0.459502, 0.211205]
[0.609385, 0.166488, -0.498977, 0.317795, 0.181414]
[0.649548, 0.152763, -0.499373, 0.361126, 0.406864]
[0.281125, 0.279066, -0.498495, 0.409397, 0.3533]
[0.29861, 0.351724, -0.499106, 0.343868, 0.437453]
[0.659391, 0.313925, -0.499539, 0.367117, 0.043637]
[0.660862, 0.264, -0.499508, 0.410153, 0.382577]
[0.406063, 0.371426, -0.498523, 0.326919, 0.380269]
[0.46378, 0.359437, -0.499093, 0.470552, 0.336755]
[0.322638, 0.229402, -0.498688, 0.418105, 0.339002]
[0.392257, 0.369836, -0.49887, 0.238573, 0.056737]
[0.315168, 0.243698, -0.498551, 0.407308, 0.37454]
[0.502863, 0.289075, -0.498985, 0.433806, 0.240262]
[0.654065, 0.451818, -0.499639, 0.349754, 0.189645]
[0.654116, 0.381142, -0.499395, 0.418771, 0.372477]
[0.330245, 0.195313, -0.499555, 0.499756, 0.046693]
[0.510924, 0.325127, -0.498483, 0.444585, 0.399378]
[0.411274, 0.395069, -0.498657, 0.277893, 0.202098]
[0.513651, 0.153209, -0.499345, 0.420122, 0.047674]
[0.318582, 0.364225, -0.499248, 0.405038, 0.065229]
[0.481178, 0.322016, -0.498436, 0.333931, 0.159587]
[0.491235, 0.181869, -0.499368, 0.364029, 0.075053]
[0.60386, 0.195089, -0.499746, 0.487208, 0.021467]
[0.650145, 0.46163, -0.498506, 0.429373, 0.240308]
[0.559177, 0.482768, -0.498473, 0.368295, 0.077861]
[0.674626, 0.345515, -0.499086, 0.483868, 0.042515]
[0.439604, 0.427601, -0.499276, 0.467995, 0.107418]
[0.61982, 0.480549, -0.499544, 0.252354, 0.117319]
[0.587122, 0.252202, -0.499087, 0.481403, 0.276501]
[0.659444, 0.267556, -0.498871, 0.27272, 0.434126]
[0.649334, 0.238323, -0.498744, 0.40008, 0.160846]
[0.39203, 0.166003, -0.49842, 0.346349, 0.27016]
[0.320511, 0.37712, -0.498998, 0.25849, 0.253093]
[0.434873, 0.300061, -0.498997, 0.454421, 0.377941]
[0.459515, 0.318785, -0.498595, 0.255189, 0.292144]
[0.610412, 0.23007, -0.499708, 0.460004, 0.342951]
[0.313523, 0.254362, -0.498884, 0.478069, 0.225346]
[0.649586, 0.153796, -0.499058, 0.381949, 0.270539]
[0.427563, 0.280134, -0.49854, 0.231063, 0.264766]
[0.53083, 0.211439, -0.499417, 0.272711, 0.403601]
[0.424428, 0.40594, -0.498515, 0.262835, 0.442455]
[0.676712, 0.40673, -0.49991, 0.316302, 0.473898]
[0.328102, 0.398337, -0.498525, 0.470897, 0.276438]
[0.623597, 0.134888, -0.499557, 0.375485, 0.094085]
[0.539557, 0.301955, -0.499111, 0.41081, 0.403946]
[0.273423, 0.220957, -0.499247, 0.24485, 0.238087]
[0.322966, 0.351892, -0.499101, 0.392008, 0.458492]
[0.431435, 0.193728, -0.499648, 0.260223, 0.137388]
[0.448314, 0.297575, -0.498556, 0.356486, 0.397022]
[0.387908, 0.324017, -0.499717, 0.416718, 0.496701]
[0.674341, 0.144511, -0.499493, 0.399929, 0.449357]
[0.306075, 0.474955, -0.498739, 0.425981, 0.267915]
[0.611033, 0.210454, -0.499441, 0.369551, 0.174671]
[0.318149, 0.439784, -0.498534, 0.35045, 0.071141]
[0.488392, 0.115174, -0.498876, 0.233816, 0.459627]
[0.491652, 0.320499, -0.499926, 0.367518, 0.241621]
[0.633402, 0.345003, -0.499155, 0.288054, 0.005013]
[0.663523, 0.456142, -0.498951, 0.406099, 0.108812]
[0.39737, 0.403561, -0.498476, 0.482965, 0.070961]
[0.415611, 0.425327, -0.498737, 0.243261, 0.400253]
[0.674425, 0.478723, -0.499914, 0.381117, 0.392225]
[0.504992, 0.122327, -0.498786, 0.486752, 0.362328]
[0.36501, 0.172288, -0.499963, 0.45023, 0.27572]
[0.572399, 0.287539, -0.499724, 0.313998, 0.229623]
[0.511399, 0.369892, -0.499842, 0.279303, 0.176123]
[0.437685, 0.14105, -0.498807, 0.331322, 0.177931]
[0.402156, 0.155978, -0.499327, 0.276801, 0.341002]
[0.632257, 0.309171, -0.499705, 0.277668, 0.488044]
[0.567558, 0.208856, -0.498604, 0.47844, 0.020784]
[0.629537, 0.165659, -0.499271, 0.28838, 0.139343]
[0.59438, 0.426276, -0.499275, 0.372955, 0.139334]
[0.418329, 0.144227, -0.499, 0.314055, 0.291451]
[0.666001, 0.294028, -0.499754, 0.23191, 0.21817]
[0.563703, 0.351796, -0.499959, 0.321185, 0.017506]
[0.366996, 0.219836, -0.499354, 0.428573, 0.15581]
[0.453661, 0.247732, -0.499979, 0.422965, 0.059792]
[0.363904, 0.301822, -0.499256, 0.316441, 0.143715]
[0.628638, 0.206601, -0.498855, 0.322039, 0.163581]
[0.474314, 0.438076, -0.499751, 0.451905, 0.223524]
[0.307827, 0.330452, -0.499128, 0.302499, 0.229357]
[0.303488, 0.32328, -0.499029, 0.394328, 0.405969]
[0.509729, 0.417426, -0.499849, 0.34129, 0.349682]
[0.324905, 0.316932, -0.499201, 0.25635, 0.262524]
[0.543292, 0.308558, -0.498787, 0.383962, 0.487284]
[0.422002, 0.44777, -0.499439, 0.331985, 0.185416]
[0.278196, 0.215836, -0.499128, 0.385213, 0.252246]
[0.287493, 0.301007, -0.499732, 0.286726, 0.12944]
[0.346983, 0.455844, -0.498487, 0.408131, 0.349102]
[0.493818, 0.341604, -0.499757, 0.454873, 0.026069]
[0.524876, 0.132405, -0.498445, 0.481305, 0.207243]
[0.619515, 0.222273, -0.49992, 0.381602, 0.454892]
[0.395716, 0.325495, -0.498665, 0.25323, 0.090889]
[0.56155, 0.375394, -0.498567, 0.330722, 0.346077]
[0.379543, 0.330926, -0.499989, 0.264221, 0.270477]
[0.487166, 0.29669, -0.498844, 0.491336, 0.234459]
[0.338576, 0.202918, -0.499579, 0.474964, 0.122549]
[0.406253, 0.1482, -0.499741, 0.228488, 0.307515]
[0.328499, 0.390133, -0.499642, 0.436139, 0.038299]
[0.371192, 0.461234, -0.498734, 0.300905, 0.159133]
[0.378891, 0.136345, -0.498894, 0.269757, 0.328956]
[0.295232, 0.429468, -0.49919, 0.433831, 0.106001]
[0.309261, 0.20011, -0.499061, 0.260623, 0.44481]
[0.519848, 0.409337, -0.498504, 0.480515, 0.413963]
[0.610805, 0.468234, -0.499594, 0.47558, 0.304311]
[0.646328, 0.468179, -0.498946, 0.435442, 0.263945]
[0.325894, 0.455953, -0.499842, 0.330593, 0.319645]
[0.659071, 0.236455, -0.499855, 0.432996, 0.006237]
[0.515618, 0.440583, -0.498961, 0.293426, 0.324146]
[0.538498, 0.297405, -0.498991, 0.303281, 0.483303]
[0.346166, 0.300739, -0.499115, 0.490741, 0.09968]
[0.498656, 0.220408, -0.499553, 0.436765, 0.086832]
[0.536267, 0.49502, -0.499586, 0.255279, 0.117779]
[0.595656, 0.311928, -0.498414, 0.443257, 0.323644]
[0.325345, 0.282221, -0.498638, 0.431176, 0.28909]
[0.591331, 0.317551, -0.49856, 0.466, 0.051055]
[0.631657, 0.403587, -0.499749, 0.463072, 0.407112]
[0.399479, 0.328096, -0.498442, 0.39755, 0.447692]
[0.322572, 0.211561, -0.498782, 0.453082, 0.300525]
[0.538798, 0.370069, -0.499156, 0.266695, 0.158816]
[0.429318, 0.34991, -0.499992, 0.498585, 0.233337]
[0.426288, 0.386751, -0.498963, 0.315455, 0.15545]
[0.673556, 0.414752, -0.498628, 0.411729, 0.37137]
[0.611987, 0.358828, -0.498531, 0.497107, 0.286551]
[0.417459, 0.231385, -0.499632, 0.269502, 0.187847]
[0.597894, 0.469625, -0.49978, 0.454589, 0.185949]
[0.497268, 0.147091, -0.499504, 0.350907, 0.284577]
[0.671609, 0.467686, -0.499342, 0.351899, 0.005876]
[0.662863, 0.182767, -0.499769, 0.33211, 0.199895]
[0.393087, 0.147843, -0.499543, 0.254678, 0.210597]
[0.493124, 0.272922, -0.498869, 0.432155, 0.492975]
[0.270802, 0.489842, -0.498897, 0.477123, 0.206172]
[0.542546, 0.410762, -0.498521, 0.364552, 0.187249]
[0.484594, 0.402838, -0.498455, 0.441329, 0.223631]
[0.662394, 0.33266, -0.499924, 0.323972, 0.237433]
[0.637556, 0.428076, -0.498761, 0.254962, 0.4984]
[0.373268, 0.32484, -0.498899, 0.351903, 0.320292]
[0.483075, 0.426855, -0.499489, 0.479941, 0.38023]
[0.383438, 0.226476, -0.499638, 0.331168, 0.295566]
[0.623612, 0.128015, -0.498858, 0.499938, 0.13469]
[0.386641, 0.273263, -0.498822, 0.411044, 0.264074]
[0.47781, 0.421999, -0.499861, 0.357143, 0.014022]
[0.604175, 0.21161, -0.498834, 0.34006, 0.465458]
[0.518354, 0.391724, -0.499367, 0.364814, 0.121196]
[0.291896, 0.25406, -0.498449, 0.424765, 0.190195]
[0.298711, 0.168785, -0.499856, 0.472324, 0.300258]
[0.51043, 0.11298, -0.498869, 0.312315, 0.231077]
[0.482433, 0.166454, -0.499337, 0.429969, 0.481129]
[0.611279, 0.194732, -0.49979, 0.32424, 0.390329]
[0.389168, 0.311476, -0.499623, 0.30881, 0.465125]
[0.642637, 0.314976, -0.49859, 0.431754, 0.443097]
[0.679168, 0.275743, -0.499562, 0.300922, 0.498462]
[0.559544, 0.169029, -0.498421, 0.278472, 0.111131]
[0.320468, 0.319269, -0.499854, 0.271202, 0.133658]
[0.33138, 0.45693, -0.499197, 0.23987, 0.411275]
[0.455212, 0.188279, -0.498788, 0.342465, 0.48187]
[0.381561, 0.374967, -0.499669, 0.461496, 0.43835]
[0.550528, 0.426636, -0.498901, 0.307456, 0.451964]
[0.490605, 0.483029, -0.499262, 0.432907, 0.344504]
[0.63829, 0.210179, -0.498635, 0.240775, 0.231778]
[0.366249, 0.176206, -0.499872, 0.247541, 0.014476]
[0.337146, 0.156084, -0.499709, 0.260864, 0.059108]
[0.44474, 0.286365, -0.498411, 0.276086, 0.380782]
[0.555713, 0.22048, -0.498417, 0.360827, 0.198777]
[0.372565, 0.374703, -0.499078, 0.284835, 0.437208]
[0.291231, 0.164942, -0.499376, 0.32904, 0.050135]
[0.583999, 0.213174, -0.499796, 0.441988, 0.162231]
[0.651759, 0.417186, -0.499319, 0.433982, 0.227913]
[0.397789, 0.254835, -0.498742, 0.359645, 0.071952]
[0.27734, 0.325888, -0.499086, 0.255722, 0.118176]
[0.607868, 0.376333, -0.499112, 0.48682, 0.293966]
[0.676202, 0.239951, -0.498551, 0.292448, 0.259165]
[0.288942, 0.156047, -0.499878, 0.318885, 0.485947]
[0.461188, 0.122833, -0.499118, 0.2458, 0.244623]
[0.462645, 0.209897, -0.499752, 0.258863, 0.451422]
[0.490716, 0.252462, -0.499594, 0.48446, 0.053932]
[0.492481, 0.260444, -0.499717, 0.45794, 0.040607]
[0.394443, 0.179143, -0.499763, 0.422304, 0.088672]
[0.59769, 0.485216, -0.498874, 0.487754, 0.016151]
[0.327985, 0.470583, -0.498534, 0.320624, 0.119977]
[0.352849, 0.39753, -0.499971, 0.365362, 0.281481]
[0.376584, 0.166228, -0.498588, 0.297545, 0.226786]
[0.444967, 0.234074, -0.499015, 0.381328, 0.139956]
[0.342995, 0.47235, -0.498766, 0.278612, 0.432908]
[0.35537, 0.243514, -0.499595, 0.460409, 0.109467]
[0.34211, 0.419757, -0.498701, 0.4235, 0.323402]
[0.464971, 0.210415, -0.499445, 0.324692, 0.007608]
[0.283486, 0.493621, -0.4997, 0.316493, 0.232816]
[0.569881, 0.145393, -0.499767, 0.241591, 0.090121]
[0.601977, 0.261471, -0.498852, 0.312195, 0.233706]
[0.458969, 0.154332, -0.499726, 0.25635, 0.354794]
[0.39164, 0.114191, -0.499888, 0.338462, 0.18018]
[0.311948, 0.367257, -0.499848, 0.337913, 0.275977]
[0.530666, 0.403087, -0.499001, 0.474974, 0.001631]
[0.274071, 0.446059, -0.499997, 0.409313, 0.146349]
[0.463489, 0.331603, -0.499072, 0.344074, 0.22362]
[0.313603, 0.323376, -0.49931, 0.45708, 0.483086]
[0.308772, 0.376609, -0.499215, 0.31627, 0.085443]
[0.476368, 0.300058, -0.498606, 0.477176, 0.395714]
[0.498229, 0.238753, -0.499194, 0.291484, 0.331197]
[0.635841, 0.457499, -0.499403, 0.421778, 0.228504]
[0.666591, 0.137489, -0.499772, 0.328285, 0.270092]
[0.288691, 0.185992, -0.498582, 0.473915, 0.316529]
[0.66446, 0.147464, -0.498603, 0.280182, 0.021596]
[0.653265, 0.21832, -0.49998, 0.383822, 0.255272]
[0.304796, 0.44319, -0.499568, 0.23761, 0.409008]
[0.418608, 0.274543, -0.49932, 0.434987, 0.142784]
[0.613767, 0.324665, -0.49948, 0.29164, 0.466354]
[0.630337, 0.115185, -0.498465, 0.38972, 0.139697]
[0.393129, 0.13545, -0.499702, 0.380634, 0.168055]
[0.64122, 0.31386, -0.499314, 0.362278, 0.295477]
[0.350826, 0.293302, -0.499834, 0.364452, 0.449793]
[0.467561, 0.201557, -0.498455, 0.462739, 0.261277]
[0.474985, 0.437405, -0.499963, 0.335055, 0.266156]
[0.576492, 0.298688, -0.499375, 0.435775, 0.135601]
[0.365153, 0.112997, -0.499013, 0.370409, 0.464153]
[0.63774, 0.298664, -0.499134, 0.292916, 0.222618]
[0.46052, 0.120325, -0.499918, 0.351984, 0.088304]
[0.565016, 0.226871, -0.498866, 0.445492, 0.303656]
[0.497076, 0.464042, -0.498611, 0.344298, 0.384717]
[0.45944, 0.191852, -0.499152, 0.287964, 0.368273]
[0.493872, 0.319607, -0.499932, 0.330494, 0.144787]
[0.475118, 0.398411, -0.499129, 0.32542, 0.153102]
[0.466578, 0.421526, -0.499561, 0.451364, 0.404234]
[0.65622, 0.349563, -0.499641, 0.235013, 0.273332]
[0.596262, 0.480145, -0.49915, 0.467964, 0.407955]
[0.650842, 0.118752, -0.499012, 0.439675, 0.107144]
[0.656584, 0.27481, -0.498835, 0.337979, 0.12105]
[0.316427, 0.49857, -0.499633, 0.280126, 0.402188]
[0.341291, 0.34396, -0.499187, 0.33696, 0.082974]
[0.554597, 0.224131, -0.49875, 0.320149, 0.373739]
[0.67559, 0.443064, -0.499932, 0.499292, 0.138909]
[0.58921, 0.25924, -0.498807, 0.439528, 0.276803]
[0.46509, 0.186976, -0.499202, 0.312298, 0.281898]
[0.446733, 0.478709, -0.498551, 0.446725, 0.352777]
[0.663256, 0.18301, -0.498515, 0.34398, 0.379929]
[0.564069, 0.336909, -0.498639, 0.258122, 0.049231]
[0.5484, 0.340184, -0.499578, 0.250414, 0.164619]
[0.55617, 0.427892, -0.499334, 0.423465, 0.46259]
[0.359331, 0.295982, -0.498544, 0.303468, 0.238049]
[0.47992, 0.42834, -0.499901, 0.360626, 0.373105]
[0.394501, 0.36801, -0.499007, 0.384344, 0.376027]
[0.384384, 0.462934, -0.499849, 0.487438, 0.221278]
[0.646501, 0.170816, -0.498953, 0.401221, 0.233566]
[0.494987, 0.494022, -0.499771, 0.314982, 0.459375]
[0.608162, 0.186516, -0.498685, 0.349588, 0.207606]
[0.463141, 0.478896, -0.498583, 0.283157, 0.16734]
[0.559137, 0.388857, -0.498961, 0.379693, 0.017966]
[0.496368, 0.127907, -0.49878, 0.308326, 0.498414]
[0.404597, 0.339925, -0.498684, 0.451003, 0.260202]
[0.275875, 0.202566, -0.49914, 0.458836, 0.071716]
[0.557522, 0.316857, -0.498892, 0.432834, 0.276875]
[0.369853, 0.439068, -0.499545, 0.29767, 0.49011]
[0.485512, 0.457921, -0.499321, 0.459019, 0.360252]
[0.610669, 0.289432, -0.499746, 0.457147, 0.479609]
[0.422734, 0.38317, -0.498856, 0.328097, 0.416928]
[0.420301, 0.218417, -0.499919, 0.330258, 0.481793]
[0.389565, 0.338743, -0.499525, 0.325164, 0.48886]
[0.350438, 0.152682, -0.499868, 0.488251, 0.034389]
[0.641491, 0.410785, -0.498509, 0.450395, 0.185602]
[0.273164, 0.409576, -0.499382, 0.313468, 0.030362]
[0.550971, 0.275094, -0.498606, 0.398407, 0.045076]
[0.488387, 0.419873, -0.498493, 0.234992, 0.103459]
[0.354968, 0.233144, -0.499799, 0.413958, 0.487554]
[0.532364, 0.450301, -0.498921, 0.40631, 0.425518]
[0.440199, 0.212557, -0.499773, 0.354393, 0.044267]
[0.326807, 0.3956, -0.49917, 0.451523, 0.096488]
[0.490154, 0.296777, -0.499328, 0.452231, 0.270878]
[0.641012, 0.387812, -0.498428, 0.351516, 0.310585]
[0.670754, 0.426394, -0.498861, 0.315634, 0.048176]
[0.297752, 0.199346, -0.499112, 0.382289, 0.342304]
[0.446783, 0.489757, -0.499599, 0.248573, 0.399597]
[0.41458, 0.337806, -0.498476, 0.392563, 0.143185]
[0.631061, 0.147355, -0.499417, 0.292982, 0.260339]
[0.289746, 0.222061, -0.499834, 0.244562, 0.242497]
[0.678774, 0.414401, -0.499608, 0.243211, 0.179062]
[0.661862, 0.377158, -0.499952, 0.242501, 0.004442]
[0.499378, 0.496765, -0.499931, 0.433091, 0.295592]
[0.658779, 0.319182, -0.49947, 0.353223, 0.251548]
[0.605416, 0.216852, -0.498795, 0.261948, 0.211605]
[0.527446, 0.356207, -0.499677, 0.397637, 0.313638]
[0.562919, 0.155792, -0.498774, 0.441153, 0.120601]
[0.562672, 0.166819, -0.498471, 0.319152, 0.386361]
[0.663013, 0.404218, -0.498655, 0.281878, 0.284648]
[0.402944, 0.138941, -0.499444, 0.463427, 0.317375]
[0.551036, 0.272924, -0.498944, 0.465175, 0.133135]
[0.37493, 0.31113, -0.499925, 0.402691, 0.396223]
[0.304588, 0.136428, -0.498539, 0.364337, 0.263508]
[0.331579, 0.37234, -0.498669, 0.28631, 0.335142]
[0.378978, 0.130355, -0.498884, 0.250525, 0.300158]
[0.660675, 0.353452, -0.499931, 0.360092, 0.159784]
[0.572097, 0.294169, -0.499183, 0.383234, 0.07145]
[0.494857, 0.445702, -0.499749, 0.422406, 0.172013]
[0.339169, 0.414998, -0.499522, 0.467039, 0.42696]
[0.676781, 0.456369, -0.498484, 0.365957, 0.150718]
[0.360407, 0.135488, -0.499303, 0.312502, 0.158926]
[0.532158, 0.236154, -0.49861, 0.439348, 0.46035]
[0.421126, 0.403222, -0.498604, 0.486563, 0.247396]
[0.556402, 0.172328, -0.499719, 0.469493, 0.157947]
[0.619007, 0.388851, -0.499849, 0.258668, 0.047715]
[0.439432, 0.237946, -0.498667, 0.358156, 0.498253]
[0.635213, 0.233922, -0.499684, 0.256439, 0.26889]
[0.485996, 0.402948, -0.499521, 0.420262, 0.368741]
[0.275062, 0.406332, -0.499108, 0.244792, 0.472557]
[0.362788, 0.397032, -0.499783, 0.342684, 0.447351]
[0.622806, 0.367392, -0.498799, 0.28509, 0.062951]
[0.362313, 0.460532, -0.498473, 0.406949, 0.276903]
[0.408668, 0.348833, -0.499793, 0.404371, 0.327461]
[0.537959, 0.469997, -0.498483, 0.240838, 0.239238]
[0.452448, 0.286155, -0.498771, 0.439205, 0.309962]
[0.626591, 0.389671, -0.499258, 0.272825, 0.423273]
[0.44521, 0.494298, -0.499697, 0.315716, 0.250859]
[0.290439, 0.340673, -0.498482, 0.317495, 0.429955]
[0.608338, 0.319853, -0.499201, 0.392866, 0.280652]
[0.272193, 0.116819, -0.499356, 0.241756, 0.065123]
[0.289396, 0.4861, -0.499805, 0.28195, 0.283378]
[0.273455, 0.287183, -0.498907, 0.279275, 0.318265]
[0.481633, 0.294192, -0.499199, 0.32212, 0.280965]
[0.444232, 0.371643, -0.498957, 0.271478, 0.171394]
[0.658103, 0.379121, -0.499172, 0.439412, 0.39024]
[0.502634, 0.246041, -0.499656, 0.467043, 0.252044]
[0.432442, 0.456529, -0.499433, 0.411791, 0.230787]
[0.371795, 0.408415, -0.498805, 0.460808, 0.306531]
[0.544829, 0.168191, -0.499706, 0.415541, 0.309751]
[0.320855, 0.427686, -0.498587, 0.47891, 0.001004]
[0.309653, 0.314411, -0.499146, 0.295114, 0.247387]
[0.636332, 0.229138, -0.499305, 0.466317, 0.344146]
[0.635749, 0.312334, -0.499446, 0.314984, 0.097136]
[0.583436, 0.173418, -0.498841, 0.231654, 0.384468]
[0.596172, 0.278063, -0.499276, 0.278352, 0.381352]
[0.50749, 0.481525, -0.498757, 0.337239, 0.446985]
[0.547835, 0.158961, -0.499891, 0.258716, 0.02235]
[0.316256, 0.14092, -0.498885, 0.289699, 0.362225]
[0.456486, 0.316162, -0.499674, 0.380465, 0.052536]
[0.280124, 0.491407, -0.499778, 0.499373, 0.173042]
[0.315434, 0.289061, -0.498811, 0.329902, 0.454575]
[0.497353, 0.316032, -0.499452, 0.277298, 0.187649]
[0.62076, 0.352406, -0.498593, 0.49514, 0.405829]
[0.334721, 0.233701, -0.499282, 0.433826, 0.217162]
[0.42193, 0.211619, -0.499007, 0.247343, 0.418064]
[0.465171, 0.284801, -0.499445, 0.412546, 0.412583]
[0.393351, 0.274879, -0.498732, 0.33028, 0.145638]
[0.677534, 0.126607, -0.498889, 0.287712, 0.12381]
[0.519854, 0.278445, -0.499199, 0.233999, 0.37029]
[0.467475, 0.228993, -0.498973, 0.449926, 0.371065]
[0.409879, 0.426536, -0.498594, 0.392438, 0.451901]
[0.281437, 0.168868, -0.499781, 0.488217, 0.488016]
[0.276137, 0.26503, -0.499818, 0.365014, 0.490202]
[0.461897, 0.258202, -0.499893, 0.44557, 0.485722]
[0.387063, 0.328677, -0.499301, 0.439876, 0.467525]
[0.6352, 0.112727, -0.498529, 0.368483, 0.169333]
[0.469193, 0.131416, -0.499569, 0.324293, 0.109843]
[0.46269, 0.448877, -0.498829, 0.298244, 0.233819]
[0.628398, 0.476393, -0.498735, 0.381195, 0.41064]
[0.54355, 0.314801, -0.499841, 0.402008, 0.28395]
[0.56445, 0.343233, -0.499157, 0.308746, 0.342708]
[0.564969, 0.377461, -0.499964, 0.481075, 0.000425]
[0.40238, 0.412837, -0.498705, 0.316979, 0.180043]
[0.332312, 0.453799, -0.499713, 0.449333, 0.009304]
[0.619219, 0.495442, -0.498752, 0.449704, 0.173081]
[0.490933, 0.190236, -0.499658, 0.285489, 0.057649]
[0.336653, 0.474451, -0.499524, 0.354797, 0.338637]
[0.317164, 0.191583, -0.499537, 0.463487, 0.310223]
[0.393721, 0.289306, -0.499079, 0.230554, 0.412695]
[0.524404, 0.188885, -0.499737, 0.409321, 0.070808]
[0.372986, 0.145105, -0.498982, 0.440462, 0.480971]
[0.292262, 0.241452, -0.499481, 0.482451, 0.476864]
[0.588656, 0.421871, -0.499025, 0.349499, 0.078389]
[0.29803, 0.22793, -0.498987, 0.336634, 0.273675]
[0.628247, 0.35757, -0.499379, 0.272348, 0.369169]
[0.583858, 0.194854, -0.499704, 0.49677, 0.4212]
[0.496859, 0.239541, -0.498668, 0.227303, 0.190355]
[0.650419, 0.405678, -0.499022, 0.398615, 0.080031]
[0.3795, 0.344476, -0.499223, 0.288761, 0.494109]
[0.617956, 0.226609, -0.49941, 0.257902, 0.447631]
[0.577791, 0.318702, -0.498453, 0.25181, 0.443203]
[0.483528, 0.43333, -0.499063, 0.288163, 0.213864]
[0.539712, 0.432536, -0.498651, 0.439516, 0.390182]
[0.338805, 0.385045, -0.499912, 0.349447, 0.023986]
[0.460844, 0.366389, -0.498907, 0.249543, 0.328229]
[0.300158, 0.210122, -0.499186, 0.249529, 0.405901]
[0.384251, 0.142265, -0.499954, 0.469408, 0.035552]
[0.515715, 0.170963, -0.498522, 0.483776, 0.04802]
[0.607665, 0.126563, -0.499579, 0.314109, 0.215958]
[0.413718, 0.401802, -0.498842, 0.440543, 0.405493]
[0.465983, 0.239956, -0.499324, 0.4726, 0.151327]
[0.626654, 0.132423, -0.498619, 0.378941, 0.005639]
[0.394109, 0.365866, -0.498845, 0.316413, 0.007183]
[0.671727, 0.354485, -0.499612, 0.252074, 0.31014]
[0.355657, 0.420574, -0.498721, 0.374878, 0.24828]
[0.337506, 0.207459, -0.499157, 0.35068, 0.113985]
[0.359148, 0.363175, -0.499587, 0.373683, 0.194319]
[0.631563, 0.403294, -0.499437, 0.255072, 0.081203]
[0.59529, 0.226798, -0.499549, 0.320788, 0.462381]
[0.466357, 0.278736, -0.498484, 0.424944, 0.471639]
[0.486439, 0.146182, -0.499398, 0.354448, 0.176147]
[0.533429, 0.262797, -0.499032, 0.237326, 0.321893]
[0.316823, 0.150224, -0.498765, 0.248274, 0.239039]
[0.507306, 0.405168, -0.499181, 0.457936, 0.219362]
[0.679705, 0.170706, -0.49948, 0.477218, 0.327878]
[0.624519, 0.270385, -0.499424, 0.438697, 0.244676]
[0.333734, 0.166302, -0.499229, 0.26384, 0.482719]
[0.320288, 0.268867, -0.499867, 0.453803, 0.360091]
[0.493688, 0.246079, -0.498604, 0.458082, 0.141437]
[0.316398, 0.403377, -0.49882, 0.274814, 0.209417]
[0.589697, 0.373402, -0.498897, 0.360229, 0.424203]
[0.554117, 0.148679, -0.499662, 0.412594, 0.436606]
[0.416017, 0.352007, -0.498922, 0.269098, 0.062325]
[0.300935, 0.182976, -0.498554, 0.254882, 0.401168]
[0.570409, 0.35437, -0.49935, 0.328923, 0.459979]
[0.337982, 0.269381, -0.499478, 0.317911, 0.499397]
[0.354719, 0.327798, -0.499654, 0.293714, 0.200101]
[0.447514, 0.348142, -0.499757, 0.481736, 0.051696]
[0.407596, 0.469991, -0.498708, 0.264798, 0.184417]
[0.395606, 0.253898, -0.498872, 0.450169, 0.490132]
[0.453704, 0.434226, -0.49898, 0.490449, 0.105559]
[0.335095, 0.397143, -0.499797, 0.461099, 0.199092]
[0.570384, 0.328197, -0.499776, 0.281507, 0.196631]
[0.347809, 0.402119, -0.498565, 0.297056, 0.007687]
[0.324921, 0.368478, -0.499516, 0.296168, 0.092997]
[0.421453, 0.447228, -0.49908, 0.434744, 0.375099]
[0.518089, 0.414888, -0.498579, 0.246923, 0.267811]
[0.397341, 0.364438, -0.499265, 0.422226, 0.487711]
[0.383183, 0.259947, -0.498872, 0.347274, 0.207817]
[0.33873, 0.369104, -0.499156, 0.265782, 0.317209]
[0.554367, 0.385778, -0.499167, 0.292021, 0.007865]
[0.531751, 0.181232, -0.499164, 0.339721, 0.096989]
[0.627426, 0.312787, -0.498483, 0.376042, 0.370837]
[0.330245, 0.349713, -0.498888, 0.385576, 0.153397]
[0.556445, 0.396283, -0.499173, 0.402063, 0.111503]
[0.487068, 0.210049, -0.498856, 0.429173, 0.442791]
[0.436591, 0.286886, -0.499309, 0.227857, 0.09602]
[0.502036, 0.366628, -0.499567, 0.37326, 0.463952]
[0.384083, 0.122077, -0.499191, 0.479123, 0.11793]
[0.602593, 0.361827, -0.498587, 0.415143, 0.395653]
[0.478871, 0.268316, -0.498485, 0.447655, 0.314632]
[0.409827, 0.341435, -0.499214, 0.238068, 0.246874]
[0.32338, 0.273297, -0.499047, 0.393997, 0.301051]
[0.677415, 0.485087, -0.499273, 0.42628, 0.401338]
[0.622731, 0.228261, -0.49964, 0.356539, 0.390378]
[0.613568, 0.189478, -0.498604, 0.465737, 0.492116]
[0.579066, 0.316738, -0.499112, 0.442745, 0.207597]
[0.320937, 0.277223, -0.498418, 0.235385, 0.352972]
[0.42176, 0.214133, -0.498662, 0.384795, 0.059849]
[0.584336, 0.26679, -0.49849, 0.417817, 0.382528]
[0.484619, 0.290218, -0.498988, 0.352714, 0.074658]
[0.36455, 0.153859, -0.499795, 0.490988, 0.421839]
[0.520415, 0.48148, -0.499619, 0.321686, 0.164327]
[0.649031, 0.157373, -0.499681, 0.36352, 0.2152]
[0.597991, 0.442075, -0.49909, 0.335895, 0.370705]
[0.473031, 0.170772, -0.49865, 0.385982, 0.322869]
[0.647116, 0.121773, -0.499656, 0.240034, 0.029475]
[0.355082, 0.361403, -0.499822, 0.406525, 0.024093]
[0.368355, 0.321135, -0.499332, 0.251361, 0.15368]
[0.43789, 0.275302, -0.499589, 0.297351, 0.103948]
[0.438953, 0.35469, -0.499294, 0.342354, 0.485104]
[0.289047, 0.184496, -0.499817, 0.405309, 0.102709]
[0.347188, 0.424288, -0.499958, 0.468287, 0.174956]
[0.363892, 0.325203, -0.498768, 0.403747, 0.014809]
[0.644508, 0.46678, -0.499495, 0.392107, 0.384937]
[0.426935, 0.211006, -0.499318, 0.328844, 0.370586]
[0.555504, 0.29222, -0.498459, 0.272789, 0.175785]
[0.482776, 0.111767, -0.498877, 0.453202, 0.024742]
[0.546251, 0.311992, -0.498777, 0.496193, 0.36284]
[0.497653, 0.360571, -0.49842, 0.382519, 0.037855]
[0.325572, 0.439221, -0.499221, 0.268709, 0.343575]
[0.418929, 0.392682, -0.499611, 0.427035, 0.260883]
[0.322775, 0.186107, -0.499906, 0.287392, 0.475562]
[0.600416, 0.46405, -0.499852, 0.34071, 0.459586]
[0.646216, 0.130964, -0.499413, 0.341032, 0.050972]
[0.552627, 0.229169, -0.499506, 0.335957, 0.408943]
[0.609723, 0.403367, -0.499217, 0.255089, 0.102345]
[0.367686, 0.434808, -0.49858, 0.419105, 0.236207]
[0.549881, 0.420425, -0.499822, 0.4542, 0.270594]
[0.627661, 0.247169, -0.499657, 0.471567, 0.01945]
[0.361041, 0.450435, -0.49934, 0.337835, 0.167888]
[0.29617, 0.392298, -0.499944, 0.444439, 0.094031]
[0.424186, 0.301837, -0.498823, 0.452145, 0.319418]
[0.330551, 0.318497, -0.49981, 0.429603, 0.002563]
[0.439578, 0.496728, -0.49844, 0.4928, 0.327426]
[0.675064, 0.388641, -0.498849, 0.430482, 0.289229]
[0.622269, 0.192895, -0.499005, 0.251814, 0.015103]
[0.378029, 0.190339, -0.499624, 0.303626, 0.192614]
[0.28248, 0.394943, -0.498852, 0.292761, 0.127803]
[0.524855, 0.15749, -0.499594, 0.271991, 0.452442]
[0.471082, 0.460807, -0.498696, 0.274562, 0.068139]
[0.60968, 0.447265, -0.499084, 0.391302, 0.439236]
[0.269149, 0.113062, -0.49943, 0.380495, 0.415118]
[0.28911, 0.265787, -0.498588, 0.450656, 0.407344]
[0.578018, 0.127902, -0.499578, 0.281955, 0.254351]
[0.418175, 0.425853, -0.498611, 0.370755, 0.370364]
[0.672903, 0.227135, -0.498973, 0.247699, 0.090345]
[0.57915, 0.125599, -0.499103, 0.312656, 0.382131]
[0.489342, 0.343675, -0.498578, 0.239556, 0.254938]
[0.381602, 0.374151, -0.499153, 0.255903, 0.424526]
[0.544757, 0.328449, -0.498588, 0.314715, 0.062795]
[0.273532, 0.190198, -0.498774, 0.399595, 0.290651]
[0.647097, 0.439552, -0.499308, 0.48743, 0.258967]
[0.652968, 0.367244, -0.499075, 0.484248, 0.306111]
[0.558058, 0.464735, -0.498823, 0.397182, 0.095843]
[0.527343, 0.222279, -0.498908, 0.435604, 0.283419]
[0.620127, 0.141686, -0.499571, 0.30179, 0.317974]
[0.281758, 0.413397, -0.499125, 0.476347, 0.324219]
[0.444731, 0.340336, -0.499623, 0.318351, 0.354285]
[0.464062, 0.403765, -0.498441, 0.470318, 0.427336]
[0.415421, 0.253744, -0.499904, 0.384882, 0.38283]
[0.308692, 0.292023, -0.499712, 0.395339, 0.40619]
[0.343888, 0.369453, -0.499054, 0.415525, 0.080143]
[0.448893, 0.236603, -0.498928, 0.382307, 0.449356]
[0.564157, 0.393199, -0.499308, 0.323081, 0.037574]
[0.592581, 0.20519, -0.499879, 0.306394, 0.439983]
[0.673616, 0.252786, -0.499134, 0.346933, 0.170403]
[0.629311, 0.183355, -0.498801, 0.25464, 0.440743]
[0.577757, 0.381925, -0.499826, 0.434579, 0.249618]
[0.645451, 0.462199, -0.499113, 0.250882, 0.134146]
[0.637511, 0.405649, -0.498585, 0.330587, 0.333896]
[0.434578, 0.140119, -0.498689, 0.363482, 0.077947]
[0.59157, 0.465828, -0.499173, 0.34808, 0.402691]
[0.445368, 0.415312, -0.499167, 0.38264, 0.434716]
[0.51026, 0.235508, -0.498545, 0.486781, 0.237931]
[0.302618, 0.437176, -0.498757, 0.250021, 0.362629]
[0.507123, 0.362998, -0.499928, 0.25619, 0.480099]
[0.565046, 0.324586, -0.499488, 0.470073, 0.457747]
[0.510833, 0.329983, -0.498966, 0.356394, 0.141537]
[0.599223, 0.38229, -0.499842, 0.280557, 0.309627]
[0.610942, 0.409122, -0.498508, 0.476832, 0.099864]
[0.508485, 0.133206, -0.499379, 0.48604, 0.173921]
[0.608245, 0.379085, -0.499505, 0.266139, 0.15063]
[0.615694, 0.325294, -0.499213, 0.323962, 0.461119]
[0.283077, 0.486705, -0.498948, 0.406592, 0.336574]
[0.439951, 0.462722, -0.499349, 0.383969, 0.460023]
[0.376162, 0.252974, -0.498584, 0.435792, 0.493157]
[0.663187, 0.264833, -0.49881, 0.423971, 0.109216]
[0.631818, 0.47844, -0.498564, 0.440733, 0.160804]
[0.50368, 0.181545, -0.499237, 0.466779, 0.012435]
[0.426577, 0.293525, -0.498522, 0.468475, 0.040599]
[0.274161, 0.284906, -0.498793, 0.36841, 0.273666]
[0.442552, 0.385273, -0.49851, 0.344953, 0.312038]
[0.581164, 0.235853, -0.498749, 0.260167, 0.491784]
[0.56627, 0.434982, -0.498725, 0.425859, 0.133003]
[0.36055, 0.204446, -0.499907, 0.33671, 0.07744]
[0.270035, 0.199625, -0.498545, 0.251716, 0.39853]
[0.567372, 0.238377, -0.499687, 0.483902, 0.411628]
[0.391341, 0.315356, -0.499439, 0.400428, 0.060907]
[0.374874, 0.235183, -0.498423, 0.34302, 0.008523]
[0.474838, 0.489198, -0.49931, 0.399706, 0.301728]
[0.60111, 0.189114, -0.499414, 0.496467, 0.256305]
[0.418356, 0.40811, -0.499895, 0.404341, 0.382677]
[0.439486, 0.15487, -0.499162, 0.482097, 0.304371]
[0.631079, 0.192581, -0.498719, 0.339355, 0.182537]
[0.316105, 0.315588, -0.498653, 0.43179, 0.487597]
[0.659132, 0.47582, -0.498994, 0.375285, 0.203579]
[0.339332, 0.382064, -0.499392, 0.483854, 0.157171]
[0.382398, 0.445447, -0.498901, 0.493322, 0.495194]
[0.578431, 0.324853, -0.499426, 0.355819, 0.44582]
[0.545984, 0.290179, -0.498541, 0.313229, 0.457333]
[0.429903, 0.36474, -0.499168, 0.488382, 0.178452]
[0.487263, 0.296033, -0.499115, 0.471988, 0.320403]
[0.591084, 0.413011, -0.49857, 0.239055, 0.493287]
[0.56844, 0.279066, -0.499596, 0.472563, 0.298144]
[0.462003, 0.323112, -0.499325, 0.410444, 0.17276]
[0.305935, 0.308624, -0.498578, 0.465034, 0.489963]
[0.278883, 0.204538, -0.499861, 0.355546, 0.198677]
[0.584877, 0.245923, -0.498566, 0.37195, 0.410473]
[0.377383, 0.303705, -0.49859, 0.409411, 0.352296]
[0.588382, 0.177405, -0.498821, 0.293369, 0.351384]
[0.595234, 0.177835, -0.499459, 0.234771, 0.147529]
[0.350034, 0.149697, -0.498563, 0.411694, 0.384779]
[0.392674, 0.44914, -0.499427, 0.485671, 0.388161]
[0.588677, 0.382892, -0.49986, 0.389175, 0.048637]
[0.416885, 0.205081, -0.498418, 0.344498, 0.395723]
[0.379939, 0.328125, -0.499821, 0.449717, 0.343457]
[0.463681, 0.373449, -0.498856, 0.498925, 0.024791]
[0.613318, 0.236228, -0.499888, 0.469098, 0.168609]
[0.671033, 0.140611, -0.499042, 0.26925, 0.220672]
[0.446922, 0.350991, -0.499488, 0.344558, 0.271012]
[0.637802, 0.484347, -0.499423, 0.360674, 0.489808]
[0.597679, 0.202694, -0.499769, 0.397326, 0.406468]
[0.549197, 0.160427, -0.499332, 0.278658, 0.143019]
[0.504719, 0.413044, -0.49978, 0.463665, 0.12632]
[0.555106, 0.357573, -0.499883, 0.389402, 0.267272]
[0.633958, 0.156197, -0.499062, 0.24366, 0.273901]
[0.616865, 0.255866, -0.498549, 0.251088, 0.288373]
[0.529202, 0.337774, -0.499153, 0.286534, 0.104362]
[0.612408, 0.194664, -0.499835, 0.487173, 0.124089]
[0.410726, 0.409994, -0.499124, 0.283111, 0.370516]
[0.520349, 0.154122, -0.498555, 0.390511, 0.064509]
[0.326621, 0.147188, -0.498752, 0.260199, 0.39293]
[0.496687, 0.162633, -0.499827, 0.240061, 0.099847]
[0.570767, 0.364449, -0.49966, 0.495622, 0.326199]
[0.475047, 0.290218, -0.498574, 0.403187, 0.398653]
[0.5818, 0.19619, -0.499103, 0.373974, 0.018554]
[0.492573, 0.326327, -0.498891, 0.350833, 0.487801]
[0.60801, 0.175602, -0.499642, 0.345921, 0.114388]
[0.376373, 0.425249, -0.499673, 0.290468, 0.17017]
[0.371088, 0.415072, -0.499613, 0.231966, 0.039337]
[0.522263, 0.223009, -0.498728, 0.432513, 0.279085]
[0.405671, 0.254901, -0.49989, 0.492011, 0.37227]
[0.578091, 0.429322, -0.499189, 0.38002, 0.132019]
[0.334825, 0.448374, -0.499067, 0.312979, 0.242995]
[0.458667, 0.395484, -0.498618, 0.271695, 0.381444]
[0.428307, 0.466316, -0.499388, 0.302983, 0.446644]
[0.671581, 0.127265, -0.498943, 0.445395, 0.049165]
[0.4398, 0.443722, -0.499704, 0.243782, 0.413867]
[0.411146, 0.390081, -0.499057, 0.39721, 0.180499]
[0.504184, 0.18082, -0.499179, 0.436501, 0.14093]
[0.475854, 0.193835, -0.498643, 0.49741, 0.352792]
[0.423683, 0.224297, -0.499898, 0.289937, 0.403171]
[0.371418, 0.495597, -0.498715, 0.316898, 0.195039]
[0.590101, 0.38799, -0.499969, 0.440586, 0.123432]
[0.391721, 0.460335, -0.499746, 0.407961, 0.173271]
[0.553262, 0.274947, -0.49994, 0.411326, 0.474557]
[0.670196, 0.478869, -0.498477, 0.382444, 0.24215]
[0.380656, 0.446251, -0.498867, 0.273963, 0.027394]
[0.640623, 0.426736, -0.498984, 0.311998, 0.362367]
[0.543513, 0.288623, -0.499607, 0.421793, 0.327308]
[0.300175, 0.129394, -0.498467, 0.382614, 0.278373]
[0.279632, 0.475282, -0.49896, 0.27607, 0.120496]
[0.408395, 0.375872, -0.498942, 0.23956, 0.309672]
[0.641356, 0.216446, -0.499962, 0.444009, 0.418279]
[0.547342, 0.300633, -0.499543, 0.25816, 0.309433]
[0.344767, 0.437066, -0.499588, 0.323112, 0.425698]
[0.54464, 0.244112, -0.499871, 0.239758, 0.009872]
[0.450975, 0.305644, -0.499211, 0.260761, 0.124403]
[0.445685, 0.48712, -0.499088, 0.250339, 0.274894]
[0.652894, 0.317562, -0.498748, 0.383884, 0.329957]
[0.297062, 0.330774, -0.498955, 0.458483, 0.454045]
[0.547938, 0.447634, -0.499241, 0.430834, 0.461538]
[0.499277, 0.440969, -0.498829, 0.302072, 0.017778]
[0.57562, 0.126795, -0.499172, 0.400243, 0.46454]
[0.38046, 0.401344, -0.498498, 0.453482, 0.475254]
[0.571392, 0.364237, -0.499652, 0.37855, 0.070217]
[0.605715, 0.490549, -0.498924, 0.432413, 0.191568]
[0.505329, 0.241165, -0.498999, 0.261532, 0.49867]
[0.499825, 0.444411, -0.499155, 0.462055, 0.022171]
[0.286332, 0.310863, -0.498627, 0.288708, 0.189583]
[0.66196, 0.354771, -0.499269, 0.458141, 0.130198]
[0.516927, 0.487128, -0.499643, 0.362291, 0.087867]
[0.467628, 0.247272, -0.499182, 0.33249, 0.135341]
[0.612949, 0.369251, -0.49887, 0.470188, 0.395111]
[0.359939, 0.486466, -0.499971, 0.488693, 0.125999]
[0.554082, 0.333897, -0.498633, 0.346716, 0.465336]
[0.554921, 0.238813, -0.498534, 0.364721, 0.293186]
[0.49275, 0.300137, -0.499997, 0.326273, 0.349897]
[0.517714, 0.239747, -0.499015, 0.245976, 0.04059]
[0.631082, 0.479873, -0.499714, 0.30971, 0.169889]
[0.449742, 0.352875, -0.498458, 0.296803, 0.058683]
[0.578259, 0.142321, -0.499446, 0.277818, 0.168056]
[0.478139, 0.44166, -0.499999, 0.498949, 0.410062]
[0.401391, 0.292948, -0.4995, 0.283736, 0.477449]
[0.620201, 0.228622, -0.499783, 0.469414, 0.000457]
[0.285889, 0.371092, -0.498557, 0.338159, 0.010408]
[0.417004, 0.462606, -0.49882, 0.312952, 0.438891]
[0.430056, 0.406397, -0.499414, 0.25918, 0.065751]
[0.528097, 0.482192, -0.498897, 0.296927, 0.495034]
[0.58788, 0.365536, -0.498879, 0.351993, 0.273544]
[0.467658, 0.209386, -0.49984, 0.230014, 0.116951]
[0.48863, 0.139127, -0.499831, 0.489263, 0.293864]
[0.509033, 0.469785, -0.498735, 0.471789, 0.254806]
[0.29718, 0.262317, -0.498768, 0.435787, 0.020654]
[0.52986, 0.34318, -0.499399, 0.360369, 0.410056]
[0.28673, 0.3202, -0.498416, 0.483565, 0.325249]
[0.317446, 0.441284, -0.499064, 0.443536, 0.248896]
[0.29131, 0.314285, -0.498701, 0.414007, 0.459216]
[0.63785, 0.254395, -0.49882, 0.383355, 0.152557]
[0.522302, 0.220644, -0.499351, 0.433094, 0.345071]
[0.365764, 0.138871, -0.499513, 0.423241, 0.280721]
[0.432456, 0.447509, -0.499332, 0.283476, 0.233606]
[0.437493, 0.137724, -0.499214, 0.46469, 0.446156]
[0.580823, 0.192972, -0.498601, 0.493428, 0.445801]
[0.447015, 0.125323, -0.498702, 0.262839, 0.300821]
[0.525106, 0.433148, -0.499071, 0.439037, 0.077056]
[0.353609, 0.324174, -0.499746, 0.30052, 0.041998]
[0.417415, 0.2971, -0.498469, 0.353186, 0.347511]
[0.390609, 0.275577, -0.499424, 0.459253, 0.298645]
[0.366717, 0.170378, -0.499765, 0.367145, 0.140516]
[0.678174, 0.315523, -0.49939, 0.439535, 0.363055]
[0.284487, 0.459228, -0.499424, 0.44938, 0.054479]
[0.667438, 0.442258, -0.498745, 0.282205, 0.338935]
[0.39113, 0.248093, -0.499591, 0.344433, 0.142053]
[0.279829, 0.373033, -0.499054, 0.319824, 0.446537]
[0.344087, 0.260253, -0.499533, 0.470035, 0.24784]
[0.344324, 0.400223, -0.498441, 0.423952, 0.274346]
[0.454928, 0.25044, -0.499194, 0.402807, 0.345454]
[0.286335, 0.137722, -0.499896, 0.433926, 0.235067]
[0.344463, 0.462119, -0.499134, 0.38481, 0.417401]
[0.661788, 0.337457, -0.499232, 0.326538, 0.350969]
[0.314557, 0.223719, -0.499944, 0.27276, 0.237528]
[0.665947, 0.402292, -0.49865, 0.314245, 0.118142]
[0.51325, 0.194041, -0.498425, 0.477337, 0.045896]
[0.51423, 0.301611, -0.498972, 0.486498, 0.459688]
[0.42864, 0.268092, -0.499792, 0.36506, 0.113386]
[0.309764, 0.120339, -0.499283, 0.474024, 0.428995]
[0.660274, 0.198537, -0.498479, 0.480626, 0.447039]
[0.561286, 0.487459, -0.499163, 0.307976, 0.177349]
[0.443631, 0.233507, -0.498879, 0.400156, 0.432886]
[0.609462, 0.299129, -0.499283, 0.299431, 0.14027]
[0.341041, 0.117294, -0.499735, 0.359154, 0.397895]
[0.647117, 0.345891, -0.499845, 0.367129, 0.306001]
[0.585848, 0.149432, -0.499237, 0.291224, 0.473352]
[0.514114, 0.282665, -0.499305, 0.498187, 0.478088]
[0.512847, 0.343807, -0.498815, 0.299595, 0.365763]
[0.659864, 0.164651, -0.498891, 0.478483, 0.300274]
[0.649444, 0.30375, -0.499884, 0.440722, 0.035637]
[0.562812, 0.499654, -0.499954, 0.29294, 0.203151]
[0.413837, 0.347241, -0.499223, 0.380321, 0.316878]
[0.319199, 0.471379, -0.498924, 0.477404, 0.320332]
[0.506529, 0.123405, -0.498639, 0.279592, 0.283311]
[0.647461, 0.381846, -0.498453, 0.427236, 0.009267]
[0.65283, 0.459364, -0.498653, 0.478141, 0.269892]
[0.524096, 0.17692, -0.498935, 0.464586, 0.057772]
[0.62044, 0.2002, -0.498501, 0.335718, 0.228393]
[0.578889, 0.420081, -0.499039, 0.285143, 0.499933]
[0.514538, 0.296796, -0.499108, 0.49032, 0.445235]
[0.334993, 0.196319, -0.499295, 0.422595, 0.19328]
[0.613033, 0.15454, -0.499197, 0.279036, 0.279899]
[0.642259, 0.299836, -0.499925, 0.277252, 0.149506]
[0.303241, 0.48142, -0.498416, 0.382277, 0.002277]
[0.515829, 0.262822, -0.498463, 0.378098, 0.087775]
[0.37149, 0.466293, -0.498747, 0.460257, 0.432909]
[0.484866, 0.129295, -0.499577, 0.246257, 0.224421]
[0.646894, 0.314013, -0.498945, 0.253009, 0.31474]
[0.500446, 0.453776, -0.499316, 0.303233, 0.47101]
[0.617909, 0.498301, -0.498731, 0.461816, 0.392918]
[0.532715, 0.373643, -0.498506, 0.378549, 0.340572]
[0.547845, 0.204986, -0.49954, 0.458995, 0.241568]
[0.661664, 0.340095, -0.499933, 0.235358, 0.000484]
[0.484142, 0.22867, -0.499284, 0.442549, 0.196994]
[0.471433, 0.220802, -0.49983, 0.399116, 0.062719]
[0.652755, 0.431461, -0.499924, 0.348854, 0.498293]
[0.563892, 0.316745, -0.499846, 0.408863, 0.190922]
[0.52001, 0.126366, -0.499063, 0.294701, 0.174576]
[0.523585, 0.468302, -0.499388, 0.478061, 0.237226]
[0.54736, 0.201836, -0.498913, 0.284084, 0.005224]
[0.476311, 0.305626, -0.499264, 0.496435, 0.345546]
[0.678914, 0.300726, -0.49922, 0.29292, 0.436151]
[0.499309, 0.43828, -0.499782, 0.257221, 0.302543]
[0.662255, 0.406199, -0.498985, 0.289026, 0.179759]
[0.463701, 0.428126, -0.49849, 0.468198, 0.311311]
[0.504668, 0.431567, -0.499958, 0.342861, 0.224554]
[0.385661, 0.207033, -0.499094, 0.28152, 0.284003]
[0.397049, 0.349391, -0.499818, 0.283179, 0.010631]
[0.287816, 0.280804, -0.499211, 0.329504, 0.295402]
[0.451617, 0.386205, -0.499611, 0.475557, 0.417366]
[0.289417, 0.214568, -0.499131, 0.402289, 0.096365]
[0.656713, 0.356907, -0.498827, 0.39451, 0.444986]
[0.394653, 0.182471, -0.499789, 0.332336, 0.319937]
[0.450808, 0.437739, -0.498435, 0.360669, 0.313153]
[0.332439, 0.215781, -0.499087, 0.311998, 0.048736]
[0.286936, 0.399065, -0.499324, 0.461853, 0.344176]
[0.656308, 0.41657, -0.49999, 0.450646, 0.45552]
[0.464988, 0.486312, -0.498695, 0.329141, 0.321955]
[0.499823, 0.399632, -0.499626, 0.464408, 0.328525]
[0.345942, 0.439613, -0.499494, 0.469096, 0.186691]
[0.502321, 0.28431, -0.49974, 0.352825, 0.335984]
[0.65691, 0.378017, -0.499003, 0.359345, 0.366368]
[0.654871, 0.382599, -0.499078, 0.403387, 0.135172]
[0.284514, 0.16645, -0.499919, 0.438615, 0.3893]
[0.345126, 0.236754, -0.499898, 0.292295, 0.122157]
[0.614321, 0.465561, -0.499875, 0.496593, 0.156408]
[0.502211, 0.14934, -0.498461, 0.30645, 0.143003]
[0.456771, 0.387461, -0.499965, 0.486241, 0.433889]
[0.661252, 0.475911, -0.498805, 0.280474, 0.107463]
[0.423361, 0.266714, -0.499439, 0.406427, 0.441668]
[0.281145, 0.169023, -0.498546, 0.3209, 0.285485]
[0.486142, 0.223501, -0.499951, 0.396633, 0.030562]
[0.526569, 0.261032, -0.49894, 0.338805, 0.473408]
[0.433547, 0.16781, -0.498917, 0.256132, 0.424114]
[0.37142, 0.120191, -0.498942, 0.357709, 0.324686]
[0.371368, 0.462741, -0.499995, 0.348194, 0.323827]
[0.471061, 0.424232, -0.498753, 0.288343, 0.220271]
[0.637963, 0.480225, -0.4998, 0.329486, 0.243549]
[0.648391, 0.489922, -0.499492, 0.487718, 0.370507]
[0.662053, 0.189803, -0.498993, 0.293289, 0.126727]
[0.540966, 0.132386, -0.499985, 0.308437, 0.475436]
[0.536102, 0.404238, -0.499662, 0.470722, 0.477901]
[0.311776, 0.289485, -0.498936, 0.465932, 0.068083]
[0.596187, 0.33357, -0.499204, 0.280096, 0.357082]
[0.385801, 0.449864, -0.499286, 0.252416, 0.352739]
[0.674997, 0.386184, -0.499014, 0.436407, 0.201188]
[0.528814, 0.40829, -0.499628, 0.480968, 0.188873]
[0.465786, 0.117451, -0.498441, 0.284228, 0.420907]
[0.380598, 0.119766, -0.499034, 0.257956, 0.341877]
[0.42061, 0.30895, -0.498625, 0.470619, 0.165977]
[0.450382, 0.272696, -0.49862, 0.319802, 0.395394]
[0.627536, 0.400511, -0.499213, 0.428056, 0.07893]
[0.533729, 0.25645, -0.498546, 0.415002, 0.10429]
[0.622169, 0.490185, -0.499545, 0.392528, 0.262727]
[0.382, 0.272066, -0.499541, 0.402651, 0.186724]
[0.495274, 0.433148, -0.499465, 0.465384, 0.429832]
[0.45053, 0.286088, -0.499917, 0.433305, 0.25979]
[0.675773, 0.445141, -0.499265, 0.331636, 0.442836]
[0.393884, 0.124165, -0.499725, 0.319617, 0.266564]
[0.532107, 0.489236, -0.499461, 0.451979, 0.182623]
[0.618186, 0.278835, -0.499623, 0.343107, 0.189198]
[0.622846, 0.117114, -0.499496, 0.399026, 0.197865]
[0.607933, 0.207397, -0.49897, 0.371819, 0.379712]
[0.438592, 0.248286, -0.498918, 0.351624, 0.20327]
[0.315565, 0.25932, -0.499661, 0.419463, 0.204467]
[0.349214, 0.433094, -0.498603, 0.258072, 0.235634]
[0.498394, 0.12831, -0.49983, 0.281357, 0.384974]
[0.311316, 0.150679, -0.499013, 0.266986, 0.243333]
[0.554509, 0.336423, -0.499247, 0.324671, 0.274562]
[0.484277, 0.435525, -0.49895, 0.388381, 0.136213]
[0.659781, 0.233656, -0.49922, 0.362838, 0.156506]
[0.287662, 0.193524, -0.49969, 0.491929, 0.368743]
[0.458391, 0.317905, -0.499114, 0.291661, 0.19798]
[0.342393, 0.132616, -0.499438, 0.446502, 0.339564]
[0.309559, 0.294353, -0.499763, 0.435377, 0.496636]
[0.523613, 0.144285, -0.498894, 0.490469, 0.272507]
[0.567857, 0.388853, -0.49907, 0.30681, 0.452956]
[0.402375, 0.304208, -0.49939, 0.239929, 0.445305]
[0.578189, 0.490534, -0.499957, 0.378447, 0.228579]
[0.306953, 0.495333, -0.499363, 0.437165, 0.197177]
[0.282757, 0.400862, -0.4993, 0.472832, 0.305321]
[0.410211, 0.476962, -0.499726, 0.296386, 0.224581]
[0.324681, 0.157103, -0.499948, 0.296214, 0.361782]
[0.635055, 0.442573, -0.499758, 0.469724, 0.023033]
[0.435134, 0.114192, -0.49884, 0.474847, 0.143749]
[0.311248, 0.302268, -0.498651, 0.416325, 0.354916]
[0.279227, 0.285165, -0.498581, 0.439961, 0.044225]
[0.311169, 0.382231, -0.499694, 0.489812, 0.246943]
[0.63007, 0.335962, -0.499105, 0.407307, 0.207743]
[0.418058, 0.371639, -0.499427, 0.414798, 0.117035]
[0.357495, 0.466541, -0.499993, 0.325911, 0.252506]
[0.608976, 0.443665, -0.498579, 0.278876, 0.349244]
[0.620577, 0.273652, -0.49924, 0.492253, 0.104672]
[0.302775, 0.421148, -0.499489, 0.426255, 0.441635]
[0.424181, 0.282115, -0.499972, 0.306378, 0.300402]
[0.612722, 0.496372, -0.499262, 0.45669, 0.124106]
[0.671548, 0.461505, -0.499849, 0.32593, 0.218888]
[0.31894, 0.448731, -0.49944, 0.229213, 0.460083]
[0.428073, 0.498297, -0.499121, 0.297493, 0.285943]
[0.514361, 0.186284, -0.498928, 0.239152, 0.43848]
[0.458561, 0.148843, -0.499572, 0.247857, 0.170859]
[0.31123, 0.474926, -0.498648, 0.393239, 0.073433]
[0.296055, 0.43472, -0.499882, 0.272128, 0.074629]
[0.348597, 0.192061, -0.499671, 0.256749, 0.374733]
[0.562548, 0.411912, -0.499538, 0.352492, 0.162401]
[0.608213, 0.38997, -0.49928, 0.307225, 0.395046]
[0.603309, 0.37533, -0.498672, 0.420068, 0.250336]
[0.526142, 0.403901, -0.498964, 0.439951, 0.164084]
[0.630252, 0.121919, -0.499944, 0.361437, 0.400724]
[0.373324, 0.372084, -0.498755, 0.33599, 0.4495]
[0.306095, 0.144744, -0.498988, 0.430184, 0.276035]
[0.531387, 0.132172, -0.499373, 0.243246, 0.053555]
[0.490269, 0.300973, -0.49973, 0.309108, 0.157531]
[0.566192, 0.298859, -0.498413, 0.299707, 0.348437]
[0.394386, 0.489282, -0.499912, 0.276565, 0.138193]
[0.617442, 0.372949, -0.499523, 0.439506, 0.366801]
[0.530129, 0.360254, -0.49861, 0.328423, 0.350836]
[0.66618, 0.313256, -0.498997, 0.266943, 0.436844]
[0.630896, 0.167518, -0.4985, 0.315029, 0.317921]
[0.297584, 0.352979, -0.499526, 0.386337, 0.404784]
[0.322712, 0.189207, -0.499838, 0.279308, 0.103803]
[0.351695, 0.352354, -0.499552, 0.233932, 0.033297]
[0.333399, 0.481018, -0.498442, 0.408422, 0.396104]
[0.374541, 0.409696, -0.498689, 0.443915, 0.111989]
[0.507372, 0.244552, -0.499973, 0.256062, 0.227361]
[0.376478, 0.219057, -0.498855, 0.459659, 0.262976]
[0.544216, 0.15013, -0.499504, 0.277409, 0.316019]
[0.610322, 0.32872, -0.498702, 0.454396, 0.120194]
[0.435719, 0.111745, -0.499448, 0.475076, 0.394559]
[0.38221, 0.297458, -0.499738, 0.353719, 0.062109]
[0.479016, 0.462229, -0.499816, 0.338993, 0.480465]
[0.412076, 0.197347, -0.499064, 0.385874, 0.357724]
[0.411737, 0.370648, -0.498661, 0.403236, 0.352639]
[0.56953, 0.418253, -0.499288, 0.363256, 0.097115]
[0.276529, 0.457984, -0.499306, 0.372113, 0.387099]
[0.468943, 0.187953, -0.498611, 0.262417, 0.248679]
[0.653419, 0.236688, -0.498934, 0.380889, 0.05652]
[0.401804, 0.30171, -0.498815, 0.298562, 0.314891]
[0.544531, 0.425611, -0.498487, 0.274794, 0.297012]
[0.560196, 0.436914, -0.499489, 0.294565, 0.255525]
[0.654248, 0.232942, -0.499292, 0.499918, 0.176358]
[0.499747, 0.341752, -0.499875, 0.378605, 0.479457]
[0.294252, 0.378391, -0.499958, 0.476635, 0.464364]
[0.28477, 0.27131, -0.498471, 0.281611, 0.024681]
[0.418355, 0.422214, -0.49958, 0.381472, 0.483541]
[0.635783, 0.330158, -0.498507, 0.313229, 0.07822]
[0.424538, 0.460569, -0.499923, 0.34952, 0.087067]
[0.607943, 0.356559, -0.49898, 0.433674, 0.115623]
[0.39711, 0.148293, -0.499245, 0.450701, 0.344611]
[0.669311, 0.35785, -0.498461, 0.384408, 0.280092]
[0.282006, 0.297192, -0.499639, 0.326742, 0.080888]
[0.612661, 0.317612, -0.49933, 0.437363, 0.308363]
[0.311774, 0.264833, -0.499936, 0.471636, 0.471075]
[0.564478, 0.214995, -0.498555, 0.359521, 0.16288]
[0.321312, 0.142974, -0.499213, 0.497816, 0.12858]
[0.492957, 0.41468, -0.49937, 0.490267, 0.27445]
[0.676214, 0.430837, -0.4989, 0.257206, 0.08289]
[0.374488, 0.280033, -0.498622, 0.468891, 0.325863]
[0.512863, 0.135313, -0.498833, 0.409071, 0.423158]
[0.630712, 0.121203, -0.498686, 0.342107, 0.220826]
[0.677712, 0.198584, -0.499265, 0.342959, 0.409669]
[0.271932, 0.495952, -0.499119, 0.320848, 0.120118]
[0.638075, 0.489492, -0.498917, 0.360151, 0.401931]
[0.36673, 0.298805, -0.499726, 0.237091, 0.012765]
[0.486688, 0.26299, -0.49917, 0.244735, 0.160414]
[0.331259, 0.317309, -0.499377, 0.307363, 0.47569]
[0.329249, 0.215568, -0.498703, 0.400585, 0.197377]
[0.524645, 0.41621, -0.499929, 0.386498, 0.438896]
[0.590853, 0.367284, -0.499571, 0.429254, 0.012581]
[0.675275, 0.479785, -0.499442, 0.2588, 0.304055]
[0.331949, 0.443249, -0.49969, 0.238865, 0.346174]
[0.610106, 0.176388, -0.499954, 0.315477, 0.323682]
[0.45417, 0.460883, -0.498769, 0.32398, 0.259172]
[0.411878, 0.176745, -0.499728, 0.434024, 0.074922]
[0.621874, 0.211835, -0.49887, 0.493382, 0.295395]
[0.526751, 0.36167, -0.49843, 0.305609, 0.394516]
[0.649611, 0.291298, -0.499581, 0.300638, 0.442419]
[0.584364, 0.12125, -0.499163, 0.429305, 0.479065]
[0.370283, 0.28, -0.499056, 0.394945, 0.269026]
[0.614991, 0.158797, -0.499995, 0.254983, 0.103666]
[0.598624, 0.275731, -0.499189, 0.327833, 0.073782]
[0.292286, 0.477691, -0.498562, 0.242083, 0.002974]
[0.577569, 0.237942, -0.499051, 0.493437, 0.469436]
[0.359744, 0.343348, -0.499396, 0.491938, 0.099386]
[0.394094, 0.204182, -0.498548, 0.461025, 0.225922]
[0.450205, 0.230939, -0.498693, 0.232828, 0.032951]
[0.607429, 0.348383, -0.499929, 0.486765, 0.021645]
[0.353512, 0.344795, -0.499956, 0.4669, 0.413651]
[0.431007, 0.399962, -0.498412, 0.484211, 0.426139]
[0.271541, 0.184525, -0.499879, 0.350747, 0.32639]
[0.413561, 0.327987, -0.499074, 0.325996, 0.338116]
[0.535707, 0.426111, -0.499212, 0.431862, 0.053247]
[0.533374, 0.452737, -0.499632, 0.373766, 0.310809]
[0.349041, 0.441744, -0.498783, 0.449899, 0.472165]
[0.482644, 0.49509, -0.498591, 0.46043, 0.419111]
[0.360383, 0.397265, -0.499789, 0.312427, 0.213504]
[0.589692, 0.404213, -0.499226, 0.470193, 0.151025]
[0.61223, 0.145978, -0.499952, 0.409437, 0.203181]
[0.390265, 0.49736, -0.499653, 0.22938, 0.410389]
[0.431951, 0.333045, -0.499225, 0.288201, 0.12162]
[0.627932, 0.340065, -0.49901, 0.444908, 0.108092]
[0.442397, 0.472711, -0.499236, 0.497271, 0.415396]
[0.454735, 0.260221, -0.499317, 0.245565, 0.107875]
[0.286623, 0.215944, -0.498736, 0.307688, 0.195819]
[0.427477, 0.157597, -0.498936, 0.236864, 0.319059]
[0.347099, 0.325367, -0.498775, 0.281471, 0.10185]
[0.295614, 0.358076, -0.49915, 0.486007, 0.039592]
[0.303672, 0.137179, -0.499626, 0.336702, 0.369995]
[0.513223, 0.303023, -0.499679, 0.239393, 0.491654]
[0.405546, 0.397408, -0.498814, 0.364568, 0.472216]
[0.535059, 0.151517, -0.499991, 0.266608, 0.271257]
[0.409264, 0.441701, -0.499616, 0.369991, 0.471989]
[0.629856, 0.258643, -0.499267, 0.426877, 0.15009]
[0.547718, 0.352352, -0.499727, 0.47638, 0.398651]
[0.517471, 0.294258, -0.499781, 0.332331, 0.490409]
[0.505921, 0.31209, -0.498715, 0.323286, 0.063561]
[0.620865, 0.250774, -0.498682, 0.266536, 0.303426]
[0.526918, 0.319697, -0.498502, 0.423304, 0.026549]
[0.645047, 0.21396, -0.499088, 0.34956, 0.230587]
[0.289936, 0.269336, -0.499531, 0.235017, 0.034333]
[0.499094, 0.439667, -0.499392, 0.327626, 0.134375]
[0.526764, 0.416641, -0.499887, 0.409948, 0.264472]
[0.605988, 0.411793, -0.499946, 0.459883, 0.262796]
[0.360908, 0.148571, -0.498802, 0.32617, 0.270725]
[0.494414, 0.411455, -0.498671, 0.441036, 0.129799]
[0.577253, 0.32282, -0.499908, 0.32841, 0.289049]
[0.674726, 0.326681, -0.498933, 0.28281, 0.473286]
[0.534969, 0.252965, -0.498823, 0.336475, 0.198493]
[0.270359, 0.231978, -0.499463, 0.334494, 0.022223]
[0.394789, 0.218917, -0.498586, 0.23195, 0.394662]
[0.564675, 0.185287, -0.498825, 0.452875, 0.378029]
[0.597055, 0.156297, -0.499264, 0.357152, 0.183515]
[0.483522, 0.311854, -0.498765, 0.30875, 0.114179]
[0.411336, 0.402109, -0.499355, 0.492393, 0.279473]
[0.292372, 0.498987, -0.498994, 0.444174, 0.302523]
[0.393018, 0.437393, -0.499794, 0.489624, 0.302606]
[0.518863, 0.116041, -0.499384, 0.429947, 0.243994]
[0.64162, 0.446533, -0.499364, 0.384055, 0.127624]
[0.654796, 0.486318, -0.499449, 0.396388, 0.218031]
[0.332934, 0.473026, -0.499584, 0.425968, 0.193892]
[0.324804, 0.27201, -0.498575, 0.289898, 0.036998]
[0.6496, 0.252689, -0.498679, 0.281675, 0.032447]
[0.375497, 0.326291, -0.499032, 0.342488, 0.21942]
[0.458088, 0.390436, -0.499266, 0.454579, 0.123605]
[0.653022, 0.466272, -0.498989, 0.437079, 0.038482]
[0.327762, 0.304877, -0.498749, 0.238518, 0.003581]
[0.588931, 0.289196, -0.499635, 0.413276, 0.467275]
[0.541713, 0.370859, -0.498743, 0.246648, 0.472514]
[0.284371, 0.318458, -0.49874, 0.300346, 0.363017]
[0.570112, 0.268987, -0.498765, 0.489475, 0.138182]
[0.666682, 0.317642, -0.499088, 0.43616, 0.379376]
[0.498159, 0.281934, -0.499797, 0.318242, 0.000254]
[0.643211, 0.419529, -0.499983, 0.396248, 0.400297]
[0.298773, 0.245015, -0.499054, 0.233183, 0.460415]
[0.40247, 0.164077, -0.498919, 0.485966, 0.060077]
[0.312368, 0.373883, -0.499315, 0.259153, 0.090499]
[0.415336, 0.330338, -0.499158, 0.243353, 0.318782]
[0.396396, 0.246342, -0.499241, 0.338695, 0.264684]
[0.512989, 0.312081, -0.499699, 0.429927, 0.490356]
[0.513007, 0.212174, -0.499017, 0.37524, 0.011855]
[0.617684, 0.206333, -0.49993, 0.491593, 0.161032]
[0.592054, 0.218826, -0.499551, 0.412587, 0.081182]
[0.5484, 0.435013, -0.498491, 0.347356, 0.288573]
[0.3642, 0.173678, -0.498951, 0.265053, 0.059568]
[0.46309, 0.354123, -0.498967, 0.310995, 0.224946]
[0.39775, 0.4476, -0.499935, 0.384114, 0.152769]
[0.397295, 0.221835, -0.499911, 0.328819, 0.499765]
[0.460827, 0.129497, -0.499779, 0.465912, 0.438097]
[0.431069, 0.442565, -0.498711, 0.390632, 0.495039]
[0.361194, 0.321979, -0.4989, 0.318479, 0.349232]
[0.531196, 0.233322, -0.498844, 0.303206, 0.468004]
[0.339448, 0.287156, -0.49865, 0.465609, 0.001387]
[0.286317, 0.386144, -0.498648, 0.248706, 0.363832]
[0.624709, 0.155742, -0.498531, 0.233689, 0.390908]
[0.500206, 0.498889, -0.498794, 0.490123, 0.197698]
[0.377437, 0.154432, -0.499566, 0.423366, 0.033764]
[0.620506, 0.286979, -0.49935, 0.310439, 0.221518]
[0.633073, 0.121761, -0.499734, 0.448522, 0.107008]
[0.421482, 0.496454, -0.499105, 0.248478, 0.305003]
[0.387184, 0.32074, -0.499322, 0.482385, 0.336131]
[0.380512, 0.399434, -0.499246, 0.345953, 0.45002]
[0.351948, 0.499513, -0.499531, 0.411529, 0.480103]
[0.628967, 0.182717, -0.499062, 0.466307, 0.439374]
[0.277333, 0.213876, -0.499868, 0.33947, 0.043164]
[0.449593, 0.491781, -0.499365, 0.416984, 0.235383]
[0.269598, 0.352432, -0.498958, 0.377658, 0.32061]
[0.61136, 0.291078, -0.498887, 0.393775, 0.371829]
[0.392948, 0.443957, -0.499668, 0.279521, 0.313738]
[0.335754, 0.245397, -0.499898, 0.371437, 0.482261]
[0.292681, 0.48421, -0.499962, 0.278234, 0.334626]
[0.613663, 0.434321, -0.498881, 0.382925, 0.186425]
[0.463884, 0.250627, -0.498845, 0.495138, 0.211304]
[0.469938, 0.298853, -0.49935, 0.398462, 0.2072]
[0.49326, 0.303327, -0.499745, 0.400989, 0.233908]
[0.416247, 0.20153, -0.499918, 0.23781, 0.264865]
[0.643653, 0.323392, -0.49863, 0.236924, 0.003543]
[0.397021, 0.410249, -0.499911, 0.426074, 0.480397]
[0.330851, 0.166307, -0.498822, 0.27289, 0.42039]
[0.555846, 0.280244, -0.499384, 0.233914, 0.141622]
[0.356829, 0.264694, -0.499214, 0.331991, 0.130888]
[0.650677, 0.476952, -0.499812, 0.273292, 0.195358]
[0.476361, 0.21851, -0.499437, 0.291792, 0.154106]
[0.516472, 0.421996, -0.499176, 0.477964, 0.473801]
[0.393496, 0.316388, -0.498849, 0.306967, 0.317917]
[0.306723, 0.192001, -0.49882, 0.487014, 0.326121]
[0.486419, 0.434683, -0.499407, 0.373796, 0.371031]
[0.306892, 0.129842, -0.4985, 0.473662, 0.426731]
[0.338094, 0.23758, -0.498549, 0.426115, 0.454016]
[0.615103, 0.281505, -0.499236, 0.475899, 0.167248]
[0.394077, 0.465423, -0.499652, 0.411529, 0.222654]
[0.614078, 0.176594, -0.498419, 0.349036, 0.460924]
[0.35822, 0.421463, -0.498801, 0.458757, 0.228623]
[0.614876, 0.426688, -0.499179, 0.409, 0.395999]
[0.634878, 0.355218, -0.499419, 0.294853, 0.324729]
[0.372932, 0.391471, -0.499789, 0.470578, 0.4184]
[0.675096, 0.230922, -0.499047, 0.305437, 0.03643]
[0.375677, 0.372272, -0.499615, 0.455735, 0.172208]
[0.475382, 0.290264, -0.499981, 0.245539, 0.297245]
[0.533363, 0.23392, -0.499426, 0.405225, 0.005054]
[0.276779, 0.372163, -0.499293, 0.404163, 0.105802]
[0.588803, 0.303507, -0.498908, 0.485658, 0.009413]
[0.345483, 0.244556, -0.49986, 0.443793, 0.047898]
[0.66086, 0.327802, -0.499163, 0.242493, 0.406142]
[0.292818, 0.457378, -0.499906, 0.456082, 0.490117]
[0.547097, 0.17871, -0.498947, 0.389355, 0.182806]
[0.573643, 0.475777, -0.499798, 0.390726, 0.075061]
[0.576705, 0.316256, -0.499022, 0.261315, 0.185671]
[0.433815, 0.118336, -0.499325, 0.3628, 0.438972]
[0.527514, 0.111518, -0.49863, 0.2912, 0.227337]
[0.451255, 0.490898, -0.499587, 0.459312, 0.316024]
[0.543465, 0.259983, -0.498658, 0.298094, 0.352236]
[0.576628, 0.417891, -0.499297, 0.490396, 0.198243]
[0.342529, 0.171441, -0.498577, 0.324614, 0.133653]
[0.552792, 0.34835, -0.498567, 0.235509, 0.464729]
[0.386706, 0.281169, -0.498485, 0.371529, 0.324217]
[0.604102, 0.224319, -0.499513, 0.343661, 0.084082]
[0.663654, 0.153328, -0.49853, 0.303697, 0.063391]
[0.659602, 0.452411, -0.499872, 0.397117, 0.315217]
[0.30733, 0.3341, -0.498838, 0.439777, 0.390509]
[0.488886, 0.284765, -0.499044, 0.235167, 0.174928]
[0.398135, 0.339071, -0.498532, 0.383729, 0.232124]
[0.455904, 0.309579, -0.499834, 0.369896, 0.376714]
[0.352026, 0.389811, -0.499899, 0.281724, 0.235949]
[0.590115, 0.217362, -0.49844, 0.484052, 0.11111]
[0.462878, 0.239272, -0.49973, 0.241565, 0.215472]
[0.665786, 0.435715, -0.498966, 0.286018, 0.198364]
[0.496638, 0.218162, -0.498764, 0.252718, 0.154303]
[0.355357, 0.219534, -0.499242, 0.460212, 0.317213]
[0.297317, 0.330729, -0.49938, 0.328436, 0.406632]
[0.43183, 0.136661, -0.498929, 0.346095, 0.230042]
[0.474479, 0.486683, -0.498656, 0.237784, 0.271928]
[0.518132, 0.191085, -0.498824, 0.414094, 0.442101]
[0.396044, 0.157003, -0.498701, 0.405121, 0.046139]
[0.577001, 0.145684, -0.499413, 0.448902, 0.063634]
[0.589195, 0.418907, -0.498791, 0.237133, 0.304138]
[0.521449, 0.156209, -0.499251, 0.306493, 0.118409]
[0.545083, 0.412876, -0.499694, 0.341952, 0.462154]
[0.590809, 0.411644, -0.498601, 0.357887, 0.396105]
[0.589164, 0.189047, -0.499984, 0.33431, 0.048819]
[0.368464, 0.260427, -0.499591, 0.435645, 0.177848]
[0.391992, 0.141651, -0.499717, 0.234215, 0.284132]
[0.520845, 0.22079, -0.498603, 0.353236, 0.330394]
[0.3826, 0.411691, -0.499018, 0.272545, 0.225839]
[0.626671, 0.17622, -0.499716, 0.478912, 0.243958]
[0.306558, 0.374738, -0.499308, 0.412364, 0.405739]
[0.556045, 0.179538, -0.498494, 0.325145, 0.325711]
[0.319044, 0.330595, -0.49922, 0.361906, 0.094233]
[0.585594, 0.430184, -0.498594, 0.26923, 0.275714]
[0.272802, 0.440924, -0.499823, 0.309068, 0.383372]
[0.276102, 0.178867, -0.499096, 0.438303, 0.359675]
[0.27353, 0.468606, -0.498513, 0.460143, 0.389339]
[0.653502, 0.179531, -0.499121, 0.427393, 0.416802]
[0.344361, 0.367868, -0.498878, 0.409996, 0.251649]
[0.485716, 0.366124, -0.499324, 0.331471, 0.026885]
[0.675282, 0.23967, -0.499551, 0.381511, 0.318292]
[0.345675, 0.333489, -0.499099, 0.428726, 0.391343]
[0.382533, 0.160119, -0.498631, 0.314386, 0.038228]
[0.614049, 0.478438, -0.498686, 0.453279, 0.327845]
[0.653495, 0.446788, -0.499281, 0.46363, 0.234151]
[0.518681, 0.476607, -0.498977, 0.432134, 0.190426]
[0.40258, 0.18318, -0.499336, 0.274557, 0.088337]
[0.56243, 0.303488, -0.498998, 0.333448, 0.164096]
[0.508184, 0.326674, -0.499257, 0.311936, 0.308098]
[0.360771, 0.204006, -0.499652, 0.260332, 0.356494]
[0.27778, 0.356895, -0.498667, 0.270194, 0.259976]
[0.389701, 0.196675, -0.498433, 0.39124, 0.060624]
[0.336448, 0.310651, -0.499889, 0.267884, 0.388084]
[0.560081, 0.201815, -0.499898, 0.27057, 0.367024]
[0.615349, 0.317946, -0.498946, 0.451213, 0.185448]
[0.679708, 0.145853, -0.498821, 0.382257, 0.09117]
[0.43007, 0.198981, -0.499281, 0.28391, 0.312569]
[0.538988, 0.145937, -0.499794, 0.431102, 0.212167]
[0.64702, 0.114868, -0.499149, 0.338685, 0.443854]
[0.381115, 0.225394, -0.499165, 0.296713, 0.108707]
[0.290933, 0.411499, -0.498448, 0.428769, 0.224446]
[0.637385, 0.117512, -0.499794, 0.461904, 0.378178]
[0.585393, 0.325393, -0.498464, 0.441418, 0.244443]
[0.537057, 0.328933, -0.498504, 0.267839, 0.303728]
[0.633989, 0.494013, -0.499384, 0.297669, 0.357571]
[0.331242, 0.294799, -0.498771, 0.301486, 0.151563]
[0.516604, 0.318696, -0.499793, 0.447807, 0.065368]
[0.388162, 0.482464, -0.4997, 0.447256, 0.324365]
[0.5235, 0.276431, -0.499688, 0.292375, 0.007817]
[0.35814, 0.499145, -0.498799, 0.330259, 0.307204]
[0.656189, 0.459192, -0.499418, 0.328703, 0.384663]
[0.622051, 0.189087, -0.498577, 0.494831, 0.196857]
[0.300527, 0.475715, -0.498818, 0.344058, 0.313951]
[0.599287, 0.221808, -0.499391, 0.299121, 0.419619]
[0.648681, 0.379676, -0.498424, 0.346344, 0.337719]
[0.525671, 0.493728, -0.498447, 0.302017, 0.463377]
[0.539499, 0.47552, -0.499083, 0.228277, 0.333526]
[0.348155, 0.24512, -0.499144, 0.277713, 0.329901]
[0.360993, 0.461166, -0.499143, 0.459299, 0.181961]
[0.393721, 0.4978, -0.498837, 0.310439, 0.29552]
[0.512111, 0.135325, -0.498883, 0.315588, 0.019103]
[0.485091, 0.393768, -0.498583, 0.340898, 0.092718]
[0.557058, 0.23205, -0.498621, 0.241367, 0.051645]
[0.677532, 0.11273, -0.49921, 0.33077, 0.108055]
[0.468731, 0.479767, -0.498588, 0.419315, 0.235848]
[0.456647, 0.250176, -0.499047, 0.418815, 0.077349]
[0.665037, 0.267717, -0.499227, 0.422154, 0.350801]
[0.485903, 0.169377, -0.498925, 0.409264, 0.308302]
[0.430218, 0.484068, -0.498644, 0.375892, 0.017172]
[0.607134, 0.169031, -0.499807, 0.477245, 0.137596]
[0.566382, 0.124135, -0.498411, 0.335141, 0.05621]
[0.557128, 0.440156, -0.499554, 0.364906, 0.207396]
[0.632481, 0.290123, -0.499853, 0.467755, 0.198619]
[0.416351, 0.313595, -0.499364, 0.244639, 0.466308]
[0.580499, 0.482024, -0.499846, 0.25121, 0.374457]
[0.540544, 0.127757, -0.49922, 0.30867, 0.39027]
[0.596454, 0.192772, -0.498566, 0.278523, 0.119651]
[0.497464, 0.482587, -0.49997, 0.300107, 0.156537]
[0.306572, 0.467166, -0.499893, 0.475917, 0.435755]
[0.373129, 0.390195, -0.498725, 0.386998, 0.411543]
[0.626801, 0.303327, -0.499232, 0.253284, 0.010883]
[0.327618, 0.243492, -0.499342, 0.456416, 0.169584]
[0.341334, 0.15048, -0.499497, 0.41699, 0.269315]
[0.302708, 0.423895, -0.499124, 0.279822, 0.140354]
[0.560318, 0.368164, -0.499036, 0.252487, 0.431822]
[0.549074, 0.135374, -0.498714, 0.344717, 0.293578]
[0.269307, 0.196777, -0.499818, 0.462949, 0.434491]
[0.290098, 0.389384, -0.498582, 0.441271, 0.461007]
[0.397196, 0.352436, -0.498736, 0.417039, 0.487523]
[0.570364, 0.20861, -0.499616, 0.248257, 0.101421]
[0.655805, 0.452966, -0.498735, 0.231139, 0.371966]
[0.574169, 0.306579, -0.49935, 0.280334, 0.365303]
[0.568334, 0.476021, -0.499783, 0.377955, 0.475353]
[0.664899, 0.379439, -0.49946, 0.404809, 0.34207]
[0.431894, 0.290992, -0.498694, 0.474787, 0.027796]
[0.300255, 0.220964, -0.499464, 0.49157, 0.215575]
[0.475771, 0.213465, -0.499385, 0.3367, 0.041624]
[0.51801, 0.480855, -0.498901, 0.317287, 0.157487]
[0.520236, 0.190436, -0.498451, 0.492295, 0.19229]
[0.288521, 0.290199, -0.499595, 0.276506, 0.219623]
[0.354551, 0.440445, -0.498871, 0.378608, 0.484249]
[0.608521, 0.200555, -0.499751, 0.227628, 0.042736]
[0.617033, 0.215655, -0.499727, 0.24679, 0.366674]
[0.516208, 0.395705, -0.499901, 0.383419, 0.385718]
[0.500166, 0.174498, -0.498893, 0.325071, 0.075715]
[0.372663, 0.364606, -0.498528, 0.33633, 0.349417]
[0.481731, 0.146188, -0.499578, 0.277576, 0.17244]
[0.373394, 0.341773, -0.498947, 0.38772, 0.337114]
[0.503537, 0.454704, -0.498916, 0.343984, 0.416914]
[0.354954, 0.418867, -0.49908, 0.288251, 0.111572]
[0.610498, 0.299529, -0.499062, 0.26481, 0.145114]
[0.392637, 0.26239, -0.49981, 0.424217, 0.368666]
[0.336769, 0.466102, -0.499461, 0.279618, 0.118294]
[0.45605, 0.240923, -0.499849, 0.429907, 0.139795]
[0.375339, 0.133956, -0.499057, 0.355373, 0.47372]
[0.521163, 0.345592, -0.49869, 0.432085, 0.298958]
[0.365299, 0.283564, -0.499457, 0.32833, 0.384834]
[0.414657, 0.135127, -0.499834, 0.358818, 0.391196]
[0.532276, 0.366497, -0.498802, 0.439504, 0.024285]
[0.406351, 0.453189, -0.498987, 0.438459, 0.36922]
[0.544983, 0.205589, -0.499808, 0.380891, 0.324121]
[0.51458, 0.410604, -0.499084, 0.348854, 0.419524]
[0.409853, 0.37303, -0.499631, 0.475077, 0.226514]
[0.300431, 0.302369, -0.498867, 0.443824, 0.445806]
[0.580868, 0.413329, -0.499728, 0.33816, 0.035268]
[0.460609, 0.337347, -0.498885, 0.463674, 0.251518]
[0.463958, 0.135537, -0.499297, 0.248943, 0.035681]
[0.646321, 0.389024, -0.498703, 0.423809, 0.334978]
[0.542757, 0.146008, -0.498894, 0.45145, 0.069112]
[0.357165, 0.122864, -0.499955, 0.39212, 0.466657]
[0.537701, 0.143349, -0.499344, 0.386641, 0.18605]
[0.643965, 0.33839, -0.498491, 0.434523, 0.210097]
[0.656361, 0.225843, -0.499695, 0.236689, 0.256156]
[0.655839, 0.164977, -0.498779, 0.310427, 0.390133]
[0.332374, 0.462214, -0.498628, 0.371674, 0.35586]
[0.29547, 0.33699, -0.499016, 0.294435, 0.2465]
[0.555034, 0.369755, -0.499369, 0.349776, 0.265057]
[0.639331, 0.301821, -0.498815, 0.25329, 0.47432]
[0.418852, 0.125346, -0.498518, 0.412798, 0.176735]
[0.378721, 0.261475, -0.498578, 0.292648, 0.022936]
[0.588822, 0.373597, -0.498641, 0.356503, 0.341168]
[0.628184, 0.174721, -0.498479, 0.45764, 0.029025]
[0.637437, 0.130771, -0.499324, 0.38623, 0.497905]
[0.329576, 0.37197, -0.499988, 0.306191, 0.068023]
[0.465332, 0.4052, -0.49916, 0.478481, 0.201879]
[0.379611, 0.115879, -0.498796, 0.372667, 0.132675]
[0.550883, 0.413835, -0.498998, 0.346043, 0.337426]
[0.370547, 0.332484, -0.498672, 0.316932, 0.003806]
[0.434032, 0.260761, -0.499779, 0.307405, 0.191951]
[0.64855, 0.151724, -0.498812, 0.36958, 0.191493]
[0.619786, 0.445722, -0.498931, 0.453534, 0.198126]
[0.343401, 0.346745, -0.499045, 0.276874, 0.097256]
[0.453945, 0.42554, -0.498657, 0.435286, 0.201983]
[0.387691, 0.279497, -0.499365, 0.487724, 0.281467]
[0.674203, 0.324552, -0.49903, 0.418609, 0.499872]
[0.363034, 0.326635, -0.498897, 0.425054, 0.048648]
[0.643282, 0.313626, -0.499429, 0.255763, 0.220427]
[0.443074, 0.136905, -0.499605, 0.240262, 0.068572]
[0.465099, 0.354397, -0.498653, 0.492013, 0.088113]
[0.329144, 0.427477, -0.498551, 0.495129, 0.222949]
[0.510663, 0.479533, -0.499337, 0.432256, 0.235167]
[0.303242, 0.405987, -0.499159, 0.436848, 0.02881]
[0.464039, 0.140366, -0.499433, 0.440968, 0.135973]
[0.504994, 0.253898, -0.499463, 0.270691, 0.392205]
[0.554065, 0.375244, -0.498982, 0.436226, 0.373833]
[0.437249, 0.13336, -0.499262, 0.324453, 0.225823]
[0.603249, 0.468154, -0.499712, 0.237831, 0.181665]
[0.608329, 0.113708, -0.499561, 0.360372, 0.161267]
[0.561848, 0.258868, -0.499978, 0.379171, 0.075826]
[0.372538, 0.224857, -0.499392, 0.424558, 0.030269]
[0.354727, 0.320084, -0.499171, 0.274564, 0.174477]
[0.478703, 0.217348, -0.499812, 0.275928, 0.323987]
[0.662227, 0.306273, -0.499559, 0.44059, 0.430817]
[0.499189, 0.22446, -0.499695, 0.27633, 0.131809]
[0.511387, 0.135558, -0.498794, 0.482696, 0.00283]
[0.304173, 0.214181, -0.498415, 0.2946, 0.279251]
[0.60813, 0.13263, -0.498502, 0.425814, 0.290363]
[0.583286, 0.19542, -0.499923, 0.345038, 0.228107]
[0.529521, 0.32232, -0.498994, 0.369076, 0.021062]
[0.38382, 0.250206, -0.498534, 0.394456, 0.118923]
[0.384504, 0.414015, -0.4989, 0.301993, 0.101979]
[0.340841, 0.358491, -0.499874, 0.41416, 0.336559]
[0.571773, 0.379771, -0.499193, 0.368027, 0.092151]
[0.538208, 0.3779, -0.4992, 0.263197, 0.113553]
[0.478099, 0.37322, -0.498499, 0.486796, 0.498674]
[0.630284, 0.172815, -0.499102, 0.432761, 0.034876]
[0.507814, 0.289261, -0.498713, 0.229604, 0.176307]
[0.594118, 0.348371, -0.498926, 0.423179, 0.482112]
[0.442419, 0.427416, -0.499567, 0.332123, 0.272165]
[0.518635, 0.218442, -0.499178, 0.357427, 0.462266]
[0.412712, 0.182529, -0.499406, 0.241862, 0.013378]
[0.596236, 0.304596, -0.499487, 0.3375, 0.299911]
[0.523434, 0.201718, -0.499137, 0.342232, 0.168671]
[0.376112, 0.425433, -0.499186, 0.249685, 0.100559]
[0.536694, 0.436766, -0.49853, 0.438748, 0.092043]
[0.619253, 0.361826, -0.498735, 0.280483, 0.335928]
[0.514676, 0.294521, -0.499688, 0.22772, 0.282074]
[0.373229, 0.413988, -0.498819, 0.267666, 0.202504]
[0.465275, 0.47452, -0.498682, 0.404293, 0.123159]
[0.3124, 0.285396, -0.499799, 0.479035, 0.15478]
[0.443313, 0.363338, -0.499491, 0.489045, 0.488119]
[0.482869, 0.189811, -0.499851, 0.307053, 0.15158]
[0.642865, 0.390643, -0.498617, 0.459107, 0.473069]
[0.653684, 0.449844, -0.499289, 0.328768, 0.240716]
[0.636888, 0.383757, -0.499159, 0.304281, 0.483542]
[0.451229, 0.267797, -0.499623, 0.294816, 0.256328]
[0.494147, 0.322231, -0.499133, 0.461051, 0.469824]
[0.623513, 0.165945, -0.498626, 0.23796, 0.15161]
[0.465512, 0.174688, -0.499865, 0.428943, 0.480097]
[0.359888, 0.283239, -0.49858, 0.24107, 0.268013]
[0.325573, 0.159763, -0.498567, 0.270259, 0.072822]
[0.285014, 0.292733, -0.499813, 0.26147, 0.414797]
[0.592945, 0.370985, -0.498818, 0.41475, 0.377896]
[0.275365, 0.346793, -0.49897, 0.370252, 0.488547]
[0.328908, 0.478113, -0.499955, 0.421163, 0.137395]
[0.52657, 0.272824, -0.499232, 0.493126, 0.367379]
[0.438048, 0.376151, -0.499039, 0.452433, 0.132083]
[0.324436, 0.203398, -0.499701, 0.421423, 0.281555]
[0.32679, 0.479793, -0.499056, 0.443712, 0.24539]
[0.310177, 0.370136, -0.498601, 0.292404, 0.089691]
[0.607178, 0.139183, -0.498767, 0.289605, 0.448326]
[0.589154, 0.175609, -0.499042, 0.311677, 0.295296]
[0.544327, 0.305781, -0.499816, 0.413748, 0.097123]
[0.482325, 0.254889, -0.498964, 0.432391, 0.371189]
[0.395573, 0.215669, -0.498517, 0.28198, 0.366671]
[0.504527, 0.158107, -0.499282, 0.452833, 0.482759]
[0.342243, 0.196839, -0.498668, 0.340939, 0.052922]
[0.384874, 0.214305, -0.498926, 0.32831, 0.189189]
[0.496725, 0.497553, -0.498577, 0.247857, 0.342497]
[0.673603, 0.1515, -0.499408, 0.483653, 0.057187]
[0.666678, 0.455508, -0.498756, 0.403623, 0.017525]
[0.372598, 0.417033, -0.49976, 0.320543, 0.315975]
[0.459189, 0.387635, -0.499311, 0.251009, 0.117644]
[0.540082, 0.417065, -0.498766, 0.266243, 0.426622]
[0.517327, 0.418856, -0.498908, 0.39065, 0.336845]
[0.344676, 0.190212, -0.49891, 0.367686, 0.447078]
[0.383021, 0.491822, -0.499012, 0.388552, 0.113391]
[0.367084, 0.46937, -0.49968, 0.402254, 0.187985]
[0.517557, 0.231509, -0.49982, 0.230148, 0.351032]
[0.531064, 0.142401, -0.499549, 0.47213, 0.323085]
[0.596975, 0.29721, -0.498871, 0.257759, 0.076118]
[0.500297, 0.418976, -0.498953, 0.266772, 0.189922]
[0.357123, 0.403008, -0.499227, 0.292365, 0.074913]
[0.449432, 0.152766, -0.498609, 0.27531, 0.422001]
[0.350341, 0.302492, -0.499224, 0.471924, 0.483958]
[0.289754, 0.180083, -0.498558, 0.449117, 0.008812]
[0.282688, 0.370389, -0.498712, 0.451971, 0.420995]
[0.32998, 0.341562, -0.4989, 0.26281, 0.313461]
[0.543034, 0.297547, -0.498649, 0.44068, 0.307797]
[0.523354, 0.371448, -0.499751, 0.314483, 0.231684]
[0.653173, 0.14612, -0.499836, 0.482028, 0.132241]
[0.365878, 0.307597, -0.498976, 0.352764, 0.458726]
[0.430707, 0.438856, -0.498466, 0.294943, 0.020541]
[0.455423, 0.23936, -0.499813, 0.454839, 0.373444]
[0.574765, 0.433604, -0.498842, 0.368092, 0.430723]
[0.645206, 0.497479, -0.498941, 0.285825, 0.223739]
[0.448166, 0.40243, -0.498648, 0.384324, 0.173282]
[0.298746, 0.40953, -0.498638, 0.463349, 0.04472]
[0.283405, 0.374629, -0.499825, 0.354117, 0.279065]
[0.467654, 0.292986, -0.498985, 0.351753, 0.426603]
[0.390595, 0.11143, -0.498693, 0.450133, 0.119117]
[0.520903, 0.381892, -0.498795, 0.349681, 0.370067]
[0.451421, 0.338383, -0.499986, 0.378903, 0.02028]
[0.628035, 0.230232, -0.499182, 0.264104, 0.467533]
[0.451151, 0.332153, -0.499474, 0.385541, 0.290444]
[0.616742, 0.371666, -0.498768, 0.326328, 0.088293]
[0.457769, 0.19338, -0.498499, 0.237347, 0.473661]
[0.635269, 0.280539, -0.49871, 0.246008, 0.073029]
[0.530133, 0.471046, -0.498641, 0.370755, 0.174233]
[0.573244, 0.200584, -0.499357, 0.393013, 0.205373]
[0.654515, 0.119834, -0.498503, 0.34413, 0.40705]
[0.566272, 0.28556, -0.499078, 0.337823, 0.108388]
[0.616854, 0.484098, -0.498617, 0.40154, 0.069256]
[0.387238, 0.431409, -0.498931, 0.342322, 0.184171]
[0.577402, 0.369772, -0.499231, 0.292142, 0.486665]
[0.475168, 0.211312, -0.498909, 0.347298, 0.455028]
[0.276617, 0.44024, -0.498439, 0.352538, 0.142221]
[0.319668, 0.361146, -0.499452, 0.303302, 0.271859]
[0.641362, 0.278797, -0.49889, 0.361965, 0.295659]
[0.463616, 0.431151, -0.498929, 0.40387, 0.039584]
[0.314619, 0.406782, -0.498577, 0.428139, 0.283608]
[0.365668, 0.296959, -0.499426, 0.283825, 0.074321]
[0.291099, 0.484369, -0.498847, 0.435225, 0.03826]
[0.544446, 0.306313, -0.49978, 0.452443, 0.212315]
[0.573911, 0.344157, -0.499886, 0.499296, 0.326737]
[0.502586, 0.391838, -0.49892, 0.498575, 0.039591]
[0.624681, 0.344819, -0.49893, 0.339142, 0.480564]
[0.665739, 0.282362, -0.499952, 0.31394, 0.461287]
[0.573257, 0.392547, -0.498439, 0.395066, 0.197066]
[0.345418, 0.150228, -0.499334, 0.481587, 0.128744]
[0.329112, 0.484119, -0.499125, 0.321942, 0.327158]
[0.606918, 0.347403, -0.499146, 0.25111, 0.27781]
[0.484272, 0.340426, -0.499541, 0.340269, 0.354251]
[0.509318, 0.214996, -0.498905, 0.337604, 0.129566]
[0.341634, 0.229059, -0.498655, 0.498642, 0.171266]
[0.655977, 0.116003, -0.498636, 0.426784, 0.483727]
[0.632231, 0.313128, -0.498687, 0.398032, 0.034404]
[0.553272, 0.137305, -0.498615, 0.262402, 0.097693]
[0.403874, 0.259664, -0.498452, 0.359238, 0.055284]
[0.324111, 0.220091, -0.49967, 0.389595, 0.17767]
[0.672496, 0.471285, -0.498751, 0.432762, 0.181309]
[0.326187, 0.211774, -0.499955, 0.369109, 0.221294]
[0.532006, 0.174053, -0.499233, 0.319145, 0.119524]
[0.321065, 0.387132, -0.49955, 0.389771, 0.358616]
[0.346098, 0.491529, -0.499997, 0.340212, 0.419464]
[0.660417, 0.291953, -0.498914, 0.334185, 0.352471]
[0.609751, 0.317189, -0.499203, 0.491997, 0.308865]
[0.610334, 0.194329, -0.498842, 0.279058, 0.437514]
[0.494435, 0.169289, -0.498935, 0.252907, 0.009213]
[0.672, 0.294123, -0.499113, 0.372848, 0.460114]
[0.387656, 0.162019, -0.498748, 0.312344, 0.139804]
[0.518723, 0.333304, -0.499395, 0.473008, 0.168654]
[0.558432, 0.113252, -0.49942, 0.442551, 0.064801]
[0.397886, 0.440877, -0.499852, 0.34197, 0.236892]
[0.671959, 0.473285, -0.499167, 0.266831, 0.173704]
[0.621808, 0.155514, -0.499497, 0.333057, 0.124332]
[0.380749, 0.477148, -0.498708, 0.245355, 0.389287]
[0.540346, 0.494851, -0.498672, 0.265903, 0.382415]
[0.330913, 0.153042, -0.498576, 0.452771, 0.401305]
[0.276567, 0.442952, -0.4992, 0.431402, 0.270398]
[0.488923, 0.321772, -0.499602, 0.468926, 0.456447]
[0.470235, 0.446039, -0.499577, 0.474133, 0.106613]
[0.4459, 0.204655, -0.499981, 0.29058, 0.118117]
[0.672114, 0.254543, -0.498502, 0.259798, 0.087038]
[0.324633, 0.44448, -0.499759, 0.281862, 0.186931]
[0.601146, 0.37251, -0.498992, 0.292672, 0.098965]
[0.44683, 0.188215, -0.499698, 0.301446, 0.188743]
[0.448859, 0.120021, -0.498719, 0.260145, 0.208673]
[0.655481, 0.150518, -0.499377, 0.343265, 0.254843]
[0.337626, 0.115585, -0.498509, 0.436331, 0.07507]
[0.483759, 0.439856, -0.499017, 0.266317, 0.345394]
[0.580872, 0.194576, -0.499562, 0.441204, 0.047256]
[0.63932, 0.371354, -0.499186, 0.33185, 0.058849]
[0.427775, 0.336256, -0.499833, 0.265857, 0.497854]
[0.298476, 0.187338, -0.498659, 0.363303, 0.190676]
[0.360506, 0.17168, -0.499279, 0.398411, 0.351121]
[0.39675, 0.162798, -0.499509, 0.329401, 0.014656]
[0.415255, 0.20946, -0.498517, 0.369591, 0.042063]
[0.676686, 0.390877, -0.498458, 0.256282, 0.360859]
[0.445391, 0.460989, -0.498956, 0.498749, 0.310808]
[0.521039, 0.422509, -0.499439, 0.460596, 0.11967]
[0.413833, 0.405354, -0.499037, 0.358201, 0.380893]
[0.636275, 0.379608, -0.499348, 0.47445, 0.35081]
[0.49498, 0.129034, -0.499422, 0.290893, 0.362172]
[0.465996, 0.449858, -0.49845, 0.419006, 0.065184]
[0.269034, 0.156415, -0.499332, 0.294881, 0.13171]
[0.41202, 0.229714, -0.499727, 0.379819, 0.125368]
[0.440704, 0.269744, -0.498625, 0.440315, 0.359739]
[0.562512, 0.398424, -0.498741, 0.291797, 0.291816]
[0.273629, 0.410519, -0.499437, 0.326413, 0.247965]
[0.471713, 0.202413, -0.498708, 0.40429, 0.170325]
[0.58916, 0.442232, -0.499249, 0.326405, 0.144293]
[0.382443, 0.316649, -0.499035, 0.407701, 0.222273]
[0.299115, 0.485657, -0.499279, 0.34463, 0.178003]
[0.278956, 0.240461, -0.499196, 0.29569, 0.090279]
[0.393171, 0.370848, -0.49994, 0.44925, 0.206088]
[0.575184, 0.446151, -0.499075, 0.2426, 0.159346]
[0.385396, 0.476378, -0.499886, 0.440445, 0.197027]
[0.423466, 0.393015, -0.499221, 0.475633, 0.486345]
[0.343167, 0.260086, -0.49869, 0.326283, 0.069114]
[0.679517, 0.318508, -0.499745, 0.316455, 0.048227]
[0.53668, 0.264459, -0.499655, 0.316499, 0.283363]
[0.474368, 0.362262, -0.499671, 0.44361, 0.182095]
[0.37855, 0.380095, -0.498974, 0.400677, 0.163932]
[0.379196, 0.302891, -0.498511, 0.289479, 0.046154]
[0.591473, 0.480917, -0.499445, 0.277998, 0.019419]
[0.672781, 0.334523, -0.498802, 0.271373, 0.437557]
[0.377341, 0.201321, -0.499472, 0.235722, 0.387359]
[0.33908, 0.455562, -0.498876, 0.245182, 0.302079]
[0.347098, 0.432426, -0.498669, 0.227619, 0.405681]
[0.331812, 0.128047, -0.499893, 0.468013, 0.498834]
[0.51696, 0.262698, -0.499903, 0.322443, 0.16922]
[0.413814, 0.113404, -0.498769, 0.480588, 0.289435]
[0.624832, 0.185266, -0.49949, 0.303812, 0.271306]
[0.455642, 0.152266, -0.499268, 0.247065, 0.334251]
[0.27517, 0.389561, -0.499871, 0.290079, 0.02405]
[0.650613, 0.400196, -0.499021, 0.298363, 0.346617]
[0.336108, 0.477915, -0.498764, 0.411314, 0.203944]
[0.51645, 0.307895, -0.499799, 0.455239, 0.10858]
[0.58225, 0.275603, -0.49907, 0.227521, 0.426258]
[0.464497, 0.255864, -0.498942, 0.244144, 0.217405]
[0.580027, 0.165355, -0.498443, 0.245899, 0.296178]
[0.436824, 0.403694, -0.499636, 0.409222, 0.031069]
[0.572363, 0.40681, -0.498937, 0.43963, 0.342594]
[0.65475, 0.165107, -0.498934, 0.342446, 0.034898]
[0.655984, 0.352575, -0.498668, 0.489532, 0.281957]
[0.582333, 0.372105, -0.498901, 0.482062, 0.081353]
[0.300405, 0.294263, -0.499463, 0.293824, 0.396224]
[0.328473, 0.193398, -0.499835, 0.487422, 0.484671]
[0.501745, 0.29066, -0.499461, 0.293149, 0.096095]
[0.673689, 0.226964, -0.499879, 0.351651, 0.014044]
[0.529542, 0.432143, -0.499067, 0.423313, 0.085549]
[0.368634, 0.218159, -0.499804, 0.488415, 0.49923]
[0.535558, 0.145301, -0.49849, 0.296512, 0.078475]
[0.322515, 0.22018, -0.498483, 0.322287, 0.140356]
[0.34179, 0.366845, -0.499944, 0.313146, 0.351404]
[0.436065, 0.391385, -0.499946, 0.470711, 0.114462]
[0.442999, 0.162302, -0.499314, 0.339552, 0.00851]
[0.287285, 0.205028, -0.498457, 0.244874, 0.009093]
[0.561717, 0.120776, -0.499732, 0.438623, 0.16726]
[0.456197, 0.369297, -0.499959, 0.347753, 0.115961]
[0.525835, 0.338924, -0.498897, 0.337096, 0.263675]
[0.321477, 0.149598, -0.498789, 0.294475, 0.203119]
[0.567333, 0.199125, -0.499262, 0.247163, 0.020331]
[0.607289, 0.220596, -0.499591, 0.344613, 0.116286]
[0.641756, 0.317213, -0.499219, 0.498737, 0.234135]
[0.319199, 0.136575, -0.499962, 0.494282, 0.039179]
[0.325685, 0.263923, -0.498862, 0.494978, 0.290255]
[0.357973, 0.161382, -0.499673, 0.261865, 0.426673]
[0.454396, 0.493246, -0.498599, 0.372959, 0.315149]
[0.530061, 0.143794, -0.499373, 0.273693, 0.20097]
[0.301996, 0.140787, -0.498432, 0.496621, 0.313629]
[0.591784, 0.482245, -0.499162, 0.460864, 0.025341]
[0.309762, 0.446548, -0.499828, 0.28593, 0.485889]
[0.277986, 0.217123, -0.499929, 0.443353, 0.398436]
[0.329733, 0.170459, -0.498634, 0.282191, 0.044962]
[0.53174, 0.248475, -0.499847, 0.264307, 0.398981]
[0.653551, 0.410813, -0.498897, 0.240894, 0.225683]
[0.591092, 0.374336, -0.499977, 0.381457, 0.073818]
[0.556819, 0.438213, -0.499486, 0.228622, 0.13526]
[0.344705, 0.205644, -0.499996, 0.419601, 0.113539]
[0.587643, 0.45175, -0.498634, 0.298646, 0.375084]
[0.373052, 0.392569, -0.499271, 0.429596, 0.209132]
[0.36078, 0.499782, -0.499524, 0.281339, 0.004921]
[0.578162, 0.170383, -0.499408, 0.403756, 0.115326]
[0.585933, 0.345127, -0.499626, 0.408612, 0.444661]
[0.290234, 0.434909, -0.499672, 0.364009, 0.050612]
[0.605036, 0.24353, -0.498756, 0.4064, 0.038383]
[0.509659, 0.29279, -0.499137, 0.377846, 0.178833]
[0.426605, 0.36327, -0.498465, 0.470165, 0.130969]
[0.433227, 0.250982, -0.49953, 0.378295, 0.25127]
[0.677788, 0.468494, -0.498651, 0.466235, 0.380269]
[0.555722, 0.467721, -0.498486, 0.380661, 0.42814]
[0.420129, 0.358531, -0.49858, 0.479519, 0.418165]
[0.527768, 0.488829, -0.498822, 0.31471, 0.197842]
[0.591953, 0.180102, -0.499443, 0.366938, 0.093508]
[0.639635, 0.267657, -0.499587, 0.496414, 0.282149]
[0.349179, 0.198745, -0.499433, 0.419666, 0.018418]
[0.373765, 0.437321, -0.499881, 0.38336, 0.171838]
[0.493126, 0.211031, -0.498749, 0.278227, 0.350584]
[0.621879, 0.122037, -0.499084, 0.285958, 0.469197]
[0.609741, 0.288885, -0.498654, 0.493267, 0.111871]
[0.488768, 0.314028, -0.499894, 0.488489, 0.205992]
[0.511542, 0.324147, -0.499181, 0.244449, 0.464571]
[0.636786, 0.302927, -0.499093, 0.47261, 0.374239]
[0.302761, 0.30751, -0.498743, 0.30215, 0.065691]
[0.454738, 0.436571, -0.499433, 0.243146, 0.288444]
[0.453519, 0.379446, -0.498904, 0.329834, 0.379768]
[0.363734, 0.205545, -0.498922, 0.378752, 0.198275]
[0.605774, 0.46601, -0.4986, 0.453157, 0.051606]
[0.278443, 0.467294, -0.499084, 0.434392, 0.031143]
[0.437165, 0.409381, -0.499589, 0.427667, 0.391901]
[0.280113, 0.180641, -0.498686, 0.41679, 0.30359]
[0.631976, 0.268036, -0.499314, 0.487833, 0.052983]
[0.427771, 0.351531, -0.498792, 0.368791, 0.27859]
[0.632871, 0.156359, -0.49927, 0.442503, 0.420687]
[0.541547, 0.416259, -0.498627, 0.310729, 0.387323]
[0.66757, 0.354234, -0.498779, 0.258353, 0.483828]
[0.404548, 0.436187, -0.498627, 0.339865, 0.366079]
[0.469566, 0.316202, -0.499669, 0.357017, 0.051135]
[0.579544, 0.303818, -0.49868, 0.26884, 0.088818]
[0.531606, 0.322588, -0.499186, 0.394591, 0.254583]
[0.552651, 0.476949, -0.498932, 0.390391, 0.447124]
[0.666899, 0.184541, -0.499245, 0.26771, 0.404156]
[0.465157, 0.330715, -0.498485, 0.340803, 0.042089]
[0.507992, 0.166843, -0.498726, 0.335582, 0.360046]
[0.360054, 0.156531, -0.499902, 0.408048, 0.180791]
[0.47489, 0.214216, -0.499024, 0.290775, 0.253643]
[0.472039, 0.292931, -0.498638, 0.490354, 0.013952]
[0.566747, 0.275592, -0.499527, 0.267721, 0.270931]
[0.551983, 0.348344, -0.498881, 0.490161, 0.197341]
[0.325517, 0.380935, -0.499494, 0.482956, 0.247934]
[0.359284, 0.373637, -0.49936, 0.34543, 0.447355]
[0.275184, 0.235241, -0.499567, 0.411329, 0.07601]
[0.333745, 0.222579, -0.4988, 0.268117, 0.002276]
[0.531766, 0.202912, -0.498981, 0.266465, 0.284063]
[0.67904, 0.417223, -0.499234, 0.340324, 0.166683]
[0.371766, 0.144626, -0.498474, 0.27183, 0.070796]
[0.574187, 0.184998, -0.499436, 0.37468, 0.038232]
[0.36256, 0.438272, -0.498666, 0.490263, 0.086565]
[0.358008, 0.207714, -0.499037, 0.433299, 0.307942]
[0.604005, 0.271643, -0.498643, 0.371023, 0.415147]
[0.431045, 0.32742, -0.499214, 0.334352, 0.499683]
[0.345754, 0.263971, -0.499219, 0.274013, 0.051877]
[0.554712, 0.388971, -0.498742, 0.263869, 0.263571]
[0.278963, 0.362004, -0.499824, 0.375792, 0.339838]
[0.307142, 0.261842, -0.498937, 0.294006, 0.182915]
[0.468348, 0.330731, -0.498607, 0.248668, 0.466708]
[0.668799, 0.292596, -0.499747, 0.336706, 0.369866]
[0.441425, 0.181262, -0.49944, 0.39339, 0.495707]
[0.369444, 0.368019, -0.499028, 0.24646, 0.150956]
[0.464091, 0.270231, -0.499331, 0.246169, 0.147835]
[0.442367, 0.265901, -0.499144, 0.256036, 0.267149]
[0.526903, 0.271568, -0.499053, 0.341654, 0.134279]
[0.674616, 0.399346, -0.498455, 0.257645, 0.237698]
[0.278455, 0.294817, -0.498778, 0.404522, 0.206335]
[0.42315, 0.439995, -0.49948, 0.267123, 0.065992]
[0.474861, 0.234385, -0.499824, 0.286327, 0.387894]
[0.5215, 0.242945, -0.49895, 0.342078, 0.082338]
[0.449026, 0.324137, -0.499936, 0.440214, 0.373242]
[0.37034, 0.148582, -0.498704, 0.320753, 0.040885]
[0.377876, 0.130742, -0.498586, 0.453063, 0.199478]
[0.461954, 0.451538, -0.499122, 0.304089, 0.241088]
[0.448823, 0.398952, -0.49993, 0.360862, 0.384447]
[0.533172, 0.235879, -0.498949, 0.42103, 0.373712]
[0.597727, 0.194107, -0.499263, 0.265035, 0.22308]
[0.438919, 0.284518, -0.499012, 0.335505, 0.348827]
[0.58015, 0.44702, -0.499327, 0.240259, 0.231204]
[0.280549, 0.116624, -0.498469, 0.346854, 0.247992]
[0.67437, 0.163285, -0.49963, 0.247689, 0.178268]
[0.630371, 0.188973, -0.499687, 0.357897, 0.024004]
[0.632067, 0.413278, -0.498472, 0.314109, 0.19262]
[0.615127, 0.454079, -0.498601, 0.408998, 0.010895]
[0.356681, 0.133585, -0.499916, 0.2606, 0.018697]
[0.408558, 0.309086, -0.499836, 0.488458, 0.02107]
[0.302811, 0.248303, -0.499325, 0.351075, 0.22502]
[0.500147, 0.38872, -0.499076, 0.359271, 0.445836]
[0.649691, 0.428616, -0.499758, 0.412773, 0.210294]
[0.439896, 0.225243, -0.499048, 0.251144, 0.035042]
[0.360605, 0.135634, -0.498431, 0.430678, 0.118423]
[0.308951, 0.492512, -0.499329, 0.247548, 0.111563]
[0.660254, 0.199584, -0.499061, 0.465403, 0.12781]
[0.577937, 0.220032, -0.4992, 0.320112, 0.23342]
[0.375508, 0.337163, -0.499312, 0.420799, 0.273768]
[0.304805, 0.33887, -0.498877, 0.262578, 0.443002]
[0.59648, 0.122571, -0.499933, 0.331498, 0.432965]
[0.2893, 0.48034, -0.499558, 0.245304, 0.483557]
[0.624252, 0.473681, -0.498563, 0.458161, 0.328891]
[0.285917, 0.201634, -0.499703, 0.489754, 0.469175]
[0.290968, 0.38904, -0.499899, 0.406325, 0.328826]
[0.642292, 0.113149, -0.499463, 0.25369, 0.199459]
[0.48179, 0.209063, -0.499631, 0.416653, 0.384829]
[0.562309, 0.425959, -0.499606, 0.403486, 0.061594]
[0.292814, 0.113839, -0.499409, 0.23541, 0.319737]
[0.295718, 0.435525, -0.498657, 0.273958, 0.028935]
[0.583234, 0.44871, -0.498555, 0.275221, 0.178216]
[0.557044, 0.247046, -0.498884, 0.428757, 0.296596]
[0.500421, 0.182485, -0.498558, 0.473111, 0.11383]
[0.636524, 0.348496, -0.499507, 0.486641, 0.242305]
[0.543552, 0.456613, -0.498517, 0.493501, 0.109811]
[0.483778, 0.283604, -0.498711, 0.30857, 0.102745]
[0.58926, 0.364936, -0.499182, 0.319268, 0.262086]
[0.401162, 0.234555, -0.499397, 0.355014, 0.255247]
[0.375195, 0.326274, -0.499685, 0.249087, 0.1105]
[0.391037, 0.382691, -0.498497, 0.372062, 0.193135]
[0.651116, 0.325316, -0.499348, 0.306072, 0.489484]
[0.530144, 0.450994, -0.499416, 0.316666, 0.095549]
[0.515691, 0.257422, -0.499269, 0.318364, 0.220491]
[0.628458, 0.250868, -0.498831, 0.42347, 0.270524]
[0.494728, 0.481041, -0.498541, 0.370027, 0.150055]
[0.328011, 0.322636, -0.499033, 0.236728, 0.165854]
[0.395559, 0.251264, -0.499405, 0.375436, 0.101321]
[0.482352, 0.116808, -0.498577, 0.461062, 0.047768]
[0.328457, 0.284289, -0.498752, 0.478564, 0.321643]
[0.508391, 0.35322, -0.498835, 0.369604, 0.085123]
[0.44996, 0.394695, -0.498458, 0.433747, 0.055051]
[0.433297, 0.145829, -0.499625, 0.295898, 0.315217]
[0.508885, 0.477948, -0.499395, 0.331625, 0.116541]
[0.285443, 0.314477, -0.498859, 0.489989, 0.338693]
[0.501938, 0.249724, -0.499928, 0.2652, 0.154057]
[0.2787, 0.128879, -0.498781, 0.308612, 0.482227]
[0.443142, 0.452775, -0.499276, 0.343642, 0.205182]
[0.547078, 0.193903, -0.499394, 0.419115, 0.176939]
[0.638618, 0.44953, -0.499087, 0.441785, 0.214831]
[0.501735, 0.45674, -0.499924, 0.303715, 0.202247]
[0.633821, 0.312241, -0.499457, 0.275691, 0.04959]
[0.518682, 0.214001, -0.499769, 0.22771, 0.121679]
[0.645389, 0.145565, -0.498912, 0.244728, 0.215052]
[0.605268, 0.487342, -0.499721, 0.428743, 0.119787]
[0.507402, 0.386549, -0.498722, 0.408127, 0.121158]
[0.670171, 0.277096, -0.499386, 0.391311, 0.32155]
[0.381687, 0.371587, -0.498778, 0.475829, 0.465269]
[0.458935, 0.229394, -0.49904, 0.437819, 0.258698]
[0.456519, 0.380037, -0.498854, 0.315836, 0.474502]
[0.328914, 0.125899, -0.499177, 0.411971, 0.170181]
[0.492061, 0.294099, -0.498852, 0.490528, 0.422732]
[0.593801, 0.293083, -0.499386, 0.461044, 0.389123]
[0.364053, 0.162984, -0.499652, 0.439267, 0.037747]
[0.372447, 0.355129, -0.499325, 0.40508, 0.117329]
[0.350268, 0.126471, -0.498951, 0.276727, 0.134664]
[0.54307, 0.199738, -0.499109, 0.246383, 0.115079]
[0.567338, 0.236476, -0.499448, 0.342353, 0.13497]
[0.585273, 0.389861, -0.499719, 0.378518, 0.04739]
[0.391524, 0.136273, -0.498586, 0.459564, 0.261307]
[0.330439, 0.362828, -0.49863, 0.368835, 0.081118]
[0.475773, 0.438302, -0.499611, 0.303066, 0.282017]
[0.435817, 0.432602, -0.498892, 0.334427, 0.290174]
[0.436413, 0.469323, -0.499484, 0.498146, 0.229349]
[0.322687, 0.329858, -0.499933, 0.237767, 0.269619]
[0.549841, 0.248827, -0.499179, 0.440012, 0.353445]
[0.635162, 0.246941, -0.499254, 0.276658, 0.112932]
[0.623258, 0.152435, -0.498552, 0.433959, 0.327566]
[0.553949, 0.425245, -0.499764, 0.437966, 0.04011]
[0.374801, 0.238262, -0.499623, 0.294146, 0.185411]
[0.301463, 0.445866, -0.499352, 0.392849, 0.13042]
[0.630103, 0.386884, -0.499655, 0.337866, 0.281764]
[0.361672, 0.351247, -0.499089, 0.288093, 0.183266]
[0.63529, 0.144005, -0.499634, 0.441238, 0.03646]
[0.479445, 0.4303, -0.499978, 0.232299, 0.487814]
[0.445568, 0.253913, -0.499798, 0.461105, 0.33498]
[0.64427, 0.459011, -0.499549, 0.409968, 0.465085]
[0.647965, 0.124047, -0.499459, 0.378097, 0.062124]
[0.494502, 0.329307, -0.499595, 0.294762, 0.033406]
[0.47682, 0.274048, -0.499443, 0.382786, 0.256599]
[0.39385, 0.452389, -0.498513, 0.326928, 0.34448]
[0.485369, 0.435254, -0.498532, 0.333076, 0.307]
[0.502149, 0.369241, -0.498756, 0.344791, 0.364248]
[0.287041, 0.334195, -0.498487, 0.47613, 0.213931]
[0.591697, 0.288543, -0.499131, 0.444971, 0.379087]
[0.588459, 0.338149, -0.499145, 0.253342, 0.280695]
[0.608661, 0.214303, -0.499668, 0.234871, 0.290281]
[0.63102, 0.178887, -0.499368, 0.464565, 0.30282]
[0.2825, 0.188557, -0.498852, 0.254598, 0.212205]
[0.307961, 0.123967, -0.499109, 0.369205, 0.166226]
[0.380175, 0.245472, -0.498668, 0.270059, 0.400246]
[0.582321, 0.430467, -0.49895, 0.239786, 0.246944]
[0.358379, 0.454353, -0.499161, 0.383794, 0.258414]
[0.43148, 0.350967, -0.499455, 0.416599, 0.358796]
[0.275211, 0.118889, -0.498997, 0.482229, 0.00257]
[0.521383, 0.174599, -0.498809, 0.264544, 0.438403]
[0.331576, 0.124917, -0.499715, 0.391884, 0.219014]
[0.554049, 0.4887, -0.499474, 0.358436, 0.026441]
[0.431405, 0.304361, -0.49911, 0.312012, 0.043006]
[0.502365, 0.319505, -0.49924, 0.399294, 0.159672]
[0.272849, 0.163833, -0.499894, 0.34705, 0.478028]
[0.363363, 0.220738, -0.49868, 0.454505, 0.233183]
[0.43946, 0.429359, -0.499647, 0.236353, 0.443917]
[0.650993, 0.131904, -0.499031, 0.353966, 0.496646]
[0.619224, 0.495204, -0.499281, 0.31952, 0.30256]
[0.371786, 0.198883, -0.49994, 0.388411, 0.15341]
[0.503896, 0.202611, -0.498857, 0.393147, 0.437652]
[0.393103, 0.130786, -0.498971, 0.406313, 0.427416]
[0.349431, 0.153994, -0.498502, 0.427458, 0.142984]
[0.587829, 0.274221, -0.499846, 0.252311, 0.268574]
[0.550516, 0.464601, -0.499579, 0.39638, 0.260518]
[0.454581, 0.427789, -0.499432, 0.31304, 0.159867]
[0.643953, 0.175638, -0.498885, 0.364113, 0.14861]
[0.674449, 0.232879, -0.499889, 0.349586, 0.006208]
[0.377203, 0.197846, -0.499987, 0.480177, 0.189536]
[0.621321, 0.44755, -0.498869, 0.262872, 0.260654]
[0.431534, 0.440087, -0.49841, 0.343592, 0.38582]
[0.341152, 0.496977, -0.498492, 0.385118, 0.249811]
[0.490097, 0.218956, -0.499245, 0.477968, 0.069909]
[0.351857, 0.46978, -0.499096, 0.302033, 0.051525]
[0.414818, 0.480135, -0.499351, 0.417548, 0.210806]
[0.388997, 0.360648, -0.498761, 0.374139, 0.284394]
[0.599962, 0.141455, -0.499099, 0.300032, 0.162134]
[0.505583, 0.239637, -0.499579, 0.442261, 0.19636]
[0.665605, 0.352309, -0.499815, 0.3634, 0.257935]
[0.382428, 0.326228, -0.49903, 0.315624, 0.377172]
[0.519647, 0.453788, -0.498978, 0.358486, 0.071418]
[0.642608, 0.407712, -0.499453, 0.381256, 0.103067]
[0.422836, 0.496351, -0.498881, 0.251543, 0.42491]
[0.667267, 0.315281, -0.499948, 0.275384, 0.378596]
[0.582395, 0.233118, -0.499267, 0.237489, 0.325958]
[0.514509, 0.427547, -0.498919, 0.298315, 0.378713]
[0.289532, 0.328643, -0.498518, 0.458765, 0.251798]
[0.477135, 0.425744, -0.499696, 0.423627, 0.435]
[0.629057, 0.385119, -0.499617, 0.449358, 0.203375]
[0.66788, 0.476682, -0.499696, 0.423952, 0.079698]
[0.337962, 0.374177, -0.498488, 0.363058, 0.156823]
[0.276568, 0.243563, -0.498564, 0.340833, 0.012278]
[0.506069, 0.113045, -0.499791, 0.406253, 0.194282]
[0.667219, 0.410289, -0.49853, 0.483577, 0.343176]
[0.649026, 0.312232, -0.498879, 0.275768, 0.073416]
[0.347138, 0.152615, -0.498764, 0.35001, 0.340006]
[0.53113, 0.36422, -0.499407, 0.372753, 0.143776]
[0.429064, 0.425223, -0.498478, 0.47894, 0.430378]
[0.408896, 0.477877, -0.498993, 0.354772, 0.457064]
[0.544577, 0.308009, -0.498446, 0.48929, 0.323217]
[0.302584, 0.441145, -0.498739, 0.448268, 0.066096]
[0.360248, 0.386001, -0.499356, 0.290726, 0.474772]
[0.557882, 0.356612, -0.499893, 0.467865, 0.438094]
[0.550708, 0.323512, -0.498938, 0.376624, 0.431922]
[0.625867, 0.334905, -0.499365, 0.296805, 0.336678]
[0.43725, 0.416965, -0.499271, 0.32296, 0.457739]
[0.381155, 0.469905, -0.499513, 0.489588, 0.036415]
[0.576504, 0.200512, -0.498619, 0.27397, 0.465323]
[0.418113, 0.465148, -0.499714, 0.325609, 0.104493]
[0.459877, 0.414541, -0.498422, 0.343875, 0.294632]
[0.278806, 0.137851, -0.498591, 0.383049, 0.059744]
[0.512985, 0.337888, -0.499898, 0.329124, 0.294054]
[0.376729, 0.202128, -0.499555, 0.289317, 0.190951]
[0.382063, 0.141943, -0.499604, 0.267624, 0.246063]
[0.325264, 0.35093, -0.499845, 0.282815, 0.22968]
[0.278031, 0.312264, -0.498889, 0.34243, 0.133625]
[0.331785, 0.24059, -0.499945, 0.292643, 0.284168]
[0.453678, 0.262874, -0.498696, 0.464924, 0.47266]
[0.667129, 0.301497, -0.499661, 0.308735, 0.068081]
[0.507008, 0.178095, -0.498733, 0.483966, 0.23792]
[0.349011, 0.26963, -0.499175, 0.286973, 0.191851]
[0.284309, 0.368384, -0.499791, 0.259941, 0.175819]
[0.481632, 0.246292, -0.498509, 0.33588, 0.356855]
[0.612336, 0.331851, -0.498861, 0.409136, 0.283731]
[0.351416, 0.408042, -0.499712, 0.468603, 0.104685]
[0.63889, 0.494179, -0.499572, 0.256142, 0.018525]
[0.280183, 0.283528, -0.499272, 0.455662, 0.34803]
[0.410047, 0.485238, -0.49847, 0.388222, 0.194299]
[0.57355, 0.220082, -0.499873, 0.40278, 0.246203]
[0.381888, 0.3669, -0.498616, 0.339764, 0.01125]
[0.562836, 0.488429, -0.499807, 0.42541, 0.25685]
[0.377237, 0.124478, -0.49999, 0.317535, 0.27602]
[0.371234, 0.148898, -0.499943, 0.231288, 0.463523]
[0.413345, 0.401908, -0.49905, 0.454071, 0.10507]
[0.282991, 0.451028, -0.498695, 0.433217, 0.420328]
[0.37399, 0.228725, -0.49916, 0.38676, 0.164527]
[0.28679, 0.373272, -0.498951, 0.469921, 0.118117]
[0.469818, 0.443024, -0.499219, 0.394558, 0.037893]
[0.301335, 0.405863, -0.499393, 0.327166, 0.406543]
[0.622295, 0.197158, -0.499626, 0.320363, 0.257188]
[0.55591, 0.115385, -0.498925, 0.270649, 0.344157]
[0.617185, 0.476646, -0.499042, 0.449874, 0.094506]
[0.563077, 0.187613, -0.499127, 0.402056, 0.161595]
[0.394704, 0.388062, -0.498997, 0.329477, 0.444812]
[0.514845, 0.222447, -0.498887, 0.280752, 0.315804]
[0.588779, 0.204741, -0.498511, 0.382692, 0.349883]
[0.658096, 0.349042, -0.498578, 0.361524, 0.070047]
[0.37472, 0.131974, -0.499887, 0.395964, 0.116616]
[0.604688, 0.280353, -0.498935, 0.461343, 0.296006]
[0.525239, 0.453638, -0.499871, 0.382976, 0.251187]
[0.590201, 0.116221, -0.499801, 0.233988, 0.046051]
[0.45857, 0.16824, -0.499592, 0.250902, 0.456877]
[0.520863, 0.185301, -0.498451, 0.39792, 0.174536]
[0.508768, 0.317995, -0.499731, 0.378365, 0.212502]
[0.628996, 0.280957, -0.499336, 0.303712, 0.267851]
[0.502376, 0.341816, -0.49948, 0.327434, 0.186913]
[0.645178, 0.293452, -0.499056, 0.339818, 0.231956]
[0.585255, 0.289748, -0.498544, 0.385203, 0.017678]
[0.588266, 0.168148, -0.498601, 0.383198, 0.022095]
[0.289495, 0.361522, -0.499701, 0.264778, 0.226993]
[0.491271, 0.296313, -0.499477, 0.487706, 0.055644]
[0.519088, 0.185162, -0.499481, 0.412143, 0.423409]
[0.478979, 0.375446, -0.498699, 0.400188, 0.065771]
[0.633531, 0.190001, -0.499431, 0.302143, 0.256776]
[0.517326, 0.201052, -0.499931, 0.47385, 0.338486]
[0.658408, 0.156304, -0.49841, 0.367086, 0.393001]
[0.401204, 0.439541, -0.499699, 0.309709, 0.309569]
[0.614097, 0.176695, -0.499258, 0.393558, 0.108088]
[0.613635, 0.272546, -0.498908, 0.326099, 0.249184]
[0.532272, 0.446156, -0.498529, 0.429402, 0.277673]
[0.279562, 0.336573, -0.499483, 0.35946, 0.483373]
[0.377812, 0.338624, -0.499545, 0.324415, 0.402041]
[0.284956, 0.233258, -0.498995, 0.329122, 0.119781]
[0.351056, 0.183043, -0.499749, 0.367862, 0.054735]
[0.609042, 0.23612, -0.498955, 0.476456, 0.107715]
[0.433409, 0.254411, -0.498636, 0.24649, 0.176776]
[0.37212, 0.167138, -0.498803, 0.296767, 0.4742]
[0.475611, 0.309505, -0.499735, 0.228116, 0.094215]
[0.431676, 0.358613, -0.499873, 0.446102, 0.274518]
[0.587258, 0.180738, -0.498593, 0.42153, 0.428083]
[0.307943, 0.273486, -0.498616, 0.437318, 0.094162]
[0.479092, 0.1327, -0.499154, 0.481469, 0.396269]
[0.392956, 0.348096, -0.498737, 0.265285, 0.30828]
[0.649561, 0.205247, -0.499713, 0.388226, 0.441753]
[0.577703, 0.215651, -0.499967, 0.291832, 0.348348]
[0.458146, 0.194187, -0.498593, 0.342466, 0.478162]
[0.432084, 0.228251, -0.498737, 0.438783, 0.407129]
[0.548987, 0.241104, -0.499044, 0.449761, 0.423683]
[0.585946, 0.362618, -0.49895, 0.289209, 0.010184]
[0.35463, 0.388186, -0.499138, 0.242576, 0.069972]
[0.387365, 0.246349, -0.49875, 0.276969, 0.272958]
[0.586285, 0.18363, -0.499508, 0.424709, 0.36388]
[0.503683, 0.140478, -0.499141, 0.350143, 0.371671]
[0.561772, 0.37497, -0.498625, 0.486675, 0.213209]
[0.498113, 0.204988, -0.498546, 0.454123, 0.363176]
[0.515646, 0.415478, -0.499362, 0.474759, 0.127127]
[0.663335, 0.446922, -0.499443, 0.431615, 0.306783]
[0.297661, 0.3685, -0.499421, 0.482458, 0.002176]
[0.317898, 0.322008, -0.499089, 0.347277, 0.23089]
[0.53272, 0.177782, -0.499526, 0.452117, 0.10414]
[0.334744, 0.19928, -0.49851, 0.444711, 0.177967]
[0.371321, 0.264573, -0.499738, 0.36264, 0.323667]
[0.4626, 0.214284, -0.499526, 0.315349, 0.423791]
[0.632452, 0.17856, -0.499884, 0.291146, 0.282665]
[0.458732, 0.39976, -0.498763, 0.444542, 0.343933]
[0.430094, 0.208583, -0.499819, 0.365704, 0.078843]
[0.648596, 0.357912, -0.499621, 0.437904, 0.452493]
[0.586063, 0.25589, -0.49949, 0.263885, 0.103533]
[0.538755, 0.279773, -0.499284, 0.300575, 0.206192]
[0.291063, 0.164869, -0.499136, 0.399429, 0.354122]
[0.35314, 0.467772, -0.499867, 0.284822, 0.369974]
[0.576333, 0.481596, -0.49957, 0.466656, 0.177587]
[0.619408, 0.378059, -0.499811, 0.341117, 0.346341]
[0.32466, 0.195575, -0.49954, 0.282276, 0.480852]
[0.542608, 0.424557, -0.498523, 0.463053, 0.331995]
[0.543114, 0.418762, -0.498469, 0.282212, 0.212078]
[0.454869, 0.460732, -0.499004, 0.275964, 0.009459]
[0.627471, 0.483452, -0.498419, 0.37284, 0.265935]
[0.359725, 0.131778, -0.499411, 0.428786, 0.118282]
[0.54758, 0.418362, -0.499354, 0.450445, 0.464293]
[0.331917, 0.321482, -0.499893, 0.357799, 0.17638]
[0.310302, 0.417273, -0.499167, 0.244744, 0.473067]
[0.28936, 0.495877, -0.499216, 0.283258, 0.236348]
[0.650031, 0.203763, -0.499179, 0.456889, 0.088622]
[0.444108, 0.254036, -0.498553, 0.401984, 0.01404]
[0.409792, 0.472579, -0.49938, 0.462935, 0.441677]
[0.393181, 0.244093, -0.498738, 0.478268, 0.263223]
[0.402253, 0.344923, -0.499053, 0.246339, 0.390246]
[0.578898, 0.221062, -0.499438, 0.288127, 0.479271]
[0.635563, 0.364394, -0.498818, 0.437942, 0.154122]
[0.522657, 0.488871, -0.499111, 0.447466, 0.437404]
[0.387035, 0.354931, -0.498707, 0.345826, 0.186856]
[0.662454, 0.367125, -0.499594, 0.29497, 0.089036]
[0.491028, 0.283288, -0.49878, 0.268156, 0.308038]
[0.26963, 0.4289, -0.498844, 0.269448, 0.01399]
[0.488872, 0.251329, -0.499583, 0.337368, 0.431873]
[0.578479, 0.398145, -0.499267, 0.255591, 0.357678]
[0.575929, 0.160019, -0.498617, 0.29074, 0.228772]
[0.558332, 0.484689, -0.499434, 0.280574, 0.355591]
[0.654348, 0.474134, -0.499187, 0.37965, 0.017181]
[0.618743, 0.266923, -0.499878, 0.412683, 0.076809]
[0.376872, 0.135296, -0.498771, 0.365807, 0.110073]
[0.461989, 0.328613, -0.498587, 0.313269, 0.434724]
[0.388657, 0.365834, -0.498898, 0.461996, 0.128363]
[0.618395, 0.135708, -0.498817, 0.409863, 0.152543]
[0.405855, 0.141802, -0.498814, 0.352006, 0.052283]
[0.383282, 0.494052, -0.499119, 0.353655, 0.268853]
[0.662335, 0.382257, -0.498704, 0.48298, 0.46271]
[0.281784, 0.138513, -0.498622, 0.306508, 0.032015]
[0.447188, 0.358852, -0.499962, 0.361423, 0.171163]
[0.67884, 0.463556, -0.499664, 0.385893, 0.051521]
[0.661897, 0.189014, -0.498621, 0.346993, 0.322864]
[0.654198, 0.223507, -0.498508, 0.425931, 0.280355]
[0.271144, 0.431255, -0.498815, 0.377145, 0.270022]
[0.485701, 0.360658, -0.499546, 0.314296, 0.09577]
[0.607737, 0.336788, -0.498665, 0.35305, 0.12324]
[0.421845, 0.49851, -0.499525, 0.482707, 0.390765]
[0.653609, 0.380759, -0.498464, 0.392438, 0.339702]
[0.677987, 0.159635, -0.499178, 0.444485, 0.255704]
[0.478079, 0.271609, -0.499343, 0.482025, 0.272543]
[0.306533, 0.184352, -0.498981, 0.362827, 0.385586]
[0.509217, 0.298345, -0.49965, 0.497788, 0.309949]
[0.293054, 0.391546, -0.499177, 0.453333, 0.460313]
[0.616399, 0.185176, -0.498693, 0.301921, 0.154429]
[0.448071, 0.187252, -0.499482, 0.248673, 0.092842]
[0.654117, 0.269066, -0.49971, 0.473847, 0.306245]
[0.407763, 0.235467, -0.499909, 0.349558, 0.455903]
[0.562585, 0.489484, -0.499003, 0.440048, 0.157487]
[0.561039, 0.118768, -0.499546, 0.471376, 0.469987]
[0.352818, 0.317428, -0.499474, 0.44919, 0.239186]
[0.346657, 0.298387, -0.499996, 0.382018, 0.171492]
[0.541288, 0.217006, -0.499116, 0.442979, 0.233637]
[0.493599, 0.147144, -0.49911, 0.316277, 0.21928]
[0.308714, 0.307993, -0.498919, 0.348624, 0.445028]
[0.65944, 0.315473, -0.499638, 0.260536, 0.103636]
[0.495266, 0.477139, -0.498444, 0.34767, 0.104192]
[0.644104, 0.429829, -0.499875, 0.488716, 0.105798]
[0.342547, 0.271925, -0.499633, 0.373859, 0.024535]
[0.443312, 0.20437, -0.499699, 0.405242, 0.022019]
[0.323528, 0.12393, -0.4987, 0.359628, 0.43541]
[0.627324, 0.195122, -0.499482, 0.315196, 0.256952]
[0.67692, 0.340414, -0.498992, 0.278779, 0.14618]
[0.427213, 0.23767, -0.498953, 0.284139, 0.27376]
[0.664518, 0.175533, -0.499565, 0.391311, 0.274051]
[0.679265, 0.214722, -0.498597, 0.492136, 0.308107]
[0.480805, 0.480286, -0.499767, 0.274025, 0.2804]
[0.377048, 0.477315, -0.499233, 0.447748, 0.420748]
[0.6384, 0.240012, -0.499802, 0.369834, 0.257552]
[0.6116, 0.165874, -0.499486, 0.398741, 0.139246]
[0.29223, 0.367692, -0.499093, 0.454259, 0.231938]
[0.438615, 0.451418, -0.499838, 0.370176, 0.284327]
[0.345576, 0.323609, -0.499484, 0.371152, 0.242357]
[0.349217, 0.379116, -0.49996, 0.256537, 0.310179]
[0.333427, 0.375398, -0.499517, 0.378403, 0.366056]
[0.458824, 0.276876, -0.49912, 0.473695, 0.101125]
[0.527768, 0.30268, -0.499542, 0.292979, 0.142074]
[0.586601, 0.313631, -0.498634, 0.291049, 0.297765]
[0.48807, 0.19171, -0.499642, 0.234727, 0.089067]
[0.540702, 0.191613, -0.499699, 0.385874, 0.48712]
[0.393967, 0.142951, -0.499309, 0.242449, 0.375401]
[0.484863, 0.12072, -0.498802, 0.468003, 0.432232]
[0.320677, 0.459669, -0.499914, 0.438419, 0.244335]
[0.44449, 0.210516, -0.498791, 0.489765, 0.162622]
[0.457523, 0.313654, -0.499258, 0.251607, 0.301607]
[0.349439, 0.396996, -0.499831, 0.359816, 0.421083]
[0.608341, 0.222034, -0.49927, 0.429379, 0.411284]
[0.402404, 0.442025, -0.499941, 0.363564, 0.238512]
[0.671105, 0.341675, -0.498835, 0.401516, 0.097822]
[0.6318, 0.112073, -0.499587, 0.265692, 0.095397]
[0.334474, 0.202152, -0.499664, 0.28536, 0.401131]
[0.301917, 0.451224, -0.49878, 0.337552, 0.157748]
[0.28992, 0.473872, -0.498922, 0.351823, 0.243025]
[0.305147, 0.258599, -0.499319, 0.457854, 0.410783]
[0.495063, 0.289001, -0.498893, 0.232903, 0.041236]
[0.533283, 0.410892, -0.499805, 0.254584, 0.459345]
[0.54416, 0.16389, -0.499148, 0.253168, 0.438409]
[0.676034, 0.127787, -0.499961, 0.34856, 0.206286]
[0.479716, 0.344912, -0.49864, 0.399932, 0.05563]
[0.442494, 0.240555, -0.499623, 0.469686, 0.182517]
[0.429428, 0.199897, -0.498681, 0.444444, 0.332968]
[0.348136, 0.277472, -0.498703, 0.286857, 0.030064]
[0.597377, 0.415682, -0.499022, 0.390652, 0.353234]
[0.439035, 0.406204, -0.499279, 0.468328, 0.144012]
[0.414738, 0.279709, -0.499923, 0.338062, 0.233027]
[0.524881, 0.321115, -0.499905, 0.440037, 0.19284]
[0.43047, 0.265241, -0.499623, 0.472796, 0.293222]
[0.402166, 0.188189, -0.49892, 0.335982, 0.158021]
[0.301051, 0.408411, -0.499505, 0.360353, 0.061149]
[0.480652, 0.438763, -0.498445, 0.427058, 0.004284]
[0.616972, 0.247797, -0.498705, 0.395929, 0.161964]
[0.439832, 0.256839, -0.498894, 0.494851, 0.36465]
[0.460458, 0.273198, -0.49865, 0.493862, 0.435628]
[0.433706, 0.122589, -0.499088, 0.242453, 0.403909]
[0.301528, 0.261865, -0.4998, 0.326462, 0.124377]
[0.645976, 0.41061, -0.498451, 0.411713, 0.224213]
[0.495686, 0.406992, -0.498956, 0.408443, 0.213898]
[0.556296, 0.457886, -0.499872, 0.453092, 0.151249]
[0.438677, 0.420584, -0.4995, 0.469652, 0.273693]
[0.296318, 0.41015, -0.499848, 0.411389, 0.033724]
[0.498121, 0.457457, -0.499764, 0.284296, 0.40486]
[0.678934, 0.329312, -0.498742, 0.328322, 0.101867]
[0.509387, 0.172904, -0.498766, 0.403428, 0.396782]
[0.349191, 0.14311, -0.498653, 0.436552, 0.156393]
[0.450307, 0.46972, -0.499854, 0.332368, 0.491059]
[0.631178, 0.255275, -0.49911, 0.314208, 0.188435]
[0.324995, 0.207539, -0.498635, 0.356033, 0.110433]
[0.56026, 0.442525, -0.498986, 0.434933, 0.400107]
[0.611721, 0.189954, -0.499347, 0.268532, 0.199155]
[0.340304, 0.233092, -0.49983, 0.306315, 0.373523]
[0.330188, 0.312573, -0.499456, 0.257677, 0.166893]
[0.588259, 0.218604, -0.499229, 0.289613, 0.311306]
[0.531482, 0.340078, -0.499699, 0.472531, 0.034482]
[0.626372, 0.24992, -0.498442, 0.314975, 0.122085]
[0.37126, 0.343189, -0.499968, 0.464818, 0.16609]
[0.4773, 0.442346, -0.49949, 0.307896, 0.077422]
[0.490644, 0.180539, -0.498897, 0.439959, 0.067398]
[0.287423, 0.311722, -0.498659, 0.332652, 0.066689]
[0.670542, 0.367874, -0.499654, 0.23149, 0.361897]
[0.574466, 0.201443, -0.499531, 0.386533, 0.484408]
[0.427443, 0.385226, -0.498658, 0.371021, 0.26125]
[0.640065, 0.319547, -0.499427, 0.349635, 0.227926]
[0.530649, 0.386114, -0.499107, 0.393158, 0.21172]
[0.307422, 0.415207, -0.498756, 0.445833, 0.404494]
[0.461484, 0.439887, -0.499908, 0.343525, 0.498796]
[0.525113, 0.206975, -0.499414, 0.361531, 0.21402]
[0.34232, 0.144151, -0.498527, 0.317676, 0.230498]
[0.543339, 0.382863, -0.498535, 0.39406, 0.493373]
[0.283063, 0.446381, -0.49876, 0.32571, 0.177534]
[0.318808, 0.238985, -0.499176, 0.288226, 0.182727]
[0.321804, 0.476575, -0.499661, 0.487705, 0.434307]
[0.282363, 0.119236, -0.499175, 0.266513, 0.214295]
[0.65511, 0.452887, -0.4994, 0.24279, 0.356444]
[0.305295, 0.205968, -0.499421, 0.366495, 0.442588]
[0.340428, 0.284263, -0.498513, 0.356493, 0.142078]
[0.651449, 0.399024, -0.498892, 0.451496, 0.383049]
[0.441869, 0.189802, -0.499738, 0.281131, 0.411744]
[0.520038, 0.138916, -0.498616, 0.39299, 0.251571]
[0.550132, 0.152005, -0.499876, 0.306821, 0.475023]
[0.389562, 0.347514, -0.49946, 0.484671, 0.038556]
[0.624866, 0.334262, -0.498695, 0.431927, 0.122186]
[0.460101, 0.317087, -0.49945, 0.283865, 0.013483]
[0.485175, 0.172001, -0.499746, 0.473311, 0.383735]
[0.359827, 0.33669, -0.498628, 0.300253, 0.081995]
[0.423538, 0.269205, -0.499081, 0.265902, 0.01665]
[0.37347, 0.459199, -0.499065, 0.480841, 0.195405]
[0.466254, 0.306696, -0.498746, 0.324146, 0.252077]
[0.518016, 0.303243, -0.49864, 0.249857, 0.369951]
[0.477154, 0.310767, -0.499683, 0.28081, 0.261755]
[0.679065, 0.484419, -0.498893, 0.349984, 0.315374]
[0.28802, 0.138853, -0.498609, 0.47681, 0.359996]
[0.448966, 0.129013, -0.499908, 0.28574, 0.263955]
[0.423082, 0.225604, -0.499956, 0.322846, 0.335756]
[0.564277, 0.254808, -0.499496, 0.465638, 0.020828]
[0.39404, 0.182679, -0.498635, 0.340089, 0.395986]
[0.368835, 0.385419, -0.499695, 0.274724, 0.272748]
[0.3868, 0.153788, -0.498835, 0.345377, 0.340053]
[0.352367, 0.169402, -0.49893, 0.4105, 0.395694]
[0.406001, 0.139943, -0.498922, 0.338423, 0.141424]
[0.567504, 0.190421, -0.499187, 0.420354, 0.016445]
[0.381309, 0.185496, -0.499234, 0.422752, 0.459365]
[0.520722, 0.459185, -0.498631, 0.317832, 0.140182]
[0.344374, 0.319432, -0.49973, 0.355615, 0.074735]
[0.506872, 0.159889, -0.499313, 0.253661, 0.13234]
[0.301133, 0.463669, -0.499742, 0.406446, 0.014478]
[0.622975, 0.340711, -0.499816, 0.337591, 0.424842]
[0.369256, 0.157271, -0.49972, 0.407726, 0.108945]
[0.420605, 0.239, -0.498669, 0.363909, 0.154901]
[0.671302, 0.311106, -0.49899, 0.457901, 0.295451]
[0.541677, 0.188866, -0.499072, 0.299466, 0.170396]
[0.284249, 0.461367, -0.499366, 0.263657, 0.044303]
[0.530806, 0.451922, -0.498969, 0.285163, 0.331905]
[0.301368, 0.381086, -0.498499, 0.277017, 0.006305]
[0.548663, 0.446058, -0.499018, 0.275632, 0.210512]
[0.295822, 0.334579, -0.499955, 0.445118, 0.391677]
[0.352271, 0.230765, -0.498899, 0.273695, 0.371564]
[0.516759, 0.288678, -0.498615, 0.248033, 0.093574]
[0.353981, 0.231264, -0.4998, 0.417742, 0.321144]
[0.451797, 0.435809, -0.498671, 0.289572, 0.165679]
[0.669543, 0.143839, -0.49907, 0.439552, 0.45109]
[0.295646, 0.248836, -0.499543, 0.242511, 0.084558]
[0.413834, 0.140897, -0.499978, 0.336641, 0.118162]
[0.303339, 0.186245, -0.499117, 0.367446, 0.223918]
[0.277073, 0.157119, -0.49883, 0.35967, 0.30014]
[0.473164, 0.449548, -0.498914, 0.437118, 0.247037]
[0.52372, 0.435803, -0.498901, 0.35793, 0.171428]
[0.335798, 0.356378, -0.499696, 0.244893, 0.044131]
[0.382274, 0.161528, -0.499873, 0.411729, 0.380696]
[0.605606, 0.277974, -0.499363, 0.486791, 0.402145]
[0.347607, 0.335757, -0.499461, 0.279633, 0.26761]
[0.502568, 0.465029, -0.499469, 0.384099, 0.158111]
[0.564176, 0.430738, -0.498642, 0.391586, 0.464181]
[0.427418, 0.267584, -0.498693, 0.434916, 0.292285]
[0.279864, 0.485845, -0.498855, 0.390249, 0.351871]
[0.527043, 0.346168, -0.499518, 0.297988, 0.173515]
[0.603803, 0.24743, -0.499637, 0.417513, 0.380115]
[0.320958, 0.255841, -0.499308, 0.468712, 0.122392]
[0.409807, 0.131365, -0.499763, 0.314693, 0.180923]
[0.662732, 0.471207, -0.498954, 0.488038, 0.172692]
[0.483844, 0.154948, -0.499054, 0.480303, 0.189166]
[0.574609, 0.475974, -0.499397, 0.324524, 0.02489]
[0.551793, 0.206883, -0.499119, 0.374945, 0.022896]
[0.580409, 0.434331, -0.499164, 0.288675, 0.000652]
[0.378205, 0.264445, -0.498489, 0.40025, 0.105017]
[0.396639, 0.396732, -0.499888, 0.247635, 0.248242]
[0.552205, 0.271552, -0.499584, 0.29336, 0.020155]
[0.497727, 0.454594, -0.499696, 0.45821, 0.219469]
[0.325786, 0.287579, -0.499319, 0.485119, 0.238586]
[0.647976, 0.416134, -0.499026, 0.470874, 0.078486]
[0.519602, 0.44992, -0.498997, 0.236282, 0.300969]
[0.514578, 0.452583, -0.49897, 0.357538, 0.30585]
[0.453499, 0.289026, -0.49885, 0.391859, 0.29784]
[0.354099, 0.464139, -0.499615, 0.281915, 0.276085]
[0.620798, 0.235197, -0.498761, 0.310307, 0.478395]
[0.423761, 0.41154, -0.499655, 0.256116, 0.485148]
[0.282351, 0.472337, -0.498725, 0.380046, 0.272619]
[0.402378, 0.127363, -0.498999, 0.335546, 0.395062]
[0.467808, 0.413873, -0.499322, 0.414427, 0.157315]
[0.348627, 0.422456, -0.498926, 0.355019, 0.007096]
[0.522329, 0.448249, -0.499164, 0.303037, 0.41277]
[0.516018, 0.257899, -0.499636, 0.403788, 0.477192]
[0.31137, 0.416194, -0.499763, 0.31538, 0.39602]
[0.484036, 0.119534, -0.49919, 0.353854, 0.271685]
[0.27, 0.30759, -0.499001, 0.339329, 0.230515]
[0.348061, 0.4977, -0.498433, 0.405049, 0.120384]
[0.396035, 0.455257, -0.499345, 0.276258, 0.064221]
[0.601307, 0.29241, -0.499118, 0.458806, 0.297968]
[0.516333, 0.275241, -0.499825, 0.396292, 0.244928]
[0.643622, 0.34587, -0.499778, 0.424512, 0.222559]
[0.500833, 0.361765, -0.499766, 0.275576, 0.031162]
[0.270355, 0.451697, -0.499643, 0.29679, 0.381748]
[0.474267, 0.344065, -0.499887, 0.354438, 0.188677]
[0.385172, 0.42434, -0.499975, 0.384865, 0.421782]
[0.559723, 0.33447, -0.499178, 0.425591, 0.003686]
[0.471046, 0.166994, -0.499917, 0.433668, 0.347943]
[0.61719, 0.44103, -0.499768, 0.295127, 0.217577]
[0.500983, 0.117348, -0.499095, 0.404428, 0.097365]
[0.588082, 0.124611, -0.498573, 0.391279, 0.274142]
[0.642408, 0.194358, -0.498846, 0.42904, 0.169925]
[0.502201, 0.476327, -0.499946, 0.477813, 0.379178]
[0.367831, 0.302814, -0.499676, 0.245542, 0.035124]
[0.675843, 0.234329, -0.49991, 0.261983, 0.426152]
[0.63982, 0.374486, -0.498654, 0.257441, 0.405978]
[0.44581, 0.292915, -0.499036, 0.399656, 0.478115]
[0.447298, 0.18068, -0.498593, 0.419618, 0.209157]
[0.383718, 0.467225, -0.498892, 0.31527, 0.452618]
[0.273919, 0.439893, -0.498719, 0.262699, 0.194971]
[0.280292, 0.152879, -0.498799, 0.303018, 0.172807]
[0.381882, 0.19644, -0.499077, 0.341375, 0.496652]
[0.606342, 0.487855, -0.49852, 0.456192, 0.27616]
[0.615229, 0.150137, -0.498619, 0.356798, 0.396443]
[0.593318, 0.166905, -0.499548, 0.392098, 0.457319]
[0.291175, 0.341886, -0.499203, 0.357495, 0.37837]
[0.483878, 0.408162, -0.499414, 0.396541, 0.249331]
[0.547432, 0.3668, -0.499926, 0.29251, 0.029258]
[0.590465, 0.493072, -0.499924, 0.354595, 0.01005]
[0.293696, 0.444047, -0.49906, 0.237186, 0.268835]
[0.517783, 0.217855, -0.499527, 0.395113, 0.465694]
[0.612454, 0.237821, -0.498569, 0.327021, 0.194439]
[0.300665, 0.299423, -0.499681, 0.34206, 0.070415]
[0.444615, 0.165966, -0.498742, 0.393282, 0.042981]
[0.459655, 0.481715, -0.499586, 0.304647, 0.178083]
[0.29004, 0.440481, -0.499418, 0.390435, 0.215215]
[0.406923, 0.410279, -0.499578, 0.2467, 0.375688]
[0.562737, 0.365657, -0.49843, 0.469741, 0.011236]
[0.546099, 0.322972, -0.498922, 0.442505, 0.039532]
[0.6418, 0.177188, -0.499633, 0.324494, 0.033622]
[0.338498, 0.360956, -0.499099, 0.394899, 0.10804]
[0.64641, 0.286593, -0.498641, 0.276007, 0.198669]
[0.334436, 0.425635, -0.499166, 0.375592, 0.101983]
[0.464665, 0.345482, -0.499976, 0.317246, 0.217391]
[0.411143, 0.301708, -0.499141, 0.357573, 0.034549]
[0.599363, 0.198133, -0.498873, 0.361129, 0.105252]
[0.300109, 0.495364, -0.498898, 0.339553, 0.337277]
[0.293808, 0.154637, -0.499162, 0.332625, 0.471907]
[0.329465, 0.412301, -0.499406, 0.350681, 0.374343]
[0.614859, 0.255921, -0.499447, 0.466446, 0.476088]
[0.597202, 0.250491, -0.498665, 0.358292, 0.418159]
[0.435341, 0.417923, -0.499002, 0.239544, 0.254804]
[0.445816, 0.33565, -0.499925, 0.340157, 0.147497]
[0.478697, 0.257318, -0.499818, 0.379516, 0.169684]
[0.287267, 0.436529, -0.499602, 0.256868, 0.373397]
[0.473245, 0.263255, -0.499165, 0.262968, 0.134453]
[0.627522, 0.223359, -0.498569, 0.328228, 0.086323]
[0.397493, 0.352774, -0.499692, 0.349311, 0.190164]
[0.353139, 0.424514, -0.499376, 0.447733, 0.376424]
[0.558729, 0.414589, -0.498936, 0.358686, 0.343974]
[0.475509, 0.192354, -0.499024, 0.473104, 0.075551]
[0.425829, 0.29039, -0.49944, 0.316086, 0.09984]
[0.621168, 0.215489, -0.498463, 0.243268, 0.431839]
[0.334764, 0.178474, -0.499103, 0.478096, 0.187624]
[0.42734, 0.393271, -0.499174, 0.415555, 0.187614]
[0.510168, 0.188802, -0.498915, 0.432617, 0.233369]
[0.580025, 0.14256, -0.498918, 0.373481, 0.190878]
[0.599313, 0.267493, -0.499761, 0.352934, 0.497119]
[0.438977, 0.340681, -0.499358, 0.480893, 0.095908]
[0.511302, 0.426002, -0.498978, 0.284427, 0.190838]
[0.631014, 0.116007, -0.498925, 0.49045, 0.023052]
[0.281081, 0.24819, -0.49847, 0.357397, 0.066622]
[0.528113, 0.175558, -0.498909, 0.360603, 0.299392]
[0.431885, 0.289528, -0.498733, 0.473743, 0.343422]
[0.527999, 0.450091, -0.499629, 0.260785, 0.483662]
[0.588824, 0.463009, -0.498423, 0.479495, 0.347102]
[0.544517, 0.427152, -0.499613, 0.370508, 0.139328]
[0.595486, 0.361006, -0.499685, 0.245787, 0.20728]
[0.469743, 0.329728, -0.498559, 0.298248, 0.409269]
[0.470546, 0.498503, -0.499153, 0.429024, 0.21503]
[0.580901, 0.478098, -0.499238, 0.406405, 0.21174]
[0.53993, 0.268124, -0.498786, 0.474729, 0.044822]
[0.671414, 0.14996, -0.499101, 0.349859, 0.295255]
[0.544989, 0.285375, -0.499141, 0.496339, 0.453412]
[0.582177, 0.385316, -0.499762, 0.251686, 0.404774]
[0.431626, 0.22809, -0.49915, 0.456464, 0.101088]
[0.281136, 0.23143, -0.499652, 0.351751, 0.326561]
[0.531237, 0.322732, -0.499408, 0.229632, 0.387897]
[0.619661, 0.397198, -0.498859, 0.386259, 0.011576]
[0.301651, 0.300598, -0.499626, 0.481238, 0.226408]
[0.48363, 0.450178, -0.498993, 0.3385, 0.434534]
[0.470936, 0.163259, -0.499328, 0.235513, 0.0683]
[0.562217, 0.214776, -0.499717, 0.460683, 0.212281]
[0.326295, 0.287698, -0.499331, 0.253889, 0.027029]
[0.482508, 0.324587, -0.498798, 0.309688, 0.161504]
[0.31701, 0.295404, -0.499474, 0.364498, 0.269586]
[0.457067, 0.377576, -0.499585, 0.441868, 0.277076]
[0.56771, 0.400162, -0.499862, 0.37786, 0.178102]
[0.358902, 0.421305, -0.498642, 0.249549, 0.453424]
[0.276359, 0.15518, -0.49924, 0.418505, 0.283867]
[0.299265, 0.284546, -0.498906, 0.458164, 0.100926]
[0.589315, 0.492912, -0.498934, 0.49133, 0.090717]
[0.561846, 0.250604, -0.499769, 0.340558, 0.292953]
[0.573713, 0.247443, -0.499873, 0.244188, 0.365392]
[0.674854, 0.461965, -0.498806, 0.414811, 0.202287]
[0.490876, 0.289647, -0.498674, 0.386069, 0.399526]
[0.408253, 0.393558, -0.499003, 0.441914, 0.068239]
[0.34413, 0.269011, -0.499369, 0.458986, 0.470836]
[0.673156, 0.425457, -0.499189, 0.27703, 0.078314]
[0.614368, 0.273078, -0.4985, 0.373942, 0.028424]
[0.384715, 0.250118, -0.499038, 0.382763, 0.344297]
[0.522205, 0.289713, -0.498789, 0.242757, 0.062314]
[0.279582, 0.41174, -0.498691, 0.387163, 0.284958]
[0.299651, 0.225651, -0.498762, 0.492504, 0.04682]
[0.420516, 0.288109, -0.498471, 0.430179, 0.419654]
[0.577728, 0.156943, -0.498849, 0.350934, 0.016007]
[0.633084, 0.264953, -0.499477, 0.367251, 0.191055]
[0.431045, 0.307322, -0.499143, 0.316843, 0.041448]
[0.361028, 0.146792, -0.499913, 0.48083, 0.248271]
[0.419215, 0.252744, -0.499643, 0.332527, 0.031996]
[0.484074, 0.161833, -0.499116, 0.278826, 0.401348]
[0.530603, 0.34546, -0.49919, 0.290006, 0.466654]
[0.289832, 0.21032, -0.499846, 0.292619, 0.271242]
[0.570963, 0.259829, -0.498764, 0.450887, 0.295784]
[0.562406, 0.374198, -0.499888, 0.447294, 0.333487]
[0.401295, 0.310298, -0.499358, 0.417631, 0.433225]
[0.311509, 0.436891, -0.499827, 0.229219, 0.113007]
[0.505999, 0.420814, -0.498671, 0.269894, 0.245247]
[0.614306, 0.175706, -0.499601, 0.319219, 0.499055]
[0.308635, 0.46155, -0.499978, 0.434825, 0.12286]
[0.481886, 0.444934, -0.498686, 0.270453, 0.177243]
[0.356698, 0.424877, -0.499739, 0.290672, 0.064244]
[0.593038, 0.403552, -0.499699, 0.496636, 0.024915]
[0.339502, 0.380362, -0.499613, 0.480611, 0.307167]
[0.54208, 0.36704, -0.498484, 0.405953, 0.188198]
[0.295346, 0.306894, -0.499082, 0.380651, 0.231157]
[0.494826, 0.44101, -0.499082, 0.3675, 0.214343]
[0.346404, 0.257114, -0.49991, 0.395164, 0.309628]
[0.567912, 0.397274, -0.499442, 0.376602, 0.443191]
[0.373994, 0.289512, -0.499253, 0.263474, 0.428645]
[0.562945, 0.37558, -0.498512, 0.416203, 0.173223]
[0.490811, 0.374566, -0.498416, 0.280885, 0.485908]
[0.309704, 0.198697, -0.498519, 0.261057, 0.487068]
[0.62889, 0.392729, -0.498542, 0.417165, 0.321801]
[0.394734, 0.499962, -0.498612, 0.392, 0.02249]
[0.286807, 0.414947, -0.499833, 0.390125, 0.284686]
[0.651121, 0.278808, -0.499126, 0.46863, 0.363891]
[0.552725, 0.3095, -0.498855, 0.235166, 0.330776]
[0.540133, 0.236692, -0.498932, 0.340571, 0.206133]
[0.560212, 0.2038, -0.49874, 0.490492, 0.37135]
[0.276288, 0.292286, -0.499748, 0.450095, 0.42757]
[0.413187, 0.179178, -0.499836, 0.417228, 0.247605]
[0.626663, 0.199789, -0.498755, 0.379364, 0.00324]
[0.423844, 0.453967, -0.499687, 0.300731, 0.118379]
[0.480238, 0.176023, -0.499541, 0.461573, 0.211669]
[0.419678, 0.262014, -0.499137, 0.464364, 0.23529]
[0.658042, 0.233435, -0.499482, 0.229216, 0.391079]
[0.629382, 0.209131, -0.498612, 0.428845, 0.434793]
[0.495381, 0.455232, -0.498603, 0.399592, 0.363961]
[0.584825, 0.310369, -0.499768, 0.316823, 0.225261]
[0.437302, 0.23945, -0.499304, 0.301224, 0.382548]
[0.391636, 0.240287, -0.499479, 0.469632, 0.238637]
[0.643745, 0.286594, -0.498856, 0.340566, 0.042934]
[0.340349, 0.116875, -0.499169, 0.378586, 0.371122]
[0.444919, 0.290389, -0.498728, 0.351914, 0.37788]
[0.313654, 0.444134, -0.498996, 0.412089, 0.077812]
[0.269629, 0.17449, -0.499632, 0.367066, 0.378017]
[0.302056, 0.485136, -0.499298, 0.345703, 0.256627]
[0.445032, 0.217093, -0.499784, 0.306313, 0.267056]
[0.505522, 0.334417, -0.49877, 0.31143, 0.177066]
[0.364221, 0.380015, -0.498735, 0.496775, 0.448473]
[0.317981, 0.221957, -0.499014, 0.281898, 0.058374]
[0.585272, 0.333883, -0.498467, 0.342346, 0.460837]
[0.321648, 0.373066, -0.499745, 0.232508, 0.114148]
[0.365396, 0.298407, -0.498461, 0.418021, 0.287724]
[0.650858, 0.181369, -0.498936, 0.469353, 0.135435]
[0.653554, 0.322391, -0.498758, 0.321675, 0.080688]
[0.653231, 0.314431, -0.49996, 0.390566, 0.419247]
[0.576094, 0.40156, -0.498615, 0.32898, 0.246122]
[0.299306, 0.315374, -0.49899, 0.382294, 0.413793]
[0.561875, 0.226732, -0.499471, 0.373718, 0.309199]
[0.507635, 0.129866, -0.499422, 0.266687, 0.066961]
[0.603336, 0.266337, -0.498707, 0.490242, 0.314138]
[0.341239, 0.411146, -0.499903, 0.238064, 0.471809]
[0.549774, 0.199103, -0.499298, 0.473865, 0.382224]
[0.387592, 0.49098, -0.498822, 0.49122, 0.10822]
[0.275919, 0.408409, -0.498613, 0.383779, 0.045015]
[0.633171, 0.411332, -0.498908, 0.456076, 0.054502]
[0.288758, 0.123878, -0.499705, 0.383602, 0.127683]
[0.415699, 0.449733, -0.499409, 0.33104, 0.161785]
[0.493773, 0.143204, -0.499759, 0.462062, 0.128581]
[0.533165, 0.236921, -0.4996, 0.353739, 0.311042]
[0.505657, 0.368829, -0.498824, 0.287789, 0.115262]
[0.334471, 0.236183, -0.499374, 0.375868, 0.314214]
[0.472694, 0.153521, -0.499619, 0.49447, 0.292763]
[0.479284, 0.370166, -0.499085, 0.351573, 0.061396]
[0.537206, 0.26823, -0.499982, 0.357599, 0.285729]
[0.271581, 0.255601, -0.49884, 0.313953, 0.196678]
[0.512256, 0.181076, -0.498811, 0.478321, 0.473212]
[0.63635, 0.141463, -0.498785, 0.244035, 0.423968]
[0.442036, 0.420499, -0.498443, 0.332496, 0.261669]
[0.583, 0.278907, -0.498876, 0.498533, 0.005817]
[0.318681, 0.237859, -0.498738, 0.244445, 0.220959]
[0.557852, 0.392776, -0.499296, 0.401302, 0.339814]
[0.663899, 0.229474, -0.498493, 0.309889, 0.496521]
[0.530564, 0.264167, -0.498777, 0.262181, 0.483859]
[0.337151, 0.27686, -0.499675, 0.447858, 0.15188]
[0.300382, 0.394806, -0.499203, 0.34933, 0.011257]
[0.300354, 0.396389, -0.499736, 0.401695, 0.373393]
[0.519934, 0.159316, -0.498789, 0.404865, 0.405491]
[0.479422, 0.163121, -0.499519, 0.273039, 0.425839]
[0.661992, 0.135964, -0.499717, 0.390379, 0.19872]
[0.521568, 0.315063, -0.499338, 0.34951, 0.383794]
[0.317089, 0.21618, -0.499548, 0.475103, 0.343117]
[0.604371, 0.30059, -0.499121, 0.299349, 0.49347]
[0.640512, 0.416829, -0.499066, 0.269387, 0.343263]
[0.395859, 0.358932, -0.498715, 0.486007, 0.465828]
[0.340252, 0.173117, -0.499232, 0.268563, 0.379251]
[0.405693, 0.347192, -0.499667, 0.292177, 0.321768]
[0.314501, 0.333809, -0.499713, 0.359897, 0.290556]
[0.496788, 0.435998, -0.498591, 0.303664, 0.311305]
[0.529129, 0.279381, -0.499379, 0.394168, 0.481401]
[0.588178, 0.47041, -0.49861, 0.4526, 0.04862]
[0.524207, 0.316967, -0.498592, 0.42877, 0.037962]
[0.270985, 0.333795, -0.499461, 0.485175, 0.100954]
[0.551643, 0.196382, -0.499447, 0.268032, 0.207084]
[0.344635, 0.286824, -0.498908, 0.375978, 0.454139]
[0.53426, 0.390517, -0.498694, 0.460528, 0.305397]
[0.325539, 0.393997, -0.499821, 0.447895, 0.269502]
[0.560632, 0.401645, -0.499687, 0.233637, 0.232275]
[0.332889, 0.285162, -0.499686, 0.456969, 0.156559]
[0.381717, 0.231232, -0.498931, 0.266645, 0.35605]
[0.671709, 0.246986, -0.499504, 0.296921, 0.068388]
[0.338994, 0.480118, -0.499571, 0.33488, 0.246346]
[0.425714, 0.217965, -0.498761, 0.477664, 0.381322]
[0.601763, 0.263537, -0.499538, 0.441723, 0.404984]
[0.403752, 0.204594, -0.498611, 0.259879, 0.404344]
[0.470287, 0.201189, -0.499937, 0.414788, 0.300354]
[0.39544, 0.315663, -0.498989, 0.456536, 0.23482]
[0.599431, 0.477141, -0.498906, 0.248613, 0.423483]
[0.660475, 0.400659, -0.498566, 0.375655, 0.238594]
[0.452588, 0.223973, -0.499084, 0.345133, 0.225765]
[0.613344, 0.432325, -0.499277, 0.385278, 0.096469]
[0.514801, 0.259067, -0.499749, 0.355388, 0.232231]
[0.555685, 0.470222, -0.499444, 0.483648, 0.095336]
[0.344009, 0.167117, -0.498902, 0.461248, 0.122527]
[0.472409, 0.195311, -0.498504, 0.311557, 0.094742]
[0.514677, 0.47748, -0.499517, 0.240376, 0.17124]
[0.579867, 0.485211, -0.498822, 0.4421, 0.149586]
[0.4068, 0.14694, -0.498674, 0.28708, 0.121638]
[0.589803, 0.364497, -0.499879, 0.410234, 0.134676]
[0.412994, 0.214203, -0.49896, 0.331056, 0.092113]
[0.530158, 0.457942, -0.498625, 0.256419, 0.489188]
[0.624515, 0.157241, -0.499081, 0.240036, 0.089024]
[0.327482, 0.452172, -0.499185, 0.299667, 0.350157]
[0.32793, 0.134598, -0.498956, 0.476384, 0.159075]
[0.6231, 0.240487, -0.49877, 0.476794, 0.032605]
[0.477372, 0.291308, -0.498416, 0.367486, 0.315018]
[0.653517, 0.347637, -0.499079, 0.461653, 0.038069]
[0.462344, 0.148763, -0.498868, 0.49646, 0.398975]
[0.67623, 0.237528, -0.499472, 0.303077, 0.266991]
[0.673945, 0.276704, -0.499673, 0.231326, 0.21429]
[0.468087, 0.293789, -0.498519, 0.436752, 0.110184]
[0.675441, 0.233054, -0.49889, 0.293569, 0.341297]
[0.367993, 0.490839, -0.498791, 0.476347, 0.077109]
[0.596667, 0.210964, -0.498705, 0.295677, 0.463595]
[0.489002, 0.210538, -0.498623, 0.390418, 0.161507]
[0.402396, 0.358216, -0.499595, 0.43801, 0.18403]
[0.32493, 0.404259, -0.499682, 0.459074, 0.456199]
[0.511511, 0.158434, -0.498664, 0.343508, 0.059298]
[0.396063, 0.35395, -0.498566, 0.316635, 0.425114]
[0.271045, 0.173948, -0.499679, 0.381567, 0.134343]
[0.634829, 0.230213, -0.49892, 0.470361, 0.095895]
[0.582739, 0.178635, -0.49935, 0.395399, 0.361429]
[0.504568, 0.299095, -0.499189, 0.282045, 0.182282]
[0.393511, 0.167605, -0.499456, 0.319498, 0.023925]
[0.615907, 0.183136, -0.49865, 0.29064, 0.464622]
[0.388416, 0.378285, -0.499424, 0.459274, 0.310029]
[0.441718, 0.232764, -0.499428, 0.417988, 0.432766]
[0.434376, 0.315098, -0.499197, 0.349512, 0.495315]
[0.493694, 0.132124, -0.499067, 0.330103, 0.309759]
[0.521464, 0.359678, -0.498913, 0.429273, 0.45834]
[0.516101, 0.367502, -0.499661, 0.423863, 0.203992]
[0.677325, 0.274717, -0.499646, 0.418688, 0.134728]
[0.498995, 0.48929, -0.498744, 0.399238, 0.095112]
[0.651834, 0.265755, -0.49989, 0.347903, 0.393049]
[0.5289, 0.137111, -0.499031, 0.430447, 0.089951]
[0.347457, 0.442041, -0.499397, 0.305591, 0.367241]
[0.490679, 0.38868, -0.498567, 0.359822, 0.247914]
[0.477594, 0.345831, -0.499229, 0.315799, 0.174759]
[0.558632, 0.303435, -0.49949, 0.282117, 0.464453]
[0.668074, 0.136839, -0.498851, 0.394353, 0.224638]
[0.292709, 0.177653, -0.499415, 0.470138, 0.054175]
[0.598398, 0.410286, -0.499256, 0.234214, 0.359108]
[0.515967, 0.279433, -0.499877, 0.320889, 0.043283]
[0.376482, 0.482764, -0.499395, 0.48125, 0.211931]
[0.571879, 0.213173, -0.499969, 0.260438, 0.155788]
[0.299441, 0.196279, -0.498819, 0.433242, 0.401159]
[0.519791, 0.496871, -0.498873, 0.330059, 0.353116]
[0.525414, 0.466854, -0.49953, 0.384145, 0.428412]
[0.542629, 0.231739, -0.499263, 0.306441, 0.078163]
[0.296073, 0.142821, -0.499808, 0.467183, 0.04616]
[0.56521, 0.428391, -0.498478, 0.392301, 0.428221]
[0.358929, 0.470327, -0.499112, 0.255671, 0.194681]
[0.414431, 0.437141, -0.499659, 0.435351, 0.480796]
[0.319372, 0.149793, -0.498781, 0.41926, 0.087584]
[0.665268, 0.355153, -0.499304, 0.26147, 0.248074]
[0.294621, 0.285022, -0.499801, 0.373057, 0.069526]
[0.31672, 0.192717, -0.499986, 0.35778, 0.159781]
[0.364304, 0.229283, -0.499087, 0.364435, 0.03285]
[0.391688, 0.264022, -0.499109, 0.283836, 0.423288]
[0.635672, 0.312423, -0.499267, 0.444396, 0.48776]
[0.571436, 0.404088, -0.49891, 0.478964, 0.448377]
[0.32872, 0.131063, -0.499735, 0.280143, 0.130971]
[0.464951, 0.487806, -0.499153, 0.298145, 0.460075]
[0.44012, 0.384725, -0.499618, 0.489659, 0.084249]
[0.631977, 0.294062, -0.498805, 0.325509, 0.322723]
[0.522334, 0.238901, -0.499584, 0.279246, 0.311566]
[0.613841, 0.401231, -0.499217, 0.296921, 0.353576]
[0.545107, 0.339931, -0.498874, 0.357168, 0.430708]
[0.476106, 0.299458, -0.499215, 0.486228, 0.281983]
[0.503611, 0.268132, -0.499031, 0.401181, 0.151525]
[0.555005, 0.273072, -0.499393, 0.264079, 0.073009]
[0.335343, 0.305555, -0.499399, 0.422482, 0.436077]
[0.578391, 0.207606, -0.498921, 0.476147, 0.106663]
[0.465715, 0.354598, -0.499139, 0.30049, 0.078506]
[0.374212, 0.399886, -0.49916, 0.476024, 0.454218]
[0.566098, 0.420763, -0.499164, 0.338227, 0.405675]
[0.537628, 0.150012, -0.499899, 0.315913, 0.401002]
[0.577847, 0.131536, -0.498441, 0.313815, 0.057939]
[0.572286, 0.418337, -0.499137, 0.245095, 0.44284]
[0.64635, 0.128481, -0.498606, 0.273206, 0.153689]
[0.443685, 0.44875, -0.498599, 0.460286, 0.268844]
[0.41195, 0.206063, -0.499679, 0.489002, 0.204533]
[0.425422, 0.249339, -0.499985, 0.325436, 0.065351]
[0.391453, 0.240771, -0.498951, 0.371541, 0.259419]
[0.492397, 0.149386, -0.499971, 0.353425, 0.168299]
[0.567166, 0.220972, -0.498691, 0.395612, 0.372059]
[0.450121, 0.400831, -0.499148, 0.395573, 0.403726]
[0.606052, 0.475826, -0.498602, 0.231086, 0.007254]
[0.419682, 0.430681, -0.499503, 0.261411, 0.244108]
[0.408143, 0.328408, -0.499785, 0.276034, 0.402189]
[0.390747, 0.28753, -0.498412, 0.379075, 0.019935]
[0.578619, 0.483143, -0.498431, 0.336402, 0.135114]
[0.335383, 0.383236, -0.499589, 0.437645, 0.044667]
[0.443555, 0.168571, -0.498491, 0.322558, 0.054905]
[0.437521, 0.362944, -0.498583, 0.461962, 0.041958]
[0.355028, 0.371476, -0.499299, 0.331493, 0.307243]
[0.477641, 0.191197, -0.498562, 0.347282, 0.279346]
[0.323858, 0.372305, -0.499089, 0.260135, 0.329683]
[0.578049, 0.325068, -0.499556, 0.417993, 0.162087]
[0.631548, 0.151584, -0.499634, 0.400528, 0.259059]
[0.331152, 0.357861, -0.498908, 0.354867, 0.132991]
[0.511761, 0.48044, -0.499256, 0.35038, 0.283243]
[0.335759, 0.158831, -0.498499, 0.493854, 0.330165]
[0.355961, 0.404674, -0.4985, 0.4608, 0.365924]
[0.549044, 0.354586, -0.498574, 0.345842, 0.051001]
[0.339427, 0.485809, -0.499774, 0.459624, 0.0828]
[0.517842, 0.230122, -0.499517, 0.417955, 0.136424]
[0.592155, 0.212282, -0.498426, 0.311895, 0.42479]
[0.665905, 0.295276, -0.498413, 0.380271, 0.164381]
[0.541764, 0.126609, -0.499395, 0.414883, 0.489623]
[0.307165, 0.113749, -0.499504, 0.349367, 0.252718]
[0.442156, 0.126259, -0.498733, 0.439904, 0.313373]
[0.39621, 0.223463, -0.499525, 0.337395, 0.101707]
[0.463721, 0.428612, -0.499316, 0.463197, 0.108915]
[0.667279, 0.494556, -0.4994, 0.316351, 0.491315]
[0.631152, 0.257091, -0.499044, 0.356313, 0.065117]
[0.353009, 0.161797, -0.499856, 0.494643, 0.193315]
[0.283455, 0.477503, -0.499338, 0.441835, 0.250127]
[0.542084, 0.435016, -0.498662, 0.257758, 0.007578]
[0.464117, 0.264193, -0.498737, 0.337492, 0.372291]
[0.678563, 0.329682, -0.49987, 0.365342, 0.41732]
[0.679564, 0.115662, -0.499558, 0.320883, 0.202007]
[0.390396, 0.390734, -0.499271, 0.440279, 0.162846]
[0.409131, 0.383573, -0.498786, 0.335683, 0.238277]
[0.444444, 0.282411, -0.499654, 0.341429, 0.049713]
[0.630924, 0.433242, -0.499862, 0.337601, 0.152549]
[0.314461, 0.214619, -0.499065, 0.446638, 0.296137]
[0.475696, 0.378362, -0.499766, 0.316306, 0.045306]
[0.401028, 0.178488, -0.498585, 0.370503, 0.275218]
[0.666873, 0.255177, -0.499962, 0.265197, 0.069722]
[0.361072, 0.339302, -0.498766, 0.414326, 0.135642]
[0.504826, 0.348771, -0.499755, 0.40107, 0.451076]
[0.432476, 0.429027, -0.499588, 0.35088, 0.218677]
[0.414918, 0.456471, -0.499209, 0.279369, 0.418662]
[0.471475, 0.371679, -0.499828, 0.405392, 0.445636]
[0.590572, 0.461856, -0.499493, 0.416735, 0.1873]
[0.61203, 0.250316, -0.49886, 0.329029, 0.140099]
[0.281655, 0.304947, -0.498569, 0.348956, 0.261904]
[0.416688, 0.267376, -0.49907, 0.315065, 0.137261]
[0.481304, 0.427718, -0.498761, 0.377388, 0.378668]
[0.499542, 0.237891, -0.498425, 0.381321, 0.217991]
[0.424273, 0.47721, -0.499855, 0.443863, 0.499065]
[0.282763, 0.112035, -0.498726, 0.4799, 0.273723]
[0.434031, 0.214417, -0.499908, 0.365631, 0.339603]
[0.67886, 0.170166, -0.498528, 0.396808, 0.185558]
[0.353195, 0.233394, -0.498546, 0.453375, 0.141959]
[0.601632, 0.213218, -0.498608, 0.415408, 0.268588]
[0.538258, 0.146691, -0.499758, 0.340689, 0.260498]
[0.386498, 0.321889, -0.499036, 0.376473, 0.18661]
[0.359247, 0.326049, -0.499575, 0.382916, 0.17677]
[0.425036, 0.315651, -0.499299, 0.306694, 0.213676]
[0.476866, 0.450603, -0.499581, 0.298596, 0.176427]
[0.594846, 0.411417, -0.499033, 0.482862, 0.082212]
[0.306686, 0.121992, -0.499623, 0.471466, 0.475632]
[0.277369, 0.440675, -0.499415, 0.2542, 0.2514]
[0.383378, 0.22558, -0.499626, 0.249474, 0.378073]
[0.351505, 0.182445, -0.499319, 0.424027, 0.250421]
[0.645558, 0.201257, -0.499967, 0.39736, 0.424007]
[0.482559, 0.367328, -0.499703, 0.291002, 0.095653]
[0.60403, 0.174226, -0.498805, 0.272887, 0.07092]
[0.557349, 0.201437, -0.49895, 0.263287, 0.410317]
[0.444898, 0.239676, -0.499727, 0.328014, 0.31153]
[0.360343, 0.292366, -0.499974, 0.359806, 0.241451]
[0.31694, 0.497891, -0.499526, 0.3439, 0.383789]
[0.316743, 0.470543, -0.499843, 0.322051, 0.27979]
[0.293887, 0.301802, -0.498798, 0.450994, 0.134855]
[0.657245, 0.257413, -0.499783, 0.443389, 0.390918]
[0.41369, 0.1582, -0.499507, 0.33655, 0.321272]
[0.340919, 0.309275, -0.499306, 0.384669, 0.35288]
[0.317247, 0.345129, -0.499581, 0.395545, 0.322564]
[0.537906, 0.428664, -0.499066, 0.444581, 0.181283]
[0.640528, 0.239797, -0.498965, 0.480852, 0.168816]
[0.455064, 0.205147, -0.498896, 0.271504, 0.166131]
[0.659445, 0.199921, -0.498973, 0.472721, 0.157454]
[0.306084, 0.149527, -0.498705, 0.237403, 0.280169]
[0.335529, 0.185402, -0.499249, 0.236491, 0.228011]
[0.314832, 0.230999, -0.499861, 0.443519, 0.326146]
[0.362272, 0.225334, -0.499837, 0.262671, 0.395185]
[0.603031, 0.339385, -0.498942, 0.406621, 0.020181]
[0.491071, 0.132568, -0.499036, 0.493987, 0.345186]
[0.538371, 0.21205, -0.499158, 0.41204, 0.325314]
[0.342059, 0.202231, -0.499061, 0.268057, 0.197659]
[0.422125, 0.458056, -0.498923, 0.30168, 0.392311]
[0.646632, 0.405527, -0.49976, 0.306875, 0.268]
[0.37152, 0.185627, -0.498856, 0.353086, 0.083368]
[0.448954, 0.415788, -0.499801, 0.341632, 0.272286]
[0.282993, 0.239775, -0.499199, 0.305548, 0.165648]
[0.487282, 0.309873, -0.498973, 0.493609, 0.277476]
[0.394272, 0.163296, -0.499951, 0.487229, 0.346259]
[0.528347, 0.201205, -0.499701, 0.2825, 0.059552]
[0.509263, 0.483568, -0.498822, 0.376063, 0.420313]
[0.339396, 0.490201, -0.499568, 0.424301, 0.422962]
[0.575112, 0.216148, -0.499746, 0.319372, 0.358354]
[0.361155, 0.208981, -0.499822, 0.429156, 0.412881]
[0.65362, 0.34243, -0.499379, 0.248494, 0.433335]
[0.43134, 0.23916, -0.498853, 0.465436, 0.404288]
[0.477701, 0.301706, -0.499918, 0.254251, 0.003518]
[0.505807, 0.437313, -0.498757, 0.390161, 0.005969]
[0.443962, 0.170513, -0.498677, 0.326502, 0.000477]
[0.274702, 0.24786, -0.499181, 0.339625, 0.0973]
[0.418445, 0.140645, -0.498424, 0.46206, 0.289304]
[0.37054, 0.366344, -0.498747, 0.494023, 0.394366]
[0.406838, 0.486269, -0.498676, 0.431706, 0.440229]
[0.316187, 0.121707, -0.498973, 0.258195, 0.271939]
[0.384497, 0.19513, -0.499097, 0.247666, 0.014202]
[0.426989, 0.1284, -0.499557, 0.28544, 0.335592]
[0.479762, 0.475072, -0.498424, 0.285458, 0.138717]
[0.538566, 0.440241, -0.499376, 0.312579, 0.21536]
[0.343162, 0.469584, -0.499839, 0.301634, 0.118313]
[0.616394, 0.292253, -0.499507, 0.391259, 0.436103]
[0.598374, 0.301151, -0.499077, 0.291276, 0.225991]
[0.283714, 0.208819, -0.499481, 0.361324, 0.421461]
[0.670439, 0.121385, -0.498537, 0.330615, 0.100261]
[0.497957, 0.258158, -0.498798, 0.352952, 0.098883]
[0.466312, 0.332618, -0.499524, 0.275554, 0.16648]
[0.395207, 0.279651, -0.49982, 0.345204, 0.44285]
[0.541699, 0.123645, -0.498906, 0.397159, 0.204257]
[0.549892, 0.486749, -0.499997, 0.306635, 0.261855]
[0.644089, 0.33292, -0.498922, 0.332938, 0.167272]
[0.389392, 0.279956, -0.498866, 0.377382, 0.431505]
[0.673968, 0.359533, -0.499976, 0.498809, 0.445675]
[0.556542, 0.479763, -0.499547, 0.450113, 0.185894]
[0.544596, 0.153813, -0.499858, 0.331765, 0.38237]
[0.452346, 0.131178, -0.49842, 0.277741, 0.088747]
[0.547509, 0.314397, -0.499836, 0.402326, 0.386391]
[0.492927, 0.321051, -0.499342, 0.359994, 0.187144]
[0.323428, 0.464979, -0.499226, 0.237803, 0.094217]
[0.300415, 0.301631, -0.499777, 0.245812, 0.139513]
[0.63553, 0.179898, -0.498913, 0.319241, 0.273105]
[0.330919, 0.498523, -0.499608, 0.347769, 0.185434]
[0.505203, 0.379423, -0.498792, 0.263078, 0.179103]
[0.531659, 0.251606, -0.499887, 0.379803, 0.347041]
[0.491556, 0.207944, -0.49982, 0.422544, 0.428219]
[0.489447, 0.21047, -0.499444, 0.481792, 0.283559]
[0.325072, 0.436617, -0.499633, 0.479767, 0.027226]
[0.336253, 0.171119, -0.499149, 0.289063, 0.255123]
[0.486426, 0.307764, -0.498512, 0.280517, 0.052873]
[0.337292, 0.29918, -0.499459, 0.440009, 0.020877]
[0.431504, 0.390981, -0.499582, 0.472808, 0.159894]
[0.436256, 0.289234, -0.499213, 0.39723, 0.229284]
[0.384159, 0.403021, -0.499849, 0.290964, 0.428468]
[0.402296, 0.317923, -0.498746, 0.368713, 0.233105]
[0.61099, 0.360772, -0.49858, 0.278119, 0.413175]
[0.653412, 0.4572, -0.499263, 0.237834, 0.466185]
[0.664587, 0.422516, -0.499119, 0.409696, 0.31987]
[0.599122, 0.285128, -0.498974, 0.338219, 0.152099]
[0.657926, 0.346905, -0.499692, 0.382623, 0.34783]
[0.587593, 0.386677, -0.499824, 0.469985, 0.391071]
[0.30041, 0.460081, -0.498865, 0.364769, 0.263822]
[0.449636, 0.318887, -0.499474, 0.325349, 0.41606]
[0.650094, 0.22833, -0.499434, 0.434519, 0.38332]
[0.481949, 0.438357, -0.499279, 0.263912, 0.446047]
[0.434992, 0.215997, -0.498525, 0.312015, 0.274983]
[0.641149, 0.366819, -0.498623, 0.266517, 0.296598]
[0.658676, 0.290459, -0.499547, 0.462198, 0.288067]
[0.54367, 0.417398, -0.498736, 0.288051, 0.120276]
[0.434666, 0.144506, -0.498579, 0.378166, 0.44316]
[0.379741, 0.258825, -0.499522, 0.265878, 0.021713]
[0.592209, 0.321936, -0.499361, 0.403957, 0.227297]
[0.333206, 0.274792, -0.498663, 0.369075, 0.043146]
[0.554327, 0.498769, -0.49987, 0.253591, 0.463316]
[0.478946, 0.216465, -0.498983, 0.441854, 0.174445]
[0.611213, 0.392485, -0.498437, 0.233277, 0.11174]
[0.294647, 0.220065, -0.498924, 0.267004, 0.386595]
[0.424116, 0.129183, -0.49951, 0.328496, 0.485935]
[0.460251, 0.198716, -0.499119, 0.280966, 0.426313]
[0.397051, 0.271293, -0.499274, 0.2357, 0.048299]
[0.48946, 0.403257, -0.498845, 0.475459, 0.394469]
[0.357009, 0.398058, -0.49842, 0.412712, 0.392873]
[0.327906, 0.32747, -0.498449, 0.493283, 0.14751]
[0.525375, 0.161267, -0.499478, 0.355371, 0.385981]
[0.53874, 0.471431, -0.499777, 0.365543, 0.113585]
[0.542006, 0.383953, -0.498884, 0.319045, 0.097231]
[0.676403, 0.324262, -0.498933, 0.267599, 0.474666]
[0.485049, 0.470924, -0.499142, 0.377196, 0.185791]
[0.432315, 0.288659, -0.498791, 0.346986, 0.348815]
[0.332902, 0.408041, -0.499245, 0.274486, 0.426211]
[0.383238, 0.274022, -0.499842, 0.269801, 0.005522]
[0.305606, 0.475879, -0.499656, 0.253496, 0.418306]
[0.620571, 0.27476, -0.499327, 0.444383, 0.002074]
[0.281679, 0.35967, -0.499848, 0.437017, 0.134372]
[0.503516, 0.472595, -0.499356, 0.417493, 0.261286]
[0.353166, 0.289071, -0.499047, 0.326819, 0.338502]
[0.386086, 0.212485, -0.498915, 0.374827, 0.144056]
[0.454738, 0.489943, -0.498894, 0.428914, 0.080666]
[0.368653, 0.349345, -0.498581, 0.325678, 0.289775]
[0.519505, 0.441211, -0.498592, 0.407563, 0.482237]
[0.519301, 0.352681, -0.499562, 0.42776, 0.443599]
[0.35251, 0.395483, -0.499738, 0.363941, 0.3863]
[0.616512, 0.276372, -0.499271, 0.295409, 0.056926]
[0.293645, 0.22749, -0.498824, 0.418964, 0.087088]
[0.389921, 0.367671, -0.499094, 0.426515, 0.110087]
[0.489726, 0.159564, -0.498476, 0.417075, 0.237726]
[0.353123, 0.414077, -0.499116, 0.447451, 0.062508]
[0.486006, 0.319942, -0.498989, 0.366338, 0.320499]
[0.642563, 0.120974, -0.499663, 0.400975, 0.009503]
[0.678519, 0.396678, -0.49987, 0.378838, 0.280515]
[0.665937, 0.180709, -0.49894, 0.396151, 0.232982]
[0.427747, 0.346795, -0.499319, 0.272859, 0.495102]
[0.379486, 0.470411, -0.498621, 0.30174, 0.440061]
[0.313476, 0.183193, -0.498662, 0.414753, 0.425292]
[0.650445, 0.425788, -0.498967, 0.358612, 0.272404]
[0.401945, 0.134567, -0.499624, 0.342357, 0.323532]
[0.455805, 0.117069, -0.499662, 0.461475, 0.057689]
[0.504901, 0.16179, -0.499064, 0.437955, 0.288997]
[0.503427, 0.410518, -0.498787, 0.264385, 0.458162]
[0.58826, 0.439298, -0.498759, 0.342523, 0.014414]
[0.296704, 0.368687, -0.498816, 0.383119, 0.129382]
[0.430626, 0.177425, -0.499, 0.326959, 0.287765]
[0.444736, 0.366026, -0.498735, 0.25557, 0.12787]
[0.372105, 0.172448, -0.498429, 0.278749, 0.021558]
[0.472938, 0.363337, -0.4998, 0.366088, 0.09286]
[0.439153, 0.372304, -0.49887, 0.297616, 0.129781]
[0.412217, 0.338453, -0.499964, 0.405565, 0.391449]
[0.624165, 0.417407, -0.498493, 0.270365, 0.473016]
[0.312969, 0.233132, -0.499251, 0.290861, 0.426471]
[0.46064, 0.42962, -0.499825, 0.27022, 0.312583]
[0.378286, 0.114577, -0.499266, 0.346351, 0.241018]
[0.536303, 0.458188, -0.499992, 0.274841, 0.024313]
[0.401868, 0.398292, -0.499867, 0.455121, 0.241525]
[0.61439, 0.231206, -0.498608, 0.267673, 0.300726]
[0.427466, 0.12963, -0.499649, 0.264866, 0.154449]
[0.643266, 0.352326, -0.499976, 0.478936, 0.026906]
[0.49644, 0.131712, -0.499101, 0.381581, 0.457614]
[0.656437, 0.34936, -0.499436, 0.373062, 0.181261]
[0.591503, 0.292655, -0.49863, 0.239172, 0.07015]
[0.549405, 0.176891, -0.499006, 0.381662, 0.415301]
[0.29467, 0.360272, -0.499473, 0.426164, 0.368317]
[0.310973, 0.332105, -0.499201, 0.263995, 0.206288]
[0.646438, 0.210446, -0.498809, 0.429212, 0.287983]
[0.385961, 0.1714, -0.499035, 0.492984, 0.459346]
[0.382658, 0.271676, -0.49969, 0.492641, 0.105438]
[0.495118, 0.153819, -0.499531, 0.280608, 0.450154]
[0.588817, 0.398172, -0.499626, 0.448771, 0.205701]
[0.595937, 0.409501, -0.499447, 0.455332, 0.384331]
[0.446837, 0.140102, -0.498425, 0.350631, 0.351192]
[0.608039, 0.487858, -0.499588, 0.349369, 0.046559]
[0.352496, 0.435791, -0.498701, 0.470747, 0.097656]
[0.442312, 0.277137, -0.499683, 0.38042, 0.143941]
[0.633217, 0.417737, -0.498414, 0.241954, 0.001803]
[0.498634, 0.121685, -0.499696, 0.456297, 0.060947]
[0.618277, 0.490185, -0.499257, 0.251567, 0.327926]
[0.497522, 0.28582, -0.499829, 0.364475, 0.281242]
[0.643694, 0.160089, -0.499063, 0.416547, 0.262189]
[0.395317, 0.470381, -0.498592, 0.299239, 0.226477]
[0.604886, 0.357421, -0.499546, 0.389973, 0.185801]
[0.318704, 0.272864, -0.499994, 0.417665, 0.104511]
[0.445613, 0.223783, -0.499197, 0.412091, 0.021617]
[0.652489, 0.149755, -0.498999, 0.270922, 0.107126]
[0.396288, 0.378303, -0.499693, 0.45693, 0.335396]
[0.613974, 0.181416, -0.498563, 0.407982, 0.202732]
[0.308621, 0.490864, -0.498615, 0.316041, 0.247362]
[0.539395, 0.418886, -0.499134, 0.363385, 0.066219]
[0.667869, 0.480808, -0.498985, 0.389147, 0.23839]
[0.402372, 0.180016, -0.499328, 0.495802, 0.248921]
[0.57954, 0.344759, -0.49951, 0.328102, 0.08905]
[0.420521, 0.300613, -0.49895, 0.40812, 0.310699]
[0.660438, 0.270747, -0.498841, 0.47541, 0.170986]
[0.376009, 0.203422, -0.499188, 0.278242, 0.364901]
[0.618457, 0.493647, -0.49933, 0.28381, 0.085098]
[0.474008, 0.198362, -0.498582, 0.405972, 0.475122]
[0.545287, 0.363681, -0.499578, 0.292292, 0.00281]
[0.328634, 0.125211, -0.499469, 0.310989, 0.393946]
[0.618544, 0.447195, -0.498872, 0.374371, 0.182211]
[0.54054, 0.281453, -0.499363, 0.374252, 0.07049]
[0.332545, 0.370767, -0.499815, 0.48788, 0.371981]
[0.33337, 0.322549, -0.499567, 0.23576, 0.164899]
[0.397265, 0.208898, -0.499503, 0.272024, 0.481057]
[0.545305, 0.278195, -0.499958, 0.459854, 0.323448]
[0.467681, 0.467479, -0.499156, 0.230548, 0.133752]
[0.501032, 0.396734, -0.498564, 0.347772, 0.498675]
[0.46531, 0.329777, -0.499961, 0.454713, 0.385662]
[0.679001, 0.484593, -0.498532, 0.407455, 0.18121]
[0.578891, 0.292508, -0.499427, 0.30776, 0.025367]
[0.547341, 0.375105, -0.498913, 0.466873, 0.145358]
[0.280347, 0.281286, -0.498576, 0.322828, 0.386934]
[0.40242, 0.460166, -0.499203, 0.415561, 0.106]
[0.454089, 0.404126, -0.499545, 0.441695, 0.415115]
[0.582699, 0.44323, -0.499308, 0.33237, 0.36542]
[0.67369, 0.468296, -0.4997, 0.290034, 0.358812]
[0.342832, 0.218754, -0.499929, 0.284528, 0.230898]
[0.512078, 0.212992, -0.499929, 0.308828, 0.226937]
[0.670854, 0.347206, -0.499975, 0.386239, 0.173294]
[0.595462, 0.405084, -0.498576, 0.433582, 0.350142]
[0.332283, 0.309948, -0.499166, 0.328981, 0.1903]
[0.568135, 0.128632, -0.499693, 0.377952, 0.463297]
[0.27307, 0.262317, -0.499169, 0.230854, 0.213012]
[0.293504, 0.13882, -0.498538, 0.313354, 0.296555]
[0.628836, 0.494, -0.498692, 0.334106, 0.392766]
[0.449349, 0.29355, -0.499057, 0.271529, 0.002469]
[0.661867, 0.116572, -0.498874, 0.272474, 0.374267]
[0.337074, 0.166617, -0.499275, 0.261405, 0.042658]
[0.497825, 0.206289, -0.499528, 0.375436, 0.475354]
[0.458681, 0.14868, -0.498819, 0.415729, 0.075852]
[0.428861, 0.20315, -0.498977, 0.242537, 0.1295]
[0.395844, 0.11284, -0.499539, 0.236875, 0.235083]
[0.531648, 0.160407, -0.499291, 0.353621, 0.459444]
[0.442692, 0.296986, -0.498737, 0.388363, 0.260018]
[0.431985, 0.111552, -0.499795, 0.372563, 0.474453]
[0.534345, 0.302181, -0.499457, 0.498282, 0.348403]
[0.555866, 0.393607, -0.499921, 0.362606, 0.09802]
[0.549574, 0.362009, -0.498409, 0.259289, 0.089756]
[0.645369, 0.129302, -0.499221, 0.333576, 0.422557]
[0.596508, 0.323295, -0.499865, 0.350213, 0.002144]
[0.312203, 0.418149, -0.498655, 0.38673, 0.10529]
[0.508906, 0.200726, -0.499202, 0.321883, 0.301663]
[0.299278, 0.14453, -0.49971, 0.299723, 0.020606]
[0.315792, 0.398718, -0.498905, 0.358964, 0.239309]
[0.636298, 0.198686, -0.498462, 0.281857, 0.035865]
[0.334876, 0.423648, -0.499643, 0.337469, 0.150227]
[0.432438, 0.248977, -0.4989, 0.394486, 0.179059]
[0.603431, 0.463365, -0.498947, 0.366355, 0.475619]
[0.614579, 0.251638, -0.498732, 0.416519, 0.430247]
[0.63039, 0.338971, -0.498863, 0.411627, 0.28394]
[0.661566, 0.253652, -0.498611, 0.391703, 0.264604]
[0.335174, 0.426564, -0.498483, 0.349029, 0.013075]
[0.547072, 0.366476, -0.498431, 0.396342, 0.449432]
[0.595764, 0.271509, -0.498712, 0.227725, 0.099214]
[0.290254, 0.112162, -0.499008, 0.367396, 0.06057]
[0.414814, 0.143917, -0.499535, 0.311737, 0.400495]
[0.581492, 0.401859, -0.499095, 0.468232, 0.259142]
[0.666275, 0.271054, -0.499359, 0.299715, 0.049588]
[0.354735, 0.418031, -0.499763, 0.257995, 0.217327]
[0.31445, 0.434089, -0.49946, 0.346859, 0.375191]
[0.598719, 0.270194, -0.498938, 0.23921, 0.463179]
[0.370386, 0.454711, -0.49979, 0.267398, 0.161339]
[0.35573, 0.231839, -0.498969, 0.494251, 0.389624]
[0.314421, 0.471853, -0.499857, 0.302197, 0.349455]
[0.497464, 0.145422, -0.499839, 0.27473, 0.30536]
[0.676644, 0.371272, -0.49982, 0.355043, 0.005029]
[0.594101, 0.245049, -0.499255, 0.337847, 0.243706]
[0.608306, 0.191593, -0.499704, 0.229552, 0.439951]
[0.306708, 0.493208, -0.499121, 0.420848, 0.374389]
[0.336215, 0.257855, -0.498604, 0.26527, 0.351788]
[0.557897, 0.236898, -0.498513, 0.484507, 0.247753]
[0.663099, 0.434653, -0.498863, 0.370118, 0.064641]
[0.37898, 0.309911, -0.498836, 0.42307, 0.23878]
[0.675485, 0.236364, -0.499605, 0.358893, 0.101793]
[0.634793, 0.48386, -0.498485, 0.48879, 0.473738]
[0.361757, 0.491386, -0.499163, 0.449289, 0.107445]
[0.379477, 0.202941, -0.498903, 0.392479, 0.088966]
[0.401186, 0.397953, -0.498707, 0.47097, 0.430503]
[0.587235, 0.388969, -0.499672, 0.248068, 0.438724]
[0.422296, 0.285958, -0.499449, 0.409479, 0.425377]
[0.350133, 0.441495, -0.499963, 0.252683, 0.464623]
[0.366142, 0.43522, -0.499519, 0.436355, 0.378727]
[0.67077, 0.214542, -0.499471, 0.49638, 0.107082]
[0.273975, 0.476946, -0.499727, 0.442259, 0.129447]
[0.274459, 0.27285, -0.499807, 0.314735, 0.102871]
[0.652703, 0.350534, -0.498648, 0.456059, 0.167969]
[0.47567, 0.42578, -0.499864, 0.465429, 0.016633]
[0.346933, 0.162099, -0.499403, 0.297034, 0.137544]
[0.610284, 0.277729, -0.498472, 0.235769, 0.086753]
[0.544991, 0.44739, -0.499098, 0.442092, 0.405559]
[0.416633, 0.186169, -0.499273, 0.409419, 0.360797]
[0.286441, 0.283513, -0.498737, 0.293084, 0.251037]
[0.486603, 0.337016, -0.499912, 0.359543, 0.445041]
[0.392882, 0.358214, -0.498416, 0.385599, 0.222584]
[0.665952, 0.297987, -0.499184, 0.455132, 0.193579]
[0.270134, 0.238599, -0.499408, 0.4892, 0.132511]
[0.554823, 0.237625, -0.499762, 0.318546, 0.111842]
[0.510734, 0.184912, -0.499665, 0.393149, 0.03702]
[0.333529, 0.195555, -0.499591, 0.465425, 0.356018]
[0.412264, 0.428359, -0.498546, 0.422829, 0.273876]
[0.667245, 0.354782, -0.498895, 0.254906, 0.003423]
[0.313457, 0.119105, -0.499432, 0.236854, 0.344343]
[0.653063, 0.434939, -0.499482, 0.442489, 0.104216]
[0.406605, 0.135591, -0.499997, 0.394177, 0.352219]
[0.607303, 0.467716, -0.498895, 0.317793, 0.424348]
[0.439139, 0.388963, -0.499143, 0.258823, 0.099074]
[0.40982, 0.152799, -0.499189, 0.312488, 0.111238]
[0.559575, 0.295831, -0.499054, 0.306962, 0.450859]
[0.298899, 0.405373, -0.499531, 0.323191, 0.26727]
[0.344995, 0.492878, -0.498714, 0.495871, 0.294219]
[0.522163, 0.420296, -0.499898, 0.277743, 0.218638]
[0.553825, 0.284076, -0.498875, 0.456963, 0.477186]
[0.456972, 0.342365, -0.499735, 0.336609, 0.260349]
[0.585847, 0.276718, -0.498482, 0.247974, 0.372282]
[0.63963, 0.195971, -0.498825, 0.348694, 0.314523]
[0.291488, 0.4028, -0.499258, 0.482093, 0.119033]
[0.518958, 0.480151, -0.49977, 0.467976, 0.285552]
[0.412933, 0.266519, -0.49984, 0.33073, 0.427317]
[0.386171, 0.316372, -0.499913, 0.368121, 0.247559]
[0.409805, 0.214906, -0.498595, 0.319238, 0.233512]
[0.342715, 0.349774, -0.499416, 0.237144, 0.039771]
[0.393846, 0.415066, -0.499521, 0.2732, 0.015222]
[0.30409, 0.456029, -0.498935, 0.303508, 0.137338]
[0.296159, 0.454616, -0.49913, 0.256881, 0.20318]
[0.285513, 0.337072, -0.498648, 0.329245, 0.026895]
[0.433549, 0.334073, -0.499844, 0.303281, 0.284174]
[0.270751, 0.202057, -0.499084, 0.452071, 0.062711]
[0.482104, 0.365901, -0.499455, 0.418078, 0.456468]
[0.672558, 0.146357, -0.499112, 0.318539, 0.01966]
[0.435613, 0.239126, -0.498798, 0.31315, 0.036468]
[0.310137, 0.341813, -0.49844, 0.313804, 0.106014]
[0.433024, 0.304123, -0.498637, 0.47821, 0.131386]
[0.559227, 0.166423, -0.499475, 0.295061, 0.210486]
[0.418199, 0.334534, -0.498838, 0.470729, 0.35962]
[0.375302, 0.465931, -0.498727, 0.491294, 0.252341]
[0.362609, 0.455483, -0.498851, 0.414101, 0.01708]
[0.602945, 0.229982, -0.499458, 0.41218, 0.401922]
[0.292342, 0.167346, -0.499315, 0.378732, 0.400456]
[0.396384, 0.335247, -0.498934, 0.290172, 0.239892]
[0.357708, 0.475739, -0.499517, 0.388713, 0.103565]
[0.677887, 0.126697, -0.499228, 0.492317, 0.091912]
[0.563442, 0.33157, -0.498541, 0.25788, 0.245161]
[0.60509, 0.409276, -0.498413, 0.27337, 0.101709]
[0.426904, 0.181892, -0.49882, 0.391828, 0.267425]
[0.533055, 0.265718, -0.499307, 0.423233, 0.181941]
[0.504604, 0.474681, -0.499932, 0.289822, 0.053633]
[0.456911, 0.219779, -0.49982, 0.260356, 0.164855]
[0.368428, 0.299432, -0.498835, 0.245812, 0.437886]
[0.555284, 0.255059, -0.499736, 0.392476, 0.058146]
[0.312945, 0.121921, -0.49934, 0.411481, 0.166896]
[0.438749, 0.346861, -0.499746, 0.282737, 0.003358]
[0.433089, 0.241981, -0.499443, 0.48241, 0.462117]
[0.323892, 0.403376, -0.498937, 0.498356, 0.380142]
[0.436728, 0.228704, -0.499726, 0.476216, 0.1174]
[0.552351, 0.33447, -0.498652, 0.365538, 0.329975]
[0.596802, 0.231992, -0.498696, 0.470458, 0.396813]
[0.308036, 0.116185, -0.499717, 0.276208, 0.181082]
[0.415593, 0.136536, -0.498555, 0.306998, 0.489483]
[0.489592, 0.19301, -0.498832, 0.227994, 0.035598]
[0.559257, 0.294655, -0.498789, 0.428043, 0.328226]
[0.424646, 0.117479, -0.499879, 0.398329, 0.160906]
[0.288603, 0.201408, -0.499998, 0.410958, 0.002291]
[0.415775, 0.473328, -0.498761, 0.356457, 0.185188]
[0.504172, 0.488188, -0.498718, 0.49306, 0.222335]
[0.373232, 0.401632, -0.499277, 0.273731, 0.250717]
[0.485156, 0.200321, -0.499632, 0.478976, 0.221812]
[0.283441, 0.275348, -0.499638, 0.352848, 0.368105]
[0.369718, 0.383756, -0.49861, 0.482808, 0.298295]
[0.435413, 0.384836, -0.499646, 0.361214, 0.490803]
[0.543188, 0.309922, -0.499869, 0.286469, 0.014158]
[0.428851, 0.250437, -0.499724, 0.455547, 0.041833]
[0.457637, 0.3735, -0.498923, 0.416943, 0.156445]
[0.346724, 0.139472, -0.498984, 0.465896, 0.377319]
[0.679105, 0.380582, -0.499547, 0.24132, 0.186222]
[0.476791, 0.232508, -0.499606, 0.456924, 0.101772]
[0.437365, 0.311259, -0.498458, 0.327703, 0.146948]
[0.574124, 0.425063, -0.498724, 0.250646, 0.114677]
[0.304141, 0.33856, -0.499728, 0.48719, 0.345058]
[0.342661, 0.202678, -0.499326, 0.310787, 0.113237]
[0.420412, 0.321834, -0.499971, 0.28977, 0.091306]
[0.517992, 0.364818, -0.499164, 0.349002, 0.221669]
[0.374155, 0.464906, -0.498998, 0.462583, 0.254447]
[0.451652, 0.176762, -0.499175, 0.376227, 0.082763]
[0.484343, 0.428253, -0.498756, 0.259149, 0.160965]
[0.403926, 0.225669, -0.499556, 0.361052, 0.369162]
[0.374054, 0.425756, -0.499726, 0.421803, 0.442287]
[0.517111, 0.176293, -0.499192, 0.486086, 0.260081]
[0.62436, 0.468268, -0.499726, 0.279567, 0.073777]
[0.334631, 0.308358, -0.499246, 0.364513, 0.221997]
[0.625796, 0.484497, -0.499691, 0.27589, 0.486194]
[0.61202, 0.180233, -0.499251, 0.368189, 0.000299]
[0.309133, 0.432168, -0.499707, 0.301625, 0.220793]
[0.327168, 0.387701, -0.499951, 0.250238, 0.396741]
[0.476283, 0.295561, -0.499707, 0.414207, 0.312401]
[0.381278, 0.130861, -0.498847, 0.46565, 0.385302]
[0.446885, 0.113509, -0.498826, 0.417128, 0.347816]
[0.317989, 0.281575, -0.498615, 0.277606, 0.023709]
[0.642434, 0.499627, -0.498594, 0.371773, 0.068693]
[0.473489, 0.163952, -0.499459, 0.494741, 0.07773]
[0.435136, 0.212348, -0.499503, 0.322037, 0.129889]
[0.537014, 0.319486, -0.499694, 0.34626, 0.35006]
[0.604134, 0.433689, -0.499559, 0.410461, 0.238384]
[0.391432, 0.185521, -0.499644, 0.405517, 0.331431]
[0.676921, 0.158954, -0.49913, 0.326957, 0.074122]
[0.5316, 0.273358, -0.499012, 0.403015, 0.275492]
[0.668953, 0.338489, -0.499426, 0.426446, 0.490203]
[0.558053, 0.121308, -0.498733, 0.41588, 0.071111]
[0.44374, 0.406375, -0.499115, 0.477767, 0.188833]
[0.326198, 0.272079, -0.498818, 0.451044, 0.119071]
[0.312093, 0.452285, -0.49962, 0.370147, 0.110108]
[0.292594, 0.393436, -0.499381, 0.27883, 0.298417]
[0.307434, 0.205549, -0.498762, 0.375177, 0.069424]
[0.272337, 0.383758, -0.498803, 0.38983, 0.112094]
[0.446745, 0.291323, -0.499822, 0.354974, 0.368745]
[0.629112, 0.311932, -0.49927, 0.236956, 0.499636]
[0.326197, 0.438581, -0.499229, 0.296281, 0.22698]
[0.31022, 0.207277, -0.499491, 0.292974, 0.416191]
[0.564623, 0.333309, -0.498688, 0.278033, 0.134861]
[0.435815, 0.451647, -0.498532, 0.297517, 0.003872]
[0.572979, 0.436256, -0.499159, 0.370952, 0.063189]
[0.670851, 0.470934, -0.499223, 0.474236, 0.306166]
[0.669799, 0.230937, -0.499653, 0.473192, 0.254715]
[0.416222, 0.36228, -0.499557, 0.342637, 0.352236]
[0.433447, 0.439407, -0.499353, 0.454007, 0.307695]
[0.296352, 0.29494, -0.498411, 0.40401, 0.015164]
[0.463171, 0.210156, -0.499642, 0.441173, 0.49802]
[0.292639, 0.130255, -0.499935, 0.344963, 0.28634]
[0.443018, 0.200945, -0.499259, 0.398071, 0.330646]
[0.37433, 0.259609, -0.499231, 0.285984, 0.077037]
[0.409088, 0.189979, -0.499911, 0.429938, 0.483072]
[0.273224, 0.250393, -0.498915, 0.38607, 0.03764]
[0.620311, 0.310809, -0.499758, 0.25737, 0.120038]
[0.654774, 0.126137, -0.498882, 0.289399, 0.171502]
[0.606748, 0.475785, -0.499184, 0.404305, 0.064462]
[0.38224, 0.203892, -0.499941, 0.286712, 0.305131]
[0.524436, 0.349855, -0.499231, 0.452819, 0.098349]
[0.39383, 0.357384, -0.498508, 0.357091, 0.483268]
[0.663534, 0.116261, -0.499772, 0.44512, 0.480013]
[0.504504, 0.495515, -0.49936, 0.421115, 0.162138]
[0.526092, 0.339644, -0.498586, 0.274519, 0.153665]
[0.269841, 0.121445, -0.49918, 0.246089, 0.49813]
[0.545029, 0.478766, -0.499163, 0.283069, 0.142916]
[0.675573, 0.181909, -0.498706, 0.263871, 0.086585]
[0.304582, 0.481068, -0.499121, 0.458368, 0.188496]
[0.513358, 0.141246, -0.499547, 0.490192, 0.108377]
[0.351056, 0.338353, -0.49894, 0.332893, 0.414795]
[0.36626, 0.28473, -0.498632, 0.422184, 0.17236]
[0.61359, 0.361651, -0.498988, 0.412129, 0.164452]
[0.492652, 0.208647, -0.499355, 0.418, 0.400426]
[0.271063, 0.117434, -0.499417, 0.373775, 0.3844]
[0.561838, 0.183949, -0.498689, 0.481938, 0.323218]
[0.653716, 0.271349, -0.498467, 0.231702, 0.412745]
[0.584242, 0.311517, -0.499797, 0.451958, 0.143416]
[0.486177, 0.287903, -0.498533, 0.290431, 0.427228]
[0.679217, 0.445126, -0.498658, 0.459971, 0.375357]
[0.474169, 0.260904, -0.499839, 0.306498, 0.292087]
[0.592982, 0.470773, -0.499945, 0.379436, 0.336173]
[0.319303, 0.381721, -0.499237, 0.45408, 0.154649]
[0.349584, 0.162334, -0.498727, 0.309957, 0.220196]
[0.614825, 0.478248, -0.498591, 0.459197, 0.025479]
[0.583514, 0.422404, -0.499033, 0.475754, 0.193639]
[0.657487, 0.122104, -0.499572, 0.315523, 0.157356]
[0.582962, 0.297006, -0.499792, 0.346923, 0.457957]
[0.47629, 0.209677, -0.499105, 0.397955, 0.211213]
[0.673339, 0.309293, -0.498875, 0.496177, 0.272129]
[0.483133, 0.194038, -0.499086, 0.41581, 0.207309]
[0.643927, 0.30157, -0.499117, 0.310609, 0.449604]
[0.271239, 0.413389, -0.499816, 0.383153, 0.220176]
[0.559178, 0.411519, -0.499566, 0.472413, 0.317053]
[0.658997, 0.376775, -0.498489, 0.38479, 0.232555]
[0.32032, 0.461202, -0.499152, 0.326389, 0.136205]
[0.304451, 0.179709, -0.498639, 0.38633, 0.047581]
[0.39606, 0.11197, -0.498464, 0.464464, 0.34723]
[0.406456, 0.138646, -0.498623, 0.239476, 0.234916]
[0.451981, 0.465442, -0.498463, 0.295562, 0.105707]
[0.303619, 0.219592, -0.498923, 0.314558, 0.101104]
[0.553511, 0.342048, -0.499009, 0.421858, 0.207585]
[0.664648, 0.391677, -0.499004, 0.312714, 0.416092]
[0.302265, 0.147829, -0.499516, 0.456945, 0.411357]
[0.323783, 0.137296, -0.498614, 0.441197, 0.37128]
[0.50418, 0.197561, -0.499183, 0.497145, 0.222217]
[0.392734, 0.496116, -0.499725, 0.399993, 0.272885]
[0.570141, 0.117484, -0.498668, 0.381866, 0.057405]
[0.599643, 0.348188, -0.499293, 0.253331, 0.386984]
[0.479986, 0.301164, -0.499668, 0.499722, 0.48483]
[0.472595, 0.122103, -0.499786, 0.497368, 0.08218]
[0.514109, 0.37075, -0.498528, 0.311829, 0.44581]
[0.336649, 0.256484, -0.498944, 0.446449, 0.17092]
[0.622371, 0.213456, -0.499497, 0.304325, 0.204666]
[0.525844, 0.187976, -0.498874, 0.475094, 0.05343]
[0.27413, 0.196714, -0.499362, 0.393181, 0.400248]
[0.452124, 0.121192, -0.498655, 0.493772, 0.453817]
[0.36054, 0.339037, -0.499236, 0.263514, 0.458653]
[0.578392, 0.321929, -0.499825, 0.461135, 0.491624]
[0.476923, 0.415106, -0.49901, 0.229858, 0.170751]
[0.633001, 0.213091, -0.499172, 0.268459, 0.421595]
[0.517088, 0.470004, -0.499983, 0.459706, 0.125521]
[0.524839, 0.267904, -0.499561, 0.425774, 0.105935]
[0.486951, 0.422865, -0.498698, 0.390904, 0.405706]
[0.408633, 0.436316, -0.498474, 0.417921, 0.366823]
[0.546591, 0.262849, -0.499788, 0.289704, 0.355609]
[0.385645, 0.301648, -0.498758, 0.370751, 0.029551]
[0.524575, 0.470058, -0.49879, 0.246719, 0.463718]
[0.428446, 0.16731, -0.498858, 0.242017, 0.070382]
[0.599724, 0.396901, -0.499038, 0.438794, 0.049872]
[0.287966, 0.219774, -0.499528, 0.4253, 0.381799]
[0.514811, 0.290527, -0.499044, 0.328634, 0.116951]
[0.48828, 0.362177, -0.499534, 0.494827, 0.41855]
[0.541538, 0.418708, -0.498865, 0.351062, 0.011743]
[0.54271, 0.211612, -0.499726, 0.488772, 0.255203]
[0.309301, 0.201761, -0.499721, 0.308468, 0.422227]
[0.662313, 0.175337, -0.498842, 0.368246, 0.13502]
[0.619939, 0.41317, -0.499095, 0.423225, 0.47083]
[0.368646, 0.42206, -0.49863, 0.414172, 0.304634]
[0.614497, 0.410153, -0.499751, 0.329253, 0.310578]
[0.676766, 0.151727, -0.499326, 0.286256, 0.459441]
[0.56925, 0.469868, -0.49913, 0.377108, 0.427247]
[0.369648, 0.361954, -0.499245, 0.351117, 0.160883]
[0.606474, 0.408906, -0.498428, 0.234854, 0.270913]
[0.295784, 0.494776, -0.499607, 0.244934, 0.273163]
[0.654238, 0.464824, -0.499969, 0.374408, 0.292474]
[0.441099, 0.467035, -0.499563, 0.284977, 0.339886]
[0.678142, 0.31401, -0.499319, 0.388986, 0.36785]
[0.404793, 0.21701, -0.499215, 0.351123, 0.434235]
[0.304005, 0.259902, -0.499382, 0.417927, 0.247759]
[0.377195, 0.252632, -0.49983, 0.327072, 0.348869]
[0.306791, 0.194311, -0.499662, 0.366097, 0.390757]
[0.352234, 0.115888, -0.499481, 0.250265, 0.29455]
[0.555846, 0.350698, -0.499643, 0.278017, 0.381362]
[0.523705, 0.156628, -0.499994, 0.423537, 0.333693]
[0.336353, 0.18353, -0.499577, 0.261163, 0.247778]
[0.395801, 0.14848, -0.49972, 0.229362, 0.334223]
[0.336153, 0.307929, -0.498505, 0.301025, 0.097136]
[0.462675, 0.255419, -0.49873, 0.409047, 0.086151]
[0.476204, 0.376346, -0.499775, 0.430018, 0.081029]
[0.675283, 0.26371, -0.499099, 0.418114, 0.137715]
[0.273417, 0.450189, -0.499384, 0.423268, 0.26949]
[0.652865, 0.448744, -0.49906, 0.494123, 0.023155]
[0.678767, 0.198765, -0.498594, 0.380448, 0.283362]
[0.533838, 0.30069, -0.499756, 0.267341, 0.207435]
[0.656342, 0.467897, -0.499584, 0.365888, 0.308234]
[0.661216, 0.117357, -0.499283, 0.386774, 0.08118]
[0.63546, 0.317417, -0.499352, 0.25274, 0.017189]
[0.518027, 0.181493, -0.498685, 0.291679, 0.045087]
[0.388304, 0.172875, -0.499857, 0.442536, 0.171181]
[0.523911, 0.331634, -0.499434, 0.480609, 0.120603]
[0.350605, 0.125632, -0.498489, 0.24914, 0.206201]
[0.480904, 0.255731, -0.499153, 0.263556, 0.472126]
[0.392832, 0.347859, -0.498749, 0.456712, 0.297174]
[0.507087, 0.40624, -0.498535, 0.421114, 0.447348]
[0.530945, 0.183599, -0.498834, 0.382717, 0.382341]
[0.669524, 0.155792, -0.498472, 0.479284, 0.476549]
[0.373718, 0.114091, -0.498888, 0.320704, 0.475593]
[0.321236, 0.289515, -0.499628, 0.31878, 0.357364]
[0.409526, 0.215875, -0.499141, 0.464575, 0.228514]
[0.555152, 0.305435, -0.498514, 0.305209, 0.337167]
[0.593247, 0.393234, -0.498653, 0.228442, 0.168807]
[0.425079, 0.420359, -0.498417, 0.394226, 0.040387]
[0.539989, 0.440195, -0.499108, 0.401392, 0.009623]
[0.298648, 0.256988, -0.498483, 0.478374, 0.024737]
[0.327268, 0.257472, -0.498494, 0.357273, 0.354207]
[0.422967, 0.143586, -0.498682, 0.317084, 0.026122]
[0.478634, 0.177279, -0.498627, 0.34533, 0.147626]
[0.503723, 0.391975, -0.499474, 0.412768, 0.352591]
[0.301094, 0.192968, -0.498773, 0.25916, 0.481037]
[0.493713, 0.157831, -0.49927, 0.263745, 0.175396]
[0.449541, 0.315414, -0.498682, 0.445511, 0.183598]
[0.354935, 0.392516, -0.498726, 0.475271, 0.238276]
[0.641034, 0.167624, -0.499016, 0.267077, 0.379741]
[0.407019, 0.440515, -0.499323, 0.264965, 0.453758]
[0.3434, 0.222598, -0.498828, 0.380273, 0.130129]
[0.362522, 0.340668, -0.499798, 0.378473, 0.499971]
[0.330297, 0.151523, -0.498732, 0.477137, 0.334133]
[0.506415, 0.433698, -0.499065, 0.311187, 0.116144]
[0.302385, 0.272813, -0.499711, 0.361462, 0.427651]
[0.288031, 0.460908, -0.498868, 0.27121, 0.432081]
[0.478651, 0.176971, -0.498455, 0.246413, 0.426807]
[0.656875, 0.222942, -0.499161, 0.382768, 0.024719]
[0.288183, 0.44816, -0.498816, 0.423362, 0.079824]
[0.410012, 0.401116, -0.498979, 0.442038, 0.290357]
[0.33606, 0.273027, -0.499177, 0.490662, 0.340795]
[0.390726, 0.475707, -0.499892, 0.36611, 0.217158]
[0.568685, 0.367365, -0.498836, 0.277655, 0.144852]
[0.302297, 0.173441, -0.499784, 0.474857, 0.148861]
[0.656866, 0.208056, -0.49984, 0.484745, 0.337203]
[0.503903, 0.471432, -0.498513, 0.458727, 0.020091]
[0.53195, 0.135647, -0.498565, 0.355345, 0.347377]
[0.602609, 0.293812, -0.499877, 0.392318, 0.455862]
[0.368418, 0.374761, -0.498514, 0.259334, 0.10824]
[0.472027, 0.201725, -0.499386, 0.244776, 0.307316]
[0.632654, 0.210783, -0.499296, 0.464255, 0.411078]
[0.657737, 0.450763, -0.499721, 0.228135, 0.381126]
[0.335556, 0.250267, -0.498497, 0.479394, 0.222207]
[0.650708, 0.194898, -0.498873, 0.237118, 0.394444]
[0.280878, 0.439349, -0.499441, 0.283836, 0.314883]
[0.370381, 0.315392, -0.499555, 0.456035, 0.447065]
[0.401455, 0.442046, -0.499161, 0.229828, 0.270762]
[0.552689, 0.402477, -0.498541, 0.320134, 0.107476]
[0.476137, 0.122882, -0.498518, 0.262975, 0.132082]
[0.484752, 0.146254, -0.499423, 0.40641, 0.258327]
[0.528551, 0.153159, -0.499452, 0.259831, 0.089727]
[0.535192, 0.469249, -0.498867, 0.297988, 0.4416]
[0.528243, 0.452262, -0.499029, 0.249604, 0.309417]
[0.341152, 0.267409, -0.498751, 0.246039, 0.189136]
[0.551819, 0.182719, -0.499491, 0.234967, 0.227294]
[0.47686, 0.498452, -0.498729, 0.390156, 0.434767]
[0.495869, 0.496957, -0.498722, 0.433036, 0.279582]
[0.4034, 0.168211, -0.498853, 0.238601, 0.12331]
[0.649167, 0.437284, -0.498821, 0.327369, 0.070203]
[0.56004, 0.466254, -0.498636, 0.46455, 0.153629]
[0.304956, 0.314176, -0.499649, 0.25377, 0.27117]
[0.576644, 0.233346, -0.499935, 0.313927, 0.392991]
[0.467693, 0.46365, -0.499953, 0.31331, 0.135758]
[0.2885, 0.206601, -0.498994, 0.259685, 0.399517]
[0.679159, 0.486128, -0.499396, 0.316605, 0.404409]
[0.498359, 0.141398, -0.499033, 0.484042, 0.229125]
[0.425161, 0.236969, -0.499443, 0.394863, 0.00443]
[0.310664, 0.154707, -0.499451, 0.319367, 0.082541]
[0.271313, 0.236706, -0.499465, 0.306278, 0.159803]
[0.28136, 0.151397, -0.498827, 0.325449, 0.358939]
[0.28296, 0.347498, -0.499593, 0.291118, 0.281848]
[0.613661, 0.450646, -0.498413, 0.410099, 0.347972]
[0.452537, 0.131855, -0.499797, 0.306731, 0.498994]
[0.587556, 0.218727, -0.498552, 0.234998, 0.484934]
[0.428562, 0.209049, -0.499524, 0.373673, 0.377214]
[0.365908, 0.349389, -0.498484, 0.457759, 0.021456]
[0.374842, 0.395023, -0.498608, 0.439176, 0.392321]
[0.463667, 0.362558, -0.498471, 0.487283, 0.107424]
[0.348068, 0.120668, -0.499515, 0.310584, 0.313833]
[0.59287, 0.244829, -0.499739, 0.477155, 0.056047]
[0.27364, 0.308948, -0.499412, 0.36946, 0.198225]
[0.476132, 0.468782, -0.498888, 0.41197, 0.248309]
[0.300954, 0.182129, -0.499059, 0.26419, 0.471234]
[0.445507, 0.318388, -0.499394, 0.31043, 0.468816]
[0.576194, 0.360469, -0.499476, 0.271334, 0.098353]
[0.30326, 0.263045, -0.499868, 0.453549, 0.243362]
[0.600474, 0.483417, -0.498659, 0.239342, 0.311705]
[0.27159, 0.139853, -0.498604, 0.252977, 0.211754]
[0.331074, 0.125122, -0.499829, 0.380111, 0.329719]
[0.361119, 0.240826, -0.498491, 0.463857, 0.002303]
[0.339924, 0.13972, -0.499525, 0.432556, 0.310245]
[0.399784, 0.212996, -0.498718, 0.368676, 0.472531]
[0.333798, 0.366108, -0.499631, 0.488747, 0.241492]
[0.581654, 0.137044, -0.499172, 0.233052, 0.261072]
[0.391227, 0.347231, -0.499118, 0.334404, 0.39629]
[0.402718, 0.315034, -0.499365, 0.39247, 0.381947]
[0.428426, 0.413038, -0.498515, 0.434212, 0.365636]
[0.334397, 0.348055, -0.499953, 0.360965, 0.070635]
[0.616835, 0.265337, -0.499702, 0.241787, 0.016674]
[0.390337, 0.463046, -0.499133, 0.424073, 0.016785]
[0.429274, 0.376135, -0.499266, 0.492099, 0.030843]
[0.406621, 0.437815, -0.498923, 0.28332, 0.258871]
[0.437805, 0.295302, -0.499236, 0.374998, 0.275871]
[0.278657, 0.489728, -0.499014, 0.237238, 0.379657]
[0.274868, 0.358288, -0.499425, 0.342671, 0.449044]
[0.638782, 0.337745, -0.499345, 0.444894, 0.128668]
[0.398095, 0.440146, -0.499737, 0.382577, 0.119702]
[0.356259, 0.422753, -0.499718, 0.247807, 0.20813]
[0.511001, 0.447336, -0.498804, 0.363052, 0.051232]
[0.649122, 0.411654, -0.499135, 0.377848, 0.163033]
[0.479418, 0.159326, -0.49892, 0.369653, 0.483689]
[0.476942, 0.324681, -0.498852, 0.310712, 0.192933]
[0.454551, 0.136949, -0.499122, 0.258501, 0.060815]
[0.552112, 0.472719, -0.498605, 0.295117, 0.338997]
[0.581957, 0.249665, -0.498736, 0.339672, 0.150108]
[0.308116, 0.308049, -0.499171, 0.231957, 0.348252]
[0.653736, 0.247224, -0.498853, 0.468538, 0.498429]
[0.555795, 0.210912, -0.49913, 0.242695, 0.314501]
[0.574092, 0.48787, -0.499321, 0.337748, 0.234032]
[0.560939, 0.163366, -0.499672, 0.454554, 0.221283]
[0.674456, 0.117034, -0.498502, 0.415637, 0.314316]
[0.648982, 0.371079, -0.499421, 0.306506, 0.074996]
[0.575658, 0.437155, -0.498953, 0.344109, 0.265067]
[0.635866, 0.194603, -0.498625, 0.330693, 0.190585]
[0.452927, 0.488881, -0.498914, 0.412243, 0.464394]
[0.351844, 0.153309, -0.499844, 0.324935, 0.202129]
[0.447328, 0.322544, -0.4999, 0.402121, 0.225687]
[0.612995, 0.348259, -0.498721, 0.277246, 0.199588]
[0.655522, 0.480159, -0.499527, 0.34189, 0.048033]
[0.534348, 0.440003, -0.498915, 0.439973, 0.154014]
[0.595052, 0.145715, -0.498579, 0.299095, 0.208638]
[0.622009, 0.205289, -0.499957, 0.445091, 0.258736]
[0.344838, 0.425192, -0.499225, 0.273857, 0.229372]
[0.64438, 0.447037, -0.498844, 0.431438, 0.210185]
[0.503268, 0.423772, -0.499005, 0.339268, 0.4089]
[0.632302, 0.282108, -0.499282, 0.280687, 0.150565]
[0.447819, 0.430227, -0.498415, 0.251257, 0.491558]
[0.666346, 0.201921, -0.499646, 0.436238, 0.026643]
[0.484439, 0.252932, -0.499242, 0.292739, 0.393226]
[0.375152, 0.482394, -0.499383, 0.498616, 0.101552]
[0.313336, 0.144635, -0.498521, 0.353242, 0.141861]
[0.672373, 0.181156, -0.499922, 0.318157, 0.358118]
[0.442764, 0.200263, -0.499982, 0.422777, 0.06716]
[0.309496, 0.224753, -0.499425, 0.468636, 0.312147]
[0.302047, 0.231686, -0.499829, 0.412824, 0.117666]
[0.626137, 0.307245, -0.498969, 0.263819, 0.24326]
[0.355585, 0.447277, -0.499404, 0.495749, 0.494595]
[0.496743, 0.435226, -0.498595, 0.330584, 0.16212]
[0.468441, 0.269172, -0.499191, 0.270912, 0.466044]
[0.547712, 0.284438, -0.498678, 0.306629, 0.07362]
[0.435905, 0.154509, -0.49924, 0.250268, 0.298339]
[0.48939, 0.131062, -0.499043, 0.263327, 0.0981]
[0.54744, 0.178471, -0.499397, 0.313614, 0.311007]
[0.373253, 0.36949, -0.498439, 0.488666, 0.32251]
[0.457357, 0.401127, -0.499429, 0.366286, 0.196562]
[0.414337, 0.312014, -0.499168, 0.337144, 0.464023]
[0.616205, 0.434601, -0.498837, 0.456609, 0.177824]
[0.292654, 0.375426, -0.498734, 0.372225, 0.29247]
[0.408174, 0.120949, -0.499066, 0.306843, 0.250803]
[0.40232, 0.198161, -0.498959, 0.369548, 0.181271]
[0.455811, 0.308952, -0.499439, 0.390309, 0.426254]
[0.484846, 0.466437, -0.49918, 0.265364, 0.439216]
[0.375044, 0.204104, -0.499133, 0.412839, 0.225354]
[0.411642, 0.19019, -0.499402, 0.42078, 0.333629]
[0.285735, 0.298346, -0.499857, 0.23884, 0.019415]
[0.575649, 0.354723, -0.498499, 0.361867, 0.252778]
[0.272355, 0.130381, -0.499808, 0.451489, 0.04053]
[0.460155, 0.319232, -0.499528, 0.383526, 0.24572]
[0.529859, 0.232972, -0.499085, 0.312506, 0.270411]
[0.469212, 0.165306, -0.498617, 0.244594, 0.180833]
[0.50431, 0.142066, -0.498631, 0.390888, 0.353128]
[0.288115, 0.178076, -0.499693, 0.469504, 0.009989]
[0.571699, 0.498406, -0.499398, 0.402121, 0.345165]
[0.636818, 0.265348, -0.498807, 0.472975, 0.442309]
[0.507191, 0.22606, -0.499409, 0.433222, 0.125274]
[0.673187, 0.122834, -0.498848, 0.338172, 0.271813]
[0.512966, 0.355661, -0.498648, 0.449093, 0.377995]
[0.627259, 0.448597, -0.499898, 0.473606, 0.224264]
[0.511938, 0.222276, -0.499916, 0.454982, 0.449526]
[0.525266, 0.154471, -0.498632, 0.468247, 0.310944]
[0.497945, 0.462388, -0.498555, 0.473852, 0.273834]
[0.472165, 0.185436, -0.498424, 0.454892, 0.448557]
[0.405949, 0.294979, -0.499667, 0.485666, 0.006274]
[0.414692, 0.118786, -0.499247, 0.402742, 0.166408]
[0.370447, 0.2508, -0.49857, 0.388832, 0.015434]
[0.33788, 0.479118, -0.499114, 0.339592, 0.445064]
[0.47457, 0.308471, -0.499423, 0.33153, 0.438292]
[0.653479, 0.167941, -0.498563, 0.450713, 0.101197]
[0.331875, 0.386358, -0.499528, 0.304465, 0.168121]
[0.34655, 0.337274, -0.499179, 0.387748, 0.18365]
[0.496527, 0.453453, -0.499989, 0.344527, 0.075569]
[0.666438, 0.156071, -0.499732, 0.331479, 0.376394]
[0.292144, 0.284086, -0.499618, 0.23744, 0.343312]
[0.418505, 0.139731, -0.499586, 0.409135, 0.389888]
[0.317622, 0.464103, -0.499295, 0.342392, 0.299691]
[0.443296, 0.122484, -0.49893, 0.288945, 0.174996]
[0.574085, 0.482914, -0.49962, 0.436186, 0.003156]
[0.602797, 0.262746, -0.499519, 0.36803, 0.313761]
[0.293661, 0.12223, -0.499562, 0.243865, 0.219607]
[0.58489, 0.137021, -0.499269, 0.360061, 0.352857]
[0.582556, 0.152514, -0.499956, 0.279781, 0.003173]
[0.413216, 0.372241, -0.498524, 0.391351, 0.007726]
[0.630623, 0.30396, -0.499018, 0.373172, 0.208011]
[0.513154, 0.41785, -0.499071, 0.491237, 0.110242]
[0.444022, 0.328155, -0.499627, 0.456047, 0.198402]
[0.522963, 0.394132, -0.498541, 0.384418, 0.387214]
[0.5625, 0.39925, -0.49942, 0.317233, 0.011733]
[0.615335, 0.432395, -0.499021, 0.440638, 0.442948]
[0.540418, 0.14158, -0.498676, 0.246403, 0.249229]
[0.569275, 0.221894, -0.499262, 0.49723, 0.412538]
[0.49684, 0.45525, -0.49869, 0.306352, 0.223447]
[0.327792, 0.217549, -0.499955, 0.262201, 0.260154]
[0.351077, 0.416065, -0.498681, 0.39804, 0.14995]
[0.625402, 0.169192, -0.498982, 0.301739, 0.336544]
[0.660569, 0.247602, -0.498459, 0.235608, 0.058283]
[0.449423, 0.233502, -0.499608, 0.300321, 0.479667]
[0.306134, 0.128294, -0.499028, 0.37489, 0.097082]
[0.561939, 0.238987, -0.49873, 0.306059, 0.074504]
[0.284109, 0.228293, -0.499397, 0.390393, 0.384175]
[0.594358, 0.140467, -0.49967, 0.320585, 0.265666]
[0.628404, 0.499236, -0.499135, 0.499735, 0.18105]
[0.342246, 0.374802, -0.498759, 0.421106, 0.472392]
[0.55443, 0.269239, -0.499352, 0.338379, 0.074744]
[0.405029, 0.478485, -0.499269, 0.439098, 0.177111]
[0.611218, 0.114942, -0.498627, 0.469637, 0.450081]
[0.341363, 0.379683, -0.499913, 0.37158, 0.215585]
[0.493194, 0.448076, -0.49886, 0.307741, 0.034449]
[0.346944, 0.235734, -0.498924, 0.462337, 0.475063]
[0.3545, 0.347071, -0.499894, 0.391268, 0.307623]
[0.426027, 0.290917, -0.499568, 0.307176, 0.445157]
[0.281801, 0.233828, -0.499282, 0.459313, 0.131506]
[0.503589, 0.314407, -0.499131, 0.257496, 0.187839]
[0.543622, 0.126191, -0.499512, 0.42075, 0.142432]
[0.408363, 0.342701, -0.499242, 0.287997, 0.112217]
[0.534019, 0.171677, -0.499916, 0.313752, 0.04713]
[0.369182, 0.401177, -0.49922, 0.261745, 0.316743]
[0.492652, 0.287623, -0.499289, 0.401624, 0.382812]
[0.377631, 0.287864, -0.499432, 0.341164, 0.097388]
[0.553534, 0.36956, -0.49869, 0.335863, 0.209045]
[0.399602, 0.273548, -0.498587, 0.426885, 0.417838]
[0.467618, 0.49613, -0.499688, 0.474003, 0.083301]
[0.527613, 0.224198, -0.499746, 0.3077, 0.034413]
[0.355038, 0.273107, -0.49968, 0.309008, 0.076027]
[0.441862, 0.279406, -0.499303, 0.386884, 0.004539]
[0.290258, 0.183572, -0.498877, 0.464531, 0.367232]
[0.562292, 0.137121, -0.499415, 0.373136, 0.462454]
[0.501764, 0.166547, -0.4986, 0.269554, 0.329585]
[0.489041, 0.230739, -0.498466, 0.266283, 0.146291]
[0.302288, 0.306927, -0.499988, 0.377422, 0.057475]
[0.324726, 0.270846, -0.499135, 0.278245, 0.16308]
[0.443198, 0.182078, -0.499183, 0.45544, 0.474837]
[0.582392, 0.161069, -0.499192, 0.257522, 0.170445]
[0.641973, 0.177147, -0.498589, 0.403753, 0.205829]
[0.413239, 0.303284, -0.499936, 0.455472, 0.086832]
[0.524142, 0.426745, -0.498421, 0.370506, 0.247361]
[0.306766, 0.266917, -0.499615, 0.474787, 0.169772]
[0.488385, 0.198802, -0.499878, 0.409371, 0.223048]
[0.453887, 0.48125, -0.498497, 0.340873, 0.427865]
[0.431638, 0.405328, -0.498585, 0.263345, 0.151128]
[0.481217, 0.339145, -0.499783, 0.455906, 0.063739]
[0.352094, 0.237378, -0.499103, 0.406411, 0.346662]
[0.287767, 0.223613, -0.499829, 0.499789, 0.028635]
[0.370905, 0.122762, -0.499488, 0.424443, 0.467396]
[0.575195, 0.458554, -0.499001, 0.491154, 0.111131]
[0.281171, 0.181194, -0.498661, 0.434945, 0.369829]
[0.522284, 0.381306, -0.49913, 0.375386, 0.29101]
[0.511504, 0.392793, -0.499002, 0.252446, 0.210988]
[0.50465, 0.257097, -0.498556, 0.329908, 0.39268]
[0.298869, 0.172565, -0.499694, 0.251319, 0.320668]
[0.375834, 0.344338, -0.499547, 0.249074, 0.139542]
[0.385278, 0.306725, -0.49988, 0.315702, 0.212961]
[0.661793, 0.463431, -0.498552, 0.235073, 0.032032]
[0.541598, 0.265076, -0.499224, 0.240627, 0.405693]
[0.529375, 0.244107, -0.498726, 0.244368, 0.056805]
[0.473107, 0.231387, -0.499933, 0.32468, 0.080677]
[0.670751, 0.420848, -0.499525, 0.358678, 0.450345]
[0.433817, 0.172822, -0.498994, 0.35573, 0.256027]
[0.580146, 0.383323, -0.499663, 0.236982, 0.445886]
[0.466781, 0.309504, -0.499881, 0.235629, 0.112486]
[0.617955, 0.277167, -0.499223, 0.362755, 0.091109]
[0.635581, 0.385285, -0.499384, 0.235394, 0.421702]
[0.517075, 0.370774, -0.499046, 0.299962, 0.441246]
[0.506217, 0.406984, -0.499924, 0.469624, 0.38785]
[0.404745, 0.473283, -0.499842, 0.252447, 0.101479]
[0.401535, 0.178862, -0.498676, 0.30457, 0.127565]
[0.315233, 0.174899, -0.499149, 0.361738, 0.28891]
[0.380628, 0.313296, -0.49849, 0.231394, 0.434253]
[0.273595, 0.245296, -0.499429, 0.230588, 0.086849]
[0.417732, 0.474802, -0.499809, 0.296626, 0.415971]
[0.321462, 0.204783, -0.498595, 0.499944, 0.358134]
[0.575768, 0.4466, -0.499084, 0.396835, 0.333295]
[0.468894, 0.334302, -0.498611, 0.259172, 0.448441]
[0.299825, 0.498813, -0.498512, 0.431055, 0.368446]
[0.555652, 0.385913, -0.499731, 0.430679, 0.100031]
[0.344201, 0.187975, -0.499819, 0.30777, 0.496236]
[0.53606, 0.32626, -0.498668, 0.432343, 0.019263]
[0.412299, 0.439422, -0.499133, 0.449593, 0.067698]
[0.654796, 0.306456, -0.498841, 0.315882, 0.189263]
[0.345436, 0.18544, -0.499403, 0.461709, 0.430371]
[0.645239, 0.29677, -0.498538, 0.283599, 0.138011]
[0.342511, 0.205325, -0.498953, 0.278929, 0.307111]
[0.399214, 0.213541, -0.499478, 0.472862, 0.260591]
[0.332881, 0.16518, -0.498774, 0.282326, 0.312028]
[0.636461, 0.370208, -0.499252, 0.325949, 0.11705]
[0.324092, 0.256492, -0.499674, 0.260292, 0.394248]
[0.378146, 0.153771, -0.499968, 0.452215, 0.307643]
[0.289409, 0.187485, -0.499587, 0.434427, 0.398415]
[0.355481, 0.34473, -0.499519, 0.311348, 0.405202]
[0.526296, 0.431373, -0.499243, 0.456909, 0.018562]
[0.581612, 0.307388, -0.499549, 0.42732, 0.312414]
[0.348238, 0.435587, -0.49934, 0.300689, 0.160235]
[0.395855, 0.486362, -0.498709, 0.293337, 0.169826]
[0.274929, 0.180168, -0.498893, 0.485068, 0.065628]
[0.51636, 0.43333, -0.498869, 0.335992, 0.406804]
[0.28308, 0.269438, -0.499446, 0.353694, 0.310422]
[0.435267, 0.479179, -0.499345, 0.427597, 0.056711]
[0.50127, 0.238179, -0.499652, 0.311662, 0.0372]
[0.645459, 0.161901, -0.499271, 0.311865, 0.363388]
[0.346989, 0.278978, -0.49912, 0.244294, 0.449019]
[0.375888, 0.343174, -0.498503, 0.446044, 0.484556]
[0.506593, 0.246481, -0.498632, 0.393627, 0.086642]
[0.563263, 0.482307, -0.499227, 0.469283, 0.091928]
[0.425562, 0.216637, -0.499885, 0.410084, 0.206533]
[0.45598, 0.136646, -0.499074, 0.233444, 0.183826]
[0.444438, 0.373886, -0.499539, 0.331159, 0.131798]
[0.463455, 0.16492, -0.499265, 0.465848, 0.199405]
[0.610322, 0.197107, -0.499446, 0.312003, 0.394154]
[0.644185, 0.454319, -0.49842, 0.436605, 0.491474]
[0.560246, 0.420245, -0.499759, 0.279526, 0.337327]
[0.517034, 0.250771, -0.498917, 0.303386, 0.350059]
[0.622275, 0.288206, -0.499265, 0.287607, 0.033275]
[0.301291, 0.257586, -0.498597, 0.379478, 0.256297]
[0.466671, 0.20321, -0.498638, 0.401263, 0.040804]
[0.402909, 0.246087, -0.499321, 0.470081, 0.028878]
[0.40984, 0.371667, -0.498633, 0.394142, 0.328601]
[0.449776, 0.29889, -0.499813, 0.468918, 0.216002]
[0.439193, 0.294612, -0.49984, 0.375486, 0.379508]
[0.33106, 0.448912, -0.49927, 0.392871, 0.363275]
[0.342603, 0.359522, -0.499394, 0.379029, 0.131852]
[0.360977, 0.471814, -0.499389, 0.444833, 0.149669]
[0.593939, 0.257753, -0.499831, 0.328752, 0.418463]
[0.368102, 0.321585, -0.499369, 0.379229, 0.418082]
[0.497653, 0.233841, -0.498604, 0.452022, 0.12329]
[0.582858, 0.238568, -0.499948, 0.286136, 0.016563]
[0.332669, 0.263634, -0.499095, 0.464975, 0.136384]
[0.536789, 0.165409, -0.498662, 0.408545, 0.304769]
[0.297167, 0.137336, -0.499861, 0.330021, 0.376644]
[0.608228, 0.356728, -0.499947, 0.276888, 0.43787]
[0.647842, 0.132701, -0.499438, 0.244146, 0.313577]
[0.657867, 0.468253, -0.498663, 0.389624, 0.126539]
[0.516504, 0.479535, -0.498658, 0.353872, 0.192428]
[0.536205, 0.170761, -0.499725, 0.487758, 0.476057]
[0.303552, 0.365742, -0.499415, 0.389256, 0.058919]
[0.601071, 0.310325, -0.499088, 0.456688, 0.40128]
[0.574079, 0.383611, -0.499009, 0.378617, 0.118489]
[0.552885, 0.120383, -0.499128, 0.476895, 0.39234]
[0.444501, 0.290403, -0.498656, 0.397211, 0.115614]
[0.666333, 0.471157, -0.498712, 0.456259, 0.499712]
[0.294605, 0.377598, -0.498544, 0.239724, 0.03907]
[0.63031, 0.397135, -0.499131, 0.366642, 0.397126]
[0.511878, 0.130191, -0.499456, 0.279135, 0.076229]
[0.666673, 0.226383, -0.499201, 0.442591, 0.004651]
[0.537251, 0.211332, -0.498739, 0.364256, 0.308036]
[0.566351, 0.376958, -0.49911, 0.420969, 0.395903]
[0.648657, 0.464775, -0.499237, 0.401786, 0.338123]
[0.324315, 0.241322, -0.498701, 0.395256, 0.497736]
[0.554291, 0.452789, -0.498595, 0.408606, 0.39326]
[0.337484, 0.437809, -0.499476, 0.487007, 0.274249]
[0.441543, 0.355238, -0.499099, 0.340155, 0.138206]
[0.589921, 0.465782, -0.498476, 0.453321, 0.284781]
[0.424954, 0.206547, -0.499497, 0.419099, 0.45901]
[0.437332, 0.449276, -0.4992, 0.353975, 0.015412]
[0.313225, 0.36747, -0.499598, 0.28715, 0.452558]
[0.30145, 0.128011, -0.499492, 0.498301, 0.172661]
[0.415172, 0.136802, -0.499041, 0.277861, 0.364552]
[0.306459, 0.223197, -0.499526, 0.297678, 0.064357]
[0.612233, 0.47786, -0.498659, 0.461679, 0.359231]
[0.277971, 0.377231, -0.49919, 0.276217, 0.111721]
[0.349205, 0.355462, -0.499416, 0.338287, 0.287359]
[0.425194, 0.435471, -0.499292, 0.396873, 0.395991]
[0.292576, 0.183221, -0.498498, 0.271891, 0.180915]
[0.665998, 0.161489, -0.499543, 0.482857, 0.091941]
[0.372847, 0.176339, -0.499967, 0.327182, 0.22236]
[0.620946, 0.263896, -0.499841, 0.25436, 0.453529]
[0.340018, 0.164248, -0.499296, 0.259497, 0.459142]
[0.347716, 0.128984, -0.499001, 0.38215, 0.272998]
[0.640905, 0.375738, -0.499832, 0.441994, 0.409479]
[0.361121, 0.397979, -0.498533, 0.368155, 0.152813]
[0.388872, 0.169404, -0.498625, 0.268618, 0.463073]
[0.614862, 0.166887, -0.499956, 0.489222, 0.370098]
[0.514913, 0.181127, -0.498691, 0.267986, 0.199836]
[0.278098, 0.369497, -0.499858, 0.338389, 0.472073]
[0.469397, 0.160237, -0.499618, 0.351324, 0.458788]
[0.564742, 0.489958, -0.499965, 0.285161, 0.217603]
[0.402894, 0.437831, -0.499133, 0.27649, 0.211319]
[0.593029, 0.214502, -0.499445, 0.3429, 0.03616]
[0.322829, 0.173617, -0.499772, 0.232793, 0.330922]
[0.548885, 0.300963, -0.498953, 0.294454, 0.196907]
[0.455293, 0.487238, -0.49966, 0.449231, 0.335233]
[0.604157, 0.284168, -0.49914, 0.299765, 0.42683]
[0.637511, 0.304911, -0.499335, 0.39811, 0.130984]
[0.533654, 0.43172, -0.498982, 0.499832, 0.165946]
[0.431367, 0.420265, -0.498822, 0.339588, 0.049876]
[0.490558, 0.234422, -0.499702, 0.270511, 0.226479]
[0.6098, 0.425465, -0.498918, 0.389146, 0.24752]
[0.554468, 0.478998, -0.49848, 0.313976, 0.130842]
[0.628994, 0.415881, -0.498453, 0.390127, 0.0998]
[0.420631, 0.433965, -0.498754, 0.256057, 0.416322]
[0.297019, 0.474725, -0.4989, 0.457126, 0.421096]
[0.491084, 0.285456, -0.49841, 0.38343, 0.096737]
[0.48112, 0.354398, -0.498422, 0.338609, 0.266879]
[0.35144, 0.239889, -0.499711, 0.465851, 0.244661]
[0.615156, 0.425771, -0.499849, 0.276625, 0.320582]
[0.421222, 0.195604, -0.498505, 0.30156, 0.201903]
[0.323277, 0.3108, -0.499859, 0.342639, 0.285559]
[0.569675, 0.226176, -0.499974, 0.400312, 0.387529]
[0.650074, 0.218736, -0.498502, 0.314904, 0.234767]
[0.311528, 0.3609, -0.498485, 0.359823, 0.057104]
[0.489946, 0.362332, -0.499542, 0.334897, 0.170448]
[0.550304, 0.293362, -0.499908, 0.317711, 0.36549]
[0.399015, 0.170141, -0.499067, 0.333745, 0.374766]
[0.656172, 0.352081, -0.499061, 0.341576, 0.185731]
[0.326799, 0.147524, -0.49932, 0.27905, 0.084328]
[0.499887, 0.19493, -0.499976, 0.383438, 0.212425]
[0.621909, 0.334271, -0.499254, 0.3065, 0.179678]
[0.310318, 0.277097, -0.499816, 0.35254, 0.468766]
[0.67227, 0.494481, -0.498725, 0.341256, 0.109485]
[0.499591, 0.165391, -0.498753, 0.438521, 0.482174]
[0.522917, 0.498107, -0.49856, 0.358437, 0.126494]
[0.676823, 0.113731, -0.498418, 0.424612, 0.384202]
[0.584769, 0.234771, -0.499434, 0.448903, 0.362535]
[0.318842, 0.178237, -0.49998, 0.290628, 0.059445]
[0.477935, 0.123913, -0.499961, 0.27585, 0.445456]
[0.408839, 0.418573, -0.499944, 0.388875, 0.165118]
[0.560763, 0.177141, -0.499949, 0.390163, 0.333599]
[0.60634, 0.300504, -0.498753, 0.401289, 0.434704]
[0.332924, 0.314698, -0.499416, 0.448782, 0.350553]
[0.308497, 0.34627, -0.49916, 0.367678, 0.431888]
[0.500323, 0.189448, -0.499844, 0.411215, 0.477699]
[0.668906, 0.420465, -0.49928, 0.357162, 0.252623]
[0.372253, 0.15984, -0.499783, 0.394397, 0.486909]
[0.38926, 0.452654, -0.49953, 0.274608, 0.059537]
[0.45989, 0.212103, -0.498561, 0.488437, 0.45141]
[0.326123, 0.387639, -0.498774, 0.260088, 0.366761]
[0.441914, 0.389524, -0.499064, 0.40094, 0.139871]
[0.58243, 0.306183, -0.499123, 0.393347, 0.442472]
[0.532608, 0.372088, -0.498599, 0.452323, 0.382858]
[0.523478, 0.198601, -0.499095, 0.486222, 0.152957]
[0.554048, 0.488133, -0.499065, 0.351601, 0.289422]
[0.65585, 0.270179, -0.498503, 0.4073, 0.114902]
[0.594983, 0.217099, -0.499869, 0.397558, 0.25518]
[0.357922, 0.113657, -0.499161, 0.325842, 0.105535]
[0.550465, 0.211921, -0.499183, 0.331205, 0.250268]
[0.629801, 0.26203, -0.499619, 0.243324, 0.154988]
[0.381488, 0.377307, -0.499125, 0.365425, 0.440739]
[0.519306, 0.410806, -0.498675, 0.454706, 0.234503]
[0.438673, 0.445628, -0.498677, 0.457668, 0.481173]
[0.296528, 0.1533, -0.498964, 0.479571, 0.251259]
[0.419127, 0.460465, -0.499361, 0.244557, 0.040336]
[0.475584, 0.301425, -0.498646, 0.357206, 0.012664]
[0.464464, 0.258282, -0.498873, 0.396701, 0.146178]
[0.539363, 0.208114, -0.499727, 0.458653, 0.426715]
[0.342685, 0.172486, -0.498488, 0.234639, 0.193919]
[0.564858, 0.245651, -0.49959, 0.487046, 0.023961]
[0.613758, 0.198996, -0.49869, 0.430685, 0.256158]
[0.364431, 0.467007, -0.499745, 0.471926, 0.10128]
[0.339704, 0.349183, -0.498867, 0.316339, 0.45409]
[0.447115, 0.336446, -0.498801, 0.233013, 0.17572]
[0.399302, 0.127887, -0.499631, 0.419526, 0.494053]
[0.48847, 0.493748, -0.499347, 0.366333, 0.27392]
[0.613739, 0.429902, -0.49959, 0.365721, 0.122776]
[0.501702, 0.413963, -0.498503, 0.228097, 0.148908]
[0.349664, 0.444214, -0.499829, 0.383222, 0.221923]
[0.555543, 0.34314, -0.499475, 0.32, 0.114345]
[0.403004, 0.196074, -0.499102, 0.462787, 0.344576]
[0.525112, 0.42948, -0.499218, 0.297286, 0.126388]
[0.644203, 0.232476, -0.498435, 0.358503, 0.055071]
[0.512008, 0.421153, -0.499506, 0.343075, 0.104176]
[0.492213, 0.183374, -0.499689, 0.443984, 0.397469]
[0.626321, 0.167061, -0.499786, 0.395293, 0.104119]
[0.322326, 0.410681, -0.499056, 0.443457, 0.0914]
[0.675868, 0.182181, -0.499583, 0.231627, 0.417474]
[0.385387, 0.20367, -0.498784, 0.291723, 0.119507]
[0.612441, 0.333784, -0.498816, 0.241707, 0.458949]
[0.366935, 0.194616, -0.498876, 0.257081, 0.416093]
[0.514391, 0.357884, -0.499781, 0.415058, 0.225739]
[0.429132, 0.267506, -0.49877, 0.354919, 0.164146]
[0.280815, 0.166484, -0.499945, 0.303623, 0.306916]
[0.661087, 0.417269, -0.49859, 0.331059, 0.180007]
[0.538464, 0.369959, -0.499074, 0.26484, 0.11146]
[0.42969, 0.269343, -0.498435, 0.48846, 0.335812]
[0.378794, 0.317014, -0.499096, 0.335137, 0.457844]
[0.629293, 0.171311, -0.499599, 0.245632, 0.009123]
[0.528695, 0.168813, -0.498764, 0.330578, 0.388262]
[0.322629, 0.140102, -0.498618, 0.249741, 0.387963]
[0.41963, 0.448407, -0.498589, 0.312701, 0.407889]
[0.528409, 0.245255, -0.499466, 0.48387, 0.461473]
[0.426602, 0.174229, -0.498736, 0.395367, 0.382449]
[0.501334, 0.149217, -0.499552, 0.491044, 0.474711]
[0.558921, 0.30287, -0.498992, 0.359799, 0.081194]
[0.345403, 0.323284, -0.499408, 0.405841, 0.015547]
[0.653604, 0.143925, -0.498415, 0.27946, 0.13524]
[0.585341, 0.192646, -0.498447, 0.261478, 0.404301]
[0.350323, 0.137546, -0.498905, 0.481557, 0.062766]
[0.475309, 0.498276, -0.499151, 0.491056, 0.063897]
[0.336623, 0.416672, -0.499705, 0.335879, 0.474921]
[0.66923, 0.155456, -0.499757, 0.375558, 0.172718]
[0.604477, 0.448109, -0.498439, 0.470855, 0.494174]
[0.485278, 0.44643, -0.499871, 0.241306, 0.406611]
[0.314482, 0.252402, -0.499459, 0.408388, 0.401647]
[0.485467, 0.365672, -0.499097, 0.411143, 0.480927]
[0.525102, 0.310985, -0.498592, 0.445362, 0.205804]
[0.556097, 0.264956, -0.499907, 0.253364, 0.219029]
[0.351443, 0.389948, -0.498755, 0.261329, 0.452519]
[0.668859, 0.498689, -0.499128, 0.377239, 0.413911]
[0.33431, 0.303517, -0.4987, 0.402203, 0.170263]
[0.665598, 0.486333, -0.499146, 0.386955, 7.6e-05]
[0.474272, 0.1978, -0.499728, 0.408177, 0.31336]
[0.28148, 0.190395, -0.499705, 0.430534, 0.495437]
[0.651736, 0.473185, -0.499107, 0.261045, 0.33908]
[0.432295, 0.24211, -0.499717, 0.299014, 0.012948]
[0.672989, 0.286453, -0.499673, 0.471908, 0.466002]
[0.664247, 0.12273, -0.499586, 0.377057, 0.425983]
[0.622125, 0.352386, -0.4985, 0.235506, 0.157166]
[0.303834, 0.459516, -0.49938, 0.349191, 0.099968]
[0.404312, 0.42645, -0.498777, 0.327322, 0.397819]
[0.626282, 0.284926, -0.498457, 0.459394, 0.244781]
[0.395115, 0.168385, -0.499804, 0.253811, 0.234665]
[0.582136, 0.342064, -0.499601, 0.237971, 0.257379]
[0.677207, 0.212007, -0.498811, 0.257728, 0.170192]
[0.611153, 0.278116, -0.498496, 0.309573, 0.381143]
[0.458538, 0.476413, -0.499075, 0.436422, 0.008408]
[0.673887, 0.276018, -0.499371, 0.273817, 0.475172]
[0.335272, 0.341514, -0.499368, 0.280546, 0.348991]
[0.5368, 0.130766, -0.499048, 0.432363, 0.430646]
[0.359682, 0.370083, -0.499633, 0.261803, 0.210971]
[0.540067, 0.161257, -0.498654, 0.375003, 0.182575]
[0.450541, 0.343021, -0.498952, 0.33931, 0.248886]
[0.382734, 0.370908, -0.498605, 0.319593, 0.213714]
[0.304446, 0.111788, -0.49962, 0.411218, 0.13113]
[0.325088, 0.253554, -0.498412, 0.273854, 0.400653]
[0.302724, 0.315289, -0.499841, 0.492314, 0.206589]
[0.633138, 0.230708, -0.499141, 0.447051, 0.28103]
[0.480586, 0.147678, -0.499298, 0.41948, 0.241573]
[0.33297, 0.302057, -0.4985, 0.480452, 0.305009]
[0.642358, 0.194672, -0.499951, 0.351326, 0.398254]
[0.641997, 0.153508, -0.499262, 0.235826, 0.433697]
[0.353658, 0.169886, -0.498907, 0.348509, 0.22808]
[0.497569, 0.260852, -0.499942, 0.39565, 0.317099]
[0.303643, 0.405707, -0.499951, 0.273549, 0.299467]
[0.321705, 0.212252, -0.499219, 0.388253, 0.200692]
[0.277133, 0.260696, -0.498453, 0.455898, 0.484006]
[0.321827, 0.25171, -0.499285, 0.432274, 0.039937]
[0.321734, 0.25173, -0.498447, 0.448951, 0.460226]
[0.404888, 0.441382, -0.498878, 0.413219, 0.464253]
[0.593399, 0.381923, -0.499613, 0.449594, 0.318241]
[0.659418, 0.488171, -0.498781, 0.387838, 0.378223]
[0.285147, 0.144575, -0.499419, 0.471258, 0.186173]
[0.523489, 0.300321, -0.49913, 0.39965, 0.33067]
[0.520907, 0.385361, -0.499278, 0.495341, 0.2166]
[0.670668, 0.239625, -0.498817, 0.445222, 0.367724]
[0.382898, 0.311624, -0.498739, 0.293103, 0.385313]
[0.365994, 0.278295, -0.499991, 0.46338, 0.215241]
[0.650776, 0.407474, -0.499348, 0.465303, 0.168647]
[0.522751, 0.137599, -0.49998, 0.274087, 0.141146]
[0.458897, 0.300498, -0.499556, 0.263845, 0.133529]
[0.645813, 0.291955, -0.499437, 0.498338, 0.367856]
[0.477337, 0.422978, -0.498772, 0.328567, 0.325764]
[0.355853, 0.418745, -0.499991, 0.25428, 0.01106]
[0.61057, 0.451422, -0.499453, 0.387689, 0.086532]
[0.389396, 0.284865, -0.499637, 0.480815, 0.192725]
[0.668768, 0.211342, -0.498791, 0.362251, 0.07334]
[0.443732, 0.435863, -0.499041, 0.470697, 0.334117]
[0.655916, 0.341059, -0.499726, 0.387769, 0.07487]
[0.662074, 0.234922, -0.499263, 0.229467, 0.439802]
[0.502369, 0.460932, -0.499509, 0.369483, 0.193531]
[0.452682, 0.312814, -0.499632, 0.443348, 0.434834]
[0.409183, 0.446305, -0.499796, 0.302221, 0.071291]
[0.534393, 0.496773, -0.49979, 0.296754, 0.373556]
[0.57823, 0.112625, -0.499498, 0.412393, 0.279375]
[0.59772, 0.499229, -0.498877, 0.403651, 0.280982]
[0.642847, 0.380201, -0.499261, 0.311607, 0.12358]
[0.568456, 0.143043, -0.49856, 0.434512, 0.111681]
[0.454403, 0.499703, -0.499294, 0.394518, 0.027194]
[0.520464, 0.286802, -0.498479, 0.371958, 0.111906]
[0.520155, 0.46884, -0.499546, 0.328174, 0.405293]
[0.394858, 0.400478, -0.499247, 0.280869, 0.17308]
[0.537618, 0.226098, -0.499363, 0.385987, 0.216594]
[0.35441, 0.187172, -0.498425, 0.4031, 0.012382]
[0.555297, 0.42612, -0.49862, 0.312267, 0.218489]
[0.33024, 0.22825, -0.499817, 0.443128, 0.441881]
[0.661655, 0.120619, -0.498435, 0.490663, 0.346371]
[0.514953, 0.244417, -0.49998, 0.410101, 0.24334]
[0.667907, 0.336818, -0.499099, 0.234149, 0.083623]
[0.322605, 0.30085, -0.499542, 0.270119, 0.386789]
[0.51833, 0.42906, -0.499434, 0.233586, 0.438296]
[0.36518, 0.395368, -0.499596, 0.309794, 0.470012]
[0.460336, 0.402891, -0.49891, 0.358037, 0.420376]
[0.326563, 0.431502, -0.499921, 0.340303, 0.145838]
[0.55963, 0.329441, -0.499817, 0.328661, 0.453538]
[0.269025, 0.441736, -0.499013, 0.275156, 0.388319]
[0.519993, 0.423306, -0.498755, 0.447396, 0.237222]
[0.639704, 0.432442, -0.499239, 0.490241, 0.448551]
[0.668476, 0.333449, -0.498858, 0.270486, 0.016127]
[0.619703, 0.414027, -0.499392, 0.328198, 0.12128]
[0.632502, 0.319943, -0.498751, 0.404541, 0.306217]
[0.381018, 0.296826, -0.499328, 0.238147, 0.079632]
[0.293923, 0.310034, -0.499173, 0.475034, 0.151391]
[0.311872, 0.467466, -0.498738, 0.386645, 0.194142]
[0.63582, 0.132523, -0.499536, 0.409004, 0.202385]
[0.664932, 0.208489, -0.498747, 0.265846, 0.179363]
[0.294481, 0.263656, -0.498484, 0.323327, 0.070225]
[0.53975, 0.419459, -0.499963, 0.229325, 0.43821]
[0.505904, 0.47627, -0.499991, 0.395763, 0.419422]
[0.542212, 0.451911, -0.498448, 0.486928, 0.236303]
[0.319517, 0.474328, -0.499067, 0.49518, 0.417026]
[0.354646, 0.336924, -0.498774, 0.359864, 0.296512]
[0.561985, 0.21655, -0.499714, 0.265936, 0.118714]
[0.523211, 0.423789, -0.499639, 0.477685, 0.323485]
[0.34039, 0.375789, -0.499487, 0.381612, 0.117057]
[0.644559, 0.123856, -0.498723, 0.30548, 0.225725]
[0.27297, 0.465074, -0.499854, 0.412518, 0.369723]
[0.509211, 0.429565, -0.499121, 0.414873, 0.222104]
[0.541724, 0.263877, -0.499489, 0.451746, 0.390414]
[0.651166, 0.183256, -0.498428, 0.427466, 0.104331]
[0.546481, 0.111854, -0.499951, 0.493888, 0.149891]
[0.546935, 0.233154, -0.49843, 0.450045, 0.167417]
[0.520087, 0.185292, -0.499981, 0.45169, 0.232796]
[0.327276, 0.111619, -0.498828, 0.39685, 0.373821]
[0.413823, 0.293269, -0.498963, 0.29416, 0.200088]
[0.29905, 0.482586, -0.499607, 0.468686, 0.065392]
[0.447937, 0.418464, -0.499405, 0.36181, 0.001811]
[0.329476, 0.237337, -0.499576, 0.24479, 0.18822]
[0.291719, 0.33428, -0.4986, 0.298125, 0.173858]
[0.269817, 0.115104, -0.498497, 0.406765, 0.018502]
[0.386773, 0.44278, -0.499195, 0.394091, 0.15993]
[0.583352, 0.420189, -0.498772, 0.470364, 0.398065]
[0.525581, 0.471237, -0.498575, 0.477351, 0.242548]
[0.384006, 0.451336, -0.498882, 0.262077, 0.082867]
[0.36194, 0.390377, -0.498433, 0.38767, 0.011505]
[0.320269, 0.30928, -0.499929, 0.385547, 0.123798]
[0.273222, 0.359261, -0.499349, 0.337, 0.317419]
[0.310744, 0.272893, -0.499091, 0.234259, 0.061215]
[0.479389, 0.218856, -0.499935, 0.330395, 0.324624]
[0.660448, 0.374085, -0.498648, 0.337543, 0.458038]
[0.517078, 0.379743, -0.499526, 0.27588, 0.031509]
[0.327144, 0.326369, -0.49939, 0.336413, 0.273909]
[0.438856, 0.278116, -0.498675, 0.323586, 0.447185]
[0.42239, 0.374189, -0.499683, 0.393587, 0.140095]
[0.441012, 0.26516, -0.499576, 0.415796, 0.152647]
[0.435738, 0.197689, -0.498679, 0.360355, 0.096816]
[0.56556, 0.2681, -0.499993, 0.483214, 0.398186]
[0.478912, 0.151646, -0.498689, 0.385433, 0.132261]
[0.38443, 0.496586, -0.4986, 0.353734, 0.115395]
[0.60432, 0.354052, -0.499929, 0.375915, 0.422949]
[0.506482, 0.256643, -0.499579, 0.468027, 0.120427]
[0.296041, 0.387383, -0.499482, 0.451367, 0.494291]
[0.445295, 0.149926, -0.498585, 0.35765, 0.097386]
[0.637698, 0.23764, -0.498425, 0.365013, 0.445155]
[0.356429, 0.284943, -0.4986, 0.312467, 0.357385]
[0.578371, 0.349621, -0.499885, 0.341052, 0.249291]
[0.308068, 0.439578, -0.498415, 0.28592, 0.347159]
[0.412252, 0.410646, -0.499293, 0.39845, 0.499715]
[0.38598, 0.389948, -0.499177, 0.446086, 0.314357]
[0.404092, 0.15635, -0.499411, 0.275427, 0.309954]
[0.560176, 0.114896, -0.499121, 0.258958, 0.145931]
[0.444166, 0.385457, -0.499371, 0.289863, 0.283777]
[0.336612, 0.145523, -0.498906, 0.448256, 0.426055]
[0.294223, 0.122626, -0.499265, 0.321673, 0.362591]
[0.556498, 0.468139, -0.499338, 0.230301, 0.489425]
[0.534193, 0.11955, -0.499733, 0.456314, 0.310685]
[0.499606, 0.21712, -0.499616, 0.455656, 0.49979]
[0.583451, 0.427413, -0.4998, 0.29923, 0.320009]
[0.602586, 0.281039, -0.499853, 0.312924, 0.078229]
[0.506433, 0.464833, -0.498745, 0.279415, 0.27151]
[0.550235, 0.308346, -0.499383, 0.296976, 0.307129]
[0.485679, 0.182444, -0.499551, 0.377199, 0.460544]
[0.285766, 0.229337, -0.499095, 0.26354, 0.417117]
[0.354712, 0.290815, -0.498521, 0.461955, 0.295853]
[0.275362, 0.396169, -0.499668, 0.277416, 0.129803]
[0.496688, 0.374188, -0.499635, 0.319175, 0.497982]
[0.366862, 0.257978, -0.498802, 0.303818, 0.428099]
[0.547758, 0.48891, -0.498553, 0.269069, 0.22354]
[0.581443, 0.270339, -0.498781, 0.329591, 0.134742]
[0.497539, 0.429988, -0.498963, 0.478965, 0.484803]
[0.417888, 0.169552, -0.499612, 0.468693, 0.11563]
[0.583087, 0.177351, -0.498595, 0.24692, 0.356139]
[0.418712, 0.395641, -0.498798, 0.277055, 0.29978]
[0.53772, 0.227483, -0.499734, 0.252047, 0.041439]
[0.549785, 0.424065, -0.499538, 0.355455, 0.352204]
[0.502396, 0.24253, -0.498877, 0.368827, 0.021516]
[0.400157, 0.454226, -0.4988, 0.305255, 0.405182]
[0.285631, 0.204098, -0.499801, 0.412798, 0.017111]
[0.478749, 0.385875, -0.499114, 0.304106, 0.297183]
[0.389664, 0.348223, -0.498969, 0.402815, 0.221571]
[0.60158, 0.239945, -0.498545, 0.275519, 0.343602]
[0.309795, 0.452068, -0.499338, 0.424165, 0.444565]
[0.583711, 0.125508, -0.499132, 0.433017, 0.03204]
[0.5086, 0.123815, -0.499609, 0.43946, 0.136299]
[0.494795, 0.196564, -0.499283, 0.274633, 0.412812]
[0.652646, 0.218566, -0.498577, 0.4784, 0.273059]
[0.437499, 0.319789, -0.49895, 0.275295, 0.40691]
[0.394561, 0.418172, -0.498843, 0.348659, 0.409935]
[0.609935, 0.438131, -0.49885, 0.269017, 0.466052]
[0.377794, 0.272321, -0.499265, 0.271012, 0.158917]
[0.643799, 0.477486, -0.499407, 0.308332, 0.390815]
[0.550766, 0.222682, -0.499783, 0.36443, 0.115874]
[0.429857, 0.285698, -0.499518, 0.252649, 0.241694]
[0.336675, 0.28357, -0.49932, 0.3927, 0.202536]
[0.300524, 0.331311, -0.499663, 0.37076, 0.267638]
[0.422824, 0.347955, -0.499621, 0.345878, 0.278744]
[0.489886, 0.378693, -0.499618, 0.479894, 0.151494]
[0.275865, 0.259652, -0.498856, 0.290596, 0.444319]
[0.354865, 0.181153, -0.499177, 0.306381, 0.462799]
[0.458623, 0.256085, -0.499413, 0.309161, 0.063503]
[0.296832, 0.274158, -0.498597, 0.232124, 0.371375]
[0.346268, 0.447897, -0.498546, 0.280995, 0.435551]
[0.636211, 0.294231, -0.498454, 0.298368, 0.460954]
[0.641024, 0.130793, -0.499506, 0.270147, 0.391211]
[0.52112, 0.342877, -0.498825, 0.462025, 0.477789]
[0.491073, 0.192368, -0.499763, 0.363039, 0.192286]
[0.561545, 0.317123, -0.498633, 0.26204, 0.182034]
[0.397977, 0.231807, -0.499472, 0.428149, 0.190556]
[0.537649, 0.163648, -0.498411, 0.487812, 0.4912]
[0.386757, 0.20371, -0.499277, 0.494892, 0.027645]
[0.327586, 0.175836, -0.499557, 0.318684, 0.114457]
[0.321951, 0.311868, -0.499598, 0.378842, 0.495678]
[0.445665, 0.130935, -0.498892, 0.407065, 0.164754]
[0.625033, 0.198118, -0.499467, 0.433178, 0.019058]
[0.570342, 0.43167, -0.498516, 0.251711, 0.463855]
[0.672918, 0.155272, -0.498646, 0.322726, 0.030248]
[0.578795, 0.239, -0.499734, 0.388729, 0.254746]
[0.295603, 0.190155, -0.499051, 0.267092, 0.414701]
[0.642442, 0.285442, -0.498684, 0.27941, 0.155851]
[0.594588, 0.458305, -0.498735, 0.472152, 0.259249]
[0.638737, 0.321955, -0.498759, 0.260025, 0.209781]
[0.323613, 0.219087, -0.498998, 0.313313, 0.120244]
[0.54177, 0.18361, -0.499083, 0.286674, 0.035419]
[0.566199, 0.374864, -0.499137, 0.428295, 0.097301]
[0.337439, 0.38901, -0.499601, 0.480589, 0.365084]
[0.381374, 0.220877, -0.499573, 0.324544, 0.189587]
[0.661976, 0.475068, -0.499067, 0.448507, 0.245548]
[0.472492, 0.499427, -0.499676, 0.416746, 0.089166]
[0.487875, 0.484812, -0.499392, 0.228263, 0.425215]
[0.559556, 0.470012, -0.499667, 0.439671, 0.180214]
[0.518914, 0.304567, -0.498656, 0.372563, 0.14922]
[0.433123, 0.23654, -0.499002, 0.46653, 0.194721]
[0.599391, 0.345309, -0.499969, 0.343957, 0.32771]
[0.448358, 0.18421, -0.499546, 0.268076, 0.210501]
[0.554812, 0.275052, -0.498641, 0.384704, 0.464154]
[0.448221, 0.21622, -0.49906, 0.410141, 0.412228]
[0.36954, 0.467693, -0.49984, 0.25118, 0.49772]
[0.645006, 0.217931, -0.499585, 0.359359, 0.04182]
[0.635959, 0.270962, -0.499228, 0.315297, 0.353389]
[0.319841, 0.284708, -0.498615, 0.314861, 0.471992]
[0.28132, 0.111688, -0.499474, 0.431341, 0.103036]
[0.416429, 0.395661, -0.498853, 0.352883, 0.300565]
[0.285046, 0.284865, -0.498958, 0.287436, 0.181562]
[0.374246, 0.238484, -0.498534, 0.236821, 0.297003]
[0.443485, 0.375758, -0.498973, 0.492704, 0.298636]
[0.450159, 0.395765, -0.499184, 0.450348, 0.193605]
[0.359208, 0.241472, -0.499388, 0.228677, 0.017261]
[0.601276, 0.302043, -0.499441, 0.35536, 0.338466]
[0.348091, 0.250071, -0.499369, 0.467932, 0.141571]
[0.32749, 0.321861, -0.498567, 0.434799, 0.420159]
[0.37087, 0.193061, -0.499632, 0.376727, 0.355101]
[0.675325, 0.499587, -0.499707, 0.294866, 0.410984]
[0.663907, 0.460585, -0.499652, 0.267647, 0.045917]
[0.497364, 0.412987, -0.499399, 0.242624, 0.421995]
[0.668785, 0.459745, -0.498895, 0.295924, 0.150749]
[0.37913, 0.41833, -0.498425, 0.443157, 0.225498]
[0.409187, 0.263699, -0.499166, 0.432615, 0.092713]
[0.644594, 0.34483, -0.49971, 0.363911, 0.381368]
[0.539967, 0.332978, -0.499708, 0.405826, 0.450096]
[0.638936, 0.154837, -0.498941, 0.469425, 0.227221]
[0.387595, 0.390268, -0.499228, 0.418148, 0.203323]
[0.427296, 0.152398, -0.499715, 0.334217, 0.253982]
[0.553531, 0.229188, -0.499691, 0.332371, 0.081921]
[0.270778, 0.270963, -0.499456, 0.299366, 0.249663]
[0.455092, 0.325458, -0.499646, 0.403106, 0.230657]
[0.443566, 0.472775, -0.498891, 0.267665, 0.140718]
[0.59052, 0.443334, -0.499333, 0.263542, 0.005674]
[0.338058, 0.254112, -0.499697, 0.367468, 0.091492]
[0.592236, 0.170254, -0.499606, 0.400532, 0.189769]
[0.6263, 0.460314, -0.4988, 0.40862, 0.349002]
[0.331313, 0.220415, -0.498463, 0.414596, 0.108399]
[0.476649, 0.369421, -0.498689, 0.4661, 0.246153]
[0.475711, 0.324954, -0.499456, 0.471031, 0.451848]
[0.278742, 0.18593, -0.49956, 0.328272, 0.281099]
[0.489408, 0.194097, -0.49877, 0.283294, 0.292438]
[0.406159, 0.342566, -0.498535, 0.335305, 0.299604]
[0.620843, 0.490686, -0.499487, 0.406692, 0.440578]
[0.46004, 0.187043, -0.498654, 0.473259, 0.308922]
[0.52374, 0.160261, -0.498502, 0.496679, 0.446658]
[0.403763, 0.267537, -0.499889, 0.489771, 0.415243]
[0.33321, 0.403707, -0.499434, 0.360268, 0.308143]
[0.341943, 0.389431, -0.498967, 0.345497, 0.083698]
[0.47315, 0.184281, -0.498459, 0.319743, 0.331415]
[0.274437, 0.182549, -0.498708, 0.366967, 0.19642]
[0.284151, 0.436352, -0.499468, 0.492149, 0.479373]
[0.595141, 0.254952, -0.498824, 0.411142, 0.441995]
[0.606386, 0.133939, -0.498491, 0.326883, 0.169145]
[0.276874, 0.365551, -0.499578, 0.322934, 0.169455]
[0.559077, 0.19766, -0.498546, 0.280921, 0.013386]
[0.463232, 0.471375, -0.498785, 0.486382, 0.044143]
[0.447853, 0.126085, -0.499189, 0.331515, 0.381446]
[0.604857, 0.26644, -0.499542, 0.405657, 0.016693]
[0.565207, 0.495263, -0.499658, 0.372053, 0.215768]
[0.273224, 0.278323, -0.499677, 0.4533, 0.254574]
[0.475538, 0.348441, -0.498662, 0.345858, 0.341075]
[0.496752, 0.202422, -0.499056, 0.287049, 0.128356]
[0.564886, 0.235385, -0.499228, 0.453665, 0.015221]
[0.666655, 0.454949, -0.499896, 0.418626, 0.404401]
[0.327084, 0.233676, -0.499714, 0.42031, 0.239301]
[0.314752, 0.343948, -0.498668, 0.474874, 0.23484]
[0.469583, 0.408332, -0.499594, 0.492511, 0.299891]
[0.282912, 0.128563, -0.499229, 0.248674, 0.162509]
[0.442645, 0.427428, -0.499529, 0.395339, 0.269941]
[0.420607, 0.402821, -0.498668, 0.365475, 0.251025]
[0.497995, 0.427159, -0.499078, 0.493153, 0.296041]
[0.577933, 0.437214, -0.49848, 0.300357, 0.4222]
[0.310941, 0.233529, -0.498693, 0.288678, 0.239921]
[0.535632, 0.134661, -0.499854, 0.395156, 0.175847]
[0.316387, 0.346491, -0.49946, 0.299473, 0.028937]
[0.60977, 0.426848, -0.498762, 0.498078, 0.329265]
[0.51701, 0.119999, -0.499255, 0.299131, 0.221164]
[0.626315, 0.299364, -0.499919, 0.41604, 0.292469]
[0.380436, 0.276879, -0.498872, 0.485741, 0.228162]
[0.634962, 0.495906, -0.498797, 0.376092, 0.480154]
[0.463419, 0.363342, -0.499432, 0.348349, 0.029357]
[0.473337, 0.233933, -0.499413, 0.364812, 0.388577]
[0.389602, 0.380675, -0.499749, 0.479114, 0.463156]
[0.315068, 0.330744, -0.499955, 0.232345, 0.361661]
[0.307978, 0.49317, -0.499814, 0.363271, 0.314051]
[0.45542, 0.300212, -0.499715, 0.243982, 0.189076]
[0.393703, 0.144895, -0.498535, 0.327597, 0.053231]
[0.44381, 0.370888, -0.499792, 0.385537, 0.480361]
[0.679393, 0.194584, -0.499384, 0.381528, 0.234672]
[0.468195, 0.453247, -0.498428, 0.364146, 0.289071]
[0.36232, 0.305871, -0.499047, 0.280209, 0.387632]
[0.528583, 0.154899, -0.499771, 0.386474, 0.401663]
[0.315762, 0.128782, -0.499585, 0.29571, 0.006017]
[0.632049, 0.155186, -0.499558, 0.276289, 0.187536]
[0.455651, 0.344698, -0.498833, 0.382187, 0.028158]
[0.648212, 0.365216, -0.498479, 0.498007, 0.240992]
[0.447255, 0.496356, -0.498448, 0.46248, 0.128115]
[0.533074, 0.448965, -0.499022, 0.299875, 0.342815]
[0.289523, 0.364221, -0.499281, 0.369733, 0.491339]
[0.673391, 0.391125, -0.498642, 0.364087, 0.277765]
[0.380998, 0.163823, -0.498581, 0.428587, 0.379529]
[0.61927, 0.438122, -0.498709, 0.309545, 0.188846]
[0.62215, 0.111646, -0.498715, 0.44223, 0.073578]
[0.443511, 0.207202, -0.499455, 0.343168, 0.161556]
[0.372506, 0.324102, -0.499211, 0.232673, 0.354115]
[0.364514, 0.345778, -0.499337, 0.299728, 0.358894]
[0.51836, 0.339258, -0.499988, 0.471549, 0.44358]
[0.652423, 0.405613, -0.498482, 0.419214, 0.075152]
[0.269467, 0.141743, -0.498525, 0.394607, 0.394061]
[0.293702, 0.263426, -0.498751, 0.411035, 0.031854]
[0.416285, 0.257179, -0.49918, 0.270606, 0.37476]
[0.415719, 0.34009, -0.499988, 0.287931, 0.251083]
[0.43773, 0.332972, -0.49841, 0.377602, 0.082737]
[0.46648, 0.333469, -0.498563, 0.230666, 0.26704]
[0.438369, 0.499117, -0.499873, 0.28146, 0.464206]
[0.658558, 0.444484, -0.49908, 0.325485, 0.090094]
[0.371648, 0.267166, -0.499945, 0.338904, 0.483571]
[0.598045, 0.138637, -0.499828, 0.311904, 0.313998]
[0.587254, 0.364896, -0.498613, 0.261917, 0.171618]
[0.636023, 0.353158, -0.499516, 0.260188, 0.043004]
[0.297185, 0.251022, -0.498887, 0.37448, 0.260533]
[0.548389, 0.460039, -0.4994, 0.313001, 0.358783]
[0.507923, 0.313882, -0.498835, 0.377051, 0.067428]
[0.438723, 0.321414, -0.498877, 0.312653, 0.067744]
[0.476171, 0.144854, -0.499794, 0.431224, 0.447221]
[0.666047, 0.349351, -0.499555, 0.444985, 0.034086]
[0.497061, 0.491212, -0.499372, 0.429409, 0.328774]
[0.457354, 0.353953, -0.498653, 0.314702, 0.384502]
[0.472693, 0.479887, -0.498962, 0.471787, 0.215081]
[0.542635, 0.25221, -0.499939, 0.315131, 0.233038]
[0.509708, 0.404609, -0.499427, 0.325301, 0.17647]
[0.6114, 0.422466, -0.499537, 0.309397, 0.263776]
[0.545374, 0.256329, -0.498962, 0.258519, 0.294433]
[0.366156, 0.431534, -0.498434, 0.310065, 0.429942]
[0.381862, 0.375217, -0.498414, 0.365829, 0.107268]
[0.595552, 0.117018, -0.499802, 0.386453, 0.451381]
[0.67305, 0.285712, -0.498692, 0.328727, 0.485006]
[0.588697, 0.240963, -0.498916, 0.434501, 0.248351]
[0.326539, 0.466899, -0.499897, 0.467447, 0.10296]
[0.542361, 0.452512, -0.499735, 0.49616, 0.253435]
[0.294303, 0.441576, -0.499538, 0.333556, 0.241842]
[0.424272, 0.475598, -0.49908, 0.314871, 0.082925]
[0.287388, 0.238157, -0.499922, 0.364443, 0.0866]
[0.673692, 0.143102, -0.499134, 0.28054, 0.236365]
[0.473567, 0.412174, -0.49958, 0.259207, 0.399194]
[0.271941, 0.286823, -0.498546, 0.422497, 0.14752]
[0.360946, 0.162773, -0.499423, 0.284396, 0.295686]
[0.425323, 0.393782, -0.49958, 0.376858, 0.25553]
[0.472411, 0.32784, -0.499528, 0.279873, 0.356547]
[0.64057, 0.333453, -0.498499, 0.457934, 0.323332]
[0.496825, 0.139477, -0.498541, 0.478358, 0.428046]
[0.322721, 0.386476, -0.499716, 0.34523, 0.045362]
[0.442585, 0.460764, -0.499707, 0.355627, 0.34031]
[0.452342, 0.497512, -0.499248, 0.329632, 0.174829]
[0.530616, 0.457469, -0.498787, 0.320338, 0.412078]
[0.547696, 0.380447, -0.499505, 0.469888, 0.218168]
[0.386654, 0.16915, -0.498651, 0.34998, 0.336521]
[0.364337, 0.309307, -0.499645, 0.41355, 0.088804]
[0.652859, 0.259856, -0.498444, 0.475833, 0.398026]
[0.322468, 0.130092, -0.498705, 0.387716, 0.048812]
[0.561473, 0.356393, -0.499409, 0.309403, 0.145552]
[0.382708, 0.405377, -0.499878, 0.301533, 0.296288]
[0.641541, 0.481797, -0.499888, 0.461965, 0.430392]
[0.463113, 0.142449, -0.499499, 0.417015, 0.268977]
[0.283557, 0.38589, -0.49946, 0.233753, 0.395694]
[0.581869, 0.310956, -0.499644, 0.4639, 0.079117]
[0.364616, 0.27497, -0.498521, 0.303212, 0.17548]
[0.457136, 0.45221, -0.499536, 0.263464, 0.263067]
[0.429971, 0.11461, -0.498528, 0.412774, 0.492055]
[0.380232, 0.486333, -0.498408, 0.473007, 0.138964]
[0.309902, 0.187378, -0.499645, 0.378004, 0.031207]
[0.333896, 0.169519, -0.498409, 0.374487, 0.442524]
[0.60436, 0.191995, -0.499086, 0.431845, 0.201859]
[0.382578, 0.427471, -0.498499, 0.341394, 0.497331]
[0.437042, 0.406172, -0.498809, 0.36575, 0.178672]
[0.517639, 0.138057, -0.499479, 0.344976, 0.233526]
[0.420447, 0.421307, -0.49875, 0.364662, 0.308123]
[0.372465, 0.291484, -0.499452, 0.439977, 0.431527]
[0.295666, 0.446722, -0.499206, 0.360761, 0.115099]
[0.661561, 0.403093, -0.499284, 0.461775, 0.078073]
[0.543957, 0.487647, -0.499622, 0.291971, 0.359316]
[0.31049, 0.121167, -0.499829, 0.478626, 0.475302]
[0.51573, 0.336561, -0.499889, 0.471695, 0.253526]
[0.31955, 0.449586, -0.499471, 0.458308, 0.433899]
[0.338963, 0.32434, -0.498578, 0.471204, 0.386092]
[0.36131, 0.225339, -0.498678, 0.322141, 0.145939]
[0.396133, 0.299654, -0.499956, 0.239473, 0.302736]
[0.556541, 0.205887, -0.498605, 0.285848, 0.480421]
[0.405644, 0.286148, -0.499193, 0.379094, 0.208331]
[0.631844, 0.374331, -0.498485, 0.49347, 0.451921]
[0.460778, 0.330189, -0.499423, 0.464864, 0.466519]
[0.300952, 0.235341, -0.498525, 0.487306, 0.291262]
[0.599952, 0.354848, -0.499695, 0.415216, 0.445672]
[0.408137, 0.395688, -0.498481, 0.26608, 0.179942]
[0.62114, 0.263207, -0.499729, 0.374002, 0.425392]
[0.57656, 0.415246, -0.49987, 0.404515, 0.07719]
[0.2906, 0.286258, -0.499531, 0.451737, 0.070568]
[0.428305, 0.208087, -0.499306, 0.38239, 0.416166]
[0.561299, 0.488172, -0.499185, 0.255636, 0.325646]
[0.584279, 0.368151, -0.499579, 0.262554, 0.302893]
[0.336814, 0.425536, -0.498474, 0.227905, 0.069422]
[0.676624, 0.224223, -0.499803, 0.305153, 0.484842]
[0.336758, 0.44109, -0.498436, 0.343964, 0.440514]
[0.331715, 0.129133, -0.499904, 0.483559, 0.152865]
[0.67822, 0.307774, -0.499264, 0.46796, 0.253166]
[0.512463, 0.465467, -0.498686, 0.385146, 0.096212]
[0.438261, 0.422107, -0.499999, 0.254385, 0.340976]
[0.285346, 0.14389, -0.499997, 0.438519, 0.317152]
[0.315217, 0.419155, -0.498707, 0.247344, 0.451995]
[0.33362, 0.176538, -0.499466, 0.366574, 0.116881]
[0.420408, 0.387544, -0.499035, 0.272066, 0.480653]
[0.404302, 0.412851, -0.499262, 0.39023, 0.242003]
[0.641941, 0.256125, -0.499863, 0.430011, 0.382871]
[0.402239, 0.238846, -0.498603, 0.370078, 0.172247]
[0.281007, 0.38114, -0.499013, 0.400668, 0.418738]
[0.362414, 0.31571, -0.499016, 0.295963, 0.096962]
[0.528985, 0.131311, -0.499354, 0.233952, 0.378712]
[0.44519, 0.228539, -0.499266, 0.365149, 0.311277]
[0.457259, 0.475722, -0.498654, 0.331946, 0.38535]
[0.336618, 0.401941, -0.499502, 0.337393, 0.34162]
[0.648076, 0.419978, -0.498551, 0.450165, 0.448455]
[0.277601, 0.466886, -0.499884, 0.291286, 0.299015]
[0.635029, 0.483675, -0.498582, 0.449011, 0.159879]
[0.471215, 0.417053, -0.499617, 0.284994, 0.273805]
[0.384755, 0.254111, -0.499612, 0.258947, 0.301952]
[0.587907, 0.330194, -0.498484, 0.278189, 0.2935]
[0.512573, 0.118151, -0.498593, 0.385085, 0.408923]
[0.445764, 0.187492, -0.498768, 0.309022, 0.18725]
[0.33001, 0.190111, -0.499765, 0.268951, 0.317725]
[0.477179, 0.473906, -0.499357, 0.474956, 0.445612]
[0.426345, 0.126584, -0.499409, 0.435756, 0.070154]
[0.36231, 0.330527, -0.49922, 0.454655, 0.331716]
[0.272963, 0.23187, -0.49869, 0.459346, 0.494837]
[0.526983, 0.309863, -0.499047, 0.314442, 0.292054]
[0.512238, 0.290728, -0.498611, 0.27356, 0.17668]
[0.608839, 0.20704, -0.498939, 0.275996, 0.364151]
[0.337825, 0.141306, -0.498808, 0.381585, 0.42179]
[0.369046, 0.314336, -0.498548, 0.351373, 0.357492]
[0.484434, 0.27491, -0.498732, 0.34375, 0.289718]
[0.296726, 0.345523, -0.499906, 0.394582, 0.181387]
[0.451415, 0.492081, -0.49965, 0.451296, 0.077778]
[0.295831, 0.13043, -0.499127, 0.420617, 0.058126]
[0.637874, 0.196228, -0.499924, 0.293713, 0.194477]
[0.627958, 0.454357, -0.49906, 0.250649, 0.259193]
[0.575105, 0.327207, -0.499149, 0.437615, 0.025286]
[0.6328, 0.468637, -0.498687, 0.274871, 0.401201]
[0.49904, 0.34177, -0.498755, 0.303594, 0.126377]
[0.519456, 0.301102, -0.498674, 0.372195, 0.009894]
[0.39508, 0.48353, -0.498409, 0.36655, 0.191219]
[0.580247, 0.490094, -0.499385, 0.432518, 0.269266]
[0.582655, 0.360862, -0.498616, 0.237723, 0.171643]
[0.679766, 0.157384, -0.498778, 0.475975, 0.188363]
[0.50658, 0.34067, -0.499209, 0.252161, 0.170892]
[0.360065, 0.457809, -0.499276, 0.375222, 0.238291]
[0.569972, 0.153057, -0.499997, 0.473763, 0.475978]
[0.389679, 0.378329, -0.499152, 0.313751, 0.143514]
[0.52222, 0.266189, -0.499094, 0.391713, 0.255902]
[0.633683, 0.359169, -0.498839, 0.481259, 0.199024]
[0.625593, 0.186179, -0.498794, 0.262111, 0.390152]
[0.386601, 0.434422, -0.499808, 0.438302, 0.239796]
[0.400665, 0.408012, -0.498837, 0.316901, 0.431224]
[0.392657, 0.354503, -0.49897, 0.400814, 0.314707]
[0.433798, 0.399042, -0.49854, 0.394762, 0.127937]
[0.589192, 0.309984, -0.498737, 0.3366, 0.324503]
[0.57908, 0.405694, -0.499035, 0.3629, 0.482214]
[0.452932, 0.405555, -0.49895, 0.407933, 0.357561]
[0.46286, 0.340041, -0.498637, 0.415539, 0.419485]
[0.415751, 0.429085, -0.498912, 0.319201, 0.391112]
[0.412165, 0.34007, -0.499115, 0.307364, 0.402121]
[0.606327, 0.118668, -0.49946, 0.388241, 0.122502]
[0.383709, 0.448294, -0.498431, 0.481917, 0.150022]
[0.538621, 0.280862, -0.499948, 0.273449, 0.222735]
[0.370067, 0.425117, -0.499076, 0.467276, 0.205874]
[0.583256, 0.221714, -0.499254, 0.37253, 0.480207]
[0.554557, 0.169747, -0.499344, 0.252273, 0.110712]
[0.377236, 0.279369, -0.499639, 0.447454, 0.206828]
[0.569432, 0.205902, -0.49893, 0.397878, 0.37845]
[0.642796, 0.434303, -0.499953, 0.315782, 0.233453]
[0.532147, 0.363574, -0.498963, 0.465336, 0.33279]
[0.614406, 0.285489, -0.499419, 0.439922, 0.201496]
[0.550985, 0.411555, -0.498585, 0.289636, 0.285411]
[0.510414, 0.153206, -0.499982, 0.392643, 0.02779]
[0.50455, 0.353287, -0.499535, 0.267435, 0.001042]
[0.411755, 0.252032, -0.498991, 0.312274, 0.069255]
[0.489647, 0.372009, -0.499965, 0.298342, 0.050586]
[0.647177, 0.183436, -0.499966, 0.461977, 0.112196]
[0.297524, 0.154504, -0.498757, 0.319888, 0.270994]
[0.540253, 0.445736, -0.498553, 0.295973, 0.027114]
[0.384429, 0.127313, -0.498996, 0.356974, 0.293859]
[0.332077, 0.20086, -0.498684, 0.391511, 0.308364]
[0.322814, 0.398021, -0.499975, 0.421014, 0.27168]
[0.460639, 0.155654, -0.499097, 0.397633, 0.251774]
[0.409087, 0.378308, -0.498511, 0.468565, 0.202351]
[0.395165, 0.316904, -0.499764, 0.417045, 0.441814]
[0.334537, 0.14192, -0.498557, 0.360529, 0.030736]
[0.58714, 0.248325, -0.499207, 0.490945, 0.322116]
[0.491831, 0.291885, -0.499965, 0.380295, 0.196551]
[0.366628, 0.3951, -0.498907, 0.314375, 0.342971]
[0.614488, 0.381613, -0.499655, 0.364489, 0.344825]
[0.329422, 0.264078, -0.499003, 0.3908, 0.29008]
[0.67708, 0.342836, -0.499903, 0.284674, 0.108461]
[0.408903, 0.426713, -0.499202, 0.409345, 0.146903]
[0.305919, 0.284703, -0.499445, 0.268371, 0.348865]
[0.378803, 0.327351, -0.499756, 0.347772, 0.144775]
[0.439266, 0.214466, -0.498909, 0.479524, 0.088448]
[0.474417, 0.219816, -0.498489, 0.311965, 0.218588]
[0.463779, 0.199253, -0.499589, 0.480786, 0.111791]
[0.335576, 0.394582, -0.499483, 0.241858, 0.135989]
[0.506787, 0.138368, -0.498671, 0.240162, 0.495875]
[0.358686, 0.226606, -0.499432, 0.454491, 0.151867]
[0.497561, 0.299208, -0.499349, 0.495197, 0.01368]
[0.522487, 0.208445, -0.499674, 0.341258, 0.155298]
[0.283734, 0.162927, -0.498825, 0.34955, 0.057981]
[0.2848, 0.455613, -0.499665, 0.33415, 0.491054]
[0.651766, 0.398034, -0.498956, 0.348695, 0.267581]
[0.549313, 0.13204, -0.499355, 0.408115, 0.011936]
[0.44706, 0.446265, -0.499215, 0.39285, 0.412314]
[0.6681, 0.334723, -0.498606, 0.251323, 0.335132]
[0.44762, 0.366729, -0.499093, 0.480062, 0.004481]
[0.37509, 0.145354, -0.499862, 0.485173, 0.382638]
[0.560996, 0.213337, -0.498815, 0.327063, 0.417916]
[0.403583, 0.165971, -0.49983, 0.422921, 0.275811]
[0.523634, 0.468122, -0.499592, 0.460306, 0.271518]
[0.373215, 0.307252, -0.499051, 0.248001, 0.369147]
[0.586368, 0.346596, -0.499118, 0.492951, 0.39535]
[0.484058, 0.470563, -0.499332, 0.294331, 0.341815]
[0.455092, 0.254977, -0.498756, 0.371022, 0.321065]
[0.340892, 0.145145, -0.499542, 0.351914, 0.042419]
[0.636112, 0.152227, -0.498921, 0.432015, 0.28921]
[0.331234, 0.364748, -0.498732, 0.442875, 0.461768]
[0.30742, 0.145345, -0.498846, 0.33887, 0.031779]
[0.452292, 0.166313, -0.49941, 0.423746, 0.317841]
[0.564493, 0.405904, -0.499701, 0.39365, 0.332879]
[0.46344, 0.277128, -0.499464, 0.368802, 0.480328]
[0.666887, 0.358764, -0.498476, 0.323739, 0.433116]
[0.486978, 0.308623, -0.499345, 0.444281, 0.202622]
[0.351501, 0.151951, -0.499151, 0.291795, 0.045271]
[0.306691, 0.185532, -0.499409, 0.327531, 0.357886]
[0.399423, 0.124167, -0.499131, 0.4488, 0.474242]
[0.591515, 0.136466, -0.499452, 0.486293, 0.337329]
[0.34496, 0.399168, -0.499964, 0.464608, 0.198106]
[0.421663, 0.359664, -0.498482, 0.395333, 0.45164]
[0.281276, 0.203738, -0.499773, 0.26261, 0.071063]
[0.64148, 0.336809, -0.499961, 0.427342, 0.208985]
[0.624844, 0.250903, -0.499658, 0.407931, 0.07565]
[0.338453, 0.33401, -0.498648, 0.477359, 0.194914]
[0.564111, 0.296829, -0.499876, 0.272975, 0.027019]
[0.362207, 0.360423, -0.499925, 0.493912, 0.099746]
[0.577122, 0.300925, -0.499592, 0.304264, 0.01694]
[0.560518, 0.47991, -0.499788, 0.2647, 0.029473]
[0.323985, 0.294473, -0.498962, 0.230782, 0.120702]
[0.537804, 0.259529, -0.498869, 0.38863, 0.059844]
[0.544748, 0.182684, -0.498804, 0.384285, 0.372028]
[0.55457, 0.116711, -0.499576, 0.265932, 0.119909]
[0.340833, 0.140153, -0.49999, 0.25812, 0.231883]
[0.339907, 0.163875, -0.499351, 0.228149, 0.18263]
[0.673655, 0.435488, -0.498486, 0.29253, 0.105712]
[0.675999, 0.204266, -0.499414, 0.349961, 0.445752]
[0.673387, 0.151508, -0.498881, 0.343256, 0.069832]
[0.453907, 0.203533, -0.499266, 0.447646, 0.236723]
[0.301706, 0.361889, -0.49868, 0.24658, 0.162425]
[0.642102, 0.351678, -0.498909, 0.362898, 0.025259]
[0.453837, 0.387705, -0.499399, 0.452279, 0.255631]
[0.645366, 0.443542, -0.499382, 0.322298, 0.297098]
[0.576184, 0.128977, -0.49892, 0.305243, 0.279169]
[0.655427, 0.378786, -0.499463, 0.415975, 0.490877]
[0.552374, 0.328831, -0.498661, 0.367928, 0.280749]
[0.336961, 0.491656, -0.499402, 0.474186, 0.477381]
[0.367062, 0.252835, -0.499695, 0.461311, 0.040289]
[0.34694, 0.237013, -0.49917, 0.41348, 0.489912]
[0.550541, 0.187903, -0.499174, 0.303713, 0.054006]
[0.389125, 0.439742, -0.499841, 0.322619, 0.363655]
[0.604446, 0.24147, -0.498507, 0.491673, 0.122219]
[0.461455, 0.148618, -0.498893, 0.329152, 0.476957]
[0.350598, 0.459913, -0.499193, 0.463061, 0.352008]
[0.653463, 0.233411, -0.499135, 0.254704, 0.389948]
[0.490905, 0.16485, -0.499475, 0.286193, 0.38856]
[0.296297, 0.423439, -0.499053, 0.346121, 0.413751]
[0.567306, 0.371191, -0.498722, 0.404691, 0.000409]
[0.399506, 0.238338, -0.499803, 0.339314, 0.015119]
[0.320009, 0.450138, -0.498962, 0.439608, 0.42456]
[0.572254, 0.351451, -0.499221, 0.456399, 0.052923]
[0.599488, 0.308713, -0.499132, 0.430936, 0.07587]
[0.426565, 0.407878, -0.498882, 0.289079, 0.319833]
[0.291028, 0.418715, -0.499178, 0.368332, 0.178641]
[0.269924, 0.341234, -0.498625, 0.263283, 0.453892]
[0.502781, 0.22207, -0.498875, 0.359155, 0.044361]
[0.522156, 0.268697, -0.499135, 0.263289, 0.258895]
[0.323822, 0.488669, -0.499221, 0.383206, 0.11005]
[0.470427, 0.114148, -0.499688, 0.318105, 0.053281]
[0.510064, 0.37778, -0.499945, 0.46289, 0.033221]
[0.599983, 0.291419, -0.499931, 0.242475, 0.427195]
[0.483334, 0.26803, -0.498649, 0.403782, 0.358183]
[0.367086, 0.125096, -0.499591, 0.341766, 0.010338]
[0.637911, 0.352787, -0.499547, 0.284569, 0.42867]
[0.513807, 0.393768, -0.499435, 0.387165, 0.128879]
[0.329231, 0.157663, -0.499171, 0.241866, 0.34704]
[0.587287, 0.237863, -0.498562, 0.293264, 0.476101]
[0.279378, 0.37837, -0.499023, 0.374361, 0.201274]
[0.538529, 0.113972, -0.499621, 0.279779, 0.14039]
[0.583279, 0.136383, -0.498807, 0.255356, 0.383445]
[0.405895, 0.403445, -0.498655, 0.306535, 0.231812]
[0.469232, 0.297032, -0.499559, 0.472197, 0.392795]
[0.513582, 0.472724, -0.499089, 0.230186, 0.023704]
[0.324766, 0.233238, -0.499207, 0.285999, 0.069126]
[0.416734, 0.281895, -0.499935, 0.464663, 0.355245]
[0.461634, 0.253323, -0.498596, 0.466002, 0.167583]
[0.587756, 0.404245, -0.498937, 0.259226, 0.378993]
[0.433781, 0.321037, -0.499211, 0.272189, 0.303598]
[0.503572, 0.367333, -0.498879, 0.260699, 0.284497]
[0.389152, 0.121609, -0.49971, 0.441916, 0.007929]
[0.590085, 0.431367, -0.499339, 0.407245, 0.02476]
[0.361502, 0.114714, -0.499958, 0.390827, 0.407246]
[0.643029, 0.178599, -0.49889, 0.242318, 0.206484]
[0.562818, 0.465038, -0.499478, 0.327146, 0.017674]
[0.482429, 0.476573, -0.499969, 0.328105, 0.031223]
[0.557085, 0.373444, -0.499262, 0.451368, 0.062557]
[0.272958, 0.413956, -0.499908, 0.422809, 0.017201]
[0.553668, 0.228381, -0.498531, 0.332749, 0.037922]
[0.601561, 0.299591, -0.499345, 0.321864, 0.260109]
[0.584927, 0.376628, -0.498809, 0.362745, 0.448793]
[0.343714, 0.167085, -0.499845, 0.247823, 0.255512]
[0.528119, 0.482451, -0.499556, 0.255523, 0.124134]
[0.311898, 0.334679, -0.499931, 0.474077, 0.329934]
[0.381845, 0.365826, -0.499804, 0.474211, 0.058707]
[0.507092, 0.470911, -0.49908, 0.276556, 0.121852]
[0.394691, 0.212501, -0.49939, 0.382141, 0.495968]
[0.532502, 0.315367, -0.498969, 0.348972, 0.306031]
[0.372514, 0.244311, -0.499257, 0.282765, 0.467412]
[0.358058, 0.230975, -0.499972, 0.240337, 0.402184]
[0.517562, 0.235956, -0.499599, 0.349121, 0.224353]
[0.347442, 0.433609, -0.499287, 0.378409, 0.166138]
[0.605161, 0.30383, -0.499015, 0.480049, 0.00981]
[0.399449, 0.332662, -0.499514, 0.373192, 0.091391]
[0.61711, 0.209764, -0.499197, 0.268717, 0.41265]
[0.617709, 0.461728, -0.498956, 0.248373, 0.213944]
[0.411577, 0.26426, -0.498623, 0.234021, 0.116234]
[0.467756, 0.32184, -0.498833, 0.481204, 0.205413]
[0.628371, 0.337767, -0.498465, 0.277425, 0.341163]
[0.316349, 0.124164, -0.499691, 0.248371, 0.142342]
[0.605592, 0.36664, -0.499017, 0.442544, 0.032042]
[0.668537, 0.18918, -0.498758, 0.441569, 0.4545]
[0.518836, 0.387934, -0.499234, 0.359433, 0.027967]
[0.373529, 0.2232, -0.499428, 0.357341, 0.29328]
[0.322621, 0.176179, -0.49919, 0.404792, 0.078609]
[0.60142, 0.488972, -0.498708, 0.369437, 0.442654]
[0.619377, 0.1365, -0.499893, 0.360692, 0.195882]
[0.347194, 0.176142, -0.499252, 0.476568, 0.250389]
[0.437662, 0.452053, -0.498972, 0.243924, 0.400707]
[0.654503, 0.427373, -0.499785, 0.314776, 0.170795]
[0.498611, 0.334864, -0.499402, 0.488214, 0.250038]
[0.390133, 0.128588, -0.499258, 0.348789, 0.063535]
[0.635108, 0.381889, -0.499711, 0.436303, 0.139715]
[0.478331, 0.361304, -0.499755, 0.292566, 0.320239]
[0.367091, 0.404622, -0.498566, 0.341482, 0.065555]
[0.455402, 0.4288, -0.499031, 0.428714, 0.067441]
[0.659291, 0.173696, -0.49881, 0.22832, 0.348807]
[0.377178, 0.255255, -0.498607, 0.427752, 0.464698]
[0.432058, 0.125827, -0.499911, 0.230604, 0.225085]
[0.410838, 0.462101, -0.499129, 0.295634, 0.116268]
[0.62571, 0.423816, -0.498843, 0.399498, 0.355872]
[0.646798, 0.463766, -0.498577, 0.38005, 0.445779]
[0.541305, 0.17628, -0.499935, 0.257794, 0.428801]
[0.41494, 0.254311, -0.499083, 0.368136, 0.120163]
[0.65944, 0.45616, -0.49844, 0.269332, 0.201463]
[0.615747, 0.141088, -0.498997, 0.268967, 0.44626]
[0.358129, 0.488158, -0.499773, 0.289019, 0.336021]
[0.470464, 0.200153, -0.499492, 0.244757, 0.356621]
[0.478364, 0.136885, -0.498752, 0.492699, 0.292473]
[0.361887, 0.279293, -0.498646, 0.366873, 0.262857]
[0.678839, 0.162313, -0.499872, 0.353215, 0.31162]
[0.531755, 0.167247, -0.499403, 0.490995, 0.480668]
[0.508427, 0.458114, -0.498938, 0.353553, 0.05666]
[0.513998, 0.254055, -0.498853, 0.455609, 0.099014]
[0.638355, 0.2029, -0.498417, 0.277415, 0.129969]
[0.433346, 0.113985, -0.499065, 0.463785, 0.055208]
[0.283765, 0.289736, -0.498496, 0.359518, 0.201192]
[0.652305, 0.139594, -0.498673, 0.442841, 0.206298]
[0.635858, 0.463973, -0.499173, 0.230705, 0.366566]
[0.440681, 0.300997, -0.498476, 0.3029, 0.19777]
[0.48856, 0.411981, -0.498641, 0.415928, 0.49568]
[0.421887, 0.430031, -0.499739, 0.491973, 0.001344]
[0.340846, 0.490447, -0.498762, 0.227331, 0.424025]
[0.526369, 0.37588, -0.499159, 0.463861, 0.412489]
[0.329912, 0.317453, -0.498489, 0.340736, 0.028791]
[0.490064, 0.316111, -0.499572, 0.2814, 0.374823]
[0.411452, 0.239656, -0.498967, 0.364708, 0.034663]
[0.588865, 0.483703, -0.498531, 0.235101, 0.256673]
[0.308007, 0.210338, -0.499925, 0.458399, 0.368417]
[0.4652, 0.192305, -0.49947, 0.238053, 0.200718]
[0.595366, 0.308675, -0.498558, 0.430355, 0.374116]
[0.40981, 0.16247, -0.499179, 0.489577, 0.087904]
[0.52205, 0.492296, -0.499901, 0.231176, 0.126663]
[0.586586, 0.396466, -0.498513, 0.310813, 0.330298]
[0.489886, 0.202483, -0.498832, 0.269471, 0.462757]
[0.379136, 0.112123, -0.499383, 0.389504, 0.449759]
[0.400007, 0.224623, -0.499974, 0.309927, 0.447282]
[0.618178, 0.413619, -0.498935, 0.229566, 0.414783]
[0.586631, 0.32865, -0.499728, 0.461403, 0.126608]
[0.296967, 0.212867, -0.499688, 0.273811, 0.028347]
[0.648934, 0.18992, -0.498499, 0.308565, 0.295288]
[0.602858, 0.183923, -0.499414, 0.427215, 0.136422]
[0.679085, 0.203722, -0.498646, 0.430172, 0.024532]
[0.671277, 0.464456, -0.499064, 0.430029, 0.034773]
[0.483698, 0.428303, -0.499802, 0.257739, 0.453663]
[0.444806, 0.225877, -0.499068, 0.327144, 0.304677]
[0.495167, 0.179018, -0.498938, 0.340654, 0.100683]
[0.404956, 0.408948, -0.499204, 0.368263, 0.339336]
[0.475496, 0.225552, -0.498861, 0.334061, 0.298885]
[0.484186, 0.489257, -0.498739, 0.482335, 0.185311]
[0.384483, 0.118758, -0.498476, 0.465587, 0.269222]
[0.280138, 0.273008, -0.499858, 0.238134, 0.246003]
[0.632537, 0.225037, -0.498822, 0.301707, 0.056404]
[0.310591, 0.366348, -0.499842, 0.350954, 0.150642]
[0.421619, 0.274796, -0.499439, 0.386809, 0.431658]
[0.509425, 0.182401, -0.498769, 0.360377, 0.127868]
[0.610017, 0.11385, -0.498589, 0.484884, 0.146751]
[0.484873, 0.368614, -0.49948, 0.427484, 0.378934]
[0.511769, 0.486038, -0.499722, 0.291615, 0.240142]
[0.354972, 0.317672, -0.499105, 0.370001, 0.03369]
[0.668125, 0.452765, -0.499623, 0.449843, 0.327948]
[0.539271, 0.240001, -0.499053, 0.478316, 0.425461]
[0.40223, 0.189174, -0.499035, 0.45709, 0.241055]
[0.520712, 0.215011, -0.499862, 0.398988, 0.042619]
[0.513115, 0.42537, -0.499523, 0.336538, 0.200208]
[0.67862, 0.23918, -0.499182, 0.312508, 0.093986]
[0.384628, 0.240405, -0.498467, 0.247488, 0.453508]
[0.343325, 0.449689, -0.49988, 0.488295, 0.385033]
[0.344604, 0.367743, -0.499679, 0.3186, 0.207236]
[0.661742, 0.327315, -0.498633, 0.44067, 0.275489]
[0.488925, 0.196235, -0.499283, 0.414487, 0.168658]
[0.378484, 0.478392, -0.498775, 0.285694, 0.04136]
[0.338648, 0.380426, -0.498684, 0.373124, 0.386443]
[0.437206, 0.159112, -0.498501, 0.337292, 0.406629]
[0.509496, 0.405244, -0.49872, 0.344552, 0.029481]
[0.587096, 0.227838, -0.498429, 0.41309, 0.470955]
[0.590921, 0.161183, -0.499225, 0.228677, 0.280708]
[0.354174, 0.190481, -0.499178, 0.34427, 0.481105]
[0.632492, 0.133884, -0.499184, 0.415196, 0.024991]
[0.362113, 0.163817, -0.49967, 0.311142, 0.344902]
[0.617551, 0.294958, -0.499709, 0.494264, 0.153905]
[0.607845, 0.305707, -0.499209, 0.440602, 0.44943]
[0.34683, 0.3194, -0.499696, 0.346764, 0.356765]
[0.389022, 0.164623, -0.499669, 0.452367, 0.163813]
[0.314442, 0.386863, -0.499763, 0.336037, 0.25315]
[0.401801, 0.322146, -0.498828, 0.445624, 0.081064]
[0.328151, 0.311164, -0.498509, 0.463893, 0.413298]
[0.455134, 0.225699, -0.499269, 0.234626, 0.306073]
[0.281302, 0.244472, -0.499297, 0.407386, 0.493044]
[0.399235, 0.224915, -0.499611, 0.469917, 0.220555]
[0.415781, 0.196917, -0.49842, 0.232289, 0.130495]
[0.362752, 0.250634, -0.499891, 0.248499, 0.147814]
[0.32665, 0.210452, -0.49899, 0.42161, 0.194428]
[0.459026, 0.234703, -0.499739, 0.28788, 0.083044]
[0.399175, 0.403387, -0.498661, 0.370954, 0.291787]
[0.542912, 0.210323, -0.499058, 0.306616, 0.441691]
[0.52854, 0.288516, -0.499283, 0.307552, 0.228672]
[0.446643, 0.33845, -0.499616, 0.356697, 0.214944]
[0.424972, 0.171103, -0.498719, 0.461277, 0.105086]
[0.450122, 0.250851, -0.498473, 0.392162, 0.065755]
[0.391196, 0.434152, -0.499676, 0.475914, 0.392187]
[0.660898, 0.225648, -0.499369, 0.422408, 0.19918]
[0.525381, 0.375705, -0.498568, 0.442416, 0.156336]
[0.460223, 0.209084, -0.498663, 0.349279, 0.462222]
[0.303958, 0.123179, -0.498688, 0.394471, 0.100084]
[0.323949, 0.423963, -0.498411, 0.335081, 0.260922]
[0.506525, 0.397661, -0.499932, 0.300365, 0.279664]
[0.386326, 0.172096, -0.499686, 0.414671, 0.305739]
[0.515241, 0.325403, -0.499278, 0.487192, 0.280617]
[0.464294, 0.242734, -0.499971, 0.36516, 0.240601]
[0.571524, 0.1887, -0.499399, 0.389708, 0.336435]
[0.538452, 0.420651, -0.499428, 0.295422, 0.351787]
[0.514884, 0.372141, -0.499628, 0.234569, 0.042781]
[0.504226, 0.350608, -0.49999, 0.399298, 0.079187]
[0.391479, 0.36134, -0.498789, 0.301624, 0.268528]
[0.458576, 0.182173, -0.499671, 0.494904, 0.110396]
[0.513171, 0.498098, -0.49971, 0.328366, 0.366922]
[0.668588, 0.247594, -0.49898, 0.49256, 0.431264]
[0.539802, 0.165306, -0.498634, 0.493025, 0.418729]
[0.426396, 0.259879, -0.499753, 0.39713, 0.089894]
[0.563966, 0.288539, -0.498885, 0.291788, 0.140725]
[0.534818, 0.130863, -0.499753, 0.228772, 0.056689]
[0.526652, 0.396793, -0.499996, 0.276538, 0.067351]
[0.53664, 0.261265, -0.499961, 0.372204, 0.093488]
[0.446892, 0.203087, -0.499868, 0.39558, 0.234712]
[0.345901, 0.154792, -0.499349, 0.326153, 0.090676]
[0.528351, 0.328492, -0.498654, 0.456574, 0.309457]
[0.468134, 0.357252, -0.498514, 0.333507, 0.278541]
[0.271231, 0.333081, -0.499258, 0.298479, 0.022757]
[0.439318, 0.470392, -0.499186, 0.265443, 0.151463]
[0.474904, 0.138968, -0.498713, 0.269863, 0.257845]
[0.502038, 0.218626, -0.498651, 0.363191, 0.231873]
[0.27281, 0.220766, -0.499419, 0.463428, 0.35556]
[0.368641, 0.45574, -0.499051, 0.301571, 0.005368]
[0.62404, 0.149848, -0.498559, 0.435448, 0.426336]
[0.278084, 0.166048, -0.49976, 0.492068, 0.25895]
[0.28284, 0.175537, -0.499646, 0.373447, 0.189332]
[0.609211, 0.316949, -0.499776, 0.319933, 0.002139]
[0.625961, 0.490319, -0.499121, 0.239067, 0.057089]
[0.443423, 0.199438, -0.499617, 0.460804, 0.049569]
[0.649799, 0.32597, -0.498643, 0.476637, 0.013625]
[0.668468, 0.115697, -0.499157, 0.320332, 0.3827]
[0.282954, 0.335827, -0.499712, 0.49531, 0.449895]
[0.297125, 0.414352, -0.499881, 0.3464, 0.138318]
[0.299353, 0.411025, -0.499204, 0.324566, 0.368332]
[0.498792, 0.295089, -0.499317, 0.396859, 0.486678]
[0.483333, 0.112041, -0.499476, 0.382731, 0.186613]
[0.306304, 0.171669, -0.498651, 0.475281, 0.358686]
[0.340316, 0.176282, -0.499783, 0.439962, 0.143816]
[0.496707, 0.236718, -0.499647, 0.227834, 0.001622]
[0.373914, 0.338212, -0.499276, 0.228324, 0.097997]
[0.299558, 0.163136, -0.498674, 0.360516, 0.453634]
[0.530037, 0.122477, -0.498698, 0.36877, 0.01248]
[0.335616, 0.427328, -0.498838, 0.475412, 0.294366]
[0.269178, 0.480594, -0.499277, 0.396651, 0.347563]
[0.457478, 0.43475, -0.499983, 0.392116, 0.071332]
[0.603104, 0.461547, -0.499202, 0.416145, 0.427019]
[0.328429, 0.337517, -0.49948, 0.283833, 0.155527]
[0.433713, 0.419126, -0.499394, 0.347687, 0.109361]
[0.47193, 0.460419, -0.499349, 0.419626, 0.039985]
[0.347971, 0.350202, -0.499456, 0.287446, 0.072184]
[0.634775, 0.18072, -0.498485, 0.463198, 0.300764]
[0.645922, 0.195305, -0.499939, 0.386828, 0.385708]
[0.634936, 0.209853, -0.498975, 0.389806, 0.298154]
[0.570777, 0.239837, -0.499098, 0.310393, 0.476215]
[0.29822, 0.478692, -0.498511, 0.328654, 0.123564]
[0.484229, 0.482221, -0.498935, 0.410803, 0.221753]
[0.531599, 0.434598, -0.499285, 0.466486, 0.26038]
[0.509558, 0.272458, -0.499401, 0.368413, 0.139443]
[0.412308, 0.457324, -0.499712, 0.412062, 0.232715]
[0.614298, 0.455513, -0.499353, 0.363959, 0.086258]
[0.35989, 0.208102, -0.499583, 0.275792, 0.211041]
[0.351432, 0.185288, -0.49951, 0.332955, 0.217165]
[0.584004, 0.405465, -0.498802, 0.279228, 0.178719]
[0.575768, 0.318393, -0.499652, 0.277984, 0.488331]
[0.50011, 0.466236, -0.498797, 0.283253, 0.114482]
[0.33606, 0.374521, -0.499731, 0.239947, 0.381941]
[0.342826, 0.189908, -0.499952, 0.435347, 0.371594]
[0.323873, 0.464764, -0.498661, 0.245992, 0.378154]
[0.649377, 0.399653, -0.498841, 0.494761, 0.316642]
[0.29894, 0.322723, -0.499976, 0.481636, 0.07017]
[0.611096, 0.351993, -0.498739, 0.273973, 0.346087]
[0.577076, 0.492332, -0.49967, 0.362564, 0.248839]
[0.596379, 0.282635, -0.49939, 0.26451, 0.13028]
[0.466752, 0.45777, -0.499618, 0.237458, 0.272852]
[0.665983, 0.466648, -0.49907, 0.421137, 0.168855]
[0.343135, 0.153843, -0.499882, 0.25672, 0.430942]
[0.281164, 0.15734, -0.499847, 0.30707, 0.063127]
[0.387678, 0.206021, -0.499146, 0.272737, 0.188828]
[0.290407, 0.474335, -0.498975, 0.494455, 0.027263]
[0.52009, 0.224786, -0.498466, 0.447704, 0.121788]
[0.466528, 0.348968, -0.499021, 0.436718, 0.330454]
[0.454005, 0.114137, -0.499313, 0.373212, 0.407804]
[0.283609, 0.337048, -0.499233, 0.494048, 0.298827]
[0.44532, 0.340525, -0.499454, 0.315974, 0.325619]
[0.356963, 0.26098, -0.498919, 0.403507, 0.046813]
[0.675905, 0.267665, -0.498542, 0.487916, 0.307916]
[0.273827, 0.308706, -0.498484, 0.318458, 0.298337]
[0.344534, 0.230647, -0.49888, 0.293904, 0.223693]
[0.301382, 0.261734, -0.499589, 0.261114, 0.264869]
[0.626979, 0.156112, -0.498569, 0.296433, 0.252893]
[0.518814, 0.469599, -0.499875, 0.250793, 0.382188]
[0.429351, 0.142617, -0.498455, 0.26845, 0.241922]
[0.537148, 0.166302, -0.499022, 0.473761, 0.042374]
[0.278158, 0.419582, -0.499775, 0.466195, 0.072294]
[0.348166, 0.488353, -0.498742, 0.432253, 0.213624]
[0.533166, 0.201374, -0.499362, 0.292522, 0.015837]
[0.551611, 0.397384, -0.499376, 0.429776, 0.162322]
[0.31239, 0.339767, -0.498583, 0.3127, 0.240992]
[0.285236, 0.155614, -0.498663, 0.462379, 0.362641]
[0.644912, 0.156091, -0.498429, 0.369002, 0.364191]
[0.285194, 0.131912, -0.498782, 0.240493, 0.372955]
[0.590933, 0.498221, -0.498917, 0.275027, 0.239384]
[0.401116, 0.452256, -0.499418, 0.259049, 0.268267]
[0.596357, 0.232706, -0.498652, 0.369378, 0.425181]
[0.511316, 0.32819, -0.499973, 0.26871, 0.320521]
[0.401656, 0.445781, -0.498654, 0.45, 0.053692]
[0.514936, 0.21542, -0.499547, 0.416872, 0.030031]
[0.475061, 0.289493, -0.49955, 0.373538, 0.344558]
[0.282015, 0.286306, -0.499856, 0.279681, 0.002116]
[0.593737, 0.319756, -0.499826, 0.262621, 0.183608]
[0.510497, 0.214837, -0.498633, 0.342097, 0.171476]
[0.316516, 0.124575, -0.499429, 0.326684, 0.294131]
[0.301477, 0.362223, -0.499925, 0.486311, 0.408697]
[0.669623, 0.294019, -0.499611, 0.413714, 0.368408]
[0.282078, 0.392722, -0.499871, 0.315244, 0.221457]
[0.454221, 0.130202, -0.498697, 0.406374, 0.277748]
[0.269522, 0.353341, -0.498903, 0.487816, 0.023051]
[0.273048, 0.418552, -0.498724, 0.466328, 0.019755]
[0.391608, 0.37692, -0.499229, 0.28434, 0.156281]
[0.616652, 0.113814, -0.499624, 0.457573, 0.27568]
[0.419056, 0.498178, -0.498868, 0.299377, 0.031253]
[0.639579, 0.238381, -0.49974, 0.253672, 0.195787]
[0.45945, 0.323506, -0.499854, 0.28724, 0.148861]
[0.519367, 0.180584, -0.499361, 0.410794, 0.024564]
[0.658811, 0.163104, -0.498712, 0.470936, 0.164906]
[0.40219, 0.403141, -0.498579, 0.313818, 0.126725]
[0.582806, 0.374486, -0.498549, 0.407961, 0.07139]
[0.376573, 0.173333, -0.499519, 0.40837, 0.198748]
[0.435065, 0.260216, -0.498836, 0.229955, 0.125795]
[0.483964, 0.41462, -0.49908, 0.370892, 0.257286]
[0.367887, 0.166592, -0.499933, 0.270932, 0.20841]
[0.368327, 0.448919, -0.499602, 0.409001, 0.26647]
[0.303443, 0.4737, -0.498635, 0.374536, 0.052896]
[0.595529, 0.169347, -0.499965, 0.233527, 0.200465]
[0.335697, 0.299387, -0.499269, 0.430232, 0.445385]
[0.437349, 0.351311, -0.499025, 0.347599, 0.176872]
[0.440178, 0.132346, -0.499721, 0.338372, 0.163687]
[0.628088, 0.354343, -0.499589, 0.299435, 0.37233]
[0.511035, 0.414363, -0.499499, 0.2427, 0.497909]
[0.635903, 0.291284, -0.499678, 0.271275, 0.352752]
[0.492782, 0.299644, -0.499825, 0.252207, 0.400057]
[0.678123, 0.14497, -0.499234, 0.307898, 0.291632]
[0.673862, 0.225146, -0.499842, 0.431624, 0.237653]
[0.528713, 0.222544, -0.499776, 0.30513, 0.030341]
[0.676127, 0.173937, -0.498502, 0.289073, 0.371005]
[0.367677, 0.195629, -0.498786, 0.327211, 0.199206]
[0.33208, 0.347245, -0.498704, 0.281831, 0.493208]
[0.371224, 0.456371, -0.499987, 0.321899, 0.137156]
[0.596296, 0.204324, -0.498798, 0.421163, 0.018341]
[0.473311, 0.296421, -0.498512, 0.381125, 0.491074]
[0.464283, 0.344051, -0.499038, 0.310911, 0.129125]
[0.593544, 0.255335, -0.499957, 0.310621, 0.165738]
[0.437154, 0.160166, -0.498697, 0.312204, 0.303458]
[0.273667, 0.223494, -0.499099, 0.448815, 0.108842]
[0.376289, 0.178317, -0.499917, 0.290102, 0.337523]
[0.525158, 0.476847, -0.49891, 0.310976, 0.065484]
[0.29607, 0.491733, -0.498553, 0.265196, 0.001778]
[0.486288, 0.263393, -0.49859, 0.337619, 0.239683]
[0.563788, 0.182743, -0.498946, 0.385571, 0.003126]
[0.286208, 0.426671, -0.499157, 0.290362, 0.301972]
[0.322074, 0.396884, -0.499103, 0.274036, 0.458933]
[0.64168, 0.453617, -0.499985, 0.300549, 0.031459]
[0.571039, 0.36908, -0.499239, 0.318534, 0.285785]
[0.383082, 0.450658, -0.498451, 0.441011, 0.025251]
[0.420234, 0.195357, -0.498883, 0.468931, 0.397356]
[0.424618, 0.424445, -0.498676, 0.468455, 0.275816]
[0.497825, 0.482756, -0.499673, 0.417774, 0.298642]
[0.313068, 0.286185, -0.499114, 0.400398, 0.212978]
[0.640218, 0.174968, -0.499977, 0.264094, 0.208843]
[0.469466, 0.318355, -0.499259, 0.427665, 0.393272]
[0.483446, 0.279153, -0.499041, 0.389967, 0.408905]
[0.653601, 0.355331, -0.498693, 0.467223, 0.086126]
[0.52858, 0.231352, -0.499548, 0.348895, 0.448016]
[0.430202, 0.230251, -0.49875, 0.439477, 0.019506]
[0.525721, 0.255076, -0.499794, 0.460454, 0.232172]
[0.455299, 0.153766, -0.49916, 0.431866, 0.268813]
[0.534092, 0.307644, -0.498411, 0.494289, 0.408232]
[0.282079, 0.397442, -0.499703, 0.279273, 0.104851]
[0.325413, 0.440227, -0.499448, 0.350485, 0.470946]
[0.31469, 0.494988, -0.498654, 0.348617, 0.214078]
[0.450839, 0.324738, -0.499659, 0.359073, 0.172874]
[0.285341, 0.185294, -0.499668, 0.321057, 0.134829]
[0.485272, 0.483128, -0.498738, 0.231952, 0.077036]
[0.415807, 0.128853, -0.498964, 0.228337, 0.077098]
[0.350543, 0.360913, -0.499871, 0.499398, 0.341095]
[0.278004, 0.487702, -0.499919, 0.395673, 0.309265]
[0.553158, 0.440833, -0.499348, 0.376162, 0.349503]
[0.521213, 0.423341, -0.499402, 0.261954, 0.345628]
[0.310196, 0.124043, -0.499974, 0.281507, 0.498953]
[0.648908, 0.332894, -0.498661, 0.473347, 0.386602]
[0.620029, 0.145825, -0.498898, 0.371902, 0.390435]
[0.605338, 0.172715, -0.498998, 0.3293, 0.030217]
[0.631019, 0.155834, -0.4999, 0.230015, 0.226154]
[0.318407, 0.187716, -0.499375, 0.367808, 0.126033]
[0.610403, 0.146169, -0.499306, 0.35054, 0.440385]
[0.571679, 0.111467, -0.499857, 0.298694, 0.139928]
[0.655401, 0.262339, -0.498773, 0.413557, 0.171112]
[0.671459, 0.193042, -0.498499, 0.267901, 0.310644]
[0.390988, 0.300526, -0.499601, 0.308301, 0.292635]
[0.677989, 0.151002, -0.499278, 0.434416, 0.367798]
[0.578763, 0.336576, -0.499721, 0.467229, 0.420785]
[0.636733, 0.205872, -0.499844, 0.348847, 0.150278]
[0.399917, 0.418065, -0.499941, 0.32885, 0.350878]
[0.415408, 0.370223, -0.499261, 0.465954, 0.287811]
[0.359626, 0.289862, -0.49872, 0.468689, 0.383812]
[0.608917, 0.148173, -0.499159, 0.364525, 0.127008]
[0.599719, 0.226384, -0.498965, 0.301839, 0.337293]
[0.615712, 0.184876, -0.499435, 0.469563, 0.493577]
[0.556349, 0.234687, -0.499399, 0.305051, 0.322607]
[0.271391, 0.298216, -0.499565, 0.404332, 0.488488]
[0.297342, 0.139661, -0.498983, 0.408361, 0.42837]
[0.508886, 0.242406, -0.499505, 0.247466, 0.211624]
[0.34603, 0.425149, -0.498419, 0.441369, 0.164018]
[0.588618, 0.293962, -0.499497, 0.386011, 0.062492]
[0.591168, 0.312148, -0.498798, 0.464835, 0.302909]
[0.269266, 0.254963, -0.499476, 0.469943, 0.227021]
[0.50407, 0.280955, -0.49877, 0.484295, 0.394878]
[0.472444, 0.431269, -0.499527, 0.325317, 0.402152]
[0.355386, 0.426595, -0.498958, 0.417864, 0.262488]
[0.306423, 0.169129, -0.499224, 0.458845, 0.004585]
[0.42647, 0.357552, -0.498497, 0.472074, 0.237512]
[0.574162, 0.423287, -0.499714, 0.399864, 0.17874]
[0.403672, 0.443572, -0.499389, 0.318831, 0.119653]
[0.348429, 0.236458, -0.499338, 0.365482, 0.107075]
[0.653817, 0.323367, -0.498999, 0.306367, 0.196222]
[0.269025, 0.323636, -0.498488, 0.227386, 0.224821]
[0.326939, 0.40783, -0.498664, 0.257622, 0.030674]
[0.605199, 0.389835, -0.498855, 0.430157, 0.106216]
[0.592304, 0.215318, -0.49919, 0.368702, 0.440218]
[0.390615, 0.121332, -0.499759, 0.411622, 0.24729]
[0.319188, 0.30907, -0.498756, 0.30016, 0.37427]
[0.428486, 0.475589, -0.499351, 0.411592, 0.361179]
[0.27915, 0.385503, -0.499814, 0.456911, 0.073551]
[0.365807, 0.464086, -0.499815, 0.255178, 0.222011]
[0.32722, 0.171897, -0.499227, 0.389278, 0.092525]
[0.525184, 0.297491, -0.499774, 0.434771, 0.308761]
[0.461073, 0.117498, -0.498729, 0.384081, 0.035154]
[0.605198, 0.224548, -0.49892, 0.463595, 0.184842]
[0.314866, 0.373124, -0.499599, 0.477065, 0.225288]
[0.319317, 0.313493, -0.498902, 0.49787, 0.0376]
[0.388005, 0.278152, -0.499794, 0.319339, 0.204734]
[0.372412, 0.433936, -0.498784, 0.438233, 0.359058]
[0.272026, 0.347397, -0.498689, 0.248756, 0.183544]
[0.396455, 0.221373, -0.498574, 0.413912, 0.480996]
[0.560893, 0.38896, -0.499337, 0.495837, 0.490136]
[0.542138, 0.293207, -0.499083, 0.298253, 0.164403]
[0.455036, 0.194069, -0.498422, 0.446529, 0.069771]
[0.421729, 0.476599, -0.499443, 0.303025, 0.055845]
[0.41667, 0.159299, -0.499672, 0.23737, 0.251355]
[0.432985, 0.202037, -0.499004, 0.489202, 0.45928]
[0.335943, 0.124605, -0.498779, 0.468368, 0.151417]
[0.35769, 0.461061, -0.499816, 0.478147, 0.126594]
[0.407348, 0.20213, -0.498636, 0.439347, 0.462168]
[0.513946, 0.171562, -0.49951, 0.372707, 0.468645]
[0.559082, 0.433656, -0.499284, 0.290292, 0.474102]
[0.540228, 0.149246, -0.498844, 0.24595, 0.47843]
[0.574561, 0.326258, -0.499436, 0.366992, 0.490514]
[0.462024, 0.185651, -0.498551, 0.336372, 0.480742]
[0.337581, 0.306588, -0.499811, 0.438777, 0.109685]
[0.588954, 0.354114, -0.499312, 0.269254, 0.098606]
[0.626454, 0.477956, -0.498696, 0.265198, 0.213696]
[0.402919, 0.160377, -0.498915, 0.269093, 0.313387]
[0.649476, 0.416577, -0.499208, 0.256606, 0.192507]
[0.285864, 0.39174, -0.49865, 0.332106, 0.225222]
[0.550868, 0.208077, -0.499073, 0.465853, 0.016325]
[0.372731, 0.141721, -0.499744, 0.39193, 0.23036]
[0.496163, 0.295959, -0.499462, 0.269733, 0.209637]
[0.545622, 0.197347, -0.499201, 0.48439, 0.305057]
[0.480251, 0.405298, -0.49907, 0.483439, 0.229339]
[0.375594, 0.479752, -0.498709, 0.489765, 0.315436]
[0.354055, 0.239288, -0.499744, 0.456701, 0.20494]
[0.503016, 0.263776, -0.498853, 0.436985, 0.367315]
[0.511186, 0.255529, -0.499612, 0.407534, 0.289529]
[0.528481, 0.491915, -0.499448, 0.460437, 0.376347]
[0.364173, 0.208749, -0.499866, 0.279184, 0.325014]
[0.62558, 0.171953, -0.498591, 0.406067, 0.422726]
[0.434789, 0.334495, -0.498722, 0.452236, 0.237365]
[0.42623, 0.158558, -0.49915, 0.265081, 0.114902]
[0.673432, 0.201706, -0.499304, 0.421705, 0.275306]
[0.675577, 0.142107, -0.498809, 0.476588, 0.202547]
[0.603218, 0.219763, -0.499047, 0.361182, 0.307716]
[0.538697, 0.244165, -0.499225, 0.349398, 0.154756]
[0.607126, 0.353878, -0.499432, 0.405327, 0.074512]
[0.665516, 0.428989, -0.499936, 0.298224, 0.450302]
[0.446244, 0.304159, -0.499228, 0.33042, 0.152374]
[0.585325, 0.29454, -0.499032, 0.450945, 0.035283]
[0.474862, 0.193262, -0.498619, 0.495183, 0.366297]
[0.371187, 0.326413, -0.49866, 0.268868, 0.228487]
[0.599229, 0.305973, -0.498469, 0.358434, 0.144186]
[0.525963, 0.113479, -0.498704, 0.484474, 0.257081]
[0.422583, 0.276685, -0.498486, 0.424194, 0.423606]
[0.432039, 0.373855, -0.498789, 0.478481, 0.287685]
[0.354027, 0.297883, -0.498587, 0.253362, 0.495531]
[0.574593, 0.345975, -0.499333, 0.259201, 0.443132]
[0.62318, 0.242591, -0.499537, 0.420688, 0.058918]
[0.445765, 0.123106, -0.499513, 0.412789, 0.263612]
[0.6202, 0.417179, -0.498974, 0.22994, 0.243713]
[0.457837, 0.287012, -0.499282, 0.345614, 0.350664]
[0.4854, 0.449015, -0.498951, 0.435053, 0.207007]
[0.503155, 0.126531, -0.499615, 0.235755, 0.332508]
[0.349161, 0.477561, -0.499056, 0.228481, 0.264601]
[0.45391, 0.241793, -0.499019, 0.341985, 0.028792]
[0.43754, 0.300331, -0.499285, 0.378836, 0.48155]
[0.425355, 0.138727, -0.499988, 0.499524, 0.0675]
[0.493791, 0.173554, -0.49877, 0.243483, 0.018071]
[0.350783, 0.118064, -0.499246, 0.290397, 0.420802]
[0.534482, 0.324684, -0.498464, 0.403785, 0.46459]
[0.353685, 0.327028, -0.499158, 0.359564, 0.18084]
[0.528445, 0.114939, -0.499282, 0.482995, 0.338472]
[0.605427, 0.371457, -0.499875, 0.281189, 0.226049]
[0.677639, 0.234447, -0.498808, 0.385105, 0.378917]
[0.277024, 0.169279, -0.499654, 0.231534, 0.462468]
[0.679221, 0.449747, -0.499578, 0.447466, 0.44794]
[0.398905, 0.339388, -0.499113, 0.433341, 0.163903]
[0.38761, 0.34923, -0.498767, 0.479334, 0.081978]
[0.327862, 0.125757, -0.49875, 0.485173, 0.21742]
[0.480118, 0.1283, -0.498566, 0.340351, 0.124683]
[0.442977, 0.238734, -0.499814, 0.314293, 0.008176]
[0.544326, 0.490598, -0.49983, 0.497664, 0.461371]
[0.540514, 0.462678, -0.499545, 0.417406, 0.395721]
[0.438147, 0.275835, -0.499599, 0.481916, 0.248771]
[0.560879, 0.44591, -0.499947, 0.402697, 0.017357]
[0.349779, 0.260633, -0.498742, 0.23338, 0.442199]
[0.393188, 0.13163, -0.49906, 0.348031, 0.173209]
[0.571563, 0.15192, -0.499559, 0.242776, 0.428716]
[0.663293, 0.396153, -0.499376, 0.485188, 0.004847]
[0.552506, 0.25175, -0.499835, 0.446789, 0.451515]
[0.423147, 0.453559, -0.499562, 0.255612, 0.25065]
[0.344299, 0.204614, -0.498626, 0.480255, 0.053045]
[0.357412, 0.276346, -0.499693, 0.301755, 0.198312]
[0.293872, 0.188785, -0.499989, 0.369861, 0.45573]
[0.547392, 0.289486, -0.499437, 0.437817, 0.332654]
[0.470599, 0.142217, -0.49931, 0.489622, 0.23772]
[0.333626, 0.131747, -0.498857, 0.429358, 0.395436]
[0.493676, 0.294168, -0.49978, 0.488633, 0.247221]
[0.496178, 0.342942, -0.498784, 0.329304, 0.485768]
[0.408479, 0.292781, -0.49885, 0.369232, 0.204274]
[0.310812, 0.487546, -0.499816, 0.401497, 0.454637]
[0.600795, 0.304742, -0.499628, 0.286503, 0.430088]
[0.29848, 0.375894, -0.499584, 0.373184, 0.205536]
[0.524755, 0.171827, -0.498514, 0.408845, 0.055236]
[0.311791, 0.450033, -0.499934, 0.463173, 0.334104]
[0.52307, 0.425265, -0.499618, 0.339444, 0.087381]
[0.470097, 0.269905, -0.498736, 0.371972, 0.203577]
[0.59889, 0.284668, -0.499785, 0.266126, 0.182633]
[0.65418, 0.309047, -0.499464, 0.419093, 0.080157]
[0.336993, 0.478435, -0.498664, 0.385623, 0.269074]
[0.536217, 0.17698, -0.499499, 0.287336, 0.395191]
[0.488419, 0.233082, -0.498537, 0.484961, 0.438862]
[0.65229, 0.346461, -0.499551, 0.259173, 0.148397]
[0.279601, 0.400978, -0.499177, 0.267733, 0.120739]
[0.357963, 0.157023, -0.499163, 0.44923, 0.394207]
[0.53945, 0.394166, -0.499943, 0.498174, 0.236113]
[0.422729, 0.445463, -0.499149, 0.335746, 0.153061]
[0.545245, 0.125192, -0.499127, 0.291011, 0.169724]
[0.303586, 0.413602, -0.498658, 0.254361, 0.102682]
[0.387246, 0.358552, -0.498599, 0.428288, 0.246942]
[0.442096, 0.13983, -0.498463, 0.431147, 0.441966]
[0.551405, 0.297398, -0.499453, 0.257895, 0.250525]
[0.396977, 0.234611, -0.498445, 0.29731, 0.328098]
[0.620568, 0.356439, -0.498891, 0.324089, 0.014422]
[0.307405, 0.367727, -0.498726, 0.425707, 0.126189]
[0.632325, 0.496513, -0.499011, 0.253872, 0.079064]
[0.449809, 0.221742, -0.499376, 0.436846, 0.260847]
[0.520071, 0.493592, -0.499704, 0.387354, 0.294878]
[0.452215, 0.446635, -0.499066, 0.328549, 0.252382]
[0.463005, 0.450805, -0.498959, 0.285246, 0.064726]
[0.332659, 0.36872, -0.499748, 0.392241, 0.30724]
[0.60569, 0.410973, -0.499396, 0.243154, 0.378602]
[0.544981, 0.273033, -0.498759, 0.476198, 0.023897]
[0.547132, 0.289534, -0.499454, 0.452725, 0.215708]
[0.303918, 0.37352, -0.498515, 0.425517, 0.117427]
[0.596035, 0.114903, -0.499961, 0.48471, 0.087222]
[0.316361, 0.320181, -0.49985, 0.360916, 0.120808]
[0.410436, 0.479178, -0.499036, 0.357055, 0.17352]
[0.59194, 0.38157, -0.499055, 0.352999, 0.461794]
[0.44374, 0.29355, -0.499434, 0.434021, 0.300986]
[0.410328, 0.351911, -0.499776, 0.264211, 0.249814]
[0.270451, 0.389471, -0.499975, 0.49834, 0.404975]
[0.425195, 0.368156, -0.499177, 0.241098, 0.135057]
[0.269833, 0.215415, -0.498437, 0.31492, 0.035951]
[0.517614, 0.365869, -0.498657, 0.250362, 0.347319]
[0.395218, 0.492296, -0.498814, 0.445152, 0.27225]
[0.279861, 0.49305, -0.499834, 0.370443, 0.379281]
[0.615818, 0.380754, -0.499783, 0.379468, 0.106012]
[0.578163, 0.269061, -0.498702, 0.309639, 0.267845]
[0.6198, 0.388277, -0.49935, 0.396133, 0.123219]
[0.538025, 0.223384, -0.498989, 0.417791, 0.12665]
[0.329682, 0.272534, -0.49965, 0.229179, 0.214745]
[0.57013, 0.429038, -0.499742, 0.426584, 0.174792]
[0.582589, 0.286092, -0.499142, 0.468911, 0.061776]
[0.28282, 0.343592, -0.499768, 0.333761, 0.410671]
[0.454035, 0.230297, -0.499159, 0.432371, 0.08152]
[0.439806, 0.31922, -0.499493, 0.353783, 0.375995]
[0.529447, 0.16328, -0.499374, 0.493753, 0.077034]
[0.322246, 0.409511, -0.498692, 0.432306, 0.16692]
[0.414959, 0.258889, -0.499469, 0.356326, 0.078569]
[0.663245, 0.384959, -0.498749, 0.305682, 0.421462]
[0.612977, 0.262774, -0.498899, 0.283304, 0.216406]
[0.344311, 0.284033, -0.49895, 0.344401, 0.186161]
[0.284305, 0.465112, -0.499492, 0.250356, 0.134013]
[0.612635, 0.114008, -0.499594, 0.373042, 0.136646]
[0.315197, 0.140485, -0.498814, 0.238561, 0.205246]
[0.331768, 0.455344, -0.499188, 0.494273, 0.004254]
[0.406333, 0.138918, -0.499295, 0.452615, 0.460143]
[0.390159, 0.182707, -0.499407, 0.498979, 0.108543]
[0.549004, 0.241507, -0.498559, 0.371124, 0.066467]
[0.567139, 0.273608, -0.499293, 0.457327, 0.234095]
[0.553121, 0.358267, -0.498615, 0.23354, 0.378348]
[0.326452, 0.138527, -0.499495, 0.228069, 0.231316]
[0.558929, 0.363752, -0.499293, 0.311274, 0.467829]
[0.290629, 0.492745, -0.499199, 0.252167, 0.224139]
[0.494272, 0.465871, -0.499415, 0.244073, 0.174082]
[0.537945, 0.370209, -0.499706, 0.329243, 0.227087]
[0.588099, 0.134299, -0.499428, 0.279782, 0.352023]
[0.647136, 0.320174, -0.499654, 0.306241, 0.063115]
[0.481227, 0.344067, -0.499484, 0.246474, 0.484172]
[0.386766, 0.424978, -0.499021, 0.28264, 0.028499]
[0.610547, 0.447337, -0.499562, 0.355072, 0.476771]
[0.551445, 0.244159, -0.499145, 0.414997, 0.410164]
[0.57821, 0.233509, -0.498655, 0.415305, 0.321185]
[0.602469, 0.444905, -0.498508, 0.295496, 0.085743]
[0.369801, 0.230848, -0.498606, 0.353255, 0.30789]
[0.530994, 0.173076, -0.498496, 0.399902, 0.318915]
[0.530328, 0.373594, -0.4997, 0.421061, 0.272658]
[0.630511, 0.385471, -0.499511, 0.461564, 0.099212]
[0.430329, 0.375915, -0.499179, 0.493673, 0.061428]
[0.370349, 0.121017, -0.499115, 0.3792, 0.102425]
[0.352544, 0.276792, -0.499065, 0.485302, 0.145463]
[0.549809, 0.338878, -0.498545, 0.343471, 0.481689]
[0.538013, 0.388591, -0.499458, 0.349711, 0.339182]
[0.392975, 0.464274, -0.498901, 0.260495, 0.497299]
[0.50811, 0.252011, -0.499467, 0.353836, 0.027677]
[0.530415, 0.288705, -0.498489, 0.449661, 0.306261]
[0.574124, 0.151833, -0.499536, 0.439275, 0.347789]
[0.486568, 0.411776, -0.499088, 0.234582, 0.39426]
[0.631986, 0.31903, -0.499592, 0.277387, 0.0013]
[0.367171, 0.327462, -0.498714, 0.359325, 0.491597]
[0.364814, 0.447734, -0.499371, 0.253295, 0.254609]
[0.444859, 0.243987, -0.498846, 0.446869, 0.172939]
[0.372485, 0.423473, -0.499482, 0.39373, 0.349622]
[0.602718, 0.263093, -0.499007, 0.283434, 0.386055]
[0.345302, 0.379148, -0.498881, 0.265134, 0.0798]
[0.490573, 0.115561, -0.499408, 0.458838, 0.304864]
[0.4539, 0.129022, -0.499147, 0.302796, 0.318538]
[0.39511, 0.457792, -0.499487, 0.27989, 0.348819]
[0.509987, 0.37319, -0.499884, 0.349438, 0.091362]
[0.578, 0.264837, -0.499015, 0.385482, 0.221079]
[0.271628, 0.379075, -0.49998, 0.235414, 0.159543]
[0.494041, 0.145441, -0.499512, 0.461644, 0.276905]
[0.627167, 0.170601, -0.499486, 0.252034, 0.011706]
[0.470673, 0.137527, -0.498504, 0.450076, 0.280746]
[0.385902, 0.427355, -0.498887, 0.29731, 0.369373]
[0.381292, 0.471342, -0.499354, 0.398196, 0.248196]
[0.336631, 0.323189, -0.499501, 0.49064, 0.268801]
[0.629806, 0.25982, -0.499831, 0.411423, 0.294571]
[0.511365, 0.348834, -0.498419, 0.395513, 0.022372]
[0.533679, 0.466288, -0.499396, 0.440825, 0.190598]
[0.376352, 0.161335, -0.499213, 0.338974, 0.000373]
[0.351817, 0.355921, -0.499023, 0.242142, 0.463862]
[0.589801, 0.390268, -0.499979, 0.447579, 0.329988]
[0.639062, 0.449592, -0.498831, 0.255834, 0.051386]
[0.609053, 0.266764, -0.498913, 0.293406, 0.384656]
[0.607113, 0.375972, -0.498972, 0.277768, 0.476997]
[0.46704, 0.147634, -0.499238, 0.297404, 0.06915]
[0.518675, 0.249434, -0.498708, 0.385165, 0.155911]
[0.294265, 0.126447, -0.498896, 0.467023, 0.437853]
[0.345649, 0.222724, -0.498737, 0.361072, 0.324959]
[0.462374, 0.355008, -0.499763, 0.494144, 0.334146]
[0.328148, 0.388202, -0.49902, 0.466305, 0.177234]
[0.270239, 0.145727, -0.498822, 0.265309, 0.039016]
[0.568322, 0.311274, -0.499255, 0.330129, 0.347977]
[0.425599, 0.409293, -0.49938, 0.398065, 0.048292]
[0.383852, 0.19092, -0.499318, 0.48219, 0.499862]
[0.472912, 0.338039, -0.499339, 0.451477, 0.106817]
[0.496225, 0.422317, -0.499022, 0.360137, 0.072378]
[0.605285, 0.246005, -0.498511, 0.256043, 0.265406]
[0.407557, 0.456507, -0.499942, 0.456146, 0.138241]
[0.443859, 0.200892, -0.499558, 0.439218, 0.336106]
[0.664735, 0.389196, -0.498575, 0.481001, 0.191962]
[0.654077, 0.36108, -0.498799, 0.329573, 0.317031]
[0.595788, 0.327186, -0.499472, 0.494645, 0.470361]
[0.653926, 0.355584, -0.499936, 0.283059, 0.278465]
[0.609486, 0.319281, -0.498897, 0.257215, 0.167655]
[0.48373, 0.186831, -0.498693, 0.388119, 0.402051]
[0.651359, 0.318828, -0.499674, 0.462135, 0.49343]
[0.340717, 0.179726, -0.4997, 0.437909, 0.146886]
[0.419877, 0.405593, -0.498726, 0.343057, 0.314319]
[0.410133, 0.486795, -0.49894, 0.450975, 0.115014]
[0.328716, 0.319334, -0.499243, 0.411756, 0.232353]
[0.631381, 0.393813, -0.498922, 0.475718, 0.414912]
[0.454293, 0.17141, -0.499533, 0.242339, 0.132198]
[0.42722, 0.460124, -0.498531, 0.420606, 0.363197]
[0.304832, 0.40903, -0.498708, 0.386432, 0.190713]
[0.488861, 0.241189, -0.499031, 0.494849, 0.234552]
[0.459777, 0.429406, -0.499801, 0.499905, 0.08929]
[0.28637, 0.319672, -0.49841, 0.432063, 0.046324]
[0.43785, 0.411118, -0.498748, 0.489396, 0.042669]
[0.32064, 0.11915, -0.499731, 0.340153, 0.44086]
[0.302824, 0.371747, -0.499051, 0.423576, 0.230333]
[0.600047, 0.216959, -0.499421, 0.436873, 0.374511]
[0.663461, 0.370244, -0.499354, 0.434329, 0.425891]
[0.632322, 0.349985, -0.499084, 0.450704, 0.253484]
[0.385259, 0.41162, -0.499097, 0.30745, 0.042515]
[0.52096, 0.136832, -0.499188, 0.317404, 0.185759]
[0.55886, 0.283578, -0.499825, 0.294842, 0.10478]
[0.442145, 0.49124, -0.499799, 0.342377, 0.153636]
[0.425905, 0.347098, -0.498617, 0.242377, 0.293588]
[0.540384, 0.3221, -0.498776, 0.341696, 0.271931]
[0.340927, 0.225703, -0.498804, 0.350686, 0.069638]
[0.48176, 0.434603, -0.499247, 0.480577, 0.456151]
[0.395537, 0.292262, -0.499829, 0.458284, 0.029192]
[0.559186, 0.112343, -0.499588, 0.324915, 0.276246]
[0.275773, 0.474684, -0.498465, 0.408328, 0.394655]
[0.428171, 0.452699, -0.49959, 0.473316, 0.312156]
[0.524233, 0.140415, -0.499136, 0.232598, 0.359703]
[0.653951, 0.327877, -0.49942, 0.303039, 0.074001]
[0.293394, 0.493709, -0.499672, 0.307151, 0.456169]
[0.558818, 0.154292, -0.498929, 0.357511, 0.229877]
[0.636765, 0.478246, -0.498588, 0.352302, 0.325555]
[0.320191, 0.179233, -0.499809, 0.391865, 0.131341]
[0.457609, 0.261463, -0.499832, 0.277055, 0.208902]
[0.339407, 0.396007, -0.499039, 0.450017, 0.295335]
[0.55898, 0.48132, -0.498928, 0.407467, 0.382066]
[0.275218, 0.366337, -0.499329, 0.416019, 0.161609]
[0.28824, 0.21374, -0.498712, 0.395116, 0.273635]
[0.338367, 0.200609, -0.499376, 0.374345, 0.166144]
[0.353413, 0.471425, -0.499968, 0.486475, 0.29581]
[0.487249, 0.386323, -0.498884, 0.446836, 0.155232]
[0.481194, 0.271572, -0.498904, 0.452271, 0.263692]
[0.566113, 0.252008, -0.499357, 0.419759, 0.472302]
[0.517433, 0.164266, -0.499481, 0.344963, 0.290443]
[0.526027, 0.290614, -0.498766, 0.271804, 0.075668]
[0.363087, 0.359844, -0.4989, 0.256572, 0.331018]
[0.511109, 0.315737, -0.499312, 0.290675, 0.242156]
[0.453225, 0.286481, -0.499018, 0.305761, 0.42465]
[0.3043, 0.113168, -0.499734, 0.448441, 0.213523]
[0.571376, 0.492749, -0.499317, 0.442192, 0.255065]
[0.512599, 0.290794, -0.499483, 0.475234, 0.409782]
[0.624623, 0.496268, -0.499648, 0.330786, 0.404029]
[0.51889, 0.114477, -0.49848, 0.469345, 0.11644]
[0.671891, 0.363248, -0.498598, 0.296429, 0.442638]
[0.435649, 0.490998, -0.498731, 0.494723, 0.06775]
[0.506757, 0.272456, -0.499412, 0.478636, 0.483178]
[0.295925, 0.292057, -0.499871, 0.49818, 0.128609]
[0.425217, 0.152623, -0.499478, 0.277584, 0.264488]
[0.438837, 0.195483, -0.499625, 0.24005, 0.122759]
[0.645664, 0.355309, -0.499676, 0.417102, 0.461115]
[0.354138, 0.357658, -0.499422, 0.381557, 0.493724]
[0.486751, 0.279732, -0.498955, 0.333975, 0.483688]
[0.30204, 0.338801, -0.499473, 0.239688, 0.094956]
[0.292054, 0.379487, -0.499039, 0.247995, 0.222718]
[0.328153, 0.172961, -0.498721, 0.32301, 0.266708]
[0.346997, 0.475954, -0.498457, 0.448417, 0.20424]
[0.629326, 0.339385, -0.49926, 0.498785, 0.42802]
[0.651008, 0.123172, -0.499079, 0.343257, 0.015953]
[0.631996, 0.147196, -0.499984, 0.397139, 0.20424]
[0.381557, 0.459917, -0.498951, 0.49945, 0.399587]
[0.452838, 0.433976, -0.498758, 0.286613, 0.29369]
[0.398033, 0.309323, -0.499366, 0.343265, 0.448441]
[0.476153, 0.198444, -0.498544, 0.394258, 0.002545]
[0.615943, 0.324101, -0.498429, 0.30603, 0.457136]
[0.320657, 0.131526, -0.499386, 0.310245, 0.391094]
[0.668703, 0.349731, -0.498849, 0.432222, 0.315421]
[0.271594, 0.210603, -0.499649, 0.368748, 0.308487]
[0.396055, 0.369204, -0.499571, 0.391797, 0.411584]
[0.38589, 0.441852, -0.499195, 0.48618, 0.103553]
[0.601898, 0.121979, -0.499959, 0.401895, 0.265647]
[0.571359, 0.417853, -0.498809, 0.329351, 0.021259]
[0.383446, 0.341752, -0.499805, 0.244932, 0.037358]
[0.504153, 0.117882, -0.499236, 0.452352, 0.43786]
[0.447372, 0.289343, -0.499582, 0.24524, 0.143332]
[0.60836, 0.436201, -0.498535, 0.439478, 0.191491]
[0.492437, 0.153748, -0.498822, 0.472268, 0.372225]
[0.309454, 0.348125, -0.499429, 0.443692, 0.281577]
[0.673675, 0.487729, -0.49988, 0.288525, 0.289474]
[0.35885, 0.143264, -0.499339, 0.478306, 0.104382]
[0.564331, 0.357261, -0.498559, 0.404935, 0.137352]
[0.549794, 0.483149, -0.498762, 0.285972, 0.249576]
[0.419478, 0.468714, -0.499911, 0.237354, 0.382484]
[0.301862, 0.220485, -0.498478, 0.456016, 0.102743]
[0.409855, 0.435207, -0.498509, 0.396326, 0.230944]
[0.487255, 0.289227, -0.499796, 0.390264, 0.263431]
[0.384307, 0.238226, -0.499187, 0.271522, 0.232413]
[0.372811, 0.49405, -0.499334, 0.355173, 0.410029]
[0.59917, 0.359456, -0.499951, 0.416582, 0.484038]
[0.467368, 0.24756, -0.499713, 0.329598, 0.236303]
[0.524375, 0.232717, -0.499927, 0.449397, 0.252331]
[0.414431, 0.143738, -0.499185, 0.246576, 0.294237]
[0.371168, 0.26493, -0.498485, 0.375867, 0.282632]
[0.6699, 0.186302, -0.498439, 0.445298, 0.158546]
[0.589565, 0.188565, -0.499056, 0.334143, 0.206621]
[0.645941, 0.423414, -0.499854, 0.397488, 0.257043]
[0.322906, 0.240788, -0.498857, 0.41222, 0.412929]
[0.543282, 0.391272, -0.499493, 0.441943, 0.015187]
[0.537997, 0.126778, -0.49999, 0.421395, 0.180608]
[0.458405, 0.134507, -0.498454, 0.334873, 0.246449]
[0.395966, 0.310959, -0.499133, 0.249231, 0.20677]
[0.406342, 0.254053, -0.499875, 0.338663, 0.198109]
[0.32475, 0.400367, -0.499539, 0.396703, 0.223609]
[0.280642, 0.284151, -0.499117, 0.325286, 0.112214]
[0.307038, 0.115507, -0.498696, 0.230181, 0.266341]
[0.345327, 0.274364, -0.499316, 0.376273, 0.332239]
[0.445061, 0.131315, -0.498552, 0.395075, 0.149555]
[0.576453, 0.208324, -0.498622, 0.396673, 0.314706]
[0.302211, 0.399027, -0.499533, 0.250186, 0.204377]
[0.380933, 0.125661, -0.499444, 0.406564, 0.318577]
[0.304623, 0.350789, -0.499074, 0.38142, 0.262182]
[0.654236, 0.271299, -0.499202, 0.368138, 0.494335]
[0.596351, 0.399878, -0.499046, 0.259213, 0.417357]
[0.650971, 0.297471, -0.498482, 0.281731, 0.302285]
[0.583364, 0.223773, -0.498858, 0.320096, 0.374493]
[0.275616, 0.311183, -0.498521, 0.496173, 0.424844]
[0.643558, 0.458986, -0.498942, 0.316766, 0.083221]
[0.587534, 0.461104, -0.499157, 0.407046, 0.453828]
[0.454385, 0.23978, -0.498555, 0.401414, 0.030781]
[0.619062, 0.126926, -0.498893, 0.337714, 0.219498]
[0.291351, 0.124675, -0.499171, 0.256223, 0.440699]
[0.592055, 0.137603, -0.499304, 0.445048, 0.203471]
[0.606385, 0.116872, -0.498476, 0.301163, 0.466384]
[0.448499, 0.207283, -0.499985, 0.239992, 0.308876]
[0.524794, 0.157765, -0.499645, 0.248602, 0.485877]
[0.676078, 0.129399, -0.499844, 0.27732, 0.18124]
[0.614381, 0.320798, -0.49951, 0.482407, 0.111351]
[0.645225, 0.440753, -0.498635, 0.443145, 0.432468]
[0.650883, 0.377487, -0.499801, 0.25425, 0.075656]
[0.277456, 0.270099, -0.498452, 0.466773, 0.47863]
[0.46073, 0.201247, -0.499194, 0.419056, 0.188304]
[0.457587, 0.296909, -0.499169, 0.26925, 0.225686]
[0.419318, 0.489566, -0.498815, 0.271643, 0.4141]
[0.374893, 0.348981, -0.498515, 0.474607, 0.001488]
[0.36103, 0.212038, -0.499546, 0.309195, 0.257944]
[0.550174, 0.326379, -0.498952, 0.256784, 0.072891]
[0.456213, 0.230934, -0.499813, 0.410261, 0.406127]
[0.453057, 0.129069, -0.499109, 0.499865, 0.241527]
[0.308773, 0.352685, -0.49912, 0.239024, 0.263234]
[0.550472, 0.287541, -0.498978, 0.25865, 0.192114]
[0.55302, 0.24402, -0.499477, 0.33175, 0.321159]
[0.387722, 0.123363, -0.499691, 0.424348, 0.08538]
[0.625221, 0.441812, -0.499305, 0.350087, 0.116375]
[0.651655, 0.38393, -0.498766, 0.263672, 0.174367]
[0.35504, 0.368872, -0.499835, 0.339655, 0.015651]
[0.517371, 0.384043, -0.499507, 0.478904, 0.28563]
[0.485715, 0.475901, -0.499617, 0.35416, 0.327586]
[0.369807, 0.153788, -0.499128, 0.410909, 0.483746]
[0.540301, 0.48342, -0.499136, 0.327869, 0.435173]
[0.514388, 0.456517, -0.499117, 0.388736, 0.245697]
[0.348813, 0.436883, -0.498505, 0.284215, 0.216882]
[0.313604, 0.130205, -0.498943, 0.265815, 0.304818]
[0.478905, 0.305361, -0.499812, 0.386142, 0.445454]
[0.533942, 0.128258, -0.499806, 0.430796, 0.1749]
[0.660959, 0.264643, -0.49972, 0.353529, 0.312016]
[0.400532, 0.386768, -0.499539, 0.45963, 0.481269]
[0.434352, 0.435432, -0.499138, 0.4118, 0.306361]
[0.557113, 0.258858, -0.499764, 0.232661, 0.315962]
[0.448175, 0.394194, -0.498592, 0.433865, 0.284178]
[0.318431, 0.122815, -0.498444, 0.42255, 0.351714]
[0.652099, 0.267546, -0.499698, 0.465212, 0.002415]
[0.559964, 0.421523, -0.498831, 0.375417, 0.392079]
[0.51759, 0.341879, -0.499685, 0.401312, 0.371685]
[0.373133, 0.289089, -0.499869, 0.469756, 0.273365]
[0.570059, 0.456893, -0.499547, 0.285574, 0.031506]
[0.386972, 0.141291, -0.499641, 0.304465, 0.49465]
[0.30979, 0.174262, -0.49984, 0.282007, 0.087857]
[0.650475, 0.251229, -0.498809, 0.435104, 0.172625]
[0.375545, 0.389968, -0.499636, 0.489909, 0.143145]
[0.46288, 0.495826, -0.499366, 0.441231, 0.069414]
[0.562747, 0.476856, -0.498845, 0.255863, 0.096295]
[0.32437, 0.437609, -0.499727, 0.244613, 0.292813]
[0.433502, 0.155165, -0.498858, 0.497477, 0.228542]
[0.427208, 0.397448, -0.499904, 0.360014, 0.344434]
[0.649804, 0.201018, -0.499187, 0.48448, 0.245153]
[0.330939, 0.149761, -0.498486, 0.337733, 0.403475]
[0.5951, 0.226565, -0.499037, 0.308504, 0.179173]
[0.364289, 0.430081, -0.499346, 0.370376, 0.411781]
[0.533346, 0.406857, -0.499617, 0.281964, 0.321074]
[0.453288, 0.370378, -0.498792, 0.449913, 0.270838]
[0.341429, 0.12832, -0.499649, 0.439882, 0.334941]
[0.323459, 0.191229, -0.499584, 0.424234, 0.316192]
[0.413332, 0.343023, -0.499093, 0.299638, 0.466283]
[0.356496, 0.124989, -0.498955, 0.372441, 0.135366]
[0.676668, 0.395604, -0.498629, 0.246914, 0.046637]
[0.39775, 0.341432, -0.499296, 0.293432, 0.380153]
[0.580748, 0.408317, -0.499326, 0.471266, 0.114747]
[0.359931, 0.126252, -0.499856, 0.330958, 0.292289]
[0.476726, 0.312412, -0.499543, 0.255338, 0.462378]
[0.295049, 0.25493, -0.498949, 0.336431, 0.42659]
[0.678675, 0.182216, -0.499201, 0.474224, 0.145576]
[0.558449, 0.48519, -0.498598, 0.31631, 0.122009]
[0.490656, 0.357085, -0.499475, 0.344223, 0.41565]
[0.512826, 0.247035, -0.498902, 0.399148, 0.358659]
[0.325348, 0.261925, -0.499279, 0.299927, 0.133895]
[0.547228, 0.337861, -0.498567, 0.433653, 0.119364]
[0.624201, 0.465472, -0.498721, 0.332334, 0.408518]
[0.603473, 0.434169, -0.499293, 0.293061, 0.399379]
[0.418128, 0.247316, -0.498521, 0.468152, 0.390393]
[0.395396, 0.216714, -0.498737, 0.245863, 0.442498]
[0.418863, 0.264691, -0.499663, 0.422023, 0.174827]
[0.594996, 0.442006, -0.499216, 0.360085, 0.076952]
[0.342708, 0.237213, -0.499386, 0.391233, 0.222857]
[0.448718, 0.372563, -0.498565, 0.358398, 0.119544]
[0.365541, 0.21946, -0.498616, 0.277763, 0.376203]
[0.307522, 0.488564, -0.498823, 0.474946, 0.405901]
[0.506558, 0.490234, -0.499117, 0.383343, 0.435341]
[0.638523, 0.445533, -0.499217, 0.356594, 0.279236]
[0.283606, 0.147635, -0.49979, 0.382962, 0.081505]
[0.360764, 0.143753, -0.498687, 0.497071, 0.100942]
[0.650684, 0.124046, -0.49893, 0.28335, 0.428927]
[0.519287, 0.37995, -0.499327, 0.393221, 0.251269]
[0.299832, 0.224548, -0.498923, 0.339905, 0.041754]
[0.615741, 0.14068, -0.498475, 0.449342, 0.225086]
[0.369582, 0.463207, -0.498663, 0.256357, 0.224235]
[0.4467, 0.287178, -0.499899, 0.406343, 0.403057]
[0.581648, 0.35947, -0.49968, 0.424824, 0.273712]
[0.31902, 0.317489, -0.498898, 0.403399, 0.4685]
[0.562572, 0.270788, -0.499934, 0.405908, 0.260417]
[0.308278, 0.199582, -0.499815, 0.449968, 0.354901]
[0.276222, 0.2161, -0.498774, 0.240056, 0.045757]
[0.408212, 0.415452, -0.499241, 0.307612, 0.476872]
[0.391863, 0.222787, -0.499465, 0.29116, 0.050748]
[0.675309, 0.223901, -0.498923, 0.495211, 0.329479]
[0.316504, 0.309996, -0.49925, 0.478268, 0.358799]
[0.521422, 0.298501, -0.498593, 0.229784, 0.446093]
[0.294528, 0.123788, -0.499652, 0.23105, 0.451184]
[0.455902, 0.26417, -0.49994, 0.447083, 0.48558]
[0.454208, 0.153673, -0.499284, 0.432411, 0.251917]
[0.414876, 0.137818, -0.499909, 0.446119, 0.139877]
[0.436749, 0.296136, -0.499537, 0.376578, 0.359348]
[0.587707, 0.420852, -0.498448, 0.33121, 0.40364]
[0.330391, 0.347106, -0.499205, 0.421121, 0.153033]
[0.596417, 0.210738, -0.499681, 0.352753, 0.372403]
[0.650146, 0.298209, -0.499456, 0.456674, 0.307759]
[0.58166, 0.443271, -0.499208, 0.313059, 0.062161]
[0.57586, 0.273343, -0.499964, 0.366399, 0.422072]
[0.582857, 0.477805, -0.499043, 0.353564, 0.446216]
[0.396968, 0.480482, -0.499654, 0.356028, 0.247128]
[0.516732, 0.241412, -0.499723, 0.32982, 0.061977]
[0.5892, 0.442345, -0.499406, 0.467868, 0.195662]
[0.629784, 0.298034, -0.498577, 0.31951, 0.174034]
[0.39459, 0.139026, -0.499774, 0.40171, 0.465969]
[0.311019, 0.139401, -0.499026, 0.303524, 0.069118]
[0.630749, 0.498753, -0.498893, 0.333538, 0.364352]
[0.656944, 0.34895, -0.498634, 0.421378, 0.30246]
[0.651808, 0.218759, -0.49936, 0.41753, 0.374587]
[0.448519, 0.498615, -0.499552, 0.292029, 0.230451]
[0.610222, 0.431433, -0.498422, 0.327729, 0.295062]
[0.548137, 0.39019, -0.499, 0.267735, 0.183002]
[0.481238, 0.490871, -0.499591, 0.397897, 0.312459]
[0.499476, 0.284026, -0.499252, 0.478853, 0.483088]
[0.539233, 0.131523, -0.498453, 0.312299, 0.30293]
[0.471526, 0.274493, -0.499411, 0.245758, 0.391091]
[0.567206, 0.407759, -0.499527, 0.310144, 0.410212]
[0.66909, 0.388914, -0.499032, 0.30867, 0.468996]
[0.423868, 0.178098, -0.499314, 0.46391, 0.371944]
[0.499643, 0.486844, -0.499932, 0.38436, 0.016755]
[0.497543, 0.18415, -0.499836, 0.291757, 0.293919]
[0.636307, 0.275188, -0.498951, 0.389192, 0.445076]
[0.406034, 0.128447, -0.498738, 0.412159, 0.079833]
[0.444448, 0.136586, -0.499344, 0.412538, 0.011533]
[0.519442, 0.149512, -0.498973, 0.273454, 0.345231]
[0.368114, 0.453328, -0.499066, 0.385176, 0.282054]
[0.289334, 0.260857, -0.499907, 0.309459, 0.408014]
[0.314088, 0.306547, -0.499964, 0.356103, 0.336959]
[0.541074, 0.112886, -0.498417, 0.403847, 0.378756]
[0.303336, 0.325485, -0.498984, 0.47227, 0.393754]
[0.435128, 0.289862, -0.499057, 0.24892, 0.01444]
[0.539249, 0.442546, -0.498754, 0.37712, 0.421356]
[0.375997, 0.458315, -0.499996, 0.315377, 0.479416]
[0.552267, 0.330323, -0.499936, 0.318647, 0.352359]
[0.305345, 0.159811, -0.498669, 0.396274, 0.15332]
[0.579841, 0.319145, -0.499281, 0.350242, 0.466722]
[0.376365, 0.14343, -0.498907, 0.2903, 0.102759]
[0.632203, 0.465259, -0.499772, 0.3262, 0.340482]
[0.510786, 0.347818, -0.499483, 0.325541, 0.037943]
[0.56011, 0.338681, -0.499866, 0.246369, 0.364483]
[0.421875, 0.32115, -0.499279, 0.377664, 0.279583]
[0.300983, 0.270183, -0.499578, 0.286341, 0.429943]
[0.639666, 0.494598, -0.49986, 0.402938, 0.431998]
[0.604669, 0.317879, -0.498767, 0.278118, 0.475277]
[0.609239, 0.199583, -0.49923, 0.263088, 0.490339]
[0.373096, 0.164113, -0.498564, 0.260799, 0.491414]
[0.441752, 0.418192, -0.499863, 0.442909, 0.150958]
[0.275761, 0.30068, -0.498524, 0.409002, 0.406168]
[0.544776, 0.149485, -0.499333, 0.469908, 0.249083]
[0.292012, 0.316053, -0.499412, 0.395524, 0.106803]
[0.564702, 0.244542, -0.49999, 0.487912, 0.056834]
[0.303815, 0.478334, -0.499783, 0.264121, 0.049778]
[0.368837, 0.42845, -0.499209, 0.302795, 0.235225]
[0.61139, 0.335838, -0.499571, 0.297211, 0.446628]
[0.602127, 0.179338, -0.499228, 0.397712, 0.279703]
[0.455838, 0.325775, -0.498812, 0.480646, 0.200345]
[0.612075, 0.170606, -0.499865, 0.29472, 0.148775]
[0.48841, 0.393128, -0.499673, 0.490378, 0.319554]
[0.488672, 0.118056, -0.498517, 0.265424, 0.454216]
[0.306771, 0.287355, -0.498728, 0.372044, 0.123044]
[0.418679, 0.470826, -0.498442, 0.304297, 0.158076]
[0.338432, 0.411389, -0.49851, 0.477085, 0.470137]
[0.610923, 0.329845, -0.499034, 0.321075, 0.008525]
[0.495146, 0.144505, -0.499796, 0.287154, 0.106925]
[0.542658, 0.427498, -0.499434, 0.404669, 0.437643]
[0.301729, 0.353789, -0.499081, 0.462525, 0.450014]
[0.437521, 0.27878, -0.499663, 0.445483, 0.132235]
[0.286825, 0.134727, -0.499572, 0.406439, 0.276754]
[0.648163, 0.142332, -0.499564, 0.326779, 0.101398]
[0.523208, 0.447759, -0.498497, 0.347506, 0.060434]
[0.651177, 0.277791, -0.499532, 0.492331, 0.089902]
[0.51461, 0.308038, -0.499134, 0.433627, 0.429799]
[0.638359, 0.242707, -0.499332, 0.282959, 0.248411]
[0.485461, 0.467312, -0.499025, 0.320651, 0.483907]
[0.611181, 0.311959, -0.498452, 0.346952, 0.446464]
[0.425999, 0.460391, -0.499564, 0.456816, 0.436053]
[0.60648, 0.257834, -0.499065, 0.434939, 0.269368]
[0.347213, 0.447573, -0.499802, 0.452939, 0.485571]
[0.340758, 0.114939, -0.498686, 0.48034, 0.13251]
[0.284405, 0.237391, -0.499413, 0.438822, 0.385588]
[0.417826, 0.392449, -0.499057, 0.285143, 0.424419]
[0.422136, 0.254434, -0.498935, 0.441878, 0.131178]
[0.460987, 0.442533, -0.498744, 0.280197, 0.244691]
[0.538263, 0.153984, -0.49994, 0.255489, 0.435067]
[0.617527, 0.374438, -0.498803, 0.276582, 0.489019]
[0.413505, 0.179527, -0.499668, 0.296199, 0.402842]
[0.364899, 0.483638, -0.498785, 0.459378, 0.358108]
[0.571295, 0.221771, -0.499744, 0.364367, 0.250283]
[0.460477, 0.451492, -0.498484, 0.331693, 0.001545]
[0.355628, 0.3125, -0.498468, 0.450429, 0.298646]
[0.477074, 0.408375, -0.498972, 0.481356, 0.227652]
[0.662237, 0.19912, -0.499125, 0.300291, 0.057813]
[0.489635, 0.275852, -0.499847, 0.33094, 0.294168]
[0.558689, 0.254604, -0.499657, 0.48059, 0.354104]
[0.532539, 0.423659, -0.499318, 0.303028, 0.128029]
[0.2791, 0.202449, -0.499999, 0.35408, 0.463758]
[0.651529, 0.323614, -0.498777, 0.338975, 0.323341]
[0.442877, 0.288773, -0.498969, 0.27602, 0.197262]
[0.398492, 0.332778, -0.499111, 0.447939, 0.430897]
[0.625386, 0.419022, -0.499546, 0.259943, 0.121224]
[0.563845, 0.37702, -0.499479, 0.376839, 0.07974]
[0.286971, 0.161308, -0.498881, 0.469772, 0.208016]
[0.339668, 0.315065, -0.498906, 0.240712, 0.085983]
[0.520123, 0.450837, -0.499938, 0.446555, 0.301205]
[0.342052, 0.482211, -0.499004, 0.439614, 0.309858]
[0.614729, 0.138159, -0.499519, 0.397121, 0.154936]
[0.297601, 0.384289, -0.498509, 0.375938, 0.2412]
[0.610924, 0.129695, -0.499242, 0.414984, 0.086231]
[0.476243, 0.35479, -0.498491, 0.462831, 0.448012]
[0.582236, 0.113916, -0.499556, 0.27623, 0.466201]
[0.557054, 0.365372, -0.499417, 0.233882, 0.195591]
[0.495297, 0.456318, -0.498831, 0.353454, 0.20964]
[0.603367, 0.361477, -0.499131, 0.371505, 0.336938]
[0.567107, 0.319881, -0.499569, 0.455141, 0.043976]
[0.33484, 0.119806, -0.498528, 0.304824, 0.031333]
[0.650127, 0.19285, -0.499311, 0.39769, 0.205865]
[0.535991, 0.464402, -0.499127, 0.291504, 0.320417]
[0.37864, 0.145175, -0.499262, 0.360574, 0.044238]
[0.331129, 0.402015, -0.49986, 0.340901, 0.21936]
[0.558382, 0.263183, -0.498691, 0.302611, 0.353145]
[0.57473, 0.219623, -0.498823, 0.282753, 0.117668]
[0.575345, 0.294009, -0.499918, 0.263226, 0.491574]
[0.358614, 0.137195, -0.499108, 0.238889, 0.438125]
[0.6735, 0.284161, -0.499073, 0.490506, 0.302489]
[0.645398, 0.346424, -0.499438, 0.442487, 0.30277]
[0.658868, 0.131213, -0.499536, 0.360867, 0.42803]
[0.534429, 0.248397, -0.498938, 0.482265, 0.213853]
[0.453999, 0.286118, -0.499996, 0.319885, 0.058781]
[0.412696, 0.427317, -0.499275, 0.269075, 0.028947]
[0.577532, 0.312225, -0.49974, 0.22975, 0.494797]
[0.394592, 0.22287, -0.499868, 0.314551, 0.264757]
[0.370429, 0.176298, -0.498885, 0.267502, 0.064265]
[0.613054, 0.274929, -0.499031, 0.467076, 0.207141]
[0.530142, 0.424922, -0.499087, 0.46263, 0.214507]
[0.342935, 0.201735, -0.498568, 0.28437, 0.424421]
[0.338715, 0.322446, -0.499836, 0.428804, 0.282451]
[0.579245, 0.181057, -0.498608, 0.321852, 0.126979]
[0.653738, 0.399695, -0.499119, 0.444322, 0.046148]
[0.481976, 0.227482, -0.498579, 0.244574, 0.063513]
[0.31893, 0.144255, -0.499061, 0.318974, 0.290748]
[0.320459, 0.187545, -0.499862, 0.346253, 0.472454]
[0.391732, 0.214299, -0.499767, 0.432382, 0.180712]
[0.611697, 0.386246, -0.499429, 0.391865, 0.47891]
[0.597311, 0.118154, -0.499204, 0.243571, 0.166598]
[0.624755, 0.409358, -0.499072, 0.247621, 0.433212]
[0.497331, 0.43753, -0.499338, 0.40777, 0.490433]
[0.366053, 0.473749, -0.49926, 0.336547, 0.077058]
[0.502402, 0.156147, -0.498716, 0.401446, 0.034266]
[0.480181, 0.275084, -0.498482, 0.391333, 0.29171]
[0.603966, 0.351136, -0.499203, 0.398633, 0.235236]
[0.310363, 0.27939, -0.498989, 0.34146, 0.28421]
[0.620319, 0.191293, -0.498453, 0.434808, 0.022838]
[0.381681, 0.126055, -0.498929, 0.294059, 0.156371]
[0.290997, 0.429295, -0.499527, 0.39179, 0.153536]
[0.421869, 0.452914, -0.499296, 0.49574, 0.029669]
[0.375371, 0.199562, -0.499727, 0.464049, 0.288734]
[0.303791, 0.258658, -0.499525, 0.235603, 0.214847]
[0.663563, 0.290923, -0.499124, 0.402039, 0.174434]
[0.438623, 0.124147, -0.49841, 0.285214, 0.045668]
[0.480882, 0.462639, -0.499264, 0.420904, 0.032806]
[0.279443, 0.377848, -0.498438, 0.455183, 0.421277]
[0.583264, 0.171381, -0.49969, 0.469773, 0.080209]
[0.527647, 0.200942, -0.498524, 0.353765, 0.149279]
[0.646409, 0.154222, -0.498628, 0.418982, 0.47955]
[0.601456, 0.3227, -0.499714, 0.322489, 0.216871]
[0.555493, 0.472476, -0.49916, 0.342707, 0.160307]
[0.496586, 0.251481, -0.498823, 0.306222, 0.22842]
[0.653628, 0.375704, -0.499014, 0.432176, 0.474793]
[0.522573, 0.4794, -0.498835, 0.392238, 0.312094]
[0.275491, 0.359394, -0.499495, 0.364209, 0.122468]
[0.451188, 0.186888, -0.499994, 0.447104, 0.314927]
[0.546896, 0.1207, -0.498433, 0.456915, 0.355496]
[0.473256, 0.329233, -0.499524, 0.266174, 0.210237]
[0.546856, 0.119354, -0.49977, 0.369999, 0.356936]
[0.28267, 0.254461, -0.4987, 0.472153, 0.229072]
[0.453856, 0.306062, -0.498677, 0.311892, 0.021288]
[0.525396, 0.367442, -0.499719, 0.360359, 0.121524]
[0.367743, 0.350779, -0.499449, 0.374686, 0.032237]
[0.308125, 0.128576, -0.49978, 0.395386, 0.130859]
[0.317449, 0.478769, -0.498934, 0.363202, 0.096482]
[0.299167, 0.452791, -0.499283, 0.351118, 0.236428]
[0.385808, 0.187154, -0.498962, 0.428015, 0.130829]
[0.674236, 0.258209, -0.499819, 0.473887, 0.475115]
[0.595656, 0.493635, -0.498966, 0.237122, 0.198341]
[0.618304, 0.222892, -0.49996, 0.363628, 0.194176]
[0.59336, 0.266027, -0.49963, 0.279174, 0.457963]
[0.456364, 0.482873, -0.498821, 0.346907, 0.468017]
[0.425736, 0.11911, -0.499382, 0.334506, 0.497562]
[0.61929, 0.452566, -0.499915, 0.24674, 0.477585]
[0.270115, 0.172113, -0.49921, 0.435983, 0.141142]
[0.281597, 0.273146, -0.499528, 0.363319, 0.27509]
[0.602887, 0.271097, -0.498658, 0.431955, 0.370401]
[0.419527, 0.183886, -0.499425, 0.355977, 0.456932]
[0.4121, 0.356005, -0.49962, 0.414771, 0.170426]
[0.33503, 0.409877, -0.498779, 0.306202, 0.044873]
[0.656739, 0.42355, -0.499754, 0.327595, 0.251224]
[0.596416, 0.231671, -0.499892, 0.294548, 0.025682]
[0.57418, 0.164064, -0.498716, 0.257815, 0.290623]
[0.447837, 0.128453, -0.498478, 0.402308, 0.464564]
[0.475703, 0.143089, -0.499589, 0.39705, 0.049124]
[0.362943, 0.319341, -0.499781, 0.31317, 0.063256]
[0.580917, 0.265286, -0.499011, 0.275498, 0.0826]
[0.424642, 0.469114, -0.498727, 0.308169, 0.251537]
[0.655996, 0.21561, -0.499152, 0.423255, 0.048681]
[0.309822, 0.176633, -0.499863, 0.353548, 0.282339]
[0.620227, 0.498002, -0.49941, 0.383994, 0.499561]
[0.271349, 0.21871, -0.498752, 0.350804, 0.07556]
[0.345517, 0.416895, -0.499168, 0.394557, 0.125556]
[0.626501, 0.369852, -0.498948, 0.276087, 0.393785]
[0.677693, 0.408716, -0.499396, 0.34916, 0.113576]
[0.509175, 0.31098, -0.499737, 0.34317, 0.393843]
[0.639026, 0.225535, -0.499468, 0.333856, 0.460053]
[0.283648, 0.265014, -0.498714, 0.269062, 0.466772]
[0.595722, 0.222747, -0.498496, 0.355138, 0.07471]
[0.311757, 0.352085, -0.499893, 0.39736, 0.043728]
[0.590061, 0.283863, -0.499429, 0.316809, 0.005493]
[0.585768, 0.228511, -0.499382, 0.270566, 0.316082]
[0.354647, 0.164256, -0.499263, 0.347684, 0.373032]
[0.463796, 0.167601, -0.49997, 0.254908, 0.14024]
[0.509194, 0.270378, -0.499708, 0.282047, 0.390657]
[0.385602, 0.191411, -0.49856, 0.396522, 0.355415]
[0.54907, 0.34242, -0.499058, 0.483509, 0.310324]
[0.28003, 0.424135, -0.499486, 0.287991, 0.284632]
[0.476431, 0.214854, -0.499169, 0.479284, 0.276059]
[0.674455, 0.273538, -0.499223, 0.280357, 0.306916]
[0.542537, 0.271837, -0.498689, 0.495417, 0.381448]
[0.566618, 0.326498, -0.499963, 0.343159, 0.44568]
[0.327594, 0.378065, -0.499616, 0.22854, 0.1864]
[0.437189, 0.161177, -0.499134, 0.251952, 0.143585]
[0.29943, 0.275131, -0.499087, 0.343358, 0.466558]
[0.608277, 0.284737, -0.49846, 0.478345, 0.273078]
[0.379341, 0.215978, -0.499866, 0.490108, 0.309887]
[0.654506, 0.24458, -0.498948, 0.290705, 0.209042]
[0.615388, 0.253417, -0.498719, 0.345217, 0.424835]
[0.298936, 0.298948, -0.499568, 0.335054, 0.043183]
[0.598107, 0.447442, -0.499029, 0.378188, 0.362608]
[0.387347, 0.325865, -0.498597, 0.390792, 0.359459]
[0.52747, 0.159285, -0.498469, 0.432073, 0.464287]
[0.269891, 0.274716, -0.498742, 0.228032, 0.091988]
[0.587938, 0.477502, -0.498717, 0.270305, 0.138517]
[0.390592, 0.336558, -0.49912, 0.469124, 0.231171]
[0.519429, 0.221654, -0.498905, 0.296168, 0.193753]
[0.598355, 0.227077, -0.499862, 0.463778, 0.298696]
[0.610983, 0.394319, -0.499574, 0.379244, 0.282828]
[0.515298, 0.136508, -0.499318, 0.320534, 0.176956]
[0.528289, 0.460602, -0.499823, 0.31135, 0.34491]
[0.496427, 0.24999, -0.498644, 0.370465, 0.437058]
[0.614968, 0.124695, -0.499161, 0.461874, 0.387652]
[0.605007, 0.490515, -0.498772, 0.455084, 0.156838]
[0.527365, 0.153997, -0.498641, 0.421284, 0.376468]
[0.66958, 0.301746, -0.499966, 0.400539, 0.016336]
[0.537482, 0.346844, -0.499651, 0.485276, 0.026279]
[0.403977, 0.48599, -0.499245, 0.47389, 0.073621]
[0.539218, 0.440108, -0.499111, 0.350979, 0.412241]
[0.62477, 0.250044, -0.498754, 0.359124, 0.364648]
[0.425764, 0.383435, -0.499752, 0.405489, 0.335207]
[0.441665, 0.479941, -0.499444, 0.33097, 0.413233]
[0.642242, 0.26418, -0.498912, 0.452655, 0.280578]
[0.435042, 0.390203, -0.499554, 0.360757, 0.242319]
[0.333901, 0.489194, -0.499808, 0.368878, 0.115416]
[0.367756, 0.373859, -0.499719, 0.332305, 0.201196]
[0.351073, 0.451225, -0.4995, 0.231571, 0.34699]
[0.442374, 0.329889, -0.498892, 0.48929, 0.043887]
[0.578647, 0.384107, -0.49901, 0.242687, 0.433782]
[0.270058, 0.271538, -0.499054, 0.491931, 0.090302]
[0.40221, 0.139871, -0.499275, 0.496948, 0.04479]
[0.613821, 0.212156, -0.498446, 0.477568, 0.462268]
[0.459445, 0.201428, -0.499022, 0.333128, 0.278031]
[0.472942, 0.482849, -0.498979, 0.488315, 0.005584]
[0.426975, 0.440587, -0.499273, 0.354926, 0.437098]
[0.307832, 0.175697, -0.499274, 0.263623, 0.435274]
[0.414445, 0.347151, -0.49868, 0.47393, 0.376046]
[0.435261, 0.202074, -0.498814, 0.487068, 0.394763]
[0.577822, 0.383821, -0.498761, 0.229687, 0.042615]
[0.312105, 0.398613, -0.499124, 0.424737, 0.146687]
[0.429181, 0.278513, -0.499615, 0.278266, 0.157364]
[0.462153, 0.466011, -0.499127, 0.271331, 0.203424]
[0.34559, 0.362695, -0.499536, 0.430133, 0.376859]
[0.556429, 0.307206, -0.499492, 0.414135, 0.016126]
[0.46743, 0.246837, -0.499886, 0.496203, 0.077133]
[0.604977, 0.474767, -0.499091, 0.250523, 0.392864]
[0.678129, 0.43774, -0.499367, 0.232735, 0.032]
[0.589672, 0.339112, -0.499983, 0.352484, 0.162414]
[0.590351, 0.405798, -0.499442, 0.496389, 0.062535]
[0.472755, 0.313233, -0.499268, 0.315467, 0.050969]
[0.556876, 0.170091, -0.498475, 0.329078, 0.091166]
[0.461627, 0.302416, -0.499433, 0.307959, 0.080136]
[0.309172, 0.453343, -0.498729, 0.248517, 0.45389]
[0.628447, 0.347002, -0.498409, 0.298378, 0.29817]
[0.315695, 0.298811, -0.499631, 0.353245, 0.471256]
[0.316867, 0.480644, -0.499623, 0.336647, 0.310238]
[0.489635, 0.423565, -0.49914, 0.42394, 0.373893]
[0.589015, 0.409071, -0.498881, 0.488641, 0.096158]
[0.628859, 0.204235, -0.499637, 0.359776, 0.182251]
[0.291526, 0.149087, -0.49956, 0.319429, 0.375444]
[0.505443, 0.381491, -0.499075, 0.412236, 0.000987]
[0.380294, 0.272682, -0.498482, 0.314359, 0.104538]
[0.57305, 0.364891, -0.498739, 0.466679, 0.372693]
[0.280665, 0.47349, -0.498455, 0.249881, 0.402906]
[0.585329, 0.256363, -0.49883, 0.283711, 0.221267]
[0.654372, 0.403123, -0.499929, 0.449608, 0.119497]
[0.324268, 0.239559, -0.498629, 0.499918, 0.222125]
[0.376843, 0.355571, -0.498714, 0.434009, 0.159024]
[0.468446, 0.446891, -0.498532, 0.300169, 0.439743]
[0.345554, 0.219499, -0.49908, 0.444222, 0.153718]
[0.612184, 0.410553, -0.4993, 0.498005, 0.247504]
[0.442277, 0.338436, -0.499006, 0.252391, 0.138311]
[0.502806, 0.147759, -0.49909, 0.478352, 0.335537]
[0.311243, 0.325088, -0.498972, 0.244021, 0.131106]
[0.664687, 0.133443, -0.498882, 0.331969, 0.407881]
[0.337107, 0.441648, -0.49939, 0.261262, 0.440635]
[0.339185, 0.406038, -0.499148, 0.35667, 0.111369]
[0.637079, 0.430441, -0.499159, 0.368933, 0.307505]
[0.2843, 0.300678, -0.498757, 0.398082, 0.306196]
[0.658576, 0.136388, -0.498509, 0.43529, 0.280487]
[0.288445, 0.122614, -0.499452, 0.257079, 0.137238]
[0.316214, 0.359472, -0.49864, 0.380609, 0.194599]
[0.279634, 0.341932, -0.498473, 0.353787, 0.353444]
[0.394346, 0.373654, -0.499018, 0.22798, 0.3319]
[0.676812, 0.177885, -0.499904, 0.287376, 0.12123]
[0.662563, 0.16498, -0.499219, 0.343596, 0.222467]
[0.611515, 0.423702, -0.498765, 0.285672, 0.211055]
[0.534281, 0.228755, -0.499634, 0.445682, 0.188221]
[0.368867, 0.451677, -0.49905, 0.269084, 0.307671]
[0.6779, 0.323016, -0.499116, 0.408116, 0.327708]
[0.36902, 0.149573, -0.499907, 0.23874, 0.248155]
[0.358908, 0.19245, -0.498734, 0.429142, 0.134434]
[0.590101, 0.48148, -0.499128, 0.443422, 0.458413]
[0.52007, 0.279387, -0.499693, 0.356991, 0.12853]
[0.33166, 0.435229, -0.499049, 0.228592, 0.29675]
[0.350327, 0.252516, -0.499695, 0.365916, 0.480611]
[0.461078, 0.263856, -0.49988, 0.252868, 0.471217]
[0.651564, 0.462804, -0.499339, 0.465641, 0.194256]
[0.560709, 0.36846, -0.49972, 0.430782, 0.423088]
[0.302298, 0.429467, -0.499759, 0.38095, 0.178509]
[0.441088, 0.31477, -0.498858, 0.373887, 0.156436]
[0.574666, 0.442959, -0.498711, 0.356895, 0.375575]
[0.298491, 0.472968, -0.499783, 0.23483, 0.470009]
[0.3065, 0.213115, -0.499028, 0.370377, 0.454424]
[0.4246, 0.268511, -0.499268, 0.33716, 0.218289]
[0.45177, 0.342179, -0.49917, 0.490017, 0.346634]
[0.449518, 0.492315, -0.498783, 0.329614, 0.461584]
[0.579547, 0.406246, -0.498888, 0.381899, 0.160573]
[0.455103, 0.276607, -0.498595, 0.378713, 0.44192]
[0.572873, 0.411034, -0.498813, 0.262458, 0.15537]
[0.642871, 0.370015, -0.498914, 0.263225, 0.38632]
[0.326459, 0.111801, -0.499166, 0.350327, 0.173941]
[0.286882, 0.229342, -0.498789, 0.449085, 0.389232]
[0.559573, 0.203289, -0.498478, 0.39142, 0.349928]
[0.501291, 0.313809, -0.498584, 0.243986, 0.277004]
[0.443017, 0.15928, -0.499757, 0.440847, 0.236025]
[0.312956, 0.288595, -0.499992, 0.484984, 0.242718]
[0.675643, 0.447133, -0.499767, 0.270763, 0.124848]
[0.458338, 0.424924, -0.498507, 0.228288, 0.215832]
[0.593913, 0.13441, -0.498616, 0.471072, 0.414182]
[0.610018, 0.42344, -0.498835, 0.494043, 0.441818]
[0.450532, 0.455422, -0.498614, 0.253311, 0.206515]
[0.524842, 0.434796, -0.499478, 0.490285, 0.437367]
[0.572011, 0.317569, -0.498604, 0.302011, 0.190745]
[0.669231, 0.480098, -0.49996, 0.264501, 0.31393]
[0.520159, 0.315469, -0.49981, 0.242849, 0.187195]
[0.361512, 0.185311, -0.498946, 0.258081, 0.080304]
[0.394553, 0.131705, -0.499373, 0.450932, 0.217382]
[0.667759, 0.147372, -0.499888, 0.440154, 0.465698]
[0.471728, 0.404641, -0.49892, 0.306823, 0.088616]
[0.273312, 0.1839, -0.498416, 0.299216, 0.378129]
[0.490499, 0.216771, -0.498586, 0.332767, 0.474713]
[0.507469, 0.215764, -0.498923, 0.342096, 0.464215]
[0.483426, 0.422587, -0.499922, 0.478245, 0.311916]
[0.509534, 0.333596, -0.499793, 0.430471, 0.211348]
[0.370724, 0.192113, -0.498683, 0.499787, 0.305824]
[0.53133, 0.351632, -0.499921, 0.371932, 0.091993]
[0.309462, 0.45989, -0.498983, 0.432017, 0.279812]
[0.637108, 0.472816, -0.498934, 0.49821, 0.259536]
[0.570199, 0.458428, -0.499572, 0.278577, 0.078054]
[0.595853, 0.493066, -0.49947, 0.3379, 0.158363]
[0.520412, 0.20319, -0.498674, 0.480018, 0.158394]
[0.409301, 0.227224, -0.498718, 0.296573, 0.116021]
[0.376598, 0.284466, -0.499982, 0.453292, 0.25709]
[0.674251, 0.437744, -0.499473, 0.441696, 0.413089]
[0.280331, 0.469024, -0.499828, 0.41049, 0.179792]
[0.45718, 0.115467, -0.498607, 0.456337, 0.184777]
[0.412401, 0.252755, -0.499073, 0.28074, 0.480014]
[0.611594, 0.305892, -0.499454, 0.372457, 0.432931]
[0.412518, 0.457441, -0.498936, 0.371503, 0.021456]
[0.390842, 0.231296, -0.49986, 0.34785, 0.045103]
[0.472746, 0.407533, -0.499639, 0.461735, 0.139659]
[0.41898, 0.390686, -0.499209, 0.232168, 0.073544]
[0.318287, 0.352034, -0.49944, 0.421469, 0.391925]
[0.38578, 0.445549, -0.498446, 0.445355, 0.455632]
[0.674854, 0.471522, -0.499814, 0.436677, 0.390456]
[0.387299, 0.270441, -0.498987, 0.478755, 0.139683]
[0.495049, 0.39054, -0.49978, 0.260169, 0.014256]
[0.298732, 0.338074, -0.499564, 0.421989, 0.109125]
[0.289461, 0.355795, -0.498588, 0.358631, 0.259888]
[0.528091, 0.236168, -0.498814, 0.361639, 0.335243]
[0.504599, 0.314046, -0.499611, 0.302836, 0.336311]
[0.467643, 0.472397, -0.498922, 0.426275, 0.397246]
[0.447452, 0.454651, -0.498704, 0.409476, 0.274708]
[0.662506, 0.172463, -0.499361, 0.257444, 0.328584]
[0.555761, 0.463481, -0.499964, 0.424557, 0.139371]
[0.473269, 0.287314, -0.499138, 0.238204, 0.22113]
[0.364224, 0.157539, -0.49882, 0.361016, 0.209615]
[0.630987, 0.124474, -0.499914, 0.484987, 0.496403]
[0.466723, 0.236949, -0.499707, 0.441504, 0.170448]
[0.355394, 0.484365, -0.499186, 0.291462, 0.365934]
[0.334854, 0.132043, -0.498994, 0.398696, 0.348686]
[0.523017, 0.254899, -0.499355, 0.315433, 0.102698]
[0.679702, 0.448688, -0.498492, 0.325924, 0.14269]
[0.571664, 0.308728, -0.499161, 0.284645, 0.058596]
[0.647111, 0.400938, -0.499532, 0.446571, 0.062653]
[0.523275, 0.414976, -0.499476, 0.286865, 0.207675]
[0.58205, 0.216535, -0.499418, 0.401579, 0.128929]
[0.557345, 0.484741, -0.499795, 0.264277, 0.095843]
[0.468035, 0.489375, -0.499132, 0.487565, 0.439552]
[0.480235, 0.452091, -0.499539, 0.407786, 0.378563]
[0.419515, 0.473305, -0.499, 0.285442, 0.168402]
[0.624165, 0.182569, -0.498779, 0.289995, 0.173174]
[0.563209, 0.403682, -0.499581, 0.232776, 0.401352]
[0.282016, 0.333255, -0.498846, 0.464111, 0.171819]
[0.3674, 0.436317, -0.498825, 0.459659, 0.374026]
[0.558353, 0.457474, -0.499326, 0.469596, 0.364717]
[0.577771, 0.26231, -0.499447, 0.435003, 0.380907]
[0.385228, 0.2699, -0.498528, 0.373221, 0.034245]
[0.612447, 0.172711, -0.499553, 0.311914, 0.494395]
[0.490321, 0.217669, -0.499028, 0.416351, 0.033679]
[0.310234, 0.380336, -0.499568, 0.24386, 0.200642]
[0.430566, 0.396588, -0.499382, 0.380451, 0.405169]
[0.369084, 0.395823, -0.499198, 0.433865, 0.099606]
[0.464082, 0.45515, -0.499363, 0.287631, 0.312622]
[0.341633, 0.168067, -0.499184, 0.412419, 0.432209]
[0.62896, 0.127394, -0.499459, 0.473214, 0.0]
[0.511394, 0.268861, -0.499523, 0.348987, 0.145659]
[0.473318, 0.295571, -0.499329, 0.251408, 0.446487]
[0.671287, 0.321239, -0.499096, 0.366173, 0.298688]
[0.298389, 0.442335, -0.499097, 0.488237, 0.173086]
[0.627248, 0.352835, -0.498903, 0.487648, 0.365186]
[0.675729, 0.488235, -0.498988, 0.344265, 0.07214]
[0.547848, 0.226453, -0.499107, 0.326865, 0.040049]
[0.549124, 0.261652, -0.499462, 0.250251, 0.093975]
[0.500887, 0.436383, -0.498991, 0.326372, 0.258313]
[0.573382, 0.159056, -0.499032, 0.375131, 0.314856]
[0.428804, 0.177281, -0.499085, 0.294521, 0.487416]
[0.593878, 0.379422, -0.499645, 0.428575, 0.159192]
[0.388776, 0.313921, -0.499358, 0.424523, 0.432622]
[0.539625, 0.275575, -0.499773, 0.239316, 0.450904]
[0.374476, 0.213371, -0.499695, 0.392669, 0.393189]
[0.340993, 0.127044, -0.499097, 0.333144, 0.244788]
[0.317941, 0.44995, -0.498505, 0.288861, 0.14578]
[0.659882, 0.278864, -0.498963, 0.329834, 0.176697]
[0.509386, 0.399812, -0.498876, 0.43397, 0.371931]
[0.354154, 0.329677, -0.499724, 0.273032, 0.271399]
[0.400668, 0.27211, -0.498921, 0.262765, 0.476697]
[0.448916, 0.216729, -0.498419, 0.473705, 0.0838]
[0.366608, 0.176353, -0.499061, 0.412589, 0.322816]
[0.423693, 0.283848, -0.499188, 0.268687, 0.212013]
[0.523282, 0.21952, -0.499414, 0.363652, 0.3188]
[0.294962, 0.307477, -0.49895, 0.285187, 0.245152]
[0.652972, 0.25932, -0.499678, 0.457681, 0.398793]
[0.528649, 0.371581, -0.499671, 0.320154, 0.321725]
[0.503604, 0.462103, -0.499736, 0.355213, 0.405122]
[0.447656, 0.19629, -0.498902, 0.420969, 0.009463]
[0.477837, 0.397946, -0.498631, 0.285699, 0.425388]
[0.299133, 0.260876, -0.498419, 0.497622, 0.227343]
[0.589974, 0.34166, -0.498734, 0.364302, 0.39028]
[0.291295, 0.211481, -0.499968, 0.245334, 0.0425]
[0.471056, 0.376466, -0.499608, 0.488813, 0.067448]
[0.472152, 0.448151, -0.49996, 0.25431, 0.29599]
[0.301112, 0.274583, -0.499849, 0.317583, 0.282269]
[0.60299, 0.131143, -0.498827, 0.393998, 0.280801]
[0.302203, 0.44074, -0.49998, 0.267992, 0.198789]
[0.548732, 0.454083, -0.499827, 0.369099, 0.390874]
[0.62933, 0.245616, -0.499297, 0.463131, 0.045591]
[0.272818, 0.268774, -0.499578, 0.261059, 0.379153]
[0.362126, 0.427438, -0.499722, 0.238965, 0.21002]
[0.511226, 0.16194, -0.498809, 0.311048, 0.042619]
[0.317149, 0.216043, -0.498418, 0.381234, 0.385785]
[0.277831, 0.374978, -0.499157, 0.404823, 0.134889]
[0.664261, 0.340252, -0.499918, 0.442011, 0.267465]
[0.432123, 0.31465, -0.498592, 0.242978, 0.126866]
[0.623561, 0.231093, -0.498803, 0.362121, 0.355367]
[0.344279, 0.232788, -0.49842, 0.439516, 0.409878]
[0.422232, 0.118964, -0.499652, 0.249908, 0.23996]
[0.450247, 0.115967, -0.499777, 0.255063, 0.444758]
[0.382542, 0.127628, -0.499916, 0.477691, 0.491958]
[0.583114, 0.362343, -0.498491, 0.373357, 0.002792]
[0.271813, 0.314123, -0.499112, 0.434297, 0.338879]
[0.596774, 0.262921, -0.49937, 0.230912, 0.37227]
[0.528799, 0.285211, -0.498652, 0.380982, 0.083569]
[0.671644, 0.280259, -0.49965, 0.334934, 0.143847]
[0.317506, 0.357991, -0.499949, 0.342111, 0.425124]
[0.422015, 0.380167, -0.49844, 0.498792, 0.286401]
[0.35755, 0.333931, -0.499382, 0.295224, 0.005996]
[0.296555, 0.295883, -0.498984, 0.396312, 0.16758]
[0.595738, 0.394302, -0.498854, 0.357912, 0.248681]
[0.507209, 0.144331, -0.499924, 0.373269, 0.127492]
[0.335566, 0.11492, -0.499918, 0.383946, 0.342264]
[0.581947, 0.423139, -0.498778, 0.339566, 0.197002]
[0.529028, 0.213707, -0.49928, 0.350152, 0.240676]
[0.489339, 0.453707, -0.499335, 0.394667, 0.325916]
[0.613268, 0.470242, -0.498811, 0.440748, 0.283323]
[0.537986, 0.325984, -0.499942, 0.438075, 0.160296]
[0.3434, 0.362563, -0.498484, 0.428618, 0.358745]
[0.316575, 0.424302, -0.499098, 0.25904, 0.396641]
[0.557074, 0.278826, -0.4997, 0.335131, 0.186419]
[0.377809, 0.443434, -0.499537, 0.365879, 0.25456]
[0.62427, 0.314729, -0.499375, 0.462656, 0.092541]
[0.319022, 0.486372, -0.499999, 0.411883, 0.04277]
[0.348569, 0.294703, -0.49907, 0.321969, 0.389147]
[0.501554, 0.430007, -0.499072, 0.355688, 0.36501]
[0.569553, 0.427349, -0.498974, 0.348544, 0.010699]
[0.604453, 0.186619, -0.498473, 0.487785, 0.277753]
[0.436033, 0.407032, -0.499875, 0.359314, 0.103064]
[0.297176, 0.257294, -0.498763, 0.434146, 0.054677]
[0.508064, 0.397721, -0.499403, 0.28459, 0.3468]
[0.544419, 0.269859, -0.498735, 0.474206, 0.297824]
[0.582208, 0.171653, -0.498903, 0.268583, 0.393874]
[0.347748, 0.285701, -0.499885, 0.433404, 0.373454]
[0.593635, 0.15308, -0.499762, 0.330248, 0.008881]
[0.386371, 0.444487, -0.49992, 0.278348, 0.433682]
[0.322536, 0.142225, -0.499265, 0.292122, 0.479985]
[0.475639, 0.118227, -0.498616, 0.33641, 0.088512]
[0.560656, 0.381559, -0.499253, 0.448556, 0.157576]
[0.567631, 0.321776, -0.499765, 0.360581, 0.454227]
[0.310337, 0.219756, -0.498829, 0.442935, 0.212366]
[0.625589, 0.329539, -0.499948, 0.481516, 0.253905]
[0.56587, 0.384754, -0.498491, 0.441059, 0.034403]
[0.59892, 0.190762, -0.499067, 0.312811, 0.340629]
[0.455298, 0.290815, -0.498612, 0.425432, 0.119587]
[0.420516, 0.225305, -0.499413, 0.317191, 0.007801]
[0.331147, 0.274687, -0.499556, 0.466227, 0.108616]
[0.577457, 0.318117, -0.49919, 0.446686, 0.38022]
[0.294698, 0.283636, -0.498976, 0.414938, 0.39671]
[0.366535, 0.343022, -0.499297, 0.368978, 0.308246]
[0.678612, 0.378969, -0.49939, 0.429982, 0.192106]
[0.2779, 0.404127, -0.498932, 0.424545, 0.285865]
[0.648814, 0.169943, -0.498949, 0.408742, 0.359501]
[0.545582, 0.317632, -0.499384, 0.350629, 0.484565]
[0.465954, 0.13684, -0.498413, 0.403385, 0.41606]
[0.394853, 0.151123, -0.499606, 0.470499, 0.355088]
[0.614818, 0.354644, -0.499733, 0.236635, 0.440109]
[0.611927, 0.196191, -0.498664, 0.387323, 0.309399]
[0.360104, 0.146672, -0.498818, 0.401524, 0.252033]
[0.396262, 0.239029, -0.499436, 0.425523, 0.38665]
[0.292427, 0.419646, -0.499416, 0.410651, 0.054486]
[0.371639, 0.429952, -0.499982, 0.37811, 0.139102]
[0.513057, 0.240943, -0.499171, 0.428968, 0.453487]
[0.501895, 0.358023, -0.498457, 0.46935, 0.140309]
[0.488075, 0.168613, -0.498606, 0.295973, 0.122358]
[0.613945, 0.270378, -0.499335, 0.489016, 0.145179]
[0.456157, 0.217267, -0.499989, 0.294891, 0.337027]
[0.38557, 0.398549, -0.499143, 0.389589, 0.03193]
[0.40954, 0.335249, -0.49969, 0.376314, 0.149377]
[0.477964, 0.222205, -0.498776, 0.261901, 0.057241]
[0.521727, 0.228275, -0.499404, 0.439667, 0.36318]
[0.583659, 0.425172, -0.499562, 0.468704, 0.474034]
[0.56772, 0.2318, -0.498817, 0.395287, 0.465519]
[0.475721, 0.459896, -0.498923, 0.326933, 0.105231]
[0.366363, 0.346834, -0.498659, 0.405456, 0.452885]
[0.678196, 0.480699, -0.498949, 0.325547, 0.087348]
[0.506337, 0.223193, -0.499842, 0.330028, 0.476796]
[0.379053, 0.11311, -0.49899, 0.391304, 0.344514]
[0.426011, 0.495774, -0.499309, 0.40137, 0.0008]
[0.532526, 0.299025, -0.499393, 0.27434, 0.443628]
[0.379609, 0.344014, -0.499983, 0.390937, 0.149667]
[0.271787, 0.469136, -0.498552, 0.478829, 0.436853]
[0.306699, 0.400676, -0.498568, 0.435548, 0.377925]
[0.281792, 0.220228, -0.498446, 0.402518, 0.155124]
[0.275753, 0.317911, -0.499083, 0.281912, 0.166563]
[0.535269, 0.471004, -0.498722, 0.277493, 0.347739]
[0.341404, 0.30505, -0.499547, 0.32245, 0.307682]
[0.635417, 0.394898, -0.498664, 0.389819, 0.134081]
[0.640461, 0.150305, -0.499755, 0.430688, 0.471415]
[0.664961, 0.427405, -0.49887, 0.466364, 0.49886]
[0.333373, 0.256949, -0.499283, 0.234984, 0.056247]
[0.326662, 0.302126, -0.499472, 0.39686, 0.104508]
[0.383313, 0.48055, -0.49994, 0.369965, 0.092972]
[0.353416, 0.445794, -0.498604, 0.23317, 0.4762]
[0.669324, 0.47701, -0.498499, 0.2628, 0.134018]
[0.290388, 0.363336, -0.499859, 0.436328, 0.031281]
[0.45408, 0.485631, -0.499965, 0.368782, 0.145328]
[0.610774, 0.496645, -0.499863, 0.287319, 0.25676]
[0.519166, 0.251492, -0.499603, 0.328289, 0.140106]
[0.677862, 0.487163, -0.499661, 0.336454, 0.103817]
[0.337393, 0.41122, -0.498462, 0.335916, 0.410428]
[0.496506, 0.181283, -0.499616, 0.464922, 0.494877]
[0.307194, 0.405933, -0.498983, 0.398653, 0.205907]
[0.319834, 0.124842, -0.49973, 0.300182, 0.079249]
[0.402656, 0.245777, -0.499753, 0.309502, 0.259626]
[0.677027, 0.479107, -0.499778, 0.25602, 0.223137]
[0.307456, 0.425057, -0.498522, 0.255449, 0.054812]
[0.474109, 0.433299, -0.499667, 0.281124, 0.083896]
[0.286363, 0.235873, -0.498802, 0.293749, 0.064449]
[0.552041, 0.408097, -0.499685, 0.289715, 0.283661]
[0.511015, 0.123762, -0.499694, 0.440825, 0.211104]
[0.596466, 0.264087, -0.498836, 0.391416, 0.426371]
[0.325374, 0.214346, -0.498841, 0.348786, 0.25502]
[0.291251, 0.267146, -0.499883, 0.349215, 0.429113]
[0.472678, 0.125213, -0.498451, 0.463303, 0.229605]
[0.559195, 0.486814, -0.499755, 0.338702, 0.315933]
[0.269405, 0.329353, -0.499964, 0.247143, 0.143148]
[0.295099, 0.401183, -0.498963, 0.446697, 0.015077]
[0.282592, 0.449729, -0.498773, 0.469285, 0.075449]
[0.655548, 0.458834, -0.498828, 0.232295, 0.179854]
[0.562852, 0.367898, -0.498947, 0.255752, 0.188417]
[0.60097, 0.392637, -0.498528, 0.366612, 0.115863]
[0.408433, 0.160905, -0.498623, 0.464492, 0.160872]
[0.566792, 0.268729, -0.499636, 0.290032, 0.417322]
[0.40716, 0.493459, -0.49971, 0.256405, 0.335215]
[0.464427, 0.368917, -0.499882, 0.429128, 0.433123]
[0.29955, 0.133246, -0.499828, 0.272585, 0.301027]
[0.472637, 0.221119, -0.499859, 0.270803, 0.312402]
[0.456484, 0.115302, -0.499461, 0.347409, 0.005615]
[0.297858, 0.345436, -0.498717, 0.333549, 0.288533]
[0.526281, 0.454976, -0.499064, 0.355057, 0.164083]
[0.513367, 0.358226, -0.499427, 0.236048, 0.143206]
[0.358954, 0.118625, -0.499177, 0.277595, 0.408995]
[0.455742, 0.188922, -0.499668, 0.356561, 0.465023]
[0.394249, 0.303674, -0.498786, 0.489756, 0.083738]
[0.595276, 0.493724, -0.499672, 0.260571, 0.331661]
[0.457089, 0.240376, -0.499755, 0.357497, 0.01548]
[0.624969, 0.250853, -0.499972, 0.289263, 0.243728]
[0.297805, 0.418608, -0.499345, 0.386408, 0.407596]
[0.552568, 0.214667, -0.499342, 0.380603, 0.480187]
[0.336568, 0.443921, -0.499832, 0.357044, 0.373669]
[0.449985, 0.284456, -0.499117, 0.331929, 0.125952]
[0.295458, 0.125285, -0.498615, 0.317062, 0.303523]
[0.533576, 0.385791, -0.499663, 0.265574, 0.13295]
[0.388892, 0.452529, -0.499951, 0.26853, 0.091562]
[0.389546, 0.226079, -0.499109, 0.379021, 0.367642]
[0.673703, 0.402074, -0.499462, 0.234044, 0.119935]
[0.372087, 0.275174, -0.499152, 0.486442, 0.484887]
[0.297973, 0.146964, -0.498858, 0.385329, 0.023352]
[0.590428, 0.355667, -0.499885, 0.354969, 0.147387]
[0.419741, 0.452915, -0.498715, 0.380242, 0.280981]
[0.370927, 0.34701, -0.49914, 0.274064, 0.356138]
[0.561595, 0.375402, -0.498687, 0.231909, 0.105421]
[0.387515, 0.245075, -0.499814, 0.3738, 0.477554]
[0.404139, 0.152257, -0.499586, 0.295854, 0.385304]
[0.591059, 0.416694, -0.49922, 0.470719, 0.456415]
[0.592356, 0.285968, -0.499293, 0.38529, 0.296372]
[0.546334, 0.180012, -0.499195, 0.475887, 0.410166]
[0.288636, 0.201225, -0.499416, 0.404908, 0.198439]
[0.60551, 0.458041, -0.49973, 0.460124, 0.30837]
[0.46945, 0.308112, -0.499309, 0.379454, 0.150468]
[0.27138, 0.234906, -0.499384, 0.296532, 0.014795]
[0.523937, 0.154857, -0.498421, 0.345352, 0.073053]
[0.63464, 0.373696, -0.499702, 0.273299, 0.116665]
[0.553856, 0.189725, -0.499891, 0.424749, 0.102269]
[0.545795, 0.157052, -0.498834, 0.403643, 0.49012]
[0.480275, 0.455461, -0.498969, 0.278843, 0.460136]
[0.594192, 0.461171, -0.498636, 0.460082, 0.353601]
[0.427827, 0.206094, -0.499024, 0.348842, 0.279803]
[0.363879, 0.323597, -0.499256, 0.266467, 0.255185]
[0.294367, 0.121184, -0.499604, 0.248225, 0.497741]
[0.565065, 0.126584, -0.49928, 0.398357, 0.242191]
[0.480577, 0.318446, -0.499676, 0.297157, 0.217505]
[0.506104, 0.47236, -0.499297, 0.28575, 0.280435]
[0.474748, 0.32724, -0.499226, 0.463579, 0.182408]
[0.460561, 0.301122, -0.499855, 0.256325, 0.095962]
[0.496462, 0.396815, -0.499772, 0.310991, 0.305268]
[0.295388, 0.146261, -0.498859, 0.418199, 0.165133]
[0.276915, 0.115944, -0.499247, 0.250488, 0.358785]
[0.375694, 0.185398, -0.499238, 0.414165, 0.19944]
[0.49351, 0.162177, -0.498646, 0.314009, 0.061758]
[0.594343, 0.114397, -0.498486, 0.430406, 0.091194]
[0.440034, 0.318326, -0.498593, 0.278027, 0.485964]
[0.324462, 0.178713, -0.498649, 0.42798, 0.313809]
[0.449005, 0.317523, -0.499029, 0.494085, 0.006185]
[0.316225, 0.186949, -0.499165, 0.381633, 0.137141]
[0.415926, 0.212599, -0.499632, 0.298814, 0.146534]
[0.416278, 0.3099, -0.498595, 0.488759, 0.108994]
[0.316201, 0.473044, -0.49961, 0.418401, 0.334324]
[0.577057, 0.155489, -0.498635, 0.337873, 0.45381]
[0.617167, 0.140712, -0.499772, 0.43614, 0.349251]
[0.54295, 0.330935, -0.498915, 0.453805, 0.247719]
[0.437537, 0.369507, -0.498988, 0.336723, 0.212925]
[0.585921, 0.112643, -0.499062, 0.310726, 0.477667]
[0.521609, 0.195392, -0.499595, 0.368576, 0.173093]
[0.434866, 0.125254, -0.499949, 0.276997, 0.309682]
[0.422986, 0.281085, -0.499529, 0.28712, 0.480676]
[0.624987, 0.406971, -0.499033, 0.457442, 0.030664]
[0.581648, 0.476087, -0.498764, 0.23895, 0.119258]
[0.664327, 0.223256, -0.499771, 0.306045, 0.275306]
[0.308012, 0.200496, -0.498564, 0.370973, 0.077318]
[0.529068, 0.178509, -0.499129, 0.342067, 0.010948]
[0.607441, 0.265206, -0.499016, 0.417701, 0.49561]
[0.314402, 0.315182, -0.498861, 0.269, 0.261921]
[0.426487, 0.48581, -0.49987, 0.262265, 0.45253]
[0.649509, 0.40489, -0.499067, 0.482595, 0.226321]
[0.510865, 0.399022, -0.499453, 0.265577, 0.286198]
[0.660782, 0.16427, -0.499191, 0.499991, 0.023956]
[0.552769, 0.472753, -0.499649, 0.343457, 0.333866]
[0.406643, 0.31055, -0.498935, 0.403386, 0.258284]
[0.638576, 0.161782, -0.498801, 0.302358, 0.001146]
[0.40683, 0.299782, -0.499979, 0.303032, 0.136653]
[0.473344, 0.145813, -0.499162, 0.288059, 0.435938]
[0.556155, 0.448028, -0.498474, 0.332761, 0.226925]
[0.554947, 0.455045, -0.499929, 0.355192, 0.381411]
[0.515559, 0.119188, -0.498603, 0.345768, 0.001789]
[0.356122, 0.335722, -0.499186, 0.244358, 0.234192]
[0.531506, 0.473438, -0.499687, 0.453926, 0.208327]
[0.371459, 0.389636, -0.498653, 0.25206, 0.472684]
[0.316187, 0.274969, -0.499763, 0.352146, 0.396464]
[0.279623, 0.345433, -0.499348, 0.479144, 0.445974]
[0.466069, 0.373192, -0.49856, 0.488113, 0.470818]
[0.414221, 0.182136, -0.49913, 0.313546, 0.149089]
[0.373309, 0.152114, -0.499597, 0.420101, 0.17492]
[0.299407, 0.245701, -0.498771, 0.469822, 0.400251]
[0.645052, 0.167261, -0.499533, 0.396668, 0.180212]
[0.569957, 0.477253, -0.499229, 0.459025, 0.142026]
[0.673744, 0.24134, -0.499645, 0.383218, 0.187258]
[0.37082, 0.265759, -0.499788, 0.382309, 0.29266]
[0.508608, 0.166685, -0.498941, 0.275901, 0.401323]
[0.626332, 0.149732, -0.499677, 0.4776, 0.403551]
[0.615663, 0.310572, -0.499659, 0.305478, 0.396948]
[0.668652, 0.363477, -0.499559, 0.292995, 0.118099]
[0.396804, 0.160462, -0.498516, 0.480176, 0.148705]
[0.301824, 0.199953, -0.499704, 0.281065, 0.141911]
[0.334351, 0.195491, -0.499785, 0.263416, 0.295567]
[0.601913, 0.349425, -0.4999, 0.364574, 0.286157]
[0.564385, 0.362542, -0.499717, 0.456673, 0.113916]
[0.60573, 0.374491, -0.49906, 0.231439, 0.00625]
[0.34108, 0.231146, -0.49861, 0.280042, 0.221032]
[0.501658, 0.400848, -0.499097, 0.380658, 0.395259]
[0.277991, 0.136175, -0.49986, 0.242613, 0.13173]
[0.56234, 0.3437, -0.498544, 0.403171, 0.380163]
[0.446805, 0.450311, -0.49931, 0.387629, 0.15161]
[0.529575, 0.305538, -0.499752, 0.418386, 0.031924]
[0.313342, 0.33139, -0.499442, 0.374243, 0.446694]
[0.277532, 0.154942, -0.498867, 0.402818, 0.185037]
[0.543661, 0.389503, -0.499454, 0.227419, 0.472643]
[0.40806, 0.244449, -0.499718, 0.231388, 0.208595]
[0.601257, 0.274401, -0.498734, 0.293389, 0.098256]
[0.397758, 0.418338, -0.499608, 0.283033, 0.135232]
[0.317543, 0.36688, -0.499372, 0.486894, 0.371859]
[0.286701, 0.480808, -0.498866, 0.318511, 0.36396]
[0.36859, 0.274169, -0.499283, 0.435523, 0.069799]
[0.674657, 0.183207, -0.49918, 0.406855, 0.400597]
[0.292799, 0.155411, -0.499593, 0.454058, 0.373438]
[0.402179, 0.471608, -0.499215, 0.495089, 0.38722]
[0.522824, 0.314509, -0.49999, 0.392553, 0.148376]
[0.458256, 0.136974, -0.499058, 0.46251, 0.084058]
[0.420198, 0.171479, -0.498511, 0.292756, 0.129144]
[0.55265, 0.225248, -0.499076, 0.279718, 0.4737]
[0.319762, 0.222987, -0.499347, 0.497278, 0.437354]
[0.334375, 0.383679, -0.499377, 0.319768, 0.46232]
[0.552164, 0.498548, -0.499579, 0.264636, 0.153262]
[0.289924, 0.252685, -0.499827, 0.263388, 0.258258]
[0.445811, 0.350508, -0.498969, 0.48209, 0.165366]
[0.472046, 0.147343, -0.498499, 0.4027, 0.027567]
[0.407609, 0.468083, -0.499982, 0.274345, 0.366419]
[0.525134, 0.287777, -0.49917, 0.438251, 0.291614]
[0.515933, 0.377722, -0.499236, 0.450096, 0.311029]
[0.528827, 0.219747, -0.499533, 0.254587, 0.00612]
[0.45412, 0.22699, -0.498477, 0.304715, 0.096991]
[0.323054, 0.310421, -0.499622, 0.331121, 0.026726]
[0.622515, 0.126488, -0.49848, 0.360291, 0.392379]
[0.339727, 0.49523, -0.499866, 0.280979, 0.44139]
[0.427628, 0.457911, -0.499142, 0.470695, 0.437454]
[0.356685, 0.217801, -0.499989, 0.381138, 0.254268]
[0.380064, 0.349495, -0.499527, 0.466757, 0.484551]
[0.357715, 0.253332, -0.498937, 0.276832, 0.231025]
[0.634022, 0.223934, -0.498662, 0.487633, 0.111324]
[0.623626, 0.276581, -0.498457, 0.257619, 0.288422]
[0.2883, 0.399147, -0.499375, 0.244164, 0.320245]
[0.653965, 0.330546, -0.498483, 0.42987, 0.354559]
[0.522791, 0.302699, -0.498643, 0.265807, 0.413681]
[0.638063, 0.393244, -0.499511, 0.454643, 0.052404]
[0.370149, 0.47153, -0.499067, 0.440803, 0.098633]
[0.471859, 0.495417, -0.49973, 0.400251, 0.401365]
[0.383011, 0.236283, -0.499451, 0.352753, 0.179278]
[0.632799, 0.292927, -0.499, 0.234609, 0.365914]
[0.524701, 0.373519, -0.499225, 0.42122, 0.17176]
[0.449682, 0.298296, -0.499457, 0.471132, 0.19336]
[0.388989, 0.316392, -0.499342, 0.273546, 0.274399]
[0.328831, 0.126947, -0.499751, 0.337046, 0.133679]
[0.385461, 0.250428, -0.498888, 0.3824, 0.381285]
[0.614487, 0.353883, -0.499554, 0.413067, 0.132711]
[0.66445, 0.306093, -0.498539, 0.362979, 0.159232]
[0.474839, 0.15951, -0.498607, 0.327747, 0.446017]
[0.368196, 0.176957, -0.499079, 0.487961, 0.08762]
[0.516812, 0.26756, -0.499508, 0.419079, 0.274035]
[0.540213, 0.161218, -0.498786, 0.26883, 0.495907]
[0.468551, 0.471637, -0.499786, 0.477491, 0.093122]
[0.40981, 0.291529, -0.498534, 0.453889, 0.211091]
[0.677416, 0.167365, -0.499012, 0.346139, 0.15615]
[0.590967, 0.27629, -0.499274, 0.296887, 0.425991]
[0.299305, 0.219789, -0.499251, 0.347242, 0.321836]
[0.309815, 0.211572, -0.498409, 0.353412, 0.229343]
[0.424465, 0.473527, -0.498642, 0.385541, 0.064535]
[0.284227, 0.372273, -0.499263, 0.380501, 0.47941]
[0.279383, 0.382346, -0.499378, 0.404169, 0.099724]
[0.515772, 0.381705, -0.499414, 0.454077, 0.462193]
[0.332383, 0.198392, -0.499324, 0.255171, 0.266675]
[0.457471, 0.255742, -0.499512, 0.251947, 0.051836]
[0.589104, 0.3989, -0.499887, 0.313054, 0.181164]
[0.338562, 0.258564, -0.498802, 0.395977, 0.197064]
[0.296515, 0.208743, -0.49855, 0.47558, 0.360811]
[0.369976, 0.22314, -0.499095, 0.399623, 0.443288]
[0.677841, 0.397673, -0.499757, 0.277718, 0.352219]
[0.380496, 0.148091, -0.49874, 0.270985, 0.202049]
[0.531549, 0.293582, -0.499719, 0.262363, 0.116741]
[0.447312, 0.498897, -0.499506, 0.303161, 0.089496]
[0.461426, 0.241063, -0.499109, 0.22902, 0.417558]
[0.310715, 0.302327, -0.498439, 0.395734, 0.316952]
[0.391152, 0.441657, -0.498986, 0.269632, 0.078386]
[0.636996, 0.189974, -0.499054, 0.331887, 0.38705]
[0.52865, 0.429463, -0.499249, 0.416595, 0.458622]
[0.487557, 0.429102, -0.499705, 0.38676, 0.180413]
[0.448305, 0.41692, -0.499942, 0.275654, 0.304087]
[0.305148, 0.377561, -0.498889, 0.419367, 0.042476]
[0.675007, 0.227765, -0.49891, 0.448276, 0.209515]
[0.509782, 0.283684, -0.498979, 0.357055, 0.231352]
[0.570303, 0.355727, -0.499069, 0.433594, 0.182283]
[0.648195, 0.167671, -0.499008, 0.492421, 0.300997]
[0.639078, 0.477341, -0.49971, 0.294146, 0.106722]
[0.415503, 0.417619, -0.499556, 0.368241, 0.235489]
[0.62598, 0.476977, -0.499732, 0.359334, 0.485149]
[0.50774, 0.189901, -0.498949, 0.393466, 0.144578]
[0.50332, 0.209139, -0.498485, 0.373805, 0.05898]
[0.434004, 0.497401, -0.499023, 0.278769, 0.316511]
[0.557843, 0.116931, -0.499332, 0.340372, 0.479475]
[0.57765, 0.315382, -0.498841, 0.265691, 0.250631]
[0.339962, 0.170843, -0.499689, 0.323216, 0.315938]
[0.496722, 0.49631, -0.499815, 0.358072, 0.467833]
[0.622034, 0.233401, -0.498461, 0.43113, 0.487657]
[0.675245, 0.155938, -0.498426, 0.33803, 0.274462]
[0.620369, 0.324825, -0.498675, 0.31819, 0.350327]
[0.581064, 0.40709, -0.499504, 0.356084, 0.144229]
[0.299637, 0.490262, -0.498635, 0.241878, 0.112227]
[0.622488, 0.264748, -0.499729, 0.342867, 0.268377]
[0.63216, 0.196027, -0.499166, 0.405369, 0.256258]
[0.350816, 0.159448, -0.499356, 0.388131, 0.366155]
[0.614968, 0.32536, -0.499763, 0.254247, 0.496752]
[0.528747, 0.240327, -0.499538, 0.363647, 0.320119]
[0.419895, 0.392362, -0.499012, 0.411447, 0.005155]
[0.653061, 0.325711, -0.499166, 0.352168, 0.475799]
[0.541881, 0.310784, -0.499685, 0.420967, 0.258008]
[0.390399, 0.37089, -0.499427, 0.431308, 0.341341]
[0.540603, 0.31329, -0.498906, 0.237019, 0.156223]
[0.300154, 0.195919, -0.499646, 0.414672, 0.012148]
[0.568725, 0.403846, -0.49862, 0.370376, 0.275073]
[0.367704, 0.369144, -0.499441, 0.230478, 0.284045]
[0.504279, 0.208447, -0.49939, 0.231166, 0.488628]
[0.501762, 0.267117, -0.498448, 0.45823, 0.466335]
[0.30701, 0.127813, -0.498649, 0.274439, 0.218525]
[0.578473, 0.3928, -0.498598, 0.353255, 0.033712]
[0.351231, 0.231671, -0.499787, 0.302333, 0.209234]
[0.616667, 0.197669, -0.499716, 0.474664, 0.383441]
[0.278029, 0.146556, -0.498503, 0.264753, 0.020589]
[0.369843, 0.442982, -0.499946, 0.485479, 0.073683]
[0.575027, 0.423733, -0.499863, 0.26813, 0.002772]
[0.302545, 0.234894, -0.499835, 0.398662, 0.444269]
[0.35717, 0.43982, -0.499172, 0.262185, 0.116328]
[0.308629, 0.389299, -0.498849, 0.410204, 0.493777]
[0.653024, 0.342434, -0.49862, 0.255889, 0.443319]
[0.594357, 0.324005, -0.499551, 0.364279, 0.071809]
[0.278023, 0.138421, -0.498869, 0.346339, 0.060774]
[0.424968, 0.475273, -0.499754, 0.294676, 0.29959]
[0.438954, 0.158339, -0.499264, 0.429456, 0.359572]
[0.461778, 0.452605, -0.498914, 0.228907, 0.306245]
[0.614294, 0.219636, -0.498705, 0.31686, 0.195408]
[0.640726, 0.235088, -0.499513, 0.499263, 0.071378]
[0.339327, 0.196672, -0.499447, 0.344892, 0.043067]
[0.455519, 0.343237, -0.499121, 0.489511, 0.309442]
[0.359358, 0.197912, -0.49853, 0.424755, 0.289555]
[0.615403, 0.210521, -0.499635, 0.264726, 0.415801]
[0.487391, 0.282969, -0.49898, 0.270431, 0.234189]
[0.548968, 0.421038, -0.499452, 0.463204, 0.158283]
[0.528855, 0.348623, -0.499273, 0.477259, 0.10384]
[0.508328, 0.278257, -0.498826, 0.365293, 0.118085]
[0.276492, 0.30666, -0.498516, 0.38365, 0.284212]
[0.566566, 0.393709, -0.499008, 0.47255, 0.374754]
[0.41958, 0.277607, -0.499576, 0.415548, 0.166501]
[0.419749, 0.482714, -0.498717, 0.316816, 0.182625]
[0.628277, 0.215353, -0.498954, 0.246236, 0.456372]
[0.634312, 0.242687, -0.499537, 0.465246, 0.293456]
[0.437111, 0.438688, -0.499034, 0.454642, 0.468717]
[0.592589, 0.357887, -0.499282, 0.452837, 0.463124]
[0.41853, 0.112796, -0.498763, 0.449889, 0.009887]
[0.338024, 0.464016, -0.498569, 0.340177, 0.405563]
[0.586667, 0.15036, -0.498429, 0.319317, 0.124201]
[0.519644, 0.242743, -0.499916, 0.344041, 0.404732]
[0.483808, 0.422561, -0.498649, 0.401838, 0.274159]
[0.538531, 0.11763, -0.499296, 0.448511, 0.40415]
[0.314931, 0.134988, -0.499303, 0.346962, 0.413896]
[0.34628, 0.472051, -0.498587, 0.253284, 0.203805]
[0.578737, 0.419587, -0.49879, 0.496584, 0.105882]
[0.291071, 0.479016, -0.499389, 0.43282, 0.486052]
[0.432283, 0.147858, -0.49936, 0.469398, 0.334634]
[0.312476, 0.201523, -0.498453, 0.474436, 0.008763]
[0.504309, 0.430611, -0.499916, 0.385107, 0.314503]
[0.607269, 0.142906, -0.498506, 0.25304, 0.239709]
[0.305291, 0.166601, -0.499527, 0.316861, 0.470189]
[0.678734, 0.365685, -0.499297, 0.378798, 0.251363]
[0.546223, 0.349643, -0.499071, 0.304584, 0.093937]
[0.679251, 0.487937, -0.498459, 0.447551, 0.275004]
[0.46058, 0.318061, -0.499049, 0.411143, 0.095399]
[0.387656, 0.496684, -0.499385, 0.455269, 0.229997]
[0.654721, 0.213724, -0.499134, 0.431753, 0.098912]
[0.327157, 0.338698, -0.499078, 0.421333, 0.329141]
[0.395017, 0.348976, -0.499431, 0.241271, 0.376172]
[0.603796, 0.114171, -0.498898, 0.413626, 0.348521]
[0.676771, 0.364476, -0.498925, 0.257728, 0.385615]
[0.666894, 0.485377, -0.499097, 0.247575, 0.356822]
[0.345045, 0.266727, -0.499969, 0.252937, 0.283398]
[0.670364, 0.311263, -0.498818, 0.34475, 0.331647]
[0.611181, 0.157588, -0.498871, 0.408587, 0.083911]
[0.31993, 0.252281, -0.499938, 0.242251, 0.289097]
[0.508539, 0.315237, -0.499818, 0.476221, 0.416257]
[0.550389, 0.172226, -0.49949, 0.331566, 0.494863]
[0.457268, 0.134307, -0.498467, 0.305521, 0.079299]
[0.59869, 0.347315, -0.499518, 0.333678, 0.430977]
[0.323046, 0.487195, -0.49914, 0.4852, 0.367591]
[0.296688, 0.150843, -0.499582, 0.340928, 0.174233]
[0.329192, 0.158798, -0.499568, 0.292294, 0.498287]
[0.462273, 0.300841, -0.498634, 0.367409, 0.300244]
[0.630909, 0.123239, -0.499573, 0.338752, 0.117339]
[0.277861, 0.342844, -0.499349, 0.376565, 0.107813]
[0.496971, 0.237173, -0.499048, 0.287753, 0.395976]
[0.618648, 0.163887, -0.499476, 0.236727, 0.155612]
[0.655068, 0.442166, -0.499287, 0.495792, 0.489938]
[0.340794, 0.43341, -0.498753, 0.321242, 0.100041]
[0.409643, 0.322089, -0.499932, 0.298218, 0.45147]
[0.55275, 0.441263, -0.499198, 0.459511, 0.495993]
[0.532521, 0.492253, -0.499963, 0.358544, 0.213546]
[0.646437, 0.24932, -0.499319, 0.35024, 0.47562]
[0.612105, 0.293903, -0.499892, 0.335892, 0.379435]
[0.642322, 0.323703, -0.499691, 0.472465, 0.383302]
[0.566296, 0.284495, -0.499925, 0.413105, 0.497313]
[0.661604, 0.328278, -0.499576, 0.262614, 0.081178]
[0.511114, 0.180339, -0.499227, 0.479796, 0.425982]
[0.524163, 0.231356, -0.498747, 0.468113, 0.151829]
[0.302085, 0.264478, -0.499369, 0.411225, 0.292681]
[0.587762, 0.220057, -0.499597, 0.45548, 0.346217]
[0.348341, 0.377084, -0.499669, 0.460746, 0.096522]
[0.47132, 0.244968, -0.499093, 0.252202, 0.014977]
[0.450139, 0.159099, -0.499152, 0.247911, 0.114465]
[0.452521, 0.285799, -0.499461, 0.390525, 0.461928]
[0.632894, 0.219627, -0.499513, 0.495659, 0.054981]
[0.569758, 0.492568, -0.498694, 0.324478, 0.194096]
[0.443091, 0.455516, -0.499512, 0.446087, 0.117462]
[0.612259, 0.170421, -0.498829, 0.494985, 0.118456]
[0.557245, 0.34173, -0.499599, 0.28821, 0.374912]
[0.582483, 0.470571, -0.498891, 0.30865, 0.418343]
[0.560707, 0.253931, -0.499354, 0.284172, 0.175899]
[0.275508, 0.187373, -0.498413, 0.397521, 0.078738]
[0.405426, 0.290348, -0.49889, 0.306335, 0.300543]
[0.617395, 0.199279, -0.499468, 0.321446, 0.487283]
[0.331462, 0.161286, -0.498868, 0.234974, 0.055105]
[0.271171, 0.19112, -0.498871, 0.448315, 0.318095]
[0.640721, 0.285989, -0.498645, 0.289936, 0.363991]
[0.402568, 0.205601, -0.499199, 0.2573, 0.208717]
[0.56641, 0.241673, -0.499804, 0.370232, 0.044309]
[0.605186, 0.178512, -0.499427, 0.290202, 0.325369]
[0.487152, 0.230302, -0.499347, 0.251352, 0.279243]
[0.277858, 0.454227, -0.499929, 0.260458, 0.273992]
[0.428856, 0.160251, -0.498962, 0.233377, 0.126914]
[0.364692, 0.490146, -0.499508, 0.310586, 0.25626]
[0.615949, 0.490058, -0.498998, 0.273472, 0.363493]
[0.428582, 0.384599, -0.499027, 0.36326, 0.141966]
[0.675261, 0.321482, -0.498816, 0.496627, 0.200592]
[0.581484, 0.3068, -0.498876, 0.489084, 0.395847]
[0.529572, 0.289912, -0.499188, 0.354408, 0.323016]
[0.472725, 0.39318, -0.498954, 0.346723, 0.361087]
[0.392688, 0.235044, -0.499286, 0.292464, 0.313723]
[0.496846, 0.20946, -0.498835, 0.258257, 0.301103]
[0.618559, 0.494793, -0.498493, 0.490416, 0.355669]
[0.32308, 0.151687, -0.499067, 0.448771, 0.261959]
[0.298884, 0.423319, -0.498576, 0.308968, 0.232453]
[0.423468, 0.193118, -0.499335, 0.228555, 0.329612]
[0.554015, 0.422071, -0.499286, 0.310562, 0.092351]
[0.608772, 0.354921, -0.499903, 0.472467, 0.257745]
[0.494633, 0.473448, -0.499414, 0.268302, 0.162744]
[0.564754, 0.217787, -0.499875, 0.47942, 0.417506]
[0.4609, 0.488268, -0.499322, 0.280757, 0.081449]
[0.52315, 0.473504, -0.499749, 0.466294, 0.431838]
[0.467871, 0.409841, -0.499703, 0.431521, 0.392273]
[0.470661, 0.344316, -0.499003, 0.236382, 0.010119]
[0.605064, 0.178507, -0.499775, 0.443074, 0.0944]
[0.67269, 0.241422, -0.499022, 0.406706, 0.156247]
[0.434822, 0.173248, -0.499613, 0.372483, 0.172573]
[0.322865, 0.456842, -0.498739, 0.36332, 0.062583]
[0.661202, 0.420021, -0.499153, 0.369717, 0.234276]
[0.535719, 0.320491, -0.498818, 0.425599, 0.411423]
[0.388525, 0.214568, -0.499982, 0.316288, 0.264774]
[0.361667, 0.453327, -0.499819, 0.240021, 0.461726]
[0.2707, 0.198232, -0.499607, 0.47739, 0.297494]
[0.535187, 0.469639, -0.499511, 0.456859, 0.20798]
[0.310855, 0.261407, -0.499751, 0.488117, 0.089235]
[0.347498, 0.40556, -0.4985, 0.445313, 0.414156]
[0.605328, 0.377759, -0.499811, 0.42794, 0.273197]
[0.428677, 0.468906, -0.498733, 0.252823, 0.141178]
[0.286582, 0.479106, -0.49912, 0.421181, 0.217809]
[0.604242, 0.204051, -0.498535, 0.393626, 0.111804]
[0.645939, 0.400558, -0.499502, 0.375025, 0.147413]
[0.530311, 0.169001, -0.498825, 0.4496, 0.362103]
[0.276408, 0.132148, -0.498585, 0.326126, 0.279355]
[0.629604, 0.202497, -0.498707, 0.34609, 0.121873]
[0.637229, 0.244889, -0.499493, 0.441096, 0.492469]
[0.552241, 0.479502, -0.498572, 0.31658, 0.380958]
[0.48913, 0.381686, -0.498782, 0.258243, 0.401395]
[0.580138, 0.436374, -0.498626, 0.277587, 0.431957]
[0.520279, 0.465685, -0.499645, 0.457814, 0.105906]
[0.468342, 0.219864, -0.498661, 0.454125, 0.342232]
[0.405352, 0.194297, -0.499186, 0.389051, 0.403018]
[0.36158, 0.193312, -0.498606, 0.360737, 0.449308]
[0.382019, 0.329015, -0.4986, 0.394714, 0.221306]
[0.555303, 0.445882, -0.498886, 0.326879, 0.109442]
[0.540525, 0.440719, -0.499694, 0.403561, 0.208595]
[0.312911, 0.124413, -0.498843, 0.376897, 0.031958]
[0.435821, 0.294819, -0.499666, 0.497377, 0.366398]
[0.596705, 0.280053, -0.49895, 0.352759, 0.490784]
[0.336994, 0.159647, -0.499928, 0.310353, 0.281861]
[0.536423, 0.415519, -0.498778, 0.496525, 0.188967]
[0.511949, 0.124725, -0.498444, 0.495652, 0.185054]
[0.339607, 0.118802, -0.499036, 0.473879, 0.035769]
[0.497392, 0.299156, -0.498726, 0.482755, 0.404732]
[0.292183, 0.49621, -0.499734, 0.236538, 0.291731]
[0.479148, 0.378407, -0.498987, 0.299232, 0.051153]
[0.457938, 0.142973, -0.499777, 0.374914, 0.000115]
[0.443922, 0.289646, -0.499067, 0.351519, 0.294121]
[0.56874, 0.169259, -0.49969, 0.445009, 0.167804]
[0.656719, 0.151743, -0.499605, 0.342407, 0.199393]
[0.626788, 0.249936, -0.499116, 0.334699, 0.149337]
[0.517662, 0.365752, -0.499396, 0.227407, 0.387297]
[0.310178, 0.279302, -0.499552, 0.276276, 0.111885]
[0.498044, 0.340733, -0.498625, 0.477469, 0.205725]
[0.4414, 0.394461, -0.498656, 0.319742, 0.039612]
[0.312212, 0.326433, -0.499241, 0.46895, 0.363364]
[0.419332, 0.260938, -0.499525, 0.362281, 0.340664]
[0.295646, 0.186002, -0.499041, 0.262493, 0.448405]
[0.2909, 0.139351, -0.498781, 0.478806, 0.44114]
[0.430007, 0.124444, -0.498601, 0.325662, 0.024965]
[0.391931, 0.150731, -0.499569, 0.404526, 0.229361]
[0.275309, 0.357494, -0.4997, 0.354535, 0.340732]
[0.39109, 0.39688, -0.498647, 0.278211, 0.241818]
[0.590488, 0.342683, -0.499702, 0.472181, 0.396165]
[0.347595, 0.117142, -0.499836, 0.470941, 0.147197]
[0.330596, 0.464835, -0.499398, 0.490946, 0.103752]
[0.630895, 0.333753, -0.499786, 0.495245, 0.135377]
[0.569059, 0.37972, -0.49921, 0.47405, 0.065644]
[0.495165, 0.454846, -0.499519, 0.354135, 0.384372]
[0.656394, 0.33529, -0.499508, 0.492444, 0.043576]
[0.35362, 0.324627, -0.498418, 0.482979, 0.137957]
[0.439072, 0.460529, -0.498731, 0.415215, 0.117256]
[0.454239, 0.277901, -0.49907, 0.357812, 0.321855]
[0.454213, 0.317792, -0.499609, 0.49926, 0.350367]
[0.419197, 0.177478, -0.498824, 0.253591, 0.388712]
[0.30858, 0.421318, -0.499633, 0.347031, 0.068176]
[0.412721, 0.455209, -0.49977, 0.49821, 0.224551]
[0.388148, 0.40039, -0.499331, 0.334822, 0.162987]
[0.441938, 0.331295, -0.498599, 0.246265, 0.035288]
[0.393161, 0.257638, -0.499234, 0.284883, 0.095228]
[0.322217, 0.167051, -0.499668, 0.405043, 0.416307]
[0.426636, 0.18922, -0.499546, 0.474084, 0.376835]
[0.520658, 0.168989, -0.498459, 0.390612, 0.326111]
[0.570771, 0.455592, -0.499508, 0.24434, 0.124514]
[0.525909, 0.428303, -0.499451, 0.458463, 0.328855]
[0.279655, 0.176372, -0.499236, 0.291742, 0.298003]
[0.509241, 0.310898, -0.498428, 0.412458, 0.314025]
[0.589284, 0.238929, -0.498919, 0.422393, 0.172513]
[0.485583, 0.250189, -0.499401, 0.365378, 0.275978]
[0.500713, 0.217725, -0.498424, 0.344709, 0.028832]
[0.602212, 0.267273, -0.498538, 0.257232, 0.124696]
[0.323968, 0.452397, -0.498763, 0.379007, 0.262658]
[0.39129, 0.437016, -0.499556, 0.398435, 0.077143]
[0.37019, 0.323284, -0.499848, 0.309008, 0.289902]
[0.293134, 0.256943, -0.499918, 0.439335, 0.018315]
[0.392012, 0.318494, -0.498422, 0.342443, 0.470361]
[0.45821, 0.430468, -0.499579, 0.33225, 0.183124]
[0.336057, 0.297643, -0.499965, 0.495417, 0.132671]
[0.446983, 0.290088, -0.4985, 0.474431, 0.299912]
[0.560567, 0.476542, -0.49902, 0.418329, 0.373047]
[0.442342, 0.307035, -0.499835, 0.331268, 0.111419]
[0.569673, 0.121955, -0.499117, 0.441277, 0.246842]
[0.327562, 0.449065, -0.499879, 0.307116, 0.440947]
[0.437425, 0.303241, -0.499608, 0.306249, 0.218232]
[0.407906, 0.278767, -0.499463, 0.413262, 0.168066]
[0.353676, 0.176999, -0.499017, 0.357969, 0.337543]
[0.360742, 0.465234, -0.499311, 0.29929, 0.348914]
[0.468441, 0.339863, -0.499316, 0.391391, 0.374336]
[0.297217, 0.277057, -0.499936, 0.425754, 0.013913]
[0.623614, 0.418132, -0.499093, 0.281778, 0.063986]
[0.358148, 0.483287, -0.498798, 0.488252, 0.134481]
[0.556508, 0.227675, -0.498629, 0.296415, 0.041894]
[0.371241, 0.449901, -0.499816, 0.440094, 0.07873]
[0.502457, 0.348936, -0.499345, 0.478487, 0.306341]
[0.375452, 0.165293, -0.498655, 0.302179, 0.264073]
[0.461254, 0.304403, -0.499097, 0.234998, 0.11232]
[0.62229, 0.241711, -0.499499, 0.227511, 0.439657]
[0.478208, 0.393413, -0.499714, 0.479291, 0.013403]
[0.515923, 0.257871, -0.49895, 0.482225, 0.063993]
[0.485968, 0.478831, -0.498673, 0.447951, 0.01434]
[0.523623, 0.235545, -0.49854, 0.448173, 0.480973]
[0.581922, 0.323498, -0.499373, 0.310901, 0.148591]
[0.412272, 0.389524, -0.499266, 0.243564, 0.155247]
[0.497568, 0.417194, -0.49951, 0.259517, 0.379768]
[0.633417, 0.319841, -0.498969, 0.430082, 0.384606]
[0.359352, 0.219869, -0.498718, 0.327348, 0.244859]
[0.626025, 0.258764, -0.499871, 0.487616, 0.35999]
[0.654279, 0.23227, -0.499444, 0.260314, 0.198889]
[0.309962, 0.371665, -0.499739, 0.277169, 0.175264]
[0.270302, 0.431867, -0.499985, 0.227807, 0.484512]
[0.544627, 0.308201, -0.499369, 0.344015, 0.377578]
[0.49955, 0.359169, -0.499822, 0.494432, 0.407046]
[0.468671, 0.164932, -0.498736, 0.454803, 0.253733]
[0.548964, 0.366885, -0.498579, 0.323792, 0.452528]
[0.496207, 0.118585, -0.498591, 0.290432, 0.290489]
[0.543668, 0.457556, -0.498804, 0.371801, 0.044636]
[0.568689, 0.478072, -0.499042, 0.23016, 0.270327]
[0.279712, 0.272722, -0.499556, 0.334081, 0.299733]
[0.430397, 0.163275, -0.499734, 0.228993, 0.056214]
[0.340362, 0.282041, -0.499069, 0.464203, 0.051101]
[0.677495, 0.467477, -0.499803, 0.483268, 0.40534]
[0.648229, 0.303138, -0.499179, 0.33378, 0.428788]
[0.310611, 0.388681, -0.499391, 0.230849, 0.464121]
[0.400216, 0.239118, -0.499663, 0.33188, 0.14283]
[0.622149, 0.470514, -0.499215, 0.25864, 0.477014]
[0.523325, 0.176579, -0.498452, 0.319777, 0.014702]
[0.624548, 0.380389, -0.498511, 0.232352, 0.482408]
[0.45379, 0.282276, -0.499209, 0.435173, 0.293068]
[0.645971, 0.222324, -0.498607, 0.381637, 0.123554]
[0.625133, 0.170894, -0.499408, 0.270633, 0.300796]
[0.462707, 0.118471, -0.499083, 0.332327, 0.019676]
[0.597305, 0.276058, -0.498796, 0.282962, 0.101905]
[0.509831, 0.22715, -0.49852, 0.419308, 0.465455]
[0.625923, 0.335393, -0.498656, 0.240118, 0.449658]
[0.324607, 0.233331, -0.499923, 0.284227, 0.163487]
[0.464345, 0.140153, -0.499006, 0.325181, 0.26272]
[0.376422, 0.250394, -0.498923, 0.252409, 0.088843]
[0.5303, 0.303762, -0.499031, 0.239737, 0.311153]
[0.551657, 0.47008, -0.498576, 0.384259, 0.353233]
[0.302967, 0.225367, -0.499693, 0.35615, 0.244159]
[0.58671, 0.208151, -0.499574, 0.232547, 0.227839]
[0.378096, 0.275555, -0.499695, 0.250713, 0.458185]
[0.554099, 0.15765, -0.499381, 0.489331, 0.267666]
[0.583769, 0.115056, -0.498625, 0.298521, 0.434886]
[0.325594, 0.380342, -0.499227, 0.30587, 0.429616]
[0.677341, 0.296391, -0.49937, 0.37572, 0.211111]
[0.447183, 0.390326, -0.499111, 0.359013, 0.48944]
[0.295096, 0.375586, -0.498657, 0.448264, 0.257587]
[0.622341, 0.178447, -0.499932, 0.45919, 0.405401]
[0.419177, 0.446707, -0.49898, 0.394867, 0.454883]
[0.514639, 0.363958, -0.498481, 0.337549, 0.200477]
[0.522902, 0.451466, -0.499538, 0.491409, 0.414792]
[0.655856, 0.423925, -0.49859, 0.302053, 0.18785]
[0.5466, 0.315739, -0.499381, 0.237984, 0.211968]
[0.504893, 0.269345, -0.499043, 0.295656, 0.354914]
[0.540016, 0.468317, -0.498704, 0.241067, 0.370302]
[0.598245, 0.412877, -0.499154, 0.371998, 0.073301]
[0.33228, 0.398705, -0.499828, 0.311672, 0.141967]
[0.29847, 0.241367, -0.498644, 0.460385, 0.172904]
[0.537466, 0.162356, -0.499785, 0.311329, 0.140555]
[0.372721, 0.316574, -0.499423, 0.497185, 0.399726]
[0.412007, 0.198256, -0.49862, 0.360512, 0.360959]
[0.650573, 0.412932, -0.499853, 0.353516, 0.311281]
[0.320975, 0.377481, -0.49956, 0.457836, 0.094908]
[0.448288, 0.313595, -0.499557, 0.377194, 0.021925]
[0.422269, 0.224222, -0.499697, 0.229291, 0.170384]
[0.536156, 0.420102, -0.49963, 0.350003, 0.121451]
[0.368098, 0.198817, -0.499766, 0.36873, 0.183177]
[0.419958, 0.304371, -0.499229, 0.353872, 0.353929]
[0.49838, 0.42212, -0.498631, 0.381614, 0.259301]
[0.313149, 0.317131, -0.499461, 0.367774, 0.117156]
[0.632963, 0.394524, -0.49931, 0.314681, 0.435656]
[0.449686, 0.282569, -0.499738, 0.286489, 0.457259]
[0.445303, 0.384248, -0.499055, 0.448606, 0.49357]
[0.587604, 0.316922, -0.499753, 0.452877, 0.329954]
[0.488721, 0.2166, -0.498512, 0.257949, 0.415801]
[0.55959, 0.169793, -0.499452, 0.480438, 0.473951]
[0.287026, 0.433581, -0.499959, 0.248523, 0.072181]
[0.450862, 0.382326, -0.499494, 0.230779, 0.243803]
[0.362582, 0.207461, -0.49869, 0.276855, 0.06999]
[0.412126, 0.18404, -0.499215, 0.342842, 0.170202]
[0.375384, 0.470629, -0.499956, 0.375786, 0.329173]
[0.653723, 0.119556, -0.499363, 0.482455, 0.17105]
[0.466872, 0.290071, -0.498888, 0.238752, 0.467635]
[0.460621, 0.128643, -0.499212, 0.464108, 0.16599]
[0.576385, 0.346269, -0.499117, 0.462448, 0.398156]
[0.639437, 0.379273, -0.499404, 0.330038, 0.339262]
[0.554779, 0.181173, -0.499174, 0.309095, 0.359263]
[0.331512, 0.383685, -0.499992, 0.256902, 0.154574]
[0.516141, 0.196404, -0.498799, 0.460135, 0.331713]
[0.40729, 0.423412, -0.499079, 0.422939, 0.458948]
[0.645362, 0.173099, -0.498581, 0.283957, 0.060836]
[0.578835, 0.243588, -0.499794, 0.403035, 0.007491]
[0.535449, 0.27737, -0.499149, 0.441454, 0.405048]
[0.67264, 0.122922, -0.499927, 0.418052, 0.436017]
[0.346946, 0.283093, -0.498438, 0.275759, 0.402511]
[0.566891, 0.350803, -0.499102, 0.31293, 0.423255]
[0.314047, 0.164371, -0.498994, 0.260005, 0.446687]
[0.581665, 0.337225, -0.499636, 0.40238, 0.467787]
[0.333263, 0.113675, -0.499327, 0.453597, 0.319689]
[0.340332, 0.264553, -0.49962, 0.347421, 0.006895]
[0.444241, 0.472558, -0.499809, 0.444992, 0.341548]
[0.381256, 0.429326, -0.499097, 0.374903, 0.020854]
[0.546517, 0.401621, -0.499118, 0.454085, 0.104598]
[0.61109, 0.173361, -0.499673, 0.484466, 0.223982]
[0.338081, 0.203928, -0.498855, 0.381986, 0.37027]
[0.351041, 0.340763, -0.499838, 0.375254, 0.26095]
[0.309427, 0.457105, -0.499453, 0.347117, 0.40537]
[0.409039, 0.411867, -0.498537, 0.466415, 0.078717]
[0.349419, 0.333875, -0.498511, 0.285608, 0.200398]
[0.351125, 0.273301, -0.499537, 0.275524, 0.138327]
[0.655344, 0.464231, -0.499001, 0.24249, 0.481698]
[0.294604, 0.469836, -0.499263, 0.258386, 0.481307]
[0.525841, 0.232934, -0.49902, 0.300447, 0.464305]
[0.620308, 0.171983, -0.498754, 0.269701, 0.199043]
[0.586148, 0.41714, -0.49855, 0.373502, 0.197683]
[0.674346, 0.414274, -0.498495, 0.431981, 0.444266]
[0.310667, 0.347088, -0.499841, 0.263254, 0.12166]
[0.280836, 0.154931, -0.498933, 0.235984, 0.138713]
[0.56409, 0.271543, -0.498869, 0.318057, 0.116926]
[0.583174, 0.240759, -0.499876, 0.451165, 0.468453]
[0.367945, 0.422192, -0.498922, 0.472951, 0.45696]
[0.48453, 0.370795, -0.499905, 0.395348, 0.471655]
[0.607531, 0.116978, -0.499176, 0.44262, 0.014054]
[0.562901, 0.204487, -0.499853, 0.454537, 0.367318]
[0.376736, 0.413419, -0.499763, 0.24621, 0.495136]
[0.654958, 0.124997, -0.498746, 0.32582, 0.166927]
[0.496472, 0.16562, -0.499845, 0.362736, 0.277606]
[0.498749, 0.154942, -0.498892, 0.465735, 0.456903]
[0.592734, 0.253684, -0.499897, 0.333932, 0.460537]
[0.332138, 0.413033, -0.499368, 0.453024, 0.203777]
[0.439122, 0.303268, -0.499009, 0.386982, 0.412597]
[0.562648, 0.364964, -0.499678, 0.47773, 0.126495]
[0.494825, 0.257516, -0.499906, 0.482193, 0.145572]
[0.580674, 0.495287, -0.499768, 0.311374, 0.279604]
[0.290727, 0.26832, -0.499776, 0.304297, 0.140394]
[0.362462, 0.162172, -0.498421, 0.435698, 0.056185]
[0.356042, 0.484157, -0.49907, 0.272085, 0.174873]
[0.342001, 0.217772, -0.498808, 0.28084, 0.238584]
[0.567062, 0.123237, -0.499335, 0.371683, 0.099276]
[0.318558, 0.337661, -0.499501, 0.326029, 0.014359]
[0.400171, 0.472808, -0.499622, 0.435563, 0.082533]
[0.281973, 0.37673, -0.498459, 0.334181, 0.342234]
[0.515766, 0.124903, -0.499346, 0.471186, 0.177357]
[0.496697, 0.136745, -0.49871, 0.298543, 0.099394]
[0.500681, 0.400241, -0.499726, 0.456128, 0.350693]
[0.272839, 0.127734, -0.499355, 0.245515, 0.086079]
[0.47779, 0.16799, -0.498719, 0.28147, 0.033844]
[0.332928, 0.269145, -0.499667, 0.496233, 0.149809]
[0.286868, 0.271358, -0.499502, 0.33702, 0.257642]
[0.567931, 0.343983, -0.499903, 0.473421, 0.424689]
[0.383365, 0.344956, -0.498615, 0.447488, 0.33216]
[0.495437, 0.33067, -0.498933, 0.334781, 0.407316]
[0.315909, 0.366018, -0.498792, 0.265984, 0.474242]
[0.30707, 0.314639, -0.499794, 0.342655, 0.359802]
[0.436009, 0.319349, -0.499772, 0.347363, 0.226494]
[0.369701, 0.326574, -0.499059, 0.462985, 0.389514]
[0.281418, 0.21397, -0.498737, 0.498581, 0.322584]
[0.274868, 0.189252, -0.499389, 0.256488, 0.286722]
[0.667401, 0.459766, -0.499664, 0.406396, 0.2145]
[0.370938, 0.309745, -0.499062, 0.43514, 0.001109]
[0.522481, 0.146112, -0.498827, 0.246029, 0.273714]
[0.305379, 0.265777, -0.499293, 0.243639, 0.015361]
[0.368161, 0.218905, -0.499337, 0.358498, 0.194587]
[0.302714, 0.311119, -0.498639, 0.424734, 0.343934]
[0.421506, 0.194164, -0.499462, 0.297527, 0.483141]
[0.583285, 0.452443, -0.498509, 0.27003, 0.033519]
[0.604507, 0.489071, -0.4986, 0.31727, 0.391261]
[0.320656, 0.382537, -0.499636, 0.481245, 0.204637]
[0.36502, 0.209604, -0.499515, 0.300779, 0.115068]
[0.646937, 0.484091, -0.498417, 0.499268, 0.247246]
[0.33046, 0.222918, -0.499579, 0.465085, 0.310152]
[0.305642, 0.290675, -0.499818, 0.418474, 0.428035]
[0.664365, 0.303705, -0.499147, 0.253936, 0.100504]
[0.410858, 0.292913, -0.498689, 0.458696, 0.286559]
[0.39434, 0.322182, -0.49983, 0.273528, 0.452318]
[0.433897, 0.19987, -0.49956, 0.494664, 0.260792]
[0.411257, 0.221504, -0.498463, 0.420437, 0.015417]
[0.61667, 0.389223, -0.499906, 0.359365, 0.458241]
[0.554998, 0.27444, -0.499185, 0.337028, 0.405885]
[0.364246, 0.346558, -0.499729, 0.25567, 0.298803]
[0.384125, 0.121312, -0.499485, 0.426448, 0.06479]
[0.377205, 0.282505, -0.499763, 0.363719, 0.024782]
[0.396686, 0.483485, -0.499262, 0.321643, 0.10109]
[0.635265, 0.282675, -0.499602, 0.278123, 0.459587]
[0.648059, 0.150063, -0.498995, 0.49333, 0.35671]
[0.672976, 0.454274, -0.499339, 0.372307, 0.352393]
[0.527844, 0.326494, -0.498889, 0.479355, 0.433613]
[0.580517, 0.168038, -0.498493, 0.243482, 0.421547]
[0.641558, 0.122032, -0.499764, 0.270873, 0.409855]
[0.535402, 0.395634, -0.498648, 0.490427, 0.081221]
[0.336949, 0.427686, -0.498902, 0.311295, 0.291745]
[0.637006, 0.114706, -0.499062, 0.456378, 0.467824]
[0.560097, 0.389269, -0.499765, 0.462522, 0.209989]
[0.515328, 0.255591, -0.498426, 0.380854, 0.386224]
[0.576717, 0.213693, -0.499314, 0.264128, 0.277995]
[0.529784, 0.259676, -0.499389, 0.458456, 0.049043]
[0.653063, 0.379235, -0.498744, 0.251668, 0.033635]
[0.511742, 0.177919, -0.499162, 0.487193, 0.38592]
[0.33853, 0.370357, -0.499288, 0.401772, 0.31729]
[0.270599, 0.118089, -0.499331, 0.450272, 0.332118]
[0.322259, 0.383697, -0.498982, 0.47124, 0.463815]
[0.490881, 0.299391, -0.499142, 0.497586, 0.077217]
[0.291675, 0.350768, -0.499747, 0.330077, 0.121822]
[0.542699, 0.303896, -0.49898, 0.260969, 0.249252]
[0.42997, 0.308463, -0.498638, 0.489499, 0.440755]
[0.420526, 0.463796, -0.498472, 0.387755, 0.38008]
[0.280075, 0.472398, -0.499644, 0.398443, 0.012451]
[0.291718, 0.42376, -0.49942, 0.491347, 0.030369]
[0.331673, 0.465988, -0.498981, 0.251167, 0.364475]
[0.386291, 0.457687, -0.498919, 0.280098, 0.26542]
[0.435397, 0.425423, -0.499059, 0.393076, 0.199404]
[0.36253, 0.270937, -0.499039, 0.497858, 0.467313]
[0.648816, 0.415667, -0.498615, 0.448336, 0.064637]
[0.611562, 0.387025, -0.499669, 0.370394, 0.461662]
[0.605591, 0.132072, -0.499205, 0.459386, 0.318443]
[0.397222, 0.171679, -0.49892, 0.239383, 0.373185]
[0.58189, 0.190751, -0.498585, 0.37424, 0.431998]
[0.553433, 0.468749, -0.499296, 0.491353, 0.336709]
[0.626293, 0.437637, -0.498426, 0.279221, 0.261056]
[0.449464, 0.138039, -0.498662, 0.378847, 0.12896]
[0.596694, 0.200999, -0.498426, 0.296856, 0.407573]
[0.475527, 0.155933, -0.49971, 0.431707, 0.391514]
[0.311453, 0.401763, -0.499693, 0.413894, 0.379635]
[0.495939, 0.441358, -0.499295, 0.248324, 0.480109]
[0.364167, 0.246702, -0.499393, 0.241919, 0.140512]
[0.659949, 0.221604, -0.499734, 0.430871, 0.441063]
[0.633937, 0.473181, -0.499413, 0.418962, 0.166085]
[0.327499, 0.405333, -0.499609, 0.435012, 0.407905]
[0.521421, 0.466826, -0.498727, 0.241098, 0.430293]
[0.488262, 0.479449, -0.498951, 0.428905, 0.002362]
[0.398671, 0.282947, -0.498525, 0.420564, 0.067062]
[0.582726, 0.432561, -0.498708, 0.238299, 0.106056]
[0.656971, 0.230663, -0.498947, 0.372213, 0.172774]
[0.553433, 0.122819, -0.49921, 0.384444, 0.295921]
[0.626354, 0.445651, -0.499829, 0.280102, 0.109252]
[0.572401, 0.174355, -0.499318, 0.366148, 0.321841]
[0.365505, 0.404705, -0.499323, 0.377944, 0.007071]
[0.449361, 0.248087, -0.49871, 0.472457, 0.259508]
[0.459982, 0.233884, -0.498497, 0.355352, 0.163494]
[0.413239, 0.384929, -0.499671, 0.47054, 0.003693]
[0.511597, 0.24278, -0.499803, 0.476504, 0.49089]
[0.576219, 0.248065, -0.499875, 0.463833, 0.25316]
[0.627985, 0.349028, -0.498433, 0.256311, 0.266741]
[0.676207, 0.217598, -0.499391, 0.360925, 0.26397]
[0.427694, 0.261851, -0.499072, 0.247218, 0.072755]
[0.283956, 0.161927, -0.498668, 0.276513, 0.47694]
[0.353054, 0.379735, -0.49841, 0.44929, 0.42362]
[0.333504, 0.257723, -0.498933, 0.427058, 0.427384]
[0.468646, 0.465226, -0.499718, 0.404998, 0.01144]
[0.5318, 0.236859, -0.499425, 0.457048, 0.116288]
[0.327774, 0.138759, -0.498902, 0.327196, 0.230824]
[0.508362, 0.474527, -0.498498, 0.446195, 0.036228]
[0.323135, 0.214797, -0.499421, 0.261741, 0.242598]
[0.672602, 0.174125, -0.499731, 0.436294, 0.021163]
[0.649845, 0.443605, -0.498578, 0.338811, 0.216953]
[0.57871, 0.162478, -0.499547, 0.478314, 0.057633]
[0.299915, 0.474497, -0.498697, 0.45061, 0.137261]
[0.637961, 0.197355, -0.499328, 0.280581, 0.175522]
[0.40943, 0.147841, -0.498524, 0.285165, 0.048735]
[0.294389, 0.320109, -0.498441, 0.347384, 0.157722]
[0.604912, 0.367178, -0.498637, 0.415874, 0.156867]
[0.544741, 0.236242, -0.499463, 0.388506, 0.058392]
[0.283318, 0.478572, -0.499245, 0.311645, 0.030377]
[0.337881, 0.237531, -0.498647, 0.449822, 0.153103]
[0.588199, 0.209395, -0.49895, 0.361472, 0.065324]
[0.307877, 0.46937, -0.499848, 0.371304, 0.166723]
[0.572673, 0.43036, -0.499721, 0.43098, 0.427941]
[0.648883, 0.478475, -0.499729, 0.265203, 0.443429]
[0.339406, 0.375999, -0.499863, 0.249663, 0.418119]
[0.611016, 0.297635, -0.499817, 0.410028, 0.068957]
[0.679726, 0.125674, -0.49904, 0.254919, 0.299399]
[0.534037, 0.391193, -0.498492, 0.258735, 0.498336]
[0.656121, 0.221924, -0.498439, 0.322045, 0.175248]
[0.31359, 0.146728, -0.498793, 0.401249, 0.112698]
[0.36222, 0.398286, -0.499142, 0.430495, 0.023745]
[0.590399, 0.435461, -0.498897, 0.273046, 0.298576]
[0.647227, 0.218824, -0.499996, 0.462471, 0.068751]
[0.278864, 0.207103, -0.499412, 0.430966, 0.114457]
[0.351307, 0.428022, -0.499748, 0.308266, 0.288907]
[0.667291, 0.287251, -0.499201, 0.493488, 0.249764]
[0.465286, 0.424625, -0.499881, 0.258672, 0.293833]
[0.402966, 0.456844, -0.49939, 0.302775, 0.121472]
[0.417383, 0.231418, -0.499627, 0.373829, 0.461807]
[0.494539, 0.390192, -0.498477, 0.31327, 0.371669]
[0.373346, 0.308287, -0.498945, 0.248168, 0.465445]
[0.301954, 0.439997, -0.499813, 0.480907, 0.414773]
[0.429024, 0.330976, -0.499738, 0.235301, 0.405267]
[0.524491, 0.188456, -0.498996, 0.239953, 0.069182]
[0.656518, 0.467748, -0.498514, 0.272608, 0.047313]
[0.417623, 0.118434, -0.498737, 0.372333, 0.406777]
[0.535448, 0.165084, -0.499688, 0.292244, 0.372904]
[0.282022, 0.243209, -0.498607, 0.473486, 0.236665]
[0.384046, 0.160212, -0.498507, 0.426642, 0.070682]
[0.520396, 0.456229, -0.499093, 0.376461, 0.347121]
[0.669333, 0.474382, -0.498634, 0.24092, 0.223299]
[0.518684, 0.421115, -0.499545, 0.469553, 0.003779]
[0.503508, 0.130615, -0.49869, 0.439241, 0.165003]
[0.353709, 0.470759, -0.498489, 0.255382, 0.439821]
[0.55784, 0.275074, -0.499595, 0.396645, 0.414514]
[0.582058, 0.150911, -0.498974, 0.492178, 0.3883]
[0.311495, 0.319775, -0.499275, 0.31956, 0.213408]
[0.506541, 0.133762, -0.499576, 0.354512, 0.396182]
[0.668418, 0.284828, -0.498555, 0.474755, 0.005672]
[0.50136, 0.240945, -0.499643, 0.289582, 0.394388]
[0.311495, 0.326701, -0.499046, 0.414809, 0.485108]
[0.464604, 0.335636, -0.498414, 0.289696, 0.291054]
[0.395631, 0.379489, -0.499513, 0.479394, 0.317001]
[0.314025, 0.216437, -0.498671, 0.40909, 0.043202]
[0.640211, 0.338571, -0.498647, 0.267109, 0.088323]
[0.284518, 0.138765, -0.498572, 0.466165, 0.429441]
[0.521259, 0.146294, -0.499658, 0.473889, 0.027259]
[0.299322, 0.486737, -0.499274, 0.328507, 0.486617]
[0.395793, 0.279501, -0.499356, 0.296181, 0.231977]
[0.490399, 0.213627, -0.499987, 0.467674, 0.146595]
[0.623241, 0.226365, -0.499265, 0.41325, 0.118636]
[0.327617, 0.159967, -0.499204, 0.413954, 0.269249]
[0.36057, 0.47182, -0.498714, 0.332867, 0.285793]
[0.675792, 0.123564, -0.498793, 0.362617, 0.328083]
[0.551623, 0.325365, -0.498925, 0.376288, 0.45861]
[0.269699, 0.412873, -0.499956, 0.448473, 0.063101]
[0.336147, 0.320515, -0.499807, 0.282148, 0.043787]
[0.342751, 0.468029, -0.49906, 0.235135, 0.240873]
[0.598676, 0.213554, -0.498676, 0.362519, 0.365573]
[0.663381, 0.188776, -0.49988, 0.330204, 0.308775]
[0.465738, 0.364165, -0.499429, 0.319869, 0.281672]
[0.367881, 0.319167, -0.498428, 0.374943, 0.308317]
[0.294419, 0.226342, -0.498898, 0.436547, 0.16899]
[0.393299, 0.495461, -0.498811, 0.496383, 0.422855]
[0.561403, 0.397482, -0.499969, 0.406406, 0.205917]
[0.293481, 0.471086, -0.499682, 0.265052, 0.137031]
[0.331638, 0.383974, -0.499171, 0.487496, 0.446691]
[0.345854, 0.441305, -0.499112, 0.230365, 0.002434]
[0.649761, 0.459699, -0.499095, 0.478998, 0.246132]
[0.371257, 0.448957, -0.499763, 0.434576, 0.026739]
[0.317863, 0.305033, -0.499938, 0.460473, 0.414242]
[0.503257, 0.4553, -0.499904, 0.300004, 0.169634]
[0.366812, 0.139704, -0.499323, 0.319999, 0.089048]
[0.309108, 0.455349, -0.498575, 0.251171, 0.135996]
[0.289793, 0.316317, -0.499985, 0.433975, 0.171414]
[0.575243, 0.467592, -0.499245, 0.388948, 0.428925]
[0.602906, 0.159301, -0.499302, 0.42491, 0.362807]
[0.387993, 0.398402, -0.499546, 0.455975, 0.063645]
[0.600543, 0.427071, -0.49974, 0.421453, 0.223198]
[0.667816, 0.475649, -0.498762, 0.459141, 0.376241]
[0.299686, 0.322263, -0.499404, 0.377121, 0.348783]
[0.352702, 0.167579, -0.499468, 0.337362, 0.14147]
[0.481185, 0.11941, -0.49924, 0.262195, 0.105189]
[0.28771, 0.496431, -0.499414, 0.332966, 0.222055]
[0.303772, 0.319702, -0.499927, 0.239339, 0.292263]
[0.411721, 0.194854, -0.49908, 0.315657, 0.291783]
[0.388206, 0.242994, -0.499383, 0.277198, 0.237729]
[0.598731, 0.352086, -0.499745, 0.464043, 0.167798]
[0.542756, 0.124238, -0.499951, 0.307364, 0.106568]
[0.493936, 0.321878, -0.498436, 0.490415, 0.175101]
[0.393203, 0.290485, -0.498518, 0.266968, 0.207514]
[0.652115, 0.399094, -0.499195, 0.288555, 0.058691]
[0.389645, 0.485967, -0.499543, 0.398464, 0.038658]
[0.541535, 0.482466, -0.498873, 0.364696, 0.179878]
[0.548054, 0.248162, -0.498412, 0.279807, 0.064146]
[0.57687, 0.444171, -0.498698, 0.451871, 0.086271]
[0.522367, 0.35474, -0.498426, 0.332987, 0.484981]
[0.587321, 0.260228, -0.49864, 0.348872, 0.448372]
[0.271491, 0.454877, -0.498514, 0.310847, 0.05906]
[0.37953, 0.271739, -0.499433, 0.493552, 0.444155]
[0.306568, 0.362888, -0.498526, 0.23729, 0.023342]
[0.562886, 0.158531, -0.499097, 0.335811, 0.057621]
[0.417343, 0.450439, -0.499737, 0.256157, 0.480674]
[0.29085, 0.374522, -0.498786, 0.375395, 0.362952]
[0.29564, 0.347396, -0.498626, 0.492359, 0.463288]
[0.373841, 0.354064, -0.49974, 0.291814, 0.062045]
[0.440251, 0.494795, -0.499672, 0.266809, 0.096822]
[0.423795, 0.38658, -0.499758, 0.253011, 0.315818]
[0.624083, 0.483782, -0.499948, 0.349546, 0.186169]
[0.626712, 0.217291, -0.499932, 0.281431, 0.331541]
[0.57259, 0.406408, -0.499864, 0.342492, 0.21415]
[0.351055, 0.219782, -0.498752, 0.370245, 0.257962]
[0.455285, 0.194868, -0.498549, 0.334025, 0.196907]
[0.355295, 0.346102, -0.498877, 0.466492, 0.108859]
[0.59512, 0.183018, -0.499406, 0.396932, 0.273848]
[0.3454, 0.389924, -0.499351, 0.417939, 0.32142]
[0.279541, 0.184713, -0.499219, 0.375999, 0.166551]
[0.606106, 0.354103, -0.498852, 0.488809, 0.153148]
[0.617297, 0.250341, -0.499254, 0.330709, 0.008324]
[0.453855, 0.458773, -0.498547, 0.297808, 0.231285]
[0.281335, 0.347451, -0.498636, 0.369747, 0.236773]
[0.534056, 0.288921, -0.499432, 0.316895, 0.383691]
[0.414633, 0.432364, -0.498494, 0.493324, 0.210607]
[0.660313, 0.35652, -0.498841, 0.338004, 0.096628]
[0.269614, 0.210341, -0.499612, 0.355027, 0.356605]
[0.583996, 0.332978, -0.498703, 0.367723, 0.167581]
[0.59606, 0.315155, -0.498875, 0.482424, 0.108655]
[0.423899, 0.489346, -0.499357, 0.406792, 0.430529]
[0.654706, 0.372254, -0.498826, 0.473276, 0.114548]
[0.440367, 0.40621, -0.499035, 0.35679, 0.446105]
[0.361828, 0.34899, -0.499186, 0.46506, 0.260557]
[0.487513, 0.229177, -0.498465, 0.384271, 0.320224]
[0.562223, 0.136523, -0.499796, 0.365659, 0.240053]
[0.670501, 0.137985, -0.498906, 0.369391, 0.476436]
[0.272926, 0.46375, -0.498623, 0.465509, 0.453458]
[0.435522, 0.390995, -0.499719, 0.410259, 0.131075]
[0.644372, 0.119298, -0.499506, 0.382562, 0.004439]
[0.64361, 0.382485, -0.499682, 0.425782, 0.322839]
[0.633437, 0.440513, -0.499212, 0.228094, 0.225535]
[0.384146, 0.19811, -0.499028, 0.457807, 0.443313]
[0.405778, 0.372618, -0.499061, 0.250176, 0.380615]
[0.438523, 0.230078, -0.498979, 0.266443, 0.45194]
[0.374509, 0.134248, -0.498762, 0.337674, 0.4265]
[0.552593, 0.27232, -0.498574, 0.375848, 0.323445]
[0.52871, 0.157435, -0.498631, 0.427232, 0.057963]
[0.340477, 0.249101, -0.499087, 0.335178, 0.443537]
[0.538116, 0.367809, -0.499061, 0.385763, 0.013144]
[0.539317, 0.247731, -0.49842, 0.419569, 0.202353]
[0.487256, 0.382731, -0.499354, 0.360845, 0.455991]
[0.379332, 0.230017, -0.499541, 0.395939, 0.20203]
[0.378993, 0.176489, -0.498955, 0.281685, 0.191493]
[0.595876, 0.186784, -0.499158, 0.437446, 0.086955]
[0.431191, 0.395442, -0.498961, 0.299998, 0.014104]
[0.426077, 0.447754, -0.499816, 0.48746, 0.400909]
[0.347268, 0.15973, -0.498843, 0.485453, 0.134336]
[0.536163, 0.476734, -0.498774, 0.231126, 0.291127]
[0.409799, 0.190209, -0.498454, 0.271717, 0.075368]
[0.501632, 0.398962, -0.499525, 0.408756, 0.231947]
[0.454405, 0.375596, -0.499258, 0.459811, 0.269509]
[0.323418, 0.317646, -0.499881, 0.475531, 0.365627]
[0.288409, 0.148636, -0.498931, 0.393336, 0.01478]
[0.47444, 0.380245, -0.498633, 0.354587, 0.383687]
[0.645139, 0.478848, -0.49853, 0.26443, 0.413015]
[0.289582, 0.265949, -0.499321, 0.249624, 0.13396]
[0.395768, 0.360643, -0.499129, 0.388222, 0.055063]
[0.647836, 0.117242, -0.499868, 0.312911, 0.077993]
[0.442861, 0.380628, -0.499345, 0.341275, 0.279809]
[0.574463, 0.227475, -0.499379, 0.306685, 0.129583]
[0.517747, 0.217657, -0.498664, 0.389544, 0.218697]
[0.546853, 0.492211, -0.499533, 0.404803, 0.273646]
[0.588901, 0.135676, -0.499026, 0.313295, 0.100514]
[0.463695, 0.283106, -0.499178, 0.494421, 0.228701]
[0.399038, 0.487971, -0.499229, 0.407679, 0.485585]
[0.523934, 0.35652, -0.499834, 0.462814, 0.499215]
[0.409711, 0.490661, -0.498636, 0.451995, 0.362471]
[0.485632, 0.330736, -0.499928, 0.460442, 0.077512]
[0.661872, 0.226103, -0.499316, 0.26876, 0.057266]
[0.336682, 0.486979, -0.498423, 0.231883, 0.068271]
[0.3553, 0.412184, -0.499064, 0.421539, 0.201443]
[0.628334, 0.325388, -0.498914, 0.316007, 0.177879]
[0.599722, 0.296991, -0.499376, 0.291474, 0.14069]
[0.570538, 0.38055, -0.499294, 0.240569, 0.218319]
[0.344771, 0.32957, -0.498547, 0.299157, 0.152317]
[0.363785, 0.211777, -0.4991, 0.413522, 0.068373]
[0.647743, 0.266518, -0.498773, 0.264527, 0.371784]
[0.580308, 0.162627, -0.499396, 0.331803, 0.198391]
[0.493824, 0.113658, -0.499444, 0.341588, 0.166971]
[0.381268, 0.31166, -0.499891, 0.489419, 0.208356]
[0.648804, 0.18181, -0.499663, 0.453294, 0.147746]
[0.621653, 0.124832, -0.499128, 0.459745, 0.211812]
[0.306819, 0.21181, -0.499343, 0.286998, 0.321322]
[0.567861, 0.29545, -0.499007, 0.245046, 0.408104]
[0.403208, 0.160162, -0.499914, 0.459622, 0.352431]
[0.413184, 0.250584, -0.499173, 0.30858, 0.167099]
[0.552555, 0.128821, -0.499007, 0.471621, 0.345985]
[0.636969, 0.22093, -0.49918, 0.365031, 0.323513]
[0.296013, 0.137048, -0.498792, 0.247477, 0.345617]
[0.562217, 0.313637, -0.4995, 0.377334, 0.436788]
[0.334254, 0.454455, -0.499323, 0.358709, 0.103673]
[0.41013, 0.307549, -0.499119, 0.374331, 0.203891]
[0.547001, 0.202043, -0.499624, 0.364496, 0.483456]
[0.274425, 0.351274, -0.499004, 0.236689, 0.233352]
[0.47058, 0.424574, -0.499423, 0.295803, 0.433956]
[0.350149, 0.348075, -0.499868, 0.274792, 0.132917]
[0.312006, 0.331338, -0.499336, 0.252696, 0.008364]
[0.452519, 0.41222, -0.498492, 0.442826, 0.404054]
[0.470886, 0.386402, -0.498685, 0.327207, 0.362252]
[0.390209, 0.186242, -0.498863, 0.437664, 0.089442]
[0.607269, 0.325763, -0.499281, 0.387226, 0.177587]
[0.359758, 0.372499, -0.498838, 0.2402, 0.423981]
[0.290125, 0.124307, -0.499903, 0.246151, 0.008077]
[0.340663, 0.31843, -0.498557, 0.389146, 0.249895]
[0.437406, 0.158353, -0.499012, 0.397929, 0.41095]
[0.611396, 0.11861, -0.499251, 0.332565, 0.154143]
[0.461098, 0.135163, -0.498882, 0.243339, 0.15622]
[0.637048, 0.423599, -0.499643, 0.380902, 0.100746]
[0.4181, 0.310521, -0.498554, 0.228599, 0.461556]
[0.512105, 0.318572, -0.49918, 0.419262, 0.089049]
[0.576139, 0.43022, -0.499887, 0.312448, 0.311976]
[0.625931, 0.382457, -0.499376, 0.323291, 0.384951]
[0.615644, 0.441369, -0.498587, 0.432216, 0.426638]
[0.543096, 0.214576, -0.4992, 0.259411, 0.107489]
[0.334033, 0.258078, -0.499799, 0.385388, 0.056794]
[0.458574, 0.3417, -0.499606, 0.410186, 0.390683]
[0.42132, 0.354808, -0.499533, 0.243223, 0.056011]
[0.647793, 0.123897, -0.498733, 0.338593, 0.227491]
[0.590588, 0.228237, -0.499076, 0.312647, 0.013162]
[0.272589, 0.34897, -0.499641, 0.26819, 0.139834]
[0.351185, 0.125754, -0.499753, 0.418328, 0.090992]
[0.289036, 0.253019, -0.499041, 0.237341, 0.145877]
[0.524081, 0.323385, -0.498865, 0.495592, 0.183075]
[0.642488, 0.454715, -0.498974, 0.356658, 0.403521]
[0.637568, 0.313205, -0.499919, 0.296129, 0.421599]
[0.339059, 0.24818, -0.499295, 0.400355, 0.399765]
[0.562292, 0.444749, -0.499385, 0.299025, 0.275845]
[0.515894, 0.406772, -0.498867, 0.294279, 0.360363]
[0.647167, 0.319136, -0.499102, 0.426954, 0.233039]
[0.582863, 0.451808, -0.498791, 0.252355, 0.233628]
[0.288465, 0.193197, -0.499776, 0.439284, 0.266127]
[0.53482, 0.324022, -0.499985, 0.487983, 0.225523]
[0.323428, 0.139109, -0.49922, 0.435011, 0.425077]
[0.352168, 0.207901, -0.498593, 0.268058, 0.253839]
[0.545801, 0.304905, -0.498736, 0.376207, 0.032231]
[0.646419, 0.330958, -0.499216, 0.370606, 0.031473]
[0.494171, 0.352071, -0.49964, 0.289513, 0.235015]
[0.529935, 0.278661, -0.498693, 0.480293, 0.444893]
[0.475823, 0.49499, -0.498994, 0.419784, 0.396229]
[0.346528, 0.114836, -0.498782, 0.337036, 0.385706]
[0.369288, 0.469214, -0.498871, 0.231915, 0.008207]
[0.552428, 0.280693, -0.499117, 0.240937, 0.228834]
[0.67023, 0.258701, -0.499519, 0.301101, 0.342287]
[0.624128, 0.444313, -0.498492, 0.261723, 0.119507]
[0.545141, 0.176386, -0.4993, 0.360879, 0.3334]
[0.427319, 0.247387, -0.499859, 0.479368, 0.068799]
[0.66229, 0.289956, -0.499437, 0.246993, 0.302683]
[0.27918, 0.129995, -0.498738, 0.345377, 0.440558]
[0.434773, 0.409011, -0.499113, 0.385669, 0.039979]
[0.293985, 0.278885, -0.499085, 0.31651, 0.327154]
[0.350906, 0.373983, -0.4993, 0.297448, 0.48169]
[0.552418, 0.173297, -0.498919, 0.283519, 0.182309]
[0.486364, 0.380961, -0.498513, 0.376677, 0.276249]
[0.340224, 0.292009, -0.49897, 0.358578, 0.057634]
[0.666471, 0.376139, -0.499933, 0.438713, 0.312527]
[0.381208, 0.372073, -0.499111, 0.403636, 0.275947]
[0.665706, 0.295557, -0.499793, 0.469488, 0.121958]
[0.30956, 0.360847, -0.498744, 0.396954, 0.193867]
[0.346452, 0.147792, -0.4985, 0.282487, 0.328712]
[0.411846, 0.21948, -0.498477, 0.483527, 0.214435]
[0.525215, 0.321589, -0.4996, 0.33635, 0.35822]
[0.27647, 0.350077, -0.498953, 0.419763, 0.058789]
[0.565445, 0.425174, -0.498613, 0.323454, 0.388802]
[0.648877, 0.359551, -0.499465, 0.238731, 0.120128]
[0.346555, 0.164587, -0.499704, 0.267029, 0.445597]
[0.371372, 0.371154, -0.498472, 0.311905, 0.162497]
[0.514204, 0.374188, -0.499695, 0.246526, 0.136064]
[0.661117, 0.384944, -0.498516, 0.330968, 0.090576]
[0.395702, 0.129966, -0.499394, 0.310273, 0.240898]
[0.430637, 0.148528, -0.499321, 0.445128, 0.422742]
[0.26945, 0.125609, -0.499459, 0.23068, 0.030543]
[0.430684, 0.150052, -0.498694, 0.326276, 0.107495]
[0.411442, 0.442307, -0.4991, 0.308561, 0.01116]
[0.52906, 0.183992, -0.499954, 0.462968, 0.388407]
[0.329067, 0.363613, -0.499198, 0.351586, 0.450247]
[0.469858, 0.439336, -0.499187, 0.39928, 0.365555]
[0.594771, 0.483499, -0.499178, 0.327129, 0.083681]
[0.66802, 0.170553, -0.499171, 0.382377, 0.099876]
[0.546242, 0.281379, -0.499706, 0.350806, 0.40595]
[0.421479, 0.346103, -0.499498, 0.328461, 0.030475]
[0.633197, 0.483692, -0.499316, 0.442968, 0.235759]
[0.353643, 0.357057, -0.499873, 0.446984, 0.109525]
[0.634275, 0.163453, -0.499612, 0.228089, 0.123469]
[0.572288, 0.163925, -0.498617, 0.301545, 0.16052]
[0.469973, 0.173381, -0.499012, 0.376393, 0.181411]
[0.297499, 0.478095, -0.499254, 0.327459, 0.078026]
[0.642416, 0.300192, -0.499396, 0.369571, 0.203981]
[0.385678, 0.443391, -0.49958, 0.381575, 0.106744]
[0.478445, 0.409919, -0.49953, 0.474538, 0.373086]
[0.602775, 0.162272, -0.498898, 0.334855, 0.369852]
[0.562442, 0.362496, -0.49921, 0.435717, 0.461566]
[0.399373, 0.21462, -0.499483, 0.375573, 0.183522]
[0.470373, 0.250781, -0.499841, 0.353992, 0.22412]
[0.485968, 0.158432, -0.498894, 0.352254, 0.152393]
[0.333412, 0.111587, -0.499009, 0.493478, 0.22919]
[0.47276, 0.239398, -0.499539, 0.242788, 0.45176]
[0.401061, 0.296754, -0.498525, 0.263435, 0.043336]
[0.34127, 0.332774, -0.499768, 0.304593, 0.052178]
[0.431624, 0.17012, -0.49896, 0.42871, 0.339383]
[0.391534, 0.144224, -0.499213, 0.261632, 0.185017]
[0.666152, 0.147414, -0.499483, 0.234966, 0.144344]
[0.60216, 0.19037, -0.498664, 0.43531, 0.12413]
[0.672743, 0.499819, -0.499169, 0.413085, 0.440639]
[0.530116, 0.383687, -0.499382, 0.460057, 0.433586]
[0.326292, 0.406307, -0.499634, 0.286569, 0.145399]
[0.392376, 0.420006, -0.499197, 0.231845, 0.303264]
[0.315625, 0.142961, -0.499787, 0.246469, 0.305935]
[0.615409, 0.169188, -0.498462, 0.414036, 0.177846]
[0.505072, 0.281547, -0.499748, 0.477272, 0.068197]
[0.482153, 0.168317, -0.499224, 0.385762, 0.082654]
[0.430793, 0.177758, -0.499718, 0.279413, 0.441659]
[0.320636, 0.379368, -0.499109, 0.313137, 0.172451]
[0.271561, 0.290617, -0.499201, 0.334036, 0.123077]
[0.440978, 0.394494, -0.499655, 0.241847, 0.176328]
[0.296385, 0.143128, -0.499193, 0.41513, 0.309618]
[0.589956, 0.329099, -0.499877, 0.36739, 0.472384]
[0.43719, 0.395109, -0.49928, 0.298896, 0.083109]
[0.649118, 0.349831, -0.499749, 0.349425, 0.460391]
[0.574715, 0.451944, -0.499175, 0.476758, 0.134852]
[0.579602, 0.411767, -0.49915, 0.257564, 0.300267]
[0.372685, 0.425858, -0.499446, 0.301815, 0.003142]
[0.376951, 0.314996, -0.499013, 0.447057, 0.497824]
[0.653856, 0.199198, -0.498703, 0.30685, 0.286583]
[0.422743, 0.354244, -0.49989, 0.242542, 0.441916]
[0.508547, 0.357137, -0.499616, 0.407692, 0.254507]
[0.421951, 0.340068, -0.49881, 0.360607, 0.001287]
[0.568188, 0.22252, -0.498465, 0.376317, 0.49206]
[0.433118, 0.202654, -0.498761, 0.31715, 0.096022]
[0.298615, 0.282234, -0.498705, 0.331579, 0.40153]
[0.341249, 0.461984, -0.499327, 0.393329, 0.271813]
[0.499524, 0.403836, -0.499105, 0.360145, 0.391949]
[0.396515, 0.247291, -0.499916, 0.452307, 0.026239]
[0.283124, 0.211797, -0.498832, 0.349389, 0.335106]
[0.504342, 0.332702, -0.499915, 0.493038, 0.375268]
[0.337137, 0.313383, -0.499409, 0.247377, 0.230854]
[0.53613, 0.256368, -0.498508, 0.435879, 0.326931]
[0.630843, 0.415704, -0.499776, 0.270179, 0.018184]
[0.547851, 0.225959, -0.49927, 0.418309, 0.326941]
[0.428446, 0.319624, -0.499909, 0.48083, 0.446193]
[0.479874, 0.27083, -0.498525, 0.228783, 0.232562]
[0.445292, 0.463683, -0.499913, 0.419936, 0.249214]
[0.363579, 0.495548, -0.498621, 0.341269, 0.053964]
[0.668031, 0.214685, -0.49913, 0.374425, 0.450195]
[0.5343, 0.208625, -0.499524, 0.36995, 0.236793]
[0.307019, 0.465997, -0.499245, 0.340418, 0.248948]
[0.618498, 0.423387, -0.499147, 0.404063, 0.335966]
[0.49754, 0.464944, -0.499969, 0.355191, 0.353248]
[0.380887, 0.198268, -0.49913, 0.452755, 0.282887]
[0.670226, 0.457774, -0.498871, 0.451407, 0.134127]
[0.599871, 0.356597, -0.499577, 0.387205, 0.051925]
[0.278183, 0.457105, -0.498948, 0.323105, 0.358126]
[0.399573, 0.152479, -0.499848, 0.31799, 0.426864]
[0.421528, 0.14522, -0.498465, 0.388195, 0.458309]
[0.657724, 0.296531, -0.499249, 0.495088, 0.021489]
[0.278525, 0.491959, -0.499828, 0.448356, 0.496419]
[0.461098, 0.313684, -0.499884, 0.275941, 0.17062]
[0.407128, 0.160735, -0.499706, 0.400193, 0.18883]
[0.343349, 0.371426, -0.498704, 0.385185, 0.099361]
[0.36464, 0.353062, -0.498857, 0.254358, 0.410244]
[0.419728, 0.192529, -0.499053, 0.489729, 0.082093]
[0.530852, 0.277299, -0.499791, 0.25697, 0.347548]
[0.375476, 0.323288, -0.499719, 0.383362, 0.188588]
[0.315022, 0.201123, -0.499227, 0.262463, 0.054469]
[0.382444, 0.454637, -0.498823, 0.484467, 0.048367]
[0.478738, 0.37599, -0.498488, 0.479052, 0.317959]
[0.377163, 0.313301, -0.498468, 0.337419, 0.499967]
[0.415436, 0.359555, -0.49959, 0.423781, 0.463184]
[0.625351, 0.3477, -0.499227, 0.33172, 0.306829]
[0.556462, 0.251927, -0.49843, 0.459578, 0.32222]
[0.611597, 0.262211, -0.499301, 0.441983, 0.14175]
[0.281506, 0.486717, -0.498919, 0.228191, 0.365596]
[0.369949, 0.265672, -0.498434, 0.493979, 0.117663]
[0.552054, 0.473988, -0.499563, 0.447281, 0.375863]
[0.400758, 0.405384, -0.498997, 0.285101, 0.000254]
[0.567084, 0.367177, -0.49954, 0.410468, 0.486872]
[0.304999, 0.130822, -0.49983, 0.474131, 0.028137]
[0.61536, 0.428904, -0.49844, 0.402892, 0.094767]
[0.372588, 0.215359, -0.498841, 0.393216, 0.409442]
[0.39498, 0.195627, -0.498704, 0.437099, 0.393516]
[0.654826, 0.172485, -0.499604, 0.396641, 0.420428]
[0.477135, 0.447952, -0.498851, 0.497506, 0.10428]
[0.557052, 0.336923, -0.498986, 0.316546, 0.076181]
[0.301412, 0.22837, -0.498703, 0.311091, 0.182354]
[0.336104, 0.474815, -0.499747, 0.405919, 0.19214]
[0.675561, 0.292075, -0.498617, 0.458647, 0.14099]
[0.580244, 0.361159, -0.49864, 0.276119, 0.09271]
[0.299756, 0.334165, -0.498651, 0.413071, 0.474142]
[0.468467, 0.439884, -0.498993, 0.324947, 0.178038]
[0.603211, 0.278767, -0.498656, 0.302201, 0.306285]
[0.628317, 0.29334, -0.498876, 0.271498, 0.050616]
[0.465227, 0.280569, -0.499485, 0.284906, 0.078125]
[0.653092, 0.321849, -0.498842, 0.274619, 0.379349]
[0.623729, 0.498054, -0.499323, 0.381116, 0.176994]
[0.277744, 0.125853, -0.499483, 0.335749, 0.179276]
[0.517792, 0.265933, -0.499247, 0.364472, 0.168099]
[0.625117, 0.239511, -0.499077, 0.259316, 0.484373]
[0.349636, 0.447341, -0.498748, 0.339298, 0.460332]
[0.287567, 0.355338, -0.498568, 0.254449, 0.089421]
[0.392896, 0.131006, -0.498803, 0.285726, 0.232654]
[0.46842, 0.422361, -0.498897, 0.348269, 0.166098]
[0.335041, 0.485608, -0.498577, 0.474695, 0.138191]
[0.331909, 0.339778, -0.498796, 0.294873, 0.268267]
[0.394234, 0.472782, -0.499523, 0.473928, 0.459658]
[0.66406, 0.425947, -0.498625, 0.400709, 0.047139]
[0.309567, 0.158637, -0.498927, 0.256398, 0.448068]
[0.321759, 0.468173, -0.498878, 0.236139, 0.402342]
[0.675471, 0.345429, -0.498718, 0.386667, 0.210989]
[0.376696, 0.252318, -0.499067, 0.444351, 0.091948]
[0.388314, 0.461198, -0.499111, 0.332495, 0.44061]
[0.317274, 0.226809, -0.499444, 0.387202, 0.46276]
[0.389992, 0.131111, -0.499075, 0.465284, 0.217929]
[0.410897, 0.138407, -0.499142, 0.467622, 0.104615]
[0.316893, 0.173679, -0.498782, 0.456297, 0.341772]
[0.455026, 0.274408, -0.498631, 0.44512, 0.265313]
[0.378555, 0.215472, -0.499971, 0.361844, 0.429086]
[0.469317, 0.189027, -0.499985, 0.363733, 0.196375]
[0.649627, 0.298763, -0.499222, 0.231217, 0.303027]
[0.589233, 0.284254, -0.499028, 0.35933, 0.428017]
[0.394295, 0.443186, -0.499198, 0.475532, 0.116082]
[0.282747, 0.363711, -0.49887, 0.308936, 0.424687]
[0.481499, 0.152232, -0.498942, 0.467626, 0.497118]
[0.345918, 0.304866, -0.498591, 0.397802, 0.424298]
[0.313704, 0.339693, -0.498916, 0.457904, 0.25481]
[0.42849, 0.402184, -0.499068, 0.437745, 0.362198]
[0.605049, 0.370985, -0.499214, 0.393365, 0.218106]
[0.594964, 0.370122, -0.49843, 0.324286, 0.241173]
[0.344828, 0.488985, -0.498788, 0.414469, 0.234479]
[0.323992, 0.411188, -0.498646, 0.372035, 0.157839]
[0.511202, 0.260793, -0.49906, 0.412585, 0.265258]
[0.659412, 0.436022, -0.499622, 0.339075, 0.486829]
[0.283518, 0.43275, -0.498919, 0.41696, 0.150968]
[0.498323, 0.134691, -0.499798, 0.283417, 0.125397]
[0.355092, 0.334103, -0.499858, 0.293728, 0.056632]
[0.532209, 0.282257, -0.498958, 0.477657, 0.208446]
[0.43747, 0.320461, -0.498535, 0.466232, 0.026228]
[0.411754, 0.484676, -0.498651, 0.419534, 0.408211]
[0.528981, 0.243054, -0.498771, 0.485953, 0.197358]
[0.405255, 0.312356, -0.499697, 0.259907, 0.181512]
[0.595089, 0.473008, -0.499316, 0.232045, 0.234672]
[0.388194, 0.366116, -0.499016, 0.286568, 0.419817]
[0.65076, 0.306213, -0.499748, 0.493781, 0.12492]
[0.601033, 0.297612, -0.499875, 0.322178, 0.307807]
[0.564679, 0.154915, -0.499593, 0.265918, 0.196546]
[0.521859, 0.331949, -0.499189, 0.404648, 0.381296]
[0.457708, 0.16089, -0.498624, 0.497298, 0.136749]
[0.487053, 0.117151, -0.498438, 0.388703, 0.265437]
[0.276466, 0.27439, -0.498571, 0.475755, 0.337652]
[0.392279, 0.253137, -0.499194, 0.498489, 0.34327]
[0.421997, 0.4828, -0.49894, 0.357357, 0.478265]
[0.391624, 0.33839, -0.499742, 0.398959, 0.263632]
[0.282508, 0.387454, -0.498896, 0.303505, 0.479884]
[0.391649, 0.380557, -0.499327, 0.231845, 0.058184]
[0.356626, 0.144177, -0.499317, 0.292338, 0.156627]
[0.648801, 0.305519, -0.49852, 0.27965, 0.28918]
[0.594193, 0.190265, -0.499545, 0.29556, 0.44574]
[0.581719, 0.442458, -0.499903, 0.257308, 0.053803]
[0.576221, 0.288677, -0.499167, 0.238815, 0.245091]
[0.465121, 0.277735, -0.498769, 0.36682, 0.088514]
[0.436721, 0.116493, -0.499768, 0.429808, 0.126585]
[0.408685, 0.240991, -0.498697, 0.391911, 0.429686]
[0.279324, 0.207169, -0.499891, 0.423978, 0.392393]
[0.395485, 0.374586, -0.499763, 0.427628, 0.450625]
[0.538271, 0.433032, -0.499749, 0.44377, 0.191951]
[0.368625, 0.36323, -0.499922, 0.334931, 0.118541]
[0.530085, 0.313458, -0.499526, 0.28231, 0.112243]
[0.532716, 0.413956, -0.499146, 0.43985, 0.366567]
[0.483156, 0.150406, -0.499214, 0.326148, 0.417134]
[0.318423, 0.492193, -0.498485, 0.348955, 0.382376]
[0.559162, 0.307745, -0.499608, 0.409597, 0.239055]
[0.655603, 0.120049, -0.498898, 0.420045, 0.326735]
[0.628354, 0.327137, -0.498512, 0.466636, 0.469001]
[0.619597, 0.432753, -0.49986, 0.338286, 0.445465]
[0.554709, 0.205388, -0.499654, 0.354463, 0.239576]
[0.42068, 0.432596, -0.498423, 0.254518, 0.386601]
[0.640405, 0.386934, -0.498849, 0.255152, 0.339965]
[0.671305, 0.363157, -0.499575, 0.368512, 0.303118]
[0.423134, 0.397602, -0.499839, 0.344847, 0.259059]
[0.504158, 0.332261, -0.499473, 0.294479, 0.308087]
[0.300543, 0.284971, -0.498887, 0.23844, 0.013592]
[0.318814, 0.474868, -0.499321, 0.262499, 0.441418]
[0.516686, 0.454329, -0.498462, 0.312097, 0.195781]
[0.640407, 0.472179, -0.499139, 0.232773, 0.291161]
[0.506491, 0.4805, -0.499008, 0.242754, 0.419728]
[0.499615, 0.473299, -0.499444, 0.244303, 0.009297]
[0.518796, 0.228986, -0.499651, 0.288169, 0.37329]
[0.447818, 0.395115, -0.499847, 0.455079, 0.24946]
[0.666901, 0.238594, -0.49981, 0.371838, 0.189802]
[0.29641, 0.177821, -0.498459, 0.40384, 0.328811]
[0.281613, 0.389296, -0.499273, 0.293679, 0.370636]
[0.640426, 0.291668, -0.498614, 0.251212, 0.248363]
[0.655311, 0.45765, -0.499861, 0.335432, 0.48819]
[0.662034, 0.483589, -0.499203, 0.337705, 0.136475]
[0.356988, 0.211305, -0.498491, 0.369735, 0.143389]
[0.662394, 0.343475, -0.499362, 0.229867, 0.267473]
[0.283038, 0.324753, -0.49957, 0.363493, 0.415631]
[0.466681, 0.396599, -0.499057, 0.32205, 0.126425]
[0.398768, 0.24297, -0.498417, 0.243935, 0.233086]
[0.327653, 0.458579, -0.499565, 0.488496, 0.461356]
[0.626556, 0.275453, -0.498441, 0.417585, 0.062277]
[0.302497, 0.296454, -0.499855, 0.313908, 0.429165]
[0.284842, 0.38942, -0.499592, 0.413281, 0.261873]
[0.600069, 0.161351, -0.498814, 0.41962, 0.077044]
[0.573387, 0.338729, -0.49963, 0.339253, 0.365714]
[0.408175, 0.424623, -0.499534, 0.260661, 0.357881]
[0.666797, 0.372252, -0.499549, 0.412129, 0.018171]
[0.346015, 0.385873, -0.499419, 0.456821, 0.204942]
[0.279256, 0.398881, -0.499962, 0.445685, 0.424611]
[0.275468, 0.179048, -0.498742, 0.342748, 0.157336]
[0.402148, 0.231186, -0.498777, 0.379903, 0.485314]
[0.36103, 0.146974, -0.499258, 0.308373, 0.128439]
[0.50515, 0.131911, -0.498582, 0.33592, 0.477489]
[0.54898, 0.153313, -0.498659, 0.240992, 0.436169]
[0.62687, 0.404098, -0.498858, 0.255857, 0.086341]
[0.639312, 0.217296, -0.498436, 0.341298, 0.131362]
[0.431132, 0.228858, -0.49887, 0.475579, 0.278957]
[0.57929, 0.159824, -0.498512, 0.48774, 0.445066]
[0.548888, 0.163006, -0.499974, 0.443858, 0.050379]
[0.619739, 0.345439, -0.499341, 0.421666, 0.39882]
[0.434381, 0.220214, -0.498866, 0.266117, 0.383782]
[0.430205, 0.375397, -0.499526, 0.461466, 0.134278]
[0.484228, 0.131186, -0.499727, 0.28629, 0.125823]
[0.291465, 0.181301, -0.499809, 0.418845, 0.378983]
[0.367969, 0.338376, -0.499417, 0.366776, 0.446171]
[0.377381, 0.458954, -0.499628, 0.410324, 0.393215]
[0.364974, 0.418893, -0.499563, 0.422591, 0.355006]
[0.524139, 0.477561, -0.498497, 0.246791, 0.399059]
[0.570512, 0.209409, -0.499307, 0.343928, 0.417937]
[0.498887, 0.234978, -0.498599, 0.440659, 0.426343]
[0.370323, 0.315678, -0.499798, 0.352715, 0.380829]
[0.388987, 0.431902, -0.499968, 0.253665, 0.117225]
[0.576314, 0.40204, -0.49866, 0.319965, 0.184833]
[0.314558, 0.198437, -0.499306, 0.334384, 0.166995]
[0.368536, 0.302769, -0.499051, 0.239805, 0.204841]
[0.275911, 0.28817, -0.498842, 0.353996, 0.148237]
[0.359055, 0.183337, -0.498822, 0.292891, 0.307791]
[0.317794, 0.388029, -0.499518, 0.425718, 0.087883]
[0.486945, 0.251874, -0.498772, 0.426236, 0.40248]
[0.33203, 0.399014, -0.498454, 0.376191, 0.46642]
[0.334875, 0.399883, -0.499181, 0.44449, 0.354145]
[0.3764, 0.120255, -0.498644, 0.39225, 0.222272]
[0.271639, 0.41516, -0.498712, 0.460537, 0.176801]
[0.553252, 0.145848, -0.499245, 0.489089, 0.436115]
[0.516181, 0.328995, -0.499854, 0.407214, 0.365035]
[0.422684, 0.163546, -0.499732, 0.289966, 0.407299]
[0.637275, 0.153913, -0.499255, 0.385456, 0.322858]
[0.576874, 0.211401, -0.499707, 0.376692, 0.268281]
[0.57477, 0.408997, -0.498995, 0.290481, 0.043484]
[0.641055, 0.177132, -0.499677, 0.368377, 0.041014]
[0.496201, 0.478765, -0.499578, 0.372089, 0.293767]
[0.411703, 0.232966, -0.499851, 0.35153, 0.275744]
[0.321774, 0.251086, -0.499164, 0.334261, 0.267099]
[0.624498, 0.358119, -0.49922, 0.259757, 0.009971]
[0.471702, 0.133086, -0.498886, 0.377818, 0.057961]
[0.270932, 0.167562, -0.499251, 0.22971, 0.241761]
[0.677639, 0.192908, -0.498628, 0.331713, 0.040161]
[0.650881, 0.171286, -0.499171, 0.308943, 0.443634]
[0.537504, 0.267406, -0.499142, 0.428538, 0.174518]
[0.352567, 0.39006, -0.499318, 0.478236, 0.076253]
[0.657736, 0.374247, -0.498784, 0.383019, 0.071556]
[0.609668, 0.497773, -0.498474, 0.334742, 0.080414]
[0.600371, 0.172036, -0.498428, 0.28578, 0.335356]
[0.568547, 0.125577, -0.499538, 0.250426, 0.039643]
[0.326792, 0.332242, -0.499051, 0.342997, 0.256478]
[0.353104, 0.475109, -0.499465, 0.455558, 0.278028]
[0.316756, 0.468818, -0.499348, 0.459986, 0.423068]
[0.291666, 0.383265, -0.499994, 0.322385, 0.117491]
[0.581586, 0.358157, -0.498688, 0.32935, 0.402595]
[0.34734, 0.111586, -0.49862, 0.363335, 0.416896]
[0.622115, 0.401088, -0.499547, 0.463864, 0.131952]
[0.559172, 0.191056, -0.498775, 0.400047, 0.155278]
[0.567417, 0.484122, -0.498492, 0.242371, 0.308867]
[0.331793, 0.440448, -0.498665, 0.241651, 0.438233]
[0.612429, 0.376428, -0.499042, 0.341346, 0.067378]
[0.479718, 0.150233, -0.498426, 0.354159, 0.467909]
[0.41036, 0.183878, -0.498514, 0.382983, 0.329448]
[0.306363, 0.268892, -0.498469, 0.294639, 0.270934]
[0.439408, 0.314043, -0.498632, 0.388242, 0.441593]
[0.367135, 0.388947, -0.498826, 0.333778, 0.359382]
[0.522735, 0.267471, -0.499925, 0.322897, 0.017454]
[0.467208, 0.202699, -0.499114, 0.405404, 0.099519]
[0.484693, 0.480686, -0.499106, 0.403249, 0.298436]
[0.401323, 0.485621, -0.498633, 0.28029, 0.330521]
[0.451931, 0.454304, -0.499088, 0.265461, 0.304631]
[0.544173, 0.466033, -0.499474, 0.481419, 0.135403]
[0.509835, 0.205575, -0.499487, 0.402862, 0.465977]
[0.444272, 0.148231, -0.498928, 0.348237, 0.137098]
[0.314616, 0.138433, -0.499317, 0.314932, 0.123369]
[0.630031, 0.119118, -0.498837, 0.403164, 0.060311]
[0.444794, 0.441887, -0.498661, 0.479701, 0.314254]
[0.507774, 0.296239, -0.499618, 0.416793, 0.449322]
[0.636834, 0.387491, -0.499341, 0.483218, 0.462104]
[0.556892, 0.488903, -0.499793, 0.388067, 0.136519]
[0.426244, 0.172771, -0.499297, 0.249936, 0.338646]
[0.379164, 0.2493, -0.499471, 0.481116, 0.05126]
[0.633651, 0.134217, -0.499108, 0.418603, 0.164068]
[0.554028, 0.197469, -0.498775, 0.318612, 0.000932]
[0.602847, 0.498249, -0.499665, 0.311092, 0.352813]
[0.409938, 0.129578, -0.498999, 0.399448, 0.049224]
[0.456003, 0.379129, -0.498532, 0.245171, 0.322308]
[0.355445, 0.239427, -0.499381, 0.407169, 0.169953]
[0.410064, 0.266667, -0.499121, 0.290595, 0.119721]
[0.631507, 0.158088, -0.499003, 0.417452, 0.31454]
[0.344049, 0.380069, -0.499016, 0.382391, 0.016615]
[0.283836, 0.351531, -0.498562, 0.455629, 0.294168]
[0.346681, 0.399902, -0.499276, 0.275928, 0.113824]
[0.441332, 0.363761, -0.499783, 0.40633, 0.251955]
[0.446916, 0.406909, -0.498727, 0.429799, 0.341417]
[0.631704, 0.198452, -0.49903, 0.398862, 0.013717]
[0.588141, 0.241351, -0.499547, 0.337851, 0.486335]
[0.518185, 0.306442, -0.499856, 0.427872, 0.450763]
[0.51239, 0.480479, -0.498564, 0.339914, 0.143693]
[0.32771, 0.454959, -0.49841, 0.415861, 0.477644]
[0.381528, 0.446428, -0.499551, 0.325597, 0.027173]
[0.519835, 0.492398, -0.499041, 0.389347, 0.067265]
[0.396296, 0.36495, -0.499886, 0.36367, 0.328297]
[0.38768, 0.374164, -0.498651, 0.339037, 0.419104]
[0.590049, 0.472644, -0.499535, 0.360296, 0.448897]
[0.496159, 0.319537, -0.499599, 0.322622, 0.092314]
[0.388173, 0.421488, -0.499614, 0.479443, 0.15516]
[0.400298, 0.359129, -0.498438, 0.342216, 0.141053]
[0.390259, 0.28875, -0.49972, 0.43967, 0.063379]
[0.363278, 0.379772, -0.499718, 0.389601, 0.076214]
[0.456738, 0.138811, -0.499141, 0.309764, 0.327748]
[0.544228, 0.314329, -0.498486, 0.239894, 0.400039]
[0.628812, 0.217085, -0.498936, 0.330057, 0.492917]
[0.360754, 0.113723, -0.49935, 0.340806, 0.472188]
[0.633067, 0.198239, -0.499107, 0.469039, 0.217386]
[0.364154, 0.3814, -0.499514, 0.282031, 0.345837]
[0.640249, 0.223676, -0.499431, 0.247245, 0.341706]
[0.607029, 0.483899, -0.498987, 0.442687, 0.177288]
[0.35177, 0.315599, -0.499226, 0.413874, 0.250127]
[0.555165, 0.268064, -0.499226, 0.475732, 0.495218]
[0.580553, 0.261705, -0.49877, 0.376737, 0.476824]
[0.387169, 0.282349, -0.499541, 0.483821, 0.245328]
[0.566976, 0.265154, -0.499264, 0.467626, 0.128287]
[0.551118, 0.206534, -0.498457, 0.279677, 0.02693]
[0.509434, 0.247944, -0.499051, 0.382184, 0.354631]
[0.599055, 0.353688, -0.498492, 0.275198, 0.116775]
[0.320668, 0.441846, -0.499359, 0.479949, 0.104677]
[0.563098, 0.194422, -0.499098, 0.37161, 0.227167]
[0.32356, 0.498552, -0.499686, 0.387552, 0.305873]
[0.459093, 0.321463, -0.499211, 0.344568, 0.282811]
[0.365057, 0.290141, -0.498429, 0.423258, 0.018004]
[0.340163, 0.273687, -0.498725, 0.342695, 0.495004]
[0.628243, 0.217729, -0.499462, 0.306518, 0.372843]
[0.647575, 0.490553, -0.49919, 0.437157, 0.048192]
[0.63296, 0.275529, -0.499699, 0.276, 0.179829]
[0.628731, 0.413323, -0.49901, 0.411106, 0.252773]
[0.294165, 0.42271, -0.499378, 0.34116, 0.316347]
[0.538568, 0.275338, -0.499596, 0.386261, 0.307847]
[0.329254, 0.294979, -0.499148, 0.316645, 0.14191]
[0.402168, 0.264865, -0.499699, 0.452332, 0.38934]
[0.273292, 0.2782, -0.498818, 0.277624, 0.274125]
[0.653142, 0.114408, -0.499128, 0.429845, 0.277807]
[0.403037, 0.113654, -0.498941, 0.256689, 0.180741]
[0.466287, 0.468272, -0.499522, 0.422513, 0.499856]
[0.635281, 0.274834, -0.499664, 0.25616, 0.291106]
[0.336759, 0.460726, -0.499253, 0.433297, 0.263065]
[0.555307, 0.148709, -0.498904, 0.413474, 0.394098]
[0.586793, 0.262837, -0.499931, 0.468867, 0.090785]
[0.366637, 0.352795, -0.49936, 0.261092, 0.242707]
[0.637722, 0.169528, -0.4998, 0.416592, 0.429227]
[0.573174, 0.254546, -0.498985, 0.294545, 0.299447]
[0.387557, 0.367027, -0.499369, 0.265725, 0.287429]
[0.557946, 0.495983, -0.499402, 0.367213, 0.421]
[0.484565, 0.375849, -0.49879, 0.272487, 0.027255]
[0.329232, 0.181593, -0.498529, 0.258936, 0.111716]
[0.277465, 0.411524, -0.499757, 0.239247, 0.194544]
[0.596589, 0.119934, -0.499258, 0.244063, 0.446788]
[0.525263, 0.236501, -0.499709, 0.241919, 0.142894]
[0.29345, 0.458075, -0.499851, 0.43538, 0.078756]
[0.435438, 0.115171, -0.499381, 0.311601, 0.452283]
[0.606688, 0.388168, -0.498721, 0.341686, 0.181471]
[0.472768, 0.394569, -0.498848, 0.278122, 0.46997]
[0.307219, 0.214736, -0.498958, 0.278315, 0.178772]
[0.653478, 0.151816, -0.499999, 0.438937, 0.274314]
[0.625642, 0.133097, -0.499276, 0.47167, 0.33011]
[0.275335, 0.127417, -0.49865, 0.276779, 0.0946]
[0.597546, 0.373167, -0.498518, 0.447356, 0.104487]
[0.40231, 0.403207, -0.49856, 0.438325, 0.251686]
[0.647384, 0.276284, -0.499921, 0.378373, 0.396559]
[0.342504, 0.294496, -0.499152, 0.335797, 0.356849]
[0.412256, 0.35529, -0.498536, 0.269471, 0.011879]
[0.499065, 0.40418, -0.498755, 0.358958, 0.077546]
[0.366682, 0.4026, -0.499627, 0.316318, 0.398354]
[0.618426, 0.256576, -0.498514, 0.462945, 0.146205]
[0.36207, 0.400953, -0.498563, 0.338707, 0.253992]
[0.56502, 0.129445, -0.499699, 0.407029, 0.295915]
[0.391981, 0.256681, -0.499295, 0.240752, 0.34336]
[0.427982, 0.25736, -0.498868, 0.331146, 0.392272]
[0.460077, 0.127935, -0.499854, 0.340663, 0.476291]
[0.275482, 0.488855, -0.499762, 0.375815, 0.092581]
[0.594355, 0.132302, -0.499881, 0.307149, 0.038013]
[0.325254, 0.201894, -0.499631, 0.276415, 0.196613]
[0.423361, 0.398676, -0.498864, 0.498417, 0.162117]
[0.60971, 0.196899, -0.499605, 0.4401, 0.125882]
[0.570473, 0.423178, -0.49911, 0.313028, 0.39528]
[0.67137, 0.414866, -0.49985, 0.458372, 0.36826]
[0.590341, 0.333511, -0.49991, 0.312418, 0.490612]
[0.591551, 0.219275, -0.499071, 0.288712, 0.281422]
[0.319172, 0.463729, -0.499699, 0.274434, 0.168293]
[0.449579, 0.372966, -0.499174, 0.42445, 0.214999]
[0.624572, 0.423592, -0.499416, 0.26153, 0.399474]
[0.274606, 0.286644, -0.498741, 0.299174, 0.018984]
[0.65755, 0.175713, -0.499125, 0.438217, 0.093339]
[0.661089, 0.455165, -0.499097, 0.438985, 0.474135]
[0.422783, 0.167237, -0.498483, 0.314595, 0.116844]
[0.539715, 0.275905, -0.498866, 0.438658, 0.095906]
[0.52424, 0.332795, -0.499123, 0.319809, 0.319245]
[0.612976, 0.304448, -0.498886, 0.419825, 0.38073]
[0.357881, 0.144962, -0.499932, 0.469004, 0.266776]
[0.501101, 0.418934, -0.498956, 0.387058, 0.167456]
[0.314769, 0.444633, -0.499548, 0.451406, 0.442895]
[0.643649, 0.296918, -0.499352, 0.383315, 0.029141]
[0.317321, 0.171513, -0.499137, 0.471305, 0.225307]
[0.271527, 0.306162, -0.498613, 0.256322, 0.449047]
[0.637733, 0.365307, -0.499353, 0.250991, 0.021373]
[0.596354, 0.423778, -0.498477, 0.463167, 0.008988]
[0.661514, 0.278294, -0.498431, 0.358569, 0.095882]
[0.324191, 0.289852, -0.49852, 0.381488, 0.450279]
[0.590192, 0.226773, -0.499606, 0.39064, 0.279761]
[0.488266, 0.140286, -0.498997, 0.241407, 0.312246]
[0.44016, 0.331207, -0.499503, 0.436797, 0.327049]
[0.461609, 0.436443, -0.498798, 0.323731, 0.056371]
[0.298802, 0.463715, -0.49946, 0.353376, 0.271665]
[0.340605, 0.164786, -0.499223, 0.240208, 0.313333]
[0.511094, 0.402383, -0.49883, 0.274422, 0.319691]
[0.57075, 0.368352, -0.498417, 0.303186, 0.394965]
[0.657214, 0.232118, -0.499326, 0.368221, 0.061084]
[0.396178, 0.450447, -0.498966, 0.469972, 0.193699]
[0.494, 0.440257, -0.498444, 0.453027, 0.359669]
[0.574096, 0.404303, -0.499138, 0.42775, 0.041593]
[0.469773, 0.31724, -0.498707, 0.250307, 0.109221]
[0.662204, 0.325322, -0.499662, 0.417632, 0.069693]
[0.387751, 0.176603, -0.49883, 0.493453, 0.245168]
[0.278586, 0.129859, -0.499494, 0.499832, 0.35348]
[0.366253, 0.223277, -0.499488, 0.331243, 0.021972]
[0.355616, 0.14963, -0.499634, 0.467333, 0.490778]
[0.653555, 0.171857, -0.499729, 0.320011, 0.046608]
[0.383241, 0.26287, -0.498848, 0.333455, 0.450026]
[0.493887, 0.128379, -0.498595, 0.40538, 0.1054]
[0.333711, 0.395205, -0.499644, 0.267438, 0.115667]
[0.443125, 0.350551, -0.499577, 0.473657, 0.119113]
[0.496244, 0.263266, -0.499768, 0.264925, 0.289617]
[0.492611, 0.436755, -0.499709, 0.29805, 0.369332]
[0.489771, 0.217252, -0.49985, 0.246975, 0.264707]
[0.537893, 0.38833, -0.498902, 0.495995, 0.278309]
[0.38079, 0.328001, -0.498775, 0.453412, 0.007536]
[0.659711, 0.441954, -0.49875, 0.446417, 0.268937]
[0.451559, 0.15359, -0.499762, 0.46919, 0.439592]
[0.495164, 0.221562, -0.498898, 0.301066, 0.014626]
[0.269579, 0.183522, -0.499807, 0.339813, 0.438378]
[0.27192, 0.169272, -0.498913, 0.300245, 0.135971]
[0.659492, 0.384631, -0.49981, 0.43161, 0.199511]
[0.424096, 0.474283, -0.499988, 0.433197, 0.302329]
[0.619845, 0.283067, -0.499223, 0.264432, 0.232198]
[0.468013, 0.123571, -0.498995, 0.280461, 0.28497]
[0.52223, 0.142253, -0.499017, 0.411994, 0.227505]
[0.504177, 0.398958, -0.499025, 0.357159, 0.276745]
[0.513882, 0.141441, -0.499734, 0.480765, 0.426806]
[0.45017, 0.452187, -0.499131, 0.242172, 0.352277]
[0.376844, 0.177962, -0.498734, 0.406163, 0.485923]
[0.539639, 0.125142, -0.499287, 0.376396, 0.018313]
[0.47543, 0.392212, -0.499699, 0.343302, 0.448654]
[0.299514, 0.407747, -0.499294, 0.333802, 0.389491]
[0.273151, 0.292616, -0.499843, 0.254382, 0.398154]
[0.518592, 0.27767, -0.499087, 0.498199, 0.49771]
[0.645507, 0.442774, -0.498674, 0.458637, 0.28907]
[0.421993, 0.330442, -0.499783, 0.483115, 0.483382]
[0.275546, 0.379979, -0.498675, 0.482158, 0.443852]
[0.311598, 0.335375, -0.499424, 0.456392, 0.255287]
[0.649469, 0.473134, -0.498844, 0.498199, 0.1098]
[0.540277, 0.283468, -0.499242, 0.260077, 0.238094]
[0.677495, 0.497579, -0.499722, 0.292729, 0.139362]
[0.373579, 0.374825, -0.498413, 0.368778, 0.070824]
[0.604383, 0.17282, -0.498732, 0.358477, 0.410595]
[0.307452, 0.243203, -0.498634, 0.390278, 0.21247]
[0.291424, 0.118197, -0.498551, 0.398147, 0.398846]
[0.492698, 0.444683, -0.498748, 0.279191, 0.455725]
[0.497754, 0.287922, -0.499285, 0.244392, 0.246875]
[0.331809, 0.286753, -0.499173, 0.354503, 0.020445]
[0.421484, 0.485732, -0.499409, 0.477642, 0.354079]
[0.57509, 0.296692, -0.498441, 0.477722, 0.403997]
[0.470911, 0.162913, -0.499975, 0.475258, 0.290764]
[0.55669, 0.413745, -0.498469, 0.431698, 0.20848]
[0.650034, 0.305741, -0.499709, 0.312206, 0.003646]
[0.459284, 0.441731, -0.499978, 0.419952, 0.293635]
[0.270585, 0.386505, -0.499563, 0.363241, 0.033081]
[0.435899, 0.387405, -0.499965, 0.273804, 0.451835]
[0.628081, 0.465272, -0.499185, 0.467209, 0.399708]
[0.313417, 0.253951, -0.499536, 0.240302, 0.274184]
[0.374366, 0.430791, -0.498938, 0.287314, 0.309148]
[0.542476, 0.136535, -0.49963, 0.338586, 0.065508]
[0.381499, 0.220126, -0.498546, 0.431451, 0.368295]
[0.495559, 0.24006, -0.499314, 0.237452, 0.343904]
[0.643638, 0.383983, -0.499012, 0.488222, 0.153573]
[0.454113, 0.12359, -0.499692, 0.488754, 0.255642]
[0.364532, 0.4346, -0.499547, 0.376906, 0.187121]
[0.436209, 0.408186, -0.499305, 0.292, 0.131436]
[0.294166, 0.377257, -0.499518, 0.29412, 0.042144]
[0.638189, 0.311376, -0.49893, 0.491044, 0.409519]
[0.410705, 0.160144, -0.498796, 0.330047, 0.048811]
[0.410089, 0.469713, -0.498869, 0.39431, 0.119171]
[0.562359, 0.482682, -0.499398, 0.308945, 0.217584]
[0.548552, 0.35181, -0.498975, 0.299293, 0.325827]
[0.56111, 0.287628, -0.498493, 0.255661, 0.35157]
[0.423111, 0.128478, -0.499474, 0.232239, 0.288643]
[0.269493, 0.195883, -0.498662, 0.35389, 0.197992]
[0.315297, 0.294254, -0.498442, 0.376425, 0.088874]
[0.366388, 0.291002, -0.499665, 0.276154, 0.024231]
[0.654611, 0.396732, -0.499373, 0.402911, 0.245302]
[0.611774, 0.424331, -0.499287, 0.49546, 0.076595]
[0.498021, 0.416564, -0.498471, 0.442111, 0.342879]
[0.30472, 0.447029, -0.49961, 0.474485, 0.380556]
[0.41103, 0.123436, -0.498934, 0.31862, 0.412457]
[0.293122, 0.194456, -0.499613, 0.295258, 0.440196]
[0.427874, 0.258049, -0.499509, 0.284892, 0.262873]
[0.405109, 0.433975, -0.499114, 0.351163, 0.152313]
[0.379199, 0.324229, -0.499959, 0.426354, 0.124402]
[0.677895, 0.290228, -0.499711, 0.363156, 0.0302]
[0.367021, 0.261565, -0.498423, 0.465148, 0.392573]
[0.44682, 0.22287, -0.499851, 0.313836, 0.417068]
[0.27574, 0.262395, -0.49884, 0.456586, 0.322029]
[0.332439, 0.373221, -0.498961, 0.286961, 0.259533]
[0.31518, 0.194866, -0.499682, 0.429622, 0.260533]
[0.340129, 0.260368, -0.4985, 0.482454, 0.129277]
[0.638536, 0.322071, -0.499845, 0.420968, 0.148618]
[0.626155, 0.350727, -0.498793, 0.423201, 0.300237]
[0.355478, 0.36024, -0.498705, 0.428285, 0.042884]
[0.462072, 0.198724, -0.49865, 0.434596, 0.41858]
[0.629241, 0.144449, -0.498471, 0.468331, 0.287099]
[0.516958, 0.325705, -0.498451, 0.333492, 0.006247]
[0.286382, 0.22488, -0.499971, 0.332341, 0.161268]
[0.60437, 0.361954, -0.49973, 0.334808, 0.042932]
[0.542945, 0.202969, -0.49929, 0.421798, 0.241618]
[0.408753, 0.345543, -0.49939, 0.319684, 0.108749]
[0.356442, 0.498916, -0.499625, 0.382079, 0.430456]
[0.511432, 0.352264, -0.499308, 0.239004, 0.210606]
[0.580139, 0.285056, -0.499661, 0.265744, 0.378098]
[0.382101, 0.32951, -0.499578, 0.477598, 0.007391]
[0.642425, 0.241883, -0.498673, 0.498074, 0.402443]
[0.389875, 0.374058, -0.498627, 0.314449, 0.06219]
[0.633206, 0.44592, -0.499828, 0.241794, 0.471008]
[0.640899, 0.36626, -0.499511, 0.306393, 0.244022]
[0.664826, 0.198832, -0.498884, 0.267958, 0.192233]
[0.444417, 0.233705, -0.499118, 0.437494, 0.019923]
[0.288821, 0.181716, -0.499065, 0.470706, 0.308491]
[0.635656, 0.253335, -0.498579, 0.4652, 0.409538]
[0.444011, 0.26692, -0.499643, 0.44075, 0.273912]
[0.287317, 0.45245, -0.498632, 0.282353, 0.395837]
[0.668013, 0.14187, -0.499195, 0.283592, 0.438374]
[0.270212, 0.313657, -0.499288, 0.318998, 0.283345]
[0.300983, 0.444903, -0.49997, 0.31913, 0.399462]
[0.431755, 0.308135, -0.499308, 0.405892, 0.267593]
[0.575488, 0.298212, -0.498534, 0.262496, 0.414315]
[0.552502, 0.166047, -0.499785, 0.310697, 0.484686]
[0.401986, 0.163175, -0.49983, 0.23506, 0.356433]
[0.66955, 0.359382, -0.499273, 0.493732, 0.359551]
[0.548195, 0.32444, -0.499583, 0.329711, 0.079098]
[0.406864, 0.321929, -0.499883, 0.23695, 0.076793]
[0.461338, 0.271643, -0.499003, 0.48768, 0.239959]
[0.490031, 0.372143, -0.498793, 0.359083, 0.175852]
[0.462496, 0.29095, -0.49957, 0.491675, 0.257597]
[0.480744, 0.333836, -0.498517, 0.446994, 0.332152]
[0.28349, 0.482832, -0.499021, 0.496356, 0.211552]
[0.611304, 0.178219, -0.499995, 0.388248, 0.160188]
[0.418628, 0.23047, -0.49907, 0.239338, 0.481658]
[0.671753, 0.397188, -0.499314, 0.28359, 0.292347]
[0.672963, 0.437346, -0.499215, 0.33844, 0.165878]
[0.593332, 0.199968, -0.499654, 0.368268, 0.046921]
[0.482245, 0.205461, -0.499683, 0.466118, 0.083583]
[0.354666, 0.21678, -0.49898, 0.290056, 0.153949]
[0.588718, 0.487701, -0.498654, 0.397322, 0.176652]
[0.360419, 0.171574, -0.499415, 0.271401, 0.099126]
[0.375207, 0.447922, -0.498481, 0.309496, 0.207048]
[0.397811, 0.163956, -0.498871, 0.38943, 0.462708]
[0.330469, 0.184898, -0.498711, 0.34885, 0.255067]
[0.666099, 0.397167, -0.498708, 0.424864, 0.155743]
[0.314382, 0.303992, -0.499377, 0.311755, 0.219619]
[0.595212, 0.164107, -0.499351, 0.34798, 0.299118]
[0.605231, 0.417508, -0.498926, 0.417817, 0.450482]
[0.464962, 0.206693, -0.499044, 0.238725, 0.035262]
[0.368254, 0.443247, -0.499481, 0.433913, 0.192573]
[0.527377, 0.131908, -0.498767, 0.269261, 0.118423]
[0.584648, 0.372873, -0.499644, 0.397401, 0.411013]
[0.465564, 0.337207, -0.499936, 0.454185, 0.472133]
[0.489847, 0.263866, -0.499831, 0.30172, 0.383765]
[0.455771, 0.36848, -0.498723, 0.489892, 0.391244]
[0.566436, 0.235675, -0.499732, 0.359185, 0.470613]
[0.33178, 0.451732, -0.499338, 0.329249, 0.46106]
[0.324854, 0.454664, -0.499772, 0.391359, 0.029321]
[0.418267, 0.361432, -0.499128, 0.497889, 0.00316]
[0.461777, 0.264218, -0.499977, 0.479461, 0.451645]
[0.532122, 0.306621, -0.49857, 0.37313, 0.255083]
[0.489332, 0.407918, -0.49888, 0.475706, 0.135577]
[0.509436, 0.299465, -0.498687, 0.235724, 0.098241]
[0.547166, 0.322934, -0.498486, 0.351821, 0.023077]
[0.308065, 0.183969, -0.498463, 0.442398, 0.298236]
[0.676401, 0.236917, -0.49907, 0.434953, 0.063891]
[0.360122, 0.390061, -0.498436, 0.367019, 0.225113]
[0.473083, 0.15529, -0.49847, 0.458626, 0.031453]
[0.532326, 0.127944, -0.49891, 0.363554, 0.092536]
[0.459747, 0.152304, -0.49936, 0.297802, 0.340446]
[0.621385, 0.248243, -0.499141, 0.434929, 0.42499]
[0.388023, 0.344782, -0.498718, 0.296055, 0.286339]
[0.647476, 0.278703, -0.498767, 0.315025, 0.403648]
[0.362027, 0.385727, -0.499099, 0.466457, 0.477432]
[0.271692, 0.405734, -0.498769, 0.412119, 0.132247]
[0.476968, 0.436015, -0.49954, 0.461959, 0.286485]
[0.650615, 0.370747, -0.499561, 0.305527, 0.214056]
[0.589754, 0.1845, -0.499818, 0.407424, 0.300376]
[0.332962, 0.289534, -0.498639, 0.419022, 0.058871]
[0.51468, 0.459594, -0.499729, 0.313632, 0.281447]
[0.552232, 0.254295, -0.498714, 0.38289, 0.22846]
[0.593124, 0.396808, -0.49922, 0.37428, 0.235044]
[0.572528, 0.283675, -0.498789, 0.315741, 0.202909]
[0.499662, 0.460788, -0.499423, 0.316844, 0.266]
[0.550621, 0.186666, -0.499776, 0.429686, 0.383517]
[0.602312, 0.330118, -0.499421, 0.382745, 0.149148]
[0.569661, 0.22313, -0.499681, 0.46074, 0.287291]
[0.586905, 0.332724, -0.499302, 0.355476, 0.312066]
[0.519031, 0.45493, -0.498993, 0.317401, 0.469104]
[0.342255, 0.403583, -0.498553, 0.400797, 0.332949]
[0.486392, 0.469344, -0.498422, 0.404694, 0.002638]
[0.472634, 0.375824, -0.499683, 0.477228, 0.391032]
[0.49649, 0.236676, -0.499889, 0.246809, 0.390612]
[0.425265, 0.43788, -0.499968, 0.465166, 0.108214]
[0.276426, 0.429439, -0.498541, 0.297426, 0.324823]
[0.642721, 0.492036, -0.498441, 0.238989, 0.28052]
[0.647443, 0.167701, -0.498876, 0.243803, 0.06817]
[0.648762, 0.382457, -0.499647, 0.368144, 0.084939]
[0.418268, 0.330361, -0.498769, 0.32972, 0.413343]
[0.384841, 0.218868, -0.499537, 0.443604, 0.152923]
[0.358829, 0.175463, -0.498958, 0.260539, 0.20779]
[0.324692, 0.404387, -0.499514, 0.327279, 0.482546]
[0.34086, 0.111972, -0.498913, 0.290762, 0.493933]
[0.281435, 0.410908, -0.498889, 0.361421, 0.455848]
[0.324421, 0.465501, -0.499291, 0.330674, 0.162984]
[0.291509, 0.351612, -0.499086, 0.357691, 0.032567]
[0.506205, 0.127059, -0.498952, 0.339067, 0.180213]
[0.295417, 0.263364, -0.499478, 0.325134, 0.336277]
[0.44941, 0.419997, -0.499614, 0.238926, 0.068032]
[0.269803, 0.188556, -0.498961, 0.391248, 0.232705]
[0.341632, 0.124311, -0.498673, 0.461569, 0.484337]
[0.410956, 0.247783, -0.499428, 0.388417, 0.129721]
[0.38204, 0.239367, -0.498475, 0.439452, 0.484531]
[0.577488, 0.169267, -0.498711, 0.375648, 0.348108]
[0.47258, 0.399439, -0.499857, 0.36275, 0.050319]
[0.289368, 0.2814, -0.499905, 0.233097, 0.145659]
[0.455105, 0.17187, -0.499957, 0.425177, 0.205521]
[0.364255, 0.465035, -0.498642, 0.419104, 0.410583]
[0.579496, 0.392746, -0.498912, 0.252004, 0.123317]
[0.640196, 0.450643, -0.499189, 0.39139, 0.412537]
[0.604126, 0.312769, -0.498784, 0.476381, 0.440486]
[0.325284, 0.267245, -0.499997, 0.338753, 0.172576]
[0.585328, 0.31682, -0.499121, 0.340181, 0.026765]
[0.651467, 0.376277, -0.49936, 0.377913, 0.363743]
[0.590998, 0.402788, -0.499358, 0.477704, 0.394364]
[0.362503, 0.358536, -0.499559, 0.342294, 0.343443]
[0.394959, 0.343958, -0.499937, 0.377505, 0.347176]
[0.587743, 0.155546, -0.499385, 0.302966, 0.245133]
[0.381894, 0.336284, -0.498616, 0.282032, 0.215528]
[0.486093, 0.117954, -0.499603, 0.270747, 0.146741]
[0.522008, 0.133792, -0.499022, 0.343812, 0.358387]
[0.405212, 0.385935, -0.498683, 0.299967, 0.300815]
[0.39567, 0.115486, -0.499446, 0.302429, 0.194072]
[0.634169, 0.208932, -0.498553, 0.428366, 0.071583]
[0.49852, 0.173365, -0.49963, 0.390254, 0.05281]
[0.418597, 0.131095, -0.499543, 0.326733, 0.296397]
[0.611628, 0.481064, -0.499544, 0.379947, 0.137824]
[0.63578, 0.212427, -0.499127, 0.406333, 0.353969]
[0.62395, 0.354196, -0.498976, 0.393057, 0.355961]
[0.382749, 0.42363, -0.498824, 0.364821, 0.3265]
[0.272053, 0.457342, -0.499955, 0.26544, 0.329397]
[0.433542, 0.435134, -0.498493, 0.493998, 0.14096]
[0.464995, 0.301927, -0.499423, 0.453223, 0.315348]
[0.40526, 0.164023, -0.499909, 0.462352, 0.360047]
[0.405406, 0.456937, -0.49842, 0.327165, 0.044603]
[0.612429, 0.259228, -0.49951, 0.237966, 0.253969]
[0.291715, 0.118626, -0.498644, 0.318848, 0.247673]
[0.644005, 0.492671, -0.499098, 0.44636, 0.303514]
[0.634591, 0.134804, -0.499917, 0.257264, 0.317622]
[0.644868, 0.376777, -0.498578, 0.267531, 0.125628]
[0.631541, 0.326921, -0.499906, 0.46596, 0.249287]
[0.444353, 0.314502, -0.49922, 0.243755, 0.357491]
[0.504794, 0.204337, -0.499885, 0.288134, 0.158586]
[0.624586, 0.480689, -0.499747, 0.347417, 0.425125]
[0.443052, 0.214876, -0.499249, 0.482464, 0.024123]
[0.409228, 0.213707, -0.499479, 0.305342, 0.261057]
[0.64113, 0.268531, -0.499039, 0.337943, 0.056141]
[0.502708, 0.406348, -0.498412, 0.406354, 0.144811]
[0.653158, 0.419089, -0.498772, 0.231942, 0.378024]
[0.615828, 0.194003, -0.49941, 0.427009, 0.319192]
[0.462312, 0.337435, -0.499124, 0.317698, 0.160364]
[0.629996, 0.126171, -0.498844, 0.418879, 0.099615]
[0.417597, 0.445735, -0.499731, 0.244411, 0.409021]
[0.360768, 0.488532, -0.499459, 0.369101, 0.421322]
[0.383877, 0.153931, -0.499067, 0.236067, 0.447809]
[0.361931, 0.471825, -0.498982, 0.382838, 0.259681]
[0.501679, 0.242582, -0.498474, 0.24675, 0.026513]
[0.64094, 0.218647, -0.498629, 0.441127, 0.386546]
[0.317124, 0.481705, -0.499327, 0.396666, 0.431068]
[0.412686, 0.306269, -0.49924, 0.469933, 0.20013]
[0.486424, 0.350755, -0.498528, 0.343256, 0.37057]
[0.34546, 0.390078, -0.499545, 0.318369, 0.178058]
[0.381606, 0.476848, -0.499419, 0.318835, 0.230936]
[0.292815, 0.189173, -0.498429, 0.472779, 0.417495]
[0.51506, 0.269833, -0.498562, 0.266227, 0.440365]
[0.505493, 0.222154, -0.498673, 0.388692, 0.066523]
[0.495857, 0.139453, -0.498746, 0.367297, 0.25888]
[0.39895, 0.447063, -0.498994, 0.39261, 0.40996]
[0.677211, 0.236955, -0.498641, 0.350201, 0.170246]
[0.461372, 0.303313, -0.49883, 0.369171, 0.346977]
[0.272326, 0.34414, -0.498621, 0.394302, 0.091623]
[0.567933, 0.465604, -0.499732, 0.437141, 0.06834]
[0.521157, 0.280904, -0.499183, 0.468088, 0.086892]
[0.301496, 0.408167, -0.499537, 0.459181, 0.429672]
[0.468113, 0.357262, -0.498502, 0.38786, 0.007687]
[0.512377, 0.409193, -0.499804, 0.435975, 0.476412]
[0.668131, 0.246647, -0.498605, 0.345525, 0.49258]
[0.65414, 0.399684, -0.499892, 0.372527, 0.147877]
[0.607692, 0.130361, -0.498685, 0.391675, 0.221509]
[0.343315, 0.241074, -0.498719, 0.350581, 0.232221]
[0.656568, 0.113457, -0.499615, 0.301308, 0.35231]
[0.39668, 0.215036, -0.4998, 0.300889, 0.289764]
[0.393534, 0.313206, -0.499158, 0.341889, 0.091482]
[0.442712, 0.492891, -0.498731, 0.489097, 0.027394]
[0.459789, 0.311182, -0.49848, 0.361071, 0.172227]
[0.573681, 0.39857, -0.499406, 0.288073, 0.255161]
[0.609696, 0.262611, -0.498428, 0.497268, 0.459676]
[0.420185, 0.302442, -0.49901, 0.326486, 0.479426]
[0.615454, 0.126306, -0.498944, 0.492785, 0.483961]
[0.458013, 0.227142, -0.499457, 0.258262, 0.273606]
[0.609596, 0.285827, -0.498536, 0.285402, 0.184874]
[0.616307, 0.481264, -0.499818, 0.415092, 0.341228]
[0.471792, 0.341548, -0.498555, 0.401044, 0.066166]
[0.582381, 0.236158, -0.499151, 0.315225, 0.012389]
[0.675112, 0.310276, -0.498961, 0.307224, 0.106254]
[0.301177, 0.327659, -0.499692, 0.318288, 0.047677]
[0.483368, 0.428013, -0.499678, 0.489559, 0.169019]
[0.586731, 0.219632, -0.498563, 0.321429, 0.143293]
[0.328142, 0.245679, -0.498487, 0.467993, 0.352326]
[0.290675, 0.24952, -0.499089, 0.405791, 0.155454]
[0.38229, 0.164588, -0.498641, 0.44035, 0.496324]
[0.540901, 0.29643, -0.499986, 0.248859, 0.325476]
[0.405531, 0.455946, -0.498812, 0.408225, 0.499853]
[0.627918, 0.170684, -0.499639, 0.379045, 0.145048]
[0.343359, 0.185581, -0.499788, 0.377547, 0.259292]
[0.678329, 0.130145, -0.49989, 0.238839, 0.175403]
[0.658101, 0.192378, -0.499226, 0.49934, 0.096458]
[0.59913, 0.249574, -0.499018, 0.476281, 0.369541]
[0.555832, 0.20008, -0.499814, 0.342359, 0.316089]
[0.518673, 0.271885, -0.499261, 0.444258, 0.057579]
[0.405291, 0.414919, -0.498815, 0.431047, 0.024445]
[0.556059, 0.366734, -0.498485, 0.495312, 0.316828]
[0.466612, 0.254051, -0.499012, 0.396454, 0.246336]
[0.319496, 0.340749, -0.499169, 0.253954, 0.26875]
[0.595557, 0.285408, -0.499645, 0.430959, 0.254409]
[0.48327, 0.131454, -0.499761, 0.267562, 0.036312]
[0.60675, 0.440465, -0.499737, 0.443183, 0.083449]
[0.57664, 0.266086, -0.49939, 0.429298, 0.451699]
[0.494152, 0.272572, -0.499392, 0.369487, 0.371968]
[0.32338, 0.180749, -0.499998, 0.239392, 0.321185]
[0.293145, 0.136616, -0.49852, 0.406354, 0.146435]
[0.618697, 0.182823, -0.499755, 0.345367, 0.029836]
[0.271251, 0.188303, -0.498886, 0.254391, 0.213354]
[0.656322, 0.248529, -0.49841, 0.254643, 0.36167]
[0.521798, 0.23325, -0.49842, 0.315427, 0.278467]
[0.630057, 0.398862, -0.499282, 0.469348, 0.243647]
[0.499579, 0.368832, -0.499816, 0.284585, 0.085132]
[0.636822, 0.432755, -0.498988, 0.268895, 0.183524]
[0.638022, 0.498614, -0.499698, 0.293489, 0.289569]
[0.675952, 0.416111, -0.49921, 0.259245, 0.143265]
[0.388742, 0.123831, -0.499781, 0.338704, 0.028572]
[0.615988, 0.395453, -0.49854, 0.376137, 0.066233]
[0.57078, 0.190296, -0.49958, 0.479885, 0.204864]
[0.32884, 0.170164, -0.498918, 0.28329, 0.196279]
[0.426757, 0.32782, -0.499937, 0.244718, 0.182118]
[0.630972, 0.245199, -0.498879, 0.426819, 0.282654]
[0.547743, 0.354034, -0.498868, 0.373185, 0.401772]
[0.427152, 0.41994, -0.49917, 0.279129, 0.104147]
[0.475296, 0.114306, -0.499593, 0.489249, 0.082569]
[0.558228, 0.283713, -0.498658, 0.469471, 0.1289]
[0.506281, 0.244211, -0.499387, 0.365913, 0.375191]
[0.491977, 0.422831, -0.498441, 0.337603, 0.329899]
[0.36707, 0.400173, -0.49943, 0.42237, 0.185349]
[0.416691, 0.482314, -0.49974, 0.236439, 0.13019]
[0.667357, 0.359191, -0.499045, 0.31442, 0.333551]
[0.334235, 0.389514, -0.499702, 0.323645, 0.297522]
[0.653396, 0.418195, -0.499362, 0.453095, 0.484068]
[0.381741, 0.372855, -0.499398, 0.326025, 0.37031]
[0.408001, 0.232559, -0.498718, 0.340288, 0.372462]
[0.563229, 0.433711, -0.498622, 0.495651, 0.391097]
[0.521227, 0.334199, -0.498461, 0.454758, 0.179422]
[0.630391, 0.320406, -0.499018, 0.313709, 0.393097]
[0.333252, 0.245765, -0.4994, 0.263862, 0.175679]
[0.382036, 0.205262, -0.499471, 0.4508, 0.238796]
[0.65076, 0.324196, -0.499154, 0.481867, 0.168289]
[0.612221, 0.221716, -0.499102, 0.323141, 0.298596]
[0.338914, 0.217675, -0.499382, 0.427574, 0.15974]
[0.329217, 0.20049, -0.499829, 0.400816, 0.110933]
[0.325729, 0.126902, -0.499588, 0.363711, 0.352526]
[0.43371, 0.344319, -0.498476, 0.295459, 0.159427]
[0.617204, 0.409691, -0.499115, 0.302298, 0.194113]
[0.473848, 0.408495, -0.498712, 0.248194, 0.313963]
[0.311328, 0.256112, -0.499592, 0.420586, 0.255496]
[0.451671, 0.254433, -0.499748, 0.354203, 0.183083]
[0.614519, 0.363521, -0.498997, 0.27845, 0.39251]
[0.367758, 0.402885, -0.49904, 0.465323, 0.271448]
[0.298208, 0.444554, -0.499146, 0.288289, 0.265086]
[0.39588, 0.251002, -0.499361, 0.364593, 0.042502]
[0.574028, 0.413454, -0.499536, 0.352047, 0.313132]
[0.553242, 0.381241, -0.499288, 0.365388, 0.091574]
[0.405119, 0.422546, -0.499672, 0.498945, 0.211537]
[0.547137, 0.379656, -0.499214, 0.272514, 0.23352]
[0.546122, 0.479668, -0.498507, 0.479066, 0.301351]
[0.302661, 0.491409, -0.499159, 0.390125, 0.404933]
[0.438975, 0.401988, -0.499195, 0.340465, 0.11815]
[0.679097, 0.232216, -0.498614, 0.468721, 0.393019]
[0.61476, 0.411215, -0.498825, 0.481943, 0.082578]
[0.366504, 0.464321, -0.498519, 0.482771, 0.18766]
[0.472805, 0.415583, -0.498994, 0.450531, 0.262058]
[0.529518, 0.113233, -0.499381, 0.333651, 0.33825]
[0.522056, 0.474732, -0.499471, 0.456575, 0.367867]
[0.515293, 0.186295, -0.499636, 0.318431, 0.08893]
[0.361843, 0.143512, -0.499776, 0.396991, 0.007812]
[0.535604, 0.46455, -0.499607, 0.314277, 0.295046]
[0.431803, 0.2596, -0.49848, 0.375612, 0.496102]
[0.27741, 0.195546, -0.499838, 0.334272, 0.283062]
[0.408876, 0.475376, -0.498668, 0.446513, 0.266129]
[0.442376, 0.406792, -0.498789, 0.397752, 0.031976]
[0.524174, 0.412019, -0.498926, 0.298863, 0.284549]
[0.628803, 0.164915, -0.499903, 0.477639, 0.038739]
[0.490217, 0.350736, -0.498632, 0.349623, 0.17372]
[0.379144, 0.154594, -0.499721, 0.409312, 0.199141]
[0.284155, 0.434497, -0.498584, 0.344638, 0.080941]
[0.594149, 0.401232, -0.498474, 0.397496, 0.077282]
[0.285662, 0.171028, -0.498753, 0.489588, 0.45702]
[0.471014, 0.36247, -0.498541, 0.492169, 0.279278]
[0.327114, 0.251044, -0.499828, 0.371974, 0.030001]
[0.591719, 0.155752, -0.499795, 0.411228, 0.162996]
[0.271913, 0.208784, -0.499739, 0.498834, 0.138346]
[0.368644, 0.262057, -0.498829, 0.362843, 0.223771]
[0.298143, 0.410672, -0.499443, 0.327389, 0.177004]
[0.33277, 0.117119, -0.499017, 0.494456, 0.370834]
[0.601471, 0.485229, -0.499438, 0.341154, 0.272112]
[0.379562, 0.165021, -0.499931, 0.320314, 0.457114]
[0.587114, 0.250444, -0.499147, 0.470533, 0.39735]
[0.633441, 0.480479, -0.499383, 0.421967, 0.472225]
[0.609365, 0.375648, -0.499443, 0.499646, 0.130479]
[0.576657, 0.44041, -0.498724, 0.256739, 0.272086]
[0.595077, 0.337651, -0.499505, 0.47014, 0.140181]
[0.587539, 0.433529, -0.49932, 0.403065, 0.225518]
[0.385119, 0.199884, -0.49964, 0.390616, 0.340639]
[0.536935, 0.165995, -0.499898, 0.448677, 0.453486]
[0.334419, 0.150899, -0.49974, 0.31611, 0.129192]
[0.52467, 0.397822, -0.498633, 0.278243, 0.262331]
[0.653876, 0.493031, -0.499923, 0.462575, 0.232224]
[0.283307, 0.270349, -0.499082, 0.312315, 0.262953]
[0.643555, 0.305457, -0.498653, 0.380412, 0.307405]
[0.661926, 0.347682, -0.498484, 0.439895, 0.017241]
[0.596551, 0.346366, -0.499128, 0.454279, 0.2353]
[0.472709, 0.210106, -0.499059, 0.324628, 0.240079]
[0.667338, 0.297138, -0.499894, 0.31439, 0.340791]
[0.525226, 0.119302, -0.499664, 0.356004, 0.456314]
[0.465956, 0.330093, -0.499047, 0.229254, 0.31091]
[0.674689, 0.386803, -0.498926, 0.410821, 0.220482]
[0.366289, 0.319984, -0.498951, 0.349891, 0.495762]
[0.394182, 0.333528, -0.49846, 0.414547, 0.115509]
[0.34916, 0.398414, -0.499701, 0.243033, 0.404722]
[0.398449, 0.499792, -0.498708, 0.423537, 0.067608]
[0.427272, 0.454076, -0.498765, 0.313592, 0.090129]
[0.321729, 0.484184, -0.499212, 0.281168, 0.072291]
[0.40529, 0.141909, -0.499763, 0.286254, 0.263645]
[0.527177, 0.321849, -0.498593, 0.468303, 0.16221]
[0.374657, 0.155791, -0.499715, 0.24094, 0.120586]
[0.35446, 0.4291, -0.498616, 0.368358, 0.368072]
[0.404042, 0.309269, -0.499606, 0.477903, 0.105894]
[0.591921, 0.382205, -0.499869, 0.267537, 0.231823]
[0.450221, 0.163581, -0.49924, 0.37539, 0.45233]
[0.369618, 0.373322, -0.499996, 0.403938, 0.337795]
[0.614219, 0.451443, -0.498706, 0.249749, 0.25738]
[0.64887, 0.343561, -0.49914, 0.26711, 0.238964]
[0.494279, 0.171495, -0.499715, 0.455032, 0.010329]
[0.326017, 0.218706, -0.4987, 0.413768, 0.121035]
[0.336314, 0.248474, -0.499995, 0.333956, 0.034908]
[0.678641, 0.299688, -0.498908, 0.329441, 0.214067]
[0.286679, 0.202333, -0.499304, 0.446109, 0.077244]
[0.637779, 0.478232, -0.499161, 0.465607, 0.098586]
[0.534344, 0.26421, -0.498818, 0.396474, 0.127783]
[0.467739, 0.335573, -0.498615, 0.229339, 0.075205]
[0.653533, 0.118703, -0.499271, 0.276849, 0.480968]
[0.463284, 0.157736, -0.498564, 0.392562, 0.318133]
[0.437008, 0.212485, -0.498415, 0.281234, 0.301681]
[0.630771, 0.250711, -0.499517, 0.27217, 0.270051]
[0.532893, 0.213105, -0.499931, 0.246797, 0.407595]
[0.500016, 0.257067, -0.499627, 0.251061, 0.314872]
[0.275294, 0.446603, -0.499671, 0.249999, 0.005379]
[0.522855, 0.486397, -0.499829, 0.339032, 0.063258]
[0.638278, 0.480181, -0.499008, 0.32418, 0.008719]
[0.529621, 0.171823, -0.498648, 0.298258, 0.120568]
[0.653653, 0.473848, -0.499533, 0.362286, 0.43258]
[0.281228, 0.265281, -0.499568, 0.341606, 0.356834]
[0.470286, 0.157394, -0.498547, 0.33942, 0.309821]
[0.673719, 0.459428, -0.498516, 0.467348, 0.401766]
[0.368278, 0.191295, -0.499416, 0.304132, 0.242558]
[0.52241, 0.157707, -0.498485, 0.300026, 0.039643]
[0.552431, 0.317614, -0.498553, 0.309141, 0.07523]
[0.346048, 0.382921, -0.499454, 0.432679, 0.041204]
[0.492139, 0.304238, -0.499791, 0.461722, 0.367606]
[0.37431, 0.175101, -0.498722, 0.487311, 0.236713]
[0.614912, 0.158117, -0.499541, 0.401854, 0.38488]
[0.499738, 0.470386, -0.499376, 0.380625, 0.287207]
[0.519746, 0.188512, -0.499934, 0.442673, 0.212288]
[0.55713, 0.445768, -0.499433, 0.250087, 0.298477]
[0.630932, 0.116958, -0.499151, 0.454217, 0.173645]
[0.546641, 0.269752, -0.499793, 0.384968, 0.493522]
[0.663099, 0.184203, -0.499294, 0.330957, 0.39879]
[0.401398, 0.115419, -0.499488, 0.351428, 0.337298]
[0.598261, 0.41101, -0.498575, 0.273719, 0.109422]
[0.411002, 0.215907, -0.499267, 0.30796, 0.462744]
[0.600977, 0.270562, -0.49918, 0.302584, 0.304436]
[0.309617, 0.115141, -0.498709, 0.232953, 0.451401]
[0.399114, 0.125917, -0.499925, 0.258436, 0.423762]
[0.600684, 0.349303, -0.49919, 0.469133, 0.053133]
[0.573827, 0.22937, -0.499772, 0.361067, 0.016609]
[0.344707, 0.436099, -0.498633, 0.39227, 0.317907]
[0.442883, 0.391423, -0.498901, 0.373841, 0.04688]
[0.474351, 0.472467, -0.499313, 0.233859, 0.471882]
[0.536246, 0.351215, -0.49994, 0.498876, 0.438737]
[0.537402, 0.215687, -0.499227, 0.398188, 0.479656]
[0.328486, 0.183121, -0.498569, 0.4195, 0.302998]
[0.543968, 0.426843, -0.498915, 0.387123, 0.120144]
[0.301828, 0.294233, -0.498553, 0.287322, 0.279436]
[0.423881, 0.320819, -0.4985, 0.485666, 0.277706]
[0.300422, 0.246237, -0.499514, 0.321052, 0.356056]
[0.549143, 0.27156, -0.498603, 0.403815, 0.21882]
[0.484103, 0.37377, -0.499833, 0.432057, 0.156659]
[0.289769, 0.270306, -0.49921, 0.364483, 0.112405]
[0.499524, 0.118921, -0.498462, 0.479987, 0.445001]
[0.321971, 0.356441, -0.49843, 0.423111, 0.126155]
[0.332487, 0.428195, -0.499465, 0.383688, 0.03228]
[0.46822, 0.371845, -0.499985, 0.312298, 0.384019]
[0.316626, 0.216868, -0.498872, 0.452738, 0.102361]
[0.493227, 0.446572, -0.499372, 0.413957, 0.064131]
[0.304269, 0.134541, -0.499237, 0.397952, 0.399113]
[0.488469, 0.323149, -0.499351, 0.401507, 0.106796]
[0.345113, 0.479843, -0.499064, 0.458743, 0.463994]
[0.673191, 0.439551, -0.499173, 0.334723, 0.114451]
[0.299959, 0.191445, -0.499494, 0.473169, 0.152373]
[0.29687, 0.266514, -0.499395, 0.430683, 0.487426]
[0.435764, 0.305954, -0.499595, 0.322984, 0.271908]
[0.565727, 0.468257, -0.499035, 0.237697, 0.206473]
[0.273196, 0.215889, -0.498503, 0.354818, 0.314619]
[0.379333, 0.18628, -0.498527, 0.33035, 0.306802]
[0.582157, 0.436809, -0.499734, 0.401889, 0.28766]
[0.652075, 0.368471, -0.499837, 0.385922, 0.462827]
[0.307926, 0.219158, -0.499625, 0.464524, 0.414129]
[0.350645, 0.14376, -0.499365, 0.245008, 0.369468]
[0.290724, 0.310811, -0.499686, 0.259954, 0.237242]
[0.390829, 0.403152, -0.498612, 0.237739, 0.137025]
[0.349567, 0.468754, -0.49901, 0.334624, 0.103338]
[0.405204, 0.437434, -0.498774, 0.2603, 0.296167]
[0.56766, 0.40202, -0.499279, 0.255277, 0.034203]
[0.558291, 0.203046, -0.499023, 0.42546, 0.204408]
[0.368309, 0.470332, -0.499607, 0.367196, 0.225468]
[0.635459, 0.216599, -0.498945, 0.292023, 0.091207]
[0.542534, 0.174684, -0.499832, 0.419817, 0.077458]
[0.652188, 0.270052, -0.499144, 0.264297, 0.106979]
[0.348157, 0.47446, -0.499544, 0.385915, 0.167198]
[0.677774, 0.298513, -0.499569, 0.474057, 0.475177]
[0.518948, 0.311517, -0.499138, 0.443094, 0.324974]
[0.582937, 0.254671, -0.499996, 0.493486, 0.320938]
[0.666578, 0.356431, -0.499667, 0.258536, 0.199257]
[0.379154, 0.370513, -0.499374, 0.462463, 0.393827]
[0.64553, 0.291491, -0.498428, 0.399549, 0.092726]
[0.5404, 0.383523, -0.498764, 0.42806, 0.44533]
[0.540979, 0.377949, -0.499119, 0.237172, 0.227124]
[0.382045, 0.408331, -0.499302, 0.313675, 0.176527]
[0.557092, 0.255153, -0.499928, 0.42235, 0.117288]
[0.549517, 0.119131, -0.498445, 0.450343, 0.143896]
[0.346375, 0.457978, -0.498812, 0.376673, 0.458481]
[0.526903, 0.276056, -0.498701, 0.445898, 0.215782]
[0.427199, 0.269364, -0.499725, 0.439329, 0.366597]
[0.520899, 0.270244, -0.499125, 0.341363, 0.114297]
[0.403119, 0.137398, -0.498576, 0.427495, 0.050481]
[0.472862, 0.486503, -0.498752, 0.318665, 0.418979]
[0.373452, 0.344019, -0.498495, 0.496024, 0.391532]
[0.446339, 0.316115, -0.49898, 0.416753, 0.018319]
[0.491309, 0.230264, -0.498507, 0.233594, 0.265429]
[0.636795, 0.368336, -0.498984, 0.445991, 0.313801]
[0.649938, 0.323934, -0.499967, 0.469209, 0.286295]
[0.340023, 0.372921, -0.499791, 0.390279, 0.485394]
[0.401593, 0.365968, -0.499199, 0.46123, 0.339664]
[0.553097, 0.47188, -0.498969, 0.283061, 0.104421]
[0.434014, 0.434755, -0.499023, 0.462239, 0.383443]
[0.560043, 0.319646, -0.499469, 0.373228, 0.234188]
[0.307777, 0.268295, -0.499444, 0.285483, 0.006132]
[0.617383, 0.221904, -0.498665, 0.489264, 0.458235]
[0.372984, 0.406099, -0.498742, 0.266419, 0.061354]
[0.632903, 0.467487, -0.49967, 0.251689, 0.14369]
[0.495225, 0.347366, -0.498657, 0.297856, 0.460844]
[0.317181, 0.416181, -0.498917, 0.386936, 0.290567]
[0.470544, 0.264518, -0.49881, 0.471294, 0.116061]
[0.65471, 0.205038, -0.49916, 0.345621, 0.497779]
[0.48361, 0.172075, -0.498457, 0.26547, 0.074504]
[0.462111, 0.395589, -0.499911, 0.426483, 0.129528]
[0.308018, 0.336813, -0.499023, 0.359608, 0.276536]
[0.583225, 0.15692, -0.499422, 0.232033, 0.220231]
[0.487748, 0.493069, -0.499132, 0.372186, 0.301824]
[0.360704, 0.356197, -0.499428, 0.277406, 0.098381]
[0.541205, 0.296819, -0.499766, 0.36269, 0.31183]
[0.39509, 0.226767, -0.499653, 0.372228, 0.02141]
[0.515224, 0.266263, -0.499397, 0.47326, 0.344558]
[0.354996, 0.26624, -0.499177, 0.333296, 0.151006]
[0.332055, 0.358967, -0.498583, 0.429386, 0.494153]
[0.617278, 0.152585, -0.498851, 0.387074, 0.137952]
[0.326887, 0.128632, -0.499867, 0.289547, 0.09671]
[0.471182, 0.460013, -0.498544, 0.269896, 0.113806]
[0.678776, 0.471977, -0.499433, 0.462225, 0.173541]
[0.661506, 0.307317, -0.499322, 0.450523, 0.324697]
[0.66208, 0.401051, -0.499031, 0.399478, 0.383197]
[0.451053, 0.376822, -0.499231, 0.230228, 0.133147]
[0.559265, 0.360532, -0.499872, 0.274779, 0.120656]
[0.596222, 0.12527, -0.499576, 0.342218, 0.279955]
[0.576969, 0.225882, -0.498446, 0.264469, 0.434495]
[0.304116, 0.217352, -0.498762, 0.365868, 0.102084]
[0.306319, 0.223053, -0.499736, 0.47184, 0.050055]
[0.315551, 0.150144, -0.499208, 0.480023, 0.255832]
[0.487239, 0.355182, -0.499131, 0.26536, 0.221279]
[0.52232, 0.20236, -0.499672, 0.392987, 0.362229]
[0.586684, 0.44988, -0.498806, 0.258778, 0.166793]
[0.295037, 0.483696, -0.499518, 0.282356, 0.098823]
[0.54972, 0.140839, -0.498935, 0.398207, 0.085959]
[0.678776, 0.125456, -0.499037, 0.407331, 0.091954]
[0.306906, 0.165287, -0.499787, 0.426924, 0.426338]
[0.45231, 0.177112, -0.499949, 0.453477, 0.080426]
[0.576891, 0.312457, -0.499463, 0.331805, 0.410542]
[0.337224, 0.316809, -0.498812, 0.316795, 0.163807]
[0.321968, 0.222626, -0.498475, 0.359558, 0.143303]
[0.614217, 0.393812, -0.499404, 0.446882, 0.339809]
[0.431533, 0.359199, -0.499026, 0.300979, 0.198323]
[0.500784, 0.238852, -0.499797, 0.300892, 0.0824]
[0.34158, 0.25603, -0.499165, 0.254897, 0.420416]
[0.327698, 0.230018, -0.498684, 0.296, 0.31888]
[0.632532, 0.15492, -0.498634, 0.447104, 0.44169]
[0.435498, 0.427772, -0.498661, 0.35153, 0.429455]
[0.462282, 0.128434, -0.499439, 0.330183, 0.1181]
[0.583927, 0.367338, -0.498795, 0.300633, 0.364116]
[0.319116, 0.468232, -0.498487, 0.233446, 0.281999]
[0.468065, 0.356154, -0.499522, 0.242819, 0.169276]
[0.567978, 0.482564, -0.498582, 0.483463, 0.356283]
[0.524987, 0.340036, -0.498878, 0.455396, 0.377964]
[0.445775, 0.312057, -0.499647, 0.415158, 0.33618]
[0.519386, 0.405676, -0.499519, 0.271053, 0.268074]
[0.390154, 0.35717, -0.499813, 0.29968, 0.246063]
[0.450375, 0.291677, -0.499869, 0.29167, 0.354984]
[0.42965, 0.346167, -0.499207, 0.476768, 0.224858]
[0.36517, 0.188008, -0.499022, 0.35834, 0.206234]
[0.622367, 0.18069, -0.499192, 0.289321, 0.043689]
[0.47352, 0.399004, -0.499542, 0.428615, 0.212547]
[0.277591, 0.341644, -0.499611, 0.374436, 0.340745]
[0.470129, 0.183242, -0.499106, 0.389725, 0.149231]
[0.516203, 0.291917, -0.499001, 0.446581, 0.278667]
[0.383587, 0.323661, -0.499082, 0.371116, 0.096102]
[0.430528, 0.472915, -0.499242, 0.352328, 0.061682]
[0.331379, 0.34273, -0.49943, 0.320024, 0.382628]
[0.350244, 0.31512, -0.499696, 0.272509, 0.411466]
[0.408395, 0.329715, -0.499846, 0.370257, 0.398353]
[0.646766, 0.374163, -0.499115, 0.42773, 0.165081]
[0.417802, 0.480241, -0.498528, 0.39822, 0.021642]
[0.349575, 0.352052, -0.499589, 0.366546, 0.473956]
[0.496145, 0.413539, -0.498719, 0.42964, 0.040292]
[0.486179, 0.244314, -0.498694, 0.267189, 0.142795]
[0.392916, 0.346286, -0.498677, 0.278534, 0.313417]
[0.453128, 0.178281, -0.499634, 0.392085, 0.256933]
[0.591841, 0.430609, -0.499023, 0.267735, 0.082969]
[0.423134, 0.345342, -0.499339, 0.369252, 0.262484]
[0.299157, 0.337631, -0.498572, 0.450865, 0.324988]
[0.359365, 0.288095, -0.49909, 0.259918, 0.373433]
[0.345736, 0.198531, -0.498746, 0.363636, 0.345818]
[0.608962, 0.354634, -0.499226, 0.445405, 0.190775]
[0.445908, 0.337566, -0.499983, 0.235667, 0.056663]
[0.333002, 0.24116, -0.499191, 0.417029, 0.11824]
[0.651655, 0.404863, -0.498794, 0.338924, 0.465228]
[0.485383, 0.184492, -0.499753, 0.498094, 0.392077]
[0.305037, 0.438076, -0.498753, 0.476487, 0.169754]
[0.306595, 0.167796, -0.499807, 0.357376, 0.498243]
[0.379532, 0.309018, -0.498924, 0.452654, 0.246512]
[0.605567, 0.312302, -0.498602, 0.308992, 0.203493]
[0.456155, 0.458856, -0.499553, 0.317359, 0.474865]
[0.593643, 0.358051, -0.498754, 0.309577, 0.008056]
[0.35649, 0.265941, -0.499152, 0.409863, 0.460285]
[0.34066, 0.381522, -0.49852, 0.366824, 0.303292]
[0.493486, 0.390752, -0.498561, 0.48597, 0.066901]
[0.319466, 0.164324, -0.499697, 0.349221, 0.234123]
[0.571293, 0.286998, -0.498607, 0.301447, 0.337171]
[0.324697, 0.245228, -0.499353, 0.233537, 0.359401]
[0.617876, 0.240515, -0.499153, 0.232073, 0.463071]
[0.308684, 0.267797, -0.499931, 0.247012, 0.493708]
[0.285498, 0.39766, -0.499437, 0.484675, 0.321752]
[0.553806, 0.365408, -0.499904, 0.271356, 0.111679]
[0.656856, 0.277909, -0.498874, 0.494995, 0.00897]
[0.307515, 0.490825, -0.498559, 0.255345, 0.284875]
[0.366116, 0.113421, -0.499538, 0.472897, 0.333593]
[0.672659, 0.340155, -0.499962, 0.227511, 0.20716]
[0.415733, 0.242964, -0.499001, 0.409198, 0.005534]
[0.420271, 0.410065, -0.499332, 0.356494, 0.326039]
[0.450897, 0.446325, -0.499958, 0.248749, 0.352614]
[0.640949, 0.129418, -0.499823, 0.240984, 0.091846]
[0.61732, 0.26997, -0.498986, 0.29261, 0.051267]
[0.51076, 0.209892, -0.499063, 0.298915, 0.150774]
[0.341535, 0.12006, -0.499897, 0.280332, 0.441315]
[0.50947, 0.336034, -0.498813, 0.49358, 0.384842]
[0.596504, 0.120735, -0.499022, 0.233076, 0.383451]
[0.290434, 0.474885, -0.499273, 0.469283, 0.243418]
[0.374265, 0.116275, -0.499378, 0.308746, 0.01966]
[0.617433, 0.492554, -0.498923, 0.263661, 0.181555]
[0.652072, 0.33027, -0.499069, 0.413577, 0.447177]
[0.576849, 0.322434, -0.499284, 0.362083, 0.353419]
[0.35602, 0.246695, -0.49941, 0.353027, 0.187683]
[0.335177, 0.135738, -0.498422, 0.376122, 0.125319]
[0.525593, 0.162589, -0.499433, 0.315335, 0.415563]
[0.502909, 0.452374, -0.499529, 0.298007, 0.004407]
[0.328598, 0.194083, -0.498895, 0.45618, 0.027409]
[0.649122, 0.362636, -0.499371, 0.304377, 0.456678]
[0.291393, 0.403807, -0.49858, 0.351515, 0.361972]
[0.523518, 0.38148, -0.499936, 0.333674, 0.323195]
[0.504449, 0.475144, -0.499158, 0.322434, 0.285579]
[0.618154, 0.137106, -0.498968, 0.423869, 0.18853]
[0.270269, 0.1711, -0.499932, 0.451912, 0.262254]
[0.32244, 0.470071, -0.499305, 0.231931, 0.323879]
[0.576422, 0.166567, -0.499217, 0.328298, 0.203596]
[0.351473, 0.450417, -0.498702, 0.334892, 0.444953]
[0.640388, 0.216617, -0.499544, 0.263026, 0.264054]
[0.656201, 0.145862, -0.499973, 0.418355, 0.262946]
[0.518829, 0.137391, -0.498686, 0.385602, 0.002917]
[0.669002, 0.339858, -0.499226, 0.32483, 0.318857]
[0.549606, 0.244128, -0.499015, 0.238835, 0.475285]
[0.461366, 0.195152, -0.499307, 0.365434, 0.469383]
[0.462741, 0.243006, -0.498627, 0.314307, 0.462373]
[0.505541, 0.127167, -0.498653, 0.471584, 0.042978]
[0.279419, 0.442315, -0.499231, 0.376376, 0.220154]
[0.595434, 0.336657, -0.499764, 0.474892, 0.046523]
[0.397139, 0.324797, -0.499581, 0.461808, 0.002384]
[0.380907, 0.347319, -0.498769, 0.444499, 0.001964]
[0.550871, 0.39347, -0.499299, 0.291546, 0.056848]
[0.527446, 0.172515, -0.499347, 0.408787, 0.230691]
[0.557578, 0.132437, -0.499156, 0.263799, 0.109399]
[0.468385, 0.187932, -0.499297, 0.294519, 0.439803]
[0.298636, 0.428302, -0.498942, 0.229478, 0.133375]
[0.379843, 0.236484, -0.498959, 0.490422, 0.485497]
[0.367401, 0.4581, -0.499244, 0.378399, 0.188229]
[0.494614, 0.221171, -0.499778, 0.494819, 0.427085]
[0.389734, 0.393206, -0.498946, 0.273027, 0.129493]
[0.351549, 0.355736, -0.499451, 0.395823, 0.368825]
[0.480298, 0.359805, -0.49846, 0.313435, 0.443284]
[0.383115, 0.397432, -0.499833, 0.400575, 0.139233]
[0.619075, 0.384263, -0.499285, 0.477627, 0.383913]
[0.396942, 0.44138, -0.499295, 0.258412, 0.450799]
[0.677796, 0.425197, -0.49888, 0.319228, 0.0209]
[0.562507, 0.20403, -0.499471, 0.477301, 0.354635]
[0.281068, 0.125306, -0.499016, 0.372475, 0.405004]
[0.616465, 0.382771, -0.499646, 0.385982, 0.384086]
[0.326415, 0.372417, -0.498717, 0.365337, 0.463771]
[0.367931, 0.426223, -0.499904, 0.484072, 0.070148]
[0.492588, 0.225633, -0.499019, 0.357085, 0.324236]
[0.66784, 0.11713, -0.499817, 0.376932, 0.442204]
[0.306314, 0.431194, -0.499694, 0.413915, 0.111875]
[0.381944, 0.334384, -0.49854, 0.422099, 0.217906]
[0.512045, 0.163696, -0.498708, 0.476747, 0.119131]
[0.403157, 0.49608, -0.499676, 0.351867, 0.231223]
[0.460975, 0.44065, -0.49912, 0.351131, 0.1674]
[0.493857, 0.284945, -0.499919, 0.385906, 0.022946]
[0.393664, 0.159076, -0.499917, 0.372435, 0.114543]
[0.469275, 0.202057, -0.499734, 0.24256, 0.139147]
[0.621219, 0.162387, -0.498755, 0.4589, 0.204439]
[0.45301, 0.240916, -0.499161, 0.36457, 0.04377]
[0.564329, 0.489595, -0.499185, 0.34417, 0.304076]
[0.663626, 0.1843, -0.499762, 0.48446, 0.231715]
[0.584565, 0.210221, -0.498571, 0.421079, 0.497404]
[0.302215, 0.289698, -0.499893, 0.428705, 0.177288]
[0.320602, 0.169552, -0.499369, 0.30135, 0.241505]
[0.679052, 0.248228, -0.499509, 0.347713, 0.222379]
[0.321354, 0.300363, -0.499031, 0.497615, 0.309281]
[0.630164, 0.128433, -0.498939, 0.385849, 0.409618]
[0.4038, 0.300579, -0.499172, 0.275468, 0.375455]
[0.396244, 0.348316, -0.499873, 0.251832, 0.321219]
[0.344415, 0.262784, -0.499612, 0.387937, 0.362058]
[0.377862, 0.30444, -0.499379, 0.271778, 0.043653]
[0.373559, 0.390855, -0.499938, 0.423054, 0.276271]
[0.302813, 0.26855, -0.49862, 0.462454, 0.328669]
[0.58916, 0.438518, -0.498444, 0.476588, 0.370275]
[0.376698, 0.166021, -0.498616, 0.270471, 0.038496]
[0.544358, 0.381868, -0.499981, 0.352205, 0.119999]
[0.362072, 0.339435, -0.499739, 0.26482, 0.224045]
[0.66871, 0.210092, -0.499946, 0.278827, 0.293982]
[0.497808, 0.402525, -0.498927, 0.490863, 0.258282]
[0.634929, 0.496379, -0.499518, 0.394279, 0.0448]
[0.49955, 0.419118, -0.499913, 0.478959, 0.227145]
[0.502271, 0.471465, -0.499671, 0.427072, 0.417969]
[0.36137, 0.475899, -0.499579, 0.248927, 0.022435]
[0.616122, 0.451573, -0.499363, 0.492719, 0.371203]
[0.525258, 0.35367, -0.5, 0.458325, 0.301338]
[0.565481, 0.449746, -0.49997, 0.433854, 0.156276]
[0.412606, 0.180352, -0.498876, 0.316907, 0.355853]
[0.437447, 0.19728, -0.499218, 0.23897, 0.466458]
[0.518478, 0.203865, -0.499102, 0.423802, 0.297748]
[0.441957, 0.267472, -0.499646, 0.241052, 0.239437]
[0.434809, 0.461416, -0.49927, 0.419754, 0.094701]
[0.67579, 0.250904, -0.498652, 0.426419, 0.241136]
[0.668968, 0.247502, -0.499691, 0.433384, 0.027064]
[0.535698, 0.17732, -0.498459, 0.389543, 0.2131]
[0.605984, 0.448543, -0.499853, 0.390337, 0.390187]
[0.625134, 0.240577, -0.499642, 0.344375, 0.459929]
[0.506975, 0.250603, -0.498987, 0.333623, 0.390493]
[0.348368, 0.112048, -0.499755, 0.344141, 0.135732]
[0.529728, 0.292152, -0.498866, 0.498797, 0.288882]
[0.414692, 0.488499, -0.499121, 0.407748, 0.360361]
[0.334618, 0.213479, -0.49994, 0.448237, 0.290311]
[0.549354, 0.185865, -0.498432, 0.297949, 0.46471]
[0.44063, 0.391869, -0.498989, 0.305161, 0.198399]
[0.288976, 0.183154, -0.499201, 0.472418, 0.202331]
[0.63134, 0.259639, -0.499097, 0.407098, 0.464595]
[0.599139, 0.435968, -0.499166, 0.397283, 0.314868]
[0.439047, 0.356362, -0.499153, 0.361859, 0.462384]
[0.458627, 0.157282, -0.499307, 0.436679, 0.470694]
[0.595046, 0.286812, -0.498869, 0.362774, 0.046019]
[0.538842, 0.2997, -0.49972, 0.25866, 0.27447]
[0.610096, 0.300365, -0.499062, 0.360363, 0.089407]
[0.630836, 0.259118, -0.499174, 0.277985, 0.254827]
[0.372366, 0.261169, -0.499416, 0.368849, 0.079603]
[0.50546, 0.36189, -0.499832, 0.393345, 0.451665]
[0.648705, 0.240801, -0.499748, 0.354596, 0.253084]
[0.276027, 0.153663, -0.498578, 0.248036, 0.323544]
[0.472604, 0.424649, -0.499118, 0.45858, 0.316602]
[0.530805, 0.375335, -0.49919, 0.445957, 0.375883]
[0.324532, 0.477481, -0.499647, 0.301414, 0.288366]
[0.48495, 0.352266, -0.499133, 0.34897, 0.155389]
[0.405381, 0.314161, -0.498759, 0.455974, 0.135633]
[0.283706, 0.352024, -0.498694, 0.445314, 0.170593]
[0.370069, 0.341943, -0.498411, 0.293568, 0.257755]
[0.652404, 0.204769, -0.499545, 0.259466, 0.081684]
[0.57369, 0.358532, -0.499778, 0.322417, 0.068613]
[0.381425, 0.474898, -0.499763, 0.394851, 0.255553]
[0.384709, 0.112093, -0.499072, 0.450014, 0.122633]
[0.516312, 0.352695, -0.498476, 0.234805, 0.281291]
[0.285727, 0.372103, -0.499334, 0.384637, 0.169282]
[0.366921, 0.182956, -0.499652, 0.368121, 0.063406]
[0.594988, 0.479075, -0.499927, 0.279116, 0.199021]
[0.354422, 0.186952, -0.499571, 0.430487, 0.158126]
[0.580685, 0.382412, -0.498498, 0.361737, 0.327684]
[0.386518, 0.254335, -0.499595, 0.48072, 0.489622]
[0.40345, 0.409761, -0.49963, 0.339164, 0.411676]
[0.512554, 0.454, -0.499484, 0.348657, 0.430564]
[0.421164, 0.389722, -0.499819, 0.327494, 0.105816]
[0.460599, 0.469209, -0.498613, 0.295634, 0.26857]
[0.56689, 0.429498, -0.499551, 0.499814, 0.074011]
[0.468352, 0.456894, -0.498782, 0.436993, 0.26622]
[0.365436, 0.211918, -0.499093, 0.414081, 0.475717]
[0.47088, 0.202715, -0.498688, 0.278693, 0.136049]
[0.576549, 0.134719, -0.498581, 0.45413, 0.490284]
[0.591646, 0.47605, -0.498883, 0.242536, 0.353802]
[0.597304, 0.21318, -0.499433, 0.33571, 0.05456]
[0.414601, 0.137927, -0.498649, 0.351555, 0.196642]
[0.457907, 0.351793, -0.49864, 0.351526, 0.181375]
[0.672127, 0.193999, -0.498652, 0.298221, 0.018661]
[0.313937, 0.205539, -0.498749, 0.385943, 0.415747]
[0.652939, 0.358894, -0.498531, 0.240127, 0.083396]
[0.619704, 0.448888, -0.499606, 0.270586, 0.06518]
[0.396932, 0.26426, -0.499928, 0.262718, 0.100135]
[0.476382, 0.474657, -0.499956, 0.227764, 0.234098]
[0.459562, 0.389628, -0.498535, 0.35765, 0.148851]
[0.365195, 0.318062, -0.499586, 0.470858, 0.314911]
[0.576566, 0.462632, -0.498989, 0.458534, 0.333579]
[0.409825, 0.328105, -0.499572, 0.357735, 0.217876]
[0.508238, 0.32351, -0.499395, 0.469631, 0.211196]
[0.586306, 0.250927, -0.499422, 0.453304, 0.184749]
[0.621788, 0.199686, -0.498769, 0.45546, 0.026926]
[0.384313, 0.326375, -0.499107, 0.493879, 0.09782]
[0.621331, 0.278756, -0.499489, 0.255312, 0.139877]
[0.596651, 0.343498, -0.498518, 0.459318, 0.310739]
[0.496974, 0.366918, -0.499549, 0.491255, 0.093311]
[0.343153, 0.169798, -0.499372, 0.277939, 0.458104]
[0.607509, 0.337748, -0.499019, 0.230374, 0.04232]
[0.334424, 0.354761, -0.498729, 0.483546, 0.072501]
[0.454721, 0.374307, -0.499917, 0.326232, 0.118691]
[0.645751, 0.233334, -0.4995, 0.23586, 0.169671]
[0.307944, 0.225422, -0.498913, 0.247321, 0.208869]
[0.28351, 0.44891, -0.499357, 0.382659, 0.398826]
[0.28546, 0.489183, -0.499079, 0.358446, 0.352904]
[0.38663, 0.347922, -0.499125, 0.266802, 0.358178]
[0.351597, 0.486604, -0.498636, 0.248865, 0.02278]
[0.651326, 0.131404, -0.499528, 0.466388, 0.400409]
[0.428513, 0.403271, -0.499402, 0.399038, 0.128551]
[0.495785, 0.22069, -0.499903, 0.473009, 0.063842]
[0.342202, 0.172419, -0.498559, 0.244522, 0.097337]
[0.634138, 0.211692, -0.498704, 0.306831, 0.40304]
[0.272758, 0.405051, -0.499419, 0.357505, 0.126425]
[0.567714, 0.466928, -0.498717, 0.349417, 0.204698]
[0.551516, 0.115485, -0.499479, 0.415947, 0.464862]
[0.679452, 0.487512, -0.49871, 0.287198, 0.243963]
[0.399275, 0.443682, -0.499169, 0.285318, 0.454997]
[0.659864, 0.147813, -0.499517, 0.420292, 0.03246]
[0.408689, 0.379761, -0.498458, 0.40385, 0.34307]
[0.316975, 0.316583, -0.499078, 0.355413, 0.017181]
[0.40804, 0.268444, -0.499891, 0.253396, 0.152517]
[0.51585, 0.348294, -0.499827, 0.454069, 0.30709]
[0.296951, 0.479985, -0.499197, 0.349354, 0.026677]
[0.531653, 0.279629, -0.499793, 0.37482, 0.023805]
[0.435662, 0.379723, -0.499564, 0.366202, 0.100892]
[0.354306, 0.332429, -0.499644, 0.344453, 0.448262]
[0.34289, 0.322043, -0.49891, 0.484861, 0.249954]
[0.649671, 0.11458, -0.499999, 0.258155, 0.286501]
[0.580451, 0.434509, -0.499431, 0.271195, 0.178769]
[0.420524, 0.313116, -0.499149, 0.376613, 0.200374]
[0.523546, 0.39039, -0.498485, 0.371323, 0.440017]
[0.594754, 0.455486, -0.498689, 0.420517, 0.10737]
[0.618069, 0.475157, -0.498648, 0.454214, 0.206162]
[0.294687, 0.163845, -0.498709, 0.436331, 0.212958]
[0.674309, 0.132466, -0.499914, 0.360676, 0.447244]
[0.271884, 0.154654, -0.499772, 0.401625, 0.384812]
[0.320764, 0.31601, -0.498881, 0.330652, 0.293597]
[0.597371, 0.332861, -0.499583, 0.368253, 0.045431]
[0.299224, 0.250444, -0.499056, 0.294068, 0.182219]
[0.589839, 0.244802, -0.499493, 0.427429, 0.383666]
[0.475276, 0.218734, -0.499159, 0.499089, 0.160738]
[0.546073, 0.158327, -0.49971, 0.242308, 0.457582]
[0.597122, 0.289679, -0.499091, 0.271979, 0.385357]
[0.637299, 0.44315, -0.49859, 0.229911, 0.405827]
[0.363547, 0.153487, -0.499123, 0.384684, 0.121753]
[0.373808, 0.192595, -0.498902, 0.357745, 0.411212]
[0.59923, 0.284644, -0.499036, 0.453305, 0.229511]
[0.640774, 0.292042, -0.498991, 0.442873, 0.116001]
[0.487583, 0.234698, -0.499099, 0.284506, 0.381779]
[0.413081, 0.151308, -0.498508, 0.287893, 0.223125]
[0.413136, 0.178512, -0.49895, 0.448615, 0.251286]
[0.647477, 0.268374, -0.49953, 0.379217, 0.192665]
[0.519711, 0.116531, -0.49856, 0.410951, 0.487929]
[0.275616, 0.144898, -0.49883, 0.471287, 0.238575]
[0.305518, 0.34179, -0.498915, 0.292208, 0.430409]
[0.444371, 0.218011, -0.499311, 0.470405, 0.323181]
[0.634952, 0.352287, -0.498896, 0.290662, 0.125153]
[0.612349, 0.422262, -0.499151, 0.371673, 0.149109]
[0.641011, 0.432601, -0.499716, 0.392729, 0.23349]
[0.291249, 0.115551, -0.499542, 0.293352, 0.091801]
[0.382021, 0.11517, -0.499094, 0.29211, 0.483762]
[0.464435, 0.16705, -0.498656, 0.261922, 0.25976]
[0.273716, 0.402972, -0.499055, 0.329621, 0.041778]
[0.434713, 0.334893, -0.499283, 0.267993, 0.210877]
[0.506043, 0.320602, -0.49905, 0.259538, 0.185531]
[0.401437, 0.163712, -0.499934, 0.424153, 0.326994]
[0.671967, 0.485359, -0.499026, 0.325377, 0.145777]
[0.508293, 0.287496, -0.499735, 0.332858, 0.499007]
[0.427437, 0.298614, -0.499619, 0.302595, 0.186112]
[0.415976, 0.459317, -0.499948, 0.441122, 0.163578]
[0.357476, 0.377155, -0.499323, 0.325152, 0.316017]
[0.523911, 0.499044, -0.49957, 0.297485, 0.254209]
[0.420331, 0.245782, -0.499275, 0.424895, 0.432488]
[0.411626, 0.319065, -0.499911, 0.428349, 0.270545]
[0.646927, 0.176913, -0.499596, 0.405159, 0.102248]
[0.578513, 0.272502, -0.499179, 0.230054, 0.272778]
[0.436838, 0.131309, -0.498582, 0.378124, 0.479021]
[0.413373, 0.455836, -0.499676, 0.381441, 0.332739]
[0.672195, 0.377828, -0.498744, 0.451037, 0.275757]
[0.424013, 0.474832, -0.499192, 0.256894, 0.321739]
[0.533932, 0.239315, -0.498854, 0.228028, 0.440231]
[0.294669, 0.174401, -0.499708, 0.443146, 0.212884]
[0.601035, 0.355175, -0.499972, 0.235035, 0.114135]
[0.594912, 0.147463, -0.498722, 0.251558, 0.039092]
[0.414011, 0.236228, -0.499824, 0.279651, 0.12928]
[0.640189, 0.248394, -0.499832, 0.453615, 0.194199]
[0.511834, 0.337654, -0.498694, 0.262611, 0.214411]
[0.530366, 0.114958, -0.49914, 0.494332, 0.306695]
[0.563715, 0.188754, -0.498464, 0.492503, 0.297624]
[0.385025, 0.200762, -0.499463, 0.307921, 0.338256]
[0.55092, 0.348608, -0.498671, 0.489154, 0.25203]
[0.545183, 0.159473, -0.498638, 0.343487, 0.176484]
[0.517636, 0.154742, -0.498871, 0.426272, 0.333338]
[0.515547, 0.129784, -0.498901, 0.426254, 0.264821]
[0.497754, 0.417863, -0.499312, 0.312939, 0.044829]
[0.574426, 0.197941, -0.498626, 0.352287, 0.339196]
[0.508652, 0.32203, -0.499974, 0.396689, 0.474351]
[0.334332, 0.265154, -0.499714, 0.272641, 0.024794]
[0.549913, 0.343704, -0.49848, 0.243665, 0.361982]
[0.661626, 0.370886, -0.499188, 0.415018, 0.40183]
[0.550675, 0.257578, -0.498724, 0.292, 0.174607]
[0.483098, 0.247885, -0.499865, 0.306986, 0.370017]
[0.409128, 0.158402, -0.49842, 0.43606, 0.458213]
[0.675403, 0.473667, -0.49927, 0.347536, 0.481831]
[0.651218, 0.450123, -0.499225, 0.303494, 0.187424]
[0.604523, 0.246568, -0.499976, 0.345969, 0.240221]
[0.279308, 0.318777, -0.499494, 0.367625, 0.316685]
[0.673489, 0.32279, -0.499341, 0.436947, 0.185824]
[0.594914, 0.126435, -0.499682, 0.292714, 0.47293]
[0.663786, 0.387988, -0.499605, 0.477306, 0.31387]
[0.323306, 0.167781, -0.498785, 0.313763, 0.438054]
[0.376813, 0.195442, -0.499652, 0.264196, 0.11007]
[0.605433, 0.235939, -0.498871, 0.389767, 0.37292]
[0.468189, 0.130555, -0.499144, 0.493684, 0.440373]
[0.569788, 0.420657, -0.499745, 0.242213, 0.461254]
[0.42766, 0.238715, -0.499028, 0.34992, 0.046079]
[0.314583, 0.16098, -0.499175, 0.393458, 0.101527]
[0.660475, 0.299542, -0.499975, 0.454929, 0.364875]
[0.322927, 0.2702, -0.498414, 0.39781, 0.015329]
[0.548824, 0.218366, -0.499937, 0.474986, 0.233189]
[0.325826, 0.283047, -0.498849, 0.29453, 0.053508]
[0.558845, 0.483748, -0.499179, 0.453226, 0.047669]
[0.372428, 0.396099, -0.498447, 0.245693, 0.218564]
[0.32707, 0.254626, -0.498689, 0.429001, 0.382507]
[0.305314, 0.342059, -0.499959, 0.347983, 0.242834]
[0.431042, 0.332206, -0.499936, 0.33508, 0.086614]
[0.374007, 0.207779, -0.499028, 0.448452, 0.369892]
[0.650078, 0.370563, -0.498464, 0.232284, 0.289242]
[0.610224, 0.394528, -0.499888, 0.373867, 0.034976]
[0.437219, 0.377667, -0.499587, 0.309637, 0.028649]
[0.472133, 0.256158, -0.499989, 0.313695, 0.062739]
[0.443605, 0.376447, -0.499684, 0.367613, 0.03829]
[0.555481, 0.173018, -0.498616, 0.377339, 0.44596]
[0.567018, 0.469035, -0.499189, 0.262904, 0.474894]
[0.501311, 0.298229, -0.498701, 0.32359, 0.188812]
[0.361566, 0.455733, -0.499523, 0.434784, 0.076538]
[0.28081, 0.389658, -0.499635, 0.443284, 0.499671]
[0.279912, 0.385141, -0.498742, 0.384855, 0.451087]
[0.431052, 0.354537, -0.49857, 0.27339, 0.314303]
[0.33722, 0.439844, -0.499286, 0.439736, 0.014379]
[0.677622, 0.124053, -0.499278, 0.247089, 0.24944]
[0.316772, 0.381413, -0.49868, 0.394106, 0.345438]
[0.54893, 0.261129, -0.498427, 0.463586, 0.046112]
[0.598285, 0.160919, -0.499794, 0.380338, 0.338453]
[0.591655, 0.13997, -0.499784, 0.290526, 0.345197]
[0.333197, 0.339564, -0.499232, 0.439415, 0.250494]
[0.33482, 0.40543, -0.49897, 0.434297, 0.398644]
[0.395695, 0.259355, -0.499122, 0.376741, 0.378513]
[0.345319, 0.310104, -0.498803, 0.344395, 0.306859]
[0.367875, 0.264064, -0.49988, 0.228263, 0.051604]
[0.383687, 0.24578, -0.499377, 0.301886, 0.427968]
[0.559124, 0.142868, -0.499493, 0.464588, 0.434144]
[0.446937, 0.264564, -0.499012, 0.467711, 0.455555]
[0.493909, 0.380727, -0.499581, 0.408938, 0.401464]
[0.632022, 0.154793, -0.499376, 0.252533, 0.257537]
[0.642581, 0.385901, -0.499823, 0.481481, 0.181583]
[0.605724, 0.398684, -0.499134, 0.383846, 0.378386]
[0.317865, 0.429277, -0.499057, 0.471381, 0.1994]
[0.477537, 0.143043, -0.498776, 0.243526, 0.485518]
[0.658995, 0.360628, -0.49988, 0.448181, 0.485641]
[0.514503, 0.482618, -0.498619, 0.348458, 0.121378]
[0.367772, 0.421744, -0.499158, 0.498504, 0.059786]
[0.677778, 0.310414, -0.499973, 0.385941, 0.161613]
[0.407318, 0.355725, -0.499177, 0.346765, 0.098925]
[0.416045, 0.233436, -0.499293, 0.426519, 0.024556]
[0.627112, 0.436378, -0.499272, 0.304496, 0.194726]
[0.494838, 0.139104, -0.499953, 0.277602, 0.394679]
[0.631025, 0.288327, -0.498506, 0.390909, 0.021993]
[0.349205, 0.277844, -0.498734, 0.43487, 0.183323]
[0.295756, 0.341334, -0.499603, 0.457241, 0.175888]
[0.533189, 0.241305, -0.499527, 0.413625, 0.419326]
[0.331975, 0.143377, -0.499898, 0.361129, 0.012654]
[0.373857, 0.390083, -0.499718, 0.426888, 0.305558]
[0.382666, 0.42479, -0.498974, 0.341, 0.287868]
[0.628326, 0.300482, -0.499068, 0.485163, 0.03503]
[0.552266, 0.265985, -0.498987, 0.253943, 0.010347]
[0.330738, 0.445354, -0.498584, 0.388828, 0.166327]
[0.333762, 0.363812, -0.499516, 0.236148, 0.046582]
[0.298232, 0.272656, -0.499085, 0.298308, 0.043057]
[0.439217, 0.291995, -0.499824, 0.381608, 0.289864]
[0.27344, 0.341302, -0.499023, 0.456902, 0.46977]
[0.642962, 0.447123, -0.498523, 0.437848, 0.020476]
[0.408313, 0.141993, -0.498983, 0.443212, 0.208531]
[0.321271, 0.157729, -0.498442, 0.42304, 0.155715]
[0.303632, 0.136209, -0.498523, 0.342971, 0.466452]
[0.600802, 0.268006, -0.499632, 0.320428, 0.4509]
[0.464621, 0.495703, -0.499563, 0.291982, 0.405931]
[0.335581, 0.111827, -0.498979, 0.287759, 0.458395]
[0.48054, 0.293449, -0.499352, 0.254459, 0.126764]
[0.334028, 0.24674, -0.499663, 0.410402, 0.191568]
[0.568307, 0.41369, -0.499008, 0.412133, 0.078857]
[0.502507, 0.340663, -0.499815, 0.461804, 0.272265]
[0.316226, 0.387482, -0.498748, 0.295402, 0.021609]
[0.64449, 0.346647, -0.499745, 0.314239, 0.335709]
[0.581583, 0.311597, -0.498857, 0.43894, 0.062351]
[0.618889, 0.477897, -0.49845, 0.299947, 0.2001]
[0.270221, 0.495778, -0.499723, 0.288457, 0.052842]
[0.307687, 0.206772, -0.498699, 0.414491, 0.255566]
[0.618686, 0.272587, -0.498858, 0.45599, 0.321728]
[0.371188, 0.41892, -0.498444, 0.478632, 0.263152]
[0.486577, 0.461087, -0.499978, 0.346003, 0.254667]
[0.271551, 0.415481, -0.49908, 0.243578, 0.199806]
[0.329183, 0.252099, -0.499405, 0.417284, 0.079294]
[0.426917, 0.400397, -0.499507, 0.272815, 0.326995]
[0.626143, 0.440176, -0.498987, 0.434053, 0.417844]
[0.400495, 0.160149, -0.499306, 0.366497, 0.441273]
[0.665178, 0.305026, -0.499712, 0.376221, 0.137285]
[0.558294, 0.436339, -0.498875, 0.357039, 0.241355]
[0.293254, 0.214569, -0.498702, 0.420894, 0.211538]
[0.629174, 0.404345, -0.498778, 0.473497, 0.018753]
[0.288068, 0.473391, -0.498931, 0.23361, 0.212823]
[0.525168, 0.121661, -0.499917, 0.248375, 0.151742]
[0.492468, 0.297061, -0.499599, 0.475683, 0.293993]
[0.354165, 0.368299, -0.499177, 0.316438, 0.198021]
[0.460288, 0.491579, -0.499869, 0.280964, 0.091591]
[0.310508, 0.359816, -0.499367, 0.405741, 0.438136]
[0.427667, 0.136541, -0.499244, 0.229724, 0.413386]
[0.672218, 0.241765, -0.499804, 0.47567, 0.137917]
[0.318629, 0.493804, -0.498584, 0.324212, 0.380042]
[0.609099, 0.479761, -0.499678, 0.247141, 0.057782]
[0.644409, 0.412277, -0.499014, 0.469726, 0.490216]
[0.481221, 0.157856, -0.498812, 0.431878, 0.123894]
[0.441612, 0.261658, -0.498473, 0.232571, 0.094429]
[0.580524, 0.499873, -0.499561, 0.374997, 0.416623]
[0.586861, 0.460672, -0.499735, 0.260918, 0.302009]
[0.614163, 0.230971, -0.498574, 0.255247, 0.035172]
[0.297749, 0.387513, -0.498562, 0.384361, 0.487342]
[0.591836, 0.177952, -0.499117, 0.324382, 0.30963]
[0.652985, 0.457897, -0.49873, 0.423089, 0.14712]
[0.427667, 0.286193, -0.499644, 0.248278, 0.379695]
[0.559108, 0.226852, -0.498907, 0.324068, 0.453955]
[0.50723, 0.211143, -0.498847, 0.335705, 0.332082]
[0.511448, 0.244867, -0.499885, 0.436798, 0.067065]
[0.287768, 0.290873, -0.498855, 0.24825, 0.095113]
[0.666887, 0.397626, -0.499277, 0.304579, 0.084951]
[0.366722, 0.370828, -0.499603, 0.490324, 0.295148]
[0.303973, 0.208866, -0.499283, 0.253329, 0.135434]
[0.435506, 0.278442, -0.498906, 0.257311, 0.303961]
[0.561695, 0.151065, -0.499841, 0.398641, 0.128997]
[0.394616, 0.339022, -0.499573, 0.38799, 0.251574]
[0.59895, 0.499383, -0.499251, 0.250575, 0.453438]
[0.446569, 0.444834, -0.498877, 0.250538, 0.222291]
[0.348971, 0.238842, -0.49969, 0.256761, 0.304618]
[0.568523, 0.488211, -0.499421, 0.495807, 0.277921]
[0.393197, 0.129572, -0.4987, 0.268624, 0.17827]
[0.444329, 0.115398, -0.498896, 0.45412, 0.489215]
[0.505211, 0.148348, -0.499716, 0.438659, 0.34802]
[0.615798, 0.169124, -0.499334, 0.482949, 0.072407]
[0.666524, 0.170012, -0.498762, 0.412666, 0.333114]
[0.361238, 0.119713, -0.499376, 0.287644, 0.41424]
[0.571994, 0.202958, -0.499202, 0.341573, 0.413388]
[0.277456, 0.203009, -0.499245, 0.229146, 0.283668]
[0.274979, 0.11637, -0.498825, 0.267791, 0.26328]
[0.42316, 0.229368, -0.498473, 0.476126, 0.042979]
[0.557008, 0.273916, -0.499114, 0.396756, 0.169152]
[0.319177, 0.193213, -0.499764, 0.496292, 0.476523]
[0.558316, 0.475457, -0.498655, 0.462068, 0.276267]
[0.274248, 0.158031, -0.499554, 0.346995, 0.498211]
[0.635838, 0.394583, -0.499306, 0.487751, 0.168328]
[0.340808, 0.36499, -0.499632, 0.285699, 0.129007]
[0.384155, 0.275208, -0.499193, 0.335006, 0.006709]
[0.655908, 0.325516, -0.498469, 0.30782, 0.283286]
[0.314853, 0.231114, -0.499435, 0.404246, 0.259513]
[0.355345, 0.205103, -0.499806, 0.464421, 0.114101]
[0.393436, 0.495275, -0.499621, 0.445681, 0.46071]
[0.599247, 0.344786, -0.499103, 0.287236, 0.011072]
[0.450044, 0.490309, -0.498736, 0.263598, 0.48211]
[0.416257, 0.483036, -0.499086, 0.264554, 0.491462]
[0.568217, 0.417892, -0.499804, 0.236473, 0.460907]
[0.465092, 0.442333, -0.499396, 0.378758, 0.270144]
[0.607228, 0.317645, -0.499614, 0.425632, 0.089031]
[0.600197, 0.151995, -0.499351, 0.303607, 0.134654]
[0.269345, 0.475395, -0.498965, 0.286098, 0.367343]
[0.56876, 0.39845, -0.499293, 0.487842, 0.313946]
[0.417155, 0.356016, -0.498966, 0.342851, 0.275198]
[0.347858, 0.127641, -0.49933, 0.453546, 0.339461]
[0.286362, 0.310762, -0.499456, 0.376093, 0.288315]
[0.610049, 0.469436, -0.499717, 0.397753, 0.274917]
[0.653537, 0.499754, -0.49974, 0.334648, 0.1833]
[0.324765, 0.297171, -0.498917, 0.405994, 0.39561]
[0.653695, 0.362051, -0.499587, 0.244676, 0.218782]
[0.558364, 0.284182, -0.499089, 0.388098, 0.254383]
[0.620589, 0.453986, -0.498578, 0.394546, 0.194043]
[0.364784, 0.247162, -0.499013, 0.228137, 0.446384]
[0.638659, 0.283757, -0.499108, 0.320046, 0.395446]
[0.371353, 0.395721, -0.499799, 0.48867, 0.146041]
[0.46988, 0.459419, -0.499173, 0.348242, 0.447727]
[0.3068, 0.410977, -0.499526, 0.315417, 0.358244]
[0.586871, 0.417708, -0.499439, 0.458538, 0.386915]
[0.462194, 0.488582, -0.499342, 0.231448, 0.392301]
[0.299711, 0.223024, -0.499904, 0.389719, 0.140977]
[0.632515, 0.372131, -0.499941, 0.264539, 0.224933]
[0.429598, 0.369596, -0.499975, 0.404385, 0.408733]
[0.604914, 0.358173, -0.498596, 0.323075, 0.176478]
[0.278814, 0.293967, -0.498838, 0.290109, 0.232228]
[0.293131, 0.364575, -0.499547, 0.372078, 0.06479]
[0.536179, 0.27441, -0.499755, 0.437023, 0.021737]
[0.501243, 0.133152, -0.499208, 0.392471, 0.096448]
[0.67668, 0.288391, -0.498603, 0.30661, 0.227693]
[0.460042, 0.429772, -0.499002, 0.376413, 0.225038]
[0.385182, 0.312287, -0.498997, 0.344235, 0.403274]
[0.378758, 0.458938, -0.499679, 0.301286, 0.330372]
[0.563877, 0.167662, -0.49874, 0.329855, 0.361744]
[0.653729, 0.419694, -0.498557, 0.339493, 0.231172]
[0.655248, 0.115773, -0.498795, 0.44123, 0.298995]
[0.385375, 0.466729, -0.499132, 0.236018, 0.250282]
[0.537592, 0.135956, -0.499974, 0.407084, 0.050478]
[0.545278, 0.176422, -0.498964, 0.250791, 0.381975]
[0.286785, 0.299927, -0.499182, 0.344428, 0.144472]
[0.65494, 0.464296, -0.499136, 0.261855, 0.486119]
[0.352485, 0.301723, -0.498766, 0.263974, 0.464223]
[0.369908, 0.278821, -0.499869, 0.3465, 0.440972]
[0.433525, 0.260392, -0.499257, 0.455877, 0.156162]
[0.671369, 0.189746, -0.498798, 0.374555, 0.074722]
[0.528419, 0.450738, -0.498968, 0.300922, 0.26981]
[0.306127, 0.312345, -0.499405, 0.237173, 0.360462]
[0.46456, 0.325558, -0.499799, 0.329829, 0.38158]
[0.279894, 0.186766, -0.49946, 0.370452, 0.383047]
[0.539566, 0.292062, -0.498974, 0.43728, 0.458008]
[0.294191, 0.300037, -0.499369, 0.371537, 0.181382]
[0.649787, 0.366479, -0.498508, 0.450599, 0.477459]
[0.607343, 0.377032, -0.499471, 0.359169, 0.042818]
[0.668973, 0.136675, -0.49847, 0.309521, 0.113581]
[0.513824, 0.229891, -0.499869, 0.444393, 0.080515]
[0.42764, 0.412306, -0.499398, 0.389477, 0.109471]
[0.64486, 0.492905, -0.499365, 0.334029, 0.110925]
[0.479759, 0.219011, -0.498926, 0.495944, 0.125605]
[0.407724, 0.17529, -0.498902, 0.358595, 0.279222]
[0.593676, 0.442658, -0.498629, 0.23126, 0.156721]
[0.515819, 0.19511, -0.499493, 0.370876, 0.004111]
[0.597158, 0.426685, -0.499552, 0.449033, 0.232222]
[0.377176, 0.267322, -0.499726, 0.456715, 0.210767]
[0.500245, 0.130917, -0.498656, 0.402193, 0.368769]
[0.566537, 0.221295, -0.498442, 0.468727, 0.120082]
[0.523291, 0.219036, -0.498883, 0.39168, 0.472245]
[0.416883, 0.469428, -0.498886, 0.266406, 0.145971]
[0.470123, 0.453693, -0.499401, 0.459407, 0.069476]
[0.65105, 0.296819, -0.499334, 0.240324, 0.410608]
[0.300237, 0.18007, -0.498558, 0.23035, 0.26246]
[0.276382, 0.239654, -0.499412, 0.232535, 0.40461]
[0.431052, 0.389695, -0.499213, 0.24398, 0.441101]
[0.478396, 0.463417, -0.499641, 0.300389, 0.056338]
[0.616829, 0.291171, -0.499642, 0.463209, 0.126499]
[0.374247, 0.229753, -0.49979, 0.312428, 0.494336]
[0.584355, 0.129856, -0.499762, 0.353279, 0.486836]
[0.358257, 0.302813, -0.499624, 0.236064, 0.257768]
[0.632409, 0.237607, -0.49858, 0.286056, 0.179736]
[0.647534, 0.248808, -0.498786, 0.468879, 0.259898]
[0.589599, 0.265127, -0.49904, 0.443358, 0.326942]
[0.424843, 0.417305, -0.499321, 0.341653, 0.272476]
[0.445578, 0.183812, -0.499834, 0.286144, 0.251716]
[0.415119, 0.145597, -0.49866, 0.410609, 0.309561]
[0.480404, 0.162651, -0.498723, 0.242888, 0.313042]
[0.650227, 0.190957, -0.499376, 0.23875, 0.323224]
[0.601644, 0.115454, -0.498496, 0.325595, 0.321394]
[0.281703, 0.47022, -0.499827, 0.394006, 0.052384]
[0.658199, 0.373946, -0.499867, 0.327971, 0.218534]
[0.500628, 0.174592, -0.498643, 0.421339, 0.183374]
[0.543828, 0.428489, -0.499325, 0.358004, 0.017436]
[0.533564, 0.247194, -0.499658, 0.334801, 0.30851]
[0.561994, 0.18043, -0.499192, 0.307874, 0.42002]
[0.39133, 0.33032, -0.498455, 0.419136, 0.047854]
[0.492755, 0.292378, -0.498784, 0.465013, 0.418126]
[0.311258, 0.192272, -0.499701, 0.302144, 0.261295]
[0.385537, 0.158898, -0.499605, 0.374602, 0.450868]
[0.289105, 0.169874, -0.499777, 0.460397, 0.421138]
[0.600866, 0.384735, -0.498579, 0.483579, 0.443696]
[0.480843, 0.395794, -0.499035, 0.296623, 0.011386]
[0.543814, 0.146207, -0.498429, 0.459166, 0.317096]
[0.329692, 0.144969, -0.498707, 0.49982, 0.367823]
[0.370215, 0.289343, -0.499071, 0.418417, 0.30612]
[0.652332, 0.213813, -0.498826, 0.478106, 0.424465]
[0.34066, 0.333774, -0.499738, 0.389763, 0.052438]
[0.409803, 0.32241, -0.499105, 0.434609, 0.040417]
[0.424513, 0.216194, -0.499159, 0.333916, 0.129899]
[0.279228, 0.325753, -0.499397, 0.289674, 0.350988]
[0.422672, 0.487533, -0.498712, 0.392546, 0.310594]
[0.387723, 0.215016, -0.499108, 0.347101, 0.411936]
[0.436451, 0.326716, -0.499371, 0.333325, 0.412972]
[0.412413, 0.277191, -0.498962, 0.244018, 0.364988]
[0.519169, 0.47025, -0.498578, 0.460591, 0.257135]
[0.413681, 0.336645, -0.499749, 0.259646, 0.150557]
[0.362104, 0.280025, -0.499382, 0.493305, 0.065719]
[0.621612, 0.134721, -0.498738, 0.403808, 0.403281]
[0.624765, 0.213295, -0.498529, 0.406567, 0.263757]
[0.447981, 0.463866, -0.498596, 0.406773, 0.414072]
[0.643738, 0.383676, -0.498531, 0.331463, 0.329613]
[0.566074, 0.177651, -0.499584, 0.255955, 0.084147]
[0.501575, 0.396714, -0.498841, 0.255335, 0.325765]
[0.421831, 0.363447, -0.499547, 0.362583, 0.075528]
[0.518668, 0.199167, -0.499793, 0.34183, 0.359405]
[0.527378, 0.462847, -0.499282, 0.419351, 0.045024]
[0.668816, 0.494462, -0.499891, 0.263797, 0.033808]
[0.456816, 0.447271, -0.498764, 0.452828, 0.102314]
[0.495494, 0.336489, -0.499739, 0.300874, 0.16437]
[0.541467, 0.231444, -0.498638, 0.375881, 0.026236]
[0.373685, 0.112443, -0.498468, 0.499713, 0.232899]
[0.511721, 0.453451, -0.499746, 0.352177, 0.333442]
[0.616585, 0.226476, -0.499352, 0.464253, 0.156378]
[0.282528, 0.477702, -0.499496, 0.262411, 0.377359]
[0.61308, 0.216741, -0.499167, 0.338651, 0.11041]
[0.538578, 0.258143, -0.499782, 0.257744, 0.380027]
[0.599941, 0.151932, -0.499026, 0.470006, 0.26398]
[0.411685, 0.374007, -0.498709, 0.310827, 0.475611]
[0.646186, 0.33478, -0.499975, 0.346207, 0.159269]
[0.3438, 0.340128, -0.499699, 0.248784, 0.007805]
[0.535323, 0.294085, -0.498916, 0.23471, 0.367019]
[0.654994, 0.372511, -0.498622, 0.496239, 0.055906]
[0.568158, 0.350364, -0.499719, 0.325865, 0.203168]
[0.54903, 0.315974, -0.498451, 0.394099, 0.441102]
[0.302314, 0.475703, -0.499187, 0.305322, 0.080846]
[0.358538, 0.428896, -0.499445, 0.404773, 0.444135]
[0.301008, 0.115631, -0.499917, 0.480526, 0.277481]
[0.648601, 0.41658, -0.499824, 0.293219, 0.341795]
[0.462748, 0.499313, -0.498482, 0.245072, 0.152346]
[0.520082, 0.344175, -0.499229, 0.357995, 0.420662]
[0.624284, 0.260342, -0.49972, 0.263693, 0.304267]
[0.545761, 0.21248, -0.499985, 0.49327, 0.161865]
[0.287629, 0.173213, -0.499792, 0.463785, 0.494898]
[0.604443, 0.312948, -0.499347, 0.244336, 0.25859]
[0.675741, 0.494268, -0.49893, 0.244197, 0.489129]
[0.397691, 0.208409, -0.498862, 0.446017, 0.108953]
[0.310708, 0.4027, -0.499411, 0.499207, 0.407801]
[0.467133, 0.360024, -0.499359, 0.416351, 0.36598]
[0.354644, 0.349554, -0.498577, 0.289817, 0.419933]
[0.278388, 0.128119, -0.499498, 0.435893, 0.022249]
[0.335733, 0.222728, -0.499732, 0.292031, 0.211922]
[0.401348, 0.352027, -0.498439, 0.429749, 0.384795]
[0.652807, 0.485527, -0.499499, 0.325696, 0.118905]
[0.322089, 0.286963, -0.499124, 0.245473, 0.144249]
[0.566992, 0.23286, -0.499673, 0.351914, 0.309359]
[0.662096, 0.332833, -0.499629, 0.388159, 0.244782]
[0.364104, 0.220489, -0.499283, 0.427858, 0.339933]
[0.668096, 0.443362, -0.499813, 0.485688, 0.428291]
[0.441093, 0.470401, -0.498969, 0.306663, 0.258424]
[0.43732, 0.123787, -0.498477, 0.31542, 0.199345]
[0.496313, 0.162645, -0.498618, 0.323712, 0.488953]
[0.434604, 0.178377, -0.499974, 0.259296, 0.074278]
[0.563568, 0.176805, -0.498653, 0.264964, 0.175096]
[0.456365, 0.37895, -0.499633, 0.400421, 0.141178]
[0.430068, 0.187576, -0.499815, 0.313937, 0.278687]
[0.636508, 0.264541, -0.499855, 0.362001, 0.445891]
[0.588604, 0.433359, -0.499924, 0.257493, 0.398689]
[0.271789, 0.212023, -0.499557, 0.234009, 0.44186]
[0.428662, 0.462724, -0.498437, 0.408832, 0.243406]
[0.501533, 0.323162, -0.498907, 0.380657, 0.310186]
[0.550869, 0.170433, -0.49942, 0.288672, 0.240171]
[0.35317, 0.280343, -0.498558, 0.352337, 0.390871]
[0.638231, 0.228637, -0.498583, 0.322544, 0.255176]
[0.484328, 0.391053, -0.498689, 0.40554, 0.187592]
[0.442427, 0.335022, -0.498737, 0.399908, 0.465951]
[0.549569, 0.383735, -0.499597, 0.306455, 0.194514]
[0.563767, 0.492343, -0.498578, 0.469986, 0.132649]
[0.527611, 0.370549, -0.498714, 0.427869, 0.066903]
[0.353357, 0.113875, -0.498855, 0.342291, 0.419291]
[0.483883, 0.242259, -0.498451, 0.327006, 0.211807]
[0.499665, 0.428615, -0.498972, 0.374494, 0.28794]
[0.404396, 0.125137, -0.499747, 0.339834, 0.499063]
[0.59921, 0.482882, -0.499486, 0.361297, 0.288165]
[0.492215, 0.379724, -0.499778, 0.426506, 0.138688]
[0.362789, 0.36792, -0.499075, 0.452947, 0.24985]
[0.389, 0.169495, -0.498584, 0.400583, 0.035657]
[0.585926, 0.26808, -0.49938, 0.291365, 0.203984]
[0.346436, 0.358376, -0.499697, 0.256968, 0.255856]
[0.511129, 0.463339, -0.499048, 0.414015, 0.037174]
[0.585522, 0.255742, -0.499024, 0.326994, 0.420506]
[0.431731, 0.129709, -0.499472, 0.35178, 0.498502]
[0.402187, 0.330799, -0.499507, 0.246125, 0.179017]
[0.60904, 0.145807, -0.49918, 0.262854, 0.27349]
[0.381174, 0.160965, -0.499291, 0.35843, 0.022359]
[0.522231, 0.262092, -0.498615, 0.304616, 0.495697]
[0.393876, 0.456, -0.499145, 0.306681, 0.471942]
[0.286304, 0.381634, -0.498649, 0.451362, 0.084529]
[0.311199, 0.255964, -0.499232, 0.242407, 0.467321]
[0.657631, 0.397312, -0.498637, 0.318866, 0.066969]
[0.588476, 0.295892, -0.498872, 0.346912, 0.222073]
[0.271942, 0.259664, -0.499826, 0.332037, 0.380078]
[0.352658, 0.403426, -0.498449, 0.275426, 0.290748]
[0.523693, 0.115736, -0.49922, 0.383548, 0.085929]
[0.430521, 0.347671, -0.499877, 0.421107, 0.372069]
[0.472672, 0.392419, -0.499871, 0.472307, 0.401328]
[0.544916, 0.297743, -0.499699, 0.391822, 0.28657]
[0.58434, 0.229067, -0.499072, 0.405255, 0.089741]
[0.321767, 0.212645, -0.498938, 0.243662, 0.090157]
[0.27234, 0.358333, -0.499922, 0.335532, 0.451025]
[0.316241, 0.12101, -0.499681, 0.418419, 0.234219]
[0.392901, 0.479043, -0.499648, 0.287284, 0.086795]
[0.340958, 0.268561, -0.498775, 0.495239, 0.397424]
[0.418455, 0.477532, -0.499228, 0.327135, 0.142671]
[0.494609, 0.498706, -0.498598, 0.316085, 0.418637]
[0.416189, 0.278912, -0.499158, 0.228568, 0.461126]
[0.629291, 0.257857, -0.498691, 0.345392, 0.136239]
[0.51985, 0.169102, -0.499265, 0.434097, 0.281443]
[0.628891, 0.221709, -0.499362, 0.417537, 0.079064]
[0.644558, 0.281295, -0.499299, 0.452689, 0.059099]
[0.282083, 0.15963, -0.499573, 0.426207, 0.472546]
[0.427059, 0.250768, -0.498887, 0.44293, 0.237889]
[0.395051, 0.444844, -0.498823, 0.467391, 0.250585]
[0.464881, 0.119406, -0.499184, 0.359407, 0.37737]
[0.499343, 0.426961, -0.49906, 0.425353, 0.082922]
[0.319807, 0.364442, -0.498539, 0.455787, 0.32261]
[0.638414, 0.220552, -0.499373, 0.29661, 0.487617]
[0.576873, 0.160321, -0.498517, 0.351305, 0.284748]
[0.454233, 0.394458, -0.499278, 0.491777, 0.168201]
[0.343557, 0.25059, -0.499959, 0.49968, 0.089481]
[0.558295, 0.345515, -0.498927, 0.488321, 0.092714]
[0.482886, 0.47047, -0.499224, 0.39134, 0.304617]
[0.373815, 0.449618, -0.498855, 0.278784, 0.415544]
[0.300244, 0.166043, -0.499309, 0.292572, 0.334127]
[0.305053, 0.2925, -0.49926, 0.365541, 0.490969]
[0.663677, 0.453078, -0.499864, 0.331486, 0.015622]
[0.393866, 0.1199, -0.499065, 0.478134, 0.124508]
[0.595291, 0.230285, -0.49919, 0.39386, 0.008961]
[0.541982, 0.290521, -0.499409, 0.387651, 0.071873]
[0.650943, 0.188331, -0.498861, 0.43437, 0.022736]
[0.298413, 0.375577, -0.498617, 0.300627, 0.202]
[0.39444, 0.222013, -0.499447, 0.360047, 0.496629]
[0.333155, 0.368547, -0.498874, 0.474405, 0.097072]
[0.408593, 0.163918, -0.498444, 0.497452, 0.291027]
[0.298254, 0.416555, -0.498596, 0.399849, 0.114867]
[0.385743, 0.406166, -0.499317, 0.285326, 0.043914]
[0.664175, 0.377588, -0.499945, 0.431492, 0.080367]
[0.403439, 0.295582, -0.499413, 0.495056, 0.110501]
[0.587314, 0.481704, -0.49874, 0.356588, 0.443079]
[0.317623, 0.471608, -0.499521, 0.351337, 0.253143]
[0.45647, 0.13553, -0.499538, 0.262312, 0.365176]
[0.43971, 0.427578, -0.499925, 0.433894, 0.280492]
[0.396902, 0.281375, -0.499805, 0.490889, 0.195147]
[0.468282, 0.365376, -0.499957, 0.41472, 0.257852]
[0.649217, 0.417049, -0.499075, 0.46103, 0.110564]
[0.348859, 0.262906, -0.498662, 0.319179, 0.284182]
[0.41827, 0.452576, -0.49859, 0.349035, 0.008159]
[0.353483, 0.349729, -0.499697, 0.331388, 0.004967]
[0.312432, 0.128857, -0.499066, 0.403607, 0.094738]
[0.677302, 0.24632, -0.498545, 0.334834, 0.366081]
[0.660343, 0.422254, -0.499734, 0.264419, 0.192902]
[0.430187, 0.46298, -0.49872, 0.314859, 0.469727]
[0.329826, 0.209995, -0.498948, 0.456532, 0.216332]
[0.664865, 0.168027, -0.499054, 0.386952, 0.25602]
[0.368799, 0.378996, -0.499134, 0.468292, 0.451833]
[0.291234, 0.208552, -0.499607, 0.38239, 0.21855]
[0.635302, 0.289809, -0.499523, 0.402557, 0.364196]
[0.625764, 0.383536, -0.499636, 0.252128, 0.475507]
[0.649026, 0.217117, -0.499019, 0.229329, 0.059263]
[0.553363, 0.369913, -0.499405, 0.344179, 0.028058]
[0.33836, 0.219242, -0.498535, 0.374958, 0.014938]
[0.273601, 0.192641, -0.499971, 0.350865, 0.132488]
[0.633431, 0.150252, -0.499805, 0.388302, 0.3878]
[0.642964, 0.120249, -0.499577, 0.244436, 0.419427]
[0.487084, 0.470767, -0.499899, 0.444055, 0.068337]
[0.371786, 0.318201, -0.498759, 0.356867, 0.135319]
[0.282238, 0.20269, -0.498666, 0.433366, 0.450624]
[0.483099, 0.303258, -0.499263, 0.460289, 0.424112]
[0.666744, 0.162451, -0.498618, 0.41997, 0.471323]
[0.472666, 0.443261, -0.499562, 0.429827, 0.114057]
[0.55359, 0.124071, -0.4993, 0.48911, 0.095425]
[0.283329, 0.345994, -0.499883, 0.327535, 0.385881]
[0.384789, 0.359544, -0.499867, 0.440672, 0.429366]
[0.489999, 0.433023, -0.498567, 0.449406, 0.392494]
[0.548252, 0.367846, -0.499922, 0.268227, 0.284063]
[0.501282, 0.252596, -0.498848, 0.452709, 0.103252]
[0.431591, 0.389384, -0.498536, 0.41269, 0.073473]
[0.501481, 0.43678, -0.499758, 0.383388, 0.026834]
[0.480398, 0.19868, -0.499262, 0.383799, 0.152608]
[0.359865, 0.251441, -0.498595, 0.392638, 0.463938]
[0.334009, 0.436915, -0.498929, 0.431077, 0.056776]
[0.502067, 0.31692, -0.499183, 0.345883, 0.107768]
[0.640826, 0.13191, -0.499718, 0.433995, 0.232632]
[0.391886, 0.286816, -0.499842, 0.424335, 0.481671]
[0.578212, 0.477055, -0.498885, 0.255793, 0.201179]
[0.342575, 0.253226, -0.499581, 0.461715, 0.236664]
[0.644703, 0.221108, -0.498592, 0.394177, 0.345957]
[0.312291, 0.4351, -0.498513, 0.308386, 0.268886]
[0.620988, 0.422704, -0.499778, 0.386854, 0.457701]
[0.645284, 0.114212, -0.499, 0.263699, 0.345609]
[0.424013, 0.36894, -0.499728, 0.399325, 0.159634]
[0.332627, 0.126574, -0.499007, 0.255683, 0.066684]
[0.490747, 0.144545, -0.49928, 0.373846, 0.31056]
[0.541114, 0.311729, -0.499597, 0.352026, 0.355973]
[0.580712, 0.389365, -0.499337, 0.421269, 0.495443]
[0.524136, 0.389667, -0.499016, 0.330683, 0.485167]
[0.569704, 0.312987, -0.499821, 0.269889, 0.346786]
[0.606713, 0.427618, -0.499279, 0.46734, 0.409258]
[0.315935, 0.374944, -0.498989, 0.397709, 0.341118]
[0.275702, 0.11643, -0.498532, 0.468391, 0.434014]
[0.312524, 0.147047, -0.499542, 0.355749, 0.230325]
[0.406022, 0.352504, -0.499106, 0.342178, 0.124151]
[0.528909, 0.141191, -0.499493, 0.304028, 0.416777]
[0.308203, 0.446532, -0.499718, 0.282006, 0.492683]
[0.481104, 0.304813, -0.49944, 0.428549, 0.460698]
[0.649158, 0.38662, -0.499944, 0.493799, 0.344241]
[0.494528, 0.123597, -0.499686, 0.366576, 0.141667]
[0.590743, 0.492615, -0.498859, 0.486059, 0.093178]
[0.666443, 0.168274, -0.498589, 0.279957, 0.128691]
[0.314892, 0.452423, -0.498425, 0.243064, 0.265277]
[0.625825, 0.414718, -0.499574, 0.460682, 0.16063]
[0.344305, 0.46451, -0.499087, 0.27767, 0.139909]
[0.628858, 0.199501, -0.499649, 0.482346, 0.088681]
[0.276723, 0.203135, -0.499641, 0.27031, 0.364108]
[0.400081, 0.210627, -0.499908, 0.360516, 0.265432]
[0.644495, 0.217171, -0.498438, 0.360953, 0.362646]
[0.355079, 0.1652, -0.499501, 0.354316, 0.060955]
[0.337661, 0.178001, -0.499577, 0.454308, 0.333249]
[0.675639, 0.272296, -0.498648, 0.347246, 0.165631]
[0.584778, 0.435484, -0.499802, 0.32544, 0.037536]
[0.617524, 0.40014, -0.49932, 0.461749, 0.007748]
[0.299563, 0.117037, -0.499144, 0.349549, 0.16659]
[0.465666, 0.444779, -0.499269, 0.365906, 0.231524]
[0.305475, 0.388054, -0.499674, 0.471931, 0.303195]
[0.625879, 0.154012, -0.49933, 0.499791, 0.109035]
[0.406353, 0.465274, -0.499737, 0.343018, 0.460575]
[0.325967, 0.241141, -0.498424, 0.24008, 0.208608]
[0.447128, 0.444058, -0.498562, 0.310644, 0.431743]
[0.56773, 0.300068, -0.499778, 0.247828, 0.233375]
[0.651171, 0.400434, -0.499616, 0.319863, 0.313371]
[0.603011, 0.364775, -0.498776, 0.412592, 0.089561]
[0.58099, 0.341769, -0.499962, 0.253653, 0.184616]
[0.396762, 0.42406, -0.4994, 0.245517, 0.121531]
[0.498603, 0.391433, -0.499852, 0.354018, 0.259618]
[0.37764, 0.160387, -0.498871, 0.439262, 0.421211]
[0.641618, 0.333407, -0.498474, 0.319997, 0.297388]
[0.415584, 0.264882, -0.498641, 0.458013, 0.279539]
[0.526834, 0.269003, -0.499563, 0.466095, 0.367816]
[0.55669, 0.450439, -0.499245, 0.419155, 0.293197]
[0.59381, 0.196686, -0.499517, 0.334546, 0.347214]
[0.522566, 0.221703, -0.499401, 0.35237, 0.456697]
[0.663888, 0.151273, -0.499541, 0.358182, 0.062178]
[0.308815, 0.123144, -0.499181, 0.242288, 0.349202]
[0.529994, 0.364677, -0.498814, 0.241983, 0.445807]
[0.428325, 0.410483, -0.49908, 0.420888, 0.379424]
[0.29728, 0.434538, -0.498725, 0.384123, 0.026118]
[0.345899, 0.431169, -0.499839, 0.481044, 0.386121]
[0.325737, 0.49869, -0.499911, 0.241822, 0.231607]
[0.502774, 0.458736, -0.498826, 0.360081, 0.144671]
[0.46299, 0.231599, -0.499829, 0.444591, 0.168112]
[0.545536, 0.152721, -0.499214, 0.354361, 0.331501]
[0.418535, 0.121994, -0.499482, 0.365224, 0.418685]
[0.593106, 0.130824, -0.499181, 0.229803, 0.28404]
[0.525358, 0.161755, -0.499684, 0.430588, 0.489688]
[0.277698, 0.141462, -0.499508, 0.3863, 0.206899]
[0.65487, 0.396054, -0.499064, 0.277494, 0.245877]
[0.408681, 0.294605, -0.499795, 0.235662, 0.007452]
[0.295083, 0.154512, -0.498962, 0.394152, 0.158074]
[0.567411, 0.231859, -0.499251, 0.337608, 0.045187]
[0.357866, 0.441309, -0.498437, 0.417386, 0.393959]
[0.528381, 0.186354, -0.499407, 0.271639, 0.014382]
[0.627606, 0.440139, -0.499174, 0.23407, 0.271357]
[0.557546, 0.355138, -0.498968, 0.318657, 0.321879]
[0.365375, 0.344466, -0.499594, 0.238282, 0.02557]
[0.455461, 0.143761, -0.498434, 0.490871, 0.071627]
[0.511507, 0.381993, -0.499757, 0.434604, 0.350004]
[0.294938, 0.460886, -0.499997, 0.30857, 0.232026]
[0.612937, 0.361397, -0.499689, 0.267698, 0.265019]
[0.31966, 0.463501, -0.49943, 0.446622, 0.130649]
[0.667366, 0.128239, -0.499092, 0.227632, 0.091911]
[0.508083, 0.169458, -0.4988, 0.393278, 0.32125]
[0.327006, 0.151523, -0.499961, 0.34123, 0.198581]
[0.300278, 0.432841, -0.498614, 0.229105, 0.208446]
[0.576563, 0.358833, -0.49987, 0.448156, 0.041553]
[0.665165, 0.351609, -0.498593, 0.476808, 0.422521]
[0.648218, 0.294241, -0.498906, 0.44678, 0.124478]
[0.608685, 0.239186, -0.49985, 0.33348, 0.11544]
[0.570454, 0.29838, -0.498893, 0.356589, 0.358393]
[0.442684, 0.332724, -0.499704, 0.451343, 0.458396]
[0.666006, 0.434319, -0.499543, 0.382058, 0.146499]
[0.457453, 0.494795, -0.498745, 0.477943, 0.402399]
[0.371985, 0.217333, -0.499909, 0.269583, 0.143506]
[0.568913, 0.384137, -0.499523, 0.311132, 0.214618]
[0.554503, 0.185865, -0.499559, 0.367699, 0.374192]
[0.532537, 0.459851, -0.498659, 0.358968, 0.245831]
[0.29715, 0.299918, -0.499388, 0.415794, 0.21576]
[0.468791, 0.411567, -0.499557, 0.31058, 0.005844]
[0.305836, 0.466905, -0.498582, 0.262862, 0.485739]
[0.365806, 0.138409, -0.499335, 0.286469, 0.088117]
[0.615623, 0.139001, -0.499332, 0.266436, 0.441181]
[0.598705, 0.338117, -0.499605, 0.452965, 0.359111]
[0.6496, 0.182727, -0.49996, 0.372668, 0.39364]
[0.3327, 0.230041, -0.498947, 0.236304, 0.224927]
[0.629685, 0.35777, -0.498826, 0.264962, 0.310651]
[0.633911, 0.237945, -0.498704, 0.381507, 0.345427]
[0.474726, 0.31125, -0.499179, 0.401872, 0.078554]
[0.563898, 0.182709, -0.499114, 0.301005, 0.072186]
[0.404181, 0.168839, -0.499599, 0.375107, 0.160184]
[0.523985, 0.298985, -0.499989, 0.499608, 0.254176]
[0.429908, 0.239965, -0.498728, 0.357596, 0.403018]
[0.341045, 0.138476, -0.499829, 0.345769, 0.373998]
[0.507928, 0.192271, -0.499226, 0.380276, 0.006882]
[0.454363, 0.113973, -0.498862, 0.345531, 0.237324]
[0.51812, 0.185067, -0.499393, 0.252988, 0.428079]
[0.452212, 0.190216, -0.499336, 0.477923, 0.101274]
[0.52582, 0.296996, -0.498857, 0.316716, 0.123249]
[0.30708, 0.134877, -0.499425, 0.289221, 0.075347]
[0.316583, 0.186727, -0.498937, 0.30599, 0.320206]
[0.50458, 0.351887, -0.498859, 0.352927, 0.211078]
[0.645171, 0.360404, -0.499127, 0.31322, 0.19488]
[0.527398, 0.413743, -0.498409, 0.321615, 0.391271]
[0.431375, 0.46165, -0.499731, 0.394676, 0.470268]
[0.544627, 0.413692, -0.49987, 0.460636, 0.313775]
[0.337728, 0.422068, -0.498855, 0.381517, 0.128581]
[0.609474, 0.397057, -0.499659, 0.429185, 0.43672]
[0.66024, 0.491381, -0.49949, 0.445378, 0.41053]
[0.674953, 0.412682, -0.499945, 0.326499, 0.082016]
[0.460765, 0.342039, -0.498548, 0.380815, 0.393968]
[0.426608, 0.256976, -0.499383, 0.464137, 0.062688]
[0.64599, 0.274799, -0.499489, 0.235283, 0.071731]
[0.59973, 0.13116, -0.498534, 0.250799, 0.368299]
[0.436543, 0.424911, -0.498422, 0.405634, 0.439096]
[0.628232, 0.461282, -0.49921, 0.464594, 0.292745]
[0.328858, 0.461796, -0.499673, 0.349711, 0.440967]
[0.439651, 0.47535, -0.499531, 0.257163, 0.388744]
[0.490185, 0.228234, -0.498697, 0.295488, 0.479106]
[0.435062, 0.426722, -0.499757, 0.330852, 0.491221]
[0.67593, 0.173173, -0.499406, 0.334495, 0.117974]
[0.484995, 0.117696, -0.499494, 0.474533, 0.017139]
[0.388428, 0.38932, -0.499129, 0.467983, 0.334645]
[0.31086, 0.342405, -0.499633, 0.455562, 0.344074]
[0.361801, 0.3815, -0.498601, 0.405555, 0.44086]
[0.537547, 0.276771, -0.499178, 0.337228, 0.335083]
[0.533103, 0.322803, -0.49999, 0.28627, 0.138829]
[0.345955, 0.119397, -0.499274, 0.450632, 0.254113]
[0.314318, 0.279084, -0.499405, 0.233846, 0.455629]
[0.455087, 0.187156, -0.499825, 0.237942, 0.085695]
[0.450453, 0.39121, -0.498642, 0.317272, 0.351591]
[0.279611, 0.177482, -0.499911, 0.279646, 0.08204]
[0.412173, 0.322193, -0.499102, 0.291817, 0.155641]
[0.334612, 0.283012, -0.49933, 0.455726, 0.189589]
[0.631314, 0.443704, -0.49855, 0.446627, 0.271855]
[0.451893, 0.128761, -0.498621, 0.440464, 0.046854]
[0.542038, 0.446755, -0.498674, 0.367928, 0.141823]
[0.291455, 0.394046, -0.498461, 0.25242, 0.114793]
[0.500461, 0.142197, -0.498746, 0.285047, 0.491753]
[0.343334, 0.353992, -0.499645, 0.350179, 0.359955]
[0.367945, 0.294491, -0.499094, 0.296856, 0.378087]
[0.448314, 0.432718, -0.499316, 0.466202, 0.114984]
[0.596171, 0.404828, -0.499859, 0.484882, 0.281365]
[0.53917, 0.212948, -0.499346, 0.257059, 0.079889]
[0.649334, 0.482985, -0.499461, 0.429044, 0.184575]
[0.588042, 0.294142, -0.499573, 0.463904, 0.343243]
[0.657427, 0.496835, -0.498427, 0.449325, 0.272803]
[0.611282, 0.339341, -0.499266, 0.412317, 0.061792]
[0.638411, 0.239051, -0.499351, 0.369513, 0.433082]
[0.561461, 0.429275, -0.499075, 0.428786, 0.250454]
[0.362024, 0.383944, -0.499779, 0.35934, 0.328716]
[0.415923, 0.211907, -0.499989, 0.323075, 0.175972]
[0.384494, 0.209261, -0.498645, 0.391543, 0.208528]
[0.591914, 0.341962, -0.499925, 0.348251, 0.000747]
[0.392067, 0.281117, -0.49876, 0.49171, 0.00302]
[0.650174, 0.434273, -0.498686, 0.411578, 0.339258]
[0.503559, 0.313841, -0.498898, 0.296608, 0.495678]
[0.609066, 0.167387, -0.498854, 0.290951, 0.461307]
[0.286891, 0.387165, -0.499353, 0.421763, 0.423723]
[0.356198, 0.174623, -0.499439, 0.236369, 0.078682]
[0.676167, 0.494522, -0.499092, 0.30743, 0.253894]
[0.532689, 0.295078, -0.499579, 0.399489, 0.433179]
[0.52092, 0.392827, -0.498983, 0.238231, 0.084332]
[0.365761, 0.38147, -0.498955, 0.257908, 0.103492]
[0.392293, 0.376713, -0.499167, 0.380294, 0.060789]
[0.480178, 0.487802, -0.498683, 0.429933, 0.291361]
[0.278118, 0.234069, -0.499891, 0.454533, 0.382742]
[0.460818, 0.246948, -0.499817, 0.37649, 0.229771]
[0.396076, 0.468182, -0.499923, 0.244921, 0.381743]
[0.627274, 0.239493, -0.498975, 0.43786, 0.425722]
[0.448234, 0.348462, -0.498826, 0.260546, 0.259946]
[0.405246, 0.351236, -0.499702, 0.411905, 0.468459]
[0.656828, 0.487594, -0.498443, 0.389038, 0.311995]
[0.451436, 0.304354, -0.499304, 0.294636, 0.248723]
[0.601288, 0.361791, -0.499892, 0.398558, 0.357546]
[0.414992, 0.429783, -0.499019, 0.326117, 0.426657]
[0.599579, 0.115879, -0.498695, 0.487113, 0.344535]
[0.660368, 0.394038, -0.498409, 0.410143, 0.122508]
[0.316267, 0.363688, -0.499873, 0.391439, 0.278277]
[0.384299, 0.170213, -0.499809, 0.286709, 0.470425]
[0.569661, 0.225785, -0.499304, 0.315491, 0.343644]
[0.364432, 0.424363, -0.499064, 0.241076, 0.135247]
[0.368094, 0.17885, -0.498969, 0.247143, 0.152168]
[0.346508, 0.340914, -0.499182, 0.312435, 0.37293]
[0.388981, 0.290258, -0.498603, 0.416854, 0.187114]
[0.356867, 0.416282, -0.498644, 0.278087, 0.161493]
[0.643792, 0.317881, -0.49941, 0.288974, 0.437554]
[0.554908, 0.30801, -0.49845, 0.395165, 0.416623]
[0.489376, 0.364224, -0.499985, 0.45886, 0.240735]
[0.570485, 0.490483, -0.499059, 0.365565, 0.498201]
[0.332722, 0.336213, -0.498569, 0.230922, 0.051675]
[0.321987, 0.39141, -0.499471, 0.321814, 0.48407]
[0.348142, 0.375439, -0.498609, 0.228592, 0.446185]
[0.39065, 0.446951, -0.49928, 0.48125, 0.400919]
[0.535459, 0.14303, -0.499538, 0.364785, 0.247321]
[0.508565, 0.35473, -0.498495, 0.28543, 0.000416]
[0.279147, 0.178288, -0.49959, 0.406327, 0.024889]
[0.271931, 0.403865, -0.499448, 0.387343, 0.188645]
[0.620588, 0.254472, -0.499503, 0.240039, 0.495511]
[0.292439, 0.324886, -0.498954, 0.40576, 0.173136]
[0.31322, 0.29281, -0.498709, 0.276794, 0.104144]
[0.306242, 0.423523, -0.499214, 0.254807, 0.356245]
[0.541053, 0.388265, -0.498992, 0.28044, 0.242195]
[0.393472, 0.150209, -0.499913, 0.371331, 0.342868]
[0.285004, 0.256304, -0.499742, 0.35305, 0.256221]
[0.618852, 0.265862, -0.498875, 0.377688, 0.486142]
[0.404512, 0.224303, -0.499518, 0.416818, 0.473844]
[0.426636, 0.333821, -0.499746, 0.440749, 0.25415]
[0.658866, 0.126843, -0.499913, 0.413195, 0.286078]
[0.280935, 0.364245, -0.499706, 0.482524, 0.383499]
[0.557112, 0.325025, -0.498577, 0.23421, 0.392405]
[0.618869, 0.266013, -0.499418, 0.383861, 0.13298]
[0.27249, 0.342969, -0.499896, 0.322522, 0.242488]
[0.283736, 0.47734, -0.498519, 0.451855, 0.375823]
[0.623108, 0.409626, -0.499002, 0.248093, 0.430751]
[0.492868, 0.3164, -0.498578, 0.275802, 0.204777]
[0.382157, 0.271687, -0.499796, 0.466939, 0.219755]
[0.478357, 0.480234, -0.498475, 0.292195, 0.439877]
[0.578094, 0.178434, -0.499016, 0.407683, 0.259327]
[0.435227, 0.264951, -0.499776, 0.328998, 0.440308]
[0.384045, 0.329777, -0.499444, 0.375533, 0.414588]
[0.546037, 0.22053, -0.498564, 0.337195, 0.114737]
[0.432259, 0.459314, -0.49974, 0.468519, 0.136198]
[0.577149, 0.220537, -0.499794, 0.338645, 0.359113]
[0.388312, 0.474591, -0.499874, 0.444626, 0.020818]
[0.311176, 0.404091, -0.499768, 0.342003, 0.399614]
[0.340477, 0.307397, -0.499176, 0.286421, 0.201779]
[0.579779, 0.22894, -0.499746, 0.410492, 0.181146]
[0.542098, 0.330525, -0.499349, 0.280694, 0.055718]
[0.307551, 0.261952, -0.49855, 0.227287, 0.208833]
[0.328936, 0.405816, -0.499539, 0.461154, 0.436547]
[0.308743, 0.228607, -0.499009, 0.474874, 0.020028]
[0.634921, 0.125884, -0.498758, 0.292531, 0.113269]
[0.497622, 0.353103, -0.499963, 0.450962, 0.346408]
[0.430621, 0.495862, -0.499592, 0.250915, 0.456865]
[0.274525, 0.129804, -0.498795, 0.374494, 0.216655]
[0.518192, 0.29577, -0.498643, 0.315807, 0.145381]
[0.269877, 0.460138, -0.499332, 0.355855, 0.238686]
[0.282325, 0.143199, -0.498409, 0.479861, 0.181405]
[0.320971, 0.144677, -0.498747, 0.441816, 0.058134]
[0.631359, 0.456466, -0.498748, 0.472784, 0.041593]
[0.329388, 0.343245, -0.498512, 0.443244, 0.178293]
[0.622397, 0.410499, -0.498944, 0.328591, 0.003793]
[0.417627, 0.358362, -0.498598, 0.37687, 0.474449]
[0.600708, 0.252417, -0.499154, 0.36078, 0.016204]
[0.490975, 0.365905, -0.498667, 0.228103, 0.208243]
[0.463363, 0.308742, -0.499812, 0.472613, 0.148606]
[0.326784, 0.496429, -0.499192, 0.367013, 0.455859]
[0.444781, 0.492039, -0.499827, 0.252047, 0.098051]
[0.407899, 0.425184, -0.499145, 0.419501, 0.016101]
[0.29538, 0.379678, -0.49972, 0.317157, 0.201114]
[0.343574, 0.219395, -0.49985, 0.490091, 0.119397]
[0.342842, 0.171671, -0.498468, 0.492781, 0.423805]
[0.464388, 0.429473, -0.499187, 0.463245, 0.321013]
[0.675664, 0.292362, -0.499262, 0.446408, 0.165232]
[0.663483, 0.195959, -0.498783, 0.346033, 0.004029]
[0.526992, 0.140449, -0.49882, 0.373111, 0.345452]
[0.532115, 0.474105, -0.498952, 0.270356, 0.204555]
[0.643733, 0.24564, -0.498663, 0.358176, 0.419579]
[0.451095, 0.242927, -0.499048, 0.497414, 0.355907]
[0.397648, 0.175023, -0.498974, 0.410825, 0.131523]
[0.42186, 0.442488, -0.499156, 0.327783, 0.299074]
[0.492631, 0.122494, -0.498962, 0.435928, 0.093871]
[0.419785, 0.294447, -0.499427, 0.489804, 0.397306]
[0.370937, 0.334092, -0.498816, 0.298216, 0.269974]
[0.334338, 0.339285, -0.498537, 0.417823, 0.351031]
[0.279047, 0.342769, -0.499529, 0.380685, 0.174218]
[0.274889, 0.282135, -0.4996, 0.379707, 0.308264]
[0.502361, 0.463618, -0.49977, 0.465385, 0.422525]
[0.527328, 0.252494, -0.499913, 0.46817, 0.424084]
[0.416102, 0.315484, -0.498472, 0.477195, 0.264198]
[0.566924, 0.402381, -0.498661, 0.459175, 0.256288]
[0.397485, 0.46665, -0.498625, 0.388023, 0.035202]
[0.437129, 0.441555, -0.499834, 0.277046, 0.180577]
[0.28088, 0.394269, -0.499287, 0.228287, 0.171624]
[0.395592, 0.207977, -0.498895, 0.246431, 0.257779]
[0.53613, 0.403404, -0.499991, 0.257479, 0.395839]
[0.307794, 0.139612, -0.498646, 0.310537, 0.11927]
[0.600511, 0.358209, -0.49869, 0.232102, 0.485176]
[0.385214, 0.329961, -0.498557, 0.254658, 0.265594]
[0.646447, 0.459247, -0.498887, 0.324292, 0.258034]
[0.595492, 0.484741, -0.499648, 0.46911, 0.122274]
[0.412423, 0.174723, -0.498898, 0.423568, 0.208758]
[0.578487, 0.458934, -0.498529, 0.494127, 0.388141]
[0.403894, 0.310033, -0.498773, 0.346059, 0.199281]
[0.349556, 0.27879, -0.498491, 0.446428, 0.398759]
[0.326118, 0.220468, -0.499587, 0.262354, 0.358087]
[0.428985, 0.216135, -0.498477, 0.234283, 0.37328]
[0.510488, 0.37271, -0.499338, 0.43821, 0.28209]
[0.426655, 0.290225, -0.49923, 0.385154, 0.322618]
[0.578981, 0.481596, -0.499914, 0.438503, 0.218526]
[0.397815, 0.44777, -0.499058, 0.301275, 0.488566]
[0.343153, 0.145003, -0.499855, 0.243278, 0.210705]
[0.629112, 0.439319, -0.499385, 0.311716, 0.345159]
[0.587366, 0.482116, -0.498725, 0.286488, 0.212521]
[0.283558, 0.397457, -0.499467, 0.348544, 0.072459]
[0.462108, 0.164347, -0.498977, 0.265702, 0.024375]
[0.612056, 0.449034, -0.499174, 0.247845, 0.178199]
[0.562812, 0.270675, -0.498447, 0.485546, 0.08982]
[0.334505, 0.475793, -0.499137, 0.26599, 0.39227]
[0.54702, 0.416184, -0.499187, 0.482607, 0.287831]
[0.621005, 0.389392, -0.498439, 0.498137, 0.123798]
[0.650943, 0.229037, -0.499056, 0.414832, 0.009846]
[0.313027, 0.167464, -0.499476, 0.31173, 0.172319]
[0.408241, 0.114494, -0.499774, 0.326276, 0.053233]
[0.35018, 0.407703, -0.499227, 0.358158, 0.3187]
[0.402562, 0.394899, -0.4998, 0.338919, 0.28633]
[0.609367, 0.238086, -0.498691, 0.285308, 0.279209]
[0.291482, 0.302855, -0.49861, 0.415232, 0.321963]
[0.291735, 0.161019, -0.498819, 0.496802, 0.417794]
[0.669263, 0.312529, -0.499062, 0.288629, 0.395575]
[0.629098, 0.146347, -0.49871, 0.298703, 0.071675]
[0.379649, 0.20278, -0.499553, 0.405958, 0.089814]
[0.511549, 0.140521, -0.499032, 0.430317, 0.239172]
[0.40069, 0.204524, -0.499384, 0.426795, 0.365709]
[0.312903, 0.191785, -0.498465, 0.451814, 0.43892]
[0.30515, 0.208771, -0.499537, 0.431728, 0.096693]
[0.633643, 0.321093, -0.498554, 0.336169, 0.483216]
[0.442375, 0.182958, -0.499776, 0.4021, 0.086005]
[0.562184, 0.451486, -0.498873, 0.336919, 0.448815]
[0.518501, 0.227078, -0.499289, 0.493724, 0.396747]
[0.428441, 0.120347, -0.499506, 0.339583, 0.437931]
[0.595975, 0.145699, -0.499781, 0.437781, 0.247166]
[0.304834, 0.246685, -0.498546, 0.479026, 0.321834]
[0.489869, 0.151782, -0.499284, 0.418014, 0.347425]
[0.529403, 0.303954, -0.499499, 0.278563, 0.248717]
[0.463262, 0.335219, -0.498993, 0.420422, 0.244441]
[0.532375, 0.445758, -0.498858, 0.361201, 0.193527]
[0.2731, 0.144153, -0.499217, 0.351511, 0.44365]
[0.381084, 0.245679, -0.499895, 0.301711, 0.416286]
[0.677599, 0.172807, -0.499231, 0.369303, 0.322098]
[0.363793, 0.195133, -0.498637, 0.306057, 0.278769]
[0.349985, 0.248643, -0.499567, 0.244627, 0.156887]
[0.363086, 0.329706, -0.49997, 0.415965, 0.29423]
[0.481678, 0.23413, -0.499346, 0.420074, 0.152677]
[0.461707, 0.252899, -0.498956, 0.348736, 0.40487]
[0.656035, 0.447534, -0.498769, 0.399507, 0.18351]
[0.306637, 0.477221, -0.499852, 0.290127, 0.236232]
[0.339954, 0.311927, -0.499093, 0.328651, 0.109436]
[0.414619, 0.171871, -0.498602, 0.381335, 0.375088]
[0.419155, 0.283569, -0.498686, 0.45128, 0.315691]
[0.462561, 0.152526, -0.499673, 0.41261, 0.38355]
[0.393484, 0.122764, -0.498984, 0.333222, 0.399357]
[0.655995, 0.449789, -0.499671, 0.467815, 0.207384]
[0.418095, 0.447372, -0.499166, 0.34779, 0.146149]
[0.401149, 0.306548, -0.498417, 0.48238, 0.174289]
[0.526017, 0.398465, -0.499449, 0.441692, 0.216253]
[0.527862, 0.339708, -0.498938, 0.36187, 0.32039]
[0.631264, 0.470483, -0.499407, 0.260418, 0.494931]
[0.653813, 0.425006, -0.499439, 0.489627, 0.322859]
[0.360246, 0.133016, -0.498896, 0.39717, 0.360609]
[0.374949, 0.250371, -0.498968, 0.262419, 0.313129]
[0.578969, 0.283217, -0.499999, 0.268977, 0.486504]
[0.293609, 0.380271, -0.499295, 0.263549, 0.301205]
[0.652468, 0.473456, -0.49852, 0.381021, 0.473813]
[0.460611, 0.375137, -0.499799, 0.397127, 0.195804]
[0.520701, 0.477234, -0.499008, 0.384627, 0.360949]
[0.445836, 0.178309, -0.498733, 0.390395, 0.19556]
[0.504824, 0.42945, -0.499458, 0.430652, 0.381669]
[0.399012, 0.474676, -0.499973, 0.259231, 0.414417]
[0.539861, 0.152202, -0.499177, 0.358508, 0.393237]
[0.635613, 0.233775, -0.499864, 0.499942, 0.045644]
[0.547637, 0.267142, -0.499934, 0.261154, 0.198277]
[0.352455, 0.249391, -0.498679, 0.262588, 0.136878]
[0.408316, 0.345786, -0.49951, 0.36111, 0.478576]
[0.461405, 0.174682, -0.499389, 0.286246, 0.262917]
[0.413886, 0.449747, -0.498498, 0.325642, 0.453882]
[0.455636, 0.304268, -0.499196, 0.231379, 0.023737]
[0.329435, 0.365619, -0.499644, 0.458035, 0.130372]
[0.670714, 0.443841, -0.498974, 0.278112, 0.024063]
[0.448447, 0.146356, -0.499134, 0.248117, 0.205249]
[0.447881, 0.319748, -0.498644, 0.478378, 0.288708]
[0.297078, 0.232348, -0.499204, 0.434507, 0.395697]
[0.459638, 0.282149, -0.499121, 0.31687, 0.178389]
[0.448408, 0.426849, -0.49993, 0.30306, 0.367789]
[0.45642, 0.190156, -0.499834, 0.448974, 0.270915]
[0.544445, 0.406429, -0.498421, 0.430906, 0.218984]
[0.496745, 0.397243, -0.498534, 0.374154, 0.156873]
[0.472968, 0.461597, -0.498752, 0.442205, 0.480487]
[0.437091, 0.267586, -0.498483, 0.477085, 0.109847]
[0.496099, 0.324609, -0.49912, 0.358726, 0.316998]
[0.474017, 0.426571, -0.49913, 0.260564, 0.147462]
[0.581923, 0.157153, -0.499013, 0.30637, 0.218283]
[0.307664, 0.423409, -0.498878, 0.301509, 0.329517]
[0.646449, 0.476128, -0.499461, 0.492173, 0.133887]
[0.311862, 0.405122, -0.499256, 0.388692, 0.304697]
[0.451229, 0.409161, -0.498511, 0.259477, 0.453397]
[0.333794, 0.313191, -0.499605, 0.318731, 0.355478]
[0.273916, 0.283631, -0.499478, 0.417856, 0.071223]
[0.55667, 0.431229, -0.498598, 0.362995, 0.064686]
[0.523033, 0.13535, -0.498441, 0.412725, 0.067938]
[0.3895, 0.144511, -0.49896, 0.277566, 0.491205]
[0.428418, 0.43435, -0.499676, 0.449288, 0.432464]
[0.443584, 0.353085, -0.499286, 0.296942, 0.060393]
[0.347058, 0.308263, -0.49921, 0.243198, 0.300461]
[0.480225, 0.493818, -0.499264, 0.498142, 0.386347]
[0.658023, 0.325255, -0.49993, 0.240752, 0.488598]
[0.407974, 0.380372, -0.499824, 0.274185, 0.309668]
[0.36739, 0.335992, -0.499172, 0.279286, 0.40526]
[0.597067, 0.369407, -0.499518, 0.242774, 0.06831]
[0.554497, 0.242097, -0.499692, 0.418353, 0.401368]
[0.584087, 0.281469, -0.499037, 0.259989, 0.238119]
[0.335216, 0.470826, -0.498865, 0.441478, 0.373846]
[0.368642, 0.241406, -0.498773, 0.404812, 0.311551]
[0.314316, 0.266674, -0.498436, 0.355383, 0.01287]
[0.280354, 0.344336, -0.49864, 0.297227, 0.300514]
[0.386899, 0.149949, -0.499856, 0.409984, 0.035096]
[0.598608, 0.152728, -0.499826, 0.455999, 0.426866]
[0.514931, 0.32606, -0.499188, 0.288423, 0.085005]
[0.316902, 0.264988, -0.499257, 0.384154, 0.170137]
[0.484851, 0.146327, -0.499493, 0.331862, 0.246331]
[0.635885, 0.257163, -0.498693, 0.445247, 0.335324]
[0.308995, 0.249934, -0.498589, 0.239315, 0.083557]
[0.299131, 0.447821, -0.499875, 0.475888, 0.485131]
[0.294807, 0.208084, -0.498485, 0.304801, 0.45546]
[0.313674, 0.277402, -0.498459, 0.277319, 0.033138]
[0.588711, 0.300913, -0.499327, 0.404716, 0.248838]
[0.581782, 0.111974, -0.499516, 0.45384, 0.245544]
[0.613163, 0.356634, -0.498833, 0.349098, 0.491549]
[0.615406, 0.302116, -0.49918, 0.440502, 0.231205]
[0.334147, 0.470162, -0.498845, 0.235936, 0.049692]
[0.665709, 0.27885, -0.499084, 0.405558, 0.460802]
[0.464425, 0.438706, -0.499313, 0.25274, 0.259353]
[0.499506, 0.488614, -0.499001, 0.362259, 0.21129]
[0.403444, 0.198774, -0.499554, 0.486117, 0.025386]
[0.503922, 0.344635, -0.499732, 0.471518, 0.168928]
[0.577427, 0.396425, -0.499954, 0.463861, 0.352738]
[0.396773, 0.463272, -0.499693, 0.37952, 0.481147]
[0.270854, 0.181264, -0.498658, 0.481143, 0.106233]
[0.337448, 0.283978, -0.498723, 0.390857, 0.108313]
[0.676837, 0.38438, -0.499775, 0.272842, 0.361172]
[0.641821, 0.189289, -0.499734, 0.317446, 0.200463]
[0.369457, 0.49181, -0.499703, 0.308325, 0.408791]
[0.330302, 0.298588, -0.498634, 0.496562, 0.227666]
[0.665951, 0.40126, -0.499035, 0.458312, 0.041709]
[0.284432, 0.134102, -0.499776, 0.472499, 0.09556]
[0.326792, 0.434776, -0.498603, 0.312039, 0.079645]
[0.655468, 0.286636, -0.498685, 0.238954, 0.46383]
[0.664461, 0.13549, -0.498964, 0.485543, 0.235725]
[0.393858, 0.433985, -0.499652, 0.310989, 0.366116]
[0.544734, 0.383585, -0.499614, 0.423732, 0.297258]
[0.629817, 0.497591, -0.498597, 0.318635, 0.033005]
[0.634003, 0.486177, -0.499243, 0.467419, 0.068971]
[0.632537, 0.385782, -0.499115, 0.393728, 0.087934]
[0.583615, 0.201406, -0.498675, 0.322602, 0.088974]
[0.271192, 0.446652, -0.499127, 0.484178, 0.444885]
[0.306624, 0.249681, -0.498927, 0.485647, 0.364496]
[0.43831, 0.111894, -0.498902, 0.449779, 0.095659]
[0.283319, 0.332889, -0.498947, 0.264836, 0.329803]
[0.302028, 0.212036, -0.499698, 0.41977, 0.050867]
[0.437581, 0.42969, -0.498682, 0.37952, 0.09779]
[0.591042, 0.163154, -0.498691, 0.25747, 0.253878]
[0.424937, 0.399582, -0.498507, 0.29461, 0.18288]
[0.674415, 0.291711, -0.499736, 0.292262, 0.159056]
[0.400321, 0.420915, -0.499162, 0.480191, 0.40813]
[0.559006, 0.121388, -0.49861, 0.40932, 0.046992]
[0.539608, 0.470932, -0.499836, 0.27246, 0.484605]
[0.66447, 0.262566, -0.499245, 0.228088, 0.416893]
[0.56163, 0.403889, -0.499883, 0.248275, 0.256412]
[0.564204, 0.240277, -0.498684, 0.37096, 0.481745]
[0.66668, 0.319968, -0.498661, 0.40705, 0.138903]
[0.623197, 0.291342, -0.4989, 0.315357, 0.086367]
[0.326406, 0.119647, -0.499917, 0.413564, 0.173346]
[0.394947, 0.224481, -0.499305, 0.383109, 0.100124]
[0.589441, 0.479619, -0.499596, 0.238112, 0.078463]
[0.676516, 0.230293, -0.499896, 0.413575, 0.376407]
[0.526669, 0.222438, -0.499302, 0.386789, 0.043935]
[0.48005, 0.448548, -0.49957, 0.361497, 0.107866]
[0.606826, 0.273671, -0.499386, 0.36967, 0.177016]
[0.438103, 0.292245, -0.499989, 0.422565, 0.225434]
[0.429701, 0.301008, -0.499824, 0.460943, 0.322341]
[0.290414, 0.409614, -0.4992, 0.372282, 0.254918]
[0.444132, 0.290798, -0.498619, 0.234171, 0.298221]
[0.57518, 0.425875, -0.499565, 0.469538, 0.402508]
[0.41014, 0.15488, -0.49938, 0.309369, 0.09116]
[0.286617, 0.333734, -0.499416, 0.378736, 0.313215]
[0.533455, 0.410867, -0.499715, 0.383655, 0.391462]
[0.269385, 0.274266, -0.498631, 0.235162, 0.094771]
[0.531703, 0.187632, -0.49855, 0.389719, 0.354133]
[0.348083, 0.345049, -0.499848, 0.42009, 0.082921]
[0.308786, 0.420127, -0.499815, 0.425404, 0.227786]
[0.298113, 0.235745, -0.499212, 0.308382, 0.466979]
[0.499607, 0.122945, -0.498984, 0.338913, 0.186247]
[0.615529, 0.342943, -0.499809, 0.488875, 0.387374]
[0.336767, 0.140683, -0.499541, 0.497626, 0.368426]
[0.419378, 0.312879, -0.498723, 0.256839, 0.305568]
[0.485812, 0.295136, -0.499031, 0.37865, 0.087797]
[0.30597, 0.382257, -0.499317, 0.263326, 0.058285]
[0.613896, 0.290187, -0.499579, 0.423508, 0.284549]
[0.539131, 0.463688, -0.49878, 0.477447, 0.358796]
[0.468015, 0.276207, -0.499115, 0.356841, 0.256937]
[0.679683, 0.298997, -0.499888, 0.49686, 0.479685]
[0.369417, 0.439775, -0.499386, 0.420273, 0.095942]
[0.477521, 0.306781, -0.498872, 0.259396, 0.327774]
[0.366778, 0.378385, -0.499249, 0.37462, 0.285366]
[0.277107, 0.204957, -0.499855, 0.298508, 0.11734]
[0.519783, 0.232586, -0.499887, 0.390575, 0.092085]
[0.348393, 0.271637, -0.499864, 0.421405, 0.408401]
[0.634606, 0.368156, -0.498866, 0.293243, 0.279122]
[0.389853, 0.442838, -0.498886, 0.358421, 0.01142]
[0.57845, 0.429737, -0.498611, 0.310085, 0.022506]
[0.641915, 0.177931, -0.498995, 0.322189, 0.280732]
[0.386899, 0.303583, -0.499443, 0.323138, 0.35019]
[0.488969, 0.145513, -0.499113, 0.434434, 0.378857]
[0.361804, 0.495507, -0.498722, 0.420403, 0.364861]
[0.677346, 0.201922, -0.498889, 0.334127, 0.182821]
[0.671488, 0.390786, -0.499675, 0.451397, 0.388825]
[0.383182, 0.321579, -0.499367, 0.420541, 0.265108]
[0.487527, 0.124757, -0.499766, 0.450433, 0.416501]
[0.57919, 0.375203, -0.498626, 0.28025, 0.468033]
[0.422253, 0.388369, -0.498452, 0.326777, 0.356925]
[0.385502, 0.247133, -0.499624, 0.270899, 0.100864]
[0.311471, 0.222076, -0.498639, 0.295481, 0.315021]
[0.308819, 0.389841, -0.499477, 0.432107, 0.010072]
[0.444196, 0.430042, -0.499727, 0.393015, 0.486478]
[0.591372, 0.347074, -0.499438, 0.457344, 0.442181]
[0.280382, 0.323359, -0.498623, 0.312558, 0.44602]
[0.647425, 0.260377, -0.498688, 0.482742, 0.296571]
[0.293245, 0.428479, -0.499763, 0.437422, 0.461427]
[0.563611, 0.226493, -0.4988, 0.375622, 0.410086]
[0.458799, 0.444748, -0.499312, 0.460689, 0.172692]
[0.318353, 0.127597, -0.499966, 0.441936, 0.355108]
[0.439488, 0.193077, -0.49946, 0.340192, 0.078039]
[0.457838, 0.39933, -0.498746, 0.459421, 0.148866]
[0.463541, 0.401382, -0.4992, 0.264305, 0.249505]
[0.408242, 0.309679, -0.499003, 0.42048, 0.454414]
[0.678389, 0.138813, -0.49919, 0.358902, 0.264178]
[0.553876, 0.11182, -0.499761, 0.311955, 0.427321]
[0.553993, 0.160361, -0.499091, 0.336145, 0.112146]
[0.272123, 0.369812, -0.499093, 0.409967, 0.484489]
[0.656923, 0.18711, -0.49949, 0.274444, 0.318766]
[0.334857, 0.427864, -0.499431, 0.387296, 0.269109]
[0.63859, 0.43984, -0.49957, 0.268291, 0.350248]
[0.272377, 0.165463, -0.499422, 0.307138, 0.075178]
[0.556065, 0.452291, -0.498989, 0.298546, 0.124098]
[0.546959, 0.421978, -0.49923, 0.495207, 0.404309]
[0.502388, 0.157322, -0.498578, 0.38579, 0.471028]
[0.477524, 0.119106, -0.499794, 0.443377, 0.227968]
[0.33264, 0.294496, -0.499439, 0.340768, 0.430133]
[0.532837, 0.408836, -0.499741, 0.494177, 0.374707]
[0.451005, 0.270899, -0.49916, 0.286484, 0.092649]
[0.319486, 0.288739, -0.499737, 0.425261, 0.190388]
[0.301832, 0.457683, -0.498878, 0.461276, 0.311811]
[0.552544, 0.403618, -0.499888, 0.237165, 0.00414]
[0.592023, 0.134221, -0.498485, 0.366901, 0.364808]
[0.427415, 0.329483, -0.498919, 0.235577, 0.329071]
[0.384874, 0.22054, -0.498727, 0.476565, 0.080908]
[0.302795, 0.392184, -0.499114, 0.333873, 0.221333]
[0.416904, 0.47141, -0.499556, 0.362224, 0.211031]
[0.494758, 0.300697, -0.498831, 0.241838, 0.270947]
[0.419324, 0.153856, -0.499556, 0.317249, 0.202007]
[0.652141, 0.324967, -0.499429, 0.304407, 0.086514]
[0.550694, 0.307222, -0.499292, 0.491268, 0.356725]
[0.577947, 0.447733, -0.499615, 0.265625, 0.190693]
[0.560073, 0.318623, -0.49963, 0.259333, 0.348632]
[0.493451, 0.115421, -0.498619, 0.363914, 0.157238]
[0.559889, 0.219561, -0.499367, 0.274144, 0.330565]
[0.420285, 0.13968, -0.498669, 0.464787, 0.19147]
[0.427329, 0.253348, -0.498641, 0.491505, 0.489797]
[0.404054, 0.262538, -0.499819, 0.482628, 0.336746]
[0.456328, 0.1777, -0.498586, 0.458573, 0.039219]
[0.271053, 0.432688, -0.498687, 0.392088, 0.152081]
[0.277452, 0.236003, -0.498693, 0.228589, 0.211742]
[0.60257, 0.165719, -0.499413, 0.476155, 0.049437]
[0.519221, 0.401748, -0.499928, 0.487732, 0.387759]
[0.503949, 0.335919, -0.498902, 0.371212, 0.316146]
[0.538368, 0.321723, -0.498981, 0.391008, 0.187533]
[0.616961, 0.212419, -0.49975, 0.349859, 0.376611]
[0.655182, 0.161687, -0.498745, 0.331006, 0.331538]
[0.498298, 0.167801, -0.498671, 0.245452, 0.474034]
[0.298508, 0.432036, -0.499387, 0.256481, 0.230704]
[0.530264, 0.312223, -0.49926, 0.345546, 0.363054]
[0.376533, 0.488587, -0.498834, 0.403645, 0.318843]
[0.531923, 0.37054, -0.499224, 0.24815, 0.109538]
[0.399201, 0.21546, -0.49985, 0.375243, 0.454495]
[0.450555, 0.125733, -0.498942, 0.31146, 0.173886]
[0.468424, 0.189892, -0.49977, 0.351007, 0.242623]
[0.399613, 0.126582, -0.498919, 0.232942, 0.106855]
[0.413649, 0.469421, -0.499115, 0.429609, 0.101255]
[0.487984, 0.430193, -0.499781, 0.359992, 0.250294]
[0.392294, 0.447807, -0.499683, 0.27072, 0.132695]
[0.329917, 0.288825, -0.498956, 0.363154, 0.302301]
[0.638835, 0.368683, -0.49948, 0.415882, 0.383543]
[0.403859, 0.426652, -0.49945, 0.481528, 0.218126]
[0.399746, 0.241639, -0.499474, 0.233955, 0.441928]
[0.49672, 0.441057, -0.498844, 0.237239, 0.148188]
[0.588666, 0.261064, -0.499812, 0.426721, 0.470225]
[0.334112, 0.169137, -0.499742, 0.382778, 0.187765]
[0.456576, 0.339388, -0.498553, 0.308769, 0.143752]
[0.458315, 0.157353, -0.499228, 0.420533, 0.221497]
[0.594879, 0.207153, -0.499513, 0.339631, 0.01834]
[0.67129, 0.162511, -0.499476, 0.426852, 0.316614]
[0.508052, 0.257372, -0.498526, 0.324311, 0.324925]
[0.454715, 0.329493, -0.498911, 0.387531, 0.384145]
[0.31139, 0.211805, -0.498481, 0.346205, 0.360924]
[0.298978, 0.473048, -0.499871, 0.270662, 0.314407]
[0.584345, 0.145379, -0.499979, 0.344648, 0.201152]
[0.654928, 0.425817, -0.499523, 0.479832, 0.057914]
[0.351643, 0.441241, -0.498722, 0.26998, 0.088575]
[0.570616, 0.303797, -0.498588, 0.329184, 0.052363]
[0.296562, 0.234169, -0.498798, 0.424396, 0.216914]
[0.537165, 0.239904, -0.499624, 0.248026, 0.448506]
[0.377766, 0.495254, -0.49982, 0.475237, 0.284306]
[0.666738, 0.423078, -0.498803, 0.239106, 0.246448]
[0.554051, 0.395233, -0.499369, 0.274238, 0.39701]
[0.67056, 0.331196, -0.499286, 0.294306, 0.200906]
[0.504251, 0.490703, -0.499907, 0.31399, 0.180659]
[0.535151, 0.114221, -0.499526, 0.242754, 0.3119]
[0.403131, 0.382436, -0.498656, 0.36816, 0.322676]
[0.581599, 0.261383, -0.499122, 0.26491, 0.338762]
[0.49914, 0.437395, -0.499033, 0.245156, 0.268849]
[0.321542, 0.43074, -0.498975, 0.366806, 0.03859]
[0.435857, 0.30478, -0.498934, 0.236011, 0.196371]
[0.646769, 0.183313, -0.499657, 0.364066, 0.341471]
[0.271552, 0.421725, -0.498825, 0.431749, 0.413683]
[0.340902, 0.265678, -0.499274, 0.337437, 0.214261]
[0.650197, 0.298481, -0.499921, 0.342383, 0.17196]
[0.289347, 0.418515, -0.498661, 0.497187, 0.205835]
[0.290925, 0.398178, -0.499423, 0.268151, 0.147028]
[0.558937, 0.208602, -0.498431, 0.353296, 0.217673]
[0.597089, 0.444696, -0.498906, 0.384641, 0.182598]
[0.328687, 0.384201, -0.499708, 0.371815, 0.353366]
[0.280041, 0.270309, -0.498751, 0.287358, 0.275234]
[0.29772, 0.191877, -0.499883, 0.375704, 0.008949]
[0.489645, 0.147089, -0.498771, 0.448273, 0.279101]
[0.410767, 0.204323, -0.499249, 0.240193, 0.109385]
[0.286165, 0.140437, -0.499998, 0.393989, 0.079788]
[0.523449, 0.208393, -0.498632, 0.427249, 0.151327]
[0.538736, 0.217015, -0.498456, 0.355981, 0.205369]
[0.576397, 0.117003, -0.498596, 0.481224, 0.272403]
[0.36457, 0.467629, -0.498428, 0.41481, 0.116729]
[0.478426, 0.303339, -0.499032, 0.475778, 0.119227]
[0.539646, 0.414759, -0.499127, 0.362163, 0.182928]
[0.437836, 0.11871, -0.499963, 0.322685, 0.082695]
[0.676039, 0.398882, -0.499043, 0.305077, 0.135001]
[0.641303, 0.369949, -0.499012, 0.458298, 0.053034]
[0.321126, 0.493459, -0.499104, 0.286674, 0.173824]
[0.413771, 0.335972, -0.499119, 0.272906, 0.296944]
[0.419762, 0.191041, -0.499092, 0.350065, 0.338743]
[0.645397, 0.178343, -0.498795, 0.443739, 0.413619]
[0.514563, 0.496223, -0.498931, 0.232335, 0.045667]
[0.43359, 0.485356, -0.49871, 0.376872, 0.278382]
[0.413855, 0.301489, -0.499061, 0.271911, 0.268083]
[0.591868, 0.454018, -0.499149, 0.316647, 0.141796]
[0.467149, 0.493924, -0.499028, 0.493805, 0.317222]
[0.416774, 0.387245, -0.499899, 0.238209, 0.301544]
[0.476344, 0.210611, -0.499912, 0.321621, 0.097874]
[0.644196, 0.353989, -0.499961, 0.292546, 0.385408]
[0.450106, 0.483433, -0.498818, 0.449877, 0.402826]
[0.408618, 0.489346, -0.499627, 0.336754, 0.398752]
[0.418478, 0.331775, -0.499449, 0.414699, 0.431346]
[0.642564, 0.134877, -0.499755, 0.39448, 0.33526]
[0.286276, 0.176815, -0.499233, 0.495847, 0.187701]
[0.474029, 0.223413, -0.49866, 0.466344, 0.118986]
[0.660326, 0.312996, -0.499628, 0.40488, 0.28587]
[0.67405, 0.326847, -0.498715, 0.30601, 0.463573]
[0.373906, 0.260908, -0.49948, 0.422819, 0.035221]
[0.538133, 0.408307, -0.499942, 0.284347, 0.103523]
[0.551954, 0.479599, -0.498993, 0.46142, 0.363062]
[0.638311, 0.140294, -0.49973, 0.497992, 0.222984]
[0.299538, 0.349605, -0.498579, 0.330402, 0.186689]
[0.492284, 0.195097, -0.499297, 0.348221, 0.390547]
[0.317518, 0.277672, -0.498787, 0.296193, 0.181542]
[0.579422, 0.218827, -0.499518, 0.242697, 0.367661]
[0.457027, 0.352169, -0.499937, 0.236211, 0.342782]
[0.395903, 0.358395, -0.49935, 0.302693, 0.153299]
[0.272064, 0.247849, -0.499229, 0.453747, 0.159613]
[0.479353, 0.265171, -0.499708, 0.26487, 0.071892]
[0.589486, 0.409632, -0.499315, 0.34538, 0.014128]
[0.338078, 0.430311, -0.499838, 0.49792, 0.059452]
[0.611222, 0.377844, -0.49849, 0.350376, 0.190961]
[0.583891, 0.284854, -0.499325, 0.287071, 0.283801]
[0.589609, 0.116148, -0.499116, 0.41324, 0.297929]
[0.568864, 0.145352, -0.498576, 0.460451, 0.056686]
[0.32305, 0.36951, -0.499785, 0.268841, 0.439009]
[0.380659, 0.145599, -0.499105, 0.333603, 0.263807]
[0.410812, 0.391658, -0.49909, 0.367585, 0.191036]
[0.64829, 0.275713, -0.498983, 0.33445, 0.107189]
[0.632823, 0.369632, -0.498526, 0.259938, 0.155231]
[0.508166, 0.480291, -0.499728, 0.454982, 0.447619]
[0.559631, 0.399292, -0.499587, 0.247612, 0.107208]
[0.508631, 0.399231, -0.499792, 0.466591, 0.259776]
[0.46837, 0.198826, -0.499026, 0.35315, 0.044706]
[0.415027, 0.329165, -0.498887, 0.406688, 0.015416]
[0.628438, 0.192835, -0.499658, 0.328672, 0.367006]
[0.499717, 0.18565, -0.498473, 0.487463, 0.161697]
[0.649298, 0.317304, -0.499959, 0.460993, 0.492577]
[0.652031, 0.342381, -0.498451, 0.478121, 0.283514]
[0.33358, 0.469624, -0.49948, 0.312105, 0.004403]
[0.598798, 0.365581, -0.498832, 0.315212, 0.155287]
[0.552278, 0.212764, -0.49851, 0.275441, 0.151302]
[0.493246, 0.198915, -0.4999, 0.273663, 0.413901]
[0.302557, 0.32447, -0.498529, 0.481861, 0.276116]
[0.293313, 0.296173, -0.499828, 0.469758, 0.111714]
[0.655089, 0.247558, -0.499298, 0.231998, 0.305373]
[0.560858, 0.437696, -0.499492, 0.424242, 0.109667]
[0.499258, 0.372736, -0.49872, 0.494078, 0.093484]
[0.483972, 0.242181, -0.499325, 0.31117, 0.481954]
[0.554613, 0.331837, -0.499132, 0.353092, 0.266064]
[0.426875, 0.473316, -0.499237, 0.310923, 0.494938]
[0.539944, 0.39513, -0.499572, 0.263637, 0.045393]
[0.582562, 0.279935, -0.499809, 0.302753, 0.130495]
[0.30952, 0.137875, -0.499333, 0.342738, 0.106853]
[0.304804, 0.362574, -0.498484, 0.298656, 0.401542]
[0.334953, 0.112556, -0.499107, 0.289681, 0.370508]
[0.643236, 0.463542, -0.49999, 0.250851, 0.068366]
[0.428059, 0.281319, -0.499649, 0.406672, 0.346321]
[0.33871, 0.465027, -0.498589, 0.470143, 0.367934]
[0.478596, 0.365422, -0.498536, 0.441649, 0.058857]
[0.319902, 0.284523, -0.498423, 0.491681, 0.454112]
[0.660062, 0.257633, -0.49875, 0.432567, 0.288079]
[0.440438, 0.201248, -0.498882, 0.395854, 0.197002]
[0.655215, 0.218039, -0.49901, 0.298347, 0.007395]
[0.281808, 0.278744, -0.499856, 0.364986, 0.418798]
[0.628888, 0.278484, -0.49952, 0.412695, 0.011588]
[0.435066, 0.393798, -0.499522, 0.309504, 0.45479]
[0.563526, 0.231587, -0.498736, 0.325373, 0.194452]
[0.304522, 0.23989, -0.49967, 0.451054, 0.278701]
[0.628212, 0.355795, -0.499296, 0.432212, 0.020273]
[0.585029, 0.448343, -0.498996, 0.375922, 0.227877]
[0.3195, 0.311336, -0.499394, 0.276646, 0.140424]
[0.371915, 0.116423, -0.499677, 0.444065, 0.11024]
[0.379321, 0.12529, -0.498877, 0.432321, 0.29353]
[0.422066, 0.244942, -0.499535, 0.281149, 0.27412]
[0.428725, 0.228409, -0.498722, 0.405908, 0.012641]
[0.383499, 0.439236, -0.498496, 0.436666, 0.070274]
[0.621393, 0.423662, -0.499758, 0.302149, 0.355212]
[0.450979, 0.340908, -0.499825, 0.450568, 0.432459]
[0.466992, 0.322701, -0.498427, 0.292047, 0.15776]
[0.629324, 0.325466, -0.498877, 0.238258, 0.348437]
[0.652528, 0.436116, -0.499907, 0.28773, 0.273826]
[0.50249, 0.35269, -0.499448, 0.260223, 0.210645]
[0.417249, 0.215452, -0.498901, 0.366913, 0.282666]
[0.375135, 0.343586, -0.499106, 0.406761, 0.371958]
[0.338045, 0.121619, -0.499361, 0.232306, 0.097736]
[0.562895, 0.182845, -0.4997, 0.467063, 0.107877]
[0.479992, 0.499561, -0.4994, 0.264039, 0.169188]
[0.278433, 0.207771, -0.498684, 0.299439, 0.441465]
[0.52716, 0.155778, -0.499414, 0.451326, 0.029051]
[0.27703, 0.251527, -0.499001, 0.289124, 0.169756]
[0.486178, 0.18749, -0.498888, 0.261055, 0.326619]
[0.333131, 0.441101, -0.499313, 0.371872, 0.448086]
[0.528802, 0.271369, -0.499851, 0.287591, 0.132266]
[0.56476, 0.301995, -0.499562, 0.255343, 0.1983]
[0.324577, 0.231376, -0.49956, 0.477631, 0.102603]
[0.636191, 0.387201, -0.498702, 0.393547, 0.234783]
[0.431275, 0.29416, -0.498963, 0.408411, 0.348912]
[0.328718, 0.290926, -0.499856, 0.441643, 0.16323]
[0.494538, 0.279944, -0.499061, 0.315271, 0.428485]
[0.308281, 0.358295, -0.499757, 0.422541, 0.367366]
[0.60513, 0.43189, -0.49954, 0.309623, 0.354583]
[0.636154, 0.17436, -0.498409, 0.401838, 0.460201]
[0.567532, 0.425382, -0.499353, 0.489057, 0.301753]
[0.440818, 0.331782, -0.498665, 0.431405, 0.171961]
[0.476172, 0.427611, -0.498798, 0.417119, 0.091996]
[0.316965, 0.155356, -0.499714, 0.388373, 0.351463]
[0.662969, 0.44399, -0.499004, 0.270495, 0.009209]
[0.529023, 0.237065, -0.49898, 0.481996, 0.001996]
[0.438956, 0.399934, -0.498708, 0.278626, 0.334845]
[0.472738, 0.351595, -0.49845, 0.322947, 0.456364]
[0.605744, 0.457742, -0.499364, 0.440587, 0.109988]
[0.55355, 0.403365, -0.499057, 0.468949, 0.126771]
[0.384027, 0.245982, -0.499087, 0.241477, 0.307362]
[0.384922, 0.251635, -0.499398, 0.444978, 0.369696]
[0.543306, 0.234714, -0.498492, 0.396226, 0.26041]
[0.37127, 0.210924, -0.49944, 0.47033, 0.492059]
[0.456425, 0.487168, -0.498423, 0.451977, 0.323319]
[0.333012, 0.229297, -0.498802, 0.387697, 0.451876]
[0.36212, 0.321202, -0.499437, 0.468042, 0.306416]
[0.319369, 0.28054, -0.49889, 0.419329, 0.091171]
[0.45679, 0.189506, -0.49896, 0.373288, 0.438833]
[0.297746, 0.125518, -0.499415, 0.434968, 0.259874]
[0.271085, 0.477826, -0.499619, 0.35881, 0.080902]
[0.496268, 0.132888, -0.498986, 0.4381, 0.215506]
[0.583609, 0.150928, -0.499101, 0.357677, 0.385033]
[0.270152, 0.419403, -0.499976, 0.356602, 0.212889]
[0.546047, 0.497879, -0.499751, 0.42203, 0.306935]
[0.394905, 0.253751, -0.499464, 0.441598, 0.474491]
[0.520856, 0.314288, -0.498584, 0.300755, 0.206932]
[0.427237, 0.16831, -0.499042, 0.351974, 0.37547]
[0.648439, 0.324591, -0.499858, 0.421526, 0.345349]
[0.585751, 0.21637, -0.499621, 0.228585, 0.241822]
[0.59034, 0.259099, -0.498755, 0.416615, 0.374456]
[0.568617, 0.334052, -0.499594, 0.470657, 0.025328]
[0.488113, 0.242644, -0.498493, 0.399312, 0.445774]
[0.671573, 0.261806, -0.498658, 0.388005, 0.359925]
[0.410004, 0.161127, -0.499949, 0.256531, 0.049656]
[0.304058, 0.192135, -0.498741, 0.463133, 0.01132]
[0.477659, 0.445245, -0.499845, 0.471115, 0.147236]
[0.625459, 0.464645, -0.499937, 0.328784, 0.41944]
[0.563912, 0.477445, -0.499778, 0.328401, 0.39661]
[0.435854, 0.275705, -0.499843, 0.413352, 0.079034]
[0.641532, 0.349606, -0.498979, 0.350482, 0.377377]
[0.370794, 0.322889, -0.499918, 0.435046, 0.423943]
[0.536724, 0.167241, -0.4993, 0.270621, 0.175639]
[0.306408, 0.396218, -0.498488, 0.489793, 0.142187]
[0.586782, 0.426443, -0.499555, 0.442816, 0.036983]
[0.545876, 0.2119, -0.498973, 0.368773, 0.265451]
[0.490252, 0.403471, -0.498528, 0.316063, 0.070244]
[0.38347, 0.234031, -0.499394, 0.463219, 0.332903]
[0.375432, 0.426223, -0.498922, 0.334346, 0.311509]
[0.602312, 0.401802, -0.498827, 0.312028, 0.331753]
[0.338288, 0.197528, -0.49843, 0.487974, 0.201128]
[0.607789, 0.334596, -0.499923, 0.296165, 0.433846]
[0.406238, 0.286391, -0.499384, 0.409316, 0.129956]
[0.285058, 0.211889, -0.49859, 0.428295, 0.350143]
[0.618507, 0.20594, -0.498663, 0.434777, 0.38149]
[0.496578, 0.294409, -0.498712, 0.378481, 0.006165]
[0.598482, 0.174305, -0.49985, 0.260587, 0.255635]
[0.653586, 0.387392, -0.498882, 0.460511, 0.011622]
[0.430231, 0.193042, -0.498985, 0.263314, 0.215329]
[0.485902, 0.381737, -0.499786, 0.466837, 0.329472]
[0.507886, 0.309456, -0.498808, 0.442457, 0.475853]
[0.437934, 0.117659, -0.499964, 0.471677, 0.22364]
[0.381308, 0.147917, -0.499548, 0.365022, 0.35032]
[0.411104, 0.359405, -0.498936, 0.373541, 0.409731]
[0.594802, 0.202328, -0.498543, 0.238369, 0.48521]
[0.391508, 0.188234, -0.499637, 0.238135, 0.109019]
[0.594552, 0.390043, -0.499717, 0.447655, 0.442197]
[0.492347, 0.40343, -0.499435, 0.392347, 0.320631]
[0.407971, 0.353551, -0.499303, 0.250914, 0.1577]
[0.631503, 0.194837, -0.499983, 0.272813, 0.057017]
[0.368301, 0.229711, -0.499055, 0.36292, 0.282272]
[0.667253, 0.478592, -0.498537, 0.355783, 0.089578]
[0.369672, 0.171227, -0.499752, 0.442041, 0.023136]
[0.625792, 0.351167, -0.499238, 0.244373, 0.320102]
[0.453871, 0.252671, -0.499932, 0.491706, 0.389114]
[0.411163, 0.161665, -0.499517, 0.385092, 0.139446]
[0.598328, 0.255229, -0.499711, 0.465247, 0.458467]
[0.484403, 0.346564, -0.499571, 0.404836, 0.275757]
[0.368529, 0.400592, -0.499053, 0.435707, 0.220071]
[0.542748, 0.305263, -0.498723, 0.410805, 0.265244]
[0.661979, 0.210288, -0.4999, 0.278548, 0.414948]
[0.501967, 0.40033, -0.499435, 0.38477, 0.248168]
[0.269178, 0.463284, -0.499552, 0.267351, 0.171196]
[0.571016, 0.178696, -0.499925, 0.499738, 0.030535]
[0.644261, 0.212771, -0.499633, 0.483582, 0.322695]
[0.640057, 0.309968, -0.498837, 0.342639, 0.02345]
[0.611289, 0.355587, -0.499407, 0.319407, 0.450208]
[0.575263, 0.249451, -0.499623, 0.338213, 0.038709]
[0.341326, 0.310229, -0.499601, 0.446957, 0.089034]
[0.548155, 0.262626, -0.499692, 0.415382, 0.465009]
[0.275553, 0.290423, -0.499846, 0.255428, 0.201178]
[0.513475, 0.130517, -0.499356, 0.299506, 0.347284]
[0.296526, 0.211922, -0.498533, 0.412063, 0.116172]
[0.628133, 0.496456, -0.498823, 0.432069, 0.043632]
[0.640248, 0.171253, -0.499268, 0.395364, 0.174771]
[0.650871, 0.289255, -0.499966, 0.392739, 0.496874]
[0.384294, 0.314848, -0.499482, 0.432967, 0.029864]
[0.287753, 0.279876, -0.499641, 0.282715, 0.492025]
[0.576491, 0.356816, -0.499005, 0.350036, 0.380392]
[0.662771, 0.408785, -0.498937, 0.336393, 0.045414]
[0.593506, 0.160688, -0.498512, 0.474089, 0.240909]
[0.456016, 0.198769, -0.49877, 0.436003, 0.423738]
[0.500509, 0.157689, -0.499665, 0.483543, 0.309236]
[0.65283, 0.236641, -0.499967, 0.416298, 0.234163]
[0.324481, 0.222171, -0.499035, 0.329075, 0.193343]
[0.676377, 0.38073, -0.498919, 0.30882, 0.217445]
[0.513092, 0.139284, -0.499815, 0.30597, 0.309336]
[0.568994, 0.322554, -0.499214, 0.348909, 0.372956]
[0.62393, 0.473166, -0.49956, 0.256792, 0.226726]
[0.343334, 0.221127, -0.499712, 0.247105, 0.148276]
[0.535525, 0.210428, -0.499627, 0.479316, 0.411663]
[0.360781, 0.478347, -0.499495, 0.440947, 0.288564]
[0.532993, 0.188999, -0.499887, 0.45407, 0.226493]
[0.345104, 0.134287, -0.499823, 0.292471, 0.037398]
[0.656603, 0.181256, -0.498599, 0.434805, 0.35634]
[0.570431, 0.148617, -0.499972, 0.426601, 0.109995]
[0.528636, 0.39936, -0.499432, 0.24409, 0.217309]
[0.487273, 0.214596, -0.498469, 0.242739, 0.054294]
[0.351472, 0.319099, -0.498873, 0.449898, 0.21093]
[0.427983, 0.327403, -0.499518, 0.468864, 0.298792]
[0.383023, 0.44027, -0.498537, 0.404483, 0.276366]
[0.620224, 0.179712, -0.499956, 0.274113, 0.336265]
[0.536684, 0.131907, -0.49937, 0.317025, 0.452929]
[0.591759, 0.487103, -0.499261, 0.301105, 0.212808]
[0.571391, 0.311365, -0.499199, 0.2782, 0.147407]
[0.570475, 0.240354, -0.498818, 0.231625, 0.269471]
[0.308647, 0.488406, -0.499405, 0.235665, 0.232509]
[0.276325, 0.33304, -0.498688, 0.495554, 0.246205]
[0.438849, 0.256529, -0.49956, 0.406263, 0.393996]
[0.413013, 0.38047, -0.499631, 0.374433, 0.024095]
[0.546388, 0.44605, -0.498725, 0.309366, 0.028901]
[0.39938, 0.177346, -0.499547, 0.32658, 0.107365]
[0.640538, 0.1732, -0.499215, 0.326037, 0.025623]
[0.449623, 0.311562, -0.498575, 0.249265, 0.340545]
[0.462281, 0.39228, -0.499125, 0.439109, 0.006825]
[0.66852, 0.13321, -0.498826, 0.388184, 0.280279]
[0.3531, 0.173446, -0.498788, 0.279985, 0.331299]
[0.403789, 0.285995, -0.499376, 0.486999, 0.458219]
[0.483068, 0.173522, -0.499015, 0.399228, 0.096943]
[0.441067, 0.234328, -0.499953, 0.232427, 0.099186]
[0.553248, 0.150682, -0.4994, 0.384786, 0.476453]
[0.289745, 0.305653, -0.49953, 0.492343, 0.479603]
[0.4988, 0.394456, -0.499506, 0.344391, 0.087921]
[0.408329, 0.252825, -0.499092, 0.48118, 0.43551]
[0.632818, 0.31235, -0.499005, 0.273165, 0.482582]
[0.350195, 0.380221, -0.499307, 0.423984, 0.136666]
[0.38388, 0.359434, -0.499963, 0.492565, 0.214415]
[0.577092, 0.467234, -0.49986, 0.273997, 0.211901]
[0.325792, 0.32263, -0.498735, 0.371875, 0.31602]
[0.537722, 0.418866, -0.499084, 0.389082, 0.017191]
[0.655767, 0.392638, -0.498624, 0.329539, 0.297458]
[0.487806, 0.357136, -0.498541, 0.300515, 0.225766]
[0.547999, 0.469372, -0.498948, 0.422183, 0.415368]
[0.473398, 0.43603, -0.498597, 0.229721, 0.308971]
[0.294509, 0.401928, -0.499484, 0.415809, 0.315722]
[0.341222, 0.214673, -0.498993, 0.327537, 0.21948]
[0.610472, 0.394194, -0.499245, 0.267695, 0.137559]
[0.483349, 0.306279, -0.499846, 0.305524, 0.330701]
[0.467967, 0.444635, -0.499466, 0.386955, 0.123813]
[0.657636, 0.374952, -0.499046, 0.499356, 0.458752]
[0.472561, 0.19576, -0.499799, 0.235218, 0.007534]
[0.329416, 0.188238, -0.499319, 0.472742, 0.486625]
[0.279383, 0.161075, -0.498928, 0.48829, 0.233992]
[0.357487, 0.11189, -0.499665, 0.24817, 0.038113]
[0.538521, 0.126675, -0.499714, 0.383376, 0.166021]
[0.364919, 0.412686, -0.498669, 0.414805, 0.335205]
[0.643425, 0.426732, -0.499172, 0.339594, 0.034332]
[0.676882, 0.338786, -0.498895, 0.309203, 0.09303]
[0.432117, 0.236762, -0.499234, 0.268866, 0.31277]
[0.39689, 0.209732, -0.498955, 0.425232, 0.495448]
[0.56949, 0.41329, -0.499834, 0.374618, 0.095914]
[0.512163, 0.192287, -0.498958, 0.40311, 0.273587]
[0.279529, 0.324841, -0.499691, 0.368334, 0.030956]
[0.585665, 0.31013, -0.498752, 0.487929, 0.449608]
[0.497256, 0.374906, -0.499147, 0.450811, 0.003562]
[0.570838, 0.185704, -0.499117, 0.27653, 0.21641]
[0.486171, 0.492856, -0.498947, 0.383647, 0.459867]
[0.603934, 0.112005, -0.498972, 0.275849, 0.029123]
[0.589682, 0.217996, -0.498832, 0.387828, 0.052152]
[0.514486, 0.281334, -0.499071, 0.343408, 0.185359]
[0.656383, 0.373489, -0.498498, 0.441484, 0.044511]
[0.568825, 0.365224, -0.498965, 0.36208, 0.180663]
[0.518492, 0.430986, -0.49969, 0.255783, 0.094672]
[0.530556, 0.259723, -0.499307, 0.278157, 0.164738]
[0.423176, 0.185508, -0.498716, 0.361268, 0.041064]
[0.635944, 0.34262, -0.499888, 0.405291, 0.081577]
[0.589505, 0.330806, -0.499906, 0.339789, 0.107157]
[0.588596, 0.307316, -0.498964, 0.497954, 0.248511]
[0.619422, 0.458175, -0.498619, 0.277242, 0.080068]
[0.531958, 0.304478, -0.499275, 0.42782, 0.152955]
[0.381685, 0.28028, -0.498954, 0.281427, 0.300767]
[0.456057, 0.163771, -0.498996, 0.446847, 0.021541]
[0.471508, 0.459738, -0.499726, 0.357819, 0.003278]
[0.522652, 0.335344, -0.499954, 0.356578, 0.392394]
[0.515752, 0.371413, -0.499674, 0.285227, 0.178832]
[0.421627, 0.482999, -0.499359, 0.423555, 0.106966]
[0.299417, 0.186984, -0.498726, 0.256216, 0.066461]
[0.516046, 0.162012, -0.499423, 0.357606, 0.201838]
[0.605079, 0.363766, -0.499746, 0.426441, 0.451197]
[0.328991, 0.385725, -0.498638, 0.279551, 0.461873]
[0.65303, 0.417229, -0.498887, 0.421624, 0.393196]
[0.334665, 0.462175, -0.498617, 0.361675, 0.460619]
[0.343448, 0.17807, -0.499414, 0.290413, 0.312709]
[0.534878, 0.37018, -0.499251, 0.285374, 0.19677]
[0.460648, 0.497297, -0.499343, 0.243847, 0.440208]
[0.589893, 0.28542, -0.49852, 0.399808, 0.127087]
[0.310525, 0.170601, -0.499167, 0.384403, 0.180694]
[0.463938, 0.232563, -0.499058, 0.423961, 0.377276]
[0.601576, 0.339589, -0.498777, 0.458259, 0.120356]
[0.406221, 0.246905, -0.499982, 0.454631, 0.197857]
[0.517808, 0.484241, -0.49979, 0.407733, 0.091094]
[0.304158, 0.482937, -0.499804, 0.417959, 0.053892]
[0.586013, 0.27338, -0.499222, 0.327708, 0.403491]
[0.425004, 0.283437, -0.499988, 0.249014, 0.335229]
[0.341654, 0.344987, -0.499128, 0.299471, 0.176006]
[0.548208, 0.348641, -0.498507, 0.446594, 0.225671]
[0.587371, 0.339275, -0.499699, 0.236928, 0.45837]
[0.567509, 0.286696, -0.499917, 0.432129, 0.249602]
[0.567986, 0.254083, -0.498844, 0.228585, 0.136885]
[0.301078, 0.13305, -0.498445, 0.463528, 0.424231]
[0.571321, 0.248979, -0.499368, 0.487824, 0.326152]
[0.424908, 0.365599, -0.499114, 0.39983, 0.384341]
[0.45691, 0.42747, -0.498917, 0.499068, 0.004109]
[0.293281, 0.280641, -0.49888, 0.49042, 0.250905]
[0.449031, 0.283292, -0.498791, 0.271687, 0.45759]
[0.656196, 0.203586, -0.499548, 0.260644, 0.350454]
[0.459821, 0.393467, -0.498828, 0.426941, 0.430125]
[0.393515, 0.415657, -0.498493, 0.489154, 0.043145]
[0.565526, 0.479192, -0.49988, 0.444941, 0.092062]
[0.628166, 0.450504, -0.499365, 0.489906, 0.060752]
[0.390316, 0.415102, -0.499633, 0.395829, 0.102143]
[0.521606, 0.151279, -0.498599, 0.399057, 0.185821]
[0.459078, 0.250416, -0.499564, 0.434264, 0.370584]
[0.527247, 0.128827, -0.499748, 0.313304, 0.115245]
[0.639825, 0.213923, -0.498638, 0.401525, 0.051892]
[0.277794, 0.39687, -0.499503, 0.334888, 0.488361]
[0.321713, 0.293902, -0.499017, 0.330002, 0.448236]
[0.67504, 0.480228, -0.499278, 0.345506, 0.087416]
[0.316531, 0.27971, -0.498727, 0.394679, 0.460731]
[0.360904, 0.37062, -0.499514, 0.241336, 0.325377]
[0.277822, 0.454476, -0.498543, 0.391612, 0.292329]
[0.461741, 0.32746, -0.499679, 0.229559, 0.041671]
[0.475079, 0.212986, -0.498582, 0.326559, 0.011244]
[0.592486, 0.132476, -0.499018, 0.260567, 0.259412]
[0.380172, 0.114813, -0.498545, 0.3734, 0.050615]
[0.488834, 0.362732, -0.498429, 0.297065, 0.055164]
[0.369997, 0.491517, -0.498871, 0.230654, 0.324636]
[0.375528, 0.397918, -0.499692, 0.484265, 0.487452]
[0.345784, 0.225127, -0.499961, 0.411108, 0.319221]
[0.496267, 0.148572, -0.498994, 0.479657, 0.1036]
[0.285553, 0.339111, -0.498865, 0.312507, 0.379555]
[0.437738, 0.276882, -0.499867, 0.461029, 0.052296]
[0.591992, 0.461302, -0.498832, 0.386097, 0.241081]
[0.486321, 0.426434, -0.498423, 0.312431, 0.220448]
[0.366161, 0.399395, -0.499326, 0.339374, 0.02952]
[0.381989, 0.326867, -0.499128, 0.396454, 0.111808]
[0.64182, 0.430655, -0.499354, 0.398072, 0.046535]
[0.640156, 0.258272, -0.499675, 0.438167, 0.49466]
[0.598382, 0.337237, -0.498616, 0.358042, 0.272651]
[0.594736, 0.130832, -0.499384, 0.249386, 0.398262]
[0.41306, 0.345509, -0.498894, 0.324479, 0.350413]
[0.473332, 0.21265, -0.498866, 0.371855, 0.020246]
[0.459343, 0.41775, -0.499774, 0.345853, 0.082833]
[0.666245, 0.260207, -0.498868, 0.25979, 0.04432]
[0.297035, 0.417144, -0.499937, 0.242293, 0.423775]
[0.317671, 0.453744, -0.499063, 0.261835, 0.1922]
[0.327266, 0.246301, -0.498844, 0.448114, 0.381944]
[0.333582, 0.114605, -0.498783, 0.301783, 0.081922]
[0.282269, 0.265336, -0.498436, 0.429469, 0.221355]
[0.444161, 0.165368, -0.499713, 0.298416, 0.067288]
[0.463401, 0.348341, -0.498734, 0.399508, 0.055964]
[0.466129, 0.384797, -0.49975, 0.479025, 0.127326]
[0.59506, 0.334844, -0.499551, 0.365416, 0.445584]
[0.371327, 0.219474, -0.498445, 0.237927, 0.055409]
[0.543825, 0.381001, -0.499573, 0.284002, 0.312356]
[0.677803, 0.399164, -0.499679, 0.470202, 0.393783]
[0.530092, 0.251206, -0.499285, 0.432252, 0.27967]
[0.316632, 0.297881, -0.499663, 0.457548, 0.024938]
[0.620336, 0.173223, -0.499072, 0.283368, 0.133316]
[0.548221, 0.474366, -0.498907, 0.284525, 0.300393]
[0.482243, 0.37284, -0.499618, 0.441205, 0.448734]
[0.328112, 0.386188, -0.498936, 0.267008, 0.246]
[0.487592, 0.353966, -0.499302, 0.32483, 0.09631]
[0.544412, 0.195192, -0.49856, 0.36673, 0.151316]
[0.389433, 0.482613, -0.49994, 0.419492, 0.041449]
[0.471413, 0.352058, -0.499272, 0.230271, 0.496257]
[0.270035, 0.279334, -0.498626, 0.398581, 0.186383]
[0.45608, 0.258269, -0.49968, 0.354123, 0.129811]
[0.59485, 0.247401, -0.498521, 0.245017, 0.173166]
[0.582635, 0.396472, -0.499662, 0.270399, 0.303356]
[0.473839, 0.492979, -0.499653, 0.320117, 0.46705]
[0.580011, 0.45688, -0.499152, 0.283112, 0.125287]
[0.302441, 0.252035, -0.499779, 0.355264, 0.021634]
[0.565858, 0.470464, -0.498596, 0.256458, 0.235111]
[0.660896, 0.32536, -0.499977, 0.33513, 0.295726]
[0.271321, 0.369244, -0.49923, 0.361596, 0.085158]
[0.58675, 0.456436, -0.49946, 0.417934, 0.350933]
[0.288991, 0.286682, -0.499538, 0.422639, 0.142855]
[0.509657, 0.458486, -0.498462, 0.323308, 0.196179]
[0.284472, 0.291202, -0.499543, 0.449235, 0.288032]
[0.291157, 0.463804, -0.499962, 0.427659, 0.021437]
[0.531247, 0.404081, -0.498474, 0.34011, 0.384929]
[0.553112, 0.375815, -0.499682, 0.228494, 0.305831]
[0.607105, 0.43243, -0.498659, 0.341251, 0.472618]
[0.357746, 0.365269, -0.499427, 0.469031, 0.220771]
[0.544245, 0.115726, -0.498872, 0.289337, 0.196437]
[0.538868, 0.323753, -0.498757, 0.451391, 0.35968]
[0.485656, 0.392553, -0.499386, 0.366657, 0.499283]
[0.480917, 0.407035, -0.49981, 0.313789, 0.36037]
[0.39836, 0.239715, -0.499309, 0.310097, 0.444136]
[0.526798, 0.448099, -0.498677, 0.401992, 0.363254]
[0.28366, 0.423362, -0.499615, 0.399386, 0.478214]
[0.607682, 0.422462, -0.49934, 0.48809, 0.458369]
[0.401532, 0.47852, -0.498986, 0.35053, 0.326923]
[0.669208, 0.207354, -0.49892, 0.498398, 0.26799]
[0.676881, 0.170084, -0.499485, 0.373682, 0.4607]
[0.623759, 0.340005, -0.499074, 0.318928, 0.011797]
[0.441433, 0.252915, -0.499383, 0.270218, 0.301029]
[0.551434, 0.227945, -0.498817, 0.455783, 0.225762]
[0.287784, 0.405852, -0.499914, 0.425474, 0.23219]
[0.555257, 0.38074, -0.498605, 0.482491, 0.399275]
[0.678762, 0.432267, -0.4986, 0.282169, 0.496191]
[0.54294, 0.359897, -0.499251, 0.277832, 0.219498]
[0.323441, 0.241996, -0.498527, 0.258346, 0.100973]
[0.584225, 0.117794, -0.498434, 0.448623, 0.369248]
[0.480715, 0.332672, -0.499987, 0.232409, 0.184082]
[0.585746, 0.407384, -0.499737, 0.35738, 0.172526]
[0.309053, 0.332837, -0.499225, 0.39207, 0.019174]
[0.601884, 0.154573, -0.498899, 0.464035, 0.255767]
[0.392244, 0.366915, -0.499342, 0.413792, 0.112359]
[0.471046, 0.132832, -0.49907, 0.258888, 0.451323]
[0.622926, 0.224237, -0.49957, 0.390239, 0.205148]
[0.522089, 0.478377, -0.499196, 0.305677, 0.022532]
[0.305026, 0.176571, -0.499495, 0.276127, 0.219701]
[0.479895, 0.453872, -0.499197, 0.262688, 0.380091]
[0.437185, 0.179537, -0.498742, 0.383096, 0.431054]
[0.665056, 0.257376, -0.499023, 0.343171, 0.311579]
[0.425437, 0.433595, -0.498731, 0.451967, 0.044683]
[0.467835, 0.45181, -0.498478, 0.397539, 0.24443]
[0.540278, 0.306054, -0.499955, 0.283013, 0.234293]
[0.456611, 0.41488, -0.49895, 0.41665, 0.228477]
[0.518834, 0.208602, -0.4993, 0.323748, 0.18207]
[0.414658, 0.143497, -0.499395, 0.287301, 0.188619]
[0.429425, 0.464712, -0.498659, 0.315718, 0.379032]
[0.400214, 0.119745, -0.49931, 0.469819, 0.172876]
[0.339578, 0.147143, -0.499472, 0.472209, 0.237762]
[0.322611, 0.262569, -0.499339, 0.27204, 0.145698]
[0.316313, 0.495025, -0.498529, 0.408067, 0.006539]
[0.347523, 0.27579, -0.49887, 0.446426, 0.325421]
[0.564642, 0.38375, -0.499734, 0.485278, 0.393626]
[0.407089, 0.241413, -0.499662, 0.315481, 0.473443]
[0.412414, 0.161179, -0.499828, 0.371619, 0.225443]
[0.410818, 0.38294, -0.498531, 0.408532, 0.020367]
[0.645999, 0.313282, -0.499234, 0.278708, 0.35133]
[0.389138, 0.162485, -0.49937, 0.422961, 0.017648]
[0.510682, 0.229542, -0.498746, 0.47237, 0.451089]
[0.514232, 0.159103, -0.499888, 0.419449, 0.174957]
[0.378751, 0.146865, -0.498624, 0.383912, 0.131611]
[0.280463, 0.370448, -0.498866, 0.469787, 0.112223]
[0.389357, 0.227957, -0.4988, 0.477085, 0.243648]
[0.674026, 0.302107, -0.49924, 0.436576, 0.080999]
[0.319967, 0.438566, -0.499026, 0.334127, 0.457811]
[0.482183, 0.458028, -0.499368, 0.233694, 0.078762]
[0.627959, 0.47905, -0.49966, 0.320811, 0.227388]
[0.319352, 0.325652, -0.499318, 0.401718, 0.033378]
[0.347696, 0.411022, -0.498676, 0.34685, 0.034098]
[0.392663, 0.485899, -0.499258, 0.400961, 0.424297]
[0.333424, 0.116517, -0.498416, 0.388887, 0.224833]
[0.435529, 0.190166, -0.498523, 0.280421, 0.298044]
[0.537229, 0.493984, -0.498476, 0.456153, 0.299711]
[0.427354, 0.37612, -0.49944, 0.469723, 0.106911]
[0.382988, 0.305874, -0.499057, 0.431293, 0.089371]
[0.539164, 0.296675, -0.499577, 0.296438, 0.285064]
[0.361021, 0.343349, -0.499599, 0.293991, 0.045625]
[0.351571, 0.146585, -0.498847, 0.495551, 0.175499]
[0.51398, 0.213676, -0.498652, 0.237668, 0.058791]
[0.347599, 0.377835, -0.499395, 0.310043, 0.045591]
[0.411051, 0.3112, -0.499715, 0.230638, 0.435627]
[0.586895, 0.473521, -0.498568, 0.461095, 0.248878]
[0.527973, 0.25852, -0.49863, 0.294296, 0.452334]
[0.604729, 0.444031, -0.499887, 0.302841, 0.273407]
[0.598286, 0.333537, -0.499528, 0.272558, 0.316161]
[0.526399, 0.493986, -0.499521, 0.246513, 0.191285]
[0.666113, 0.490364, -0.498848, 0.263141, 0.387685]
[0.369587, 0.430543, -0.498436, 0.285702, 0.041121]
[0.509563, 0.317076, -0.499338, 0.48316, 0.185681]
[0.59265, 0.497435, -0.499099, 0.441688, 0.194636]
[0.505144, 0.355594, -0.498669, 0.397351, 0.199789]
[0.530337, 0.200607, -0.49888, 0.383964, 0.398726]
[0.503141, 0.143056, -0.499616, 0.251503, 0.035958]
[0.284426, 0.248722, -0.498621, 0.228059, 0.299319]
[0.408129, 0.335561, -0.49991, 0.261064, 0.009781]
[0.315197, 0.309746, -0.498856, 0.249306, 0.046622]
[0.46826, 0.493329, -0.499641, 0.291148, 0.460211]
[0.550334, 0.185884, -0.498807, 0.443543, 0.145764]
[0.572296, 0.284884, -0.498907, 0.4896, 0.437333]
[0.486614, 0.236754, -0.498862, 0.249295, 0.160045]
[0.625502, 0.386953, -0.499282, 0.276453, 0.338776]
[0.664681, 0.139213, -0.499463, 0.308738, 0.164825]
[0.318531, 0.337921, -0.499643, 0.437351, 0.060731]
[0.524201, 0.111676, -0.499209, 0.270553, 0.159822]
[0.284424, 0.300217, -0.499584, 0.287734, 0.225143]
[0.576195, 0.478202, -0.498986, 0.453648, 0.182313]
[0.34727, 0.353786, -0.499436, 0.441628, 0.497144]
[0.545713, 0.423585, -0.499547, 0.455238, 0.038948]
[0.384816, 0.292621, -0.499949, 0.353293, 0.282174]
[0.474472, 0.136636, -0.499407, 0.371123, 0.230551]
[0.351739, 0.390646, -0.499697, 0.35721, 0.363211]
[0.657532, 0.426706, -0.49927, 0.228333, 0.195672]
[0.329258, 0.469913, -0.499658, 0.37636, 0.03608]
[0.286969, 0.132707, -0.498769, 0.426057, 0.349219]
[0.561487, 0.296152, -0.498562, 0.420286, 0.49471]
[0.299471, 0.288742, -0.499697, 0.325982, 0.30493]
[0.566458, 0.317275, -0.499059, 0.431997, 0.178811]
[0.559796, 0.215548, -0.498477, 0.320775, 0.396976]
[0.495021, 0.167195, -0.498498, 0.465131, 0.081331]
[0.62817, 0.143678, -0.498957, 0.366659, 0.361992]
[0.323589, 0.202999, -0.499992, 0.319757, 0.308487]
[0.506442, 0.217762, -0.499859, 0.443774, 0.149869]
[0.338859, 0.42517, -0.498957, 0.285114, 0.171536]
[0.564598, 0.470417, -0.498722, 0.24804, 0.440965]
[0.486985, 0.465681, -0.498448, 0.265572, 0.05729]
[0.375747, 0.411268, -0.49955, 0.452549, 0.155005]
[0.356554, 0.179795, -0.498902, 0.443684, 0.381718]
[0.609296, 0.243087, -0.499657, 0.29999, 0.125871]
[0.346582, 0.210838, -0.498727, 0.431012, 0.000755]
[0.561248, 0.229298, -0.498863, 0.393955, 0.235167]
[0.622994, 0.20403, -0.498636, 0.380455, 0.098993]
[0.385538, 0.398021, -0.499377, 0.250195, 0.080557]
[0.517524, 0.454352, -0.498912, 0.400831, 0.059442]
[0.655429, 0.270865, -0.499689, 0.264491, 0.035059]
[0.40456, 0.322176, -0.499653, 0.400923, 0.173714]
[0.288552, 0.277178, -0.499684, 0.408656, 0.266844]
[0.656706, 0.454701, -0.498933, 0.433635, 0.15094]
[0.4008, 0.488808, -0.499601, 0.290224, 0.124405]
[0.60819, 0.478298, -0.499328, 0.499694, 0.050883]
[0.523707, 0.216994, -0.499011, 0.247977, 0.363668]
[0.433045, 0.478534, -0.499697, 0.31389, 0.25934]
[0.426003, 0.244248, -0.499493, 0.23625, 0.452808]
[0.658382, 0.44249, -0.498803, 0.471636, 0.008337]
[0.428619, 0.192763, -0.498843, 0.356844, 0.352148]
[0.576781, 0.114218, -0.499146, 0.236553, 0.08633]
[0.634682, 0.427606, -0.49955, 0.389346, 0.206077]
[0.316696, 0.163447, -0.499092, 0.430102, 0.412075]
[0.456634, 0.198541, -0.499258, 0.436133, 0.424413]
[0.473583, 0.271994, -0.498759, 0.37248, 0.307715]
[0.400234, 0.406715, -0.499205, 0.275157, 0.274078]
[0.590899, 0.217032, -0.499138, 0.264536, 0.115188]
[0.29265, 0.41688, -0.499672, 0.377908, 0.034724]
[0.369111, 0.113631, -0.498665, 0.417543, 0.103986]
[0.537921, 0.240431, -0.498546, 0.423771, 0.26315]
[0.470481, 0.248576, -0.499258, 0.388075, 0.04427]
[0.345252, 0.242594, -0.498974, 0.307903, 0.443232]
[0.476143, 0.124425, -0.499055, 0.481071, 0.008575]
[0.323568, 0.325698, -0.499642, 0.442162, 0.422691]
[0.342991, 0.302305, -0.498952, 0.482353, 0.11926]
[0.57425, 0.125965, -0.498547, 0.294373, 0.356514]
[0.358473, 0.196854, -0.498982, 0.295815, 0.27553]
[0.658091, 0.208918, -0.49937, 0.289245, 0.150656]
[0.392338, 0.115264, -0.49854, 0.351005, 0.375243]
[0.317466, 0.413954, -0.498556, 0.256348, 0.028443]
[0.572995, 0.164434, -0.499112, 0.405138, 0.103516]
[0.678125, 0.437454, -0.498416, 0.355386, 0.094888]
[0.561424, 0.263582, -0.499588, 0.241637, 0.430751]
[0.413971, 0.160328, -0.499612, 0.253962, 0.248867]
[0.489139, 0.247024, -0.498873, 0.293735, 0.251766]
[0.269012, 0.403503, -0.498959, 0.482831, 0.186921]
[0.281285, 0.484184, -0.498438, 0.266119, 0.206052]
[0.446809, 0.409563, -0.499086, 0.336855, 0.066441]
[0.501917, 0.315036, -0.49845, 0.363358, 0.042367]
[0.523144, 0.267437, -0.498682, 0.333754, 0.262466]
[0.368119, 0.161049, -0.498933, 0.389518, 0.47758]
[0.56408, 0.441724, -0.499033, 0.492899, 0.303239]
[0.57999, 0.357701, -0.499397, 0.468265, 0.214274]
[0.558853, 0.174625, -0.499215, 0.337434, 0.149595]
[0.547291, 0.138665, -0.498842, 0.465649, 0.298957]
[0.502746, 0.198395, -0.499437, 0.490295, 0.407915]
[0.664857, 0.191666, -0.49935, 0.337644, 0.280036]
[0.32224, 0.325512, -0.49935, 0.429498, 0.457381]
[0.535045, 0.479026, -0.498538, 0.466695, 0.345151]
[0.650093, 0.272125, -0.499645, 0.417163, 0.481418]
[0.676801, 0.378127, -0.498943, 0.334672, 0.001303]
[0.570253, 0.367475, -0.499722, 0.345693, 0.410859]
[0.509503, 0.368705, -0.498678, 0.351119, 0.465296]
[0.679501, 0.264964, -0.498481, 0.412675, 0.068716]
[0.289445, 0.22, -0.498922, 0.449476, 0.339455]
[0.463293, 0.325899, -0.499028, 0.498993, 0.437546]
[0.531797, 0.11605, -0.498983, 0.292335, 0.324539]
[0.479479, 0.226834, -0.499725, 0.433466, 0.209277]
[0.635776, 0.160985, -0.498759, 0.40687, 0.151901]
[0.544154, 0.341377, -0.499561, 0.308382, 0.130406]
[0.648328, 0.391269, -0.498888, 0.483333, 0.42931]
[0.365317, 0.240499, -0.498417, 0.277817, 0.295408]
[0.632395, 0.343702, -0.499105, 0.425995, 0.04053]
[0.598736, 0.280793, -0.499278, 0.378111, 0.087732]
[0.564518, 0.15613, -0.499051, 0.456527, 0.067315]
[0.357465, 0.473225, -0.49924, 0.390577, 0.067292]
[0.360888, 0.473624, -0.49901, 0.24813, 0.121931]
[0.504287, 0.206328, -0.498677, 0.363388, 0.355164]
[0.457078, 0.349583, -0.499024, 0.316712, 0.409361]
[0.570442, 0.200681, -0.499147, 0.266591, 0.209854]
[0.640612, 0.231406, -0.498962, 0.477335, 0.098427]
[0.534958, 0.332498, -0.499473, 0.481096, 0.099714]
[0.308212, 0.340866, -0.498559, 0.408634, 0.171446]
[0.660108, 0.270015, -0.499637, 0.283914, 0.402934]
[0.469195, 0.477949, -0.499414, 0.407866, 0.115909]
[0.524846, 0.385688, -0.498958, 0.297669, 0.41487]
[0.610029, 0.116025, -0.499882, 0.27575, 0.232657]
[0.481054, 0.181383, -0.498729, 0.292579, 0.037937]
[0.348742, 0.228396, -0.499385, 0.368239, 0.11226]
[0.627424, 0.221373, -0.499101, 0.355731, 0.205403]
[0.395213, 0.136106, -0.49959, 0.44606, 0.13439]
[0.639122, 0.215427, -0.499672, 0.465761, 0.233981]
[0.367456, 0.269835, -0.499302, 0.267778, 0.45136]
[0.500017, 0.373589, -0.49969, 0.405909, 0.131413]
[0.527831, 0.149398, -0.499644, 0.30052, 0.21091]
[0.403579, 0.204883, -0.499104, 0.316971, 0.183927]
[0.291045, 0.203345, -0.498729, 0.28687, 0.034166]
[0.317748, 0.476737, -0.499357, 0.277619, 0.306314]
[0.427702, 0.327502, -0.499632, 0.435195, 0.171135]
[0.445576, 0.20844, -0.499727, 0.242219, 0.145769]
[0.470785, 0.407478, -0.499787, 0.258331, 0.357071]
[0.515028, 0.45636, -0.4998, 0.300533, 0.108248]
[0.392044, 0.439329, -0.498676, 0.36141, 0.232285]
[0.320889, 0.139654, -0.498941, 0.2713, 0.309979]
[0.279431, 0.407283, -0.499986, 0.458987, 0.440651]
[0.665388, 0.275487, -0.499598, 0.470169, 0.408849]
[0.647605, 0.389849, -0.499748, 0.356233, 0.085275]
[0.460941, 0.20874, -0.499452, 0.393035, 6.7e-05]
[0.554534, 0.278918, -0.499899, 0.377479, 0.248852]
[0.644243, 0.233011, -0.499155, 0.230071, 0.314482]
[0.592012, 0.315864, -0.499832, 0.494368, 0.176125]
[0.301322, 0.222999, -0.498551, 0.490525, 0.436475]
[0.525609, 0.130933, -0.499464, 0.303641, 0.374209]
[0.289058, 0.497612, -0.49875, 0.238312, 0.472016]
[0.430324, 0.112633, -0.499416, 0.326674, 0.427853]
[0.409285, 0.298392, -0.499974, 0.453937, 0.466354]
[0.314288, 0.335817, -0.499917, 0.290975, 0.477245]
[0.476673, 0.244995, -0.499531, 0.444708, 0.387782]
[0.325631, 0.146574, -0.499805, 0.271152, 0.105045]
[0.283122, 0.377291, -0.499281, 0.261225, 0.250284]
[0.457585, 0.173893, -0.498479, 0.457221, 0.346807]
[0.363705, 0.35164, -0.499352, 0.45582, 0.317122]
[0.476369, 0.290507, -0.499629, 0.322972, 0.236584]
[0.66882, 0.349489, -0.499321, 0.372026, 0.481132]
[0.374865, 0.167671, -0.499097, 0.264645, 0.276872]
[0.587733, 0.345259, -0.499579, 0.332692, 0.325974]
[0.496261, 0.125773, -0.498757, 0.450676, 0.101498]
[0.549443, 0.294453, -0.499953, 0.362957, 0.388297]
[0.594026, 0.277195, -0.499052, 0.487998, 0.032604]
[0.402468, 0.349701, -0.499945, 0.361738, 0.33123]
[0.603035, 0.202781, -0.499386, 0.43685, 0.090908]
[0.501041, 0.429417, -0.499971, 0.429252, 0.417127]
[0.463581, 0.367798, -0.499688, 0.419364, 0.241867]
[0.326842, 0.344315, -0.499093, 0.299939, 0.378577]
[0.607306, 0.219544, -0.499199, 0.464005, 0.014318]
[0.606585, 0.121865, -0.498632, 0.400128, 0.011002]
[0.532318, 0.220966, -0.498427, 0.364431, 0.122056]
[0.603733, 0.215843, -0.499487, 0.3361, 0.055787]
[0.602214, 0.478231, -0.499999, 0.281626, 0.360635]
[0.358892, 0.479297, -0.498954, 0.463966, 0.020719]
[0.594695, 0.49518, -0.499631, 0.382248, 0.075522]
[0.510396, 0.350912, -0.49853, 0.480036, 0.045352]
[0.458558, 0.350497, -0.498459, 0.269424, 0.306433]
[0.589689, 0.254492, -0.499578, 0.321433, 0.09026]
[0.342071, 0.278692, -0.499741, 0.341925, 0.238075]
[0.509104, 0.271586, -0.499253, 0.368923, 0.129412]
[0.674686, 0.408883, -0.49883, 0.429097, 0.319648]
[0.610074, 0.21157, -0.499079, 0.443614, 0.346896]
[0.569085, 0.369417, -0.49938, 0.496001, 0.336752]
[0.472539, 0.478761, -0.498455, 0.348777, 0.367094]
[0.436657, 0.238402, -0.499399, 0.449855, 0.01387]
[0.585533, 0.373994, -0.499423, 0.483543, 0.321119]
[0.469532, 0.434276, -0.499405, 0.258022, 0.061418]
[0.669613, 0.196337, -0.498766, 0.326394, 0.134231]
[0.410266, 0.183468, -0.498587, 0.416521, 0.441594]
[0.348583, 0.47322, -0.499495, 0.348916, 0.419666]
[0.612568, 0.234118, -0.499697, 0.396457, 0.036636]
[0.380462, 0.352021, -0.49981, 0.280885, 0.442835]
[0.641248, 0.180242, -0.499687, 0.292637, 0.070696]
[0.548109, 0.201394, -0.498605, 0.336597, 0.415736]
[0.399805, 0.404209, -0.499381, 0.370067, 0.045446]
[0.336215, 0.481331, -0.499166, 0.230114, 0.035386]
[0.652726, 0.462651, -0.499591, 0.383205, 0.374676]
[0.442618, 0.19601, -0.499983, 0.38179, 0.44977]
[0.418502, 0.284926, -0.499031, 0.397925, 0.161268]
[0.525484, 0.169073, -0.499564, 0.488746, 0.490495]
[0.36961, 0.180809, -0.499855, 0.386988, 0.07832]
[0.310443, 0.306202, -0.499097, 0.401675, 0.322798]
[0.309795, 0.428631, -0.498495, 0.2396, 0.45032]
[0.669911, 0.191368, -0.499415, 0.328916, 0.471136]
[0.376721, 0.136683, -0.499366, 0.389161, 0.205394]
[0.619235, 0.28129, -0.499992, 0.272832, 0.265943]
[0.340044, 0.388632, -0.499503, 0.409659, 0.051891]
[0.269978, 0.32376, -0.498558, 0.332487, 0.172761]
[0.526909, 0.147697, -0.499472, 0.285151, 0.16398]
[0.510856, 0.359804, -0.498523, 0.333929, 0.361484]
[0.32555, 0.268938, -0.499764, 0.364619, 0.194296]
[0.618877, 0.202993, -0.498532, 0.476827, 0.351438]
[0.503101, 0.267924, -0.499828, 0.427554, 0.408361]
[0.462329, 0.201382, -0.498903, 0.263455, 0.273238]
[0.472151, 0.221981, -0.499244, 0.346672, 0.173744]
[0.373851, 0.203887, -0.499879, 0.476383, 0.052765]
[0.440239, 0.330317, -0.498893, 0.335525, 0.340106]
[0.51377, 0.384583, -0.499222, 0.367622, 0.164335]
[0.301205, 0.468868, -0.49885, 0.26001, 0.328039]
[0.611885, 0.461058, -0.499224, 0.25353, 0.086192]
[0.399604, 0.210605, -0.498654, 0.370155, 0.185103]
[0.326941, 0.233878, -0.499241, 0.263536, 0.127412]
[0.667955, 0.449866, -0.499214, 0.24709, 0.458151]
[0.65828, 0.478585, -0.498749, 0.394298, 0.465532]
[0.604668, 0.269437, -0.499685, 0.431768, 0.447738]
[0.33897, 0.351627, -0.498437, 0.281022, 0.269904]
[0.613638, 0.493102, -0.499276, 0.469168, 0.006429]
[0.594727, 0.134155, -0.498518, 0.329326, 0.156682]
[0.553294, 0.422439, -0.499871, 0.467761, 0.071924]
[0.512672, 0.48704, -0.498936, 0.421955, 0.029166]
[0.610766, 0.162119, -0.499182, 0.325585, 0.351852]
[0.580593, 0.11653, -0.499793, 0.274335, 0.169062]
[0.557221, 0.396762, -0.498739, 0.435164, 0.225061]
[0.296251, 0.19799, -0.499182, 0.399275, 0.194419]
[0.376421, 0.442602, -0.499002, 0.289782, 0.220746]
[0.443645, 0.399275, -0.498982, 0.293344, 0.255956]
[0.4919, 0.291421, -0.499054, 0.308875, 0.375925]
[0.4895, 0.495292, -0.499529, 0.315406, 0.139198]
[0.534016, 0.493357, -0.498571, 0.301367, 0.259418]
[0.436077, 0.424029, -0.499941, 0.322767, 0.468968]
[0.43518, 0.302738, -0.499388, 0.298057, 0.333455]
[0.462264, 0.473592, -0.499517, 0.25202, 0.340835]
[0.512806, 0.16372, -0.499672, 0.406747, 0.184899]
[0.630111, 0.1188, -0.499915, 0.237517, 0.059233]
[0.328509, 0.387061, -0.498477, 0.483063, 0.061798]
[0.465704, 0.336264, -0.498571, 0.297086, 0.203073]
[0.477695, 0.306215, -0.499078, 0.417103, 0.457855]
[0.460462, 0.257223, -0.499966, 0.304407, 0.220894]
[0.636159, 0.217481, -0.49916, 0.436092, 0.276966]
[0.46017, 0.386107, -0.498933, 0.276281, 0.010931]
[0.434991, 0.235446, -0.499744, 0.291835, 0.261762]
[0.619037, 0.481092, -0.498897, 0.303722, 0.134049]
[0.466472, 0.402119, -0.499254, 0.364896, 0.341385]
[0.273531, 0.167612, -0.499287, 0.487899, 0.314695]
[0.5105, 0.340937, -0.498693, 0.297632, 0.021866]
[0.316021, 0.213041, -0.499719, 0.432504, 0.036721]
[0.427614, 0.409336, -0.498433, 0.260583, 0.474777]
[0.652244, 0.316565, -0.49997, 0.405069, 0.076792]
[0.426607, 0.188577, -0.498578, 0.451843, 0.494785]
[0.592157, 0.388731, -0.499588, 0.349318, 0.290629]
[0.602608, 0.276781, -0.498726, 0.397801, 0.08967]
[0.640173, 0.200567, -0.49888, 0.321525, 0.181103]
[0.354503, 0.438969, -0.499564, 0.238509, 0.223788]
[0.458534, 0.363846, -0.499415, 0.312836, 0.216808]
[0.287569, 0.15577, -0.49955, 0.277026, 0.130305]
[0.297674, 0.143735, -0.499223, 0.44553, 0.402335]
[0.424639, 0.272319, -0.499353, 0.401266, 0.228449]
[0.271853, 0.20119, -0.49914, 0.414672, 0.020702]
[0.464407, 0.225201, -0.498468, 0.443088, 0.073002]
[0.621706, 0.22848, -0.499577, 0.263018, 0.34027]
[0.670863, 0.416419, -0.499071, 0.352306, 0.179602]
[0.464423, 0.436142, -0.498607, 0.227948, 0.280466]
[0.537286, 0.112985, -0.498819, 0.452015, 0.187416]
[0.348361, 0.213855, -0.498422, 0.241434, 0.425331]
[0.627752, 0.367003, -0.498768, 0.378484, 0.381897]
[0.6731, 0.254244, -0.499194, 0.316542, 0.202527]
[0.67627, 0.247619, -0.498649, 0.315328, 0.466242]
[0.340631, 0.45095, -0.499616, 0.422526, 0.276037]
[0.478139, 0.114597, -0.499027, 0.269621, 0.151726]
[0.642497, 0.136516, -0.499671, 0.323628, 0.027341]
[0.513256, 0.357756, -0.498929, 0.233612, 0.255268]
[0.659685, 0.415854, -0.498949, 0.341735, 0.142477]
[0.531375, 0.140538, -0.498771, 0.473096, 0.395171]
[0.432816, 0.15398, -0.498689, 0.393278, 0.105285]
[0.637937, 0.272992, -0.499332, 0.25223, 0.162274]
[0.533129, 0.146441, -0.498746, 0.314384, 0.389042]
[0.389809, 0.227199, -0.499251, 0.457728, 0.242499]
[0.395022, 0.211993, -0.499933, 0.460054, 0.404154]
[0.429977, 0.346072, -0.499551, 0.440295, 0.185587]
[0.325665, 0.176293, -0.498843, 0.34987, 0.382903]
[0.289317, 0.449141, -0.498733, 0.280393, 0.41947]
[0.401712, 0.470328, -0.499139, 0.402392, 0.495573]
[0.442825, 0.25916, -0.499052, 0.305827, 0.039814]
[0.465287, 0.242103, -0.499019, 0.436525, 0.289584]
[0.521298, 0.467679, -0.498954, 0.27897, 0.113026]
[0.557729, 0.129673, -0.499651, 0.336153, 0.458579]
[0.47927, 0.171279, -0.498841, 0.265655, 0.284794]
[0.412543, 0.259141, -0.499829, 0.334382, 0.388763]
[0.299047, 0.207824, -0.498856, 0.248992, 0.007074]
[0.495487, 0.237953, -0.499771, 0.32849, 0.393174]
[0.584281, 0.211939, -0.499984, 0.317578, 0.208503]
[0.281601, 0.219088, -0.499972, 0.381763, 0.425081]
[0.279147, 0.35609, -0.49925, 0.3327, 0.295484]
[0.576766, 0.114917, -0.499683, 0.307846, 0.243685]
[0.30043, 0.321997, -0.49938, 0.258381, 0.167466]
[0.675098, 0.1954, -0.499435, 0.37758, 0.223437]
[0.533308, 0.488849, -0.498483, 0.316579, 0.251315]
[0.276187, 0.365955, -0.499201, 0.252866, 0.364626]
[0.368822, 0.215786, -0.499343, 0.364239, 0.334874]
[0.416617, 0.474797, -0.49993, 0.347948, 0.020841]
[0.554944, 0.293027, -0.49853, 0.259554, 0.131735]
[0.418635, 0.163666, -0.499882, 0.492629, 0.280915]
[0.540435, 0.392439, -0.498681, 0.490621, 0.35409]
[0.66648, 0.368573, -0.498577, 0.494024, 0.413381]
[0.322223, 0.462583, -0.499459, 0.254605, 0.431525]
[0.43937, 0.169682, -0.499682, 0.318274, 0.449072]
[0.470664, 0.126993, -0.498796, 0.456187, 0.167398]
[0.387826, 0.238649, -0.499173, 0.325457, 0.196114]
[0.584808, 0.178395, -0.498824, 0.4202, 0.213034]
[0.513683, 0.483643, -0.499462, 0.279491, 0.374114]
[0.381447, 0.404027, -0.499501, 0.271791, 0.365295]
[0.269847, 0.492835, -0.499561, 0.3651, 0.371694]
[0.384861, 0.421005, -0.498649, 0.376564, 0.013353]
[0.544224, 0.216057, -0.499304, 0.380602, 0.245987]
[0.565419, 0.234779, -0.499218, 0.41107, 0.132735]
[0.400822, 0.267987, -0.498536, 0.22848, 0.04292]
[0.658176, 0.482389, -0.499266, 0.359863, 0.036433]
[0.508891, 0.242028, -0.499421, 0.459989, 0.446418]
[0.473449, 0.44682, -0.498613, 0.434828, 0.095233]
[0.328868, 0.441935, -0.498561, 0.376148, 0.102808]
[0.364788, 0.384723, -0.499067, 0.454362, 0.062614]
[0.567089, 0.255922, -0.49982, 0.253388, 0.36117]
[0.403151, 0.278691, -0.49988, 0.343195, 0.252741]
[0.346526, 0.340073, -0.498472, 0.349953, 0.176167]
[0.508793, 0.120148, -0.499133, 0.465118, 0.055925]
[0.436294, 0.205648, -0.499359, 0.462922, 0.49353]
[0.46672, 0.219319, -0.499037, 0.413649, 0.196341]
[0.637565, 0.451922, -0.499959, 0.266348, 0.368174]
[0.527783, 0.393836, -0.498474, 0.375425, 0.21009]
[0.345837, 0.284386, -0.499212, 0.409681, 0.491104]
[0.484057, 0.315875, -0.499625, 0.232075, 0.357584]
[0.475242, 0.155545, -0.49883, 0.400772, 0.017202]
[0.34445, 0.306002, -0.499443, 0.306173, 0.159335]
[0.573415, 0.431135, -0.498706, 0.318867, 0.398077]
[0.3022, 0.377462, -0.49916, 0.455639, 0.451998]
[0.504891, 0.191238, -0.498735, 0.361078, 0.386363]
[0.48809, 0.259453, -0.498652, 0.405489, 0.241515]
[0.666529, 0.338147, -0.498708, 0.321507, 0.098363]
[0.600861, 0.383195, -0.498596, 0.285484, 0.380317]
[0.383797, 0.192062, -0.498949, 0.428671, 0.03377]
[0.396583, 0.484657, -0.498701, 0.467106, 0.051233]
[0.632045, 0.188232, -0.498651, 0.385553, 0.499303]
[0.335971, 0.173829, -0.49852, 0.472711, 0.380606]
[0.411684, 0.470792, -0.499445, 0.442986, 0.098848]
[0.348119, 0.250315, -0.499778, 0.279067, 0.392838]
[0.318661, 0.141116, -0.499933, 0.311153, 0.406443]
[0.42588, 0.173248, -0.499186, 0.267458, 0.095814]
[0.379527, 0.119634, -0.49895, 0.274311, 0.303223]
[0.289724, 0.190846, -0.498798, 0.498407, 0.228812]
[0.643724, 0.427024, -0.498898, 0.397675, 0.486507]
[0.291005, 0.328146, -0.498415, 0.335686, 0.109511]
[0.56466, 0.193576, -0.499648, 0.461314, 0.07968]
[0.443381, 0.306382, -0.4989, 0.45172, 0.311918]
[0.289554, 0.464261, -0.499892, 0.261297, 0.312638]
[0.381313, 0.382002, -0.499, 0.379994, 0.407259]
[0.495575, 0.404559, -0.498951, 0.328642, 0.41926]
[0.506511, 0.241526, -0.49933, 0.33006, 0.368924]
[0.411542, 0.389276, -0.499524, 0.444664, 0.167821]
[0.395421, 0.436237, -0.499136, 0.295502, 0.266835]
[0.299888, 0.462753, -0.499034, 0.305217, 0.439126]
[0.386502, 0.416157, -0.499728, 0.238052, 0.380095]
[0.56524, 0.291878, -0.499819, 0.425177, 0.440733]
[0.352896, 0.266486, -0.498813, 0.328532, 0.226147]
[0.359226, 0.161658, -0.498698, 0.339954, 0.125368]
[0.305736, 0.332589, -0.499103, 0.287791, 0.429506]
[0.477002, 0.367378, -0.499039, 0.422534, 0.395741]
[0.671686, 0.297162, -0.498785, 0.309473, 0.461846]
[0.435181, 0.161822, -0.498765, 0.240414, 0.299014]
[0.47671, 0.432014, -0.499809, 0.437594, 0.14571]
[0.546166, 0.499375, -0.499116, 0.426872, 0.012698]
[0.606689, 0.498557, -0.499674, 0.418231, 0.181116]
[0.441731, 0.481341, -0.499356, 0.308447, 0.305606]
[0.586171, 0.196629, -0.499689, 0.370728, 0.088239]
[0.675534, 0.12357, -0.499121, 0.43669, 0.422833]
[0.290353, 0.285197, -0.499441, 0.237566, 0.031038]
[0.58924, 0.318075, -0.499917, 0.305915, 0.308224]
[0.461507, 0.135176, -0.499004, 0.313779, 0.175118]
[0.2717, 0.216866, -0.499082, 0.443134, 0.198619]
[0.647048, 0.436155, -0.498588, 0.462392, 0.250316]
[0.633861, 0.315722, -0.498861, 0.367993, 0.106298]
[0.663083, 0.461952, -0.499041, 0.246625, 0.410977]
[0.576014, 0.439625, -0.499362, 0.415769, 0.229087]
[0.510802, 0.224981, -0.49908, 0.322035, 0.016814]
[0.471024, 0.182764, -0.49901, 0.411027, 0.29178]
[0.399825, 0.265142, -0.499437, 0.282623, 0.18857]
[0.673678, 0.157783, -0.499619, 0.461259, 0.01696]
[0.521267, 0.21902, -0.498786, 0.338566, 0.467803]
[0.457782, 0.148069, -0.499974, 0.407635, 0.246878]
[0.492965, 0.276914, -0.499924, 0.293376, 0.377311]
[0.43191, 0.174459, -0.499862, 0.381538, 0.125515]
[0.472443, 0.258383, -0.499377, 0.23235, 0.01636]
[0.361586, 0.242623, -0.498452, 0.482078, 0.028746]
[0.278621, 0.489979, -0.49938, 0.265916, 0.37895]
[0.545471, 0.133729, -0.499575, 0.42305, 0.268574]
[0.280435, 0.335913, -0.499722, 0.272031, 0.40202]
[0.366726, 0.231303, -0.499981, 0.421998, 0.312042]
[0.402572, 0.341284, -0.498918, 0.497395, 0.27173]
[0.404936, 0.409006, -0.499919, 0.485399, 0.296273]
[0.596341, 0.354484, -0.498986, 0.2557, 0.106649]
[0.282709, 0.400084, -0.498766, 0.32373, 0.2452]
[0.52969, 0.449142, -0.4985, 0.324889, 0.194636]
[0.358127, 0.215839, -0.499873, 0.279951, 0.479185]
[0.623767, 0.113798, -0.499048, 0.332067, 0.216258]
[0.630859, 0.268942, -0.499765, 0.399879, 0.109421]
[0.671849, 0.149737, -0.499038, 0.360753, 0.377072]
[0.489339, 0.170118, -0.49974, 0.484891, 0.091695]
[0.586866, 0.146731, -0.498543, 0.353459, 0.131549]
[0.641404, 0.211472, -0.499264, 0.438174, 0.0147]
[0.348331, 0.247029, -0.499648, 0.439924, 0.448003]
[0.559766, 0.226679, -0.499581, 0.381662, 0.004338]
[0.488603, 0.486374, -0.499275, 0.247355, 0.131586]
[0.541441, 0.147077, -0.499647, 0.295856, 0.484727]
[0.477989, 0.488139, -0.499084, 0.303835, 0.227173]
[0.38877, 0.261689, -0.498614, 0.412299, 0.399556]
[0.504877, 0.34679, -0.499143, 0.24914, 0.454007]
[0.557151, 0.265524, -0.499279, 0.4766, 0.45721]
[0.4165, 0.274742, -0.498693, 0.304511, 0.003673]
[0.616321, 0.364821, -0.498517, 0.393042, 0.07822]
[0.353598, 0.195803, -0.498481, 0.406214, 0.411874]
[0.274675, 0.113008, -0.49845, 0.272008, 0.334886]
[0.381888, 0.361278, -0.499026, 0.455008, 0.160404]
[0.553447, 0.259156, -0.498859, 0.238888, 0.355711]
[0.651051, 0.335407, -0.498596, 0.377329, 0.414405]
[0.44702, 0.113455, -0.498858, 0.22966, 0.194471]
[0.553333, 0.451913, -0.498976, 0.264044, 0.007834]
[0.584974, 0.320107, -0.498409, 0.347541, 0.205561]
[0.61193, 0.251704, -0.498567, 0.334719, 0.182644]
[0.330459, 0.284057, -0.498737, 0.23286, 0.079743]
[0.564983, 0.316283, -0.499978, 0.355739, 0.271786]
[0.591158, 0.257373, -0.499632, 0.270863, 0.042998]
[0.31282, 0.171948, -0.49963, 0.289808, 0.459495]
[0.590585, 0.266531, -0.499596, 0.380837, 0.389287]
[0.497422, 0.450566, -0.498665, 0.359797, 0.039546]
[0.341709, 0.263223, -0.498996, 0.302481, 0.49267]
[0.475797, 0.375177, -0.499375, 0.318849, 0.159185]
[0.668329, 0.275419, -0.499515, 0.455869, 0.125263]
[0.527823, 0.143468, -0.498708, 0.320036, 0.144882]
[0.437381, 0.355419, -0.498499, 0.303759, 0.157512]
[0.489097, 0.115978, -0.499581, 0.249876, 0.398268]
[0.660985, 0.257563, -0.499632, 0.38536, 0.020559]
[0.53366, 0.387532, -0.498461, 0.352694, 0.112123]
[0.299633, 0.178375, -0.499881, 0.426104, 0.381852]
[0.471479, 0.431802, -0.499581, 0.236084, 0.144151]
[0.366615, 0.458589, -0.499071, 0.394461, 0.351556]
[0.386914, 0.231015, -0.499835, 0.245308, 0.435474]
[0.372084, 0.201384, -0.499389, 0.329343, 0.268838]
[0.42406, 0.319312, -0.499329, 0.42172, 0.484704]
[0.569936, 0.373768, -0.499566, 0.456614, 0.476846]
[0.522112, 0.176684, -0.499285, 0.48871, 0.411112]
[0.469352, 0.307216, -0.499446, 0.33026, 0.026228]
[0.462752, 0.409766, -0.498828, 0.292187, 0.486219]
[0.606181, 0.328493, -0.499246, 0.384352, 0.317657]
[0.504248, 0.212623, -0.499178, 0.234148, 0.383677]
[0.526879, 0.224476, -0.498814, 0.485311, 0.100235]
[0.464155, 0.163502, -0.498979, 0.27571, 0.241534]
[0.451674, 0.11227, -0.49967, 0.379214, 0.133635]
[0.592358, 0.390606, -0.499097, 0.325786, 0.044188]
[0.366271, 0.200656, -0.499779, 0.324881, 0.406296]
[0.312971, 0.292975, -0.498699, 0.440678, 0.442564]
[0.572374, 0.176616, -0.498967, 0.341085, 0.21734]
[0.544556, 0.13866, -0.499673, 0.265279, 0.047051]
[0.460296, 0.16942, -0.499726, 0.295792, 0.214447]
[0.56039, 0.2139, -0.499268, 0.450962, 0.006782]
[0.546857, 0.343025, -0.49899, 0.393765, 0.042387]
[0.644066, 0.436032, -0.498839, 0.255601, 0.419642]
[0.567098, 0.427826, -0.499992, 0.495702, 0.098637]
[0.48627, 0.219254, -0.499479, 0.450212, 0.193162]
[0.340125, 0.288117, -0.498687, 0.40037, 0.424333]
[0.632968, 0.282982, -0.499598, 0.457027, 0.383393]
[0.447106, 0.423467, -0.49882, 0.330161, 0.219698]
[0.630199, 0.220324, -0.499929, 0.248021, 0.473028]
[0.371242, 0.249175, -0.499914, 0.440768, 0.362318]
[0.497669, 0.437272, -0.499142, 0.320161, 0.164806]
[0.605214, 0.28111, -0.498794, 0.360283, 0.476014]
[0.382689, 0.386337, -0.49906, 0.397315, 0.389205]
[0.676754, 0.447725, -0.499847, 0.399042, 0.318266]
[0.579306, 0.240151, -0.499808, 0.304446, 0.250493]
[0.56289, 0.293649, -0.499312, 0.2488, 0.28571]
[0.59301, 0.217434, -0.499152, 0.305299, 0.133212]
[0.642659, 0.446097, -0.499371, 0.317412, 0.154103]
[0.632583, 0.400915, -0.498743, 0.383866, 0.424478]
[0.622232, 0.318439, -0.499876, 0.406663, 0.3676]
[0.556219, 0.209674, -0.499189, 0.456329, 0.212075]
[0.46792, 0.458484, -0.499531, 0.370452, 0.294158]
[0.427227, 0.235868, -0.499063, 0.455988, 0.230818]
[0.610618, 0.262613, -0.49927, 0.310258, 0.141316]
[0.282103, 0.211789, -0.499376, 0.297255, 0.350604]
[0.338579, 0.265749, -0.499528, 0.346189, 0.377585]
[0.590655, 0.416085, -0.499008, 0.365841, 0.42929]
[0.340641, 0.466742, -0.499288, 0.397476, 0.365728]
[0.434747, 0.235494, -0.499068, 0.239336, 0.397675]
[0.662403, 0.157717, -0.498935, 0.292177, 0.012522]
[0.506342, 0.331072, -0.498456, 0.335999, 0.200124]
[0.414337, 0.416503, -0.498569, 0.359235, 0.255469]
[0.657397, 0.263862, -0.499446, 0.279054, 0.397615]
[0.390794, 0.469946, -0.499311, 0.492156, 0.076886]
[0.647147, 0.404263, -0.499853, 0.352957, 0.211651]
[0.442878, 0.228009, -0.498962, 0.41699, 0.139503]
[0.372452, 0.356488, -0.498429, 0.255732, 0.110938]
[0.349811, 0.142285, -0.49987, 0.454262, 0.076135]
[0.509751, 0.473319, -0.499628, 0.32579, 0.449898]
[0.431015, 0.478409, -0.499587, 0.304218, 0.307395]
[0.498615, 0.384043, -0.498869, 0.22875, 0.157626]
[0.589323, 0.498444, -0.499837, 0.245131, 0.261909]
[0.546457, 0.141936, -0.499773, 0.296606, 0.273742]
[0.666082, 0.131374, -0.49926, 0.351001, 0.312461]
[0.479377, 0.466312, -0.49958, 0.339189, 0.099454]
[0.57888, 0.430124, -0.498685, 0.227397, 0.445265]
[0.598211, 0.271911, -0.498676, 0.241614, 0.218474]
[0.336653, 0.430439, -0.498919, 0.378752, 0.297849]
[0.362909, 0.262044, -0.499954, 0.38172, 0.445544]
[0.307135, 0.170221, -0.4992, 0.340628, 0.38016]
[0.48008, 0.423965, -0.499984, 0.420511, 0.374637]
[0.436337, 0.32901, -0.499762, 0.396942, 0.109739]
[0.359763, 0.448749, -0.499043, 0.3162, 0.155059]
[0.398882, 0.152619, -0.499979, 0.265871, 0.267786]
[0.476661, 0.364339, -0.498806, 0.32852, 0.276093]
[0.64249, 0.363096, -0.498854, 0.483075, 0.438282]
[0.278947, 0.358027, -0.498977, 0.293245, 0.243831]
[0.473862, 0.159595, -0.499113, 0.297627, 0.255538]
[0.616437, 0.283052, -0.499943, 0.251774, 0.037264]
[0.326633, 0.273814, -0.499431, 0.406267, 0.052911]
[0.278262, 0.379803, -0.498651, 0.484497, 0.100331]
[0.456408, 0.134143, -0.499225, 0.377503, 0.390847]
[0.659463, 0.252976, -0.498735, 0.255245, 0.452366]
[0.598914, 0.166188, -0.499015, 0.31728, 0.265487]
[0.431255, 0.334319, -0.499312, 0.303556, 0.435343]
[0.604144, 0.388723, -0.499899, 0.336521, 0.309797]
[0.28076, 0.251715, -0.499583, 0.277883, 0.489318]
[0.516477, 0.3149, -0.498973, 0.30652, 0.180233]
[0.465617, 0.467788, -0.499897, 0.325427, 0.121041]
[0.466299, 0.427851, -0.499545, 0.308255, 0.494768]
[0.345722, 0.455847, -0.499084, 0.285964, 0.127949]
[0.678898, 0.425816, -0.498427, 0.475288, 0.306536]
[0.558858, 0.145888, -0.498803, 0.423523, 0.366792]
[0.349455, 0.409472, -0.499495, 0.479999, 0.272045]
[0.431222, 0.198261, -0.499628, 0.460332, 0.09395]
[0.596824, 0.350391, -0.498728, 0.298727, 0.104599]
[0.588415, 0.312564, -0.499795, 0.400828, 0.326432]
[0.339955, 0.167665, -0.499872, 0.305445, 0.000463]
[0.403246, 0.360119, -0.499887, 0.312669, 0.327071]
[0.678349, 0.470827, -0.499344, 0.335174, 0.254257]
[0.61818, 0.273629, -0.499501, 0.444207, 0.330338]
[0.28756, 0.326443, -0.499337, 0.462233, 0.445086]
[0.401497, 0.135729, -0.498898, 0.342234, 0.364804]
[0.476733, 0.31021, -0.499648, 0.342943, 0.308043]
[0.536933, 0.421638, -0.499482, 0.460341, 0.418257]
[0.644214, 0.306958, -0.499694, 0.24942, 0.011663]
[0.578079, 0.263331, -0.498549, 0.239187, 0.425211]
[0.317567, 0.148918, -0.498952, 0.431688, 0.056065]
[0.444884, 0.33326, -0.499896, 0.419556, 0.437202]
[0.483635, 0.408454, -0.498796, 0.401761, 0.477032]
[0.337876, 0.194751, -0.499399, 0.409024, 0.070705]
[0.570566, 0.337033, -0.499642, 0.398309, 0.398857]
[0.325136, 0.205572, -0.498941, 0.271173, 0.123763]
[0.288066, 0.404363, -0.499727, 0.477514, 0.069287]
[0.530092, 0.276113, -0.499526, 0.250813, 0.49738]
[0.599483, 0.355175, -0.498409, 0.428699, 0.383651]
[0.642004, 0.195696, -0.499002, 0.292642, 0.326416]
[0.313855, 0.163715, -0.498934, 0.369298, 0.228646]
[0.665971, 0.399493, -0.499074, 0.356834, 0.344045]
[0.574993, 0.418548, -0.499867, 0.296723, 0.416878]
[0.270048, 0.254094, -0.499513, 0.490999, 0.353354]
[0.481763, 0.383906, -0.498757, 0.319084, 0.387249]
[0.562936, 0.116752, -0.498648, 0.3806, 0.136793]
[0.398534, 0.14818, -0.499273, 0.241921, 0.065852]
[0.457709, 0.392711, -0.499524, 0.473448, 0.374365]
[0.347766, 0.442882, -0.49994, 0.323801, 0.354839]
[0.497347, 0.487858, -0.499097, 0.449541, 0.491175]
[0.632449, 0.210541, -0.499119, 0.36799, 0.010571]
[0.274018, 0.124694, -0.499722, 0.302037, 0.239086]
[0.393548, 0.294549, -0.498441, 0.230929, 0.399096]
[0.28968, 0.317793, -0.499207, 0.299921, 0.486589]
[0.61716, 0.44901, -0.498795, 0.447757, 0.006482]
[0.598218, 0.458288, -0.49873, 0.492168, 0.257265]
[0.37755, 0.421064, -0.499377, 0.450182, 0.179631]
[0.468941, 0.411088, -0.499351, 0.286528, 0.276189]
[0.607175, 0.444914, -0.499252, 0.244656, 0.37224]
[0.358467, 0.487579, -0.498602, 0.351013, 0.030345]
[0.346015, 0.478098, -0.499607, 0.347973, 0.409554]
[0.434848, 0.437165, -0.498476, 0.371068, 0.059647]
[0.46876, 0.314797, -0.498635, 0.235944, 0.220128]
[0.278479, 0.425646, -0.499098, 0.337006, 0.047538]
[0.674895, 0.354532, -0.498874, 0.416235, 0.029311]
[0.438563, 0.399145, -0.49952, 0.294942, 0.086972]
[0.351709, 0.345299, -0.499318, 0.287154, 0.14529]
[0.377639, 0.276119, -0.498851, 0.477177, 0.054569]
[0.473112, 0.404054, -0.499277, 0.416613, 0.394836]
[0.6742, 0.254944, -0.498758, 0.401484, 0.110648]
[0.329459, 0.165299, -0.499812, 0.311596, 0.306527]
[0.346581, 0.345866, -0.49891, 0.374064, 0.1014]
[0.583451, 0.385816, -0.498743, 0.327238, 0.417654]
[0.304467, 0.495827, -0.498792, 0.358954, 0.211493]
[0.38138, 0.120292, -0.499268, 0.332673, 0.412617]
[0.539942, 0.196606, -0.498549, 0.459928, 0.047673]
[0.543513, 0.443243, -0.498721, 0.340114, 0.383518]
[0.430195, 0.159992, -0.49928, 0.387458, 0.391717]
[0.677964, 0.306624, -0.498912, 0.394247, 0.008434]
[0.402865, 0.462827, -0.499865, 0.42648, 0.14648]
[0.642333, 0.362089, -0.499245, 0.294872, 0.181706]
[0.546798, 0.409619, -0.499961, 0.247189, 0.153995]
[0.448347, 0.189308, -0.498474, 0.239212, 0.263418]
[0.344327, 0.39604, -0.49922, 0.452556, 0.429567]
[0.494185, 0.340844, -0.499662, 0.331137, 0.1113]
[0.426597, 0.111775, -0.499273, 0.489363, 0.011417]
[0.511687, 0.478923, -0.498964, 0.379125, 0.236759]
[0.535043, 0.466623, -0.499143, 0.402481, 0.060511]
[0.402134, 0.43643, -0.498556, 0.303944, 0.341629]
[0.542352, 0.186972, -0.499149, 0.411197, 0.008255]
[0.356534, 0.431591, -0.499062, 0.479356, 0.207242]
[0.314635, 0.468842, -0.499941, 0.413786, 0.022745]
[0.647748, 0.312296, -0.498431, 0.40816, 0.163496]
[0.509105, 0.211844, -0.499434, 0.398702, 0.370576]
[0.474424, 0.162728, -0.499239, 0.369554, 0.362954]
[0.368901, 0.446264, -0.499435, 0.464983, 0.292571]
[0.32064, 0.141219, -0.49896, 0.477433, 0.143736]
[0.317024, 0.369829, -0.498643, 0.276956, 0.485552]
[0.473846, 0.282364, -0.498803, 0.432688, 0.477648]
[0.271241, 0.277995, -0.498549, 0.35265, 0.032725]
[0.495053, 0.191697, -0.499449, 0.388871, 0.040912]
[0.334364, 0.123873, -0.499873, 0.423893, 0.254013]
[0.467233, 0.462237, -0.499172, 0.452189, 0.257293]
[0.547349, 0.307476, -0.49868, 0.291589, 0.32415]
[0.280031, 0.472266, -0.498859, 0.358159, 0.288859]
[0.349078, 0.402696, -0.498899, 0.405035, 0.166455]
[0.380662, 0.428272, -0.499728, 0.364223, 0.277119]
[0.625523, 0.449561, -0.498669, 0.374173, 0.475642]
[0.492604, 0.256635, -0.499668, 0.340659, 0.392561]
[0.669548, 0.154097, -0.499948, 0.269739, 0.061089]
[0.273194, 0.139056, -0.498635, 0.240044, 0.425799]
[0.519707, 0.443422, -0.498575, 0.44902, 0.163796]
[0.590091, 0.199388, -0.499574, 0.256597, 0.273108]
[0.523147, 0.244806, -0.498951, 0.478025, 0.189342]
[0.457068, 0.194833, -0.499439, 0.353156, 0.328347]
[0.404548, 0.476802, -0.499606, 0.290548, 0.335861]
[0.370954, 0.367891, -0.498879, 0.370045, 0.086999]
[0.366913, 0.490037, -0.499456, 0.435152, 0.283503]
[0.660874, 0.362642, -0.499486, 0.282837, 0.225765]
[0.416509, 0.264693, -0.499421, 0.331814, 0.048453]
[0.557546, 0.272058, -0.499227, 0.321167, 0.240465]
[0.421535, 0.335729, -0.499009, 0.289274, 0.299739]
[0.411849, 0.192195, -0.498729, 0.463954, 0.234091]
[0.628261, 0.318513, -0.498563, 0.323874, 0.214486]
[0.47556, 0.426673, -0.499039, 0.317151, 0.492872]
[0.572262, 0.169154, -0.499588, 0.26742, 0.027997]
[0.559358, 0.386869, -0.498623, 0.467402, 0.256789]
[0.274377, 0.497377, -0.499629, 0.245865, 0.052401]
[0.516948, 0.498774, -0.498971, 0.273304, 0.177601]
[0.285568, 0.276857, -0.499513, 0.340637, 0.318064]
[0.514401, 0.281353, -0.499727, 0.242618, 0.256798]
[0.60732, 0.467601, -0.49906, 0.447078, 0.484917]
[0.43664, 0.144859, -0.498498, 0.306826, 0.402659]
[0.593676, 0.148424, -0.499902, 0.454948, 0.365825]
[0.436557, 0.427148, -0.49851, 0.407009, 0.110445]
[0.312652, 0.173156, -0.499588, 0.324632, 0.265217]
[0.522748, 0.225745, -0.498437, 0.404867, 0.473608]
[0.461969, 0.184379, -0.498413, 0.352649, 0.230666]
[0.587334, 0.312415, -0.498754, 0.331882, 0.49595]
[0.529585, 0.272156, -0.49884, 0.428388, 0.425063]
[0.312694, 0.298546, -0.499066, 0.331516, 0.213746]
[0.664567, 0.257803, -0.498724, 0.267558, 0.130285]
[0.291731, 0.353235, -0.499196, 0.415492, 0.17918]
[0.561278, 0.315205, -0.499552, 0.369973, 0.136583]
[0.331426, 0.166562, -0.499264, 0.365061, 0.20145]
[0.333035, 0.275681, -0.498912, 0.451715, 0.198001]
[0.559319, 0.348836, -0.498943, 0.321189, 0.291518]
[0.395285, 0.4081, -0.498758, 0.394532, 0.185994]
[0.274162, 0.136071, -0.498483, 0.30068, 0.385492]
[0.382704, 0.466238, -0.499659, 0.468639, 0.339881]
[0.653625, 0.350886, -0.499152, 0.483045, 0.201381]
[0.599964, 0.430195, -0.498658, 0.321659, 0.243159]
[0.404429, 0.427506, -0.499807, 0.277973, 0.194458]
[0.328183, 0.206965, -0.49883, 0.288691, 0.423455]
[0.590092, 0.191745, -0.499346, 0.30664, 0.051777]
[0.428093, 0.45474, -0.499399, 0.280834, 0.353402]
[0.376142, 0.337454, -0.498956, 0.240263, 0.490427]
[0.613526, 0.300721, -0.499424, 0.383962, 0.355444]
[0.410583, 0.1394, -0.498821, 0.285669, 0.26423]
[0.594424, 0.335562, -0.498415, 0.410729, 0.068397]
[0.397276, 0.31762, -0.498833, 0.25943, 0.249166]
[0.496214, 0.479813, -0.498466, 0.262897, 0.326605]
[0.5466, 0.476085, -0.499419, 0.263615, 0.19555]
[0.450508, 0.372742, -0.498718, 0.446388, 0.26813]
[0.619724, 0.423631, -0.499579, 0.338034, 0.120012]
[0.582265, 0.406452, -0.498587, 0.412027, 0.19306]
[0.355833, 0.432976, -0.499116, 0.306262, 0.380783]
[0.336328, 0.34225, -0.499986, 0.338868, 0.250621]
[0.447411, 0.187752, -0.499768, 0.352506, 0.422574]
[0.595425, 0.134297, -0.49848, 0.47809, 0.278174]
[0.339463, 0.382972, -0.498784, 0.282423, 0.162146]
[0.43562, 0.235172, -0.498764, 0.336383, 0.126623]
[0.51326, 0.44016, -0.498446, 0.237861, 0.321987]
[0.517439, 0.495959, -0.498987, 0.460387, 0.408262]
[0.677404, 0.433338, -0.499593, 0.287207, 0.32476]
[0.366761, 0.233754, -0.498444, 0.299073, 0.111794]
[0.642279, 0.472708, -0.499634, 0.294305, 0.082676]
[0.399175, 0.447287, -0.499281, 0.430185, 0.249146]
[0.294904, 0.364864, -0.499366, 0.332467, 0.258677]
[0.341892, 0.353362, -0.499365, 0.32222, 0.291122]
[0.342182, 0.344581, -0.498581, 0.333104, 0.264273]
[0.404677, 0.115454, -0.498421, 0.467479, 0.192067]
[0.558326, 0.499803, -0.499981, 0.494284, 0.180676]
[0.286046, 0.285503, -0.498764, 0.319772, 0.235259]
[0.425279, 0.300909, -0.499994, 0.419726, 0.085008]
[0.313417, 0.478776, -0.499634, 0.329524, 0.184222]
[0.388486, 0.232928, -0.499412, 0.347029, 0.060827]
[0.592876, 0.338123, -0.498528, 0.282699, 0.111514]
[0.471941, 0.180347, -0.498853, 0.446265, 0.172616]
[0.409015, 0.137144, -0.498527, 0.431873, 0.040606]
[0.341439, 0.472324, -0.49841, 0.242208, 0.06373]
[0.292518, 0.281055, -0.499989, 0.377527, 0.252498]
[0.399882, 0.20424, -0.498746, 0.381349, 0.155043]
[0.319256, 0.333723, -0.499652, 0.283526, 0.137603]
[0.374312, 0.405933, -0.499724, 0.239106, 0.095074]
[0.611875, 0.331814, -0.499606, 0.339617, 0.258965]
[0.644653, 0.478107, -0.499984, 0.271472, 0.407229]
[0.51591, 0.349681, -0.498442, 0.319759, 0.096193]
[0.44826, 0.202531, -0.499778, 0.391805, 0.045493]
[0.332256, 0.34146, -0.499828, 0.497902, 0.061824]
[0.475967, 0.144398, -0.499711, 0.319157, 0.419744]
[0.481703, 0.255611, -0.498925, 0.262512, 0.360712]
[0.48099, 0.480284, -0.498873, 0.228143, 0.435846]
[0.49057, 0.299469, -0.498609, 0.319107, 0.106522]
[0.359473, 0.352573, -0.498821, 0.344118, 0.29183]
[0.292256, 0.324501, -0.499604, 0.244637, 0.342499]
[0.439329, 0.118128, -0.498463, 0.369116, 0.071484]
[0.599943, 0.149246, -0.499625, 0.378502, 0.344426]
[0.671764, 0.430174, -0.499843, 0.375918, 0.014938]
[0.381593, 0.360046, -0.49999, 0.49539, 0.243808]
[0.315866, 0.15761, -0.499096, 0.482621, 0.120098]
[0.381583, 0.435618, -0.498953, 0.455839, 0.18533]
[0.594851, 0.446222, -0.499295, 0.271698, 0.025702]
[0.47413, 0.167113, -0.499488, 0.392838, 0.173094]
[0.630525, 0.205028, -0.499702, 0.326378, 0.170155]
[0.337218, 0.362893, -0.499507, 0.257593, 0.323679]
[0.482063, 0.167478, -0.499384, 0.475665, 0.274252]
[0.345295, 0.363767, -0.499848, 0.377981, 0.021463]
[0.429696, 0.429448, -0.498767, 0.359853, 0.08175]
[0.354554, 0.214506, -0.499481, 0.311298, 0.229129]
[0.566525, 0.130889, -0.499445, 0.261805, 0.299678]
[0.459736, 0.252614, -0.499309, 0.274956, 0.450704]
[0.303665, 0.134461, -0.498844, 0.402799, 0.201642]
[0.649559, 0.456235, -0.498553, 0.307601, 0.197225]
[0.399411, 0.438157, -0.498952, 0.336458, 0.066714]
[0.282601, 0.213948, -0.499167, 0.371877, 0.035763]
[0.362682, 0.363563, -0.49998, 0.28131, 0.466634]
[0.638235, 0.486819, -0.499789, 0.303424, 0.250089]
[0.367944, 0.445293, -0.499759, 0.232422, 0.345153]
[0.492635, 0.267886, -0.499868, 0.343156, 0.064469]
[0.306875, 0.375081, -0.498863, 0.322214, 0.016113]
[0.310121, 0.195871, -0.498575, 0.457748, 0.052854]
[0.424068, 0.158289, -0.499106, 0.42827, 0.207014]
[0.426372, 0.349972, -0.499413, 0.360949, 0.461702]
[0.299792, 0.261369, -0.499604, 0.410162, 0.034962]
[0.311885, 0.318605, -0.499489, 0.404861, 0.300821]
[0.638225, 0.202659, -0.499913, 0.434729, 0.18168]
[0.395046, 0.201494, -0.498733, 0.270474, 0.044275]
[0.281146, 0.406507, -0.49865, 0.355641, 0.274797]
[0.496242, 0.135606, -0.499747, 0.458945, 0.058912]
[0.476221, 0.421672, -0.499779, 0.286291, 0.347287]
[0.522445, 0.345988, -0.498431, 0.473648, 0.353379]
[0.510967, 0.358699, -0.49928, 0.464881, 0.095385]
[0.431627, 0.247656, -0.499469, 0.390861, 0.488175]
[0.299371, 0.417694, -0.498694, 0.42328, 0.3084]
[0.567707, 0.484159, -0.498812, 0.31201, 0.279996]
[0.651788, 0.468547, -0.498606, 0.273852, 0.347548]
[0.418521, 0.470416, -0.49961, 0.274934, 0.346771]
[0.465987, 0.278392, -0.498572, 0.463269, 0.030267]
[0.443145, 0.431185, -0.498576, 0.325909, 0.158283]
[0.274343, 0.185169, -0.498511, 0.486301, 0.377543]
[0.475073, 0.150715, -0.498545, 0.481863, 0.129768]
[0.276145, 0.326407, -0.498495, 0.253641, 0.141903]
[0.631061, 0.38169, -0.498707, 0.322231, 0.452642]
[0.619967, 0.443501, -0.499366, 0.268454, 0.222299]
[0.538249, 0.138623, -0.498683, 0.281459, 0.383304]
[0.285632, 0.262455, -0.499427, 0.402425, 0.256395]
[0.299256, 0.405087, -0.499718, 0.271704, 0.040317]
[0.390462, 0.261982, -0.499868, 0.480124, 0.139759]
[0.626852, 0.483268, -0.499039, 0.40132, 0.298463]
[0.565704, 0.304225, -0.498785, 0.381796, 0.065679]
[0.606821, 0.11244, -0.499916, 0.313764, 0.163442]
[0.490643, 0.265756, -0.499045, 0.260669, 0.063487]
[0.421847, 0.303095, -0.498556, 0.454967, 0.150204]
[0.30408, 0.474789, -0.498564, 0.382594, 0.383844]
[0.616378, 0.198237, -0.498996, 0.355047, 0.067013]
[0.408238, 0.137843, -0.499897, 0.447438, 0.47097]
[0.33384, 0.382304, -0.49957, 0.397176, 0.088846]
[0.56846, 0.131028, -0.499701, 0.372594, 0.206459]
[0.364676, 0.446735, -0.499361, 0.255535, 0.306577]
[0.500712, 0.265362, -0.498412, 0.259002, 0.254494]
[0.516916, 0.205464, -0.498651, 0.311501, 0.124204]
[0.411436, 0.355912, -0.499041, 0.260043, 0.323843]
[0.304968, 0.121885, -0.499246, 0.40525, 0.414973]
[0.598362, 0.398288, -0.499954, 0.259048, 0.37107]
[0.549476, 0.392285, -0.498971, 0.383357, 0.329819]
[0.579007, 0.218847, -0.49895, 0.482628, 0.449809]
[0.402228, 0.496752, -0.499024, 0.314111, 0.160381]
[0.312897, 0.138092, -0.499201, 0.371191, 0.188642]
[0.64825, 0.451555, -0.499695, 0.430414, 0.127822]
[0.602405, 0.440079, -0.498589, 0.439733, 0.457051]
[0.499424, 0.160852, -0.498468, 0.392653, 0.400775]
[0.473074, 0.43951, -0.499531, 0.249789, 0.11444]
[0.398053, 0.295269, -0.498525, 0.357597, 0.441793]
[0.378025, 0.219682, -0.499187, 0.330387, 0.424668]
[0.578313, 0.445032, -0.499016, 0.416098, 0.222963]
[0.619276, 0.444849, -0.499462, 0.435724, 0.301499]
[0.378344, 0.16276, -0.499267, 0.462188, 0.169098]
[0.539492, 0.475901, -0.499014, 0.488362, 0.13662]
[0.449849, 0.328145, -0.498421, 0.268265, 0.45094]
[0.311847, 0.224623, -0.498916, 0.432751, 0.227074]
[0.423768, 0.435925, -0.498856, 0.356942, 0.141971]
[0.637147, 0.295267, -0.499018, 0.376224, 0.24222]
[0.668677, 0.236169, -0.499032, 0.479243, 0.045852]
[0.454193, 0.325469, -0.498961, 0.48426, 0.309929]
[0.643137, 0.285574, -0.499122, 0.481453, 0.455147]
[0.290032, 0.195417, -0.499689, 0.311222, 0.279868]
[0.526721, 0.39419, -0.499282, 0.492458, 0.111397]
[0.668344, 0.301774, -0.49945, 0.362222, 0.104776]
[0.269536, 0.32034, -0.499466, 0.482004, 0.114867]
[0.617698, 0.185597, -0.498515, 0.243448, 0.318278]
[0.33181, 0.201243, -0.498607, 0.352101, 0.389047]
[0.335791, 0.322633, -0.499637, 0.288978, 0.140395]
[0.664744, 0.266353, -0.499051, 0.230914, 0.135642]
[0.313348, 0.491936, -0.498663, 0.338864, 0.221878]
[0.552089, 0.189552, -0.498896, 0.32237, 0.255268]
[0.541451, 0.492818, -0.498744, 0.461286, 0.20695]
[0.458046, 0.331087, -0.498979, 0.329087, 0.475829]
[0.648677, 0.458141, -0.498979, 0.486026, 0.375781]
[0.635639, 0.14046, -0.499, 0.32944, 0.368572]
[0.674669, 0.470183, -0.499524, 0.24125, 0.376563]
[0.442386, 0.112127, -0.499751, 0.273556, 0.022562]
[0.559524, 0.480448, -0.499305, 0.413792, 0.412396]
[0.576777, 0.286633, -0.498812, 0.407501, 0.184011]
[0.614075, 0.43859, -0.499195, 0.43427, 0.124249]
[0.355127, 0.128022, -0.499977, 0.405341, 0.469823]
[0.519636, 0.418012, -0.499817, 0.461115, 0.412707]
[0.287443, 0.14815, -0.499522, 0.339986, 0.101933]
[0.612529, 0.210742, -0.49943, 0.319738, 0.088]
[0.579139, 0.329115, -0.499591, 0.439717, 0.026168]
[0.533154, 0.256844, -0.499507, 0.397594, 0.490508]
[0.463166, 0.154124, -0.499613, 0.497591, 0.26246]
[0.318552, 0.362461, -0.499319, 0.365987, 0.44656]
[0.46009, 0.250505, -0.498966, 0.350478, 0.418933]
[0.33316, 0.141431, -0.498439, 0.289905, 0.47892]
[0.510401, 0.11743, -0.49853, 0.406652, 0.273262]
[0.499589, 0.279688, -0.499485, 0.228055, 0.260277]
[0.426251, 0.31585, -0.498662, 0.251475, 0.457382]
[0.561514, 0.131484, -0.49991, 0.289018, 0.228413]
[0.392059, 0.385647, -0.499768, 0.3388, 0.116321]
[0.577652, 0.289566, -0.498767, 0.36804, 0.13721]
[0.622383, 0.27109, -0.499781, 0.228406, 0.227384]
[0.422316, 0.14576, -0.499256, 0.378112, 0.050096]
[0.482842, 0.438633, -0.498547, 0.24562, 0.15924]
[0.525939, 0.265482, -0.498964, 0.365858, 0.068766]
[0.470011, 0.389118, -0.498756, 0.496902, 0.453031]
[0.633062, 0.284478, -0.499374, 0.485498, 0.27008]
[0.511452, 0.16699, -0.498497, 0.259387, 0.132187]
[0.269656, 0.423739, -0.499021, 0.411536, 0.40486]
[0.424481, 0.257255, -0.498548, 0.356811, 0.408459]
[0.520046, 0.118001, -0.498822, 0.360056, 0.038103]
[0.676662, 0.292316, -0.499615, 0.407002, 0.126369]
[0.402933, 0.463158, -0.499833, 0.457625, 0.292521]
[0.331329, 0.482382, -0.499016, 0.490072, 0.321501]
[0.439334, 0.166276, -0.498728, 0.261532, 0.418517]
[0.443459, 0.387366, -0.499972, 0.303876, 0.481569]
[0.602554, 0.242013, -0.499134, 0.399542, 0.317238]
[0.3924, 0.140646, -0.499494, 0.446825, 0.342575]
[0.373332, 0.3755, -0.498763, 0.316172, 0.408039]
[0.642597, 0.24889, -0.498864, 0.39921, 0.10035]
[0.47375, 0.440082, -0.499382, 0.399204, 0.045744]
[0.465401, 0.187961, -0.498939, 0.427758, 0.408151]
[0.541576, 0.253142, -0.498895, 0.432106, 0.352602]
[0.588086, 0.493985, -0.499873, 0.309798, 0.05905]
[0.6665, 0.384591, -0.499541, 0.440722, 0.291979]
[0.606235, 0.431008, -0.499368, 0.297587, 0.287301]
[0.273322, 0.353474, -0.498603, 0.264564, 0.282053]
[0.508947, 0.404755, -0.498598, 0.48279, 0.286446]
[0.592141, 0.216298, -0.498851, 0.39141, 0.187902]
[0.618031, 0.30606, -0.499072, 0.34969, 0.0581]
[0.471979, 0.229324, -0.498802, 0.307195, 0.354317]
[0.669818, 0.281199, -0.499581, 0.30996, 0.336244]
[0.59637, 0.274431, -0.499543, 0.232601, 0.043404]
[0.346328, 0.314458, -0.499831, 0.327835, 0.329532]
[0.4486, 0.354754, -0.499649, 0.461652, 0.324949]
[0.383717, 0.142937, -0.499972, 0.290584, 0.270308]
[0.41047, 0.164243, -0.499432, 0.48705, 0.431895]
[0.57393, 0.444592, -0.499583, 0.468396, 0.264083]
[0.620949, 0.193011, -0.499816, 0.339296, 0.440919]
[0.55972, 0.337827, -0.498673, 0.259939, 0.007194]
[0.374955, 0.117845, -0.498858, 0.49046, 0.464357]
[0.497043, 0.464095, -0.498739, 0.392913, 0.345727]
[0.563126, 0.380637, -0.498513, 0.239968, 0.445593]
[0.527629, 0.146289, -0.499293, 0.401185, 0.151137]
[0.610438, 0.296423, -0.498545, 0.39816, 0.473679]
[0.337717, 0.274148, -0.499748, 0.476225, 0.223902]
[0.606212, 0.233011, -0.499307, 0.263232, 0.443907]
[0.55853, 0.137849, -0.499751, 0.357534, 0.148389]
[0.277499, 0.448073, -0.499471, 0.458192, 0.179752]
[0.604262, 0.365389, -0.499787, 0.273487, 0.411903]
[0.461796, 0.226537, -0.499308, 0.255384, 0.263452]
[0.385105, 0.186007, -0.498445, 0.492533, 0.34876]
[0.642418, 0.465443, -0.499459, 0.356337, 0.419878]
[0.419482, 0.477143, -0.499888, 0.346228, 0.424257]
[0.326824, 0.204303, -0.499796, 0.286015, 0.466133]
[0.612293, 0.486217, -0.49906, 0.482691, 0.454428]
[0.63188, 0.419149, -0.498691, 0.284556, 0.303301]
[0.66627, 0.250949, -0.499693, 0.290794, 0.348426]
[0.544911, 0.427398, -0.499682, 0.404169, 0.155248]
[0.596413, 0.309257, -0.498868, 0.43151, 0.295791]
[0.419681, 0.183007, -0.499288, 0.283636, 0.328476]
[0.410932, 0.350485, -0.498697, 0.451491, 0.405897]
[0.581526, 0.158462, -0.499116, 0.386521, 0.243541]
[0.534395, 0.33301, -0.498707, 0.334716, 0.253512]
[0.525734, 0.389448, -0.49922, 0.271595, 0.041392]
[0.536394, 0.273628, -0.499346, 0.414855, 0.382451]
[0.291149, 0.449836, -0.498964, 0.258368, 0.253148]
[0.472188, 0.298758, -0.498938, 0.338553, 0.354101]
[0.322268, 0.183907, -0.499501, 0.273668, 0.287645]
[0.440653, 0.475734, -0.499595, 0.336794, 0.281863]
[0.601072, 0.136756, -0.49933, 0.413153, 0.357131]
[0.675491, 0.407275, -0.499173, 0.477717, 0.471312]
[0.666498, 0.254765, -0.499841, 0.426588, 0.20899]
[0.519691, 0.378793, -0.499202, 0.384179, 0.107848]
[0.635842, 0.387719, -0.499741, 0.229368, 0.090792]
[0.607016, 0.12557, -0.498735, 0.39099, 0.489368]
[0.472368, 0.385847, -0.498418, 0.484778, 0.061399]
[0.587837, 0.406599, -0.498756, 0.331611, 0.048314]
[0.3247, 0.264991, -0.499555, 0.294648, 0.292247]
[0.366569, 0.421516, -0.499171, 0.417948, 0.055499]
[0.415081, 0.448326, -0.498898, 0.441654, 0.142987]
[0.337653, 0.463808, -0.49953, 0.410726, 0.430351]
[0.320064, 0.490734, -0.49859, 0.40369, 0.41646]
[0.593011, 0.307612, -0.499284, 0.31499, 0.179145]
[0.612093, 0.273698, -0.499181, 0.283668, 0.431017]
[0.572515, 0.384335, -0.498418, 0.314902, 0.135753]
[0.642755, 0.118106, -0.49915, 0.473089, 0.243899]
[0.484455, 0.235132, -0.499622, 0.24109, 0.402032]
[0.404594, 0.463813, -0.499286, 0.464045, 0.278205]
[0.560331, 0.325017, -0.499723, 0.363586, 0.272846]
[0.533664, 0.121212, -0.499735, 0.487764, 0.273676]
[0.351447, 0.238409, -0.498438, 0.318367, 0.239284]
[0.589285, 0.360684, -0.499573, 0.285968, 0.002014]
[0.531588, 0.499134, -0.499614, 0.290844, 0.47198]
[0.441945, 0.395036, -0.499149, 0.430403, 0.391171]
[0.6158, 0.415513, -0.499441, 0.322275, 0.385054]
[0.277242, 0.492636, -0.498626, 0.499506, 0.043672]
[0.396383, 0.332742, -0.499797, 0.336408, 0.18379]
[0.359278, 0.244226, -0.49949, 0.428516, 0.447474]
[0.561601, 0.236056, -0.499055, 0.280498, 0.153092]
[0.601032, 0.476275, -0.499059, 0.261969, 0.004781]
[0.438547, 0.214928, -0.499416, 0.343292, 0.130992]
[0.421325, 0.203254, -0.49999, 0.488578, 0.458994]
[0.589592, 0.209413, -0.499021, 0.465281, 0.490757]
[0.554646, 0.208761, -0.498579, 0.242579, 0.30224]
[0.48149, 0.290896, -0.499746, 0.331871, 0.053763]
[0.449479, 0.352287, -0.498891, 0.352591, 0.02728]
[0.281075, 0.150968, -0.498543, 0.351076, 0.365017]
[0.41721, 0.416604, -0.498872, 0.461811, 0.33652]
[0.293086, 0.341656, -0.499497, 0.274596, 0.127647]
[0.277891, 0.325761, -0.498727, 0.43426, 0.33346]
[0.637633, 0.214575, -0.499801, 0.27211, 0.005716]
[0.492812, 0.159008, -0.499509, 0.383826, 0.139881]
[0.610478, 0.392218, -0.498648, 0.318864, 0.198727]
[0.581544, 0.165707, -0.499323, 0.44199, 0.167123]
[0.286021, 0.304649, -0.499001, 0.497841, 0.273241]
[0.289046, 0.274492, -0.498672, 0.468735, 0.102736]
[0.345475, 0.249455, -0.49918, 0.482603, 0.241616]
[0.65939, 0.175651, -0.499758, 0.305482, 0.083592]
[0.594682, 0.432488, -0.499444, 0.293584, 0.34622]
[0.546405, 0.299828, -0.499062, 0.362643, 0.281336]
[0.425378, 0.25037, -0.499878, 0.448076, 0.224365]
[0.299374, 0.115327, -0.499532, 0.39778, 0.480349]
[0.433816, 0.163129, -0.498537, 0.265149, 0.300822]
[0.29152, 0.371029, -0.499787, 0.34606, 0.095802]
[0.448369, 0.17979, -0.499352, 0.362286, 0.127625]
[0.568749, 0.203736, -0.499763, 0.272979, 0.349308]
[0.441143, 0.160067, -0.49932, 0.331111, 0.319579]
[0.271268, 0.369468, -0.498736, 0.265835, 0.301211]
[0.566472, 0.429999, -0.499342, 0.287979, 0.244818]
[0.418604, 0.271522, -0.499173, 0.388785, 0.19979]
[0.312516, 0.317794, -0.499857, 0.412324, 0.444468]
[0.302544, 0.420319, -0.499228, 0.338726, 0.13075]
[0.51392, 0.479866, -0.499865, 0.31207, 0.38838]
[0.376241, 0.285377, -0.499846, 0.290114, 0.060372]
[0.574212, 0.286147, -0.498414, 0.350726, 0.237212]
[0.577246, 0.239429, -0.499437, 0.475447, 0.44703]
[0.462905, 0.325855, -0.498587, 0.273956, 0.078256]
[0.280351, 0.426023, -0.498708, 0.425792, 0.200534]
[0.420324, 0.380609, -0.499026, 0.336559, 0.112454]
[0.441411, 0.373446, -0.499145, 0.451823, 0.078577]
[0.465599, 0.174113, -0.499487, 0.247235, 0.196587]
[0.350962, 0.366667, -0.499419, 0.328074, 0.150606]
[0.432634, 0.223347, -0.499496, 0.459851, 0.130072]
[0.653092, 0.265142, -0.498935, 0.433607, 0.422632]
[0.286739, 0.409552, -0.499259, 0.433578, 0.491954]
[0.404229, 0.461884, -0.499378, 0.27215, 0.440927]
[0.348491, 0.28842, -0.498906, 0.334323, 0.493775]
[0.414753, 0.409443, -0.499351, 0.438272, 0.079587]
[0.358944, 0.377056, -0.498504, 0.332891, 0.328247]
[0.438926, 0.419101, -0.498962, 0.254487, 0.346655]
[0.335822, 0.14053, -0.499026, 0.262975, 0.191241]
[0.364299, 0.452666, -0.499994, 0.227512, 0.463874]
[0.515072, 0.137768, -0.499999, 0.307505, 0.252592]
[0.64965, 0.328035, -0.498598, 0.419807, 0.453424]
[0.281335, 0.375184, -0.499991, 0.299416, 0.112845]
[0.322795, 0.402424, -0.499643, 0.279959, 0.431479]
[0.370239, 0.178721, -0.499996, 0.387294, 0.128155]
[0.6611, 0.122576, -0.499078, 0.476184, 0.210272]
[0.577372, 0.489831, -0.499921, 0.2671, 0.112672]
[0.368373, 0.131426, -0.498435, 0.2672, 0.319475]
[0.639551, 0.243491, -0.499986, 0.230292, 0.063927]
[0.487129, 0.223335, -0.499423, 0.250844, 0.101397]
[0.678946, 0.148649, -0.499646, 0.368808, 0.369117]
[0.377083, 0.233158, -0.499092, 0.48833, 0.450197]
[0.554444, 0.17207, -0.498707, 0.261267, 0.330216]
[0.349123, 0.240462, -0.499642, 0.41869, 0.170085]
[0.616619, 0.342995, -0.498969, 0.415903, 0.006031]
[0.34123, 0.142925, -0.498422, 0.492146, 0.013912]
[0.677726, 0.442256, -0.498742, 0.342582, 0.268131]
[0.471749, 0.45311, -0.498477, 0.337519, 0.491281]
[0.386005, 0.361905, -0.499321, 0.313689, 0.250049]
[0.421819, 0.496369, -0.499995, 0.469021, 0.206769]
[0.589313, 0.119371, -0.499372, 0.358636, 0.22779]
[0.344773, 0.423044, -0.499236, 0.235515, 0.394094]
[0.672062, 0.431318, -0.499362, 0.245663, 0.447034]
[0.472944, 0.428462, -0.498567, 0.287668, 0.290808]
[0.349661, 0.413327, -0.49963, 0.320569, 0.165895]
[0.621377, 0.159935, -0.498678, 0.468997, 0.133085]
[0.420453, 0.485014, -0.499868, 0.289596, 0.429042]
[0.493622, 0.216349, -0.499734, 0.237391, 0.46871]
[0.367231, 0.391861, -0.498816, 0.400422, 0.03332]
[0.505665, 0.20803, -0.499344, 0.308735, 0.109053]
[0.545667, 0.209793, -0.499779, 0.234016, 0.265155]
[0.300407, 0.47644, -0.499143, 0.230985, 0.180137]
[0.631957, 0.278435, -0.499719, 0.324816, 0.055503]
[0.492588, 0.363578, -0.499429, 0.246289, 0.375199]
[0.460533, 0.248735, -0.499062, 0.407028, 0.243162]
[0.51874, 0.450911, -0.49937, 0.279938, 0.481746]
[0.385773, 0.483143, -0.49941, 0.421101, 0.373535]
[0.599096, 0.194, -0.498533, 0.329835, 0.107852]
[0.302448, 0.439329, -0.499823, 0.36573, 0.40424]
[0.374815, 0.449734, -0.498609, 0.25491, 0.082378]
[0.617145, 0.355369, -0.499911, 0.449833, 0.138075]
[0.273675, 0.393263, -0.498566, 0.280273, 0.028605]
[0.295225, 0.449761, -0.499557, 0.409717, 0.424035]
[0.365097, 0.396332, -0.499896, 0.494165, 0.034559]
[0.49908, 0.427643, -0.499501, 0.364434, 0.086203]
[0.287498, 0.221861, -0.49852, 0.451284, 0.251525]
[0.591722, 0.342573, -0.498804, 0.423797, 0.113369]
[0.661774, 0.26865, -0.498659, 0.495864, 0.283965]
[0.585185, 0.3514, -0.49951, 0.298424, 0.066966]
[0.460083, 0.441934, -0.498416, 0.355829, 0.045818]
[0.427399, 0.452789, -0.498459, 0.260132, 0.065165]
[0.315776, 0.44497, -0.499907, 0.419927, 0.175264]
[0.449283, 0.463917, -0.498854, 0.348041, 0.331881]
[0.290105, 0.251963, -0.49939, 0.369376, 0.174706]
[0.507572, 0.447434, -0.498898, 0.231731, 0.478187]
[0.28289, 0.44514, -0.499341, 0.453606, 0.206159]
[0.311182, 0.385305, -0.499824, 0.480255, 0.446134]
[0.302633, 0.264568, -0.498452, 0.261182, 0.415958]
[0.273381, 0.220943, -0.499869, 0.337578, 0.137573]
[0.467604, 0.210963, -0.498804, 0.43264, 0.459344]
[0.39242, 0.25976, -0.499138, 0.357938, 0.104481]
[0.508824, 0.185997, -0.499891, 0.236901, 0.467925]
[0.602432, 0.372633, -0.498799, 0.229989, 0.254666]
[0.440309, 0.229103, -0.498816, 0.278117, 0.333614]
[0.368551, 0.373903, -0.498476, 0.387188, 0.098162]
[0.492317, 0.215554, -0.498479, 0.433734, 0.127329]
[0.527712, 0.401229, -0.499257, 0.28556, 0.274599]
[0.519048, 0.390964, -0.499112, 0.335846, 0.427745]
[0.341546, 0.453866, -0.499245, 0.359552, 0.29153]
[0.444334, 0.467431, -0.498445, 0.280539, 0.466019]
[0.615042, 0.21377, -0.499198, 0.435885, 0.12804]
[0.466367, 0.31062, -0.499769, 0.319224, 0.00234]
[0.650461, 0.17873, -0.498996, 0.303657, 0.317183]
[0.353461, 0.489459, -0.498626, 0.243049, 0.310777]
[0.574048, 0.175032, -0.49916, 0.465393, 0.257948]
[0.531846, 0.124887, -0.498476, 0.374803, 0.234123]
[0.57527, 0.34147, -0.498455, 0.366011, 0.061901]
[0.296475, 0.364265, -0.49883, 0.40445, 0.2955]
[0.384193, 0.230524, -0.498975, 0.382196, 0.14169]
[0.469132, 0.491632, -0.49873, 0.328561, 0.041313]
[0.358797, 0.268906, -0.49984, 0.45083, 0.184671]
[0.352728, 0.222039, -0.499899, 0.442948, 0.440754]
[0.411501, 0.19633, -0.499586, 0.397941, 0.076507]
[0.557449, 0.373548, -0.4989, 0.386672, 0.308975]
[0.558275, 0.274559, -0.499045, 0.260986, 0.465718]
[0.652292, 0.269474, -0.498521, 0.266672, 0.106865]
[0.314545, 0.219311, -0.499447, 0.379928, 0.418975]
[0.29792, 0.458289, -0.498862, 0.486373, 0.399672]
[0.449915, 0.123809, -0.498582, 0.424681, 0.169926]
[0.344095, 0.216167, -0.499929, 0.451181, 0.11657]
[0.601775, 0.330508, -0.498434, 0.424271, 0.447224]
[0.401799, 0.366422, -0.499584, 0.274675, 0.342357]
[0.303907, 0.3156, -0.498795, 0.403097, 0.350693]
[0.48191, 0.430987, -0.498462, 0.322211, 0.12629]
[0.546365, 0.454822, -0.498681, 0.481387, 0.097839]
[0.420163, 0.384697, -0.49936, 0.284309, 0.225866]
[0.34738, 0.253524, -0.498628, 0.386481, 0.101521]
[0.364002, 0.403908, -0.498909, 0.232552, 0.428685]
[0.449417, 0.448702, -0.499734, 0.301797, 0.219424]
[0.428222, 0.269903, -0.499851, 0.327267, 0.05332]
[0.391281, 0.303202, -0.499487, 0.361288, 0.172382]
[0.606877, 0.450071, -0.498569, 0.332687, 0.26441]
[0.480103, 0.322177, -0.499704, 0.424832, 0.225981]
[0.440497, 0.20778, -0.499359, 0.450992, 0.244499]
[0.64684, 0.379443, -0.498863, 0.443726, 0.187867]
[0.642719, 0.153418, -0.499987, 0.25175, 0.104779]
[0.297236, 0.258882, -0.499163, 0.269915, 0.466985]
[0.608298, 0.225684, -0.499629, 0.366839, 0.261797]
[0.518691, 0.20705, -0.499391, 0.493032, 0.35508]
[0.325708, 0.436718, -0.498487, 0.443459, 0.080218]
[0.288304, 0.334275, -0.499734, 0.465978, 0.203858]
[0.637352, 0.137684, -0.498579, 0.306479, 0.065673]
[0.546095, 0.282624, -0.499956, 0.350462, 0.179131]
[0.379729, 0.415581, -0.498567, 0.261071, 0.185344]
[0.392387, 0.342032, -0.499898, 0.371137, 0.490394]
[0.279596, 0.32145, -0.498975, 0.347108, 0.411466]
[0.65134, 0.401515, -0.49846, 0.345813, 0.334046]
[0.572561, 0.381583, -0.498934, 0.46149, 0.105859]
[0.579243, 0.320594, -0.499967, 0.488966, 0.35395]
[0.288594, 0.291608, -0.499626, 0.461831, 0.156292]
[0.606126, 0.187296, -0.498894, 0.36963, 0.189173]
[0.519199, 0.24124, -0.499523, 0.231875, 0.332871]
[0.556297, 0.307042, -0.499146, 0.370307, 0.028542]
[0.660446, 0.445756, -0.498919, 0.236209, 0.274722]
[0.673572, 0.136448, -0.49938, 0.240539, 0.005954]
[0.382382, 0.201461, -0.499746, 0.331882, 0.198151]
[0.333334, 0.342808, -0.498779, 0.313782, 0.180116]
[0.583428, 0.383916, -0.499753, 0.42484, 0.160586]
[0.498676, 0.258017, -0.499787, 0.232003, 0.420992]
[0.598081, 0.268165, -0.499015, 0.294292, 0.4115]
[0.439363, 0.288943, -0.49957, 0.284777, 0.15585]
[0.359263, 0.363853, -0.498849, 0.229548, 0.388227]
[0.52195, 0.426214, -0.499901, 0.441704, 0.020872]
[0.364102, 0.370274, -0.49926, 0.466964, 0.246307]
[0.530589, 0.230497, -0.498942, 0.232043, 0.306922]
[0.541495, 0.113596, -0.498611, 0.460344, 0.335098]
[0.556611, 0.431365, -0.498717, 0.495603, 0.392003]
[0.317909, 0.259316, -0.499963, 0.306915, 0.18731]
[0.64816, 0.252846, -0.499594, 0.261335, 0.055924]
[0.664119, 0.414187, -0.499663, 0.382815, 0.374966]
[0.626224, 0.254791, -0.499445, 0.479144, 0.141631]
[0.548595, 0.349021, -0.498889, 0.340757, 0.359963]
[0.633184, 0.243671, -0.499351, 0.406103, 0.185024]
[0.500973, 0.4724, -0.499203, 0.422521, 0.126135]
[0.348734, 0.168991, -0.498422, 0.286391, 0.342531]
[0.466868, 0.162847, -0.499471, 0.399312, 0.477996]
[0.553115, 0.187848, -0.499052, 0.324366, 0.146446]
[0.449943, 0.236151, -0.499847, 0.336031, 0.055383]
[0.357252, 0.128818, -0.499858, 0.487832, 0.299462]
[0.419168, 0.326065, -0.49959, 0.394402, 0.465593]
[0.4581, 0.442636, -0.498847, 0.421646, 0.486462]
[0.663944, 0.268678, -0.498446, 0.474643, 0.316266]
[0.458438, 0.430564, -0.499412, 0.389595, 0.299861]
[0.564015, 0.431035, -0.49928, 0.494304, 0.277478]
[0.624096, 0.198844, -0.498462, 0.275534, 0.472492]
[0.405256, 0.281137, -0.498512, 0.436871, 0.206842]
[0.30201, 0.171658, -0.499893, 0.444614, 0.074166]
[0.561808, 0.430325, -0.499935, 0.415454, 0.095638]
[0.556494, 0.4784, -0.499445, 0.44803, 0.151474]
[0.518885, 0.224302, -0.498656, 0.260425, 0.20612]
[0.533137, 0.467408, -0.498913, 0.446306, 0.203822]
[0.280777, 0.177703, -0.49948, 0.44094, 0.26612]
[0.540965, 0.224787, -0.499301, 0.230438, 0.101822]
[0.29997, 0.395119, -0.499483, 0.418354, 0.056963]
[0.408621, 0.4375, -0.498569, 0.471199, 0.215732]
[0.57437, 0.452018, -0.499773, 0.496601, 0.136062]
[0.66473, 0.234026, -0.498618, 0.475478, 0.04075]
[0.410653, 0.407241, -0.49928, 0.452812, 0.132869]
[0.326019, 0.320364, -0.499879, 0.40036, 0.249518]
[0.424768, 0.439745, -0.499581, 0.354023, 0.045134]
[0.494711, 0.372213, -0.49872, 0.308607, 0.409158]
[0.631705, 0.227511, -0.49849, 0.362609, 0.120766]
[0.338682, 0.426819, -0.499947, 0.437024, 0.384352]
[0.470542, 0.126069, -0.498634, 0.255884, 0.199893]
[0.634351, 0.404685, -0.498616, 0.347511, 0.243593]
[0.65826, 0.394354, -0.499656, 0.302093, 0.378833]
[0.461312, 0.208559, -0.499593, 0.475908, 0.353266]
[0.431263, 0.233574, -0.499314, 0.245898, 0.171963]
[0.533426, 0.134787, -0.499516, 0.457538, 0.263511]
[0.602801, 0.467165, -0.499131, 0.264561, 0.141249]
[0.458241, 0.365828, -0.499224, 0.249186, 0.429584]
[0.522848, 0.172549, -0.499154, 0.312058, 0.347754]
[0.650997, 0.499553, -0.499496, 0.27098, 0.380022]
[0.59544, 0.175153, -0.499028, 0.244852, 0.359616]
[0.672381, 0.458776, -0.498688, 0.376604, 0.372411]
[0.433308, 0.434833, -0.49945, 0.385374, 0.2216]
[0.486988, 0.498132, -0.498532, 0.322945, 0.037625]
[0.661771, 0.124339, -0.499457, 0.398376, 0.028892]
[0.326045, 0.323172, -0.499078, 0.267976, 0.262407]
[0.30207, 0.364811, -0.499944, 0.365123, 0.263453]
[0.338359, 0.354985, -0.498579, 0.422348, 0.433719]
[0.571092, 0.452591, -0.499383, 0.26757, 0.257043]
[0.538154, 0.316046, -0.499121, 0.284881, 0.496743]
[0.440855, 0.117601, -0.499295, 0.265298, 0.016635]
[0.641164, 0.455513, -0.49879, 0.375626, 0.146346]
[0.51382, 0.412339, -0.499821, 0.304288, 0.440709]
[0.27986, 0.126918, -0.498807, 0.459248, 0.432831]
[0.333223, 0.24606, -0.498654, 0.336332, 0.352598]
[0.552699, 0.28346, -0.49846, 0.422528, 0.480432]
[0.541304, 0.28434, -0.499752, 0.461695, 0.432353]
[0.319734, 0.328618, -0.49887, 0.259925, 0.008281]
[0.405433, 0.1329, -0.498666, 0.332869, 0.336726]
[0.405036, 0.323519, -0.499293, 0.2339, 0.086216]
[0.32132, 0.116675, -0.498583, 0.355253, 0.347791]
[0.373798, 0.470628, -0.499429, 0.4733, 0.159644]
[0.571312, 0.294378, -0.499192, 0.348216, 0.474924]
[0.42414, 0.464254, -0.499667, 0.32582, 0.287603]
[0.632919, 0.246836, -0.498953, 0.429434, 0.427994]
[0.361998, 0.151365, -0.498817, 0.303774, 0.454213]
[0.652826, 0.487207, -0.498611, 0.417874, 0.072353]
[0.410094, 0.114022, -0.499897, 0.413003, 0.027231]
[0.427633, 0.317959, -0.498732, 0.227435, 0.225837]
[0.494773, 0.187123, -0.499089, 0.480858, 0.454016]
[0.393699, 0.494359, -0.499279, 0.25141, 0.343446]
[0.410192, 0.242238, -0.498492, 0.408793, 0.29214]
[0.501359, 0.352515, -0.499362, 0.367922, 0.235462]
[0.659225, 0.24126, -0.498806, 0.372783, 0.117227]
[0.519576, 0.243452, -0.499269, 0.291897, 0.454713]
[0.35743, 0.173407, -0.498605, 0.236283, 0.369139]
[0.387463, 0.187968, -0.499011, 0.484893, 0.312495]
[0.48959, 0.415619, -0.499905, 0.256542, 0.341728]
[0.329302, 0.45444, -0.498932, 0.429585, 0.064107]
[0.508592, 0.383791, -0.498981, 0.372238, 0.471087]
[0.377739, 0.464565, -0.499699, 0.287808, 0.030469]
[0.668239, 0.374119, -0.499443, 0.297213, 0.2326]
[0.437452, 0.210407, -0.498818, 0.37408, 0.264939]
[0.480511, 0.127234, -0.499884, 0.418758, 0.288405]
[0.292477, 0.19219, -0.499427, 0.377809, 0.265059]
[0.324822, 0.319967, -0.499038, 0.248429, 0.192418]
[0.394459, 0.430964, -0.499846, 0.247398, 0.489198]
[0.393434, 0.159049, -0.499472, 0.465028, 0.281604]
[0.302918, 0.381088, -0.499704, 0.244094, 0.451344]
[0.372774, 0.414622, -0.498896, 0.464595, 0.150215]
[0.57672, 0.447953, -0.499919, 0.302549, 0.194062]
[0.673165, 0.234669, -0.498517, 0.472654, 0.049692]
[0.61223, 0.245456, -0.499668, 0.427762, 0.149939]
[0.466766, 0.325762, -0.499244, 0.479656, 0.452081]
[0.27857, 0.225048, -0.498454, 0.284075, 0.313078]
[0.632331, 0.393161, -0.498809, 0.385868, 0.478751]
[0.375876, 0.484046, -0.498475, 0.353343, 0.125922]
[0.524489, 0.483717, -0.498789, 0.415237, 0.020428]
[0.648709, 0.165601, -0.499724, 0.239585, 0.307614]
[0.664914, 0.47469, -0.498639, 0.251646, 0.087489]
[0.520853, 0.443546, -0.498542, 0.477779, 0.031324]
[0.406987, 0.437152, -0.499085, 0.420826, 0.388918]
[0.564117, 0.487669, -0.499026, 0.438382, 0.370414]
[0.560065, 0.427474, -0.499261, 0.464033, 0.421363]
[0.527131, 0.133437, -0.49895, 0.268925, 0.128134]
[0.577942, 0.312519, -0.499576, 0.434753, 0.323793]
[0.60704, 0.44542, -0.499861, 0.365447, 0.23447]
[0.466702, 0.489517, -0.499285, 0.305283, 0.280778]
[0.544404, 0.442617, -0.498661, 0.488474, 0.132567]
[0.371782, 0.227604, -0.498635, 0.456469, 0.167995]
[0.291172, 0.482125, -0.499348, 0.436278, 0.306429]
[0.450176, 0.190361, -0.498811, 0.463579, 0.384634]
[0.43309, 0.426614, -0.498789, 0.462541, 0.254761]
[0.379488, 0.223325, -0.498599, 0.34006, 0.114542]
[0.615134, 0.230519, -0.499387, 0.471858, 0.465727]
[0.531479, 0.334717, -0.49956, 0.41548, 0.220502]
[0.477024, 0.24236, -0.499486, 0.394366, 0.234135]
[0.379869, 0.208856, -0.499109, 0.319668, 0.306034]
[0.308621, 0.225428, -0.499347, 0.492387, 0.21836]
[0.501782, 0.173737, -0.498566, 0.489645, 0.279449]
[0.486161, 0.462056, -0.498522, 0.444097, 0.123008]
[0.289513, 0.251416, -0.499019, 0.468619, 0.3571]
[0.41331, 0.414922, -0.499497, 0.293002, 0.02664]
[0.351614, 0.402564, -0.499716, 0.233583, 0.149085]
[0.394708, 0.387488, -0.499546, 0.245757, 0.242604]
[0.433095, 0.138207, -0.498602, 0.368207, 0.219797]
[0.526106, 0.16185, -0.499833, 0.304041, 0.339418]
[0.570486, 0.14293, -0.498476, 0.345786, 0.453726]
[0.605787, 0.255933, -0.499442, 0.241226, 0.438873]
[0.401309, 0.464557, -0.498686, 0.404044, 0.361815]
[0.492141, 0.258713, -0.499085, 0.308814, 0.357974]
[0.582293, 0.19532, -0.499963, 0.496563, 0.497109]
[0.291124, 0.142485, -0.498536, 0.295315, 0.085372]
[0.49146, 0.186544, -0.498503, 0.375382, 0.421217]
[0.486031, 0.242241, -0.498907, 0.493101, 0.249785]
[0.566045, 0.215852, -0.499053, 0.462792, 0.302196]
[0.269359, 0.237402, -0.499729, 0.487052, 0.342825]
[0.510731, 0.13165, -0.499358, 0.344783, 0.111014]
[0.386336, 0.226807, -0.499606, 0.304913, 0.286789]
[0.654375, 0.407283, -0.498672, 0.470153, 0.119084]
[0.505509, 0.227443, -0.499108, 0.391715, 0.143237]
[0.664334, 0.411297, -0.498483, 0.375488, 0.140411]
[0.492665, 0.274796, -0.499799, 0.24727, 0.151354]
[0.314482, 0.280197, -0.499464, 0.382157, 0.42136]
[0.308024, 0.390831, -0.499257, 0.337303, 0.346817]
[0.630187, 0.275118, -0.499516, 0.474976, 0.468104]
[0.398812, 0.384791, -0.499994, 0.348461, 0.402471]
[0.636631, 0.227435, -0.499597, 0.244196, 0.133494]
[0.597585, 0.157703, -0.498681, 0.316717, 0.154848]
[0.654074, 0.158717, -0.49846, 0.246631, 0.462868]
[0.561478, 0.11485, -0.499586, 0.435475, 0.176596]
[0.509363, 0.408301, -0.499501, 0.227888, 0.075622]
[0.639297, 0.209995, -0.499345, 0.303572, 0.454594]
[0.572759, 0.166843, -0.499829, 0.485079, 0.330982]
[0.37835, 0.148432, -0.498988, 0.334504, 0.301964]
[0.358716, 0.447383, -0.499773, 0.377346, 0.080563]
[0.439668, 0.277543, -0.498822, 0.465304, 0.212886]
[0.279185, 0.352724, -0.49868, 0.377873, 0.459144]
[0.673538, 0.148771, -0.498582, 0.493772, 0.187943]
[0.290278, 0.233354, -0.499238, 0.250168, 0.383281]
[0.629045, 0.207792, -0.499219, 0.286941, 0.402289]
[0.523689, 0.312458, -0.498886, 0.312256, 0.347469]
[0.637828, 0.271907, -0.498453, 0.248933, 0.108181]
[0.369325, 0.126496, -0.498916, 0.482868, 0.491313]
[0.677408, 0.405188, -0.499083, 0.243446, 0.160945]
[0.644728, 0.454734, -0.498902, 0.289755, 0.036425]
[0.6042, 0.357972, -0.498734, 0.23417, 0.081628]
[0.643726, 0.44997, -0.499168, 0.308787, 0.135695]
[0.606949, 0.345029, -0.49941, 0.325671, 0.466544]
[0.434093, 0.469285, -0.498763, 0.397472, 0.243147]
[0.537527, 0.313444, -0.499836, 0.399509, 0.226778]
[0.481488, 0.289819, -0.498485, 0.446177, 0.055052]
[0.38787, 0.166858, -0.499714, 0.464751, 0.023603]
[0.60516, 0.311032, -0.498923, 0.42357, 0.111567]
[0.287144, 0.466746, -0.499578, 0.2639, 0.17874]
[0.389833, 0.279589, -0.498641, 0.296247, 0.465827]
[0.406798, 0.388626, -0.499721, 0.385522, 0.454043]
[0.283828, 0.151835, -0.499344, 0.461028, 0.219081]
[0.555031, 0.454869, -0.499079, 0.456735, 0.190156]
[0.586697, 0.141371, -0.499827, 0.266705, 0.128379]
[0.369646, 0.233252, -0.499449, 0.335364, 0.442081]
[0.662337, 0.373421, -0.499124, 0.286848, 0.116704]
[0.368666, 0.42186, -0.498994, 0.42122, 0.34323]
[0.655937, 0.371432, -0.499657, 0.233066, 0.340192]
[0.579753, 0.369145, -0.499309, 0.437368, 0.449744]
[0.378408, 0.421467, -0.498798, 0.466216, 0.046997]
[0.532871, 0.453116, -0.499324, 0.429649, 0.154895]
[0.633946, 0.419757, -0.499283, 0.317087, 0.223885]
[0.32967, 0.43873, -0.49848, 0.252807, 0.487916]
[0.456064, 0.487981, -0.499182, 0.473066, 0.042521]
[0.577938, 0.273459, -0.49975, 0.38905, 0.332438]
[0.629701, 0.223336, -0.499422, 0.498057, 0.365908]
[0.64234, 0.446527, -0.499247, 0.282188, 0.356252]
[0.564573, 0.42134, -0.499404, 0.24191, 0.243139]
[0.273332, 0.430777, -0.499056, 0.253918, 0.312759]
[0.619326, 0.395769, -0.499757, 0.270231, 0.400942]
[0.505911, 0.280989, -0.498755, 0.431485, 0.004001]
[0.31568, 0.496067, -0.49998, 0.241648, 0.396446]
[0.483151, 0.493609, -0.499278, 0.333607, 0.004578]
[0.492468, 0.393748, -0.499357, 0.319064, 0.216835]
[0.440574, 0.340624, -0.498581, 0.331063, 0.107684]
[0.624615, 0.36148, -0.498974, 0.445259, 0.031719]
[0.538519, 0.301867, -0.499555, 0.427731, 0.105595]
[0.39341, 0.129066, -0.499877, 0.276533, 0.137595]
[0.553326, 0.486132, -0.498787, 0.427031, 0.180229]
[0.535869, 0.493733, -0.49959, 0.403128, 0.162535]
[0.455271, 0.26174, -0.499524, 0.321133, 0.177609]
[0.567631, 0.209976, -0.498581, 0.267757, 0.235613]
[0.47963, 0.268259, -0.49977, 0.264473, 0.46167]
[0.629602, 0.170572, -0.499821, 0.476886, 0.220018]
[0.613647, 0.173048, -0.499454, 0.49017, 0.354319]
[0.447781, 0.331192, -0.4989, 0.458438, 0.12657]
[0.647363, 0.340614, -0.498634, 0.314307, 0.061849]
[0.604265, 0.472961, -0.499202, 0.400911, 0.476022]
[0.665386, 0.215268, -0.498863, 0.421612, 0.035496]
[0.285313, 0.298446, -0.498571, 0.330491, 0.211613]
[0.342265, 0.140288, -0.498871, 0.271692, 0.127613]
[0.466457, 0.14296, -0.498679, 0.403582, 0.111939]
[0.566229, 0.39849, -0.499856, 0.429012, 0.290245]
[0.586835, 0.154185, -0.498577, 0.384408, 0.397288]
[0.645185, 0.285696, -0.499437, 0.278013, 0.328297]
[0.51222, 0.168933, -0.499607, 0.40996, 0.293213]
[0.312434, 0.223754, -0.498525, 0.262171, 0.05837]
[0.577045, 0.453524, -0.499402, 0.462637, 0.095447]
[0.634001, 0.196174, -0.498538, 0.229382, 0.424559]
[0.487352, 0.318942, -0.499992, 0.344587, 0.062906]
[0.579341, 0.165367, -0.498523, 0.245866, 0.231722]
[0.350272, 0.23867, -0.499036, 0.310353, 0.082997]
[0.653015, 0.206414, -0.49973, 0.268586, 0.048911]
[0.605462, 0.141615, -0.499993, 0.454835, 0.478073]
[0.343267, 0.197091, -0.498495, 0.43834, 0.401768]
[0.642511, 0.137754, -0.499818, 0.475214, 0.499687]
[0.519043, 0.487824, -0.499939, 0.322611, 0.016632]
[0.312295, 0.22079, -0.499553, 0.466323, 0.250254]
[0.341842, 0.325424, -0.498599, 0.427366, 0.286771]
[0.664051, 0.377197, -0.499363, 0.353676, 0.213609]
[0.624454, 0.198977, -0.499959, 0.345971, 0.38882]
[0.452467, 0.157995, -0.498772, 0.384793, 0.144896]
[0.556787, 0.397054, -0.498679, 0.249618, 0.293123]
[0.459131, 0.180523, -0.499329, 0.354134, 0.49169]
[0.481787, 0.176125, -0.498491, 0.228789, 0.462842]
[0.475023, 0.46631, -0.498873, 0.2312, 0.420448]
[0.567569, 0.326722, -0.499497, 0.454854, 0.035448]
[0.527095, 0.275942, -0.498975, 0.285552, 0.248852]
[0.643418, 0.333821, -0.49862, 0.350453, 0.354535]
[0.633875, 0.249228, -0.499124, 0.413835, 0.009011]
[0.491377, 0.133444, -0.498916, 0.347479, 0.106472]
[0.549806, 0.49634, -0.499675, 0.272447, 0.471593]
[0.40187, 0.35144, -0.499254, 0.435271, 0.388298]
[0.660817, 0.352223, -0.499627, 0.439811, 0.230002]
[0.666514, 0.486302, -0.498496, 0.290024, 0.0839]
[0.459492, 0.449981, -0.499063, 0.304779, 0.291201]
[0.64321, 0.25828, -0.499953, 0.347793, 0.261696]
[0.339323, 0.462051, -0.499591, 0.470553, 0.178216]
[0.293378, 0.338816, -0.499665, 0.410808, 0.290221]
[0.435687, 0.153845, -0.499566, 0.350625, 0.172738]
[0.332239, 0.240732, -0.499551, 0.497578, 0.028752]
[0.399114, 0.172165, -0.4987, 0.332546, 0.081376]
[0.427683, 0.478353, -0.499831, 0.288853, 0.095747]
[0.599743, 0.47822, -0.499559, 0.369037, 0.117657]
[0.35087, 0.467538, -0.498676, 0.446689, 0.21459]
[0.530777, 0.340589, -0.499666, 0.278975, 0.434533]
[0.308123, 0.293378, -0.498477, 0.277036, 0.342679]
[0.61926, 0.146968, -0.498499, 0.313875, 0.120801]
[0.404472, 0.44132, -0.498971, 0.336186, 0.239062]
[0.442983, 0.389678, -0.498446, 0.229812, 0.301236]
[0.417234, 0.47095, -0.499256, 0.316934, 0.259588]
[0.428799, 0.457732, -0.499915, 0.390293, 0.205713]
[0.477896, 0.243223, -0.499689, 0.263397, 0.005952]
[0.414831, 0.440174, -0.499176, 0.460706, 0.433111]
[0.399509, 0.392684, -0.49996, 0.48793, 0.357553]
[0.672956, 0.261165, -0.498959, 0.410837, 0.173099]
[0.38225, 0.232871, -0.498469, 0.365752, 0.215128]
[0.401639, 0.44206, -0.498737, 0.407337, 0.263554]
[0.40155, 0.321905, -0.499907, 0.41607, 0.026827]
[0.673684, 0.441277, -0.498888, 0.426623, 0.249101]
[0.321478, 0.259794, -0.499461, 0.329597, 0.011228]
[0.291091, 0.386422, -0.498463, 0.292642, 0.390917]
[0.544378, 0.178888, -0.499068, 0.236626, 0.050819]
[0.605372, 0.489807, -0.498936, 0.314033, 0.053521]
[0.327543, 0.422085, -0.498896, 0.372489, 0.37304]
[0.430865, 0.254839, -0.499021, 0.227979, 0.120965]
[0.497582, 0.244563, -0.499589, 0.323873, 0.012075]
[0.655228, 0.222177, -0.498614, 0.479247, 0.006652]
[0.272262, 0.472898, -0.499983, 0.387476, 0.19652]
[0.330657, 0.384551, -0.499066, 0.262128, 0.069159]
[0.6108, 0.189058, -0.498621, 0.487373, 0.300889]
[0.270744, 0.26189, -0.499069, 0.322414, 0.148678]
[0.655079, 0.245039, -0.499719, 0.259457, 0.467504]
[0.279111, 0.405126, -0.49883, 0.320201, 0.32664]
[0.349656, 0.164442, -0.499519, 0.228693, 0.406682]
[0.388733, 0.438869, -0.499817, 0.355508, 0.355186]
[0.593482, 0.498257, -0.49902, 0.283745, 0.194034]
[0.61563, 0.248823, -0.499586, 0.494643, 0.144231]
[0.408914, 0.223486, -0.499845, 0.306447, 0.189695]
[0.376382, 0.377632, -0.499812, 0.476751, 0.022128]
[0.469201, 0.489857, -0.499994, 0.461299, 0.045077]
[0.338383, 0.326457, -0.498992, 0.489775, 0.446998]
[0.616723, 0.20627, -0.499704, 0.378185, 0.430025]
[0.583109, 0.392867, -0.499667, 0.450987, 0.278131]
[0.517213, 0.30752, -0.499695, 0.255094, 0.409593]
[0.671512, 0.328842, -0.499777, 0.368678, 0.184982]
[0.535192, 0.322176, -0.499274, 0.446673, 0.209296]
[0.336813, 0.111885, -0.498967, 0.286917, 0.023922]
[0.616068, 0.401193, -0.499601, 0.231357, 0.150361]
[0.593011, 0.332247, -0.499518, 0.42036, 0.074505]
[0.489644, 0.371185, -0.49875, 0.328815, 0.017958]
[0.610419, 0.295659, -0.498764, 0.45876, 0.189425]
[0.383635, 0.433243, -0.499336, 0.496877, 0.222884]
[0.67893, 0.382244, -0.499278, 0.406376, 0.408877]
[0.510876, 0.316041, -0.499002, 0.485014, 0.228579]
[0.626123, 0.288185, -0.499984, 0.251977, 0.06574]
[0.28925, 0.33, -0.498972, 0.493211, 0.335381]
[0.596108, 0.404817, -0.499989, 0.308882, 0.235408]
[0.655648, 0.377871, -0.498523, 0.418834, 0.471297]
[0.323108, 0.300654, -0.499908, 0.285392, 0.374901]
[0.339524, 0.234374, -0.499738, 0.495488, 0.040732]
[0.623679, 0.267655, -0.499161, 0.489827, 0.029738]
[0.289247, 0.265217, -0.499357, 0.383235, 0.447186]
[0.351414, 0.284029, -0.499195, 0.49643, 0.37898]
[0.304514, 0.175627, -0.499119, 0.438877, 0.025304]
[0.52035, 0.226959, -0.498563, 0.326344, 0.04178]
[0.489202, 0.322446, -0.499075, 0.277304, 0.309137]
[0.673468, 0.269178, -0.499931, 0.415056, 0.172327]
[0.58445, 0.175585, -0.499029, 0.380652, 0.168652]
[0.492607, 0.227113, -0.498807, 0.289376, 0.149858]
[0.416572, 0.231274, -0.499754, 0.280612, 0.140223]
[0.656441, 0.223463, -0.499876, 0.246277, 0.138778]
[0.654342, 0.271241, -0.499889, 0.428921, 0.058846]
[0.516559, 0.247332, -0.499579, 0.412752, 0.404942]
[0.654144, 0.411977, -0.498915, 0.239504, 0.207517]
[0.489496, 0.161, -0.499793, 0.285033, 0.271583]
[0.329532, 0.251236, -0.499536, 0.260368, 0.199603]
[0.593168, 0.119154, -0.498723, 0.296026, 0.329166]
[0.646705, 0.394968, -0.49851, 0.338525, 0.057327]
[0.375885, 0.261399, -0.499873, 0.397894, 0.282707]
[0.472959, 0.118731, -0.499766, 0.383257, 0.333994]
[0.328194, 0.125889, -0.499512, 0.36041, 0.327353]
[0.527384, 0.116046, -0.499086, 0.499999, 0.322912]
[0.518448, 0.460472, -0.499308, 0.46067, 0.487928]
[0.493342, 0.127904, -0.498655, 0.416268, 0.401643]
[0.594923, 0.471539, -0.498768, 0.279451, 0.461254]
[0.47143, 0.152733, -0.499682, 0.330637, 0.049713]
[0.603508, 0.460352, -0.499314, 0.279526, 0.429711]
[0.448835, 0.343922, -0.498788, 0.343199, 0.405572]
[0.275153, 0.465196, -0.49937, 0.28386, 0.317548]
[0.644231, 0.218071, -0.499538, 0.405193, 0.320058]
[0.371946, 0.428047, -0.499081, 0.35347, 0.200338]
[0.588688, 0.193308, -0.499707, 0.369924, 0.022858]
[0.619189, 0.445842, -0.498608, 0.398875, 0.257821]
[0.598242, 0.231156, -0.499264, 0.498008, 0.016272]
[0.40889, 0.151379, -0.499078, 0.339378, 0.462104]
[0.273003, 0.318732, -0.499851, 0.310895, 0.495927]
[0.671341, 0.476142, -0.499736, 0.286564, 0.367727]
[0.324009, 0.242659, -0.499858, 0.454657, 0.105065]
[0.30548, 0.142843, -0.499824, 0.404222, 0.152404]
[0.379758, 0.154938, -0.499524, 0.49894, 0.369149]
[0.31352, 0.16477, -0.499811, 0.371788, 0.306359]
[0.281363, 0.163717, -0.49905, 0.348794, 0.264116]
[0.515802, 0.256491, -0.498897, 0.451702, 0.10228]
[0.493561, 0.230015, -0.499612, 0.306654, 0.478886]
[0.442259, 0.146286, -0.499054, 0.399718, 0.230377]
[0.650425, 0.45286, -0.499962, 0.429179, 0.450089]
[0.310329, 0.311083, -0.499609, 0.291262, 0.073789]
[0.439758, 0.133348, -0.499908, 0.446107, 0.128819]
[0.473328, 0.218512, -0.498866, 0.27536, 0.25206]
[0.431645, 0.250658, -0.499962, 0.379237, 0.238592]
[0.669817, 0.16474, -0.499446, 0.340403, 0.401848]
[0.585149, 0.268527, -0.49852, 0.492588, 0.229613]
[0.427689, 0.470646, -0.499334, 0.296285, 0.278945]
[0.580392, 0.464465, -0.499585, 0.268565, 0.469347]
[0.595792, 0.126631, -0.499691, 0.382509, 0.37891]
[0.446506, 0.254094, -0.499608, 0.356012, 0.286204]
[0.380012, 0.485284, -0.499645, 0.371801, 0.199734]
[0.551688, 0.408135, -0.499691, 0.28785, 0.336698]
[0.269314, 0.205537, -0.499387, 0.485041, 0.223455]
[0.649896, 0.112961, -0.498846, 0.290845, 0.060532]
[0.628338, 0.432125, -0.498903, 0.288799, 0.21972]
[0.528235, 0.246303, -0.4994, 0.42717, 0.09255]
[0.515558, 0.328426, -0.499557, 0.470325, 0.479067]
[0.598096, 0.423233, -0.499938, 0.372109, 0.420806]
[0.607517, 0.28901, -0.498555, 0.266501, 0.307903]
[0.332848, 0.499973, -0.498814, 0.364608, 0.367145]
[0.541798, 0.430192, -0.499274, 0.363103, 0.43122]
[0.285818, 0.22968, -0.498963, 0.442163, 0.200011]
[0.506118, 0.201444, -0.499809, 0.237128, 0.199588]
[0.279357, 0.411236, -0.499176, 0.395501, 0.464607]
[0.416191, 0.223882, -0.498955, 0.231822, 0.451093]
[0.400098, 0.159142, -0.499526, 0.464123, 0.030384]
[0.4278, 0.153451, -0.498728, 0.391561, 0.42993]
[0.587472, 0.293299, -0.499712, 0.273603, 0.211447]
[0.336511, 0.343103, -0.499607, 0.246276, 0.450034]
[0.441281, 0.343154, -0.498524, 0.242864, 0.480639]
[0.674583, 0.285079, -0.498767, 0.496709, 0.12898]
[0.509612, 0.292484, -0.499362, 0.290257, 0.395987]
[0.550535, 0.389321, -0.499904, 0.271445, 0.114557]
[0.510987, 0.410917, -0.499178, 0.241378, 0.206868]
[0.443201, 0.337968, -0.49949, 0.296151, 0.154445]
[0.321969, 0.24181, -0.499741, 0.457015, 0.095939]
[0.409513, 0.289288, -0.498759, 0.43519, 0.242897]
[0.565612, 0.328171, -0.499118, 0.354905, 0.210637]
[0.464408, 0.381994, -0.498768, 0.275263, 0.060831]
[0.658655, 0.199389, -0.498519, 0.299389, 0.070608]
[0.334556, 0.274504, -0.499445, 0.457557, 0.438954]
[0.546368, 0.157726, -0.499516, 0.306111, 0.354551]
[0.52426, 0.47104, -0.499611, 0.386736, 0.109576]
[0.389014, 0.439377, -0.499018, 0.360057, 0.349897]
[0.327867, 0.16318, -0.498824, 0.231021, 0.431289]
[0.466047, 0.419529, -0.499462, 0.253771, 0.058756]
[0.631331, 0.426928, -0.499344, 0.345704, 0.019109]
[0.548281, 0.273809, -0.499075, 0.3517, 0.055061]
[0.339198, 0.207119, -0.498637, 0.393829, 0.248635]
[0.462001, 0.344047, -0.498683, 0.247483, 0.142471]
[0.374296, 0.459795, -0.499039, 0.314014, 0.242884]
[0.658195, 0.263414, -0.498769, 0.365563, 0.383105]
[0.478922, 0.437657, -0.499813, 0.351313, 0.372257]
[0.293636, 0.217813, -0.499627, 0.460752, 0.167843]
[0.473066, 0.251859, -0.498972, 0.352423, 0.02932]
[0.434552, 0.322305, -0.49953, 0.496671, 0.357583]
[0.348898, 0.115652, -0.49852, 0.424552, 0.253343]
[0.608897, 0.150604, -0.498419, 0.242656, 0.333865]
[0.567606, 0.142345, -0.498435, 0.366771, 0.298407]
[0.385108, 0.460675, -0.498958, 0.268991, 0.314239]
[0.553266, 0.145323, -0.499027, 0.485394, 0.399534]
[0.55375, 0.13947, -0.499891, 0.278122, 0.417358]
[0.600891, 0.391944, -0.499817, 0.287687, 0.027415]
[0.278287, 0.372176, -0.5, 0.269201, 0.305159]
[0.272878, 0.256245, -0.498923, 0.299149, 0.424436]
[0.389007, 0.349163, -0.498716, 0.313495, 0.1142]
[0.670598, 0.465536, -0.499531, 0.300611, 0.092527]
[0.281999, 0.260487, -0.498562, 0.491716, 0.282454]
[0.636098, 0.288212, -0.49907, 0.378768, 0.328378]
[0.603792, 0.38862, -0.499949, 0.344053, 0.30297]
[0.595453, 0.171031, -0.49896, 0.29495, 0.018747]
[0.410823, 0.425606, -0.498944, 0.274395, 0.288982]
[0.311983, 0.457861, -0.499753, 0.234131, 0.255973]
[0.476268, 0.281068, -0.499587, 0.476306, 0.492709]
[0.304501, 0.146301, -0.498589, 0.297406, 0.220413]
[0.439731, 0.317433, -0.498889, 0.307874, 0.016487]
[0.635784, 0.432561, -0.498624, 0.302095, 0.08472]
[0.357298, 0.234658, -0.498588, 0.43561, 0.050996]
[0.342818, 0.139528, -0.498821, 0.355054, 0.130278]
[0.337924, 0.365102, -0.498817, 0.267092, 0.104834]
[0.520426, 0.453737, -0.498806, 0.35952, 0.099763]
[0.489455, 0.295806, -0.499365, 0.319486, 0.16991]
[0.458177, 0.167264, -0.498517, 0.328366, 0.252203]
[0.56533, 0.202828, -0.499819, 0.350785, 0.486251]
[0.338693, 0.29425, -0.499568, 0.395082, 0.124243]
[0.4088, 0.255055, -0.49857, 0.420503, 0.243583]
[0.272783, 0.399898, -0.498924, 0.271493, 0.191321]
[0.512605, 0.323594, -0.499983, 0.301303, 0.152046]
[0.578868, 0.125269, -0.499193, 0.408852, 0.213875]
[0.646214, 0.179459, -0.499189, 0.493165, 0.076178]
[0.632208, 0.29951, -0.498941, 0.342285, 0.105606]
[0.371983, 0.410966, -0.499168, 0.313669, 0.190546]
[0.479836, 0.454369, -0.499377, 0.394101, 0.204588]
[0.519572, 0.389696, -0.498411, 0.307515, 0.484478]
[0.592981, 0.297751, -0.498816, 0.303401, 0.106973]
[0.67731, 0.38241, -0.499833, 0.405135, 0.250221]
[0.655341, 0.15851, -0.499581, 0.3854, 0.305384]
[0.320417, 0.499111, -0.499194, 0.448202, 0.455505]
[0.6189, 0.271356, -0.498689, 0.487393, 0.004313]
[0.512311, 0.134456, -0.498712, 0.481211, 0.315394]
[0.609208, 0.160402, -0.498489, 0.385872, 0.314588]
[0.325117, 0.416763, -0.499739, 0.236964, 0.408406]
[0.54292, 0.410272, -0.498558, 0.379418, 0.347449]
[0.282008, 0.293105, -0.498654, 0.415959, 0.004227]
[0.504727, 0.488146, -0.498899, 0.275271, 0.319964]
[0.49251, 0.258047, -0.499473, 0.497301, 0.272203]
[0.656684, 0.113891, -0.499212, 0.460474, 0.026294]
[0.466689, 0.345997, -0.499033, 0.468513, 0.121348]
[0.385331, 0.441331, -0.499674, 0.299954, 0.225633]
[0.524663, 0.186496, -0.499691, 0.240483, 0.446572]
[0.488983, 0.397943, -0.499176, 0.385279, 0.306876]
[0.519308, 0.379276, -0.499652, 0.402494, 0.225404]
[0.296876, 0.393398, -0.498681, 0.438417, 0.021491]
[0.525286, 0.467294, -0.499333, 0.379522, 0.422932]
[0.335144, 0.174829, -0.499947, 0.447737, 0.023918]
[0.621477, 0.439675, -0.499282, 0.314203, 0.148405]
[0.634054, 0.267208, -0.499299, 0.431228, 0.47826]
[0.307347, 0.133974, -0.499762, 0.333215, 0.394904]
[0.51878, 0.238911, -0.498738, 0.279063, 0.276844]
[0.415725, 0.183915, -0.49942, 0.241145, 0.001282]
[0.461112, 0.196067, -0.498913, 0.370926, 0.232115]
[0.380754, 0.199784, -0.498691, 0.350566, 0.09162]
[0.511556, 0.468213, -0.498605, 0.312311, 0.265211]
[0.354893, 0.496257, -0.498625, 0.440198, 0.324199]
[0.474978, 0.380716, -0.498849, 0.416243, 0.341837]
[0.303849, 0.460528, -0.499296, 0.402355, 0.118269]
[0.40635, 0.251452, -0.498563, 0.331877, 0.291529]
[0.558246, 0.204349, -0.499707, 0.409196, 0.252012]
[0.605009, 0.327892, -0.49886, 0.450529, 0.394953]
[0.501967, 0.270818, -0.498619, 0.340708, 0.283365]
[0.650909, 0.418482, -0.498468, 0.344707, 0.113865]
[0.291101, 0.409149, -0.498604, 0.474102, 0.39535]
[0.583722, 0.316735, -0.499106, 0.469319, 0.210007]
[0.36342, 0.276479, -0.498673, 0.258907, 0.233776]
[0.639054, 0.193039, -0.499978, 0.420136, 0.066686]
[0.425014, 0.499425, -0.499021, 0.235419, 0.118495]
[0.408783, 0.474862, -0.499392, 0.35506, 0.297483]
[0.614338, 0.299674, -0.498477, 0.328947, 0.312996]
[0.464279, 0.28323, -0.498943, 0.489991, 0.311542]
[0.308172, 0.380307, -0.499239, 0.360921, 0.355989]
[0.465321, 0.418608, -0.498571, 0.244178, 0.209146]
[0.592453, 0.27245, -0.499747, 0.39217, 0.033246]
[0.524938, 0.180412, -0.498698, 0.336066, 0.326376]
[0.343511, 0.249239, -0.499687, 0.381596, 0.479503]
[0.623341, 0.379858, -0.499947, 0.4863, 0.245058]
[0.659097, 0.478593, -0.499793, 0.309408, 0.12143]
[0.275882, 0.23737, -0.499246, 0.289916, 0.420492]
[0.343533, 0.304812, -0.499011, 0.471509, 0.10255]
[0.6103, 0.277379, -0.499149, 0.456306, 0.088056]
[0.474677, 0.388817, -0.499727, 0.320393, 0.150523]
[0.331283, 0.406202, -0.499227, 0.493835, 0.030963]
[0.431741, 0.446787, -0.498832, 0.407294, 0.137159]
[0.380958, 0.141566, -0.498565, 0.243734, 0.114641]
[0.314273, 0.458815, -0.498503, 0.325692, 0.467397]
[0.360822, 0.190773, -0.499834, 0.366485, 0.382178]
[0.456333, 0.192806, -0.499726, 0.308252, 0.134771]
[0.420446, 0.269252, -0.499544, 0.44734, 0.414457]
[0.658747, 0.207312, -0.498604, 0.429213, 0.119591]
[0.31274, 0.269715, -0.498982, 0.384512, 0.388995]
[0.633658, 0.247159, -0.498545, 0.486462, 0.092912]
[0.446545, 0.479918, -0.499831, 0.277367, 0.114508]
[0.399295, 0.269789, -0.499181, 0.431715, 0.362297]
[0.498606, 0.42615, -0.49929, 0.38117, 0.125536]
[0.417516, 0.141191, -0.499377, 0.409015, 0.103367]
[0.430953, 0.323104, -0.499965, 0.357057, 0.073861]
[0.602307, 0.12486, -0.498948, 0.49391, 0.429478]
[0.493151, 0.376118, -0.499038, 0.472455, 0.498682]
[0.427342, 0.373533, -0.499686, 0.301435, 0.425878]
[0.400188, 0.339039, -0.499495, 0.28353, 0.105391]
[0.293007, 0.347913, -0.499048, 0.408018, 0.063116]
[0.578143, 0.43547, -0.499847, 0.45699, 0.070805]
[0.325989, 0.356261, -0.49842, 0.494939, 0.404858]
[0.450129, 0.429539, -0.499968, 0.280772, 0.220149]
[0.589701, 0.25231, -0.499068, 0.435274, 0.257846]
[0.516579, 0.425728, -0.49914, 0.328679, 0.3589]
[0.363265, 0.448605, -0.498453, 0.256809, 0.499532]
[0.54018, 0.205944, -0.499446, 0.424626, 0.095869]
[0.654536, 0.239906, -0.498894, 0.386288, 0.220365]
[0.674015, 0.323984, -0.499214, 0.399047, 0.287313]
[0.295226, 0.372846, -0.499399, 0.285935, 0.084555]
[0.63858, 0.446734, -0.498645, 0.396401, 0.484471]
[0.348549, 0.336727, -0.499688, 0.312919, 0.351549]
[0.353099, 0.14301, -0.499454, 0.37415, 0.103901]
[0.453706, 0.37363, -0.499195, 0.305196, 0.459945]
[0.503347, 0.300695, -0.499069, 0.233925, 0.370668]
[0.602188, 0.461417, -0.498796, 0.317851, 0.054392]
[0.536701, 0.487828, -0.498784, 0.279895, 0.386907]
[0.384085, 0.141912, -0.499448, 0.430175, 0.156715]
[0.589102, 0.388829, -0.499415, 0.442641, 0.302119]
[0.423099, 0.413501, -0.499836, 0.361559, 0.073106]
[0.647121, 0.491633, -0.498985, 0.265961, 0.32041]
[0.390103, 0.230074, -0.499043, 0.32016, 0.249283]
[0.666456, 0.166389, -0.498925, 0.236842, 0.022269]
[0.438842, 0.194019, -0.498981, 0.309809, 0.005729]
[0.642599, 0.291233, -0.499205, 0.329118, 0.077193]
[0.310331, 0.183185, -0.499688, 0.338345, 0.136949]
[0.600641, 0.114937, -0.499202, 0.397178, 0.141671]
[0.540105, 0.288537, -0.499403, 0.435661, 0.102508]
[0.491992, 0.416972, -0.498795, 0.459523, 0.03236]
[0.493805, 0.354815, -0.499844, 0.402728, 0.111523]
[0.305425, 0.136497, -0.499699, 0.445526, 0.346287]
[0.493756, 0.272974, -0.499353, 0.424078, 0.429419]
[0.345229, 0.146496, -0.499651, 0.272237, 0.161755]
[0.446255, 0.162813, -0.499903, 0.42026, 0.304321]
[0.422417, 0.463803, -0.498592, 0.45838, 0.28341]
[0.400685, 0.127236, -0.498982, 0.350106, 0.258951]
[0.277066, 0.414178, -0.499766, 0.305097, 0.200836]
[0.518904, 0.256167, -0.498603, 0.40303, 0.291063]
[0.312365, 0.115368, -0.498648, 0.445122, 0.334938]
[0.280851, 0.141973, -0.499925, 0.24758, 0.138737]
[0.395434, 0.346801, -0.499154, 0.377076, 0.249357]
[0.303135, 0.202997, -0.49951, 0.49868, 0.46026]
[0.28782, 0.308023, -0.499646, 0.346108, 0.409404]
[0.552593, 0.401241, -0.498912, 0.482554, 0.210688]
[0.434925, 0.262899, -0.498485, 0.316787, 0.069173]
[0.525572, 0.29639, -0.499596, 0.467321, 0.425063]
[0.418635, 0.187137, -0.499449, 0.418554, 0.066477]
[0.453518, 0.113244, -0.49904, 0.324087, 0.131158]
[0.534853, 0.398199, -0.499232, 0.302787, 0.139086]
[0.653168, 0.398214, -0.499705, 0.453612, 0.477193]
[0.522806, 0.139214, -0.499627, 0.364195, 0.338152]
[0.60687, 0.349948, -0.499822, 0.307685, 0.480489]
[0.437445, 0.187614, -0.499039, 0.253233, 0.363084]
[0.655618, 0.40166, -0.499163, 0.43288, 0.243155]
[0.273909, 0.487292, -0.498475, 0.258544, 0.194171]
[0.324221, 0.459695, -0.499966, 0.33598, 0.38479]
[0.617242, 0.182037, -0.499415, 0.412543, 0.33986]
[0.541236, 0.354144, -0.498791, 0.331227, 0.16067]
[0.558312, 0.128254, -0.499498, 0.479173, 0.117554]
[0.466504, 0.470217, -0.499028, 0.317227, 0.116998]
[0.281176, 0.421052, -0.498812, 0.254034, 0.340718]
[0.597045, 0.486588, -0.499631, 0.44867, 0.238343]
[0.464711, 0.304125, -0.499875, 0.456947, 0.170707]
[0.320855, 0.372132, -0.499479, 0.481035, 0.385949]
[0.371259, 0.265401, -0.499448, 0.460846, 0.376325]
[0.46479, 0.491827, -0.498891, 0.443929, 0.076857]
[0.463515, 0.198211, -0.49961, 0.354179, 0.41871]
[0.548078, 0.292149, -0.499059, 0.296191, 0.465879]
[0.625962, 0.324716, -0.499864, 0.269878, 0.346513]
[0.595575, 0.122089, -0.499305, 0.340529, 0.313791]
[0.311784, 0.445677, -0.499261, 0.346576, 0.418818]
[0.457993, 0.212438, -0.499939, 0.301798, 0.037458]
[0.608552, 0.409911, -0.49854, 0.481677, 0.346968]
[0.591238, 0.262491, -0.499056, 0.31515, 0.011565]
[0.538401, 0.11495, -0.49928, 0.281216, 0.405893]
[0.457053, 0.330966, -0.499858, 0.362265, 0.469243]
[0.503369, 0.415974, -0.498717, 0.240396, 0.284713]
[0.558599, 0.145232, -0.499547, 0.327905, 0.003764]
[0.33654, 0.494381, -0.498991, 0.260096, 0.272658]
[0.478765, 0.254108, -0.499618, 0.491341, 0.137372]
[0.652168, 0.131666, -0.498539, 0.41501, 0.041755]
[0.578331, 0.450959, -0.498881, 0.402393, 0.244321]
[0.478087, 0.203974, -0.499354, 0.439435, 0.010126]
[0.323215, 0.219406, -0.498606, 0.319399, 0.275163]
[0.428708, 0.156618, -0.499919, 0.268004, 0.402428]
[0.410444, 0.138513, -0.499229, 0.483651, 0.199534]
[0.580115, 0.189864, -0.499461, 0.373971, 0.303646]
[0.654014, 0.13164, -0.498861, 0.452811, 0.359074]
[0.301677, 0.312669, -0.49916, 0.483455, 0.435051]
[0.362456, 0.266925, -0.499435, 0.422457, 0.275317]
[0.564624, 0.225013, -0.499704, 0.322085, 0.130693]
[0.396292, 0.143902, -0.499793, 0.425636, 0.322053]
[0.458691, 0.24199, -0.499851, 0.237998, 0.495364]
[0.487408, 0.11234, -0.499287, 0.49447, 0.12311]
[0.656892, 0.141279, -0.499884, 0.32518, 0.053174]
[0.498615, 0.155064, -0.499614, 0.227663, 0.000233]
[0.553016, 0.368192, -0.499542, 0.465707, 0.425841]
[0.637936, 0.174791, -0.499048, 0.259887, 0.480046]
[0.463064, 0.276494, -0.499346, 0.480234, 0.046091]
[0.528156, 0.181884, -0.499705, 0.294442, 0.193562]
[0.535565, 0.297542, -0.498562, 0.390174, 0.312873]
[0.387595, 0.174407, -0.499185, 0.380487, 0.178359]
[0.670118, 0.144278, -0.499332, 0.472372, 0.191225]
[0.625776, 0.435365, -0.499104, 0.442574, 0.472459]
[0.571146, 0.274132, -0.498875, 0.407041, 0.480664]
[0.311569, 0.227829, -0.499848, 0.411068, 0.217997]
[0.480538, 0.43791, -0.499538, 0.477999, 0.084935]
[0.459369, 0.457403, -0.49841, 0.492477, 0.035046]
[0.486509, 0.265511, -0.499669, 0.252497, 0.476009]
[0.480847, 0.458974, -0.498531, 0.344404, 0.016339]
[0.314535, 0.122669, -0.498921, 0.492404, 0.105406]
[0.665696, 0.451526, -0.499171, 0.23052, 0.318856]
[0.493257, 0.15679, -0.498743, 0.25819, 0.079612]
[0.646301, 0.296081, -0.49948, 0.285114, 0.033761]
[0.502802, 0.444441, -0.498514, 0.3554, 0.38584]
[0.508093, 0.439504, -0.49948, 0.417196, 0.123768]
[0.53688, 0.253773, -0.499469, 0.457635, 0.233218]
[0.547803, 0.267022, -0.499252, 0.294858, 0.447216]
[0.536694, 0.411711, -0.498635, 0.31982, 0.027532]
[0.294542, 0.352215, -0.49875, 0.271652, 0.07577]
[0.5228, 0.200787, -0.499173, 0.278393, 0.065164]
[0.431514, 0.183543, -0.498958, 0.261914, 0.001161]
[0.46846, 0.454884, -0.499045, 0.414486, 0.008293]
[0.432733, 0.200292, -0.498873, 0.283298, 0.47304]
[0.337446, 0.207061, -0.499511, 0.316965, 0.161544]
[0.297988, 0.413403, -0.498965, 0.478711, 0.408047]
[0.544747, 0.138344, -0.499149, 0.493524, 0.258622]
[0.531446, 0.221149, -0.498682, 0.428607, 0.179678]
[0.475716, 0.428317, -0.499244, 0.323133, 0.117756]
[0.352168, 0.463343, -0.498485, 0.333703, 0.39547]
[0.442854, 0.129071, -0.498516, 0.23869, 0.024029]
[0.558085, 0.449237, -0.499405, 0.2739, 0.259606]
[0.499132, 0.277429, -0.499049, 0.462733, 0.044887]
[0.592544, 0.233423, -0.499411, 0.326149, 0.14538]
[0.617012, 0.418879, -0.498644, 0.458843, 0.09016]
[0.594849, 0.188347, -0.498837, 0.405044, 0.161826]
[0.450665, 0.373402, -0.499479, 0.261495, 0.015181]
[0.584827, 0.195293, -0.499953, 0.340359, 0.259678]
[0.663853, 0.390109, -0.498586, 0.39929, 0.131047]
[0.432078, 0.360641, -0.499116, 0.272634, 0.150768]
[0.612425, 0.345738, -0.498629, 0.441923, 0.391616]
[0.386781, 0.162331, -0.499228, 0.239279, 0.367882]
[0.456939, 0.337242, -0.49898, 0.266227, 0.358186]
[0.294688, 0.307311, -0.499328, 0.243607, 0.196755]
[0.504348, 0.263418, -0.498643, 0.334075, 0.08548]
[0.336976, 0.223873, -0.499154, 0.499831, 0.056964]
[0.632231, 0.46069, -0.498429, 0.366348, 0.275253]
[0.501229, 0.450788, -0.499262, 0.414559, 0.046996]
[0.429097, 0.382375, -0.499219, 0.227792, 0.181868]
[0.40841, 0.248522, -0.49852, 0.405772, 0.088404]
[0.476404, 0.281214, -0.499725, 0.407811, 0.245433]
[0.432632, 0.418007, -0.498745, 0.406893, 0.44637]
[0.311907, 0.362256, -0.498655, 0.481812, 0.375691]
[0.467587, 0.235289, -0.499322, 0.25572, 0.246684]
[0.537671, 0.356226, -0.49936, 0.415438, 0.459153]
[0.431447, 0.443608, -0.498985, 0.407532, 0.15226]
[0.288673, 0.210923, -0.499451, 0.402813, 0.066656]
[0.487272, 0.280715, -0.498997, 0.403725, 0.22624]
[0.550507, 0.349884, -0.499004, 0.427823, 0.354542]
[0.445931, 0.128025, -0.498907, 0.328351, 0.398719]
[0.523959, 0.203634, -0.499108, 0.281186, 0.307828]
[0.408584, 0.164762, -0.498695, 0.455252, 0.403815]
[0.578891, 0.17653, -0.498571, 0.46214, 0.012448]
[0.27608, 0.400647, -0.498549, 0.474478, 0.265841]
[0.53273, 0.319715, -0.498572, 0.37369, 0.398391]
[0.582314, 0.408435, -0.498487, 0.349073, 0.419846]
[0.411822, 0.432079, -0.498581, 0.356613, 0.088907]
[0.305215, 0.457023, -0.498991, 0.474026, 0.041551]
[0.289051, 0.17552, -0.499299, 0.374261, 0.227101]
[0.634815, 0.175557, -0.499284, 0.283809, 0.46291]
[0.366507, 0.127859, -0.499001, 0.378698, 0.40948]
[0.338828, 0.121207, -0.499053, 0.408102, 0.329462]
[0.438339, 0.117937, -0.499131, 0.440424, 0.195897]
[0.626967, 0.246299, -0.499794, 0.250426, 0.280531]
[0.580888, 0.447897, -0.498976, 0.288153, 0.414045]
[0.640269, 0.327896, -0.499581, 0.445269, 0.239222]
[0.349431, 0.315936, -0.498945, 0.241751, 0.140273]
[0.637251, 0.31162, -0.499369, 0.347781, 0.072637]
[0.342043, 0.210198, -0.498735, 0.254132, 0.131106]
[0.407842, 0.212709, -0.498842, 0.271474, 0.201275]
[0.280277, 0.236649, -0.498718, 0.360289, 0.038442]
[0.453331, 0.271675, -0.49944, 0.47281, 0.22748]
[0.290467, 0.114411, -0.499358, 0.289112, 0.360067]
[0.671049, 0.476139, -0.498644, 0.419834, 0.056777]
[0.541893, 0.476198, -0.499116, 0.446385, 0.132378]
[0.492709, 0.331391, -0.499884, 0.469686, 0.154579]
[0.368902, 0.171871, -0.499217, 0.299309, 0.290076]
[0.516977, 0.40052, -0.499165, 0.461115, 0.413512]
[0.306684, 0.358631, -0.498883, 0.403304, 0.233643]
[0.344398, 0.166778, -0.498635, 0.243978, 0.343897]
[0.66455, 0.222436, -0.49849, 0.468419, 0.30376]
[0.531945, 0.282938, -0.499823, 0.397543, 0.335529]
[0.584167, 0.450876, -0.499229, 0.276753, 0.440808]
[0.446751, 0.176255, -0.49977, 0.488582, 0.479676]
[0.476711, 0.238527, -0.498767, 0.403761, 0.448297]
[0.66594, 0.320285, -0.499736, 0.471864, 0.170378]
[0.481881, 0.308473, -0.498778, 0.307822, 0.365594]
[0.405168, 0.444425, -0.498761, 0.253592, 0.033326]
[0.538635, 0.322404, -0.499846, 0.37494, 0.050521]
[0.559619, 0.154274, -0.499358, 0.345991, 0.266221]
[0.407982, 0.211937, -0.498855, 0.47035, 0.422753]
[0.671131, 0.315406, -0.499361, 0.28184, 0.230496]
[0.302891, 0.247197, -0.499504, 0.441909, 0.271295]
[0.297421, 0.307945, -0.499656, 0.268825, 0.257161]
[0.327608, 0.121214, -0.498745, 0.453631, 0.076681]
[0.465952, 0.255764, -0.498508, 0.42401, 0.037477]
[0.432295, 0.14434, -0.49945, 0.311685, 0.383057]
[0.487989, 0.492656, -0.498847, 0.359451, 0.086651]
[0.405757, 0.269472, -0.499398, 0.421325, 0.473124]
[0.314821, 0.296467, -0.499594, 0.245258, 0.047442]
[0.353097, 0.309044, -0.499252, 0.344811, 0.254375]
[0.66911, 0.326288, -0.498598, 0.333929, 0.235457]
[0.291356, 0.372567, -0.498657, 0.469428, 0.010483]
[0.633026, 0.172552, -0.49985, 0.307233, 0.245489]
[0.573519, 0.27825, -0.499176, 0.372631, 0.439256]
[0.289782, 0.46663, -0.499891, 0.478775, 0.162837]
[0.664499, 0.494173, -0.49964, 0.255765, 0.035624]
[0.623808, 0.180547, -0.498762, 0.363306, 0.464253]
[0.387592, 0.121207, -0.499605, 0.312988, 0.387494]
[0.562439, 0.228698, -0.499413, 0.279055, 0.03787]
[0.375714, 0.336432, -0.499552, 0.499911, 0.283753]
[0.6711, 0.482383, -0.498855, 0.373306, 0.109141]
[0.494841, 0.388987, -0.499714, 0.353512, 0.263907]
[0.393149, 0.330446, -0.499412, 0.297325, 0.270906]
[0.518847, 0.437562, -0.498865, 0.295873, 0.200442]
[0.666414, 0.269576, -0.499998, 0.392797, 0.29727]
[0.594136, 0.419297, -0.499512, 0.437402, 0.154469]
[0.400804, 0.463919, -0.498829, 0.265725, 0.344074]
[0.500815, 0.432311, -0.499551, 0.462317, 0.366199]
[0.292086, 0.182753, -0.498916, 0.229368, 0.224893]
[0.470244, 0.399894, -0.498642, 0.441358, 0.226629]
[0.334292, 0.346645, -0.499515, 0.260386, 0.178002]
[0.553293, 0.314913, -0.499128, 0.358264, 0.283942]
[0.550028, 0.461389, -0.499465, 0.275096, 0.477014]
[0.459775, 0.416369, -0.49861, 0.280513, 0.462543]
[0.645491, 0.480278, -0.498503, 0.275153, 0.467736]
[0.270561, 0.31881, -0.499693, 0.355192, 0.003829]
[0.572281, 0.456485, -0.498576, 0.466048, 0.255366]
[0.607036, 0.473621, -0.49993, 0.317568, 0.02865]
[0.559196, 0.141223, -0.498868, 0.358876, 0.058093]
[0.375319, 0.128109, -0.499003, 0.492719, 0.224053]
[0.276938, 0.348834, -0.499097, 0.477754, 0.202945]
[0.497716, 0.437463, -0.499433, 0.397906, 0.277834]
[0.550572, 0.484387, -0.498993, 0.315008, 0.462341]
[0.517283, 0.362548, -0.49926, 0.487357, 0.027698]
[0.401779, 0.182169, -0.498578, 0.306739, 0.445966]
[0.582718, 0.266977, -0.498532, 0.408411, 0.476151]
[0.496355, 0.119128, -0.498821, 0.404368, 0.177932]
[0.562001, 0.323447, -0.499807, 0.411548, 0.249439]
[0.623207, 0.255171, -0.498501, 0.378695, 0.021553]
[0.414951, 0.250382, -0.499123, 0.32184, 0.00664]
[0.511445, 0.495819, -0.498789, 0.443643, 0.0876]
[0.51095, 0.350693, -0.499824, 0.27629, 0.203004]
[0.563426, 0.342677, -0.498508, 0.479199, 0.101054]
[0.590276, 0.373737, -0.498598, 0.252338, 0.305187]
[0.520791, 0.255127, -0.499696, 0.318425, 0.342197]
[0.621408, 0.210904, -0.499673, 0.432709, 0.466615]
[0.376688, 0.319807, -0.499279, 0.43674, 0.110759]
[0.385049, 0.348072, -0.499956, 0.299804, 0.44848]
[0.353556, 0.307862, -0.49965, 0.364526, 0.257986]
[0.493978, 0.136806, -0.498514, 0.257739, 0.231059]
[0.64268, 0.433043, -0.498993, 0.332047, 0.1704]
[0.471572, 0.334804, -0.49883, 0.374359, 0.261426]
[0.588693, 0.429023, -0.499431, 0.236935, 0.23426]
[0.652055, 0.35057, -0.499002, 0.241715, 0.149441]
[0.482403, 0.444138, -0.499211, 0.495799, 0.144234]
[0.347036, 0.402273, -0.498688, 0.469329, 0.312153]
[0.353404, 0.118405, -0.499331, 0.314603, 0.494798]
[0.538453, 0.448798, -0.49946, 0.450462, 0.34603]
[0.609918, 0.366503, -0.498574, 0.319349, 0.042696]
[0.322145, 0.37442, -0.49964, 0.285157, 0.383107]
[0.479944, 0.24534, -0.498958, 0.321777, 0.067268]
[0.462741, 0.167705, -0.499399, 0.357429, 0.49914]
[0.557686, 0.270357, -0.498984, 0.328416, 0.079227]
[0.460393, 0.464922, -0.498798, 0.39521, 0.398542]
[0.559734, 0.441615, -0.499397, 0.379058, 0.423545]
[0.539409, 0.381144, -0.499815, 0.24285, 0.378652]
[0.435739, 0.306466, -0.499985, 0.487357, 0.290742]
[0.425053, 0.154978, -0.498896, 0.392744, 0.034622]
[0.405421, 0.154836, -0.499678, 0.372637, 0.129228]
[0.336131, 0.264888, -0.498514, 0.329574, 0.450986]
[0.372584, 0.157522, -0.499055, 0.468398, 0.395294]
[0.486212, 0.371538, -0.4988, 0.298426, 0.323223]
[0.506826, 0.471272, -0.499578, 0.244195, 0.002188]
[0.392238, 0.281914, -0.499538, 0.256551, 0.214205]
[0.350006, 0.420518, -0.499825, 0.415547, 0.007487]
[0.654954, 0.323175, -0.499373, 0.273805, 0.333627]
[0.507698, 0.194354, -0.498783, 0.382344, 0.208019]
[0.482744, 0.230936, -0.498623, 0.266188, 0.197694]
[0.534294, 0.357734, -0.499951, 0.321451, 0.026787]
[0.623299, 0.146217, -0.499733, 0.352594, 0.460879]
[0.539443, 0.391229, -0.499362, 0.350129, 0.176819]
[0.297473, 0.407735, -0.499938, 0.245729, 0.483606]
[0.433187, 0.17031, -0.499377, 0.378429, 0.353652]
[0.303471, 0.491366, -0.499619, 0.322528, 0.462367]
[0.33891, 0.446712, -0.498759, 0.446174, 0.328807]
[0.326068, 0.29857, -0.498997, 0.45361, 0.397692]
[0.423107, 0.487329, -0.499307, 0.351102, 0.295735]
[0.430334, 0.364302, -0.499203, 0.471697, 0.32061]
[0.663395, 0.368289, -0.499604, 0.412955, 0.438712]
[0.392346, 0.21211, -0.49904, 0.346033, 0.330312]
[0.635703, 0.226914, -0.499538, 0.381479, 0.249877]
[0.316717, 0.427712, -0.499167, 0.409803, 0.456038]
[0.46621, 0.385291, -0.498832, 0.475804, 0.29464]
[0.648537, 0.180035, -0.49873, 0.404439, 0.348075]
[0.562458, 0.416237, -0.498472, 0.419712, 0.272488]
[0.421805, 0.379436, -0.498531, 0.327353, 0.01301]
[0.655197, 0.202088, -0.499434, 0.390846, 0.128085]
[0.418187, 0.469981, -0.49984, 0.338694, 0.185465]
[0.324825, 0.392126, -0.499846, 0.246144, 0.427104]
[0.318186, 0.451499, -0.49889, 0.289223, 0.184672]
[0.364026, 0.324424, -0.499383, 0.39052, 0.143875]
[0.637494, 0.272409, -0.499078, 0.327159, 0.087864]
[0.541769, 0.442402, -0.498875, 0.3781, 0.027728]
[0.289422, 0.186974, -0.499792, 0.309687, 0.379674]
[0.443597, 0.347765, -0.498532, 0.304074, 0.488001]
[0.515413, 0.286631, -0.498654, 0.239911, 0.103847]
[0.662974, 0.222336, -0.499724, 0.352226, 0.327628]
[0.483896, 0.455863, -0.498864, 0.372939, 0.032859]
[0.304341, 0.303439, -0.499744, 0.443759, 0.286427]
[0.455424, 0.246985, -0.498705, 0.256598, 0.402773]
[0.397437, 0.303426, -0.498702, 0.283165, 0.248596]
[0.409712, 0.318067, -0.49844, 0.468024, 0.233718]
[0.309893, 0.41943, -0.499599, 0.261593, 0.341884]
[0.324696, 0.243671, -0.499398, 0.270628, 0.259741]
[0.555259, 0.243021, -0.499929, 0.266606, 0.440275]
[0.280197, 0.322462, -0.499222, 0.416445, 0.465298]
[0.331902, 0.497372, -0.499388, 0.448301, 0.313167]
[0.546339, 0.249912, -0.499016, 0.357521, 0.33285]
[0.547299, 0.431868, -0.499842, 0.301226, 0.297177]
[0.490117, 0.458867, -0.499415, 0.347448, 0.353274]
[0.472479, 0.381396, -0.498812, 0.30657, 0.189311]
[0.341367, 0.487429, -0.499102, 0.450517, 0.412673]
[0.317397, 0.293386, -0.49878, 0.391597, 0.342812]
[0.35133, 0.242646, -0.499661, 0.380939, 0.337346]
[0.629971, 0.208741, -0.498853, 0.499763, 0.320068]
[0.539855, 0.149946, -0.498666, 0.270663, 0.166441]
[0.60475, 0.190189, -0.498659, 0.331074, 0.019464]
[0.632049, 0.205728, -0.49893, 0.235354, 0.479149]
[0.641578, 0.321074, -0.498965, 0.452538, 0.209351]
[0.631289, 0.130842, -0.499926, 0.241615, 0.165721]
[0.335615, 0.415548, -0.499556, 0.498059, 0.140115]
[0.618685, 0.166386, -0.499403, 0.441272, 0.048854]
[0.365464, 0.340094, -0.499227, 0.279116, 0.371946]
[0.300156, 0.32397, -0.499357, 0.429518, 0.113087]
[0.380924, 0.218047, -0.498494, 0.274234, 0.189206]
[0.601868, 0.307267, -0.499243, 0.491115, 0.01934]
[0.331442, 0.314507, -0.498783, 0.406593, 0.03908]
[0.648282, 0.174531, -0.498566, 0.496482, 0.230329]
[0.442692, 0.201055, -0.498932, 0.481143, 0.162273]
[0.672753, 0.310192, -0.499338, 0.32406, 0.1376]
[0.403443, 0.163694, -0.498901, 0.497645, 0.189045]
[0.609199, 0.333334, -0.499599, 0.451312, 0.473559]
[0.392407, 0.29744, -0.498973, 0.327366, 0.405211]
[0.299811, 0.295265, -0.49947, 0.314916, 0.2712]
[0.375906, 0.487631, -0.499666, 0.460618, 0.097087]
[0.409585, 0.120676, -0.498579, 0.322924, 0.106705]
[0.33264, 0.309535, -0.498497, 0.47348, 0.307819]
[0.307734, 0.325636, -0.499223, 0.343208, 0.090338]
[0.495226, 0.344281, -0.49893, 0.45059, 0.119331]
[0.548266, 0.139639, -0.499731, 0.462565, 0.018949]
[0.50411, 0.20067, -0.498454, 0.297262, 0.056695]
[0.381099, 0.386899, -0.499505, 0.241737, 0.027258]
[0.279015, 0.262243, -0.498898, 0.365366, 0.31982]
[0.627706, 0.251799, -0.499476, 0.329664, 0.068029]
[0.54752, 0.474204, -0.499387, 0.476959, 0.031816]
[0.342888, 0.286864, -0.499083, 0.426695, 0.465391]
[0.545915, 0.297147, -0.499086, 0.350892, 0.424615]
[0.658062, 0.188459, -0.498431, 0.304281, 0.092444]
[0.603282, 0.15314, -0.499789, 0.282182, 0.015275]
[0.523836, 0.120699, -0.49971, 0.333231, 0.458849]
[0.578925, 0.374446, -0.499888, 0.457202, 0.356649]
[0.630754, 0.212291, -0.499987, 0.291696, 0.359369]
[0.523959, 0.338781, -0.499093, 0.455154, 0.345929]
[0.485146, 0.25492, -0.499148, 0.31993, 0.109759]
[0.363376, 0.440663, -0.499911, 0.438369, 0.361713]
[0.332034, 0.368047, -0.499191, 0.269832, 0.281708]
[0.477136, 0.329649, -0.499594, 0.346324, 0.148576]
[0.374268, 0.366473, -0.498714, 0.376685, 0.265638]
[0.323142, 0.300213, -0.498834, 0.253132, 0.312498]
[0.292641, 0.479219, -0.499956, 0.4645, 0.107555]
[0.413013, 0.213251, -0.498968, 0.399946, 0.228382]
[0.578892, 0.366358, -0.499201, 0.473829, 0.351112]
[0.355117, 0.25385, -0.49982, 0.294068, 0.082108]
[0.640763, 0.399462, -0.499169, 0.240111, 0.472977]
[0.391329, 0.126359, -0.498468, 0.490029, 0.128988]
[0.375269, 0.205059, -0.498714, 0.259821, 0.430935]
[0.66933, 0.175364, -0.499118, 0.302999, 0.027411]
[0.602402, 0.378942, -0.498424, 0.497787, 0.303882]
[0.620323, 0.418648, -0.499355, 0.269924, 0.469391]
[0.59883, 0.168224, -0.498858, 0.376443, 0.378853]
[0.367272, 0.294471, -0.498551, 0.469603, 0.241202]
[0.486617, 0.389115, -0.499082, 0.454323, 0.348164]
[0.591507, 0.465411, -0.499474, 0.420165, 0.095258]
[0.360087, 0.379515, -0.499422, 0.434935, 0.184704]
[0.290038, 0.4677, -0.499946, 0.396663, 0.06713]
[0.288875, 0.241878, -0.498431, 0.376266, 0.190895]
[0.648722, 0.44127, -0.49878, 0.264033, 0.040402]
[0.495322, 0.279575, -0.499109, 0.334617, 0.43724]
[0.676627, 0.272596, -0.498983, 0.345147, 0.104684]
[0.526081, 0.430009, -0.499152, 0.430955, 0.329188]
[0.362907, 0.145159, -0.499136, 0.370737, 0.424531]
[0.418047, 0.451331, -0.498576, 0.465171, 0.318494]
[0.513312, 0.19345, -0.499856, 0.246957, 0.012646]
[0.574423, 0.408873, -0.499483, 0.457044, 0.050685]
[0.593171, 0.236034, -0.499689, 0.281335, 0.128231]
[0.314303, 0.248629, -0.49955, 0.487835, 0.052137]
[0.439726, 0.202523, -0.499871, 0.424673, 0.049212]
[0.291206, 0.129725, -0.499617, 0.275102, 0.354617]
[0.373834, 0.306772, -0.498541, 0.477692, 0.24852]
[0.292713, 0.31814, -0.498476, 0.449273, 0.384251]
[0.671288, 0.360117, -0.49902, 0.286893, 0.061678]
[0.460635, 0.448819, -0.499429, 0.32416, 0.18479]
[0.505334, 0.430389, -0.498887, 0.469741, 0.010315]
[0.426623, 0.241795, -0.499506, 0.485622, 0.078719]
[0.593428, 0.253811, -0.499129, 0.453673, 0.197506]
[0.484312, 0.188123, -0.499964, 0.442662, 0.365966]
[0.579107, 0.311204, -0.498771, 0.397722, 0.28129]
[0.659386, 0.431073, -0.49943, 0.258283, 0.451408]
[0.619706, 0.2366, -0.499401, 0.390776, 0.154545]
[0.652177, 0.255182, -0.499442, 0.32872, 0.087528]
[0.395063, 0.173604, -0.498837, 0.394838, 0.140051]
[0.445655, 0.379741, -0.499892, 0.414778, 0.422291]
[0.556772, 0.476792, -0.499453, 0.306494, 0.211204]
[0.275992, 0.355293, -0.498998, 0.368829, 0.075762]
[0.44534, 0.16168, -0.498944, 0.288844, 0.395824]
[0.597248, 0.300861, -0.498828, 0.399958, 0.298811]
[0.417096, 0.479829, -0.499311, 0.328466, 0.353944]
[0.588121, 0.353612, -0.498949, 0.337337, 0.327789]
[0.599331, 0.343964, -0.4999, 0.269771, 0.475301]
[0.359621, 0.426077, -0.499187, 0.437712, 0.372339]
[0.359941, 0.252687, -0.499144, 0.469753, 0.406175]
[0.518827, 0.153783, -0.49965, 0.43352, 0.000548]
[0.509028, 0.416688, -0.499268, 0.350504, 0.268696]
[0.316781, 0.192082, -0.499871, 0.275615, 0.110621]
[0.398277, 0.242722, -0.499013, 0.239047, 0.484292]
[0.437484, 0.43185, -0.499156, 0.276553, 0.142733]
[0.401716, 0.250431, -0.499775, 0.273737, 0.102762]
[0.37998, 0.15462, -0.499841, 0.26632, 0.170663]
[0.325499, 0.495959, -0.498875, 0.415797, 0.302963]
[0.628853, 0.219057, -0.499504, 0.233552, 0.416175]
[0.519569, 0.218417, -0.499164, 0.316274, 0.107649]
[0.397698, 0.374511, -0.499851, 0.486493, 0.017654]
[0.589678, 0.200716, -0.499644, 0.378169, 0.408572]
[0.340224, 0.475272, -0.499416, 0.389476, 0.02079]
[0.667116, 0.205955, -0.499679, 0.344176, 0.31043]
[0.49221, 0.429286, -0.498815, 0.326642, 0.138312]
[0.31418, 0.210782, -0.498552, 0.461437, 0.231545]
[0.391812, 0.270897, -0.499299, 0.270879, 0.187313]
[0.349114, 0.177942, -0.499076, 0.276545, 0.392058]
[0.597786, 0.164122, -0.49849, 0.459425, 0.056625]
[0.487792, 0.212693, -0.499917, 0.372361, 0.329789]
[0.274639, 0.259296, -0.498621, 0.26605, 0.016348]
[0.289312, 0.349017, -0.498966, 0.233073, 0.224433]
[0.276536, 0.274296, -0.499236, 0.394683, 0.49518]
[0.49556, 0.421712, -0.499329, 0.351381, 0.064803]
[0.439115, 0.253155, -0.498508, 0.407399, 0.160345]
[0.652067, 0.118125, -0.499116, 0.452981, 0.321]
[0.633583, 0.142412, -0.499942, 0.256878, 0.253577]
[0.549243, 0.481605, -0.49845, 0.493795, 0.11732]
[0.38106, 0.166256, -0.499721, 0.448504, 0.111077]
[0.517709, 0.298616, -0.499409, 0.489923, 0.182617]
[0.452662, 0.366805, -0.498903, 0.26715, 0.431542]
[0.330317, 0.335152, -0.498541, 0.414784, 0.448633]
[0.373243, 0.395515, -0.498716, 0.466904, 0.042943]
[0.649498, 0.19258, -0.498967, 0.380752, 0.06226]
[0.640635, 0.158328, -0.499054, 0.356688, 0.084318]
[0.588778, 0.378893, -0.499702, 0.311853, 0.181272]
[0.597472, 0.280544, -0.498904, 0.434416, 0.493069]
[0.291342, 0.352165, -0.499906, 0.30793, 0.174309]
[0.577103, 0.22583, -0.499706, 0.463442, 0.056223]
[0.58361, 0.277431, -0.499584, 0.461345, 0.166253]
[0.409205, 0.437312, -0.49855, 0.457733, 0.173903]
[0.298415, 0.266059, -0.498884, 0.277208, 0.102928]
[0.612703, 0.493879, -0.498662, 0.432035, 0.026656]
[0.656343, 0.481007, -0.498798, 0.383733, 0.420078]
[0.275124, 0.457164, -0.498414, 0.382589, 0.115332]
[0.639083, 0.395361, -0.499185, 0.333756, 0.463465]
[0.280073, 0.473926, -0.499013, 0.297639, 0.36211]
[0.388312, 0.479978, -0.49954, 0.466575, 0.378909]
[0.432117, 0.233352, -0.498502, 0.346562, 0.206358]
[0.329024, 0.36179, -0.498924, 0.254781, 0.076921]
[0.474844, 0.275978, -0.498831, 0.423391, 0.090298]
[0.450705, 0.281329, -0.498772, 0.496388, 0.453553]
[0.632027, 0.385992, -0.499294, 0.42626, 0.119231]
[0.310651, 0.16226, -0.499656, 0.250106, 0.206227]
[0.656112, 0.423191, -0.499009, 0.245773, 0.197753]
[0.648149, 0.276126, -0.499987, 0.329573, 0.446847]
[0.672963, 0.323181, -0.498751, 0.270253, 0.094713]
[0.336244, 0.157125, -0.499556, 0.334693, 0.342895]
[0.565208, 0.467551, -0.499186, 0.474037, 0.105011]
[0.380997, 0.298003, -0.498506, 0.396942, 0.330619]
[0.321884, 0.498073, -0.498787, 0.292614, 0.091172]
[0.44309, 0.141059, -0.498704, 0.345256, 0.323157]
[0.65276, 0.434039, -0.499296, 0.364366, 0.050356]
[0.342662, 0.290508, -0.499248, 0.271497, 0.276258]
[0.502414, 0.339681, -0.499967, 0.427664, 0.086497]
[0.460421, 0.191251, -0.499033, 0.373863, 0.268768]
[0.666657, 0.383927, -0.499874, 0.421399, 0.184877]
[0.31154, 0.334373, -0.498643, 0.232627, 0.190359]
[0.612218, 0.383224, -0.49864, 0.347704, 0.336291]
[0.322098, 0.332392, -0.499196, 0.24844, 0.444596]
[0.523568, 0.23127, -0.498415, 0.358539, 0.062303]
[0.378081, 0.25492, -0.498999, 0.456049, 0.434554]
[0.637753, 0.366456, -0.499568, 0.40149, 0.128406]
[0.351954, 0.273605, -0.499545, 0.376374, 0.462551]
[0.362865, 0.411516, -0.498886, 0.435731, 0.317021]
[0.634808, 0.142434, -0.499717, 0.490681, 0.198656]
[0.624429, 0.469463, -0.498428, 0.410399, 0.086727]
[0.562136, 0.2584, -0.499767, 0.484087, 0.100882]
[0.281765, 0.246821, -0.49978, 0.34845, 0.087876]
[0.490473, 0.172122, -0.498425, 0.427817, 0.325737]
[0.607051, 0.136569, -0.499125, 0.287369, 0.353248]
[0.49184, 0.407117, -0.49871, 0.491759, 0.195683]
[0.514506, 0.497048, -0.498409, 0.431645, 0.318075]
[0.376048, 0.292889, -0.498905, 0.263633, 0.229446]
[0.542968, 0.467303, -0.498522, 0.329847, 0.271919]
[0.455787, 0.146473, -0.499832, 0.491298, 0.342176]
[0.448677, 0.421181, -0.498568, 0.407212, 0.128136]
[0.604259, 0.444094, -0.498616, 0.414182, 0.447944]
[0.445138, 0.339772, -0.499783, 0.400643, 0.323338]
[0.480736, 0.280745, -0.499674, 0.229234, 0.340812]
[0.375396, 0.325577, -0.499565, 0.227683, 0.116261]
[0.420054, 0.434769, -0.498437, 0.33124, 0.185223]
[0.425011, 0.186595, -0.499936, 0.378983, 0.287991]
[0.624001, 0.153722, -0.498568, 0.468629, 0.478924]
[0.612481, 0.403033, -0.499279, 0.489989, 0.203013]
[0.330945, 0.358686, -0.4988, 0.362199, 0.424554]
[0.447862, 0.417785, -0.499462, 0.415925, 0.244498]
[0.478527, 0.381663, -0.498558, 0.348649, 0.282553]
[0.475871, 0.118064, -0.4997, 0.352916, 0.163818]
[0.346862, 0.190474, -0.498603, 0.461214, 0.011259]
[0.45727, 0.424038, -0.498873, 0.391934, 0.471619]
[0.312917, 0.343301, -0.498609, 0.323083, 0.192675]
[0.476563, 0.416445, -0.498426, 0.402286, 0.366894]
[0.291648, 0.378734, -0.498865, 0.293483, 0.16291]
[0.273026, 0.161614, -0.499349, 0.360929, 0.149237]
[0.364504, 0.398494, -0.499236, 0.412108, 0.325918]
[0.621884, 0.183988, -0.49927, 0.358638, 0.395144]
[0.412942, 0.448354, -0.499883, 0.470089, 0.153536]
[0.445922, 0.237499, -0.499757, 0.416351, 0.224397]
[0.277564, 0.358858, -0.499667, 0.230488, 0.388122]
[0.586587, 0.235289, -0.498814, 0.262058, 0.388148]
[0.537451, 0.187723, -0.499662, 0.37574, 0.310686]
[0.563746, 0.143041, -0.499873, 0.334031, 0.27801]
[0.615764, 0.143049, -0.499564, 0.323465, 0.414697]
[0.443346, 0.29551, -0.499942, 0.454483, 0.220056]
[0.619143, 0.248461, -0.498495, 0.283276, 0.04551]
[0.636616, 0.250512, -0.49883, 0.370664, 0.366031]
[0.35413, 0.130291, -0.498937, 0.489766, 0.236448]
[0.459473, 0.145968, -0.498959, 0.284329, 0.135742]
[0.378882, 0.244169, -0.498683, 0.291874, 0.250002]
[0.511107, 0.182943, -0.499294, 0.319804, 0.477348]
[0.401491, 0.416294, -0.498587, 0.266129, 0.152723]
[0.646601, 0.361196, -0.499849, 0.332377, 0.408453]
[0.429197, 0.212066, -0.499868, 0.38821, 0.290883]
[0.280353, 0.356348, -0.498841, 0.37658, 0.21433]
[0.658557, 0.1913, -0.499533, 0.446082, 0.239155]
[0.398477, 0.247015, -0.499444, 0.497965, 0.245803]
[0.5101, 0.153321, -0.499432, 0.400244, 0.097907]
[0.445517, 0.152107, -0.499473, 0.324892, 0.341032]
[0.633748, 0.233685, -0.498608, 0.413699, 0.400407]
[0.57094, 0.209414, -0.498575, 0.425598, 0.062236]
[0.575977, 0.209058, -0.499885, 0.456171, 0.117505]
[0.319305, 0.275838, -0.498529, 0.436537, 0.42328]
[0.306509, 0.222084, -0.499049, 0.438031, 0.038603]
[0.571989, 0.491763, -0.498535, 0.483045, 0.101933]
[0.356816, 0.166243, -0.499581, 0.308872, 0.25298]
[0.303435, 0.223962, -0.498893, 0.371993, 0.172942]
[0.631497, 0.242151, -0.498636, 0.474609, 0.049273]
[0.514873, 0.462683, -0.499226, 0.353859, 0.131969]
[0.584914, 0.11937, -0.499047, 0.486916, 0.343]
[0.356862, 0.326783, -0.499685, 0.378356, 0.400036]
[0.362051, 0.12439, -0.499437, 0.438151, 0.335383]
[0.282887, 0.237452, -0.498484, 0.380503, 0.277084]
[0.519202, 0.323312, -0.499519, 0.380013, 0.412231]
[0.279492, 0.422043, -0.499746, 0.358055, 0.271698]
[0.409069, 0.292935, -0.498653, 0.459247, 0.336129]
[0.459632, 0.132561, -0.499076, 0.387989, 0.390448]
[0.408427, 0.434623, -0.499425, 0.296148, 0.094036]
[0.605772, 0.130662, -0.499781, 0.243361, 0.294923]
[0.480526, 0.227406, -0.498966, 0.238411, 0.191772]
[0.386279, 0.432944, -0.499646, 0.334761, 0.38786]
[0.38551, 0.326778, -0.498823, 0.430103, 0.154868]
[0.295935, 0.179221, -0.498563, 0.410058, 0.060544]
[0.341229, 0.282787, -0.499402, 0.299519, 0.073887]
[0.487252, 0.42769, -0.499423, 0.384085, 0.227282]
[0.307577, 0.133938, -0.499616, 0.313321, 0.149362]
[0.475607, 0.172006, -0.498508, 0.431117, 0.295011]
[0.505599, 0.384737, -0.499379, 0.478017, 0.380225]
[0.293436, 0.473187, -0.498862, 0.34109, 0.082973]
[0.374276, 0.11545, -0.499089, 0.311586, 0.258829]
[0.543066, 0.460818, -0.499035, 0.271503, 0.142362]
[0.343795, 0.413145, -0.498721, 0.26129, 0.385276]
[0.477542, 0.253782, -0.499042, 0.363878, 0.423102]
[0.424181, 0.23358, -0.499356, 0.463182, 0.417055]
[0.546791, 0.165601, -0.499153, 0.262159, 0.013759]
[0.449942, 0.183123, -0.499229, 0.30919, 0.008584]
[0.659281, 0.429356, -0.499271, 0.468604, 0.201966]
[0.607164, 0.434816, -0.498692, 0.315398, 0.078297]
[0.463691, 0.329939, -0.499313, 0.33693, 0.180723]
[0.53942, 0.186615, -0.498806, 0.2713, 0.441671]
[0.354235, 0.207684, -0.499678, 0.236263, 0.41028]
[0.557259, 0.149305, -0.499746, 0.467251, 0.09035]
[0.544559, 0.432417, -0.498785, 0.345133, 0.179966]
[0.645276, 0.413633, -0.499862, 0.267634, 0.224533]
[0.286553, 0.427602, -0.498954, 0.266178, 0.276377]
[0.398119, 0.178699, -0.49905, 0.435865, 0.462877]
[0.660778, 0.320912, -0.499726, 0.273725, 0.086974]
[0.385926, 0.368685, -0.499779, 0.280605, 0.263182]
[0.525611, 0.372422, -0.499889, 0.393282, 0.018902]
[0.406963, 0.162712, -0.499762, 0.358359, 0.073094]
[0.67431, 0.235709, -0.499759, 0.476403, 0.029735]
[0.531457, 0.132123, -0.498904, 0.319294, 0.335212]
[0.473666, 0.270767, -0.499358, 0.341936, 0.379023]
[0.486656, 0.447661, -0.49894, 0.343622, 0.158663]
[0.40041, 0.300639, -0.499368, 0.422782, 0.205572]
[0.612172, 0.436592, -0.499217, 0.449145, 0.177625]
[0.383552, 0.439223, -0.498981, 0.422637, 0.191441]
[0.655603, 0.18323, -0.498543, 0.432479, 0.11095]
[0.61968, 0.396078, -0.49855, 0.404009, 0.239147]
[0.500056, 0.180548, -0.499549, 0.252373, 0.171002]
[0.630862, 0.194763, -0.49915, 0.497988, 0.285447]
[0.317295, 0.224913, -0.49978, 0.276153, 0.252547]
[0.489751, 0.297073, -0.499346, 0.333552, 0.090852]
[0.621869, 0.204609, -0.498626, 0.425822, 0.324693]
[0.38866, 0.393872, -0.499314, 0.307763, 0.056293]
[0.440939, 0.118749, -0.498896, 0.44346, 0.302481]
[0.624369, 0.258407, -0.498472, 0.481333, 0.411394]
[0.454299, 0.341057, -0.499568, 0.424886, 0.47414]
[0.476861, 0.330841, -0.499829, 0.378706, 0.114585]
[0.331851, 0.314209, -0.498601, 0.301085, 0.187978]
[0.482112, 0.170873, -0.498908, 0.321665, 0.242497]
[0.336453, 0.341895, -0.498645, 0.418859, 0.262036]
[0.461113, 0.208203, -0.499232, 0.349723, 0.137941]
[0.419457, 0.338865, -0.498417, 0.317336, 0.225231]
[0.421132, 0.275748, -0.498408, 0.240169, 0.054403]
[0.416876, 0.215752, -0.49887, 0.412861, 0.359275]
[0.649197, 0.259453, -0.499302, 0.440606, 0.356772]
[0.490402, 0.490138, -0.499201, 0.367749, 0.440341]
[0.316456, 0.229207, -0.498569, 0.247267, 0.269986]
[0.584688, 0.371242, -0.499966, 0.413511, 0.025198]
[0.613216, 0.282852, -0.499132, 0.361958, 0.319311]
[0.29017, 0.364894, -0.499392, 0.371615, 0.358664]
[0.420786, 0.454783, -0.498476, 0.395208, 0.189102]
[0.307309, 0.283451, -0.499386, 0.443755, 0.286153]
[0.521586, 0.328945, -0.498524, 0.479324, 0.174695]
[0.62283, 0.246033, -0.498889, 0.378692, 0.369296]
[0.406396, 0.488787, -0.499299, 0.367198, 0.432498]
[0.516278, 0.278835, -0.49951, 0.281563, 0.248822]
[0.570505, 0.138029, -0.499991, 0.456153, 0.348798]
[0.572136, 0.452453, -0.498716, 0.365629, 0.300201]
[0.595703, 0.243171, -0.499681, 0.236394, 0.115663]
[0.426285, 0.315357, -0.498959, 0.404063, 0.185657]
[0.43424, 0.427743, -0.499966, 0.267283, 0.464889]
[0.399526, 0.165876, -0.499566, 0.30277, 0.289331]
[0.548314, 0.475409, -0.499385, 0.331893, 0.499461]
[0.434167, 0.414474, -0.499995, 0.255735, 0.399552]
[0.551888, 0.277721, -0.499656, 0.241035, 0.347263]
[0.35744, 0.435918, -0.499472, 0.393007, 0.215133]
[0.48806, 0.218157, -0.499881, 0.378188, 0.145428]
[0.349625, 0.45182, -0.499653, 0.284994, 0.208277]
[0.50161, 0.412929, -0.499811, 0.410021, 0.042483]
[0.488512, 0.16355, -0.498453, 0.310413, 0.329878]
[0.627647, 0.116895, -0.498494, 0.2742, 0.171756]
[0.511002, 0.382574, -0.498626, 0.359943, 0.097691]
[0.601699, 0.283762, -0.498829, 0.314318, 0.371915]
[0.305234, 0.478364, -0.498703, 0.48243, 0.190426]
[0.521433, 0.403676, -0.499214, 0.298411, 0.308283]
[0.471491, 0.12554, -0.498941, 0.439332, 0.198369]
[0.531283, 0.485369, -0.499136, 0.306467, 0.07666]
[0.54884, 0.2551, -0.499888, 0.474644, 0.349542]
[0.499252, 0.2737, -0.498897, 0.374769, 0.460853]
[0.519115, 0.202793, -0.49913, 0.369782, 0.091015]
[0.636255, 0.201595, -0.49883, 0.350273, 0.303429]
[0.292143, 0.257017, -0.498453, 0.432805, 0.404954]
[0.60899, 0.366981, -0.499047, 0.482428, 0.397222]
[0.628898, 0.185367, -0.49954, 0.442812, 0.348403]
[0.304625, 0.496125, -0.499132, 0.375172, 0.301795]
[0.388015, 0.404913, -0.498959, 0.467909, 0.076348]
[0.484601, 0.319895, -0.498868, 0.300726, 0.379948]
[0.304833, 0.269729, -0.498703, 0.492373, 0.155773]
[0.506127, 0.303731, -0.498604, 0.389501, 0.060428]
[0.31163, 0.495204, -0.499708, 0.35487, 0.312103]
[0.282938, 0.124139, -0.499644, 0.434366, 0.151794]
[0.554263, 0.190151, -0.499703, 0.282637, 0.003176]
[0.364593, 0.160502, -0.499607, 0.407154, 0.095036]
[0.594441, 0.390896, -0.49989, 0.386544, 0.3815]
[0.654522, 0.327197, -0.499421, 0.263851, 0.179952]
[0.305568, 0.432904, -0.499984, 0.454429, 0.317879]
[0.319816, 0.147243, -0.499549, 0.330102, 0.069931]
[0.623533, 0.155323, -0.499932, 0.451163, 0.053602]
[0.388259, 0.27146, -0.498731, 0.401732, 0.261093]
[0.481054, 0.49847, -0.499075, 0.329039, 0.352174]
[0.481219, 0.151123, -0.498648, 0.433122, 0.0033]
[0.591578, 0.426502, -0.498997, 0.375307, 0.259255]
[0.307287, 0.151254, -0.499433, 0.479402, 0.087183]
[0.511562, 0.408222, -0.499081, 0.440526, 0.12815]
[0.366739, 0.201081, -0.499504, 0.266421, 0.001823]
[0.371708, 0.177826, -0.499226, 0.377725, 0.037934]
[0.451243, 0.468213, -0.499928, 0.324729, 0.051844]
[0.298882, 0.46242, -0.499773, 0.291996, 0.348017]
[0.534144, 0.449074, -0.499526, 0.42036, 0.093683]
[0.438013, 0.228035, -0.498615, 0.24741, 0.002906]
[0.277203, 0.496959, -0.498811, 0.298168, 0.492138]
[0.548851, 0.302337, -0.498574, 0.443997, 0.499622]
[0.279618, 0.199602, -0.498848, 0.35152, 0.066953]
[0.428871, 0.360767, -0.498784, 0.36431, 0.448598]
[0.593288, 0.321666, -0.49988, 0.392171, 0.440414]
[0.319495, 0.158409, -0.49886, 0.255445, 0.298161]
[0.332264, 0.44939, -0.499074, 0.362777, 0.262504]
[0.545138, 0.346834, -0.49926, 0.238542, 0.292519]
[0.310278, 0.389495, -0.498946, 0.40658, 0.076992]
[0.469907, 0.205889, -0.499867, 0.289939, 0.397293]
[0.416842, 0.276954, -0.499517, 0.361815, 0.037712]
[0.290328, 0.247368, -0.499481, 0.490268, 0.426174]
[0.48285, 0.444841, -0.499012, 0.250083, 0.375335]
[0.432107, 0.262674, -0.498419, 0.310185, 0.001618]
[0.601918, 0.37621, -0.498851, 0.384869, 0.029928]
[0.502581, 0.210323, -0.499132, 0.498365, 0.291371]
[0.414962, 0.364783, -0.49904, 0.285128, 0.045796]
[0.478498, 0.270268, -0.498757, 0.419431, 0.127858]
[0.631561, 0.4737, -0.499527, 0.482362, 0.216626]
[0.652455, 0.339608, -0.49929, 0.288229, 0.242258]
[0.301355, 0.297629, -0.499727, 0.296174, 0.250707]
[0.638078, 0.426336, -0.498566, 0.421675, 0.31378]
[0.469869, 0.121954, -0.499919, 0.385664, 0.23209]
[0.316167, 0.301731, -0.498632, 0.246712, 0.360284]
[0.615309, 0.245445, -0.498594, 0.425208, 0.129176]
[0.325638, 0.40556, -0.499481, 0.297465, 0.455607]
[0.59137, 0.461235, -0.499804, 0.37486, 0.396117]
[0.454651, 0.401904, -0.499775, 0.45481, 0.340003]
[0.37733, 0.446293, -0.499772, 0.499923, 0.376162]
[0.367693, 0.298654, -0.498952, 0.490102, 0.337091]
[0.414198, 0.479892, -0.499174, 0.274508, 0.237333]
[0.386561, 0.478031, -0.49853, 0.344649, 0.299842]
[0.299601, 0.14739, -0.498848, 0.478782, 0.281606]
[0.278764, 0.181864, -0.499438, 0.418049, 0.446054]
[0.41854, 0.363249, -0.499671, 0.494286, 0.325948]
[0.382222, 0.191128, -0.499297, 0.233336, 0.297086]
[0.414211, 0.243365, -0.499534, 0.471277, 0.181465]
[0.570199, 0.169151, -0.498493, 0.244465, 0.357915]
[0.345783, 0.478675, -0.499145, 0.374223, 0.188482]
[0.650083, 0.144487, -0.499262, 0.274606, 0.125979]
[0.344198, 0.184674, -0.499906, 0.455228, 0.320367]
[0.325472, 0.180285, -0.499737, 0.491482, 0.178595]
[0.478093, 0.391888, -0.499748, 0.46725, 0.440209]
[0.303271, 0.349171, -0.498621, 0.302964, 0.129141]
[0.66043, 0.443464, -0.49935, 0.262034, 0.190407]
[0.283251, 0.401137, -0.498556, 0.249258, 0.328709]
[0.408643, 0.438523, -0.49959, 0.331541, 0.09261]
[0.298087, 0.133249, -0.499142, 0.325153, 0.171467]
[0.638893, 0.368667, -0.499503, 0.242681, 0.078328]
[0.567999, 0.301579, -0.499498, 0.475331, 0.052756]
[0.656092, 0.422392, -0.499186, 0.49799, 0.461359]
[0.674773, 0.328908, -0.498846, 0.388815, 0.29584]
[0.426637, 0.340645, -0.499439, 0.461082, 0.102445]
[0.626589, 0.313386, -0.498684, 0.431993, 0.392376]
[0.348552, 0.202873, -0.498841, 0.479771, 0.092519]
[0.548673, 0.251034, -0.498893, 0.344107, 0.448909]
[0.384893, 0.127305, -0.499497, 0.331185, 0.126569]
[0.468709, 0.278143, -0.499126, 0.479018, 0.202226]
[0.333616, 0.39528, -0.499826, 0.384512, 0.085273]
[0.52003, 0.339431, -0.499224, 0.489241, 0.167472]
[0.649293, 0.243332, -0.499354, 0.439685, 0.040265]
[0.335824, 0.13729, -0.49857, 0.380857, 0.487057]
[0.610285, 0.152872, -0.499757, 0.463819, 0.053145]
[0.615163, 0.278666, -0.498718, 0.455232, 0.231228]
[0.563669, 0.385561, -0.499492, 0.346374, 0.216147]
[0.30024, 0.468394, -0.499836, 0.493661, 0.201659]
[0.343835, 0.300777, -0.498455, 0.398846, 0.021595]
[0.575096, 0.405615, -0.499357, 0.325718, 0.130735]
[0.340642, 0.306615, -0.499915, 0.356755, 0.324401]
[0.577046, 0.172834, -0.498974, 0.263299, 0.052709]
[0.434056, 0.454394, -0.498443, 0.266133, 0.23123]
[0.389481, 0.31364, -0.499669, 0.255705, 0.376441]
[0.594285, 0.196846, -0.498687, 0.488137, 0.003682]
[0.645286, 0.332921, -0.499721, 0.227791, 0.39371]
[0.593315, 0.271107, -0.499388, 0.408976, 0.426441]
[0.654552, 0.403906, -0.498509, 0.389672, 0.286275]
[0.412381, 0.303456, -0.49903, 0.443335, 0.31261]
[0.37698, 0.138599, -0.498707, 0.459606, 0.270685]
[0.466566, 0.15895, -0.498839, 0.240423, 0.254097]
[0.492072, 0.327315, -0.499147, 0.375764, 0.051572]
[0.675538, 0.296591, -0.498973, 0.251792, 0.008234]
[0.304079, 0.338052, -0.498657, 0.290312, 0.265905]
[0.498529, 0.195173, -0.498837, 0.272811, 0.40972]
[0.676015, 0.473868, -0.499525, 0.345424, 0.252566]
[0.545313, 0.161931, -0.498558, 0.471523, 0.455548]
[0.385104, 0.399256, -0.498746, 0.482963, 0.269462]
[0.39917, 0.250539, -0.499654, 0.378556, 0.047828]
[0.640622, 0.153092, -0.499776, 0.339937, 0.410379]
[0.6663, 0.274588, -0.49967, 0.320463, 0.366476]
[0.570764, 0.152281, -0.499613, 0.263827, 0.145726]
[0.574399, 0.49815, -0.499361, 0.364638, 0.255857]
[0.486681, 0.255514, -0.499022, 0.484072, 0.486804]
[0.663709, 0.220889, -0.499236, 0.310504, 0.0926]
[0.57409, 0.476334, -0.498456, 0.374808, 0.348695]
[0.679615, 0.338382, -0.499806, 0.412176, 0.421621]
[0.573769, 0.391753, -0.49996, 0.366763, 0.101959]
[0.280338, 0.135899, -0.499611, 0.260757, 0.229781]
[0.376599, 0.213175, -0.498583, 0.32545, 0.158183]
[0.422794, 0.352783, -0.499235, 0.274504, 0.110581]
[0.526465, 0.383479, -0.49936, 0.308002, 0.28862]
[0.649896, 0.194461, -0.49903, 0.333469, 0.186053]
[0.306593, 0.449941, -0.498625, 0.303048, 0.024945]
[0.547174, 0.123101, -0.498924, 0.37303, 0.239781]
[0.439462, 0.353133, -0.499565, 0.255969, 0.152733]
[0.643703, 0.215422, -0.49991, 0.295081, 0.266457]
[0.272549, 0.279732, -0.499291, 0.446772, 0.341701]
[0.448363, 0.361344, -0.498412, 0.253684, 0.185661]
[0.48729, 0.477034, -0.499261, 0.270128, 0.169676]
[0.473032, 0.372633, -0.499555, 0.256857, 0.323658]
[0.340289, 0.213837, -0.499965, 0.497489, 0.358988]
[0.552224, 0.402693, -0.499266, 0.26294, 0.394054]
[0.386806, 0.257752, -0.498892, 0.441981, 0.064683]
[0.541942, 0.135408, -0.498692, 0.340745, 0.383567]
[0.475595, 0.117451, -0.498845, 0.251071, 0.444811]
[0.56893, 0.242629, -0.498915, 0.345473, 0.40203]
[0.46866, 0.390033, -0.499391, 0.470395, 0.433451]
[0.357319, 0.257396, -0.499577, 0.34038, 0.147582]
[0.649136, 0.133791, -0.499122, 0.308019, 0.347741]
[0.386208, 0.364576, -0.498704, 0.285134, 0.192907]
[0.42032, 0.210172, -0.499478, 0.420821, 0.36132]
[0.30052, 0.156564, -0.498839, 0.4381, 0.228353]
[0.568425, 0.181672, -0.499192, 0.274966, 0.386479]
[0.273088, 0.215562, -0.499967, 0.252, 0.106757]
[0.381169, 0.245558, -0.498941, 0.408045, 0.477038]
[0.571057, 0.226406, -0.498649, 0.431232, 0.356872]
[0.442498, 0.401723, -0.498721, 0.341564, 0.454044]
[0.298179, 0.138666, -0.499535, 0.279006, 0.331144]
[0.276461, 0.404811, -0.498928, 0.343455, 0.389821]
[0.644282, 0.226689, -0.498563, 0.266538, 0.35675]
[0.400704, 0.236414, -0.498913, 0.467379, 0.187888]
[0.577264, 0.2655, -0.499461, 0.319029, 0.392216]
[0.604456, 0.292387, -0.499552, 0.474357, 0.422504]
[0.570439, 0.433285, -0.499363, 0.406777, 0.038401]
[0.546148, 0.415348, -0.498474, 0.325269, 0.243903]
[0.387556, 0.14752, -0.498976, 0.243581, 0.110602]
[0.459672, 0.407521, -0.499822, 0.435942, 0.21717]
[0.484435, 0.296333, -0.498608, 0.285943, 0.142924]
[0.642931, 0.260169, -0.499775, 0.453242, 0.476092]
[0.367225, 0.158302, -0.498653, 0.318286, 0.439414]
[0.535, 0.413696, -0.499071, 0.477586, 0.037909]
[0.627473, 0.245312, -0.499872, 0.391946, 0.283513]
[0.563186, 0.168552, -0.499589, 0.254439, 0.032434]
[0.337016, 0.250322, -0.4994, 0.334336, 0.105807]
[0.352202, 0.41914, -0.499985, 0.233181, 0.278986]
[0.664525, 0.32416, -0.499128, 0.30063, 0.230549]
[0.559936, 0.438157, -0.498502, 0.231431, 0.088054]
[0.480568, 0.492158, -0.498926, 0.294911, 0.422531]
[0.651508, 0.335474, -0.498956, 0.392599, 0.38053]
[0.582574, 0.395882, -0.499148, 0.33557, 0.466345]
[0.33453, 0.488896, -0.499002, 0.329149, 0.016687]
[0.632261, 0.450682, -0.499138, 0.294846, 0.129292]
[0.346973, 0.120725, -0.499638, 0.380579, 0.075055]
[0.502556, 0.416411, -0.49893, 0.429055, 0.110203]
[0.406912, 0.431782, -0.499856, 0.227781, 0.103609]
[0.554697, 0.423271, -0.499305, 0.313781, 0.183747]
[0.314162, 0.242867, -0.49998, 0.358978, 0.222347]
[0.441021, 0.11526, -0.499551, 0.395013, 0.157286]
[0.550826, 0.300194, -0.499666, 0.46529, 0.454609]
[0.403097, 0.439046, -0.499322, 0.391736, 0.462152]
[0.538726, 0.446657, -0.49843, 0.363745, 0.466482]
[0.38521, 0.353473, -0.499327, 0.466045, 0.222571]
[0.616328, 0.256148, -0.49978, 0.403941, 0.225307]
[0.367186, 0.290661, -0.499135, 0.285418, 0.131546]
[0.514343, 0.386816, -0.499888, 0.336967, 0.062188]
[0.577821, 0.443665, -0.499766, 0.367813, 0.101279]
[0.6254, 0.24779, -0.499095, 0.256229, 0.419049]
[0.670524, 0.369133, -0.498596, 0.398726, 0.16503]
[0.326168, 0.454836, -0.498522, 0.301656, 0.223563]
[0.616961, 0.303043, -0.499923, 0.230656, 0.13909]
[0.638363, 0.268936, -0.49852, 0.241166, 0.240818]
[0.352004, 0.361659, -0.498438, 0.361003, 0.374231]
[0.431045, 0.200243, -0.499799, 0.342117, 0.210381]
[0.569904, 0.422208, -0.499242, 0.439532, 0.270761]
[0.307793, 0.206169, -0.49895, 0.241443, 0.011803]
[0.600418, 0.395887, -0.499137, 0.430427, 0.387943]
[0.406086, 0.22689, -0.498851, 0.411213, 0.025327]
[0.274383, 0.443817, -0.498719, 0.31559, 0.17157]
[0.535627, 0.360015, -0.498853, 0.451937, 0.308965]
[0.537503, 0.324868, -0.499831, 0.486128, 0.100139]
[0.541658, 0.20131, -0.498413, 0.303414, 0.12711]
[0.630551, 0.403513, -0.498775, 0.338017, 0.449433]
[0.563271, 0.195762, -0.499128, 0.48229, 0.068325]
[0.360295, 0.454737, -0.498834, 0.288404, 0.153552]
[0.312341, 0.445088, -0.499302, 0.238658, 0.454224]
[0.372062, 0.348883, -0.499776, 0.269432, 0.322554]
[0.376443, 0.275283, -0.498619, 0.350164, 0.468357]
[0.459327, 0.231123, -0.498542, 0.301901, 0.329206]
[0.591447, 0.262741, -0.499331, 0.479764, 0.356827]
[0.589685, 0.457146, -0.499208, 0.291923, 0.295713]
[0.408631, 0.327557, -0.499604, 0.425331, 0.170932]
[0.379847, 0.250204, -0.498421, 0.406973, 0.451578]
[0.433022, 0.127227, -0.49865, 0.41201, 0.350068]
[0.450919, 0.477827, -0.499032, 0.483674, 0.271504]
[0.583336, 0.185452, -0.49892, 0.27211, 0.46386]
[0.560047, 0.213689, -0.499988, 0.264186, 0.276179]
[0.419793, 0.189773, -0.499932, 0.391365, 0.379255]
[0.352928, 0.3467, -0.498758, 0.304577, 0.447876]
[0.465444, 0.157516, -0.499217, 0.464398, 0.33608]
[0.278015, 0.425499, -0.498566, 0.388067, 0.179599]
[0.604481, 0.139663, -0.499277, 0.390703, 0.348021]
[0.495589, 0.40973, -0.498417, 0.350387, 0.376107]
[0.339017, 0.381333, -0.499358, 0.254143, 0.281683]
[0.391723, 0.129599, -0.499231, 0.367996, 0.032974]
[0.296114, 0.418222, -0.498848, 0.254321, 0.33754]
[0.296444, 0.193994, -0.498994, 0.484099, 0.28107]
[0.586633, 0.497678, -0.49894, 0.247013, 0.195977]
[0.619257, 0.424805, -0.498433, 0.396608, 0.452558]
[0.599517, 0.159004, -0.498494, 0.427684, 0.029426]
[0.561832, 0.319152, -0.499903, 0.3685, 0.379343]
[0.396521, 0.427687, -0.498686, 0.263066, 0.028054]
[0.316043, 0.296392, -0.499997, 0.255712, 0.0011]
[0.679641, 0.445524, -0.499512, 0.474175, 0.405911]
[0.608102, 0.268584, -0.499317, 0.458418, 0.168558]
[0.336305, 0.239857, -0.499313, 0.387969, 0.16089]
[0.561418, 0.296524, -0.498526, 0.301433, 0.31449]
[0.371241, 0.126469, -0.499421, 0.328392, 0.046054]
[0.479204, 0.370263, -0.498916, 0.446139, 0.424287]
[0.612061, 0.112185, -0.499802, 0.369515, 0.354412]
[0.483682, 0.385506, -0.498686, 0.295181, 0.204152]
[0.56837, 0.434693, -0.498768, 0.254412, 0.324222]
[0.455207, 0.365895, -0.499085, 0.373588, 0.149563]
[0.556537, 0.477314, -0.498979, 0.237996, 0.002051]
[0.529989, 0.397746, -0.499962, 0.254688, 0.032206]
[0.63307, 0.265271, -0.49922, 0.388488, 0.399684]
[0.523073, 0.432152, -0.498423, 0.486637, 0.435071]
[0.479752, 0.33892, -0.499467, 0.466898, 0.028656]
[0.54865, 0.136186, -0.499248, 0.253444, 0.386112]
[0.442285, 0.329441, -0.499039, 0.428021, 0.02104]
[0.469065, 0.198277, -0.49897, 0.243186, 0.05278]
[0.330707, 0.259011, -0.498626, 0.24449, 0.440539]
[0.27482, 0.269377, -0.498906, 0.401529, 0.403339]
[0.419169, 0.183541, -0.499426, 0.251697, 0.416835]
[0.600639, 0.263104, -0.499937, 0.294231, 0.290844]
[0.672684, 0.44423, -0.498581, 0.32638, 0.46629]
[0.607194, 0.288573, -0.499926, 0.277456, 0.39391]
[0.648132, 0.382157, -0.499452, 0.279585, 0.359502]
[0.38793, 0.298915, -0.499736, 0.48939, 0.345105]
[0.312951, 0.418409, -0.498765, 0.492504, 0.130632]
[0.613573, 0.280367, -0.499485, 0.442877, 0.319259]
[0.518356, 0.421655, -0.499992, 0.357839, 0.359107]
[0.473307, 0.49839, -0.4994, 0.270965, 0.097395]
[0.631053, 0.384796, -0.498952, 0.342844, 0.16526]
[0.628093, 0.174317, -0.499458, 0.407634, 0.075593]
[0.533663, 0.209852, -0.499036, 0.280361, 0.087973]
[0.313427, 0.456135, -0.499022, 0.261013, 0.087141]
[0.367249, 0.30372, -0.499886, 0.460882, 0.297587]
[0.52715, 0.255169, -0.499493, 0.459789, 0.417369]
[0.491598, 0.38803, -0.499869, 0.498135, 0.17787]
[0.371912, 0.197955, -0.499334, 0.288351, 0.333804]
[0.342446, 0.42058, -0.49885, 0.373409, 0.177314]
[0.618096, 0.185292, -0.499107, 0.36595, 0.190914]
[0.315245, 0.210497, -0.498884, 0.332655, 0.356688]
[0.678091, 0.462287, -0.49902, 0.473579, 0.059957]
[0.47363, 0.35766, -0.499575, 0.230263, 0.062021]
[0.424945, 0.212732, -0.499469, 0.310252, 0.350145]
[0.411444, 0.481868, -0.498521, 0.254949, 0.3326]
[0.394767, 0.133916, -0.499752, 0.235236, 0.220613]
[0.336681, 0.128184, -0.499558, 0.396408, 0.006423]
[0.553227, 0.434558, -0.499791, 0.306817, 0.437413]
[0.47511, 0.397127, -0.49926, 0.469472, 0.475837]
[0.392646, 0.251039, -0.498874, 0.488087, 0.251056]
[0.549716, 0.202465, -0.498556, 0.266293, 0.10856]
[0.363513, 0.195521, -0.499108, 0.420625, 0.117998]
[0.431568, 0.423051, -0.499377, 0.263813, 0.077757]
[0.426474, 0.165722, -0.499825, 0.248803, 0.401925]
[0.27349, 0.135493, -0.498526, 0.280647, 0.118647]
[0.617204, 0.355643, -0.498636, 0.282091, 0.366926]
[0.544442, 0.39529, -0.499819, 0.482937, 0.356768]
[0.67381, 0.131537, -0.498882, 0.400713, 0.020518]
[0.589114, 0.492095, -0.499885, 0.405159, 0.42466]
[0.380592, 0.139049, -0.499298, 0.316295, 0.319789]
[0.566568, 0.353443, -0.498821, 0.430844, 0.10903]
[0.585143, 0.229098, -0.499214, 0.286384, 0.35811]
[0.599097, 0.152121, -0.499949, 0.440073, 0.199226]
[0.640376, 0.116478, -0.499772, 0.329134, 0.403195]
[0.657808, 0.325521, -0.499973, 0.315793, 0.115603]
[0.468753, 0.230214, -0.498499, 0.412935, 0.351318]
[0.621922, 0.221271, -0.4998, 0.454121, 0.456329]
[0.502343, 0.278332, -0.499569, 0.337291, 0.141511]
[0.286425, 0.460991, -0.498817, 0.251445, 0.14003]
[0.395567, 0.181164, -0.499733, 0.261795, 0.295061]
[0.396867, 0.283968, -0.499535, 0.240418, 0.441331]
[0.472906, 0.414744, -0.499053, 0.375859, 0.461296]
[0.406195, 0.367559, -0.499356, 0.45688, 0.025854]
[0.634795, 0.428783, -0.498474, 0.412707, 0.351512]
[0.339191, 0.375311, -0.499777, 0.310045, 0.174734]
[0.29041, 0.399809, -0.49857, 0.248635, 0.38886]
[0.586809, 0.116396, -0.498992, 0.245131, 0.282211]
[0.29999, 0.291378, -0.498434, 0.445727, 0.155572]
[0.421219, 0.419055, -0.49885, 0.498569, 0.133979]
[0.609622, 0.31692, -0.499372, 0.473754, 0.204266]
[0.59773, 0.423624, -0.498995, 0.254226, 0.462848]
[0.40286, 0.491469, -0.499069, 0.353752, 0.245263]
[0.679645, 0.35218, -0.499218, 0.233325, 0.202242]
[0.560254, 0.29669, -0.499857, 0.237375, 0.499822]
[0.348286, 0.26083, -0.499754, 0.346335, 0.067437]
[0.371896, 0.206222, -0.499518, 0.348155, 0.304038]
[0.410255, 0.162191, -0.499014, 0.291284, 0.289989]
[0.310082, 0.340285, -0.499201, 0.370647, 0.05209]
[0.368675, 0.23822, -0.499369, 0.454876, 0.282699]
[0.336186, 0.40354, -0.499211, 0.348741, 0.348155]
[0.67262, 0.335819, -0.498794, 0.295365, 0.043353]
[0.596533, 0.481696, -0.499749, 0.477035, 0.224214]
[0.644014, 0.404166, -0.499737, 0.406307, 0.270221]
[0.273822, 0.488977, -0.499092, 0.24948, 0.425686]
[0.427649, 0.340182, -0.499973, 0.476228, 0.312846]
[0.509662, 0.388578, -0.499838, 0.414255, 0.10333]
[0.296401, 0.128609, -0.498832, 0.259046, 0.339907]
[0.415831, 0.483788, -0.499658, 0.262791, 0.306491]
[0.397256, 0.372581, -0.498498, 0.338311, 0.289333]
[0.552011, 0.38565, -0.499659, 0.302904, 0.050045]
[0.514936, 0.469571, -0.498781, 0.362828, 0.096379]
[0.525295, 0.225534, -0.499602, 0.474161, 0.170054]
[0.584928, 0.117578, -0.498641, 0.339421, 0.448877]
[0.400945, 0.374319, -0.499029, 0.264135, 0.095907]
[0.297549, 0.468493, -0.499007, 0.473542, 0.474915]
[0.374333, 0.368275, -0.498804, 0.233527, 0.272389]
[0.351887, 0.212624, -0.499602, 0.375413, 0.05163]
[0.53288, 0.373731, -0.498747, 0.356359, 0.198118]
[0.403508, 0.237133, -0.498426, 0.362595, 0.279249]
[0.623851, 0.241749, -0.499385, 0.237119, 0.333185]
[0.482168, 0.396745, -0.499866, 0.261038, 0.148975]
[0.450835, 0.368521, -0.499884, 0.440383, 0.132636]
[0.518818, 0.283314, -0.499505, 0.47289, 0.443948]
[0.500288, 0.273445, -0.498944, 0.434507, 0.423415]
[0.471751, 0.1126, -0.499896, 0.331615, 0.133863]
[0.276334, 0.180736, -0.499984, 0.335011, 0.403963]
[0.484836, 0.490975, -0.499191, 0.421007, 0.277224]
[0.564595, 0.192191, -0.4985, 0.289676, 0.494699]
[0.536359, 0.118917, -0.49979, 0.398599, 0.062967]
[0.581241, 0.195985, -0.498734, 0.48093, 0.199811]
[0.386794, 0.25596, -0.499623, 0.435479, 0.438246]
[0.394572, 0.358119, -0.49844, 0.487977, 0.148862]
[0.547005, 0.321505, -0.498783, 0.432378, 0.046223]
[0.594999, 0.138787, -0.499731, 0.367318, 0.264995]
[0.497967, 0.349376, -0.498536, 0.280113, 0.426014]
[0.541269, 0.160103, -0.4993, 0.291485, 0.174931]
[0.359221, 0.136155, -0.498528, 0.488979, 0.242921]
[0.537313, 0.43977, -0.499449, 0.382146, 0.051291]
[0.658785, 0.402415, -0.498433, 0.328284, 0.399648]
[0.468966, 0.361234, -0.499322, 0.356812, 0.478659]
[0.41418, 0.13, -0.499376, 0.319849, 0.383783]
[0.521626, 0.167515, -0.499974, 0.435916, 0.003532]
[0.463549, 0.284284, -0.498846, 0.494461, 0.085717]
[0.493696, 0.41787, -0.498921, 0.474245, 0.085257]
[0.556338, 0.362913, -0.498922, 0.250107, 0.450493]
[0.668438, 0.488967, -0.498438, 0.389988, 0.25388]
[0.579322, 0.147644, -0.49978, 0.438645, 0.393]
[0.57399, 0.202432, -0.498635, 0.275483, 0.410944]
[0.58018, 0.251326, -0.499391, 0.497469, 0.271378]
[0.622362, 0.420399, -0.498688, 0.270408, 0.372926]
[0.643456, 0.419724, -0.499035, 0.284421, 0.097239]
[0.284515, 0.343297, -0.499097, 0.262286, 0.129705]
[0.541237, 0.345981, -0.498619, 0.347693, 0.346969]
[0.274594, 0.261857, -0.49878, 0.321333, 0.017021]
[0.499106, 0.269353, -0.49976, 0.348468, 0.022859]
[0.506283, 0.232615, -0.499921, 0.436773, 0.478148]
[0.413985, 0.498471, -0.498883, 0.357375, 0.321357]
[0.302531, 0.447115, -0.498616, 0.387432, 0.186553]
[0.566342, 0.356794, -0.499531, 0.338097, 0.460205]
[0.326156, 0.180403, -0.498534, 0.249311, 0.331699]
[0.573622, 0.470857, -0.499616, 0.413426, 0.321294]
[0.647197, 0.297445, -0.49858, 0.445345, 0.064548]
[0.673101, 0.14491, -0.499138, 0.259725, 0.120252]
[0.347389, 0.483251, -0.49864, 0.475054, 0.280536]
[0.485897, 0.471042, -0.498624, 0.257894, 0.247415]
[0.503025, 0.396435, -0.499972, 0.229277, 0.002503]
[0.281691, 0.479407, -0.49909, 0.247258, 0.262496]
[0.519815, 0.354128, -0.498409, 0.307726, 0.269833]
[0.280683, 0.265947, -0.498971, 0.336732, 0.460615]
[0.370666, 0.373092, -0.499735, 0.240864, 0.350362]
[0.506074, 0.304542, -0.499676, 0.274601, 0.279683]
[0.5038, 0.412519, -0.498665, 0.449652, 0.319123]
[0.583015, 0.223051, -0.499915, 0.405636, 0.370074]
[0.63065, 0.471735, -0.499856, 0.462187, 0.439685]
[0.36935, 0.351299, -0.499024, 0.446108, 0.287538]
[0.642794, 0.415758, -0.498452, 0.397349, 0.481543]
[0.596545, 0.263108, -0.499623, 0.425304, 0.159341]
[0.321674, 0.471465, -0.499951, 0.447076, 0.204427]
[0.333554, 0.237032, -0.498427, 0.394783, 0.133431]
[0.498636, 0.252737, -0.498769, 0.449764, 0.141198]
[0.350699, 0.257192, -0.499814, 0.469255, 0.241879]
[0.517554, 0.210352, -0.498929, 0.462224, 0.353323]
[0.628835, 0.351628, -0.499751, 0.368493, 0.158874]
[0.321781, 0.358134, -0.498689, 0.407812, 0.389209]
[0.30182, 0.492497, -0.498822, 0.43315, 0.059633]
[0.519767, 0.353118, -0.498644, 0.248837, 0.055107]
[0.477522, 0.305916, -0.49935, 0.399782, 0.286211]
[0.620817, 0.238445, -0.499588, 0.313008, 0.368789]
[0.532338, 0.299874, -0.499354, 0.488246, 0.447208]
[0.511758, 0.142225, -0.49874, 0.391214, 0.472647]
[0.35553, 0.309279, -0.498704, 0.401142, 0.075579]
[0.575906, 0.303401, -0.499386, 0.306617, 0.162177]
[0.304798, 0.321677, -0.49875, 0.424838, 0.184461]
[0.588103, 0.204412, -0.498771, 0.294709, 0.364448]
[0.405968, 0.119815, -0.499674, 0.431621, 0.247076]
[0.587729, 0.486063, -0.499862, 0.300788, 0.158388]
[0.58113, 0.209311, -0.498725, 0.243437, 0.484971]
[0.412645, 0.307063, -0.498888, 0.431398, 0.370833]
[0.347345, 0.466138, -0.498781, 0.431975, 0.445362]
[0.369541, 0.14934, -0.498802, 0.338681, 0.486403]
[0.637452, 0.39287, -0.49942, 0.309166, 0.127772]
[0.587109, 0.357699, -0.499119, 0.441898, 0.196174]
[0.520918, 0.430469, -0.499169, 0.420072, 0.347049]
[0.309025, 0.389704, -0.499667, 0.458845, 0.106947]
[0.436225, 0.175416, -0.499762, 0.366037, 0.243813]
[0.428486, 0.294646, -0.499447, 0.294486, 0.011184]
[0.661001, 0.304941, -0.499697, 0.273902, 0.412062]
[0.665336, 0.439759, -0.499826, 0.330921, 0.489369]
[0.489524, 0.234894, -0.499355, 0.360009, 0.322942]
[0.322288, 0.320699, -0.49938, 0.367837, 0.063739]
[0.396656, 0.207677, -0.499658, 0.299024, 0.229886]
[0.468851, 0.382621, -0.499921, 0.38778, 0.444701]
[0.344469, 0.482061, -0.49982, 0.489719, 0.404475]
[0.284333, 0.191912, -0.499431, 0.475179, 0.388212]
[0.557136, 0.419818, -0.499967, 0.407053, 0.254445]
[0.599527, 0.374139, -0.499561, 0.310342, 0.064789]
[0.564091, 0.194452, -0.499859, 0.488292, 0.04886]
[0.428335, 0.465777, -0.499197, 0.297638, 0.003343]
[0.404678, 0.158059, -0.498836, 0.47522, 0.025048]
[0.621581, 0.221386, -0.499104, 0.339144, 0.430413]
[0.307985, 0.481984, -0.499118, 0.359169, 0.314172]
[0.417511, 0.151535, -0.499512, 0.320571, 0.050651]
[0.303462, 0.280691, -0.499529, 0.316565, 0.322842]
[0.575578, 0.344632, -0.499789, 0.422575, 0.074026]
[0.639443, 0.248138, -0.499788, 0.33943, 0.16123]
[0.478532, 0.345327, -0.499431, 0.321491, 0.448381]
[0.592418, 0.182411, -0.498787, 0.349731, 0.034722]
[0.535629, 0.478679, -0.4995, 0.386245, 0.261175]
[0.333534, 0.160495, -0.498965, 0.373104, 0.226188]
[0.294727, 0.487063, -0.49961, 0.467326, 0.433468]
[0.438469, 0.167018, -0.499423, 0.248596, 0.333076]
[0.529879, 0.282202, -0.499318, 0.340007, 0.22435]
[0.470461, 0.295356, -0.499136, 0.227625, 0.187806]
[0.27183, 0.373685, -0.499664, 0.494261, 0.326025]
[0.478128, 0.153045, -0.499224, 0.283656, 0.079999]
[0.327885, 0.466381, -0.499233, 0.398378, 0.139265]
[0.459719, 0.444587, -0.498746, 0.293712, 0.003666]
[0.620014, 0.420133, -0.498869, 0.338907, 0.488903]
[0.546015, 0.140737, -0.499135, 0.359414, 0.337425]
[0.658316, 0.472336, -0.499448, 0.253713, 0.06391]
[0.281067, 0.142482, -0.498829, 0.324323, 0.36848]
[0.44511, 0.29139, -0.498676, 0.34941, 0.374873]
[0.620502, 0.423497, -0.499947, 0.257982, 0.029462]
[0.527958, 0.38859, -0.498688, 0.344172, 0.218319]
[0.307094, 0.274758, -0.49853, 0.464548, 0.459791]
[0.335359, 0.198128, -0.499718, 0.423944, 0.117489]
[0.668808, 0.215795, -0.49841, 0.255708, 0.325713]
[0.651143, 0.495381, -0.498521, 0.351479, 0.129792]
[0.409656, 0.157217, -0.499658, 0.335823, 0.488075]
[0.398391, 0.272203, -0.498986, 0.234797, 0.471259]
[0.617855, 0.232115, -0.498411, 0.253707, 0.083519]
[0.652095, 0.33976, -0.499046, 0.323593, 0.470647]
[0.37102, 0.243362, -0.499376, 0.364292, 0.245663]
[0.29545, 0.463277, -0.499048, 0.292677, 0.090374]
[0.638757, 0.227894, -0.499703, 0.360475, 0.144773]
[0.38914, 0.347951, -0.499911, 0.422713, 0.314946]
[0.273686, 0.435919, -0.499415, 0.236243, 0.350838]
[0.3533, 0.343066, -0.499079, 0.347668, 0.23877]
[0.444055, 0.202251, -0.498548, 0.3941, 0.143305]
[0.590803, 0.385885, -0.499831, 0.242829, 0.258654]
[0.561787, 0.115164, -0.498854, 0.4679, 0.010507]
[0.418343, 0.346572, -0.499526, 0.396893, 0.118039]
[0.462954, 0.446938, -0.498501, 0.425313, 0.454536]
[0.543435, 0.377324, -0.498912, 0.306651, 0.130034]
[0.457871, 0.256071, -0.49989, 0.352481, 0.005697]
[0.507333, 0.326331, -0.499911, 0.243606, 0.257838]
[0.397977, 0.120082, -0.498731, 0.419753, 0.346617]
[0.306132, 0.259113, -0.499628, 0.390677, 0.158094]
[0.400484, 0.2549, -0.499131, 0.418413, 0.414293]
[0.620379, 0.124057, -0.499937, 0.456822, 0.297997]
[0.383586, 0.21358, -0.499837, 0.42489, 0.420458]
[0.302628, 0.122735, -0.499903, 0.347577, 0.033905]
[0.497544, 0.335273, -0.499503, 0.320701, 0.130078]
[0.499276, 0.40421, -0.498472, 0.476184, 0.423967]
[0.413693, 0.195223, -0.499123, 0.303185, 0.054437]
[0.512523, 0.300677, -0.499624, 0.478496, 0.095781]
[0.407079, 0.32996, -0.499592, 0.429319, 0.299388]
[0.561355, 0.496163, -0.49878, 0.387696, 0.097643]
[0.576788, 0.363422, -0.499383, 0.242062, 0.036626]
[0.341244, 0.322787, -0.498988, 0.246657, 0.005386]
[0.348502, 0.455882, -0.498604, 0.277725, 0.29382]
[0.324018, 0.385708, -0.499531, 0.431818, 0.204231]
[0.63538, 0.35423, -0.499153, 0.312501, 0.306215]
[0.340412, 0.283283, -0.499318, 0.244046, 0.462493]
[0.334309, 0.4729, -0.499877, 0.250103, 0.225029]
[0.510686, 0.150417, -0.499903, 0.279877, 0.127287]
[0.62831, 0.263894, -0.499022, 0.371155, 0.402703]
[0.312815, 0.400634, -0.499225, 0.324393, 0.469693]
[0.369487, 0.242623, -0.498526, 0.275769, 0.140868]
[0.582648, 0.494001, -0.499798, 0.396656, 0.031473]
[0.528991, 0.166187, -0.499196, 0.292184, 0.13974]
[0.668565, 0.465469, -0.49862, 0.250058, 0.034094]
[0.600426, 0.270399, -0.499145, 0.439166, 0.192433]
[0.403651, 0.456064, -0.499268, 0.431833, 0.24149]
[0.462437, 0.313202, -0.499052, 0.349862, 0.488391]
[0.670331, 0.272375, -0.498444, 0.399008, 0.307985]
[0.447856, 0.167343, -0.49923, 0.232264, 0.236759]
[0.470261, 0.281172, -0.499609, 0.270865, 0.212033]
[0.275576, 0.424683, -0.49975, 0.28842, 0.298042]
[0.358623, 0.490025, -0.498412, 0.293229, 0.0989]
[0.366631, 0.493153, -0.499864, 0.272485, 0.0463]
[0.332988, 0.398178, -0.499255, 0.250966, 0.483707]
[0.300415, 0.138922, -0.498523, 0.274298, 0.160304]
[0.604937, 0.47194, -0.499295, 0.329531, 0.204085]
[0.566882, 0.480719, -0.499069, 0.493997, 0.357634]
[0.591505, 0.214619, -0.499748, 0.499511, 0.458877]
[0.525341, 0.113711, -0.498922, 0.473256, 0.035515]
[0.629402, 0.432448, -0.499948, 0.480931, 0.314359]
[0.350564, 0.208069, -0.499381, 0.435934, 0.318554]
[0.498198, 0.231151, -0.499458, 0.429426, 0.481406]
[0.583236, 0.213386, -0.499512, 0.477851, 0.142597]
[0.413839, 0.16786, -0.499421, 0.498835, 0.181953]
[0.42162, 0.413406, -0.49933, 0.404223, 0.080833]
[0.415413, 0.205301, -0.499847, 0.277906, 0.008615]
[0.428513, 0.413977, -0.499849, 0.310411, 0.062618]
[0.65971, 0.442376, -0.498864, 0.228571, 0.086164]
[0.484225, 0.413671, -0.498712, 0.3495, 0.425148]
[0.362412, 0.417606, -0.49861, 0.420192, 0.424191]
[0.506465, 0.414047, -0.498703, 0.41855, 0.165325]
[0.495393, 0.344646, -0.49931, 0.364245, 0.449741]
[0.387522, 0.450763, -0.499018, 0.228215, 0.048358]
[0.431728, 0.427981, -0.499823, 0.446188, 0.238696]
[0.642647, 0.414521, -0.499394, 0.473207, 0.408652]
[0.637242, 0.365636, -0.499034, 0.349373, 0.18204]
[0.500641, 0.401948, -0.499004, 0.423669, 0.003352]
[0.536133, 0.209725, -0.499445, 0.269542, 0.279103]
[0.287347, 0.398991, -0.499689, 0.327696, 0.204805]
[0.661401, 0.253986, -0.499503, 0.38829, 0.067833]
[0.574767, 0.183515, -0.498895, 0.326734, 0.146663]
[0.596007, 0.498765, -0.498965, 0.275973, 0.280063]
[0.522552, 0.472665, -0.498757, 0.402493, 0.150038]
[0.496779, 0.480246, -0.499179, 0.233059, 0.154412]
[0.328972, 0.384829, -0.498533, 0.477809, 0.121785]
[0.319314, 0.380686, -0.499312, 0.304087, 0.494454]
[0.319292, 0.250032, -0.498524, 0.439789, 0.207774]
[0.595665, 0.140227, -0.499109, 0.437823, 0.006758]
[0.288641, 0.422162, -0.499119, 0.293179, 0.014582]
[0.522155, 0.307662, -0.499576, 0.411522, 0.012591]
[0.409267, 0.201926, -0.499697, 0.463008, 0.030764]
[0.602752, 0.461377, -0.498614, 0.287663, 0.204316]
[0.38841, 0.189358, -0.499646, 0.462945, 0.398994]
[0.597234, 0.435615, -0.499405, 0.390223, 0.065455]
[0.659463, 0.18771, -0.498688, 0.466604, 0.434438]
[0.36622, 0.191933, -0.49926, 0.289383, 0.125302]
[0.417321, 0.205735, -0.49984, 0.234009, 0.353731]
[0.660547, 0.413205, -0.499268, 0.444422, 0.110907]
[0.593371, 0.170408, -0.498501, 0.355579, 0.173147]
[0.441126, 0.140276, -0.499104, 0.352542, 0.040756]
[0.554958, 0.286773, -0.499595, 0.230659, 0.467203]
[0.521392, 0.466688, -0.499976, 0.444317, 0.29842]
[0.494025, 0.383443, -0.499152, 0.477789, 0.388786]
[0.545327, 0.120108, -0.498793, 0.329418, 0.192356]
[0.675992, 0.288256, -0.49853, 0.464976, 0.140042]
[0.299824, 0.334515, -0.499187, 0.465818, 0.456043]
[0.59336, 0.33, -0.498795, 0.407714, 0.389961]
[0.408959, 0.356338, -0.498537, 0.241408, 0.054261]
[0.352433, 0.405212, -0.499867, 0.422818, 0.365899]
[0.602962, 0.383437, -0.498633, 0.337622, 0.036482]
[0.523962, 0.157805, -0.499545, 0.369947, 0.035376]
[0.416033, 0.388408, -0.498805, 0.483495, 0.085093]
[0.433778, 0.270634, -0.498871, 0.347177, 0.068586]
[0.569798, 0.255243, -0.49921, 0.306103, 0.458319]
[0.339969, 0.259278, -0.499069, 0.381956, 0.357637]
[0.270502, 0.163058, -0.499707, 0.491451, 0.284535]
[0.289142, 0.248963, -0.499502, 0.423484, 0.105963]
[0.296761, 0.243482, -0.499436, 0.498836, 0.173994]
[0.422984, 0.327312, -0.49842, 0.271686, 0.166433]
[0.599516, 0.183115, -0.499815, 0.285553, 0.422105]
[0.315554, 0.459442, -0.49898, 0.38839, 0.052541]
[0.445651, 0.314717, -0.499279, 0.372654, 0.442265]
[0.408787, 0.156143, -0.499982, 0.365841, 0.090241]
[0.274501, 0.339954, -0.499259, 0.273638, 0.487943]
[0.325014, 0.424149, -0.499614, 0.36943, 0.238866]
[0.669833, 0.294061, -0.498952, 0.300078, 0.367279]
[0.503838, 0.148375, -0.49973, 0.315376, 0.016885]
[0.566352, 0.191846, -0.498659, 0.458858, 0.285777]
[0.467281, 0.142402, -0.498743, 0.321413, 0.174918]
[0.606533, 0.358439, -0.498566, 0.284989, 0.420726]
[0.542652, 0.419239, -0.498576, 0.254457, 0.020563]
[0.626983, 0.499382, -0.498422, 0.480792, 0.241484]
[0.310159, 0.164158, -0.499754, 0.401564, 0.352747]
[0.470758, 0.311504, -0.498495, 0.382934, 0.074663]
[0.477268, 0.491989, -0.498668, 0.352014, 0.158947]
[0.3081, 0.266567, -0.498788, 0.472691, 0.438652]
[0.448201, 0.489787, -0.498995, 0.321617, 0.486659]
[0.29297, 0.404321, -0.499583, 0.372023, 0.061053]
[0.504559, 0.305214, -0.499032, 0.493459, 0.440261]
[0.524868, 0.132491, -0.499282, 0.475144, 0.067395]
[0.538201, 0.484808, -0.498559, 0.297013, 0.186082]
[0.564326, 0.170945, -0.498502, 0.286604, 0.223069]
[0.664549, 0.144592, -0.499646, 0.391932, 0.124863]
[0.499856, 0.177763, -0.499461, 0.410916, 0.374788]
[0.610334, 0.123149, -0.499464, 0.39, 0.488251]
[0.519828, 0.477633, -0.4997, 0.343363, 0.258619]
[0.391135, 0.197513, -0.499774, 0.47885, 0.350672]
[0.383808, 0.469597, -0.499714, 0.373508, 0.09617]
[0.281896, 0.401145, -0.499277, 0.25162, 0.357957]
[0.387245, 0.162418, -0.499286, 0.307417, 0.029333]
[0.381438, 0.209781, -0.499697, 0.468817, 0.025678]
[0.518383, 0.275851, -0.498467, 0.314121, 0.344121]
[0.319576, 0.261823, -0.499753, 0.424518, 0.319719]
[0.301452, 0.281479, -0.498577, 0.30638, 0.419366]
[0.645278, 0.239875, -0.499163, 0.227331, 0.382108]
[0.328785, 0.170291, -0.498546, 0.291463, 0.000929]
[0.291332, 0.486434, -0.49915, 0.315699, 0.282041]
[0.568319, 0.176737, -0.49865, 0.467263, 0.476169]
[0.305499, 0.421251, -0.498463, 0.436929, 0.336922]
[0.450956, 0.46496, -0.499894, 0.447063, 0.016]
[0.43949, 0.441218, -0.499717, 0.235367, 0.012403]
[0.671084, 0.421959, -0.498557, 0.239486, 0.444518]
[0.66707, 0.326071, -0.499131, 0.394243, 0.499668]
[0.283904, 0.300566, -0.499585, 0.493735, 0.242393]
[0.533389, 0.464152, -0.499243, 0.383169, 0.186764]
[0.517863, 0.122982, -0.499476, 0.317174, 0.440816]
[0.425932, 0.43506, -0.499857, 0.395521, 0.316338]
[0.647549, 0.161586, -0.49981, 0.286792, 0.141922]
[0.332502, 0.231483, -0.499784, 0.306802, 0.275033]
[0.298176, 0.375116, -0.498738, 0.329797, 0.229975]
[0.50273, 0.368175, -0.499292, 0.251228, 0.494791]
[0.598276, 0.304097, -0.499679, 0.305748, 0.210046]
[0.598183, 0.1516, -0.499543, 0.4422, 0.494612]
[0.641234, 0.150372, -0.499015, 0.36816, 0.408202]
[0.471697, 0.46559, -0.499316, 0.269331, 0.294072]
[0.678522, 0.200068, -0.498828, 0.343337, 0.211882]
[0.566627, 0.348747, -0.498436, 0.47442, 0.367694]
[0.585623, 0.314851, -0.498981, 0.39018, 0.34513]
[0.650962, 0.450517, -0.498559, 0.250547, 0.411399]
[0.556879, 0.374322, -0.498609, 0.368847, 0.017557]
[0.589259, 0.474717, -0.498518, 0.470174, 0.080079]
[0.4292, 0.331338, -0.498517, 0.430781, 0.099855]
[0.442264, 0.379211, -0.499188, 0.340644, 0.214417]
[0.534885, 0.483942, -0.499433, 0.289702, 0.418239]
[0.404041, 0.418619, -0.499809, 0.396793, 0.39621]
[0.633554, 0.204941, -0.499525, 0.373803, 0.201664]
[0.657761, 0.297508, -0.499609, 0.353634, 0.233121]
[0.494492, 0.310869, -0.499471, 0.357818, 0.408692]
[0.27753, 0.208766, -0.499856, 0.394907, 0.477008]
[0.45, 0.254441, -0.499897, 0.235094, 0.20379]
[0.636926, 0.463592, -0.499924, 0.246291, 0.342215]
[0.563943, 0.368645, -0.498638, 0.375948, 0.441777]
[0.296883, 0.144326, -0.498747, 0.442312, 0.110573]
[0.65304, 0.383763, -0.498588, 0.387759, 0.192608]
[0.609361, 0.269872, -0.499505, 0.262425, 0.185971]
[0.493785, 0.494432, -0.499405, 0.354352, 0.39067]
[0.608439, 0.138476, -0.499106, 0.457596, 0.019679]
[0.320238, 0.236365, -0.498596, 0.423184, 0.003423]
[0.434056, 0.327407, -0.499198, 0.293746, 0.383222]
[0.445853, 0.391975, -0.499433, 0.263838, 0.430509]
[0.605299, 0.38513, -0.499134, 0.3494, 0.208297]
[0.668205, 0.496724, -0.499665, 0.388176, 0.203829]
[0.365864, 0.152425, -0.49945, 0.493751, 0.133684]
[0.335225, 0.3948, -0.499637, 0.464777, 0.264729]
[0.414021, 0.145739, -0.498684, 0.325407, 0.233566]
[0.291821, 0.197837, -0.499393, 0.348319, 0.415437]
[0.389488, 0.249125, -0.498532, 0.497568, 0.26525]
[0.416769, 0.268217, -0.499568, 0.27353, 0.248315]
[0.433493, 0.252363, -0.499278, 0.385464, 0.346383]
[0.347422, 0.289318, -0.499909, 0.452174, 0.278975]
[0.561343, 0.460249, -0.49929, 0.259926, 0.14164]
[0.544918, 0.468787, -0.499428, 0.317681, 0.006426]
[0.42008, 0.248832, -0.499029, 0.41328, 0.26538]
[0.5781, 0.1118, -0.498893, 0.365301, 0.40314]
[0.57175, 0.238907, -0.499042, 0.490819, 0.405429]
[0.269835, 0.482286, -0.499061, 0.418749, 0.339881]
[0.504102, 0.187822, -0.499783, 0.25493, 0.357131]
[0.614277, 0.246695, -0.498479, 0.396477, 0.410105]
[0.491252, 0.389834, -0.499002, 0.441508, 0.268115]
[0.368127, 0.137974, -0.498627, 0.39552, 0.168429]
[0.369422, 0.401064, -0.499718, 0.457524, 0.402074]
[0.369021, 0.322544, -0.499002, 0.353763, 0.416838]
[0.373532, 0.334899, -0.499319, 0.283627, 0.070809]
[0.546764, 0.192619, -0.499912, 0.244896, 0.260212]
[0.387778, 0.481549, -0.499328, 0.248556, 0.166984]
[0.561386, 0.370907, -0.499792, 0.238938, 0.005564]
[0.405455, 0.308541, -0.498605, 0.253452, 0.348327]
[0.344017, 0.113825, -0.498744, 0.383076, 0.053055]
[0.429212, 0.360259, -0.499929, 0.358097, 0.484941]
[0.474083, 0.115093, -0.499063, 0.254746, 0.28638]
[0.282163, 0.265372, -0.499323, 0.293046, 0.181143]
[0.406385, 0.365047, -0.499917, 0.370829, 0.114751]
[0.587828, 0.446398, -0.498664, 0.45201, 0.377833]
[0.474528, 0.202191, -0.499666, 0.407828, 0.470126]
[0.490632, 0.341774, -0.499856, 0.47301, 0.04932]
[0.61589, 0.455108, -0.498582, 0.441826, 0.120761]
[0.544289, 0.409031, -0.499565, 0.264509, 0.018951]
[0.519469, 0.433083, -0.499287, 0.423462, 0.382257]
[0.663738, 0.450405, -0.499615, 0.36695, 0.444374]
[0.512204, 0.41898, -0.498682, 0.477401, 0.457269]
[0.466139, 0.174224, -0.499405, 0.456867, 0.499771]
[0.556951, 0.129997, -0.499064, 0.242999, 0.35803]
[0.515057, 0.225329, -0.498416, 0.343181, 0.311381]
[0.285484, 0.415648, -0.498755, 0.340493, 0.040414]
[0.306411, 0.149541, -0.499268, 0.425389, 0.478882]
[0.385708, 0.277688, -0.499203, 0.380971, 0.028044]
[0.531594, 0.186486, -0.499361, 0.347934, 0.168209]
[0.416029, 0.317986, -0.498424, 0.275361, 0.446487]
[0.648673, 0.45226, -0.499919, 0.367306, 0.216323]
[0.287808, 0.280572, -0.498978, 0.322323, 0.018541]
[0.370352, 0.304591, -0.498952, 0.263117, 0.320096]
[0.30211, 0.426458, -0.498444, 0.379631, 0.227059]
[0.325448, 0.313299, -0.498942, 0.244401, 0.316299]
[0.476351, 0.218416, -0.49931, 0.366058, 0.472169]
[0.29735, 0.38964, -0.499942, 0.470981, 0.136272]
[0.532845, 0.299614, -0.49941, 0.245137, 0.325765]
[0.64429, 0.20514, -0.499992, 0.245872, 0.422813]
[0.677232, 0.159865, -0.499122, 0.262176, 0.308963]
[0.545288, 0.214986, -0.4993, 0.429248, 0.300949]
[0.504577, 0.438399, -0.498872, 0.26678, 0.388788]
[0.658411, 0.326799, -0.499124, 0.28812, 0.353919]
[0.60563, 0.233762, -0.499929, 0.436168, 0.306623]
[0.518333, 0.312271, -0.499315, 0.462084, 0.030362]
[0.291959, 0.292501, -0.4997, 0.309779, 0.092544]
[0.421896, 0.438935, -0.499629, 0.494309, 0.300717]
[0.634175, 0.155862, -0.499757, 0.291773, 0.172264]
[0.460838, 0.433354, -0.498512, 0.289879, 0.334232]
[0.496481, 0.408992, -0.499659, 0.44504, 0.48598]
[0.328631, 0.245195, -0.499777, 0.493723, 0.04349]
[0.655664, 0.323541, -0.499728, 0.44701, 0.257969]
[0.514277, 0.399044, -0.498991, 0.246627, 0.090504]
[0.398487, 0.319105, -0.499212, 0.25753, 0.331481]
[0.616867, 0.155104, -0.498783, 0.449493, 0.452133]
[0.274621, 0.438453, -0.498871, 0.473732, 0.480053]
[0.492599, 0.391747, -0.498659, 0.430557, 0.08198]
[0.408506, 0.337343, -0.499891, 0.303366, 0.158558]
[0.522267, 0.33783, -0.498819, 0.375016, 0.071784]
[0.591226, 0.179122, -0.499964, 0.442221, 0.194946]
[0.363589, 0.1289, -0.498448, 0.468357, 0.306841]
[0.525577, 0.226277, -0.499193, 0.255123, 0.032646]
[0.615415, 0.283748, -0.499129, 0.423949, 0.18789]
[0.603374, 0.229394, -0.499448, 0.355601, 0.405918]
[0.608161, 0.144379, -0.499072, 0.278009, 0.068095]
[0.620228, 0.419776, -0.498894, 0.4962, 0.292121]
[0.279527, 0.498411, -0.499753, 0.355345, 0.434256]
[0.418408, 0.276633, -0.49914, 0.421225, 0.219825]
[0.44441, 0.334322, -0.498778, 0.369186, 0.166428]
[0.613034, 0.295028, -0.499498, 0.285311, 0.431934]
[0.338218, 0.477675, -0.499733, 0.385664, 0.338541]
[0.629169, 0.212277, -0.499429, 0.253757, 0.158313]
[0.532247, 0.186834, -0.498549, 0.331861, 0.086844]
[0.338373, 0.469433, -0.499779, 0.366867, 0.259306]
[0.552561, 0.388627, -0.499546, 0.248974, 0.233361]
[0.60343, 0.352412, -0.498543, 0.493828, 0.423927]
[0.382476, 0.436848, -0.499834, 0.367517, 0.485828]
[0.366703, 0.408024, -0.498764, 0.495372, 0.118587]
[0.374621, 0.473782, -0.499689, 0.275219, 0.339089]
[0.568547, 0.439975, -0.499534, 0.492945, 0.424006]
[0.543498, 0.152272, -0.498749, 0.314801, 0.395576]
[0.420515, 0.148254, -0.499236, 0.442116, 0.273815]
[0.315123, 0.33622, -0.498933, 0.496464, 0.018043]
[0.593818, 0.163709, -0.49887, 0.33341, 0.079246]
[0.529085, 0.263223, -0.49882, 0.438803, 0.178154]
[0.548691, 0.366574, -0.499431, 0.230665, 0.483823]
[0.484491, 0.327295, -0.498642, 0.237646, 0.412857]
[0.590498, 0.46008, -0.498849, 0.444971, 0.496205]
[0.592464, 0.171223, -0.499187, 0.252734, 0.080153]
[0.420055, 0.487943, -0.49894, 0.4377, 0.451896]
[0.609999, 0.369249, -0.499716, 0.303846, 0.113051]
[0.648678, 0.359157, -0.498678, 0.355791, 0.208065]
[0.353209, 0.37343, -0.499892, 0.232754, 0.470684]
[0.429965, 0.371368, -0.499766, 0.312575, 0.241227]
[0.378516, 0.306907, -0.499955, 0.259867, 0.085566]
[0.604376, 0.462292, -0.498929, 0.231812, 0.273441]
[0.278473, 0.151064, -0.498598, 0.321782, 0.19921]
[0.559642, 0.260104, -0.499143, 0.406818, 0.488353]
[0.571878, 0.199229, -0.499342, 0.426888, 0.444785]
[0.520579, 0.227057, -0.498485, 0.242677, 0.263667]
[0.648528, 0.326593, -0.498685, 0.482561, 0.401679]
[0.544269, 0.387059, -0.499403, 0.252167, 0.169229]
[0.492034, 0.377059, -0.498547, 0.385323, 0.061649]
[0.574446, 0.368612, -0.498955, 0.493157, 0.415067]
[0.593694, 0.408105, -0.499521, 0.334452, 0.165733]
[0.61521, 0.344437, -0.499234, 0.344161, 0.037623]
[0.285419, 0.317269, -0.499014, 0.48058, 0.403813]
[0.377914, 0.157232, -0.499109, 0.284072, 0.480742]
[0.600211, 0.257492, -0.499394, 0.241962, 0.067378]
[0.42059, 0.290708, -0.499319, 0.364443, 0.161148]
[0.361503, 0.436597, -0.498884, 0.390831, 0.110476]
[0.508116, 0.438621, -0.498508, 0.445369, 0.046763]
[0.303227, 0.302564, -0.499986, 0.45449, 0.281615]
[0.382512, 0.210755, -0.49985, 0.256875, 0.251567]
[0.653452, 0.428502, -0.499342, 0.468945, 0.000378]
[0.513521, 0.356721, -0.499866, 0.242764, 0.095432]
[0.601736, 0.329549, -0.498611, 0.421869, 0.117354]
[0.52427, 0.239529, -0.499067, 0.356548, 0.012789]
[0.41561, 0.407414, -0.498798, 0.313984, 0.013025]
[0.305754, 0.494568, -0.49918, 0.33731, 0.098248]
[0.523169, 0.49641, -0.499915, 0.499308, 0.311762]
[0.310409, 0.41701, -0.498869, 0.254251, 0.073117]
[0.429927, 0.36743, -0.499443, 0.384058, 0.110948]
[0.508728, 0.131126, -0.499654, 0.307117, 0.079644]
[0.464963, 0.213351, -0.499968, 0.490167, 0.428867]
[0.567885, 0.356244, -0.499282, 0.299865, 0.224526]
[0.306536, 0.43566, -0.498964, 0.422533, 0.352236]
[0.48634, 0.13669, -0.498713, 0.361988, 0.109462]
[0.492426, 0.354635, -0.499143, 0.41324, 0.081321]
[0.310975, 0.137383, -0.499272, 0.423007, 0.300679]
[0.483102, 0.336066, -0.499139, 0.492797, 0.236465]
[0.456341, 0.339031, -0.499532, 0.294523, 0.250215]
[0.662707, 0.470348, -0.498584, 0.300891, 0.10491]
[0.318536, 0.11234, -0.499379, 0.369849, 0.377845]
[0.391488, 0.274847, -0.498466, 0.309007, 0.333648]
[0.333937, 0.389996, -0.499024, 0.367982, 0.017999]
[0.406465, 0.210389, -0.498759, 0.254359, 0.44633]
[0.394915, 0.176255, -0.498414, 0.253474, 0.40345]
[0.609889, 0.287603, -0.499643, 0.404072, 0.219713]
[0.427212, 0.373265, -0.498879, 0.394349, 0.320242]
[0.331729, 0.435182, -0.499234, 0.260804, 0.45904]
[0.312894, 0.212945, -0.499037, 0.244322, 0.185973]
[0.659935, 0.20949, -0.498883, 0.347948, 0.465662]
[0.638073, 0.490242, -0.499842, 0.410717, 0.337564]
[0.627563, 0.241398, -0.498614, 0.347468, 0.133093]
[0.65716, 0.400261, -0.499895, 0.487066, 0.438367]
[0.365295, 0.34934, -0.49914, 0.26936, 0.243725]
[0.334401, 0.114082, -0.499196, 0.266033, 0.017567]
[0.475405, 0.377552, -0.499371, 0.313447, 0.1502]
[0.499358, 0.416765, -0.498652, 0.302891, 0.174862]
[0.507247, 0.121366, -0.498994, 0.436738, 0.477551]
[0.666587, 0.153766, -0.499853, 0.447555, 0.213169]
[0.483766, 0.48727, -0.498493, 0.276016, 0.007211]
[0.66604, 0.160889, -0.498731, 0.406527, 0.358663]
[0.657397, 0.207717, -0.498627, 0.461465, 0.368651]
[0.614857, 0.196777, -0.49979, 0.29785, 0.284608]
[0.488021, 0.323847, -0.499059, 0.459991, 0.036519]
[0.409812, 0.330785, -0.499472, 0.375002, 0.015766]
[0.44381, 0.289046, -0.499049, 0.450996, 0.143387]
[0.580837, 0.352297, -0.499109, 0.305558, 0.032333]
[0.617599, 0.117607, -0.499391, 0.297849, 0.218026]
[0.598077, 0.279104, -0.498706, 0.243842, 0.129564]
[0.328056, 0.191553, -0.499217, 0.458372, 0.125395]
[0.355713, 0.229784, -0.498859, 0.3237, 0.358207]
[0.289621, 0.312094, -0.499973, 0.450082, 0.473723]
[0.390049, 0.203711, -0.499596, 0.46075, 0.176478]
[0.370985, 0.327236, -0.498829, 0.46974, 0.146544]
[0.36157, 0.188823, -0.498938, 0.463921, 0.392314]
[0.664833, 0.161996, -0.499575, 0.24386, 0.000834]
[0.278382, 0.228934, -0.499877, 0.43945, 0.433042]
[0.624496, 0.46284, -0.498632, 0.438769, 0.119248]
[0.611209, 0.290775, -0.499676, 0.231724, 0.288301]
[0.47351, 0.172275, -0.499441, 0.336405, 0.119876]
[0.567128, 0.135913, -0.499251, 0.421124, 0.096904]
[0.545586, 0.237351, -0.499468, 0.418646, 0.387635]
[0.608933, 0.334839, -0.498438, 0.387598, 0.479667]
[0.524262, 0.309551, -0.49916, 0.290286, 0.036545]
[0.325647, 0.485532, -0.499774, 0.343885, 0.259857]
[0.510557, 0.413248, -0.499374, 0.30036, 0.430342]
[0.533965, 0.1429, -0.499759, 0.435639, 0.4039]
[0.445588, 0.170195, -0.499741, 0.303592, 0.384433]
[0.613637, 0.493616, -0.499095, 0.388938, 0.172244]
[0.643968, 0.261505, -0.499084, 0.490576, 0.24857]
[0.4905, 0.439801, -0.49987, 0.381607, 0.114165]
[0.470456, 0.342945, -0.499126, 0.284692, 0.193017]
[0.654495, 0.340886, -0.498992, 0.494771, 0.405664]
[0.329644, 0.278415, -0.499364, 0.279537, 0.416694]
[0.35614, 0.482884, -0.498591, 0.459297, 0.158266]
[0.468761, 0.481408, -0.499255, 0.390086, 0.165379]
[0.442251, 0.316487, -0.498413, 0.251549, 0.39847]
[0.512212, 0.201395, -0.499663, 0.329146, 0.12124]
[0.620044, 0.396759, -0.499631, 0.263407, 0.473085]
[0.302147, 0.333074, -0.499502, 0.434735, 0.018078]
[0.647717, 0.291367, -0.499088, 0.440099, 0.331223]
[0.576854, 0.29824, -0.498713, 0.293157, 0.480412]
[0.533051, 0.249003, -0.499394, 0.406425, 0.2224]
[0.272104, 0.475717, -0.498527, 0.329739, 0.036194]
[0.653305, 0.251992, -0.498426, 0.471538, 0.038127]
[0.433166, 0.290826, -0.498848, 0.408357, 0.053657]
[0.463793, 0.440419, -0.499196, 0.296538, 0.09304]
[0.322103, 0.344846, -0.499265, 0.481458, 0.095995]
[0.644984, 0.436951, -0.49881, 0.31353, 0.461994]
[0.626468, 0.344524, -0.499521, 0.418561, 0.053073]
[0.413198, 0.389871, -0.499975, 0.441565, 0.40029]
[0.350099, 0.46545, -0.498918, 0.24456, 0.049751]
[0.420615, 0.305752, -0.49916, 0.38534, 0.284861]
[0.610861, 0.233587, -0.499635, 0.413269, 0.006443]
[0.459603, 0.359599, -0.49888, 0.274091, 0.385378]
[0.55829, 0.326113, -0.499523, 0.377672, 0.222055]
[0.362805, 0.321033, -0.498625, 0.488056, 0.19869]
[0.524165, 0.31166, -0.499201, 0.372999, 0.329066]
[0.462238, 0.184309, -0.498448, 0.376166, 0.096882]
[0.480438, 0.485708, -0.499802, 0.403549, 0.459177]
[0.554041, 0.425211, -0.49937, 0.433405, 0.123315]
[0.619354, 0.431963, -0.499086, 0.305187, 0.076072]
[0.473654, 0.267396, -0.499827, 0.232675, 0.450478]
[0.376377, 0.12918, -0.498983, 0.329926, 0.195522]
[0.426356, 0.335468, -0.498623, 0.331525, 0.452327]
[0.511794, 0.271378, -0.499392, 0.327372, 0.328084]
[0.673509, 0.116074, -0.499696, 0.490496, 0.16551]
[0.48184, 0.439053, -0.499928, 0.384508, 0.085444]
[0.624449, 0.358574, -0.499747, 0.471177, 0.080756]
[0.590049, 0.204897, -0.498745, 0.380219, 0.446965]
[0.496513, 0.397766, -0.49941, 0.371848, 0.189283]
[0.473599, 0.357543, -0.499203, 0.378399, 0.341416]
[0.664736, 0.448748, -0.499301, 0.373745, 0.320157]
[0.301927, 0.117782, -0.499121, 0.447154, 0.196825]
[0.450953, 0.205693, -0.499464, 0.447685, 0.237137]
[0.431473, 0.143758, -0.499638, 0.292244, 0.193261]
[0.661769, 0.270254, -0.498671, 0.403038, 0.240905]
[0.293075, 0.24991, -0.499472, 0.392787, 0.486594]
[0.527251, 0.210769, -0.499179, 0.367192, 0.390817]
[0.578582, 0.154261, -0.499394, 0.439254, 0.057214]
[0.520313, 0.222713, -0.498756, 0.47383, 0.174299]
[0.349553, 0.320648, -0.498956, 0.283261, 0.379021]
[0.342692, 0.454835, -0.498636, 0.313961, 0.498544]
[0.557525, 0.31107, -0.499634, 0.333684, 0.059269]
[0.663415, 0.126997, -0.499139, 0.330391, 0.064482]
[0.291904, 0.314227, -0.499243, 0.232032, 0.315335]
[0.595466, 0.448102, -0.498973, 0.233143, 0.287385]
[0.600511, 0.16544, -0.498641, 0.343958, 0.168539]
[0.481381, 0.226948, -0.499355, 0.413707, 0.450098]
[0.299533, 0.196195, -0.499637, 0.371396, 0.032767]
[0.552284, 0.445651, -0.499358, 0.42628, 0.499349]
[0.490455, 0.251895, -0.498729, 0.299996, 0.494594]
[0.364873, 0.199437, -0.499255, 0.371317, 0.492098]
[0.502041, 0.439425, -0.499904, 0.403239, 0.013972]
[0.377468, 0.169066, -0.499232, 0.297595, 0.282574]
[0.655688, 0.186901, -0.499831, 0.242662, 0.316739]
[0.315955, 0.171514, -0.499164, 0.265076, 0.370932]
[0.454846, 0.464125, -0.498496, 0.26911, 0.133159]
[0.573674, 0.28084, -0.498836, 0.230022, 0.419125]
[0.635391, 0.330881, -0.499611, 0.361049, 0.34639]
[0.524946, 0.377154, -0.498502, 0.469148, 0.109029]
[0.620668, 0.273364, -0.498895, 0.391033, 0.025122]
[0.478304, 0.416871, -0.49865, 0.398745, 0.41296]
[0.405797, 0.243949, -0.498516, 0.47741, 0.140786]
[0.330623, 0.144718, -0.49908, 0.281971, 0.134987]
[0.470533, 0.461536, -0.499747, 0.460014, 0.003951]
[0.337952, 0.19916, -0.499814, 0.369361, 0.060399]
[0.436171, 0.475346, -0.499721, 0.236288, 0.029241]
[0.421282, 0.159962, -0.499112, 0.456475, 0.321262]
[0.356147, 0.140742, -0.498987, 0.3248, 0.103725]
[0.362798, 0.49715, -0.499577, 0.366435, 0.304691]
[0.399319, 0.19277, -0.499916, 0.25414, 0.105916]
[0.553688, 0.169444, -0.498953, 0.247888, 0.444929]
[0.488869, 0.2424, -0.499661, 0.26537, 0.202959]
[0.499032, 0.342534, -0.499274, 0.472649, 0.023381]
[0.645497, 0.374302, -0.499978, 0.368367, 0.018172]
[0.384465, 0.268496, -0.499549, 0.498468, 0.448316]
[0.332865, 0.342816, -0.499442, 0.458346, 0.123098]
[0.377998, 0.176332, -0.498994, 0.244726, 0.052783]
[0.344277, 0.327757, -0.498825, 0.384857, 0.392017]
[0.521332, 0.373273, -0.498657, 0.416939, 0.461435]
[0.638016, 0.449199, -0.499781, 0.339811, 0.117938]
[0.325854, 0.340267, -0.499053, 0.292031, 0.378897]
[0.643266, 0.205223, -0.499433, 0.254591, 0.471638]
[0.568872, 0.182398, -0.499869, 0.363399, 0.297108]
[0.60191, 0.233291, -0.499083, 0.461032, 0.123025]
[0.531044, 0.170655, -0.498722, 0.260283, 0.011947]
[0.352545, 0.165506, -0.499312, 0.285461, 0.487368]
[0.566999, 0.372944, -0.498496, 0.338825, 0.259368]
[0.457189, 0.227816, -0.49934, 0.296787, 0.460035]
[0.31665, 0.187694, -0.499506, 0.229478, 0.186759]
[0.331118, 0.421866, -0.499151, 0.279816, 0.329575]
[0.289253, 0.315011, -0.499092, 0.315159, 0.004737]
[0.61379, 0.488964, -0.498565, 0.423245, 0.40364]
[0.396868, 0.433529, -0.499224, 0.249167, 0.349667]
[0.415252, 0.268724, -0.498478, 0.270232, 0.079737]
[0.446766, 0.155063, -0.498474, 0.477521, 0.398247]
[0.408087, 0.323915, -0.498535, 0.364775, 0.322216]
[0.273014, 0.188186, -0.499966, 0.351221, 0.244191]
[0.679059, 0.282207, -0.499307, 0.371954, 0.052922]
[0.669543, 0.187552, -0.498604, 0.272176, 0.481909]
[0.425955, 0.452242, -0.499432, 0.318192, 0.116947]
[0.433807, 0.163529, -0.499101, 0.334225, 0.195602]
[0.622969, 0.128665, -0.499474, 0.290714, 0.007349]
[0.303995, 0.38088, -0.498676, 0.365957, 0.487323]
[0.464608, 0.392721, -0.499103, 0.43909, 0.09882]
[0.447905, 0.406122, -0.499515, 0.478394, 0.332176]
[0.367716, 0.401496, -0.499375, 0.337555, 0.089136]
[0.529932, 0.478112, -0.499151, 0.356141, 0.132919]
[0.526617, 0.419787, -0.499087, 0.370638, 0.056505]
[0.476042, 0.291036, -0.499934, 0.351241, 0.293639]
[0.454091, 0.123891, -0.498911, 0.468758, 0.495855]
[0.343113, 0.261414, -0.499377, 0.443052, 0.365699]
[0.301366, 0.125363, -0.498919, 0.34964, 0.460871]
[0.561132, 0.368501, -0.499642, 0.26162, 0.414364]
[0.624093, 0.498195, -0.499609, 0.467474, 0.134673]
[0.597959, 0.440195, -0.498459, 0.426183, 0.023894]
[0.269493, 0.345272, -0.498849, 0.348112, 0.084347]
[0.564661, 0.300399, -0.499509, 0.355696, 0.299178]
[0.679694, 0.187881, -0.498958, 0.283901, 0.416958]
[0.375191, 0.118506, -0.499652, 0.429596, 0.339775]
[0.46196, 0.412253, -0.498971, 0.425876, 0.402678]
[0.289762, 0.156864, -0.49852, 0.283342, 0.489284]
[0.483858, 0.441358, -0.498478, 0.256602, 0.130082]
[0.604487, 0.263305, -0.499133, 0.480509, 0.164188]
[0.584389, 0.223681, -0.498835, 0.407649, 0.040587]
[0.386539, 0.28829, -0.499897, 0.401376, 0.018147]
[0.351475, 0.237784, -0.498722, 0.387751, 0.122119]
[0.565701, 0.290743, -0.499939, 0.344035, 0.303575]
[0.454789, 0.359411, -0.498758, 0.40373, 0.139126]
[0.654872, 0.150172, -0.498962, 0.320457, 0.225757]
[0.538539, 0.357197, -0.499264, 0.297717, 0.095965]
[0.450509, 0.276815, -0.499494, 0.416742, 0.028352]
[0.506813, 0.146077, -0.499758, 0.498815, 0.194675]
[0.493619, 0.489086, -0.498621, 0.39754, 0.053588]
[0.543182, 0.143398, -0.499689, 0.31503, 0.307985]
[0.391538, 0.286062, -0.499544, 0.23972, 0.147075]
[0.643223, 0.353277, -0.49957, 0.438091, 0.366808]
[0.516548, 0.137879, -0.498937, 0.420194, 0.108458]
[0.608271, 0.193609, -0.499068, 0.436924, 0.376511]
[0.673757, 0.293455, -0.498568, 0.250924, 0.493233]
[0.460244, 0.191802, -0.498814, 0.414291, 0.406463]
[0.397977, 0.416784, -0.498941, 0.322099, 0.385631]
[0.503315, 0.37714, -0.499539, 0.261739, 0.093193]
[0.393398, 0.278491, -0.498987, 0.349193, 0.002664]
[0.569582, 0.352902, -0.498549, 0.34294, 0.436603]
[0.337251, 0.420203, -0.499677, 0.457963, 0.462094]
[0.490747, 0.435232, -0.499043, 0.492153, 0.116296]
[0.520576, 0.185907, -0.499935, 0.441016, 0.382371]
[0.312944, 0.131033, -0.49969, 0.24645, 0.221931]
[0.317149, 0.163116, -0.49909, 0.377104, 0.241332]
[0.663854, 0.404034, -0.499129, 0.437178, 0.415291]
[0.414792, 0.412555, -0.498555, 0.279802, 0.065715]
[0.28588, 0.23037, -0.499775, 0.327564, 0.054132]
[0.601721, 0.328996, -0.498776, 0.419371, 0.263348]
[0.34976, 0.288055, -0.499964, 0.386179, 0.359378]
[0.34364, 0.462722, -0.498438, 0.473587, 0.178594]
[0.372023, 0.467568, -0.499058, 0.463835, 0.166981]
[0.350783, 0.201468, -0.499283, 0.402916, 0.063052]
[0.673113, 0.271116, -0.498733, 0.249879, 0.054733]
[0.477433, 0.449938, -0.499623, 0.257041, 0.474143]
[0.592672, 0.38928, -0.499006, 0.234366, 0.272353]
[0.632795, 0.304328, -0.499908, 0.301434, 0.16211]
[0.511352, 0.488253, -0.499871, 0.452291, 0.288225]
[0.412577, 0.464974, -0.499375, 0.278854, 0.339813]
[0.36062, 0.194586, -0.499144, 0.428501, 0.448557]
[0.28623, 0.117468, -0.498552, 0.466996, 0.323813]
[0.364278, 0.13886, -0.499053, 0.280796, 0.271839]
[0.587359, 0.305492, -0.499231, 0.302759, 0.188426]
[0.510718, 0.274349, -0.499782, 0.382788, 0.020764]
[0.586096, 0.238504, -0.498989, 0.380866, 0.278439]
[0.312326, 0.369813, -0.49914, 0.327276, 0.14546]
[0.560582, 0.28257, -0.498507, 0.276526, 0.245677]
[0.304616, 0.165685, -0.499599, 0.433988, 0.40763]
[0.353819, 0.21268, -0.499979, 0.313916, 0.004457]
[0.528985, 0.476113, -0.498939, 0.481118, 0.152188]
[0.580528, 0.477573, -0.499165, 0.271515, 0.303408]
[0.638208, 0.359481, -0.499652, 0.456371, 0.396909]
[0.401906, 0.354882, -0.49856, 0.338641, 0.234636]
[0.650139, 0.455478, -0.499786, 0.31282, 0.171976]
[0.562584, 0.438093, -0.499202, 0.498564, 0.334263]
[0.319228, 0.151643, -0.498542, 0.279696, 0.097961]
[0.284145, 0.212179, -0.499741, 0.31821, 0.406136]
[0.638122, 0.364666, -0.499568, 0.255887, 0.195444]
[0.412163, 0.289173, -0.498541, 0.269809, 0.332893]
[0.653002, 0.194107, -0.499424, 0.230619, 0.194057]
[0.357693, 0.445233, -0.499577, 0.368117, 0.038602]
[0.526737, 0.499788, -0.499916, 0.306407, 0.403343]
[0.524756, 0.347018, -0.499919, 0.361048, 0.278093]
[0.643422, 0.209864, -0.499382, 0.400996, 0.377596]
[0.450225, 0.184756, -0.498499, 0.486916, 0.306366]
[0.419347, 0.255893, -0.499937, 0.305394, 0.37795]
[0.283409, 0.19326, -0.49932, 0.285979, 0.096472]
[0.360134, 0.444789, -0.499371, 0.278963, 0.019916]
[0.50013, 0.226374, -0.499844, 0.274407, 0.07002]
[0.310235, 0.243919, -0.498745, 0.461689, 0.469167]
[0.375678, 0.208655, -0.499509, 0.354804, 0.312302]
[0.598626, 0.120355, -0.498783, 0.481085, 0.401795]
[0.389357, 0.1509, -0.499798, 0.400424, 0.327958]
[0.341804, 0.157528, -0.499009, 0.231665, 0.063006]
[0.581254, 0.402142, -0.499278, 0.456402, 0.32768]
[0.404015, 0.256556, -0.499458, 0.49707, 0.418332]
[0.512681, 0.366304, -0.499838, 0.332593, 0.104072]
[0.451951, 0.162996, -0.498457, 0.326009, 0.152105]
[0.364588, 0.274716, -0.4989, 0.314031, 0.38062]
[0.418078, 0.25873, -0.498908, 0.397317, 0.082201]
[0.524832, 0.204197, -0.499116, 0.378463, 0.137107]
[0.439684, 0.449214, -0.498415, 0.389038, 0.185799]
[0.583687, 0.170633, -0.498716, 0.275188, 0.114362]
[0.440535, 0.228285, -0.499161, 0.336551, 0.140547]
[0.38414, 0.372261, -0.499138, 0.475557, 0.330116]
[0.392661, 0.296594, -0.498571, 0.407684, 0.194739]
[0.416119, 0.119475, -0.498636, 0.307926, 0.209127]
[0.649297, 0.315043, -0.499827, 0.305348, 0.08366]
[0.618205, 0.375916, -0.499068, 0.483394, 0.447093]
[0.548881, 0.264903, -0.499172, 0.31296, 0.000233]
[0.548792, 0.479212, -0.499498, 0.271694, 0.126256]
[0.415153, 0.485272, -0.498805, 0.261333, 0.160634]
[0.636839, 0.324667, -0.499797, 0.24875, 0.370393]
[0.515407, 0.368552, -0.49979, 0.251323, 0.179488]
[0.634969, 0.269741, -0.498535, 0.399274, 0.128619]
[0.535057, 0.295804, -0.498951, 0.449259, 0.409517]
[0.438294, 0.25778, -0.499296, 0.280059, 0.384757]
[0.61147, 0.118391, -0.49905, 0.338396, 0.218521]
[0.669181, 0.46537, -0.499405, 0.401188, 0.032623]
[0.645433, 0.407275, -0.499231, 0.25295, 0.232775]
[0.502884, 0.454983, -0.49903, 0.403782, 0.408248]
[0.616329, 0.248456, -0.498849, 0.458938, 0.257714]
[0.372688, 0.248852, -0.49987, 0.482867, 0.345695]
[0.592176, 0.249215, -0.499563, 0.425151, 0.407002]
[0.463912, 0.231065, -0.498685, 0.252103, 0.130992]
[0.382223, 0.350442, -0.498765, 0.473371, 0.131972]
[0.414542, 0.38078, -0.499358, 0.429559, 0.164872]
[0.29887, 0.145574, -0.498601, 0.325594, 0.015416]
[0.509008, 0.44809, -0.499619, 0.424803, 0.356784]
[0.404399, 0.472479, -0.499375, 0.240314, 0.049402]
[0.568867, 0.327177, -0.499346, 0.380095, 0.390406]
[0.580939, 0.20354, -0.499551, 0.315446, 0.307189]
[0.319668, 0.117409, -0.498607, 0.487134, 0.040427]
[0.356984, 0.381338, -0.499124, 0.435075, 0.301808]
[0.353441, 0.266688, -0.499384, 0.247141, 0.067617]
[0.366023, 0.420427, -0.49884, 0.440392, 0.272957]
[0.616247, 0.193652, -0.498748, 0.489174, 0.082229]
[0.678156, 0.36178, -0.498526, 0.31956, 0.424335]
[0.439184, 0.266193, -0.498903, 0.365478, 0.133571]
[0.444495, 0.414546, -0.499549, 0.264488, 0.334749]
[0.54343, 0.453129, -0.498469, 0.392659, 0.454007]
[0.629299, 0.367199, -0.498664, 0.306879, 0.059814]
[0.544968, 0.286404, -0.499951, 0.3986, 0.03232]
[0.468484, 0.355484, -0.499604, 0.234614, 0.237895]
[0.361966, 0.252822, -0.498765, 0.370215, 0.341044]
[0.655229, 0.272373, -0.498674, 0.30013, 0.090966]
[0.665177, 0.445998, -0.498502, 0.488835, 0.212904]
[0.456338, 0.246473, -0.498566, 0.37594, 0.458159]
[0.588655, 0.28754, -0.499133, 0.43158, 0.410508]
[0.316323, 0.495104, -0.499547, 0.32641, 0.408702]
[0.515271, 0.198338, -0.499417, 0.314875, 0.161079]
[0.496656, 0.17873, -0.498663, 0.381285, 0.304901]
[0.676085, 0.388187, -0.498627, 0.386419, 0.37969]
[0.618326, 0.408226, -0.498671, 0.388431, 0.435936]
[0.450329, 0.285251, -0.499266, 0.347475, 0.387042]
[0.421377, 0.372696, -0.499996, 0.393637, 0.184054]
[0.638826, 0.346644, -0.49952, 0.393003, 0.003284]
[0.497696, 0.254589, -0.499412, 0.338731, 0.216002]
[0.29277, 0.45289, -0.498609, 0.498604, 0.314357]
[0.62849, 0.114059, -0.498829, 0.312657, 0.215655]
[0.427556, 0.274168, -0.498891, 0.320392, 0.216881]
[0.500005, 0.236674, -0.499007, 0.350493, 0.418061]
[0.545989, 0.413185, -0.499883, 0.406522, 0.159865]
[0.577191, 0.150303, -0.499644, 0.360795, 0.393692]
[0.599109, 0.135274, -0.499393, 0.370949, 0.187373]
[0.306397, 0.12113, -0.499394, 0.339045, 0.206966]
[0.670757, 0.189549, -0.499196, 0.334191, 0.36074]
[0.305372, 0.213984, -0.499009, 0.422869, 0.043397]
[0.48285, 0.138265, -0.498931, 0.498155, 0.152508]
[0.576285, 0.391272, -0.498464, 0.390978, 0.081465]
[0.479274, 0.229866, -0.499577, 0.340025, 0.438475]
[0.438183, 0.428539, -0.498481, 0.329806, 0.475171]
[0.433713, 0.196789, -0.499179, 0.394748, 0.326911]
[0.401726, 0.348815, -0.499572, 0.480894, 0.09499]
[0.412667, 0.137859, -0.498936, 0.271931, 0.295641]
[0.387149, 0.162096, -0.499114, 0.254331, 0.262228]
[0.65759, 0.466707, -0.498757, 0.311347, 0.395727]
[0.462386, 0.183462, -0.498417, 0.237245, 0.35351]
[0.663837, 0.484781, -0.499058, 0.371848, 0.002484]
[0.377217, 0.355983, -0.498441, 0.286715, 0.22237]
[0.273042, 0.182953, -0.499057, 0.366814, 0.372276]
[0.589494, 0.265835, -0.498738, 0.362304, 0.030591]
[0.276123, 0.222217, -0.499174, 0.379547, 0.387025]
[0.372291, 0.153122, -0.498803, 0.435553, 0.010966]
[0.656512, 0.116109, -0.499104, 0.384272, 0.499655]
[0.434626, 0.450812, -0.498432, 0.250471, 0.017572]
[0.355698, 0.203884, -0.499687, 0.382236, 0.027662]
[0.466853, 0.117872, -0.498858, 0.387385, 0.020628]
[0.276452, 0.142222, -0.499226, 0.396763, 0.303867]
[0.675262, 0.340215, -0.499941, 0.361388, 0.437762]
[0.544402, 0.27133, -0.499036, 0.340974, 0.061259]
[0.534795, 0.242083, -0.499659, 0.321164, 0.180552]
[0.433301, 0.212834, -0.499136, 0.228735, 0.070703]
[0.296022, 0.415492, -0.498424, 0.289902, 0.355287]
[0.634328, 0.241118, -0.499882, 0.306156, 0.373243]
[0.31538, 0.410778, -0.499344, 0.30213, 0.214184]
[0.663879, 0.139037, -0.499363, 0.442825, 0.049019]
[0.353714, 0.222272, -0.499916, 0.471417, 0.063545]
[0.477615, 0.408015, -0.49854, 0.327872, 0.312608]
[0.299329, 0.291611, -0.499176, 0.4863, 0.022069]
[0.668179, 0.301745, -0.498607, 0.334588, 0.36126]
[0.498194, 0.292467, -0.499079, 0.367611, 0.475381]
[0.678802, 0.32028, -0.498645, 0.419438, 0.474569]
[0.637699, 0.370479, -0.499298, 0.395157, 0.097174]
[0.321349, 0.206751, -0.499948, 0.344661, 0.181178]
[0.283356, 0.332039, -0.499374, 0.48863, 0.03998]
[0.441627, 0.273852, -0.499945, 0.370871, 0.359781]
[0.358311, 0.305175, -0.498646, 0.432298, 0.308617]
[0.393502, 0.497133, -0.49855, 0.379265, 0.2471]
[0.516188, 0.294145, -0.499155, 0.496399, 0.238881]
[0.324267, 0.233731, -0.498818, 0.323019, 0.103182]
[0.424305, 0.238156, -0.49977, 0.310309, 0.312416]
[0.355489, 0.179951, -0.499185, 0.371756, 0.295845]
[0.309707, 0.115424, -0.499324, 0.34988, 0.295588]
[0.518814, 0.208128, -0.498501, 0.313608, 0.325153]
[0.554387, 0.128868, -0.498444, 0.471576, 0.21473]
[0.591701, 0.490998, -0.499711, 0.452235, 0.076151]
[0.602722, 0.152643, -0.499023, 0.496015, 0.296526]
[0.667962, 0.287117, -0.498923, 0.485698, 0.126604]
[0.374903, 0.334205, -0.498417, 0.446406, 0.2055]
[0.337246, 0.490453, -0.498802, 0.416565, 0.263851]
[0.583123, 0.266218, -0.499591, 0.255701, 0.300211]
[0.578194, 0.212777, -0.499789, 0.39188, 0.249402]
[0.532583, 0.426084, -0.4988, 0.306293, 0.368305]
[0.385534, 0.425722, -0.499351, 0.317414, 0.025444]
[0.438069, 0.460461, -0.499229, 0.395549, 0.354102]
[0.412793, 0.335909, -0.499055, 0.360237, 0.372631]
[0.467954, 0.445475, -0.49935, 0.428792, 0.463109]
[0.601064, 0.14784, -0.499359, 0.410462, 0.158675]
[0.628554, 0.341063, -0.498653, 0.29571, 0.206994]
[0.373735, 0.225883, -0.499064, 0.493179, 0.229693]
[0.563747, 0.428306, -0.499023, 0.365772, 0.00527]
[0.673898, 0.463843, -0.499304, 0.428289, 0.317946]
[0.551447, 0.330406, -0.498832, 0.368939, 0.092921]
[0.413165, 0.469616, -0.499714, 0.480237, 0.29109]
[0.338294, 0.293146, -0.499158, 0.362949, 0.130291]
[0.350316, 0.18664, -0.49921, 0.468629, 0.134784]
[0.654148, 0.194351, -0.498779, 0.293347, 0.396377]
[0.547016, 0.424916, -0.499168, 0.279989, 0.316404]
[0.333563, 0.371639, -0.499175, 0.313726, 0.153855]
[0.298476, 0.369365, -0.499695, 0.446812, 0.205922]
[0.524004, 0.477273, -0.499108, 0.372357, 0.434038]
[0.356696, 0.489461, -0.498578, 0.346309, 0.174917]
[0.30034, 0.366865, -0.498417, 0.41151, 0.038286]
[0.630202, 0.340328, -0.499453, 0.455382, 0.15793]
[0.337578, 0.196763, -0.499641, 0.478319, 0.16077]
[0.390534, 0.417836, -0.49863, 0.369407, 0.49258]
[0.307036, 0.254737, -0.499032, 0.338544, 0.161481]
[0.334752, 0.3937, -0.498774, 0.446808, 0.256968]
[0.380407, 0.124634, -0.499052, 0.437677, 0.017832]
[0.368643, 0.252126, -0.49963, 0.493509, 0.390973]
[0.306564, 0.312376, -0.499215, 0.310657, 0.489164]
[0.351336, 0.266635, -0.49994, 0.31239, 0.388923]
[0.300373, 0.287388, -0.499895, 0.291417, 0.013064]
[0.657224, 0.148877, -0.499819, 0.278411, 0.408047]
[0.533907, 0.365264, -0.499945, 0.307095, 0.100938]
[0.597176, 0.489263, -0.499327, 0.370538, 0.060332]
[0.655405, 0.324583, -0.498572, 0.253474, 0.389157]
[0.659321, 0.477744, -0.499882, 0.49631, 0.320385]
[0.645898, 0.296464, -0.499593, 0.284123, 0.342814]
[0.665944, 0.496257, -0.499061, 0.270601, 0.409553]
[0.628144, 0.273719, -0.499014, 0.463397, 0.062818]
[0.391631, 0.259149, -0.499034, 0.382707, 0.050435]
[0.339793, 0.422453, -0.498716, 0.473568, 0.278311]
[0.650239, 0.302197, -0.499844, 0.314483, 0.438928]
[0.403917, 0.45902, -0.499636, 0.427332, 0.486293]
[0.459202, 0.437868, -0.498492, 0.296553, 0.32826]
[0.38639, 0.395305, -0.499793, 0.450172, 0.138674]
[0.27781, 0.473779, -0.49949, 0.478649, 0.027084]
[0.497943, 0.426872, -0.498699, 0.248699, 0.101933]
[0.534954, 0.277303, -0.498499, 0.373579, 0.334185]
[0.357052, 0.285581, -0.499121, 0.282624, 0.486135]
[0.363822, 0.40102, -0.498604, 0.438274, 0.027861]
[0.474755, 0.290466, -0.499276, 0.292412, 0.386781]
[0.535864, 0.405072, -0.498665, 0.417877, 0.146313]
[0.364142, 0.126344, -0.499712, 0.403545, 0.465627]
[0.677795, 0.41474, -0.4996, 0.474151, 0.126245]
[0.369646, 0.387089, -0.498865, 0.431447, 0.137802]
[0.328574, 0.310316, -0.498742, 0.275635, 0.362027]
[0.545201, 0.14803, -0.498741, 0.393457, 0.201416]
[0.320985, 0.27344, -0.499064, 0.324831, 0.201767]
[0.575033, 0.49148, -0.498948, 0.406756, 0.107368]
[0.478861, 0.174242, -0.499953, 0.421833, 0.344559]
[0.606548, 0.423926, -0.499082, 0.456981, 0.442085]
[0.530278, 0.137357, -0.498678, 0.450771, 0.366989]
[0.420927, 0.404165, -0.499083, 0.357217, 0.404319]
[0.294038, 0.379608, -0.49939, 0.329439, 0.491837]
[0.29806, 0.132753, -0.499399, 0.47725, 0.475733]
[0.333628, 0.180213, -0.49987, 0.32018, 0.416238]
[0.459579, 0.155668, -0.498537, 0.401609, 0.121845]
[0.351841, 0.228069, -0.499382, 0.39068, 0.185171]
[0.644806, 0.242752, -0.499932, 0.319863, 0.107987]
[0.531881, 0.234666, -0.49932, 0.496832, 0.476528]
[0.308734, 0.204431, -0.499092, 0.252022, 0.446594]
[0.346812, 0.27446, -0.499508, 0.314679, 0.329551]
[0.528545, 0.123888, -0.49989, 0.301422, 0.248453]
[0.580354, 0.462479, -0.499166, 0.347787, 0.318815]
[0.508701, 0.429277, -0.499584, 0.239891, 0.076537]
[0.320712, 0.296413, -0.499253, 0.296797, 0.345112]
[0.513221, 0.449252, -0.499043, 0.263053, 0.403962]
[0.272426, 0.310672, -0.499793, 0.238529, 0.170474]
[0.467672, 0.211803, -0.498668, 0.37309, 0.493232]
[0.659006, 0.480975, -0.498638, 0.322742, 0.142644]
[0.555091, 0.359192, -0.499665, 0.357649, 0.163113]
[0.503804, 0.288736, -0.498479, 0.446523, 0.47576]
[0.491081, 0.274207, -0.498887, 0.398371, 0.147412]
[0.631854, 0.3579, -0.498617, 0.48706, 0.456795]
[0.351985, 0.443766, -0.499165, 0.229115, 0.325792]
[0.51708, 0.412582, -0.499066, 0.395832, 0.24309]
[0.672455, 0.455471, -0.49998, 0.451087, 0.105512]
[0.638818, 0.223991, -0.498469, 0.279602, 0.379561]
[0.297316, 0.215773, -0.498463, 0.38526, 0.355354]
[0.449323, 0.126963, -0.499101, 0.356075, 0.483263]
[0.458189, 0.309532, -0.498559, 0.268755, 0.481776]
[0.349888, 0.214351, -0.499044, 0.324219, 0.21876]
[0.574531, 0.442112, -0.499373, 0.437165, 0.003616]
[0.415255, 0.327443, -0.498871, 0.251005, 0.359104]
[0.616061, 0.183358, -0.498644, 0.364395, 0.241066]
[0.375071, 0.306123, -0.499395, 0.383943, 0.227461]
[0.336407, 0.34378, -0.498731, 0.232277, 0.332256]
[0.321879, 0.312311, -0.498837, 0.343306, 0.028556]
[0.297959, 0.496634, -0.499584, 0.373477, 0.487229]
[0.325753, 0.287613, -0.499498, 0.427307, 0.154896]
[0.625831, 0.468639, -0.499862, 0.229565, 0.329432]
[0.357021, 0.42456, -0.49941, 0.361868, 0.058205]
[0.658762, 0.199132, -0.499643, 0.366221, 0.053616]
[0.31512, 0.387492, -0.499209, 0.274226, 0.022459]
[0.291997, 0.341973, -0.499764, 0.360256, 0.122528]
[0.383461, 0.459641, -0.499246, 0.457779, 0.361469]
[0.475381, 0.402075, -0.499618, 0.48182, 0.289289]
[0.498924, 0.424646, -0.49899, 0.432546, 0.325714]
[0.366028, 0.245801, -0.498615, 0.230539, 0.295942]
[0.475969, 0.114672, -0.498775, 0.338603, 0.439862]
[0.472115, 0.288392, -0.498898, 0.236535, 0.433205]
[0.389603, 0.265571, -0.49901, 0.353168, 0.00964]
[0.599691, 0.313218, -0.499969, 0.411454, 0.324382]
[0.486109, 0.334452, -0.498598, 0.346202, 0.140799]
[0.569308, 0.455308, -0.499102, 0.471713, 0.171081]
[0.540737, 0.469798, -0.498499, 0.365194, 0.154581]
[0.517129, 0.306666, -0.499258, 0.445371, 0.072197]
[0.284446, 0.333128, -0.499667, 0.442859, 0.222919]
[0.627494, 0.115273, -0.498915, 0.305926, 0.185059]
[0.316146, 0.372486, -0.499208, 0.227928, 0.238786]
[0.644832, 0.360324, -0.499942, 0.395478, 0.03557]
[0.279946, 0.293518, -0.498707, 0.247063, 0.102665]
[0.315173, 0.203661, -0.499466, 0.357346, 0.301204]
[0.368435, 0.19571, -0.49859, 0.397286, 0.227405]
[0.385342, 0.415977, -0.498814, 0.431285, 0.254521]
[0.360207, 0.124972, -0.499999, 0.243963, 0.347059]
[0.510579, 0.286043, -0.498885, 0.237355, 0.02991]
[0.343135, 0.428258, -0.498772, 0.308151, 0.387459]
[0.657689, 0.138121, -0.499681, 0.329157, 0.103266]
[0.358343, 0.419477, -0.499173, 0.497858, 0.467538]
[0.54984, 0.363912, -0.499923, 0.298722, 0.336873]
[0.643119, 0.391605, -0.499184, 0.409934, 0.218178]
[0.285661, 0.24018, -0.499579, 0.397422, 0.393124]
[0.380116, 0.330137, -0.49998, 0.333539, 0.011661]
[0.507623, 0.192486, -0.498614, 0.467633, 0.129052]
[0.320392, 0.307661, -0.499748, 0.261925, 0.419137]
[0.39866, 0.364893, -0.499288, 0.470753, 0.069267]
[0.440595, 0.379094, -0.49883, 0.466244, 0.468188]
[0.431856, 0.187699, -0.499796, 0.441274, 0.477152]
[0.348098, 0.445354, -0.499414, 0.460122, 0.338447]
[0.348129, 0.446869, -0.498875, 0.348813, 0.308379]
[0.378338, 0.428269, -0.498649, 0.357243, 0.273129]
[0.377558, 0.201321, -0.499371, 0.462905, 0.039725]
[0.669313, 0.208307, -0.498482, 0.29759, 0.407627]
[0.285726, 0.31683, -0.499428, 0.288148, 0.435976]
[0.398434, 0.442887, -0.4985, 0.391515, 0.299116]
[0.354083, 0.265823, -0.499321, 0.499705, 0.490787]
[0.495904, 0.273229, -0.498537, 0.28708, 0.026916]
[0.385322, 0.409526, -0.499668, 0.431388, 0.354947]
[0.472749, 0.169576, -0.499923, 0.340902, 0.474854]
[0.311028, 0.447556, -0.499073, 0.320018, 0.499637]
[0.653678, 0.400887, -0.498634, 0.351996, 0.27462]
[0.661258, 0.203545, -0.499111, 0.478007, 0.481396]
[0.498151, 0.405957, -0.499402, 0.275186, 0.321379]
[0.488292, 0.116221, -0.498472, 0.309781, 0.111992]
[0.671274, 0.196232, -0.498568, 0.314645, 0.079256]
[0.590379, 0.323887, -0.49923, 0.442613, 0.343482]
[0.381813, 0.311085, -0.499099, 0.322136, 0.163373]
[0.448052, 0.341349, -0.499575, 0.367919, 0.351263]
[0.65805, 0.281647, -0.498659, 0.433228, 0.250146]
[0.62948, 0.370767, -0.49954, 0.234011, 0.487494]
[0.367344, 0.231857, -0.499374, 0.362579, 0.087911]
[0.614097, 0.232568, -0.499658, 0.460088, 0.015697]
[0.430101, 0.170287, -0.499967, 0.489352, 0.327933]
[0.435157, 0.253194, -0.499695, 0.411861, 0.032625]
[0.570369, 0.188635, -0.499481, 0.437301, 0.295998]
[0.408155, 0.183743, -0.499166, 0.264649, 0.093532]
[0.629938, 0.247198, -0.499664, 0.314822, 0.34426]
[0.483205, 0.476861, -0.499519, 0.287047, 0.011038]
[0.366742, 0.24443, -0.499839, 0.251188, 0.340993]
[0.405887, 0.2998, -0.498688, 0.273679, 0.185618]
[0.54431, 0.329445, -0.499216, 0.323597, 0.118675]
[0.667669, 0.468039, -0.499526, 0.40713, 0.403642]
[0.541313, 0.291425, -0.499852, 0.496219, 0.340597]
[0.275813, 0.397551, -0.498677, 0.279906, 0.244154]
[0.468698, 0.135922, -0.499148, 0.30818, 0.150514]
[0.496583, 0.377824, -0.499841, 0.37199, 0.128259]
[0.503087, 0.21079, -0.498726, 0.263813, 0.43419]
[0.44935, 0.183488, -0.49903, 0.47816, 0.370119]
[0.651314, 0.178161, -0.499953, 0.402489, 0.22486]
[0.55567, 0.410876, -0.498539, 0.416069, 0.042448]
[0.629754, 0.148447, -0.49983, 0.493411, 0.049356]
[0.639815, 0.432819, -0.498894, 0.280408, 0.044488]
[0.359762, 0.286485, -0.499757, 0.431099, 0.260026]
[0.286476, 0.369721, -0.499691, 0.485134, 0.353668]
[0.533212, 0.380222, -0.498831, 0.482485, 0.068889]
[0.516199, 0.162034, -0.499957, 0.43725, 0.43096]
[0.371617, 0.114418, -0.49855, 0.428334, 0.312975]
[0.631143, 0.377134, -0.499684, 0.461234, 0.483232]
[0.411045, 0.185292, -0.49954, 0.49756, 0.385842]
[0.573203, 0.268376, -0.49936, 0.381058, 0.372524]
[0.315278, 0.162162, -0.499096, 0.307681, 0.110629]
[0.676064, 0.200972, -0.499774, 0.379086, 0.427299]
[0.472682, 0.228541, -0.499118, 0.278028, 0.187301]
[0.617534, 0.425358, -0.4985, 0.273542, 0.169397]
[0.30284, 0.137031, -0.498893, 0.425471, 0.491377]
[0.540375, 0.287699, -0.499271, 0.248309, 0.260243]
[0.486385, 0.352733, -0.498607, 0.42422, 0.200257]
[0.581593, 0.415371, -0.49908, 0.231713, 0.031962]
[0.660224, 0.453763, -0.499361, 0.487348, 0.257372]
[0.406592, 0.253063, -0.499263, 0.40716, 0.387541]
[0.444226, 0.180679, -0.499339, 0.280727, 0.426383]
[0.279504, 0.151614, -0.499593, 0.232579, 0.261838]
[0.672496, 0.485602, -0.499709, 0.419188, 0.04511]
[0.294886, 0.332388, -0.498986, 0.405162, 0.075848]
[0.511778, 0.154463, -0.498469, 0.370472, 0.0064]
[0.58778, 0.180009, -0.499974, 0.25464, 0.341274]
[0.342367, 0.14695, -0.49941, 0.248178, 0.215769]
[0.635301, 0.35683, -0.499446, 0.489857, 0.483795]
[0.284554, 0.227085, -0.499503, 0.450829, 0.288804]
[0.665798, 0.366407, -0.498783, 0.484105, 0.476368]
[0.562589, 0.300489, -0.499861, 0.425286, 0.076262]
[0.629531, 0.221038, -0.499939, 0.285375, 0.414889]
[0.513787, 0.263238, -0.499987, 0.468162, 0.490239]
[0.59051, 0.36971, -0.498597, 0.263485, 0.470346]
[0.348256, 0.431879, -0.499263, 0.241412, 0.05831]
[0.301444, 0.431645, -0.499915, 0.3649, 0.466124]
[0.5844, 0.117597, -0.499427, 0.384298, 0.039455]
[0.518599, 0.152395, -0.498943, 0.398497, 0.348375]
[0.571065, 0.224934, -0.499533, 0.458225, 0.021639]
[0.319814, 0.413032, -0.499679, 0.272152, 0.400085]
[0.360235, 0.463893, -0.499525, 0.499713, 0.374447]
[0.615267, 0.385387, -0.499692, 0.30087, 0.06106]
[0.419201, 0.34544, -0.499569, 0.286767, 0.059791]
[0.279825, 0.450431, -0.498875, 0.267648, 0.324465]
[0.651047, 0.434406, -0.49879, 0.359782, 0.182228]
[0.661139, 0.332534, -0.499524, 0.273865, 0.464275]
[0.333469, 0.129445, -0.499036, 0.293381, 0.153387]
[0.621712, 0.358761, -0.499508, 0.345052, 0.300291]
[0.398527, 0.46642, -0.499785, 0.475546, 0.103599]
[0.288642, 0.223554, -0.499611, 0.279187, 0.295385]
[0.543975, 0.332558, -0.49918, 0.451509, 0.088166]
[0.319302, 0.140165, -0.499863, 0.318941, 0.204059]
[0.62567, 0.377816, -0.498787, 0.284656, 0.16534]
[0.44325, 0.166966, -0.498832, 0.390864, 0.032931]
[0.607751, 0.17986, -0.498852, 0.487533, 0.32372]
[0.434641, 0.359882, -0.498965, 0.477201, 0.437687]
[0.603266, 0.262487, -0.499567, 0.339186, 0.300846]
[0.548579, 0.329565, -0.49848, 0.255198, 0.359533]
[0.579459, 0.261146, -0.499692, 0.337634, 0.163142]
[0.29928, 0.431037, -0.499636, 0.258522, 0.440389]
[0.497669, 0.240445, -0.499939, 0.367636, 0.109065]
[0.617847, 0.447078, -0.499338, 0.330503, 0.175052]
[0.652191, 0.409772, -0.49947, 0.479067, 0.088448]
[0.373687, 0.490791, -0.499304, 0.307317, 0.186645]
[0.513605, 0.371857, -0.498472, 0.458666, 0.268895]
[0.379181, 0.18404, -0.499456, 0.467359, 0.351541]
[0.526271, 0.474169, -0.499309, 0.288803, 0.392686]
[0.423678, 0.115866, -0.499958, 0.453447, 0.035529]
[0.599662, 0.485441, -0.499086, 0.344542, 0.177455]
[0.679156, 0.497567, -0.49959, 0.45393, 0.074059]
[0.573957, 0.238202, -0.499647, 0.347624, 0.268699]
[0.323961, 0.167856, -0.498899, 0.293084, 0.257837]
[0.446507, 0.216037, -0.498659, 0.446526, 0.300386]
[0.440344, 0.402442, -0.49986, 0.32532, 0.138965]
[0.312783, 0.230193, -0.499346, 0.425909, 0.037754]
[0.661588, 0.155244, -0.499927, 0.29643, 0.258871]
[0.6041, 0.292509, -0.498707, 0.315447, 0.163106]
[0.499214, 0.427649, -0.498826, 0.477871, 0.274925]
[0.410474, 0.38976, -0.498545, 0.298961, 0.385332]
[0.518882, 0.449698, -0.498671, 0.421257, 0.40156]
[0.568267, 0.26122, -0.498535, 0.337197, 0.274488]
[0.514974, 0.427567, -0.49988, 0.344152, 0.075935]
[0.388961, 0.303858, -0.498679, 0.257049, 0.049996]
[0.558263, 0.260154, -0.499331, 0.314282, 0.110455]
[0.447724, 0.171102, -0.499043, 0.405569, 0.420242]
[0.472063, 0.287269, -0.499666, 0.287945, 0.130027]
[0.474931, 0.334954, -0.498459, 0.400295, 0.322078]
[0.345147, 0.180477, -0.499623, 0.316749, 0.181415]
[0.381896, 0.442698, -0.49866, 0.2371, 0.185529]
[0.657117, 0.468048, -0.499131, 0.310117, 0.266382]
[0.470184, 0.289233, -0.499053, 0.241115, 0.352987]
[0.465637, 0.485734, -0.498604, 0.275105, 0.314323]
[0.376371, 0.141806, -0.498637, 0.450781, 0.49401]
[0.628338, 0.408646, -0.498429, 0.370401, 0.190721]
[0.455894, 0.369455, -0.499933, 0.461084, 0.188562]
[0.396583, 0.115279, -0.499751, 0.377979, 0.450224]
[0.644387, 0.224256, -0.499337, 0.367224, 0.334312]
[0.563635, 0.361858, -0.499793, 0.488891, 0.433518]
[0.606647, 0.443598, -0.49877, 0.282298, 0.198125]
[0.319049, 0.208922, -0.499256, 0.309133, 0.256281]
[0.56939, 0.254489, -0.499102, 0.47914, 0.014749]
[0.435099, 0.191429, -0.498567, 0.328755, 0.346025]
[0.530694, 0.398171, -0.498877, 0.271759, 0.069615]
[0.330206, 0.177349, -0.499046, 0.443961, 0.264714]
[0.613416, 0.136298, -0.499511, 0.452069, 0.402677]
[0.419079, 0.148335, -0.499249, 0.407304, 0.433646]
[0.319825, 0.127061, -0.498629, 0.423816, 0.495669]
[0.289018, 0.310476, -0.498752, 0.245863, 0.126777]
[0.426665, 0.22289, -0.499338, 0.355011, 0.400809]
[0.351763, 0.353412, -0.499094, 0.491845, 0.442142]
[0.513732, 0.213183, -0.499724, 0.248965, 0.437959]
[0.371748, 0.196147, -0.498976, 0.254395, 0.01437]
[0.286472, 0.352913, -0.498791, 0.493782, 0.122212]
[0.621837, 0.128143, -0.498894, 0.335547, 0.014812]
[0.605902, 0.440878, -0.499721, 0.351397, 0.168373]
[0.543925, 0.392196, -0.499387, 0.461266, 0.112165]
[0.425053, 0.421678, -0.4987, 0.34194, 0.121115]
[0.330484, 0.337945, -0.499585, 0.246994, 0.092296]
[0.554771, 0.226944, -0.4997, 0.341197, 0.340169]
[0.574422, 0.444168, -0.499568, 0.330166, 0.088717]
[0.332803, 0.474812, -0.498992, 0.345723, 0.030796]
[0.419838, 0.358795, -0.498505, 0.35266, 0.250474]
[0.375719, 0.446379, -0.499346, 0.459364, 0.379023]
[0.431287, 0.111989, -0.499123, 0.437365, 0.090283]
[0.346163, 0.325901, -0.499633, 0.474601, 0.075946]
[0.467802, 0.17222, -0.498718, 0.441906, 0.177414]
[0.403501, 0.201836, -0.499529, 0.394712, 0.412901]
[0.350179, 0.424911, -0.499199, 0.38936, 0.102971]
[0.279729, 0.472747, -0.499596, 0.350633, 0.480026]
[0.395978, 0.313704, -0.499675, 0.315954, 0.24656]
[0.29765, 0.44078, -0.498439, 0.254536, 0.429886]
[0.62291, 0.267255, -0.49884, 0.481265, 0.484368]
[0.339284, 0.419649, -0.4988, 0.266117, 0.241023]
[0.678908, 0.397646, -0.499981, 0.485352, 0.330924]
[0.564207, 0.46429, -0.49966, 0.366067, 0.408013]
[0.569582, 0.144564, -0.499653, 0.417539, 0.362578]
[0.500471, 0.366612, -0.498619, 0.29515, 0.165241]
[0.451662, 0.428943, -0.498787, 0.245264, 0.19707]
[0.545694, 0.143303, -0.499723, 0.33641, 0.489974]
[0.675578, 0.451933, -0.499574, 0.447692, 0.052999]
[0.336431, 0.225011, -0.499455, 0.477219, 0.081535]
[0.655157, 0.118017, -0.498567, 0.327249, 0.150745]
[0.481554, 0.44633, -0.499415, 0.320763, 0.061753]
[0.398639, 0.22288, -0.499477, 0.48595, 0.473865]
[0.271121, 0.472402, -0.499683, 0.483253, 0.478921]
[0.605417, 0.132195, -0.498753, 0.489329, 0.161186]
[0.39909, 0.160627, -0.499673, 0.311675, 0.321989]
[0.451421, 0.471573, -0.498644, 0.312383, 0.496583]
[0.627242, 0.148655, -0.498824, 0.251152, 0.256534]
[0.417956, 0.353472, -0.499244, 0.319343, 0.400091]
[0.634734, 0.320927, -0.4999, 0.33068, 0.273954]
[0.516314, 0.122516, -0.498831, 0.26486, 0.208039]
[0.623248, 0.257578, -0.499354, 0.240834, 0.044055]
[0.599835, 0.118083, -0.498548, 0.431742, 0.388749]
[0.280289, 0.273655, -0.499081, 0.426299, 0.346789]
[0.652363, 0.21514, -0.499724, 0.27111, 0.287306]
[0.439735, 0.149894, -0.499074, 0.402624, 0.31967]
[0.332453, 0.19868, -0.498618, 0.235307, 0.017178]
[0.441096, 0.315189, -0.498413, 0.434681, 0.303892]
[0.625492, 0.25727, -0.49926, 0.312846, 0.12408]
[0.393152, 0.209031, -0.499682, 0.267525, 0.127964]
[0.520831, 0.147252, -0.499733, 0.361812, 0.058584]
[0.67321, 0.12001, -0.498877, 0.228129, 0.008526]
[0.294055, 0.441241, -0.498662, 0.243116, 0.223972]
[0.628563, 0.248744, -0.499864, 0.301946, 0.150559]
[0.409981, 0.423858, -0.49925, 0.283699, 0.296242]
[0.46878, 0.412265, -0.499124, 0.306673, 0.320585]
[0.661165, 0.399432, -0.498987, 0.276686, 0.145604]
[0.406133, 0.378006, -0.499289, 0.405522, 0.025788]
[0.397545, 0.164477, -0.499282, 0.238541, 0.062776]
[0.521187, 0.249743, -0.498691, 0.431799, 0.337591]
[0.635543, 0.360075, -0.499199, 0.312435, 0.375007]
[0.571596, 0.358016, -0.499778, 0.487958, 0.162378]
[0.633344, 0.324824, -0.499451, 0.402607, 0.22961]
[0.581329, 0.381573, -0.49976, 0.392148, 0.090362]
[0.485995, 0.493664, -0.499547, 0.31128, 0.125682]
[0.601962, 0.328394, -0.499884, 0.290091, 0.332609]
[0.606813, 0.204558, -0.498425, 0.256763, 0.00744]
[0.322413, 0.442571, -0.499527, 0.421739, 0.051996]
[0.468689, 0.225354, -0.499839, 0.492429, 0.271574]
[0.274155, 0.214781, -0.499959, 0.436611, 0.421193]
[0.44094, 0.162161, -0.49867, 0.431502, 0.482853]
[0.45674, 0.302131, -0.499906, 0.351635, 0.351939]
[0.361321, 0.156994, -0.499867, 0.333447, 0.36672]
[0.543952, 0.441115, -0.499805, 0.498285, 0.394182]
[0.564591, 0.46235, -0.499259, 0.444713, 0.064441]
[0.419657, 0.488465, -0.499843, 0.498739, 0.491172]
[0.306535, 0.339347, -0.499885, 0.31393, 0.010541]
[0.528154, 0.354865, -0.498901, 0.284091, 0.361139]
[0.29982, 0.301813, -0.498606, 0.229545, 0.258027]
[0.302768, 0.209979, -0.499826, 0.431696, 0.151008]
[0.478494, 0.138527, -0.498868, 0.335795, 0.353873]
[0.331585, 0.476399, -0.499885, 0.239431, 0.378678]
[0.535784, 0.412381, -0.498702, 0.435308, 0.37921]
[0.585844, 0.254359, -0.498722, 0.271625, 0.029883]
[0.325334, 0.185933, -0.498472, 0.414311, 0.473615]
[0.276826, 0.19245, -0.49935, 0.288074, 0.135131]
[0.375731, 0.304982, -0.499225, 0.242891, 0.149807]
[0.436431, 0.379929, -0.498952, 0.395667, 0.385435]
[0.283004, 0.126972, -0.499421, 0.461496, 0.338356]
[0.305091, 0.4348, -0.498788, 0.294675, 0.128037]
[0.330924, 0.390627, -0.499046, 0.45991, 0.292508]
[0.649741, 0.343877, -0.498682, 0.397861, 0.457307]
[0.52996, 0.25877, -0.499419, 0.373898, 0.395848]
[0.269209, 0.293101, -0.498936, 0.498243, 0.129623]
[0.560779, 0.42597, -0.49885, 0.301031, 0.156823]
[0.656612, 0.180311, -0.499846, 0.383549, 0.46766]
[0.586915, 0.474492, -0.49852, 0.35991, 0.196485]
[0.576944, 0.287444, -0.498728, 0.328322, 0.251541]
[0.273595, 0.243231, -0.499404, 0.404219, 0.404204]
[0.510816, 0.186331, -0.499135, 0.330379, 0.349041]
[0.662473, 0.274083, -0.498908, 0.317718, 0.399695]
[0.469712, 0.418376, -0.499432, 0.33169, 0.388199]
[0.614208, 0.188355, -0.498691, 0.319614, 0.381355]
[0.372086, 0.165694, -0.49887, 0.237639, 0.240919]
[0.395158, 0.43664, -0.499841, 0.349977, 0.187134]
[0.549053, 0.349614, -0.499634, 0.332322, 0.115584]
[0.380196, 0.216737, -0.499444, 0.447447, 0.481359]
[0.336762, 0.286781, -0.499681, 0.327712, 0.066359]
[0.493109, 0.335549, -0.499115, 0.300729, 0.259997]
[0.348887, 0.478324, -0.498841, 0.254766, 0.077963]
[0.354644, 0.441006, -0.499115, 0.245373, 0.191794]
[0.667107, 0.216352, -0.49938, 0.453797, 0.49108]
[0.367098, 0.141914, -0.4988, 0.363401, 0.120898]
[0.314733, 0.328819, -0.499126, 0.315655, 0.22199]
[0.464219, 0.355052, -0.499025, 0.361186, 0.218359]
[0.349266, 0.338047, -0.499845, 0.241813, 0.4631]
[0.371307, 0.234596, -0.499665, 0.360405, 0.462669]
[0.331338, 0.479857, -0.499129, 0.306036, 0.375211]
[0.282366, 0.376493, -0.499622, 0.390093, 0.253157]
[0.310234, 0.420709, -0.49928, 0.271765, 0.324742]
[0.269395, 0.327282, -0.49995, 0.263074, 0.239767]
[0.565661, 0.372058, -0.498784, 0.494675, 0.200278]
[0.277084, 0.46853, -0.498766, 0.426394, 0.457178]
[0.594225, 0.117739, -0.499508, 0.257959, 0.352213]
[0.287922, 0.476661, -0.499554, 0.436922, 0.081816]
[0.473947, 0.406539, -0.499647, 0.280234, 0.066387]
[0.335054, 0.268851, -0.498994, 0.452722, 0.017991]
[0.61166, 0.49586, -0.499318, 0.318517, 0.074314]
[0.532949, 0.156078, -0.49911, 0.34996, 0.436742]
[0.531397, 0.393996, -0.499969, 0.325142, 0.445156]
[0.505782, 0.317095, -0.499695, 0.406058, 0.031201]
[0.335342, 0.487111, -0.498492, 0.466975, 0.151026]
[0.471599, 0.173702, -0.499557, 0.39416, 0.104204]
[0.497069, 0.416079, -0.498867, 0.49648, 0.244177]
[0.367761, 0.433571, -0.499289, 0.439599, 0.093881]
[0.354117, 0.256771, -0.49872, 0.26534, 0.183839]
[0.339495, 0.444714, -0.499172, 0.256387, 0.407296]
[0.551211, 0.198933, -0.499973, 0.261372, 0.312387]
[0.377586, 0.228408, -0.499212, 0.318272, 0.326934]
[0.308501, 0.295342, -0.499799, 0.454865, 0.451793]
[0.535765, 0.125064, -0.499076, 0.44855, 0.084206]
[0.339201, 0.342472, -0.498793, 0.328033, 0.40412]
[0.509723, 0.377912, -0.499233, 0.268126, 0.125209]
[0.284299, 0.207344, -0.499833, 0.376688, 0.013281]
[0.498274, 0.152764, -0.498886, 0.457713, 0.413932]
[0.638279, 0.360732, -0.498424, 0.477573, 0.309832]
[0.628579, 0.363815, -0.499695, 0.310932, 0.141348]
[0.326778, 0.17072, -0.498612, 0.404523, 0.17939]
[0.587074, 0.137061, -0.499506, 0.390966, 0.004536]
[0.312778, 0.14134, -0.499541, 0.476014, 0.114769]
[0.332024, 0.302242, -0.498653, 0.493559, 0.043454]
[0.426668, 0.479085, -0.499905, 0.235599, 0.20667]
[0.299309, 0.490868, -0.499141, 0.454314, 0.318963]
[0.378875, 0.296427, -0.498522, 0.443196, 0.065755]
[0.451306, 0.314634, -0.499074, 0.478659, 0.026767]
[0.358267, 0.375889, -0.499805, 0.415792, 0.409392]
[0.603203, 0.496217, -0.499814, 0.468463, 0.405633]
[0.329834, 0.371901, -0.498479, 0.26425, 0.031141]
[0.281919, 0.424794, -0.499142, 0.268988, 0.486635]
[0.396038, 0.35879, -0.499396, 0.238693, 0.301414]
[0.39936, 0.373707, -0.499764, 0.456162, 0.469226]
[0.505878, 0.160568, -0.499355, 0.28796, 0.420938]
[0.461598, 0.174976, -0.498753, 0.409227, 0.471598]
[0.496277, 0.290685, -0.49875, 0.478896, 0.377973]
[0.470709, 0.274166, -0.499275, 0.367231, 0.360954]
[0.639789, 0.344077, -0.499903, 0.25167, 0.480641]
[0.546223, 0.36088, -0.498805, 0.456366, 0.229831]
[0.431151, 0.380375, -0.499261, 0.416354, 0.242409]
[0.59202, 0.172159, -0.499428, 0.246517, 0.116636]
[0.610688, 0.365507, -0.49843, 0.464011, 0.358316]
[0.57719, 0.476548, -0.498614, 0.290579, 0.426077]
[0.466463, 0.383838, -0.498472, 0.314686, 0.374276]
[0.635147, 0.136734, -0.499908, 0.387951, 0.047507]
[0.324532, 0.337828, -0.499097, 0.279417, 0.319108]
[0.386814, 0.413047, -0.498846, 0.382132, 0.364246]
[0.599419, 0.130438, -0.499976, 0.428649, 0.129081]
[0.370459, 0.225188, -0.498789, 0.486035, 0.484325]
[0.343985, 0.192306, -0.499867, 0.356562, 0.23958]
[0.619094, 0.458794, -0.498769, 0.361365, 0.058116]
[0.404908, 0.360613, -0.498514, 0.382014, 0.495242]
[0.550383, 0.237317, -0.498446, 0.492885, 0.193649]
[0.526202, 0.207198, -0.499796, 0.351547, 0.233286]
[0.54287, 0.459159, -0.499585, 0.247324, 0.110145]
[0.283507, 0.492197, -0.499476, 0.310586, 0.250411]
[0.406859, 0.135324, -0.499599, 0.310045, 0.156711]
[0.337106, 0.157707, -0.498442, 0.329443, 0.169833]
[0.539825, 0.111952, -0.498953, 0.48056, 0.35976]
[0.443268, 0.275666, -0.498561, 0.44509, 0.233382]
[0.475263, 0.339857, -0.49899, 0.262984, 0.442637]
[0.526487, 0.396934, -0.49945, 0.296158, 0.411464]
[0.577539, 0.482662, -0.499009, 0.250447, 0.285485]
[0.312528, 0.208739, -0.498971, 0.321423, 0.008493]
[0.485777, 0.199269, -0.499946, 0.458134, 0.195317]
[0.589822, 0.196433, -0.498866, 0.287841, 0.18839]
[0.640294, 0.389565, -0.499729, 0.415997, 0.306612]
[0.364052, 0.248158, -0.499055, 0.351191, 0.312821]
[0.631562, 0.120186, -0.498534, 0.239501, 0.252623]
[0.466433, 0.273105, -0.498989, 0.42153, 0.048441]
[0.495152, 0.250366, -0.499435, 0.235667, 0.404967]
[0.28171, 0.407796, -0.499758, 0.449291, 0.372296]
[0.602407, 0.421122, -0.498516, 0.357325, 0.150151]
[0.630854, 0.478339, -0.499222, 0.341469, 0.428844]
[0.666766, 0.331579, -0.499008, 0.355865, 0.452562]
[0.375779, 0.37584, -0.499902, 0.379571, 0.126095]
[0.282583, 0.485971, -0.499837, 0.41468, 0.295074]
[0.401551, 0.263581, -0.499672, 0.470178, 0.184543]
[0.551783, 0.287223, -0.49866, 0.304968, 0.031367]
[0.413413, 0.396017, -0.499115, 0.233491, 0.058388]
[0.628632, 0.376392, -0.499155, 0.304894, 0.419614]
[0.481987, 0.341552, -0.499943, 0.44577, 0.341378]
[0.390262, 0.117739, -0.49941, 0.434299, 0.46159]
[0.360138, 0.186878, -0.498912, 0.358381, 0.352184]
[0.316817, 0.231126, -0.499029, 0.427354, 0.488465]
[0.456552, 0.114445, -0.498604, 0.455634, 0.20629]
[0.370154, 0.41459, -0.499047, 0.254074, 0.088269]
[0.40205, 0.491546, -0.499461, 0.454534, 0.447948]
[0.353968, 0.229594, -0.498734, 0.457874, 0.386483]
[0.304533, 0.447131, -0.499612, 0.245926, 0.414457]
[0.563522, 0.44539, -0.498591, 0.350523, 0.134093]
[0.356502, 0.413101, -0.499184, 0.235403, 0.35155]
[0.46701, 0.342038, -0.499488, 0.390039, 0.310613]
[0.341543, 0.392738, -0.499473, 0.443035, 0.363795]
[0.515657, 0.304206, -0.498436, 0.24633, 0.405598]
[0.304387, 0.374903, -0.49851, 0.465542, 0.030297]
[0.38631, 0.388658, -0.498966, 0.451104, 0.451731]
[0.653377, 0.163433, -0.499304, 0.37788, 0.350563]
[0.454762, 0.474429, -0.499896, 0.429016, 0.493651]
[0.299884, 0.267126, -0.499795, 0.383592, 0.411826]
[0.498838, 0.276334, -0.499748, 0.492887, 0.265517]
[0.423292, 0.322555, -0.498427, 0.345887, 0.009272]
[0.390202, 0.309701, -0.498637, 0.363022, 0.495664]
[0.50328, 0.138847, -0.499629, 0.303103, 0.085676]
[0.360456, 0.111472, -0.499796, 0.244757, 0.452212]
[0.607059, 0.30679, -0.499629, 0.273723, 0.407185]
[0.549534, 0.416869, -0.498816, 0.478998, 0.269708]
[0.409646, 0.144844, -0.498827, 0.286045, 0.277085]
[0.505306, 0.258843, -0.49977, 0.471389, 0.235027]
[0.407936, 0.221965, -0.49973, 0.371212, 0.285227]
[0.572285, 0.4493, -0.499581, 0.398968, 0.284008]
[0.317466, 0.195934, -0.499373, 0.433477, 0.06417]
[0.526851, 0.494045, -0.499189, 0.372623, 0.008711]
[0.66085, 0.327239, -0.498463, 0.313661, 0.141613]
[0.420219, 0.125865, -0.498738, 0.433664, 0.248973]
[0.585848, 0.41423, -0.499645, 0.290276, 0.16347]
[0.433596, 0.478933, -0.498998, 0.430308, 0.192487]
[0.346033, 0.403349, -0.499439, 0.310577, 0.255912]
[0.514245, 0.156325, -0.499811, 0.454282, 0.159512]
[0.625601, 0.154714, -0.499097, 0.484477, 0.23021]
[0.655077, 0.377504, -0.499935, 0.400925, 0.416199]
[0.344391, 0.217178, -0.499015, 0.497108, 0.191627]
[0.53346, 0.48605, -0.4991, 0.468211, 0.290267]
[0.604742, 0.380113, -0.498957, 0.315368, 0.21675]
[0.347886, 0.323693, -0.499774, 0.251237, 0.038495]
[0.432813, 0.409137, -0.49898, 0.318593, 0.146806]
[0.604488, 0.424877, -0.498935, 0.456575, 0.312053]
[0.410284, 0.228822, -0.498966, 0.270859, 0.377591]
[0.284549, 0.490757, -0.498438, 0.263388, 0.208059]
[0.312427, 0.42645, -0.498556, 0.351418, 0.141767]
[0.591919, 0.234285, -0.499466, 0.355266, 0.171733]
[0.275454, 0.478817, -0.498511, 0.29656, 0.438477]
[0.370161, 0.439038, -0.499731, 0.482986, 0.34226]
[0.330333, 0.435091, -0.499108, 0.23799, 0.065852]
[0.554746, 0.442355, -0.499029, 0.452435, 0.17675]
[0.409376, 0.477786, -0.49967, 0.276044, 0.278219]
[0.27259, 0.360625, -0.498632, 0.289085, 0.288324]
[0.539553, 0.223974, -0.499875, 0.239843, 0.02946]
[0.487531, 0.225717, -0.499685, 0.319987, 0.460898]
[0.631988, 0.134285, -0.49887, 0.309052, 0.28315]
[0.529624, 0.223964, -0.498468, 0.252193, 0.039264]
[0.375755, 0.185896, -0.499525, 0.394439, 0.450684]
[0.654263, 0.122586, -0.49884, 0.405982, 0.412098]
[0.612149, 0.220076, -0.498631, 0.32737, 0.081134]
[0.613278, 0.156763, -0.498663, 0.301651, 0.139853]
[0.37689, 0.261093, -0.498762, 0.314745, 0.405189]
[0.553314, 0.189082, -0.499719, 0.411458, 0.052761]
[0.636194, 0.429445, -0.499455, 0.356103, 0.264467]
[0.582083, 0.113041, -0.499283, 0.256072, 0.332051]
[0.673366, 0.12004, -0.498873, 0.458657, 0.055312]
[0.34919, 0.128429, -0.498843, 0.254959, 0.102816]
[0.304542, 0.273018, -0.499888, 0.362578, 0.465092]
[0.571581, 0.291986, -0.499821, 0.478651, 0.413267]
[0.6282, 0.320541, -0.499431, 0.367593, 0.259444]
[0.319158, 0.173529, -0.499203, 0.338547, 0.325052]
[0.322712, 0.346004, -0.499843, 0.422103, 0.292485]
[0.454307, 0.402629, -0.499923, 0.440423, 0.117032]
[0.309166, 0.279384, -0.49914, 0.234199, 0.49335]
[0.45923, 0.394674, -0.498699, 0.315202, 0.198787]
[0.67692, 0.406338, -0.499948, 0.337884, 0.372984]
[0.289669, 0.228947, -0.499922, 0.390879, 0.296241]
[0.418794, 0.230006, -0.498776, 0.301497, 0.430922]
[0.597164, 0.354192, -0.498637, 0.348896, 0.107984]
[0.289223, 0.456607, -0.499898, 0.486388, 0.262106]
[0.636333, 0.30476, -0.499243, 0.415674, 0.255088]
[0.581243, 0.491122, -0.499551, 0.231112, 0.12971]
[0.566125, 0.3554, -0.498669, 0.419591, 0.350844]
[0.410119, 0.171759, -0.498883, 0.255544, 0.169564]
[0.389245, 0.239791, -0.499562, 0.22922, 0.363871]
[0.295382, 0.226392, -0.499982, 0.401932, 0.103165]
[0.329488, 0.228432, -0.499963, 0.446678, 0.243241]
[0.665489, 0.477008, -0.499835, 0.404876, 0.154961]
[0.614588, 0.224269, -0.499448, 0.393085, 0.469728]
[0.441411, 0.308585, -0.498465, 0.242975, 0.465258]
[0.395685, 0.267593, -0.498678, 0.25791, 0.490553]
[0.348927, 0.304614, -0.498882, 0.267605, 0.155827]
[0.639569, 0.152362, -0.498807, 0.394027, 0.325756]
[0.401111, 0.259137, -0.499858, 0.357891, 0.152417]
[0.280746, 0.2496, -0.499103, 0.335943, 0.394988]
[0.277739, 0.468179, -0.499077, 0.418749, 0.344607]
[0.583946, 0.443568, -0.499769, 0.37567, 0.051616]
[0.38333, 0.381298, -0.499853, 0.432598, 0.286828]
[0.403288, 0.212271, -0.499825, 0.460039, 0.35745]
[0.351319, 0.42378, -0.499756, 0.377707, 0.159121]
[0.436536, 0.278366, -0.498435, 0.473026, 0.076439]
[0.516488, 0.205466, -0.499831, 0.478927, 0.249872]
[0.351052, 0.114597, -0.49952, 0.313513, 0.146992]
[0.673475, 0.226675, -0.499026, 0.479645, 0.4974]
[0.564659, 0.372503, -0.499128, 0.269846, 0.200925]
[0.530023, 0.493805, -0.499769, 0.484394, 0.422206]
[0.603305, 0.118848, -0.499395, 0.463473, 0.390123]
[0.501734, 0.34373, -0.499741, 0.490248, 0.394311]
[0.521656, 0.290171, -0.499477, 0.337655, 0.408629]
[0.551906, 0.326685, -0.498734, 0.265262, 0.072395]
[0.664905, 0.476106, -0.499789, 0.359339, 0.478219]
[0.313629, 0.352863, -0.499486, 0.363205, 0.359489]
[0.396638, 0.198452, -0.498835, 0.258277, 0.450606]
[0.26904, 0.363668, -0.499913, 0.392872, 0.227254]
[0.661339, 0.198655, -0.499354, 0.263144, 0.040166]
[0.553247, 0.340699, -0.499361, 0.417145, 0.313581]
[0.358147, 0.400158, -0.498854, 0.24519, 0.282564]
[0.603896, 0.494336, -0.498774, 0.298814, 0.064142]
[0.569601, 0.345481, -0.498982, 0.275554, 0.108275]
[0.281504, 0.23054, -0.499167, 0.234599, 0.273028]
[0.323213, 0.213343, -0.499636, 0.317293, 0.355798]
[0.461304, 0.125784, -0.498835, 0.379932, 0.303211]
