Status: non-adversarial inputs found
[0.498091, 0.296853, -0.498463, 0.36186, 0.121441]
[0.423895, 0.432531, -0.499603, 0.492746, 0.00393]
[0.409366, 0.320683, -0.499391, 0.361252, 0.360323]
[0.336194, 0.178657, -0.499556, 0.468788, 0.210504]
[0.614411, 0.400435, -0.499625, 0.301754, 0.422435]
[0.35597, 0.368569, -0.498917, 0.394525, 0.158853]
[0.41425, 0.436423, -0.499585, 0.239659, 0.393374]
[0.364219, 0.478709, -0.499966, 0.417386, 0.192083]
[0.27243, 0.281499, -0.498507, 0.457863, 0.24696]
[0.282815, 0.307927, -0.498623, 0.230691, 0.352632]
[0.527986, 0.451421, -0.498456, 0.390594, 0.439369]
[0.306623, 0.111922, -0.499119, 0.408833, 0.014743]
[0.489417, 0.127941, -0.499371, 0.418976, 0.075863]
[0.353349, 0.462865, -0.499081, 0.275199, 0.349586]
[0.446589, 0.433324, -0.498468, 0.378314, 0.137552]
[0.427633, 0.19199, -0.499284, 0.279579, 0.142217]
[0.37632, 0.123018, -0.499776, 0.294167, 0.150209]
[0.641347, 0.143193, -0.498514, 0.294789, 0.211692]
[0.674575, 0.354412, -0.498447, 0.335884, 0.013446]
[0.619195, 0.18515, -0.499435, 0.306077, 0.34738]
[0.471192, 0.222065, -0.499402, 0.325092, 0.220738]
[0.290372, 0.127138, -0.498824, 0.450107, 0.23487]
[0.458921, 0.356277, -0.49908, 0.254839, 0.481595]
[0.358398, 0.288956, -0.499196, 0.371061, 0.185117]
[0.322864, 0.115801, -0.499077, 0.327179, 0.436544]
[0.609099, 0.491235, -0.499141, 0.446951, 0.497941]
[0.593955, 0.485679, -0.499865, 0.258258, 0.030343]
[0.288295, 0.393092, -0.499919, 0.281624, 0.182939]
[0.280507, 0.219851, -0.499484, 0.365857, 0.317973]
[0.630013, 0.461344, -0.498414, 0.352565, 0.425492]
[0.573414, 0.415342, -0.499797, 0.283629, 0.348951]
[0.478539, 0.434885, -0.499523, 0.464053, 0.34538]
[0.582354, 0.430062, -0.499218, 0.246065, 0.032513]
[0.527997, 0.113859, -0.499537, 0.482808, 0.057978]
[0.554027, 0.307923, -0.499564, 0.334856, 0.020985]
[0.614716, 0.193771, -0.499759, 0.33453, 0.387389]
[0.276801, 0.425822, -0.499363, 0.452207, 0.388252]
[0.471711, 0.188389, -0.498619, 0.309374, 0.432899]
[0.437027, 0.176438, -0.499406, 0.333147, 0.270394]
[0.427146, 0.459249, -0.498876, 0.45421, 0.070051]
[0.677648, 0.213176, -0.499659, 0.488244, 0.437509]
[0.423286, 0.354379, -0.499388, 0.261149, 0.186059]
[0.486624, 0.452806, -0.49991, 0.451311, 0.224499]
[0.485625, 0.375663, -0.498429, 0.437105, 0.484573]
[0.362195, 0.423806, -0.499255, 0.419385, 0.181658]
[0.325052, 0.444394, -0.499489, 0.254761, 0.267983]
[0.591693, 0.329049, -0.499742, 0.288609, 0.077659]
[0.34244, 0.219861, -0.499564, 0.255666, 0.126027]
[0.271639, 0.301829, -0.499017, 0.418355, 0.406034]
[0.580458, 0.327646, -0.499145, 0.312856, 0.481459]
[0.63411, 0.227416, -0.498725, 0.340595, 0.040352]
[0.366419, 0.111704, -0.49919, 0.391895, 0.157582]
[0.50393, 0.482141, -0.498808, 0.355134, 0.333052]
[0.438026, 0.319273, -0.499453, 0.288954, 0.141668]
[0.368597, 0.432542, -0.498798, 0.410172, 0.375554]
[0.431616, 0.462302, -0.499939, 0.301197, 0.002643]
[0.293254, 0.137306, -0.498977, 0.498709, 0.157321]
[0.65722, 0.314604, -0.49997, 0.330824, 0.168882]
[0.552037, 0.480059, -0.499155, 0.471753, 0.263056]
[0.28103, 0.150933, -0.499279, 0.396863, 0.241932]
[0.521079, 0.443254, -0.499414, 0.254018, 0.249368]
[0.378811, 0.116169, -0.499484, 0.451459, 0.252926]
[0.605639, 0.29493, -0.49881, 0.326323, 0.022771]
[0.378667, 0.404783, -0.49864, 0.478215, 0.417786]
[0.339368, 0.465637, -0.498485, 0.456947, 0.224322]
[0.343833, 0.206259, -0.498624, 0.40742, 0.277365]
[0.478493, 0.268668, -0.499828, 0.35852, 0.235041]
[0.620606, 0.146, -0.498487, 0.402971, 0.181146]
[0.405337, 0.36735, -0.498464, 0.285553, 0.03825]
[0.491389, 0.126226, -0.499941, 0.462144, 0.187836]
[0.594867, 0.394297, -0.499409, 0.291744, 0.317872]
[0.270402, 0.191649, -0.498658, 0.376953, 0.482076]
[0.399351, 0.433698, -0.499737, 0.25395, 0.235842]
[0.372993, 0.295, -0.498573, 0.478402, 0.130379]
[0.324523, 0.388643, -0.498587, 0.233306, 0.386463]
[0.622952, 0.368889, -0.499087, 0.488147, 0.270965]
[0.487115, 0.411582, -0.499179, 0.335389, 0.043298]
[0.485457, 0.21534, -0.499225, 0.334757, 0.328827]
[0.303976, 0.226067, -0.49898, 0.397375, 0.417343]
[0.500442, 0.355473, -0.499911, 0.357804, 0.287492]
[0.316876, 0.237397, -0.499011, 0.42961, 0.419737]
[0.538346, 0.264677, -0.499825, 0.493343, 0.381491]
[0.491279, 0.310717, -0.498836, 0.373116, 0.103497]
[0.573414, 0.498301, -0.498412, 0.463605, 0.456854]
[0.64504, 0.492072, -0.499744, 0.459223, 0.027123]
[0.359285, 0.340558, -0.499738, 0.44566, 0.041078]
[0.530088, 0.280253, -0.499434, 0.46306, 0.208239]
[0.656397, 0.141151, -0.499611, 0.377615, 0.180665]
[0.552516, 0.200107, -0.498449, 0.229174, 0.171561]
[0.536535, 0.240898, -0.499443, 0.283788, 0.408754]
[0.436723, 0.301707, -0.499507, 0.397957, 0.152424]
[0.372503, 0.498974, -0.498799, 0.392143, 0.362131]
[0.549228, 0.226404, -0.499707, 0.290161, 0.038685]
[0.319947, 0.448746, -0.499702, 0.424236, 0.302545]
[0.330735, 0.473289, -0.499104, 0.376018, 0.386242]
[0.637036, 0.415831, -0.499177, 0.472203, 0.13359]
[0.356848, 0.48608, -0.498775, 0.455137, 0.079144]
[0.628978, 0.46929, -0.499952, 0.268199, 0.055026]
[0.304061, 0.292227, -0.499013, 0.479334, 0.493069]
[0.364727, 0.435322, -0.498945, 0.462912, 0.151172]
[0.392354, 0.469214, -0.49898, 0.349712, 0.274265]
[0.314134, 0.260389, -0.499486, 0.30148, 0.414552]
[0.581722, 0.488707, -0.499297, 0.449524, 0.265643]
[0.389201, 0.322458, -0.499812, 0.464709, 0.307336]
[0.57884, 0.325418, -0.498645, 0.320284, 0.282708]
[0.50765, 0.457798, -0.499301, 0.460893, 0.230293]
[0.537252, 0.229998, -0.498514, 0.30981, 0.091285]
[0.373679, 0.479518, -0.499125, 0.29922, 0.00018]
[0.605214, 0.230807, -0.498916, 0.409455, 0.485662]
[0.440976, 0.291383, -0.499228, 0.464952, 0.087427]
[0.486388, 0.4572, -0.499875, 0.320795, 0.042195]
[0.486414, 0.403937, -0.498853, 0.233385, 0.379871]
[0.508323, 0.373037, -0.499251, 0.301157, 0.326438]
[0.562444, 0.394656, -0.499667, 0.436782, 0.334031]
[0.506572, 0.179735, -0.498703, 0.41925, 0.003071]
[0.31432, 0.257025, -0.499636, 0.243399, 0.274637]
[0.334541, 0.357999, -0.49926, 0.4404, 0.408605]
[0.534223, 0.238703, -0.499926, 0.272373, 0.025599]
[0.467089, 0.375048, -0.498797, 0.283991, 0.489039]
[0.365718, 0.314573, -0.499149, 0.250374, 0.305237]
[0.462763, 0.434184, -0.499796, 0.355734, 0.10535]
[0.363175, 0.272961, -0.498749, 0.353508, 0.363493]
[0.674456, 0.125255, -0.498716, 0.229027, 0.457202]
[0.552139, 0.365197, -0.499838, 0.242524, 0.02979]
[0.282889, 0.402891, -0.499691, 0.27108, 0.449388]
[0.333311, 0.456588, -0.498995, 0.340742, 0.077449]
[0.320109, 0.497564, -0.498822, 0.246568, 0.129675]
[0.294893, 0.43196, -0.499346, 0.489159, 0.440449]
[0.351154, 0.281506, -0.499939, 0.351492, 0.282732]
[0.594229, 0.317818, -0.498551, 0.367291, 0.333908]
[0.345667, 0.374468, -0.498416, 0.451096, 0.339644]
[0.625259, 0.318586, -0.498519, 0.280645, 0.143568]
[0.590375, 0.145858, -0.499073, 0.449922, 0.261246]
[0.326479, 0.366882, -0.498419, 0.28421, 0.30973]
[0.445429, 0.384392, -0.499554, 0.342484, 0.334629]
[0.325478, 0.331343, -0.499103, 0.425102, 0.047598]
[0.445737, 0.364176, -0.499614, 0.360404, 0.077844]
[0.65421, 0.44508, -0.499809, 0.277058, 0.258361]
[0.293905, 0.264656, -0.49877, 0.264773, 0.426418]
[0.517115, 0.397546, -0.499517, 0.360911, 0.343888]
[0.327676, 0.287457, -0.499138, 0.4684, 0.46191]
[0.609823, 0.265256, -0.498593, 0.357325, 0.363072]
[0.555985, 0.292126, -0.499527, 0.487925, 0.297778]
[0.586118, 0.35551, -0.499315, 0.305231, 0.407617]
[0.650551, 0.361729, -0.499769, 0.405673, 0.482448]
[0.411942, 0.498886, -0.498457, 0.360432, 0.471779]
[0.37711, 0.409593, -0.498856, 0.295554, 0.209729]
[0.670179, 0.432843, -0.49925, 0.489262, 0.029212]
[0.576826, 0.280677, -0.499603, 0.341337, 0.321194]
[0.370597, 0.41569, -0.498914, 0.236849, 0.433889]
[0.391355, 0.111952, -0.498713, 0.354277, 0.00779]
[0.459529, 0.232825, -0.49926, 0.254099, 0.427515]
[0.378736, 0.499502, -0.49879, 0.24704, 0.208985]
[0.527252, 0.343897, -0.499918, 0.344583, 0.035189]
[0.322164, 0.412727, -0.499728, 0.498207, 0.481713]
[0.450057, 0.215241, -0.49949, 0.433986, 0.354147]
[0.274005, 0.377288, -0.49928, 0.272066, 0.427887]
[0.610082, 0.225887, -0.499551, 0.482217, 0.426245]
[0.276996, 0.462907, -0.498421, 0.471592, 0.414362]
[0.626652, 0.316535, -0.498449, 0.387964, 0.183158]
[0.295297, 0.46903, -0.499106, 0.388, 0.483442]
[0.47232, 0.316338, -0.499025, 0.446544, 0.054755]
[0.378089, 0.186671, -0.499299, 0.386969, 0.494801]
[0.469961, 0.132293, -0.499559, 0.291971, 0.282301]
[0.470707, 0.28895, -0.499485, 0.439861, 0.143389]
[0.551806, 0.119086, -0.499031, 0.380882, 0.284456]
[0.430206, 0.147372, -0.499634, 0.254451, 0.26297]
[0.652439, 0.442235, -0.498577, 0.492229, 0.108202]
[0.524794, 0.490279, -0.499159, 0.266346, 0.339685]
[0.538576, 0.260059, -0.499035, 0.45796, 0.121985]
[0.333756, 0.285344, -0.499934, 0.354742, 0.19087]
[0.373552, 0.325874, -0.499851, 0.232643, 0.13984]
[0.485232, 0.307037, -0.499714, 0.273076, 0.44718]
[0.310375, 0.169185, -0.499872, 0.440732, 0.276358]
[0.386409, 0.118241, -0.499819, 0.34926, 0.263397]
[0.614254, 0.346314, -0.499653, 0.246582, 0.3018]
[0.411251, 0.463968, -0.499244, 0.485502, 0.476696]
[0.311707, 0.186745, -0.4995, 0.374776, 0.14235]
[0.566709, 0.229844, -0.498966, 0.258149, 0.29149]
[0.352788, 0.188014, -0.498876, 0.256804, 0.271745]
[0.387951, 0.417214, -0.499751, 0.378394, 0.346271]
[0.56367, 0.41341, -0.498859, 0.398909, 0.471452]
[0.30217, 0.31915, -0.499785, 0.310401, 0.15305]
[0.557355, 0.499888, -0.498913, 0.42004, 0.304088]
[0.402059, 0.33039, -0.499984, 0.349372, 0.216373]
[0.447693, 0.488816, -0.49986, 0.417508, 0.263126]
[0.532186, 0.389282, -0.499246, 0.356057, 0.233252]
[0.509831, 0.273531, -0.498468, 0.406862, 0.320688]
[0.589784, 0.214019, -0.499035, 0.412291, 0.02042]
[0.321146, 0.284612, -0.498915, 0.434017, 0.328214]
[0.364542, 0.350543, -0.498704, 0.358501, 0.159938]
[0.314693, 0.326236, -0.499906, 0.26757, 0.017073]
[0.454774, 0.281487, -0.499131, 0.295777, 0.334019]
[0.361341, 0.42825, -0.499078, 0.473056, 0.206385]
[0.488617, 0.260697, -0.499436, 0.277826, 0.264534]
[0.356748, 0.421362, -0.499304, 0.286606, 0.241223]
[0.599641, 0.161632, -0.498841, 0.448582, 0.375062]
[0.578222, 0.11406, -0.499715, 0.379407, 0.313325]
[0.418647, 0.348739, -0.498864, 0.302836, 0.324873]
[0.33667, 0.202981, -0.499106, 0.300577, 0.333927]
[0.497834, 0.256206, -0.499316, 0.300124, 0.412716]
[0.473372, 0.320099, -0.49935, 0.374051, 0.167308]
[0.42875, 0.215488, -0.499361, 0.296196, 0.142114]
[0.377126, 0.419538, -0.499228, 0.407467, 0.442634]
[0.467409, 0.483656, -0.49856, 0.356666, 0.189322]
[0.29945, 0.434011, -0.499073, 0.359535, 0.196833]
[0.650843, 0.436996, -0.499923, 0.417609, 0.004473]
[0.294334, 0.318844, -0.499057, 0.391298, 0.219622]
[0.426178, 0.499602, -0.499262, 0.491603, 0.286199]
[0.412465, 0.234051, -0.499034, 0.483265, 0.070831]
[0.592994, 0.445062, -0.498741, 0.399176, 0.285651]
[0.591251, 0.391381, -0.49974, 0.313566, 0.218256]
[0.344012, 0.258169, -0.499856, 0.472954, 0.17346]
[0.35457, 0.42315, -0.499662, 0.385331, 0.021729]
[0.469528, 0.442672, -0.499197, 0.334579, 0.200778]
[0.408353, 0.413463, -0.49878, 0.286884, 0.092796]
[0.576491, 0.456891, -0.499687, 0.398566, 0.274719]
[0.634049, 0.223898, -0.498527, 0.49386, 0.197141]
[0.657958, 0.144704, -0.499844, 0.308638, 0.413092]
[0.513334, 0.182727, -0.499896, 0.390949, 0.18201]
[0.604666, 0.479349, -0.498844, 0.267933, 0.157721]
[0.627623, 0.271597, -0.499689, 0.321285, 0.415659]
[0.324575, 0.439795, -0.499093, 0.462679, 0.204276]
[0.296122, 0.12429, -0.49974, 0.323138, 0.082635]
[0.428459, 0.30755, -0.499519, 0.478173, 0.023684]
[0.427634, 0.131897, -0.499657, 0.482628, 0.436273]
[0.351303, 0.456963, -0.499622, 0.239284, 0.331723]
[0.397386, 0.438805, -0.499976, 0.325284, 0.23988]
[0.368489, 0.462703, -0.499141, 0.493668, 0.229882]
[0.283298, 0.210159, -0.498837, 0.402704, 0.029263]
[0.315659, 0.478174, -0.49963, 0.404144, 0.327756]
[0.613293, 0.286725, -0.499066, 0.498507, 0.035946]
[0.310515, 0.264912, -0.499062, 0.276716, 0.45438]
[0.43582, 0.190569, -0.499768, 0.441668, 0.262739]
[0.366237, 0.144427, -0.499816, 0.420482, 0.343644]
[0.362074, 0.406965, -0.499468, 0.379908, 0.042248]
[0.437084, 0.343247, -0.498531, 0.400521, 0.239809]
[0.574659, 0.261504, -0.498574, 0.341161, 0.239548]
[0.618289, 0.459928, -0.499236, 0.464847, 0.482188]
[0.333999, 0.373782, -0.498871, 0.262372, 0.077067]
[0.432058, 0.175787, -0.498411, 0.447849, 0.047549]
[0.447447, 0.291028, -0.49978, 0.317212, 0.23201]
[0.291637, 0.47024, -0.499438, 0.338186, 0.004979]
[0.406119, 0.149199, -0.499084, 0.457336, 0.36248]
[0.376814, 0.483254, -0.499296, 0.434151, 0.108655]
[0.436755, 0.445818, -0.4992, 0.32846, 0.460857]
[0.31445, 0.224195, -0.499591, 0.439351, 0.134061]
[0.29665, 0.41198, -0.498737, 0.304314, 0.458722]
[0.479144, 0.491681, -0.499543, 0.375696, 0.401125]
[0.503391, 0.375024, -0.498541, 0.327349, 0.132692]
[0.522987, 0.12142, -0.498758, 0.339395, 0.073223]
[0.619459, 0.135231, -0.499982, 0.313112, 0.322276]
[0.589495, 0.191045, -0.499302, 0.436122, 0.49151]
[0.509791, 0.467295, -0.498954, 0.462572, 0.370133]
[0.369515, 0.237629, -0.499062, 0.294852, 0.317996]
[0.348423, 0.439789, -0.499456, 0.470425, 0.184842]
[0.500526, 0.264712, -0.499926, 0.40885, 0.193178]
[0.36401, 0.370171, -0.499442, 0.449496, 0.289319]
[0.337723, 0.15649, -0.499683, 0.453196, 0.430887]
[0.38842, 0.422118, -0.498563, 0.436185, 0.459509]
[0.656523, 0.223548, -0.498772, 0.499152, 0.179932]
[0.633813, 0.435315, -0.499342, 0.48213, 0.253845]
[0.492071, 0.336905, -0.499858, 0.385905, 0.09507]
[0.591085, 0.213664, -0.499399, 0.395852, 0.339059]
[0.541959, 0.4249, -0.499194, 0.45864, 0.363749]
[0.41288, 0.318501, -0.499466, 0.40904, 0.450849]
[0.286032, 0.497764, -0.499081, 0.471519, 0.484634]
[0.565896, 0.195668, -0.499377, 0.469539, 0.143869]
[0.451869, 0.181412, -0.499124, 0.407852, 0.069527]
[0.560799, 0.125032, -0.498584, 0.405927, 0.285743]
[0.606254, 0.23779, -0.499076, 0.319451, 0.277838]
[0.452743, 0.206249, -0.498513, 0.413989, 0.451616]
[0.473378, 0.123519, -0.498903, 0.2962, 0.054058]
[0.619506, 0.210248, -0.499568, 0.403293, 0.392473]
[0.62938, 0.460485, -0.499671, 0.376264, 0.132166]
[0.479528, 0.115377, -0.498886, 0.397317, 0.24765]
[0.299651, 0.121335, -0.498897, 0.278753, 0.253836]
[0.274656, 0.409346, -0.499371, 0.415141, 0.20259]
[0.402371, 0.468828, -0.499873, 0.255396, 0.299567]
[0.582348, 0.405433, -0.498522, 0.265428, 0.186775]
[0.375663, 0.425163, -0.499884, 0.411712, 0.302712]
[0.552069, 0.139272, -0.49879, 0.472877, 0.162849]
[0.444139, 0.270176, -0.49882, 0.421043, 0.111975]
[0.279013, 0.291946, -0.498432, 0.340659, 0.414326]
[0.513244, 0.3589, -0.499583, 0.287291, 0.174401]
[0.3576, 0.404336, -0.499674, 0.2968, 0.445596]
[0.672925, 0.281012, -0.498752, 0.245057, 0.252475]
[0.575773, 0.342692, -0.499513, 0.302943, 0.427409]
[0.370005, 0.207491, -0.498553, 0.451038, 0.277172]
[0.591062, 0.481597, -0.499161, 0.249135, 0.063207]
[0.330079, 0.246836, -0.49993, 0.463236, 0.105849]
[0.269766, 0.145022, -0.498427, 0.308504, 0.108055]
[0.471728, 0.269255, -0.499967, 0.284939, 0.409269]
[0.626066, 0.149015, -0.498602, 0.313569, 0.499381]
[0.490034, 0.339662, -0.499516, 0.391952, 0.041967]
[0.539543, 0.39805, -0.499718, 0.2402, 0.380651]
[0.555481, 0.155502, -0.499326, 0.260805, 0.062116]
[0.652756, 0.376728, -0.499072, 0.257917, 0.227938]
[0.279291, 0.234527, -0.499928, 0.257857, 0.296361]
[0.660043, 0.13091, -0.499683, 0.457011, 0.086342]
[0.533607, 0.298714, -0.499743, 0.406014, 0.249318]
[0.31492, 0.243727, -0.499421, 0.427026, 0.398075]
[0.577967, 0.387505, -0.499253, 0.341561, 0.088829]
[0.56741, 0.4453, -0.498462, 0.433766, 0.263925]
[0.451001, 0.242912, -0.499322, 0.412452, 0.086678]
[0.485056, 0.146239, -0.498636, 0.366582, 0.042236]
[0.493746, 0.197356, -0.49852, 0.291169, 0.262361]
[0.362696, 0.132108, -0.499915, 0.41426, 0.29925]
[0.530774, 0.384192, -0.498697, 0.443821, 0.284354]
[0.598944, 0.437332, -0.499277, 0.259998, 0.227089]
[0.591648, 0.323187, -0.499436, 0.295471, 0.474145]
[0.442933, 0.345908, -0.498962, 0.23177, 0.435755]
[0.354622, 0.312354, -0.499153, 0.290359, 0.44835]
[0.295335, 0.239146, -0.499518, 0.331091, 0.133767]
[0.362414, 0.477346, -0.499372, 0.379355, 0.276008]
[0.351206, 0.413004, -0.499921, 0.491716, 0.168319]
[0.270874, 0.328387, -0.49913, 0.496699, 0.092251]
[0.398902, 0.398879, -0.499532, 0.251042, 0.233028]
[0.376892, 0.116558, -0.499422, 0.336454, 0.414719]
[0.566754, 0.277886, -0.499259, 0.415596, 0.083258]
[0.382462, 0.209834, -0.498785, 0.319225, 0.325889]
[0.423656, 0.405984, -0.499676, 0.485661, 0.183564]
[0.62138, 0.155646, -0.498627, 0.292477, 0.018994]
[0.275456, 0.26986, -0.499647, 0.296205, 0.104267]
[0.569728, 0.336731, -0.499342, 0.44651, 0.028377]
[0.335135, 0.296069, -0.49978, 0.250288, 0.271453]
[0.644298, 0.200002, -0.498477, 0.430574, 0.45915]
[0.414833, 0.332866, -0.498797, 0.435699, 0.419552]
[0.432023, 0.462364, -0.4997, 0.236381, 0.084383]
[0.559951, 0.138837, -0.499465, 0.474768, 0.227221]
[0.386117, 0.369771, -0.499761, 0.471431, 0.475657]
[0.556879, 0.362159, -0.499829, 0.466361, 0.410664]
[0.553619, 0.180827, -0.498822, 0.315657, 0.380219]
[0.552002, 0.37087, -0.498591, 0.442772, 0.104657]
[0.375958, 0.385626, -0.499967, 0.301373, 0.132927]
[0.455366, 0.23281, -0.499096, 0.32051, 0.219344]
[0.486988, 0.484752, -0.499883, 0.46236, 0.073124]
[0.526066, 0.2774, -0.499156, 0.335574, 0.418971]
[0.433008, 0.240116, -0.499588, 0.300839, 0.38186]
[0.398203, 0.138054, -0.498916, 0.232597, 0.07052]
[0.43667, 0.463077, -0.498475, 0.294025, 0.459744]
[0.670417, 0.348587, -0.499118, 0.435981, 0.32185]
[0.60838, 0.187903, -0.498638, 0.402001, 0.477312]
[0.496768, 0.224899, -0.499276, 0.442376, 0.356196]
[0.566824, 0.339014, -0.499345, 0.442557, 0.094083]
[0.325336, 0.447345, -0.499773, 0.487973, 0.06258]
[0.577679, 0.329862, -0.498636, 0.266672, 0.377586]
[0.484604, 0.200115, -0.499346, 0.296402, 0.068422]
[0.571486, 0.449889, -0.499404, 0.262771, 0.081019]
[0.395577, 0.234884, -0.499526, 0.386358, 0.273315]
[0.506099, 0.390857, -0.499437, 0.37916, 0.433712]
[0.557045, 0.415225, -0.499614, 0.414221, 0.140348]
[0.273596, 0.135218, -0.499279, 0.470322, 0.333818]
[0.589735, 0.18988, -0.499533, 0.376028, 0.12746]
[0.67218, 0.132761, -0.498493, 0.415569, 0.388508]
[0.591242, 0.191974, -0.49853, 0.354305, 0.294778]
[0.667589, 0.349981, -0.498843, 0.319046, 0.04091]
[0.358443, 0.401204, -0.499023, 0.244714, 0.42551]
[0.415669, 0.140507, -0.499288, 0.450984, 0.193071]
[0.381905, 0.180658, -0.499706, 0.35891, 0.428415]
[0.501239, 0.270564, -0.499406, 0.245265, 0.428901]
[0.488498, 0.122208, -0.499277, 0.471766, 0.281514]
[0.591325, 0.281295, -0.499677, 0.26466, 0.110475]
[0.670519, 0.343792, -0.499502, 0.340621, 0.104229]
[0.388689, 0.222151, -0.498736, 0.423685, 0.373866]
[0.488117, 0.18054, -0.498713, 0.29932, 0.396679]
[0.641926, 0.259008, -0.499753, 0.3861, 0.169779]
[0.578431, 0.210393, -0.499358, 0.318579, 0.298341]
[0.417363, 0.386954, -0.499396, 0.47888, 0.2423]
[0.3483, 0.403802, -0.498476, 0.38416, 0.427932]
[0.343073, 0.233348, -0.499308, 0.232944, 0.487098]
[0.646572, 0.163221, -0.499149, 0.237623, 0.422268]
[0.315717, 0.480126, -0.499053, 0.422667, 0.268005]
[0.465378, 0.231702, -0.499218, 0.448641, 0.337643]
[0.626798, 0.256307, -0.499941, 0.276054, 0.125899]
[0.341746, 0.478239, -0.498989, 0.292087, 0.425182]
[0.279273, 0.17895, -0.499346, 0.259381, 0.400372]
[0.287105, 0.34414, -0.498674, 0.408326, 0.469187]
[0.45484, 0.156877, -0.498907, 0.274485, 0.320316]
[0.450278, 0.380152, -0.499489, 0.228592, 0.257197]
[0.614325, 0.361645, -0.498927, 0.240013, 0.138004]
[0.301927, 0.312493, -0.499139, 0.386456, 0.255984]
[0.29008, 0.421879, -0.498849, 0.485204, 0.406231]
[0.285656, 0.237222, -0.499277, 0.333449, 0.37488]
[0.549315, 0.463083, -0.499945, 0.281541, 0.185422]
[0.421352, 0.120012, -0.49929, 0.33241, 0.089918]
[0.471963, 0.163213, -0.498566, 0.488917, 0.437169]
[0.452354, 0.471132, -0.498865, 0.438915, 0.253887]
[0.5979, 0.216616, -0.499789, 0.335845, 0.27924]
[0.501612, 0.183898, -0.499938, 0.277229, 0.29921]
[0.530063, 0.312446, -0.499689, 0.44504, 0.393334]
[0.475214, 0.39414, -0.49911, 0.233271, 0.404843]
[0.300355, 0.393919, -0.498722, 0.474023, 0.100429]
[0.384897, 0.241563, -0.499314, 0.456715, 0.181518]
[0.280872, 0.318102, -0.498487, 0.256737, 0.16924]
[0.294142, 0.385118, -0.499975, 0.348852, 0.253597]
[0.524805, 0.20467, -0.499094, 0.342678, 0.423794]
[0.531955, 0.343126, -0.499339, 0.386084, 0.496261]
[0.457063, 0.28169, -0.498485, 0.345354, 0.117435]
[0.545749, 0.164243, -0.499635, 0.483277, 0.224409]
[0.518888, 0.248952, -0.499422, 0.358867, 0.267774]
[0.275454, 0.48348, -0.499872, 0.289239, 0.006237]
[0.647449, 0.481686, -0.499208, 0.417282, 0.301298]
[0.650973, 0.494036, -0.499442, 0.428561, 0.33975]
[0.580958, 0.404622, -0.499847, 0.394875, 0.294605]
[0.582572, 0.264852, -0.499996, 0.443673, 0.122884]
[0.398392, 0.35804, -0.499774, 0.312441, 0.126489]
[0.358679, 0.145296, -0.499835, 0.393919, 0.218548]
[0.369396, 0.365585, -0.499023, 0.352465, 0.200414]
[0.603969, 0.127299, -0.499108, 0.361277, 0.192158]
[0.536327, 0.361966, -0.499437, 0.251815, 0.144693]
[0.520082, 0.45101, -0.49973, 0.290344, 0.157233]
[0.463436, 0.417233, -0.499549, 0.298652, 0.385241]
[0.273885, 0.278093, -0.499066, 0.291261, 0.345949]
[0.34525, 0.141521, -0.498856, 0.478892, 0.459411]
[0.663451, 0.35854, -0.498741, 0.450576, 0.014146]
[0.550233, 0.447075, -0.498608, 0.227769, 0.398488]
[0.611081, 0.177073, -0.49862, 0.278976, 0.07551]
[0.560673, 0.436897, -0.498455, 0.402174, 0.089175]
[0.667829, 0.3013, -0.498828, 0.276592, 0.127131]
[0.618194, 0.277244, -0.498742, 0.455484, 0.165679]
[0.278975, 0.144847, -0.498882, 0.339992, 0.303171]
[0.271953, 0.333301, -0.499791, 0.490719, 0.374697]
[0.627841, 0.385564, -0.498537, 0.344235, 0.27244]
[0.299823, 0.284675, -0.498548, 0.336139, 0.344326]
[0.281305, 0.258176, -0.498735, 0.344619, 0.430615]
[0.599925, 0.221669, -0.499177, 0.455329, 0.471093]
[0.346929, 0.355638, -0.49973, 0.231045, 0.091701]
[0.543194, 0.316396, -0.49871, 0.463044, 0.227962]
[0.271541, 0.219091, -0.498485, 0.377582, 0.220859]
[0.366736, 0.420768, -0.499928, 0.243191, 0.14437]
[0.383542, 0.403991, -0.498574, 0.22807, 0.109242]
[0.517167, 0.462726, -0.499291, 0.382882, 0.31974]
[0.607687, 0.345434, -0.499886, 0.455289, 0.429856]
[0.315554, 0.43158, -0.499524, 0.410973, 0.310378]
[0.424047, 0.265734, -0.499378, 0.3925, 0.445658]
[0.380599, 0.319585, -0.499606, 0.260423, 0.176009]
[0.521073, 0.162863, -0.499895, 0.45464, 0.041228]
[0.471818, 0.263876, -0.499299, 0.352617, 0.489633]
[0.487989, 0.468571, -0.498567, 0.451134, 0.079855]
[0.384576, 0.413844, -0.498618, 0.26596, 0.298152]
[0.582061, 0.452191, -0.498817, 0.350208, 0.212468]
[0.296291, 0.372269, -0.49988, 0.38241, 0.073034]
[0.366138, 0.393187, -0.499973, 0.440615, 0.200031]
[0.313768, 0.439432, -0.498582, 0.277033, 0.264666]
[0.471539, 0.476733, -0.499659, 0.262426, 0.262013]
[0.503553, 0.221652, -0.499097, 0.266627, 0.424541]
[0.378664, 0.430758, -0.498587, 0.349416, 0.306991]
[0.382342, 0.421648, -0.498591, 0.41291, 0.251357]
[0.345477, 0.45769, -0.499201, 0.398471, 0.482471]
[0.465067, 0.229811, -0.499453, 0.304097, 0.237718]
[0.510564, 0.266134, -0.499984, 0.246671, 0.207356]
[0.570635, 0.389283, -0.499047, 0.353144, 0.051426]
[0.269475, 0.46684, -0.49929, 0.476918, 0.036822]
[0.363593, 0.312925, -0.498672, 0.317083, 0.25162]
[0.569242, 0.476427, -0.499928, 0.413831, 0.07494]
[0.380198, 0.389161, -0.49849, 0.413089, 0.363801]
[0.366171, 0.209766, -0.499351, 0.346087, 0.082843]
[0.638124, 0.220609, -0.499016, 0.323593, 0.471587]
[0.638577, 0.338188, -0.498979, 0.471025, 0.28341]
[0.362909, 0.298049, -0.498927, 0.324584, 0.091624]
[0.338686, 0.219501, -0.499095, 0.295034, 0.114598]
[0.376906, 0.473599, -0.499851, 0.347944, 0.112459]
[0.269417, 0.282391, -0.498529, 0.229991, 0.392652]
[0.615647, 0.472147, -0.498962, 0.465558, 0.011162]
[0.524088, 0.273549, -0.498931, 0.409696, 0.475351]
[0.378443, 0.257478, -0.499292, 0.449974, 0.186771]
[0.502699, 0.366349, -0.499987, 0.423228, 0.400036]
[0.435622, 0.26996, -0.499678, 0.243898, 0.479807]
[0.508932, 0.412376, -0.499943, 0.436345, 0.094282]
[0.523762, 0.192608, -0.498473, 0.41137, 0.209736]
[0.272774, 0.409058, -0.499013, 0.23136, 0.298873]
[0.447521, 0.364511, -0.49841, 0.322364, 0.218774]
[0.399639, 0.347498, -0.499136, 0.301874, 0.456152]
[0.635304, 0.340578, -0.499038, 0.334975, 0.117457]
[0.557766, 0.194266, -0.498554, 0.323142, 0.227195]
[0.34899, 0.386977, -0.499772, 0.31047, 0.425958]
[0.298545, 0.403188, -0.499758, 0.470675, 0.143088]
[0.677303, 0.114632, -0.498481, 0.370069, 0.49856]
[0.636118, 0.267361, -0.49947, 0.475568, 0.313134]
[0.513899, 0.270734, -0.499747, 0.245221, 0.323722]
[0.394253, 0.385793, -0.498484, 0.258508, 0.13043]
[0.596739, 0.235398, -0.499839, 0.444853, 0.347141]
[0.388018, 0.280891, -0.498419, 0.356488, 0.156008]
[0.537583, 0.424927, -0.499753, 0.372713, 0.342128]
[0.28558, 0.178389, -0.499224, 0.422039, 0.322701]
[0.663273, 0.238209, -0.498625, 0.22917, 0.147965]
[0.30975, 0.286364, -0.499508, 0.486517, 0.316673]
[0.618523, 0.324507, -0.498712, 0.29969, 0.453594]
[0.482419, 0.149381, -0.499558, 0.359896, 0.336169]
[0.550768, 0.356399, -0.499304, 0.467324, 0.042331]
[0.276086, 0.128831, -0.498902, 0.365711, 0.308575]
[0.54279, 0.137843, -0.499851, 0.371675, 0.446539]
[0.585527, 0.261312, -0.49894, 0.308079, 0.0893]
[0.458169, 0.471633, -0.498509, 0.356861, 0.108413]
[0.653167, 0.399022, -0.498982, 0.2752, 0.217104]
[0.505204, 0.433846, -0.49982, 0.423052, 0.441926]
[0.406523, 0.160399, -0.498558, 0.470025, 0.050484]
[0.437562, 0.358318, -0.499659, 0.345579, 0.460705]
[0.466745, 0.225001, -0.499565, 0.297394, 0.021291]
[0.627547, 0.268921, -0.499178, 0.324006, 0.03881]
[0.341628, 0.273909, -0.499672, 0.342353, 0.027781]
[0.269887, 0.406691, -0.499113, 0.409328, 0.225825]
[0.274039, 0.190753, -0.499845, 0.474098, 0.217271]
[0.310138, 0.36819, -0.499524, 0.29778, 0.087292]
[0.438531, 0.301368, -0.49967, 0.262833, 0.46667]
[0.53149, 0.445799, -0.499583, 0.460331, 0.089471]
[0.38864, 0.15844, -0.499898, 0.343778, 0.346954]
[0.599655, 0.239428, -0.49881, 0.254195, 0.216751]
[0.423097, 0.297131, -0.499444, 0.280266, 0.168248]
[0.669602, 0.183438, -0.499822, 0.461701, 0.023661]
[0.458913, 0.497787, -0.499612, 0.328451, 0.255825]
[0.359108, 0.459002, -0.498603, 0.434176, 0.069093]
[0.289659, 0.32094, -0.499752, 0.475087, 0.418317]
[0.439294, 0.236741, -0.498883, 0.273487, 0.352828]
[0.448055, 0.256515, -0.498631, 0.336971, 0.38095]
[0.496337, 0.383073, -0.499317, 0.374888, 0.355437]
[0.270886, 0.31129, -0.499933, 0.355579, 0.302395]
[0.372199, 0.41314, -0.499408, 0.227799, 0.391442]
[0.604973, 0.311337, -0.49989, 0.43575, 0.378499]
[0.429067, 0.425231, -0.499127, 0.396836, 0.364402]
[0.604088, 0.15258, -0.499504, 0.37683, 0.135364]
[0.467031, 0.49273, -0.499512, 0.375617, 0.142646]
[0.35007, 0.455876, -0.499757, 0.40702, 0.138819]
[0.460496, 0.316356, -0.49889, 0.465124, 0.481927]
[0.436283, 0.403047, -0.499201, 0.362788, 0.197818]
[0.35825, 0.273017, -0.499444, 0.296081, 0.351052]
[0.355164, 0.396299, -0.499258, 0.469057, 0.425892]
[0.656483, 0.193251, -0.499807, 0.272336, 0.466775]
[0.518401, 0.365383, -0.499445, 0.3052, 0.415682]
[0.384751, 0.397363, -0.499873, 0.469217, 0.25158]
[0.592493, 0.466672, -0.499102, 0.410436, 0.267879]
[0.456362, 0.448438, -0.499993, 0.349357, 0.006462]
[0.628866, 0.369732, -0.499866, 0.4276, 0.420748]
[0.621487, 0.213853, -0.499179, 0.228095, 0.014535]
[0.421036, 0.1766, -0.499239, 0.235462, 0.427615]
[0.281672, 0.215947, -0.499539, 0.419768, 0.060474]
[0.376102, 0.183038, -0.499344, 0.480133, 0.201488]
[0.299761, 0.380566, -0.498572, 0.400611, 0.322169]
[0.343859, 0.158899, -0.499295, 0.484966, 0.137079]
[0.530302, 0.317099, -0.499839, 0.305226, 0.254187]
[0.492426, 0.112514, -0.499137, 0.268966, 0.085988]
[0.602149, 0.319633, -0.49964, 0.288302, 0.410016]
[0.598114, 0.195433, -0.499313, 0.305073, 0.127001]
[0.287816, 0.332475, -0.499679, 0.281797, 0.251355]
[0.546318, 0.217994, -0.498942, 0.277442, 0.11906]
[0.522681, 0.22809, -0.499864, 0.23945, 0.346251]
[0.34787, 0.360725, -0.499554, 0.442729, 0.24788]
[0.27222, 0.148187, -0.499687, 0.450752, 0.431438]
[0.489277, 0.261627, -0.499488, 0.284534, 0.429716]
[0.291415, 0.312316, -0.498624, 0.315765, 0.110946]
[0.567283, 0.390991, -0.498744, 0.270487, 0.324961]
[0.629531, 0.400614, -0.498682, 0.294697, 0.372427]
[0.669775, 0.434217, -0.49996, 0.281173, 0.067354]
[0.447662, 0.206396, -0.499518, 0.310263, 0.230837]
[0.579855, 0.412011, -0.499702, 0.258398, 0.107372]
[0.511774, 0.448869, -0.498755, 0.272572, 0.118781]
[0.567951, 0.180185, -0.49961, 0.339401, 0.485897]
[0.596433, 0.200543, -0.499231, 0.387968, 0.402892]
[0.463167, 0.339194, -0.499039, 0.228088, 0.43046]
[0.556755, 0.128975, -0.499399, 0.477467, 0.453981]
[0.598919, 0.258719, -0.499527, 0.253515, 0.403544]
[0.295199, 0.472329, -0.498466, 0.293515, 0.288098]
[0.416596, 0.214583, -0.499539, 0.403893, 0.088623]
[0.425329, 0.411895, -0.499236, 0.24522, 0.430974]
[0.560478, 0.265085, -0.499014, 0.379058, 0.395826]
[0.550395, 0.358212, -0.498502, 0.295474, 0.210645]
[0.617533, 0.20836, -0.499347, 0.332165, 0.063756]
[0.270438, 0.370262, -0.499552, 0.444421, 0.434979]
[0.273515, 0.447753, -0.499486, 0.394673, 0.195527]
[0.578574, 0.448891, -0.499151, 0.253238, 0.132095]
[0.436636, 0.136388, -0.499096, 0.356428, 0.314362]
[0.439439, 0.231045, -0.499029, 0.379766, 0.14469]
[0.524572, 0.20972, -0.499143, 0.44925, 0.273735]
[0.32553, 0.176306, -0.499879, 0.257062, 0.39339]
[0.574394, 0.420201, -0.499209, 0.34372, 0.088839]
[0.475993, 0.375498, -0.499086, 0.298918, 0.086708]
[0.279983, 0.461139, -0.498649, 0.347344, 0.385662]
[0.279072, 0.463188, -0.498859, 0.242263, 0.261045]
[0.396204, 0.342437, -0.498648, 0.367946, 0.229646]
[0.565655, 0.21105, -0.498826, 0.477885, 0.33605]
[0.280981, 0.255885, -0.499692, 0.268857, 0.460634]
[0.449796, 0.461064, -0.498953, 0.261243, 0.268933]
[0.336517, 0.338931, -0.499614, 0.382031, 0.260329]
[0.417192, 0.121919, -0.49909, 0.490332, 0.379436]
[0.352971, 0.383379, -0.499842, 0.356904, 0.324321]
[0.466044, 0.455936, -0.498645, 0.271515, 0.224814]
[0.34993, 0.467082, -0.499627, 0.495271, 0.214914]
[0.661901, 0.414073, -0.499343, 0.306569, 0.25748]
[0.565896, 0.420083, -0.499912, 0.479305, 0.335531]
[0.289306, 0.203541, -0.499111, 0.433226, 0.036407]
[0.468229, 0.270181, -0.498614, 0.277851, 0.086665]
[0.356239, 0.337498, -0.498881, 0.254401, 0.231604]
[0.657523, 0.346155, -0.498903, 0.344551, 0.199959]
[0.427526, 0.464735, -0.499742, 0.4174, 0.17246]
[0.465755, 0.178298, -0.499846, 0.242329, 0.362088]
[0.651836, 0.167118, -0.499942, 0.45062, 0.308776]
[0.660396, 0.188677, -0.498557, 0.338617, 0.437833]
[0.529552, 0.401594, -0.498964, 0.488218, 0.15855]
[0.569957, 0.388472, -0.499703, 0.35177, 0.090506]
[0.631755, 0.120679, -0.499961, 0.335374, 0.494451]
[0.39423, 0.492256, -0.498823, 0.494647, 0.135317]
[0.465706, 0.274867, -0.498577, 0.432758, 0.053937]
[0.276886, 0.397972, -0.499385, 0.431571, 0.155187]
[0.318132, 0.304911, -0.499549, 0.303252, 0.271292]
[0.482033, 0.45763, -0.499409, 0.332905, 0.436763]
[0.504886, 0.498058, -0.49853, 0.497313, 0.173692]
[0.338451, 0.467162, -0.498844, 0.481679, 0.24183]
[0.577126, 0.302743, -0.499443, 0.413117, 0.34182]
[0.564303, 0.458191, -0.498891, 0.43896, 0.353261]
[0.520908, 0.170801, -0.499103, 0.439836, 0.486864]
[0.370041, 0.138095, -0.499813, 0.366781, 0.057509]
[0.353252, 0.473667, -0.4988, 0.366834, 0.169985]
[0.42738, 0.291869, -0.499093, 0.240772, 0.059916]
[0.360428, 0.325821, -0.499765, 0.397369, 0.35722]
[0.642335, 0.12707, -0.499754, 0.288065, 0.194399]
[0.481193, 0.113207, -0.498595, 0.274137, 0.050794]
[0.531484, 0.246577, -0.499536, 0.467169, 0.150534]
[0.615844, 0.463704, -0.499294, 0.272057, 0.160134]
[0.51852, 0.42313, -0.499454, 0.474187, 0.172429]
[0.522035, 0.478405, -0.498712, 0.332835, 0.293717]
[0.673499, 0.267921, -0.499106, 0.454123, 0.166318]
[0.636854, 0.378561, -0.499963, 0.473083, 0.04991]
[0.307643, 0.456414, -0.499357, 0.289287, 0.11528]
[0.661255, 0.171223, -0.498565, 0.495308, 0.111324]
[0.49523, 0.414003, -0.498693, 0.469042, 0.288426]
[0.35376, 0.166056, -0.499349, 0.2504, 0.3525]
[0.444024, 0.11346, -0.498512, 0.443469, 0.339416]
[0.527949, 0.237728, -0.499106, 0.396605, 0.49019]
[0.508944, 0.111458, -0.499021, 0.372167, 0.122267]
[0.384513, 0.323162, -0.499513, 0.322397, 0.306837]
[0.32767, 0.246307, -0.499066, 0.499216, 0.35277]
[0.638036, 0.161183, -0.498838, 0.439583, 0.111888]
[0.534258, 0.364119, -0.499228, 0.300878, 0.206099]
[0.645403, 0.280382, -0.498935, 0.264774, 0.454896]
[0.382734, 0.497428, -0.498835, 0.264253, 0.077826]
[0.56684, 0.425928, -0.49987, 0.231909, 0.085944]
[0.628819, 0.393124, -0.499065, 0.26797, 0.263933]
[0.575422, 0.180001, -0.498441, 0.247116, 0.380039]
[0.556463, 0.479284, -0.498496, 0.497842, 0.075943]
[0.479344, 0.276405, -0.49882, 0.344563, 0.2015]
[0.660625, 0.482162, -0.499672, 0.48849, 0.025757]
[0.482486, 0.432178, -0.498731, 0.287434, 0.305984]
[0.467831, 0.3189, -0.49841, 0.364906, 0.184188]
[0.561456, 0.182869, -0.499385, 0.246445, 0.379851]
[0.359318, 0.150292, -0.498829, 0.420305, 0.363994]
[0.379023, 0.199719, -0.498943, 0.321684, 0.441531]
[0.454655, 0.275885, -0.499167, 0.259748, 0.219002]
[0.487243, 0.449561, -0.499427, 0.413441, 0.445656]
[0.58464, 0.246286, -0.498731, 0.442873, 0.039019]
[0.671033, 0.211438, -0.498481, 0.289974, 0.003945]
[0.425159, 0.197911, -0.498531, 0.335509, 0.494218]
[0.581711, 0.221561, -0.498609, 0.292578, 0.176808]
[0.585474, 0.248224, -0.499758, 0.455067, 0.348354]
[0.412966, 0.462591, -0.498985, 0.356471, 0.075286]
[0.34759, 0.435751, -0.499056, 0.260789, 0.336029]
[0.649932, 0.440571, -0.498823, 0.424744, 0.432344]
[0.538658, 0.492866, -0.498921, 0.242986, 0.432655]
[0.67575, 0.186532, -0.499257, 0.44137, 0.114055]
[0.583475, 0.417874, -0.49961, 0.26985, 0.19402]
[0.305499, 0.458516, -0.499651, 0.358923, 0.408046]
[0.40128, 0.230838, -0.499383, 0.315343, 0.050366]
[0.385199, 0.353894, -0.498713, 0.314461, 0.155155]
[0.377623, 0.177333, -0.499338, 0.495272, 0.245889]
[0.492665, 0.447936, -0.498662, 0.38661, 0.333646]
[0.380537, 0.467599, -0.498505, 0.477462, 0.176196]
[0.671085, 0.388013, -0.49844, 0.461576, 0.143252]
[0.663109, 0.429222, -0.49884, 0.438882, 0.341983]
[0.668338, 0.129497, -0.49907, 0.465774, 0.287967]
[0.294534, 0.289799, -0.498895, 0.249746, 0.491705]
[0.556071, 0.169952, -0.499511, 0.456418, 0.104523]
[0.429221, 0.423463, -0.499794, 0.422172, 0.071318]
[0.36495, 0.130203, -0.499857, 0.277213, 0.266138]
[0.439248, 0.343357, -0.499132, 0.477661, 0.419491]
[0.649759, 0.383258, -0.499524, 0.461601, 0.158358]
[0.426869, 0.443617, -0.499643, 0.291948, 0.46071]
[0.597017, 0.469847, -0.4997, 0.405651, 0.024727]
[0.406538, 0.313691, -0.499922, 0.45535, 0.424567]
[0.510386, 0.319741, -0.49997, 0.360675, 0.177454]
[0.619301, 0.371783, -0.499158, 0.493545, 0.242084]
[0.675389, 0.405128, -0.498782, 0.411856, 0.026437]
[0.373496, 0.362324, -0.498577, 0.242867, 0.338783]
[0.642918, 0.17927, -0.499559, 0.495018, 0.204464]
[0.623008, 0.323844, -0.498504, 0.486786, 0.383293]
[0.626431, 0.385533, -0.498666, 0.419086, 0.213653]
[0.377446, 0.497764, -0.498852, 0.270272, 0.27132]
[0.490258, 0.499582, -0.499859, 0.43442, 0.111156]
[0.539576, 0.424539, -0.499471, 0.236069, 0.308841]
[0.394732, 0.238361, -0.499333, 0.283967, 0.377584]
[0.343767, 0.236396, -0.499117, 0.443942, 0.067953]
[0.625737, 0.285133, -0.499041, 0.306137, 0.105027]
[0.608898, 0.479779, -0.499968, 0.307887, 0.072595]
[0.310928, 0.187358, -0.49961, 0.348253, 0.336283]
[0.419774, 0.334044, -0.499016, 0.318079, 0.162459]
[0.348322, 0.381824, -0.499396, 0.303228, 0.065198]
[0.432851, 0.390978, -0.499871, 0.482295, 0.382688]
[0.338172, 0.140245, -0.4997, 0.327682, 0.132408]
[0.383267, 0.339422, -0.499268, 0.345251, 0.473608]
[0.412321, 0.266233, -0.498923, 0.257887, 0.060694]
[0.589498, 0.484616, -0.499659, 0.267101, 0.363778]
[0.370272, 0.221696, -0.499318, 0.255738, 0.127337]
[0.413333, 0.466607, -0.498857, 0.360257, 0.420077]
[0.286142, 0.291767, -0.498952, 0.37751, 0.495633]
[0.592853, 0.223176, -0.499168, 0.463441, 0.438445]
[0.508417, 0.223067, -0.49909, 0.354195, 0.41905]
[0.284953, 0.143129, -0.499043, 0.404567, 0.061212]
[0.629007, 0.146991, -0.498586, 0.345732, 0.442701]
[0.309157, 0.358214, -0.498532, 0.343448, 0.428555]
[0.521273, 0.354283, -0.499569, 0.477368, 0.127123]
[0.391835, 0.132399, -0.498588, 0.362709, 0.015266]
[0.455883, 0.381195, -0.498856, 0.401086, 0.123698]
[0.577135, 0.492879, -0.498589, 0.279754, 0.159147]
[0.398054, 0.14004, -0.499599, 0.43045, 0.018074]
[0.365123, 0.200384, -0.498802, 0.24175, 0.362029]
[0.277899, 0.218121, -0.498625, 0.482687, 0.006052]
[0.608413, 0.161222, -0.499199, 0.354759, 0.113754]
[0.630832, 0.336192, -0.498588, 0.342519, 0.239213]
[0.467334, 0.334949, -0.498928, 0.317485, 0.411042]
[0.456026, 0.210121, -0.499066, 0.338555, 0.495821]
[0.554102, 0.326441, -0.499369, 0.386436, 0.310402]
[0.495386, 0.148679, -0.499029, 0.227392, 0.476697]
[0.646678, 0.45954, -0.499125, 0.356811, 0.254135]
[0.362183, 0.380709, -0.498613, 0.23958, 0.281919]
[0.336507, 0.335554, -0.499906, 0.338073, 0.107963]
[0.362323, 0.46722, -0.498766, 0.283235, 0.446624]
[0.650727, 0.337714, -0.499512, 0.374874, 0.022456]
[0.595123, 0.118695, -0.4992, 0.471482, 0.226092]
[0.445923, 0.198259, -0.499517, 0.283479, 0.002413]
[0.643371, 0.430402, -0.499662, 0.480904, 0.267955]
[0.492124, 0.359953, -0.499756, 0.334575, 0.440247]
[0.441066, 0.297911, -0.499921, 0.339853, 0.059192]
[0.300467, 0.371115, -0.499054, 0.238372, 0.200429]
[0.519483, 0.210093, -0.498943, 0.292124, 0.139771]
[0.522463, 0.149479, -0.499327, 0.290442, 0.224764]
[0.573074, 0.178821, -0.499686, 0.330023, 0.346933]
[0.471471, 0.151539, -0.499885, 0.39895, 0.171049]
[0.28973, 0.408752, -0.499997, 0.349898, 0.265521]
[0.373844, 0.320418, -0.499295, 0.397817, 0.138436]
[0.443026, 0.42398, -0.498636, 0.387457, 0.319545]
[0.606632, 0.112618, -0.499796, 0.322239, 0.435311]
[0.391446, 0.321888, -0.499589, 0.33863, 0.032191]
[0.561125, 0.233942, -0.498506, 0.373451, 0.497616]
[0.429452, 0.496778, -0.498633, 0.391883, 0.316009]
[0.332975, 0.332694, -0.498774, 0.473309, 0.398046]
[0.628581, 0.368889, -0.498722, 0.455629, 0.041489]
[0.641155, 0.462252, -0.499799, 0.41721, 0.246678]
[0.602813, 0.399885, -0.499716, 0.298172, 0.197543]
[0.36119, 0.332919, -0.499136, 0.367056, 0.230271]
[0.640434, 0.399549, -0.499787, 0.339923, 0.079695]
[0.4612, 0.487541, -0.499236, 0.391084, 0.416282]
[0.679807, 0.259714, -0.499619, 0.43802, 0.208223]
[0.305452, 0.308585, -0.499741, 0.239738, 0.335767]
[0.37133, 0.114261, -0.498891, 0.308988, 0.262346]
[0.429658, 0.30771, -0.498951, 0.400023, 0.304527]
[0.511267, 0.461286, -0.499914, 0.361097, 0.059321]
[0.604784, 0.395513, -0.498656, 0.30594, 0.147806]
[0.679619, 0.268045, -0.499301, 0.231717, 0.484308]
[0.627155, 0.306581, -0.498923, 0.280146, 0.262349]
[0.515168, 0.339666, -0.499787, 0.29043, 0.039973]
[0.587758, 0.313475, -0.499058, 0.232881, 0.028657]
[0.278387, 0.343222, -0.499173, 0.303217, 0.064836]
[0.595754, 0.461681, -0.499619, 0.429928, 0.02637]
[0.419106, 0.443735, -0.499218, 0.340228, 0.303822]
[0.626719, 0.468324, -0.49944, 0.48558, 0.113501]
[0.679127, 0.130797, -0.499835, 0.453872, 0.052548]
[0.283522, 0.217942, -0.499223, 0.497734, 0.214911]
[0.319535, 0.143492, -0.498485, 0.401047, 0.014883]
[0.479926, 0.154854, -0.499948, 0.47967, 0.396383]
[0.668593, 0.401153, -0.499261, 0.271795, 0.293591]
[0.582969, 0.279653, -0.498841, 0.267244, 0.156615]
[0.413308, 0.375055, -0.4996, 0.238259, 0.249731]
[0.348508, 0.124059, -0.499122, 0.339022, 0.391764]
[0.601244, 0.238356, -0.499259, 0.421999, 0.003466]
[0.678416, 0.471509, -0.499067, 0.4579, 0.43602]
[0.446641, 0.453191, -0.498873, 0.400955, 0.112979]
[0.272209, 0.319212, -0.499199, 0.229353, 0.272645]
[0.540939, 0.322166, -0.499567, 0.453698, 0.42966]
[0.350136, 0.274345, -0.498683, 0.236702, 0.103485]
[0.627531, 0.249004, -0.499492, 0.46252, 0.469516]
[0.34233, 0.244241, -0.498433, 0.295736, 0.261178]
[0.56121, 0.272842, -0.499323, 0.456262, 0.402974]
[0.430819, 0.177993, -0.499625, 0.48864, 0.204172]
[0.471952, 0.242097, -0.499307, 0.402073, 0.241146]
[0.400231, 0.499011, -0.499755, 0.447577, 0.32642]
[0.419967, 0.34109, -0.499804, 0.22742, 0.190781]
[0.529647, 0.215474, -0.499644, 0.367206, 0.228285]
[0.321614, 0.226078, -0.498713, 0.24785, 0.1941]
[0.363597, 0.337301, -0.498613, 0.49308, 0.336305]
[0.287563, 0.137936, -0.499065, 0.378008, 0.093317]
[0.281338, 0.314992, -0.499412, 0.323322, 0.235722]
[0.589071, 0.265698, -0.499012, 0.353088, 0.112632]
[0.353965, 0.344827, -0.499843, 0.499018, 0.096706]
[0.586317, 0.411261, -0.498553, 0.293511, 0.11202]
[0.627717, 0.456389, -0.49848, 0.331207, 0.032398]
[0.29783, 0.280335, -0.499826, 0.345792, 0.178955]
[0.573192, 0.480335, -0.499402, 0.230259, 0.098712]
[0.352661, 0.264858, -0.498837, 0.233069, 0.188045]
[0.646074, 0.408734, -0.498865, 0.319237, 0.037653]
[0.311027, 0.422327, -0.499986, 0.357082, 0.062993]
[0.423887, 0.292201, -0.498712, 0.337408, 0.407037]
[0.541109, 0.248988, -0.499645, 0.251064, 0.315948]
[0.307014, 0.328046, -0.499262, 0.482168, 0.113098]
[0.313301, 0.45211, -0.499935, 0.49215, 0.232106]
[0.353882, 0.20089, -0.498572, 0.480029, 0.019353]
[0.653014, 0.273227, -0.499879, 0.435442, 0.069784]
[0.552066, 0.396395, -0.499074, 0.46965, 0.268881]
[0.596094, 0.412514, -0.499905, 0.368799, 0.07838]
[0.536696, 0.184255, -0.499424, 0.396847, 0.265798]
[0.652965, 0.201457, -0.499238, 0.345822, 0.249279]
[0.460336, 0.360917, -0.498913, 0.244787, 0.151045]
[0.280293, 0.327648, -0.499293, 0.394763, 0.211804]
[0.627207, 0.221336, -0.499138, 0.341944, 0.14547]
[0.58648, 0.188962, -0.499702, 0.372409, 0.307537]
[0.653534, 0.242279, -0.498838, 0.489652, 0.145723]
[0.436377, 0.462425, -0.499455, 0.402436, 0.487241]
[0.599389, 0.135477, -0.499174, 0.443859, 0.137747]
[0.337883, 0.398223, -0.499109, 0.312524, 0.28738]
[0.485473, 0.331286, -0.499384, 0.412639, 0.312937]
[0.421453, 0.434056, -0.498718, 0.408564, 0.392659]
[0.579285, 0.186002, -0.499935, 0.331005, 0.465745]
[0.523498, 0.291434, -0.499982, 0.30901, 0.440439]
[0.45158, 0.339904, -0.499084, 0.295489, 0.347964]
[0.630427, 0.471614, -0.498416, 0.451795, 0.384232]
[0.315814, 0.423234, -0.499449, 0.474021, 0.409348]
[0.460702, 0.388602, -0.499135, 0.358577, 0.398214]
[0.285036, 0.205779, -0.498456, 0.33237, 0.359683]
[0.622675, 0.291805, -0.498728, 0.254659, 0.176753]
[0.53644, 0.189918, -0.499117, 0.34666, 0.372356]
[0.631464, 0.154021, -0.499158, 0.355046, 0.252369]
[0.607829, 0.492052, -0.499979, 0.42992, 0.425787]
[0.292368, 0.422056, -0.498497, 0.271372, 0.037791]
[0.273063, 0.211194, -0.498622, 0.392836, 0.132565]
[0.31926, 0.403157, -0.499461, 0.381854, 0.346549]
[0.503449, 0.374847, -0.499882, 0.442506, 0.018761]
[0.347573, 0.295957, -0.499196, 0.496393, 0.410484]
[0.55528, 0.180724, -0.49887, 0.387462, 0.056512]
[0.647913, 0.349294, -0.49992, 0.496978, 0.461175]
[0.432298, 0.390059, -0.499241, 0.433501, 0.041848]
[0.421703, 0.425954, -0.499409, 0.439587, 0.378535]
[0.332795, 0.422728, -0.499378, 0.266408, 0.017523]
[0.529726, 0.176363, -0.498878, 0.363414, 0.461787]
[0.318787, 0.126462, -0.499675, 0.439825, 0.233507]
[0.436424, 0.142338, -0.499203, 0.309972, 0.02404]
[0.395051, 0.446741, -0.498781, 0.398111, 0.239021]
[0.631429, 0.134936, -0.499137, 0.260342, 0.011652]
[0.485112, 0.339318, -0.499227, 0.232492, 0.406036]
[0.278911, 0.325337, -0.499546, 0.330016, 0.446767]
[0.590264, 0.144217, -0.499276, 0.271712, 0.022002]
[0.358805, 0.192815, -0.499123, 0.289101, 0.11177]
[0.309307, 0.494413, -0.499169, 0.484148, 0.121241]
[0.557136, 0.233591, -0.499593, 0.241624, 0.317863]
[0.506203, 0.285444, -0.499935, 0.32055, 0.050454]
[0.394851, 0.385402, -0.499288, 0.348977, 0.138778]
[0.440213, 0.489659, -0.49958, 0.242983, 0.258077]
[0.544375, 0.281387, -0.499882, 0.395962, 0.041741]
[0.605387, 0.298396, -0.49965, 0.250079, 0.286643]
[0.312617, 0.468122, -0.49912, 0.302878, 0.452524]
[0.348682, 0.401741, -0.499688, 0.292267, 0.318709]
[0.309756, 0.38743, -0.498585, 0.432414, 0.350565]
[0.630862, 0.414425, -0.499365, 0.294356, 0.366821]
[0.301149, 0.295692, -0.49939, 0.494098, 0.249442]
[0.633903, 0.228553, -0.498545, 0.24387, 0.42924]
[0.677489, 0.265217, -0.498951, 0.435418, 0.474393]
[0.593556, 0.397441, -0.49879, 0.249926, 0.354609]
[0.322972, 0.332415, -0.498511, 0.301347, 0.297449]
[0.368582, 0.485144, -0.49889, 0.468615, 0.166297]
[0.480228, 0.226363, -0.4989, 0.44758, 0.328863]
[0.309824, 0.496768, -0.498483, 0.369374, 0.47123]
[0.545422, 0.194226, -0.499652, 0.242272, 0.209621]
[0.329079, 0.420524, -0.499706, 0.313082, 0.094069]
[0.488995, 0.160034, -0.499922, 0.256327, 0.384776]
[0.348555, 0.136599, -0.499375, 0.322999, 0.446499]
[0.51986, 0.150302, -0.499383, 0.389428, 0.175012]
[0.610061, 0.427175, -0.498824, 0.486496, 0.425209]
[0.636232, 0.246023, -0.4993, 0.372422, 0.1886]
[0.501007, 0.217954, -0.498487, 0.394046, 0.447375]
[0.438269, 0.278435, -0.499753, 0.260029, 0.177121]
[0.66287, 0.390065, -0.499488, 0.364603, 0.086795]
[0.397833, 0.23249, -0.499981, 0.494965, 0.117719]
[0.447014, 0.320165, -0.49921, 0.284855, 0.099672]
[0.569291, 0.347399, -0.498491, 0.270388, 0.246272]
[0.352499, 0.379689, -0.499528, 0.481085, 0.496582]
[0.304326, 0.209992, -0.499052, 0.376162, 0.442037]
[0.49043, 0.123999, -0.499082, 0.25218, 0.43423]
[0.363426, 0.334805, -0.498665, 0.385409, 0.427076]
[0.440954, 0.277912, -0.498888, 0.486774, 0.470606]
[0.359591, 0.184709, -0.499, 0.335741, 0.031073]
[0.473025, 0.215744, -0.499219, 0.364212, 0.469608]
[0.643946, 0.212059, -0.499988, 0.253332, 0.297213]
[0.318623, 0.183745, -0.499734, 0.491865, 0.146854]
[0.301115, 0.46392, -0.49943, 0.397564, 0.144021]
[0.402915, 0.401655, -0.498593, 0.332837, 0.058709]
[0.668096, 0.139761, -0.49888, 0.48055, 0.260639]
[0.58266, 0.470325, -0.498983, 0.384838, 0.477112]
[0.553891, 0.321484, -0.498488, 0.257735, 0.272503]
[0.354786, 0.141418, -0.499237, 0.444711, 0.011768]
[0.628044, 0.357216, -0.499804, 0.331411, 0.317016]
[0.459305, 0.371749, -0.49952, 0.316839, 0.406088]
[0.311793, 0.241018, -0.499283, 0.236988, 0.139144]
[0.492934, 0.419619, -0.499803, 0.368033, 0.393694]
[0.450631, 0.486696, -0.49871, 0.410979, 0.368778]
[0.653138, 0.174374, -0.499279, 0.32666, 0.377457]
[0.364733, 0.425824, -0.499257, 0.245326, 0.062883]
[0.6325, 0.44895, -0.499711, 0.391427, 0.048846]
[0.675862, 0.144754, -0.498573, 0.469647, 0.239379]
[0.411911, 0.358595, -0.498547, 0.351004, 0.456823]
[0.594853, 0.483812, -0.499507, 0.495806, 0.360435]
[0.535, 0.475245, -0.499177, 0.329432, 0.332124]
[0.425975, 0.452452, -0.499647, 0.326535, 0.32195]
[0.665491, 0.316913, -0.499967, 0.366715, 0.452103]
[0.452497, 0.314007, -0.499355, 0.339928, 0.030456]
[0.59476, 0.25022, -0.499369, 0.266659, 0.46802]
[0.433672, 0.41631, -0.499126, 0.243742, 0.178175]
[0.648472, 0.43534, -0.498816, 0.294917, 0.155845]
[0.638007, 0.282628, -0.499487, 0.332961, 0.199227]
[0.373514, 0.2394, -0.498807, 0.268664, 0.015161]
[0.346164, 0.276939, -0.498878, 0.268119, 0.064393]
[0.323531, 0.476138, -0.49904, 0.340533, 0.370286]
[0.662313, 0.472748, -0.499176, 0.377716, 0.153925]
[0.449715, 0.233403, -0.498732, 0.437868, 0.169523]
[0.596603, 0.374844, -0.4995, 0.418108, 0.367371]
[0.623875, 0.292643, -0.499183, 0.26002, 0.352998]
[0.36233, 0.446176, -0.499774, 0.380763, 0.314997]
[0.653498, 0.395874, -0.498828, 0.481716, 0.253491]
[0.435862, 0.140264, -0.499083, 0.310462, 0.395832]
[0.446135, 0.114296, -0.498816, 0.258513, 0.121967]
[0.599277, 0.317575, -0.499182, 0.450721, 0.025828]
[0.526065, 0.366575, -0.499222, 0.227569, 0.456583]
[0.662413, 0.244044, -0.499292, 0.298657, 0.335146]
[0.550398, 0.275463, -0.499053, 0.375817, 0.4935]
[0.501776, 0.348324, -0.499225, 0.25506, 0.334433]
[0.279118, 0.120264, -0.499058, 0.374584, 0.341679]
[0.579127, 0.420018, -0.499866, 0.345621, 0.146563]
[0.406914, 0.257707, -0.499803, 0.447002, 0.485154]
[0.50866, 0.425871, -0.49994, 0.495005, 0.416437]
[0.288923, 0.328833, -0.498879, 0.324819, 0.351298]
[0.568075, 0.323619, -0.499836, 0.268449, 0.428912]
[0.587799, 0.336211, -0.49916, 0.444485, 0.32633]
[0.616308, 0.455641, -0.498772, 0.478707, 0.454761]
[0.653085, 0.198762, -0.499059, 0.283692, 0.212677]
[0.606076, 0.186128, -0.498493, 0.281311, 0.194914]
[0.317497, 0.224679, -0.499347, 0.451582, 0.179872]
[0.490933, 0.332453, -0.498424, 0.356068, 0.380524]
[0.27592, 0.346872, -0.499735, 0.268168, 0.14537]
[0.484507, 0.476374, -0.498749, 0.498136, 0.018191]
[0.434552, 0.112802, -0.499169, 0.2705, 0.252569]
[0.500592, 0.402219, -0.49961, 0.386252, 0.111867]
[0.417972, 0.144261, -0.498539, 0.454264, 0.309896]
[0.527131, 0.450955, -0.498435, 0.276947, 0.380809]
[0.464531, 0.188123, -0.498425, 0.463921, 0.323087]
[0.294792, 0.262455, -0.498867, 0.259103, 0.293207]
[0.410941, 0.479639, -0.499621, 0.31961, 0.451858]
[0.644473, 0.353445, -0.498639, 0.321013, 0.04107]
[0.438606, 0.235897, -0.499493, 0.31706, 0.477323]
[0.500687, 0.432899, -0.499299, 0.42763, 0.162829]
[0.380627, 0.253115, -0.499344, 0.434024, 0.054199]
[0.275279, 0.148895, -0.499146, 0.365816, 0.005246]
[0.59305, 0.262222, -0.498528, 0.363772, 0.338575]
[0.624018, 0.271912, -0.498727, 0.423732, 0.150581]
[0.37835, 0.1688, -0.499195, 0.352393, 0.115288]
[0.494227, 0.369563, -0.499488, 0.49783, 0.406451]
[0.535176, 0.23491, -0.49915, 0.270776, 0.325136]
[0.292789, 0.346008, -0.498908, 0.243234, 0.139046]
[0.291605, 0.238736, -0.499121, 0.35524, 0.29137]
[0.298438, 0.310335, -0.499253, 0.424461, 0.492417]
[0.486233, 0.449777, -0.499255, 0.282131, 0.130227]
[0.317799, 0.222154, -0.499017, 0.404624, 0.337725]
[0.548148, 0.463619, -0.499968, 0.265965, 0.498431]
[0.582343, 0.481166, -0.499927, 0.399463, 0.411801]
[0.398426, 0.177775, -0.499676, 0.437331, 0.172636]
[0.658297, 0.250738, -0.499282, 0.32364, 0.178519]
[0.595189, 0.437003, -0.498451, 0.409326, 0.203086]
[0.428307, 0.362974, -0.499945, 0.292291, 0.065694]
[0.600141, 0.325197, -0.498967, 0.270638, 0.093341]
[0.627235, 0.311525, -0.498931, 0.484665, 0.276665]
[0.374026, 0.378089, -0.499877, 0.356045, 0.012787]
[0.380928, 0.128421, -0.498496, 0.48836, 0.261271]
[0.629729, 0.231783, -0.499926, 0.330081, 0.35086]
[0.628082, 0.289925, -0.49924, 0.243255, 0.315127]
[0.380115, 0.26966, -0.499996, 0.35797, 0.035197]
[0.579821, 0.452743, -0.499095, 0.29048, 0.044991]
[0.54181, 0.206722, -0.499598, 0.28393, 0.178867]
[0.2737, 0.40414, -0.498681, 0.466562, 0.396206]
[0.431896, 0.207238, -0.498409, 0.469607, 0.028156]
[0.501344, 0.161419, -0.499563, 0.268376, 0.229356]
[0.513653, 0.248714, -0.499483, 0.280685, 0.389088]
[0.558138, 0.325041, -0.499278, 0.456713, 0.23782]
[0.385407, 0.37719, -0.499374, 0.23353, 0.159666]
[0.500835, 0.215305, -0.499307, 0.328408, 0.11117]
[0.356851, 0.127565, -0.498964, 0.399972, 0.373881]
[0.361169, 0.261093, -0.499549, 0.486993, 0.19522]
[0.532177, 0.284591, -0.4989, 0.441247, 0.011024]
[0.547974, 0.375053, -0.498918, 0.495076, 0.276753]
[0.398278, 0.49399, -0.499617, 0.388511, 0.200384]
[0.473347, 0.245983, -0.498809, 0.44859, 0.08026]
[0.325878, 0.279435, -0.499884, 0.451524, 0.483918]
[0.405502, 0.439285, -0.49869, 0.385037, 0.480188]
[0.554861, 0.46893, -0.498761, 0.244128, 0.332161]
[0.638208, 0.385364, -0.498653, 0.426794, 0.357571]
[0.304635, 0.455462, -0.498665, 0.284964, 0.271407]
[0.400322, 0.242295, -0.498779, 0.32929, 0.314462]
[0.386108, 0.421946, -0.499308, 0.2726, 0.154876]
[0.452769, 0.332847, -0.499918, 0.324886, 0.269664]
[0.296742, 0.169784, -0.49846, 0.249716, 0.461104]
[0.618579, 0.399485, -0.499244, 0.367203, 0.370544]
[0.490022, 0.17496, -0.498561, 0.336049, 0.212933]
[0.617219, 0.187541, -0.4985, 0.250796, 0.499415]
[0.353475, 0.310581, -0.498584, 0.258492, 0.36622]
[0.398072, 0.191986, -0.49907, 0.4342, 0.032614]
[0.566815, 0.315382, -0.49954, 0.444489, 0.339536]
[0.353637, 0.119714, -0.49992, 0.312449, 0.405364]
[0.642527, 0.493231, -0.499591, 0.382386, 0.432624]
[0.312243, 0.15982, -0.498558, 0.459194, 0.406057]
[0.455465, 0.489181, -0.49865, 0.281173, 0.343695]
[0.374211, 0.345285, -0.499815, 0.304082, 0.47025]
[0.523492, 0.497355, -0.499855, 0.336595, 0.167784]
[0.648814, 0.384074, -0.499321, 0.324725, 0.054589]
[0.505121, 0.331413, -0.499113, 0.392149, 0.027876]
[0.495247, 0.280033, -0.498625, 0.303542, 0.046614]
[0.363122, 0.152259, -0.499632, 0.397263, 0.088416]
[0.393721, 0.41865, -0.498845, 0.275762, 0.252741]
[0.632774, 0.202188, -0.499968, 0.279679, 0.243881]
[0.619683, 0.252191, -0.499297, 0.274478, 0.003368]
[0.659759, 0.137086, -0.499387, 0.49565, 0.240296]
[0.513393, 0.229052, -0.499289, 0.469109, 0.119294]
[0.544847, 0.314767, -0.499228, 0.306206, 0.149107]
[0.623168, 0.171605, -0.499192, 0.462543, 0.386953]
[0.397546, 0.345143, -0.498829, 0.240187, 0.013908]
[0.319844, 0.205874, -0.498581, 0.31357, 0.237536]
[0.548155, 0.463282, -0.499705, 0.394057, 0.03524]
[0.329439, 0.336806, -0.499256, 0.362515, 0.122271]
[0.270606, 0.284666, -0.498965, 0.267206, 0.238883]
[0.483398, 0.430344, -0.499845, 0.262292, 0.288784]
[0.334382, 0.223975, -0.499869, 0.40532, 0.042265]
[0.652427, 0.293165, -0.499178, 0.264326, 0.326435]
[0.667187, 0.480541, -0.499376, 0.484152, 0.019174]
[0.313615, 0.44495, -0.499453, 0.395013, 0.300622]
[0.655813, 0.370588, -0.499892, 0.388182, 0.069057]
[0.470722, 0.469727, -0.499786, 0.330669, 0.275664]
[0.633492, 0.29035, -0.49857, 0.435623, 0.299826]
[0.433669, 0.477548, -0.499641, 0.28223, 0.119354]
[0.525307, 0.422674, -0.498555, 0.343113, 0.231778]
[0.566129, 0.153437, -0.498982, 0.284156, 0.394092]
[0.460805, 0.256104, -0.499081, 0.417236, 0.040909]
[0.549128, 0.205712, -0.499248, 0.479743, 0.001612]
[0.62027, 0.389139, -0.498777, 0.389014, 0.186806]
[0.417111, 0.436817, -0.499595, 0.228165, 0.11474]
[0.28903, 0.398566, -0.499545, 0.341939, 0.421911]
[0.419037, 0.414182, -0.499918, 0.24805, 0.422869]
[0.328717, 0.210084, -0.498573, 0.369423, 0.329927]
[0.599755, 0.496743, -0.499208, 0.31656, 0.399448]
[0.495553, 0.188775, -0.498961, 0.395659, 0.46416]
[0.315485, 0.371155, -0.499462, 0.253732, 0.358782]
[0.303945, 0.422669, -0.499671, 0.376754, 0.166675]
[0.299186, 0.397932, -0.499503, 0.238965, 0.281726]
[0.357283, 0.338178, -0.499667, 0.303683, 0.279691]
[0.516519, 0.373893, -0.499259, 0.295702, 0.18909]
[0.371886, 0.165119, -0.498873, 0.490005, 0.408297]
[0.422818, 0.417656, -0.498665, 0.4349, 0.072226]
[0.589372, 0.494128, -0.498557, 0.484033, 0.148317]
[0.574946, 0.312629, -0.498482, 0.431684, 0.177762]
[0.629269, 0.368967, -0.498435, 0.284061, 0.188778]
[0.647071, 0.33988, -0.499133, 0.396615, 0.203204]
[0.57058, 0.300165, -0.499818, 0.456133, 0.253663]
[0.385597, 0.242964, -0.499252, 0.49681, 0.315321]
[0.360344, 0.310472, -0.498932, 0.360211, 0.460206]
[0.305912, 0.405025, -0.4994, 0.34398, 0.463634]
[0.303516, 0.4311, -0.499277, 0.403335, 0.235591]
[0.552128, 0.227477, -0.499483, 0.402009, 0.275706]
[0.529179, 0.231302, -0.499618, 0.487113, 0.110949]
[0.550197, 0.175434, -0.498975, 0.443167, 0.010527]
[0.337455, 0.299552, -0.499503, 0.353654, 0.224135]
[0.478172, 0.409222, -0.499964, 0.482071, 0.462807]
[0.270109, 0.290187, -0.499618, 0.268819, 0.152201]
[0.62169, 0.264038, -0.499907, 0.402257, 0.499258]
[0.562342, 0.117149, -0.499916, 0.231392, 0.316426]
[0.530711, 0.222514, -0.49981, 0.402914, 0.001376]
[0.55012, 0.350564, -0.499773, 0.289936, 0.351166]
[0.283833, 0.219855, -0.499657, 0.451503, 0.158804]
[0.338647, 0.350941, -0.499178, 0.383442, 0.107784]
[0.673278, 0.212993, -0.499888, 0.320228, 0.089534]
[0.663794, 0.44341, -0.499916, 0.356443, 0.36458]
[0.537536, 0.313017, -0.498555, 0.405071, 0.132296]
[0.275057, 0.338593, -0.499814, 0.361438, 0.234256]
[0.346637, 0.425571, -0.498713, 0.357757, 0.440455]
[0.344458, 0.439178, -0.498756, 0.461226, 0.261188]
[0.367709, 0.318867, -0.498792, 0.453905, 0.345347]
[0.487682, 0.185661, -0.499526, 0.259628, 0.208218]
[0.412332, 0.207384, -0.499203, 0.432633, 0.276835]
[0.57909, 0.352355, -0.499913, 0.291368, 0.124849]
[0.546643, 0.37624, -0.499281, 0.252131, 0.05439]
[0.661126, 0.355842, -0.499593, 0.23097, 0.438588]
[0.364167, 0.124377, -0.499734, 0.237012, 0.481751]
[0.634848, 0.212194, -0.498845, 0.408557, 0.410381]
[0.487169, 0.434859, -0.499549, 0.408673, 0.105089]
[0.591624, 0.485513, -0.498759, 0.327776, 0.219625]
[0.592464, 0.243124, -0.499309, 0.469914, 0.207072]
[0.397568, 0.464879, -0.498595, 0.381904, 0.257268]
[0.286517, 0.346279, -0.49975, 0.276991, 0.093111]
[0.376014, 0.429074, -0.49966, 0.299275, 0.233922]
[0.388696, 0.444197, -0.498498, 0.45946, 0.065193]
[0.53141, 0.427862, -0.4995, 0.464159, 0.129821]
[0.511932, 0.212989, -0.49998, 0.497825, 0.094139]
[0.335775, 0.271281, -0.499214, 0.255128, 0.248338]
[0.501724, 0.159891, -0.49897, 0.281041, 0.376962]
[0.491842, 0.296229, -0.498874, 0.491278, 0.218456]
[0.61646, 0.161965, -0.499851, 0.28775, 0.30424]
[0.621019, 0.133661, -0.499393, 0.374203, 0.330057]
[0.507249, 0.163988, -0.499357, 0.353693, 0.335166]
[0.454916, 0.155136, -0.499371, 0.278573, 0.158073]
[0.402379, 0.31488, -0.499654, 0.48678, 0.074461]
[0.634532, 0.250519, -0.499356, 0.497578, 0.301107]
[0.457795, 0.319824, -0.499709, 0.244652, 0.041471]
[0.304638, 0.224474, -0.498992, 0.33901, 0.064177]
[0.447033, 0.386372, -0.499777, 0.265586, 0.100675]
[0.617023, 0.232002, -0.499029, 0.470481, 0.322335]
[0.434771, 0.339879, -0.499092, 0.353183, 0.379524]
[0.284674, 0.154709, -0.499234, 0.352307, 0.316962]
[0.318326, 0.224491, -0.499647, 0.486258, 0.065234]
[0.407262, 0.178466, -0.498758, 0.253775, 0.230526]
[0.459002, 0.226357, -0.499219, 0.365379, 0.366381]
[0.622497, 0.48484, -0.499114, 0.463136, 0.060763]
[0.488505, 0.220919, -0.498835, 0.426047, 0.209954]
[0.518709, 0.312893, -0.499252, 0.373122, 0.156141]
[0.461318, 0.296081, -0.499704, 0.472022, 0.302816]
[0.399345, 0.193448, -0.499736, 0.492747, 0.213753]
[0.388192, 0.4089, -0.499254, 0.276812, 0.412289]
[0.612911, 0.323616, -0.498559, 0.497897, 0.137752]
[0.587288, 0.123609, -0.49975, 0.324846, 0.065566]
[0.453983, 0.383672, -0.49897, 0.281226, 0.109428]
[0.358816, 0.377638, -0.499843, 0.352593, 0.09526]
[0.578655, 0.32682, -0.499249, 0.481565, 0.352722]
[0.612662, 0.481528, -0.499308, 0.269494, 0.440478]
[0.32618, 0.426549, -0.499354, 0.408117, 0.242883]
[0.496817, 0.353881, -0.498599, 0.324671, 0.486324]
[0.590675, 0.325089, -0.498727, 0.449784, 0.067351]
[0.47841, 0.137047, -0.498756, 0.481847, 0.256388]
[0.601808, 0.142747, -0.499703, 0.430069, 0.111459]
[0.530717, 0.172885, -0.499279, 0.314115, 0.088065]
[0.545706, 0.496647, -0.499181, 0.433095, 0.003175]
[0.299579, 0.113271, -0.499512, 0.322305, 0.377091]
[0.504665, 0.202701, -0.498707, 0.423766, 0.268231]
[0.66307, 0.139049, -0.499631, 0.316146, 0.384603]
[0.360377, 0.366346, -0.499913, 0.324373, 0.144087]
[0.501582, 0.494902, -0.498416, 0.280575, 0.333049]
[0.469336, 0.376755, -0.499997, 0.486542, 0.449165]
[0.280279, 0.479272, -0.498822, 0.251197, 0.112014]
[0.614776, 0.303423, -0.499851, 0.461784, 0.33469]
[0.461154, 0.261327, -0.499246, 0.369372, 0.210555]
[0.312503, 0.136849, -0.498811, 0.31684, 0.268605]
[0.326177, 0.183047, -0.499313, 0.445434, 0.052411]
[0.534975, 0.268191, -0.499397, 0.306592, 0.12478]
[0.637792, 0.168317, -0.499526, 0.419421, 0.362116]
[0.378976, 0.229967, -0.498711, 0.33748, 0.298224]
[0.601243, 0.437395, -0.498928, 0.324605, 0.177685]
[0.440331, 0.267728, -0.499625, 0.280541, 0.051639]
[0.315321, 0.378948, -0.499742, 0.292815, 0.140946]
[0.457437, 0.141199, -0.499451, 0.454218, 0.103332]
[0.490147, 0.264397, -0.499753, 0.417165, 0.260105]
[0.477744, 0.210499, -0.49846, 0.455762, 0.21252]
[0.617033, 0.465936, -0.498907, 0.428051, 0.077794]
[0.313084, 0.371106, -0.498511, 0.446892, 0.449536]
[0.292071, 0.122192, -0.499709, 0.365823, 0.426952]
[0.395094, 0.114436, -0.498943, 0.426128, 0.04123]
[0.462293, 0.173569, -0.499849, 0.297348, 0.056975]
[0.450568, 0.369874, -0.499467, 0.295907, 0.479436]
[0.455883, 0.25319, -0.49997, 0.228144, 0.428374]
[0.624448, 0.17824, -0.499745, 0.444587, 0.489711]
[0.564861, 0.112883, -0.499473, 0.299782, 0.353714]
[0.361193, 0.273695, -0.49936, 0.381435, 0.05978]
[0.428391, 0.421488, -0.499497, 0.298175, 0.319378]
[0.27789, 0.261017, -0.49942, 0.458065, 0.158548]
[0.479973, 0.320833, -0.499749, 0.295244, 0.102]
[0.269379, 0.326905, -0.499687, 0.493034, 0.332105]
[0.642607, 0.1346, -0.498623, 0.257025, 0.051693]
[0.306212, 0.143953, -0.499002, 0.350135, 0.140903]
[0.46051, 0.272216, -0.498793, 0.437674, 0.47621]
[0.518737, 0.41434, -0.498803, 0.477405, 0.244553]
[0.36712, 0.431517, -0.498515, 0.424433, 0.143166]
[0.5323, 0.325726, -0.499297, 0.435798, 0.376515]
[0.59856, 0.484327, -0.499416, 0.249198, 0.0328]
[0.416213, 0.26844, -0.499498, 0.365823, 0.0302]
[0.591862, 0.407759, -0.499275, 0.278257, 0.499323]
[0.542762, 0.280387, -0.498572, 0.253689, 0.23936]
[0.533305, 0.124155, -0.49847, 0.467836, 0.41556]
[0.675979, 0.369488, -0.499347, 0.356151, 0.412711]
[0.28711, 0.468691, -0.49907, 0.470067, 0.311876]
[0.415138, 0.24488, -0.499472, 0.294748, 0.040551]
[0.590527, 0.414686, -0.498885, 0.447944, 0.31977]
[0.624875, 0.423495, -0.499964, 0.412065, 0.143739]
[0.525074, 0.241764, -0.499563, 0.272074, 0.104552]
[0.421449, 0.456361, -0.499917, 0.330582, 0.420097]
[0.578571, 0.123509, -0.498457, 0.419001, 0.377355]
[0.372844, 0.415439, -0.498757, 0.482856, 0.426629]
[0.487735, 0.206791, -0.498825, 0.445138, 0.175526]
[0.460799, 0.461847, -0.498757, 0.259549, 0.306406]
[0.487924, 0.189701, -0.498599, 0.308842, 0.029493]
[0.612709, 0.32118, -0.499663, 0.250557, 0.494481]
[0.386307, 0.155045, -0.499622, 0.264344, 0.397077]
[0.520228, 0.157531, -0.499155, 0.236897, 0.375128]
[0.359193, 0.407842, -0.499383, 0.257041, 0.193176]
[0.596574, 0.401227, -0.49983, 0.370274, 0.129597]
[0.586219, 0.310104, -0.499395, 0.410627, 0.06377]
[0.31858, 0.136547, -0.499423, 0.476889, 0.218534]
[0.662584, 0.489744, -0.498626, 0.458595, 0.347907]
[0.443375, 0.471224, -0.498768, 0.435424, 0.284709]
[0.376605, 0.372407, -0.499927, 0.328771, 0.063781]
[0.584612, 0.188217, -0.49891, 0.381454, 0.471928]
[0.26924, 0.114779, -0.499737, 0.485804, 0.375789]
[0.5977, 0.249854, -0.499692, 0.279275, 0.099185]
[0.679798, 0.179914, -0.498821, 0.361211, 0.05913]
[0.471954, 0.18802, -0.499549, 0.302722, 0.162527]
[0.431461, 0.376611, -0.498793, 0.374452, 0.201244]
[0.612334, 0.269798, -0.49948, 0.31064, 0.245282]
[0.659445, 0.128086, -0.499832, 0.477484, 0.129008]
[0.65369, 0.250438, -0.499191, 0.340034, 0.086669]
[0.53996, 0.357023, -0.49871, 0.406088, 0.425491]
[0.652882, 0.175284, -0.499443, 0.349865, 0.47448]
[0.287568, 0.125778, -0.49978, 0.446142, 0.166685]
[0.456176, 0.446672, -0.49897, 0.353908, 0.204817]
[0.557807, 0.224467, -0.498953, 0.438052, 0.351692]
[0.557559, 0.420875, -0.498873, 0.354994, 0.120606]
[0.582975, 0.254151, -0.499667, 0.410392, 0.141117]
[0.340152, 0.217434, -0.499897, 0.410196, 0.253216]
[0.655503, 0.140213, -0.498535, 0.308234, 0.324816]
[0.330863, 0.414468, -0.499994, 0.371606, 0.054999]
[0.437368, 0.298223, -0.499185, 0.288172, 0.20381]
[0.493435, 0.35731, -0.499872, 0.356412, 0.115774]
[0.306661, 0.111723, -0.499979, 0.499153, 0.445072]
[0.626453, 0.362105, -0.499946, 0.292681, 0.211135]
[0.461131, 0.286527, -0.498956, 0.399847, 0.106956]
[0.552299, 0.443683, -0.499565, 0.416803, 0.071884]
[0.324111, 0.188919, -0.49935, 0.411246, 0.017289]
[0.551811, 0.172918, -0.498626, 0.352268, 0.232674]
[0.44849, 0.243318, -0.499705, 0.316676, 0.188897]
[0.344287, 0.439278, -0.498653, 0.460872, 0.255365]
[0.570862, 0.215556, -0.498488, 0.275625, 0.429242]
[0.519311, 0.325073, -0.498556, 0.372442, 0.196067]
[0.661681, 0.337072, -0.49916, 0.456591, 0.274552]
[0.372719, 0.372025, -0.498586, 0.401747, 0.40694]
[0.644407, 0.488651, -0.499891, 0.496256, 0.310674]
[0.396458, 0.124467, -0.499526, 0.240642, 0.094767]
[0.52691, 0.12717, -0.499772, 0.368985, 0.01713]
[0.604832, 0.38414, -0.498921, 0.424355, 0.493765]
[0.625591, 0.137965, -0.499934, 0.310735, 0.249902]
[0.634773, 0.458825, -0.498737, 0.430432, 0.201652]
[0.3935, 0.219971, -0.498931, 0.357806, 0.036482]
[0.556122, 0.28064, -0.498442, 0.315574, 0.457622]
[0.400746, 0.383511, -0.49864, 0.297131, 0.377034]
[0.360804, 0.370157, -0.498463, 0.356693, 0.473558]
[0.36223, 0.348623, -0.499687, 0.345181, 0.040693]
[0.351991, 0.343128, -0.499296, 0.485918, 0.117496]
[0.514668, 0.23066, -0.498555, 0.423266, 0.158409]
[0.290032, 0.365498, -0.498815, 0.317617, 0.179851]
[0.608424, 0.492685, -0.499081, 0.396456, 0.085875]
[0.412866, 0.477762, -0.499661, 0.41604, 0.093826]
[0.554854, 0.343055, -0.498859, 0.45736, 0.401927]
[0.552291, 0.461948, -0.498822, 0.424244, 0.36438]
[0.574841, 0.429517, -0.499994, 0.324334, 0.470073]
[0.500998, 0.422179, -0.499874, 0.233316, 0.417138]
[0.670139, 0.359236, -0.499712, 0.333708, 0.433691]
[0.630375, 0.466498, -0.498814, 0.374002, 0.382508]
[0.573484, 0.296458, -0.499815, 0.44157, 0.085029]
[0.442845, 0.171056, -0.499586, 0.477896, 0.006611]
[0.664484, 0.463182, -0.499206, 0.487538, 0.452905]
[0.302617, 0.482996, -0.498915, 0.233323, 0.200383]
[0.328137, 0.192241, -0.498838, 0.230329, 0.020407]
[0.512847, 0.390269, -0.498454, 0.32818, 0.129635]
[0.366137, 0.414918, -0.499565, 0.48905, 0.34439]
[0.288728, 0.250313, -0.498441, 0.339106, 0.002122]
[0.274223, 0.428782, -0.498566, 0.48952, 0.082667]
[0.275251, 0.132671, -0.498624, 0.389554, 0.135005]
[0.274768, 0.413292, -0.499767, 0.386582, 0.272987]
[0.546523, 0.131939, -0.498997, 0.297436, 0.030791]
[0.375011, 0.360967, -0.498485, 0.276599, 0.28638]
[0.65969, 0.343563, -0.499997, 0.312511, 0.236061]
[0.392712, 0.229032, -0.498565, 0.465058, 0.235007]
[0.523532, 0.38918, -0.498645, 0.348164, 0.069071]
[0.471207, 0.445003, -0.499159, 0.287907, 0.484405]
[0.625639, 0.293682, -0.4995, 0.433669, 0.07592]
[0.62251, 0.220183, -0.499896, 0.443149, 0.129382]
[0.425284, 0.15746, -0.499696, 0.43111, 0.211368]
[0.679494, 0.333962, -0.498531, 0.239324, 0.494719]
[0.523537, 0.340044, -0.499861, 0.466619, 0.232953]
[0.602276, 0.394671, -0.499668, 0.430075, 0.068088]
[0.594642, 0.167247, -0.498758, 0.482171, 0.381848]
[0.677252, 0.262534, -0.498555, 0.34162, 0.363569]
[0.551918, 0.386167, -0.499026, 0.344108, 0.399766]
[0.644557, 0.378112, -0.499602, 0.456954, 0.429382]
[0.460986, 0.205196, -0.499587, 0.229462, 0.350089]
[0.493253, 0.389767, -0.498604, 0.266971, 0.323182]
[0.561748, 0.293364, -0.499152, 0.293577, 0.298151]
[0.543166, 0.286772, -0.49967, 0.291737, 0.362605]
[0.514931, 0.410052, -0.499591, 0.292412, 0.4146]
[0.618609, 0.192656, -0.498945, 0.382251, 0.361636]
[0.494798, 0.163148, -0.498701, 0.374209, 0.04117]
[0.311753, 0.187609, -0.498875, 0.327845, 0.304126]
[0.527985, 0.335767, -0.498695, 0.415648, 0.429916]
[0.543353, 0.312403, -0.499122, 0.274435, 0.081826]
[0.650488, 0.34285, -0.499477, 0.274453, 0.416573]
[0.314031, 0.231211, -0.49845, 0.335868, 0.045723]
[0.603775, 0.44512, -0.499057, 0.370984, 0.11822]
[0.331273, 0.28376, -0.499174, 0.36638, 0.378673]
[0.663239, 0.380936, -0.498437, 0.324603, 0.346907]
[0.481835, 0.243109, -0.499366, 0.369258, 0.035712]
[0.431148, 0.491689, -0.498716, 0.413003, 0.305342]
[0.592101, 0.323196, -0.498477, 0.445413, 0.024852]
[0.403317, 0.499951, -0.499345, 0.488188, 0.497454]
[0.30802, 0.373494, -0.499995, 0.490225, 0.433152]
[0.347633, 0.280932, -0.498654, 0.358526, 0.433896]
[0.51681, 0.221847, -0.499939, 0.391566, 0.464789]
[0.476043, 0.392893, -0.498503, 0.352724, 0.460357]
[0.417291, 0.148879, -0.498893, 0.408545, 0.037883]
[0.477341, 0.405085, -0.499845, 0.405937, 0.139011]
[0.352991, 0.242555, -0.499729, 0.308648, 0.454511]
[0.35773, 0.112762, -0.49884, 0.335003, 0.379486]
[0.497442, 0.30926, -0.499008, 0.265203, 0.139406]
[0.533561, 0.496528, -0.499469, 0.285349, 0.306757]
[0.269824, 0.204189, -0.499593, 0.438456, 0.025939]
[0.32738, 0.336035, -0.498524, 0.403175, 0.053229]
[0.38522, 0.261586, -0.498465, 0.316262, 0.133377]
[0.41364, 0.238732, -0.499124, 0.458257, 0.392925]
[0.417884, 0.374726, -0.49962, 0.253699, 0.07038]
[0.306981, 0.377165, -0.498741, 0.42615, 0.48185]
[0.573157, 0.157377, -0.498968, 0.355525, 0.119823]
[0.437023, 0.132895, -0.499321, 0.243769, 0.128471]
[0.581902, 0.369891, -0.499597, 0.384682, 0.121778]
[0.536389, 0.293525, -0.499285, 0.334703, 0.12618]
[0.337638, 0.142567, -0.499011, 0.231446, 0.025663]
[0.351062, 0.15155, -0.499158, 0.281846, 0.226383]
[0.539968, 0.418313, -0.499467, 0.240695, 0.22868]
[0.269949, 0.39236, -0.499828, 0.294346, 0.198151]
[0.303842, 0.282165, -0.498672, 0.340198, 0.13276]
[0.430936, 0.141202, -0.499772, 0.265146, 0.182801]
[0.335318, 0.146991, -0.499582, 0.300962, 0.2636]
[0.422954, 0.450643, -0.499663, 0.471989, 0.112542]
[0.652725, 0.192539, -0.499109, 0.311008, 0.11948]
[0.443674, 0.346355, -0.49914, 0.245947, 0.435438]
[0.428653, 0.222239, -0.498965, 0.227871, 0.009639]
[0.566393, 0.464708, -0.498833, 0.46604, 0.113404]
[0.574381, 0.452426, -0.499527, 0.488583, 0.302629]
[0.288044, 0.14658, -0.498781, 0.23752, 0.372955]
[0.462418, 0.381011, -0.499023, 0.437441, 0.482789]
[0.510589, 0.126374, -0.499088, 0.376347, 0.323953]
[0.409034, 0.401482, -0.498483, 0.309858, 0.228945]
[0.440642, 0.161746, -0.499055, 0.273847, 0.239085]
[0.59143, 0.402955, -0.499081, 0.482097, 0.175479]
[0.340478, 0.487179, -0.499556, 0.428949, 0.259157]
[0.448031, 0.346202, -0.499711, 0.445182, 0.111977]
[0.600014, 0.181458, -0.499324, 0.365994, 0.349239]
[0.650282, 0.296539, -0.49934, 0.306496, 0.173427]
[0.574322, 0.175248, -0.49852, 0.422873, 0.4012]
[0.276517, 0.233169, -0.499867, 0.47599, 0.251136]
[0.342913, 0.37945, -0.499464, 0.241817, 0.006436]
[0.523068, 0.461902, -0.49939, 0.332515, 0.398505]
[0.330126, 0.208345, -0.498661, 0.252734, 0.432413]
[0.337696, 0.331109, -0.498662, 0.241975, 0.248283]
[0.662539, 0.398884, -0.499829, 0.460012, 0.207672]
[0.349998, 0.191661, -0.498834, 0.389424, 0.17043]
[0.626604, 0.352289, -0.499565, 0.233258, 0.031929]
[0.532342, 0.403839, -0.499608, 0.394169, 0.338872]
[0.640227, 0.30929, -0.498908, 0.263162, 0.288595]
[0.50493, 0.38884, -0.499902, 0.243297, 0.321001]
[0.618464, 0.496018, -0.49934, 0.419477, 0.46157]
[0.299161, 0.208502, -0.498737, 0.392344, 0.063304]
[0.60417, 0.483516, -0.499397, 0.256009, 0.428888]
[0.363027, 0.355232, -0.499389, 0.273415, 0.042809]
[0.465851, 0.174495, -0.498729, 0.310056, 0.032332]
[0.496675, 0.439694, -0.498519, 0.367657, 0.279962]
[0.560254, 0.272525, -0.499356, 0.313197, 0.231156]
[0.612976, 0.137919, -0.499395, 0.470659, 0.240658]
[0.41368, 0.47328, -0.498611, 0.401122, 0.472075]
[0.50182, 0.456023, -0.498509, 0.425733, 0.028609]
[0.664556, 0.429568, -0.49972, 0.423106, 0.126092]
[0.341883, 0.291903, -0.499178, 0.489431, 0.296508]
[0.535461, 0.283618, -0.499539, 0.466721, 0.020033]
[0.527732, 0.115994, -0.499236, 0.359994, 0.19315]
[0.443794, 0.222201, -0.49949, 0.358987, 0.06887]
[0.341219, 0.317572, -0.499772, 0.336491, 0.193211]
[0.391299, 0.281433, -0.498526, 0.485067, 0.144007]
[0.432991, 0.202277, -0.498882, 0.24251, 0.176402]
[0.663258, 0.483394, -0.498581, 0.303322, 0.352984]
[0.34429, 0.428877, -0.499661, 0.258387, 0.231124]
[0.322596, 0.184295, -0.498729, 0.366145, 0.218536]
[0.502316, 0.255585, -0.498842, 0.253364, 0.13831]
[0.427942, 0.184444, -0.499247, 0.429724, 0.494081]
[0.276585, 0.33421, -0.499153, 0.314848, 0.32644]
[0.679639, 0.426553, -0.499867, 0.466879, 0.244929]
[0.393929, 0.34929, -0.499337, 0.384498, 0.293149]
[0.301354, 0.447818, -0.499818, 0.266161, 0.423989]
[0.609872, 0.466827, -0.499116, 0.307198, 0.052428]
[0.314815, 0.195182, -0.499194, 0.295701, 0.464464]
[0.395592, 0.264361, -0.498872, 0.26932, 0.188371]
[0.336802, 0.405559, -0.49842, 0.488274, 0.492332]
[0.335167, 0.331316, -0.49863, 0.457079, 0.424222]
[0.543829, 0.340981, -0.499094, 0.313443, 0.366383]
[0.645336, 0.40122, -0.499752, 0.399982, 0.308874]
[0.497452, 0.449374, -0.499721, 0.259049, 0.414129]
[0.581457, 0.196024, -0.499594, 0.227607, 0.369516]
[0.318332, 0.151899, -0.499335, 0.326281, 0.436641]
[0.282387, 0.33833, -0.499002, 0.330907, 0.237709]
[0.446982, 0.178835, -0.499311, 0.345173, 0.001778]
[0.297844, 0.364846, -0.499914, 0.268087, 0.387203]
[0.584814, 0.124702, -0.498545, 0.246389, 0.017392]
[0.412742, 0.206458, -0.498917, 0.316551, 0.47709]
[0.610171, 0.125723, -0.498764, 0.294302, 0.242337]
[0.287146, 0.379163, -0.499329, 0.440219, 0.309453]
[0.668598, 0.236663, -0.499212, 0.332529, 0.236251]
[0.484378, 0.211995, -0.498758, 0.319911, 0.459564]
[0.514232, 0.222045, -0.49936, 0.457727, 0.21961]
[0.527665, 0.345249, -0.499748, 0.480073, 0.223995]
[0.284427, 0.485197, -0.499714, 0.294573, 0.091838]
[0.351387, 0.237307, -0.49928, 0.259584, 0.247706]
[0.368116, 0.295797, -0.49873, 0.288598, 0.087546]
[0.472716, 0.30692, -0.4991, 0.279147, 0.047884]
[0.291886, 0.122064, -0.499781, 0.367124, 0.192226]
[0.595797, 0.372898, -0.499012, 0.257884, 0.404926]
[0.435239, 0.428906, -0.499146, 0.419035, 0.286152]
[0.674058, 0.149331, -0.499364, 0.403159, 0.446351]
[0.270012, 0.383343, -0.498845, 0.292373, 0.450245]
[0.522177, 0.206989, -0.498919, 0.445332, 0.313203]
[0.450907, 0.387023, -0.499751, 0.497108, 0.150058]
[0.429552, 0.480813, -0.499104, 0.382671, 0.231396]
[0.675498, 0.454013, -0.499465, 0.396255, 0.13624]
[0.631111, 0.150879, -0.49909, 0.389693, 0.103727]
[0.660398, 0.363529, -0.499623, 0.459248, 0.099902]
[0.434008, 0.293724, -0.499623, 0.279712, 0.328705]
[0.277233, 0.293329, -0.499266, 0.265159, 0.299276]
[0.57298, 0.464602, -0.498721, 0.333944, 0.400521]
[0.677831, 0.399504, -0.498491, 0.237673, 0.318918]
[0.653536, 0.22102, -0.499018, 0.472676, 0.221604]
[0.381007, 0.456975, -0.499642, 0.469001, 0.381142]
[0.393747, 0.376545, -0.499102, 0.324469, 0.08062]
[0.606494, 0.268603, -0.499599, 0.319363, 0.281688]
[0.397267, 0.314299, -0.499451, 0.416535, 0.175321]
[0.609099, 0.347061, -0.498559, 0.28314, 0.050989]
[0.603881, 0.28954, -0.499807, 0.46611, 0.024526]
[0.311273, 0.40578, -0.498862, 0.428469, 0.413993]
[0.367961, 0.462471, -0.499271, 0.233223, 0.318363]
[0.599359, 0.389218, -0.49985, 0.338818, 0.178742]
[0.334372, 0.341703, -0.499952, 0.330972, 0.002132]
[0.460859, 0.18648, -0.498619, 0.443769, 0.185831]
[0.668228, 0.382371, -0.499258, 0.441142, 0.377541]
[0.45242, 0.301849, -0.499943, 0.371631, 0.237543]
[0.59896, 0.486451, -0.498481, 0.256981, 0.082178]
[0.565427, 0.252643, -0.499289, 0.378977, 0.092251]
[0.483109, 0.225167, -0.498637, 0.282343, 0.049804]
[0.618846, 0.198874, -0.499249, 0.302882, 0.049846]
[0.500777, 0.171408, -0.498488, 0.248991, 0.062828]
[0.565497, 0.329369, -0.499206, 0.387008, 0.115012]
[0.423575, 0.192291, -0.499594, 0.332738, 0.247309]
[0.438344, 0.207979, -0.49895, 0.22988, 0.124694]
[0.486997, 0.179208, -0.499473, 0.368779, 0.11209]
[0.59237, 0.299632, -0.498924, 0.393234, 0.438115]
[0.631692, 0.14484, -0.498879, 0.365017, 0.240285]
[0.271677, 0.481942, -0.499158, 0.412533, 0.315677]
[0.414908, 0.251314, -0.498608, 0.324141, 0.222701]
[0.439764, 0.296566, -0.498607, 0.472609, 0.134187]
[0.497389, 0.24999, -0.499711, 0.34853, 0.247442]
[0.638576, 0.330408, -0.499402, 0.265668, 0.028265]
[0.515263, 0.468623, -0.499344, 0.436742, 0.276168]
[0.369882, 0.304935, -0.499777, 0.433192, 0.153882]
[0.318288, 0.364559, -0.498839, 0.439768, 0.373225]
[0.653419, 0.479561, -0.498638, 0.340364, 0.138267]
[0.479126, 0.461995, -0.499664, 0.424291, 0.345833]
[0.479491, 0.136975, -0.499096, 0.390096, 0.408539]
[0.653426, 0.399844, -0.498806, 0.304592, 0.22267]
[0.41604, 0.219592, -0.499588, 0.311054, 0.10609]
[0.408801, 0.174251, -0.498803, 0.491675, 0.41549]
[0.282117, 0.438716, -0.499449, 0.320626, 0.014298]
[0.439867, 0.390145, -0.499938, 0.328915, 0.302035]
[0.269247, 0.468707, -0.49841, 0.457825, 0.069856]
[0.565591, 0.180473, -0.499626, 0.437429, 0.109322]
[0.361401, 0.116786, -0.499012, 0.328778, 0.466215]
[0.538542, 0.435916, -0.499179, 0.275321, 0.327146]
[0.427944, 0.39806, -0.498433, 0.465305, 0.318787]
[0.476318, 0.34778, -0.498466, 0.306502, 0.290728]
[0.316852, 0.321124, -0.499811, 0.281488, 0.287856]
[0.28007, 0.420179, -0.499139, 0.391303, 0.265259]
[0.497399, 0.382997, -0.499639, 0.454973, 0.408082]
[0.319247, 0.251875, -0.499474, 0.462613, 0.040993]
[0.653406, 0.119762, -0.499778, 0.4283, 0.28778]
[0.27697, 0.268835, -0.498771, 0.298596, 0.460658]
[0.433609, 0.294131, -0.498477, 0.245037, 0.471071]
[0.525266, 0.131316, -0.499346, 0.36679, 0.143846]
[0.34874, 0.258593, -0.499045, 0.446558, 0.416017]
[0.526205, 0.260762, -0.498414, 0.309069, 0.369159]
[0.416417, 0.171281, -0.499471, 0.301089, 0.101958]
[0.343599, 0.446359, -0.499815, 0.406752, 0.147178]
[0.368242, 0.181966, -0.498795, 0.242217, 0.04841]
[0.477308, 0.42201, -0.499547, 0.434408, 0.287269]
[0.569019, 0.298144, -0.498536, 0.3413, 0.365882]
[0.448559, 0.423079, -0.499326, 0.414581, 0.044205]
[0.381811, 0.464333, -0.498686, 0.499926, 0.050668]
[0.650227, 0.491608, -0.499411, 0.277597, 0.119633]
[0.569022, 0.373981, -0.499333, 0.34687, 0.499146]
[0.410882, 0.468976, -0.499602, 0.409021, 0.141357]
[0.660818, 0.298386, -0.498793, 0.318685, 0.198743]
[0.427966, 0.364029, -0.498658, 0.430551, 0.051197]
[0.273324, 0.209175, -0.498438, 0.405042, 0.402879]
[0.537079, 0.333866, -0.499591, 0.49098, 0.241232]
[0.456605, 0.490726, -0.499608, 0.496234, 0.451452]
[0.626518, 0.259969, -0.499523, 0.271758, 0.308463]
[0.617716, 0.38048, -0.499131, 0.319369, 0.34553]
[0.475835, 0.378275, -0.498825, 0.312571, 0.168127]
[0.615253, 0.247597, -0.499397, 0.296078, 0.39677]
[0.274613, 0.480776, -0.499064, 0.295216, 0.359842]
[0.638309, 0.243587, -0.498743, 0.254754, 0.106482]
[0.434668, 0.183698, -0.499152, 0.288772, 0.171324]
[0.627051, 0.494254, -0.499777, 0.320794, 0.384043]
[0.309502, 0.268162, -0.499146, 0.489029, 0.046142]
[0.471773, 0.209595, -0.498548, 0.410081, 0.41702]
[0.428142, 0.307598, -0.499648, 0.244321, 0.399186]
[0.30212, 0.371788, -0.499005, 0.337372, 0.498446]
[0.581276, 0.208959, -0.499327, 0.372515, 0.078515]
[0.31832, 0.282858, -0.499889, 0.254001, 0.399349]
[0.403127, 0.38933, -0.498747, 0.375502, 0.1554]
[0.341584, 0.474778, -0.498613, 0.283469, 0.068212]
[0.431268, 0.389987, -0.499353, 0.428552, 0.118327]
[0.433061, 0.273746, -0.499428, 0.427827, 0.217834]
[0.650089, 0.28671, -0.498919, 0.395218, 0.153328]
[0.536302, 0.272992, -0.499017, 0.246501, 0.123695]
[0.538364, 0.364674, -0.498947, 0.39812, 0.358073]
[0.516901, 0.228405, -0.499638, 0.470122, 0.048718]
[0.678467, 0.361991, -0.498791, 0.271837, 0.463933]
[0.613343, 0.201102, -0.499283, 0.413654, 0.142402]
[0.652276, 0.194553, -0.498592, 0.314101, 0.284921]
[0.611744, 0.233673, -0.498705, 0.299169, 0.076638]
[0.517899, 0.330081, -0.499435, 0.385309, 0.103815]
[0.674045, 0.485908, -0.499316, 0.367659, 0.281223]
[0.652173, 0.478838, -0.499834, 0.449084, 0.011801]
[0.629448, 0.344006, -0.498656, 0.371057, 0.17991]
[0.495448, 0.487142, -0.49935, 0.42247, 0.158506]
[0.323787, 0.120049, -0.499939, 0.46262, 0.440088]
[0.464595, 0.129203, -0.498436, 0.338608, 0.240092]
[0.508813, 0.393104, -0.499679, 0.358564, 0.17439]
[0.389985, 0.415515, -0.499052, 0.328997, 0.055076]
[0.420442, 0.386785, -0.498925, 0.379788, 0.120426]
[0.591536, 0.446384, -0.498915, 0.375825, 0.319615]
[0.556244, 0.367243, -0.499294, 0.461461, 0.438178]
[0.609966, 0.499709, -0.499485, 0.371017, 0.328865]
[0.304691, 0.33442, -0.49858, 0.358433, 0.091476]
[0.37552, 0.412146, -0.499066, 0.28214, 0.125711]
[0.342436, 0.132902, -0.49862, 0.428298, 0.392178]
[0.370431, 0.383041, -0.499768, 0.2803, 0.440295]
[0.581834, 0.248872, -0.498726, 0.228336, 0.205613]
[0.41945, 0.244262, -0.499361, 0.40454, 0.110684]
[0.304117, 0.156492, -0.498416, 0.315581, 0.438374]
[0.360516, 0.391905, -0.499086, 0.422298, 0.202892]
[0.445153, 0.22021, -0.499038, 0.332109, 0.402402]
[0.298538, 0.356109, -0.499479, 0.47914, 0.135189]
[0.643903, 0.1804, -0.498461, 0.414377, 0.122232]
[0.337966, 0.354643, -0.498739, 0.41722, 0.33683]
[0.434889, 0.490903, -0.498569, 0.437774, 0.028145]
[0.426404, 0.167881, -0.498465, 0.480711, 0.035193]
[0.299315, 0.189162, -0.49979, 0.444468, 0.370585]
[0.288581, 0.371109, -0.499748, 0.357767, 0.257004]
[0.403456, 0.258338, -0.499853, 0.399279, 0.204628]
[0.507123, 0.204045, -0.49931, 0.376475, 0.459555]
[0.673512, 0.183932, -0.498589, 0.296049, 0.160888]
[0.300802, 0.358993, -0.498617, 0.365842, 0.319555]
[0.677834, 0.434884, -0.499534, 0.278669, 0.341827]
[0.636376, 0.205229, -0.498806, 0.382431, 0.473122]
[0.487842, 0.307634, -0.499033, 0.28387, 0.339105]
[0.379627, 0.121589, -0.499119, 0.244691, 0.199429]
[0.498316, 0.137973, -0.499463, 0.362812, 0.076042]
[0.648364, 0.278394, -0.499789, 0.499794, 0.149288]
[0.413124, 0.232567, -0.498484, 0.30372, 0.125157]
[0.451906, 0.150686, -0.49843, 0.453417, 0.337528]
[0.678241, 0.347353, -0.498491, 0.499421, 0.029951]
[0.438319, 0.389379, -0.498608, 0.313718, 0.499366]
[0.514662, 0.131237, -0.499301, 0.24321, 0.419962]
[0.365369, 0.341239, -0.499781, 0.426575, 0.468253]
[0.635004, 0.182001, -0.499102, 0.499369, 0.179705]
[0.281927, 0.472866, -0.498433, 0.300688, 0.366468]
[0.329024, 0.283253, -0.499098, 0.466821, 0.307934]
[0.529004, 0.47548, -0.499318, 0.24505, 0.109041]
[0.550919, 0.48241, -0.499846, 0.492796, 0.294756]
[0.51891, 0.255188, -0.49925, 0.28206, 0.023308]
[0.294615, 0.432036, -0.499046, 0.368225, 0.310291]
[0.571606, 0.234595, -0.499471, 0.436126, 0.210508]
[0.305113, 0.174974, -0.499713, 0.335133, 0.160418]
[0.550066, 0.127012, -0.499047, 0.440945, 0.343851]
[0.635385, 0.465973, -0.499284, 0.499014, 0.135927]
[0.313002, 0.35397, -0.499254, 0.335934, 0.070917]
[0.422863, 0.366372, -0.499338, 0.327482, 0.466449]
[0.406986, 0.482919, -0.498659, 0.227719, 0.339277]
[0.523989, 0.17127, -0.499561, 0.282154, 0.372342]
[0.510986, 0.120944, -0.499704, 0.300114, 0.115398]
[0.511912, 0.35608, -0.499566, 0.471479, 0.436904]
[0.633988, 0.167972, -0.499347, 0.484556, 0.165383]
[0.493681, 0.212453, -0.499047, 0.43864, 0.359007]
[0.295541, 0.362576, -0.499245, 0.283233, 0.119186]
[0.332056, 0.253512, -0.498619, 0.354035, 0.358599]
[0.501432, 0.134733, -0.499653, 0.499469, 0.488927]
[0.505175, 0.250376, -0.499725, 0.295068, 0.269859]
[0.579763, 0.16983, -0.499594, 0.385035, 0.457978]
[0.564668, 0.234416, -0.499119, 0.480418, 0.44815]
[0.356662, 0.36905, -0.499087, 0.374102, 0.398723]
[0.339231, 0.441922, -0.498463, 0.463328, 0.168003]
[0.499453, 0.359855, -0.499093, 0.282258, 0.131584]
[0.313928, 0.390419, -0.498736, 0.491589, 0.475174]
[0.45482, 0.444381, -0.498811, 0.259877, 0.285604]
[0.299059, 0.270415, -0.499409, 0.484498, 0.34516]
[0.589048, 0.448284, -0.499825, 0.474264, 0.39411]
[0.545989, 0.393454, -0.498671, 0.421345, 0.311265]
[0.52028, 0.435166, -0.498695, 0.426151, 0.460338]
[0.277585, 0.238501, -0.499845, 0.419074, 0.248621]
[0.61969, 0.262569, -0.499347, 0.309105, 0.496514]
[0.304889, 0.256515, -0.49867, 0.295736, 0.228335]
[0.351354, 0.159798, -0.49887, 0.484385, 0.335235]
[0.437803, 0.191324, -0.49983, 0.415117, 0.255533]
[0.38459, 0.401909, -0.49899, 0.458334, 0.349982]
[0.633943, 0.461178, -0.499288, 0.382983, 0.329746]
[0.408652, 0.464485, -0.499723, 0.272096, 0.431097]
[0.629182, 0.165182, -0.499579, 0.284332, 0.169984]
[0.315928, 0.18023, -0.498815, 0.265872, 0.103573]
[0.32269, 0.178276, -0.499737, 0.27787, 0.078204]
[0.573632, 0.141168, -0.49959, 0.234223, 0.161241]
[0.507027, 0.16974, -0.498613, 0.329886, 0.401648]
[0.421087, 0.344757, -0.4993, 0.22792, 0.282695]
[0.65999, 0.231828, -0.499614, 0.38529, 0.382706]
[0.377756, 0.439007, -0.499585, 0.427222, 0.478378]
[0.609714, 0.32663, -0.498595, 0.418423, 0.48814]
[0.640454, 0.175157, -0.499324, 0.449567, 0.336315]
[0.425513, 0.374247, -0.499305, 0.468957, 0.043562]
[0.657557, 0.371333, -0.4996, 0.498543, 0.034791]
[0.540833, 0.134458, -0.498641, 0.236347, 0.210944]
[0.329594, 0.195661, -0.498868, 0.35046, 0.350119]
[0.46152, 0.426004, -0.498924, 0.411372, 0.303227]
[0.581035, 0.291705, -0.498939, 0.449787, 0.222514]
[0.671181, 0.203075, -0.499089, 0.259764, 0.23748]
[0.290785, 0.12487, -0.499506, 0.234855, 0.096015]
[0.548552, 0.240878, -0.499508, 0.239888, 0.031153]
[0.363419, 0.194536, -0.499975, 0.229058, 0.304821]
[0.35762, 0.326977, -0.499201, 0.326783, 0.442924]
[0.530569, 0.277326, -0.499588, 0.431552, 0.132174]
[0.3962, 0.185271, -0.499231, 0.229664, 0.072532]
[0.672458, 0.498255, -0.499255, 0.253189, 0.058138]
[0.6372, 0.287053, -0.498542, 0.402679, 0.242389]
[0.568763, 0.479217, -0.499421, 0.406296, 0.207788]
[0.522789, 0.268128, -0.499184, 0.373884, 0.423487]
[0.316588, 0.204794, -0.499079, 0.331625, 0.191472]
[0.405739, 0.143926, -0.498654, 0.496279, 0.108862]
[0.5868, 0.195133, -0.498462, 0.466012, 0.00993]
[0.32753, 0.399392, -0.498429, 0.309479, 0.491374]
[0.314121, 0.275044, -0.498622, 0.377126, 0.225726]
[0.641994, 0.155069, -0.499402, 0.48912, 0.131171]
[0.615957, 0.212946, -0.498461, 0.461612, 0.13202]
[0.276359, 0.262876, -0.498729, 0.255287, 0.054427]
[0.30867, 0.238811, -0.499553, 0.285069, 0.249751]
[0.309603, 0.40346, -0.499533, 0.366351, 0.459655]
[0.374215, 0.460784, -0.49918, 0.442921, 0.227781]
[0.315295, 0.459126, -0.499396, 0.292484, 0.413591]
[0.547307, 0.276821, -0.499664, 0.419793, 0.340985]
[0.279496, 0.155155, -0.498781, 0.231142, 0.123078]
[0.459369, 0.234685, -0.498944, 0.337952, 0.128885]
[0.312862, 0.319545, -0.49963, 0.43608, 0.301419]
[0.525267, 0.244596, -0.499255, 0.25511, 0.320736]
[0.359663, 0.181308, -0.49869, 0.404307, 0.026384]
[0.672888, 0.210755, -0.499771, 0.468728, 0.156398]
[0.500532, 0.164988, -0.498977, 0.476918, 0.22683]
[0.524677, 0.472484, -0.499511, 0.382675, 0.105916]
[0.516597, 0.497227, -0.498896, 0.492263, 0.049901]
[0.488077, 0.128043, -0.498834, 0.232106, 0.464748]
[0.592066, 0.163359, -0.498873, 0.388456, 0.403608]
[0.346263, 0.301522, -0.499362, 0.42995, 0.251241]
[0.344692, 0.184926, -0.499093, 0.443349, 0.12077]
[0.579332, 0.166001, -0.498972, 0.377467, 0.323908]
[0.421152, 0.19898, -0.499784, 0.308978, 0.333963]
[0.597592, 0.176628, -0.499301, 0.27605, 0.101573]
[0.661477, 0.178992, -0.499888, 0.272806, 0.3825]
[0.565473, 0.23581, -0.498555, 0.262964, 0.358002]
[0.469058, 0.395066, -0.499106, 0.38169, 0.069967]
[0.679644, 0.353423, -0.499978, 0.26199, 0.416839]
[0.32292, 0.117005, -0.499508, 0.292579, 0.362475]
[0.29491, 0.222831, -0.49869, 0.390257, 0.354239]
[0.426306, 0.206752, -0.498897, 0.231235, 0.130322]
[0.397334, 0.435365, -0.499392, 0.390413, 0.030299]
[0.572587, 0.318122, -0.499669, 0.332081, 0.264912]
[0.302791, 0.461344, -0.499105, 0.482051, 0.326141]
[0.591946, 0.128178, -0.499267, 0.317003, 0.007397]
[0.433136, 0.220038, -0.499393, 0.269014, 0.48069]
[0.371239, 0.487697, -0.499163, 0.471441, 0.052703]
[0.498506, 0.17901, -0.49907, 0.49699, 0.390352]
[0.63895, 0.403476, -0.499943, 0.460982, 0.396362]
[0.305063, 0.468826, -0.499709, 0.443924, 0.478722]
[0.32438, 0.363101, -0.499262, 0.385572, 0.255046]
[0.381306, 0.226069, -0.498558, 0.491842, 0.183708]
[0.404395, 0.280144, -0.499412, 0.413517, 0.131953]
[0.628818, 0.197495, -0.498618, 0.495245, 0.386874]
[0.279037, 0.400407, -0.499958, 0.306004, 0.266551]
[0.572681, 0.317414, -0.498677, 0.265264, 0.44769]
[0.629224, 0.274529, -0.499748, 0.236235, 0.43263]
[0.594282, 0.22901, -0.498666, 0.285804, 0.174736]
[0.679732, 0.349869, -0.49946, 0.235277, 0.272591]
[0.499344, 0.37017, -0.498507, 0.401844, 0.362725]
[0.394437, 0.436769, -0.498694, 0.374167, 0.065597]
[0.522845, 0.390382, -0.499965, 0.235352, 0.142886]
[0.646018, 0.469981, -0.498466, 0.233881, 0.134336]
[0.389157, 0.342929, -0.499158, 0.437229, 0.271459]
[0.526693, 0.119288, -0.499453, 0.363785, 0.378726]
[0.555721, 0.428677, -0.499152, 0.277957, 0.087421]
[0.454354, 0.307214, -0.498596, 0.285008, 0.057485]
[0.281902, 0.157209, -0.49938, 0.374821, 0.255098]
[0.435784, 0.125842, -0.499046, 0.280401, 0.19788]
[0.35955, 0.305681, -0.499016, 0.252012, 0.296615]
[0.499416, 0.114479, -0.499504, 0.263574, 0.059856]
[0.509357, 0.253665, -0.49873, 0.369477, 0.27037]
[0.400554, 0.196703, -0.499314, 0.263639, 0.150251]
[0.388957, 0.283015, -0.498818, 0.411642, 0.2885]
[0.671761, 0.177142, -0.499986, 0.239887, 0.212892]
[0.643853, 0.416735, -0.499576, 0.350778, 0.029499]
[0.50729, 0.158967, -0.499766, 0.362583, 0.121875]
[0.551404, 0.361337, -0.498789, 0.257959, 0.011163]
[0.332313, 0.395841, -0.498535, 0.323804, 0.321461]
[0.606589, 0.18693, -0.49886, 0.411894, 0.497361]
[0.516993, 0.475916, -0.499193, 0.477343, 0.399846]
[0.287837, 0.445004, -0.499863, 0.301859, 0.076647]
[0.397874, 0.469413, -0.498579, 0.329281, 0.082788]
[0.679232, 0.185749, -0.499863, 0.387906, 0.354678]
[0.489336, 0.438577, -0.498536, 0.385764, 0.06972]
[0.352708, 0.247983, -0.49987, 0.355988, 0.191727]
[0.495172, 0.244367, -0.499948, 0.389928, 0.297736]
[0.622478, 0.389349, -0.498724, 0.394563, 0.203884]
[0.293416, 0.325699, -0.49933, 0.347169, 0.33228]
[0.534345, 0.324857, -0.499018, 0.426879, 0.419662]
[0.303944, 0.432119, -0.498587, 0.260586, 0.286126]
[0.412765, 0.158406, -0.498706, 0.238015, 0.064289]
[0.601856, 0.393239, -0.498796, 0.490707, 0.399936]
[0.411032, 0.305449, -0.499928, 0.259735, 0.042788]
[0.623707, 0.280724, -0.499486, 0.375037, 0.094315]
[0.302086, 0.431558, -0.498533, 0.472335, 0.022763]
[0.665432, 0.323199, -0.499454, 0.426153, 0.190041]
[0.489794, 0.170729, -0.498729, 0.381252, 0.358831]
[0.316341, 0.486266, -0.499486, 0.488797, 0.331661]
[0.443758, 0.333821, -0.498897, 0.441713, 0.217694]
[0.39031, 0.412154, -0.498846, 0.432257, 0.126266]
[0.321263, 0.144338, -0.499709, 0.360147, 0.273208]
[0.39634, 0.466602, -0.49888, 0.48361, 0.392075]
[0.623563, 0.144901, -0.49985, 0.261038, 0.258165]
[0.53699, 0.425695, -0.499548, 0.399982, 0.312144]
[0.556526, 0.393192, -0.498727, 0.465086, 0.163597]
[0.363367, 0.299899, -0.499953, 0.480412, 0.051866]
[0.463239, 0.125447, -0.499177, 0.456367, 0.414357]
[0.27362, 0.204674, -0.498908, 0.405764, 0.004439]
[0.56237, 0.260629, -0.499217, 0.481237, 0.499244]
[0.376576, 0.466797, -0.498567, 0.232889, 0.498516]
[0.493344, 0.13299, -0.498438, 0.416661, 0.452266]
[0.629358, 0.437683, -0.499457, 0.328721, 0.11025]
[0.509471, 0.324411, -0.499396, 0.401231, 0.027355]
[0.287444, 0.404771, -0.499042, 0.365717, 0.128527]
[0.615156, 0.18824, -0.49877, 0.354555, 0.201526]
[0.605844, 0.445453, -0.499422, 0.234847, 0.199943]
[0.529881, 0.277773, -0.498455, 0.373345, 0.272555]
[0.324318, 0.471742, -0.499378, 0.322374, 0.298196]
[0.483444, 0.144947, -0.49935, 0.457436, 0.275963]
[0.416177, 0.437688, -0.499698, 0.495845, 0.106047]
[0.670203, 0.312351, -0.49879, 0.423625, 0.499601]
[0.430588, 0.463816, -0.499138, 0.482297, 0.195722]
[0.288913, 0.367426, -0.499638, 0.461096, 0.347155]
[0.461031, 0.170125, -0.49868, 0.303614, 0.166135]
[0.385334, 0.483794, -0.499731, 0.443037, 0.000314]
[0.359303, 0.403852, -0.499708, 0.498764, 0.280115]
[0.661545, 0.296942, -0.498481, 0.336414, 0.032524]
[0.466067, 0.330838, -0.499607, 0.228172, 0.143054]
[0.43689, 0.442148, -0.49891, 0.423365, 0.068116]
[0.396522, 0.358669, -0.499855, 0.235866, 0.110448]
[0.508574, 0.47289, -0.499807, 0.384123, 0.36994]
[0.638812, 0.130614, -0.499382, 0.380644, 0.495274]
[0.371231, 0.215953, -0.499668, 0.349748, 0.337062]
[0.454808, 0.160911, -0.499396, 0.466289, 0.262335]
[0.535347, 0.190597, -0.499116, 0.457467, 0.20498]
[0.401203, 0.496662, -0.498763, 0.497717, 0.290867]
[0.37497, 0.456264, -0.499309, 0.290954, 0.355392]
[0.527006, 0.112594, -0.498499, 0.494625, 0.365151]
[0.46899, 0.345845, -0.498596, 0.368385, 0.398546]
[0.47155, 0.193794, -0.498735, 0.388737, 0.315522]
[0.295844, 0.140122, -0.499538, 0.318107, 0.073681]
[0.38435, 0.444993, -0.499135, 0.340378, 0.375529]
[0.533022, 0.383051, -0.499994, 0.45409, 0.364429]
[0.298962, 0.322591, -0.499519, 0.350898, 0.456923]
[0.56663, 0.421376, -0.49909, 0.413382, 0.36969]
[0.269955, 0.338746, -0.498867, 0.415897, 0.235617]
[0.63276, 0.389853, -0.499096, 0.463119, 0.395856]
[0.370809, 0.219131, -0.499456, 0.292556, 0.063534]
[0.53151, 0.473058, -0.498462, 0.467226, 0.312371]
[0.344301, 0.254818, -0.499809, 0.390552, 0.26988]
[0.657932, 0.447683, -0.498893, 0.41513, 0.41445]
[0.557385, 0.449609, -0.498589, 0.366615, 0.493129]
[0.431835, 0.203359, -0.499626, 0.267065, 0.007088]
[0.360871, 0.381507, -0.499723, 0.365994, 0.21525]
[0.670722, 0.189594, -0.498525, 0.499602, 0.099695]
[0.511876, 0.451696, -0.499234, 0.362565, 0.192262]
[0.310165, 0.451425, -0.499875, 0.378734, 0.144895]
[0.678732, 0.357068, -0.498446, 0.266413, 0.385156]
[0.447682, 0.172855, -0.498849, 0.341442, 0.091065]
[0.3061, 0.472698, -0.498723, 0.445615, 0.446603]
[0.669038, 0.372028, -0.499717, 0.387045, 0.193843]
[0.657164, 0.410898, -0.498503, 0.357699, 0.387619]
[0.526434, 0.360795, -0.498948, 0.450008, 0.196627]
[0.51502, 0.358226, -0.499012, 0.438761, 0.493142]
[0.534064, 0.346382, -0.49958, 0.37235, 0.396588]
[0.27578, 0.386366, -0.4985, 0.227493, 0.031638]
[0.418582, 0.325797, -0.49995, 0.244949, 0.359394]
[0.578535, 0.450441, -0.499905, 0.344657, 0.199259]
[0.604808, 0.496825, -0.499448, 0.375411, 0.136597]
[0.641067, 0.225711, -0.499509, 0.469668, 0.446044]
[0.401894, 0.429173, -0.498695, 0.277061, 0.092804]
[0.567879, 0.437809, -0.498438, 0.435366, 0.111578]
[0.342885, 0.480356, -0.498799, 0.29341, 0.269221]
[0.384204, 0.220366, -0.499274, 0.294643, 0.44069]
[0.666773, 0.490882, -0.498427, 0.452243, 0.283639]
[0.428782, 0.35424, -0.499743, 0.491187, 0.377566]
[0.587945, 0.241259, -0.499361, 0.364497, 0.477486]
[0.613529, 0.483275, -0.498625, 0.436305, 0.113195]
[0.613588, 0.178549, -0.499985, 0.331285, 0.319831]
[0.638056, 0.418787, -0.499594, 0.246659, 0.164268]
[0.422946, 0.213771, -0.499964, 0.269321, 0.095769]
[0.51393, 0.136218, -0.498684, 0.494173, 0.033415]
[0.31815, 0.196333, -0.49971, 0.422524, 0.388916]
[0.28183, 0.253725, -0.499868, 0.338864, 0.339487]
[0.414495, 0.286159, -0.499649, 0.349569, 0.209907]
[0.269197, 0.248533, -0.498418, 0.250287, 0.269116]
[0.618893, 0.349027, -0.498579, 0.347881, 0.314112]
[0.509311, 0.174537, -0.498435, 0.457121, 0.117129]
[0.343322, 0.335572, -0.498737, 0.432341, 0.227222]
[0.507178, 0.313966, -0.498817, 0.40817, 0.124714]
[0.376906, 0.389382, -0.498796, 0.340702, 0.241198]
[0.289864, 0.206352, -0.498694, 0.400241, 0.158273]
[0.455696, 0.217378, -0.498998, 0.420903, 0.397635]
[0.453948, 0.306311, -0.499209, 0.337079, 0.455278]
[0.664365, 0.245921, -0.498887, 0.424489, 0.418676]
[0.44375, 0.381328, -0.498636, 0.357965, 0.381686]
[0.511993, 0.11389, -0.498471, 0.362468, 0.219463]
[0.450902, 0.145657, -0.49881, 0.368666, 0.157139]
[0.634901, 0.276056, -0.499333, 0.442985, 0.321089]
[0.365773, 0.446532, -0.498683, 0.408468, 0.467844]
[0.54477, 0.427835, -0.499704, 0.359163, 0.483531]
[0.401409, 0.359508, -0.499908, 0.26945, 0.198313]
[0.321408, 0.300404, -0.498687, 0.482576, 0.257727]
[0.333551, 0.221026, -0.498879, 0.345776, 0.251022]
[0.537946, 0.41953, -0.49891, 0.347989, 0.232933]
[0.515663, 0.225584, -0.499828, 0.365134, 0.183011]
[0.319681, 0.257671, -0.499649, 0.421398, 0.40937]
[0.507236, 0.227744, -0.498631, 0.27811, 0.30248]
[0.418, 0.246426, -0.499874, 0.477868, 0.039595]
[0.551031, 0.297782, -0.498734, 0.381574, 0.299005]
[0.453476, 0.112668, -0.499277, 0.470198, 0.249085]
[0.589562, 0.112721, -0.499541, 0.422018, 0.416634]
[0.395912, 0.321054, -0.498887, 0.294133, 0.461825]
[0.388591, 0.352435, -0.498798, 0.361405, 0.206044]
[0.607085, 0.251452, -0.499826, 0.394065, 0.204161]
[0.679815, 0.236784, -0.49927, 0.294706, 0.440713]
[0.415608, 0.371665, -0.498872, 0.394114, 0.229028]
[0.443931, 0.248631, -0.499326, 0.495567, 0.009857]
[0.444877, 0.232914, -0.498672, 0.358934, 0.493008]
[0.640483, 0.202765, -0.498998, 0.266376, 0.093429]
[0.271412, 0.451377, -0.499987, 0.23826, 0.096621]
[0.369361, 0.164256, -0.499032, 0.498253, 0.250445]
[0.270411, 0.308175, -0.49981, 0.465491, 0.254673]
[0.297675, 0.494244, -0.49965, 0.316947, 0.09322]
[0.495311, 0.486398, -0.498432, 0.335403, 0.390007]
[0.567422, 0.467697, -0.49843, 0.380876, 0.498555]
[0.558912, 0.40603, -0.498481, 0.259801, 0.222448]
[0.637442, 0.224589, -0.499607, 0.297609, 0.097278]
[0.417165, 0.4244, -0.498832, 0.282016, 0.142321]
[0.544193, 0.377042, -0.49846, 0.463202, 0.143448]
[0.532689, 0.453241, -0.498725, 0.495619, 0.407439]
[0.363951, 0.431847, -0.499468, 0.334808, 0.223858]
[0.284201, 0.435577, -0.498539, 0.400744, 0.386662]
[0.324738, 0.138319, -0.499306, 0.41883, 0.310309]
[0.539005, 0.402128, -0.498992, 0.476192, 0.349568]
[0.313857, 0.274614, -0.499492, 0.351588, 0.432971]
[0.639357, 0.319911, -0.499575, 0.27685, 0.201933]
[0.327653, 0.279213, -0.498458, 0.419457, 0.214428]
[0.490984, 0.23577, -0.499461, 0.285217, 0.414163]
[0.474748, 0.307741, -0.498468, 0.354374, 0.133736]
[0.550772, 0.446703, -0.499951, 0.273594, 0.467897]
[0.520153, 0.278364, -0.499764, 0.232974, 0.34341]
[0.436231, 0.115518, -0.498968, 0.374037, 0.372164]
[0.417374, 0.209601, -0.499419, 0.32647, 0.377231]
[0.633059, 0.199115, -0.499079, 0.424581, 0.153327]
[0.500717, 0.381499, -0.498927, 0.23964, 0.268167]
[0.395455, 0.337069, -0.499121, 0.410165, 0.023611]
[0.46897, 0.239522, -0.498496, 0.35758, 0.142126]
[0.541461, 0.199346, -0.499077, 0.294745, 0.490698]
[0.566959, 0.235013, -0.499021, 0.240645, 0.195094]
[0.423074, 0.367796, -0.499489, 0.469884, 0.37837]
[0.276754, 0.12781, -0.49936, 0.38686, 0.243117]
[0.447051, 0.376306, -0.498429, 0.267257, 0.03685]
[0.307722, 0.200429, -0.499353, 0.450217, 0.34828]
[0.656246, 0.154831, -0.499899, 0.392462, 0.123711]
[0.575962, 0.41332, -0.499884, 0.258152, 0.427023]
[0.598667, 0.181452, -0.499962, 0.427944, 0.370925]
[0.462869, 0.454284, -0.498553, 0.271369, 0.326823]
[0.532424, 0.360845, -0.498434, 0.387488, 0.447809]
[0.33821, 0.389402, -0.498671, 0.247732, 0.039601]
[0.359069, 0.147685, -0.499152, 0.320454, 0.387117]
[0.433171, 0.172509, -0.499144, 0.37698, 0.030946]
[0.380513, 0.149755, -0.498863, 0.375426, 0.253404]
[0.623569, 0.436518, -0.499939, 0.353084, 0.44607]
[0.28958, 0.459192, -0.499701, 0.325434, 0.059641]
[0.655529, 0.49201, -0.498477, 0.235291, 0.35303]
[0.654983, 0.30259, -0.498498, 0.351274, 0.294845]
[0.654652, 0.469321, -0.498634, 0.352599, 0.047136]
[0.576053, 0.420313, -0.499172, 0.273765, 0.001466]
[0.41155, 0.498534, -0.499799, 0.279398, 0.086952]
[0.385043, 0.342154, -0.498949, 0.292048, 0.114625]
[0.512342, 0.265996, -0.499218, 0.322333, 0.424739]
[0.428413, 0.22439, -0.499594, 0.427118, 0.230075]
[0.399706, 0.285367, -0.499141, 0.497379, 0.413759]
[0.343765, 0.146772, -0.499922, 0.326944, 0.266871]
[0.672462, 0.146641, -0.498493, 0.49195, 0.413937]
[0.407054, 0.268813, -0.498745, 0.295491, 0.31797]
[0.285551, 0.265687, -0.499036, 0.440025, 0.373288]
[0.313437, 0.345602, -0.499344, 0.251137, 0.019511]
[0.433204, 0.271536, -0.499052, 0.476483, 0.405175]
[0.457462, 0.283333, -0.499834, 0.287876, 0.087047]
[0.612553, 0.158279, -0.499964, 0.482581, 0.168849]
[0.644685, 0.300264, -0.498745, 0.428689, 0.01541]
[0.461083, 0.477825, -0.499449, 0.353407, 0.066167]
[0.369285, 0.475465, -0.49944, 0.464246, 0.027443]
[0.405992, 0.218387, -0.49898, 0.239238, 0.489412]
[0.447755, 0.167128, -0.49978, 0.480176, 0.103023]
[0.388052, 0.254952, -0.499868, 0.298884, 0.000296]
[0.460964, 0.314024, -0.498897, 0.40312, 0.228695]
[0.39708, 0.363209, -0.498972, 0.294415, 0.156691]
[0.587316, 0.305177, -0.499719, 0.320797, 0.465142]
[0.50619, 0.256441, -0.498493, 0.321493, 0.373864]
[0.409536, 0.316684, -0.498909, 0.233327, 0.298337]
[0.558569, 0.150117, -0.499339, 0.345733, 0.056774]
[0.538448, 0.197367, -0.499655, 0.482803, 0.207051]
[0.524777, 0.388155, -0.499209, 0.343659, 0.227892]
[0.330613, 0.412832, -0.499743, 0.475965, 0.049922]
[0.457009, 0.48417, -0.499249, 0.38159, 0.157126]
[0.54929, 0.180823, -0.498666, 0.255593, 0.168218]
[0.535997, 0.174594, -0.499898, 0.484087, 0.257518]
[0.269393, 0.275787, -0.499071, 0.233198, 0.045756]
[0.55802, 0.132742, -0.498617, 0.403049, 0.031959]
[0.361041, 0.342334, -0.499026, 0.435462, 0.211665]
[0.395009, 0.282229, -0.498542, 0.393058, 0.244671]
[0.414414, 0.178525, -0.499245, 0.405912, 0.458996]
[0.553985, 0.451138, -0.498822, 0.438652, 0.081765]
[0.641544, 0.457346, -0.498743, 0.282906, 0.255198]
[0.676353, 0.466832, -0.499771, 0.366639, 0.367326]
[0.288162, 0.132009, -0.499121, 0.379612, 0.056153]
[0.673834, 0.405612, -0.498655, 0.454806, 0.07129]
[0.628523, 0.204013, -0.498683, 0.244045, 0.1296]
[0.659394, 0.432577, -0.499533, 0.499422, 0.123772]
[0.604326, 0.428455, -0.499658, 0.487497, 0.462762]
[0.570059, 0.301209, -0.499119, 0.480065, 0.39387]
[0.672984, 0.228172, -0.498529, 0.316324, 0.298887]
[0.510163, 0.322517, -0.499182, 0.293742, 0.362724]
[0.616279, 0.435225, -0.49987, 0.350999, 0.448093]
[0.399549, 0.216679, -0.499164, 0.384873, 0.311001]
[0.603779, 0.259184, -0.499231, 0.380281, 0.093506]
[0.494458, 0.346462, -0.499336, 0.360063, 0.098578]
[0.335855, 0.111836, -0.498989, 0.447303, 0.293292]
[0.3667, 0.361235, -0.498895, 0.456762, 0.239417]
[0.382319, 0.331894, -0.498733, 0.401051, 0.33843]
[0.322622, 0.425533, -0.499223, 0.276776, 0.475626]
[0.624996, 0.435837, -0.499077, 0.337214, 0.410832]
[0.469958, 0.166735, -0.499406, 0.251659, 0.294971]
[0.63445, 0.231777, -0.499475, 0.471153, 0.337758]
[0.670239, 0.247638, -0.498761, 0.242521, 0.391565]
[0.442542, 0.129843, -0.499233, 0.255157, 0.326149]
[0.312407, 0.213458, -0.498604, 0.283244, 0.223421]
[0.670594, 0.17728, -0.499343, 0.304289, 0.229795]
[0.650413, 0.137528, -0.499373, 0.245248, 0.315022]
[0.285114, 0.399423, -0.499564, 0.456336, 0.370642]
[0.628339, 0.1174, -0.499832, 0.471506, 0.005372]
[0.377532, 0.333002, -0.498478, 0.314076, 0.488052]
[0.405094, 0.126757, -0.498773, 0.369074, 0.121536]
[0.658237, 0.489867, -0.499032, 0.48057, 0.499684]
[0.551632, 0.372634, -0.499243, 0.45255, 0.414999]
[0.363627, 0.378664, -0.499334, 0.436453, 0.150005]
[0.428733, 0.442997, -0.499001, 0.260419, 0.485742]
[0.600305, 0.391583, -0.499403, 0.376595, 0.406828]
[0.542104, 0.160604, -0.498723, 0.370596, 0.348645]
[0.324866, 0.364533, -0.498963, 0.436799, 0.034016]
[0.342691, 0.430058, -0.499258, 0.351497, 0.148551]
[0.401176, 0.360086, -0.499069, 0.427615, 0.054578]
[0.46608, 0.187404, -0.49908, 0.28538, 0.457928]
[0.460869, 0.268262, -0.499739, 0.443186, 0.314999]
[0.542523, 0.383865, -0.49936, 0.281333, 0.039993]
[0.498788, 0.210327, -0.499604, 0.316826, 0.146233]
[0.33605, 0.32238, -0.49969, 0.428012, 0.288133]
[0.41024, 0.379058, -0.499607, 0.357603, 0.422517]
[0.636882, 0.460805, -0.499398, 0.287512, 0.433824]
[0.377773, 0.373979, -0.499467, 0.272584, 0.465686]
[0.432378, 0.117055, -0.498938, 0.277085, 0.372672]
[0.333107, 0.124371, -0.499566, 0.379961, 0.228631]
[0.361151, 0.41717, -0.499297, 0.336117, 0.154147]
[0.501503, 0.279447, -0.499289, 0.457794, 0.267349]
[0.588312, 0.125858, -0.499223, 0.472868, 0.13056]
[0.441316, 0.290045, -0.49875, 0.270761, 0.483514]
[0.389307, 0.255771, -0.498597, 0.410123, 0.03023]
[0.283086, 0.279458, -0.499038, 0.23138, 0.115284]
[0.528343, 0.242134, -0.499706, 0.229679, 0.081408]
[0.308801, 0.354135, -0.499138, 0.316587, 0.442116]
[0.585853, 0.332003, -0.498633, 0.365712, 0.012953]
[0.639679, 0.145488, -0.498932, 0.357255, 0.310972]
[0.511838, 0.124679, -0.498508, 0.484693, 0.101663]
[0.279261, 0.373547, -0.498744, 0.402696, 0.304012]
[0.484978, 0.173601, -0.499641, 0.485939, 0.181281]
[0.356226, 0.37463, -0.498887, 0.305456, 0.136965]
[0.26905, 0.116639, -0.499146, 0.484647, 0.414227]
[0.657227, 0.494891, -0.499925, 0.337612, 0.410559]
[0.569863, 0.373464, -0.499845, 0.233149, 0.167972]
[0.601446, 0.154012, -0.499938, 0.289875, 0.437937]
[0.568268, 0.496025, -0.499601, 0.456592, 0.071419]
[0.383522, 0.179583, -0.499005, 0.277554, 0.498211]
[0.336741, 0.395339, -0.499977, 0.454417, 0.028386]
[0.544597, 0.431374, -0.498831, 0.281389, 0.129915]
[0.631745, 0.179361, -0.499842, 0.27014, 0.394347]
[0.330892, 0.402695, -0.499462, 0.293399, 0.397791]
[0.586576, 0.150868, -0.499634, 0.379186, 0.158498]
[0.374495, 0.182786, -0.499564, 0.241911, 0.071918]
[0.376419, 0.466244, -0.49949, 0.304442, 0.291208]
[0.523557, 0.135206, -0.499849, 0.276026, 0.302124]
[0.636621, 0.39877, -0.498908, 0.237993, 0.318143]
[0.60021, 0.379123, -0.499913, 0.499213, 0.227935]
[0.484855, 0.432677, -0.499371, 0.263187, 0.496207]
[0.326132, 0.146734, -0.498601, 0.470498, 0.230901]
[0.417447, 0.219189, -0.499135, 0.244465, 0.449288]
[0.625413, 0.318872, -0.49898, 0.305567, 0.013383]
[0.320949, 0.337562, -0.498564, 0.36727, 0.078461]
[0.575857, 0.473194, -0.499227, 0.39741, 0.22731]
[0.30773, 0.175735, -0.499666, 0.46376, 0.180571]
[0.5065, 0.445364, -0.498706, 0.386985, 0.44269]
[0.57849, 0.258329, -0.499569, 0.230218, 0.425594]
[0.600289, 0.418853, -0.498482, 0.240555, 0.461833]
[0.446895, 0.20765, -0.498744, 0.270843, 0.320491]
[0.648216, 0.253686, -0.499561, 0.416488, 0.110548]
[0.643036, 0.345592, -0.499381, 0.327545, 0.126093]
[0.316785, 0.174717, -0.498885, 0.250088, 0.419026]
[0.417248, 0.194451, -0.498611, 0.364631, 0.083156]
[0.426811, 0.238062, -0.499349, 0.335262, 0.403642]
[0.676211, 0.405498, -0.499803, 0.470586, 0.123411]
[0.327487, 0.215761, -0.499645, 0.462475, 0.100522]
[0.604727, 0.411337, -0.499088, 0.295358, 0.413697]
[0.501387, 0.164881, -0.498971, 0.35912, 0.331916]
[0.483948, 0.302943, -0.499002, 0.257453, 0.228575]
[0.604966, 0.493454, -0.499341, 0.378637, 0.446484]
[0.313457, 0.376628, -0.498886, 0.287931, 0.462892]
[0.497376, 0.383911, -0.499861, 0.319044, 0.230096]
[0.614236, 0.167035, -0.49941, 0.37247, 0.214733]
[0.29462, 0.329776, -0.499939, 0.376865, 0.152139]
[0.492752, 0.14926, -0.499351, 0.316774, 0.178109]
[0.458217, 0.177099, -0.499936, 0.427569, 0.189312]
[0.437314, 0.44465, -0.499672, 0.435353, 0.338726]
[0.608457, 0.366164, -0.499707, 0.481773, 0.076394]
[0.673009, 0.147871, -0.499863, 0.407452, 0.086664]
[0.534899, 0.300093, -0.499197, 0.299977, 0.357121]
[0.476574, 0.494609, -0.498705, 0.372449, 0.319068]
[0.269836, 0.473423, -0.498486, 0.40612, 0.034106]
[0.369697, 0.263822, -0.498938, 0.41847, 0.168174]
[0.545069, 0.205771, -0.499732, 0.408613, 0.139438]
[0.536453, 0.2164, -0.499645, 0.242916, 0.219406]
[0.320896, 0.167082, -0.499983, 0.431266, 0.417253]
[0.654149, 0.268308, -0.498964, 0.432811, 0.234658]
[0.328026, 0.186958, -0.499987, 0.448165, 0.37157]
[0.415139, 0.170107, -0.498838, 0.483527, 0.134283]
[0.676749, 0.388643, -0.499427, 0.313482, 0.026898]
[0.511495, 0.164529, -0.498603, 0.429586, 0.371694]
[0.366035, 0.122016, -0.499277, 0.228712, 0.329538]
[0.535953, 0.457661, -0.499647, 0.261322, 0.30096]
[0.396743, 0.277715, -0.498539, 0.310116, 0.232034]
[0.355224, 0.405335, -0.498509, 0.239015, 0.339747]
[0.652265, 0.436544, -0.499065, 0.492656, 0.380043]
[0.335986, 0.223318, -0.499203, 0.37811, 0.379447]
[0.469782, 0.436049, -0.499786, 0.354898, 0.311935]
[0.508195, 0.158137, -0.499194, 0.420842, 0.106224]
[0.603514, 0.136995, -0.498783, 0.446629, 0.174452]
[0.501442, 0.21629, -0.499713, 0.394513, 0.407246]
[0.665624, 0.389514, -0.498853, 0.474006, 0.188686]
[0.351356, 0.275227, -0.499358, 0.430915, 0.301403]
[0.429312, 0.297554, -0.49872, 0.384532, 0.327697]
[0.338281, 0.287489, -0.499927, 0.499558, 0.191577]
[0.670848, 0.278381, -0.499008, 0.325589, 0.180633]
[0.676852, 0.475627, -0.498952, 0.322456, 0.303431]
[0.554456, 0.320891, -0.499025, 0.486172, 0.056235]
[0.636071, 0.335885, -0.498656, 0.430288, 0.159449]
[0.437098, 0.381925, -0.499295, 0.419677, 0.325681]
[0.548433, 0.250859, -0.498863, 0.380274, 0.027712]
[0.518919, 0.401291, -0.498663, 0.454011, 0.167611]
[0.351541, 0.201137, -0.499643, 0.292112, 0.205442]
[0.608979, 0.353881, -0.499838, 0.316157, 0.112478]
[0.294577, 0.183895, -0.498497, 0.350581, 0.301616]
[0.356281, 0.246891, -0.499632, 0.344197, 0.29578]
[0.417893, 0.371753, -0.498579, 0.291319, 0.286784]
[0.59645, 0.361457, -0.498684, 0.373497, 0.379967]
[0.667606, 0.307504, -0.498696, 0.303137, 0.236455]
[0.446689, 0.345603, -0.499759, 0.457836, 0.09745]
[0.280651, 0.114663, -0.499785, 0.438563, 0.357843]
[0.518384, 0.349196, -0.499936, 0.259386, 0.466237]
[0.512815, 0.24564, -0.499968, 0.374486, 0.348893]
[0.439561, 0.288945, -0.499142, 0.398042, 0.077957]
[0.327347, 0.188973, -0.499896, 0.354376, 0.091763]
[0.418957, 0.386892, -0.499358, 0.406438, 0.499958]
[0.464723, 0.175555, -0.49959, 0.311332, 0.412455]
[0.384596, 0.236422, -0.49943, 0.276011, 0.229653]
[0.449512, 0.341938, -0.499233, 0.416371, 0.236984]
[0.382589, 0.201296, -0.499933, 0.292318, 0.347638]
[0.423144, 0.304577, -0.499556, 0.411493, 0.3497]
[0.676266, 0.338893, -0.49907, 0.432579, 0.207444]
[0.499678, 0.12924, -0.499734, 0.442914, 0.207371]
[0.364433, 0.430724, -0.499279, 0.466536, 0.355068]
[0.421288, 0.466713, -0.499742, 0.237443, 0.398362]
[0.636081, 0.180662, -0.499248, 0.415676, 0.178973]
[0.623273, 0.245636, -0.499972, 0.324873, 0.416197]
[0.269606, 0.434284, -0.499751, 0.391202, 0.173616]
[0.597253, 0.181859, -0.499437, 0.433322, 0.31425]
[0.659448, 0.227426, -0.498587, 0.479046, 0.246816]
[0.357755, 0.422239, -0.499753, 0.456197, 0.388525]
[0.465038, 0.487709, -0.499132, 0.386366, 0.091274]
[0.519896, 0.415897, -0.49942, 0.243736, 0.35518]
[0.458144, 0.40084, -0.499783, 0.302446, 0.39848]
[0.52129, 0.31427, -0.498693, 0.467993, 0.45765]
[0.427082, 0.238458, -0.498515, 0.42712, 0.336282]
[0.365273, 0.271223, -0.498589, 0.348806, 0.213241]
[0.355345, 0.33911, -0.499172, 0.232311, 0.35896]
[0.345288, 0.193969, -0.499337, 0.361219, 0.305476]
[0.415959, 0.225379, -0.499387, 0.450213, 0.205507]
[0.524156, 0.114416, -0.498828, 0.363599, 0.483548]
[0.439716, 0.332307, -0.498734, 0.419928, 0.098887]
[0.388006, 0.229821, -0.498652, 0.431308, 0.126784]
[0.308171, 0.137443, -0.499847, 0.26219, 0.210609]
[0.295268, 0.473655, -0.499777, 0.253832, 0.130932]
[0.375968, 0.282769, -0.498528, 0.308795, 0.285818]
[0.468681, 0.126123, -0.49846, 0.484047, 0.247939]
[0.566967, 0.254634, -0.498726, 0.333478, 0.416398]
[0.54899, 0.49004, -0.499978, 0.295217, 0.045237]
[0.537293, 0.165185, -0.499858, 0.472791, 0.040623]
[0.308772, 0.336526, -0.499852, 0.442034, 0.435884]
[0.607364, 0.32506, -0.498781, 0.248124, 0.227935]
[0.531713, 0.265112, -0.499539, 0.460581, 0.448909]
[0.398132, 0.245657, -0.499078, 0.375267, 0.370642]
[0.546778, 0.195774, -0.499396, 0.234221, 0.188199]
[0.380464, 0.120086, -0.499518, 0.26197, 0.386585]
[0.389449, 0.291534, -0.498927, 0.441995, 0.436383]
[0.658481, 0.159995, -0.499363, 0.256314, 0.269924]
[0.551796, 0.125744, -0.49944, 0.299842, 0.177692]
[0.486456, 0.452849, -0.498541, 0.451736, 0.268619]
[0.441911, 0.296853, -0.498698, 0.384194, 0.195349]
[0.636347, 0.450042, -0.499375, 0.291648, 0.309848]
[0.340044, 0.149743, -0.499237, 0.483986, 0.494824]
[0.350159, 0.488043, -0.49963, 0.455849, 0.052019]
[0.285116, 0.347291, -0.498916, 0.449289, 0.34018]
[0.343076, 0.482099, -0.499934, 0.450829, 0.323419]
[0.279242, 0.27488, -0.49876, 0.439679, 0.305124]
[0.470534, 0.159148, -0.498542, 0.432614, 0.441579]
[0.497813, 0.414715, -0.49912, 0.291645, 0.353833]
[0.599782, 0.357005, -0.498981, 0.324881, 0.232406]
[0.645997, 0.313141, -0.498658, 0.410337, 0.144411]
[0.344435, 0.302168, -0.499687, 0.435889, 0.244838]
[0.272694, 0.219279, -0.499783, 0.324329, 0.422782]
[0.490498, 0.213769, -0.499843, 0.493338, 0.051159]
[0.599542, 0.320384, -0.498901, 0.335327, 0.214193]
[0.600863, 0.119628, -0.498453, 0.274988, 0.248324]
[0.493368, 0.219976, -0.498467, 0.445127, 0.047815]
[0.476148, 0.296974, -0.499995, 0.483175, 0.274456]
[0.58106, 0.242615, -0.499827, 0.418916, 0.222679]
[0.370548, 0.237841, -0.498646, 0.384659, 0.41049]
[0.299713, 0.181753, -0.499279, 0.298234, 0.125914]
[0.270845, 0.194205, -0.499606, 0.273224, 0.156754]
[0.672372, 0.317149, -0.499295, 0.24925, 0.247464]
[0.640807, 0.360926, -0.499926, 0.332661, 0.167021]
[0.556257, 0.161992, -0.499685, 0.382423, 0.255525]
[0.673255, 0.393956, -0.498884, 0.235236, 0.479225]
[0.474632, 0.380245, -0.499358, 0.416377, 0.07593]
[0.464639, 0.263476, -0.498864, 0.30456, 0.194029]
[0.447599, 0.485082, -0.498993, 0.494101, 0.402533]
[0.650055, 0.240436, -0.49891, 0.244033, 0.469717]
[0.639659, 0.336186, -0.49978, 0.335517, 0.216781]
[0.305136, 0.120481, -0.499282, 0.455842, 0.295289]
[0.408726, 0.348064, -0.498723, 0.388491, 0.343932]
[0.436112, 0.336535, -0.499717, 0.339025, 0.291274]
[0.320486, 0.425761, -0.499536, 0.376277, 0.127119]
[0.276328, 0.116615, -0.499181, 0.495184, 0.156258]
[0.469656, 0.289792, -0.499352, 0.422411, 0.301061]
[0.481284, 0.183444, -0.499429, 0.355416, 0.330864]
[0.411623, 0.293059, -0.49967, 0.382411, 0.181525]
[0.606044, 0.331087, -0.499996, 0.4239, 0.255341]
[0.392125, 0.137607, -0.499565, 0.404843, 0.182911]
[0.471924, 0.216718, -0.49978, 0.477151, 0.295467]
[0.559476, 0.121995, -0.499125, 0.304609, 0.02936]
[0.633209, 0.262372, -0.499218, 0.405787, 0.26531]
[0.348992, 0.116604, -0.498645, 0.354479, 0.004414]
[0.293979, 0.471674, -0.499324, 0.271181, 0.191411]
[0.486783, 0.370336, -0.499507, 0.466111, 0.123478]
[0.463178, 0.141321, -0.498805, 0.22924, 0.077364]
[0.648727, 0.255347, -0.499285, 0.470772, 0.238694]
[0.637431, 0.119682, -0.499873, 0.482248, 0.084506]
[0.370668, 0.187746, -0.499161, 0.274142, 0.304935]
[0.514616, 0.172965, -0.499764, 0.334028, 0.215918]
[0.508842, 0.356661, -0.499919, 0.313487, 0.300138]
[0.53866, 0.494036, -0.499593, 0.443312, 0.171551]
[0.636666, 0.485594, -0.498918, 0.355614, 0.281384]
[0.590873, 0.403905, -0.499627, 0.305374, 0.126455]
[0.273099, 0.155306, -0.498982, 0.331209, 0.060096]
[0.463092, 0.296253, -0.498967, 0.349687, 0.4265]
[0.458613, 0.131864, -0.499724, 0.264932, 0.474109]
[0.628583, 0.157022, -0.499346, 0.2679, 0.1377]
[0.379766, 0.321879, -0.498909, 0.23576, 0.327672]
[0.444095, 0.19949, -0.498636, 0.488007, 0.311101]
[0.376161, 0.385139, -0.499281, 0.29232, 0.400418]
[0.440344, 0.208817, -0.498648, 0.328226, 0.018223]
[0.317559, 0.413224, -0.49879, 0.252141, 0.362553]
[0.531816, 0.112787, -0.499927, 0.346772, 0.368131]
[0.515204, 0.474434, -0.499091, 0.341012, 0.011659]
[0.537506, 0.48614, -0.49842, 0.446693, 0.440093]
[0.318854, 0.123391, -0.498518, 0.274621, 0.17945]
[0.319584, 0.239252, -0.499518, 0.341466, 0.088965]
[0.337015, 0.285436, -0.499642, 0.471059, 0.128494]
[0.472165, 0.262705, -0.499411, 0.407633, 0.165659]
[0.658871, 0.208304, -0.498764, 0.330955, 0.359237]
[0.401118, 0.195814, -0.49991, 0.468266, 0.245626]
[0.445024, 0.197874, -0.499372, 0.418562, 0.241883]
[0.40258, 0.149216, -0.498427, 0.330157, 0.014871]
[0.650174, 0.118867, -0.499844, 0.30814, 0.49217]
[0.551435, 0.436754, -0.498797, 0.250482, 0.221125]
[0.438539, 0.134875, -0.499383, 0.448945, 0.152761]
[0.478367, 0.469268, -0.499039, 0.230107, 0.397608]
[0.558421, 0.197506, -0.499518, 0.309751, 0.496637]
[0.60586, 0.248167, -0.499499, 0.396896, 0.26241]
[0.453631, 0.18697, -0.498514, 0.344596, 0.262374]
[0.483927, 0.469977, -0.499523, 0.283099, 0.257896]
[0.655144, 0.353773, -0.49851, 0.433044, 0.326475]
[0.385457, 0.226147, -0.499953, 0.491075, 0.001399]
[0.431764, 0.327748, -0.499386, 0.353306, 0.246529]
[0.504611, 0.306357, -0.498672, 0.401766, 0.063414]
[0.270547, 0.250818, -0.498534, 0.425321, 0.213802]
[0.396975, 0.410043, -0.49898, 0.333901, 0.389824]
[0.283857, 0.225675, -0.499492, 0.366993, 0.369958]
[0.376355, 0.154587, -0.499864, 0.338422, 0.485209]
[0.446311, 0.439996, -0.499843, 0.368422, 0.01944]
[0.655171, 0.191961, -0.499014, 0.237843, 0.070619]
[0.402603, 0.267725, -0.499328, 0.294913, 0.021472]
[0.274943, 0.189554, -0.499985, 0.254178, 0.062831]
[0.343782, 0.178859, -0.498573, 0.447692, 0.112015]
[0.28223, 0.225309, -0.498509, 0.456471, 0.333588]
[0.513965, 0.270457, -0.498421, 0.342562, 0.073197]
[0.643591, 0.455245, -0.499624, 0.30439, 0.000325]
[0.356049, 0.120182, -0.499084, 0.310484, 0.401531]
[0.679246, 0.425344, -0.499158, 0.34176, 0.092007]
[0.519558, 0.413032, -0.499397, 0.361452, 0.355256]
[0.321645, 0.360897, -0.499838, 0.252318, 0.318634]
[0.326359, 0.302672, -0.498738, 0.39121, 0.364327]
[0.671646, 0.489616, -0.498519, 0.346536, 0.307668]
[0.55385, 0.253366, -0.499853, 0.432425, 0.036531]
[0.284455, 0.477097, -0.498949, 0.384494, 0.373601]
[0.517985, 0.328611, -0.49859, 0.447735, 0.109853]
[0.51114, 0.40595, -0.4993, 0.33994, 0.471902]
[0.549208, 0.249939, -0.49875, 0.28568, 0.117321]
[0.313162, 0.203492, -0.499521, 0.228779, 0.196577]
[0.322915, 0.201522, -0.499474, 0.23047, 0.201725]
[0.665868, 0.319915, -0.499616, 0.253302, 0.157558]
[0.531606, 0.303763, -0.49903, 0.291114, 0.276678]
[0.622214, 0.478352, -0.499284, 0.324333, 0.425618]
[0.652793, 0.460438, -0.499401, 0.283586, 0.126171]
[0.346572, 0.328334, -0.498581, 0.227838, 0.026965]
[0.332567, 0.247572, -0.499956, 0.49028, 0.373308]
[0.650082, 0.482269, -0.498851, 0.230121, 0.183735]
[0.516666, 0.429369, -0.4985, 0.338339, 0.2679]
[0.450601, 0.445924, -0.499414, 0.324921, 0.353382]
[0.679766, 0.227444, -0.499372, 0.289159, 0.392721]
[0.444297, 0.489425, -0.498481, 0.490283, 0.161546]
[0.284618, 0.17364, -0.498872, 0.261765, 0.177833]
[0.478833, 0.145427, -0.49931, 0.353732, 0.406167]
[0.430325, 0.343601, -0.499727, 0.32622, 0.069967]
[0.426981, 0.203417, -0.499104, 0.438175, 0.399112]
[0.442105, 0.359322, -0.498863, 0.469678, 0.043319]
[0.281214, 0.404652, -0.499388, 0.453856, 0.450534]
[0.536076, 0.199399, -0.499183, 0.304607, 0.388209]
[0.320688, 0.441192, -0.498535, 0.467375, 0.124087]
[0.277722, 0.211041, -0.498501, 0.46835, 0.284445]
[0.575287, 0.361198, -0.499012, 0.462939, 0.31572]
[0.671938, 0.155585, -0.499447, 0.295029, 0.04411]
[0.593449, 0.486914, -0.499912, 0.275698, 0.015568]
[0.404729, 0.424545, -0.498539, 0.298262, 0.448189]
[0.565376, 0.496625, -0.499143, 0.295037, 0.46187]
[0.432263, 0.35498, -0.49872, 0.438019, 0.3612]
[0.407705, 0.492678, -0.498722, 0.359126, 0.343814]
[0.425857, 0.408887, -0.499987, 0.351895, 0.028493]
[0.413408, 0.470568, -0.498937, 0.321987, 0.165432]
[0.458097, 0.218726, -0.499541, 0.249242, 0.244617]
[0.271422, 0.475926, -0.49983, 0.271177, 0.217404]
[0.423081, 0.381358, -0.499368, 0.429239, 0.273048]
[0.348843, 0.373821, -0.499041, 0.332802, 0.175151]
[0.382919, 0.113817, -0.499416, 0.319522, 0.316176]
[0.53395, 0.169547, -0.498714, 0.263537, 0.372702]
[0.332425, 0.489444, -0.498583, 0.320392, 0.202858]
[0.504511, 0.40615, -0.499142, 0.258406, 0.105805]
[0.453417, 0.136626, -0.499593, 0.452008, 0.441018]
[0.485019, 0.434401, -0.499464, 0.483242, 0.149858]
[0.297543, 0.305582, -0.49969, 0.249894, 0.446715]
[0.451556, 0.243695, -0.498644, 0.264518, 0.280268]
[0.656937, 0.402615, -0.498916, 0.429217, 0.11231]
[0.317514, 0.1858, -0.498426, 0.476992, 0.141075]
[0.341989, 0.198259, -0.499751, 0.499665, 0.391837]
[0.354125, 0.397463, -0.499407, 0.436842, 0.395217]
[0.303224, 0.178418, -0.499066, 0.310274, 0.455267]
[0.445767, 0.202986, -0.499419, 0.497465, 0.18493]
[0.591807, 0.31239, -0.499152, 0.376008, 0.078525]
[0.273163, 0.208106, -0.499034, 0.497421, 0.305333]
[0.650812, 0.198118, -0.498869, 0.239297, 0.004027]
[0.302807, 0.179156, -0.49872, 0.355002, 0.324465]
[0.521522, 0.276436, -0.498807, 0.383322, 0.068675]
[0.650944, 0.179972, -0.499073, 0.433961, 0.469427]
[0.484893, 0.206017, -0.499809, 0.394096, 0.387864]
[0.308791, 0.267623, -0.499817, 0.495256, 0.420149]
[0.574962, 0.375543, -0.499936, 0.295023, 0.33996]
[0.300554, 0.212821, -0.499574, 0.4377, 0.036176]
[0.594613, 0.127333, -0.49893, 0.353293, 0.166724]
[0.300177, 0.458563, -0.499757, 0.3002, 0.089528]
[0.509243, 0.166196, -0.499398, 0.268685, 0.048861]
[0.565469, 0.470042, -0.498432, 0.42368, 0.068219]
[0.642318, 0.422797, -0.499495, 0.310663, 0.387856]
[0.404488, 0.253197, -0.499757, 0.249841, 0.389496]
[0.302054, 0.260877, -0.498736, 0.491804, 0.019147]
[0.647487, 0.424922, -0.498692, 0.45107, 0.072097]
[0.559323, 0.377038, -0.499511, 0.315805, 0.486413]
[0.54647, 0.294792, -0.499979, 0.353951, 0.424635]
[0.468038, 0.317194, -0.499082, 0.40199, 0.003148]
[0.396646, 0.259649, -0.498525, 0.268617, 0.121291]
[0.553654, 0.213773, -0.499517, 0.229056, 0.004474]
[0.672679, 0.358054, -0.49937, 0.352612, 0.356109]
[0.593378, 0.289662, -0.499326, 0.46036, 0.096421]
[0.650739, 0.29097, -0.498557, 0.452859, 0.104398]
[0.461099, 0.395694, -0.498895, 0.283362, 0.191573]
[0.292759, 0.133974, -0.499884, 0.3636, 0.019054]
[0.28827, 0.407831, -0.499561, 0.236697, 0.148348]
[0.432303, 0.174109, -0.499702, 0.377335, 0.465682]
[0.546438, 0.270381, -0.4996, 0.332627, 0.207261]
[0.439678, 0.260446, -0.499616, 0.470053, 0.299636]
[0.48883, 0.303378, -0.499388, 0.484195, 0.143356]
[0.654766, 0.409672, -0.4987, 0.491161, 0.462649]
[0.488377, 0.197149, -0.498544, 0.277779, 0.441567]
[0.343255, 0.335864, -0.499518, 0.284166, 0.16157]
[0.538522, 0.326584, -0.499966, 0.246577, 0.16111]
[0.588655, 0.4911, -0.499239, 0.399676, 0.232412]
[0.583538, 0.482449, -0.499426, 0.415571, 0.013024]
[0.310859, 0.437551, -0.4991, 0.372232, 0.368442]
[0.389114, 0.353073, -0.499617, 0.492735, 0.370914]
[0.535382, 0.39632, -0.498742, 0.241565, 0.498783]
[0.611816, 0.386573, -0.499039, 0.482443, 0.27875]
[0.271802, 0.363614, -0.499945, 0.430409, 0.081657]
[0.500603, 0.412356, -0.498966, 0.367482, 0.25537]
[0.30068, 0.28938, -0.498671, 0.30501, 0.159012]
[0.640593, 0.270394, -0.499798, 0.399974, 0.356055]
[0.285032, 0.209604, -0.499452, 0.240691, 0.109068]
[0.326465, 0.285585, -0.498871, 0.466464, 0.395357]
[0.347757, 0.484252, -0.498656, 0.292895, 0.079765]
[0.384539, 0.201775, -0.498784, 0.278262, 0.283448]
[0.512292, 0.184696, -0.498752, 0.395852, 0.125342]
[0.34296, 0.442281, -0.499811, 0.458418, 0.160204]
[0.349462, 0.22675, -0.499979, 0.328361, 0.265406]
[0.470085, 0.416058, -0.498841, 0.377468, 0.436161]
[0.372916, 0.299249, -0.498614, 0.242443, 0.192308]
[0.443317, 0.195119, -0.499007, 0.414369, 0.010167]
[0.663358, 0.385488, -0.498941, 0.462256, 0.114113]
[0.507849, 0.17405, -0.498494, 0.29728, 0.49951]
[0.543256, 0.49984, -0.499019, 0.423099, 0.067802]
[0.280134, 0.495694, -0.498778, 0.477438, 0.40639]
[0.371178, 0.386628, -0.498846, 0.285577, 0.383625]
[0.609737, 0.395353, -0.499689, 0.266108, 0.090528]
[0.542151, 0.255663, -0.498927, 0.246577, 0.02204]
[0.607038, 0.277679, -0.499171, 0.276802, 0.461129]
[0.561301, 0.394704, -0.499208, 0.44026, 0.092059]
[0.474172, 0.479931, -0.49909, 0.332222, 0.115598]
[0.585137, 0.266548, -0.499213, 0.486789, 0.285924]
[0.331591, 0.33592, -0.499708, 0.369935, 0.323888]
[0.605472, 0.48, -0.499221, 0.456037, 0.066823]
[0.645539, 0.113141, -0.499349, 0.377223, 0.452657]
[0.597733, 0.42392, -0.499161, 0.334447, 0.343121]
[0.362316, 0.183933, -0.499156, 0.357445, 0.061117]
[0.617275, 0.193855, -0.499906, 0.255206, 0.374395]
[0.53452, 0.418273, -0.498871, 0.416676, 0.343892]
[0.352533, 0.285064, -0.498955, 0.273576, 0.309482]
[0.294374, 0.446424, -0.498847, 0.387692, 0.048229]
[0.517277, 0.473819, -0.498728, 0.366131, 0.227575]
[0.441397, 0.32322, -0.498729, 0.331943, 0.406375]
[0.435277, 0.387876, -0.499016, 0.354207, 0.25313]
[0.340773, 0.12184, -0.499654, 0.308211, 0.172682]
[0.420868, 0.214308, -0.499086, 0.296286, 0.056009]
[0.671009, 0.115872, -0.498611, 0.242029, 0.482789]
[0.493151, 0.459662, -0.499865, 0.35014, 0.400757]
[0.367007, 0.365555, -0.499193, 0.253692, 0.474219]
[0.656096, 0.216011, -0.499824, 0.37258, 0.196788]
[0.531367, 0.404928, -0.499783, 0.486806, 0.461523]
[0.32039, 0.226188, -0.498787, 0.338918, 0.353526]
[0.480041, 0.476766, -0.499874, 0.336745, 0.379662]
[0.38354, 0.124454, -0.499374, 0.496248, 0.383973]
[0.528272, 0.188112, -0.499145, 0.373435, 0.435426]
[0.599442, 0.19118, -0.498678, 0.360474, 0.467966]
[0.554368, 0.336724, -0.498821, 0.362568, 0.312806]
[0.331498, 0.34759, -0.498847, 0.494739, 0.403324]
[0.300438, 0.226279, -0.498569, 0.456944, 0.371323]
[0.402252, 0.388441, -0.498883, 0.294753, 0.413578]
[0.360153, 0.166767, -0.499676, 0.396773, 0.448169]
[0.57949, 0.158296, -0.498951, 0.349069, 0.105459]
[0.643244, 0.243157, -0.499438, 0.396804, 0.404473]
[0.499795, 0.145125, -0.498774, 0.324184, 0.325392]
[0.666916, 0.164829, -0.499474, 0.31812, 0.336826]
[0.324503, 0.236167, -0.49892, 0.426288, 0.174616]
[0.579223, 0.138553, -0.498772, 0.247777, 0.162694]
[0.362642, 0.150197, -0.498713, 0.45228, 0.012289]
[0.650015, 0.209876, -0.499106, 0.26377, 0.177862]
[0.576599, 0.451176, -0.499374, 0.337217, 0.421471]
[0.675492, 0.13361, -0.499961, 0.45535, 0.161717]
[0.554862, 0.419848, -0.499802, 0.487962, 0.239922]
[0.311346, 0.468521, -0.499235, 0.429761, 0.242154]
[0.517473, 0.467354, -0.498532, 0.479746, 0.123528]
[0.545366, 0.345937, -0.498771, 0.244572, 0.17801]
[0.677415, 0.151464, -0.499354, 0.315111, 0.295141]
[0.486699, 0.484341, -0.499699, 0.249297, 0.199353]
[0.431086, 0.142424, -0.499436, 0.380634, 0.102059]
[0.275235, 0.134963, -0.499652, 0.440137, 0.221106]
[0.664563, 0.212088, -0.499095, 0.401465, 0.15476]
[0.591249, 0.128879, -0.499855, 0.451642, 0.157483]
[0.319698, 0.320515, -0.498567, 0.277549, 0.204214]
[0.44148, 0.158594, -0.499559, 0.41037, 0.237115]
[0.367527, 0.128133, -0.499565, 0.363252, 0.178649]
[0.514624, 0.244231, -0.499582, 0.251456, 0.192216]
[0.400781, 0.401793, -0.498439, 0.489066, 0.126043]
[0.642392, 0.497848, -0.499335, 0.33309, 0.007434]
[0.389433, 0.284681, -0.499013, 0.355022, 0.005957]
[0.426314, 0.130154, -0.499527, 0.261176, 0.240191]
[0.415559, 0.184101, -0.499884, 0.278146, 0.2217]
[0.30116, 0.140858, -0.499668, 0.306405, 0.26925]
[0.29447, 0.46914, -0.499937, 0.333923, 0.045603]
[0.294654, 0.319151, -0.499815, 0.32472, 0.019595]
[0.500006, 0.202637, -0.499339, 0.481632, 0.109063]
[0.533981, 0.170852, -0.499686, 0.288469, 0.051049]
[0.323051, 0.432327, -0.498742, 0.448776, 0.310329]
[0.279172, 0.395396, -0.499741, 0.48008, 0.093677]
[0.418247, 0.404934, -0.498896, 0.372725, 0.40685]
[0.665819, 0.14916, -0.49871, 0.318685, 0.293615]
[0.650193, 0.31053, -0.498969, 0.289014, 0.206125]
[0.635639, 0.328246, -0.498634, 0.391593, 0.36791]
[0.541012, 0.190449, -0.499413, 0.32518, 0.439218]
[0.357449, 0.395279, -0.499741, 0.389483, 0.432171]
[0.54893, 0.386331, -0.498819, 0.246791, 0.458157]
[0.326837, 0.126754, -0.499528, 0.464148, 0.330722]
[0.311851, 0.119133, -0.499888, 0.419841, 0.066172]
[0.558294, 0.126249, -0.498646, 0.232262, 0.097161]
[0.423777, 0.441074, -0.49863, 0.419777, 0.434952]
[0.560013, 0.337193, -0.499882, 0.269531, 0.155567]
[0.563394, 0.413912, -0.499838, 0.376834, 0.217288]
[0.552632, 0.142279, -0.499604, 0.290373, 0.20877]
[0.352742, 0.175434, -0.498737, 0.264016, 0.412992]
[0.530275, 0.229818, -0.499267, 0.462634, 0.015365]
[0.341381, 0.223151, -0.499595, 0.242549, 0.089905]
[0.469426, 0.393876, -0.499749, 0.365074, 0.057326]
[0.400791, 0.134631, -0.498761, 0.243266, 0.432418]
[0.300616, 0.331796, -0.499593, 0.493861, 0.067269]
[0.292513, 0.169124, -0.49974, 0.349791, 0.084693]
[0.445739, 0.315074, -0.499675, 0.350402, 0.405581]
[0.632732, 0.451979, -0.498488, 0.319169, 0.033102]
[0.626256, 0.337462, -0.499893, 0.269432, 0.304642]
[0.457618, 0.400914, -0.499499, 0.323346, 0.212856]
[0.431144, 0.465956, -0.499469, 0.405623, 0.023109]
[0.530355, 0.400978, -0.499429, 0.281893, 0.42555]
[0.296067, 0.300377, -0.498913, 0.481028, 0.337199]
[0.406841, 0.142237, -0.498615, 0.478851, 0.14557]
[0.591104, 0.163545, -0.498809, 0.422358, 0.173158]
[0.450159, 0.294476, -0.499629, 0.357897, 0.178584]
[0.539354, 0.329622, -0.49911, 0.23563, 0.131956]
[0.270883, 0.439276, -0.498453, 0.284218, 0.240481]
[0.323729, 0.4587, -0.498923, 0.261294, 0.404625]
[0.324121, 0.35651, -0.499444, 0.361504, 0.014139]
[0.455136, 0.301345, -0.499548, 0.441787, 0.095254]
[0.568558, 0.497271, -0.499864, 0.3811, 0.103789]
[0.359831, 0.476493, -0.499156, 0.285499, 0.376994]
[0.542557, 0.239435, -0.499846, 0.37837, 0.258729]
[0.615582, 0.128445, -0.498427, 0.439148, 0.022029]
[0.426082, 0.255537, -0.499225, 0.401803, 0.437019]
[0.545363, 0.20264, -0.498461, 0.295518, 0.034479]
[0.568561, 0.22498, -0.4999, 0.464823, 0.244209]
[0.66719, 0.159834, -0.498762, 0.315772, 0.182738]
[0.324132, 0.434837, -0.499815, 0.275768, 0.199283]
[0.677898, 0.122298, -0.498655, 0.40467, 0.17311]
[0.565859, 0.276785, -0.498421, 0.310088, 0.200847]
[0.392296, 0.189538, -0.498438, 0.406693, 0.465916]
[0.576094, 0.228261, -0.499007, 0.248524, 0.108522]
[0.373059, 0.485278, -0.498729, 0.355799, 0.438059]
[0.418359, 0.370347, -0.499716, 0.378941, 0.406092]
[0.325488, 0.464996, -0.498427, 0.387821, 0.317475]
[0.527575, 0.181107, -0.499539, 0.410801, 0.046108]
[0.281353, 0.264265, -0.499459, 0.303947, 0.328494]
[0.329281, 0.435614, -0.49894, 0.319858, 0.366184]
[0.349976, 0.436772, -0.499663, 0.290973, 0.189047]
[0.278131, 0.33264, -0.49978, 0.451859, 0.302976]
[0.586087, 0.225112, -0.498924, 0.390998, 0.322682]
[0.499359, 0.184056, -0.499623, 0.428497, 0.200868]
[0.501214, 0.405351, -0.499628, 0.455545, 0.300929]
[0.611904, 0.229075, -0.498847, 0.429973, 0.388783]
[0.338898, 0.172933, -0.499642, 0.280225, 0.046157]
[0.526943, 0.464011, -0.498785, 0.40798, 0.332002]
[0.640532, 0.298359, -0.498796, 0.437306, 0.25599]
[0.523648, 0.293691, -0.499601, 0.30521, 0.365927]
[0.510025, 0.133099, -0.499769, 0.294427, 0.152931]
[0.513605, 0.281925, -0.499026, 0.443026, 0.055565]
[0.455006, 0.461111, -0.49922, 0.427583, 0.403655]
[0.373677, 0.353946, -0.499398, 0.368842, 0.416665]
[0.641785, 0.320684, -0.49843, 0.236506, 0.388922]
[0.295826, 0.455912, -0.498898, 0.236078, 0.420483]
[0.27083, 0.192405, -0.499179, 0.374812, 0.349249]
[0.375686, 0.162971, -0.498643, 0.437152, 0.135723]
[0.449189, 0.11459, -0.499832, 0.329624, 0.194971]
[0.356809, 0.388596, -0.498453, 0.445183, 0.315063]
[0.452717, 0.217705, -0.499181, 0.361698, 0.06605]
[0.276064, 0.481518, -0.499866, 0.394663, 0.005407]
[0.309797, 0.371709, -0.498966, 0.250716, 0.329529]
[0.591109, 0.165565, -0.49876, 0.376471, 0.25132]
[0.590667, 0.498022, -0.499243, 0.432188, 0.346051]
[0.548952, 0.196228, -0.499216, 0.458457, 0.138045]
[0.394812, 0.186082, -0.498524, 0.352, 0.317057]
[0.288399, 0.457898, -0.499919, 0.281897, 0.044626]
[0.373397, 0.368532, -0.499942, 0.421764, 0.346834]
[0.277939, 0.127644, -0.499298, 0.384136, 0.287951]
[0.557781, 0.182687, -0.499093, 0.275876, 0.488205]
[0.466574, 0.33453, -0.498953, 0.468343, 0.385291]
[0.471812, 0.336234, -0.499873, 0.448785, 0.02681]
[0.272516, 0.173735, -0.499767, 0.370943, 0.216877]
[0.637999, 0.15996, -0.499364, 0.268076, 0.083254]
[0.50968, 0.239002, -0.499871, 0.290386, 0.239336]
[0.388325, 0.144977, -0.499963, 0.380333, 0.273257]
[0.333343, 0.137743, -0.499346, 0.495429, 0.295764]
[0.665276, 0.453979, -0.499459, 0.244651, 0.288758]
[0.595819, 0.49055, -0.499521, 0.350001, 0.330129]
[0.319172, 0.412945, -0.499449, 0.451388, 0.133631]
[0.502404, 0.243504, -0.498533, 0.345276, 0.144907]
[0.387701, 0.440842, -0.499218, 0.416966, 0.248991]
[0.467228, 0.450173, -0.498959, 0.344288, 0.419521]
[0.273971, 0.300019, -0.499477, 0.230987, 0.110042]
[0.387551, 0.232699, -0.498881, 0.352257, 0.217708]
[0.398227, 0.252656, -0.498723, 0.29127, 0.154983]
[0.466543, 0.270716, -0.49848, 0.399874, 0.056242]
[0.406615, 0.14591, -0.499439, 0.253205, 0.1517]
[0.515659, 0.428035, -0.499142, 0.348448, 0.001933]
[0.656426, 0.441122, -0.498525, 0.277129, 0.489379]
[0.471202, 0.254025, -0.49977, 0.436087, 0.024244]
[0.286303, 0.380189, -0.499742, 0.28546, 0.377795]
[0.511736, 0.421616, -0.499219, 0.363708, 0.096142]
[0.409773, 0.289457, -0.499544, 0.492695, 0.037968]
[0.405558, 0.444472, -0.498533, 0.313612, 0.474627]
[0.622942, 0.25289, -0.499898, 0.390961, 0.25909]
[0.452471, 0.37285, -0.499631, 0.4324, 0.199433]
[0.657995, 0.352704, -0.49927, 0.322049, 0.354219]
[0.408757, 0.342884, -0.499021, 0.306733, 0.168043]
[0.451073, 0.208412, -0.498627, 0.409531, 0.026304]
[0.416936, 0.228074, -0.498661, 0.371308, 0.231473]
[0.485139, 0.148893, -0.498691, 0.386385, 0.470319]
[0.411262, 0.11213, -0.499899, 0.493899, 0.044075]
[0.60341, 0.280626, -0.499816, 0.307481, 0.424901]
[0.418539, 0.308984, -0.499405, 0.447265, 0.026203]
[0.388856, 0.494615, -0.499639, 0.440236, 0.094497]
[0.648777, 0.329614, -0.499143, 0.264806, 0.178271]
[0.328242, 0.117878, -0.498496, 0.255737, 0.097071]
[0.288562, 0.384986, -0.49992, 0.294119, 0.049215]
[0.47442, 0.238184, -0.49907, 0.436595, 0.187267]
[0.641373, 0.418164, -0.499957, 0.36724, 0.466412]
[0.424088, 0.492697, -0.498905, 0.361022, 0.123516]
[0.659, 0.127733, -0.498716, 0.305024, 0.290294]
[0.415798, 0.132896, -0.49967, 0.299119, 0.408413]
[0.399669, 0.415471, -0.498989, 0.311351, 0.11142]
[0.515558, 0.451338, -0.499128, 0.232265, 0.445539]
[0.61826, 0.18582, -0.499717, 0.261744, 0.289301]
[0.310738, 0.309063, -0.498858, 0.403633, 0.082849]
[0.295035, 0.173517, -0.499979, 0.305595, 0.101916]
[0.431322, 0.379415, -0.49861, 0.331387, 0.185552]
[0.317852, 0.323289, -0.499605, 0.333205, 0.160837]
[0.442376, 0.413628, -0.499134, 0.327355, 0.302538]
[0.510485, 0.143002, -0.499638, 0.348671, 0.181976]
[0.370998, 0.127305, -0.498803, 0.412325, 0.38832]
[0.447919, 0.403544, -0.498983, 0.38186, 0.399104]
[0.442174, 0.44718, -0.498973, 0.279441, 0.364876]
[0.595764, 0.125605, -0.499448, 0.497402, 0.297707]
[0.431089, 0.264991, -0.499529, 0.455756, 0.31787]
[0.291356, 0.25897, -0.499537, 0.250159, 0.248644]
[0.390864, 0.130402, -0.499638, 0.402705, 0.327]
[0.378409, 0.472563, -0.499232, 0.317436, 0.314385]
[0.479334, 0.118117, -0.498783, 0.265148, 0.313959]
[0.598956, 0.120939, -0.498989, 0.350219, 0.27316]
[0.480699, 0.2855, -0.499084, 0.426845, 0.026665]
[0.309946, 0.184701, -0.49969, 0.272725, 0.151547]
[0.663602, 0.122442, -0.4987, 0.310734, 0.41125]
[0.617483, 0.416841, -0.49974, 0.251586, 0.395574]
[0.438127, 0.304604, -0.499832, 0.324614, 0.399635]
[0.403468, 0.354677, -0.499056, 0.295945, 0.112103]
[0.644307, 0.347176, -0.499065, 0.494089, 0.442074]
[0.552751, 0.45276, -0.498662, 0.436221, 0.043349]
[0.639422, 0.446309, -0.499706, 0.411579, 0.177733]
[0.290872, 0.384357, -0.498629, 0.413338, 0.267056]
[0.293031, 0.125624, -0.499706, 0.327583, 0.119539]
[0.667943, 0.384129, -0.499448, 0.399236, 0.091766]
[0.672209, 0.476897, -0.499653, 0.282667, 0.015857]
[0.430221, 0.24961, -0.499167, 0.436025, 0.189946]
[0.606532, 0.420852, -0.499727, 0.301703, 0.415314]
[0.626845, 0.18589, -0.49863, 0.228421, 0.27714]
[0.398431, 0.205091, -0.499132, 0.481227, 0.260267]
[0.449492, 0.319053, -0.498606, 0.272445, 0.154142]
[0.393731, 0.151799, -0.498895, 0.417861, 0.244429]
[0.393438, 0.449397, -0.498857, 0.310239, 0.13338]
[0.300285, 0.41273, -0.499685, 0.437204, 0.275297]
[0.506413, 0.251912, -0.499244, 0.450848, 0.079204]
[0.306557, 0.317087, -0.499958, 0.44174, 0.215275]
[0.334469, 0.261376, -0.499085, 0.310276, 0.210767]
[0.614162, 0.497659, -0.499007, 0.474247, 0.310983]
[0.470372, 0.274623, -0.499945, 0.471471, 0.12169]
[0.308491, 0.160712, -0.499162, 0.288289, 0.043541]
[0.370668, 0.477978, -0.499231, 0.345583, 0.298959]
[0.314269, 0.166306, -0.499068, 0.380959, 0.204447]
[0.463035, 0.32373, -0.498949, 0.227458, 0.38602]
[0.638523, 0.30063, -0.499464, 0.409031, 0.384747]
[0.652878, 0.143617, -0.499722, 0.385255, 0.486093]
[0.619819, 0.433579, -0.499444, 0.277852, 0.49729]
[0.535399, 0.316101, -0.499904, 0.227925, 0.012213]
[0.322859, 0.205493, -0.499181, 0.270594, 0.158641]
[0.299912, 0.14478, -0.499888, 0.362703, 0.103943]
[0.527315, 0.315052, -0.499883, 0.239905, 0.153751]
[0.397854, 0.283499, -0.499749, 0.267854, 0.353347]
[0.675694, 0.280312, -0.499765, 0.267586, 0.411338]
[0.632413, 0.370635, -0.499636, 0.300956, 0.137048]
[0.651467, 0.487608, -0.498747, 0.339013, 0.323749]
[0.33086, 0.408604, -0.499982, 0.30158, 0.49928]
[0.282526, 0.163602, -0.498968, 0.445234, 0.18606]
[0.408779, 0.332729, -0.499539, 0.291172, 0.02993]
[0.639713, 0.161596, -0.498773, 0.343934, 0.442891]
[0.486039, 0.459231, -0.499297, 0.376573, 0.279037]
[0.380057, 0.477024, -0.498699, 0.4251, 0.25556]
[0.632909, 0.369971, -0.498894, 0.285763, 0.229881]
[0.285156, 0.22536, -0.498653, 0.378061, 0.347739]
[0.548291, 0.131131, -0.499197, 0.241061, 0.261671]
[0.615053, 0.442695, -0.498958, 0.465414, 0.31038]
[0.393813, 0.149276, -0.498448, 0.304718, 0.472528]
[0.674797, 0.381593, -0.498662, 0.291316, 0.172596]
[0.535761, 0.227996, -0.498521, 0.413876, 0.325866]
[0.381231, 0.463689, -0.499938, 0.459951, 0.377895]
[0.325434, 0.355468, -0.499889, 0.363302, 0.293813]
[0.338502, 0.441164, -0.49958, 0.293665, 0.13131]
[0.3478, 0.344834, -0.499481, 0.233279, 0.052264]
[0.509882, 0.353801, -0.499628, 0.330855, 0.360201]
[0.634286, 0.295323, -0.499533, 0.309407, 0.038752]
[0.627205, 0.305925, -0.499659, 0.487217, 0.265164]
[0.307951, 0.373968, -0.499758, 0.29621, 0.192337]
[0.405449, 0.112089, -0.499117, 0.259216, 0.013543]
[0.557634, 0.206908, -0.499274, 0.307031, 0.244406]
[0.469046, 0.141673, -0.499503, 0.354867, 0.44416]
[0.67558, 0.380241, -0.499233, 0.419606, 0.194081]
[0.405807, 0.269743, -0.499113, 0.42572, 0.132155]
[0.545734, 0.282339, -0.498417, 0.38473, 0.422528]
[0.566999, 0.174686, -0.498533, 0.416199, 0.303345]
[0.351357, 0.416165, -0.49927, 0.255451, 0.48132]
[0.426452, 0.179792, -0.499279, 0.332723, 0.393583]
[0.597847, 0.134026, -0.499206, 0.42206, 0.40847]
[0.281074, 0.409076, -0.499442, 0.36389, 0.370245]
[0.650512, 0.484747, -0.499862, 0.316592, 0.209618]
[0.629446, 0.425376, -0.499146, 0.462361, 0.357599]
[0.448122, 0.220386, -0.498484, 0.414243, 0.214355]
[0.271716, 0.448555, -0.498924, 0.325723, 0.196236]
[0.676007, 0.25946, -0.498588, 0.321114, 0.359948]
[0.653647, 0.239208, -0.499705, 0.437931, 0.134794]
[0.560482, 0.219961, -0.498879, 0.2945, 0.068213]
[0.675264, 0.447201, -0.499506, 0.409267, 0.420242]
[0.316023, 0.245352, -0.499185, 0.289771, 0.023134]
[0.625557, 0.46319, -0.499941, 0.429604, 0.337846]
[0.5018, 0.184977, -0.498753, 0.354787, 0.377347]
[0.590158, 0.245994, -0.498992, 0.452185, 0.405123]
[0.672825, 0.123769, -0.498456, 0.330069, 0.448239]
[0.474362, 0.122881, -0.498709, 0.278257, 0.052398]
[0.637672, 0.197992, -0.499693, 0.275804, 0.396781]
[0.430188, 0.429972, -0.499582, 0.412157, 0.227045]
[0.62902, 0.487991, -0.499329, 0.241264, 0.069649]
[0.576146, 0.30824, -0.499271, 0.298874, 0.489114]
[0.321268, 0.172163, -0.498631, 0.2617, 0.309861]
[0.38612, 0.471581, -0.498419, 0.256014, 0.422849]
[0.530072, 0.462241, -0.499538, 0.453045, 0.316875]
[0.47006, 0.247913, -0.499218, 0.29155, 0.235693]
[0.421635, 0.456101, -0.498745, 0.237487, 0.28677]
[0.50121, 0.126048, -0.499829, 0.385261, 0.489198]
[0.629013, 0.145763, -0.499364, 0.491961, 0.496235]
[0.478123, 0.417538, -0.498641, 0.34808, 0.129379]
[0.529872, 0.179234, -0.498707, 0.492354, 0.240155]
[0.65993, 0.449251, -0.499586, 0.274654, 0.297877]
[0.669119, 0.205852, -0.4998, 0.451463, 0.267288]
[0.32239, 0.128299, -0.499031, 0.473517, 0.498012]
[0.385346, 0.430608, -0.49958, 0.298518, 0.307868]
[0.651604, 0.474272, -0.498581, 0.427059, 0.436406]
[0.414303, 0.262189, -0.499383, 0.372916, 0.472176]
[0.459151, 0.408611, -0.499445, 0.301238, 0.403868]
[0.372219, 0.403584, -0.498543, 0.335001, 0.237299]
[0.289935, 0.23395, -0.498702, 0.35307, 0.448328]
[0.611796, 0.423278, -0.498658, 0.407984, 0.425313]
[0.535026, 0.498015, -0.499385, 0.435583, 0.237046]
[0.591583, 0.130547, -0.498986, 0.364376, 0.131494]
[0.392741, 0.119498, -0.499665, 0.237344, 0.258388]
[0.574043, 0.112384, -0.499709, 0.407215, 0.42193]
[0.432307, 0.225825, -0.499328, 0.271052, 0.231662]
[0.426319, 0.132735, -0.499349, 0.357243, 0.433663]
[0.544147, 0.241924, -0.498805, 0.431842, 0.227329]
[0.544561, 0.378455, -0.499855, 0.358362, 0.334679]
[0.640281, 0.216811, -0.499193, 0.257101, 0.47691]
[0.639691, 0.335173, -0.499263, 0.442451, 0.119292]
[0.360535, 0.35502, -0.499389, 0.254952, 0.227323]
[0.504521, 0.176572, -0.499931, 0.448551, 0.321407]
[0.632395, 0.415834, -0.498635, 0.301714, 0.029781]
[0.646731, 0.22467, -0.498816, 0.265853, 0.465891]
[0.403615, 0.32306, -0.498655, 0.461624, 0.15683]
[0.564143, 0.335976, -0.499834, 0.412854, 0.420298]
[0.593077, 0.224897, -0.499294, 0.473227, 0.054633]
[0.406526, 0.421965, -0.498707, 0.251656, 0.035744]
[0.276444, 0.39898, -0.498816, 0.273188, 0.059209]
[0.521601, 0.326221, -0.498568, 0.396158, 0.207072]
[0.615386, 0.115725, -0.498775, 0.389123, 0.164529]
[0.538636, 0.334797, -0.499447, 0.234445, 0.237774]
[0.350297, 0.286397, -0.498544, 0.380671, 0.140843]
[0.441045, 0.488801, -0.498572, 0.279546, 0.318601]
[0.548133, 0.255733, -0.498421, 0.467259, 0.433592]
[0.375716, 0.18218, -0.49862, 0.363514, 0.152245]
[0.359282, 0.439967, -0.499753, 0.40614, 0.005454]
[0.497602, 0.439453, -0.498686, 0.282178, 0.234759]
[0.301683, 0.175846, -0.498757, 0.479262, 0.180472]
[0.638836, 0.202709, -0.499296, 0.331486, 0.380485]
[0.45599, 0.244539, -0.499214, 0.443587, 0.055332]
[0.536509, 0.376783, -0.499952, 0.398049, 0.456833]
[0.594198, 0.405635, -0.498635, 0.314239, 0.083341]
[0.524638, 0.183385, -0.498612, 0.41003, 0.474314]
[0.552385, 0.241336, -0.499806, 0.465839, 0.273417]
[0.4517, 0.349264, -0.499612, 0.488473, 0.292976]
[0.673078, 0.203146, -0.49877, 0.394792, 0.274361]
[0.613788, 0.484064, -0.499565, 0.305926, 0.049404]
[0.333301, 0.114874, -0.49853, 0.246515, 0.326558]
[0.499431, 0.287374, -0.498911, 0.309291, 0.490934]
[0.633714, 0.34445, -0.498462, 0.483716, 0.497899]
[0.626995, 0.351856, -0.499751, 0.450556, 0.228668]
[0.51697, 0.180388, -0.499427, 0.298646, 0.052435]
[0.446224, 0.140681, -0.498696, 0.423367, 0.35512]
[0.653302, 0.381233, -0.499985, 0.436184, 0.117014]
[0.548136, 0.152108, -0.499786, 0.274281, 0.252107]
[0.413904, 0.199355, -0.498973, 0.473542, 0.106564]
[0.319232, 0.278342, -0.498746, 0.297345, 0.081332]
[0.562928, 0.125751, -0.49995, 0.369573, 0.498515]
[0.654908, 0.381254, -0.49914, 0.436852, 0.193069]
[0.46272, 0.231878, -0.49938, 0.282406, 0.364525]
[0.378338, 0.226229, -0.498853, 0.441568, 0.001542]
[0.423803, 0.474037, -0.499684, 0.28486, 0.316765]
[0.412617, 0.179991, -0.499791, 0.491963, 0.215871]
[0.648455, 0.475792, -0.499571, 0.315551, 0.162556]
[0.386725, 0.273532, -0.499327, 0.247023, 0.35906]
[0.436003, 0.210845, -0.499776, 0.441042, 0.194565]
[0.311786, 0.292622, -0.499237, 0.300894, 0.003401]
[0.497057, 0.38834, -0.499835, 0.346242, 0.168425]
[0.420668, 0.392916, -0.499986, 0.435217, 0.360475]
[0.399542, 0.338956, -0.49992, 0.369201, 0.412212]
[0.338703, 0.457742, -0.499552, 0.429095, 0.003051]
[0.364048, 0.395341, -0.499672, 0.420906, 0.371186]
[0.519912, 0.115965, -0.499232, 0.423738, 0.404226]
[0.512233, 0.180075, -0.499623, 0.435229, 0.022445]
[0.349724, 0.283853, -0.499967, 0.444517, 0.015988]
[0.481763, 0.317636, -0.498586, 0.427077, 0.215035]
[0.400186, 0.276153, -0.499458, 0.451878, 0.107863]
[0.350204, 0.338712, -0.498814, 0.233539, 0.334392]
[0.36437, 0.218714, -0.499254, 0.284491, 0.490708]
[0.315304, 0.436994, -0.498939, 0.49215, 0.425453]
[0.533327, 0.439866, -0.499646, 0.285295, 0.189752]
[0.320398, 0.433837, -0.499816, 0.305545, 0.452417]
[0.49472, 0.386705, -0.498631, 0.499624, 0.011539]
[0.678508, 0.464798, -0.499829, 0.41376, 0.342078]
[0.523299, 0.142509, -0.498975, 0.275625, 0.070035]
[0.287819, 0.140135, -0.498529, 0.48352, 0.230932]
[0.293029, 0.327038, -0.498587, 0.35538, 0.101347]
[0.568992, 0.377457, -0.499804, 0.317076, 0.361661]
[0.359745, 0.222764, -0.49874, 0.426709, 0.377424]
[0.388713, 0.442895, -0.49867, 0.240532, 0.228296]
[0.394507, 0.161607, -0.499311, 0.479873, 0.432435]
[0.295634, 0.377358, -0.499512, 0.229886, 0.273397]
[0.483608, 0.309125, -0.49971, 0.255272, 0.392022]
[0.567764, 0.144773, -0.499906, 0.414673, 0.002718]
[0.627378, 0.276194, -0.499566, 0.475255, 0.100117]
[0.292351, 0.293854, -0.49941, 0.307227, 0.465917]
[0.666382, 0.141549, -0.499417, 0.358726, 0.481028]
[0.301983, 0.279295, -0.49844, 0.255381, 0.212606]
[0.347452, 0.289104, -0.498989, 0.458101, 0.272318]
[0.427879, 0.360739, -0.49843, 0.294241, 0.404918]
[0.553153, 0.415847, -0.499416, 0.312839, 0.093223]
[0.297248, 0.19262, -0.499011, 0.290535, 0.065171]
[0.383459, 0.407753, -0.499147, 0.283024, 0.367864]
[0.397656, 0.25488, -0.499025, 0.307175, 0.084949]
[0.38185, 0.308612, -0.49887, 0.273726, 0.167711]
[0.433299, 0.167095, -0.498652, 0.343453, 0.035154]
[0.290275, 0.466667, -0.499527, 0.443564, 0.181135]
[0.324392, 0.2827, -0.499849, 0.325169, 0.066402]
[0.29562, 0.132913, -0.499462, 0.323557, 0.068728]
[0.639182, 0.246814, -0.499758, 0.25563, 0.179581]
[0.409487, 0.453745, -0.499487, 0.245051, 0.136335]
[0.30808, 0.245095, -0.499314, 0.392555, 0.323515]
[0.609373, 0.355435, -0.499821, 0.448288, 0.167962]
[0.434315, 0.329516, -0.499317, 0.433779, 0.320536]
[0.561138, 0.408557, -0.499686, 0.300364, 0.10971]
[0.344273, 0.387027, -0.499457, 0.340036, 0.217953]
[0.493162, 0.209409, -0.498713, 0.31785, 0.225721]
[0.642503, 0.276696, -0.499327, 0.397099, 0.23494]
[0.600408, 0.300267, -0.498793, 0.40716, 0.16481]
[0.594069, 0.198481, -0.499431, 0.338782, 0.12478]
[0.52466, 0.157389, -0.49842, 0.259573, 0.032549]
[0.66468, 0.287456, -0.499878, 0.348538, 0.207669]
[0.46662, 0.27439, -0.499971, 0.337579, 0.480833]
[0.381003, 0.302122, -0.499952, 0.44046, 0.371662]
[0.662531, 0.171717, -0.499027, 0.358538, 0.219609]
[0.501124, 0.216726, -0.498988, 0.392922, 0.173439]
[0.33785, 0.491494, -0.499227, 0.359845, 0.371238]
[0.508609, 0.14124, -0.498636, 0.469953, 0.160019]
[0.379202, 0.252671, -0.498856, 0.405308, 0.493151]
[0.574888, 0.195262, -0.498416, 0.344409, 0.275634]
[0.350029, 0.128736, -0.498664, 0.334233, 0.045551]
[0.506263, 0.126716, -0.499212, 0.335653, 0.192042]
[0.373543, 0.318697, -0.498735, 0.490941, 0.100356]
[0.281275, 0.367303, -0.49849, 0.357138, 0.397573]
[0.557225, 0.48649, -0.499375, 0.279008, 0.446555]
[0.479774, 0.354226, -0.499151, 0.356645, 0.163712]
[0.392631, 0.261298, -0.499345, 0.346797, 0.205151]
[0.460857, 0.47584, -0.499911, 0.483163, 0.087858]
[0.305736, 0.224943, -0.499618, 0.426756, 0.058635]
[0.271024, 0.314549, -0.498497, 0.445069, 0.179758]
[0.375465, 0.208606, -0.499624, 0.299926, 0.175902]
[0.357623, 0.169854, -0.499083, 0.340684, 0.25855]
[0.606363, 0.448946, -0.4993, 0.421772, 0.256873]
[0.575117, 0.235019, -0.498966, 0.394104, 0.252271]
[0.670001, 0.435482, -0.49863, 0.35328, 0.399186]
[0.610134, 0.185416, -0.499941, 0.441803, 0.479774]
[0.486015, 0.424658, -0.499642, 0.308783, 0.462526]
[0.540129, 0.387386, -0.498495, 0.479371, 0.00516]
[0.659388, 0.254399, -0.499978, 0.431114, 0.255377]
[0.581666, 0.261025, -0.499977, 0.437599, 0.459356]
[0.310977, 0.288522, -0.499373, 0.239998, 0.250249]
[0.513358, 0.35353, -0.499454, 0.399017, 0.350755]
[0.512368, 0.47062, -0.499981, 0.259941, 0.353393]
[0.612534, 0.332433, -0.498652, 0.265344, 0.278624]
[0.56916, 0.364679, -0.499544, 0.24441, 0.19617]
[0.288807, 0.40404, -0.499924, 0.301254, 0.005332]
[0.469503, 0.445488, -0.498424, 0.253254, 0.276825]
[0.484904, 0.337889, -0.498508, 0.38808, 0.472603]
[0.424838, 0.169673, -0.499282, 0.321015, 0.423902]
[0.401522, 0.424961, -0.499744, 0.375233, 0.071345]
[0.441466, 0.13242, -0.498621, 0.374732, 0.13189]
[0.418599, 0.489837, -0.499836, 0.264182, 0.28006]
[0.57776, 0.261188, -0.498716, 0.247805, 0.172524]
[0.441506, 0.28005, -0.4985, 0.314689, 0.207823]
[0.514759, 0.342462, -0.499171, 0.469771, 0.192773]
[0.670106, 0.489136, -0.499499, 0.437118, 0.122033]
[0.531239, 0.113342, -0.499869, 0.461116, 0.219869]
[0.53413, 0.187058, -0.499979, 0.348695, 0.270286]
[0.410595, 0.397824, -0.498821, 0.367292, 0.481967]
[0.676897, 0.158452, -0.499331, 0.269253, 0.244005]
[0.555473, 0.245405, -0.499914, 0.453012, 0.15204]
[0.543335, 0.255475, -0.499294, 0.248981, 0.346107]
[0.294342, 0.187739, -0.498455, 0.34219, 0.361761]
[0.414528, 0.140304, -0.498453, 0.322832, 0.032144]
[0.431686, 0.370877, -0.499707, 0.278674, 0.121136]
[0.341277, 0.448546, -0.49848, 0.430809, 0.062131]
[0.412331, 0.30854, -0.499009, 0.402993, 0.436113]
[0.28014, 0.49824, -0.498616, 0.454356, 0.195226]
[0.502893, 0.136844, -0.499361, 0.330289, 0.392846]
[0.663032, 0.491061, -0.499696, 0.360477, 0.09776]
[0.67561, 0.404495, -0.499005, 0.353837, 0.073918]
[0.664329, 0.440465, -0.499644, 0.427121, 0.175613]
[0.519036, 0.369511, -0.499519, 0.357585, 0.056323]
[0.373892, 0.410528, -0.499649, 0.289445, 0.13018]
[0.603767, 0.382758, -0.499554, 0.380763, 0.286585]
[0.556246, 0.429549, -0.498739, 0.445031, 0.293042]
[0.321981, 0.486408, -0.499619, 0.375555, 0.147221]
[0.335645, 0.177066, -0.499639, 0.239817, 0.23637]
[0.424652, 0.270538, -0.499532, 0.446674, 0.495286]
[0.593053, 0.464652, -0.499782, 0.402158, 0.16647]
[0.418868, 0.492837, -0.498731, 0.431121, 0.465504]
[0.458508, 0.180951, -0.498721, 0.336377, 0.155909]
[0.271548, 0.15417, -0.498588, 0.229957, 0.305284]
[0.497543, 0.200152, -0.499612, 0.475307, 0.003482]
[0.525358, 0.148504, -0.499154, 0.256003, 0.01353]
[0.495277, 0.146811, -0.498933, 0.269319, 0.034058]
[0.369095, 0.291655, -0.499334, 0.412645, 0.102245]
[0.678381, 0.161752, -0.499203, 0.294986, 0.253126]
[0.363071, 0.400375, -0.498963, 0.464792, 0.247641]
[0.670662, 0.200778, -0.498605, 0.254467, 0.195314]
[0.369206, 0.441897, -0.499527, 0.426604, 0.303404]
[0.583351, 0.162596, -0.499825, 0.365874, 0.337789]
[0.373748, 0.320485, -0.499184, 0.404438, 0.280685]
[0.331467, 0.188463, -0.499414, 0.362413, 0.256947]
[0.445885, 0.228439, -0.49882, 0.27244, 0.07162]
[0.312832, 0.121026, -0.499638, 0.258454, 0.390966]
[0.449694, 0.180576, -0.498706, 0.449366, 0.284653]
[0.376774, 0.255334, -0.499032, 0.409625, 0.27959]
[0.679805, 0.197797, -0.499064, 0.435547, 0.453781]
[0.431605, 0.338797, -0.499507, 0.45925, 0.249627]
[0.56622, 0.30299, -0.498922, 0.393446, 0.091495]
[0.39167, 0.320316, -0.499912, 0.243938, 0.374957]
[0.312121, 0.210638, -0.499896, 0.421734, 0.483453]
[0.512939, 0.414443, -0.499259, 0.410337, 0.230081]
[0.36961, 0.242174, -0.499178, 0.369938, 0.204271]
[0.441945, 0.370734, -0.499212, 0.330171, 0.421378]
[0.528035, 0.424621, -0.499705, 0.273398, 0.255025]
[0.508897, 0.208033, -0.499813, 0.287227, 0.075638]
[0.411349, 0.465354, -0.499885, 0.25854, 0.391079]
[0.656006, 0.32915, -0.499379, 0.278757, 0.116181]
[0.552428, 0.246551, -0.499558, 0.460474, 0.273162]
[0.621298, 0.374743, -0.499607, 0.227536, 0.211144]
[0.407434, 0.210756, -0.498504, 0.413979, 0.493879]
[0.570355, 0.222685, -0.498846, 0.454678, 0.466981]
[0.630384, 0.398455, -0.499461, 0.434342, 0.33649]
[0.471432, 0.451632, -0.498518, 0.253785, 0.345615]
[0.559886, 0.335205, -0.499161, 0.43925, 0.248999]
[0.452824, 0.315203, -0.499923, 0.356728, 0.312642]
[0.281987, 0.416831, -0.499421, 0.474329, 0.391906]
[0.427788, 0.227412, -0.499412, 0.492459, 0.432803]
[0.570338, 0.173785, -0.499709, 0.231101, 0.080731]
[0.4727, 0.262343, -0.499764, 0.310161, 0.402117]
[0.574124, 0.212913, -0.499011, 0.354683, 0.151309]
[0.622321, 0.39911, -0.499697, 0.40036, 0.132588]
[0.567791, 0.299367, -0.499597, 0.339615, 0.380697]
[0.467386, 0.134432, -0.498705, 0.290529, 0.292408]
[0.388027, 0.31932, -0.499084, 0.229603, 0.061486]
[0.421032, 0.479928, -0.498752, 0.434383, 0.138292]
[0.35181, 0.277261, -0.499276, 0.469105, 0.216978]
[0.533324, 0.433242, -0.499926, 0.496591, 0.195819]
[0.671772, 0.443873, -0.499602, 0.257817, 0.245398]
[0.385585, 0.408717, -0.499727, 0.307389, 0.457308]
[0.642694, 0.32378, -0.499017, 0.417717, 0.187981]
[0.567338, 0.431179, -0.498781, 0.332231, 0.437929]
[0.414013, 0.483566, -0.499976, 0.272306, 0.111906]
[0.594895, 0.124459, -0.498988, 0.442348, 0.476612]
[0.459412, 0.237366, -0.499562, 0.479182, 0.250554]
[0.579245, 0.466454, -0.499164, 0.473277, 0.31093]
[0.601921, 0.2762, -0.49972, 0.244951, 0.397771]
[0.572265, 0.443086, -0.499038, 0.465316, 0.331548]
[0.364856, 0.25314, -0.499189, 0.262752, 0.243402]
[0.66362, 0.399729, -0.499805, 0.266743, 0.491455]
[0.674879, 0.449251, -0.498611, 0.309261, 0.182525]
[0.628242, 0.312376, -0.499505, 0.363949, 0.007177]
[0.623094, 0.30892, -0.499001, 0.447575, 0.077184]
[0.49206, 0.133534, -0.499061, 0.26499, 0.011262]
[0.272693, 0.334287, -0.49879, 0.374473, 0.027156]
[0.523417, 0.352607, -0.499002, 0.461395, 0.066824]
[0.370592, 0.405849, -0.498735, 0.258719, 0.219127]
[0.655137, 0.493635, -0.499731, 0.462431, 0.050907]
[0.499037, 0.299876, -0.499978, 0.499455, 0.169098]
[0.346877, 0.163245, -0.499476, 0.338267, 0.370658]
[0.630101, 0.367882, -0.499694, 0.255381, 0.387183]
[0.436466, 0.466355, -0.499722, 0.444621, 0.1773]
[0.649607, 0.326569, -0.499361, 0.244163, 0.06973]
[0.287019, 0.347237, -0.499073, 0.330374, 0.066855]
[0.347956, 0.368733, -0.499825, 0.258902, 0.035135]
[0.626428, 0.144393, -0.499419, 0.498356, 0.445803]
[0.39924, 0.360409, -0.499995, 0.359708, 0.211765]
[0.559224, 0.265013, -0.499941, 0.358244, 0.295403]
[0.42578, 0.310057, -0.499507, 0.327812, 0.165465]
[0.462488, 0.499262, -0.499385, 0.293114, 0.498625]
[0.579372, 0.322046, -0.499643, 0.420752, 0.237539]
[0.432792, 0.368114, -0.498891, 0.474349, 0.382997]
[0.495604, 0.457106, -0.499454, 0.305883, 0.128967]
[0.302519, 0.345869, -0.499159, 0.434363, 0.464655]
[0.450116, 0.256595, -0.499315, 0.433083, 0.279582]
[0.399512, 0.343519, -0.499124, 0.356584, 0.141295]
[0.480818, 0.122542, -0.49905, 0.28704, 0.498795]
[0.61304, 0.328231, -0.498567, 0.349295, 0.023023]
[0.54496, 0.119851, -0.499337, 0.309932, 0.481335]
[0.389321, 0.381557, -0.498441, 0.476517, 0.379951]
[0.470027, 0.499609, -0.499597, 0.242745, 0.262541]
[0.282477, 0.34416, -0.499951, 0.304003, 0.142806]
[0.324014, 0.201145, -0.499094, 0.343837, 0.226255]
[0.295024, 0.450651, -0.499409, 0.273124, 0.325036]
[0.53597, 0.165721, -0.498527, 0.392957, 0.068083]
[0.446082, 0.185207, -0.499809, 0.305648, 0.217903]
[0.273735, 0.267533, -0.49953, 0.435564, 0.234568]
[0.618781, 0.216419, -0.49848, 0.241319, 0.364998]
[0.324277, 0.456272, -0.498487, 0.352289, 0.401271]
[0.339422, 0.309515, -0.499091, 0.239909, 0.116329]
[0.285819, 0.261077, -0.499894, 0.325446, 0.084457]
[0.319776, 0.43818, -0.499947, 0.379933, 0.163949]
[0.299351, 0.139174, -0.499574, 0.256276, 0.497636]
[0.316448, 0.352646, -0.499434, 0.28249, 0.064982]
[0.274713, 0.1663, -0.499512, 0.302786, 0.237848]
[0.428067, 0.424603, -0.499545, 0.437316, 0.396196]
[0.449069, 0.335907, -0.498897, 0.454795, 0.344774]
[0.609217, 0.409078, -0.498968, 0.42241, 0.134943]
[0.285777, 0.183722, -0.499801, 0.284283, 0.018738]
[0.349923, 0.135366, -0.498647, 0.465833, 0.146376]
[0.623773, 0.452282, -0.499603, 0.480062, 0.455528]
[0.312833, 0.1963, -0.49943, 0.360016, 0.106975]
[0.39843, 0.331152, -0.498605, 0.459059, 0.339676]
[0.555069, 0.283483, -0.498651, 0.236145, 0.346667]
[0.429413, 0.39272, -0.499204, 0.292726, 0.394692]
[0.544439, 0.138954, -0.498803, 0.464277, 0.188275]
[0.646734, 0.118066, -0.498796, 0.270136, 0.206803]
[0.538363, 0.187094, -0.499427, 0.473615, 0.219064]
[0.633773, 0.454604, -0.499875, 0.399538, 0.427226]
[0.58073, 0.390933, -0.499316, 0.428162, 0.475941]
[0.407568, 0.221839, -0.498548, 0.381256, 0.189335]
[0.314493, 0.133002, -0.499718, 0.258929, 0.097029]
[0.501477, 0.456764, -0.498936, 0.480584, 0.232565]
[0.427109, 0.325366, -0.498659, 0.365826, 0.147808]
[0.355456, 0.396183, -0.499219, 0.242987, 0.33604]
[0.314894, 0.445771, -0.499143, 0.483074, 0.329892]
[0.47096, 0.204973, -0.499788, 0.339757, 0.426929]
[0.336327, 0.339215, -0.498939, 0.318605, 0.34987]
[0.436605, 0.177119, -0.499911, 0.2978, 0.194422]
[0.572794, 0.26209, -0.49861, 0.415883, 0.224353]
[0.374961, 0.194358, -0.499748, 0.297104, 0.112736]
[0.57995, 0.146186, -0.499727, 0.320908, 0.129682]
[0.302669, 0.47536, -0.499138, 0.282341, 0.217762]
[0.355324, 0.244112, -0.499091, 0.433858, 0.494219]
[0.577135, 0.439266, -0.499481, 0.414156, 0.001202]
[0.404624, 0.374262, -0.499194, 0.320992, 0.337281]
[0.375508, 0.349781, -0.499479, 0.356598, 0.427494]
[0.613511, 0.169273, -0.499793, 0.466899, 0.192172]
[0.624593, 0.441796, -0.498736, 0.360451, 0.018338]
[0.532733, 0.299393, -0.499646, 0.365811, 0.475307]
[0.59139, 0.498274, -0.499018, 0.282164, 0.115083]
[0.320041, 0.28979, -0.498976, 0.331022, 0.311401]
[0.49623, 0.202814, -0.49899, 0.464102, 0.439049]
[0.500348, 0.236446, -0.499541, 0.319769, 0.490086]
[0.381515, 0.356039, -0.498946, 0.438484, 0.022072]
[0.324795, 0.41745, -0.498652, 0.242376, 0.246689]
[0.321193, 0.203526, -0.499224, 0.302217, 0.068042]
[0.379631, 0.129302, -0.499758, 0.283972, 0.034261]
[0.381091, 0.347997, -0.499336, 0.405741, 0.046146]
[0.275644, 0.203814, -0.499678, 0.451849, 0.210124]
[0.394475, 0.393654, -0.49947, 0.413658, 0.129575]
[0.665427, 0.486763, -0.499094, 0.227495, 0.097018]
[0.507738, 0.181436, -0.499997, 0.317457, 0.200198]
[0.338577, 0.49739, -0.498444, 0.408836, 0.445702]
[0.321714, 0.247754, -0.498844, 0.418185, 0.10341]
[0.446046, 0.471935, -0.498751, 0.257889, 0.05662]
[0.495275, 0.344559, -0.499694, 0.348695, 0.380974]
[0.481102, 0.225175, -0.499874, 0.363986, 0.000857]
[0.351431, 0.482133, -0.499214, 0.289413, 0.224565]
[0.58218, 0.275045, -0.498542, 0.346978, 0.077458]
[0.483343, 0.42414, -0.49933, 0.399208, 0.13715]
[0.580203, 0.327559, -0.499571, 0.323443, 0.406003]
[0.606714, 0.349849, -0.499821, 0.419067, 0.182298]
[0.478072, 0.257191, -0.499728, 0.39687, 0.033326]
[0.53846, 0.34005, -0.498448, 0.298962, 0.423935]
[0.611057, 0.353189, -0.499024, 0.424139, 0.351321]
[0.468245, 0.244107, -0.499704, 0.241808, 0.218864]
[0.645054, 0.390479, -0.498757, 0.366813, 0.273522]
[0.407149, 0.499589, -0.498681, 0.24875, 0.208726]
[0.508155, 0.453653, -0.499752, 0.379834, 0.404597]
[0.58052, 0.284361, -0.499501, 0.234252, 0.171087]
[0.360626, 0.389399, -0.499217, 0.324589, 0.266382]
[0.453433, 0.154508, -0.499323, 0.284842, 0.397396]
[0.546243, 0.37813, -0.499335, 0.320088, 0.148646]
[0.596145, 0.146221, -0.499051, 0.36615, 0.059279]
[0.622634, 0.131275, -0.499023, 0.333371, 0.046306]
[0.49341, 0.151832, -0.499607, 0.332609, 0.31686]
[0.632183, 0.417363, -0.498871, 0.416893, 0.330224]
[0.369604, 0.282222, -0.499067, 0.417664, 0.269443]
[0.645709, 0.460585, -0.498889, 0.304036, 0.407346]
[0.48436, 0.151244, -0.499397, 0.249778, 0.228328]
[0.462779, 0.16099, -0.498564, 0.43517, 0.169321]
[0.396418, 0.197423, -0.499277, 0.464404, 0.454373]
[0.372583, 0.184398, -0.499665, 0.426057, 0.107019]
[0.458114, 0.255392, -0.498653, 0.443302, 0.063605]
[0.273869, 0.143628, -0.499971, 0.412227, 0.15129]
[0.592766, 0.329665, -0.499432, 0.469396, 0.49524]
[0.670306, 0.143098, -0.498918, 0.375209, 0.218588]
[0.52078, 0.140214, -0.498782, 0.460347, 0.24412]
[0.495503, 0.276506, -0.498991, 0.398591, 0.317497]
[0.366485, 0.177888, -0.49858, 0.482857, 0.074372]
[0.580055, 0.336806, -0.499088, 0.358684, 0.039432]
[0.568452, 0.171932, -0.498498, 0.279448, 0.309952]
[0.526293, 0.228728, -0.499375, 0.262144, 0.350779]
[0.438624, 0.48668, -0.499708, 0.384018, 0.146384]
[0.573578, 0.142724, -0.499235, 0.42021, 0.211684]
[0.455504, 0.355353, -0.498848, 0.278304, 0.481857]
[0.349877, 0.212801, -0.499773, 0.422441, 0.093157]
[0.536081, 0.347102, -0.498812, 0.29604, 0.173836]
[0.389355, 0.34404, -0.499464, 0.314241, 0.302094]
[0.58088, 0.232406, -0.498513, 0.351225, 0.424164]
[0.604852, 0.179719, -0.498776, 0.390064, 0.342985]
[0.529918, 0.406967, -0.499722, 0.441145, 0.384464]
[0.278556, 0.280161, -0.499199, 0.432536, 0.414053]
[0.602248, 0.133767, -0.498434, 0.296102, 0.021397]
[0.533437, 0.13851, -0.498526, 0.408081, 0.028166]
[0.297223, 0.305783, -0.499564, 0.496694, 0.33456]
[0.515018, 0.369234, -0.499221, 0.369899, 0.061057]
[0.301176, 0.240109, -0.498663, 0.450132, 0.425334]
[0.460102, 0.487653, -0.499278, 0.292923, 0.372391]
[0.567664, 0.333794, -0.498437, 0.420069, 0.154306]
[0.348127, 0.466825, -0.498481, 0.302432, 0.265386]
[0.655602, 0.141164, -0.498434, 0.414635, 0.494892]
[0.635733, 0.381782, -0.498449, 0.309119, 0.380266]
[0.678059, 0.113808, -0.49869, 0.382871, 0.401241]
[0.344328, 0.338094, -0.498613, 0.231913, 0.487734]
[0.474872, 0.252962, -0.499564, 0.350265, 0.180634]
[0.530486, 0.130347, -0.499324, 0.416726, 0.496852]
[0.290811, 0.393242, -0.499131, 0.232136, 0.386531]
[0.458267, 0.17162, -0.499092, 0.473846, 0.366219]
[0.629673, 0.415689, -0.499567, 0.376942, 0.364186]
[0.461522, 0.15532, -0.498822, 0.413718, 0.462247]
[0.52858, 0.240411, -0.498946, 0.297723, 0.015589]
[0.657232, 0.186545, -0.499969, 0.366798, 0.336951]
[0.341831, 0.373021, -0.498811, 0.306045, 0.334748]
[0.352378, 0.158224, -0.498665, 0.272084, 0.093211]
[0.630033, 0.292068, -0.498815, 0.338549, 0.225778]
[0.524746, 0.185907, -0.499752, 0.289126, 0.274779]
[0.50006, 0.295408, -0.498742, 0.2598, 0.05166]
[0.547953, 0.34364, -0.499379, 0.430946, 0.00715]
[0.399955, 0.496057, -0.498825, 0.263497, 0.299419]
[0.458337, 0.343204, -0.499155, 0.463429, 0.415319]
[0.472077, 0.212083, -0.498753, 0.441535, 0.387303]
[0.370549, 0.122044, -0.498456, 0.329839, 0.295719]
[0.643412, 0.188455, -0.49937, 0.310123, 0.224156]
[0.306695, 0.286292, -0.498982, 0.357139, 0.092421]
[0.443579, 0.399724, -0.499192, 0.346353, 0.424825]
[0.466461, 0.181891, -0.499017, 0.416788, 0.093687]
[0.568732, 0.491243, -0.499201, 0.417176, 0.050945]
[0.367249, 0.383541, -0.499973, 0.306331, 0.101511]
[0.429514, 0.131854, -0.499542, 0.479925, 0.378201]
[0.456713, 0.286571, -0.499264, 0.430183, 0.318308]
[0.648188, 0.406729, -0.499064, 0.487597, 0.329736]
[0.382531, 0.406186, -0.498979, 0.440907, 0.261532]
[0.571587, 0.122243, -0.499847, 0.245065, 0.363112]
[0.312362, 0.416912, -0.498736, 0.475453, 0.191334]
[0.544218, 0.387857, -0.499714, 0.26771, 0.084379]
[0.454581, 0.464418, -0.499953, 0.472059, 0.008854]
[0.539629, 0.456348, -0.498824, 0.442826, 0.460097]
[0.625717, 0.376165, -0.499035, 0.492358, 0.188438]
[0.587732, 0.208682, -0.49916, 0.391956, 0.406275]
[0.585519, 0.239529, -0.498901, 0.335402, 0.35923]
[0.469539, 0.229443, -0.499646, 0.389381, 0.196743]
[0.673767, 0.216296, -0.499226, 0.344636, 0.381439]
[0.498138, 0.237682, -0.499351, 0.459982, 0.237078]
[0.620943, 0.317897, -0.498648, 0.442045, 0.242161]
[0.599509, 0.319826, -0.498479, 0.468653, 0.149745]
[0.638226, 0.290295, -0.499476, 0.450918, 0.348483]
[0.436875, 0.180359, -0.498856, 0.430992, 0.410013]
[0.627595, 0.238749, -0.49926, 0.284133, 0.293104]
[0.58842, 0.161478, -0.499419, 0.279338, 0.304937]
[0.305418, 0.201595, -0.499361, 0.4978, 0.19573]
[0.276622, 0.277106, -0.498494, 0.456508, 0.49661]
[0.345417, 0.285041, -0.498578, 0.27814, 0.121343]
[0.47133, 0.409005, -0.498526, 0.445615, 0.012068]
[0.344312, 0.340465, -0.499869, 0.273167, 0.418325]
[0.456105, 0.149387, -0.499512, 0.379008, 0.063814]
[0.667789, 0.163902, -0.498439, 0.469632, 0.13988]
[0.46318, 0.425829, -0.499841, 0.290056, 0.338629]
[0.398403, 0.30172, -0.498816, 0.431577, 0.172924]
[0.648494, 0.484249, -0.499598, 0.404381, 0.409603]
[0.376704, 0.478205, -0.498628, 0.37236, 0.434023]
[0.473303, 0.482627, -0.499595, 0.253688, 0.196537]
[0.671137, 0.176293, -0.499733, 0.343514, 0.096011]
[0.647662, 0.137656, -0.498777, 0.26156, 0.087202]
[0.281888, 0.190321, -0.499837, 0.412848, 0.146022]
[0.468729, 0.331629, -0.499231, 0.421081, 0.332653]
[0.32205, 0.305072, -0.498792, 0.325148, 0.074962]
[0.332175, 0.223234, -0.499367, 0.441836, 0.380087]
[0.413315, 0.28915, -0.499763, 0.390047, 0.381632]
[0.6555, 0.290985, -0.499404, 0.34464, 0.004682]
[0.36363, 0.376163, -0.499748, 0.380644, 0.013683]
[0.44819, 0.13892, -0.498535, 0.497422, 0.285019]
[0.632228, 0.452852, -0.499229, 0.389321, 0.388648]
[0.507492, 0.258224, -0.498634, 0.444313, 0.438253]
[0.306047, 0.113526, -0.499297, 0.348386, 0.008353]
[0.482435, 0.31872, -0.498458, 0.407285, 0.307298]
[0.40726, 0.289963, -0.498983, 0.449862, 0.34522]
[0.405872, 0.139202, -0.499651, 0.306475, 0.371258]
[0.317253, 0.359246, -0.498691, 0.272388, 0.150322]
[0.62151, 0.112449, -0.499784, 0.334379, 0.243106]
[0.37668, 0.18373, -0.499147, 0.256522, 0.143793]
[0.583339, 0.44511, -0.498943, 0.415018, 0.215207]
[0.320951, 0.234206, -0.499653, 0.237184, 0.230323]
[0.458963, 0.13301, -0.498799, 0.480837, 0.338499]
[0.475714, 0.348785, -0.498745, 0.473901, 0.402052]
[0.567804, 0.198669, -0.498486, 0.353632, 0.239328]
[0.505379, 0.370416, -0.499269, 0.232248, 0.271053]
[0.389883, 0.179748, -0.499165, 0.242068, 0.194993]
[0.337487, 0.402869, -0.499099, 0.243233, 0.002938]
[0.387195, 0.189995, -0.498664, 0.482208, 0.355931]
[0.323465, 0.184938, -0.499559, 0.381894, 0.418351]
[0.319095, 0.25426, -0.499235, 0.273043, 0.300188]
[0.596909, 0.418452, -0.499232, 0.361638, 0.475345]
[0.588761, 0.394115, -0.498823, 0.383911, 0.38516]
[0.506591, 0.210808, -0.499471, 0.407976, 0.183967]
[0.291831, 0.259896, -0.498932, 0.36918, 0.223071]
[0.473928, 0.133282, -0.499218, 0.491463, 0.478344]
[0.406508, 0.126018, -0.498736, 0.233097, 0.35918]
[0.333737, 0.487943, -0.49844, 0.237754, 0.030811]
[0.369211, 0.11328, -0.498743, 0.317566, 0.192628]
[0.520261, 0.477413, -0.499674, 0.417223, 0.393085]
[0.664647, 0.130144, -0.498667, 0.273092, 0.060519]
[0.509266, 0.243275, -0.499038, 0.434818, 0.021461]
[0.624252, 0.405561, -0.499064, 0.32621, 0.140009]
[0.550813, 0.153864, -0.498492, 0.30179, 0.2126]
[0.562054, 0.360544, -0.498683, 0.437527, 0.277621]
[0.648638, 0.457441, -0.498548, 0.487158, 0.164575]
[0.350892, 0.150354, -0.49998, 0.429867, 0.008205]
[0.526897, 0.404071, -0.499848, 0.41065, 0.068754]
[0.288912, 0.439149, -0.499212, 0.312962, 0.291084]
[0.533328, 0.301311, -0.499581, 0.466765, 0.222251]
[0.374621, 0.479248, -0.498432, 0.313798, 0.199531]
[0.671466, 0.364752, -0.499675, 0.286214, 0.452489]
[0.599071, 0.187844, -0.498998, 0.302736, 0.126978]
[0.339116, 0.234286, -0.498752, 0.346014, 0.019968]
[0.486046, 0.413296, -0.499742, 0.328868, 0.472338]
[0.492289, 0.134527, -0.499173, 0.32638, 0.17429]
[0.678217, 0.23578, -0.499404, 0.281043, 0.213603]
[0.349163, 0.278779, -0.499903, 0.414803, 0.246602]
[0.328269, 0.284359, -0.49933, 0.264484, 0.233495]
[0.592688, 0.285918, -0.49863, 0.379878, 0.345081]
[0.369144, 0.446842, -0.499573, 0.359588, 0.346883]
[0.37331, 0.386817, -0.499986, 0.312575, 0.21166]
[0.413696, 0.124186, -0.498419, 0.301554, 0.447424]
[0.550302, 0.290113, -0.499638, 0.287341, 0.437037]
[0.375661, 0.186627, -0.499121, 0.269013, 0.45735]
[0.279362, 0.333883, -0.498551, 0.363377, 0.173613]
[0.47565, 0.201741, -0.498994, 0.446241, 0.331748]
[0.40916, 0.326131, -0.499709, 0.426948, 0.496367]
[0.416119, 0.319608, -0.499201, 0.266106, 0.443286]
[0.523324, 0.498911, -0.498565, 0.297703, 0.177516]
[0.657602, 0.483503, -0.499106, 0.344763, 0.262843]
[0.409672, 0.444845, -0.499555, 0.227296, 0.476202]
[0.309759, 0.362518, -0.499676, 0.295359, 0.180272]
[0.653106, 0.209745, -0.499938, 0.456149, 0.433177]
[0.469392, 0.311266, -0.498538, 0.336925, 0.132544]
[0.420861, 0.15792, -0.498702, 0.355799, 0.08274]
[0.423105, 0.235881, -0.498569, 0.322882, 0.487367]
[0.555783, 0.154822, -0.498857, 0.306909, 0.417008]
[0.360822, 0.214637, -0.499123, 0.242264, 0.28443]
[0.393036, 0.324745, -0.499109, 0.478196, 0.48825]
[0.573248, 0.213528, -0.499116, 0.32441, 0.018449]
[0.579499, 0.464086, -0.499789, 0.34694, 0.429434]
[0.512136, 0.268236, -0.498597, 0.301574, 0.155405]
[0.374046, 0.369952, -0.499905, 0.228903, 0.172638]
[0.636602, 0.311644, -0.499299, 0.33845, 0.23822]
[0.282575, 0.355211, -0.498708, 0.375127, 0.264075]
[0.363431, 0.181266, -0.499627, 0.371154, 0.390238]
[0.370427, 0.451365, -0.498761, 0.319875, 0.487921]
[0.391239, 0.386684, -0.498974, 0.491145, 0.338088]
[0.305813, 0.424955, -0.49867, 0.250405, 0.173954]
[0.384094, 0.136503, -0.499696, 0.351805, 0.098176]
[0.401318, 0.321917, -0.499389, 0.460415, 0.20289]
[0.585892, 0.332023, -0.499518, 0.497771, 0.136064]
[0.311999, 0.266665, -0.498907, 0.418225, 0.24981]
[0.578129, 0.121632, -0.498585, 0.494865, 0.018159]
[0.338987, 0.240598, -0.49845, 0.476334, 0.318896]
[0.578624, 0.271145, -0.499484, 0.436025, 0.105131]
[0.298048, 0.454155, -0.499258, 0.392191, 0.343337]
[0.660549, 0.182846, -0.499432, 0.451147, 0.055065]
[0.646384, 0.32337, -0.499452, 0.479659, 0.474373]
[0.280696, 0.384691, -0.49907, 0.346068, 0.096474]
[0.633181, 0.493132, -0.499338, 0.323773, 0.452399]
[0.313777, 0.289877, -0.499383, 0.482572, 0.017897]
[0.615516, 0.25228, -0.499333, 0.328661, 0.169818]
[0.362952, 0.20387, -0.499465, 0.312691, 0.036207]
[0.509926, 0.211287, -0.499305, 0.240922, 0.026055]
[0.676687, 0.407492, -0.499246, 0.237732, 0.11564]
[0.536228, 0.157245, -0.498598, 0.307088, 0.403365]
[0.307023, 0.456869, -0.49909, 0.276335, 0.270065]
[0.638959, 0.324655, -0.499208, 0.47198, 0.497685]
[0.440457, 0.320535, -0.499756, 0.288894, 0.332818]
[0.479078, 0.353123, -0.499858, 0.468674, 0.008572]
[0.494619, 0.410806, -0.499743, 0.416398, 0.046195]
[0.508461, 0.168615, -0.499251, 0.401555, 0.242606]
[0.280457, 0.234452, -0.499726, 0.406945, 0.353545]
[0.400456, 0.226794, -0.499203, 0.398106, 0.031273]
[0.284558, 0.3702, -0.498616, 0.369921, 0.27803]
[0.356039, 0.40159, -0.49985, 0.488398, 0.098213]
[0.522625, 0.199408, -0.499724, 0.277638, 0.158278]
[0.52876, 0.297932, -0.498792, 0.31914, 0.002107]
[0.489933, 0.239721, -0.498796, 0.304845, 0.319432]
[0.453147, 0.321312, -0.499282, 0.433556, 0.394431]
[0.586496, 0.305937, -0.498733, 0.369033, 0.195929]
[0.41708, 0.139281, -0.499691, 0.426176, 0.430107]
[0.662824, 0.49882, -0.499386, 0.388602, 0.035691]
[0.484815, 0.231624, -0.498413, 0.293066, 0.276473]
[0.345389, 0.286535, -0.499123, 0.479099, 0.342083]
[0.362525, 0.187243, -0.498859, 0.267732, 0.015933]
[0.366911, 0.184606, -0.498729, 0.424395, 0.195186]
[0.472273, 0.477653, -0.499465, 0.382905, 0.185601]
[0.482867, 0.3412, -0.499946, 0.323621, 0.373222]
[0.633314, 0.399081, -0.499487, 0.420098, 0.324053]
[0.358646, 0.405, -0.499536, 0.446881, 0.252744]
[0.348679, 0.126977, -0.49848, 0.261052, 0.42599]
[0.411577, 0.410638, -0.499412, 0.317706, 0.433659]
[0.452423, 0.467827, -0.499912, 0.279548, 0.392938]
[0.430811, 0.448913, -0.499524, 0.452183, 0.064154]
[0.395676, 0.444326, -0.499871, 0.455504, 0.216255]
[0.673764, 0.157949, -0.498425, 0.384709, 0.171032]
[0.578436, 0.242714, -0.499673, 0.425314, 0.102241]
[0.456457, 0.334084, -0.499864, 0.281159, 0.418979]
[0.287218, 0.488002, -0.499105, 0.400269, 0.329069]
[0.314768, 0.24066, -0.499023, 0.309118, 0.184322]
[0.450374, 0.251583, -0.499022, 0.434457, 0.028712]
[0.441865, 0.406662, -0.498854, 0.422761, 0.440306]
[0.63312, 0.449235, -0.499227, 0.491022, 0.36339]
[0.304299, 0.312179, -0.499816, 0.361684, 0.295835]
[0.426135, 0.211147, -0.499394, 0.342212, 0.265453]
[0.614811, 0.288864, -0.499538, 0.433873, 0.118403]
[0.415368, 0.256175, -0.499051, 0.461978, 0.451482]
[0.293868, 0.287335, -0.498786, 0.420416, 0.405079]
[0.322071, 0.170668, -0.498689, 0.383022, 0.148671]
[0.576066, 0.365476, -0.498955, 0.250754, 0.267383]
[0.354751, 0.320452, -0.49978, 0.262303, 0.047686]
[0.668878, 0.291274, -0.499107, 0.255451, 0.409375]
[0.308695, 0.160738, -0.49964, 0.486256, 0.168292]
[0.565128, 0.155197, -0.49897, 0.353282, 0.463224]
[0.305354, 0.484142, -0.49985, 0.433121, 0.30276]
[0.354287, 0.217783, -0.499895, 0.486071, 0.462643]
[0.471402, 0.381663, -0.498644, 0.303968, 0.22673]
[0.536036, 0.338064, -0.499832, 0.232298, 0.076094]
[0.609621, 0.243318, -0.498974, 0.295527, 0.004004]
[0.542076, 0.313312, -0.499672, 0.476671, 0.439366]
[0.336003, 0.135493, -0.499344, 0.300134, 0.365764]
[0.317054, 0.251153, -0.499094, 0.359988, 0.0676]
[0.341415, 0.177169, -0.498631, 0.233857, 0.420152]
[0.552704, 0.244842, -0.498886, 0.348442, 0.111684]
[0.591897, 0.321591, -0.499324, 0.385051, 0.416253]
[0.371669, 0.429536, -0.499019, 0.312351, 0.253368]
[0.574042, 0.123013, -0.499671, 0.351202, 0.456745]
[0.592886, 0.488812, -0.499006, 0.293637, 0.009745]
[0.676664, 0.11411, -0.498907, 0.424989, 0.007391]
[0.678908, 0.16688, -0.498838, 0.336719, 0.204388]
[0.490201, 0.3196, -0.498481, 0.346608, 0.243832]
[0.467798, 0.483648, -0.499976, 0.2489, 0.206022]
[0.423331, 0.212849, -0.499536, 0.437143, 0.480529]
[0.435633, 0.153382, -0.499125, 0.373644, 0.067761]
[0.598944, 0.440775, -0.49987, 0.380172, 0.405757]
[0.538366, 0.245645, -0.498924, 0.252405, 0.259185]
[0.390244, 0.305233, -0.499942, 0.303351, 0.11894]
[0.365013, 0.286918, -0.499494, 0.461474, 0.471127]
[0.473263, 0.402003, -0.499678, 0.255937, 0.372526]
[0.49954, 0.347791, -0.499374, 0.360059, 0.385394]
[0.620636, 0.481551, -0.499057, 0.419259, 0.379223]
[0.524894, 0.346767, -0.499809, 0.227776, 0.3714]
[0.66617, 0.355611, -0.4998, 0.419788, 0.246473]
[0.576801, 0.259439, -0.499265, 0.477846, 0.189426]
[0.339693, 0.244059, -0.499027, 0.353321, 0.21478]
[0.506696, 0.472697, -0.499418, 0.292388, 0.457632]
[0.435457, 0.138853, -0.499359, 0.375065, 0.195299]
[0.461274, 0.129879, -0.498924, 0.242338, 0.389405]
[0.353656, 0.294388, -0.499523, 0.270894, 0.068801]
[0.39249, 0.192687, -0.499339, 0.474853, 0.363894]
[0.502638, 0.468179, -0.499639, 0.348774, 0.459091]
[0.582748, 0.143502, -0.498459, 0.493663, 0.314339]
[0.323256, 0.119521, -0.499725, 0.30818, 0.109068]
[0.455378, 0.347912, -0.498779, 0.340561, 0.466071]
[0.61863, 0.4347, -0.498969, 0.417522, 0.354309]
[0.601336, 0.297813, -0.498596, 0.379125, 0.288134]
[0.577684, 0.175086, -0.499501, 0.230192, 0.40898]
[0.369447, 0.383507, -0.499049, 0.408059, 0.154766]
[0.45244, 0.430762, -0.499963, 0.442936, 0.493701]
[0.599645, 0.260313, -0.49892, 0.425718, 0.14516]
[0.456321, 0.458797, -0.499329, 0.271393, 0.148309]
[0.381555, 0.314744, -0.499792, 0.300094, 0.440882]
[0.396025, 0.465485, -0.49891, 0.264504, 0.350396]
[0.67802, 0.378827, -0.498809, 0.339393, 0.210386]
[0.476907, 0.2904, -0.499669, 0.428031, 0.419546]
[0.445432, 0.393759, -0.499759, 0.489416, 0.159734]
[0.598103, 0.17719, -0.498794, 0.375792, 0.382168]
[0.35943, 0.356471, -0.498577, 0.354256, 0.046701]
[0.601841, 0.372935, -0.499713, 0.293875, 0.378789]
[0.679675, 0.44232, -0.499566, 0.486171, 0.498035]
[0.568642, 0.353312, -0.499726, 0.227615, 0.12752]
[0.475056, 0.114943, -0.498674, 0.393277, 0.074042]
[0.600773, 0.358767, -0.498693, 0.309209, 0.120437]
[0.604903, 0.147588, -0.499712, 0.321281, 0.278248]
[0.412207, 0.166576, -0.499836, 0.346058, 0.400918]
[0.621463, 0.183444, -0.498442, 0.291113, 0.070023]
[0.484168, 0.469464, -0.499493, 0.259752, 0.444629]
[0.506714, 0.432633, -0.498489, 0.474498, 0.055813]
[0.362734, 0.391629, -0.499842, 0.320184, 0.323332]
[0.29837, 0.220793, -0.499203, 0.308027, 0.090489]
[0.315799, 0.238377, -0.499785, 0.240562, 0.058531]
[0.270758, 0.490067, -0.498977, 0.298397, 0.33056]
[0.474894, 0.355295, -0.498873, 0.23358, 0.113397]
[0.460877, 0.361045, -0.499979, 0.33131, 0.474071]
[0.412793, 0.34955, -0.499396, 0.318913, 0.004631]
[0.580611, 0.37288, -0.498874, 0.330519, 0.013015]
[0.454507, 0.48091, -0.499382, 0.297927, 0.484383]
[0.398054, 0.237904, -0.499141, 0.472381, 0.422652]
[0.383622, 0.317103, -0.499, 0.34595, 0.115978]
[0.384251, 0.398145, -0.498788, 0.238583, 0.413267]
[0.479408, 0.261265, -0.499925, 0.244023, 0.28909]
[0.617522, 0.316205, -0.499437, 0.396354, 0.048449]
[0.353991, 0.35715, -0.498903, 0.278144, 0.23058]
[0.498707, 0.164297, -0.499647, 0.284647, 0.005614]
[0.424629, 0.328006, -0.499838, 0.231683, 0.21402]
[0.34831, 0.436813, -0.498736, 0.284887, 0.384394]
[0.569525, 0.443755, -0.498463, 0.330112, 0.311937]
[0.293879, 0.29132, -0.499713, 0.265998, 0.377941]
[0.403404, 0.244003, -0.499702, 0.372286, 0.100966]
[0.653282, 0.112376, -0.499318, 0.39747, 0.304752]
[0.336498, 0.376696, -0.498566, 0.422421, 0.04382]
[0.446749, 0.187928, -0.499774, 0.245529, 0.395368]
[0.316393, 0.320669, -0.499139, 0.409208, 0.258943]
[0.395869, 0.398443, -0.4992, 0.379469, 0.375846]
[0.502034, 0.471563, -0.499981, 0.258618, 0.306055]
[0.51894, 0.379133, -0.498574, 0.360965, 0.390624]
[0.459039, 0.488864, -0.499282, 0.292311, 0.36769]
[0.297495, 0.273045, -0.498542, 0.466992, 0.244215]
[0.328881, 0.332258, -0.498443, 0.476317, 0.368105]
[0.541096, 0.398129, -0.499343, 0.313938, 0.114744]
[0.656281, 0.310621, -0.499516, 0.469163, 0.173312]
[0.546243, 0.124435, -0.499408, 0.289693, 0.243201]
[0.303408, 0.494305, -0.49841, 0.41248, 0.15976]
[0.610944, 0.487468, -0.499096, 0.437952, 0.391808]
[0.616662, 0.419005, -0.498856, 0.419366, 0.427068]
[0.297653, 0.273598, -0.499974, 0.250866, 0.30421]
[0.338427, 0.369624, -0.498515, 0.248459, 0.416394]
[0.524889, 0.444453, -0.498708, 0.467942, 0.442912]
[0.550922, 0.492224, -0.499835, 0.25284, 0.00766]
[0.500069, 0.146575, -0.499162, 0.243785, 0.423212]
[0.521169, 0.290075, -0.499039, 0.497284, 0.454464]
[0.269641, 0.34498, -0.498767, 0.242141, 0.416988]
[0.485306, 0.283814, -0.499754, 0.292576, 0.295171]
[0.357827, 0.179987, -0.498462, 0.344549, 0.002728]
[0.510327, 0.280843, -0.499713, 0.477029, 0.13074]
[0.392605, 0.466324, -0.499323, 0.274173, 0.452332]
[0.637509, 0.239584, -0.498618, 0.268903, 0.037116]
[0.622515, 0.224778, -0.499354, 0.246598, 0.478997]
[0.632931, 0.490821, -0.499216, 0.32777, 0.218815]
[0.612766, 0.127837, -0.499027, 0.306266, 0.323314]
[0.427116, 0.371942, -0.499286, 0.267465, 0.480269]
[0.388477, 0.253303, -0.499967, 0.310981, 0.273991]
[0.367351, 0.491208, -0.499925, 0.313482, 0.263003]
[0.529726, 0.213086, -0.498618, 0.280087, 0.238393]
[0.417996, 0.261796, -0.499589, 0.313861, 0.02744]
[0.508239, 0.172472, -0.499529, 0.378665, 0.496488]
[0.400654, 0.431512, -0.498951, 0.268026, 0.25406]
[0.352954, 0.324251, -0.498465, 0.459979, 0.048416]
[0.674429, 0.300865, -0.499484, 0.354534, 0.439623]
[0.309557, 0.458182, -0.499898, 0.461656, 0.076729]
[0.474157, 0.47251, -0.499972, 0.338718, 0.244418]
[0.546668, 0.209591, -0.499107, 0.322521, 0.049719]
[0.400404, 0.274017, -0.499124, 0.405994, 0.028134]
[0.551949, 0.152874, -0.499741, 0.394388, 0.279957]
[0.655084, 0.389979, -0.498792, 0.416219, 0.044847]
[0.498081, 0.111693, -0.499667, 0.252859, 0.195178]
[0.312884, 0.127801, -0.499181, 0.231739, 0.361535]
[0.555302, 0.222256, -0.499316, 0.24692, 0.303337]
[0.407682, 0.126919, -0.49897, 0.3653, 0.016064]
[0.463992, 0.395196, -0.498448, 0.392339, 0.464247]
[0.662777, 0.233078, -0.499825, 0.308207, 0.061816]
[0.592824, 0.375842, -0.498844, 0.26906, 0.45253]
[0.310935, 0.39426, -0.499506, 0.309852, 0.255101]
[0.291855, 0.131847, -0.499666, 0.262834, 0.315495]
[0.464154, 0.481161, -0.499964, 0.249876, 0.360749]
[0.27783, 0.140156, -0.49896, 0.346293, 0.337157]
[0.40247, 0.198975, -0.498615, 0.252681, 0.335786]
[0.446056, 0.16184, -0.499675, 0.247107, 0.173172]
[0.589671, 0.203228, -0.499922, 0.482723, 0.155397]
[0.580644, 0.327299, -0.499963, 0.43395, 0.182209]
[0.62074, 0.331236, -0.499059, 0.363626, 0.448948]
[0.569237, 0.191958, -0.49955, 0.302338, 0.044568]
[0.441857, 0.477594, -0.498934, 0.487643, 0.306467]
[0.630282, 0.175909, -0.499365, 0.263838, 0.107303]
[0.665069, 0.284019, -0.499208, 0.306233, 0.464283]
[0.500986, 0.47033, -0.4995, 0.30813, 0.411653]
[0.288751, 0.465937, -0.499101, 0.332548, 0.063922]
[0.433592, 0.471703, -0.498857, 0.42216, 0.127019]
[0.469793, 0.312717, -0.499523, 0.431632, 0.009379]
[0.613072, 0.348236, -0.499981, 0.248476, 0.149502]
[0.469328, 0.334366, -0.499355, 0.379773, 0.306413]
[0.588617, 0.481135, -0.499752, 0.25775, 0.240116]
[0.53826, 0.436838, -0.499123, 0.268966, 0.006927]
[0.332273, 0.349334, -0.4998, 0.41019, 0.351105]
[0.552599, 0.207642, -0.498751, 0.352185, 0.445511]
[0.551194, 0.206719, -0.499324, 0.491754, 0.09494]
[0.327248, 0.409223, -0.498811, 0.313533, 0.388006]
[0.419692, 0.161047, -0.499525, 0.391473, 0.004254]
[0.610111, 0.221306, -0.499278, 0.487163, 0.194193]
[0.662836, 0.334388, -0.499429, 0.412308, 0.124219]
[0.665987, 0.478934, -0.499468, 0.288923, 0.24916]
[0.574033, 0.167613, -0.49942, 0.498448, 0.373778]
[0.524534, 0.379921, -0.499543, 0.321749, 0.151206]
[0.307086, 0.343536, -0.498821, 0.368117, 0.41106]
[0.597927, 0.236829, -0.499187, 0.348878, 0.158737]
[0.278017, 0.133479, -0.499876, 0.409239, 0.154364]
[0.375643, 0.429795, -0.49966, 0.285338, 0.472647]
[0.406883, 0.338816, -0.498419, 0.366138, 0.111925]
[0.414082, 0.499973, -0.498638, 0.428986, 0.090089]
[0.474261, 0.296038, -0.499048, 0.244673, 0.410184]
[0.290597, 0.416821, -0.498482, 0.294026, 0.354074]
[0.614557, 0.304668, -0.499278, 0.427917, 0.004308]
[0.572521, 0.493209, -0.498895, 0.268225, 0.326671]
[0.59071, 0.418577, -0.499178, 0.353061, 0.330708]
[0.463104, 0.23599, -0.499063, 0.396268, 0.158927]
[0.288722, 0.41443, -0.498781, 0.402958, 0.13678]
[0.473538, 0.495513, -0.498818, 0.470879, 0.272634]
[0.652427, 0.319382, -0.499879, 0.385899, 0.195616]
[0.649936, 0.371605, -0.498871, 0.370174, 0.220972]
[0.477091, 0.484981, -0.498857, 0.367595, 0.127644]
[0.327235, 0.371939, -0.49881, 0.319778, 0.048979]
[0.32619, 0.160217, -0.498626, 0.229288, 0.317226]
[0.306104, 0.131677, -0.498552, 0.477057, 0.4315]
[0.390008, 0.343744, -0.498914, 0.372762, 0.104494]
[0.322287, 0.233086, -0.498815, 0.359745, 0.426092]
[0.620704, 0.171887, -0.49896, 0.284527, 0.202007]
[0.426391, 0.457408, -0.499649, 0.228189, 0.011638]
[0.438046, 0.484921, -0.499436, 0.255625, 0.315936]
[0.646076, 0.386059, -0.499309, 0.47881, 0.47394]
[0.459032, 0.252402, -0.499118, 0.358331, 0.437933]
[0.656744, 0.290637, -0.498601, 0.415388, 0.395168]
[0.668621, 0.420105, -0.499004, 0.315635, 0.305716]
[0.458131, 0.266054, -0.499213, 0.394874, 0.28533]
[0.413652, 0.391525, -0.499863, 0.252513, 0.041658]
[0.483047, 0.421548, -0.498906, 0.408166, 0.136113]
[0.629761, 0.454766, -0.498415, 0.495461, 0.12442]
[0.638893, 0.27085, -0.498574, 0.33277, 0.113527]
[0.484833, 0.335089, -0.498985, 0.325529, 0.247549]
[0.61417, 0.256588, -0.499751, 0.236373, 0.438451]
[0.429092, 0.334228, -0.49918, 0.429542, 0.110256]
[0.439426, 0.210291, -0.499667, 0.275686, 0.485654]
[0.495022, 0.202269, -0.499477, 0.282111, 0.406301]
[0.536417, 0.152631, -0.499248, 0.332873, 0.020004]
[0.442488, 0.186422, -0.499931, 0.434388, 0.326037]
[0.429154, 0.185473, -0.499295, 0.257122, 0.352415]
[0.633515, 0.358551, -0.499028, 0.391024, 0.182302]
[0.356403, 0.363811, -0.499157, 0.31166, 0.431108]
[0.479569, 0.161809, -0.499786, 0.364346, 0.385818]
[0.318749, 0.256771, -0.499217, 0.286793, 0.458221]
[0.449065, 0.283102, -0.499768, 0.384584, 0.309512]
[0.270912, 0.199337, -0.49859, 0.447379, 0.115028]
[0.647064, 0.415316, -0.49927, 0.482176, 0.295122]
[0.57032, 0.261583, -0.498841, 0.48753, 0.290489]
[0.539151, 0.366961, -0.498968, 0.433236, 0.050737]
[0.451279, 0.254932, -0.498622, 0.274244, 0.461714]
[0.650863, 0.248095, -0.499797, 0.392147, 0.004741]
[0.522817, 0.162553, -0.499235, 0.496765, 0.295136]
[0.574957, 0.329746, -0.498699, 0.410384, 0.238109]
[0.526113, 0.417072, -0.499749, 0.320109, 0.495839]
[0.413197, 0.322088, -0.498465, 0.461694, 0.214232]
[0.582542, 0.496815, -0.498611, 0.415146, 0.428143]
[0.676119, 0.142232, -0.499528, 0.35096, 0.341534]
[0.477648, 0.209092, -0.499578, 0.310487, 0.330333]
[0.67218, 0.470761, -0.49851, 0.392308, 0.363832]
[0.269067, 0.4258, -0.498868, 0.269486, 0.212716]
[0.486628, 0.129617, -0.499731, 0.44951, 0.068517]
[0.40411, 0.189221, -0.499585, 0.422507, 0.006693]
[0.5564, 0.361797, -0.498929, 0.346067, 0.049105]
[0.512677, 0.340823, -0.49855, 0.267221, 0.081785]
[0.339477, 0.221485, -0.499149, 0.25877, 0.467955]
[0.491734, 0.207187, -0.498597, 0.315075, 0.153809]
[0.33232, 0.193748, -0.499214, 0.351862, 0.197413]
[0.555561, 0.256373, -0.498841, 0.339075, 0.106492]
[0.571003, 0.327851, -0.498872, 0.283116, 0.45299]
[0.295537, 0.397466, -0.499231, 0.370449, 0.054219]
[0.295531, 0.282837, -0.499222, 0.445437, 0.440243]
[0.367751, 0.418977, -0.499448, 0.321968, 0.1738]
[0.673069, 0.33643, -0.498752, 0.256992, 0.438697]
[0.523092, 0.496744, -0.499718, 0.294164, 0.291329]
[0.575962, 0.407377, -0.499864, 0.444717, 0.175296]
[0.418049, 0.244926, -0.499151, 0.464458, 0.457499]
[0.320202, 0.432169, -0.499239, 0.374922, 0.304824]
[0.636293, 0.337495, -0.499954, 0.291438, 0.478391]
[0.285161, 0.435833, -0.499498, 0.32506, 0.341589]
[0.35114, 0.158848, -0.49982, 0.394688, 0.021007]
[0.29402, 0.41153, -0.498843, 0.392426, 0.322605]
[0.315286, 0.228537, -0.499002, 0.447759, 0.139865]
[0.286126, 0.252626, -0.499387, 0.370459, 0.34258]
[0.331986, 0.116373, -0.499884, 0.334018, 0.039872]
[0.524973, 0.360345, -0.498991, 0.271083, 0.387032]
[0.573244, 0.211051, -0.499968, 0.332978, 0.198719]
[0.469766, 0.215659, -0.499848, 0.401124, 0.436007]
[0.444969, 0.167037, -0.49988, 0.487615, 0.413665]
[0.383116, 0.345122, -0.499743, 0.401077, 0.269504]
[0.651762, 0.240092, -0.49869, 0.238423, 0.477354]
[0.318453, 0.44565, -0.499377, 0.472518, 0.171821]
[0.495314, 0.377614, -0.499787, 0.411826, 0.135215]
[0.524064, 0.401406, -0.498728, 0.470306, 0.066075]
[0.328918, 0.258325, -0.499152, 0.411633, 0.061136]
[0.562667, 0.469954, -0.498606, 0.477425, 0.498005]
[0.619154, 0.352491, -0.498625, 0.245736, 0.059613]
[0.611619, 0.33594, -0.499633, 0.442979, 0.198952]
[0.312947, 0.356297, -0.499715, 0.274512, 0.087221]
[0.414037, 0.499163, -0.498546, 0.356843, 0.125995]
[0.372391, 0.128218, -0.498841, 0.258719, 0.130422]
[0.410635, 0.197912, -0.499696, 0.496886, 0.196363]
[0.552431, 0.13359, -0.499427, 0.392054, 0.497617]
[0.416549, 0.372539, -0.498431, 0.464785, 0.181461]
[0.642839, 0.217333, -0.499159, 0.493267, 0.167438]
[0.4251, 0.31037, -0.499623, 0.305658, 0.070699]
[0.60955, 0.330878, -0.498939, 0.422377, 0.268543]
[0.275754, 0.129937, -0.49848, 0.254096, 0.429076]
[0.498784, 0.248786, -0.499952, 0.415863, 0.395643]
[0.354417, 0.275891, -0.499894, 0.267946, 0.154655]
[0.631228, 0.231652, -0.499761, 0.492211, 0.15481]
[0.520781, 0.283383, -0.498436, 0.485947, 0.207581]
[0.53694, 0.351437, -0.498764, 0.272751, 0.076062]
[0.457123, 0.47073, -0.499054, 0.335687, 0.377161]
[0.317944, 0.40435, -0.499751, 0.384497, 0.170523]
[0.410098, 0.3187, -0.499367, 0.401941, 0.247491]
[0.659977, 0.283157, -0.499567, 0.49682, 0.276492]
[0.339757, 0.269964, -0.499623, 0.302177, 0.116731]
[0.47922, 0.204486, -0.498797, 0.325836, 0.421272]
[0.313639, 0.383131, -0.498633, 0.24154, 0.262509]
[0.483433, 0.280697, -0.498424, 0.387115, 0.147224]
[0.608637, 0.343079, -0.499305, 0.331857, 0.052167]
[0.66212, 0.143854, -0.499425, 0.312266, 0.072554]
[0.487858, 0.339682, -0.499149, 0.492288, 0.220897]
[0.292681, 0.399393, -0.49848, 0.320309, 0.224412]
[0.388448, 0.32876, -0.49971, 0.283734, 0.026726]
[0.299206, 0.112434, -0.498692, 0.482835, 0.163027]
[0.323418, 0.248627, -0.499209, 0.329178, 0.124434]
[0.325512, 0.119738, -0.498538, 0.229251, 0.097594]
[0.621181, 0.268032, -0.499107, 0.337793, 0.291931]
[0.419667, 0.276229, -0.499237, 0.456791, 0.160421]
[0.285445, 0.445173, -0.499589, 0.235595, 0.098508]
[0.396902, 0.121326, -0.4996, 0.371321, 0.352706]
[0.428159, 0.3797, -0.4987, 0.362924, 0.207381]
[0.358766, 0.117856, -0.499581, 0.305759, 0.011619]
[0.433372, 0.285101, -0.498437, 0.441079, 0.230967]
[0.421383, 0.133128, -0.499712, 0.283007, 0.15423]
[0.508575, 0.209343, -0.499677, 0.358049, 0.119239]
[0.552091, 0.175957, -0.498412, 0.478635, 0.280157]
[0.414524, 0.120491, -0.49942, 0.412597, 0.181768]
[0.627611, 0.26679, -0.49946, 0.468822, 0.324108]
[0.615283, 0.215421, -0.498523, 0.43471, 0.292961]
[0.605332, 0.290326, -0.499835, 0.310719, 0.388779]
[0.41965, 0.282269, -0.498455, 0.356356, 0.429455]
[0.34329, 0.391888, -0.499794, 0.370905, 0.179998]
[0.47209, 0.214357, -0.498698, 0.371386, 0.244724]
[0.614551, 0.122403, -0.499421, 0.386664, 0.324387]
[0.557198, 0.135785, -0.499295, 0.433412, 0.465802]
[0.584553, 0.414189, -0.499377, 0.321625, 0.013181]
[0.363946, 0.456237, -0.499408, 0.244827, 0.187985]
[0.438345, 0.383726, -0.499869, 0.448443, 0.201755]
[0.444342, 0.242982, -0.498843, 0.461068, 0.293364]
[0.327926, 0.113148, -0.499241, 0.335223, 0.236342]
[0.433337, 0.366425, -0.49969, 0.251349, 0.312475]
[0.341369, 0.281453, -0.498513, 0.227323, 0.174189]
[0.529365, 0.386573, -0.499957, 0.300904, 0.499975]
[0.345857, 0.488404, -0.499922, 0.27539, 0.400776]
[0.599302, 0.185411, -0.499688, 0.407607, 0.15038]
[0.38999, 0.415758, -0.498932, 0.477963, 0.327222]
[0.419116, 0.43869, -0.499573, 0.466871, 0.012077]
[0.643149, 0.463477, -0.49899, 0.451859, 0.483816]
[0.440277, 0.135011, -0.499347, 0.275045, 0.329001]
[0.539849, 0.415193, -0.499134, 0.428267, 0.165179]
[0.639857, 0.287539, -0.499551, 0.419153, 0.020438]
[0.336485, 0.26086, -0.499787, 0.304553, 0.456954]
[0.464936, 0.373605, -0.499594, 0.334761, 0.087947]
[0.584366, 0.385116, -0.498762, 0.313118, 0.093973]
[0.515448, 0.423138, -0.499122, 0.286995, 0.297239]
[0.314483, 0.158785, -0.498693, 0.456622, 0.23064]
[0.367055, 0.435554, -0.49939, 0.444736, 0.362095]
[0.478848, 0.396939, -0.499911, 0.408746, 0.373422]
[0.385867, 0.217822, -0.499734, 0.237395, 0.391998]
[0.423108, 0.134886, -0.498494, 0.329252, 0.00025]
[0.363825, 0.436596, -0.499664, 0.257066, 0.164542]
[0.301885, 0.212289, -0.499859, 0.243567, 0.06465]
[0.524002, 0.211227, -0.498823, 0.325202, 0.413131]
[0.517339, 0.295409, -0.499514, 0.452941, 0.060198]
[0.357607, 0.429562, -0.499397, 0.390943, 0.344287]
[0.533723, 0.377614, -0.498893, 0.48778, 0.33834]
[0.499297, 0.447508, -0.499932, 0.371345, 0.408998]
[0.528399, 0.271214, -0.498972, 0.363501, 0.396987]
[0.605283, 0.266168, -0.498501, 0.330498, 0.367074]
[0.487006, 0.376562, -0.499985, 0.271823, 0.211483]
[0.595692, 0.478727, -0.498658, 0.490816, 0.297624]
[0.611565, 0.47631, -0.499009, 0.235741, 0.107045]
[0.610371, 0.185215, -0.499523, 0.250148, 0.055477]
[0.536668, 0.165811, -0.499821, 0.399213, 0.462304]
[0.325895, 0.181552, -0.499645, 0.231329, 0.095432]
[0.65819, 0.225852, -0.498491, 0.466082, 0.021596]
[0.316049, 0.285859, -0.499499, 0.350093, 0.039602]
[0.448149, 0.336579, -0.498932, 0.408307, 0.098316]
[0.569763, 0.284775, -0.4994, 0.268613, 0.463665]
[0.337945, 0.353326, -0.499761, 0.352007, 0.295565]
[0.40824, 0.286145, -0.498729, 0.392913, 0.05966]
[0.321718, 0.20185, -0.498878, 0.23093, 0.2951]
[0.413142, 0.373652, -0.498436, 0.472735, 0.40753]
[0.674869, 0.160792, -0.499709, 0.362447, 0.259009]
[0.458169, 0.415781, -0.49959, 0.434994, 0.471598]
[0.410237, 0.112475, -0.499074, 0.32238, 0.336855]
[0.557117, 0.116132, -0.499358, 0.409755, 0.458129]
[0.453599, 0.178205, -0.498424, 0.353394, 0.260412]
[0.454517, 0.240522, -0.499657, 0.295022, 0.240665]
[0.617583, 0.463063, -0.499786, 0.23391, 0.47665]
[0.568943, 0.337562, -0.499962, 0.27442, 0.393232]
[0.33451, 0.447211, -0.499863, 0.452203, 0.238476]
[0.574297, 0.476473, -0.499544, 0.468253, 0.059922]
[0.602498, 0.119853, -0.499146, 0.391239, 0.18285]
[0.367333, 0.288092, -0.499918, 0.363398, 0.024299]
[0.380383, 0.319986, -0.498542, 0.403694, 0.225237]
[0.322064, 0.222822, -0.499217, 0.449067, 0.189761]
[0.665077, 0.150362, -0.499141, 0.343263, 0.017318]
[0.585405, 0.471261, -0.499162, 0.264442, 0.146887]
[0.520013, 0.144266, -0.499381, 0.473048, 0.152525]
[0.371119, 0.111409, -0.498736, 0.44511, 0.145751]
[0.527497, 0.315054, -0.499652, 0.353756, 0.147594]
[0.305608, 0.346016, -0.499315, 0.372399, 0.242041]
[0.468092, 0.136824, -0.498898, 0.314468, 0.499566]
[0.335904, 0.241949, -0.498958, 0.400805, 0.204888]
[0.458252, 0.153196, -0.498744, 0.236974, 0.310736]
[0.456376, 0.240838, -0.499465, 0.469681, 0.357657]
[0.310075, 0.321383, -0.499204, 0.406766, 0.052954]
[0.334213, 0.142412, -0.498494, 0.45764, 0.222368]
[0.642886, 0.316016, -0.499221, 0.47424, 0.009156]
[0.339923, 0.193691, -0.498409, 0.29104, 0.441417]
[0.519565, 0.33161, -0.498939, 0.378051, 0.438837]
[0.307121, 0.384706, -0.49941, 0.426276, 0.091254]
[0.286042, 0.118438, -0.498709, 0.44881, 0.127933]
[0.567897, 0.498257, -0.499585, 0.308286, 0.142963]
[0.550342, 0.456143, -0.499463, 0.3165, 0.323152]
[0.432324, 0.370706, -0.49891, 0.263725, 0.339279]
[0.556146, 0.226558, -0.498881, 0.378309, 0.003863]
[0.636804, 0.294627, -0.498668, 0.468956, 0.255338]
[0.281888, 0.140343, -0.499652, 0.409712, 0.305925]
[0.526243, 0.211685, -0.499957, 0.3239, 0.275602]
[0.365627, 0.483512, -0.499843, 0.250929, 0.07407]
[0.326153, 0.352244, -0.499805, 0.319229, 0.089391]
[0.53843, 0.186738, -0.49848, 0.389817, 0.101902]
[0.288399, 0.316189, -0.499299, 0.340747, 0.486142]
[0.672684, 0.233496, -0.498902, 0.388618, 0.297242]
[0.6677, 0.479045, -0.499397, 0.427797, 0.34721]
[0.283244, 0.410099, -0.498674, 0.292507, 0.048088]
[0.484676, 0.303501, -0.498843, 0.35429, 0.48066]
[0.601566, 0.333154, -0.499762, 0.402785, 0.457661]
[0.331526, 0.345028, -0.499654, 0.399292, 0.166823]
[0.464834, 0.386008, -0.499737, 0.333506, 0.302597]
[0.443456, 0.499494, -0.499968, 0.248537, 0.361887]
[0.404379, 0.267442, -0.499764, 0.493936, 0.259536]
[0.418387, 0.121502, -0.499006, 0.299231, 0.343319]
[0.669923, 0.183386, -0.499144, 0.285006, 0.317581]
[0.650546, 0.272597, -0.499957, 0.482932, 0.366699]
[0.302027, 0.346719, -0.499465, 0.362263, 0.234636]
[0.439521, 0.499921, -0.499788, 0.497695, 0.423145]
[0.393301, 0.309712, -0.498463, 0.239988, 0.193497]
[0.356303, 0.340833, -0.499803, 0.429747, 0.382475]
[0.395794, 0.31914, -0.499775, 0.457188, 0.294932]
[0.530079, 0.274763, -0.498931, 0.313695, 0.199507]
[0.351423, 0.179433, -0.499231, 0.288254, 0.451115]
[0.515322, 0.364763, -0.498668, 0.305762, 0.099823]
[0.361538, 0.358807, -0.499985, 0.28301, 0.110019]
[0.310082, 0.211786, -0.49861, 0.41332, 0.106653]
[0.61225, 0.140483, -0.498447, 0.291364, 0.481619]
[0.422129, 0.398631, -0.498547, 0.275752, 0.068413]
[0.404646, 0.320437, -0.498808, 0.338966, 0.292187]
[0.439724, 0.413487, -0.498743, 0.378309, 0.371695]
[0.604678, 0.246144, -0.499504, 0.258012, 0.007518]
[0.488823, 0.223685, -0.499701, 0.475572, 0.341499]
[0.289042, 0.350056, -0.49888, 0.404302, 0.239592]
[0.677027, 0.4134, -0.499042, 0.488031, 0.388063]
[0.302728, 0.494785, -0.499941, 0.49087, 0.328175]
[0.3018, 0.392735, -0.49911, 0.311565, 0.157369]
[0.270684, 0.203167, -0.498597, 0.328464, 0.165877]
[0.499566, 0.371882, -0.498664, 0.493345, 0.009725]
[0.382493, 0.124273, -0.499943, 0.379836, 0.080032]
[0.567491, 0.27762, -0.499373, 0.358529, 0.183589]
[0.434384, 0.381015, -0.498757, 0.252848, 0.027517]
[0.580338, 0.160827, -0.498567, 0.400871, 0.393453]
[0.400196, 0.36527, -0.499286, 0.44767, 0.492561]
[0.447652, 0.287872, -0.498869, 0.310281, 0.447772]
[0.644752, 0.118392, -0.499733, 0.235509, 0.042257]
[0.302037, 0.236883, -0.498974, 0.486917, 0.141653]
[0.402171, 0.390023, -0.498695, 0.45062, 0.270711]
[0.361359, 0.495938, -0.499175, 0.464686, 0.105641]
[0.514815, 0.115176, -0.498601, 0.439072, 0.141408]
[0.663822, 0.47265, -0.499235, 0.23172, 0.186189]
[0.388851, 0.291978, -0.498697, 0.398439, 0.220774]
[0.675871, 0.284356, -0.498565, 0.244656, 0.046038]
[0.405554, 0.138466, -0.499876, 0.336922, 0.05699]
[0.507256, 0.161148, -0.499512, 0.311689, 0.455555]
[0.436326, 0.418983, -0.49861, 0.388955, 0.271384]
[0.660816, 0.229415, -0.499697, 0.457389, 0.079879]
[0.469284, 0.470343, -0.498787, 0.345188, 0.07871]
[0.643007, 0.220128, -0.498721, 0.384017, 0.372364]
[0.458707, 0.470249, -0.499137, 0.252957, 0.171385]
[0.293637, 0.212293, -0.498615, 0.393688, 0.355283]
[0.652693, 0.368391, -0.499073, 0.375165, 0.473226]
[0.570063, 0.387628, -0.499915, 0.386794, 0.172753]
[0.552049, 0.127966, -0.499618, 0.406086, 0.232883]
[0.354211, 0.26486, -0.498681, 0.345325, 0.381911]
[0.48628, 0.45191, -0.498962, 0.40573, 0.06583]
[0.319396, 0.111781, -0.499516, 0.377564, 0.277668]
[0.657397, 0.432482, -0.499414, 0.411269, 0.374852]
[0.483811, 0.431702, -0.498428, 0.398636, 0.251106]
[0.490528, 0.15448, -0.498864, 0.296516, 0.44429]
[0.572512, 0.41668, -0.499231, 0.493404, 0.077665]
[0.654486, 0.254841, -0.499325, 0.30112, 0.399546]
[0.333891, 0.492885, -0.499594, 0.240568, 0.104715]
[0.532403, 0.444013, -0.499256, 0.43706, 0.358682]
[0.592423, 0.241374, -0.499695, 0.38049, 0.295721]
[0.326018, 0.238221, -0.499565, 0.434912, 0.170075]
[0.595658, 0.188003, -0.498419, 0.344903, 0.253627]
[0.352316, 0.233346, -0.499444, 0.31607, 0.188015]
[0.37734, 0.152087, -0.498461, 0.382901, 0.047836]
[0.360465, 0.154146, -0.499279, 0.467434, 0.332466]
[0.656164, 0.42066, -0.499421, 0.263118, 0.384269]
[0.555303, 0.313549, -0.499287, 0.356895, 0.299888]
[0.677878, 0.192627, -0.498762, 0.30989, 0.137966]
[0.312724, 0.218025, -0.49857, 0.288182, 0.212629]
[0.665879, 0.394251, -0.499903, 0.406632, 0.495096]
[0.565073, 0.315971, -0.499649, 0.270044, 0.205981]
[0.444945, 0.330398, -0.499772, 0.405439, 0.28067]
[0.315652, 0.184573, -0.499879, 0.357146, 0.095542]
[0.442233, 0.127184, -0.499162, 0.323118, 0.44369]
[0.530178, 0.194024, -0.498505, 0.296953, 0.442884]
[0.358926, 0.235402, -0.499107, 0.362251, 0.421472]
[0.480463, 0.146272, -0.49952, 0.428412, 0.266877]
[0.646679, 0.361148, -0.499775, 0.375019, 0.133076]
[0.516959, 0.423779, -0.499796, 0.2942, 0.30447]
[0.609343, 0.273643, -0.498541, 0.25455, 0.115129]
[0.270841, 0.147282, -0.499231, 0.316057, 0.422574]
[0.486944, 0.127305, -0.498593, 0.234925, 0.262499]
[0.613891, 0.415244, -0.499592, 0.289815, 0.16919]
[0.307092, 0.295907, -0.499889, 0.275702, 0.379888]
[0.393346, 0.483331, -0.498658, 0.495826, 0.453255]
[0.6094, 0.370801, -0.499322, 0.295415, 0.297205]
[0.331889, 0.446799, -0.498668, 0.322278, 0.132851]
[0.46566, 0.445097, -0.49903, 0.347929, 0.107504]
[0.507292, 0.18774, -0.499346, 0.462506, 0.46949]
[0.532975, 0.325164, -0.499967, 0.377205, 0.318624]
[0.336761, 0.119725, -0.498441, 0.295602, 0.096055]
[0.329919, 0.293178, -0.498675, 0.497786, 0.335987]
[0.271723, 0.149288, -0.498713, 0.336882, 0.179888]
[0.299913, 0.355042, -0.499472, 0.497846, 0.04603]
[0.48797, 0.462082, -0.499645, 0.352053, 0.280433]
[0.406993, 0.292074, -0.498821, 0.419576, 0.080036]
[0.612139, 0.13228, -0.499658, 0.29415, 0.294029]
[0.665523, 0.141464, -0.499608, 0.443447, 0.235969]
[0.596457, 0.162025, -0.498617, 0.248124, 0.352022]
[0.347061, 0.492408, -0.498592, 0.3106, 0.054158]
[0.453968, 0.164229, -0.499472, 0.280595, 0.244528]
[0.573862, 0.229547, -0.499944, 0.240161, 0.209291]
[0.274955, 0.27725, -0.49866, 0.410614, 0.481976]
[0.635134, 0.436767, -0.498413, 0.452692, 0.477215]
[0.323158, 0.225985, -0.499546, 0.48857, 0.384871]
[0.283018, 0.481249, -0.499175, 0.442504, 0.198498]
[0.388836, 0.243173, -0.498786, 0.307424, 0.073889]
[0.273857, 0.296633, -0.498887, 0.259081, 0.327271]
[0.402538, 0.332434, -0.499023, 0.415834, 0.245595]
[0.336907, 0.196433, -0.499883, 0.38549, 0.114355]
[0.565647, 0.173394, -0.498996, 0.262425, 0.137396]
[0.283179, 0.31077, -0.49918, 0.27285, 0.373615]
[0.547339, 0.391665, -0.499157, 0.239566, 0.313375]
[0.586663, 0.244679, -0.498679, 0.394707, 0.063534]
[0.376142, 0.451299, -0.498882, 0.390937, 0.339713]
[0.400713, 0.242741, -0.499512, 0.374326, 0.087403]
[0.57009, 0.456887, -0.498921, 0.446854, 0.304656]
[0.620277, 0.195009, -0.499091, 0.243715, 0.396727]
[0.376973, 0.420557, -0.49891, 0.260037, 0.144039]
[0.344462, 0.39687, -0.498947, 0.320847, 0.121929]
[0.331702, 0.42035, -0.49884, 0.453875, 0.122583]
[0.615205, 0.200433, -0.498959, 0.494639, 0.121691]
[0.484415, 0.124694, -0.499446, 0.407578, 0.121562]
[0.531257, 0.211335, -0.499442, 0.498022, 0.440545]
[0.65275, 0.461642, -0.499904, 0.467115, 0.38127]
[0.53994, 0.407393, -0.498466, 0.497342, 0.233363]
[0.331152, 0.364263, -0.499085, 0.241508, 0.293022]
[0.541788, 0.431865, -0.499623, 0.299863, 0.012755]
[0.63626, 0.309623, -0.499812, 0.363545, 0.172948]
[0.341032, 0.410303, -0.499332, 0.412544, 0.447722]
[0.348083, 0.449358, -0.498589, 0.314565, 0.033039]
[0.457076, 0.115175, -0.499228, 0.305345, 0.183505]
[0.38566, 0.356041, -0.498475, 0.372004, 0.370004]
[0.32247, 0.271626, -0.498981, 0.358779, 0.32718]
[0.360955, 0.459248, -0.499019, 0.282096, 0.386497]
[0.645304, 0.17442, -0.499834, 0.416495, 0.214107]
[0.403811, 0.272168, -0.498681, 0.348562, 0.006682]
[0.556301, 0.112384, -0.498816, 0.302828, 0.283794]
[0.294293, 0.141871, -0.499218, 0.405592, 0.254011]
[0.527359, 0.400689, -0.499921, 0.452151, 0.47444]
[0.581394, 0.236493, -0.499416, 0.437551, 0.091043]
[0.611288, 0.207406, -0.498511, 0.273865, 0.478103]
[0.29201, 0.292379, -0.499389, 0.444844, 0.1929]
[0.510998, 0.21669, -0.498871, 0.31783, 0.399093]
[0.358045, 0.435512, -0.499015, 0.265246, 0.279514]
[0.501557, 0.335226, -0.499725, 0.29154, 0.476874]
[0.348429, 0.23464, -0.49871, 0.487011, 0.433699]
[0.283424, 0.216518, -0.499933, 0.407612, 0.221694]
[0.631716, 0.167191, -0.499596, 0.373657, 0.432122]
[0.564386, 0.337128, -0.499052, 0.481818, 0.172604]
[0.511885, 0.314804, -0.498504, 0.422969, 0.203295]
[0.661761, 0.312977, -0.499237, 0.451811, 0.491546]
[0.564382, 0.133709, -0.499106, 0.381468, 0.377641]
[0.528978, 0.139463, -0.499138, 0.314397, 0.0732]
[0.455435, 0.247554, -0.498985, 0.32682, 0.116794]
[0.371389, 0.179778, -0.499629, 0.458785, 0.371451]
[0.474344, 0.247822, -0.498974, 0.287999, 0.381947]
[0.579696, 0.334095, -0.499332, 0.422644, 0.356874]
[0.297456, 0.473075, -0.499054, 0.333322, 0.135793]
[0.508607, 0.354508, -0.49984, 0.349809, 0.269722]
[0.427701, 0.368213, -0.498681, 0.411652, 0.43865]
[0.369694, 0.185676, -0.499306, 0.465494, 0.192534]
[0.640103, 0.265864, -0.499987, 0.334715, 0.377278]
[0.343094, 0.317012, -0.499354, 0.258737, 0.258615]
[0.346377, 0.188487, -0.499631, 0.484602, 0.156986]
[0.536349, 0.341299, -0.499315, 0.476237, 0.453398]
[0.553279, 0.404353, -0.499474, 0.4632, 0.480655]
[0.543213, 0.209325, -0.498995, 0.437167, 0.433932]
[0.64715, 0.293735, -0.499315, 0.29412, 0.350942]
[0.676678, 0.394685, -0.49993, 0.494989, 0.246707]
[0.285024, 0.230953, -0.499673, 0.435079, 0.391806]
[0.348354, 0.373684, -0.499188, 0.244852, 0.435273]
[0.299102, 0.372252, -0.499973, 0.472056, 0.395069]
[0.596254, 0.391281, -0.499327, 0.386278, 0.160214]
[0.419053, 0.369402, -0.498972, 0.381392, 0.223257]
[0.602864, 0.301124, -0.499763, 0.242346, 0.192808]
[0.646768, 0.265185, -0.499194, 0.260141, 0.053326]
[0.368543, 0.304582, -0.499982, 0.229407, 0.191266]
[0.416147, 0.305569, -0.498845, 0.456681, 0.192238]
[0.322341, 0.157677, -0.498672, 0.414663, 0.395161]
[0.595962, 0.400393, -0.499118, 0.33871, 0.335263]
[0.659631, 0.364544, -0.498888, 0.453406, 0.458988]
[0.390055, 0.13394, -0.499843, 0.310003, 0.327686]
[0.606948, 0.1409, -0.498433, 0.488234, 0.035532]
[0.300453, 0.322928, -0.499288, 0.308944, 0.334608]
[0.662759, 0.112763, -0.498667, 0.377971, 0.362877]
[0.590436, 0.406763, -0.498635, 0.479647, 0.237957]
[0.478454, 0.129791, -0.499056, 0.250034, 0.166267]
[0.678081, 0.372407, -0.499903, 0.403622, 0.061026]
[0.340872, 0.368586, -0.499923, 0.387433, 0.180847]
[0.573451, 0.286267, -0.498791, 0.355862, 0.047484]
[0.385789, 0.242286, -0.498728, 0.252173, 0.228513]
[0.508985, 0.134801, -0.499162, 0.368113, 0.303014]
[0.38383, 0.415607, -0.498837, 0.247692, 0.039009]
[0.616156, 0.112717, -0.49843, 0.282444, 0.335499]
[0.663009, 0.231411, -0.499557, 0.368627, 0.029273]
[0.282731, 0.154372, -0.498428, 0.357592, 0.432036]
[0.664498, 0.457167, -0.499034, 0.334184, 0.423042]
[0.679148, 0.415946, -0.499296, 0.346159, 0.020035]
[0.609229, 0.141693, -0.499742, 0.250554, 0.444998]
[0.343929, 0.138624, -0.498872, 0.46843, 0.25205]
[0.65481, 0.118481, -0.499398, 0.451215, 0.399428]
[0.283403, 0.375288, -0.499796, 0.461017, 0.143665]
[0.372425, 0.378315, -0.499843, 0.291627, 0.162371]
[0.603961, 0.189633, -0.499405, 0.262739, 0.120783]
[0.490103, 0.454669, -0.498799, 0.432999, 0.094477]
[0.563092, 0.15337, -0.499629, 0.345652, 0.358395]
[0.524127, 0.306547, -0.499021, 0.347039, 0.295192]
[0.471098, 0.437753, -0.498809, 0.261018, 0.094469]
[0.353441, 0.1637, -0.499776, 0.369153, 0.472877]
[0.411051, 0.322255, -0.499579, 0.327251, 0.371394]
[0.578975, 0.465335, -0.498426, 0.339263, 0.398331]
[0.545396, 0.453213, -0.49855, 0.260137, 0.35373]
[0.414873, 0.456096, -0.498904, 0.351739, 0.017687]
[0.497247, 0.223924, -0.499452, 0.248928, 0.493853]
[0.317449, 0.251014, -0.49873, 0.229444, 0.386093]
[0.393337, 0.375744, -0.498894, 0.439916, 0.179843]
[0.39716, 0.244599, -0.499127, 0.241477, 0.370456]
[0.620865, 0.481795, -0.499152, 0.480968, 0.406069]
[0.593877, 0.427634, -0.499776, 0.25705, 0.064994]
[0.514202, 0.183595, -0.499892, 0.303886, 0.440608]
[0.573442, 0.331889, -0.498654, 0.338086, 0.07966]
[0.418502, 0.298379, -0.499113, 0.420189, 0.212789]
[0.406428, 0.156545, -0.498632, 0.362275, 0.079037]
[0.53227, 0.419913, -0.498874, 0.403676, 0.484941]
[0.66377, 0.360855, -0.499833, 0.228772, 0.06161]
[0.353317, 0.461652, -0.499844, 0.377954, 0.42881]
[0.481112, 0.320862, -0.498814, 0.246534, 0.191833]
[0.609313, 0.115275, -0.498489, 0.496459, 0.389517]
[0.378837, 0.139014, -0.499767, 0.432919, 0.273572]
[0.275915, 0.44716, -0.499147, 0.234334, 0.483427]
[0.37198, 0.135552, -0.498509, 0.299144, 0.333014]
[0.660075, 0.362907, -0.499504, 0.306723, 0.179502]
[0.498383, 0.301365, -0.49843, 0.26895, 0.046317]
[0.524881, 0.223858, -0.499174, 0.478691, 0.310069]
[0.283788, 0.201224, -0.498778, 0.31516, 0.229004]
[0.539937, 0.307293, -0.499213, 0.421737, 0.322943]
[0.471446, 0.403904, -0.499536, 0.274342, 0.025986]
[0.509099, 0.335473, -0.49995, 0.496463, 0.18289]
[0.470412, 0.22812, -0.498412, 0.422318, 0.386544]
[0.414794, 0.300821, -0.499086, 0.400143, 0.106821]
[0.352362, 0.47862, -0.498757, 0.464852, 0.312161]
[0.309284, 0.253842, -0.498472, 0.33171, 0.456985]
[0.441628, 0.408765, -0.498679, 0.364362, 0.469908]
[0.296025, 0.177277, -0.499163, 0.398033, 0.102484]
[0.441289, 0.154908, -0.498734, 0.324032, 0.296394]
[0.282138, 0.31575, -0.498979, 0.281935, 0.286489]
[0.489508, 0.36025, -0.498714, 0.378191, 0.433162]
[0.466268, 0.343184, -0.499373, 0.338934, 0.15224]
[0.397946, 0.278239, -0.498706, 0.367171, 0.233284]
[0.649967, 0.290502, -0.499847, 0.405955, 0.228738]
[0.420108, 0.251687, -0.499966, 0.375968, 0.01436]
[0.625935, 0.150741, -0.498792, 0.419125, 0.296056]
[0.405491, 0.144363, -0.498714, 0.338418, 0.461761]
[0.560921, 0.237022, -0.499481, 0.340971, 0.197863]
[0.652181, 0.281579, -0.499469, 0.471379, 0.48363]
[0.656573, 0.32659, -0.499853, 0.374183, 0.489551]
[0.277505, 0.308562, -0.498995, 0.455647, 0.369304]
[0.282677, 0.43761, -0.4995, 0.322033, 0.097739]
[0.644188, 0.216995, -0.498645, 0.421277, 0.367492]
[0.643993, 0.228173, -0.499131, 0.370072, 0.157509]
[0.547628, 0.455547, -0.4997, 0.32683, 0.267243]
[0.432561, 0.454306, -0.499349, 0.485432, 0.139965]
[0.548918, 0.44838, -0.499334, 0.230148, 0.440955]
[0.348155, 0.375623, -0.498915, 0.294948, 0.24129]
[0.311688, 0.373942, -0.49996, 0.258441, 0.089784]
[0.624761, 0.309701, -0.499544, 0.425507, 0.017703]
[0.449401, 0.441989, -0.498701, 0.485857, 0.247208]
[0.515676, 0.264737, -0.499691, 0.275347, 0.220119]
[0.438465, 0.145702, -0.498852, 0.34188, 0.166243]
[0.48592, 0.3547, -0.499636, 0.496397, 0.254828]
[0.430356, 0.235972, -0.499597, 0.481551, 0.023979]
[0.286189, 0.248372, -0.498629, 0.378957, 0.430995]
[0.335586, 0.258645, -0.499607, 0.339972, 0.400813]
[0.454906, 0.180492, -0.499934, 0.302818, 0.496921]
[0.474599, 0.252246, -0.499144, 0.426815, 0.149117]
[0.595659, 0.133602, -0.499162, 0.307414, 0.383562]
[0.300594, 0.347655, -0.498558, 0.439122, 0.359319]
[0.346828, 0.352083, -0.498552, 0.338864, 0.067628]
[0.542766, 0.166232, -0.499918, 0.293621, 0.276159]
[0.495554, 0.381531, -0.499697, 0.368993, 0.474865]
[0.629335, 0.251635, -0.499066, 0.242388, 0.35654]
[0.312934, 0.497844, -0.49918, 0.380778, 0.147605]
[0.436716, 0.400887, -0.498618, 0.40922, 0.316472]
[0.47021, 0.493733, -0.499555, 0.2913, 0.189621]
[0.536534, 0.454793, -0.498551, 0.320644, 0.453525]
[0.572576, 0.473457, -0.4994, 0.331091, 0.183443]
[0.446771, 0.458788, -0.498704, 0.462995, 0.170768]
[0.50748, 0.315011, -0.499288, 0.307366, 0.024048]
[0.421928, 0.397502, -0.498419, 0.309521, 0.038359]
[0.393011, 0.291904, -0.499438, 0.420148, 0.077589]
[0.356467, 0.111876, -0.499351, 0.234781, 0.496431]
[0.327752, 0.345077, -0.499017, 0.458629, 0.291087]
[0.318837, 0.425549, -0.499345, 0.391072, 0.225068]
[0.656125, 0.447266, -0.499165, 0.310908, 0.397]
[0.563356, 0.311494, -0.499709, 0.266717, 0.45107]
[0.36654, 0.276702, -0.498786, 0.380599, 0.032561]
[0.397119, 0.348122, -0.499227, 0.267838, 0.021773]
[0.648885, 0.331615, -0.499157, 0.457365, 0.426466]
[0.603187, 0.454585, -0.498483, 0.346004, 0.14727]
[0.327076, 0.132764, -0.49844, 0.366985, 0.382335]
[0.596118, 0.397944, -0.499301, 0.472326, 0.125426]
[0.414917, 0.400836, -0.499303, 0.25665, 0.331727]
[0.671355, 0.22463, -0.498617, 0.294672, 0.042519]
[0.651309, 0.402533, -0.49885, 0.468179, 0.459031]
[0.522061, 0.343943, -0.498623, 0.490065, 0.303181]
[0.408774, 0.398037, -0.498637, 0.246259, 0.332972]
[0.593505, 0.404451, -0.498461, 0.492402, 0.447299]
[0.407306, 0.254915, -0.498432, 0.43559, 0.358724]
[0.349286, 0.456021, -0.499773, 0.452205, 0.133545]
[0.485818, 0.292749, -0.498883, 0.288371, 0.099219]
[0.328739, 0.144043, -0.49879, 0.409514, 0.113809]
[0.659625, 0.376653, -0.499827, 0.256946, 0.054707]
[0.632023, 0.19126, -0.498467, 0.312406, 0.098103]
[0.580271, 0.248645, -0.498624, 0.29578, 0.090117]
[0.392289, 0.235568, -0.499038, 0.243373, 0.483006]
[0.360431, 0.414733, -0.498456, 0.279937, 0.409754]
[0.586165, 0.278243, -0.498641, 0.231412, 0.024474]
[0.442499, 0.481743, -0.499099, 0.397825, 0.384588]
[0.670024, 0.402167, -0.499333, 0.308978, 0.493248]
[0.352519, 0.415022, -0.498597, 0.243165, 0.200991]
[0.449598, 0.234125, -0.499675, 0.409364, 0.415116]
[0.677564, 0.487857, -0.49904, 0.312332, 0.327733]
[0.553273, 0.282445, -0.498448, 0.306383, 0.21385]
[0.561248, 0.243559, -0.499616, 0.409696, 0.478178]
[0.508213, 0.266084, -0.499967, 0.460279, 0.27279]
[0.373246, 0.355233, -0.49842, 0.479787, 0.068067]
[0.473839, 0.238423, -0.49925, 0.452612, 0.067332]
[0.471457, 0.182819, -0.498422, 0.352763, 0.052436]
[0.551781, 0.267672, -0.498602, 0.233443, 0.294303]
[0.630122, 0.457417, -0.499379, 0.230493, 0.084499]
[0.279361, 0.289489, -0.498451, 0.314887, 0.245509]
[0.520386, 0.337798, -0.498851, 0.403361, 0.463049]
[0.538424, 0.389211, -0.499849, 0.231496, 0.220406]
[0.540155, 0.341239, -0.498584, 0.424489, 0.436859]
[0.439018, 0.46826, -0.499091, 0.425789, 0.498486]
[0.544098, 0.262868, -0.499628, 0.419151, 0.44441]
[0.543092, 0.118156, -0.499702, 0.292603, 0.413181]
[0.274681, 0.287275, -0.498946, 0.467387, 0.482999]
[0.544117, 0.128169, -0.499181, 0.476619, 0.389165]
[0.353953, 0.156257, -0.499559, 0.339705, 0.454771]
[0.60191, 0.47719, -0.499981, 0.48073, 0.000378]
[0.600686, 0.227141, -0.498896, 0.253885, 0.291809]
[0.285044, 0.34125, -0.499275, 0.45228, 0.21723]
[0.576902, 0.11999, -0.498437, 0.360225, 0.011233]
[0.557095, 0.419965, -0.498885, 0.376336, 0.018522]
[0.388109, 0.357311, -0.499158, 0.481814, 0.388711]
[0.639017, 0.191341, -0.499043, 0.40411, 0.40877]
[0.423676, 0.406036, -0.498589, 0.344125, 0.122555]
[0.377555, 0.494134, -0.499898, 0.267679, 0.17764]
[0.617447, 0.418255, -0.498928, 0.289465, 0.292927]
[0.5185, 0.283518, -0.498792, 0.370453, 0.44666]
[0.403414, 0.395023, -0.499377, 0.357857, 0.17517]
[0.659745, 0.11765, -0.498678, 0.463259, 0.286598]
[0.50326, 0.263857, -0.498782, 0.364899, 0.369303]
[0.602778, 0.229804, -0.499341, 0.397479, 0.327271]
[0.319203, 0.315087, -0.499648, 0.472847, 0.416989]
[0.628773, 0.318638, -0.499569, 0.245827, 0.346822]
[0.540679, 0.370896, -0.499408, 0.408414, 0.417739]
[0.664524, 0.372092, -0.499699, 0.422564, 0.03084]
[0.36659, 0.343931, -0.499673, 0.444622, 0.357779]
[0.45714, 0.227619, -0.49972, 0.31468, 0.391386]
[0.297905, 0.17254, -0.498773, 0.489826, 0.143265]
[0.332276, 0.388848, -0.498644, 0.395962, 0.375954]
[0.453976, 0.128898, -0.499141, 0.227669, 0.011952]
[0.596513, 0.343789, -0.499241, 0.295749, 0.262253]
[0.366934, 0.457779, -0.499669, 0.48918, 0.291395]
[0.3385, 0.423412, -0.498991, 0.342797, 0.493422]
[0.646668, 0.129015, -0.499659, 0.285336, 0.464846]
[0.663119, 0.193902, -0.499919, 0.463936, 0.113536]
[0.311028, 0.251656, -0.499892, 0.314113, 0.096349]
[0.372412, 0.40284, -0.499443, 0.322086, 0.318798]
[0.490079, 0.398927, -0.498582, 0.472558, 0.028172]
[0.394185, 0.457764, -0.499292, 0.354825, 0.02332]
[0.672599, 0.328042, -0.499296, 0.481578, 0.199919]
[0.61619, 0.275199, -0.498549, 0.228987, 0.476435]
[0.670565, 0.288036, -0.498506, 0.312112, 0.153247]
[0.351742, 0.368146, -0.498827, 0.369258, 0.451896]
[0.635926, 0.128309, -0.49955, 0.251991, 0.370528]
[0.425573, 0.270221, -0.498922, 0.380427, 0.141676]
[0.446053, 0.331324, -0.499357, 0.32921, 0.004242]
[0.41399, 0.470585, -0.499405, 0.29183, 0.460818]
[0.499271, 0.480481, -0.499352, 0.45347, 0.355531]
[0.562774, 0.142757, -0.499323, 0.322727, 0.310034]
[0.334128, 0.263298, -0.499451, 0.248873, 0.023668]
[0.272771, 0.178871, -0.499501, 0.348755, 0.127626]
[0.332052, 0.25753, -0.498643, 0.468771, 0.149106]
[0.598166, 0.397714, -0.498684, 0.267435, 0.333356]
[0.601632, 0.328415, -0.49882, 0.327607, 0.423659]
[0.370217, 0.253222, -0.498723, 0.426447, 0.153186]
[0.341097, 0.181544, -0.499853, 0.322655, 0.206043]
[0.393011, 0.298751, -0.498624, 0.378618, 0.179297]
[0.49895, 0.212312, -0.499852, 0.276792, 0.457829]
[0.549588, 0.373686, -0.499963, 0.333584, 0.285805]
[0.671532, 0.259178, -0.499568, 0.369596, 0.475698]
[0.644981, 0.191288, -0.499033, 0.39274, 0.462468]
[0.526687, 0.23538, -0.499739, 0.472868, 0.21638]
[0.527463, 0.428972, -0.499417, 0.45599, 0.375762]
[0.438919, 0.251056, -0.499049, 0.485653, 0.493769]
[0.424185, 0.39437, -0.499535, 0.351792, 0.279441]
[0.445894, 0.35225, -0.499727, 0.481712, 0.147681]
[0.517228, 0.134078, -0.498633, 0.298182, 0.259858]
[0.581467, 0.235056, -0.499675, 0.230642, 0.322073]
[0.471021, 0.393676, -0.499972, 0.450728, 0.433501]
[0.508697, 0.247691, -0.499897, 0.365111, 0.134301]
[0.649295, 0.202298, -0.499477, 0.327253, 0.361123]
[0.414712, 0.338754, -0.499826, 0.494854, 0.429138]
[0.374147, 0.293754, -0.498482, 0.284581, 0.363998]
[0.39994, 0.214171, -0.499746, 0.394947, 0.227036]
[0.429779, 0.430433, -0.49927, 0.452333, 0.108565]
[0.469766, 0.177522, -0.499991, 0.474742, 0.074971]
[0.632473, 0.49, -0.499027, 0.312578, 0.016196]
[0.354562, 0.254717, -0.499252, 0.448746, 0.461939]
[0.379636, 0.410176, -0.499251, 0.409802, 0.245054]
[0.675667, 0.441615, -0.499511, 0.480429, 0.294888]
[0.346608, 0.136891, -0.498533, 0.252185, 0.173072]
[0.403177, 0.139089, -0.499193, 0.401566, 0.419616]
[0.583819, 0.370856, -0.499236, 0.458994, 0.128895]
[0.331414, 0.350761, -0.498598, 0.497637, 0.324889]
[0.487309, 0.305115, -0.499748, 0.49142, 0.227561]
[0.486584, 0.398819, -0.499946, 0.29802, 0.46742]
[0.514566, 0.349868, -0.499097, 0.236875, 0.450865]
[0.319727, 0.412485, -0.499985, 0.460519, 0.209593]
[0.668791, 0.336026, -0.499197, 0.49607, 0.044232]
[0.347658, 0.42641, -0.498577, 0.305316, 0.261441]
[0.390944, 0.249227, -0.498552, 0.340142, 0.138448]
[0.563505, 0.470068, -0.499721, 0.431235, 0.057401]
[0.442804, 0.181378, -0.49905, 0.37417, 0.211561]
[0.446424, 0.127737, -0.49885, 0.335905, 0.178651]
[0.303589, 0.181887, -0.4989, 0.314352, 0.132334]
[0.554707, 0.462581, -0.499085, 0.343904, 0.465972]
[0.647714, 0.297763, -0.499075, 0.4102, 0.313128]
[0.305018, 0.13625, -0.499096, 0.372779, 0.44158]
[0.51612, 0.124593, -0.499387, 0.429984, 0.34494]
[0.601743, 0.372368, -0.499384, 0.348265, 0.052402]
[0.325092, 0.391056, -0.499759, 0.450279, 0.292115]
[0.536726, 0.432758, -0.498559, 0.373617, 0.250429]
[0.365211, 0.379245, -0.499352, 0.273577, 0.415373]
[0.314978, 0.480613, -0.498472, 0.467207, 0.335301]
[0.381362, 0.491554, -0.499802, 0.436036, 0.364653]
[0.410296, 0.177917, -0.499237, 0.481868, 0.239627]
[0.37283, 0.389387, -0.498615, 0.260024, 0.114799]
[0.472406, 0.217612, -0.498428, 0.497981, 0.486867]
[0.494334, 0.32054, -0.498856, 0.442533, 0.000982]
[0.358935, 0.132365, -0.499247, 0.463334, 0.022883]
[0.382929, 0.421177, -0.499246, 0.338416, 0.225905]
[0.594657, 0.338087, -0.498953, 0.235424, 0.052899]
[0.637989, 0.341783, -0.499411, 0.43308, 0.190226]
[0.587145, 0.203374, -0.499922, 0.364564, 0.356939]
[0.495879, 0.428568, -0.49963, 0.309723, 0.386974]
[0.531092, 0.374354, -0.499076, 0.497086, 0.040066]
[0.315204, 0.216187, -0.499582, 0.409729, 0.272138]
[0.436008, 0.11333, -0.499291, 0.473635, 0.447705]
[0.534917, 0.445438, -0.498643, 0.356282, 0.09946]
[0.507801, 0.307738, -0.498612, 0.456172, 0.075307]
[0.284106, 0.356655, -0.499851, 0.447415, 0.199249]
[0.440705, 0.315095, -0.498502, 0.49433, 0.492019]
[0.380937, 0.387876, -0.499214, 0.39026, 0.457353]
[0.521427, 0.187074, -0.499008, 0.398023, 0.338102]
[0.438768, 0.439908, -0.498982, 0.26781, 0.077669]
[0.477016, 0.3671, -0.499072, 0.327699, 0.289611]
[0.521385, 0.288565, -0.499239, 0.386943, 0.175018]
[0.574289, 0.130497, -0.498699, 0.264799, 0.332701]
[0.518522, 0.496948, -0.499216, 0.246621, 0.220566]
[0.520972, 0.49886, -0.499483, 0.392865, 0.365668]
[0.648625, 0.424384, -0.499091, 0.24622, 0.3497]
[0.476027, 0.499144, -0.498963, 0.282466, 0.342663]
[0.304759, 0.270885, -0.498528, 0.420586, 0.179519]
[0.467249, 0.424346, -0.499398, 0.390482, 0.132348]
[0.524147, 0.135824, -0.498689, 0.430425, 0.080105]
[0.386498, 0.468957, -0.498433, 0.479532, 0.480452]
[0.610513, 0.493972, -0.49876, 0.236722, 0.346342]
[0.408882, 0.223651, -0.49891, 0.464056, 0.297928]
[0.436494, 0.473276, -0.499633, 0.240737, 0.224813]
[0.507262, 0.384761, -0.499037, 0.447721, 0.391922]
[0.441295, 0.254693, -0.499582, 0.451087, 0.075035]
[0.424941, 0.197112, -0.499331, 0.367841, 0.170525]
[0.655338, 0.442113, -0.498419, 0.320131, 0.477206]
[0.64588, 0.40846, -0.49845, 0.233662, 0.169072]
[0.632826, 0.354435, -0.499984, 0.228069, 0.019229]
[0.570055, 0.277198, -0.499232, 0.299853, 0.170015]
[0.433736, 0.369635, -0.498888, 0.363339, 0.276777]
[0.454959, 0.217653, -0.498744, 0.349531, 8.4e-05]
[0.289214, 0.203088, -0.499648, 0.285875, 0.401017]
[0.66921, 0.145062, -0.499205, 0.423911, 0.09884]
[0.481642, 0.451406, -0.499122, 0.425886, 0.019013]
[0.499741, 0.303385, -0.498482, 0.351921, 0.406234]
[0.362059, 0.33249, -0.49921, 0.279794, 0.300855]
[0.531861, 0.287025, -0.49877, 0.49412, 0.447256]
[0.659584, 0.116622, -0.4998, 0.401393, 0.063803]
[0.384793, 0.444969, -0.499603, 0.385184, 0.346799]
[0.450685, 0.41747, -0.499085, 0.263663, 0.312018]
[0.595288, 0.210588, -0.499002, 0.400908, 0.145903]
[0.507028, 0.196637, -0.499929, 0.391261, 0.160129]
[0.528585, 0.405915, -0.498948, 0.306687, 0.260533]
[0.304603, 0.156355, -0.499048, 0.447753, 0.375976]
[0.362085, 0.258511, -0.499625, 0.254389, 0.343882]
[0.537062, 0.423952, -0.498717, 0.453939, 0.118856]
[0.428394, 0.407262, -0.499652, 0.337334, 0.042652]
[0.538608, 0.195836, -0.4995, 0.35596, 0.119738]
[0.554327, 0.322136, -0.499224, 0.328056, 0.496336]
[0.362838, 0.180229, -0.498841, 0.419557, 0.05179]
[0.338755, 0.401028, -0.499355, 0.288134, 0.457702]
[0.459647, 0.13213, -0.499812, 0.423172, 0.250669]
[0.583738, 0.391955, -0.49857, 0.406741, 0.065829]
[0.364172, 0.135047, -0.499172, 0.473551, 0.294165]
[0.329066, 0.386852, -0.49951, 0.402477, 0.081332]
[0.667645, 0.332869, -0.498445, 0.450136, 0.405677]
[0.379323, 0.293692, -0.499608, 0.299661, 0.263039]
[0.59129, 0.327849, -0.498719, 0.374929, 0.296696]
[0.501091, 0.19616, -0.499531, 0.451453, 0.344957]
[0.298893, 0.13814, -0.498561, 0.351598, 0.237536]
[0.383224, 0.113089, -0.499606, 0.461927, 0.393292]
[0.648952, 0.25958, -0.499125, 0.309125, 0.394131]
[0.308491, 0.309849, -0.4991, 0.319578, 0.100773]
[0.605102, 0.265824, -0.499866, 0.270173, 0.284832]
[0.445773, 0.162592, -0.499102, 0.4405, 0.119319]
[0.386676, 0.233226, -0.498724, 0.292926, 0.21549]
[0.47562, 0.404756, -0.499493, 0.317078, 0.374514]
[0.538367, 0.462986, -0.49994, 0.460827, 0.127052]
[0.374215, 0.120103, -0.498586, 0.460682, 0.454324]
[0.404873, 0.321091, -0.498949, 0.485686, 0.472856]
[0.675914, 0.311604, -0.499865, 0.389668, 0.29335]
[0.318274, 0.266079, -0.498701, 0.375077, 0.269392]
[0.272377, 0.459637, -0.499488, 0.445926, 0.210251]
[0.567471, 0.203879, -0.499498, 0.231182, 0.361275]
[0.390153, 0.289214, -0.49856, 0.442205, 0.323933]
[0.524393, 0.476862, -0.499825, 0.486314, 0.407308]
[0.34092, 0.273611, -0.498572, 0.490762, 0.466328]
[0.447456, 0.240064, -0.498629, 0.23836, 0.260971]
[0.647679, 0.431086, -0.498866, 0.306462, 0.166602]
[0.373444, 0.213846, -0.49854, 0.389127, 0.182799]
[0.41633, 0.235413, -0.499421, 0.343654, 0.225929]
[0.35928, 0.229681, -0.499577, 0.391046, 0.046973]
[0.360153, 0.228544, -0.499191, 0.435405, 0.492431]
[0.30299, 0.31669, -0.498759, 0.404494, 0.101878]
[0.667027, 0.114854, -0.498867, 0.282302, 0.396987]
[0.433196, 0.487773, -0.499801, 0.382652, 0.07125]
[0.30156, 0.482522, -0.499601, 0.318674, 0.208704]
[0.554868, 0.141276, -0.499481, 0.298587, 0.45826]
[0.471971, 0.438949, -0.498861, 0.333949, 0.048197]
[0.427552, 0.475621, -0.498998, 0.278361, 0.272732]
[0.567562, 0.352072, -0.498587, 0.411698, 0.035503]
[0.671705, 0.362602, -0.499422, 0.345088, 0.431777]
[0.59485, 0.345147, -0.498931, 0.438015, 0.352562]
[0.398303, 0.484981, -0.498688, 0.39264, 0.367654]
[0.556321, 0.300935, -0.499658, 0.396905, 0.004639]
[0.632496, 0.476631, -0.49931, 0.402549, 0.133503]
[0.577289, 0.28653, -0.49863, 0.273169, 0.113471]
[0.520417, 0.476453, -0.499055, 0.233023, 0.251459]
[0.567559, 0.196535, -0.499194, 0.349781, 0.39477]
[0.619764, 0.342459, -0.49932, 0.295507, 0.426108]
[0.538317, 0.475025, -0.499616, 0.232158, 0.441616]
[0.603246, 0.40101, -0.499448, 0.480384, 0.165261]
[0.504114, 0.194792, -0.499974, 0.35754, 0.029785]
[0.494661, 0.2483, -0.498615, 0.312904, 0.167049]
[0.272277, 0.312951, -0.499217, 0.309311, 0.101647]
[0.401184, 0.147959, -0.499367, 0.315284, 0.487859]
[0.312017, 0.190459, -0.498576, 0.492695, 0.366673]
[0.503247, 0.224242, -0.498791, 0.311945, 0.377593]
[0.482621, 0.227917, -0.498794, 0.480365, 0.364316]
[0.486739, 0.490525, -0.499074, 0.477443, 0.329181]
[0.381624, 0.441189, -0.499832, 0.498264, 0.236941]
[0.301889, 0.366366, -0.499896, 0.438534, 0.448425]
[0.388905, 0.413219, -0.499551, 0.451735, 0.203938]
[0.311938, 0.377831, -0.499364, 0.312582, 0.226339]
[0.362403, 0.407659, -0.499733, 0.496209, 0.145777]
[0.555546, 0.419735, -0.499494, 0.369102, 0.017364]
[0.569239, 0.122698, -0.498531, 0.322247, 0.396488]
[0.358174, 0.493583, -0.499611, 0.468995, 0.048385]
[0.308541, 0.118287, -0.498428, 0.481502, 0.413116]
[0.555974, 0.162283, -0.498945, 0.245727, 0.056389]
[0.526642, 0.460251, -0.499629, 0.238396, 0.17332]
[0.45399, 0.448744, -0.49945, 0.470709, 0.093864]
[0.346623, 0.294596, -0.498809, 0.375125, 0.339194]
[0.390779, 0.298029, -0.498517, 0.363856, 0.496174]
[0.555717, 0.488646, -0.498686, 0.24232, 0.328216]
[0.603213, 0.498382, -0.498949, 0.310984, 0.249552]
[0.390674, 0.248048, -0.499521, 0.494869, 0.372664]
[0.664842, 0.296088, -0.499044, 0.274334, 0.116302]
[0.329552, 0.203565, -0.499458, 0.27222, 0.333439]
[0.579995, 0.181086, -0.499876, 0.26081, 0.422053]
[0.439946, 0.450116, -0.49947, 0.351068, 0.209335]
[0.559274, 0.347366, -0.499962, 0.305138, 0.069376]
[0.498759, 0.378662, -0.499555, 0.433816, 0.009813]
[0.362714, 0.277847, -0.499867, 0.453455, 0.083977]
[0.549086, 0.272694, -0.499365, 0.456156, 0.154566]
[0.475521, 0.297657, -0.4997, 0.318959, 0.466828]
[0.521977, 0.398021, -0.498655, 0.291091, 0.158833]
[0.430968, 0.214067, -0.499709, 0.248258, 0.421675]
[0.393574, 0.290762, -0.498453, 0.234841, 0.407977]
[0.605182, 0.491865, -0.498903, 0.354751, 0.479027]
[0.484606, 0.383078, -0.498606, 0.42197, 0.409346]
[0.537129, 0.169013, -0.498889, 0.398365, 0.092962]
[0.639781, 0.484819, -0.498658, 0.472415, 0.249707]
[0.528582, 0.161965, -0.498553, 0.258262, 0.128208]
[0.6084, 0.430051, -0.499241, 0.354064, 0.432972]
[0.407572, 0.298771, -0.499633, 0.272542, 0.080124]
[0.453652, 0.293312, -0.499217, 0.493099, 0.435111]
[0.269614, 0.413279, -0.499639, 0.498857, 0.079019]
[0.381692, 0.387519, -0.499325, 0.39395, 0.340178]
[0.491168, 0.297463, -0.499764, 0.351221, 0.286538]
[0.32498, 0.202269, -0.498686, 0.487986, 0.002623]
[0.294231, 0.124956, -0.499131, 0.329823, 0.090029]
[0.674512, 0.314069, -0.499454, 0.420706, 0.308374]
[0.592238, 0.145892, -0.499642, 0.238535, 0.280136]
[0.514764, 0.401292, -0.499019, 0.357628, 0.167714]
[0.293409, 0.446399, -0.49886, 0.353193, 0.158607]
[0.452262, 0.209642, -0.498416, 0.265254, 0.398343]
[0.30062, 0.254837, -0.499952, 0.4456, 0.191918]
[0.312716, 0.137301, -0.499306, 0.270064, 0.469688]
[0.584966, 0.214175, -0.499904, 0.387468, 0.323725]
[0.459341, 0.424439, -0.498488, 0.24007, 0.144862]
[0.635012, 0.233657, -0.499505, 0.386696, 0.403787]
[0.358315, 0.311244, -0.498555, 0.483997, 0.097857]
[0.665974, 0.496652, -0.498715, 0.323857, 0.332583]
[0.471649, 0.489376, -0.499863, 0.264435, 0.491447]
[0.417791, 0.282677, -0.499335, 0.429582, 0.202084]
[0.397428, 0.485097, -0.498926, 0.260476, 0.03441]
[0.65097, 0.114826, -0.499083, 0.462063, 0.421745]
[0.569531, 0.133992, -0.499306, 0.29481, 0.230878]
[0.536245, 0.213612, -0.498875, 0.404849, 0.259401]
[0.622628, 0.152831, -0.499431, 0.285734, 0.15567]
[0.588744, 0.39393, -0.498643, 0.305946, 0.270838]
[0.307414, 0.345669, -0.498645, 0.392089, 0.479836]
[0.344931, 0.401415, -0.499204, 0.386373, 0.380102]
[0.411714, 0.476406, -0.498929, 0.236034, 0.390896]
[0.462984, 0.320579, -0.498592, 0.304456, 0.202978]
[0.384337, 0.163043, -0.499001, 0.267915, 0.445881]
[0.517599, 0.17502, -0.499771, 0.2536, 0.179408]
[0.446034, 0.362605, -0.498562, 0.291408, 0.017144]
[0.308893, 0.452721, -0.499612, 0.303725, 0.227359]
[0.463537, 0.375743, -0.499611, 0.435452, 0.241799]
[0.477672, 0.25301, -0.499077, 0.468765, 0.469338]
[0.551632, 0.46086, -0.499289, 0.249679, 0.044877]
[0.514576, 0.285668, -0.499314, 0.373852, 0.362472]
[0.283344, 0.287822, -0.499797, 0.361154, 0.192569]
[0.316384, 0.451365, -0.498513, 0.330376, 0.308994]
[0.669932, 0.161234, -0.499559, 0.295084, 0.398494]
[0.664181, 0.203601, -0.499363, 0.24958, 0.281969]
[0.395414, 0.293308, -0.499519, 0.355831, 0.473788]
[0.296873, 0.321749, -0.499773, 0.312186, 0.165053]
[0.590715, 0.483966, -0.499299, 0.360607, 0.002107]
[0.676369, 0.432244, -0.499139, 0.414228, 0.084854]
[0.499357, 0.262613, -0.498501, 0.437641, 0.413143]
[0.663492, 0.235359, -0.498879, 0.285901, 0.313453]
[0.591808, 0.373763, -0.499698, 0.453484, 0.320156]
[0.621974, 0.393368, -0.49937, 0.303235, 0.109072]
[0.485222, 0.341546, -0.499943, 0.232314, 0.26461]
[0.469593, 0.298644, -0.499793, 0.364558, 0.47762]
[0.596659, 0.492245, -0.499162, 0.26008, 0.231308]
[0.545677, 0.420713, -0.499708, 0.311816, 0.130847]
[0.603246, 0.230499, -0.499346, 0.301704, 0.085759]
[0.671808, 0.441096, -0.499219, 0.39742, 0.233177]
[0.593369, 0.190401, -0.49895, 0.420601, 0.358532]
[0.440711, 0.199749, -0.498462, 0.499584, 0.301368]
[0.342994, 0.127221, -0.499175, 0.342607, 0.483262]
[0.442343, 0.316783, -0.499116, 0.474836, 0.063306]
[0.443364, 0.476569, -0.499776, 0.311481, 0.405553]
[0.389534, 0.164967, -0.498686, 0.236704, 0.372238]
[0.360712, 0.329361, -0.498493, 0.33558, 0.142713]
[0.314103, 0.474881, -0.499345, 0.305159, 0.062448]
[0.358235, 0.40459, -0.499759, 0.413454, 0.493488]
[0.314931, 0.15888, -0.499213, 0.429596, 0.17988]
[0.5021, 0.411939, -0.499578, 0.319008, 0.238996]
[0.588782, 0.392645, -0.499682, 0.286596, 0.122465]
[0.443095, 0.345331, -0.499646, 0.370301, 0.313926]
[0.425239, 0.353103, -0.499466, 0.449402, 0.128325]
[0.289572, 0.379458, -0.498415, 0.406341, 0.392294]
[0.409532, 0.157191, -0.499028, 0.356249, 0.21425]
[0.321748, 0.144863, -0.498664, 0.30334, 0.273259]
[0.42912, 0.281547, -0.499917, 0.412341, 0.425827]
[0.588085, 0.264412, -0.498929, 0.244442, 0.233807]
[0.51828, 0.286901, -0.49983, 0.489146, 0.389732]
[0.516658, 0.307282, -0.499982, 0.325099, 0.469121]
[0.462374, 0.223065, -0.498777, 0.466974, 0.19772]
[0.366945, 0.385884, -0.498662, 0.296425, 0.09929]
[0.592261, 0.238363, -0.498842, 0.366819, 0.438355]
[0.674618, 0.152949, -0.49917, 0.295528, 0.110509]
[0.504375, 0.118371, -0.498642, 0.386209, 0.389015]
[0.54904, 0.400628, -0.499418, 0.329966, 0.200765]
[0.375062, 0.350783, -0.499071, 0.305721, 0.124503]
[0.663297, 0.326652, -0.499346, 0.325384, 0.265831]
[0.409726, 0.247536, -0.499146, 0.270043, 0.036275]
[0.562249, 0.188626, -0.49964, 0.403759, 0.239767]
[0.304849, 0.145779, -0.499101, 0.302492, 0.087532]
[0.450136, 0.324646, -0.49911, 0.303348, 0.452892]
[0.543202, 0.21613, -0.498729, 0.357222, 0.115095]
[0.539502, 0.286853, -0.49892, 0.294709, 0.174583]
[0.361056, 0.432486, -0.49893, 0.293619, 0.162052]
[0.414813, 0.281337, -0.498532, 0.306913, 0.003698]
[0.304479, 0.132949, -0.499641, 0.435487, 0.270913]
[0.332284, 0.360428, -0.499922, 0.308585, 0.067668]
[0.662982, 0.336959, -0.499867, 0.472755, 0.428506]
[0.270008, 0.481032, -0.499367, 0.47575, 0.168067]
[0.673999, 0.270629, -0.499167, 0.233937, 0.018342]
[0.517144, 0.353684, -0.499708, 0.493733, 0.026936]
[0.655576, 0.364874, -0.499416, 0.266531, 0.058498]
[0.518621, 0.313901, -0.498721, 0.416746, 0.051607]
[0.269972, 0.138813, -0.499176, 0.449812, 0.07907]
[0.332018, 0.325847, -0.499923, 0.283585, 0.328248]
[0.359013, 0.276546, -0.499923, 0.235639, 0.348037]
[0.528007, 0.417441, -0.499141, 0.416531, 0.05391]
[0.59766, 0.135155, -0.498892, 0.387668, 0.321464]
[0.282263, 0.364547, -0.499911, 0.311758, 0.462338]
[0.558688, 0.241359, -0.499702, 0.357316, 0.016193]
[0.344597, 0.431021, -0.498848, 0.316221, 0.322671]
[0.300766, 0.474047, -0.499008, 0.383455, 0.197418]
[0.311537, 0.243384, -0.499622, 0.281056, 0.1568]
[0.538877, 0.219978, -0.499213, 0.372286, 0.215602]
[0.471889, 0.257732, -0.49863, 0.333976, 0.078737]
[0.477779, 0.228037, -0.498869, 0.314419, 0.01669]
[0.364115, 0.246558, -0.498991, 0.494616, 0.039532]
[0.543543, 0.234, -0.499802, 0.441923, 0.186801]
[0.409524, 0.249864, -0.499696, 0.303269, 0.389533]
[0.334256, 0.26739, -0.499886, 0.427891, 0.094543]
[0.420109, 0.232255, -0.499412, 0.483069, 0.287172]
[0.410483, 0.314243, -0.499166, 0.451124, 0.066926]
[0.449406, 0.142336, -0.499129, 0.459323, 0.320933]
[0.491827, 0.384252, -0.499775, 0.382781, 0.120355]
[0.644552, 0.284776, -0.499272, 0.26828, 0.049297]
[0.337781, 0.28623, -0.498431, 0.364783, 0.14283]
[0.282233, 0.163022, -0.498863, 0.313663, 0.325467]
[0.463576, 0.434799, -0.498946, 0.398183, 0.408032]
[0.614938, 0.311498, -0.498869, 0.272974, 0.143982]
[0.441687, 0.140325, -0.499667, 0.472264, 0.058985]
[0.616714, 0.143776, -0.498981, 0.455724, 0.093206]
[0.497703, 0.325315, -0.499433, 0.392149, 0.037688]
[0.536871, 0.178077, -0.499161, 0.422823, 0.24304]
[0.393768, 0.457971, -0.498501, 0.456299, 0.327288]
[0.555814, 0.365231, -0.499836, 0.295866, 0.484968]
[0.439996, 0.458578, -0.499092, 0.389727, 0.405584]
[0.483998, 0.428752, -0.499228, 0.338149, 0.215341]
[0.515007, 0.362131, -0.49953, 0.46371, 0.267669]
[0.455674, 0.142484, -0.49889, 0.346759, 0.034283]
[0.49721, 0.387137, -0.498779, 0.422656, 0.276672]
[0.436313, 0.203048, -0.499707, 0.499258, 0.040975]
[0.415781, 0.260213, -0.49952, 0.331126, 0.0734]
[0.463495, 0.131626, -0.498515, 0.326312, 0.407156]
[0.406308, 0.194764, -0.499089, 0.359412, 0.066161]
[0.348712, 0.161129, -0.499653, 0.44087, 0.406182]
[0.518056, 0.415507, -0.498517, 0.425007, 0.448574]
[0.315557, 0.368429, -0.498961, 0.341862, 0.345863]
[0.625256, 0.355699, -0.499513, 0.331896, 0.359968]
[0.619695, 0.418635, -0.498699, 0.251601, 0.019634]
[0.537528, 0.492687, -0.499758, 0.289142, 0.489047]
[0.531648, 0.480608, -0.498614, 0.468695, 0.366456]
[0.34308, 0.325759, -0.499715, 0.331051, 0.180938]
[0.459425, 0.232767, -0.499825, 0.497231, 0.316762]
[0.528257, 0.466857, -0.498629, 0.420594, 0.498659]
[0.667194, 0.372063, -0.499817, 0.292291, 0.451643]
[0.385191, 0.490977, -0.498763, 0.47459, 0.306335]
[0.490838, 0.140018, -0.498524, 0.460216, 0.20664]
[0.476669, 0.471496, -0.499564, 0.44635, 0.092111]
[0.46413, 0.257948, -0.499097, 0.41225, 0.403521]
[0.64579, 0.495804, -0.498541, 0.346773, 0.315219]
[0.581707, 0.230096, -0.498848, 0.256317, 0.195965]
[0.564547, 0.39855, -0.498827, 0.231336, 0.138984]
[0.292812, 0.378311, -0.498701, 0.324397, 0.463194]
[0.638249, 0.190712, -0.499093, 0.249969, 0.204581]
[0.272429, 0.368161, -0.499461, 0.249134, 0.217602]
[0.41365, 0.343659, -0.498552, 0.37894, 0.350061]
[0.371744, 0.306774, -0.498677, 0.423333, 0.155642]
[0.304462, 0.432788, -0.499479, 0.30371, 0.154434]
[0.608218, 0.4672, -0.498593, 0.423999, 0.31641]
[0.663537, 0.320697, -0.498664, 0.331397, 0.120321]
[0.645522, 0.284135, -0.499819, 0.445387, 0.254677]
[0.531842, 0.496116, -0.499263, 0.447817, 0.235344]
[0.354347, 0.295291, -0.499376, 0.495042, 0.182451]
[0.457079, 0.180449, -0.499292, 0.336886, 0.044372]
[0.525702, 0.181096, -0.499687, 0.24527, 0.310514]
[0.273249, 0.323666, -0.499131, 0.40116, 0.22658]
[0.382946, 0.160045, -0.498517, 0.249636, 0.013022]
[0.404387, 0.279807, -0.499658, 0.457182, 0.298213]
[0.392453, 0.275408, -0.499841, 0.24731, 0.459606]
[0.380882, 0.297025, -0.499043, 0.38098, 0.271007]
[0.417475, 0.32811, -0.498489, 0.330609, 0.414047]
[0.314971, 0.452154, -0.498819, 0.355888, 0.475863]
[0.64457, 0.351278, -0.499843, 0.498647, 0.020686]
[0.563149, 0.440546, -0.498633, 0.498749, 0.092716]
[0.6349, 0.491112, -0.499147, 0.472382, 0.374385]
[0.375549, 0.428346, -0.499244, 0.355677, 0.225888]
[0.565722, 0.339373, -0.499689, 0.239807, 0.131902]
[0.474502, 0.317574, -0.499329, 0.459899, 0.187417]
[0.316285, 0.318821, -0.499069, 0.446493, 0.180971]
[0.304764, 0.289834, -0.499182, 0.363934, 0.157316]
[0.269708, 0.226133, -0.499939, 0.302889, 0.496636]
[0.42662, 0.141764, -0.498484, 0.494249, 0.457417]
[0.63659, 0.211068, -0.498949, 0.349534, 0.252196]
[0.569115, 0.174664, -0.499687, 0.321743, 0.041804]
[0.563108, 0.292837, -0.498781, 0.425529, 0.133296]
[0.51209, 0.193134, -0.499377, 0.324455, 0.143245]
[0.27155, 0.263492, -0.49887, 0.462125, 0.072946]
[0.277358, 0.345905, -0.499733, 0.36358, 0.317328]
[0.383052, 0.464534, -0.499711, 0.273969, 0.44272]
[0.489163, 0.181789, -0.498574, 0.443029, 0.239825]
[0.276145, 0.476505, -0.498973, 0.36153, 0.275222]
[0.667175, 0.478958, -0.49931, 0.395639, 0.10285]
[0.654029, 0.196555, -0.498819, 0.268567, 0.465223]
[0.409537, 0.177638, -0.499066, 0.498292, 0.357329]
[0.392775, 0.300064, -0.49983, 0.327419, 0.052404]
[0.274047, 0.395948, -0.498799, 0.289007, 0.244856]
[0.662246, 0.11227, -0.49862, 0.46134, 0.101155]
[0.594422, 0.442226, -0.49958, 0.394892, 0.317273]
[0.421302, 0.43678, -0.499334, 0.498102, 0.153763]
[0.522485, 0.486488, -0.499238, 0.274746, 0.352843]
[0.532274, 0.375565, -0.49999, 0.276275, 0.341988]
[0.454079, 0.47715, -0.499559, 0.473179, 0.413259]
[0.358177, 0.356365, -0.499771, 0.294243, 0.481924]
[0.351727, 0.464405, -0.499484, 0.370369, 0.247283]
[0.392627, 0.127106, -0.498572, 0.471803, 0.412121]
[0.384108, 0.200014, -0.499189, 0.351219, 0.195877]
[0.605493, 0.295912, -0.499974, 0.231867, 0.211864]
[0.638772, 0.370872, -0.498711, 0.424888, 0.019535]
[0.360493, 0.49049, -0.498563, 0.492347, 0.488048]
[0.315351, 0.33165, -0.499379, 0.321487, 0.091877]
[0.632077, 0.462283, -0.499062, 0.497111, 0.148307]
[0.619151, 0.452418, -0.499341, 0.280234, 0.479568]
[0.500231, 0.368024, -0.498594, 0.228881, 0.049185]
[0.528538, 0.278176, -0.499056, 0.326832, 0.378128]
[0.365604, 0.154579, -0.498998, 0.291202, 0.436754]
[0.32467, 0.447052, -0.499103, 0.392394, 0.427408]
[0.578328, 0.477267, -0.499075, 0.331233, 0.276526]
[0.514092, 0.171313, -0.49895, 0.243, 0.370283]
[0.437418, 0.321379, -0.499863, 0.247072, 0.20101]
[0.481707, 0.321285, -0.499226, 0.411949, 0.34637]
[0.594442, 0.498343, -0.499827, 0.238924, 0.405459]
[0.671683, 0.349006, -0.498428, 0.459378, 0.338636]
[0.531891, 0.259292, -0.499694, 0.32583, 0.474031]
[0.353678, 0.25778, -0.49986, 0.297103, 0.084119]
[0.291848, 0.222146, -0.49956, 0.422857, 0.089234]
[0.342474, 0.270751, -0.499391, 0.32538, 0.157362]
[0.546123, 0.189509, -0.498514, 0.439665, 0.408735]
[0.307977, 0.382521, -0.498941, 0.431199, 0.452979]
[0.404755, 0.255093, -0.498853, 0.255367, 0.153676]
[0.536002, 0.434311, -0.498713, 0.441084, 0.106491]
[0.431819, 0.178579, -0.499424, 0.420137, 0.460788]
[0.669079, 0.487031, -0.499455, 0.372035, 0.091118]
[0.346091, 0.278822, -0.49881, 0.358807, 0.334958]
[0.601693, 0.149952, -0.498884, 0.459378, 0.456728]
[0.38587, 0.222076, -0.499042, 0.377598, 0.0825]
[0.54532, 0.265356, -0.499061, 0.399745, 0.245906]
[0.512918, 0.168073, -0.499742, 0.484412, 0.305909]
[0.309181, 0.335368, -0.499114, 0.491248, 0.498383]
[0.341027, 0.217348, -0.49933, 0.329971, 0.063822]
[0.409665, 0.290953, -0.498428, 0.398978, 0.265677]
[0.39029, 0.318749, -0.498834, 0.314668, 0.307688]
[0.521993, 0.270913, -0.499904, 0.354351, 0.293948]
[0.368138, 0.473317, -0.499112, 0.352613, 0.180914]
[0.301997, 0.145208, -0.49897, 0.494628, 0.235397]
[0.564525, 0.237396, -0.498427, 0.25473, 0.470861]
[0.485078, 0.465249, -0.498864, 0.327869, 0.431544]
[0.474182, 0.460236, -0.498839, 0.459986, 0.287974]
[0.332111, 0.196108, -0.499777, 0.258331, 0.154966]
[0.376262, 0.46838, -0.4992, 0.354881, 0.288303]
[0.448408, 0.169333, -0.498627, 0.257379, 0.224756]
[0.439073, 0.348577, -0.498658, 0.408633, 0.163743]
[0.506011, 0.292411, -0.499322, 0.313822, 0.09473]
[0.399118, 0.319489, -0.499147, 0.360381, 0.321775]
[0.438917, 0.403232, -0.499443, 0.275562, 0.124011]
[0.403609, 0.168797, -0.498874, 0.232109, 0.493682]
[0.628012, 0.29371, -0.499874, 0.262575, 0.353189]
[0.484449, 0.412791, -0.499806, 0.382634, 0.408391]
[0.408686, 0.221598, -0.499704, 0.455376, 0.266258]
[0.303136, 0.390044, -0.499532, 0.252009, 0.224164]
[0.331731, 0.372543, -0.49976, 0.348218, 0.078914]
[0.346004, 0.128923, -0.499686, 0.410475, 0.011022]
[0.672907, 0.456498, -0.499073, 0.374818, 0.461342]
[0.419101, 0.36859, -0.499719, 0.247592, 0.045398]
[0.634278, 0.424604, -0.499314, 0.371988, 0.274065]
[0.324598, 0.283452, -0.499408, 0.23829, 0.492478]
[0.540004, 0.433636, -0.49944, 0.35408, 0.018641]
[0.477695, 0.288014, -0.499639, 0.315582, 0.12986]
[0.599968, 0.483711, -0.499923, 0.242767, 0.497199]
[0.478212, 0.381413, -0.499985, 0.374438, 0.431039]
[0.468355, 0.448449, -0.499414, 0.283134, 0.117034]
[0.497968, 0.425328, -0.499321, 0.247564, 0.164655]
[0.387022, 0.310022, -0.499807, 0.480489, 0.425064]
[0.323108, 0.212946, -0.499754, 0.262085, 0.336964]
[0.662954, 0.302741, -0.49976, 0.425416, 0.14682]
[0.317938, 0.382608, -0.499816, 0.383561, 0.281716]
[0.616159, 0.486001, -0.499104, 0.366071, 0.204094]
[0.42878, 0.471399, -0.498701, 0.377526, 0.105968]
[0.282732, 0.439877, -0.499205, 0.488958, 0.276314]
[0.674199, 0.32574, -0.498634, 0.296777, 0.351373]
[0.570646, 0.168413, -0.498641, 0.238247, 0.37824]
[0.427992, 0.317946, -0.499521, 0.301885, 0.093095]
[0.380184, 0.498102, -0.499519, 0.472395, 0.400991]
[0.551259, 0.165284, -0.49998, 0.45446, 0.366083]
[0.613558, 0.468042, -0.499427, 0.496604, 0.413375]
[0.280227, 0.251485, -0.498835, 0.310811, 0.222917]
[0.542828, 0.260161, -0.499858, 0.392839, 0.082595]
[0.408792, 0.327596, -0.499362, 0.331614, 0.299285]
[0.384275, 0.237375, -0.499162, 0.419084, 0.014422]
[0.565369, 0.419094, -0.499456, 0.386162, 0.23299]
[0.665558, 0.370612, -0.499962, 0.333405, 0.054079]
[0.35955, 0.224494, -0.499098, 0.416242, 0.299442]
[0.544225, 0.278113, -0.499297, 0.274887, 0.356457]
[0.339223, 0.301154, -0.499815, 0.428047, 0.171605]
[0.649176, 0.142931, -0.499859, 0.403449, 0.122468]
[0.622439, 0.143239, -0.499906, 0.389692, 0.129474]
[0.590115, 0.37305, -0.499994, 0.34533, 0.081194]
[0.64917, 0.349704, -0.49944, 0.435452, 0.307245]
[0.426209, 0.30213, -0.499657, 0.316975, 0.017487]
[0.389512, 0.196566, -0.499398, 0.234931, 0.283748]
[0.409251, 0.174287, -0.49918, 0.469699, 0.254533]
[0.454912, 0.376575, -0.499829, 0.237178, 0.257992]
[0.538152, 0.480193, -0.49866, 0.378515, 0.295191]
[0.335338, 0.233199, -0.499693, 0.232881, 0.088891]
[0.497723, 0.469555, -0.498577, 0.413422, 0.480144]
[0.443555, 0.238547, -0.498627, 0.385818, 0.224393]
[0.568219, 0.22722, -0.499809, 0.240014, 0.184562]
[0.602286, 0.383626, -0.499801, 0.323775, 0.478839]
[0.57731, 0.148079, -0.49992, 0.234383, 0.038895]
[0.350497, 0.410027, -0.49934, 0.468254, 0.47134]
[0.311359, 0.332443, -0.499292, 0.372357, 0.290563]
[0.516, 0.450943, -0.499583, 0.275843, 0.389125]
[0.648028, 0.319385, -0.4999, 0.288857, 0.224842]
[0.352626, 0.448936, -0.499354, 0.33992, 0.283456]
[0.275225, 0.413812, -0.499376, 0.311434, 0.019509]
[0.623441, 0.227448, -0.498744, 0.451245, 0.079332]
[0.543466, 0.465266, -0.499184, 0.453421, 0.402082]
[0.601257, 0.38925, -0.49879, 0.447873, 0.298182]
[0.64101, 0.419487, -0.49973, 0.334348, 0.273197]
[0.549844, 0.377213, -0.498731, 0.499601, 0.154782]
[0.282559, 0.124202, -0.498923, 0.30012, 0.311794]
[0.32084, 0.265949, -0.49952, 0.229383, 0.398414]
[0.480723, 0.354278, -0.49943, 0.233066, 0.320936]
[0.524402, 0.335926, -0.4985, 0.320717, 0.132701]
[0.281175, 0.260877, -0.499952, 0.245523, 0.051596]
[0.405269, 0.43715, -0.499782, 0.360358, 0.062784]
[0.430801, 0.322256, -0.499963, 0.431173, 0.269409]
[0.289593, 0.479931, -0.499202, 0.368391, 0.466676]
[0.526637, 0.468795, -0.499723, 0.388328, 0.278714]
[0.62166, 0.14136, -0.499799, 0.419303, 0.389732]
[0.571091, 0.160134, -0.49971, 0.471629, 0.09406]
[0.668448, 0.388398, -0.499265, 0.43992, 0.413756]
[0.287437, 0.430493, -0.499952, 0.344281, 0.075336]
[0.311584, 0.473829, -0.499999, 0.260116, 0.387492]
[0.331558, 0.202523, -0.498892, 0.319562, 0.299849]
[0.382241, 0.413173, -0.499619, 0.327941, 0.288886]
[0.391637, 0.147921, -0.499634, 0.324599, 0.274409]
[0.571732, 0.394904, -0.499314, 0.244727, 0.36768]
[0.38248, 0.347944, -0.499914, 0.488171, 0.115965]
[0.36262, 0.395869, -0.499499, 0.496454, 0.193669]
[0.415359, 0.190063, -0.498999, 0.293322, 0.390067]
[0.556346, 0.151623, -0.499572, 0.245689, 0.432487]
[0.623807, 0.305823, -0.498799, 0.289686, 0.050666]
[0.599905, 0.441566, -0.49952, 0.31639, 0.224493]
[0.435688, 0.291932, -0.499335, 0.340326, 0.276017]
[0.280626, 0.216502, -0.498853, 0.487299, 0.368289]
[0.286622, 0.128154, -0.498479, 0.417937, 0.335564]
[0.410099, 0.337526, -0.499156, 0.240128, 0.466016]
[0.345499, 0.452771, -0.499863, 0.232614, 0.144824]
[0.323243, 0.231588, -0.499186, 0.380405, 0.250754]
[0.378397, 0.190565, -0.4992, 0.383971, 0.223195]
[0.493194, 0.150811, -0.499518, 0.275035, 0.43876]
[0.594845, 0.220592, -0.498686, 0.293642, 0.313936]
[0.481745, 0.341164, -0.499066, 0.232566, 0.012621]
[0.535154, 0.283363, -0.499208, 0.428862, 0.234628]
[0.522624, 0.492464, -0.499966, 0.282562, 0.059133]
[0.546291, 0.334278, -0.498446, 0.295304, 0.349081]
[0.405431, 0.497552, -0.499461, 0.439296, 0.407476]
[0.44487, 0.195689, -0.499981, 0.329608, 0.40019]
[0.358399, 0.258114, -0.499088, 0.330155, 0.366095]
[0.607299, 0.438929, -0.499708, 0.476596, 0.208653]
[0.576341, 0.326582, -0.49927, 0.411811, 0.084454]
[0.400979, 0.21989, -0.499567, 0.35262, 0.115687]
[0.453385, 0.495622, -0.499165, 0.333227, 0.09076]
[0.396449, 0.253099, -0.499222, 0.286576, 0.136214]
[0.456195, 0.169418, -0.498615, 0.275261, 0.36867]
[0.486838, 0.374583, -0.499021, 0.388718, 0.453968]
[0.363534, 0.278762, -0.49948, 0.471326, 0.158617]
[0.275525, 0.459049, -0.499553, 0.48076, 0.441047]
[0.273488, 0.395175, -0.499311, 0.453981, 0.43185]
[0.462841, 0.22455, -0.498667, 0.257771, 0.215]
[0.481924, 0.466189, -0.499369, 0.411289, 0.089467]
[0.386686, 0.365199, -0.49969, 0.494194, 0.377575]
[0.279059, 0.440531, -0.499074, 0.447239, 0.200865]
[0.337092, 0.410389, -0.499716, 0.478938, 0.154627]
[0.653119, 0.485623, -0.498669, 0.285873, 0.008171]
[0.306231, 0.356538, -0.498851, 0.397639, 0.030957]
[0.345345, 0.488899, -0.498742, 0.430936, 0.265245]
[0.542737, 0.4126, -0.499225, 0.451138, 0.177745]
[0.481293, 0.22982, -0.498736, 0.305322, 0.402204]
[0.521811, 0.463567, -0.499806, 0.286151, 0.283875]
[0.65666, 0.141734, -0.498866, 0.344744, 0.236592]
[0.502547, 0.179075, -0.4989, 0.476486, 0.198908]
[0.501872, 0.4869, -0.499418, 0.27185, 0.161702]
[0.578795, 0.230882, -0.49905, 0.276758, 0.433017]
[0.444457, 0.371053, -0.499927, 0.28096, 0.468682]
[0.538538, 0.485793, -0.498837, 0.390424, 0.234935]
[0.582793, 0.472327, -0.499898, 0.495803, 0.423521]
[0.310394, 0.257055, -0.499267, 0.239599, 0.012288]
[0.522985, 0.23141, -0.49936, 0.474156, 0.338995]
[0.468944, 0.317723, -0.498872, 0.244864, 0.312131]
[0.324682, 0.299666, -0.499692, 0.252873, 0.306793]
[0.279828, 0.316691, -0.499943, 0.412833, 0.21539]
[0.533479, 0.313762, -0.498908, 0.498342, 0.193648]
[0.673364, 0.14571, -0.499465, 0.311292, 0.412862]
[0.28164, 0.206886, -0.499822, 0.476383, 0.125251]
[0.371734, 0.347037, -0.499671, 0.497552, 0.482709]
[0.624229, 0.31385, -0.498856, 0.346354, 0.239748]
[0.636943, 0.1816, -0.499086, 0.296571, 0.268872]
[0.369609, 0.132012, -0.498509, 0.256689, 0.002665]
[0.396711, 0.381728, -0.499773, 0.403585, 0.399934]
[0.429296, 0.384367, -0.498641, 0.468057, 0.114774]
[0.320091, 0.17098, -0.498432, 0.350145, 0.297273]
[0.284321, 0.427682, -0.499629, 0.282901, 0.220544]
[0.301916, 0.230831, -0.49961, 0.447009, 0.140489]
[0.433847, 0.133547, -0.498713, 0.247486, 0.393913]
[0.666129, 0.481636, -0.499221, 0.435923, 0.410795]
[0.625394, 0.217023, -0.499091, 0.382212, 0.315945]
[0.332592, 0.431198, -0.499021, 0.369115, 0.129189]
[0.329316, 0.153389, -0.499089, 0.422411, 0.177271]
[0.557392, 0.372514, -0.498493, 0.479089, 0.418205]
[0.62572, 0.498507, -0.498484, 0.370241, 0.103755]
[0.591017, 0.378507, -0.498442, 0.472407, 0.088561]
[0.487535, 0.277191, -0.499767, 0.484014, 0.353936]
[0.595969, 0.142062, -0.498901, 0.358468, 0.224778]
[0.532889, 0.276529, -0.498573, 0.466579, 0.498108]
[0.462989, 0.20346, -0.498531, 0.324144, 0.183086]
[0.569984, 0.145768, -0.498948, 0.34966, 0.228471]
[0.590204, 0.476921, -0.499708, 0.37069, 0.118562]
[0.653882, 0.499174, -0.498968, 0.340908, 0.311894]
[0.381607, 0.228376, -0.498855, 0.229334, 0.487017]
[0.594906, 0.277525, -0.499367, 0.465212, 0.021344]
[0.349757, 0.20018, -0.499033, 0.25403, 0.404297]
[0.5219, 0.193023, -0.499328, 0.422161, 0.040197]
[0.433809, 0.193681, -0.499958, 0.375946, 0.094435]
[0.665603, 0.309014, -0.498424, 0.414181, 0.190657]
[0.500325, 0.202151, -0.499534, 0.26594, 0.402376]
[0.352545, 0.484187, -0.499748, 0.430009, 0.426779]
[0.318847, 0.166734, -0.499703, 0.472648, 0.188803]
[0.567169, 0.24193, -0.499287, 0.430665, 0.340614]
[0.676962, 0.495807, -0.499471, 0.283935, 0.282673]
[0.664437, 0.431342, -0.498865, 0.384317, 0.086964]
[0.563205, 0.1854, -0.499679, 0.243039, 0.22913]
[0.648964, 0.285612, -0.499291, 0.361695, 0.01963]
[0.438175, 0.145367, -0.498992, 0.311088, 0.284564]
[0.519533, 0.3688, -0.498679, 0.452376, 0.211945]
[0.641485, 0.168553, -0.49867, 0.494265, 0.412875]
[0.28552, 0.230269, -0.498475, 0.459759, 0.33148]
[0.55144, 0.178695, -0.499477, 0.272661, 0.411893]
[0.637637, 0.360607, -0.499255, 0.486361, 0.215765]
[0.287206, 0.34415, -0.499653, 0.353312, 0.057315]
[0.533279, 0.456225, -0.49989, 0.435331, 0.220892]
[0.652477, 0.320619, -0.499258, 0.404283, 0.322877]
[0.518917, 0.256749, -0.499777, 0.229117, 0.263866]
[0.677433, 0.434248, -0.499615, 0.2902, 0.019593]
[0.276548, 0.345643, -0.499467, 0.239643, 0.463274]
[0.487533, 0.296472, -0.499857, 0.39997, 0.422108]
[0.544018, 0.331986, -0.499183, 0.465649, 0.482644]
[0.307313, 0.186808, -0.498651, 0.285012, 0.058356]
[0.278773, 0.315246, -0.499066, 0.24972, 0.390832]
[0.443246, 0.246921, -0.499072, 0.303836, 0.328799]
[0.67347, 0.281625, -0.499645, 0.432118, 0.218047]
[0.366717, 0.158903, -0.499334, 0.346313, 0.046693]
[0.428054, 0.272081, -0.499894, 0.340063, 0.358815]
[0.470489, 0.369884, -0.499732, 0.422683, 0.38919]
[0.531577, 0.359032, -0.499923, 0.420798, 0.424713]
[0.401293, 0.43053, -0.499592, 0.392975, 0.260526]
[0.59427, 0.162466, -0.499914, 0.425129, 0.264182]
[0.403714, 0.147549, -0.499678, 0.463957, 0.476123]
[0.443491, 0.348462, -0.499644, 0.259691, 0.281967]
[0.309414, 0.372735, -0.49901, 0.392985, 0.200569]
[0.366497, 0.496663, -0.49905, 0.472302, 0.194578]
[0.59956, 0.278345, -0.499505, 0.465863, 0.267335]
[0.611109, 0.44307, -0.499107, 0.403155, 0.097112]
[0.650658, 0.360652, -0.499543, 0.455031, 0.244509]
[0.540798, 0.393368, -0.498942, 0.469373, 0.033206]
[0.310012, 0.167005, -0.499001, 0.494153, 0.489923]
[0.461911, 0.159552, -0.499168, 0.249401, 0.495841]
[0.526863, 0.193161, -0.499299, 0.305496, 0.144107]
[0.323698, 0.481493, -0.499029, 0.324661, 0.42791]
[0.519093, 0.379894, -0.499503, 0.438133, 0.040527]
[0.32831, 0.409762, -0.499913, 0.494151, 0.070418]
[0.34357, 0.144574, -0.498896, 0.445258, 0.015565]
[0.269093, 0.294186, -0.499935, 0.497271, 0.184708]
[0.565912, 0.309899, -0.498889, 0.234547, 0.244826]
[0.491326, 0.38989, -0.499098, 0.44749, 0.149669]
[0.279711, 0.289642, -0.499086, 0.23751, 0.301597]
[0.646068, 0.186942, -0.499608, 0.341578, 0.027438]
[0.541439, 0.27979, -0.49984, 0.419521, 0.08398]
[0.290953, 0.113701, -0.498687, 0.392678, 0.200869]
[0.650612, 0.176405, -0.499673, 0.46869, 0.459689]
[0.639242, 0.141405, -0.499556, 0.291322, 0.307559]
[0.410388, 0.473238, -0.498922, 0.252754, 0.017242]
[0.643694, 0.148821, -0.499333, 0.487342, 0.216608]
[0.428567, 0.180949, -0.498512, 0.242687, 0.268307]
[0.559949, 0.348094, -0.498491, 0.499205, 0.083344]
[0.270379, 0.327539, -0.499904, 0.454196, 0.277471]
[0.474464, 0.450779, -0.499989, 0.23379, 0.325349]
[0.630185, 0.198243, -0.499465, 0.325623, 0.307335]
[0.631184, 0.307415, -0.499325, 0.436703, 0.207545]
[0.461741, 0.294233, -0.499646, 0.358612, 0.186787]
[0.37379, 0.170237, -0.499304, 0.467963, 0.266616]
[0.468096, 0.499267, -0.499923, 0.256441, 0.316973]
[0.615577, 0.303356, -0.499486, 0.265916, 0.093492]
[0.599119, 0.286135, -0.49945, 0.445329, 0.361222]
[0.376879, 0.15232, -0.499803, 0.408021, 0.25265]
[0.676194, 0.149169, -0.498658, 0.347835, 0.231762]
[0.358923, 0.456798, -0.499461, 0.478048, 0.289255]
[0.582627, 0.2258, -0.498733, 0.390583, 0.072273]
[0.512074, 0.409002, -0.499856, 0.326335, 0.295217]
[0.551661, 0.187811, -0.499427, 0.363319, 0.103004]
[0.672113, 0.325608, -0.499985, 0.333594, 0.424968]
[0.479784, 0.393815, -0.499706, 0.268523, 0.499227]
[0.276332, 0.409705, -0.499391, 0.451593, 0.065097]
[0.520414, 0.425373, -0.499909, 0.41252, 0.260451]
[0.577024, 0.254605, -0.499716, 0.488697, 0.499481]
[0.558506, 0.337861, -0.498592, 0.486131, 0.037151]
[0.577934, 0.390544, -0.499863, 0.230394, 0.465885]
[0.301481, 0.411804, -0.498835, 0.346298, 0.069344]
[0.440722, 0.183995, -0.499855, 0.24753, 0.005171]
[0.679419, 0.144581, -0.498895, 0.380705, 0.170387]
[0.305249, 0.415886, -0.499059, 0.447916, 0.246887]
[0.335079, 0.453869, -0.499418, 0.398004, 0.168356]
[0.506706, 0.427109, -0.49895, 0.237689, 0.030822]
[0.373556, 0.300751, -0.499467, 0.423848, 0.08044]
[0.585189, 0.20529, -0.498716, 0.398197, 0.128388]
[0.290531, 0.37671, -0.498492, 0.459892, 0.32368]
[0.440934, 0.372175, -0.499658, 0.452924, 0.080556]
[0.341269, 0.365327, -0.49962, 0.378128, 0.012796]
[0.419975, 0.255612, -0.499368, 0.415338, 0.112493]
[0.600299, 0.465144, -0.499083, 0.303419, 0.356687]
[0.334606, 0.210849, -0.499718, 0.307166, 0.287297]
[0.308992, 0.36135, -0.499162, 0.422481, 0.452597]
[0.462593, 0.172369, -0.499905, 0.45584, 0.115836]
[0.276605, 0.328224, -0.498686, 0.487672, 0.134456]
[0.311468, 0.194014, -0.499654, 0.398637, 0.069562]
[0.5301, 0.368381, -0.498776, 0.272628, 0.22961]
[0.513799, 0.174103, -0.498808, 0.49609, 0.057129]
[0.662357, 0.366217, -0.499179, 0.253686, 0.184451]
[0.441691, 0.255649, -0.498747, 0.369796, 0.378746]
[0.606873, 0.411771, -0.499237, 0.300124, 0.465482]
[0.278643, 0.46278, -0.499354, 0.493134, 0.061146]
[0.357916, 0.251595, -0.498833, 0.238644, 0.286052]
[0.308576, 0.357443, -0.499655, 0.328644, 0.055672]
[0.635328, 0.447253, -0.498552, 0.492863, 0.097841]
[0.425889, 0.184521, -0.499065, 0.321623, 0.472644]
[0.459058, 0.150763, -0.498733, 0.268463, 0.107365]
[0.621485, 0.418971, -0.498947, 0.252655, 0.089157]
[0.431911, 0.45781, -0.498972, 0.387766, 0.272246]
[0.427424, 0.420348, -0.499528, 0.292636, 0.403273]
[0.427508, 0.214424, -0.499716, 0.430495, 0.141749]
[0.330669, 0.287478, -0.49929, 0.391152, 0.379902]
[0.384115, 0.32963, -0.498669, 0.386826, 0.383659]
[0.337738, 0.442939, -0.498426, 0.477918, 0.151908]
[0.463295, 0.307027, -0.499525, 0.270364, 0.281108]
[0.576377, 0.20564, -0.499894, 0.469352, 0.248744]
[0.345286, 0.432023, -0.499888, 0.270569, 0.421015]
[0.418406, 0.438207, -0.499116, 0.340477, 0.279046]
[0.578545, 0.208925, -0.499798, 0.29417, 0.427215]
[0.28199, 0.200216, -0.499414, 0.395334, 0.459704]
[0.673969, 0.167037, -0.498974, 0.421574, 0.139812]
[0.595508, 0.331687, -0.499447, 0.366962, 0.465134]
[0.451372, 0.339447, -0.499159, 0.333035, 0.338083]
[0.442121, 0.489113, -0.498802, 0.465693, 0.043817]
[0.615239, 0.475047, -0.499247, 0.342647, 0.344542]
[0.539795, 0.440086, -0.499901, 0.371012, 0.199596]
[0.534585, 0.301043, -0.499556, 0.367334, 0.38063]
[0.525464, 0.453632, -0.49997, 0.471681, 0.332289]
[0.322087, 0.296692, -0.498922, 0.278023, 0.448008]
[0.675816, 0.385719, -0.499023, 0.365161, 0.399047]
[0.319582, 0.140429, -0.499834, 0.488623, 0.431711]
[0.491134, 0.483905, -0.499086, 0.473621, 0.202044]
[0.332922, 0.441645, -0.499827, 0.329269, 0.14421]
[0.43332, 0.454623, -0.499802, 0.365591, 0.391451]
[0.663917, 0.27691, -0.498537, 0.370463, 0.289955]
[0.634666, 0.246191, -0.498929, 0.467003, 0.085659]
[0.49272, 0.40831, -0.498841, 0.358445, 0.466349]
[0.396413, 0.376608, -0.499601, 0.355868, 0.487638]
[0.652696, 0.406441, -0.499271, 0.421973, 0.370442]
[0.325663, 0.117672, -0.499549, 0.475091, 0.440441]
[0.393337, 0.251279, -0.498869, 0.476238, 0.437244]
[0.657785, 0.262857, -0.499105, 0.38378, 0.470013]
[0.42217, 0.321237, -0.499969, 0.249086, 0.269328]
[0.471763, 0.200538, -0.498724, 0.289782, 0.166405]
[0.466414, 0.499184, -0.498562, 0.457318, 0.430577]
[0.508772, 0.237032, -0.498937, 0.340781, 0.395761]
[0.528519, 0.279655, -0.499645, 0.338559, 0.461538]
[0.422593, 0.18617, -0.498658, 0.306909, 0.117903]
[0.332146, 0.270898, -0.499077, 0.427919, 0.394053]
[0.466721, 0.173749, -0.499315, 0.361572, 0.389159]
[0.410264, 0.465021, -0.499915, 0.307944, 0.221529]
[0.478313, 0.456881, -0.499095, 0.466935, 0.164115]
[0.615298, 0.321619, -0.499019, 0.244642, 0.332898]
[0.460266, 0.221734, -0.49886, 0.397003, 0.364928]
[0.305421, 0.46874, -0.499079, 0.325715, 0.013534]
[0.399592, 0.486964, -0.49871, 0.383675, 0.284806]
[0.633497, 0.125673, -0.499115, 0.30091, 0.300576]
[0.366389, 0.294691, -0.499533, 0.32742, 0.354073]
[0.449803, 0.350125, -0.498655, 0.443768, 0.499494]
[0.38463, 0.185723, -0.499661, 0.468857, 0.11392]
[0.30024, 0.329996, -0.499911, 0.35421, 0.075714]
[0.564884, 0.219674, -0.499913, 0.319082, 0.274189]
[0.64946, 0.112591, -0.499668, 0.327598, 0.387318]
[0.379122, 0.297486, -0.499827, 0.267263, 0.462362]
[0.352825, 0.299629, -0.499845, 0.361141, 0.196252]
[0.523067, 0.226012, -0.499838, 0.416232, 0.331909]
[0.584862, 0.32689, -0.499664, 0.255745, 0.129494]
[0.493629, 0.416134, -0.498896, 0.295086, 0.041269]
[0.535091, 0.337512, -0.498727, 0.479943, 0.22278]
[0.662047, 0.204308, -0.49997, 0.488111, 0.424081]
[0.295621, 0.178293, -0.499719, 0.416871, 0.307933]
[0.309259, 0.408842, -0.499099, 0.413522, 0.240268]
[0.661497, 0.181258, -0.498956, 0.284196, 0.194226]
[0.545981, 0.180816, -0.499512, 0.349404, 0.118498]
[0.413887, 0.384658, -0.499994, 0.281667, 0.372652]
[0.477574, 0.28925, -0.499449, 0.419486, 0.357833]
[0.289462, 0.16463, -0.498809, 0.383753, 0.2581]
[0.573077, 0.469481, -0.49924, 0.364851, 0.349426]
[0.304261, 0.341178, -0.499505, 0.373706, 0.456951]
[0.291806, 0.284992, -0.499547, 0.461757, 0.128172]
[0.307797, 0.280601, -0.499969, 0.287251, 0.39165]
[0.274407, 0.351021, -0.498761, 0.361122, 0.389681]
[0.504465, 0.485346, -0.499832, 0.396943, 0.44891]
[0.369479, 0.403558, -0.498804, 0.380279, 0.025699]
[0.630829, 0.435986, -0.499158, 0.421285, 0.253394]
[0.380324, 0.19158, -0.499268, 0.314698, 0.070811]
[0.603576, 0.379295, -0.499433, 0.447196, 0.270912]
[0.41937, 0.218855, -0.499863, 0.405622, 0.450568]
[0.327064, 0.44761, -0.499974, 0.327516, 0.022423]
[0.425602, 0.486094, -0.499842, 0.244149, 0.252776]
[0.615128, 0.430168, -0.499864, 0.249772, 0.152928]
[0.539103, 0.145816, -0.49887, 0.270581, 0.311487]
[0.364653, 0.27321, -0.499213, 0.374233, 0.145215]
[0.52221, 0.405179, -0.499829, 0.334225, 0.151271]
[0.371661, 0.453473, -0.498454, 0.291619, 0.27624]
[0.510604, 0.459804, -0.499669, 0.325967, 0.398569]
[0.449996, 0.16694, -0.499869, 0.392535, 0.369644]
[0.562299, 0.489412, -0.498557, 0.238271, 0.292207]
[0.354643, 0.128583, -0.499976, 0.281186, 0.284597]
[0.676643, 0.237912, -0.498778, 0.238544, 0.335694]
[0.677763, 0.470832, -0.499655, 0.489596, 0.452625]
[0.598883, 0.190241, -0.498886, 0.399677, 0.099639]
[0.277166, 0.213225, -0.499023, 0.283512, 0.265696]
[0.380197, 0.278606, -0.498875, 0.320023, 0.434016]
[0.524562, 0.255911, -0.498778, 0.431488, 0.456633]
[0.389825, 0.363251, -0.499522, 0.335419, 0.320486]
[0.65256, 0.402076, -0.499882, 0.388174, 0.030613]
[0.469316, 0.339747, -0.499558, 0.33143, 0.401637]
[0.381562, 0.245504, -0.498633, 0.238039, 0.009267]
[0.498283, 0.182981, -0.498949, 0.448138, 0.423452]
[0.675686, 0.351194, -0.499211, 0.318374, 0.369243]
[0.602799, 0.178563, -0.499509, 0.373019, 0.395158]
[0.545716, 0.241404, -0.498507, 0.278739, 0.377879]
[0.469962, 0.186946, -0.498548, 0.354298, 0.010871]
[0.50878, 0.17345, -0.498668, 0.443908, 0.289741]
[0.620757, 0.33927, -0.499661, 0.327549, 0.148183]
[0.295913, 0.333215, -0.498645, 0.329415, 0.017049]
[0.275051, 0.461125, -0.499421, 0.303316, 0.434738]
[0.561143, 0.289872, -0.499174, 0.376532, 0.123178]
[0.334099, 0.303995, -0.499501, 0.480134, 0.071405]
[0.64437, 0.437801, -0.499805, 0.288544, 0.2117]
[0.416017, 0.476187, -0.49897, 0.357725, 0.452266]
[0.358905, 0.455017, -0.499846, 0.385657, 0.406205]
[0.421007, 0.296376, -0.498981, 0.433703, 0.041237]
[0.40006, 0.42736, -0.498633, 0.327879, 0.423455]
[0.47622, 0.45275, -0.499771, 0.269999, 0.077353]
[0.656245, 0.378559, -0.49897, 0.408285, 0.298431]
[0.438243, 0.440387, -0.498593, 0.45742, 0.326594]
[0.453968, 0.313813, -0.498625, 0.295722, 0.145989]
[0.409182, 0.187763, -0.49862, 0.419327, 0.151435]
[0.664778, 0.49591, -0.498502, 0.463206, 0.026829]
[0.368159, 0.447485, -0.499559, 0.305712, 0.44032]
[0.29157, 0.467102, -0.499085, 0.386878, 0.243551]
[0.27457, 0.147794, -0.498832, 0.491809, 0.399421]
[0.344319, 0.462772, -0.4988, 0.376277, 0.195873]
[0.497294, 0.271785, -0.499926, 0.493424, 0.087169]
[0.561159, 0.180329, -0.498475, 0.402941, 0.170272]
[0.456706, 0.370138, -0.499006, 0.33282, 0.486279]
[0.503694, 0.189928, -0.499073, 0.242729, 0.081939]
[0.441487, 0.136943, -0.498855, 0.230785, 0.0281]
[0.313803, 0.172474, -0.498748, 0.431295, 0.281272]
[0.274334, 0.112505, -0.498685, 0.306159, 0.475361]
[0.467631, 0.451406, -0.499037, 0.456289, 0.31344]
[0.37482, 0.353434, -0.499826, 0.347306, 0.13116]
[0.339017, 0.349435, -0.49988, 0.416242, 0.401012]
[0.586357, 0.475465, -0.499075, 0.482295, 0.187721]
[0.480581, 0.299152, -0.498929, 0.304144, 0.492056]
[0.641129, 0.37216, -0.49886, 0.422669, 0.249491]
[0.457187, 0.344043, -0.499753, 0.271519, 0.071604]
[0.551608, 0.181237, -0.49944, 0.427054, 0.256511]
[0.574106, 0.444465, -0.498462, 0.414383, 0.478303]
[0.396482, 0.331852, -0.498837, 0.268446, 0.193138]
[0.517476, 0.260807, -0.49923, 0.41332, 0.049516]
[0.282667, 0.48856, -0.498937, 0.397259, 0.039055]
[0.382431, 0.345639, -0.499046, 0.498699, 0.495982]
[0.647696, 0.370523, -0.499445, 0.338457, 0.464107]
[0.28071, 0.317676, -0.499744, 0.298361, 0.471326]
[0.362308, 0.435916, -0.499166, 0.354274, 0.26476]
[0.645124, 0.374833, -0.498501, 0.283722, 0.066593]
[0.640426, 0.420917, -0.498815, 0.304156, 0.366517]
[0.679549, 0.355283, -0.499914, 0.366293, 0.274128]
[0.634318, 0.393567, -0.499736, 0.278509, 0.097067]
[0.51504, 0.42394, -0.498734, 0.250976, 0.336948]
[0.398693, 0.192736, -0.499444, 0.336522, 0.31314]
[0.56114, 0.456336, -0.498921, 0.444942, 0.082313]
[0.545703, 0.226628, -0.498989, 0.306558, 0.278817]
[0.462077, 0.41024, -0.498815, 0.327666, 0.45056]
[0.396725, 0.398661, -0.499688, 0.376805, 0.426543]
[0.5112, 0.251652, -0.499644, 0.24456, 0.248664]
[0.492916, 0.40624, -0.498947, 0.312227, 0.074081]
[0.302371, 0.391424, -0.499095, 0.41418, 0.071917]
[0.314405, 0.4583, -0.498742, 0.234513, 0.207341]
[0.57874, 0.279755, -0.498954, 0.242593, 0.109245]
[0.28073, 0.151749, -0.498813, 0.488971, 0.400751]
[0.493909, 0.37695, -0.499014, 0.340718, 0.387116]
[0.382778, 0.296239, -0.499406, 0.257548, 0.295825]
[0.531436, 0.469262, -0.49924, 0.409901, 0.419228]
[0.670099, 0.163517, -0.499678, 0.318754, 0.192566]
[0.653557, 0.224448, -0.499215, 0.387443, 0.155967]
[0.347139, 0.386094, -0.499111, 0.276551, 0.185497]
[0.673542, 0.374165, -0.499149, 0.385516, 0.355553]
[0.536257, 0.137169, -0.499568, 0.460558, 0.121248]
[0.411356, 0.295262, -0.499798, 0.34131, 0.032538]
[0.558835, 0.195858, -0.498789, 0.341536, 0.138471]
[0.484539, 0.423346, -0.499477, 0.345301, 0.356006]
[0.633765, 0.318407, -0.498651, 0.348263, 0.031463]
[0.564094, 0.417225, -0.499934, 0.341506, 0.165396]
[0.649557, 0.280077, -0.499756, 0.378263, 0.021053]
[0.557989, 0.211054, -0.499306, 0.232591, 0.499684]
[0.456039, 0.250391, -0.499238, 0.289731, 0.342151]
[0.279877, 0.297974, -0.499248, 0.466069, 0.090038]
[0.579845, 0.213059, -0.498528, 0.35013, 0.46533]
[0.50457, 0.117561, -0.499893, 0.394339, 0.311974]
[0.31021, 0.219742, -0.499113, 0.365816, 0.401911]
[0.368511, 0.451323, -0.49922, 0.409621, 0.384365]
[0.329991, 0.496939, -0.498642, 0.272159, 0.015829]
[0.504683, 0.263902, -0.498869, 0.32163, 0.013887]
[0.339613, 0.418635, -0.499647, 0.447427, 0.038839]
[0.465031, 0.238512, -0.498831, 0.374915, 0.208181]
[0.276955, 0.202426, -0.499237, 0.338112, 0.09811]
[0.522201, 0.130476, -0.499663, 0.286668, 0.074512]
[0.518571, 0.308059, -0.49854, 0.401934, 0.390257]
[0.411001, 0.192742, -0.499631, 0.333418, 0.197943]
[0.665318, 0.296025, -0.498867, 0.430941, 0.04531]
[0.501455, 0.402184, -0.499874, 0.41743, 0.258789]
[0.63483, 0.145273, -0.499059, 0.240183, 0.061263]
[0.630096, 0.2031, -0.49983, 0.228068, 0.118107]
[0.323721, 0.193184, -0.498864, 0.390112, 0.151468]
[0.555454, 0.285574, -0.499639, 0.39447, 0.400675]
[0.456188, 0.275302, -0.499888, 0.349599, 0.209397]
[0.406189, 0.351124, -0.49914, 0.407613, 0.171247]
[0.581089, 0.207424, -0.499964, 0.295529, 0.073943]
[0.679189, 0.462414, -0.498836, 0.323576, 0.244189]
[0.654167, 0.309638, -0.498632, 0.443618, 0.418162]
[0.551351, 0.296339, -0.498448, 0.306681, 0.035919]
[0.667366, 0.162455, -0.499455, 0.339035, 0.243951]
[0.625291, 0.27136, -0.498768, 0.317947, 0.342465]
[0.375084, 0.397628, -0.499945, 0.321713, 0.195735]
[0.62984, 0.394886, -0.499208, 0.464196, 0.174083]
[0.418531, 0.148917, -0.498579, 0.412299, 0.199257]
[0.324253, 0.396426, -0.499885, 0.410595, 0.342855]
[0.662747, 0.123607, -0.499651, 0.286012, 0.020406]
[0.4192, 0.31949, -0.499768, 0.396765, 0.1623]
[0.607004, 0.398485, -0.49999, 0.347372, 0.121516]
[0.431217, 0.222595, -0.499537, 0.232618, 0.323611]
[0.281704, 0.187979, -0.498597, 0.296318, 0.222196]
[0.399743, 0.457669, -0.498992, 0.256845, 0.189312]
[0.607693, 0.490757, -0.499024, 0.273827, 0.286511]
[0.399229, 0.491426, -0.499007, 0.391421, 0.064279]
[0.601851, 0.41025, -0.498417, 0.362864, 0.033036]
[0.356644, 0.232162, -0.499076, 0.228603, 0.020351]
[0.523382, 0.306273, -0.499001, 0.305893, 0.044874]
[0.424868, 0.138654, -0.49855, 0.377463, 0.336268]
[0.429775, 0.340535, -0.498836, 0.443802, 0.087744]
[0.349076, 0.173189, -0.498454, 0.240817, 0.207268]
[0.558519, 0.191471, -0.498734, 0.438584, 0.173859]
[0.409847, 0.259419, -0.498723, 0.324185, 0.038274]
[0.353681, 0.252266, -0.499048, 0.491619, 0.276555]
[0.392202, 0.322851, -0.498545, 0.280099, 0.044938]
[0.611934, 0.150391, -0.49921, 0.255001, 0.038543]
[0.289794, 0.40068, -0.498595, 0.275178, 0.012253]
[0.51502, 0.344705, -0.49949, 0.233467, 0.130135]
[0.340358, 0.428818, -0.499664, 0.407027, 0.278066]
[0.599264, 0.323517, -0.499341, 0.294469, 0.285817]
[0.646053, 0.215378, -0.499859, 0.257294, 0.093623]
[0.568001, 0.369974, -0.499226, 0.458858, 0.461124]
[0.674046, 0.352416, -0.498756, 0.360708, 0.159129]
[0.526488, 0.242555, -0.499831, 0.342341, 0.23042]
[0.383279, 0.247505, -0.499595, 0.346283, 0.421383]
[0.503619, 0.407896, -0.499653, 0.259009, 0.211523]
[0.40462, 0.154649, -0.49892, 0.377094, 0.036152]
[0.341485, 0.205233, -0.498475, 0.34337, 0.161391]
[0.462082, 0.446657, -0.498917, 0.376684, 0.071325]
[0.344942, 0.458208, -0.499926, 0.448505, 0.088092]
[0.457579, 0.176039, -0.498502, 0.380298, 0.379774]
[0.623407, 0.417207, -0.499567, 0.404158, 0.135576]
[0.545495, 0.201308, -0.499126, 0.452143, 0.01674]
[0.486228, 0.494519, -0.498965, 0.381071, 0.127916]
[0.638223, 0.17421, -0.499393, 0.48078, 0.256502]
[0.336891, 0.367085, -0.49922, 0.247423, 0.036252]
[0.509716, 0.296275, -0.498569, 0.485043, 0.079689]
[0.577754, 0.24853, -0.499251, 0.256356, 0.353615]
[0.480609, 0.195833, -0.499016, 0.372218, 0.071549]
[0.630883, 0.405299, -0.498934, 0.342665, 0.318316]
[0.581392, 0.219713, -0.498735, 0.357723, 0.183724]
[0.269353, 0.423583, -0.498642, 0.309356, 0.330691]
[0.29855, 0.207253, -0.499786, 0.415348, 0.392589]
[0.392102, 0.161397, -0.49887, 0.380123, 0.113532]
[0.521494, 0.330224, -0.498845, 0.436568, 0.206979]
[0.3118, 0.201419, -0.498939, 0.440948, 0.103239]
[0.419966, 0.308556, -0.498813, 0.281856, 0.10288]
[0.362332, 0.396701, -0.499377, 0.347301, 0.205308]
[0.605635, 0.48118, -0.499979, 0.302837, 0.316915]
[0.400954, 0.385659, -0.499175, 0.476755, 0.383111]
[0.279671, 0.231187, -0.499145, 0.272522, 0.000677]
[0.527008, 0.170711, -0.49867, 0.470395, 0.052798]
[0.56826, 0.24743, -0.499536, 0.385992, 0.383798]
[0.527681, 0.39087, -0.499459, 0.300373, 0.147094]
[0.37052, 0.34747, -0.498736, 0.339296, 0.45234]
[0.385938, 0.163785, -0.499382, 0.477787, 0.351703]
[0.33714, 0.358796, -0.499364, 0.329669, 0.322736]
[0.270839, 0.147903, -0.499341, 0.234059, 0.203509]
[0.323963, 0.375283, -0.499795, 0.418651, 0.429317]
[0.641713, 0.258199, -0.498491, 0.346742, 0.370999]
[0.424735, 0.206997, -0.499079, 0.358958, 0.036957]
[0.664587, 0.408892, -0.498629, 0.287198, 0.188473]
[0.416322, 0.117271, -0.498894, 0.360778, 0.148241]
[0.502615, 0.194725, -0.499046, 0.480302, 0.05219]
[0.485262, 0.215933, -0.499278, 0.238114, 0.47895]
[0.645192, 0.289178, -0.499892, 0.467409, 0.334147]
[0.633009, 0.404153, -0.499177, 0.453869, 0.344594]
[0.286612, 0.125737, -0.498928, 0.336425, 0.370936]
[0.534479, 0.151832, -0.499487, 0.329582, 0.001502]
[0.487154, 0.242101, -0.498873, 0.409716, 0.438213]
[0.630232, 0.338093, -0.49997, 0.411341, 0.047998]
[0.518634, 0.186169, -0.499867, 0.271741, 0.460745]
[0.302878, 0.357315, -0.498428, 0.334675, 0.282243]
[0.319179, 0.493915, -0.498795, 0.426479, 0.228352]
[0.389616, 0.121775, -0.499472, 0.270336, 0.066902]
[0.537378, 0.447474, -0.499231, 0.330502, 0.21731]
[0.469453, 0.120828, -0.498787, 0.49765, 0.485107]
[0.336431, 0.435633, -0.499702, 0.23902, 0.493436]
[0.45743, 0.382431, -0.49948, 0.237513, 0.405322]
[0.479132, 0.400829, -0.498607, 0.298509, 0.287251]
[0.388917, 0.25611, -0.498504, 0.498794, 0.147468]
[0.472937, 0.355505, -0.499306, 0.363829, 0.339881]
[0.447165, 0.406392, -0.49856, 0.362643, 0.093731]
[0.571681, 0.355404, -0.498898, 0.477881, 0.083112]
[0.6755, 0.267715, -0.49984, 0.245998, 0.119834]
[0.586177, 0.125395, -0.499561, 0.227976, 0.272265]
[0.492456, 0.286091, -0.499764, 0.350629, 0.057465]
[0.306998, 0.440812, -0.498411, 0.356116, 0.124628]
[0.600641, 0.261833, -0.498542, 0.488673, 0.306459]
[0.675655, 0.311769, -0.498961, 0.401277, 0.029896]
[0.326795, 0.405237, -0.499743, 0.419675, 0.422059]
[0.471023, 0.467869, -0.499888, 0.293834, 0.212663]
[0.484739, 0.46669, -0.49878, 0.448181, 0.266781]
[0.295085, 0.494296, -0.498498, 0.394415, 0.031445]
[0.37638, 0.34874, -0.499825, 0.23174, 0.023552]
[0.408279, 0.35163, -0.499036, 0.272489, 0.457927]
[0.414362, 0.113561, -0.499493, 0.291086, 0.459776]
[0.619185, 0.333177, -0.499966, 0.355278, 0.307331]
[0.359057, 0.202017, -0.499968, 0.487975, 0.365376]
[0.67721, 0.325882, -0.499939, 0.399436, 0.387611]
[0.378523, 0.405933, -0.498498, 0.232798, 0.372806]
[0.356674, 0.336891, -0.498633, 0.465246, 0.350985]
[0.352273, 0.162138, -0.498411, 0.415164, 0.430832]
[0.551023, 0.362038, -0.499002, 0.359395, 0.192032]
[0.563495, 0.41387, -0.498876, 0.472012, 0.09535]
[0.631588, 0.396677, -0.499759, 0.310124, 0.282461]
[0.290551, 0.136273, -0.498456, 0.297903, 0.214879]
[0.392858, 0.438429, -0.499958, 0.249651, 0.199455]
[0.344311, 0.493771, -0.499364, 0.321214, 0.085639]
[0.359654, 0.211024, -0.498619, 0.345614, 0.044147]
[0.509062, 0.427899, -0.49991, 0.234407, 0.198432]
[0.510805, 0.349358, -0.498611, 0.276947, 0.120508]
[0.620688, 0.111497, -0.498545, 0.306969, 0.449347]
[0.328996, 0.336378, -0.499473, 0.426036, 0.183857]
[0.402055, 0.332898, -0.498925, 0.434623, 0.160081]
[0.361204, 0.312647, -0.4986, 0.323904, 0.419566]
[0.35016, 0.156658, -0.499401, 0.348249, 0.406128]
[0.466736, 0.216106, -0.499826, 0.430709, 0.29457]
[0.367113, 0.410294, -0.499506, 0.394289, 0.067251]
[0.536187, 0.284721, -0.498751, 0.481246, 0.428444]
[0.361852, 0.219104, -0.498704, 0.383925, 0.412765]
[0.397349, 0.229022, -0.499115, 0.481996, 0.096283]
[0.629302, 0.360319, -0.499392, 0.411471, 0.277657]
[0.552072, 0.409421, -0.499967, 0.361494, 0.331167]
[0.675998, 0.373373, -0.498446, 0.314265, 0.274594]
[0.665782, 0.32325, -0.499007, 0.403469, 0.177803]
[0.556205, 0.37031, -0.499314, 0.459496, 0.070049]
[0.29941, 0.460893, -0.499376, 0.241803, 0.32141]
[0.428485, 0.131563, -0.499126, 0.494332, 0.494571]
[0.286757, 0.304962, -0.498552, 0.346667, 0.01615]
[0.552145, 0.48904, -0.499214, 0.464059, 0.055667]
[0.323821, 0.197991, -0.49877, 0.424785, 0.419827]
[0.401966, 0.463139, -0.499111, 0.356402, 0.191752]
[0.658318, 0.465494, -0.499156, 0.234084, 0.162162]
[0.418778, 0.173334, -0.498709, 0.349526, 0.400369]
[0.347466, 0.236419, -0.498871, 0.236323, 0.45935]
[0.370736, 0.427762, -0.498654, 0.445911, 0.084154]
[0.453031, 0.41808, -0.499899, 0.484717, 0.087075]
[0.53429, 0.200588, -0.499571, 0.42014, 0.157312]
[0.5442, 0.181342, -0.498534, 0.299092, 0.265892]
[0.409106, 0.366141, -0.499124, 0.360067, 0.412092]
[0.538661, 0.46142, -0.498501, 0.282681, 0.297318]
[0.565363, 0.378016, -0.498783, 0.386066, 0.417343]
[0.457836, 0.453699, -0.499194, 0.352062, 0.201517]
[0.435175, 0.323555, -0.499142, 0.339735, 0.472216]
[0.599408, 0.412631, -0.499853, 0.487973, 0.06192]
[0.657121, 0.269034, -0.498851, 0.304959, 0.159418]
[0.647014, 0.482431, -0.499221, 0.434176, 0.144758]
[0.353606, 0.112271, -0.499083, 0.426232, 0.32249]
[0.609612, 0.335515, -0.498868, 0.404794, 0.337378]
[0.566304, 0.449235, -0.498797, 0.267566, 0.488952]
[0.667945, 0.281704, -0.499564, 0.414424, 0.055866]
[0.406711, 0.447004, -0.499843, 0.484162, 0.404521]
[0.668625, 0.216839, -0.499939, 0.280818, 0.322567]
[0.30778, 0.374553, -0.499358, 0.245376, 0.011897]
[0.306495, 0.481371, -0.499305, 0.407677, 0.380235]
[0.564567, 0.258159, -0.499727, 0.395462, 0.491472]
[0.578913, 0.15257, -0.499229, 0.36817, 0.232733]
[0.587011, 0.329263, -0.499752, 0.311113, 0.341794]
[0.401555, 0.376023, -0.498764, 0.315132, 0.331055]
[0.359358, 0.19968, -0.498953, 0.286076, 0.051452]
[0.468472, 0.443396, -0.498524, 0.269052, 0.33003]
[0.545523, 0.346242, -0.498924, 0.324633, 0.393622]
[0.494429, 0.132325, -0.499503, 0.251229, 0.248739]
[0.347107, 0.29164, -0.49971, 0.433312, 0.294386]
[0.318181, 0.243622, -0.498697, 0.296897, 0.424797]
[0.607882, 0.178613, -0.499699, 0.448418, 0.174579]
[0.321942, 0.169791, -0.499055, 0.290162, 0.180054]
[0.603451, 0.258815, -0.498449, 0.333631, 0.295024]
[0.472449, 0.396472, -0.499984, 0.277705, 0.084458]
[0.370181, 0.264532, -0.498548, 0.396709, 0.42031]
[0.439963, 0.133023, -0.499877, 0.400802, 0.158471]
[0.361487, 0.146149, -0.499054, 0.236246, 0.292425]
[0.365115, 0.347197, -0.498789, 0.408125, 0.433149]
[0.672239, 0.450893, -0.498681, 0.228158, 0.279742]
[0.279529, 0.197886, -0.498885, 0.468734, 0.410849]
[0.438336, 0.4201, -0.498638, 0.475597, 0.227359]
[0.276123, 0.303514, -0.499577, 0.247556, 0.341747]
[0.418614, 0.12462, -0.499294, 0.395042, 0.333669]
[0.5219, 0.131738, -0.499415, 0.232672, 0.363797]
[0.640692, 0.206864, -0.499758, 0.454092, 0.380179]
[0.295822, 0.317959, -0.49951, 0.468746, 0.002159]
[0.473222, 0.427565, -0.499819, 0.442734, 0.222796]
[0.596481, 0.433376, -0.498956, 0.339532, 0.451903]
[0.648429, 0.218612, -0.499843, 0.239391, 0.133257]
[0.449791, 0.114473, -0.499394, 0.300299, 0.377499]
[0.269927, 0.269121, -0.498457, 0.320457, 0.109512]
[0.320671, 0.198586, -0.499486, 0.422979, 0.047447]
[0.344585, 0.382544, -0.499383, 0.326658, 0.012247]
[0.593214, 0.383923, -0.499611, 0.23513, 0.184334]
[0.284973, 0.420956, -0.499775, 0.342294, 0.425322]
[0.533575, 0.292443, -0.499178, 0.47672, 0.055224]
[0.424936, 0.494086, -0.498597, 0.303259, 0.280014]
[0.395447, 0.330331, -0.499113, 0.341798, 0.099062]
[0.636382, 0.323896, -0.498706, 0.231208, 0.294811]
[0.310609, 0.210977, -0.499811, 0.292149, 0.044942]
[0.373281, 0.410538, -0.498524, 0.231532, 0.336716]
[0.369197, 0.393441, -0.498749, 0.325243, 0.354835]
[0.501724, 0.466417, -0.498414, 0.314753, 0.220042]
[0.57003, 0.360298, -0.499549, 0.306143, 0.351971]
[0.575068, 0.393113, -0.499352, 0.258112, 0.005499]
[0.558981, 0.251689, -0.499516, 0.360219, 0.057343]
[0.657548, 0.413041, -0.498719, 0.260878, 0.121308]
[0.608857, 0.488356, -0.49946, 0.424267, 0.060899]
[0.304727, 0.206002, -0.498685, 0.227311, 0.4109]
[0.425341, 0.199597, -0.499846, 0.273574, 0.420577]
[0.36848, 0.385466, -0.498936, 0.444798, 0.131608]
[0.403279, 0.149927, -0.498771, 0.496191, 0.182615]
[0.440258, 0.37799, -0.498498, 0.308069, 0.438622]
[0.308943, 0.277217, -0.49941, 0.304842, 0.279971]
[0.602758, 0.377076, -0.499038, 0.457109, 0.014134]
[0.604676, 0.114933, -0.498614, 0.262945, 0.454912]
[0.593259, 0.298054, -0.498654, 0.32436, 0.308355]
[0.309882, 0.481393, -0.499716, 0.337944, 0.421297]
[0.398391, 0.213425, -0.499584, 0.384983, 0.157684]
[0.510678, 0.345604, -0.499309, 0.302106, 0.014834]
[0.6086, 0.312355, -0.498729, 0.352891, 0.393357]
[0.399644, 0.344702, -0.499284, 0.26167, 0.147311]
[0.658838, 0.256428, -0.499245, 0.353918, 0.394349]
[0.353143, 0.202679, -0.499081, 0.404762, 0.45946]
[0.282494, 0.199111, -0.49977, 0.433451, 0.341753]
[0.349053, 0.202984, -0.499246, 0.323008, 0.13405]
[0.516514, 0.444254, -0.498539, 0.296129, 0.143032]
[0.472592, 0.205351, -0.499014, 0.297154, 0.303504]
[0.359815, 0.276917, -0.499921, 0.335245, 0.275011]
[0.623276, 0.405651, -0.499262, 0.250057, 0.222588]
[0.573709, 0.335015, -0.499303, 0.460615, 0.288787]
[0.38498, 0.198261, -0.499751, 0.25351, 0.075005]
[0.55317, 0.188098, -0.499255, 0.316124, 0.168723]
[0.59508, 0.2919, -0.499151, 0.343243, 0.153264]
[0.323176, 0.446363, -0.49959, 0.489264, 0.019481]
[0.494568, 0.340461, -0.499467, 0.379576, 0.285202]
[0.465474, 0.247376, -0.49936, 0.277307, 0.206192]
[0.450576, 0.395084, -0.498926, 0.34835, 0.304088]
[0.420297, 0.138484, -0.498897, 0.401483, 0.39632]
[0.291016, 0.290323, -0.498691, 0.40517, 0.495353]
[0.446465, 0.205872, -0.499939, 0.266995, 0.25954]
[0.282819, 0.240803, -0.498423, 0.407627, 0.059804]
[0.453923, 0.425696, -0.49877, 0.300508, 0.439605]
[0.667398, 0.312717, -0.499461, 0.459816, 0.302405]
[0.277825, 0.456653, -0.498476, 0.306754, 0.490665]
[0.585221, 0.344295, -0.498633, 0.454641, 0.330685]
[0.32809, 0.260946, -0.498948, 0.27517, 0.30356]
[0.506785, 0.273393, -0.499708, 0.463865, 0.336259]
[0.550517, 0.460849, -0.499431, 0.442155, 0.219049]
[0.478135, 0.496414, -0.498719, 0.244759, 0.086812]
[0.642473, 0.125763, -0.499667, 0.272641, 0.294131]
[0.510768, 0.113825, -0.499964, 0.322711, 0.012717]
[0.358038, 0.264898, -0.499554, 0.307239, 0.451298]
[0.410341, 0.35133, -0.49907, 0.265475, 0.465938]
[0.30863, 0.313469, -0.499111, 0.239802, 0.335114]
[0.415317, 0.115952, -0.499838, 0.282467, 0.047691]
[0.441469, 0.151386, -0.499943, 0.419837, 0.172105]
[0.433848, 0.267916, -0.498699, 0.282954, 0.408323]
[0.342493, 0.401489, -0.499453, 0.347879, 0.173223]
[0.425312, 0.410696, -0.498472, 0.451312, 0.11328]
[0.281583, 0.277914, -0.49848, 0.351777, 0.03164]
[0.586883, 0.417259, -0.498809, 0.265056, 0.177356]
[0.611349, 0.293349, -0.499828, 0.242784, 0.427521]
[0.406886, 0.292826, -0.499393, 0.429779, 0.460801]
[0.32654, 0.258966, -0.49996, 0.243594, 0.364269]
[0.605768, 0.266183, -0.499481, 0.255549, 0.485019]
[0.419638, 0.245907, -0.498537, 0.487614, 0.39599]
[0.415416, 0.143545, -0.499926, 0.473026, 0.016815]
[0.43818, 0.2662, -0.498695, 0.343706, 0.326491]
[0.639033, 0.336583, -0.498478, 0.375843, 0.148445]
[0.463011, 0.401046, -0.498598, 0.379388, 0.178276]
[0.54357, 0.238348, -0.499098, 0.266739, 0.44512]
[0.39762, 0.45729, -0.499557, 0.253442, 0.207338]
[0.490345, 0.451345, -0.499327, 0.321175, 0.001821]
[0.356968, 0.217179, -0.499968, 0.301368, 0.114119]
[0.308326, 0.152468, -0.499701, 0.236374, 0.41135]
[0.488183, 0.393753, -0.498754, 0.400647, 0.076358]
[0.558382, 0.20945, -0.498422, 0.233983, 0.290377]
[0.310806, 0.279344, -0.49954, 0.305597, 0.115218]
[0.671977, 0.125729, -0.498538, 0.48299, 0.241079]
[0.614727, 0.459323, -0.499505, 0.243072, 0.269965]
[0.541758, 0.499648, -0.498508, 0.229221, 0.22925]
[0.393317, 0.343929, -0.499113, 0.447063, 0.190919]
[0.54947, 0.47529, -0.499509, 0.263707, 0.289117]
[0.529307, 0.17799, -0.498574, 0.3045, 0.374663]
[0.657278, 0.427082, -0.499551, 0.420014, 0.398844]
[0.35398, 0.190405, -0.499648, 0.358908, 0.402697]
[0.330589, 0.17758, -0.499135, 0.331409, 0.277995]
[0.32947, 0.321841, -0.499692, 0.438085, 0.174147]
[0.560168, 0.220451, -0.498755, 0.381753, 0.423803]
[0.388363, 0.446713, -0.498805, 0.375748, 0.21544]
[0.273112, 0.146455, -0.498904, 0.326345, 0.104293]
[0.394339, 0.170894, -0.498742, 0.321586, 0.449533]
[0.565172, 0.219862, -0.498515, 0.448253, 0.299559]
[0.506533, 0.240899, -0.498919, 0.460092, 0.132225]
[0.523871, 0.221965, -0.498873, 0.327341, 0.0214]
[0.345533, 0.309014, -0.499109, 0.400783, 0.418463]
[0.675074, 0.415445, -0.498791, 0.249385, 0.101398]
[0.563419, 0.260061, -0.499173, 0.255988, 0.313157]
[0.541143, 0.246399, -0.499149, 0.369508, 0.314506]
[0.62389, 0.400653, -0.49882, 0.489006, 0.39053]
[0.581445, 0.429357, -0.499997, 0.427057, 0.384412]
[0.519067, 0.188402, -0.498531, 0.499169, 0.207365]
[0.545971, 0.413859, -0.499118, 0.383788, 0.486028]
[0.516342, 0.342359, -0.499933, 0.250392, 0.178167]
[0.553953, 0.173479, -0.498639, 0.33395, 0.43843]
[0.595635, 0.221481, -0.499054, 0.306221, 0.109807]
[0.561516, 0.250515, -0.499184, 0.438685, 0.009618]
[0.272375, 0.150172, -0.499638, 0.488112, 0.289999]
[0.564275, 0.169983, -0.498484, 0.269193, 0.320597]
[0.659491, 0.439959, -0.499859, 0.314514, 0.068702]
[0.460515, 0.287958, -0.499432, 0.307659, 0.372568]
[0.402042, 0.160092, -0.499159, 0.289219, 0.329081]
[0.356882, 0.270372, -0.498469, 0.33463, 0.18248]
[0.402225, 0.219801, -0.499024, 0.444003, 0.140213]
[0.320477, 0.234874, -0.499926, 0.397909, 0.14968]
[0.379294, 0.246119, -0.498669, 0.326903, 0.049147]
[0.451876, 0.38964, -0.498488, 0.266391, 0.079304]
[0.315013, 0.47116, -0.499966, 0.470633, 0.177544]
[0.406848, 0.143402, -0.498937, 0.388649, 0.013082]
[0.449033, 0.314326, -0.498904, 0.304985, 0.218329]
[0.558746, 0.121843, -0.499765, 0.285988, 0.04715]
[0.635906, 0.446063, -0.498874, 0.244471, 0.347522]
[0.533044, 0.240282, -0.4997, 0.273887, 0.407767]
[0.490687, 0.139297, -0.499984, 0.362592, 0.301078]
[0.514347, 0.191592, -0.498881, 0.482494, 0.108668]
[0.544956, 0.287181, -0.499307, 0.420469, 0.262221]
[0.341001, 0.361711, -0.499902, 0.250316, 0.375068]
[0.403099, 0.145433, -0.498995, 0.372301, 0.076759]
[0.678044, 0.354043, -0.499038, 0.241032, 0.25224]
[0.67183, 0.367444, -0.498725, 0.279442, 0.32174]
[0.409106, 0.342802, -0.499839, 0.368968, 0.199331]
[0.326465, 0.136078, -0.499203, 0.426054, 0.204614]
[0.439004, 0.400734, -0.498583, 0.449553, 0.256638]
[0.577804, 0.439639, -0.498758, 0.460166, 0.288959]
[0.418137, 0.207165, -0.498488, 0.264133, 0.305243]
[0.421624, 0.345135, -0.49874, 0.426842, 0.272151]
[0.499779, 0.282228, -0.499959, 0.343306, 0.232055]
[0.393601, 0.279876, -0.499121, 0.326354, 0.425528]
[0.636854, 0.444214, -0.499804, 0.309284, 0.083823]
[0.509892, 0.198285, -0.498446, 0.421313, 0.409341]
[0.573579, 0.452403, -0.499164, 0.445475, 0.105361]
[0.637536, 0.494388, -0.499578, 0.388401, 0.374049]
[0.633171, 0.113182, -0.498655, 0.426204, 0.421621]
[0.541852, 0.386316, -0.49865, 0.305205, 0.493078]
[0.31303, 0.378412, -0.498646, 0.367187, 0.215167]
[0.474807, 0.162073, -0.499184, 0.4509, 0.487051]
[0.554066, 0.320489, -0.499369, 0.491827, 0.322802]
[0.307616, 0.165691, -0.499671, 0.307663, 0.249391]
[0.659586, 0.263076, -0.498881, 0.287556, 0.131528]
[0.541191, 0.333619, -0.49924, 0.406713, 0.088819]
[0.370558, 0.440869, -0.498457, 0.40414, 0.140327]
[0.585195, 0.437394, -0.499422, 0.286277, 0.394561]
[0.272586, 0.277138, -0.499179, 0.467863, 0.06583]
[0.603247, 0.358005, -0.498619, 0.329818, 0.313712]
[0.426537, 0.386347, -0.498975, 0.29131, 0.269525]
[0.407987, 0.288079, -0.498773, 0.449897, 0.284456]
[0.619321, 0.307529, -0.499655, 0.340264, 0.251243]
[0.484001, 0.497724, -0.499099, 0.39644, 0.032467]
[0.625627, 0.206573, -0.499727, 0.360837, 0.401484]
[0.507448, 0.49916, -0.498847, 0.295869, 0.03596]
[0.323305, 0.15693, -0.498643, 0.404772, 0.344723]
[0.61986, 0.134161, -0.499378, 0.326686, 0.164635]
[0.30395, 0.201818, -0.498803, 0.289902, 0.380715]
[0.529237, 0.472674, -0.499357, 0.377457, 0.421255]
[0.650608, 0.442041, -0.499793, 0.378645, 0.132544]
[0.590638, 0.334394, -0.499362, 0.408506, 0.080983]
[0.459954, 0.426389, -0.499838, 0.273935, 0.02975]
[0.423531, 0.324283, -0.499152, 0.46952, 0.05851]
[0.633174, 0.219192, -0.49928, 0.454298, 0.451967]
[0.539871, 0.232671, -0.499066, 0.269971, 0.453341]
[0.53928, 0.323745, -0.498656, 0.438786, 0.049969]
[0.434967, 0.348513, -0.499347, 0.452057, 0.396204]
[0.654868, 0.164604, -0.499293, 0.355585, 0.383488]
[0.303014, 0.34045, -0.499898, 0.319393, 0.381577]
[0.502148, 0.449168, -0.499972, 0.38315, 0.209948]
[0.474971, 0.372933, -0.498799, 0.336545, 0.128631]
[0.446056, 0.338001, -0.499156, 0.38336, 0.339014]
[0.491605, 0.298999, -0.499483, 0.343919, 0.386148]
[0.44023, 0.220562, -0.498649, 0.399062, 0.258111]
[0.539744, 0.364337, -0.499307, 0.355123, 0.252612]
[0.525186, 0.314877, -0.498545, 0.413604, 0.167026]
[0.393315, 0.26276, -0.499682, 0.29122, 0.157825]
[0.67668, 0.40045, -0.49931, 0.342379, 0.132801]
[0.417822, 0.452215, -0.499668, 0.322825, 0.498362]
[0.30299, 0.377524, -0.499027, 0.385498, 0.388749]
[0.545692, 0.254981, -0.499758, 0.338146, 0.343898]
[0.533882, 0.276187, -0.498736, 0.255656, 0.215306]
[0.583419, 0.128076, -0.498849, 0.382011, 0.479329]
[0.345976, 0.381216, -0.499892, 0.411991, 0.284847]
[0.310959, 0.271692, -0.499219, 0.472278, 0.351946]
[0.589185, 0.356787, -0.499225, 0.404283, 0.047565]
[0.605642, 0.394332, -0.499066, 0.331088, 0.149949]
[0.476255, 0.208435, -0.499851, 0.444914, 0.243975]
[0.566528, 0.156923, -0.499472, 0.283719, 0.226684]
[0.49557, 0.461588, -0.498784, 0.393246, 0.334882]
[0.654498, 0.26932, -0.499393, 0.24905, 0.400576]
[0.605488, 0.240605, -0.498967, 0.360929, 0.006659]
[0.648594, 0.472328, -0.499921, 0.276806, 0.31563]
[0.346792, 0.229702, -0.498481, 0.372206, 0.323283]
[0.445554, 0.314804, -0.499262, 0.299509, 0.36964]
[0.618414, 0.400098, -0.499959, 0.279051, 0.15803]
[0.678009, 0.23327, -0.499442, 0.272463, 0.027454]
[0.321882, 0.279249, -0.499389, 0.390098, 0.291067]
[0.638148, 0.323896, -0.499742, 0.281233, 0.245971]
[0.55871, 0.253938, -0.499581, 0.300856, 0.495999]
[0.491489, 0.448574, -0.499532, 0.471109, 0.283207]
[0.298868, 0.228509, -0.499669, 0.310379, 0.154031]
[0.426296, 0.174823, -0.499437, 0.277598, 0.331026]
[0.500352, 0.28389, -0.499187, 0.274048, 0.493028]
[0.404211, 0.218405, -0.498479, 0.301933, 0.184682]
[0.562075, 0.365519, -0.498718, 0.283536, 0.442345]
[0.679455, 0.196166, -0.499055, 0.403858, 0.363486]
[0.332206, 0.301066, -0.499434, 0.499655, 0.249989]
[0.548613, 0.132641, -0.499079, 0.462283, 0.16586]
[0.628387, 0.413133, -0.498878, 0.349346, 0.03595]
[0.636923, 0.3319, -0.498875, 0.425615, 0.090167]
[0.369017, 0.179113, -0.49931, 0.379934, 0.371363]
[0.629101, 0.490102, -0.498646, 0.30528, 0.442665]
[0.583094, 0.418475, -0.499184, 0.301341, 0.380506]
[0.343376, 0.138116, -0.498542, 0.391305, 0.354782]
[0.36075, 0.280725, -0.499816, 0.382996, 0.32402]
[0.412899, 0.312279, -0.49856, 0.432465, 0.052829]
[0.344387, 0.319844, -0.499041, 0.422842, 0.436514]
[0.608715, 0.470677, -0.499228, 0.398979, 0.071384]
[0.628833, 0.251451, -0.4997, 0.422398, 0.369993]
[0.475801, 0.169852, -0.498437, 0.350074, 0.105649]
[0.622213, 0.442574, -0.49906, 0.292654, 0.432641]
[0.546047, 0.392767, -0.49977, 0.391645, 0.259889]
[0.352411, 0.493955, -0.498611, 0.333939, 0.345945]
[0.377402, 0.383193, -0.49867, 0.24372, 0.166698]
[0.298516, 0.127915, -0.499368, 0.367093, 0.369711]
[0.27543, 0.387474, -0.498906, 0.25606, 0.49487]
[0.411976, 0.468556, -0.49842, 0.498734, 0.049532]
[0.392094, 0.406793, -0.499346, 0.417496, 0.474923]
[0.470503, 0.462424, -0.499433, 0.359528, 0.463804]
[0.646855, 0.296219, -0.498466, 0.411006, 0.161241]
[0.628257, 0.306779, -0.498721, 0.408069, 0.122903]
[0.375565, 0.478066, -0.498455, 0.258628, 0.155307]
[0.564704, 0.121963, -0.498975, 0.347859, 0.328187]
[0.431413, 0.356707, -0.499627, 0.315536, 0.035904]
[0.581096, 0.449894, -0.499678, 0.343882, 0.026369]
[0.460218, 0.385954, -0.498717, 0.272727, 0.498662]
[0.655789, 0.340007, -0.498835, 0.455462, 0.109366]
[0.469806, 0.314185, -0.499349, 0.337008, 0.228152]
[0.486506, 0.138759, -0.499487, 0.246626, 0.232763]
[0.401119, 0.453392, -0.498593, 0.287716, 0.124913]
[0.657189, 0.339923, -0.49891, 0.271636, 0.490285]
[0.49719, 0.468879, -0.499261, 0.460553, 0.248967]
[0.570486, 0.209063, -0.499106, 0.324583, 0.21654]
[0.273383, 0.264998, -0.499892, 0.325125, 0.442683]
[0.397994, 0.360446, -0.498809, 0.356734, 0.263376]
[0.3125, 0.111609, -0.499072, 0.474141, 0.039032]
[0.444903, 0.472814, -0.49906, 0.398691, 0.120012]
[0.50577, 0.163404, -0.499795, 0.263335, 0.264722]
[0.356191, 0.363826, -0.499785, 0.290444, 0.226794]
[0.459076, 0.489628, -0.499312, 0.34843, 0.444775]
[0.469461, 0.114129, -0.49865, 0.333963, 0.338588]
[0.350934, 0.453404, -0.499151, 0.313034, 0.235752]
[0.61992, 0.355841, -0.499727, 0.392363, 0.206392]
[0.642554, 0.339455, -0.499513, 0.404051, 0.107181]
[0.509524, 0.412529, -0.498606, 0.337051, 0.151465]
[0.606214, 0.418763, -0.499412, 0.391029, 0.197382]
[0.364923, 0.168997, -0.499565, 0.389167, 0.3352]
[0.546432, 0.179893, -0.499818, 0.431447, 0.12557]
[0.470075, 0.426689, -0.499655, 0.342845, 0.10589]
[0.462347, 0.381314, -0.498957, 0.385882, 0.187508]
[0.383388, 0.41148, -0.498866, 0.402973, 0.041647]
[0.383843, 0.412026, -0.49843, 0.389739, 0.271963]
[0.38843, 0.413145, -0.499816, 0.40747, 0.019287]
[0.598576, 0.47769, -0.499829, 0.391517, 0.402851]
[0.501159, 0.379887, -0.498689, 0.419533, 0.247659]
[0.663139, 0.298487, -0.498473, 0.334962, 0.45862]
[0.430586, 0.188786, -0.499639, 0.335368, 0.479708]
[0.522737, 0.498796, -0.499646, 0.244041, 0.210182]
[0.601603, 0.20202, -0.499816, 0.373155, 0.001815]
[0.646853, 0.445668, -0.498755, 0.315321, 0.151525]
[0.28732, 0.453215, -0.498674, 0.344914, 0.041241]
[0.36377, 0.352984, -0.499522, 0.386757, 0.192547]
[0.513947, 0.354597, -0.498692, 0.230203, 0.406576]
[0.492523, 0.397598, -0.49983, 0.401162, 0.280368]
[0.528537, 0.118703, -0.498898, 0.260599, 0.066155]
[0.474768, 0.207303, -0.499317, 0.314084, 0.15303]
[0.427474, 0.481024, -0.499092, 0.375195, 0.039205]
[0.620783, 0.14045, -0.498848, 0.385295, 0.378697]
[0.332439, 0.337695, -0.498921, 0.300411, 0.458126]
[0.425968, 0.330356, -0.499182, 0.37344, 0.317784]
[0.424201, 0.113304, -0.498436, 0.412281, 0.146193]
[0.385357, 0.437743, -0.499801, 0.260144, 0.178599]
[0.339996, 0.470811, -0.499652, 0.278008, 0.305752]
[0.302251, 0.261815, -0.499369, 0.290753, 0.186453]
[0.516448, 0.328914, -0.498961, 0.331127, 0.379965]
[0.372962, 0.151902, -0.498695, 0.389146, 0.37764]
[0.637254, 0.445328, -0.49939, 0.475279, 0.303492]
[0.363699, 0.127844, -0.499957, 0.264333, 0.009299]
[0.286003, 0.258073, -0.498447, 0.397604, 0.277396]
[0.420378, 0.499785, -0.499828, 0.305291, 0.270851]
[0.526215, 0.342716, -0.498537, 0.373269, 0.204824]
[0.475499, 0.356769, -0.499366, 0.431144, 0.296547]
[0.357114, 0.499164, -0.498545, 0.432651, 0.132432]
[0.53096, 0.124223, -0.499673, 0.267148, 0.445575]
[0.580529, 0.292463, -0.498424, 0.417099, 0.477548]
[0.368569, 0.252272, -0.498788, 0.484992, 0.466057]
[0.536414, 0.199732, -0.499551, 0.472004, 0.112275]
[0.488792, 0.1658, -0.499533, 0.285542, 0.389396]
[0.679494, 0.218679, -0.499267, 0.421112, 0.009221]
[0.662748, 0.2163, -0.498501, 0.497078, 0.163928]
[0.640254, 0.427076, -0.499927, 0.393068, 0.386508]
[0.545506, 0.193296, -0.499992, 0.255139, 0.345933]
[0.538222, 0.188318, -0.499073, 0.255453, 0.000188]
[0.583311, 0.37435, -0.499406, 0.242225, 0.373218]
[0.563275, 0.379171, -0.498951, 0.234956, 0.441403]
[0.663293, 0.270139, -0.49872, 0.460044, 0.31621]
[0.662556, 0.332835, -0.498418, 0.432347, 0.373593]
[0.352366, 0.217999, -0.499674, 0.261791, 0.089518]
[0.528477, 0.479439, -0.498747, 0.450343, 0.041252]
[0.356067, 0.143934, -0.498902, 0.422748, 0.064677]
[0.378033, 0.178548, -0.498765, 0.383358, 0.453847]
[0.50643, 0.433074, -0.499413, 0.265956, 0.468739]
[0.300861, 0.297882, -0.499001, 0.367531, 0.168064]
[0.406098, 0.442695, -0.499219, 0.336806, 0.332902]
[0.438009, 0.173425, -0.498409, 0.491127, 0.051948]
[0.653604, 0.465878, -0.499705, 0.467064, 0.371126]
[0.528758, 0.138603, -0.499273, 0.27275, 0.387438]
[0.380381, 0.133889, -0.499658, 0.478516, 0.41597]
[0.438961, 0.456042, -0.499516, 0.474752, 0.351597]
[0.52712, 0.197863, -0.498657, 0.280791, 0.163064]
[0.638868, 0.381056, -0.498496, 0.231834, 0.255836]
[0.412592, 0.116811, -0.498545, 0.492357, 0.448277]
[0.408188, 0.193814, -0.498467, 0.316332, 0.354623]
[0.575557, 0.361564, -0.498902, 0.475029, 0.446753]
[0.49683, 0.462715, -0.499229, 0.491771, 0.12271]
[0.538609, 0.399484, -0.499528, 0.363056, 0.266866]
[0.289243, 0.197033, -0.499232, 0.485428, 0.075122]
[0.660462, 0.253724, -0.499905, 0.393795, 0.346918]
[0.340492, 0.115152, -0.499553, 0.238154, 0.038526]
[0.311025, 0.146226, -0.499422, 0.284015, 0.279124]
[0.470248, 0.489946, -0.499415, 0.263118, 0.208113]
[0.641995, 0.158943, -0.499077, 0.350938, 0.168077]
[0.499123, 0.200807, -0.499799, 0.362375, 0.459747]
[0.546117, 0.128385, -0.499083, 0.379182, 0.329964]
[0.477115, 0.303372, -0.49971, 0.468417, 0.297203]
[0.656509, 0.320789, -0.499103, 0.358922, 0.274026]
[0.592209, 0.465986, -0.499211, 0.356578, 0.28746]
[0.382587, 0.163116, -0.499421, 0.49052, 0.40203]
[0.529346, 0.242606, -0.49969, 0.397938, 0.226786]
[0.635604, 0.478411, -0.499485, 0.422797, 0.292715]
[0.403959, 0.324791, -0.49894, 0.401332, 0.406536]
[0.432766, 0.349545, -0.498733, 0.241569, 0.04405]
[0.454014, 0.286869, -0.499096, 0.344962, 0.090629]
[0.527027, 0.121858, -0.498839, 0.47613, 0.252239]
[0.512542, 0.295557, -0.499182, 0.364904, 0.282892]
[0.581318, 0.43695, -0.499543, 0.236745, 0.32114]
[0.611706, 0.228081, -0.499986, 0.270118, 0.490949]
[0.52157, 0.15084, -0.498939, 0.375213, 0.381859]
[0.397992, 0.462529, -0.499819, 0.24403, 0.440092]
[0.521744, 0.255935, -0.499303, 0.358024, 0.200199]
[0.384025, 0.330929, -0.49924, 0.398802, 0.09603]
[0.552174, 0.179716, -0.499299, 0.464484, 0.225401]
[0.507814, 0.480469, -0.499831, 0.401064, 0.450526]
[0.375198, 0.267693, -0.499562, 0.274098, 0.465716]
[0.419327, 0.31948, -0.499994, 0.237337, 0.448515]
[0.612004, 0.430438, -0.499949, 0.414051, 0.313041]
[0.481579, 0.183251, -0.499307, 0.490235, 0.470284]
[0.499344, 0.139615, -0.498423, 0.472637, 0.397412]
[0.286713, 0.370725, -0.499608, 0.356782, 0.415478]
[0.646666, 0.412509, -0.499937, 0.427588, 0.199234]
[0.469305, 0.162387, -0.498941, 0.247264, 0.097648]
[0.414354, 0.158475, -0.498419, 0.343172, 0.464496]
[0.677307, 0.134279, -0.498475, 0.242993, 0.387076]
[0.476908, 0.249002, -0.498707, 0.395452, 0.062732]
[0.324809, 0.443663, -0.499596, 0.499665, 0.053262]
[0.500133, 0.495242, -0.499986, 0.342417, 0.215702]
[0.406198, 0.40599, -0.498969, 0.396683, 0.416617]
[0.306573, 0.385845, -0.499242, 0.378512, 0.425536]
[0.429062, 0.156016, -0.499978, 0.425387, 0.398366]
[0.302341, 0.453216, -0.498919, 0.301464, 0.439373]
[0.312555, 0.311924, -0.498862, 0.249826, 0.140185]
[0.608467, 0.243875, -0.498452, 0.228821, 0.039708]
[0.400081, 0.194558, -0.499196, 0.433212, 0.155506]
[0.414739, 0.417381, -0.498669, 0.484613, 0.120974]
[0.480603, 0.391395, -0.499681, 0.229673, 0.293575]
[0.661692, 0.31659, -0.499653, 0.436004, 0.424278]
[0.462366, 0.450185, -0.499551, 0.339623, 0.183186]
[0.588199, 0.486242, -0.499429, 0.271746, 0.198881]
[0.454832, 0.465392, -0.498572, 0.493346, 0.07552]
[0.451924, 0.480062, -0.498676, 0.373826, 0.083113]
[0.375462, 0.205546, -0.499005, 0.489234, 0.420736]
[0.47827, 0.115925, -0.499867, 0.238366, 0.248954]
[0.621198, 0.277502, -0.499239, 0.267507, 0.458699]
[0.574055, 0.30586, -0.498754, 0.476191, 0.363862]
[0.593519, 0.239232, -0.499743, 0.381627, 0.082176]
[0.509655, 0.335186, -0.499116, 0.41747, 0.324879]
[0.502259, 0.455452, -0.499547, 0.41124, 0.07375]
[0.473481, 0.247886, -0.499248, 0.35912, 0.088309]
[0.638, 0.254729, -0.499876, 0.246589, 0.359728]
[0.602382, 0.390941, -0.499522, 0.467762, 0.102461]
[0.586386, 0.398998, -0.498681, 0.228748, 0.303449]
[0.304782, 0.465129, -0.498604, 0.268824, 0.009777]
[0.648851, 0.445856, -0.499501, 0.462439, 0.372957]
[0.622188, 0.470887, -0.499093, 0.414712, 0.317092]
[0.653094, 0.354786, -0.498487, 0.233532, 0.110658]
[0.58265, 0.254869, -0.49847, 0.316411, 0.290217]
[0.638584, 0.26288, -0.498727, 0.482555, 0.363677]
[0.637246, 0.135753, -0.498437, 0.378677, 0.315616]
[0.282768, 0.267851, -0.499328, 0.357855, 0.421767]
[0.40315, 0.475639, -0.49981, 0.396767, 0.041909]
[0.438736, 0.346633, -0.49892, 0.276971, 0.350086]
[0.47464, 0.276207, -0.499855, 0.499023, 0.195299]
[0.299367, 0.269781, -0.499501, 0.42737, 0.36567]
[0.279886, 0.258094, -0.499321, 0.310511, 0.235032]
[0.330796, 0.476947, -0.499134, 0.447237, 0.121487]
[0.414407, 0.464799, -0.498864, 0.3384, 0.296726]
[0.335238, 0.362923, -0.498451, 0.462307, 0.022988]
[0.340991, 0.38269, -0.498515, 0.459876, 0.119851]
[0.597781, 0.231011, -0.498572, 0.246938, 0.160265]
[0.675095, 0.390521, -0.499127, 0.447858, 0.013947]
[0.382872, 0.36544, -0.499379, 0.425463, 0.280226]
[0.603525, 0.329831, -0.498732, 0.25653, 0.253596]
[0.342679, 0.161876, -0.498532, 0.244771, 0.135249]
[0.493078, 0.409929, -0.498492, 0.392332, 0.224847]
[0.338899, 0.241847, -0.499672, 0.437621, 0.036889]
[0.413921, 0.475401, -0.499696, 0.303298, 0.08003]
[0.461796, 0.163706, -0.499662, 0.446092, 0.254525]
[0.648091, 0.237303, -0.499487, 0.286391, 0.376316]
[0.535723, 0.256224, -0.499398, 0.447652, 0.411586]
[0.52185, 0.396261, -0.49881, 0.437256, 0.436302]
[0.605462, 0.376748, -0.498542, 0.329754, 0.229908]
[0.554943, 0.259208, -0.499992, 0.251492, 0.499843]
[0.534266, 0.450059, -0.499441, 0.36402, 0.455303]
[0.599503, 0.395229, -0.498609, 0.426929, 0.419787]
[0.555765, 0.467058, -0.499984, 0.390137, 0.376233]
[0.574922, 0.359556, -0.499898, 0.435984, 0.473348]
[0.505972, 0.27116, -0.498698, 0.249964, 0.189387]
[0.390407, 0.330202, -0.499785, 0.236214, 0.265503]
[0.296518, 0.436119, -0.499533, 0.420804, 0.097296]
[0.41159, 0.208932, -0.499304, 0.279741, 0.346491]
[0.631997, 0.167805, -0.499306, 0.414646, 0.315587]
[0.613603, 0.146813, -0.498433, 0.478849, 0.295513]
[0.294225, 0.429791, -0.499388, 0.341512, 0.013647]
[0.278734, 0.135702, -0.498908, 0.493432, 0.454565]
[0.303239, 0.19248, -0.49863, 0.238994, 0.284462]
[0.664993, 0.225646, -0.499187, 0.347408, 0.124755]
[0.486864, 0.189138, -0.498863, 0.263592, 0.231476]
[0.504699, 0.360008, -0.499666, 0.360037, 0.298079]
[0.56471, 0.203097, -0.499455, 0.287734, 0.150222]
[0.303417, 0.407677, -0.499703, 0.228502, 0.491745]
[0.58065, 0.460228, -0.498748, 0.358814, 0.406298]
[0.29841, 0.31147, -0.499458, 0.232374, 0.447825]
[0.340762, 0.445626, -0.498934, 0.274164, 0.392366]
[0.628713, 0.285876, -0.499174, 0.496775, 0.401124]
[0.661083, 0.126008, -0.499946, 0.336051, 0.380047]
[0.358172, 0.391726, -0.499908, 0.316801, 0.353402]
[0.417588, 0.136123, -0.498925, 0.284949, 0.024828]
[0.668501, 0.13911, -0.498444, 0.47912, 0.46572]
[0.34523, 0.257434, -0.49962, 0.492942, 0.34041]
[0.462509, 0.420915, -0.499223, 0.465099, 0.043763]
[0.309488, 0.115949, -0.499537, 0.3289, 0.151454]
[0.605898, 0.440878, -0.499097, 0.45973, 0.463792]
[0.524909, 0.218769, -0.498832, 0.423169, 0.075568]
[0.62383, 0.343248, -0.499144, 0.452559, 0.005732]
[0.561394, 0.486333, -0.498548, 0.327481, 0.468323]
[0.549674, 0.409645, -0.499875, 0.417755, 0.418756]
[0.403588, 0.228368, -0.498868, 0.314738, 0.283046]
[0.523221, 0.176673, -0.498481, 0.269274, 0.241885]
[0.330401, 0.444067, -0.499167, 0.426428, 0.300913]
[0.387267, 0.300755, -0.499735, 0.398633, 0.30585]
[0.658159, 0.224011, -0.499558, 0.492147, 0.258942]
[0.646143, 0.165093, -0.499626, 0.48168, 0.473859]
[0.64297, 0.404608, -0.498943, 0.280868, 0.411725]
[0.315082, 0.465483, -0.498816, 0.353145, 0.059516]
[0.310479, 0.133767, -0.499044, 0.278668, 0.040571]
[0.607276, 0.35713, -0.49929, 0.291829, 0.471562]
[0.499392, 0.190284, -0.499807, 0.340582, 0.187507]
[0.432404, 0.259098, -0.498938, 0.357675, 0.143194]
[0.479901, 0.247141, -0.498793, 0.421066, 0.302331]
[0.314952, 0.452819, -0.499719, 0.42866, 0.226958]
[0.602189, 0.240312, -0.49893, 0.365328, 0.099115]
[0.310634, 0.235124, -0.49884, 0.379455, 0.092557]
[0.325059, 0.318823, -0.499581, 0.353701, 0.178962]
[0.47553, 0.151695, -0.498956, 0.251385, 0.167181]
[0.457949, 0.168033, -0.498454, 0.414859, 0.133252]
[0.505219, 0.320315, -0.498541, 0.408793, 0.317124]
[0.601545, 0.298553, -0.498525, 0.499921, 0.123109]
[0.469449, 0.497982, -0.499575, 0.325027, 0.456344]
[0.601576, 0.25161, -0.498415, 0.323401, 0.306072]
[0.548387, 0.334183, -0.499867, 0.338442, 0.326058]
[0.632033, 0.245785, -0.499865, 0.302492, 0.133384]
[0.325741, 0.163164, -0.498771, 0.316702, 0.143643]
[0.594127, 0.313462, -0.498874, 0.438661, 0.1317]
[0.277719, 0.491675, -0.499444, 0.291398, 0.431932]
[0.471489, 0.348943, -0.499185, 0.275252, 0.152692]
[0.582258, 0.382345, -0.49897, 0.435601, 0.003134]
[0.645442, 0.195411, -0.499607, 0.380284, 0.089578]
[0.57052, 0.436252, -0.499077, 0.459938, 0.050875]
[0.436768, 0.34194, -0.498532, 0.425058, 0.309908]
[0.454562, 0.454522, -0.499239, 0.298385, 0.085426]
[0.528361, 0.303957, -0.499681, 0.473741, 0.392423]
[0.359358, 0.263507, -0.498805, 0.459098, 0.138243]
[0.58153, 0.46018, -0.49991, 0.432794, 0.355445]
[0.594068, 0.302537, -0.499713, 0.484398, 0.482206]
[0.375216, 0.3481, -0.49975, 0.342363, 0.086543]
[0.497555, 0.345927, -0.498677, 0.47846, 0.116671]
[0.283985, 0.366501, -0.498459, 0.472682, 0.239545]
[0.36565, 0.452407, -0.498602, 0.429839, 0.246214]
[0.555169, 0.415683, -0.499479, 0.355733, 0.068339]
[0.626064, 0.153111, -0.498712, 0.36861, 0.16868]
[0.656393, 0.323741, -0.498642, 0.243592, 0.349227]
[0.601814, 0.312293, -0.49979, 0.338921, 0.157266]
[0.615749, 0.457475, -0.499321, 0.239945, 0.471813]
[0.360161, 0.223215, -0.498579, 0.379463, 0.289929]
[0.509755, 0.304711, -0.498884, 0.366838, 0.238064]
[0.426394, 0.200093, -0.498709, 0.439876, 0.105348]
[0.520589, 0.127435, -0.499792, 0.353879, 0.116128]
[0.294045, 0.307087, -0.499013, 0.459674, 0.49951]
[0.357096, 0.41365, -0.499905, 0.390153, 0.120058]
[0.406589, 0.399794, -0.499883, 0.380121, 0.252437]
[0.442555, 0.35571, -0.499768, 0.291969, 0.13476]
[0.493439, 0.332284, -0.499062, 0.334243, 0.170664]
[0.566106, 0.111883, -0.499651, 0.290691, 0.425306]
[0.452119, 0.202285, -0.499114, 0.370948, 0.188348]
[0.406017, 0.243925, -0.498528, 0.462523, 0.134931]
[0.563058, 0.48384, -0.49941, 0.3348, 0.138761]
[0.520558, 0.311234, -0.498989, 0.35429, 0.119238]
[0.326647, 0.37085, -0.499192, 0.405529, 0.321874]
[0.442264, 0.186229, -0.499558, 0.401073, 0.397205]
[0.652852, 0.406416, -0.499723, 0.400273, 0.022956]
[0.579178, 0.174636, -0.49945, 0.421355, 0.214754]
[0.577036, 0.329611, -0.499235, 0.400701, 0.13095]
[0.622181, 0.248061, -0.49881, 0.451256, 0.360553]
[0.320977, 0.382039, -0.499434, 0.308742, 0.356134]
[0.570476, 0.154073, -0.499005, 0.401282, 0.206236]
[0.307721, 0.116813, -0.498521, 0.254459, 0.3513]
[0.534974, 0.161629, -0.499198, 0.24626, 0.091478]
[0.607987, 0.408436, -0.498663, 0.313633, 0.020197]
[0.394831, 0.292515, -0.498764, 0.252189, 0.039914]
[0.420438, 0.185349, -0.498985, 0.330119, 0.301842]
[0.495056, 0.418331, -0.498613, 0.388833, 0.39069]
[0.565912, 0.382322, -0.499732, 0.45635, 0.337699]
[0.508401, 0.465568, -0.499645, 0.498609, 0.35286]
[0.306935, 0.234116, -0.499129, 0.305123, 0.414127]
[0.664334, 0.478367, -0.499647, 0.430076, 0.367276]
[0.370568, 0.355526, -0.499168, 0.4298, 0.409444]
[0.571782, 0.247917, -0.499536, 0.316544, 0.303286]
[0.578453, 0.351026, -0.498563, 0.318685, 0.363306]
[0.459093, 0.173122, -0.49961, 0.447264, 0.315118]
[0.460855, 0.443793, -0.498555, 0.306563, 0.426233]
[0.555506, 0.436006, -0.499525, 0.265876, 0.01688]
[0.438892, 0.456559, -0.498969, 0.237091, 0.027039]
[0.574566, 0.428859, -0.499741, 0.364822, 0.278519]
[0.608652, 0.262797, -0.499613, 0.448846, 0.120804]
[0.573158, 0.470103, -0.498455, 0.294618, 0.301688]
[0.341479, 0.342998, -0.499255, 0.237521, 0.346293]
[0.563758, 0.388436, -0.498796, 0.339499, 0.471377]
[0.327065, 0.490083, -0.499686, 0.272347, 0.401696]
[0.566741, 0.257089, -0.499924, 0.359749, 0.403316]
[0.662016, 0.128564, -0.499144, 0.431167, 0.46724]
[0.504714, 0.455332, -0.499756, 0.442388, 0.316015]
[0.371834, 0.121624, -0.499345, 0.465801, 0.349992]
[0.565479, 0.19188, -0.499103, 0.496103, 0.335131]
[0.338653, 0.446318, -0.49868, 0.364108, 0.367784]
[0.375405, 0.391719, -0.49991, 0.435656, 0.050537]
[0.445754, 0.303198, -0.499182, 0.398501, 0.47918]
[0.653195, 0.193582, -0.498416, 0.444959, 0.216754]
[0.269578, 0.471795, -0.499746, 0.478963, 0.444899]
[0.502757, 0.417384, -0.499495, 0.433043, 0.087579]
[0.536122, 0.249701, -0.499568, 0.499392, 0.069865]
[0.540376, 0.301691, -0.49932, 0.481516, 0.28269]
[0.525614, 0.189951, -0.49917, 0.470996, 0.048179]
[0.672424, 0.450422, -0.499593, 0.438747, 0.428269]
[0.436129, 0.415619, -0.498423, 0.334504, 0.027229]
[0.5006, 0.347358, -0.498527, 0.406266, 0.301063]
[0.385318, 0.173776, -0.499821, 0.304542, 0.098777]
[0.337544, 0.435882, -0.49957, 0.349612, 0.338422]
[0.518033, 0.147594, -0.499115, 0.296535, 0.438448]
[0.673885, 0.130574, -0.499434, 0.323733, 0.365933]
[0.400883, 0.14104, -0.499282, 0.375916, 0.296756]
[0.558059, 0.263647, -0.499588, 0.436348, 0.244563]
[0.275868, 0.271129, -0.499512, 0.277307, 0.26249]
[0.590488, 0.365079, -0.499042, 0.432871, 0.283463]
[0.432149, 0.325077, -0.498984, 0.408311, 0.273358]
[0.519815, 0.25104, -0.498489, 0.350186, 0.014182]
[0.563161, 0.268689, -0.499943, 0.39829, 0.331879]
[0.416813, 0.499096, -0.498425, 0.426507, 0.061126]
[0.512999, 0.437591, -0.499131, 0.252626, 0.11614]
[0.395072, 0.164947, -0.498824, 0.46454, 0.136252]
[0.275765, 0.444547, -0.498756, 0.400146, 0.225192]
[0.397475, 0.406922, -0.499749, 0.308242, 0.421807]
[0.535109, 0.225568, -0.49984, 0.463698, 0.003682]
[0.512513, 0.421788, -0.499142, 0.440385, 0.479446]
[0.415765, 0.32085, -0.499699, 0.46813, 0.182406]
[0.291873, 0.347593, -0.499137, 0.401031, 0.292882]
[0.380274, 0.422453, -0.499864, 0.434525, 0.242021]
[0.572062, 0.290805, -0.499236, 0.459423, 0.102609]
[0.365958, 0.263874, -0.49861, 0.372056, 0.234325]
[0.339185, 0.338522, -0.498977, 0.336857, 0.103117]
[0.492829, 0.227798, -0.498512, 0.282208, 0.393157]
[0.591068, 0.255298, -0.499528, 0.232921, 0.399862]
[0.433517, 0.172924, -0.499225, 0.256194, 0.283035]
[0.292945, 0.122241, -0.499776, 0.288206, 0.269719]
[0.436503, 0.355237, -0.499227, 0.444056, 0.069093]
[0.567401, 0.35071, -0.498745, 0.371872, 0.084108]
[0.284601, 0.388293, -0.4989, 0.376556, 0.259084]
[0.28103, 0.389779, -0.499717, 0.418024, 0.282749]
[0.627515, 0.312222, -0.498703, 0.244856, 0.119101]
[0.411105, 0.331726, -0.499015, 0.428716, 0.071384]
[0.542734, 0.351538, -0.499201, 0.379675, 0.059948]
[0.644746, 0.387834, -0.498668, 0.441656, 0.158165]
[0.302512, 0.330415, -0.499541, 0.389267, 0.097598]
[0.491244, 0.214877, -0.498825, 0.373413, 0.244646]
[0.399654, 0.128074, -0.498632, 0.487596, 0.366396]
[0.538314, 0.162183, -0.499334, 0.444754, 0.262513]
[0.643955, 0.256126, -0.498847, 0.423696, 0.160538]
[0.325151, 0.482885, -0.49913, 0.32717, 0.353445]
[0.377897, 0.497178, -0.499206, 0.486285, 0.293882]
[0.458442, 0.440208, -0.499404, 0.392909, 0.160203]
[0.451773, 0.288374, -0.498906, 0.316516, 0.263615]
[0.30864, 0.372123, -0.499275, 0.280926, 0.131015]
[0.313902, 0.445058, -0.499897, 0.411635, 0.034055]
[0.362689, 0.477341, -0.499257, 0.380118, 0.127526]
[0.361759, 0.312766, -0.499669, 0.438229, 0.393079]
[0.4857, 0.251595, -0.499529, 0.460758, 0.342307]
[0.608316, 0.461948, -0.499495, 0.344222, 0.141377]
[0.406253, 0.355232, -0.498524, 0.427938, 0.425197]
[0.322951, 0.434591, -0.498956, 0.303245, 0.07783]
[0.539132, 0.298542, -0.499786, 0.25782, 0.394031]
[0.351437, 0.247282, -0.499824, 0.324822, 0.25663]
[0.342011, 0.119546, -0.498856, 0.473871, 0.085805]
[0.281824, 0.398226, -0.499283, 0.411799, 0.390513]
[0.338748, 0.296786, -0.499314, 0.470253, 0.42932]
[0.670194, 0.176188, -0.498709, 0.446066, 0.468198]
[0.53524, 0.471697, -0.499785, 0.498044, 0.452448]
[0.310478, 0.30049, -0.499183, 0.451018, 0.023979]
[0.644649, 0.44736, -0.498651, 0.321767, 0.46304]
[0.527222, 0.153339, -0.499391, 0.409503, 0.098439]
[0.28025, 0.373072, -0.498665, 0.361324, 0.483434]
[0.347713, 0.457098, -0.498888, 0.342491, 0.498596]
[0.493372, 0.153977, -0.49981, 0.374563, 0.221727]
[0.432471, 0.468626, -0.49855, 0.383943, 0.303321]
[0.620681, 0.428522, -0.499323, 0.448805, 0.032939]
[0.654242, 0.416019, -0.499486, 0.342498, 0.347827]
[0.296049, 0.29654, -0.498741, 0.283227, 0.050221]
[0.484296, 0.469975, -0.498591, 0.397971, 0.338551]
[0.501317, 0.328911, -0.498433, 0.401077, 0.480678]
[0.654659, 0.325452, -0.498526, 0.374994, 0.185528]
[0.56373, 0.271081, -0.498823, 0.299984, 0.140354]
[0.414495, 0.486569, -0.499589, 0.290629, 0.420727]
[0.412426, 0.191819, -0.499027, 0.354901, 0.003335]
[0.61947, 0.485188, -0.498441, 0.365889, 0.096117]
[0.607672, 0.498004, -0.498902, 0.354419, 0.190172]
[0.617601, 0.12088, -0.499467, 0.244243, 0.121195]
[0.618517, 0.343661, -0.498948, 0.430053, 0.034415]
[0.613833, 0.208915, -0.499556, 0.273473, 0.236746]
[0.425845, 0.389078, -0.499333, 0.319479, 0.035252]
[0.379808, 0.206869, -0.499761, 0.458891, 0.175635]
[0.364893, 0.124918, -0.498915, 0.399837, 0.068457]
[0.332591, 0.248026, -0.499775, 0.440883, 0.000765]
[0.602349, 0.30629, -0.4986, 0.450804, 0.261224]
[0.543505, 0.408469, -0.499132, 0.359829, 0.487798]
[0.307715, 0.272731, -0.498742, 0.411067, 0.401199]
[0.638349, 0.327998, -0.499416, 0.417481, 0.242403]
[0.643831, 0.14573, -0.4994, 0.281039, 0.327785]
[0.38809, 0.337318, -0.499, 0.472985, 0.021543]
[0.581389, 0.163131, -0.499454, 0.490492, 0.174685]
[0.30595, 0.333567, -0.498935, 0.385824, 0.148059]
[0.482092, 0.243143, -0.499651, 0.406306, 0.380624]
[0.660726, 0.463726, -0.499932, 0.45589, 0.093233]
[0.553812, 0.447383, -0.498945, 0.237543, 0.497335]
[0.616292, 0.46089, -0.498911, 0.40002, 0.125271]
[0.38086, 0.184505, -0.499586, 0.263202, 0.022446]
[0.663278, 0.316805, -0.499928, 0.42689, 0.227967]
[0.355492, 0.346294, -0.498503, 0.388293, 0.428919]
[0.465908, 0.406185, -0.498939, 0.489751, 0.038671]
[0.42101, 0.285586, -0.499789, 0.372012, 0.173179]
[0.539623, 0.324346, -0.498719, 0.291672, 0.065336]
[0.341539, 0.136998, -0.498411, 0.458935, 0.207492]
[0.548721, 0.168102, -0.499102, 0.398109, 0.298412]
[0.504127, 0.330822, -0.498751, 0.472635, 0.355343]
[0.445464, 0.130714, -0.498842, 0.308952, 0.017471]
[0.549069, 0.298737, -0.498831, 0.331616, 0.185493]
[0.429658, 0.451103, -0.498607, 0.257707, 0.034947]
[0.529891, 0.46946, -0.498895, 0.330196, 0.485891]
[0.604247, 0.255822, -0.499324, 0.258605, 0.405726]
[0.430142, 0.246261, -0.49843, 0.349871, 0.492806]
[0.503377, 0.408554, -0.499354, 0.309499, 0.162159]
[0.675409, 0.413612, -0.498949, 0.486146, 0.286871]
[0.316607, 0.405652, -0.498695, 0.394306, 0.18614]
[0.393695, 0.467385, -0.499051, 0.293628, 0.137069]
[0.529056, 0.293385, -0.499579, 0.2652, 0.02934]
[0.521855, 0.407276, -0.499841, 0.481894, 0.269872]
[0.552997, 0.189222, -0.498909, 0.281453, 0.224624]
[0.637797, 0.112591, -0.498674, 0.380065, 0.443874]
[0.304441, 0.296241, -0.499869, 0.281672, 0.085756]
[0.349449, 0.496156, -0.499494, 0.35113, 0.48281]
[0.665359, 0.271969, -0.498906, 0.265125, 0.464048]
[0.581802, 0.173203, -0.499079, 0.351766, 0.44642]
[0.582958, 0.185114, -0.499209, 0.236752, 0.208594]
[0.593535, 0.409592, -0.49879, 0.456211, 0.276668]
[0.323791, 0.11634, -0.498903, 0.486616, 0.452166]
[0.478665, 0.165519, -0.499631, 0.455839, 0.305048]
[0.555377, 0.326832, -0.499721, 0.445321, 0.311544]
[0.462307, 0.14768, -0.499659, 0.232783, 0.015013]
[0.297985, 0.481265, -0.499604, 0.391405, 0.371658]
[0.550261, 0.274918, -0.49921, 0.473207, 0.088246]
[0.521377, 0.214794, -0.498644, 0.281524, 0.095609]
[0.473569, 0.203566, -0.499905, 0.486943, 0.106553]
[0.511106, 0.497004, -0.498715, 0.422923, 0.206882]
[0.326498, 0.347062, -0.49866, 0.244237, 0.450578]
[0.669471, 0.374943, -0.499612, 0.395789, 0.153167]
[0.438939, 0.317319, -0.499012, 0.443417, 0.208601]
[0.303767, 0.279389, -0.498547, 0.235548, 0.130305]
[0.548726, 0.371594, -0.499184, 0.275281, 0.171922]
[0.552743, 0.137828, -0.499751, 0.452663, 0.174722]
[0.385743, 0.370074, -0.499559, 0.388628, 0.472948]
[0.436838, 0.489124, -0.499933, 0.436349, 0.261199]
[0.339731, 0.480242, -0.499134, 0.39668, 0.404125]
[0.287751, 0.197171, -0.498794, 0.340945, 0.057519]
[0.432531, 0.307799, -0.498604, 0.364177, 0.187158]
[0.487736, 0.421768, -0.498604, 0.296011, 0.013547]
[0.355556, 0.290643, -0.498832, 0.240833, 0.263276]
[0.48015, 0.362497, -0.49911, 0.383815, 0.069579]
[0.27254, 0.114755, -0.499739, 0.412042, 0.151066]
[0.637455, 0.28215, -0.499038, 0.25836, 0.212817]
[0.624629, 0.402855, -0.499881, 0.451981, 0.316159]
[0.49265, 0.492064, -0.498782, 0.496206, 0.314893]
[0.308848, 0.295433, -0.499867, 0.397906, 0.004897]
[0.31291, 0.415342, -0.498619, 0.234818, 0.202728]
[0.288225, 0.148457, -0.499717, 0.295067, 0.010696]
[0.302736, 0.309999, -0.499591, 0.425926, 0.307043]
[0.678149, 0.292993, -0.499719, 0.319058, 0.197316]
[0.677137, 0.176114, -0.499437, 0.348875, 0.443343]
[0.503459, 0.242712, -0.49888, 0.316794, 0.134572]
[0.481742, 0.288598, -0.499373, 0.490747, 0.060829]
[0.450852, 0.379961, -0.498758, 0.335292, 0.22209]
[0.621201, 0.4518, -0.498538, 0.295169, 0.227675]
[0.416295, 0.371867, -0.499808, 0.290061, 0.486792]
[0.66326, 0.163851, -0.499079, 0.437272, 0.015867]
[0.352855, 0.26919, -0.499155, 0.28953, 0.192414]
[0.614192, 0.308672, -0.498903, 0.313608, 0.180762]
[0.349595, 0.22693, -0.499675, 0.351127, 0.315693]
[0.644513, 0.194935, -0.499278, 0.286639, 0.297722]
[0.571489, 0.360681, -0.498563, 0.326702, 0.215746]
[0.317877, 0.443246, -0.499895, 0.351102, 0.225343]
[0.456826, 0.408782, -0.499786, 0.412755, 0.460571]
[0.580111, 0.232893, -0.49971, 0.383415, 0.397769]
[0.564788, 0.165059, -0.499032, 0.251999, 0.244539]
[0.539501, 0.277109, -0.498956, 0.398288, 0.071175]
[0.298479, 0.223971, -0.499729, 0.440255, 0.328308]
[0.288464, 0.113762, -0.498556, 0.365089, 0.268615]
[0.361838, 0.421278, -0.499801, 0.44726, 0.48656]
[0.280748, 0.411185, -0.499221, 0.361825, 0.283035]
[0.668714, 0.398637, -0.499044, 0.400816, 0.356872]
[0.628649, 0.408386, -0.499871, 0.402797, 0.454744]
[0.403826, 0.230868, -0.499568, 0.23427, 0.312893]
[0.467964, 0.375272, -0.49893, 0.375145, 0.466192]
[0.654915, 0.378277, -0.499819, 0.484555, 0.083322]
[0.311362, 0.320865, -0.499625, 0.436563, 0.133481]
[0.583404, 0.301011, -0.499471, 0.496587, 0.23811]
[0.271721, 0.419906, -0.498475, 0.435877, 0.017342]
[0.623073, 0.402147, -0.498798, 0.22875, 0.419361]
[0.429478, 0.420101, -0.499037, 0.268056, 0.107877]
[0.431555, 0.37602, -0.498483, 0.340002, 0.261102]
[0.444074, 0.404215, -0.499111, 0.386495, 0.014424]
[0.606179, 0.331391, -0.499844, 0.309402, 0.198174]
[0.493352, 0.347976, -0.499699, 0.316374, 0.14202]
[0.521468, 0.231565, -0.49897, 0.414632, 0.020727]
[0.461171, 0.226541, -0.498589, 0.28157, 0.036653]
[0.292808, 0.433941, -0.498689, 0.433097, 0.477611]
[0.420224, 0.431828, -0.499849, 0.235119, 0.342198]
[0.635493, 0.308884, -0.499717, 0.361746, 0.220565]
[0.492942, 0.498737, -0.499794, 0.297746, 0.341129]
[0.642679, 0.497359, -0.499716, 0.444185, 0.080984]
[0.318227, 0.219658, -0.499811, 0.426018, 0.001416]
[0.537285, 0.406579, -0.498731, 0.460868, 0.272469]
[0.601281, 0.164255, -0.499149, 0.350902, 0.033683]
[0.290009, 0.152343, -0.498999, 0.37858, 0.327629]
[0.270934, 0.234932, -0.49917, 0.397276, 0.0444]
[0.342955, 0.190702, -0.499587, 0.336213, 0.315567]
[0.31008, 0.243806, -0.498446, 0.411161, 0.355271]
[0.615606, 0.388354, -0.499498, 0.486704, 0.146423]
[0.338831, 0.388522, -0.499029, 0.371187, 0.195072]
[0.655785, 0.242964, -0.499101, 0.335696, 0.216051]
[0.347865, 0.367518, -0.499201, 0.236968, 0.015564]
[0.408247, 0.127613, -0.49847, 0.318058, 0.428882]
[0.583564, 0.429847, -0.498805, 0.242335, 0.093615]
[0.298962, 0.420171, -0.499175, 0.356738, 0.3403]
[0.432131, 0.173753, -0.498518, 0.24498, 0.323559]
[0.455103, 0.266968, -0.499036, 0.342443, 0.417406]
[0.41766, 0.179019, -0.499288, 0.398556, 0.12554]
[0.282898, 0.358373, -0.498775, 0.414053, 0.328547]
[0.462725, 0.163857, -0.498923, 0.393677, 0.350952]
[0.346994, 0.363665, -0.499652, 0.347576, 0.22605]
[0.624574, 0.128363, -0.499289, 0.31038, 0.020221]
[0.333245, 0.292159, -0.499122, 0.453942, 0.431621]
[0.646556, 0.463212, -0.499302, 0.26015, 0.086151]
[0.553759, 0.300419, -0.498749, 0.298394, 0.485492]
[0.287625, 0.449711, -0.498651, 0.488643, 0.191849]
[0.345305, 0.16854, -0.498942, 0.401058, 0.451076]
[0.498563, 0.218626, -0.499083, 0.292275, 0.247846]
[0.309184, 0.403644, -0.498819, 0.39069, 0.335248]
[0.666846, 0.215479, -0.499188, 0.347005, 0.365937]
[0.30373, 0.18085, -0.498849, 0.415843, 0.369344]
[0.584101, 0.405557, -0.499501, 0.304365, 0.220246]
[0.402881, 0.442598, -0.498718, 0.462244, 0.145772]
[0.333651, 0.324031, -0.49946, 0.471795, 0.072638]
[0.312806, 0.322229, -0.499491, 0.341726, 0.112683]
[0.341892, 0.248386, -0.499444, 0.422688, 0.358843]
[0.331107, 0.261889, -0.49915, 0.343711, 0.276181]
[0.443654, 0.304814, -0.498638, 0.397677, 0.087252]
[0.269144, 0.361254, -0.498559, 0.239445, 0.384273]
[0.567783, 0.300583, -0.499049, 0.398764, 0.099965]
[0.61959, 0.460785, -0.499689, 0.248881, 0.372455]
[0.509254, 0.126211, -0.499346, 0.249929, 0.202312]
[0.572816, 0.400834, -0.499882, 0.44674, 0.370649]
[0.477532, 0.236551, -0.499362, 0.26803, 0.404375]
[0.33948, 0.418263, -0.49897, 0.231858, 0.493844]
[0.610277, 0.462744, -0.49841, 0.32249, 0.091104]
[0.31871, 0.4624, -0.49883, 0.419577, 0.106378]
[0.424814, 0.406308, -0.499948, 0.383779, 0.471057]
[0.272197, 0.217503, -0.499525, 0.319019, 0.049317]
[0.419217, 0.424012, -0.499016, 0.277989, 0.481667]
[0.651673, 0.4926, -0.498902, 0.394797, 0.030592]
[0.583228, 0.258611, -0.499279, 0.478664, 0.38778]
[0.430788, 0.157869, -0.498692, 0.457241, 0.229019]
[0.49054, 0.436508, -0.499316, 0.424574, 0.3652]
[0.317001, 0.221562, -0.498841, 0.39326, 0.212284]
[0.330458, 0.469238, -0.498798, 0.489812, 0.050817]
[0.510881, 0.124988, -0.498951, 0.329072, 0.416503]
[0.564279, 0.478763, -0.499486, 0.405443, 0.436418]
[0.657562, 0.179343, -0.499931, 0.452424, 0.007188]
[0.466287, 0.434226, -0.498935, 0.343715, 0.113253]
[0.57179, 0.214424, -0.498889, 0.338036, 0.400154]
[0.606342, 0.318597, -0.499409, 0.43626, 0.173888]
[0.669666, 0.230192, -0.49942, 0.464526, 0.12158]
[0.30476, 0.366247, -0.499712, 0.278179, 0.264708]
[0.532127, 0.493508, -0.499818, 0.452412, 0.34801]
[0.349631, 0.216692, -0.499815, 0.421517, 0.208641]
[0.617893, 0.388231, -0.499577, 0.235474, 0.152281]
[0.418072, 0.437207, -0.49907, 0.498617, 0.222736]
[0.412601, 0.126001, -0.4998, 0.391094, 0.365334]
[0.408418, 0.283566, -0.498787, 0.286796, 0.497609]
[0.402609, 0.342155, -0.49907, 0.284646, 0.254038]
[0.483912, 0.417162, -0.499991, 0.43467, 0.081606]
[0.326141, 0.486486, -0.499874, 0.317687, 0.098091]
[0.292812, 0.426063, -0.498565, 0.414085, 0.325476]
[0.559595, 0.469461, -0.499342, 0.435457, 0.071653]
[0.665924, 0.211537, -0.499891, 0.288049, 0.251797]
[0.492221, 0.358652, -0.499456, 0.489229, 0.459099]
[0.580422, 0.209003, -0.49967, 0.250951, 0.061993]
[0.678111, 0.225771, -0.499062, 0.299637, 0.352468]
[0.312832, 0.306722, -0.498836, 0.44692, 0.006221]
[0.279732, 0.319667, -0.499808, 0.439328, 0.345844]
[0.370331, 0.152508, -0.499823, 0.435845, 0.289364]
[0.305461, 0.334046, -0.499522, 0.257042, 0.287513]
[0.594464, 0.442949, -0.499748, 0.25546, 0.474186]
[0.645228, 0.333048, -0.499798, 0.265344, 0.018269]
[0.269635, 0.474335, -0.498732, 0.417324, 0.469571]
[0.411898, 0.337923, -0.499391, 0.451581, 0.471628]
[0.429358, 0.272851, -0.499788, 0.49789, 0.494725]
[0.345177, 0.460777, -0.499792, 0.467489, 0.467955]
[0.564637, 0.390875, -0.499202, 0.485545, 0.329452]
[0.323024, 0.334988, -0.49955, 0.273296, 0.257196]
[0.336822, 0.463282, -0.498447, 0.31056, 0.160432]
[0.331491, 0.448291, -0.498805, 0.263586, 0.487363]
[0.291469, 0.131943, -0.498502, 0.283435, 0.468903]
[0.430341, 0.166714, -0.49847, 0.318573, 0.236241]
[0.28972, 0.302506, -0.499881, 0.405385, 0.166292]
[0.603907, 0.335161, -0.499299, 0.37561, 0.309474]
[0.50425, 0.311773, -0.499022, 0.328038, 0.303068]
[0.355546, 0.112571, -0.499942, 0.458321, 0.294202]
[0.539016, 0.432657, -0.499631, 0.466012, 0.162397]
[0.394482, 0.28778, -0.499234, 0.384456, 0.331951]
[0.618365, 0.305219, -0.499022, 0.310489, 0.27566]
[0.277018, 0.147223, -0.49999, 0.43189, 0.334334]
[0.325228, 0.364733, -0.49969, 0.399672, 0.212971]
[0.324588, 0.349056, -0.49876, 0.355685, 0.045466]
[0.281404, 0.239628, -0.499185, 0.253327, 0.027847]
[0.612989, 0.292241, -0.498541, 0.286064, 0.022396]
[0.366594, 0.479062, -0.498867, 0.232664, 0.239958]
[0.597008, 0.445483, -0.499368, 0.330547, 0.436815]
[0.431599, 0.237959, -0.498739, 0.332609, 0.266498]
[0.580645, 0.496538, -0.49965, 0.278182, 0.491631]
[0.573969, 0.352096, -0.499781, 0.371217, 0.391363]
[0.399262, 0.179318, -0.499303, 0.386852, 0.075866]
[0.346039, 0.423647, -0.499326, 0.461385, 0.313918]
[0.543929, 0.33215, -0.499257, 0.447054, 0.335066]
[0.422604, 0.217507, -0.499693, 0.385906, 0.048507]
[0.415496, 0.42034, -0.49877, 0.387562, 0.07146]
[0.670946, 0.443895, -0.498845, 0.3668, 0.030796]
[0.440848, 0.134566, -0.49896, 0.323057, 0.191303]
[0.286314, 0.367203, -0.498713, 0.28404, 0.326066]
[0.472429, 0.18968, -0.498509, 0.399837, 0.202665]
[0.485566, 0.348916, -0.49969, 0.419318, 0.486483]
[0.517751, 0.459549, -0.49962, 0.404474, 0.427083]
[0.383975, 0.417315, -0.49958, 0.344141, 0.364773]
[0.440608, 0.204211, -0.498524, 0.30975, 0.459918]
[0.323846, 0.299252, -0.49873, 0.493338, 0.365964]
[0.40002, 0.454703, -0.499179, 0.434206, 0.299118]
[0.434958, 0.175329, -0.49932, 0.277694, 0.475052]
[0.638979, 0.218835, -0.499047, 0.294705, 0.43158]
[0.506881, 0.156137, -0.49958, 0.493562, 0.268255]
[0.640264, 0.13209, -0.499177, 0.268097, 0.181761]
[0.521931, 0.117856, -0.499005, 0.369592, 0.391673]
[0.401738, 0.498823, -0.499865, 0.287058, 0.296628]
[0.546047, 0.194191, -0.499677, 0.412167, 0.078132]
[0.367509, 0.290009, -0.49842, 0.373555, 0.231472]
[0.649708, 0.178741, -0.499632, 0.273115, 0.219409]
[0.351669, 0.382793, -0.498496, 0.320796, 0.048193]
[0.589401, 0.260216, -0.498654, 0.283452, 0.015262]
[0.304864, 0.455599, -0.499791, 0.454271, 0.352955]
[0.506089, 0.235783, -0.498485, 0.266674, 0.181643]
[0.329656, 0.337978, -0.499672, 0.331587, 0.174277]
[0.60398, 0.156444, -0.498538, 0.359719, 0.49112]
[0.578283, 0.18535, -0.498421, 0.372194, 0.175805]
[0.288383, 0.13806, -0.499433, 0.37122, 0.138451]
[0.4763, 0.223841, -0.499155, 0.336064, 0.141185]
[0.29851, 0.337003, -0.499444, 0.271523, 0.095862]
[0.318389, 0.221965, -0.499006, 0.432548, 0.072204]
[0.367994, 0.273287, -0.499111, 0.267256, 0.027813]
[0.540615, 0.121764, -0.499072, 0.33986, 0.125366]
[0.473688, 0.390115, -0.499119, 0.423612, 0.186303]
[0.354975, 0.169761, -0.49865, 0.385114, 0.035045]
[0.38268, 0.189841, -0.498885, 0.432403, 0.359573]
[0.59935, 0.387645, -0.49911, 0.433911, 0.256429]
[0.638929, 0.495245, -0.499665, 0.482848, 0.064866]
[0.490274, 0.222006, -0.499933, 0.347253, 0.360169]
[0.491537, 0.320139, -0.498535, 0.304208, 0.400622]
[0.575198, 0.389806, -0.498522, 0.33775, 0.439462]
[0.6474, 0.471365, -0.499998, 0.410267, 0.312925]
[0.389109, 0.419169, -0.498516, 0.344563, 0.02869]
[0.601853, 0.207222, -0.499771, 0.491941, 0.115238]
[0.358954, 0.43082, -0.498781, 0.41039, 0.072918]
[0.504553, 0.397784, -0.499286, 0.385261, 0.160354]
[0.399332, 0.22717, -0.498686, 0.470811, 0.415511]
[0.607284, 0.24, -0.499803, 0.489912, 0.021553]
[0.325882, 0.498783, -0.499176, 0.412158, 0.322778]
[0.584143, 0.459165, -0.499462, 0.389901, 0.416937]
[0.56629, 0.255941, -0.498484, 0.25673, 0.303433]
[0.278021, 0.319655, -0.498833, 0.375398, 0.053545]
[0.601757, 0.340817, -0.499187, 0.466617, 0.358998]
[0.351402, 0.338888, -0.499808, 0.318994, 0.333726]
[0.598928, 0.366298, -0.498981, 0.444063, 0.154856]
[0.502068, 0.489067, -0.498835, 0.412276, 0.408921]
[0.329155, 0.259943, -0.49907, 0.431234, 0.236112]
[0.629788, 0.286859, -0.499587, 0.302179, 0.231642]
[0.639128, 0.477411, -0.498755, 0.467997, 0.112596]
[0.508427, 0.340666, -0.499746, 0.326831, 0.430455]
[0.558533, 0.358666, -0.498484, 0.363648, 0.096693]
[0.60657, 0.362601, -0.498563, 0.411257, 0.019324]
[0.508714, 0.163477, -0.498759, 0.473963, 0.316271]
[0.40904, 0.382844, -0.499988, 0.334449, 0.086639]
[0.55164, 0.17372, -0.499591, 0.305812, 0.162238]
[0.559139, 0.147018, -0.499713, 0.271808, 0.356296]
[0.369843, 0.463267, -0.499032, 0.304154, 0.074327]
[0.428785, 0.428572, -0.499667, 0.406166, 0.012002]
[0.592512, 0.486008, -0.499994, 0.404337, 0.04389]
[0.60591, 0.429684, -0.499601, 0.444313, 0.143716]
[0.314037, 0.291529, -0.499945, 0.488697, 0.426152]
[0.455576, 0.320239, -0.49901, 0.362199, 0.235529]
[0.658818, 0.479371, -0.498962, 0.447291, 0.1723]
[0.317806, 0.138551, -0.499306, 0.413588, 0.460022]
[0.325269, 0.251763, -0.499728, 0.229891, 0.271409]
[0.444562, 0.27442, -0.499664, 0.495581, 0.49662]
[0.57203, 0.11605, -0.49953, 0.274034, 0.372944]
[0.674741, 0.141803, -0.499034, 0.456802, 0.173707]
[0.525249, 0.249292, -0.498536, 0.493388, 0.268806]
[0.52615, 0.256535, -0.498982, 0.256097, 0.330948]
[0.587424, 0.416755, -0.499635, 0.300065, 0.47236]
[0.491994, 0.206791, -0.498927, 0.494694, 0.139563]
[0.664476, 0.245262, -0.499738, 0.429991, 0.472553]
[0.589273, 0.2223, -0.499632, 0.355556, 0.250852]
[0.414515, 0.416462, -0.49905, 0.235492, 0.067217]
[0.592328, 0.243461, -0.498996, 0.40283, 0.233513]
[0.656656, 0.263057, -0.499082, 0.267775, 0.177635]
[0.419458, 0.195396, -0.499293, 0.362264, 0.121881]
[0.619166, 0.113317, -0.499017, 0.471518, 0.349913]
[0.279396, 0.199128, -0.499271, 0.404216, 0.416642]
[0.526528, 0.299095, -0.499139, 0.468375, 0.493529]
[0.542218, 0.308836, -0.498852, 0.323421, 0.010415]
[0.299476, 0.26068, -0.498792, 0.331045, 0.265]
[0.503451, 0.124677, -0.498582, 0.476804, 0.260133]
[0.450478, 0.436178, -0.49858, 0.422466, 0.135795]
[0.523948, 0.119343, -0.499771, 0.288988, 0.046771]
[0.272854, 0.35802, -0.499412, 0.310119, 0.283768]
[0.606661, 0.491791, -0.49965, 0.487578, 0.203102]
[0.595142, 0.131147, -0.499053, 0.375186, 0.350596]
[0.524223, 0.382481, -0.499149, 0.462767, 0.448083]
[0.590397, 0.137766, -0.499989, 0.237222, 0.451297]
[0.60182, 0.498449, -0.499313, 0.238095, 0.420613]
[0.632431, 0.184006, -0.498649, 0.492252, 0.37332]
[0.630072, 0.122222, -0.499493, 0.439796, 0.303339]
[0.663183, 0.169709, -0.499524, 0.490077, 0.417851]
[0.65405, 0.468125, -0.498451, 0.464131, 0.095729]
[0.318497, 0.288506, -0.498502, 0.363798, 0.34411]
[0.342334, 0.452302, -0.498821, 0.399708, 0.090956]
[0.470229, 0.299858, -0.498889, 0.45069, 0.385252]
[0.513279, 0.182308, -0.499024, 0.440336, 0.276708]
[0.315117, 0.130616, -0.499603, 0.416719, 0.277976]
[0.455889, 0.199934, -0.498622, 0.37755, 0.253551]
[0.276693, 0.12627, -0.498617, 0.399367, 0.330875]
[0.459392, 0.239395, -0.498565, 0.232642, 0.26102]
[0.491072, 0.479059, -0.49927, 0.257766, 0.486131]
[0.471617, 0.278662, -0.499724, 0.421794, 0.439012]
[0.572324, 0.192871, -0.499994, 0.498486, 0.059256]
[0.652526, 0.376932, -0.499299, 0.250828, 0.275831]
[0.641638, 0.420531, -0.498869, 0.358385, 0.068861]
[0.415619, 0.399569, -0.498737, 0.385058, 0.470137]
[0.28838, 0.261136, -0.498527, 0.391473, 0.089026]
[0.388989, 0.318609, -0.49912, 0.454437, 0.356873]
[0.624223, 0.266055, -0.499846, 0.451742, 0.147022]
[0.345193, 0.363587, -0.498447, 0.261937, 0.127312]
[0.32501, 0.244596, -0.498497, 0.262307, 0.194239]
[0.345221, 0.438377, -0.498777, 0.355004, 0.249929]
[0.499403, 0.267943, -0.499334, 0.265088, 0.338723]
[0.535237, 0.3492, -0.49866, 0.322002, 0.350243]
[0.439167, 0.29041, -0.499817, 0.47342, 0.028101]
[0.465179, 0.13043, -0.499479, 0.440118, 0.194748]
[0.42655, 0.154497, -0.499144, 0.259541, 0.440165]
[0.668634, 0.446718, -0.499961, 0.278581, 0.381755]
[0.525159, 0.132302, -0.49974, 0.386451, 0.29575]
[0.58877, 0.335868, -0.498446, 0.436726, 0.373433]
[0.45479, 0.397799, -0.499099, 0.382366, 0.474559]
[0.422133, 0.25914, -0.499759, 0.264751, 0.157629]
[0.374406, 0.400889, -0.498812, 0.398024, 0.01487]
[0.307487, 0.32164, -0.499524, 0.381579, 0.173618]
[0.612698, 0.34505, -0.49916, 0.244559, 0.442375]
[0.674804, 0.193845, -0.499043, 0.495761, 0.320877]
[0.322406, 0.321186, -0.49997, 0.428666, 0.376745]
[0.498506, 0.239167, -0.499226, 0.463051, 0.292048]
[0.60967, 0.194051, -0.499647, 0.36465, 0.201002]
[0.496436, 0.253154, -0.499251, 0.348749, 0.131486]
[0.341488, 0.203324, -0.498464, 0.232922, 0.478474]
[0.356085, 0.268185, -0.499265, 0.393914, 0.210923]
[0.367848, 0.25401, -0.498454, 0.247666, 0.34253]
[0.558736, 0.402703, -0.4987, 0.34097, 0.026668]
[0.502019, 0.443024, -0.498808, 0.420273, 0.385993]
[0.312037, 0.181961, -0.499544, 0.383806, 0.057723]
[0.557009, 0.384829, -0.49982, 0.281007, 0.142178]
[0.611221, 0.395221, -0.499943, 0.414797, 0.44205]
[0.66998, 0.244304, -0.499017, 0.433943, 0.108357]
[0.669513, 0.155648, -0.499188, 0.366952, 0.209389]
[0.342476, 0.23932, -0.498907, 0.282333, 0.313244]
[0.391802, 0.239609, -0.498546, 0.483776, 0.43792]
[0.656977, 0.36087, -0.499103, 0.245081, 0.140518]
[0.522622, 0.258723, -0.498695, 0.447789, 0.087723]
[0.622785, 0.362901, -0.499996, 0.304757, 0.265552]
[0.381568, 0.207764, -0.498612, 0.244682, 0.10541]
[0.568598, 0.46336, -0.49843, 0.234313, 0.013105]
[0.480574, 0.174569, -0.498536, 0.434438, 0.167541]
[0.500673, 0.27218, -0.498521, 0.268544, 0.167351]
[0.610003, 0.476083, -0.499247, 0.483823, 0.171946]
[0.578079, 0.2934, -0.498895, 0.462886, 0.331365]
[0.523701, 0.170088, -0.499186, 0.295791, 0.098651]
[0.626699, 0.24346, -0.499322, 0.277088, 0.425643]
[0.613304, 0.205704, -0.499578, 0.275332, 0.20802]
[0.466555, 0.162851, -0.499649, 0.244391, 0.432796]
[0.646933, 0.331988, -0.499852, 0.311474, 0.007908]
[0.402768, 0.345951, -0.499812, 0.437853, 0.018577]
[0.492376, 0.353913, -0.498691, 0.310414, 0.323114]
[0.665973, 0.170446, -0.498911, 0.394118, 0.475381]
[0.516195, 0.202781, -0.498968, 0.320636, 0.339999]
[0.637814, 0.275941, -0.499425, 0.42377, 0.387011]
[0.635856, 0.372751, -0.49942, 0.261839, 0.294673]
[0.374185, 0.365789, -0.498814, 0.465997, 0.25103]
[0.411129, 0.418896, -0.498473, 0.250609, 0.175214]
[0.326984, 0.267656, -0.499289, 0.38476, 0.422673]
[0.438856, 0.333801, -0.499276, 0.467772, 0.468557]
[0.509194, 0.370327, -0.499597, 0.277199, 0.348701]
[0.570102, 0.231807, -0.499469, 0.419293, 0.470306]
[0.520752, 0.32754, -0.49845, 0.399539, 0.041011]
[0.287037, 0.244084, -0.499968, 0.298783, 0.083287]
[0.401849, 0.444056, -0.498431, 0.387854, 0.394414]
[0.295336, 0.143723, -0.498483, 0.354726, 0.110154]
[0.668413, 0.275782, -0.499963, 0.478553, 0.24372]
[0.360766, 0.478296, -0.49954, 0.375492, 0.49655]
[0.318392, 0.387247, -0.498859, 0.372627, 0.218144]
[0.553355, 0.327934, -0.499231, 0.240403, 0.060272]
[0.638707, 0.281883, -0.498475, 0.373366, 0.251743]
[0.30419, 0.289584, -0.498929, 0.379799, 0.312357]
[0.64578, 0.369263, -0.49893, 0.343326, 0.257757]
[0.522769, 0.224805, -0.498489, 0.278405, 0.207795]
[0.488209, 0.341992, -0.498541, 0.446039, 0.009152]
[0.596551, 0.422137, -0.499407, 0.323591, 0.469779]
[0.537539, 0.350848, -0.498411, 0.257936, 0.289014]
[0.639901, 0.344846, -0.499053, 0.475039, 0.397106]
[0.539407, 0.436116, -0.498643, 0.499324, 0.098563]
[0.569878, 0.302594, -0.499175, 0.499228, 0.049272]
[0.486768, 0.12648, -0.499061, 0.455016, 0.177038]
[0.363035, 0.112071, -0.4991, 0.29023, 0.249089]
[0.462994, 0.438297, -0.499144, 0.346531, 0.008793]
[0.63262, 0.337059, -0.498913, 0.286249, 0.484202]
[0.526143, 0.417523, -0.499318, 0.241744, 0.455856]
[0.392132, 0.359708, -0.499527, 0.24394, 0.45302]
[0.625679, 0.159189, -0.499243, 0.367488, 0.02053]
[0.655387, 0.162608, -0.499025, 0.401176, 0.332878]
[0.564175, 0.26181, -0.499085, 0.296622, 0.45888]
[0.546127, 0.293306, -0.498436, 0.348322, 0.245824]
[0.485552, 0.161749, -0.498788, 0.276608, 0.154506]
[0.305239, 0.276891, -0.499119, 0.340212, 0.0693]
[0.646333, 0.264534, -0.498487, 0.337853, 0.150054]
[0.326415, 0.493647, -0.49992, 0.448057, 0.466439]
[0.509737, 0.271385, -0.499032, 0.317859, 0.312003]
[0.396595, 0.437904, -0.499342, 0.272128, 0.052785]
[0.525233, 0.209865, -0.499828, 0.369071, 0.43911]
[0.38385, 0.306426, -0.498604, 0.274497, 0.287897]
[0.506452, 0.407941, -0.499497, 0.478732, 0.009281]
[0.613439, 0.472006, -0.49922, 0.391115, 0.494541]
[0.583068, 0.317227, -0.499304, 0.279146, 0.139641]
[0.624183, 0.453074, -0.498612, 0.323821, 0.211581]
[0.617804, 0.112863, -0.498702, 0.371687, 0.192028]
[0.284616, 0.296777, -0.499751, 0.255843, 0.009927]
[0.487199, 0.300075, -0.498545, 0.493193, 0.200316]
[0.542833, 0.296251, -0.499217, 0.24349, 0.010073]
[0.346183, 0.171756, -0.498957, 0.275509, 0.382382]
[0.459917, 0.164256, -0.499848, 0.264828, 0.090744]
[0.348024, 0.498107, -0.498595, 0.243165, 0.378714]
[0.375249, 0.406083, -0.499489, 0.453262, 0.270336]
[0.304298, 0.389595, -0.499373, 0.408057, 0.492832]
[0.612162, 0.260072, -0.499196, 0.479303, 0.187418]
[0.430223, 0.204524, -0.499792, 0.311946, 0.078258]
[0.303383, 0.294799, -0.499169, 0.274044, 0.282]
[0.382356, 0.198092, -0.49907, 0.441597, 0.301769]
[0.598292, 0.172955, -0.499025, 0.299145, 0.086559]
[0.426623, 0.454726, -0.498887, 0.408059, 0.419136]
[0.372805, 0.420277, -0.499297, 0.469446, 0.300027]
[0.323364, 0.146227, -0.498457, 0.350629, 0.28689]
[0.642169, 0.427254, -0.499321, 0.439351, 0.210996]
[0.548912, 0.261248, -0.498628, 0.329945, 0.028288]
[0.360313, 0.392319, -0.499628, 0.371727, 0.237077]
[0.484928, 0.347708, -0.498793, 0.322445, 0.004901]
[0.638633, 0.252409, -0.499705, 0.313983, 0.485207]
[0.384846, 0.13065, -0.499166, 0.327925, 0.285689]
[0.301368, 0.370197, -0.498548, 0.492322, 0.045484]
[0.317124, 0.444848, -0.498826, 0.293043, 0.350764]
[0.589831, 0.264673, -0.499681, 0.240567, 0.441982]
[0.608404, 0.204462, -0.499085, 0.463967, 0.23072]
[0.391959, 0.293312, -0.499232, 0.240581, 0.458054]
[0.463117, 0.212256, -0.499749, 0.423116, 0.073624]
[0.67859, 0.357005, -0.498475, 0.304824, 0.213138]
[0.412874, 0.409812, -0.498881, 0.453855, 0.092073]
[0.447542, 0.201311, -0.498522, 0.479833, 0.114538]
[0.609814, 0.355267, -0.498755, 0.254817, 0.476164]
[0.48513, 0.311988, -0.499896, 0.440278, 0.039763]
[0.635051, 0.326229, -0.498553, 0.381596, 0.229139]
[0.428956, 0.27539, -0.499289, 0.234354, 0.323673]
[0.28094, 0.28812, -0.498909, 0.467459, 0.38973]
[0.568221, 0.367113, -0.49871, 0.236084, 0.40261]
[0.586068, 0.25978, -0.498814, 0.436727, 0.21948]
[0.510494, 0.147551, -0.499524, 0.408291, 0.033462]
[0.507831, 0.156248, -0.498686, 0.305193, 0.427852]
[0.619857, 0.416125, -0.498969, 0.463186, 0.092414]
[0.606, 0.170976, -0.498529, 0.493172, 0.240903]
[0.604143, 0.179526, -0.49853, 0.285002, 0.237586]
[0.427131, 0.205037, -0.499755, 0.477145, 0.134476]
[0.573048, 0.277037, -0.499505, 0.284605, 0.067526]
[0.367945, 0.121928, -0.499, 0.266772, 0.474911]
[0.383664, 0.21785, -0.498446, 0.423204, 0.401312]
[0.321253, 0.21335, -0.499402, 0.45607, 0.271082]
[0.501251, 0.283365, -0.499864, 0.269298, 0.198418]
[0.628683, 0.432744, -0.498833, 0.461965, 0.459571]
[0.591395, 0.291824, -0.498554, 0.278761, 0.429322]
[0.614615, 0.244298, -0.498503, 0.457404, 0.485122]
[0.558108, 0.267809, -0.498779, 0.23144, 0.084439]
[0.334914, 0.40176, -0.498463, 0.46, 0.318326]
[0.290211, 0.11636, -0.499495, 0.304519, 0.432667]
[0.335516, 0.456175, -0.499721, 0.301799, 0.487076]
[0.323809, 0.209303, -0.498775, 0.302379, 0.020713]
[0.675217, 0.477856, -0.499883, 0.229447, 0.34175]
[0.532512, 0.446083, -0.498457, 0.377555, 0.32354]
[0.502386, 0.24999, -0.498713, 0.486565, 0.36974]
[0.465244, 0.162703, -0.498494, 0.358368, 0.114044]
[0.441082, 0.479903, -0.499921, 0.292383, 0.4269]
[0.392271, 0.204464, -0.498427, 0.357276, 0.305596]
[0.408825, 0.238002, -0.499291, 0.360322, 0.496302]
[0.550455, 0.146408, -0.498559, 0.293752, 0.433037]
[0.450454, 0.480239, -0.498963, 0.279834, 0.336178]
[0.566566, 0.232287, -0.498719, 0.459152, 0.114709]
[0.479924, 0.464874, -0.49858, 0.467113, 0.083863]
[0.616811, 0.474853, -0.499965, 0.447311, 0.175278]
[0.331462, 0.271717, -0.498635, 0.233713, 0.072098]
[0.54686, 0.257907, -0.499389, 0.483244, 0.377159]
[0.599873, 0.305073, -0.498639, 0.318447, 0.382871]
[0.537626, 0.125854, -0.499602, 0.322194, 0.128393]
[0.272184, 0.432821, -0.499163, 0.375537, 0.159997]
[0.29217, 0.471373, -0.498918, 0.279998, 0.429363]
[0.439122, 0.293474, -0.49912, 0.429845, 0.127677]
[0.630518, 0.212974, -0.49856, 0.286082, 0.300375]
[0.47232, 0.341323, -0.499927, 0.265002, 0.037166]
[0.279709, 0.312348, -0.49883, 0.334286, 0.211986]
[0.338508, 0.407727, -0.499887, 0.439595, 0.283622]
[0.580678, 0.251693, -0.498803, 0.446381, 0.171365]
[0.370241, 0.207462, -0.498721, 0.293137, 0.293793]
[0.670044, 0.314077, -0.49919, 0.329575, 0.261174]
[0.510265, 0.155035, -0.499576, 0.367806, 0.164937]
[0.293174, 0.154297, -0.498986, 0.388108, 0.164291]
[0.444586, 0.209287, -0.498504, 0.248599, 0.288089]
[0.532506, 0.360817, -0.498554, 0.462849, 0.326536]
[0.618698, 0.326042, -0.499945, 0.372927, 0.420523]
[0.429627, 0.445868, -0.499656, 0.465853, 0.329011]
[0.466247, 0.212343, -0.498469, 0.447607, 0.228589]
[0.444449, 0.26619, -0.499881, 0.373513, 0.402779]
[0.402452, 0.30615, -0.499168, 0.444583, 0.141703]
[0.306678, 0.18218, -0.498634, 0.252346, 0.083585]
[0.336644, 0.467064, -0.499692, 0.276852, 0.110141]
[0.587456, 0.11148, -0.498976, 0.431571, 0.396244]
[0.434352, 0.412406, -0.499343, 0.272724, 0.397971]
[0.373762, 0.171977, -0.498478, 0.460397, 0.367923]
[0.361293, 0.13401, -0.498569, 0.298242, 0.341434]
[0.316998, 0.251779, -0.499629, 0.329719, 0.247721]
[0.632136, 0.237659, -0.499565, 0.330842, 0.474925]
[0.632629, 0.131254, -0.499323, 0.323485, 0.370502]
[0.654302, 0.335132, -0.499906, 0.308148, 0.204172]
[0.625047, 0.38909, -0.498887, 0.456146, 0.435476]
[0.373745, 0.116651, -0.498699, 0.470258, 0.112323]
[0.355681, 0.458444, -0.499459, 0.306216, 0.232447]
[0.311536, 0.28023, -0.498784, 0.268018, 0.130943]
[0.323216, 0.154182, -0.498999, 0.48251, 0.273481]
[0.44063, 0.378835, -0.499621, 0.248266, 0.125711]
[0.279465, 0.360033, -0.499862, 0.390035, 0.403278]
[0.626979, 0.317035, -0.498973, 0.347248, 0.182725]
[0.345075, 0.324278, -0.498631, 0.446466, 0.052199]
[0.403238, 0.402094, -0.499998, 0.480076, 0.061709]
[0.517557, 0.307133, -0.499264, 0.290597, 0.162638]
[0.659673, 0.422804, -0.499986, 0.3105, 0.425295]
[0.447313, 0.394966, -0.499246, 0.43788, 0.494625]
[0.541162, 0.155422, -0.499028, 0.248503, 0.075517]
[0.523499, 0.466054, -0.499609, 0.301201, 0.396907]
[0.296715, 0.314001, -0.498994, 0.475115, 0.420458]
[0.625019, 0.291581, -0.499518, 0.494036, 0.400169]
[0.418225, 0.21477, -0.498533, 0.340636, 0.495106]
[0.521434, 0.419251, -0.499044, 0.3515, 0.07074]
[0.62219, 0.359702, -0.499644, 0.259608, 0.465865]
[0.5137, 0.238784, -0.498966, 0.258722, 0.4984]
[0.530006, 0.289994, -0.498436, 0.303886, 0.373348]
[0.510443, 0.474767, -0.499158, 0.398775, 0.177283]
[0.459908, 0.169795, -0.498776, 0.273907, 0.352659]
[0.645091, 0.418153, -0.49887, 0.401346, 0.473705]
[0.531143, 0.144643, -0.499806, 0.452697, 0.374354]
[0.552017, 0.411076, -0.499801, 0.491063, 0.096674]
[0.34454, 0.146541, -0.498781, 0.483544, 0.194382]
[0.66284, 0.329079, -0.498441, 0.417829, 0.450163]
[0.31446, 0.251982, -0.498563, 0.446034, 0.150591]
[0.49086, 0.146471, -0.498988, 0.432729, 0.419824]
[0.422413, 0.222312, -0.498538, 0.295711, 0.12248]
[0.273759, 0.223534, -0.499754, 0.390416, 0.101093]
[0.38953, 0.345608, -0.499812, 0.476963, 0.45312]
[0.287888, 0.454103, -0.499669, 0.335723, 0.096304]
[0.576892, 0.192014, -0.499008, 0.337736, 0.216188]
[0.292077, 0.23404, -0.498578, 0.304177, 0.367258]
[0.574496, 0.326126, -0.498664, 0.338516, 0.118514]
[0.371267, 0.471849, -0.498548, 0.289068, 0.033287]
[0.641924, 0.337339, -0.49916, 0.369332, 0.223998]
[0.511541, 0.323091, -0.498893, 0.228117, 0.184725]
[0.408913, 0.349505, -0.498816, 0.357228, 0.33026]
[0.620996, 0.339182, -0.499277, 0.458725, 0.384139]
[0.356743, 0.404402, -0.498967, 0.38381, 0.25754]
[0.361535, 0.406282, -0.499533, 0.246755, 0.039518]
[0.393906, 0.4182, -0.499923, 0.400532, 0.44999]
[0.533476, 0.268274, -0.498717, 0.383173, 0.227012]
[0.488782, 0.445975, -0.498667, 0.439079, 0.158873]
[0.540367, 0.30843, -0.499673, 0.357068, 0.400196]
[0.615303, 0.489291, -0.499893, 0.483129, 0.170556]
[0.597607, 0.179706, -0.499502, 0.293479, 0.087627]
[0.271215, 0.470655, -0.499218, 0.281798, 0.225406]
[0.628594, 0.307486, -0.499568, 0.383405, 0.156178]
[0.535267, 0.330397, -0.499709, 0.290232, 0.098608]
[0.420393, 0.112445, -0.499058, 0.443335, 0.174686]
[0.623368, 0.323703, -0.499336, 0.356951, 0.0578]
[0.556016, 0.480463, -0.498597, 0.397583, 0.079495]
[0.371508, 0.38479, -0.499305, 0.362904, 0.463644]
[0.561577, 0.429388, -0.498644, 0.376197, 0.198393]
[0.333925, 0.33931, -0.49949, 0.49433, 0.048226]
[0.587325, 0.348006, -0.498512, 0.327331, 0.318624]
[0.589309, 0.44483, -0.499398, 0.334569, 0.482521]
[0.611968, 0.407584, -0.498779, 0.265752, 0.162218]
[0.60195, 0.119074, -0.499794, 0.353331, 0.233736]
[0.331624, 0.497269, -0.499617, 0.446497, 0.097528]
[0.44056, 0.199621, -0.49985, 0.270882, 0.218358]
[0.659198, 0.351719, -0.499187, 0.233737, 0.128998]
[0.614284, 0.115983, -0.499024, 0.305815, 0.22705]
[0.679217, 0.197508, -0.498603, 0.454269, 0.421881]
[0.422838, 0.196386, -0.498958, 0.406291, 0.248817]
[0.584483, 0.152518, -0.499376, 0.346016, 0.35482]
[0.514595, 0.332533, -0.499891, 0.393467, 0.407657]
[0.528475, 0.23269, -0.498837, 0.473633, 0.217431]
[0.476737, 0.148437, -0.498724, 0.430632, 0.080633]
[0.327398, 0.497058, -0.498901, 0.454037, 0.447306]
[0.376112, 0.306669, -0.499917, 0.238686, 0.158859]
[0.393716, 0.423935, -0.499618, 0.334163, 0.328175]
[0.37807, 0.219972, -0.498584, 0.45067, 0.369984]
[0.672793, 0.211293, -0.499161, 0.265496, 0.198114]
[0.345103, 0.26105, -0.499462, 0.403695, 0.455608]
[0.519311, 0.166091, -0.499509, 0.358424, 0.099368]
[0.342314, 0.396936, -0.499888, 0.347156, 0.398213]
[0.572953, 0.451661, -0.499384, 0.333649, 0.299124]
[0.410974, 0.141241, -0.498752, 0.323049, 0.352912]
[0.356804, 0.309253, -0.499387, 0.464717, 0.039331]
[0.534463, 0.150016, -0.49976, 0.23221, 0.185624]
[0.344872, 0.129137, -0.498572, 0.432579, 0.396441]
[0.541038, 0.446688, -0.498931, 0.384884, 0.12669]
[0.318058, 0.12271, -0.498927, 0.444533, 0.260833]
[0.463117, 0.320954, -0.499337, 0.490299, 0.294208]
[0.65472, 0.299772, -0.499725, 0.336248, 0.211239]
[0.287587, 0.394103, -0.499712, 0.25669, 6.5e-05]
[0.663741, 0.245582, -0.499789, 0.450756, 0.479796]
[0.425917, 0.404622, -0.499745, 0.419062, 0.010943]
[0.445651, 0.300464, -0.499188, 0.350298, 0.37389]
[0.271141, 0.308104, -0.499845, 0.279368, 0.160774]
[0.289522, 0.433236, -0.499815, 0.237276, 0.26061]
[0.555399, 0.483851, -0.498629, 0.259799, 0.14659]
[0.624839, 0.384993, -0.499512, 0.414858, 0.426185]
[0.506242, 0.392957, -0.499808, 0.323158, 0.251903]
[0.600652, 0.335039, -0.498517, 0.239489, 0.058212]
[0.642571, 0.324575, -0.498693, 0.443949, 0.489068]
[0.546784, 0.268028, -0.498693, 0.301162, 0.019358]
[0.666206, 0.18538, -0.498814, 0.271169, 0.303761]
[0.272916, 0.439622, -0.499306, 0.381433, 0.438972]
[0.409931, 0.452112, -0.498485, 0.349388, 0.376201]
[0.619087, 0.354081, -0.499579, 0.322778, 0.172549]
[0.599146, 0.402422, -0.498875, 0.24725, 0.386841]
[0.479906, 0.180834, -0.499769, 0.327338, 0.005601]
[0.365248, 0.187555, -0.499181, 0.374365, 0.327095]
[0.376013, 0.168173, -0.498419, 0.427741, 0.12463]
[0.336927, 0.249239, -0.499253, 0.412275, 0.008068]
[0.424543, 0.269568, -0.498725, 0.365738, 0.441325]
[0.294398, 0.177517, -0.499643, 0.449852, 0.386565]
[0.376027, 0.468547, -0.499544, 0.388379, 0.262863]
[0.349425, 0.227777, -0.499991, 0.308376, 0.027055]
[0.61575, 0.115154, -0.499828, 0.384826, 0.352812]
[0.499037, 0.346624, -0.499272, 0.463206, 0.465182]
[0.300453, 0.350331, -0.499779, 0.302072, 0.196687]
[0.666291, 0.355324, -0.499102, 0.278377, 0.485633]
[0.635208, 0.461506, -0.499852, 0.426185, 0.019791]
[0.393818, 0.184544, -0.499287, 0.483774, 0.483044]
[0.658778, 0.294854, -0.499922, 0.30264, 0.125484]
[0.675165, 0.275986, -0.498502, 0.245053, 0.203618]
[0.676839, 0.487559, -0.499949, 0.379399, 0.453794]
[0.650074, 0.114389, -0.499351, 0.486326, 0.252819]
[0.271637, 0.305532, -0.499216, 0.453876, 0.264605]
[0.469969, 0.156262, -0.498531, 0.477075, 0.379693]
[0.385832, 0.234952, -0.499027, 0.433782, 0.35147]
[0.336587, 0.285064, -0.49865, 0.396511, 0.141387]
[0.662678, 0.270336, -0.499372, 0.43217, 0.250615]
[0.546229, 0.229134, -0.499794, 0.294447, 0.141907]
[0.667752, 0.348459, -0.49904, 0.328055, 0.080035]
[0.536171, 0.485164, -0.499169, 0.399858, 0.119524]
[0.325334, 0.212112, -0.498423, 0.375641, 0.177179]
[0.376455, 0.301364, -0.498728, 0.349191, 0.09232]
[0.628018, 0.432386, -0.499615, 0.499117, 0.33822]
[0.47715, 0.224801, -0.498651, 0.275859, 0.483592]
[0.271259, 0.194037, -0.499793, 0.354358, 0.020365]
[0.644841, 0.188161, -0.499029, 0.31042, 0.057053]
[0.605232, 0.145762, -0.49856, 0.390672, 0.031593]
[0.306304, 0.177578, -0.499679, 0.428706, 0.028207]
[0.602527, 0.196156, -0.499174, 0.23511, 0.082926]
[0.37189, 0.118464, -0.49996, 0.336828, 0.244243]
[0.496207, 0.383528, -0.499918, 0.418292, 0.448844]
[0.513086, 0.461831, -0.499921, 0.288773, 0.177877]
[0.537145, 0.403776, -0.499105, 0.338352, 0.362585]
[0.460513, 0.356833, -0.498842, 0.352661, 0.078317]
[0.370897, 0.323323, -0.498656, 0.310502, 0.268713]
[0.57887, 0.236287, -0.499458, 0.402743, 0.307779]
[0.279793, 0.221201, -0.498735, 0.356403, 0.260929]
[0.37657, 0.493128, -0.498513, 0.41467, 0.365004]
[0.643018, 0.337959, -0.498612, 0.435357, 0.009226]
[0.29447, 0.324574, -0.499034, 0.267637, 0.316252]
[0.295295, 0.254883, -0.498686, 0.322711, 0.1451]
[0.34351, 0.434122, -0.498447, 0.477475, 0.027211]
[0.653947, 0.183183, -0.499269, 0.333656, 0.358875]
[0.32899, 0.149073, -0.499456, 0.251813, 0.37543]
[0.627763, 0.496348, -0.498739, 0.256464, 0.472603]
[0.547097, 0.437296, -0.499134, 0.244631, 0.374848]
[0.52077, 0.262452, -0.499777, 0.33849, 0.447619]
[0.466924, 0.18003, -0.499453, 0.327358, 0.369624]
[0.652496, 0.115122, -0.499764, 0.371983, 0.399266]
[0.460759, 0.4415, -0.499419, 0.460292, 0.423169]
[0.368913, 0.406229, -0.499099, 0.440763, 0.053328]
[0.47634, 0.44657, -0.498621, 0.401208, 0.043342]
[0.296202, 0.286978, -0.499555, 0.295416, 0.193811]
[0.285309, 0.134978, -0.499598, 0.355707, 0.113991]
[0.439887, 0.295079, -0.499648, 0.434095, 0.069714]
[0.296189, 0.463345, -0.498895, 0.2929, 0.02921]
[0.653673, 0.282923, -0.499751, 0.462278, 0.470392]
[0.607308, 0.496619, -0.499639, 0.329324, 0.313198]
[0.321844, 0.173683, -0.499943, 0.229675, 0.229097]
[0.670081, 0.220669, -0.499529, 0.400701, 0.258039]
[0.61138, 0.135676, -0.498533, 0.471435, 0.372957]
[0.629719, 0.499527, -0.499631, 0.447501, 0.022472]
[0.357343, 0.11985, -0.499018, 0.312475, 0.430466]
[0.498703, 0.200294, -0.499879, 0.396211, 0.367772]
[0.479974, 0.433313, -0.499438, 0.354, 0.080979]
[0.459705, 0.355124, -0.499798, 0.262506, 0.063755]
[0.271637, 0.415241, -0.49862, 0.39398, 0.107452]
[0.399463, 0.314573, -0.499656, 0.324448, 0.130793]
[0.460249, 0.159764, -0.499535, 0.364782, 0.244274]
[0.286389, 0.196685, -0.49981, 0.324544, 0.194463]
[0.370815, 0.24914, -0.499359, 0.230807, 0.339772]
[0.390688, 0.46751, -0.498446, 0.363212, 0.139038]
[0.427929, 0.146844, -0.499527, 0.442699, 0.209003]
[0.576667, 0.426659, -0.499066, 0.275888, 0.338331]
[0.288625, 0.119168, -0.498547, 0.287511, 0.444687]
[0.361783, 0.343365, -0.499645, 0.276475, 0.116506]
[0.44591, 0.192018, -0.499648, 0.415848, 0.20581]
[0.484317, 0.337857, -0.49908, 0.31367, 0.2935]
[0.488702, 0.187453, -0.499292, 0.428103, 0.424562]
[0.588045, 0.464892, -0.498761, 0.304599, 0.430711]
[0.460333, 0.400436, -0.498805, 0.426837, 0.193451]
[0.398671, 0.237177, -0.498982, 0.2955, 0.36445]
[0.290968, 0.120696, -0.498602, 0.318613, 0.432099]
[0.633767, 0.467718, -0.499683, 0.362061, 0.134232]
[0.670652, 0.129605, -0.499025, 0.437697, 0.413659]
[0.513748, 0.243529, -0.498986, 0.439497, 0.389031]
[0.58843, 0.478287, -0.499734, 0.410951, 0.44796]
[0.412037, 0.22544, -0.499398, 0.438024, 0.161284]
[0.432577, 0.18935, -0.498451, 0.389648, 0.138907]
[0.481529, 0.195935, -0.498762, 0.234816, 0.042242]
[0.291735, 0.459019, -0.498763, 0.382658, 0.499567]
[0.306512, 0.250833, -0.499706, 0.26034, 0.148703]
[0.27815, 0.221112, -0.499741, 0.2944, 0.003644]
[0.657332, 0.133654, -0.49874, 0.468523, 0.304017]
[0.587291, 0.40174, -0.499123, 0.230826, 0.442775]
[0.491751, 0.267884, -0.498924, 0.40217, 0.06587]
[0.678397, 0.134447, -0.499318, 0.400165, 0.002731]
[0.422082, 0.335437, -0.498765, 0.496595, 0.46211]
[0.447022, 0.292611, -0.499672, 0.470789, 0.073651]
[0.519679, 0.240828, -0.499413, 0.449158, 0.137298]
[0.597646, 0.129761, -0.498611, 0.491359, 0.288478]
[0.358581, 0.21856, -0.498785, 0.266666, 0.270423]
[0.670508, 0.239477, -0.498661, 0.3137, 0.369494]
[0.657083, 0.269938, -0.499257, 0.355508, 0.076273]
[0.322651, 0.127371, -0.498845, 0.483685, 0.056051]
[0.536468, 0.13019, -0.499068, 0.41548, 0.225889]
[0.342003, 0.399477, -0.499873, 0.447216, 0.333811]
[0.414175, 0.415418, -0.499553, 0.471089, 0.203819]
[0.558946, 0.266403, -0.498848, 0.418458, 0.072392]
[0.324993, 0.283716, -0.498561, 0.417505, 0.210967]
[0.403394, 0.279264, -0.498516, 0.328818, 0.443318]
[0.635597, 0.154235, -0.499684, 0.356399, 0.269875]
[0.492263, 0.36496, -0.499436, 0.355033, 0.169033]
[0.589419, 0.156962, -0.498947, 0.330435, 0.421371]
[0.295308, 0.485734, -0.498829, 0.263091, 0.310592]
[0.342532, 0.201247, -0.499688, 0.35021, 0.310446]
[0.647117, 0.121456, -0.498759, 0.327536, 0.401695]
[0.553291, 0.491276, -0.499279, 0.452532, 0.028994]
[0.572174, 0.129843, -0.499906, 0.359256, 0.359927]
[0.383945, 0.152118, -0.499456, 0.415072, 0.019087]
[0.564501, 0.368276, -0.499905, 0.263178, 0.315014]
[0.414587, 0.251349, -0.499522, 0.382342, 0.060559]
[0.525902, 0.252638, -0.4989, 0.435542, 0.36642]
[0.421863, 0.227498, -0.499677, 0.341563, 0.441873]
[0.40401, 0.318119, -0.499264, 0.305657, 0.209166]
[0.289991, 0.31284, -0.499225, 0.239339, 0.221755]
[0.431364, 0.1904, -0.499963, 0.457521, 0.182856]
[0.672614, 0.311428, -0.498498, 0.254729, 0.125538]
[0.541614, 0.417633, -0.498563, 0.445121, 0.151041]
[0.619455, 0.234101, -0.499417, 0.352693, 0.192801]
[0.54856, 0.437756, -0.49958, 0.459823, 0.487686]
[0.519825, 0.312101, -0.49881, 0.457525, 0.149634]
[0.406286, 0.347767, -0.498686, 0.237971, 0.111517]
[0.418935, 0.407514, -0.498778, 0.359866, 0.006596]
[0.631371, 0.148668, -0.499867, 0.355287, 0.232371]
[0.607174, 0.28964, -0.499149, 0.32574, 0.461907]
[0.662665, 0.320981, -0.49965, 0.467155, 0.120653]
[0.446118, 0.252461, -0.499891, 0.433842, 0.39546]
[0.665089, 0.260242, -0.499456, 0.279843, 0.490628]
[0.442584, 0.167355, -0.499687, 0.340269, 0.009015]
[0.500298, 0.180915, -0.499513, 0.304366, 0.46818]
[0.653596, 0.202916, -0.498588, 0.489762, 0.161834]
[0.467473, 0.481363, -0.49968, 0.474054, 0.393673]
[0.319544, 0.266062, -0.499029, 0.485411, 0.318616]
[0.61179, 0.458475, -0.499745, 0.31485, 0.172312]
[0.319232, 0.397494, -0.499746, 0.265156, 0.474717]
[0.365809, 0.383924, -0.498604, 0.367192, 0.338575]
[0.506386, 0.437351, -0.499521, 0.314842, 0.357482]
[0.676396, 0.390017, -0.499974, 0.276581, 0.268386]
[0.328293, 0.350125, -0.49936, 0.455974, 0.332921]
[0.412413, 0.244303, -0.49969, 0.370714, 0.317464]
[0.665591, 0.287933, -0.499625, 0.442484, 0.26914]
[0.295968, 0.423693, -0.499343, 0.472287, 0.433623]
[0.303846, 0.15194, -0.499304, 0.494589, 0.234076]
[0.561791, 0.270355, -0.499497, 0.381121, 0.060195]
[0.560211, 0.338348, -0.499795, 0.338958, 0.400319]
[0.375379, 0.426179, -0.499344, 0.249324, 0.428655]
[0.343588, 0.250653, -0.499558, 0.322268, 0.341226]
[0.449864, 0.379429, -0.498854, 0.499045, 0.252318]
[0.344283, 0.329242, -0.498791, 0.442741, 0.47076]
[0.550334, 0.309955, -0.498795, 0.340735, 0.47358]
[0.474514, 0.42359, -0.498605, 0.461535, 0.082572]
[0.634426, 0.364179, -0.498482, 0.486428, 0.151303]
[0.375881, 0.25214, -0.498962, 0.335385, 0.239724]
[0.610945, 0.169936, -0.499324, 0.305547, 0.156296]
[0.325564, 0.310949, -0.499454, 0.334185, 0.389146]
[0.633333, 0.330547, -0.499461, 0.447716, 0.152579]
[0.320475, 0.396573, -0.499508, 0.271185, 0.449543]
[0.529775, 0.368636, -0.498796, 0.24256, 0.126907]
[0.45069, 0.166356, -0.499968, 0.405332, 0.202726]
[0.413408, 0.332167, -0.499512, 0.317937, 0.000771]
[0.535941, 0.133798, -0.499412, 0.481889, 0.165658]
[0.462585, 0.144065, -0.499942, 0.414009, 0.30793]
[0.42692, 0.316942, -0.499477, 0.321997, 0.497328]
[0.381944, 0.228406, -0.499251, 0.399514, 0.071394]
[0.275188, 0.395508, -0.49922, 0.32667, 0.310965]
[0.368329, 0.172032, -0.498586, 0.45683, 0.296828]
[0.284274, 0.283628, -0.499361, 0.4467, 0.389406]
[0.531988, 0.450556, -0.499212, 0.306351, 0.407902]
[0.423591, 0.409359, -0.499936, 0.391883, 0.222258]
[0.523744, 0.455041, -0.49865, 0.254469, 0.300373]
[0.425312, 0.251388, -0.499285, 0.390757, 0.271747]
[0.487879, 0.42973, -0.498924, 0.407552, 0.008317]
[0.573902, 0.437037, -0.499177, 0.305998, 0.251106]
[0.393034, 0.446534, -0.499578, 0.477959, 0.393997]
[0.378628, 0.158565, -0.499612, 0.258374, 0.304434]
[0.331091, 0.436308, -0.498886, 0.330244, 0.161386]
[0.613254, 0.215326, -0.499341, 0.443863, 0.287443]
[0.507199, 0.311503, -0.499364, 0.29938, 0.079489]
[0.534626, 0.197242, -0.499354, 0.319099, 0.106984]
[0.551394, 0.147256, -0.499933, 0.274227, 0.144623]
[0.426899, 0.201116, -0.498545, 0.247268, 0.081198]
[0.364408, 0.200135, -0.498562, 0.369685, 0.054914]
[0.432474, 0.326339, -0.499336, 0.231413, 0.072375]
[0.36959, 0.29759, -0.49924, 0.334129, 0.454421]
[0.278159, 0.412922, -0.499727, 0.243213, 0.234891]
[0.450697, 0.12289, -0.499552, 0.409861, 0.257685]
[0.436099, 0.140391, -0.499633, 0.456713, 0.149561]
[0.550462, 0.223102, -0.498508, 0.246857, 0.067057]
[0.344795, 0.302226, -0.499765, 0.323709, 0.298909]
[0.281555, 0.143266, -0.498504, 0.269218, 0.481869]
[0.661182, 0.371, -0.499863, 0.316269, 0.099395]
[0.387411, 0.495053, -0.499473, 0.488842, 0.12272]
[0.644298, 0.317259, -0.499822, 0.252275, 0.141062]
[0.502391, 0.14633, -0.499858, 0.459719, 0.425588]
[0.505825, 0.394784, -0.499201, 0.375867, 0.186953]
[0.577412, 0.317589, -0.498497, 0.343565, 0.092665]
[0.599911, 0.287251, -0.499959, 0.466273, 0.400348]
[0.537971, 0.275166, -0.499102, 0.347772, 0.344673]
[0.61039, 0.4137, -0.499452, 0.352078, 0.117538]
[0.56958, 0.164052, -0.498747, 0.46629, 0.481299]
[0.643142, 0.181527, -0.499735, 0.358182, 0.276255]
[0.433567, 0.306285, -0.498793, 0.33929, 0.017365]
[0.524628, 0.486165, -0.499742, 0.2885, 0.092737]
[0.298099, 0.282162, -0.49936, 0.457973, 0.116174]
[0.585001, 0.473991, -0.499071, 0.271555, 0.380301]
[0.667978, 0.262716, -0.499035, 0.269325, 0.474293]
[0.51451, 0.330615, -0.498888, 0.285175, 0.17238]
[0.469624, 0.458478, -0.499235, 0.397696, 0.305496]
[0.398087, 0.473882, -0.498803, 0.263276, 0.054468]
[0.502068, 0.426613, -0.499132, 0.365508, 0.204339]
[0.376771, 0.161081, -0.499182, 0.316832, 0.473618]
[0.414681, 0.327127, -0.4985, 0.414361, 0.189301]
[0.532555, 0.165217, -0.498942, 0.494037, 0.287442]
[0.493628, 0.424921, -0.499218, 0.271581, 0.026934]
[0.301425, 0.266584, -0.498412, 0.35968, 0.131796]
[0.545692, 0.253515, -0.499329, 0.367455, 0.003147]
[0.403269, 0.224012, -0.499427, 0.411963, 0.269958]
[0.364751, 0.460082, -0.499212, 0.337781, 0.206839]
[0.319904, 0.479145, -0.499968, 0.396114, 0.457368]
[0.405322, 0.49933, -0.498524, 0.441199, 0.327607]
[0.53878, 0.128285, -0.499022, 0.462828, 0.439412]
[0.377937, 0.280469, -0.499562, 0.289274, 0.355073]
[0.286535, 0.15891, -0.499313, 0.411937, 0.062735]
[0.57869, 0.34938, -0.499991, 0.271517, 0.128109]
[0.607716, 0.2122, -0.499214, 0.452473, 0.310255]
[0.56973, 0.182536, -0.499499, 0.288652, 0.302445]
[0.566445, 0.308899, -0.499942, 0.494902, 0.133587]
[0.52284, 0.196439, -0.498941, 0.320274, 0.245331]
[0.45568, 0.181462, -0.498793, 0.391404, 0.15587]
[0.308585, 0.327462, -0.499806, 0.244678, 0.01112]
[0.297274, 0.174076, -0.498465, 0.256005, 0.43425]
[0.51467, 0.238773, -0.49907, 0.370703, 0.37655]
[0.516978, 0.321148, -0.499931, 0.294255, 0.448531]
[0.447531, 0.49996, -0.49957, 0.290291, 0.478702]
[0.469813, 0.174501, -0.499491, 0.36734, 0.463587]
[0.67554, 0.432028, -0.499489, 0.38832, 0.119686]
[0.378824, 0.484273, -0.499914, 0.326297, 0.011311]
[0.311714, 0.147881, -0.499654, 0.474152, 0.064853]
[0.350245, 0.17477, -0.498432, 0.444725, 0.059383]
[0.356641, 0.461215, -0.499827, 0.491254, 0.007023]
[0.375165, 0.362105, -0.49931, 0.232908, 0.192806]
[0.514065, 0.167785, -0.499605, 0.360264, 0.231602]
[0.575897, 0.153497, -0.499193, 0.386875, 0.144076]
[0.545277, 0.291865, -0.499961, 0.403309, 0.36477]
[0.469788, 0.357791, -0.499681, 0.446583, 0.452425]
[0.404605, 0.264011, -0.499742, 0.294725, 0.010163]
[0.525933, 0.208284, -0.499277, 0.437952, 0.167944]
[0.310711, 0.122879, -0.498864, 0.283828, 0.483779]
[0.282993, 0.158465, -0.499605, 0.390033, 0.454786]
[0.314405, 0.305614, -0.499771, 0.410303, 0.040947]
[0.484566, 0.40745, -0.498785, 0.260072, 0.329916]
[0.587364, 0.365802, -0.499414, 0.282389, 0.135054]
[0.570767, 0.352187, -0.499743, 0.36776, 0.258237]
[0.456285, 0.188466, -0.499794, 0.41092, 0.291378]
[0.407613, 0.31405, -0.499507, 0.314685, 0.041254]
[0.657288, 0.492981, -0.499839, 0.459114, 0.109501]
[0.639134, 0.252506, -0.498455, 0.39182, 0.324876]
[0.669618, 0.442927, -0.499855, 0.485041, 0.349331]
[0.443251, 0.469617, -0.499481, 0.481539, 0.302137]
[0.492554, 0.220352, -0.498747, 0.235045, 0.473363]
[0.414389, 0.495263, -0.498832, 0.495427, 0.450311]
[0.495756, 0.359393, -0.499732, 0.308585, 0.059837]
[0.292385, 0.2372, -0.499457, 0.32658, 0.08283]
[0.421386, 0.147824, -0.499674, 0.434399, 0.231642]
[0.494773, 0.144017, -0.499661, 0.233975, 0.055958]
[0.451029, 0.219352, -0.498848, 0.454882, 0.400543]
[0.678546, 0.297914, -0.499861, 0.326942, 0.447974]
[0.33923, 0.489465, -0.498512, 0.477453, 0.091217]
[0.28962, 0.343692, -0.499559, 0.244753, 0.37786]
[0.358735, 0.373195, -0.49978, 0.385363, 0.177065]
[0.542283, 0.248188, -0.499819, 0.31175, 0.476097]
[0.665031, 0.474489, -0.499024, 0.236166, 0.067546]
[0.580507, 0.179362, -0.498557, 0.423671, 0.330688]
[0.289944, 0.460404, -0.498805, 0.264726, 0.111936]
[0.581964, 0.390576, -0.498856, 0.463599, 0.427506]
[0.603039, 0.310245, -0.498845, 0.246753, 0.198525]
[0.427386, 0.440445, -0.499237, 0.461052, 0.119017]
[0.593489, 0.250525, -0.499516, 0.496024, 0.284098]
[0.652974, 0.31446, -0.498639, 0.485953, 0.365638]
[0.377505, 0.256734, -0.499213, 0.387693, 0.010375]
[0.546888, 0.432092, -0.49866, 0.324063, 0.250995]
[0.461708, 0.359033, -0.499864, 0.489821, 0.282621]
[0.336109, 0.295764, -0.499728, 0.280302, 0.385332]
[0.452073, 0.424394, -0.499292, 0.361857, 0.434913]
[0.468917, 0.497918, -0.498664, 0.491821, 0.419024]
[0.442065, 0.272072, -0.49942, 0.489594, 0.004399]
[0.391474, 0.3608, -0.498513, 0.317141, 0.183091]
[0.487977, 0.252387, -0.499119, 0.431975, 0.190874]
[0.272833, 0.321047, -0.498682, 0.325361, 0.239093]
[0.447677, 0.316488, -0.499634, 0.351718, 0.241809]
[0.603177, 0.469222, -0.49968, 0.330481, 0.007227]
[0.456669, 0.294142, -0.499979, 0.490482, 0.18705]
[0.402927, 0.381159, -0.498482, 0.428913, 0.00185]
[0.554612, 0.279409, -0.49944, 0.269608, 0.257338]
[0.377082, 0.490438, -0.499851, 0.441181, 0.300093]
[0.469732, 0.168072, -0.498541, 0.262447, 0.240731]
[0.452381, 0.329936, -0.499898, 0.450599, 0.073056]
[0.26994, 0.136325, -0.49872, 0.234613, 0.301231]
[0.337418, 0.393084, -0.498708, 0.27462, 0.23012]
[0.346652, 0.354251, -0.49919, 0.291276, 0.419276]
[0.478974, 0.38776, -0.499482, 0.308136, 0.024363]
[0.526943, 0.454666, -0.499509, 0.266966, 0.123063]
[0.430465, 0.374247, -0.499576, 0.419878, 0.289429]
[0.63814, 0.273315, -0.499392, 0.252267, 0.211065]
[0.656365, 0.115509, -0.499714, 0.475391, 0.134665]
[0.488092, 0.135986, -0.49944, 0.351801, 0.030038]
[0.503893, 0.496736, -0.498599, 0.288245, 0.302763]
[0.645632, 0.364253, -0.49924, 0.337568, 0.209874]
[0.551291, 0.386558, -0.499993, 0.321004, 0.325635]
[0.355391, 0.40794, -0.499834, 0.386053, 0.276737]
[0.563919, 0.388296, -0.498672, 0.362297, 0.20405]
[0.526907, 0.440779, -0.498876, 0.451126, 0.42985]
[0.642293, 0.134003, -0.498516, 0.267681, 0.401301]
[0.473663, 0.269426, -0.498846, 0.361241, 0.391134]
[0.320208, 0.367731, -0.499906, 0.384898, 0.092313]
[0.581354, 0.425319, -0.499716, 0.348214, 0.265454]
[0.342691, 0.440091, -0.498854, 0.416606, 0.197497]
[0.622029, 0.312835, -0.498871, 0.287116, 0.031102]
[0.619863, 0.425475, -0.499998, 0.313715, 0.046858]
[0.294684, 0.34542, -0.499686, 0.371152, 0.420963]
[0.315165, 0.475496, -0.499765, 0.283171, 0.27846]
[0.535845, 0.176304, -0.498623, 0.341121, 0.419139]
[0.562127, 0.447362, -0.498489, 0.454852, 0.095288]
[0.303828, 0.180414, -0.498926, 0.28775, 0.098286]
[0.379653, 0.331462, -0.49855, 0.35425, 0.049293]
[0.660808, 0.400223, -0.49966, 0.405921, 0.403912]
[0.282992, 0.44068, -0.499877, 0.434523, 0.25799]
[0.459224, 0.461192, -0.499634, 0.309152, 0.091549]
[0.5507, 0.221603, -0.498869, 0.439442, 0.352133]
[0.360641, 0.424425, -0.499136, 0.314767, 0.092472]
[0.344197, 0.152661, -0.499735, 0.317227, 0.22511]
[0.555549, 0.113261, -0.49916, 0.313509, 0.353228]
[0.273857, 0.449881, -0.498657, 0.372115, 0.26107]
[0.51311, 0.235567, -0.499847, 0.236587, 0.438518]
[0.676997, 0.133426, -0.499226, 0.293614, 0.037722]
[0.499638, 0.139446, -0.49902, 0.368049, 0.019496]
[0.495969, 0.377747, -0.498809, 0.391314, 0.25058]
[0.473728, 0.308939, -0.498764, 0.448971, 0.264638]
[0.515722, 0.399605, -0.499132, 0.233746, 0.143061]
[0.42591, 0.120621, -0.498522, 0.265165, 0.478675]
[0.474705, 0.368564, -0.499546, 0.487833, 0.494735]
[0.564437, 0.46249, -0.498872, 0.460637, 0.391756]
[0.487029, 0.188571, -0.499288, 0.24434, 0.187501]
[0.651089, 0.458895, -0.499355, 0.414199, 0.119055]
[0.666169, 0.289728, -0.499976, 0.244796, 0.353043]
[0.440614, 0.449108, -0.499316, 0.273183, 0.495745]
[0.663955, 0.251828, -0.498839, 0.254253, 0.448038]
[0.346562, 0.266868, -0.499794, 0.356903, 0.237644]
[0.55613, 0.193624, -0.498571, 0.277515, 0.49293]
[0.654252, 0.420238, -0.499487, 0.370441, 0.334442]
[0.464449, 0.373164, -0.499514, 0.273475, 0.032891]
[0.487445, 0.283959, -0.498577, 0.390766, 0.061704]
[0.447581, 0.26221, -0.499933, 0.417472, 0.425714]
[0.442674, 0.284716, -0.499477, 0.469678, 0.330406]
[0.277552, 0.359919, -0.49885, 0.400738, 0.423905]
[0.355767, 0.471708, -0.499005, 0.264203, 0.470315]
[0.460871, 0.151019, -0.499969, 0.406468, 0.302774]
[0.448158, 0.121046, -0.498953, 0.488458, 0.074924]
[0.271599, 0.118587, -0.49984, 0.408266, 0.361423]
[0.521463, 0.4906, -0.499137, 0.258482, 0.296894]
[0.318799, 0.351515, -0.499695, 0.270023, 0.140596]
[0.605511, 0.167048, -0.499308, 0.302596, 0.292925]
[0.503941, 0.206069, -0.499947, 0.392795, 0.232996]
[0.660814, 0.242135, -0.499921, 0.307923, 0.349765]
[0.294936, 0.20817, -0.499076, 0.364, 0.186582]
[0.59989, 0.192808, -0.498818, 0.333018, 0.405508]
[0.295482, 0.375757, -0.499723, 0.489492, 0.25527]
[0.543785, 0.455596, -0.498952, 0.439347, 0.071447]
[0.452862, 0.243081, -0.499144, 0.469315, 0.01512]
[0.630203, 0.30534, -0.499282, 0.446493, 0.347066]
[0.498044, 0.463333, -0.499533, 0.455047, 0.408213]
[0.390136, 0.449224, -0.498805, 0.236332, 0.193614]
[0.307796, 0.483148, -0.499281, 0.411703, 0.174119]
[0.595888, 0.243705, -0.499085, 0.342562, 0.407154]
[0.655725, 0.310599, -0.499705, 0.49122, 0.077457]
[0.320554, 0.178124, -0.498854, 0.479145, 0.114486]
[0.37515, 0.342138, -0.499599, 0.372791, 0.058776]
[0.593698, 0.178422, -0.49968, 0.233904, 0.04466]
[0.393537, 0.112531, -0.499013, 0.489649, 0.391503]
[0.422988, 0.475106, -0.499609, 0.4533, 0.267735]
[0.424164, 0.236793, -0.499375, 0.403508, 0.113178]
[0.676317, 0.288472, -0.499498, 0.328224, 0.259578]
[0.380978, 0.420902, -0.498816, 0.295246, 0.197556]
[0.459154, 0.310888, -0.499326, 0.236318, 0.018135]
[0.442348, 0.238419, -0.499178, 0.386498, 0.282328]
[0.606523, 0.462862, -0.498778, 0.466248, 0.302359]
[0.538268, 0.154295, -0.498876, 0.237488, 0.096782]
[0.384542, 0.480536, -0.49863, 0.460777, 0.408034]
[0.447007, 0.132641, -0.498497, 0.437681, 0.298529]
[0.638681, 0.111982, -0.499509, 0.483285, 0.035135]
[0.616774, 0.213163, -0.499748, 0.402329, 0.453087]
[0.508557, 0.163603, -0.499229, 0.241469, 0.382017]
[0.42887, 0.483024, -0.498828, 0.384278, 0.137242]
[0.617127, 0.429979, -0.498913, 0.366128, 0.430689]
[0.374163, 0.218179, -0.499265, 0.259945, 0.208113]
[0.342952, 0.312749, -0.499621, 0.34061, 0.215226]
[0.512628, 0.296486, -0.498544, 0.418818, 0.020921]
[0.403333, 0.236564, -0.498473, 0.339297, 0.32023]
[0.571257, 0.28192, -0.498783, 0.431861, 0.411979]
[0.530549, 0.150142, -0.499995, 0.455348, 0.277859]
[0.352049, 0.462016, -0.49921, 0.375804, 0.169483]
[0.431997, 0.177562, -0.499099, 0.455393, 0.407919]
[0.476297, 0.444573, -0.498999, 0.29906, 0.057956]
[0.499681, 0.417963, -0.49977, 0.257675, 0.240624]
[0.373942, 0.290114, -0.498579, 0.454598, 0.433547]
[0.665792, 0.374027, -0.499606, 0.320399, 0.39663]
[0.547881, 0.150657, -0.499888, 0.302713, 0.338532]
[0.351887, 0.444342, -0.499167, 0.248679, 0.234353]
[0.419724, 0.457664, -0.498971, 0.37864, 0.222647]
[0.2858, 0.432848, -0.499035, 0.399028, 0.278885]
[0.500413, 0.374881, -0.498472, 0.327626, 0.408143]
[0.641772, 0.388247, -0.499957, 0.441583, 0.244199]
[0.552911, 0.484564, -0.499879, 0.256847, 0.376808]
[0.405575, 0.121788, -0.49965, 0.288741, 0.364931]
[0.575243, 0.234452, -0.49983, 0.286467, 0.212669]
[0.35655, 0.205237, -0.499224, 0.443625, 0.190084]
[0.328421, 0.42495, -0.498678, 0.338337, 0.451619]
[0.446245, 0.132125, -0.499499, 0.358577, 0.342021]
[0.455562, 0.455443, -0.499353, 0.39035, 0.104691]
[0.398271, 0.428775, -0.499449, 0.48108, 0.246407]
[0.652625, 0.39933, -0.499727, 0.348446, 0.316548]
[0.357417, 0.125957, -0.499364, 0.243175, 0.119626]
[0.565602, 0.169689, -0.499436, 0.487925, 0.074624]
[0.375435, 0.28565, -0.499838, 0.400805, 0.450946]
[0.543002, 0.398941, -0.499957, 0.308225, 0.07683]
[0.493408, 0.192896, -0.499903, 0.418655, 0.329471]
[0.273839, 0.481002, -0.499299, 0.332048, 0.007454]
[0.618928, 0.381536, -0.498776, 0.288252, 0.124727]
[0.349267, 0.28808, -0.499528, 0.25581, 0.44678]
[0.506875, 0.258276, -0.498995, 0.44969, 0.107572]
[0.569327, 0.340558, -0.498443, 0.295868, 0.480491]
[0.626437, 0.111652, -0.499546, 0.381924, 0.330142]
[0.660505, 0.351292, -0.499761, 0.381715, 0.466849]
[0.671472, 0.236832, -0.499352, 0.387735, 0.455378]
[0.540169, 0.417038, -0.499313, 0.469177, 0.337567]
[0.273649, 0.283699, -0.499001, 0.274961, 0.232776]
[0.322041, 0.233131, -0.4996, 0.387559, 0.406237]
[0.415924, 0.295028, -0.499369, 0.394613, 0.11407]
[0.626381, 0.311138, -0.499077, 0.261871, 0.329105]
[0.460939, 0.379317, -0.498763, 0.33043, 0.318922]
[0.390723, 0.276793, -0.499547, 0.396674, 0.280023]
[0.586041, 0.367596, -0.499472, 0.227531, 0.405842]
[0.474257, 0.215942, -0.498725, 0.359922, 0.491428]
[0.615055, 0.46971, -0.49856, 0.345302, 0.423622]
[0.446991, 0.495732, -0.499975, 0.348391, 0.433273]
[0.558918, 0.409014, -0.499621, 0.34956, 0.147082]
[0.396441, 0.196399, -0.499941, 0.379901, 0.05911]
[0.431389, 0.289558, -0.49974, 0.251143, 0.497543]
[0.327354, 0.111609, -0.498417, 0.414485, 0.081331]
[0.583785, 0.387085, -0.499948, 0.342423, 0.442216]
[0.495775, 0.312668, -0.49943, 0.257381, 0.425157]
[0.506964, 0.358122, -0.499446, 0.273807, 0.490562]
[0.475855, 0.465802, -0.499039, 0.301011, 0.403564]
[0.625219, 0.435977, -0.499463, 0.257767, 0.019759]
[0.313292, 0.380634, -0.498894, 0.345804, 0.037607]
[0.410615, 0.321144, -0.499142, 0.343691, 0.212271]
[0.351068, 0.496421, -0.499728, 0.256131, 0.377755]
[0.561627, 0.245245, -0.499045, 0.328277, 0.079126]
[0.619367, 0.357573, -0.499741, 0.45746, 0.155155]
[0.41573, 0.46235, -0.499651, 0.318647, 0.335311]
[0.538526, 0.314203, -0.498418, 0.256154, 0.177123]
[0.307557, 0.293129, -0.499971, 0.261082, 0.399823]
[0.517418, 0.113992, -0.499402, 0.255008, 0.088571]
[0.678338, 0.337103, -0.499016, 0.344741, 0.146981]
[0.472426, 0.348006, -0.499261, 0.351514, 0.078278]
[0.44667, 0.167579, -0.498586, 0.255599, 0.004198]
[0.648296, 0.459566, -0.499516, 0.324828, 0.101908]
[0.600774, 0.315474, -0.499406, 0.439883, 0.294323]
[0.450288, 0.215609, -0.498994, 0.231792, 0.282336]
[0.302576, 0.379716, -0.498957, 0.247124, 0.222246]
[0.596062, 0.433975, -0.498423, 0.271111, 0.039054]
[0.359675, 0.443781, -0.498409, 0.415602, 0.411847]
[0.309234, 0.416835, -0.499378, 0.390355, 0.339681]
[0.630833, 0.1593, -0.499388, 0.235515, 0.210912]
[0.360891, 0.122984, -0.498605, 0.24075, 0.445618]
[0.525128, 0.398862, -0.498769, 0.329153, 0.189203]
[0.647998, 0.221646, -0.499637, 0.494541, 0.21634]
[0.400258, 0.386406, -0.499478, 0.45598, 0.397496]
[0.5493, 0.273755, -0.499898, 0.287133, 0.019049]
[0.500304, 0.309573, -0.499712, 0.357708, 0.293953]
[0.581262, 0.30829, -0.499014, 0.268773, 0.307451]
[0.476554, 0.341855, -0.499257, 0.407833, 0.489969]
[0.525491, 0.382527, -0.498722, 0.304094, 0.413701]
[0.538115, 0.444539, -0.498771, 0.480197, 0.348988]
[0.559418, 0.187458, -0.498435, 0.336541, 0.266661]
[0.645482, 0.26186, -0.498943, 0.403897, 0.466853]
[0.628063, 0.206578, -0.499883, 0.38454, 0.20292]
[0.675927, 0.433932, -0.499048, 0.407161, 0.093086]
[0.588946, 0.347438, -0.499474, 0.288419, 0.086771]
[0.348156, 0.392046, -0.499162, 0.482899, 0.385286]
[0.406437, 0.36992, -0.499789, 0.37986, 0.227763]
[0.58954, 0.433683, -0.499601, 0.452993, 0.439544]
[0.368887, 0.469527, -0.499522, 0.498263, 0.115278]
[0.438491, 0.453853, -0.499856, 0.409746, 0.470736]
[0.576222, 0.393647, -0.499687, 0.243962, 0.262335]
[0.552294, 0.342837, -0.499368, 0.32468, 0.337431]
[0.441158, 0.346551, -0.499438, 0.313083, 0.126982]
[0.310459, 0.244856, -0.499086, 0.462523, 0.152593]
[0.532702, 0.488865, -0.499469, 0.44614, 0.032795]
[0.664778, 0.16262, -0.499706, 0.332912, 0.106966]
[0.424291, 0.487384, -0.498704, 0.469978, 0.318133]
[0.48936, 0.450122, -0.499147, 0.467583, 0.027945]
[0.451058, 0.461385, -0.498816, 0.235838, 0.005147]
[0.291919, 0.24834, -0.499291, 0.266088, 0.043107]
[0.550308, 0.150217, -0.498972, 0.42123, 0.196851]
[0.506312, 0.260627, -0.499031, 0.483807, 0.140532]
[0.547403, 0.368152, -0.498995, 0.411334, 0.283245]
[0.332885, 0.233173, -0.499077, 0.462125, 0.065473]
[0.530622, 0.115658, -0.498586, 0.437091, 0.141075]
[0.316585, 0.388619, -0.498926, 0.463112, 0.388032]
[0.65164, 0.181695, -0.499197, 0.428512, 0.297597]
[0.300602, 0.339383, -0.498438, 0.240516, 0.199815]
[0.557712, 0.358885, -0.498794, 0.401986, 0.007237]
[0.410319, 0.160731, -0.498716, 0.258325, 0.498525]
[0.564074, 0.46894, -0.498646, 0.463371, 0.294861]
[0.671259, 0.341857, -0.499603, 0.382435, 0.349155]
[0.662041, 0.26927, -0.499139, 0.319365, 0.067923]
[0.556985, 0.457872, -0.499558, 0.329374, 0.266757]
[0.579726, 0.196697, -0.499153, 0.429829, 0.422418]
[0.432349, 0.207388, -0.498541, 0.417503, 0.17525]
[0.658601, 0.146272, -0.499616, 0.287042, 0.024889]
[0.407011, 0.12321, -0.4992, 0.417436, 0.024627]
[0.353889, 0.210905, -0.499842, 0.298586, 0.263222]
[0.544145, 0.327997, -0.498575, 0.286995, 0.176701]
[0.646727, 0.367644, -0.498806, 0.426272, 0.072466]
[0.521131, 0.322555, -0.498478, 0.284846, 0.292572]
[0.327759, 0.149186, -0.499446, 0.43644, 0.235726]
[0.358, 0.415154, -0.499123, 0.321593, 0.020195]
[0.416538, 0.246913, -0.498431, 0.436926, 0.354659]
[0.496245, 0.205285, -0.499483, 0.4631, 0.324531]
[0.521104, 0.253749, -0.498826, 0.384324, 0.070615]
[0.424151, 0.212085, -0.498643, 0.300861, 0.273611]
[0.562866, 0.354287, -0.498966, 0.238658, 0.395827]
[0.516374, 0.312494, -0.498834, 0.231544, 0.197061]
[0.315808, 0.132609, -0.498795, 0.258219, 0.208884]
[0.669485, 0.449317, -0.49962, 0.23306, 0.197889]
[0.430968, 0.334853, -0.499171, 0.357566, 0.113752]
[0.559578, 0.335561, -0.498938, 0.375629, 0.231946]
[0.422737, 0.230329, -0.498478, 0.293959, 0.069804]
[0.350578, 0.397394, -0.498977, 0.427376, 0.07544]
[0.588588, 0.305039, -0.499537, 0.499247, 0.345406]
[0.352586, 0.242178, -0.499971, 0.351269, 0.05352]
[0.410417, 0.209857, -0.499399, 0.438028, 0.303305]
[0.505062, 0.436033, -0.499462, 0.331775, 0.316249]
[0.673635, 0.487049, -0.499086, 0.285484, 0.033714]
[0.29718, 0.283072, -0.499716, 0.388566, 0.057177]
[0.298271, 0.367314, -0.499157, 0.354736, 0.328148]
[0.585347, 0.427981, -0.499026, 0.495976, 0.160268]
[0.34822, 0.433005, -0.499497, 0.441953, 0.424276]
[0.538973, 0.178068, -0.499071, 0.485912, 0.279425]
[0.439434, 0.135878, -0.498554, 0.409813, 0.384206]
[0.472868, 0.156163, -0.499241, 0.410144, 0.23318]
[0.431616, 0.15203, -0.49976, 0.324986, 0.413259]
[0.504717, 0.255023, -0.49991, 0.442968, 0.490161]
[0.288569, 0.443623, -0.499688, 0.460315, 0.053963]
[0.344694, 0.177031, -0.499195, 0.415144, 0.14818]
[0.432262, 0.129044, -0.499178, 0.357414, 0.016463]
[0.561499, 0.240674, -0.499083, 0.424249, 0.241119]
[0.592743, 0.365807, -0.499607, 0.467116, 0.405794]
[0.487428, 0.316872, -0.499661, 0.383292, 0.037333]
[0.551579, 0.315636, -0.499729, 0.382701, 0.389432]
[0.417624, 0.238175, -0.49902, 0.261455, 0.497273]
[0.563104, 0.127302, -0.499371, 0.371971, 0.204582]
[0.355328, 0.384062, -0.499261, 0.354244, 0.020648]
[0.377485, 0.367661, -0.499186, 0.302278, 0.403125]
[0.48239, 0.28097, -0.49872, 0.333076, 0.215247]
[0.546967, 0.490244, -0.499285, 0.471098, 0.02176]
[0.453021, 0.489984, -0.498898, 0.393538, 0.177425]
[0.309301, 0.360158, -0.499774, 0.260956, 0.173731]
[0.538328, 0.338855, -0.499688, 0.396354, 0.414362]
[0.506539, 0.496491, -0.499531, 0.392257, 0.383391]
[0.389268, 0.486548, -0.498596, 0.368876, 0.106986]
[0.412218, 0.471309, -0.499133, 0.346104, 0.499002]
[0.418189, 0.258816, -0.498709, 0.451328, 0.34342]
[0.576289, 0.411617, -0.499725, 0.354913, 0.047704]
[0.424933, 0.462125, -0.498607, 0.351217, 0.380352]
[0.443474, 0.412317, -0.498644, 0.317549, 0.433501]
[0.498582, 0.259303, -0.49906, 0.476946, 0.138019]
[0.446948, 0.352041, -0.499438, 0.448756, 0.149469]
[0.470229, 0.462797, -0.498697, 0.23276, 0.254126]
[0.532939, 0.160684, -0.499545, 0.375127, 0.155823]
[0.46888, 0.400289, -0.498448, 0.462522, 0.443479]
[0.463388, 0.366799, -0.499435, 0.290099, 0.06639]
[0.615986, 0.150065, -0.499961, 0.32408, 0.313558]
[0.503093, 0.276877, -0.498767, 0.472062, 0.056826]
[0.464867, 0.200356, -0.499267, 0.328276, 0.014468]
[0.274354, 0.286078, -0.499591, 0.355484, 0.117178]
[0.632415, 0.322433, -0.499143, 0.289585, 0.405547]
[0.289316, 0.113582, -0.499876, 0.347925, 0.083447]
[0.645262, 0.307913, -0.499512, 0.329604, 0.159118]
[0.405365, 0.231066, -0.498448, 0.324579, 0.12997]
[0.561121, 0.12927, -0.498687, 0.434777, 0.084911]
[0.579003, 0.223944, -0.498579, 0.232275, 0.220334]
[0.404915, 0.334778, -0.499399, 0.343936, 0.030046]
[0.581767, 0.18604, -0.499914, 0.325182, 0.359199]
[0.666808, 0.322054, -0.498888, 0.49837, 0.20407]
[0.407808, 0.360604, -0.49889, 0.363337, 0.2809]
[0.643873, 0.335353, -0.498816, 0.357241, 0.264517]
[0.307455, 0.436727, -0.499862, 0.271771, 0.240573]
[0.649211, 0.23594, -0.499016, 0.41627, 0.402101]
[0.311677, 0.326655, -0.499247, 0.482323, 0.282517]
[0.520273, 0.261804, -0.499207, 0.270142, 0.221627]
[0.614812, 0.306948, -0.49947, 0.391917, 0.122203]
[0.570334, 0.27107, -0.499441, 0.481651, 0.019141]
[0.588102, 0.301863, -0.498838, 0.25943, 0.408556]
[0.675072, 0.165675, -0.4995, 0.492882, 0.008113]
[0.675492, 0.267945, -0.499634, 0.401618, 0.17138]
[0.339028, 0.448907, -0.499966, 0.279732, 0.455691]
[0.445734, 0.122165, -0.499215, 0.492785, 0.364768]
[0.394598, 0.415838, -0.499487, 0.451462, 0.143212]
[0.429406, 0.482385, -0.499919, 0.498779, 0.208751]
[0.508641, 0.222708, -0.499035, 0.41512, 0.247033]
[0.317024, 0.466969, -0.499125, 0.345538, 0.282354]
[0.518716, 0.142841, -0.499103, 0.297876, 0.021002]
[0.492209, 0.336006, -0.498894, 0.271534, 0.462018]
[0.671654, 0.307499, -0.499413, 0.373735, 0.169297]
[0.668537, 0.279491, -0.498882, 0.263708, 0.350444]
[0.506805, 0.466807, -0.499959, 0.269443, 0.139104]
[0.394468, 0.347869, -0.499812, 0.377842, 0.423164]
[0.399642, 0.441353, -0.499323, 0.414859, 0.409554]
[0.675091, 0.389174, -0.498628, 0.371093, 0.083731]
[0.475779, 0.236392, -0.499234, 0.42918, 0.156422]
[0.468838, 0.208635, -0.499418, 0.35916, 0.380167]
[0.571638, 0.391811, -0.498908, 0.482118, 0.047547]
[0.32255, 0.423449, -0.499592, 0.386326, 0.239187]
[0.412783, 0.499231, -0.49864, 0.250781, 0.259313]
[0.505079, 0.124424, -0.498546, 0.345727, 0.035081]
[0.651622, 0.377215, -0.498863, 0.412339, 0.325615]
[0.569178, 0.336471, -0.498775, 0.497778, 0.492786]
[0.274544, 0.39109, -0.49999, 0.280254, 0.080164]
[0.485065, 0.258953, -0.499185, 0.362345, 0.402181]
[0.477868, 0.401729, -0.499737, 0.43743, 0.259981]
[0.533464, 0.259677, -0.499405, 0.322444, 0.022505]
[0.330718, 0.149804, -0.498991, 0.274491, 0.068876]
[0.2845, 0.229976, -0.499942, 0.305942, 0.011519]
[0.631196, 0.376633, -0.498788, 0.349047, 0.12983]
[0.342295, 0.399419, -0.498673, 0.407544, 0.428418]
[0.337541, 0.45551, -0.498423, 0.436323, 0.321157]
[0.397515, 0.347923, -0.498672, 0.380179, 0.007605]
[0.624344, 0.372886, -0.498834, 0.322106, 0.485675]
[0.481292, 0.289634, -0.498825, 0.387919, 0.102238]
[0.645278, 0.470941, -0.499748, 0.389025, 0.264013]
[0.335977, 0.354057, -0.499399, 0.264614, 0.058115]
[0.554919, 0.357414, -0.498497, 0.404393, 0.047041]
[0.340516, 0.196511, -0.499969, 0.291766, 0.483286]
[0.444783, 0.395741, -0.498866, 0.275659, 0.136058]
[0.373223, 0.325305, -0.499362, 0.377845, 0.244809]
[0.48374, 0.128, -0.499299, 0.428883, 0.058805]
[0.487442, 0.392878, -0.499542, 0.477351, 0.328207]
[0.635491, 0.157085, -0.498669, 0.417102, 0.389525]
[0.30418, 0.289383, -0.499425, 0.23481, 0.488782]
[0.568082, 0.49464, -0.499632, 0.419885, 0.025399]
[0.576069, 0.270277, -0.499876, 0.359492, 0.139275]
[0.644728, 0.391991, -0.49999, 0.279312, 0.248444]
[0.645936, 0.382324, -0.499944, 0.233878, 0.435422]
[0.395372, 0.229759, -0.499533, 0.344893, 0.412383]
[0.345353, 0.307143, -0.498445, 0.296096, 0.018499]
[0.374985, 0.204879, -0.498997, 0.356384, 0.134027]
[0.531465, 0.470458, -0.49972, 0.266408, 0.069499]
[0.439241, 0.126471, -0.499049, 0.359223, 0.158335]
[0.278469, 0.407724, -0.499456, 0.300363, 0.132251]
[0.276495, 0.387211, -0.499737, 0.346204, 0.211273]
[0.503317, 0.3002, -0.499659, 0.247855, 0.013604]
[0.558565, 0.242215, -0.498444, 0.371426, 0.480798]
[0.504252, 0.392706, -0.498708, 0.271185, 0.474322]
[0.341231, 0.190034, -0.498822, 0.256003, 0.303237]
[0.527527, 0.388617, -0.499376, 0.274967, 0.259042]
[0.492224, 0.29403, -0.498752, 0.437952, 0.346386]
[0.607179, 0.272007, -0.498476, 0.260619, 0.028933]
[0.43764, 0.170572, -0.499272, 0.344805, 0.302272]
[0.467277, 0.207916, -0.499313, 0.412907, 0.271815]
[0.472857, 0.293315, -0.498636, 0.35104, 0.114116]
[0.356501, 0.434223, -0.499439, 0.308012, 0.295352]
[0.374115, 0.423567, -0.49986, 0.486135, 0.494443]
[0.358045, 0.278903, -0.499099, 0.300825, 0.21649]
[0.301496, 0.112202, -0.498988, 0.316896, 0.003103]
[0.439871, 0.214903, -0.498956, 0.28459, 0.337706]
[0.650249, 0.207504, -0.499471, 0.345337, 0.141258]
[0.60793, 0.257841, -0.499293, 0.258035, 0.390347]
[0.345515, 0.399417, -0.499275, 0.487563, 0.350495]
[0.305961, 0.279797, -0.498684, 0.294158, 0.20488]
[0.61294, 0.144275, -0.499505, 0.401828, 0.090117]
[0.663022, 0.274621, -0.498893, 0.338135, 0.19669]
[0.466108, 0.220668, -0.499949, 0.244453, 0.102902]
[0.347081, 0.451225, -0.499749, 0.271711, 0.454527]
[0.328027, 0.166183, -0.499444, 0.440571, 0.261065]
[0.464564, 0.288269, -0.499754, 0.365886, 0.179866]
[0.541996, 0.385627, -0.499221, 0.435638, 0.162776]
[0.592282, 0.323133, -0.499968, 0.465413, 0.163333]
[0.341306, 0.309944, -0.49872, 0.452916, 0.213513]
[0.30081, 0.322722, -0.499853, 0.3166, 0.12281]
[0.302946, 0.266401, -0.499337, 0.245568, 0.33383]
[0.598077, 0.13987, -0.499498, 0.368113, 0.266765]
[0.35522, 0.319301, -0.499002, 0.471523, 0.469892]
[0.408915, 0.364826, -0.498622, 0.486855, 0.301037]
[0.45503, 0.363793, -0.499619, 0.416711, 0.37174]
[0.418771, 0.228542, -0.499597, 0.386718, 0.380039]
[0.389264, 0.166263, -0.498529, 0.373098, 0.298063]
[0.556293, 0.433407, -0.499998, 0.291637, 0.161873]
[0.304783, 0.287804, -0.499662, 0.455297, 0.129807]
[0.639342, 0.254794, -0.49966, 0.416708, 0.310434]
[0.639497, 0.179262, -0.499302, 0.242646, 0.162431]
[0.585737, 0.117779, -0.498953, 0.466941, 0.22669]
[0.378135, 0.164318, -0.499346, 0.445363, 0.48172]
[0.579879, 0.179548, -0.498409, 0.238401, 0.051235]
[0.586613, 0.275432, -0.499457, 0.477195, 0.401125]
[0.30925, 0.319801, -0.49856, 0.497425, 0.342027]
[0.62132, 0.231836, -0.498933, 0.489784, 0.260217]
[0.315551, 0.327354, -0.499263, 0.263634, 0.307233]
[0.287364, 0.452692, -0.499391, 0.359655, 0.186514]
[0.621906, 0.454446, -0.498894, 0.477043, 0.283919]
[0.36505, 0.242572, -0.499522, 0.347954, 0.353979]
[0.637645, 0.393381, -0.498668, 0.392313, 0.392158]
[0.638019, 0.374706, -0.49978, 0.296704, 0.366238]
[0.675679, 0.125508, -0.49897, 0.406094, 0.378426]
[0.533754, 0.122014, -0.498678, 0.47497, 0.228828]
[0.608288, 0.265073, -0.499257, 0.250296, 0.169698]
[0.593839, 0.37217, -0.499625, 0.303068, 0.269123]
[0.448973, 0.266447, -0.498442, 0.382809, 0.498461]
[0.520401, 0.199117, -0.499891, 0.487435, 0.076834]
[0.387226, 0.443527, -0.498909, 0.320635, 0.290407]
[0.646964, 0.446041, -0.499347, 0.374609, 0.288748]
[0.403111, 0.32462, -0.499443, 0.373, 0.289795]
[0.642671, 0.47794, -0.499877, 0.279908, 0.068929]
[0.484008, 0.493299, -0.499182, 0.371025, 0.251149]
[0.511376, 0.238232, -0.499953, 0.263056, 0.077304]
[0.456249, 0.399204, -0.499086, 0.47031, 0.007975]
[0.341207, 0.322061, -0.498946, 0.443904, 0.240625]
[0.443556, 0.332281, -0.499034, 0.430521, 0.108231]
[0.470059, 0.151397, -0.499871, 0.443673, 0.277305]
[0.453239, 0.320774, -0.498977, 0.383098, 0.28974]
[0.326906, 0.169969, -0.499474, 0.250256, 0.175647]
[0.296984, 0.149573, -0.499718, 0.327307, 0.220889]
[0.621857, 0.48256, -0.49871, 0.454389, 0.484237]
[0.591832, 0.37037, -0.499665, 0.491762, 0.365081]
[0.335985, 0.231761, -0.499861, 0.391559, 0.259075]
[0.574608, 0.173243, -0.499353, 0.323183, 0.14742]
[0.355939, 0.475759, -0.499863, 0.479303, 0.404686]
[0.291109, 0.486544, -0.499783, 0.404933, 0.448267]
[0.554805, 0.325049, -0.499307, 0.481328, 0.480841]
[0.566427, 0.218924, -0.498704, 0.283465, 0.434661]
[0.620629, 0.184554, -0.499426, 0.368385, 0.108654]
[0.585235, 0.237588, -0.499292, 0.262338, 0.438374]
[0.640521, 0.252922, -0.49882, 0.256015, 0.091631]
[0.313484, 0.261479, -0.499073, 0.31401, 0.327618]
[0.537466, 0.403942, -0.499269, 0.23, 0.049755]
[0.315223, 0.279, -0.499262, 0.3868, 0.333729]
[0.443821, 0.486689, -0.499166, 0.276276, 0.490566]
[0.636525, 0.287687, -0.498618, 0.399513, 0.287202]
[0.494813, 0.350843, -0.49938, 0.412422, 0.270555]
[0.489824, 0.290412, -0.498848, 0.450949, 0.484231]
[0.551859, 0.352477, -0.499463, 0.336474, 0.251475]
[0.58428, 0.463113, -0.49923, 0.425872, 0.012616]
[0.675604, 0.209572, -0.498484, 0.310419, 0.467967]
[0.337507, 0.258345, -0.499573, 0.249586, 0.168031]
[0.301662, 0.23019, -0.49949, 0.367968, 0.289367]
[0.379288, 0.144391, -0.498774, 0.292953, 0.272806]
[0.29142, 0.209481, -0.499023, 0.407577, 0.209414]
[0.288017, 0.154413, -0.498937, 0.45462, 0.00833]
[0.453642, 0.282096, -0.499674, 0.450527, 0.161564]
[0.275915, 0.254102, -0.499121, 0.465242, 0.389407]
[0.455337, 0.3739, -0.499444, 0.288357, 0.137446]
[0.430733, 0.245519, -0.499612, 0.413064, 0.016119]
[0.484547, 0.403959, -0.49878, 0.237113, 0.491572]
[0.588646, 0.3653, -0.498654, 0.464474, 0.491985]
[0.33351, 0.31806, -0.498936, 0.492096, 0.013053]
[0.515428, 0.26225, -0.49849, 0.307188, 0.306636]
[0.406037, 0.489159, -0.498525, 0.240081, 0.165847]
[0.485313, 0.111774, -0.499908, 0.441888, 0.062795]
[0.658868, 0.207444, -0.499831, 0.473351, 0.210927]
[0.63047, 0.354537, -0.498792, 0.424613, 0.241116]
[0.559737, 0.125543, -0.49919, 0.493828, 0.084594]
[0.616277, 0.268414, -0.498432, 0.421019, 0.46258]
[0.509552, 0.149629, -0.49865, 0.325842, 0.455804]
[0.65207, 0.194067, -0.499453, 0.279119, 0.321687]
[0.392015, 0.314693, -0.49885, 0.46755, 0.395347]
[0.553024, 0.424979, -0.499033, 0.394371, 0.442324]
[0.332125, 0.446827, -0.49867, 0.446833, 0.159]
[0.661983, 0.396552, -0.499554, 0.435489, 0.361926]
[0.325367, 0.159382, -0.499556, 0.413914, 0.257639]
[0.642033, 0.241234, -0.499114, 0.421605, 0.405023]
[0.407309, 0.192104, -0.498923, 0.443472, 0.318934]
[0.340953, 0.285348, -0.499608, 0.462608, 0.421475]
[0.565994, 0.136998, -0.499633, 0.334705, 0.276183]
[0.552735, 0.416773, -0.498832, 0.294488, 0.057319]
[0.518061, 0.297193, -0.498807, 0.321726, 0.207277]
[0.507012, 0.469412, -0.498935, 0.42072, 0.155221]
[0.614511, 0.21679, -0.498942, 0.332455, 0.111263]
[0.572726, 0.342746, -0.498836, 0.429118, 0.152928]
[0.440287, 0.139533, -0.499055, 0.273189, 0.153403]
[0.458557, 0.391319, -0.498953, 0.470328, 0.162942]
[0.621545, 0.164322, -0.499975, 0.47673, 0.282103]
[0.427222, 0.318922, -0.49887, 0.49683, 0.286867]
[0.523202, 0.33774, -0.498777, 0.301119, 0.144844]
[0.514442, 0.308914, -0.499283, 0.246403, 0.153821]
[0.567811, 0.222566, -0.498955, 0.362616, 0.267434]
[0.479935, 0.130215, -0.499791, 0.359645, 0.18595]
[0.279411, 0.130877, -0.499038, 0.28074, 0.095821]
[0.585962, 0.379761, -0.498755, 0.384804, 0.06437]
[0.407785, 0.426162, -0.499581, 0.380248, 0.237833]
[0.664209, 0.327323, -0.498532, 0.430579, 0.313666]
[0.482522, 0.289128, -0.498647, 0.481186, 0.111402]
[0.418446, 0.337627, -0.499841, 0.401045, 0.417788]
[0.659394, 0.332508, -0.498937, 0.31554, 0.464782]
[0.321507, 0.466802, -0.498632, 0.285536, 0.219521]
[0.494273, 0.431374, -0.498463, 0.265721, 0.145532]
[0.573506, 0.167292, -0.499605, 0.470042, 0.209061]
[0.301186, 0.467107, -0.498551, 0.228292, 0.037365]
[0.434439, 0.225478, -0.499769, 0.27847, 0.002243]
[0.577028, 0.163042, -0.49932, 0.239823, 0.232647]
[0.31842, 0.344608, -0.499966, 0.321776, 0.4379]
[0.610227, 0.296551, -0.498831, 0.480112, 0.487294]
[0.388051, 0.194404, -0.498585, 0.388871, 0.120954]
[0.33311, 0.261347, -0.498721, 0.472326, 0.359132]
[0.38015, 0.348007, -0.499504, 0.230294, 0.081719]
[0.644761, 0.119762, -0.499407, 0.369248, 0.01112]
[0.506702, 0.262721, -0.499925, 0.273496, 0.054786]
[0.357333, 0.326262, -0.498668, 0.456034, 0.220676]
[0.322402, 0.464949, -0.498666, 0.394461, 0.466364]
[0.522981, 0.458382, -0.499306, 0.360556, 0.476104]
[0.282885, 0.189082, -0.499254, 0.296011, 0.295817]
[0.273491, 0.148073, -0.499961, 0.371229, 0.317238]
[0.494528, 0.343699, -0.499004, 0.41637, 0.130323]
[0.514469, 0.278969, -0.498409, 0.366979, 0.075697]
[0.40463, 0.436803, -0.499891, 0.314362, 0.026931]
[0.546314, 0.280323, -0.498492, 0.302065, 0.304053]
[0.492902, 0.242722, -0.499179, 0.475054, 0.439845]
[0.530937, 0.443902, -0.499904, 0.255389, 0.241474]
[0.588871, 0.162318, -0.499821, 0.491792, 0.361577]
[0.364181, 0.185356, -0.499513, 0.458107, 0.041811]
[0.664826, 0.367643, -0.499892, 0.240061, 0.45173]
[0.6394, 0.297832, -0.499533, 0.425558, 0.260732]
[0.484102, 0.380034, -0.498513, 0.482145, 0.322333]
[0.280659, 0.113244, -0.498928, 0.334565, 0.36118]
[0.384075, 0.451143, -0.498537, 0.255231, 0.462779]
[0.305259, 0.255406, -0.49991, 0.481222, 0.303184]
[0.342175, 0.405849, -0.498613, 0.459111, 0.333524]
[0.277764, 0.199946, -0.499001, 0.424142, 0.108574]
[0.433953, 0.120216, -0.498545, 0.418242, 0.137801]
[0.471999, 0.346224, -0.49963, 0.248907, 0.352095]
[0.414897, 0.404036, -0.498701, 0.471513, 0.400219]
[0.487849, 0.184376, -0.499962, 0.392862, 0.050157]
[0.64034, 0.28224, -0.499356, 0.368828, 0.389501]
[0.399676, 0.372215, -0.499666, 0.309246, 0.007331]
[0.292865, 0.293049, -0.499338, 0.464556, 0.345425]
[0.321058, 0.30345, -0.499203, 0.40733, 0.263395]
[0.317828, 0.288398, -0.49869, 0.353858, 0.228771]
[0.522146, 0.46547, -0.499904, 0.373659, 0.465382]
[0.438522, 0.376188, -0.499014, 0.455391, 0.314413]
[0.569168, 0.324415, -0.499229, 0.496292, 0.243742]
[0.643838, 0.179396, -0.499295, 0.3998, 0.472536]
[0.448424, 0.457527, -0.4987, 0.354466, 0.305148]
[0.282445, 0.186538, -0.498682, 0.403424, 0.027875]
[0.313198, 0.15873, -0.499295, 0.266073, 0.302829]
[0.337151, 0.280077, -0.499739, 0.332697, 0.089889]
[0.537424, 0.397952, -0.498429, 0.349007, 0.366481]
[0.313851, 0.233718, -0.498939, 0.307018, 0.139831]
[0.489345, 0.20828, -0.499404, 0.303622, 0.241073]
[0.471783, 0.394552, -0.498872, 0.35232, 0.411752]
[0.515838, 0.218785, -0.499931, 0.44016, 0.220862]
[0.509103, 0.421732, -0.49975, 0.240896, 0.273987]
[0.399361, 0.219132, -0.498783, 0.439122, 0.011066]
[0.537796, 0.300531, -0.499933, 0.24773, 0.161417]
[0.303911, 0.369578, -0.499392, 0.311111, 0.021532]
[0.645106, 0.28137, -0.498483, 0.491593, 0.458599]
[0.664289, 0.377499, -0.49973, 0.287168, 0.272528]
[0.329443, 0.352576, -0.498454, 0.385428, 0.390544]
[0.505476, 0.277474, -0.498646, 0.273052, 0.431016]
[0.61509, 0.124214, -0.499668, 0.263223, 0.339346]
[0.294931, 0.31222, -0.498943, 0.2768, 0.114975]
[0.571313, 0.206109, -0.498583, 0.445277, 0.000848]
[0.34277, 0.327731, -0.499297, 0.250817, 0.087574]
[0.495053, 0.172491, -0.499275, 0.284269, 0.148423]
[0.309192, 0.255747, -0.499614, 0.384706, 0.074315]
[0.394495, 0.34554, -0.499893, 0.315284, 0.457792]
[0.610719, 0.331356, -0.499392, 0.395594, 0.359191]
[0.546707, 0.119876, -0.499228, 0.401483, 0.202409]
[0.322338, 0.188459, -0.499533, 0.237378, 0.39721]
[0.463439, 0.450657, -0.499548, 0.380351, 0.031224]
[0.562417, 0.153933, -0.499124, 0.400046, 0.255204]
[0.53226, 0.229591, -0.499809, 0.258928, 0.171606]
[0.640753, 0.190314, -0.499567, 0.438342, 0.435976]
[0.652344, 0.461722, -0.499607, 0.264482, 0.452859]
[0.593749, 0.200982, -0.498485, 0.426652, 0.443484]
[0.306062, 0.446625, -0.499974, 0.404393, 0.30449]
[0.537251, 0.270722, -0.499571, 0.309307, 0.303425]
[0.336734, 0.188913, -0.499854, 0.396491, 0.226459]
[0.463768, 0.342489, -0.499315, 0.490966, 0.426644]
[0.488322, 0.418579, -0.498409, 0.398723, 0.142389]
[0.269386, 0.267638, -0.499375, 0.473974, 0.454992]
[0.464657, 0.490997, -0.499136, 0.32772, 0.477704]
[0.668603, 0.300628, -0.498868, 0.26613, 0.394146]
[0.274235, 0.358887, -0.499631, 0.481791, 0.32488]
[0.593032, 0.425698, -0.498683, 0.380645, 0.45542]
[0.296953, 0.415349, -0.499766, 0.248961, 0.008578]
[0.655322, 0.136701, -0.498799, 0.239346, 0.404341]
[0.410676, 0.397451, -0.498952, 0.439556, 0.135629]
[0.672067, 0.344483, -0.499728, 0.49314, 0.076226]
[0.275511, 0.450738, -0.498579, 0.240152, 0.399739]
[0.618861, 0.287511, -0.499381, 0.301341, 0.06367]
[0.280709, 0.112361, -0.499643, 0.341523, 0.007303]
[0.548835, 0.409823, -0.499587, 0.237892, 0.02541]
[0.374204, 0.194078, -0.4995, 0.328778, 0.45862]
[0.287812, 0.298192, -0.499478, 0.335811, 0.236295]
[0.287958, 0.379571, -0.499787, 0.442035, 0.054793]
[0.405122, 0.157626, -0.498473, 0.379567, 0.315977]
[0.335118, 0.159304, -0.498594, 0.296657, 0.05511]
[0.668956, 0.278883, -0.499638, 0.296614, 0.199081]
[0.522088, 0.362378, -0.499658, 0.452693, 0.036743]
[0.528087, 0.363252, -0.499897, 0.356525, 0.198121]
[0.576211, 0.269662, -0.499364, 0.411083, 0.277518]
[0.479995, 0.1139, -0.499618, 0.423727, 0.253786]
[0.339327, 0.152513, -0.498585, 0.264607, 0.337049]
[0.308106, 0.478946, -0.499138, 0.413381, 0.090691]
[0.288475, 0.168293, -0.499236, 0.345036, 0.477354]
[0.468611, 0.384369, -0.49921, 0.324107, 0.092184]
[0.383118, 0.191633, -0.498939, 0.374763, 0.128287]
[0.327828, 0.354623, -0.498753, 0.323389, 0.334427]
[0.499078, 0.162893, -0.499317, 0.418677, 0.147451]
[0.468834, 0.271109, -0.498708, 0.406818, 0.27943]
[0.33099, 0.223516, -0.499164, 0.467152, 0.474583]
[0.628366, 0.112663, -0.499443, 0.262931, 0.321842]
[0.569842, 0.317431, -0.499667, 0.26523, 0.139061]
[0.451839, 0.173771, -0.49936, 0.450656, 0.371216]
[0.63073, 0.112193, -0.499178, 0.339924, 0.337271]
[0.360079, 0.192719, -0.498705, 0.294876, 0.148592]
[0.395965, 0.485455, -0.49903, 0.229506, 0.326454]
[0.494325, 0.195792, -0.498456, 0.238372, 0.382082]
[0.485218, 0.233903, -0.499024, 0.437153, 0.12145]
[0.527346, 0.157429, -0.499006, 0.421979, 0.456698]
[0.459276, 0.354543, -0.498896, 0.361145, 0.090002]
[0.497655, 0.285142, -0.499058, 0.301892, 0.485211]
[0.539443, 0.193508, -0.499824, 0.456963, 0.387794]
[0.409409, 0.451959, -0.498763, 0.443289, 0.412964]
[0.592858, 0.203271, -0.498608, 0.358791, 0.24263]
[0.522663, 0.131481, -0.499729, 0.329846, 0.169237]
[0.579756, 0.27113, -0.499076, 0.423244, 0.467664]
[0.318061, 0.49589, -0.499324, 0.467049, 0.060868]
[0.556008, 0.165539, -0.498766, 0.477242, 0.065494]
[0.667978, 0.415215, -0.498813, 0.328505, 0.178637]
[0.675273, 0.247974, -0.499433, 0.461511, 0.144069]
[0.388929, 0.358508, -0.499071, 0.462893, 0.191188]
[0.661423, 0.19635, -0.499186, 0.415338, 0.448646]
[0.355833, 0.355464, -0.499451, 0.406704, 0.288017]
[0.38364, 0.437087, -0.499323, 0.482964, 0.461333]
[0.295179, 0.205968, -0.499596, 0.393833, 0.283809]
[0.644903, 0.361658, -0.499002, 0.334813, 0.436578]
[0.356596, 0.466177, -0.499913, 0.401428, 0.493379]
[0.517917, 0.132797, -0.499321, 0.41425, 0.100745]
[0.472542, 0.423285, -0.499393, 0.441454, 0.407966]
[0.648222, 0.40657, -0.499468, 0.261827, 0.38443]
[0.466128, 0.115164, -0.499042, 0.464113, 0.136538]
[0.55669, 0.351042, -0.498517, 0.373601, 0.199571]
[0.489709, 0.386289, -0.498886, 0.324295, 0.386176]
[0.308746, 0.262747, -0.499083, 0.475119, 0.403617]
[0.475879, 0.140969, -0.498506, 0.427267, 0.207956]
[0.446393, 0.384993, -0.499943, 0.470767, 0.406619]
[0.670625, 0.424089, -0.499553, 0.443219, 0.211073]
[0.569174, 0.219471, -0.499067, 0.337938, 0.236017]
[0.647244, 0.194305, -0.498531, 0.367218, 0.367094]
[0.394974, 0.448401, -0.499885, 0.48405, 0.057503]
[0.65991, 0.16478, -0.499416, 0.458888, 0.23904]
[0.644357, 0.47988, -0.498832, 0.285647, 0.466231]
[0.394456, 0.169651, -0.499185, 0.456125, 0.494892]
[0.327729, 0.112379, -0.499481, 0.32272, 0.312472]
[0.285034, 0.183759, -0.499059, 0.443499, 0.239835]
[0.508996, 0.147042, -0.499685, 0.306106, 0.352897]
[0.527463, 0.140444, -0.498621, 0.276077, 0.032856]
[0.338811, 0.406384, -0.49955, 0.391307, 0.096099]
[0.524389, 0.455929, -0.499098, 0.261433, 0.118675]
[0.552322, 0.271093, -0.499473, 0.333266, 0.475915]
[0.364671, 0.311892, -0.499078, 0.439815, 0.257341]
[0.400568, 0.189835, -0.499777, 0.312912, 0.485709]
[0.647046, 0.430235, -0.499368, 0.362374, 0.126841]
[0.649796, 0.117563, -0.499265, 0.324133, 0.173202]
[0.518197, 0.190125, -0.499094, 0.442088, 0.426367]
[0.611198, 0.474439, -0.499105, 0.364524, 0.189534]
[0.390528, 0.127341, -0.498851, 0.432429, 0.292577]
[0.406086, 0.385193, -0.498805, 0.487263, 0.447778]
[0.599163, 0.44525, -0.499326, 0.473795, 0.038819]
[0.670849, 0.329084, -0.49976, 0.297858, 0.160978]
[0.346992, 0.199793, -0.49981, 0.289166, 0.303899]
[0.404149, 0.228405, -0.499524, 0.245811, 0.355829]
[0.477098, 0.389768, -0.499609, 0.358292, 0.355303]
[0.59581, 0.234983, -0.499562, 0.244973, 0.407703]
[0.450765, 0.465759, -0.498922, 0.365933, 0.129827]
[0.393162, 0.135882, -0.499796, 0.386637, 0.171488]
[0.326155, 0.33872, -0.49993, 0.345584, 0.073219]
[0.512937, 0.130588, -0.498555, 0.405166, 0.292651]
[0.560528, 0.448009, -0.499935, 0.279592, 0.324989]
[0.273171, 0.250502, -0.498626, 0.348499, 0.182544]
[0.63846, 0.239911, -0.499571, 0.408314, 0.164894]
[0.313007, 0.259601, -0.499844, 0.316406, 0.191178]
[0.562157, 0.417928, -0.499324, 0.275954, 0.132215]
[0.590338, 0.402906, -0.498772, 0.4582, 0.056928]
[0.339191, 0.370696, -0.498698, 0.321402, 0.472805]
[0.64502, 0.223806, -0.499499, 0.437745, 0.019963]
[0.458297, 0.219895, -0.499909, 0.345748, 0.385893]
[0.645599, 0.462263, -0.499915, 0.48744, 0.455861]
[0.523152, 0.460503, -0.498482, 0.23098, 0.158119]
[0.415825, 0.431054, -0.499744, 0.488291, 0.100386]
[0.629435, 0.354784, -0.498609, 0.249112, 0.275517]
[0.468346, 0.248607, -0.498924, 0.430265, 0.260938]
[0.678827, 0.155002, -0.499651, 0.227691, 0.394421]
[0.665675, 0.222665, -0.498829, 0.295506, 0.116091]
[0.677902, 0.49428, -0.499291, 0.442565, 0.249492]
[0.503977, 0.365516, -0.499916, 0.377501, 0.360918]
[0.603651, 0.413518, -0.499, 0.433484, 0.349463]
[0.458325, 0.350908, -0.49938, 0.265491, 0.427424]
[0.45167, 0.338199, -0.49995, 0.343294, 0.364601]
[0.378333, 0.117178, -0.499543, 0.474093, 0.415688]
[0.401875, 0.304412, -0.498478, 0.402532, 0.270818]
[0.46187, 0.144157, -0.498848, 0.427539, 0.439811]
[0.558967, 0.310837, -0.499287, 0.38853, 0.494698]
[0.612769, 0.294697, -0.499679, 0.390784, 0.309956]
[0.559266, 0.475901, -0.499191, 0.338788, 0.178407]
[0.335511, 0.452282, -0.499404, 0.353866, 0.060184]
[0.564296, 0.442528, -0.498759, 0.29882, 0.125523]
[0.310652, 0.221699, -0.499307, 0.458523, 0.269442]
[0.49193, 0.318456, -0.499918, 0.256715, 0.199271]
[0.553849, 0.450156, -0.499978, 0.252122, 0.298875]
[0.380763, 0.435803, -0.498837, 0.309801, 0.233972]
[0.615771, 0.234303, -0.499479, 0.468368, 0.122321]
[0.474897, 0.422924, -0.499362, 0.356374, 0.008071]
[0.452254, 0.368883, -0.499823, 0.427593, 0.483754]
[0.286512, 0.396273, -0.498867, 0.332896, 0.303205]
[0.603648, 0.365734, -0.498887, 0.315993, 0.223306]
[0.53788, 0.208494, -0.499952, 0.376114, 0.409941]
[0.667548, 0.212306, -0.499288, 0.296446, 0.376525]
[0.446335, 0.267061, -0.49887, 0.497062, 0.414984]
[0.426336, 0.162437, -0.49953, 0.379119, 0.398752]
[0.316794, 0.196427, -0.498614, 0.432261, 0.079885]
[0.576308, 0.416693, -0.499395, 0.428966, 0.168653]
[0.610664, 0.168898, -0.499533, 0.409287, 0.343633]
[0.400958, 0.362494, -0.499931, 0.347495, 0.38891]
[0.482686, 0.142142, -0.498546, 0.471623, 0.491556]
[0.283842, 0.244793, -0.49931, 0.494022, 0.490852]
[0.334497, 0.46988, -0.499187, 0.448286, 0.046012]
[0.66464, 0.313989, -0.499574, 0.337236, 0.061912]
[0.633292, 0.297701, -0.498909, 0.425611, 0.152039]
[0.479719, 0.452671, -0.498482, 0.46673, 0.267795]
[0.642837, 0.373108, -0.498483, 0.452728, 0.376814]
[0.629635, 0.182122, -0.498433, 0.336704, 0.48664]
[0.417679, 0.165166, -0.499713, 0.2852, 0.374388]
[0.290916, 0.291115, -0.49986, 0.258927, 0.334858]
[0.28173, 0.411024, -0.499009, 0.299012, 0.163973]
[0.384642, 0.247709, -0.498551, 0.309389, 0.385808]
[0.410716, 0.496276, -0.498485, 0.44402, 0.363838]
[0.571705, 0.16965, -0.499408, 0.398616, 0.143337]
[0.333951, 0.470996, -0.499722, 0.437322, 0.016594]
[0.348231, 0.212344, -0.498675, 0.442946, 0.441245]
[0.327644, 0.295435, -0.499252, 0.496379, 0.199779]
[0.380952, 0.483486, -0.499152, 0.252367, 0.35236]
[0.474569, 0.206987, -0.49938, 0.23884, 0.108459]
[0.442407, 0.116526, -0.498952, 0.386656, 0.169994]
[0.612868, 0.159012, -0.49849, 0.336473, 0.009073]
[0.479697, 0.440435, -0.499283, 0.268829, 0.19807]
[0.349713, 0.301724, -0.498746, 0.279072, 0.067794]
[0.360836, 0.178896, -0.498527, 0.346627, 0.013467]
[0.468603, 0.272307, -0.499832, 0.235398, 0.262263]
[0.339277, 0.365437, -0.499535, 0.249639, 0.185523]
[0.538594, 0.478749, -0.499055, 0.257389, 0.414501]
[0.28024, 0.202295, -0.499768, 0.228382, 0.17953]
[0.355866, 0.137325, -0.499086, 0.317333, 0.426503]
[0.498374, 0.130901, -0.499869, 0.332882, 0.223559]
[0.344033, 0.411413, -0.499305, 0.499075, 0.265808]
[0.610771, 0.411183, -0.499656, 0.229149, 0.273078]
[0.323751, 0.268511, -0.499009, 0.428753, 0.107197]
[0.643702, 0.232265, -0.498527, 0.366084, 0.131922]
[0.387336, 0.454749, -0.49954, 0.334929, 0.443927]
[0.523016, 0.461139, -0.499199, 0.260688, 0.210876]
[0.459116, 0.184566, -0.498416, 0.251859, 0.204276]
[0.321561, 0.295437, -0.499117, 0.389315, 0.387772]
[0.28387, 0.199512, -0.499554, 0.35113, 0.165511]
[0.592404, 0.283743, -0.499393, 0.35515, 0.045897]
[0.407818, 0.280022, -0.498829, 0.352593, 0.141881]
[0.67224, 0.32115, -0.499588, 0.265662, 0.094099]
[0.588698, 0.438494, -0.498412, 0.333983, 0.240813]
[0.613835, 0.368202, -0.498984, 0.467069, 0.171247]
[0.636019, 0.357789, -0.499494, 0.448043, 0.043617]
[0.616798, 0.403473, -0.499121, 0.307684, 0.066728]
[0.290308, 0.379906, -0.498863, 0.336527, 0.384463]
[0.493356, 0.239761, -0.499829, 0.238051, 0.448345]
[0.505163, 0.494171, -0.499494, 0.32816, 0.198243]
[0.554957, 0.36693, -0.49989, 0.328876, 0.158869]
[0.462185, 0.156821, -0.498707, 0.452728, 0.147641]
[0.356518, 0.207202, -0.498528, 0.389406, 0.378454]
[0.585946, 0.471945, -0.499383, 0.33302, 0.153842]
[0.366486, 0.339419, -0.499797, 0.320477, 0.251621]
[0.564016, 0.255116, -0.499972, 0.383212, 0.383738]
[0.564103, 0.116417, -0.498793, 0.237639, 0.457534]
[0.504378, 0.434074, -0.499832, 0.29396, 0.390194]
[0.547177, 0.491359, -0.499184, 0.324451, 0.323304]
[0.462565, 0.368323, -0.499897, 0.397936, 0.100415]
[0.46566, 0.449091, -0.499067, 0.45459, 0.020659]
[0.470368, 0.457609, -0.499474, 0.429108, 0.069325]
[0.597533, 0.468864, -0.499508, 0.449858, 0.127526]
[0.431454, 0.277736, -0.499129, 0.238698, 0.110591]
[0.58711, 0.354418, -0.498595, 0.296472, 0.25129]
[0.571139, 0.461136, -0.499459, 0.289735, 0.446692]
[0.354994, 0.148727, -0.498557, 0.330369, 0.331016]
[0.27688, 0.251623, -0.499656, 0.354552, 0.490043]
[0.577035, 0.148364, -0.49958, 0.299259, 0.465481]
[0.525229, 0.14602, -0.499146, 0.357588, 0.494038]
[0.363357, 0.121014, -0.499284, 0.357974, 0.365864]
[0.569995, 0.281405, -0.499257, 0.379574, 0.13431]
[0.446579, 0.302325, -0.498732, 0.387447, 0.371625]
[0.6679, 0.396097, -0.499931, 0.43778, 0.141831]
[0.324944, 0.356823, -0.499031, 0.448503, 0.159622]
[0.603718, 0.301277, -0.498784, 0.4991, 0.176991]
[0.440204, 0.144961, -0.499486, 0.372662, 0.357792]
[0.668571, 0.126572, -0.49887, 0.381806, 0.289758]
[0.359854, 0.469331, -0.49842, 0.434282, 0.082345]
[0.462598, 0.477148, -0.499495, 0.323734, 0.219359]
[0.452779, 0.24148, -0.499456, 0.306707, 0.412936]
[0.514534, 0.332199, -0.49912, 0.404883, 0.060143]
[0.635548, 0.430484, -0.498837, 0.499355, 0.473099]
[0.384132, 0.16155, -0.498923, 0.470686, 0.126915]
[0.452122, 0.288569, -0.499208, 0.31976, 0.010457]
[0.283966, 0.402528, -0.498606, 0.374713, 0.377216]
[0.516971, 0.408533, -0.499768, 0.475283, 0.149797]
[0.276458, 0.37826, -0.498492, 0.301766, 0.435618]
[0.416587, 0.480754, -0.49982, 0.240658, 0.340509]
[0.273244, 0.342875, -0.49913, 0.231652, 0.085962]
[0.323432, 0.219082, -0.499732, 0.364256, 0.414508]
[0.561054, 0.250776, -0.499392, 0.339321, 0.257578]
[0.569841, 0.427225, -0.499977, 0.336672, 0.125415]
[0.559807, 0.325987, -0.499312, 0.421381, 0.372609]
[0.528529, 0.329519, -0.499823, 0.35654, 0.328373]
[0.381503, 0.339115, -0.499663, 0.467609, 0.014353]
[0.455717, 0.130405, -0.498688, 0.466642, 0.110844]
[0.502317, 0.390044, -0.499281, 0.27627, 0.158938]
[0.275355, 0.337253, -0.499868, 0.340277, 0.076694]
[0.636882, 0.43418, -0.498777, 0.430422, 0.340282]
[0.428236, 0.336655, -0.498462, 0.293908, 0.101739]
[0.631184, 0.479567, -0.499774, 0.353805, 0.183645]
[0.289468, 0.380331, -0.499698, 0.407805, 0.24106]
[0.478177, 0.28855, -0.499492, 0.384863, 0.334292]
[0.483763, 0.243879, -0.498731, 0.24132, 0.417562]
[0.62876, 0.387333, -0.499657, 0.279678, 0.325273]
[0.649361, 0.418091, -0.498922, 0.418403, 0.137524]
[0.385256, 0.303208, -0.49968, 0.329934, 0.461813]
[0.301937, 0.396745, -0.499019, 0.243882, 0.240105]
[0.511497, 0.238991, -0.499103, 0.456402, 0.21005]
[0.445589, 0.334179, -0.499787, 0.492297, 0.031878]
[0.321684, 0.114578, -0.498501, 0.407822, 0.41726]
[0.450047, 0.254417, -0.498541, 0.379172, 0.04715]
[0.332776, 0.164429, -0.498725, 0.425789, 0.478276]
[0.555523, 0.486321, -0.498772, 0.2644, 0.130246]
[0.549641, 0.291646, -0.498466, 0.349238, 0.02948]
[0.563974, 0.313395, -0.498604, 0.227286, 0.232787]
[0.403119, 0.247832, -0.498622, 0.268446, 0.169756]
[0.375632, 0.130585, -0.499187, 0.423193, 0.403918]
[0.394569, 0.404267, -0.499476, 0.24776, 0.340976]
[0.495065, 0.472601, -0.49987, 0.48508, 0.283281]
[0.351027, 0.444367, -0.498524, 0.232044, 0.127531]
[0.443461, 0.145286, -0.498658, 0.463413, 0.218981]
[0.429834, 0.17304, -0.499594, 0.44277, 0.083452]
[0.572171, 0.412737, -0.49871, 0.277224, 0.356628]
[0.352139, 0.24849, -0.499665, 0.481393, 0.34236]
[0.602789, 0.144582, -0.498735, 0.344749, 0.01813]
[0.656812, 0.127462, -0.49958, 0.265645, 0.492141]
[0.316395, 0.154496, -0.498721, 0.440305, 0.298099]
[0.294839, 0.148576, -0.499403, 0.390514, 0.286971]
[0.592371, 0.374742, -0.498662, 0.473893, 0.201925]
[0.554766, 0.151661, -0.498486, 0.351385, 0.012534]
[0.549233, 0.233801, -0.499849, 0.33921, 0.175951]
[0.595078, 0.293072, -0.499103, 0.231077, 0.141521]
[0.630619, 0.211153, -0.498706, 0.425375, 0.095851]
[0.488928, 0.116107, -0.498521, 0.492387, 0.1449]
[0.425215, 0.161816, -0.499306, 0.450071, 0.361652]
[0.438419, 0.483963, -0.499555, 0.322071, 0.42522]
[0.314675, 0.117645, -0.499711, 0.403671, 0.214514]
[0.458958, 0.201836, -0.499248, 0.419641, 0.184639]
[0.651663, 0.291844, -0.499481, 0.474439, 0.262165]
[0.41771, 0.483466, -0.499983, 0.290767, 0.084496]
[0.544956, 0.353819, -0.498453, 0.280571, 0.150573]
[0.550581, 0.226488, -0.499501, 0.476397, 0.25313]
[0.34776, 0.423701, -0.498941, 0.487456, 0.05675]
[0.656693, 0.379957, -0.499983, 0.311382, 0.041369]
[0.439099, 0.297454, -0.498913, 0.335147, 0.35014]
[0.389649, 0.404577, -0.499194, 0.385596, 0.150648]
[0.427319, 0.465634, -0.499369, 0.291449, 0.157555]
[0.494089, 0.246985, -0.499955, 0.447557, 0.112992]
[0.491096, 0.36904, -0.499738, 0.34827, 0.104782]
[0.305688, 0.212062, -0.499571, 0.479345, 0.336715]
[0.35327, 0.276224, -0.498804, 0.377589, 0.099851]
[0.295066, 0.34668, -0.499163, 0.412817, 0.005355]
[0.644947, 0.213102, -0.499088, 0.262435, 0.033332]
[0.617093, 0.430058, -0.498991, 0.324949, 0.310942]
[0.343547, 0.2143, -0.499725, 0.44692, 0.317546]
[0.534124, 0.413922, -0.499426, 0.494948, 0.096695]
[0.656063, 0.297847, -0.49966, 0.280481, 0.053933]
[0.617081, 0.399968, -0.49974, 0.4177, 0.021456]
[0.359497, 0.398159, -0.499554, 0.494681, 0.134451]
[0.410672, 0.492207, -0.498771, 0.244259, 0.121982]
[0.30976, 0.18754, -0.49884, 0.377236, 0.435304]
[0.600363, 0.178312, -0.499623, 0.299394, 0.096754]
[0.464132, 0.115443, -0.499265, 0.479311, 0.139466]
[0.303369, 0.18611, -0.498907, 0.400157, 0.245668]
[0.57666, 0.266021, -0.498544, 0.320182, 0.185358]
[0.498559, 0.22629, -0.498897, 0.280506, 0.304533]
[0.565851, 0.24973, -0.499847, 0.412498, 0.240001]
[0.367881, 0.328311, -0.499273, 0.260227, 0.16548]
[0.66258, 0.398887, -0.499913, 0.340468, 0.449551]
[0.618708, 0.484171, -0.4992, 0.260489, 0.264208]
[0.437686, 0.273966, -0.499531, 0.442331, 0.286848]
[0.518054, 0.406086, -0.499757, 0.470394, 0.418955]
[0.330142, 0.458992, -0.499731, 0.346357, 0.194877]
[0.417395, 0.151563, -0.498811, 0.371209, 0.427374]
[0.665761, 0.292429, -0.499419, 0.454353, 0.369998]
[0.383517, 0.434026, -0.499309, 0.403496, 0.486125]
[0.492356, 0.22741, -0.499619, 0.375015, 0.28034]
[0.428101, 0.289223, -0.499751, 0.320141, 0.118705]
[0.28537, 0.175937, -0.499073, 0.405778, 0.337428]
[0.48675, 0.358315, -0.499988, 0.229361, 0.078707]
[0.540754, 0.47267, -0.499721, 0.285297, 0.160583]
[0.462544, 0.297522, -0.499153, 0.294478, 0.090117]
[0.558059, 0.398199, -0.498806, 0.246434, 0.489511]
[0.40315, 0.29529, -0.499254, 0.47679, 0.071796]
[0.387382, 0.305481, -0.499083, 0.298374, 0.305191]
[0.389864, 0.195018, -0.498549, 0.34183, 0.177726]
[0.626824, 0.437766, -0.498799, 0.398023, 0.141617]
[0.289867, 0.349371, -0.499078, 0.344875, 0.309125]
[0.575617, 0.216585, -0.499388, 0.406193, 0.427789]
[0.667475, 0.165608, -0.498703, 0.259302, 0.188079]
[0.482561, 0.210198, -0.499065, 0.469503, 0.263952]
[0.552234, 0.449982, -0.49936, 0.243605, 0.333251]
[0.287953, 0.32886, -0.498719, 0.404863, 0.3195]
[0.496637, 0.24636, -0.499688, 0.32292, 0.26721]
[0.59919, 0.470499, -0.499454, 0.436182, 0.131042]
[0.482256, 0.412288, -0.499241, 0.239418, 0.3573]
[0.413543, 0.167711, -0.4987, 0.445332, 0.077596]
[0.271526, 0.268262, -0.498565, 0.31198, 0.290822]
[0.352451, 0.315462, -0.499053, 0.341846, 0.030483]
[0.623355, 0.17795, -0.49863, 0.359692, 0.094189]
[0.459857, 0.133476, -0.499528, 0.235091, 0.284263]
[0.336713, 0.394314, -0.499313, 0.257376, 0.048607]
[0.448024, 0.243316, -0.499844, 0.367472, 0.332668]
[0.373435, 0.371895, -0.499439, 0.442753, 0.200079]
[0.523772, 0.152124, -0.49934, 0.358902, 0.248589]
[0.566712, 0.468539, -0.499276, 0.447634, 0.089232]
[0.459848, 0.204167, -0.498457, 0.326139, 0.417029]
[0.430148, 0.402592, -0.498487, 0.420822, 0.336717]
[0.596434, 0.315063, -0.499941, 0.371694, 0.187575]
[0.476154, 0.133571, -0.499398, 0.486136, 0.35557]
[0.510181, 0.323786, -0.498575, 0.381157, 0.289093]
[0.425616, 0.47504, -0.498921, 0.318007, 0.175501]
[0.618461, 0.324689, -0.498639, 0.465466, 0.114767]
[0.454206, 0.457111, -0.499034, 0.33581, 0.44867]
[0.64626, 0.131577, -0.498857, 0.470612, 0.403662]
[0.336029, 0.445961, -0.499816, 0.259376, 0.37794]
[0.323141, 0.176797, -0.49995, 0.372147, 0.122309]
[0.381663, 0.121565, -0.499284, 0.473352, 0.313524]
[0.368033, 0.422607, -0.499693, 0.236737, 0.126712]
[0.624938, 0.279521, -0.499921, 0.473558, 0.244449]
[0.283835, 0.342737, -0.499793, 0.309679, 0.417593]
[0.530204, 0.206989, -0.499705, 0.402526, 0.316093]
[0.565771, 0.237484, -0.49859, 0.387947, 0.261671]
[0.452682, 0.337628, -0.499607, 0.440078, 0.279272]
[0.605179, 0.491802, -0.499869, 0.410977, 0.484897]
[0.618387, 0.202209, -0.498927, 0.247179, 0.307446]
[0.432486, 0.282107, -0.498977, 0.416933, 0.33527]
[0.415742, 0.138287, -0.499846, 0.270903, 0.458788]
[0.679181, 0.29541, -0.498541, 0.422959, 0.296578]
[0.29566, 0.242899, -0.498659, 0.442454, 0.432668]
[0.268983, 0.43625, -0.498432, 0.391231, 0.149026]
[0.331138, 0.271085, -0.499552, 0.459469, 0.141133]
[0.556926, 0.215683, -0.499935, 0.371292, 0.427274]
[0.42101, 0.122487, -0.499625, 0.409491, 0.448781]
[0.595116, 0.323085, -0.498428, 0.369402, 0.345885]
[0.50084, 0.175114, -0.499461, 0.476948, 0.320488]
[0.341493, 0.2509, -0.49929, 0.291665, 0.041264]
[0.52397, 0.41457, -0.499374, 0.260109, 0.47216]
[0.552718, 0.2256, -0.49886, 0.498226, 0.015502]
[0.58222, 0.455349, -0.499541, 0.42991, 0.467073]
[0.449269, 0.294104, -0.499105, 0.317634, 0.000205]
[0.624574, 0.137072, -0.499967, 0.238995, 0.388516]
[0.677122, 0.240431, -0.499072, 0.457932, 0.229427]
[0.394611, 0.430291, -0.499799, 0.30115, 0.191393]
[0.44544, 0.145047, -0.49869, 0.359824, 0.486435]
[0.512121, 0.199863, -0.499386, 0.422517, 0.427941]
[0.369174, 0.34288, -0.498735, 0.366373, 0.214222]
[0.517437, 0.497471, -0.498553, 0.229348, 0.124731]
[0.468117, 0.214739, -0.499912, 0.335674, 0.392606]
[0.285871, 0.16916, -0.499776, 0.228854, 0.25949]
[0.619475, 0.196915, -0.498878, 0.364664, 0.119525]
[0.607072, 0.197831, -0.499581, 0.2551, 0.167251]
[0.386538, 0.414653, -0.499218, 0.312491, 0.251832]
[0.600116, 0.137224, -0.499774, 0.270344, 0.061263]
[0.597985, 0.278591, -0.498766, 0.42853, 0.325483]
[0.32507, 0.266731, -0.499848, 0.435532, 0.209356]
[0.605346, 0.487756, -0.498432, 0.323648, 0.240287]
[0.611321, 0.312697, -0.499505, 0.467627, 0.216066]
[0.339663, 0.424011, -0.498802, 0.340035, 0.40011]
[0.568954, 0.404529, -0.499869, 0.30421, 0.308791]
[0.427725, 0.284191, -0.498718, 0.476618, 0.313047]
[0.407236, 0.436435, -0.498817, 0.233503, 0.192705]
[0.312278, 0.202363, -0.498438, 0.402041, 0.418438]
[0.651393, 0.171165, -0.499173, 0.333638, 0.484032]
[0.296254, 0.17331, -0.499177, 0.42618, 0.423564]
[0.352036, 0.278482, -0.498506, 0.29764, 0.246413]
[0.396728, 0.128186, -0.499364, 0.433149, 0.111232]
[0.632038, 0.128435, -0.499873, 0.276295, 0.12108]
[0.572323, 0.469654, -0.499203, 0.418101, 0.177883]
[0.297606, 0.192922, -0.499046, 0.443217, 0.040585]
[0.31885, 0.486509, -0.498532, 0.400388, 0.35983]
[0.519228, 0.412218, -0.498922, 0.461407, 0.400188]
[0.346683, 0.206164, -0.499781, 0.337084, 0.065995]
[0.413103, 0.247802, -0.499883, 0.299323, 0.405469]
[0.347246, 0.411847, -0.498776, 0.449548, 0.136579]
[0.376158, 0.396433, -0.498617, 0.440599, 0.201059]
[0.529144, 0.206384, -0.499259, 0.278639, 0.308364]
[0.411808, 0.312182, -0.499691, 0.278891, 0.365113]
[0.502626, 0.310596, -0.499668, 0.420619, 0.18912]
[0.36924, 0.159557, -0.498471, 0.359686, 0.359255]
[0.527796, 0.199811, -0.499739, 0.337125, 0.419513]
[0.479011, 0.326866, -0.499684, 0.326279, 0.194534]
[0.601436, 0.192903, -0.498943, 0.468998, 0.409589]
[0.577947, 0.161213, -0.498494, 0.257192, 0.288033]
[0.496038, 0.142938, -0.498886, 0.373644, 0.292059]
[0.454091, 0.313795, -0.499886, 0.420641, 0.435571]
[0.388923, 0.150352, -0.499823, 0.403154, 0.361483]
[0.574247, 0.162237, -0.498579, 0.309739, 0.048355]
[0.287347, 0.158942, -0.499849, 0.498628, 0.350955]
[0.293974, 0.182375, -0.499138, 0.327503, 0.189171]
[0.631361, 0.324252, -0.499349, 0.414106, 0.242051]
[0.506524, 0.423942, -0.499434, 0.316185, 0.12837]
[0.605703, 0.150959, -0.499884, 0.416208, 0.099004]
[0.41084, 0.474653, -0.499796, 0.274175, 0.007535]
[0.273628, 0.264908, -0.499946, 0.478353, 0.404937]
[0.597456, 0.436053, -0.499901, 0.440862, 0.035991]
[0.347828, 0.429795, -0.498426, 0.460844, 0.261441]
[0.346735, 0.364437, -0.498803, 0.386034, 0.259118]
[0.339812, 0.431855, -0.499521, 0.431218, 0.438121]
[0.40614, 0.404413, -0.498906, 0.272441, 0.258283]
[0.502326, 0.279541, -0.498948, 0.446602, 0.334351]
[0.314698, 0.392191, -0.498517, 0.41292, 0.240921]
[0.439784, 0.217088, -0.498695, 0.278294, 0.391782]
[0.624579, 0.458154, -0.499382, 0.378526, 0.007286]
[0.643736, 0.455841, -0.499195, 0.371928, 0.393961]
[0.377468, 0.273295, -0.499322, 0.273445, 0.393699]
[0.430413, 0.471731, -0.499705, 0.2317, 0.220367]
[0.456323, 0.230682, -0.499931, 0.371701, 0.07433]
[0.552602, 0.434778, -0.498417, 0.290972, 0.165178]
[0.320737, 0.273335, -0.498565, 0.44367, 0.457126]
[0.624902, 0.396059, -0.49871, 0.437832, 0.437663]
[0.462566, 0.243856, -0.499599, 0.495348, 0.039842]
[0.643038, 0.241717, -0.499323, 0.236393, 0.151964]
[0.657029, 0.372764, -0.49909, 0.364086, 0.189005]
[0.408809, 0.141285, -0.49887, 0.301142, 0.047822]
[0.594584, 0.118184, -0.499026, 0.252769, 0.205952]
[0.325773, 0.149143, -0.499313, 0.231049, 0.083341]
[0.603966, 0.1124, -0.499232, 0.311579, 0.173211]
[0.657813, 0.130494, -0.499686, 0.312231, 0.407305]
[0.597302, 0.342424, -0.498694, 0.315707, 0.417797]
[0.60108, 0.197298, -0.499515, 0.498941, 0.019991]
[0.301082, 0.250391, -0.498945, 0.477339, 0.368143]
[0.56805, 0.261867, -0.499111, 0.248436, 0.375517]
[0.272927, 0.245823, -0.49901, 0.310277, 0.454614]
[0.675078, 0.229035, -0.499393, 0.377149, 0.101199]
[0.527377, 0.330111, -0.499878, 0.342225, 0.429767]
[0.57882, 0.383549, -0.499758, 0.430786, 0.002834]
[0.643036, 0.310547, -0.499167, 0.425355, 0.24173]
[0.608936, 0.336784, -0.499073, 0.494788, 0.413627]
[0.354804, 0.493835, -0.499068, 0.274979, 0.172512]
[0.665618, 0.465191, -0.499979, 0.241739, 0.010525]
[0.600105, 0.22285, -0.499571, 0.24754, 0.083348]
[0.434545, 0.332822, -0.498468, 0.341441, 0.482095]
[0.514638, 0.318236, -0.499558, 0.367772, 0.353866]
[0.341453, 0.445113, -0.49948, 0.235368, 0.194831]
[0.319557, 0.309598, -0.49984, 0.331779, 0.067906]
[0.555424, 0.261027, -0.499155, 0.403558, 0.380886]
[0.314369, 0.114774, -0.498502, 0.253457, 0.043499]
[0.611424, 0.292432, -0.498777, 0.464809, 0.147062]
[0.651306, 0.199409, -0.498578, 0.362557, 0.110608]
[0.335801, 0.288474, -0.499555, 0.308218, 0.138433]
[0.41255, 0.370382, -0.498571, 0.382667, 0.261827]
[0.589693, 0.411801, -0.499188, 0.463459, 0.024941]
[0.500203, 0.434586, -0.498725, 0.24564, 0.290727]
[0.678891, 0.376047, -0.498466, 0.494403, 0.219129]
[0.516508, 0.159282, -0.499741, 0.305964, 0.078095]
[0.462773, 0.352025, -0.499886, 0.233127, 0.037755]
[0.599606, 0.425793, -0.498558, 0.407705, 0.476219]
[0.389689, 0.37922, -0.499904, 0.324749, 0.177783]
[0.394919, 0.148531, -0.499929, 0.244784, 0.278852]
[0.62372, 0.246247, -0.498913, 0.482275, 0.030617]
[0.639668, 0.228305, -0.499558, 0.256328, 0.041483]
[0.325036, 0.223084, -0.499317, 0.257691, 0.08074]
[0.374345, 0.424749, -0.498924, 0.294759, 0.196366]
[0.490726, 0.246214, -0.499691, 0.339581, 0.322727]
[0.351658, 0.365273, -0.499903, 0.264591, 0.251288]
[0.521273, 0.243217, -0.499231, 0.279412, 0.023106]
[0.488158, 0.468031, -0.499317, 0.277541, 0.286774]
[0.3089, 0.211063, -0.499884, 0.327707, 0.262901]
[0.464424, 0.424019, -0.498844, 0.410886, 0.451657]
[0.417856, 0.165229, -0.499357, 0.487941, 0.039614]
[0.372858, 0.429555, -0.498714, 0.421991, 0.404236]
[0.528542, 0.489949, -0.499546, 0.370677, 0.249858]
[0.439828, 0.325206, -0.498484, 0.301362, 0.093459]
[0.325621, 0.296064, -0.499284, 0.34394, 0.09976]
[0.295472, 0.454129, -0.499203, 0.259335, 0.49253]
[0.550859, 0.125945, -0.499855, 0.415758, 0.45128]
[0.345965, 0.408765, -0.499136, 0.419409, 0.217411]
[0.372524, 0.127726, -0.498925, 0.235313, 0.469229]
[0.339294, 0.142999, -0.499589, 0.227407, 0.009333]
[0.459446, 0.229165, -0.499155, 0.257188, 0.027468]
[0.54244, 0.285569, -0.498893, 0.435684, 0.020259]
[0.333323, 0.187974, -0.499552, 0.25116, 0.043237]
[0.65673, 0.451668, -0.498791, 0.312015, 0.122762]
[0.402977, 0.411985, -0.499175, 0.335408, 0.356245]
[0.541373, 0.457188, -0.498963, 0.422293, 0.115577]
[0.419986, 0.285293, -0.498989, 0.285409, 0.289395]
[0.479204, 0.373152, -0.498508, 0.331628, 0.359629]
[0.602134, 0.353045, -0.499017, 0.347254, 0.414855]
[0.603436, 0.230217, -0.498848, 0.358502, 0.344976]
[0.391992, 0.349679, -0.499167, 0.298065, 0.129352]
[0.407646, 0.401896, -0.499659, 0.42411, 0.137706]
[0.293535, 0.143611, -0.498877, 0.24769, 0.264131]
[0.578402, 0.314558, -0.499027, 0.383733, 0.267059]
[0.378349, 0.239228, -0.499262, 0.313788, 0.130799]
[0.536505, 0.47128, -0.498884, 0.421742, 0.451295]
[0.563451, 0.321022, -0.4989, 0.351825, 0.037126]
[0.383164, 0.195062, -0.498424, 0.413101, 0.29219]
[0.586768, 0.150453, -0.498848, 0.319168, 0.05878]
[0.364078, 0.443434, -0.498781, 0.23704, 0.020364]
[0.468003, 0.407585, -0.498574, 0.405584, 0.454978]
[0.557056, 0.22454, -0.499162, 0.439023, 0.308941]
[0.464859, 0.321201, -0.498558, 0.267832, 0.362035]
[0.537298, 0.447402, -0.499631, 0.421449, 0.33025]
[0.65209, 0.462565, -0.499973, 0.448558, 0.233451]
[0.33173, 0.212781, -0.499516, 0.254565, 0.335785]
[0.618144, 0.225448, -0.499906, 0.336253, 0.229388]
[0.613306, 0.279848, -0.499603, 0.499599, 0.281577]
[0.417526, 0.137624, -0.499785, 0.24594, 0.057461]
[0.476121, 0.211042, -0.499688, 0.493406, 0.039404]
[0.624139, 0.390627, -0.499357, 0.347154, 0.02871]
[0.618357, 0.319939, -0.498434, 0.295929, 0.225927]
[0.361418, 0.492449, -0.499807, 0.28004, 0.462457]
[0.36361, 0.393678, -0.498534, 0.39227, 0.17654]
[0.509387, 0.164216, -0.499605, 0.273112, 0.379874]
[0.429862, 0.416488, -0.498552, 0.292545, 0.315634]
[0.525676, 0.331947, -0.498918, 0.234983, 0.2841]
[0.617319, 0.479874, -0.498516, 0.480161, 0.001367]
[0.600174, 0.403228, -0.499673, 0.414576, 0.412434]
[0.341633, 0.407622, -0.498863, 0.357884, 0.386387]
[0.366559, 0.123176, -0.49989, 0.333695, 0.213983]
[0.489023, 0.125186, -0.498411, 0.29125, 0.462248]
[0.580111, 0.254219, -0.499251, 0.254239, 0.323222]
[0.402743, 0.264477, -0.499667, 0.421057, 0.214889]
[0.619469, 0.334306, -0.499962, 0.402105, 0.023572]
[0.351155, 0.437146, -0.499345, 0.247314, 0.10807]
[0.605879, 0.240262, -0.499673, 0.232587, 0.365304]
[0.480293, 0.220901, -0.498926, 0.234986, 0.182247]
[0.538341, 0.418041, -0.498569, 0.232785, 0.206151]
[0.433867, 0.226646, -0.499514, 0.383398, 0.042859]
[0.348289, 0.164439, -0.499937, 0.347241, 0.327563]
[0.547945, 0.137018, -0.499197, 0.242067, 0.094042]
[0.525379, 0.457209, -0.499277, 0.376923, 0.026607]
[0.523267, 0.213933, -0.499214, 0.277053, 0.495932]
[0.4126, 0.215754, -0.499605, 0.408692, 0.429]
[0.585846, 0.224409, -0.498922, 0.380374, 0.106931]
[0.533236, 0.284079, -0.499293, 0.339466, 0.160021]
[0.520847, 0.29837, -0.499881, 0.27295, 0.453217]
[0.632653, 0.166359, -0.499375, 0.242287, 0.486236]
[0.521249, 0.293735, -0.499343, 0.356719, 0.08255]
[0.609862, 0.200924, -0.49986, 0.274692, 0.475073]
[0.651396, 0.192347, -0.4992, 0.244976, 0.05618]
[0.540333, 0.219039, -0.498546, 0.237388, 0.113829]
[0.283607, 0.426543, -0.499002, 0.233472, 0.064412]
[0.410665, 0.416655, -0.499187, 0.447396, 0.15134]
[0.354549, 0.408528, -0.498532, 0.483946, 0.345605]
[0.470877, 0.333908, -0.499372, 0.385505, 0.485654]
[0.426243, 0.219522, -0.499388, 0.40856, 0.446868]
[0.485205, 0.257788, -0.498533, 0.45048, 0.457933]
[0.363962, 0.3975, -0.498785, 0.34666, 0.243153]
[0.38785, 0.120918, -0.498455, 0.473737, 0.366119]
[0.646165, 0.277455, -0.498561, 0.278176, 0.230893]
[0.31778, 0.36877, -0.498654, 0.269581, 0.326802]
[0.503208, 0.469755, -0.498886, 0.236291, 0.168077]
[0.57131, 0.239963, -0.498593, 0.326964, 0.381131]
[0.362323, 0.23081, -0.499205, 0.451072, 0.458511]
[0.296221, 0.384235, -0.499433, 0.259057, 0.037243]
[0.520446, 0.118305, -0.499465, 0.438032, 0.434214]
[0.413741, 0.405877, -0.499888, 0.366684, 0.306174]
[0.628043, 0.332616, -0.498774, 0.393381, 0.075012]
[0.436782, 0.416473, -0.499037, 0.350466, 0.160278]
[0.528863, 0.293041, -0.498792, 0.388267, 0.452225]
[0.490906, 0.417183, -0.499935, 0.278295, 0.173363]
[0.33963, 0.273778, -0.498776, 0.262716, 0.470358]
[0.279462, 0.276363, -0.498606, 0.351862, 0.058376]
[0.526995, 0.352968, -0.49925, 0.249155, 0.473749]
[0.498409, 0.400024, -0.499161, 0.34567, 0.43498]
[0.563993, 0.113308, -0.498775, 0.453057, 0.175269]
[0.584846, 0.41557, -0.499154, 0.485508, 0.075907]
[0.420397, 0.28609, -0.49899, 0.252434, 0.491448]
[0.503226, 0.321873, -0.498962, 0.499144, 0.0615]
[0.317724, 0.303798, -0.499167, 0.255368, 0.149267]
[0.652546, 0.289683, -0.499115, 0.24603, 0.135609]
[0.533738, 0.342774, -0.49917, 0.371023, 0.19315]
[0.324533, 0.186817, -0.499199, 0.308632, 0.4466]
[0.337137, 0.378255, -0.499151, 0.285776, 0.179447]
[0.556903, 0.123109, -0.49855, 0.418987, 0.195806]
[0.488954, 0.494098, -0.498446, 0.421844, 0.108341]
[0.461248, 0.35551, -0.499845, 0.471482, 0.35525]
[0.51542, 0.423689, -0.498761, 0.456035, 0.385856]
[0.448798, 0.481884, -0.498441, 0.380777, 0.438022]
[0.50753, 0.467936, -0.49998, 0.438659, 0.241532]
[0.634768, 0.118782, -0.499594, 0.251216, 0.216929]
[0.335409, 0.229102, -0.499126, 0.228695, 0.137038]
[0.48293, 0.290588, -0.499002, 0.486167, 0.063831]
[0.589417, 0.248532, -0.499049, 0.282639, 0.474918]
[0.492899, 0.305553, -0.498513, 0.257729, 0.226567]
[0.319239, 0.115542, -0.49892, 0.405212, 0.370677]
[0.411111, 0.179441, -0.499435, 0.364899, 0.333653]
[0.461762, 0.126344, -0.499678, 0.379263, 0.045394]
[0.315293, 0.150933, -0.499863, 0.285537, 0.172291]
[0.462476, 0.148776, -0.498466, 0.319818, 0.141051]
[0.462788, 0.400491, -0.498569, 0.34667, 0.444965]
[0.561666, 0.217291, -0.498852, 0.486392, 0.473605]
[0.329101, 0.256943, -0.499336, 0.241252, 0.217391]
[0.61329, 0.481338, -0.499455, 0.438669, 0.242374]
[0.437335, 0.203708, -0.498683, 0.280306, 0.082882]
[0.373098, 0.466475, -0.498677, 0.464532, 0.311474]
[0.286374, 0.272897, -0.498535, 0.27165, 0.023917]
[0.310353, 0.448084, -0.499684, 0.486503, 0.206582]
[0.571248, 0.221195, -0.49914, 0.303215, 0.304776]
[0.401139, 0.246663, -0.499322, 0.39169, 0.208247]
[0.600957, 0.162918, -0.499295, 0.495312, 0.110497]
[0.477492, 0.353687, -0.499404, 0.318261, 0.174128]
[0.52419, 0.433573, -0.49865, 0.324974, 0.079199]
[0.39422, 0.132206, -0.498746, 0.349907, 0.044934]
[0.668659, 0.48068, -0.499571, 0.391898, 0.111328]
[0.542444, 0.257718, -0.498896, 0.312426, 0.264386]
[0.4003, 0.403371, -0.499803, 0.337142, 0.261508]
[0.338096, 0.117759, -0.498846, 0.400134, 0.072537]
[0.480674, 0.430637, -0.499494, 0.278337, 0.033767]
[0.425626, 0.423412, -0.499114, 0.248249, 0.466463]
[0.335892, 0.474036, -0.499119, 0.371138, 0.177887]
[0.37556, 0.181256, -0.499749, 0.286469, 0.056805]
[0.377652, 0.151236, -0.499695, 0.24764, 0.145514]
[0.470505, 0.25808, -0.498868, 0.3249, 0.119418]
[0.31132, 0.294581, -0.499946, 0.265661, 0.065532]
[0.611362, 0.283064, -0.499435, 0.236657, 0.475868]
[0.573611, 0.241975, -0.499721, 0.320304, 0.31997]
[0.453896, 0.111419, -0.499058, 0.278304, 0.180008]
[0.538847, 0.434159, -0.498448, 0.313074, 0.457476]
[0.35618, 0.40309, -0.499394, 0.280627, 0.03689]
[0.464304, 0.480981, -0.498696, 0.391315, 0.029847]
[0.366326, 0.134072, -0.499875, 0.430261, 0.230949]
[0.396397, 0.453949, -0.498977, 0.456576, 0.01766]
[0.394146, 0.40063, -0.499368, 0.366479, 0.117506]
[0.621281, 0.407302, -0.499271, 0.252922, 0.053874]
[0.44475, 0.252737, -0.499114, 0.376519, 0.123415]
[0.38473, 0.419446, -0.499436, 0.474195, 0.326677]
[0.525442, 0.200959, -0.499736, 0.372127, 0.462692]
[0.594148, 0.176101, -0.499496, 0.343362, 0.059781]
[0.330484, 0.184775, -0.499933, 0.22913, 0.448103]
[0.466211, 0.497423, -0.499052, 0.470788, 0.233825]
[0.296808, 0.157925, -0.499595, 0.287303, 0.212497]
[0.395016, 0.158554, -0.499103, 0.472572, 0.114799]
[0.418389, 0.192508, -0.49887, 0.266515, 0.114847]
[0.548953, 0.251932, -0.499262, 0.325865, 0.185274]
[0.382656, 0.361413, -0.499232, 0.398501, 0.081464]
[0.390876, 0.430525, -0.498534, 0.435964, 0.087541]
[0.479484, 0.332165, -0.498815, 0.482962, 0.171468]
[0.380476, 0.495593, -0.498533, 0.337483, 0.047356]
[0.286259, 0.438613, -0.498508, 0.447416, 0.153802]
[0.321687, 0.117713, -0.498418, 0.400373, 0.389015]
[0.303842, 0.203471, -0.499025, 0.387214, 0.285259]
[0.569693, 0.326009, -0.499556, 0.378679, 0.465387]
[0.606226, 0.173018, -0.498486, 0.476237, 0.170012]
[0.466447, 0.263103, -0.499766, 0.237084, 0.307087]
[0.343057, 0.250406, -0.499589, 0.325407, 0.396278]
[0.380298, 0.385536, -0.498665, 0.247787, 0.357603]
[0.521355, 0.459604, -0.498488, 0.424469, 0.170278]
[0.494118, 0.425246, -0.499416, 0.318422, 0.238637]
[0.426107, 0.126915, -0.499043, 0.375433, 0.394186]
[0.475082, 0.184246, -0.498694, 0.25516, 0.421618]
[0.313885, 0.335295, -0.498447, 0.296698, 0.385581]
[0.515945, 0.137625, -0.499824, 0.418474, 0.061444]
[0.335372, 0.255853, -0.499405, 0.239811, 0.359893]
[0.658737, 0.402894, -0.499391, 0.418315, 0.027197]
[0.483672, 0.394675, -0.499835, 0.400247, 0.11574]
[0.417242, 0.345805, -0.499189, 0.366397, 0.017309]
[0.605709, 0.157594, -0.499793, 0.326846, 0.181252]
[0.401994, 0.244018, -0.49857, 0.343058, 0.324954]
[0.300947, 0.449255, -0.499808, 0.300057, 0.038312]
[0.575274, 0.364253, -0.499948, 0.325126, 0.276485]
[0.676962, 0.121352, -0.499756, 0.469685, 0.136524]
[0.276698, 0.228026, -0.499193, 0.397789, 0.193687]
[0.66234, 0.441329, -0.498626, 0.324343, 0.092275]
[0.672184, 0.216415, -0.499995, 0.302625, 0.262244]
[0.403874, 0.472987, -0.499249, 0.23523, 0.249038]
[0.6351, 0.160335, -0.498511, 0.373914, 0.114964]
[0.615453, 0.301624, -0.498832, 0.228033, 0.164962]
[0.461427, 0.264341, -0.499505, 0.41561, 0.45486]
[0.326357, 0.152274, -0.498954, 0.295064, 0.352052]
[0.480575, 0.391552, -0.498881, 0.46471, 0.16416]
[0.310747, 0.433082, -0.499991, 0.3699, 0.170154]
[0.472744, 0.24308, -0.498667, 0.317455, 0.26736]
[0.375747, 0.201137, -0.499255, 0.402209, 0.386731]
[0.363961, 0.136228, -0.499366, 0.34872, 0.461282]
[0.595645, 0.331055, -0.498694, 0.358191, 0.298588]
[0.330795, 0.256642, -0.49915, 0.399886, 0.453185]
[0.637069, 0.471227, -0.499864, 0.351423, 0.023147]
[0.461673, 0.127815, -0.498482, 0.249793, 0.131977]
[0.644381, 0.133072, -0.499981, 0.416432, 0.34474]
[0.36974, 0.407876, -0.498779, 0.490124, 0.160955]
[0.526338, 0.354692, -0.498672, 0.283853, 0.211265]
[0.546574, 0.180768, -0.499381, 0.370782, 0.156712]
[0.524763, 0.454205, -0.499307, 0.35428, 0.455695]
[0.443541, 0.489684, -0.499264, 0.313464, 0.221663]
[0.64958, 0.16445, -0.49895, 0.441572, 0.12491]
[0.331079, 0.131771, -0.499701, 0.331884, 0.282377]
[0.319195, 0.290821, -0.499748, 0.308605, 0.306483]
[0.281554, 0.450754, -0.499682, 0.232101, 0.2697]
[0.563391, 0.178989, -0.49957, 0.306151, 0.059461]
[0.619029, 0.174334, -0.49888, 0.282009, 0.350226]
[0.304902, 0.450193, -0.498575, 0.306953, 0.025584]
[0.326704, 0.28723, -0.499406, 0.479089, 0.070942]
[0.484443, 0.326284, -0.498566, 0.406115, 0.313462]
[0.364223, 0.4819, -0.498412, 0.346932, 0.351936]
[0.657675, 0.228034, -0.499356, 0.22935, 0.245859]
[0.385351, 0.176916, -0.499227, 0.358927, 0.050082]
[0.437069, 0.312177, -0.499864, 0.311599, 0.363366]
[0.592861, 0.378711, -0.49972, 0.320012, 0.402375]
[0.369996, 0.33539, -0.499143, 0.290629, 0.1468]
[0.658018, 0.345901, -0.499894, 0.473864, 0.406941]
[0.519028, 0.113327, -0.498777, 0.40166, 0.057397]
[0.443537, 0.309577, -0.499592, 0.494608, 0.062767]
[0.538407, 0.288922, -0.498948, 0.433796, 0.350779]
[0.372005, 0.49138, -0.498714, 0.325337, 0.326886]
[0.363082, 0.33469, -0.499281, 0.387501, 0.338769]
[0.288225, 0.194874, -0.499209, 0.461054, 0.483051]
[0.390375, 0.268701, -0.499525, 0.390108, 0.235768]
[0.56566, 0.47641, -0.498447, 0.487366, 0.383279]
[0.354389, 0.421999, -0.499312, 0.321225, 0.491273]
[0.557315, 0.257998, -0.499751, 0.267626, 0.41143]
[0.306468, 0.197826, -0.499031, 0.237733, 0.207932]
[0.558951, 0.320827, -0.499162, 0.294542, 0.192375]
[0.525212, 0.478781, -0.498928, 0.277504, 0.070057]
[0.613824, 0.244995, -0.49861, 0.428839, 0.088662]
[0.580629, 0.168109, -0.499952, 0.440452, 0.305835]
[0.423255, 0.148087, -0.499587, 0.25354, 0.120137]
[0.545118, 0.159508, -0.499573, 0.230162, 0.320024]
[0.319038, 0.292928, -0.499295, 0.44451, 0.163662]
[0.499574, 0.28381, -0.499129, 0.439624, 0.044315]
[0.616474, 0.204385, -0.498774, 0.408949, 0.355621]
[0.530398, 0.190535, -0.498833, 0.399275, 0.066555]
[0.334858, 0.34261, -0.499143, 0.459329, 0.359665]
[0.417973, 0.161544, -0.499108, 0.481365, 0.348611]
[0.644996, 0.234309, -0.498587, 0.360077, 0.107869]
[0.431209, 0.284606, -0.499149, 0.482289, 0.303091]
[0.6027, 0.30505, -0.498918, 0.475346, 0.151817]
[0.589963, 0.461073, -0.499213, 0.256559, 0.159156]
[0.431277, 0.475251, -0.499851, 0.464918, 0.173076]
[0.417676, 0.247399, -0.49913, 0.453207, 0.495457]
[0.297376, 0.420532, -0.499215, 0.432613, 0.475226]
[0.377061, 0.297983, -0.499672, 0.406043, 0.282974]
[0.28162, 0.15041, -0.499563, 0.439365, 0.250273]
[0.428933, 0.408738, -0.499081, 0.290499, 0.140781]
[0.281316, 0.39918, -0.498651, 0.349698, 0.072115]
[0.520254, 0.298595, -0.498726, 0.348376, 0.002752]
[0.657122, 0.275533, -0.499232, 0.469907, 0.361813]
[0.307301, 0.34083, -0.499871, 0.397777, 0.224721]
[0.512953, 0.345422, -0.498459, 0.342468, 0.216282]
[0.389979, 0.176613, -0.499682, 0.404334, 0.495211]
[0.389355, 0.253563, -0.499881, 0.492969, 0.355538]
[0.329978, 0.288956, -0.499516, 0.327235, 0.074888]
[0.664215, 0.138252, -0.499362, 0.284227, 0.37521]
[0.336301, 0.194816, -0.498468, 0.390256, 0.422774]
[0.618098, 0.330229, -0.49848, 0.297544, 0.044566]
[0.672764, 0.292543, -0.498664, 0.459439, 0.025015]
[0.628341, 0.18047, -0.499057, 0.399472, 0.010738]
[0.619212, 0.496776, -0.498797, 0.253982, 0.265015]
[0.531101, 0.220799, -0.499229, 0.482451, 0.371629]
[0.66264, 0.263872, -0.498483, 0.392028, 0.251589]
[0.514625, 0.196678, -0.498772, 0.398462, 0.296059]
[0.585411, 0.142089, -0.499774, 0.4754, 0.388663]
[0.358384, 0.189157, -0.499334, 0.484101, 0.274087]
[0.587254, 0.486906, -0.499892, 0.279645, 0.078391]
[0.67502, 0.227215, -0.499818, 0.490626, 0.46091]
[0.417634, 0.214081, -0.49914, 0.344231, 0.470614]
[0.422783, 0.156092, -0.499731, 0.333104, 0.352158]
[0.595983, 0.340723, -0.499956, 0.349716, 0.194652]
[0.676994, 0.126002, -0.49892, 0.469998, 0.44704]
[0.306514, 0.127602, -0.498492, 0.487482, 0.160674]
[0.344035, 0.467875, -0.499786, 0.472106, 0.209928]
[0.472231, 0.439948, -0.498613, 0.345719, 0.198106]
[0.488001, 0.400525, -0.498594, 0.498987, 0.104547]
[0.514301, 0.11827, -0.49876, 0.278038, 0.139532]
[0.560098, 0.320681, -0.499521, 0.453833, 0.348248]
[0.591355, 0.393338, -0.499674, 0.340509, 0.473691]
[0.294284, 0.338454, -0.498433, 0.282365, 0.068927]
[0.504453, 0.127804, -0.499672, 0.395277, 0.334062]
[0.482634, 0.271916, -0.49941, 0.304033, 0.418317]
[0.612533, 0.125647, -0.499609, 0.422807, 0.068608]
[0.67065, 0.444623, -0.49859, 0.279734, 0.356401]
[0.485112, 0.389748, -0.49845, 0.258903, 0.120325]
[0.560792, 0.351472, -0.499812, 0.249237, 0.453012]
[0.59317, 0.250003, -0.498644, 0.48372, 0.273657]
[0.613338, 0.388294, -0.499883, 0.490202, 0.060177]
[0.445988, 0.423158, -0.499623, 0.280086, 0.274027]
[0.544566, 0.167151, -0.499456, 0.355051, 0.026647]
[0.340514, 0.31786, -0.498907, 0.341029, 0.029516]
[0.270542, 0.290348, -0.498434, 0.229399, 0.290687]
[0.456111, 0.157152, -0.499774, 0.463083, 0.036391]
[0.61313, 0.421533, -0.49895, 0.448267, 0.482696]
[0.511159, 0.127632, -0.499345, 0.296965, 0.45405]
[0.470883, 0.172794, -0.498677, 0.482261, 0.217313]
[0.452123, 0.234681, -0.49874, 0.382919, 0.031776]
[0.393819, 0.44516, -0.498427, 0.333245, 0.433747]
[0.620754, 0.333129, -0.498492, 0.489912, 0.248363]
[0.661227, 0.151518, -0.499302, 0.231487, 0.007673]
[0.315113, 0.368056, -0.498963, 0.489475, 0.18621]
[0.535365, 0.285577, -0.499743, 0.4129, 0.338293]
[0.348645, 0.488546, -0.498456, 0.393708, 0.132793]
[0.459271, 0.24842, -0.498755, 0.296719, 0.119911]
[0.41657, 0.141126, -0.498986, 0.264455, 0.106162]
[0.285874, 0.495684, -0.499307, 0.402296, 0.081478]
[0.269262, 0.303356, -0.498913, 0.382124, 0.122989]
[0.369066, 0.441875, -0.498536, 0.291222, 0.384772]
[0.656594, 0.218908, -0.49997, 0.29085, 0.052461]
[0.463227, 0.248441, -0.498943, 0.240041, 0.019603]
[0.358571, 0.129061, -0.498508, 0.354266, 0.324921]
[0.569883, 0.386099, -0.499955, 0.231815, 0.320822]
[0.52081, 0.256516, -0.49867, 0.360586, 0.294483]
[0.298612, 0.264316, -0.499367, 0.431468, 0.225516]
[0.655367, 0.254851, -0.499515, 0.294509, 0.417443]
[0.422349, 0.403034, -0.49879, 0.257858, 0.123106]
[0.526296, 0.279842, -0.499412, 0.454836, 0.452892]
[0.501702, 0.341904, -0.498584, 0.331968, 0.255584]
[0.441777, 0.436588, -0.499228, 0.352926, 0.393505]
[0.403925, 0.235492, -0.49913, 0.274565, 0.34289]
[0.451386, 0.302016, -0.499658, 0.247845, 0.454039]
[0.497605, 0.142251, -0.498682, 0.343324, 0.01291]
[0.472795, 0.156051, -0.498672, 0.462197, 0.289816]
[0.442217, 0.230112, -0.499519, 0.441426, 0.286615]
[0.554886, 0.44182, -0.499459, 0.495004, 0.013597]
[0.655208, 0.236898, -0.49962, 0.255426, 0.151803]
[0.391853, 0.31116, -0.499382, 0.402504, 0.274976]
[0.677498, 0.4943, -0.499191, 0.313264, 0.153517]
[0.526153, 0.420919, -0.498679, 0.496045, 0.174104]
[0.492624, 0.498366, -0.49857, 0.248716, 0.239272]
[0.454817, 0.380752, -0.498412, 0.336811, 0.083358]
[0.407245, 0.492012, -0.49841, 0.291427, 0.034613]
[0.649543, 0.457677, -0.499078, 0.358611, 0.14993]
[0.487671, 0.430887, -0.499594, 0.478204, 0.163206]
[0.381812, 0.338754, -0.499207, 0.475744, 0.42388]
[0.677271, 0.263738, -0.498474, 0.401256, 0.143595]
[0.408301, 0.485227, -0.499969, 0.266935, 0.139287]
[0.396418, 0.340485, -0.499969, 0.439965, 0.322567]
[0.638573, 0.283276, -0.499142, 0.450129, 0.139663]
[0.406653, 0.485182, -0.49948, 0.290424, 0.357102]
[0.551362, 0.185897, -0.499309, 0.361795, 0.124294]
[0.319804, 0.427675, -0.498822, 0.445802, 0.466148]
[0.46465, 0.392021, -0.49962, 0.435401, 0.224493]
[0.668335, 0.217913, -0.499032, 0.41334, 0.144185]
[0.283446, 0.476794, -0.499745, 0.350003, 0.300827]
[0.389597, 0.269598, -0.498701, 0.229509, 0.052703]
[0.442103, 0.130255, -0.498459, 0.302932, 0.154055]
[0.356635, 0.460613, -0.49916, 0.349629, 0.352158]
[0.673514, 0.147468, -0.499634, 0.389502, 0.093444]
[0.316054, 0.439857, -0.499554, 0.498369, 0.091522]
[0.292418, 0.416132, -0.498723, 0.352436, 0.24008]
[0.354644, 0.310042, -0.499044, 0.428476, 0.124191]
[0.609785, 0.32605, -0.498892, 0.392339, 0.380715]
[0.310323, 0.319273, -0.498639, 0.296712, 0.072507]
[0.433198, 0.303613, -0.49922, 0.448833, 0.109524]
[0.330002, 0.267732, -0.49877, 0.466948, 0.488487]
[0.454396, 0.2714, -0.499313, 0.248002, 0.33009]
[0.449789, 0.203613, -0.498916, 0.388187, 0.08394]
[0.27618, 0.465282, -0.498983, 0.228375, 0.058883]
[0.649561, 0.413681, -0.499316, 0.328276, 0.326633]
[0.26986, 0.117655, -0.498788, 0.454533, 0.013644]
[0.669347, 0.139747, -0.498881, 0.355303, 0.308323]
[0.367588, 0.221355, -0.499443, 0.497193, 0.399393]
[0.671217, 0.422941, -0.499016, 0.42247, 0.136503]
[0.549636, 0.375162, -0.498992, 0.455897, 0.498398]
[0.634956, 0.451303, -0.499923, 0.420448, 0.281094]
[0.555331, 0.202257, -0.49891, 0.341843, 0.255107]
[0.58227, 0.287067, -0.498463, 0.257697, 0.45833]
[0.434583, 0.245722, -0.499285, 0.385936, 0.027718]
[0.437655, 0.407068, -0.499513, 0.271404, 0.073464]
[0.383841, 0.205584, -0.499854, 0.280127, 0.206331]
[0.490317, 0.41599, -0.499231, 0.325339, 0.216225]
[0.44374, 0.353825, -0.49899, 0.394769, 0.136121]
[0.381645, 0.35128, -0.499703, 0.385884, 0.273544]
[0.332616, 0.495593, -0.49856, 0.252997, 0.224368]
[0.648289, 0.484139, -0.499159, 0.334068, 0.209667]
[0.549174, 0.272067, -0.499172, 0.332375, 0.488432]
[0.59722, 0.496932, -0.499441, 0.371586, 0.11315]
[0.579734, 0.205271, -0.4988, 0.438226, 0.08671]
[0.400523, 0.31859, -0.499329, 0.38888, 0.423307]
[0.531185, 0.449674, -0.498765, 0.376279, 0.483502]
[0.3367, 0.36011, -0.499938, 0.31373, 0.204187]
[0.376516, 0.241367, -0.499564, 0.415687, 0.042297]
[0.580414, 0.389409, -0.499608, 0.286627, 0.460731]
[0.368976, 0.19614, -0.499142, 0.291629, 0.402646]
[0.54807, 0.469265, -0.499582, 0.405466, 0.351331]
[0.599372, 0.168946, -0.499138, 0.263668, 0.057414]
[0.667382, 0.128889, -0.499094, 0.357756, 0.23618]
[0.348001, 0.115667, -0.498716, 0.316925, 0.241407]
[0.517502, 0.308522, -0.499398, 0.483655, 0.32019]
[0.57284, 0.154851, -0.498606, 0.43061, 0.202197]
[0.309198, 0.262196, -0.498417, 0.444307, 0.475278]
[0.439909, 0.469798, -0.499282, 0.492226, 0.119166]
[0.457317, 0.120481, -0.499044, 0.31916, 0.289162]
[0.557493, 0.360473, -0.498533, 0.351722, 0.123795]
[0.619814, 0.48495, -0.498457, 0.301689, 0.080485]
[0.298536, 0.161542, -0.499615, 0.241848, 0.266957]
[0.613035, 0.23118, -0.499506, 0.353433, 0.221443]
[0.464669, 0.297066, -0.499436, 0.308914, 0.06506]
[0.644052, 0.230894, -0.498416, 0.406332, 0.027414]
[0.461587, 0.262742, -0.498946, 0.421015, 0.201043]
[0.531914, 0.122706, -0.499813, 0.46738, 0.454804]
[0.599819, 0.426206, -0.499179, 0.346609, 0.267777]
[0.278138, 0.304389, -0.499622, 0.409451, 0.101893]
[0.370898, 0.392948, -0.498433, 0.387139, 0.003196]
[0.519671, 0.362405, -0.49877, 0.405802, 0.307679]
[0.457916, 0.220965, -0.499713, 0.39089, 0.256899]
[0.362261, 0.472749, -0.499976, 0.312798, 0.311509]
[0.581125, 0.120688, -0.499371, 0.294604, 0.086881]
[0.510339, 0.354706, -0.498584, 0.387628, 0.469677]
[0.272587, 0.373708, -0.499777, 0.392048, 0.093229]
[0.603761, 0.413736, -0.49905, 0.289976, 0.37513]
[0.558851, 0.236524, -0.49969, 0.455145, 0.473589]
[0.383544, 0.120949, -0.499639, 0.272346, 0.250953]
[0.587027, 0.152976, -0.498835, 0.325423, 0.303434]
[0.374761, 0.414465, -0.498863, 0.429593, 0.431436]
[0.56275, 0.463525, -0.498724, 0.47576, 0.281959]
[0.536042, 0.167429, -0.498529, 0.256001, 0.262079]
[0.289124, 0.471032, -0.499735, 0.245905, 0.135624]
[0.582473, 0.288573, -0.498891, 0.379281, 0.142008]
[0.674309, 0.45056, -0.499996, 0.351755, 0.159095]
[0.385786, 0.273994, -0.499899, 0.3098, 0.341346]
[0.444542, 0.259544, -0.498856, 0.238049, 0.162298]
[0.545598, 0.458346, -0.498952, 0.466266, 0.214565]
[0.400297, 0.316048, -0.498784, 0.435817, 0.491581]
[0.545565, 0.415468, -0.499193, 0.36614, 0.404267]
[0.488866, 0.323408, -0.498805, 0.247175, 0.31897]
[0.382095, 0.297204, -0.499663, 0.460427, 0.269296]
[0.405116, 0.136472, -0.499975, 0.266441, 0.060235]
[0.597755, 0.345532, -0.499507, 0.326132, 0.470891]
[0.532442, 0.488526, -0.499994, 0.328397, 0.436577]
[0.33256, 0.266086, -0.499414, 0.318453, 0.249267]
[0.397575, 0.150098, -0.498621, 0.406338, 0.399041]
[0.509576, 0.197495, -0.498704, 0.271002, 0.289371]
[0.455294, 0.140123, -0.498713, 0.428594, 0.349011]
[0.442534, 0.178054, -0.498867, 0.450327, 0.012764]
[0.6463, 0.324054, -0.498767, 0.443278, 0.362802]
[0.410612, 0.297147, -0.499459, 0.488987, 0.403567]
[0.67669, 0.112013, -0.499985, 0.40886, 0.34742]
[0.342122, 0.320554, -0.498582, 0.428528, 0.491243]
[0.582492, 0.310224, -0.499301, 0.458429, 0.235748]
[0.326745, 0.491605, -0.499613, 0.228892, 0.030659]
[0.421435, 0.469234, -0.498624, 0.420265, 0.346843]
[0.573604, 0.361061, -0.499314, 0.358063, 0.116653]
[0.377051, 0.34525, -0.499196, 0.346219, 0.129875]
[0.500265, 0.228504, -0.499538, 0.383869, 0.038795]
[0.376694, 0.336382, -0.499717, 0.231954, 0.094569]
[0.490438, 0.196706, -0.498883, 0.451661, 0.43991]
[0.446711, 0.17006, -0.498455, 0.432806, 0.222532]
[0.304193, 0.428967, -0.499104, 0.481253, 0.498083]
[0.366955, 0.344397, -0.499401, 0.438997, 0.171082]
[0.610694, 0.113348, -0.499065, 0.363051, 0.16839]
[0.288998, 0.309593, -0.499665, 0.353809, 0.395098]
[0.617397, 0.15719, -0.49979, 0.261269, 0.467041]
[0.556591, 0.446099, -0.498823, 0.470105, 0.096778]
[0.2739, 0.44514, -0.499523, 0.402118, 0.021187]
[0.348675, 0.298518, -0.498822, 0.281181, 0.392693]
[0.279073, 0.310693, -0.499902, 0.477894, 0.458106]
[0.328011, 0.249106, -0.498941, 0.451562, 0.231545]
[0.315873, 0.468244, -0.499196, 0.439579, 0.462959]
[0.538457, 0.117821, -0.498715, 0.232757, 0.031233]
[0.62251, 0.352126, -0.499653, 0.271003, 0.327539]
[0.586052, 0.163709, -0.498624, 0.466829, 0.417502]
[0.611135, 0.246475, -0.49912, 0.457972, 0.297714]
[0.555815, 0.208503, -0.499065, 0.313721, 0.249733]
[0.410723, 0.172773, -0.499021, 0.268821, 0.346561]
[0.545214, 0.284641, -0.49861, 0.33646, 0.062687]
[0.298802, 0.276693, -0.498875, 0.348649, 0.37282]
[0.600999, 0.44623, -0.499229, 0.489096, 0.162041]
[0.611282, 0.473897, -0.498795, 0.402336, 0.361957]
[0.278438, 0.12577, -0.499381, 0.467782, 0.265313]
[0.476892, 0.135787, -0.49999, 0.234224, 0.323757]
[0.615094, 0.230291, -0.499707, 0.240668, 0.446783]
[0.275522, 0.434483, -0.499358, 0.38829, 0.481389]
[0.496056, 0.431881, -0.499922, 0.373222, 0.104309]
[0.392022, 0.313136, -0.499784, 0.396417, 0.276328]
[0.44558, 0.486381, -0.499946, 0.347146, 0.017121]
[0.633118, 0.153299, -0.499194, 0.351679, 0.156593]
[0.623611, 0.418315, -0.499394, 0.314979, 0.120038]
[0.370894, 0.481409, -0.499521, 0.478335, 0.027344]
[0.317833, 0.176446, -0.499703, 0.410069, 0.169265]
[0.338988, 0.426541, -0.499546, 0.397119, 0.055532]
[0.49623, 0.392256, -0.49999, 0.273967, 0.323675]
[0.334467, 0.301364, -0.498688, 0.263354, 0.061752]
[0.495319, 0.471068, -0.499521, 0.452794, 0.277334]
[0.53654, 0.258256, -0.499404, 0.250724, 0.116514]
[0.619496, 0.148848, -0.498853, 0.316455, 0.006551]
[0.477126, 0.17521, -0.499234, 0.454037, 0.382074]
[0.596337, 0.405327, -0.499671, 0.448046, 0.127197]
[0.574649, 0.297697, -0.499737, 0.437961, 0.01986]
[0.40611, 0.144878, -0.498446, 0.32483, 0.075879]
[0.629757, 0.20358, -0.499985, 0.472784, 0.125534]
[0.284265, 0.468052, -0.499773, 0.393778, 0.160568]
[0.486562, 0.363917, -0.499307, 0.309576, 0.284585]
[0.646069, 0.119125, -0.498527, 0.267185, 0.093404]
[0.436712, 0.362848, -0.49906, 0.496343, 0.042812]
[0.417616, 0.474396, -0.499261, 0.497248, 0.163217]
[0.61117, 0.145738, -0.499097, 0.303773, 0.476591]
[0.356441, 0.316312, -0.498487, 0.39948, 0.25256]
[0.488426, 0.323282, -0.498776, 0.31804, 0.116116]
[0.527136, 0.307892, -0.498745, 0.495529, 0.197996]
[0.350181, 0.154108, -0.498589, 0.442636, 0.1976]
[0.52182, 0.364123, -0.498819, 0.314902, 0.207644]
[0.525159, 0.305361, -0.499476, 0.405325, 0.200305]
[0.673312, 0.272056, -0.49845, 0.269718, 0.128976]
[0.469315, 0.283693, -0.499585, 0.457001, 0.399239]
[0.612931, 0.336129, -0.498747, 0.35022, 0.308565]
[0.569403, 0.498288, -0.499387, 0.241973, 0.168773]
[0.326047, 0.406825, -0.499853, 0.432287, 0.427693]
[0.36655, 0.276055, -0.498766, 0.379534, 0.112329]
[0.298728, 0.161685, -0.499353, 0.383424, 0.333054]
[0.532567, 0.210479, -0.499133, 0.344179, 0.035262]
[0.658574, 0.233846, -0.498858, 0.439843, 0.143752]
[0.532874, 0.135388, -0.499082, 0.386187, 0.043273]
[0.330511, 0.307454, -0.498866, 0.419613, 0.405768]
[0.590287, 0.299656, -0.499866, 0.464793, 0.122424]
[0.678918, 0.245393, -0.498579, 0.484281, 0.39746]
[0.356774, 0.296617, -0.498662, 0.490756, 0.055554]
[0.546784, 0.316146, -0.499267, 0.255063, 0.05842]
[0.417274, 0.263214, -0.499077, 0.370936, 0.061032]
[0.387003, 0.287302, -0.499277, 0.410474, 0.398604]
[0.348444, 0.179465, -0.499183, 0.235718, 0.49329]
[0.425321, 0.243505, -0.498784, 0.34047, 0.201424]
[0.336978, 0.414676, -0.498595, 0.244512, 0.308441]
[0.397372, 0.16198, -0.499293, 0.446384, 0.181168]
[0.351858, 0.146537, -0.499731, 0.487036, 0.315038]
[0.514459, 0.34328, -0.499698, 0.356548, 0.170557]
[0.507629, 0.341222, -0.49865, 0.491068, 0.458431]
[0.634708, 0.443251, -0.499977, 0.406181, 0.080501]
[0.271799, 0.30432, -0.499327, 0.380521, 0.144725]
[0.558645, 0.264444, -0.498993, 0.496881, 0.131485]
[0.538397, 0.485705, -0.499314, 0.330394, 0.221499]
[0.453351, 0.456325, -0.499696, 0.402508, 0.369514]
[0.57083, 0.239561, -0.499994, 0.472605, 0.044451]
[0.434246, 0.432074, -0.498846, 0.337955, 0.257525]
[0.419687, 0.297226, -0.498678, 0.28295, 0.402404]
[0.295114, 0.180639, -0.4993, 0.489055, 0.497817]
[0.327185, 0.369953, -0.499141, 0.302787, 0.324876]
[0.390461, 0.1309, -0.499215, 0.298731, 0.155735]
[0.363437, 0.187486, -0.498648, 0.495365, 0.175759]
[0.488165, 0.436041, -0.49843, 0.433272, 0.410114]
[0.473935, 0.292937, -0.499632, 0.332618, 0.044517]
[0.317118, 0.418641, -0.499187, 0.254101, 0.230955]
[0.441548, 0.329573, -0.499043, 0.452317, 0.461484]
[0.337001, 0.484644, -0.49842, 0.309358, 0.129981]
[0.317591, 0.365652, -0.499174, 0.24867, 0.385733]
[0.499101, 0.135375, -0.499188, 0.426342, 0.337082]
[0.366597, 0.349487, -0.499018, 0.274399, 0.137523]
[0.451946, 0.388764, -0.499583, 0.238922, 0.004787]
[0.630994, 0.226337, -0.49978, 0.424154, 0.277784]
[0.273374, 0.330017, -0.498936, 0.476052, 0.438357]
[0.310901, 0.403792, -0.499114, 0.418417, 0.468101]
[0.671297, 0.150216, -0.499589, 0.326339, 0.304145]
[0.536346, 0.218206, -0.498827, 0.359685, 0.352918]
[0.539828, 0.36434, -0.498872, 0.293859, 0.040865]
[0.528319, 0.328105, -0.499553, 0.389868, 0.43452]
[0.491079, 0.240234, -0.499106, 0.438001, 0.126733]
[0.345557, 0.114933, -0.499206, 0.423031, 0.041388]
[0.349277, 0.304376, -0.499882, 0.244276, 0.314866]
[0.624418, 0.158299, -0.499315, 0.335219, 0.117673]
[0.310925, 0.316897, -0.49879, 0.337014, 0.361191]
[0.350251, 0.364274, -0.499201, 0.249347, 0.121248]
[0.278206, 0.126266, -0.498951, 0.383779, 0.368248]
[0.315386, 0.438318, -0.499438, 0.447143, 0.109054]
[0.504107, 0.198828, -0.499208, 0.458523, 0.372357]
[0.609513, 0.231698, -0.498518, 0.455871, 0.421134]
[0.658938, 0.314262, -0.498494, 0.236327, 0.044222]
[0.49683, 0.40214, -0.499925, 0.459526, 0.013294]
[0.560131, 0.316877, -0.499092, 0.236012, 0.427032]
[0.435539, 0.399231, -0.498808, 0.341419, 0.084681]
[0.413246, 0.326418, -0.49978, 0.230611, 0.382044]
[0.39392, 0.12174, -0.498791, 0.246273, 0.459454]
[0.620485, 0.135815, -0.49888, 0.38613, 0.474765]
[0.491624, 0.398464, -0.499985, 0.246881, 0.416095]
[0.574907, 0.416361, -0.498676, 0.320324, 0.095099]
[0.624725, 0.456592, -0.499524, 0.352122, 0.056886]
[0.645675, 0.416489, -0.499437, 0.254311, 0.160059]
[0.57277, 0.31303, -0.499842, 0.405292, 0.329564]
[0.38471, 0.125424, -0.49891, 0.329454, 0.141424]
[0.526536, 0.368939, -0.499127, 0.276799, 0.292889]
[0.563099, 0.450798, -0.498935, 0.471515, 0.009461]
[0.48184, 0.255565, -0.499634, 0.489272, 0.44317]
[0.538595, 0.343079, -0.499825, 0.257002, 0.330311]
[0.39526, 0.486665, -0.499213, 0.436627, 0.327638]
[0.485436, 0.452039, -0.499712, 0.485386, 0.226668]
[0.463071, 0.413318, -0.498495, 0.315147, 0.35536]
[0.634781, 0.412807, -0.498656, 0.232031, 0.303734]
[0.381371, 0.36541, -0.499231, 0.293473, 0.077322]
[0.668652, 0.446379, -0.498874, 0.38639, 0.09299]
[0.588485, 0.404888, -0.499791, 0.449276, 0.027892]
[0.355413, 0.278459, -0.499467, 0.38761, 0.058312]
[0.583263, 0.171599, -0.499037, 0.257554, 0.275445]
[0.583515, 0.465919, -0.499541, 0.451993, 0.127331]
[0.381497, 0.15923, -0.498452, 0.22815, 0.432551]
[0.473093, 0.304684, -0.49942, 0.271026, 0.147625]
[0.33226, 0.194692, -0.498604, 0.26927, 0.224921]
[0.444126, 0.27563, -0.499982, 0.362587, 0.387831]
[0.660981, 0.165843, -0.498942, 0.357365, 0.257739]
[0.417667, 0.233091, -0.499851, 0.303419, 0.092971]
[0.365309, 0.265272, -0.499225, 0.238321, 0.478375]
[0.389269, 0.226892, -0.499517, 0.43761, 0.356613]
[0.632135, 0.283274, -0.49941, 0.31428, 0.316163]
[0.370859, 0.496057, -0.499484, 0.243285, 0.005531]
[0.297011, 0.388537, -0.499014, 0.28702, 0.434823]
[0.66224, 0.158459, -0.498821, 0.231895, 0.133973]
[0.373109, 0.366179, -0.499667, 0.300313, 0.062178]
[0.298284, 0.3584, -0.498513, 0.254757, 0.392119]
[0.362309, 0.35049, -0.498945, 0.433025, 0.46137]
[0.603484, 0.129151, -0.498501, 0.458862, 0.419037]
[0.557201, 0.465293, -0.498688, 0.245612, 0.416656]
[0.478908, 0.287103, -0.499942, 0.366858, 0.314565]
[0.401642, 0.264335, -0.498744, 0.454389, 0.021488]
[0.559619, 0.403431, -0.499986, 0.417827, 0.046966]
[0.673603, 0.497887, -0.498454, 0.453692, 0.105325]
[0.32754, 0.210816, -0.499052, 0.302918, 0.453593]
[0.464952, 0.33215, -0.498427, 0.494228, 0.487622]
[0.56527, 0.237468, -0.498857, 0.232238, 0.206437]
[0.479316, 0.246854, -0.499162, 0.430269, 0.360404]
[0.495217, 0.457664, -0.498841, 0.358332, 0.064514]
[0.552188, 0.291468, -0.498635, 0.345246, 0.362221]
[0.58394, 0.451235, -0.49975, 0.246988, 0.249936]
[0.337928, 0.493529, -0.499246, 0.237792, 0.415481]
[0.457496, 0.498724, -0.49967, 0.421619, 0.076115]
[0.56114, 0.293574, -0.499588, 0.315603, 0.384456]
[0.491141, 0.461822, -0.499704, 0.290769, 0.173065]
[0.467998, 0.386982, -0.498593, 0.473627, 0.287966]
[0.308764, 0.163954, -0.498689, 0.358014, 0.47133]
[0.621958, 0.458467, -0.499068, 0.24375, 0.324528]
[0.645841, 0.44259, -0.499988, 0.32549, 0.35235]
[0.459157, 0.204988, -0.499159, 0.302596, 0.312799]
[0.638968, 0.174175, -0.498409, 0.460818, 0.001829]
[0.586712, 0.486734, -0.498559, 0.354789, 0.324254]
[0.663873, 0.355225, -0.499606, 0.355721, 0.179095]
[0.35761, 0.264255, -0.499539, 0.496352, 0.173272]
[0.63046, 0.43288, -0.499809, 0.358316, 0.059874]
[0.437379, 0.247296, -0.499125, 0.424168, 0.093868]
[0.370196, 0.336821, -0.499176, 0.430017, 0.497251]
[0.44748, 0.480422, -0.498594, 0.298542, 0.460946]
[0.467305, 0.419367, -0.499353, 0.433459, 0.491749]
[0.393944, 0.439692, -0.498826, 0.421735, 0.282058]
[0.565432, 0.319279, -0.498747, 0.398698, 0.420354]
[0.551091, 0.296227, -0.499003, 0.493837, 0.407571]
[0.376093, 0.401693, -0.498876, 0.316545, 0.225867]
[0.517788, 0.438635, -0.499398, 0.476782, 0.016911]
[0.593193, 0.493658, -0.499048, 0.310138, 0.486579]
[0.469846, 0.469656, -0.499485, 0.268625, 0.055816]
[0.315284, 0.300826, -0.49997, 0.409933, 0.396508]
[0.428697, 0.128361, -0.499192, 0.381528, 0.011057]
[0.331381, 0.442935, -0.499695, 0.438062, 0.325796]
[0.612774, 0.321863, -0.498501, 0.233235, 0.432758]
[0.614109, 0.448126, -0.49864, 0.374732, 0.454933]
[0.365767, 0.179225, -0.498725, 0.368678, 0.230992]
[0.399728, 0.145225, -0.498982, 0.485536, 0.341057]
[0.585968, 0.207872, -0.498982, 0.490867, 0.257574]
[0.377568, 0.303556, -0.49933, 0.361986, 0.235246]
[0.430772, 0.330818, -0.49888, 0.347279, 0.225201]
[0.300991, 0.282465, -0.499548, 0.313173, 0.495778]
[0.445384, 0.366578, -0.498703, 0.419945, 0.367334]
[0.274365, 0.486765, -0.499434, 0.405398, 0.071319]
[0.369757, 0.246166, -0.499367, 0.304252, 0.452608]
[0.360186, 0.418262, -0.499887, 0.255084, 0.059122]
[0.477185, 0.148762, -0.499594, 0.281049, 0.470097]
[0.626041, 0.422728, -0.499078, 0.30294, 0.178581]
[0.579787, 0.359173, -0.49963, 0.476789, 0.421609]
[0.31014, 0.115525, -0.498818, 0.348029, 0.296824]
[0.519569, 0.200182, -0.498884, 0.453912, 0.47784]
[0.298812, 0.260267, -0.49843, 0.274281, 0.141073]
[0.57208, 0.272901, -0.499666, 0.378624, 0.274068]
[0.435139, 0.490704, -0.499931, 0.252957, 0.311358]
[0.326518, 0.206099, -0.499712, 0.32627, 0.027116]
[0.535615, 0.385994, -0.499248, 0.345084, 0.086787]
[0.660931, 0.127534, -0.49898, 0.347698, 0.111787]
[0.408858, 0.278168, -0.499043, 0.264271, 0.087414]
[0.461277, 0.156754, -0.498999, 0.30174, 0.303107]
[0.276116, 0.499435, -0.499423, 0.258856, 0.202619]
[0.442051, 0.187073, -0.499017, 0.471823, 0.249063]
[0.46292, 0.313071, -0.499041, 0.350024, 0.082721]
[0.587152, 0.495942, -0.498437, 0.322197, 0.343227]
[0.321446, 0.359703, -0.499576, 0.363969, 0.34623]
[0.285242, 0.422422, -0.499193, 0.496459, 0.368628]
[0.335801, 0.483612, -0.499154, 0.455495, 0.304572]
[0.588599, 0.256478, -0.499281, 0.410908, 0.390333]
[0.50701, 0.311769, -0.499705, 0.24648, 0.076518]
[0.300331, 0.461983, -0.499981, 0.495244, 0.207624]
[0.493099, 0.362693, -0.499125, 0.288673, 0.441853]
[0.360451, 0.421859, -0.499515, 0.312761, 0.055404]
[0.448093, 0.177134, -0.499561, 0.319371, 0.154065]
[0.510896, 0.151194, -0.49887, 0.309019, 0.170543]
[0.437079, 0.440206, -0.498591, 0.491146, 0.282318]
[0.362102, 0.47024, -0.499224, 0.319756, 0.13278]
[0.386279, 0.121218, -0.498674, 0.270365, 0.057117]
[0.347698, 0.432855, -0.499944, 0.335493, 0.34892]
[0.345976, 0.147041, -0.499557, 0.416696, 0.45714]
[0.309614, 0.383719, -0.49848, 0.273574, 0.329568]
[0.319325, 0.351834, -0.498941, 0.36785, 0.150344]
[0.554742, 0.420661, -0.499783, 0.383661, 0.339374]
[0.33269, 0.228953, -0.49846, 0.39734, 0.341551]
[0.34892, 0.403077, -0.499429, 0.348108, 0.372669]
[0.532496, 0.495401, -0.499134, 0.307149, 0.105875]
[0.568215, 0.231313, -0.498954, 0.371403, 0.03469]
[0.493029, 0.121826, -0.499639, 0.480176, 0.496481]
[0.501352, 0.421162, -0.498741, 0.474197, 0.186398]
[0.645491, 0.452541, -0.499649, 0.282943, 0.164412]
[0.269479, 0.310893, -0.49854, 0.400775, 0.061105]
[0.667912, 0.250908, -0.499852, 0.368727, 0.013836]
[0.297556, 0.142413, -0.499796, 0.312875, 0.143293]
[0.554456, 0.391565, -0.49982, 0.383595, 0.394601]
[0.485973, 0.404718, -0.498561, 0.281798, 0.460893]
[0.4062, 0.357664, -0.499762, 0.260451, 0.48357]
[0.357241, 0.139143, -0.498646, 0.227571, 0.077777]
[0.672629, 0.169406, -0.49897, 0.440664, 0.174403]
[0.473029, 0.394823, -0.499475, 0.488111, 0.431745]
[0.512051, 0.17749, -0.498449, 0.358032, 0.155453]
[0.355955, 0.367866, -0.499737, 0.297168, 0.308369]
[0.352579, 0.300231, -0.499057, 0.489222, 0.458976]
[0.670869, 0.404664, -0.499716, 0.258511, 0.365833]
[0.624221, 0.448835, -0.49913, 0.481711, 0.002891]
[0.561711, 0.379986, -0.498491, 0.282336, 0.28588]
[0.422374, 0.227596, -0.499324, 0.459556, 0.04377]
[0.333491, 0.202947, -0.499755, 0.256137, 0.207957]
[0.609858, 0.270568, -0.498671, 0.386205, 0.426473]
[0.56315, 0.23034, -0.499665, 0.395846, 0.23591]
[0.294204, 0.234683, -0.498605, 0.479873, 0.087329]
[0.669593, 0.174316, -0.498525, 0.324197, 0.441576]
[0.658745, 0.226876, -0.498946, 0.291784, 0.153383]
[0.398503, 0.321749, -0.499184, 0.228909, 0.383393]
[0.377241, 0.185472, -0.499729, 0.434031, 0.225468]
[0.599128, 0.474966, -0.499877, 0.398789, 0.200323]
[0.465493, 0.272318, -0.499179, 0.417325, 0.126174]
[0.676992, 0.280158, -0.498619, 0.260786, 0.454713]
[0.456202, 0.18688, -0.499241, 0.361775, 0.017706]
[0.37398, 0.36206, -0.498439, 0.25022, 0.352838]
[0.323351, 0.411528, -0.499029, 0.363173, 0.461568]
[0.482553, 0.227603, -0.499031, 0.435008, 0.351694]
[0.458965, 0.115796, -0.499896, 0.366552, 0.413708]
[0.445516, 0.206928, -0.499531, 0.326125, 0.206001]
[0.649744, 0.441335, -0.499104, 0.254505, 0.153026]
[0.557212, 0.143611, -0.499585, 0.493942, 0.117485]
[0.644824, 0.305336, -0.498814, 0.324535, 0.309523]
[0.283599, 0.221629, -0.498907, 0.303458, 0.313786]
[0.450829, 0.164647, -0.499705, 0.489839, 0.208959]
[0.418856, 0.172583, -0.49929, 0.339316, 0.128916]
[0.484629, 0.390126, -0.499523, 0.470447, 0.000472]
[0.534777, 0.37972, -0.499607, 0.449787, 0.114508]
[0.62062, 0.370163, -0.499018, 0.274533, 0.290004]
[0.371303, 0.288451, -0.499815, 0.251431, 0.325098]
[0.488243, 0.489899, -0.499477, 0.346934, 0.380472]
[0.469668, 0.141032, -0.499816, 0.303452, 0.099767]
[0.462569, 0.318347, -0.499274, 0.353042, 0.477346]
[0.273427, 0.336287, -0.498514, 0.30056, 0.377974]
[0.537205, 0.242147, -0.498834, 0.343895, 0.129355]
[0.643017, 0.315948, -0.498953, 0.418817, 0.049891]
[0.549125, 0.276332, -0.498411, 0.287724, 0.450436]
[0.552121, 0.221426, -0.498788, 0.400276, 0.342175]
[0.44357, 0.223571, -0.498649, 0.374996, 0.174385]
[0.404519, 0.120874, -0.499083, 0.49751, 0.103915]
[0.457391, 0.493461, -0.499252, 0.428509, 0.290641]
[0.65149, 0.437802, -0.499121, 0.422665, 0.236264]
[0.591126, 0.210589, -0.49934, 0.430513, 0.090904]
[0.323863, 0.228099, -0.49988, 0.463846, 0.147285]
[0.636565, 0.345989, -0.498963, 0.262748, 0.408973]
[0.554164, 0.327659, -0.499409, 0.420409, 0.411474]
[0.416698, 0.182779, -0.499567, 0.288175, 0.256842]
[0.459103, 0.453104, -0.498829, 0.282222, 0.486049]
[0.65294, 0.142441, -0.499889, 0.488183, 0.453923]
[0.482314, 0.495489, -0.499942, 0.407213, 0.072372]
[0.622682, 0.238515, -0.499502, 0.46283, 0.303549]
[0.35745, 0.418836, -0.49948, 0.32009, 0.465416]
[0.571379, 0.421539, -0.498606, 0.374551, 0.450184]
[0.518872, 0.326079, -0.499996, 0.434455, 0.099011]
[0.55601, 0.309145, -0.499846, 0.390631, 0.198482]
[0.498865, 0.213788, -0.4992, 0.471083, 0.339399]
[0.338673, 0.350302, -0.498501, 0.351414, 0.212328]
[0.469315, 0.120073, -0.499325, 0.420725, 0.264997]
[0.64621, 0.294136, -0.499883, 0.270583, 0.171772]
[0.585, 0.315969, -0.498562, 0.356816, 0.21689]
[0.565334, 0.12168, -0.49883, 0.289443, 0.122719]
[0.274575, 0.299115, -0.499523, 0.434451, 0.343036]
[0.433671, 0.24539, -0.499488, 0.465679, 0.085452]
[0.462375, 0.207327, -0.498917, 0.429463, 0.052013]
[0.29238, 0.195922, -0.498808, 0.359426, 0.156998]
[0.599459, 0.266266, -0.499247, 0.341265, 0.095206]
[0.36209, 0.170733, -0.499794, 0.264496, 0.185343]
[0.398261, 0.362678, -0.499729, 0.318012, 0.007498]
[0.32459, 0.287378, -0.499113, 0.396712, 0.264318]
[0.285798, 0.486919, -0.499771, 0.449228, 0.477263]
[0.413838, 0.270618, -0.498565, 0.375258, 0.007195]
[0.568169, 0.302019, -0.499809, 0.496548, 0.01375]
[0.454308, 0.295597, -0.499376, 0.308733, 0.27719]
[0.545399, 0.338005, -0.49957, 0.455932, 0.435759]
[0.586968, 0.276384, -0.498555, 0.234491, 0.083375]
[0.512693, 0.475696, -0.498759, 0.395125, 0.177997]
[0.430695, 0.493276, -0.499413, 0.314464, 0.150758]
[0.406207, 0.39048, -0.499321, 0.318348, 0.429216]
[0.358899, 0.260804, -0.498881, 0.240098, 0.229537]
[0.523035, 0.481891, -0.499975, 0.4002, 0.317947]
[0.599904, 0.25893, -0.499142, 0.38555, 0.005017]
[0.634013, 0.265148, -0.499735, 0.267936, 0.202898]
[0.312787, 0.424711, -0.499718, 0.420677, 0.283683]
[0.580644, 0.132829, -0.498658, 0.228386, 0.146106]
[0.436388, 0.418578, -0.499132, 0.387888, 0.379907]
[0.278321, 0.435512, -0.49921, 0.238046, 0.428261]
[0.422401, 0.254433, -0.498939, 0.371737, 0.266776]
[0.579596, 0.346106, -0.499148, 0.286219, 0.301307]
[0.283872, 0.263272, -0.498919, 0.321438, 0.205775]
[0.653151, 0.16769, -0.49883, 0.237976, 0.293517]
[0.33607, 0.478469, -0.49903, 0.347009, 0.369688]
[0.486369, 0.276072, -0.499967, 0.302365, 0.397664]
[0.443353, 0.369285, -0.499677, 0.489475, 0.381166]
[0.507093, 0.365255, -0.499956, 0.401212, 0.161936]
[0.568048, 0.459574, -0.49904, 0.371388, 0.115807]
[0.537397, 0.206074, -0.498732, 0.382616, 0.495297]
[0.365883, 0.258408, -0.499773, 0.355193, 0.091807]
[0.413961, 0.47727, -0.49946, 0.366573, 0.193752]
[0.330925, 0.239827, -0.499954, 0.330816, 0.096446]
[0.488501, 0.258709, -0.499983, 0.361938, 0.287733]
[0.636351, 0.17761, -0.499013, 0.258428, 0.311874]
[0.410642, 0.369429, -0.499484, 0.427312, 0.124295]
[0.660563, 0.419951, -0.499914, 0.259121, 0.43126]
[0.336783, 0.315788, -0.498478, 0.305938, 0.276576]
[0.305772, 0.470102, -0.498499, 0.342649, 0.458607]
[0.513153, 0.168108, -0.499741, 0.316174, 0.116947]
[0.281305, 0.143832, -0.499692, 0.258243, 0.145662]
[0.52832, 0.445776, -0.498772, 0.360428, 0.138875]
[0.663102, 0.188805, -0.499227, 0.432631, 0.311416]
[0.280495, 0.168548, -0.498756, 0.291272, 0.086205]
[0.570119, 0.235879, -0.49868, 0.231125, 0.113214]
[0.595985, 0.397898, -0.498585, 0.452936, 0.327999]
[0.536417, 0.439459, -0.499309, 0.448098, 0.331017]
[0.317263, 0.254125, -0.499675, 0.290634, 0.15888]
[0.67757, 0.139588, -0.498874, 0.406533, 0.394307]
[0.610161, 0.459745, -0.498496, 0.47698, 0.042526]
[0.523288, 0.420508, -0.499286, 0.415209, 0.369834]
[0.439032, 0.499169, -0.499908, 0.442633, 0.41446]
[0.58921, 0.161462, -0.4995, 0.432449, 0.410396]
[0.489695, 0.320104, -0.498574, 0.416802, 0.118732]
[0.426695, 0.317891, -0.498636, 0.358974, 0.404591]
[0.649551, 0.216921, -0.499655, 0.450594, 0.23029]
[0.453002, 0.406931, -0.499786, 0.233453, 0.233638]
[0.547707, 0.437085, -0.499946, 0.342373, 0.150847]
[0.454158, 0.373222, -0.498453, 0.326648, 0.013686]
[0.443349, 0.226067, -0.498579, 0.435266, 0.288814]
[0.549372, 0.372481, -0.498567, 0.315304, 0.372737]
[0.627165, 0.379543, -0.498833, 0.311817, 0.176832]
[0.449864, 0.139826, -0.499517, 0.422152, 0.138323]
[0.457861, 0.380976, -0.499783, 0.288034, 0.331178]
[0.565595, 0.412211, -0.499377, 0.344812, 0.075184]
[0.347569, 0.347818, -0.499297, 0.41282, 0.051925]
[0.459208, 0.337853, -0.499467, 0.335781, 0.181722]
[0.454017, 0.256111, -0.4989, 0.258683, 0.385861]
[0.642024, 0.294672, -0.499581, 0.491188, 0.255065]
[0.452412, 0.419271, -0.499921, 0.39522, 0.474849]
[0.320096, 0.408444, -0.499375, 0.244821, 0.236386]
[0.375856, 0.283602, -0.499628, 0.234899, 0.284836]
[0.455744, 0.197504, -0.499148, 0.443126, 0.06871]
[0.295248, 0.148851, -0.498783, 0.379624, 0.174344]
[0.425227, 0.394575, -0.498727, 0.353641, 0.426137]
[0.426772, 0.243798, -0.499523, 0.42799, 0.180667]
[0.644888, 0.376716, -0.498414, 0.342384, 0.045595]
[0.274864, 0.461857, -0.498633, 0.339375, 0.312296]
[0.305257, 0.253262, -0.499097, 0.445331, 0.329422]
[0.377245, 0.239849, -0.498669, 0.334297, 0.250687]
[0.606478, 0.317177, -0.499074, 0.290702, 0.164966]
[0.314085, 0.378725, -0.498804, 0.337379, 0.316795]
[0.384013, 0.267862, -0.498684, 0.404589, 0.314082]
[0.302793, 0.381348, -0.499618, 0.321015, 0.270657]
[0.312637, 0.400575, -0.499729, 0.375358, 0.002632]
[0.329354, 0.262668, -0.498736, 0.433287, 0.204408]
[0.329884, 0.30285, -0.498976, 0.453864, 0.007273]
[0.520498, 0.154266, -0.499457, 0.366863, 0.238127]
[0.56049, 0.498984, -0.499087, 0.239763, 0.190725]
[0.398821, 0.230735, -0.498455, 0.294756, 0.245703]
[0.306011, 0.125954, -0.499274, 0.468929, 0.03563]
[0.56944, 0.235845, -0.499966, 0.451545, 0.120045]
[0.464366, 0.23034, -0.498649, 0.289408, 0.158307]
[0.507264, 0.308032, -0.498573, 0.316105, 0.243612]
[0.67901, 0.320468, -0.499772, 0.44669, 0.196105]
[0.289614, 0.483233, -0.49956, 0.243863, 0.348732]
[0.403418, 0.32759, -0.499219, 0.421519, 0.341956]
[0.56979, 0.342135, -0.499006, 0.375099, 0.018331]
[0.53575, 0.148903, -0.499854, 0.346838, 0.238472]
[0.613379, 0.230666, -0.498624, 0.422807, 0.299666]
[0.316243, 0.261563, -0.499608, 0.27521, 0.264937]
[0.399396, 0.487939, -0.498669, 0.301537, 0.045688]
[0.658635, 0.243813, -0.499685, 0.266921, 0.389949]
[0.446922, 0.289563, -0.499334, 0.3006, 0.2162]
[0.405933, 0.132519, -0.498467, 0.290727, 0.010317]
[0.538125, 0.239924, -0.499948, 0.443727, 0.281702]
[0.439795, 0.480038, -0.498433, 0.353075, 0.444752]
[0.310038, 0.471098, -0.499734, 0.283466, 0.206272]
[0.593789, 0.293398, -0.499738, 0.451077, 0.284589]
[0.631022, 0.254048, -0.499253, 0.266097, 0.089496]
[0.375313, 0.468362, -0.498821, 0.487987, 0.046085]
[0.423887, 0.32183, -0.499804, 0.480814, 0.191079]
[0.508903, 0.144353, -0.499396, 0.499069, 0.360634]
[0.623671, 0.335163, -0.499625, 0.331342, 0.001728]
[0.602277, 0.22598, -0.499601, 0.411182, 0.208429]
[0.446891, 0.404605, -0.498647, 0.324261, 0.087339]
[0.422988, 0.354555, -0.498683, 0.306181, 0.381698]
[0.305494, 0.286029, -0.498913, 0.241859, 0.195635]
[0.570192, 0.245778, -0.499825, 0.269139, 0.281353]
[0.507122, 0.209147, -0.498719, 0.414018, 0.34255]
[0.575562, 0.184945, -0.498429, 0.267281, 0.362257]
[0.300867, 0.178623, -0.499971, 0.346291, 0.080795]
[0.425133, 0.313567, -0.499639, 0.475535, 0.459405]
[0.529711, 0.298617, -0.499358, 0.434011, 0.413535]
[0.537041, 0.112584, -0.499502, 0.264176, 0.398987]
[0.578998, 0.318734, -0.499226, 0.405481, 0.035566]
[0.610694, 0.2578, -0.499801, 0.486691, 0.173241]
[0.536389, 0.166203, -0.499545, 0.392701, 0.312468]
[0.493814, 0.144808, -0.49918, 0.454534, 0.20497]
[0.617994, 0.206994, -0.498491, 0.282928, 0.141974]
[0.388168, 0.118074, -0.499003, 0.276972, 0.103947]
[0.446137, 0.179042, -0.498968, 0.485695, 0.421247]
[0.390995, 0.214727, -0.49859, 0.487616, 0.184144]
[0.586134, 0.265617, -0.499653, 0.297081, 0.406573]
[0.589874, 0.311656, -0.499016, 0.350433, 0.429134]
[0.310106, 0.242133, -0.499353, 0.379697, 0.419054]
[0.4896, 0.381705, -0.498715, 0.442424, 0.385783]
[0.333878, 0.441488, -0.49847, 0.260694, 0.476457]
[0.287138, 0.42622, -0.498678, 0.322843, 0.302504]
[0.399655, 0.470699, -0.4986, 0.328223, 0.45022]
[0.543278, 0.408334, -0.499338, 0.441042, 0.262442]
[0.349419, 0.43972, -0.499059, 0.455337, 0.41207]
[0.561812, 0.482936, -0.498983, 0.37309, 0.204987]
[0.272135, 0.39855, -0.498717, 0.461103, 0.376049]
[0.485106, 0.410129, -0.499749, 0.256968, 0.449492]
[0.356363, 0.388919, -0.498445, 0.457772, 0.291494]
[0.275, 0.131196, -0.498969, 0.46732, 0.001553]
[0.616833, 0.264041, -0.498617, 0.465959, 0.000549]
[0.463568, 0.190201, -0.498481, 0.257462, 0.265355]
[0.331171, 0.489082, -0.499996, 0.331802, 0.411201]
[0.415292, 0.250863, -0.499228, 0.305221, 0.427855]
[0.508992, 0.213153, -0.499495, 0.449999, 0.231845]
[0.32851, 0.194604, -0.498931, 0.249086, 0.215372]
[0.44715, 0.211454, -0.498593, 0.259296, 0.289568]
[0.405376, 0.337685, -0.499365, 0.403826, 0.353142]
[0.479444, 0.440824, -0.498584, 0.454417, 0.087264]
[0.599478, 0.459683, -0.499929, 0.498594, 0.471674]
[0.412757, 0.180634, -0.499008, 0.230325, 0.283712]
[0.640667, 0.471838, -0.498473, 0.438578, 0.340355]
[0.55851, 0.330568, -0.498752, 0.493066, 0.102122]
[0.465403, 0.240381, -0.49893, 0.271495, 0.007944]
[0.445198, 0.315584, -0.49948, 0.409345, 0.461744]
[0.543926, 0.356058, -0.499831, 0.491097, 0.203812]
[0.519808, 0.226402, -0.498953, 0.252686, 0.056516]
[0.497165, 0.475956, -0.499092, 0.414717, 0.472478]
[0.578237, 0.114769, -0.499435, 0.342936, 0.120782]
[0.314828, 0.130645, -0.498449, 0.360024, 0.440545]
[0.646979, 0.35176, -0.499845, 0.266748, 0.285367]
[0.622307, 0.209504, -0.499921, 0.3207, 0.188701]
[0.55118, 0.457796, -0.499527, 0.234128, 0.031973]
[0.591597, 0.280871, -0.498984, 0.236368, 0.423819]
[0.333618, 0.17349, -0.499495, 0.295121, 0.352799]
[0.366886, 0.450177, -0.499282, 0.393701, 0.048273]
[0.414363, 0.197047, -0.498742, 0.459464, 0.491233]
[0.445896, 0.391903, -0.499085, 0.48041, 0.149847]
[0.425904, 0.433899, -0.498838, 0.259545, 0.185505]
[0.584556, 0.397954, -0.498874, 0.481516, 0.121739]
[0.352392, 0.370919, -0.499225, 0.34092, 0.187536]
[0.619338, 0.178487, -0.498699, 0.304372, 0.17183]
[0.371603, 0.499296, -0.498897, 0.496327, 0.46777]
[0.430775, 0.15596, -0.499995, 0.389573, 0.211452]
[0.659107, 0.498458, -0.498534, 0.364713, 0.468785]
[0.55471, 0.1169, -0.499745, 0.296647, 0.486998]
[0.439967, 0.131221, -0.499286, 0.361486, 0.153201]
[0.66272, 0.387592, -0.499656, 0.399179, 0.253542]
[0.657998, 0.44079, -0.499447, 0.398649, 0.053855]
[0.633584, 0.177066, -0.499083, 0.448666, 0.252786]
[0.401522, 0.427602, -0.499055, 0.378165, 0.227325]
[0.375099, 0.356349, -0.499581, 0.382282, 0.071288]
[0.642352, 0.352852, -0.498576, 0.496951, 0.291144]
[0.657164, 0.15719, -0.499279, 0.295621, 0.028453]
[0.64466, 0.336132, -0.499639, 0.462535, 0.321135]
[0.584177, 0.135701, -0.499627, 0.270423, 0.306533]
[0.2706, 0.258212, -0.49911, 0.444341, 0.396666]
[0.654153, 0.372511, -0.499554, 0.443319, 0.473263]
[0.484517, 0.322538, -0.499249, 0.424321, 0.043819]
[0.296715, 0.136819, -0.498837, 0.489986, 0.227562]
[0.574349, 0.285333, -0.498725, 0.429005, 0.15011]
[0.570129, 0.434539, -0.499977, 0.47738, 0.246758]
[0.369146, 0.140431, -0.499221, 0.343245, 0.441253]
[0.531113, 0.46261, -0.499766, 0.376236, 0.021689]
[0.503584, 0.300122, -0.499561, 0.279309, 0.221962]
[0.402591, 0.267586, -0.499555, 0.249023, 0.147629]
[0.565138, 0.235166, -0.499831, 0.385661, 0.399297]
[0.494982, 0.215651, -0.498603, 0.367697, 0.026701]
[0.567486, 0.151149, -0.498496, 0.372846, 0.419509]
[0.330528, 0.269637, -0.499255, 0.355634, 0.029632]
[0.540669, 0.327516, -0.499753, 0.326035, 0.255582]
[0.514242, 0.432658, -0.498458, 0.447863, 0.354239]
[0.555168, 0.491322, -0.4989, 0.468959, 0.366131]
[0.433116, 0.434206, -0.499519, 0.41617, 0.014929]
[0.425037, 0.319275, -0.49856, 0.404118, 0.066871]
[0.561779, 0.264949, -0.498585, 0.36601, 0.067861]
[0.522722, 0.400415, -0.498522, 0.250306, 0.325958]
[0.60871, 0.143677, -0.499794, 0.387575, 0.352684]
[0.292928, 0.176966, -0.498563, 0.443745, 0.34418]
[0.502024, 0.158241, -0.499132, 0.478517, 0.09085]
[0.545728, 0.378071, -0.499694, 0.298761, 0.44305]
[0.303444, 0.362846, -0.49868, 0.229466, 0.404784]
[0.495895, 0.345434, -0.499626, 0.446383, 0.070549]
[0.39089, 0.341063, -0.498725, 0.471622, 0.253204]
[0.675162, 0.390068, -0.499781, 0.444441, 0.023252]
[0.539693, 0.452412, -0.499967, 0.269842, 0.487589]
[0.485757, 0.332412, -0.499935, 0.26272, 0.414119]
[0.309895, 0.417053, -0.499529, 0.38728, 0.398057]
[0.470336, 0.252773, -0.499667, 0.493592, 0.327507]
[0.485656, 0.272722, -0.499616, 0.454958, 0.338898]
[0.630691, 0.260287, -0.499988, 0.272279, 0.051649]
[0.669191, 0.263855, -0.499051, 0.308567, 0.437579]
[0.55986, 0.303485, -0.499649, 0.470349, 0.15471]
[0.614837, 0.436962, -0.499338, 0.476358, 0.379367]
[0.379336, 0.138107, -0.4986, 0.391668, 0.204288]
[0.627922, 0.481746, -0.499027, 0.423936, 0.037369]
[0.338145, 0.340618, -0.498631, 0.313836, 0.173507]
[0.53357, 0.116371, -0.498739, 0.388784, 0.189483]
[0.35206, 0.303993, -0.499283, 0.412098, 0.412794]
[0.581804, 0.331664, -0.499172, 0.470743, 0.49333]
[0.557614, 0.269472, -0.498875, 0.365111, 0.30172]
[0.518289, 0.441784, -0.499775, 0.499469, 0.115377]
[0.672649, 0.324723, -0.498665, 0.327783, 0.282082]
[0.550466, 0.353459, -0.499865, 0.347588, 0.376424]
[0.666063, 0.173029, -0.498642, 0.492444, 0.26665]
[0.347916, 0.235315, -0.498616, 0.309528, 0.173583]
[0.513292, 0.386469, -0.498642, 0.274682, 0.139105]
[0.54445, 0.473088, -0.499569, 0.239788, 0.360545]
[0.479544, 0.280855, -0.498818, 0.404251, 0.069516]
[0.565825, 0.442158, -0.499223, 0.328359, 0.409146]
[0.460661, 0.4653, -0.498858, 0.277369, 0.112843]
[0.517411, 0.234644, -0.49986, 0.350841, 0.398892]
[0.675978, 0.169954, -0.499207, 0.374649, 0.452757]
[0.301197, 0.191108, -0.499569, 0.485727, 0.03917]
[0.372586, 0.28516, -0.499834, 0.370629, 0.4314]
[0.337329, 0.458944, -0.499074, 0.302963, 0.287716]
[0.435355, 0.151837, -0.499013, 0.303888, 0.39154]
[0.486718, 0.157892, -0.499304, 0.46063, 0.082079]
[0.3937, 0.257636, -0.498793, 0.471974, 0.292539]
[0.578888, 0.442339, -0.499641, 0.378801, 0.195802]
[0.351469, 0.417828, -0.499556, 0.245117, 0.185067]
[0.493241, 0.303835, -0.499608, 0.441578, 0.309014]
[0.364899, 0.171523, -0.499315, 0.249782, 0.288457]
[0.676227, 0.114049, -0.499954, 0.236563, 0.259068]
[0.363852, 0.27421, -0.49893, 0.309323, 0.429367]
[0.349946, 0.412522, -0.498852, 0.320596, 0.130818]
[0.555986, 0.189551, -0.499027, 0.472042, 0.274573]
[0.482771, 0.231283, -0.499164, 0.302, 0.165678]
[0.331584, 0.380418, -0.498844, 0.321843, 0.318342]
[0.486241, 0.452065, -0.498999, 0.471539, 0.425639]
[0.5658, 0.479611, -0.499495, 0.361592, 0.234769]
[0.342009, 0.379048, -0.499964, 0.407334, 0.183089]
[0.326096, 0.252954, -0.499229, 0.269859, 0.064616]
[0.499862, 0.390455, -0.499146, 0.326113, 0.475385]
[0.476414, 0.408291, -0.499918, 0.361403, 0.482711]
[0.555193, 0.312242, -0.499259, 0.431641, 0.230916]
[0.600657, 0.333104, -0.499901, 0.492694, 0.145057]
[0.422468, 0.166433, -0.499062, 0.362195, 0.1864]
[0.521197, 0.135242, -0.499937, 0.490242, 0.142063]
[0.596068, 0.160142, -0.499371, 0.365947, 0.300517]
[0.418551, 0.252954, -0.49911, 0.275074, 0.022598]
[0.564225, 0.353673, -0.498596, 0.377723, 0.161825]
[0.352413, 0.274098, -0.499884, 0.259469, 0.037475]
[0.439631, 0.135912, -0.498474, 0.385002, 0.119099]
[0.424325, 0.409173, -0.499597, 0.39578, 0.22468]
[0.311269, 0.169499, -0.499007, 0.323135, 0.099706]
[0.453461, 0.387562, -0.498913, 0.394069, 0.393434]
[0.674106, 0.492471, -0.499518, 0.276514, 0.072168]
[0.575216, 0.127395, -0.498431, 0.484492, 0.399779]
[0.550448, 0.287391, -0.498526, 0.23768, 0.446902]
[0.307019, 0.294655, -0.498634, 0.239232, 0.442905]
[0.334838, 0.486191, -0.498587, 0.410175, 0.307789]
[0.467624, 0.316522, -0.49853, 0.380753, 0.158289]
[0.571637, 0.143997, -0.498569, 0.286501, 0.26303]
[0.583226, 0.308941, -0.498795, 0.344967, 0.089385]
[0.505304, 0.327099, -0.498549, 0.464191, 0.304626]
[0.485824, 0.362621, -0.498982, 0.353089, 0.153966]
[0.593009, 0.486588, -0.498429, 0.279713, 0.29089]
[0.296006, 0.398991, -0.499138, 0.257907, 0.385948]
[0.566387, 0.473135, -0.49908, 0.270889, 0.397028]
[0.640762, 0.493025, -0.498838, 0.462361, 0.398849]
[0.482505, 0.251155, -0.499431, 0.421878, 0.349108]
[0.413752, 0.179367, -0.499104, 0.491503, 0.294255]
[0.623034, 0.17916, -0.499158, 0.34466, 0.261077]
[0.476087, 0.411938, -0.498628, 0.476011, 0.019956]
[0.445532, 0.127741, -0.498579, 0.249248, 0.13417]
[0.303525, 0.160326, -0.499427, 0.48992, 0.014821]
[0.469176, 0.383055, -0.499238, 0.32408, 0.28326]
[0.543343, 0.26429, -0.499984, 0.491855, 0.303162]
[0.529933, 0.155043, -0.499223, 0.446988, 0.487179]
[0.620834, 0.229602, -0.498519, 0.46443, 0.460615]
[0.30554, 0.190353, -0.499001, 0.326741, 0.221957]
[0.323263, 0.486636, -0.498865, 0.273921, 0.371092]
[0.386277, 0.417836, -0.499307, 0.429491, 0.089425]
[0.558387, 0.177091, -0.499227, 0.251134, 0.066706]
[0.408623, 0.123564, -0.498888, 0.357536, 0.389058]
[0.421401, 0.438546, -0.499958, 0.305268, 0.371889]
[0.461958, 0.334508, -0.49972, 0.38827, 0.218271]
[0.560755, 0.234917, -0.499139, 0.435335, 0.057264]
[0.610669, 0.310133, -0.499087, 0.365479, 0.173262]
[0.311867, 0.201958, -0.498736, 0.491991, 0.006113]
[0.514531, 0.341898, -0.498792, 0.395997, 0.44503]
[0.621969, 0.24526, -0.498801, 0.395361, 0.114342]
[0.370646, 0.147986, -0.498987, 0.312684, 0.409384]
[0.621577, 0.316294, -0.49843, 0.370303, 0.151087]
[0.673382, 0.178453, -0.499598, 0.270175, 0.008655]
[0.645455, 0.499463, -0.499159, 0.313677, 0.225626]
[0.327713, 0.222555, -0.499732, 0.301767, 0.34063]
[0.557825, 0.162107, -0.499299, 0.431676, 0.180117]
[0.445849, 0.305357, -0.498667, 0.282592, 0.283448]
[0.611599, 0.257707, -0.499094, 0.318591, 0.264319]
[0.631728, 0.458149, -0.499497, 0.301886, 0.046529]
[0.333277, 0.44887, -0.498901, 0.322075, 0.488955]
[0.669247, 0.226796, -0.499557, 0.235031, 0.276357]
[0.462968, 0.46657, -0.498596, 0.332944, 0.354423]
[0.354464, 0.179198, -0.499377, 0.351918, 0.017925]
[0.368952, 0.293201, -0.499863, 0.298468, 0.031951]
[0.339386, 0.29196, -0.498921, 0.496189, 0.06429]
[0.321336, 0.235846, -0.499449, 0.279092, 0.459653]
[0.345738, 0.266726, -0.498567, 0.336446, 0.009043]
[0.64381, 0.148846, -0.499892, 0.246852, 0.174086]
[0.433568, 0.232054, -0.498618, 0.47096, 0.177976]
[0.469148, 0.458471, -0.499616, 0.419755, 0.349541]
[0.288208, 0.113136, -0.499553, 0.24446, 0.121339]
[0.408939, 0.176659, -0.499371, 0.235132, 0.214337]
[0.658319, 0.295093, -0.498575, 0.341047, 0.256323]
[0.512095, 0.26077, -0.498909, 0.269966, 0.156964]
[0.539421, 0.320529, -0.499746, 0.430525, 0.249431]
[0.594065, 0.150773, -0.498571, 0.43279, 0.101692]
[0.645857, 0.368238, -0.49887, 0.425797, 0.396506]
[0.275441, 0.163713, -0.498783, 0.344899, 0.256732]
[0.288593, 0.119208, -0.499349, 0.42599, 0.197582]
[0.425509, 0.20333, -0.49986, 0.344181, 0.15682]
[0.412523, 0.28157, -0.498713, 0.284367, 0.490604]
[0.368098, 0.28359, -0.49952, 0.363402, 0.422044]
[0.649671, 0.135635, -0.499781, 0.432468, 0.336212]
[0.334568, 0.388249, -0.498943, 0.404056, 0.276526]
[0.327502, 0.24786, -0.499635, 0.420214, 0.075116]
[0.347872, 0.314958, -0.499169, 0.461451, 0.053188]
[0.629629, 0.33924, -0.498668, 0.302319, 0.459164]
[0.669756, 0.157708, -0.498461, 0.260825, 0.48558]
[0.288041, 0.288579, -0.498578, 0.254726, 0.476867]
[0.461918, 0.440472, -0.499856, 0.285232, 0.479326]
[0.594111, 0.355853, -0.498908, 0.405297, 0.234162]
[0.300968, 0.435775, -0.499212, 0.268262, 0.230645]
[0.358304, 0.40957, -0.499444, 0.232998, 0.464359]
[0.370556, 0.209431, -0.499917, 0.341908, 0.233131]
[0.293459, 0.12164, -0.498609, 0.354477, 0.487526]
[0.390651, 0.482249, -0.499228, 0.250123, 0.316184]
[0.280313, 0.425719, -0.498918, 0.298304, 0.022147]
[0.379011, 0.171269, -0.49998, 0.259016, 0.165497]
[0.353766, 0.383426, -0.499678, 0.295454, 0.289925]
[0.284453, 0.126132, -0.499526, 0.375879, 0.207606]
[0.341627, 0.3414, -0.49987, 0.464755, 0.220285]
[0.614218, 0.248779, -0.499352, 0.264488, 0.221986]
[0.654962, 0.441055, -0.499542, 0.486431, 0.095572]
[0.474944, 0.330801, -0.499372, 0.231608, 0.064013]
[0.397485, 0.261052, -0.499481, 0.25144, 0.185266]
[0.292636, 0.39113, -0.49857, 0.256367, 0.156516]
[0.536307, 0.37172, -0.49971, 0.306402, 0.10174]
[0.514212, 0.49926, -0.498711, 0.291169, 0.368418]
[0.275855, 0.444116, -0.499867, 0.411935, 0.280656]
[0.318463, 0.395321, -0.499713, 0.432349, 0.367435]
[0.439536, 0.154933, -0.498993, 0.445976, 0.19293]
[0.397909, 0.450667, -0.498673, 0.236048, 0.464667]
[0.331289, 0.134884, -0.498684, 0.466827, 0.071925]
[0.498362, 0.217265, -0.498989, 0.330198, 0.469423]
[0.38277, 0.132975, -0.499111, 0.381694, 0.463089]
[0.326847, 0.445581, -0.499128, 0.234947, 0.460942]
[0.277718, 0.443892, -0.499527, 0.291902, 0.412393]
[0.484019, 0.211075, -0.498653, 0.377874, 0.481694]
[0.595447, 0.44341, -0.499765, 0.236308, 0.060234]
[0.464981, 0.313062, -0.498822, 0.367124, 0.461127]
[0.345755, 0.401623, -0.498826, 0.415674, 0.42134]
[0.389403, 0.251157, -0.499677, 0.306549, 0.372331]
[0.433377, 0.256671, -0.498449, 0.491101, 0.044814]
[0.474938, 0.366234, -0.498559, 0.385557, 0.351843]
[0.289007, 0.44751, -0.49915, 0.27163, 0.473334]
[0.351317, 0.431365, -0.498494, 0.439753, 0.036036]
[0.671235, 0.178481, -0.499872, 0.242889, 0.016508]
[0.274089, 0.454405, -0.498963, 0.232625, 0.148432]
[0.327721, 0.244652, -0.499078, 0.432787, 0.189007]
[0.366317, 0.255077, -0.499411, 0.296601, 0.385144]
[0.585701, 0.270013, -0.499666, 0.485031, 0.25704]
[0.360295, 0.345094, -0.498762, 0.379617, 0.416609]
[0.575401, 0.262967, -0.49988, 0.240449, 0.266823]
[0.588732, 0.488017, -0.499605, 0.371682, 0.098547]
[0.426597, 0.339183, -0.498539, 0.391053, 0.083333]
[0.549536, 0.178167, -0.499029, 0.311489, 0.300043]
[0.609582, 0.33039, -0.499359, 0.350666, 0.278507]
[0.564272, 0.259162, -0.499963, 0.350933, 0.353741]
[0.405426, 0.374647, -0.498726, 0.36884, 0.258573]
[0.386294, 0.354086, -0.499496, 0.311546, 0.100797]
[0.355232, 0.218779, -0.49989, 0.440197, 0.149281]
[0.589274, 0.467742, -0.499191, 0.380734, 0.125191]
[0.285532, 0.428144, -0.498424, 0.437212, 0.47113]
[0.401821, 0.133389, -0.499017, 0.48698, 0.195595]
[0.591202, 0.305157, -0.498541, 0.393471, 0.193655]
[0.461995, 0.354936, -0.499682, 0.462525, 0.426224]
[0.643155, 0.307327, -0.498891, 0.483107, 0.373223]
[0.534946, 0.46576, -0.499095, 0.322818, 0.465132]
[0.481374, 0.158927, -0.499287, 0.257837, 0.013097]
[0.545425, 0.485896, -0.499523, 0.38507, 0.229419]
[0.290184, 0.135747, -0.498562, 0.252339, 0.26782]
[0.454939, 0.495105, -0.49982, 0.36058, 0.122177]
[0.29996, 0.231946, -0.499223, 0.364106, 0.303646]
[0.446051, 0.457022, -0.49884, 0.474109, 0.082726]
[0.279057, 0.287276, -0.499963, 0.477949, 0.315017]
[0.271134, 0.482594, -0.49954, 0.429069, 0.178803]
[0.491939, 0.280154, -0.499103, 0.43174, 0.034398]
[0.370533, 0.197937, -0.499965, 0.231575, 0.184206]
[0.591269, 0.199544, -0.49894, 0.371558, 0.404585]
[0.604913, 0.491287, -0.49894, 0.281961, 0.166644]
[0.645177, 0.219906, -0.498735, 0.243907, 0.301462]
[0.547043, 0.44032, -0.499269, 0.470121, 0.110614]
[0.603692, 0.358128, -0.499275, 0.445473, 0.287203]
[0.598085, 0.446211, -0.49948, 0.494187, 0.231314]
[0.326273, 0.248804, -0.499764, 0.244093, 0.470186]
[0.590595, 0.48406, -0.499343, 0.388101, 0.218536]
[0.31129, 0.423747, -0.499707, 0.378405, 0.457925]
[0.32323, 0.341216, -0.499185, 0.330927, 0.091162]
[0.324163, 0.482117, -0.49861, 0.391225, 0.145154]
[0.545593, 0.235392, -0.498992, 0.344171, 0.161022]
[0.572165, 0.481201, -0.499831, 0.44483, 0.40899]
[0.655767, 0.488287, -0.499458, 0.467639, 0.168094]
[0.37016, 0.446364, -0.499026, 0.264768, 0.47578]
[0.361775, 0.280773, -0.499801, 0.48367, 0.091963]
[0.370274, 0.496546, -0.499259, 0.27348, 0.255519]
[0.284369, 0.486434, -0.498782, 0.296544, 0.448835]
[0.421391, 0.422407, -0.499272, 0.299298, 0.489199]
[0.53988, 0.472311, -0.498723, 0.290364, 0.25046]
[0.677764, 0.286255, -0.498455, 0.448527, 0.442999]
[0.477933, 0.322472, -0.499078, 0.414563, 0.146802]
[0.399708, 0.224243, -0.499325, 0.269693, 0.276057]
[0.435294, 0.25039, -0.49906, 0.254522, 0.136013]
[0.593479, 0.317124, -0.499551, 0.342589, 0.361017]
[0.5352, 0.196996, -0.49964, 0.400189, 0.240325]
[0.424647, 0.451998, -0.499964, 0.307737, 0.116927]
[0.390108, 0.167913, -0.499717, 0.291539, 0.463331]
[0.638154, 0.213128, -0.499103, 0.285161, 0.351902]
[0.530578, 0.138054, -0.498676, 0.417817, 0.184216]
[0.354207, 0.163908, -0.498633, 0.488518, 0.434972]
[0.562212, 0.193519, -0.499449, 0.242263, 0.028429]
[0.274535, 0.183376, -0.499863, 0.462874, 0.201711]
[0.317393, 0.420143, -0.499472, 0.446325, 0.227556]
[0.577953, 0.329411, -0.498714, 0.46693, 0.298193]
[0.530982, 0.232623, -0.498831, 0.354058, 0.006618]
[0.427849, 0.354303, -0.498803, 0.30438, 0.408415]
[0.67189, 0.383847, -0.499355, 0.403061, 0.182475]
[0.312968, 0.335504, -0.498571, 0.306893, 0.367492]
[0.423926, 0.356222, -0.499995, 0.369297, 0.318908]
[0.395508, 0.33053, -0.499547, 0.372171, 0.088171]
[0.589419, 0.119887, -0.498757, 0.387996, 0.494588]
[0.375983, 0.436651, -0.49952, 0.286638, 0.150545]
[0.348273, 0.197849, -0.499302, 0.39188, 0.120753]
[0.31018, 0.423673, -0.499367, 0.300752, 0.072252]
[0.369917, 0.464904, -0.49842, 0.259158, 0.090311]
[0.538974, 0.370712, -0.498478, 0.396952, 0.031119]
[0.451315, 0.405712, -0.499101, 0.304318, 0.444541]
[0.588062, 0.117251, -0.499893, 0.353958, 0.201755]
[0.491832, 0.277655, -0.498644, 0.314058, 0.139604]
[0.39326, 0.12566, -0.498856, 0.375665, 0.116162]
[0.454429, 0.44958, -0.499826, 0.314946, 0.226265]
[0.409013, 0.29328, -0.498818, 0.462165, 0.03192]
[0.316356, 0.233377, -0.498967, 0.474556, 0.472674]
[0.439753, 0.40145, -0.49987, 0.415179, 0.065321]
[0.625312, 0.360483, -0.498625, 0.361621, 0.182109]
[0.379079, 0.3496, -0.498411, 0.398809, 0.267791]
[0.630443, 0.276823, -0.499641, 0.439769, 0.310491]
[0.383699, 0.266786, -0.499539, 0.446423, 0.445535]
[0.508649, 0.482914, -0.499492, 0.394529, 0.429157]
[0.662798, 0.400003, -0.499674, 0.412321, 0.287674]
[0.56809, 0.296994, -0.499373, 0.496926, 0.071959]
[0.415641, 0.240749, -0.499797, 0.361675, 0.291872]
[0.491748, 0.157424, -0.499443, 0.457963, 0.16367]
[0.495375, 0.470003, -0.499596, 0.404268, 0.491093]
[0.573394, 0.363422, -0.499531, 0.236328, 0.276352]
[0.34387, 0.467003, -0.499134, 0.313088, 0.355004]
[0.323507, 0.453043, -0.499048, 0.431801, 0.463714]
[0.643708, 0.118952, -0.498633, 0.344015, 0.215843]
[0.550032, 0.133828, -0.499137, 0.454061, 0.350954]
[0.651259, 0.145968, -0.499593, 0.428926, 0.006065]
[0.46578, 0.152653, -0.499004, 0.379307, 0.354747]
[0.628415, 0.222188, -0.499599, 0.42978, 0.067204]
[0.39564, 0.35213, -0.499791, 0.307663, 0.302198]
[0.306211, 0.399641, -0.499052, 0.335546, 0.310047]
[0.344642, 0.171879, -0.498546, 0.264408, 0.03799]
[0.443828, 0.375319, -0.499229, 0.372382, 0.267271]
[0.296406, 0.15031, -0.498595, 0.49802, 0.141052]
[0.468255, 0.22137, -0.498868, 0.319437, 0.237836]
[0.371041, 0.150315, -0.499881, 0.429243, 0.164043]
[0.446676, 0.132428, -0.498958, 0.275173, 0.434918]
[0.542743, 0.269155, -0.498441, 0.339833, 0.273297]
[0.472646, 0.340587, -0.499602, 0.468555, 0.432138]
[0.490415, 0.166437, -0.499393, 0.486154, 0.147441]
[0.480082, 0.291029, -0.499353, 0.440442, 0.081497]
[0.419556, 0.386236, -0.499888, 0.365936, 0.230966]
[0.469127, 0.400023, -0.499513, 0.232658, 0.461409]
[0.2854, 0.310565, -0.498652, 0.429389, 0.299221]
[0.309407, 0.311852, -0.499217, 0.449632, 0.095617]
[0.30069, 0.324522, -0.498736, 0.300301, 0.031324]
[0.325413, 0.200677, -0.498737, 0.258758, 0.144034]
[0.596827, 0.46852, -0.49842, 0.382392, 0.265829]
[0.320349, 0.21588, -0.498421, 0.319924, 0.282457]
[0.446088, 0.26846, -0.499399, 0.331376, 0.344691]
[0.486802, 0.166478, -0.498715, 0.290765, 0.321748]
[0.272553, 0.493593, -0.498676, 0.317985, 0.454134]
[0.549511, 0.302025, -0.499304, 0.30455, 0.177589]
[0.662916, 0.260583, -0.498421, 0.351936, 0.295812]
[0.323801, 0.467441, -0.499339, 0.300149, 0.256176]
[0.648863, 0.179705, -0.498868, 0.238932, 0.074562]
[0.479369, 0.160524, -0.498938, 0.364713, 0.151636]
[0.313214, 0.215787, -0.49992, 0.426706, 0.058829]
[0.390941, 0.446403, -0.499305, 0.402718, 0.238716]
[0.438896, 0.140388, -0.499393, 0.243779, 0.40609]
[0.28277, 0.385454, -0.499087, 0.366374, 0.385903]
[0.422557, 0.137415, -0.498779, 0.337292, 0.371601]
[0.607718, 0.451394, -0.499933, 0.436146, 0.233278]
[0.657285, 0.162756, -0.498878, 0.364251, 0.192889]
[0.549342, 0.261845, -0.499563, 0.35907, 0.175524]
[0.387879, 0.40539, -0.499246, 0.258021, 0.014612]
[0.541414, 0.327018, -0.499059, 0.444156, 0.43962]
[0.274968, 0.25312, -0.499086, 0.376126, 0.429724]
[0.658957, 0.483952, -0.498796, 0.463854, 0.29527]
[0.521453, 0.427566, -0.498943, 0.384569, 0.226072]
[0.354095, 0.207084, -0.498774, 0.32596, 0.151287]
[0.566524, 0.253417, -0.498561, 0.2677, 0.151865]
[0.406367, 0.150516, -0.498456, 0.472116, 0.119889]
[0.588941, 0.205278, -0.49907, 0.479387, 0.322675]
[0.57939, 0.294711, -0.498727, 0.366702, 0.372849]
[0.327504, 0.463438, -0.498734, 0.467008, 0.298381]
[0.610773, 0.357266, -0.498729, 0.368816, 0.135746]
[0.366338, 0.169483, -0.499649, 0.496089, 0.00341]
[0.428484, 0.332407, -0.499527, 0.235604, 0.041912]
[0.54989, 0.328299, -0.498444, 0.455788, 0.254837]
[0.36844, 0.371792, -0.498929, 0.489697, 0.341256]
[0.551645, 0.489792, -0.499868, 0.412443, 0.274422]
[0.306065, 0.238923, -0.498912, 0.489052, 0.023595]
[0.461651, 0.450702, -0.498464, 0.24805, 0.074737]
[0.615142, 0.242961, -0.499065, 0.466593, 0.210577]
[0.344701, 0.380711, -0.498564, 0.240628, 0.386418]
[0.472916, 0.412482, -0.498669, 0.229753, 0.291847]
[0.651236, 0.257065, -0.499383, 0.379248, 0.001724]
[0.293316, 0.294228, -0.499899, 0.228299, 0.42426]
[0.400896, 0.403802, -0.498537, 0.296783, 0.291662]
[0.576359, 0.218873, -0.498557, 0.316812, 0.189083]
[0.589262, 0.453003, -0.498624, 0.381812, 0.24165]
[0.599751, 0.468747, -0.499109, 0.499431, 0.155994]
[0.455119, 0.261391, -0.499336, 0.426619, 0.093851]
[0.5542, 0.18734, -0.498765, 0.276243, 0.149549]
[0.457279, 0.488604, -0.499769, 0.244531, 0.277407]
[0.539371, 0.49271, -0.498497, 0.281669, 0.117043]
[0.532744, 0.317687, -0.498608, 0.339789, 0.293872]
[0.424375, 0.133283, -0.49886, 0.47493, 0.365811]
[0.600503, 0.149558, -0.49874, 0.228504, 0.42121]
[0.520922, 0.171717, -0.498947, 0.405269, 0.029684]
[0.544903, 0.405019, -0.499901, 0.244834, 0.223916]
[0.514879, 0.202451, -0.498718, 0.257234, 0.06099]
[0.455557, 0.191834, -0.498829, 0.432748, 0.390623]
[0.440465, 0.215465, -0.499404, 0.362837, 0.032144]
[0.459397, 0.383905, -0.498735, 0.476747, 0.403681]
[0.359404, 0.178695, -0.49921, 0.369579, 0.11806]
[0.410118, 0.453638, -0.498908, 0.286283, 0.352387]
[0.642783, 0.448866, -0.49905, 0.424843, 0.07839]
[0.521208, 0.182256, -0.49954, 0.344576, 0.263066]
[0.368594, 0.494968, -0.49955, 0.458651, 0.087015]
[0.302502, 0.313725, -0.499112, 0.358523, 0.116506]
[0.409882, 0.373668, -0.499008, 0.46889, 0.160614]
[0.655843, 0.279943, -0.498822, 0.358434, 0.183352]
[0.508413, 0.395378, -0.499673, 0.312364, 0.003377]
[0.277435, 0.295191, -0.499648, 0.449817, 0.27035]
[0.636582, 0.291436, -0.499396, 0.437951, 0.453833]
[0.629038, 0.27161, -0.49857, 0.344144, 0.383644]
[0.400464, 0.124078, -0.499128, 0.482279, 0.152247]
[0.580208, 0.205332, -0.499426, 0.29409, 0.346089]
[0.437405, 0.239626, -0.499281, 0.412485, 0.086774]
[0.584219, 0.124314, -0.498733, 0.484648, 0.435762]
[0.436783, 0.39253, -0.499582, 0.370569, 0.459084]
[0.504982, 0.417217, -0.499195, 0.246503, 0.234176]
[0.324648, 0.476821, -0.498943, 0.355559, 0.203242]
[0.415939, 0.344467, -0.498941, 0.398694, 0.471412]
[0.509202, 0.41705, -0.499228, 0.46572, 0.077864]
[0.321302, 0.353584, -0.49933, 0.385416, 0.163577]
[0.448146, 0.199633, -0.499273, 0.484489, 0.062707]
[0.328644, 0.212513, -0.498549, 0.437578, 0.234135]
[0.422179, 0.452791, -0.49872, 0.236132, 0.052129]
[0.492244, 0.233572, -0.499721, 0.365793, 0.292929]
[0.582058, 0.168563, -0.499154, 0.491383, 0.382579]
[0.385334, 0.412931, -0.498988, 0.273743, 0.003068]
[0.475269, 0.386715, -0.498803, 0.282661, 0.396481]
[0.379253, 0.300881, -0.499841, 0.317832, 0.494139]
[0.368808, 0.316103, -0.499857, 0.409813, 0.42402]
[0.676497, 0.325143, -0.498644, 0.474951, 0.087129]
[0.667061, 0.271853, -0.49991, 0.462263, 0.499762]
[0.331437, 0.334224, -0.498531, 0.268065, 0.386962]
[0.674144, 0.428304, -0.499687, 0.290581, 0.213717]
[0.481297, 0.141424, -0.498998, 0.236103, 0.252362]
[0.436728, 0.485019, -0.499567, 0.418279, 0.346578]
[0.344869, 0.145071, -0.498422, 0.323041, 0.356269]
[0.513124, 0.231371, -0.499216, 0.262929, 0.042557]
[0.508131, 0.307527, -0.498839, 0.256134, 0.273047]
[0.335658, 0.146586, -0.499766, 0.34505, 0.48134]
[0.589289, 0.409312, -0.498938, 0.240908, 0.050465]
[0.322355, 0.434326, -0.499239, 0.425677, 0.402798]
[0.389578, 0.322703, -0.499696, 0.371618, 0.258085]
[0.296244, 0.198694, -0.499031, 0.23473, 0.333784]
[0.370343, 0.205254, -0.499604, 0.388212, 0.432624]
[0.424302, 0.140651, -0.499471, 0.426675, 0.427065]
[0.650948, 0.491124, -0.499165, 0.47945, 0.140279]
[0.46961, 0.313078, -0.499118, 0.457403, 0.486828]
[0.37701, 0.296765, -0.498571, 0.255066, 0.202104]
[0.298765, 0.140676, -0.499673, 0.306537, 0.327113]
[0.303465, 0.491129, -0.498704, 0.327208, 0.316603]
[0.44795, 0.401453, -0.499298, 0.469563, 0.238161]
[0.307542, 0.389884, -0.499623, 0.421011, 0.47415]
[0.396692, 0.437641, -0.498598, 0.276845, 0.111727]
[0.589712, 0.34968, -0.498846, 0.358421, 0.432605]
[0.519578, 0.128378, -0.498457, 0.388554, 0.065373]
[0.598313, 0.264845, -0.498411, 0.368575, 0.301459]
[0.276551, 0.456908, -0.49931, 0.339329, 0.062467]
[0.562026, 0.137166, -0.498746, 0.462878, 0.020342]
[0.427733, 0.175786, -0.498948, 0.310627, 0.331813]
[0.648385, 0.114697, -0.499035, 0.410989, 0.438843]
[0.493194, 0.127911, -0.499163, 0.329403, 0.379735]
[0.404918, 0.165153, -0.499142, 0.485322, 0.450232]
[0.535135, 0.326063, -0.499883, 0.302547, 0.018229]
[0.666624, 0.214726, -0.499658, 0.473932, 0.017427]
[0.272324, 0.383872, -0.499118, 0.470341, 0.322437]
[0.402413, 0.435381, -0.499601, 0.473567, 0.198368]
[0.507585, 0.435542, -0.499583, 0.23677, 0.060053]
[0.486951, 0.136593, -0.499863, 0.492359, 0.488767]
[0.485474, 0.369042, -0.49903, 0.355225, 0.308268]
[0.655309, 0.174465, -0.498435, 0.343424, 0.013824]
[0.385841, 0.280372, -0.49935, 0.444362, 0.001954]
[0.327759, 0.355192, -0.499957, 0.256015, 0.281477]
[0.306503, 0.303796, -0.499871, 0.268466, 0.313925]
[0.273714, 0.495819, -0.498867, 0.484525, 0.00953]
[0.627079, 0.449345, -0.499566, 0.428534, 0.492377]
[0.400542, 0.3033, -0.498942, 0.270727, 0.331819]
[0.621116, 0.249354, -0.499871, 0.252323, 0.476469]
[0.502715, 0.226865, -0.499552, 0.310996, 0.270578]
[0.460678, 0.227864, -0.499681, 0.44087, 0.238244]
[0.379687, 0.497173, -0.499698, 0.482747, 0.068043]
[0.651255, 0.35442, -0.499632, 0.49819, 0.204229]
[0.540305, 0.172701, -0.499904, 0.492437, 0.175804]
[0.385479, 0.42635, -0.499094, 0.357983, 0.127876]
[0.57229, 0.260919, -0.498866, 0.435814, 0.258533]
[0.482593, 0.423227, -0.498852, 0.491746, 0.462603]
[0.396426, 0.461356, -0.499055, 0.254595, 0.187765]
[0.380487, 0.21925, -0.49957, 0.246695, 0.430096]
[0.487893, 0.340429, -0.498666, 0.432362, 0.10589]
[0.308432, 0.462113, -0.499384, 0.280064, 0.071825]
[0.555717, 0.376593, -0.49958, 0.429538, 0.297486]
[0.344494, 0.212416, -0.499555, 0.281193, 0.480383]
[0.674162, 0.191958, -0.499672, 0.267927, 0.221506]
[0.582471, 0.230479, -0.499277, 0.262833, 0.203415]
[0.373525, 0.385308, -0.499602, 0.37594, 0.343557]
[0.550435, 0.387516, -0.49848, 0.307257, 0.497064]
[0.464611, 0.2142, -0.498526, 0.383959, 0.216723]
[0.47841, 0.318373, -0.498486, 0.475863, 0.325454]
[0.34849, 0.266, -0.498491, 0.353241, 0.360944]
[0.591418, 0.397161, -0.499458, 0.409388, 0.42595]
[0.50587, 0.37466, -0.498637, 0.293391, 0.151917]
[0.31157, 0.308168, -0.499898, 0.308929, 0.327462]
[0.43949, 0.216647, -0.498826, 0.463877, 0.338219]
[0.302321, 0.485779, -0.49972, 0.337733, 0.126104]
[0.53415, 0.355333, -0.498775, 0.297858, 0.339887]
[0.675908, 0.22971, -0.498904, 0.237356, 0.408638]
[0.506952, 0.130692, -0.499625, 0.375874, 0.42721]
[0.368739, 0.13414, -0.499648, 0.243707, 0.013337]
[0.440691, 0.198234, -0.498617, 0.355971, 0.055473]
[0.627036, 0.371682, -0.49899, 0.393663, 0.380857]
[0.573838, 0.477057, -0.49864, 0.249035, 0.175191]
[0.493923, 0.415737, -0.498696, 0.484907, 0.188513]
[0.564258, 0.350985, -0.499377, 0.435097, 0.048537]
[0.535508, 0.141791, -0.498611, 0.261341, 0.195356]
[0.614559, 0.260888, -0.499658, 0.302909, 0.250236]
[0.547371, 0.16811, -0.499275, 0.337155, 0.115998]
[0.454242, 0.382638, -0.499587, 0.271144, 0.288661]
[0.420934, 0.231875, -0.499004, 0.380199, 0.337228]
[0.355017, 0.349876, -0.499614, 0.353055, 0.293308]
[0.361403, 0.309028, -0.498572, 0.302156, 0.129076]
[0.282501, 0.151633, -0.498733, 0.431237, 0.438242]
[0.483138, 0.392178, -0.498414, 0.418547, 0.189777]
[0.431871, 0.296769, -0.49889, 0.240125, 0.31511]
[0.41836, 0.130316, -0.499003, 0.424195, 0.491816]
[0.53816, 0.334714, -0.498716, 0.349812, 0.387014]
[0.324085, 0.378251, -0.498809, 0.344535, 0.385857]
[0.636847, 0.301081, -0.499149, 0.236212, 0.39161]
[0.484578, 0.193508, -0.499836, 0.394492, 0.010453]
[0.305439, 0.450325, -0.49927, 0.492515, 0.1339]
[0.372967, 0.349322, -0.498564, 0.474249, 0.017184]
[0.398061, 0.312007, -0.499604, 0.322197, 0.058989]
[0.504547, 0.399254, -0.499463, 0.352595, 0.159836]
[0.467351, 0.380874, -0.499848, 0.392231, 0.132226]
[0.480126, 0.471642, -0.499388, 0.49713, 0.283696]
[0.553635, 0.318056, -0.499296, 0.333788, 0.416032]
[0.648183, 0.36391, -0.498934, 0.336341, 0.145587]
[0.666464, 0.171726, -0.499282, 0.33557, 0.20748]
[0.358567, 0.232273, -0.498964, 0.362519, 0.195591]
[0.321741, 0.360666, -0.498653, 0.344427, 0.276068]
[0.596571, 0.273992, -0.498865, 0.426825, 0.464953]
[0.389234, 0.307963, -0.498584, 0.333993, 0.497155]
[0.537275, 0.435561, -0.498703, 0.285634, 0.105038]
[0.497199, 0.214734, -0.499354, 0.240545, 0.137662]
[0.285919, 0.152215, -0.499884, 0.314351, 0.052117]
[0.331595, 0.409816, -0.499352, 0.29603, 0.128814]
[0.652815, 0.363768, -0.49988, 0.291447, 0.436221]
[0.45225, 0.148403, -0.499072, 0.407261, 0.192353]
[0.33971, 0.173429, -0.499069, 0.280397, 0.495202]
[0.557728, 0.154723, -0.4986, 0.303079, 0.261865]
[0.389815, 0.228154, -0.499177, 0.417918, 0.295796]
[0.521161, 0.165493, -0.49912, 0.289261, 0.02941]
[0.482344, 0.242565, -0.499722, 0.300823, 0.405815]
[0.576937, 0.427615, -0.499744, 0.39855, 0.452251]
[0.457162, 0.465545, -0.499744, 0.247741, 0.471011]
[0.671074, 0.319136, -0.49975, 0.497257, 0.074178]
[0.670095, 0.120015, -0.49986, 0.362848, 0.077245]
[0.372368, 0.197672, -0.498742, 0.354806, 0.404305]
[0.672793, 0.135163, -0.499063, 0.453461, 0.481987]
[0.490382, 0.284245, -0.498537, 0.342193, 0.338377]
[0.299254, 0.344699, -0.49998, 0.384853, 0.236804]
[0.667627, 0.139333, -0.499786, 0.446326, 0.079146]
[0.387394, 0.419825, -0.499208, 0.489659, 0.330986]
[0.608523, 0.263192, -0.498863, 0.331952, 0.447181]
[0.491252, 0.168853, -0.498558, 0.486947, 0.045467]
[0.649529, 0.390247, -0.498822, 0.377905, 0.381626]
[0.464684, 0.114359, -0.499722, 0.3095, 0.067664]
[0.417313, 0.266406, -0.49973, 0.396618, 0.388841]
[0.326888, 0.32102, -0.499926, 0.267109, 0.414095]
[0.365274, 0.366215, -0.499155, 0.24522, 0.384496]
[0.637711, 0.265394, -0.499433, 0.497044, 0.26109]
[0.487588, 0.221479, -0.499292, 0.345631, 0.13001]
[0.371794, 0.361026, -0.499086, 0.228318, 0.388515]
[0.293684, 0.368702, -0.498833, 0.331776, 0.153788]
[0.41668, 0.37889, -0.498943, 0.42903, 0.326127]
[0.438349, 0.162126, -0.499282, 0.323107, 0.420261]
[0.279127, 0.138702, -0.498749, 0.435008, 0.499233]
[0.66804, 0.326964, -0.498452, 0.334946, 0.478065]
[0.438792, 0.214711, -0.499545, 0.386608, 0.499535]
[0.372296, 0.486427, -0.499408, 0.249551, 0.16379]
[0.477726, 0.432219, -0.499692, 0.408445, 0.35397]
[0.326015, 0.184053, -0.499035, 0.466962, 0.071276]
[0.297838, 0.304843, -0.499591, 0.295715, 0.338579]
[0.391847, 0.389134, -0.499407, 0.455771, 0.249351]
[0.480724, 0.195913, -0.498952, 0.49157, 0.047617]
[0.525622, 0.347014, -0.499097, 0.403848, 0.13437]
[0.395759, 0.268222, -0.499245, 0.338769, 0.076542]
[0.655199, 0.381936, -0.498644, 0.452613, 0.193093]
[0.618261, 0.299452, -0.499662, 0.262854, 0.087373]
[0.342198, 0.448663, -0.499069, 0.262841, 0.134455]
[0.478311, 0.157051, -0.49982, 0.237991, 0.306003]
[0.664879, 0.235135, -0.498926, 0.343115, 0.469452]
[0.313016, 0.458388, -0.499958, 0.446862, 0.064037]
[0.60885, 0.310774, -0.499174, 0.233554, 0.475998]
[0.311725, 0.38319, -0.499526, 0.298204, 0.326791]
[0.489204, 0.267272, -0.498699, 0.322475, 0.301506]
[0.383231, 0.346419, -0.499655, 0.374925, 0.472431]
[0.674585, 0.149236, -0.499486, 0.412029, 0.013877]
[0.472998, 0.11247, -0.49881, 0.421826, 0.471775]
[0.666857, 0.426394, -0.498493, 0.315514, 0.333435]
[0.611107, 0.212068, -0.499931, 0.303328, 0.482777]
[0.444349, 0.38678, -0.499679, 0.335168, 0.260108]
[0.552683, 0.393409, -0.498842, 0.467391, 0.010277]
[0.373484, 0.127053, -0.49893, 0.297851, 0.122088]
[0.658294, 0.194169, -0.499989, 0.432534, 0.406473]
[0.401534, 0.407287, -0.498584, 0.330655, 0.35529]
[0.381081, 0.327796, -0.499772, 0.418317, 0.233889]
[0.608576, 0.138235, -0.499523, 0.424701, 0.097959]
[0.389915, 0.394402, -0.49924, 0.316221, 0.184616]
[0.441848, 0.455298, -0.49849, 0.358951, 0.205487]
[0.638172, 0.463384, -0.499728, 0.404211, 0.277127]
[0.283155, 0.360099, -0.498603, 0.450034, 0.023185]
[0.54769, 0.448942, -0.499573, 0.276978, 0.475878]
[0.636797, 0.390917, -0.499813, 0.348203, 0.0634]
[0.384385, 0.305967, -0.49903, 0.37723, 0.497494]
[0.669604, 0.221379, -0.499346, 0.421181, 0.333626]
[0.408262, 0.424113, -0.498579, 0.35638, 0.163235]
[0.61763, 0.128643, -0.498534, 0.33025, 0.45579]
[0.525707, 0.120248, -0.499294, 0.348318, 0.406132]
[0.596916, 0.216279, -0.49857, 0.276069, 0.276941]
[0.576379, 0.239801, -0.499278, 0.283307, 0.016354]
[0.57696, 0.30475, -0.499026, 0.369908, 0.229198]
[0.594527, 0.459229, -0.498556, 0.326257, 0.044826]
[0.480478, 0.249207, -0.499153, 0.497775, 0.112921]
[0.596638, 0.324436, -0.498903, 0.317993, 0.146714]
[0.435311, 0.17507, -0.499063, 0.468438, 0.014466]
[0.644156, 0.395583, -0.498994, 0.245921, 0.171239]
[0.549294, 0.467376, -0.498795, 0.402388, 0.168028]
[0.544992, 0.400725, -0.499141, 0.347459, 0.096197]
[0.488647, 0.131513, -0.498989, 0.227741, 0.001953]
[0.423126, 0.452726, -0.498895, 0.42138, 0.14733]
[0.354302, 0.158018, -0.499269, 0.351579, 0.332929]
[0.38379, 0.415971, -0.499226, 0.419706, 0.485821]
[0.5415, 0.491308, -0.499588, 0.384045, 0.207231]
[0.48032, 0.284206, -0.498474, 0.467625, 0.125802]
[0.426848, 0.134014, -0.499954, 0.284869, 0.391365]
[0.347557, 0.437559, -0.4989, 0.289263, 0.066695]
[0.613345, 0.25866, -0.499944, 0.314529, 0.385753]
[0.54668, 0.186245, -0.499763, 0.391688, 0.090219]
[0.357668, 0.453621, -0.498515, 0.262438, 0.344975]
[0.574471, 0.144592, -0.499465, 0.358496, 0.43041]
[0.611359, 0.322617, -0.498509, 0.391389, 0.432722]
[0.319051, 0.218755, -0.498796, 0.30853, 0.135728]
[0.376147, 0.417121, -0.498934, 0.261167, 0.113957]
[0.498878, 0.293787, -0.498668, 0.262844, 0.050738]
[0.396512, 0.486916, -0.499346, 0.431295, 0.373381]
[0.63661, 0.410754, -0.499311, 0.279629, 0.471374]
[0.65359, 0.482706, -0.498995, 0.487118, 0.030925]
[0.410674, 0.347256, -0.49908, 0.428944, 0.305]
[0.628399, 0.49942, -0.499213, 0.491026, 0.126071]
[0.491376, 0.39272, -0.499982, 0.292448, 0.002163]
[0.373064, 0.230254, -0.49936, 0.267258, 0.177567]
[0.394985, 0.187761, -0.499001, 0.34134, 0.490994]
[0.275856, 0.285442, -0.499503, 0.376044, 0.114878]
[0.629987, 0.198849, -0.499922, 0.229963, 0.178909]
[0.565152, 0.200411, -0.498432, 0.299184, 0.383884]
[0.406816, 0.49895, -0.499973, 0.259137, 0.254806]
[0.3098, 0.324727, -0.499569, 0.318872, 0.430256]
[0.602495, 0.112196, -0.49864, 0.322623, 0.215008]
[0.344081, 0.445468, -0.499817, 0.478577, 0.095631]
[0.517934, 0.409226, -0.499207, 0.385581, 0.000895]
[0.585121, 0.202195, -0.499847, 0.492361, 0.125135]
[0.671727, 0.205516, -0.498663, 0.37856, 0.141413]
[0.333175, 0.381396, -0.499926, 0.273967, 0.404589]
[0.478973, 0.419798, -0.499694, 0.296197, 0.498103]
[0.376378, 0.121738, -0.499198, 0.344362, 0.031562]
[0.485681, 0.230947, -0.498409, 0.320025, 0.050535]
[0.521314, 0.450611, -0.498589, 0.407006, 0.016519]
[0.369245, 0.262351, -0.49977, 0.239719, 0.341035]
[0.370786, 0.480168, -0.498627, 0.469626, 0.413627]
[0.560634, 0.255774, -0.499455, 0.296478, 0.358293]
[0.661776, 0.330881, -0.499913, 0.470569, 0.054327]
[0.285822, 0.361867, -0.498685, 0.264738, 0.201553]
[0.388516, 0.32832, -0.49847, 0.433353, 0.332909]
[0.444463, 0.114255, -0.498647, 0.361358, 0.378286]
[0.644769, 0.481932, -0.498493, 0.368106, 0.414991]
[0.286509, 0.390214, -0.499458, 0.351018, 0.072308]
[0.658715, 0.311217, -0.499122, 0.36765, 0.070853]
[0.433407, 0.472187, -0.499427, 0.475228, 0.441387]
[0.433067, 0.198668, -0.499493, 0.261637, 0.05535]
[0.297132, 0.236735, -0.498655, 0.261951, 0.428196]
[0.492942, 0.409003, -0.499651, 0.453755, 0.017896]
[0.57006, 0.2765, -0.498807, 0.331255, 0.427262]
[0.280018, 0.236323, -0.499886, 0.248605, 0.480712]
[0.387549, 0.452101, -0.499002, 0.257372, 0.457473]
[0.530872, 0.128455, -0.499106, 0.31706, 0.056589]
[0.415745, 0.376796, -0.49922, 0.255832, 0.078639]
[0.62568, 0.170424, -0.499758, 0.33535, 0.063159]
[0.489401, 0.304347, -0.498685, 0.454924, 0.200971]
[0.315971, 0.387668, -0.498469, 0.317581, 0.4748]
[0.432862, 0.411843, -0.498928, 0.371969, 0.309257]
[0.318838, 0.2758, -0.499651, 0.39943, 0.260152]
[0.659992, 0.466067, -0.499264, 0.457478, 0.401244]
[0.510398, 0.230788, -0.499468, 0.442098, 0.447729]
[0.571575, 0.349185, -0.499384, 0.375625, 0.205324]
[0.615573, 0.3903, -0.499396, 0.472753, 0.030353]
[0.391103, 0.190554, -0.498854, 0.367188, 0.058797]
[0.533089, 0.216327, -0.499993, 0.346028, 0.15009]
[0.519814, 0.125051, -0.499599, 0.450091, 0.487377]
[0.573286, 0.447504, -0.498812, 0.468165, 0.054076]
[0.666968, 0.467098, -0.499209, 0.467216, 0.485035]
[0.377133, 0.168031, -0.498459, 0.435171, 0.12683]
[0.631195, 0.347052, -0.499656, 0.42514, 0.021837]
[0.632023, 0.286111, -0.498928, 0.353698, 0.467622]
[0.410216, 0.2011, -0.499436, 0.243104, 0.319433]
[0.370014, 0.213336, -0.498611, 0.499976, 0.095672]
[0.376704, 0.189787, -0.499538, 0.24933, 0.118956]
[0.392081, 0.325822, -0.499134, 0.237741, 0.332181]
[0.669057, 0.488889, -0.49873, 0.435624, 0.18064]
[0.296646, 0.124094, -0.498457, 0.305982, 0.399129]
[0.344021, 0.478036, -0.499844, 0.426975, 0.423838]
[0.598753, 0.283462, -0.499759, 0.488861, 0.39464]
[0.579466, 0.140262, -0.498859, 0.370094, 0.300688]
[0.472299, 0.278438, -0.499193, 0.335041, 0.398924]
[0.274934, 0.185338, -0.499046, 0.296852, 0.213466]
[0.410692, 0.292262, -0.498895, 0.39694, 0.358486]
[0.415762, 0.284865, -0.499968, 0.397618, 0.391526]
[0.616347, 0.184201, -0.498698, 0.421907, 0.177382]
[0.459598, 0.121986, -0.49889, 0.267216, 0.420904]
[0.293492, 0.223083, -0.49984, 0.273611, 0.006291]
[0.372134, 0.386551, -0.498561, 0.262114, 0.268766]
[0.438649, 0.165598, -0.499446, 0.310653, 0.329729]
[0.477871, 0.453991, -0.49937, 0.495004, 0.075806]
[0.452469, 0.265239, -0.499218, 0.328875, 0.378534]
[0.494139, 0.389685, -0.499426, 0.347017, 0.315886]
[0.623238, 0.360407, -0.499196, 0.359059, 0.086426]
[0.44521, 0.418067, -0.499955, 0.451072, 0.067625]
[0.587773, 0.210706, -0.499706, 0.456016, 0.338066]
[0.58598, 0.376321, -0.498741, 0.257933, 0.011691]
[0.311465, 0.327778, -0.499598, 0.471087, 0.217336]
[0.376173, 0.47697, -0.498867, 0.342008, 0.193258]
[0.610616, 0.380412, -0.49866, 0.379021, 0.238481]
[0.319345, 0.138808, -0.499471, 0.443888, 0.457665]
[0.667812, 0.239085, -0.499715, 0.433504, 0.020674]
[0.376812, 0.432221, -0.499738, 0.373081, 0.072161]
[0.325859, 0.139569, -0.4991, 0.442824, 0.456639]
[0.65389, 0.296338, -0.499727, 0.261172, 0.294366]
[0.481438, 0.305045, -0.498763, 0.484873, 0.078271]
[0.651112, 0.146742, -0.499234, 0.232148, 0.035633]
[0.544311, 0.405248, -0.499781, 0.284952, 0.207905]
[0.310082, 0.25445, -0.49954, 0.416891, 0.141811]
[0.659107, 0.284084, -0.499212, 0.362563, 0.300794]
[0.546953, 0.418883, -0.498481, 0.442232, 0.16986]
[0.358629, 0.481882, -0.498879, 0.371495, 0.141541]
[0.432015, 0.134343, -0.498955, 0.324472, 0.275944]
[0.641713, 0.138067, -0.49907, 0.38545, 0.062181]
[0.284869, 0.231447, -0.499443, 0.246852, 0.079299]
[0.432844, 0.455077, -0.499143, 0.435976, 0.28354]
[0.618249, 0.357511, -0.498507, 0.381446, 0.131842]
[0.663358, 0.208388, -0.499901, 0.407068, 0.098231]
[0.608529, 0.311929, -0.499436, 0.492943, 0.062492]
[0.546263, 0.244162, -0.499371, 0.357296, 0.040019]
[0.658978, 0.381504, -0.498727, 0.463908, 0.375402]
[0.388546, 0.152991, -0.498732, 0.483592, 0.446368]
[0.28738, 0.499737, -0.499591, 0.432463, 0.392714]
[0.626423, 0.370259, -0.49865, 0.487597, 0.124741]
[0.416291, 0.405518, -0.499856, 0.347078, 0.44815]
[0.295209, 0.178314, -0.498418, 0.443718, 0.196598]
[0.536511, 0.31713, -0.498422, 0.247211, 0.21792]
[0.523805, 0.427487, -0.498502, 0.4944, 0.019864]
[0.387742, 0.216205, -0.498875, 0.230569, 0.48864]
[0.433911, 0.311563, -0.498522, 0.482008, 0.049843]
[0.547107, 0.282439, -0.499569, 0.377932, 0.2012]
[0.613713, 0.166434, -0.498566, 0.289016, 0.238671]
[0.609103, 0.493946, -0.498552, 0.415408, 0.26882]
[0.399672, 0.380669, -0.499862, 0.291667, 0.211967]
[0.344131, 0.363663, -0.499897, 0.229793, 0.137468]
[0.340498, 0.291724, -0.499302, 0.311497, 0.40092]
[0.572629, 0.176419, -0.499037, 0.423458, 0.355438]
[0.295465, 0.379085, -0.499827, 0.350293, 0.002091]
[0.45515, 0.217724, -0.498812, 0.348428, 0.178752]
[0.281535, 0.396562, -0.499589, 0.259759, 0.309738]
[0.311225, 0.260205, -0.499292, 0.462659, 0.025588]
[0.330147, 0.443104, -0.498903, 0.248262, 0.222947]
[0.423747, 0.423279, -0.499395, 0.289776, 0.168546]
[0.289503, 0.247753, -0.499997, 0.333083, 0.479208]
[0.48502, 0.362531, -0.498612, 0.317517, 0.098428]
[0.641977, 0.228868, -0.498809, 0.324749, 0.260806]
[0.500398, 0.40169, -0.499883, 0.458152, 0.227939]
[0.303227, 0.281029, -0.498538, 0.462255, 0.134735]
[0.639656, 0.429772, -0.49925, 0.496925, 0.146641]
[0.615139, 0.284994, -0.499035, 0.241065, 0.105483]
[0.475516, 0.259338, -0.499927, 0.47731, 0.479353]
[0.602579, 0.175328, -0.498907, 0.315823, 0.001599]
[0.575193, 0.409121, -0.499402, 0.274838, 0.415392]
[0.272718, 0.254021, -0.498433, 0.457152, 0.17482]
[0.472487, 0.132127, -0.498479, 0.410278, 0.048395]
[0.665882, 0.439347, -0.499232, 0.418139, 0.120277]
[0.662978, 0.145649, -0.498822, 0.313827, 0.308841]
[0.305647, 0.217131, -0.498785, 0.465108, 0.281338]
[0.342559, 0.152701, -0.498755, 0.294117, 0.088624]
[0.414961, 0.41893, -0.498895, 0.298019, 0.237859]
[0.278775, 0.402172, -0.499327, 0.297012, 0.133495]
[0.508919, 0.18324, -0.499298, 0.489728, 0.209278]
[0.661539, 0.266754, -0.49945, 0.37828, 0.339457]
[0.396661, 0.158255, -0.499627, 0.279005, 0.346481]
[0.540656, 0.279575, -0.499098, 0.474724, 0.458904]
[0.340255, 0.469608, -0.499635, 0.428753, 0.46427]
[0.591413, 0.475392, -0.499254, 0.368477, 0.027733]
[0.490282, 0.476044, -0.498873, 0.259683, 0.271479]
[0.436204, 0.333239, -0.498897, 0.377134, 0.178398]
[0.457696, 0.438084, -0.49908, 0.435896, 0.12364]
[0.672647, 0.2628, -0.499325, 0.427579, 0.46565]
[0.649437, 0.289738, -0.498467, 0.247205, 0.098358]
[0.6749, 0.375944, -0.499075, 0.477907, 0.434914]
[0.480075, 0.16701, -0.498576, 0.256685, 0.039016]
[0.416152, 0.304626, -0.499289, 0.441357, 0.195104]
[0.306088, 0.250584, -0.499689, 0.427799, 0.23413]
[0.621708, 0.406853, -0.499076, 0.353542, 0.235829]
[0.281357, 0.113341, -0.498619, 0.477458, 0.422795]
[0.532572, 0.390738, -0.498562, 0.277544, 0.436138]
[0.453729, 0.274456, -0.498936, 0.346412, 0.208011]
[0.28999, 0.16031, -0.499507, 0.35086, 0.075593]
[0.338044, 0.255279, -0.49841, 0.324603, 0.120165]
[0.377369, 0.212638, -0.49995, 0.398186, 0.483563]
[0.622649, 0.115708, -0.498431, 0.351808, 0.078262]
[0.46777, 0.160953, -0.499333, 0.235639, 0.23357]
[0.519388, 0.401306, -0.499217, 0.360958, 0.369026]
[0.623448, 0.357595, -0.498554, 0.377841, 0.175978]
[0.481137, 0.42756, -0.499924, 0.236803, 0.488867]
[0.376754, 0.45593, -0.499653, 0.363333, 0.293691]
[0.63738, 0.487465, -0.499134, 0.375097, 0.115844]
[0.54529, 0.215322, -0.49887, 0.445065, 0.00443]
[0.279902, 0.186812, -0.498772, 0.308392, 0.011427]
[0.5835, 0.387722, -0.499112, 0.321073, 0.316643]
[0.321122, 0.369936, -0.49969, 0.440402, 0.371468]
[0.494335, 0.112639, -0.498579, 0.406146, 0.335098]
[0.479214, 0.499303, -0.498899, 0.463058, 0.221271]
[0.590225, 0.210768, -0.499449, 0.352371, 0.266065]
[0.317413, 0.463329, -0.498703, 0.313674, 0.063506]
[0.511086, 0.479495, -0.498621, 0.497158, 0.294617]
[0.425324, 0.48459, -0.499083, 0.413314, 0.304546]
[0.602297, 0.432998, -0.49923, 0.387476, 0.320697]
[0.598741, 0.349278, -0.498511, 0.313583, 0.353936]
[0.292407, 0.408898, -0.498934, 0.490248, 0.401907]
[0.4014, 0.498311, -0.499169, 0.416416, 0.041901]
[0.636267, 0.127719, -0.499809, 0.442312, 0.458348]
[0.55587, 0.437706, -0.499635, 0.262733, 0.491142]
[0.602236, 0.282624, -0.499558, 0.348116, 0.105058]
[0.611223, 0.396213, -0.499099, 0.388609, 0.250531]
[0.550479, 0.274806, -0.498838, 0.241386, 0.320118]
[0.380744, 0.171773, -0.499551, 0.406803, 0.016573]
[0.467196, 0.349049, -0.498779, 0.284801, 0.323566]
[0.632024, 0.22529, -0.498869, 0.311233, 0.249056]
[0.544566, 0.404921, -0.499721, 0.459798, 0.357572]
[0.676236, 0.239234, -0.499438, 0.348047, 0.454134]
[0.599816, 0.397856, -0.499362, 0.399957, 0.389621]
[0.612892, 0.154092, -0.498925, 0.273445, 0.143831]
[0.447435, 0.45515, -0.498756, 0.438309, 0.07931]
[0.361733, 0.338768, -0.499291, 0.335625, 0.267521]
[0.361088, 0.130868, -0.499667, 0.318978, 0.449504]
[0.607895, 0.15623, -0.49944, 0.410118, 0.275551]
[0.613601, 0.286382, -0.499419, 0.44708, 0.083469]
[0.481865, 0.403587, -0.49936, 0.490146, 0.344891]
[0.440849, 0.497369, -0.499563, 0.321397, 0.289909]
[0.62416, 0.37556, -0.498933, 0.311488, 0.074932]
[0.274495, 0.201592, -0.499076, 0.374043, 0.474509]
[0.481738, 0.46148, -0.498814, 0.424061, 0.304087]
[0.51091, 0.333925, -0.499254, 0.399154, 0.037055]
[0.663345, 0.238297, -0.498798, 0.408344, 0.189641]
[0.675774, 0.333174, -0.499262, 0.449559, 0.404185]
[0.392624, 0.200514, -0.498991, 0.269255, 0.304567]
[0.502466, 0.369372, -0.49853, 0.252875, 0.2773]
[0.328669, 0.298421, -0.499042, 0.235757, 0.184058]
[0.276378, 0.217396, -0.498921, 0.333168, 0.026683]
[0.522516, 0.131519, -0.498816, 0.472898, 0.001711]
[0.657171, 0.444893, -0.499992, 0.447743, 0.194002]
[0.669761, 0.326254, -0.498805, 0.240986, 0.213064]
[0.400211, 0.257185, -0.5, 0.277907, 0.365592]
[0.636413, 0.390617, -0.498817, 0.432438, 0.231374]
[0.622484, 0.12552, -0.499639, 0.326445, 0.318856]
[0.611762, 0.450971, -0.499493, 0.472405, 0.387389]
[0.517883, 0.251188, -0.499924, 0.324238, 0.104732]
[0.47875, 0.226523, -0.498533, 0.29184, 0.349166]
[0.345585, 0.416341, -0.499497, 0.385554, 0.285432]
[0.392596, 0.27516, -0.499192, 0.328742, 0.014516]
[0.338199, 0.443616, -0.499742, 0.381381, 0.019617]
[0.372223, 0.167728, -0.499949, 0.416089, 0.111686]
[0.653151, 0.434433, -0.498877, 0.431111, 0.19884]
[0.307813, 0.122131, -0.498818, 0.284747, 0.454301]
[0.394811, 0.359477, -0.499157, 0.242203, 0.02187]
[0.534488, 0.116431, -0.499597, 0.460171, 0.41965]
[0.589152, 0.354587, -0.499832, 0.317047, 0.166406]
[0.621927, 0.175691, -0.49977, 0.488477, 0.10127]
[0.532725, 0.151097, -0.499607, 0.474262, 0.040613]
[0.32823, 0.442478, -0.498689, 0.289306, 0.315981]
[0.486368, 0.175592, -0.49934, 0.31393, 0.145976]
[0.520202, 0.248171, -0.49911, 0.260451, 0.125517]
[0.510533, 0.395458, -0.499683, 0.25211, 0.205311]
[0.477278, 0.284345, -0.499316, 0.391873, 0.214765]
[0.449112, 0.403132, -0.499237, 0.344155, 0.267348]
[0.44616, 0.429782, -0.498448, 0.407071, 0.489604]
[0.662635, 0.397976, -0.499172, 0.470933, 0.446483]
[0.658844, 0.354865, -0.499103, 0.328517, 0.327249]
[0.519572, 0.239395, -0.499374, 0.274747, 0.258654]
[0.363775, 0.305872, -0.498748, 0.390619, 0.277231]
[0.42498, 0.162114, -0.499641, 0.274827, 0.209885]
[0.602887, 0.255336, -0.499002, 0.229654, 0.080056]
[0.666353, 0.278561, -0.498555, 0.499843, 0.216667]
[0.453084, 0.144241, -0.498445, 0.257642, 0.402486]
[0.461881, 0.417334, -0.499675, 0.281729, 0.102472]
[0.372065, 0.368773, -0.498567, 0.427004, 0.282816]
[0.344792, 0.179232, -0.499307, 0.251718, 0.263242]
[0.373737, 0.170699, -0.498967, 0.338029, 0.373919]
[0.675815, 0.161095, -0.498884, 0.412187, 0.119191]
[0.578091, 0.331918, -0.498429, 0.294126, 0.384559]
[0.638758, 0.499995, -0.499815, 0.306323, 0.013659]
[0.36567, 0.3004, -0.498741, 0.470992, 0.356367]
[0.320408, 0.196062, -0.499859, 0.235652, 0.055639]
[0.48306, 0.176698, -0.499335, 0.461814, 0.407436]
[0.383918, 0.148064, -0.498976, 0.329666, 0.038341]
[0.381647, 0.407775, -0.498925, 0.334553, 0.082512]
[0.296261, 0.261517, -0.499587, 0.368988, 0.4099]
[0.495564, 0.490489, -0.498447, 0.377077, 0.389515]
[0.45267, 0.384772, -0.499886, 0.2823, 0.341835]
[0.506106, 0.176612, -0.499312, 0.470379, 0.239354]
[0.58974, 0.195677, -0.499765, 0.337065, 0.436396]
[0.441906, 0.367957, -0.49949, 0.3377, 0.493803]
[0.297702, 0.392792, -0.49979, 0.362593, 0.32795]
[0.348505, 0.446057, -0.499096, 0.474629, 0.47788]
[0.675346, 0.423993, -0.49869, 0.480498, 0.229259]
[0.629345, 0.470467, -0.498723, 0.333348, 0.25656]
[0.601438, 0.398478, -0.498965, 0.47348, 0.19312]
[0.503751, 0.422025, -0.49973, 0.485627, 0.024357]
[0.291687, 0.172292, -0.498462, 0.34245, 0.016596]
[0.599107, 0.215802, -0.499021, 0.492154, 0.272786]
[0.61811, 0.256713, -0.498501, 0.280485, 0.414022]
[0.549702, 0.176672, -0.499285, 0.326058, 0.356126]
[0.535115, 0.297003, -0.499171, 0.40503, 0.149512]
[0.43706, 0.138952, -0.499557, 0.262287, 0.15805]
[0.612661, 0.399934, -0.49888, 0.235591, 0.007722]
[0.3455, 0.479928, -0.498612, 0.24327, 0.083721]
[0.61009, 0.45361, -0.498959, 0.266203, 0.199497]
[0.413274, 0.163959, -0.498782, 0.319496, 0.476436]
[0.591061, 0.496969, -0.498964, 0.423696, 0.275474]
[0.32496, 0.237373, -0.499158, 0.350003, 0.237229]
[0.655178, 0.372068, -0.499066, 0.42881, 0.200733]
[0.346377, 0.162866, -0.49931, 0.392877, 0.046009]
[0.3193, 0.430652, -0.499095, 0.277839, 0.083267]
[0.422465, 0.499668, -0.498992, 0.258482, 0.286533]
[0.635189, 0.278281, -0.499317, 0.372915, 0.426198]
[0.355004, 0.193575, -0.498622, 0.407823, 0.327043]
[0.60172, 0.48211, -0.499588, 0.388597, 0.435269]
[0.577362, 0.142364, -0.499919, 0.348077, 0.258721]
[0.623267, 0.133865, -0.498713, 0.418264, 0.371407]
[0.504737, 0.346528, -0.499986, 0.33052, 0.21835]
[0.519001, 0.300241, -0.499133, 0.3169, 0.245626]
[0.567569, 0.446035, -0.499409, 0.408537, 0.07871]
[0.656509, 0.150671, -0.499152, 0.446988, 0.080677]
[0.424998, 0.111788, -0.499019, 0.455853, 0.397344]
[0.408945, 0.356299, -0.499932, 0.485264, 0.043214]
[0.554317, 0.235814, -0.498765, 0.26259, 0.46145]
[0.471305, 0.340343, -0.499583, 0.314971, 0.306142]
[0.516894, 0.288518, -0.498782, 0.24651, 0.33853]
[0.644148, 0.195477, -0.499946, 0.450567, 0.213502]
[0.391249, 0.18618, -0.498713, 0.469036, 0.204955]
[0.33986, 0.11766, -0.499341, 0.453245, 0.121598]
[0.651889, 0.168394, -0.499254, 0.308608, 0.428791]
[0.42498, 0.479498, -0.498628, 0.275065, 0.346214]
[0.64802, 0.41563, -0.499477, 0.403794, 0.165962]
[0.576904, 0.364983, -0.498956, 0.289206, 0.052932]
[0.643823, 0.335035, -0.498919, 0.352285, 0.270935]
[0.408196, 0.224661, -0.499443, 0.270183, 0.292712]
[0.679158, 0.202126, -0.499653, 0.4697, 0.175626]
[0.498367, 0.406668, -0.498844, 0.34319, 0.005177]
[0.27621, 0.120927, -0.499257, 0.315506, 0.055494]
[0.618211, 0.214535, -0.499883, 0.416521, 0.049493]
[0.415919, 0.373029, -0.49906, 0.262, 0.349954]
[0.586983, 0.453345, -0.499055, 0.404667, 0.128514]
[0.480745, 0.328015, -0.498588, 0.402767, 0.42324]
[0.526431, 0.163007, -0.498489, 0.380845, 0.224392]
[0.61741, 0.171236, -0.499006, 0.478914, 0.33847]
[0.571437, 0.120181, -0.499576, 0.369197, 0.26236]
[0.330859, 0.312712, -0.499946, 0.333164, 0.088779]
[0.314634, 0.240315, -0.498503, 0.352045, 0.11509]
[0.300159, 0.472975, -0.499411, 0.399875, 0.448074]
[0.37127, 0.391377, -0.498973, 0.493297, 0.272751]
[0.540104, 0.188719, -0.499865, 0.32118, 0.062524]
[0.435869, 0.235271, -0.499321, 0.23698, 0.347212]
[0.659586, 0.477815, -0.499315, 0.337391, 0.304704]
[0.594576, 0.362228, -0.499843, 0.266152, 0.192883]
[0.668307, 0.143915, -0.49877, 0.236027, 0.216321]
[0.363375, 0.201359, -0.49892, 0.283267, 0.099775]
[0.534998, 0.118777, -0.499307, 0.267931, 0.153362]
[0.323976, 0.252132, -0.499017, 0.498353, 0.178925]
[0.658666, 0.382873, -0.499201, 0.496181, 0.248983]
[0.27617, 0.304407, -0.498444, 0.329587, 0.10642]
[0.481369, 0.487036, -0.499353, 0.404937, 0.238933]
[0.677041, 0.29787, -0.499962, 0.366491, 0.421035]
[0.676649, 0.196587, -0.499853, 0.493522, 0.496717]
[0.399096, 0.415925, -0.499861, 0.346448, 0.151554]
[0.296278, 0.266721, -0.499467, 0.493015, 0.254411]
[0.454439, 0.129838, -0.498466, 0.493154, 0.430225]
[0.654004, 0.138441, -0.49873, 0.477153, 0.272708]
[0.597253, 0.459547, -0.499057, 0.384455, 0.468615]
[0.386435, 0.413948, -0.499372, 0.316055, 0.494843]
[0.358961, 0.431798, -0.499288, 0.246682, 0.167605]
[0.309874, 0.195805, -0.498557, 0.399986, 0.482338]
[0.284538, 0.183536, -0.499071, 0.473362, 0.106221]
[0.614352, 0.245468, -0.499386, 0.468579, 0.154997]
[0.601045, 0.244428, -0.499279, 0.474841, 0.261433]
[0.304082, 0.405044, -0.499013, 0.277629, 0.29972]
[0.568757, 0.465643, -0.498779, 0.475395, 0.487192]
[0.275945, 0.191325, -0.499868, 0.386881, 0.104507]
[0.560421, 0.13425, -0.499854, 0.494548, 0.394998]
[0.666811, 0.164456, -0.499515, 0.44542, 0.056886]
[0.359109, 0.420297, -0.499929, 0.397638, 0.277705]
[0.528766, 0.120013, -0.498954, 0.494878, 0.412177]
[0.518296, 0.298846, -0.498563, 0.420369, 0.223577]
[0.470485, 0.354255, -0.499268, 0.295978, 0.18853]
[0.345296, 0.285764, -0.498726, 0.444021, 0.414394]
[0.644727, 0.201372, -0.499648, 0.488922, 0.426471]
[0.510217, 0.140106, -0.499716, 0.41878, 0.353434]
[0.289794, 0.428504, -0.498432, 0.289582, 0.232445]
[0.670855, 0.346275, -0.499687, 0.446775, 0.451419]
[0.439068, 0.171673, -0.498954, 0.3703, 0.014811]
[0.393239, 0.299336, -0.498609, 0.22966, 0.032016]
[0.337306, 0.136132, -0.499165, 0.368292, 0.330784]
[0.578328, 0.39816, -0.498786, 0.411476, 0.117863]
[0.575226, 0.187304, -0.499311, 0.309346, 0.340073]
[0.446198, 0.327222, -0.498679, 0.31552, 0.33097]
[0.331368, 0.432057, -0.498749, 0.284143, 0.449195]
[0.560828, 0.410249, -0.49999, 0.311851, 0.218833]
[0.294936, 0.445793, -0.498627, 0.487386, 0.453837]
[0.633685, 0.193626, -0.499587, 0.240628, 0.213703]
[0.65942, 0.325569, -0.49947, 0.295849, 0.316667]
[0.427893, 0.325498, -0.499911, 0.422189, 0.160081]
[0.671079, 0.152396, -0.499693, 0.378063, 0.267998]
[0.523988, 0.41775, -0.499882, 0.389943, 0.133965]
[0.554189, 0.269804, -0.499031, 0.396257, 0.143731]
[0.332768, 0.367389, -0.498439, 0.2744, 0.488131]
[0.418907, 0.327487, -0.499418, 0.446275, 0.490386]
[0.567671, 0.371083, -0.498504, 0.264488, 0.014116]
[0.33973, 0.365887, -0.498569, 0.410509, 0.233814]
[0.558986, 0.134998, -0.499539, 0.320775, 0.497934]
[0.351675, 0.320764, -0.4992, 0.319206, 0.080758]
[0.304644, 0.133485, -0.498916, 0.444752, 0.287792]
[0.476916, 0.375281, -0.498409, 0.327318, 0.313957]
[0.634459, 0.249743, -0.499037, 0.428399, 0.446517]
[0.321667, 0.257138, -0.49872, 0.340093, 0.053259]
[0.363158, 0.179517, -0.49905, 0.353015, 0.134426]
[0.374178, 0.200612, -0.49904, 0.316548, 0.244419]
[0.364171, 0.419122, -0.498877, 0.433224, 0.239286]
[0.656443, 0.428688, -0.499458, 0.471949, 0.12062]
[0.606149, 0.238297, -0.49863, 0.253147, 0.051865]
[0.581382, 0.139862, -0.49878, 0.351321, 0.475905]
[0.357838, 0.466217, -0.499462, 0.401017, 0.25887]
[0.466096, 0.415757, -0.499608, 0.457254, 0.022469]
[0.299352, 0.395861, -0.499722, 0.424218, 0.302824]
[0.301358, 0.37595, -0.499374, 0.253685, 0.108159]
[0.270341, 0.305333, -0.499333, 0.275761, 0.186737]
[0.423951, 0.40111, -0.49846, 0.275513, 0.290873]
[0.353481, 0.365626, -0.499668, 0.451789, 0.483504]
[0.420552, 0.288753, -0.498782, 0.256572, 0.149234]
[0.603261, 0.170844, -0.498646, 0.244985, 0.478105]
[0.376587, 0.190189, -0.498504, 0.336342, 0.475947]
[0.527451, 0.199594, -0.499547, 0.240522, 0.49441]
[0.654174, 0.458747, -0.498862, 0.492642, 0.305079]
[0.570898, 0.139856, -0.499062, 0.462439, 0.473218]
[0.441985, 0.363869, -0.499107, 0.243267, 0.311766]
[0.424365, 0.182977, -0.499109, 0.391808, 0.400505]
[0.611139, 0.335705, -0.498672, 0.396488, 0.311467]
[0.460202, 0.161344, -0.499415, 0.404652, 0.40193]
[0.585086, 0.424902, -0.499662, 0.336301, 0.011275]
[0.636164, 0.191884, -0.49872, 0.350737, 0.319459]
[0.490997, 0.359464, -0.498448, 0.460968, 0.117215]
[0.508502, 0.344671, -0.499214, 0.457354, 0.347256]
[0.590751, 0.193295, -0.498912, 0.374057, 0.374634]
[0.628825, 0.329826, -0.498714, 0.379785, 0.251729]
[0.591731, 0.325342, -0.499346, 0.400302, 0.115724]
[0.562432, 0.467136, -0.499309, 0.356674, 0.365666]
[0.291451, 0.118691, -0.499441, 0.318116, 0.16427]
[0.29353, 0.335133, -0.498443, 0.275281, 0.465049]
[0.657558, 0.290907, -0.499967, 0.406109, 0.098459]
[0.528215, 0.16316, -0.499942, 0.30463, 0.122525]
[0.468954, 0.336917, -0.499692, 0.258829, 0.495983]
[0.366041, 0.413307, -0.499875, 0.359571, 0.457526]
[0.305916, 0.239366, -0.499273, 0.420957, 0.124338]
[0.472721, 0.250951, -0.499458, 0.430655, 0.214374]
[0.640612, 0.243462, -0.498624, 0.419652, 0.260606]
[0.413427, 0.112453, -0.499951, 0.232389, 0.063871]
[0.592283, 0.479002, -0.4997, 0.344974, 0.132436]
[0.58847, 0.325079, -0.49961, 0.463647, 0.249113]
[0.502411, 0.349305, -0.499298, 0.484831, 0.218539]
[0.362883, 0.377033, -0.498809, 0.28329, 0.292187]
[0.464525, 0.374756, -0.498647, 0.480583, 0.159197]
[0.49975, 0.316411, -0.499565, 0.471182, 0.103824]
[0.401405, 0.28489, -0.498742, 0.297267, 0.491619]
[0.5221, 0.268906, -0.499681, 0.397925, 0.019645]
[0.4854, 0.271497, -0.49971, 0.492581, 0.257737]
[0.276638, 0.472742, -0.498457, 0.431896, 0.070606]
[0.462646, 0.270656, -0.499952, 0.371494, 0.398625]
[0.367968, 0.263008, -0.499616, 0.433902, 0.292394]
[0.425098, 0.40971, -0.499403, 0.414552, 0.351265]
[0.589129, 0.420075, -0.499729, 0.280843, 0.255967]
[0.559136, 0.423896, -0.498553, 0.379515, 0.368787]
[0.346766, 0.298736, -0.499804, 0.34844, 0.124268]
[0.53591, 0.206078, -0.499236, 0.478655, 0.134299]
[0.36838, 0.131564, -0.498947, 0.306397, 0.457426]
[0.281489, 0.464104, -0.499836, 0.338825, 0.359747]
[0.595311, 0.149415, -0.499078, 0.498201, 0.115674]
[0.644159, 0.297431, -0.499883, 0.436739, 0.01158]
[0.466237, 0.144423, -0.499038, 0.452461, 0.411839]
[0.451266, 0.239545, -0.498563, 0.395956, 0.222045]
[0.491075, 0.3982, -0.498982, 0.230587, 0.357487]
[0.397917, 0.440301, -0.499009, 0.39438, 0.15642]
[0.518753, 0.312148, -0.498887, 0.294675, 0.495725]
[0.466207, 0.382922, -0.499355, 0.37576, 0.016489]
[0.404393, 0.231431, -0.499637, 0.444845, 0.165325]
[0.498364, 0.213848, -0.499161, 0.266367, 0.206482]
[0.5462, 0.272816, -0.499103, 0.295484, 0.075744]
[0.614959, 0.445133, -0.499505, 0.334058, 0.093068]
[0.675237, 0.473475, -0.498516, 0.450106, 0.461887]
[0.420063, 0.265169, -0.499806, 0.380978, 0.106623]
[0.295775, 0.385929, -0.499301, 0.330725, 0.422795]
[0.424961, 0.399741, -0.499128, 0.3921, 0.208951]
[0.403047, 0.448404, -0.499703, 0.272715, 0.123395]
[0.625558, 0.118069, -0.498448, 0.341987, 0.400085]
[0.38197, 0.295337, -0.498841, 0.478365, 0.364068]
[0.648808, 0.470766, -0.499248, 0.420301, 0.306976]
[0.323253, 0.27116, -0.499232, 0.431013, 0.45305]
[0.6023, 0.414853, -0.499482, 0.455311, 0.349109]
[0.565702, 0.398084, -0.498494, 0.430729, 0.279884]
[0.269196, 0.499787, -0.499177, 0.303127, 0.14505]
[0.608046, 0.37933, -0.49858, 0.47711, 0.456434]
[0.611861, 0.35182, -0.499339, 0.435398, 0.049666]
[0.621013, 0.467892, -0.499185, 0.3721, 0.110953]
[0.295531, 0.380065, -0.499268, 0.460716, 0.097645]
[0.366959, 0.217042, -0.499215, 0.413617, 0.082451]
[0.326995, 0.357157, -0.499182, 0.266113, 0.155894]
[0.438375, 0.412849, -0.499649, 0.34074, 0.477482]
[0.48465, 0.236096, -0.499598, 0.281419, 0.279675]
[0.656441, 0.157611, -0.498785, 0.420276, 0.168328]
[0.299289, 0.189373, -0.499539, 0.33471, 0.127446]
[0.535572, 0.141713, -0.498917, 0.424673, 0.241939]
[0.433488, 0.298747, -0.499136, 0.472075, 0.479174]
[0.411133, 0.282671, -0.499601, 0.396668, 0.445251]
[0.432663, 0.387404, -0.499452, 0.363164, 0.378399]
[0.460801, 0.389382, -0.49874, 0.445811, 0.046165]
[0.453225, 0.285953, -0.499825, 0.444219, 0.210509]
[0.486628, 0.467334, -0.499731, 0.301602, 0.19499]
[0.606393, 0.200339, -0.499772, 0.297096, 0.019356]
[0.576394, 0.379287, -0.498415, 0.384315, 0.230202]
[0.623464, 0.32033, -0.499143, 0.279476, 0.22829]
[0.335158, 0.174689, -0.498735, 0.283551, 0.059383]
[0.283781, 0.253121, -0.498669, 0.378671, 0.088707]
[0.621738, 0.231026, -0.499582, 0.346538, 0.230324]
[0.338678, 0.253879, -0.499553, 0.239699, 0.448659]
[0.340785, 0.44169, -0.498771, 0.488918, 0.045187]
[0.436009, 0.271543, -0.499483, 0.432259, 0.491493]
[0.350365, 0.373954, -0.498698, 0.362905, 0.447068]
[0.629177, 0.136081, -0.499233, 0.477072, 0.112416]
[0.577414, 0.21423, -0.499082, 0.301515, 0.405394]
[0.325732, 0.143496, -0.499968, 0.35044, 0.398352]
[0.355704, 0.24703, -0.49923, 0.237871, 0.029848]
[0.534905, 0.319457, -0.499318, 0.478661, 0.399765]
[0.287958, 0.120176, -0.499821, 0.458324, 0.373165]
[0.569451, 0.337041, -0.499129, 0.466196, 0.090018]
[0.430622, 0.379479, -0.499381, 0.479242, 0.007509]
[0.516096, 0.291584, -0.498907, 0.448045, 0.211474]
[0.270771, 0.128842, -0.499533, 0.408094, 0.263142]
[0.504213, 0.456968, -0.498611, 0.304537, 0.489386]
[0.47138, 0.355746, -0.498598, 0.291093, 0.08744]
[0.567762, 0.212691, -0.499659, 0.367287, 0.403279]
[0.448701, 0.417051, -0.499772, 0.367986, 0.092896]
[0.484229, 0.18905, -0.498861, 0.241482, 0.029924]
[0.375748, 0.458774, -0.498817, 0.383453, 0.083393]
[0.401527, 0.158322, -0.498932, 0.461263, 0.383037]
[0.560749, 0.340293, -0.499169, 0.467111, 0.178284]
[0.310987, 0.148812, -0.499019, 0.379465, 0.163349]
[0.350603, 0.15509, -0.499906, 0.413428, 0.22384]
[0.472895, 0.455432, -0.498501, 0.319928, 0.074187]
[0.573301, 0.404313, -0.498994, 0.370776, 0.325961]
[0.468157, 0.227471, -0.498764, 0.472134, 0.398241]
[0.434719, 0.300754, -0.49998, 0.435179, 0.461606]
[0.500192, 0.189908, -0.498711, 0.407945, 0.179965]
[0.635724, 0.36459, -0.498792, 0.277249, 0.092007]
[0.653683, 0.114096, -0.49843, 0.319394, 0.286015]
[0.657837, 0.385783, -0.499268, 0.431891, 0.026313]
[0.505844, 0.447947, -0.498954, 0.383862, 0.240528]
[0.477108, 0.415616, -0.49998, 0.458017, 0.204856]
[0.286736, 0.199501, -0.499653, 0.228667, 0.478342]
[0.595776, 0.267032, -0.499149, 0.496351, 0.467452]
[0.623497, 0.16356, -0.499783, 0.242321, 0.371087]
[0.601703, 0.360436, -0.499144, 0.36738, 0.412965]
[0.476957, 0.406742, -0.498478, 0.41694, 0.089054]
[0.359811, 0.176884, -0.499371, 0.476181, 0.062858]
[0.652686, 0.306696, -0.499034, 0.498177, 0.48869]
[0.385183, 0.324812, -0.499663, 0.459322, 0.19425]
[0.342575, 0.165812, -0.498687, 0.248903, 0.278279]
[0.309886, 0.394201, -0.499102, 0.429791, 0.445291]
[0.363538, 0.415788, -0.499486, 0.297946, 0.487414]
[0.664187, 0.142599, -0.498932, 0.449478, 0.185676]
[0.450283, 0.431802, -0.499204, 0.380829, 0.375567]
[0.574309, 0.287632, -0.49867, 0.45641, 0.116501]
[0.305618, 0.261131, -0.498814, 0.49384, 0.472263]
[0.45357, 0.409126, -0.49841, 0.440964, 0.481984]
[0.540311, 0.488365, -0.499936, 0.310872, 0.241148]
[0.594819, 0.223722, -0.498824, 0.276584, 0.162631]
[0.543639, 0.243748, -0.498595, 0.419507, 0.388915]
[0.493498, 0.144948, -0.49944, 0.247712, 0.495395]
[0.505372, 0.41162, -0.499471, 0.354591, 0.207945]
[0.661093, 0.447597, -0.499173, 0.25659, 0.115666]
[0.465708, 0.317806, -0.499389, 0.275065, 0.002737]
[0.391818, 0.192665, -0.498583, 0.428927, 0.244098]
[0.340904, 0.465682, -0.498491, 0.37663, 0.228832]
[0.398099, 0.45796, -0.499688, 0.311564, 0.169195]
[0.269655, 0.37702, -0.498513, 0.316604, 0.130186]
[0.535895, 0.238612, -0.499451, 0.476648, 0.451531]
[0.652648, 0.430528, -0.499609, 0.467617, 0.115623]
[0.389981, 0.398362, -0.499906, 0.408456, 0.216879]
[0.325191, 0.272754, -0.499916, 0.342502, 0.384454]
[0.557607, 0.301103, -0.499001, 0.353376, 0.280714]
[0.515275, 0.467277, -0.499116, 0.424349, 0.207733]
[0.600256, 0.453535, -0.498863, 0.491755, 0.244012]
[0.677459, 0.249274, -0.499784, 0.467643, 0.093462]
[0.300165, 0.355946, -0.499617, 0.364419, 0.463182]
[0.675779, 0.432829, -0.499627, 0.325786, 0.033547]
[0.464289, 0.146693, -0.499508, 0.291989, 0.0339]
[0.465773, 0.348393, -0.498917, 0.377948, 0.490997]
[0.550088, 0.133792, -0.499193, 0.354993, 0.045244]
[0.280818, 0.49536, -0.499712, 0.357779, 0.024357]
[0.391528, 0.444613, -0.499283, 0.319287, 0.114595]
[0.384027, 0.166422, -0.49868, 0.421457, 0.392135]
[0.575782, 0.391731, -0.498628, 0.431519, 0.22888]
[0.633912, 0.282959, -0.499076, 0.450609, 0.480912]
[0.616611, 0.210957, -0.499702, 0.234784, 0.395307]
[0.566233, 0.443418, -0.499013, 0.474854, 0.484959]
[0.435091, 0.283558, -0.499852, 0.446212, 0.306617]
[0.56569, 0.260604, -0.499059, 0.426201, 0.104053]
[0.515142, 0.381205, -0.498929, 0.397101, 0.074681]
[0.356839, 0.474274, -0.499641, 0.308632, 0.246255]
[0.442275, 0.413368, -0.499845, 0.44109, 0.168878]
[0.5373, 0.202455, -0.498688, 0.416148, 0.401106]
[0.595173, 0.489366, -0.49885, 0.428743, 0.305851]
[0.633799, 0.36556, -0.498492, 0.399045, 0.229919]
[0.353509, 0.345679, -0.499659, 0.281254, 0.42701]
[0.32642, 0.488273, -0.498857, 0.246213, 0.428264]
[0.281533, 0.345681, -0.498469, 0.361032, 0.383924]
[0.607555, 0.168077, -0.499538, 0.230217, 0.300917]
[0.453933, 0.489185, -0.499811, 0.401611, 0.184278]
[0.337035, 0.253338, -0.498693, 0.338436, 0.074018]
[0.366778, 0.246012, -0.49923, 0.351709, 0.012522]
[0.661349, 0.147639, -0.498668, 0.484647, 0.021099]
[0.317273, 0.47638, -0.498768, 0.243028, 0.16343]
[0.53245, 0.219003, -0.49843, 0.227508, 0.134735]
[0.511541, 0.18692, -0.498722, 0.464237, 0.354818]
[0.43023, 0.206117, -0.499091, 0.268566, 0.11933]
[0.490886, 0.250459, -0.499511, 0.30102, 0.15936]
[0.424445, 0.114599, -0.498624, 0.343752, 0.053699]
[0.603085, 0.195527, -0.499928, 0.480065, 0.231121]
[0.580808, 0.366929, -0.499749, 0.443656, 0.292034]
[0.487168, 0.232849, -0.499888, 0.28531, 0.373893]
[0.374975, 0.31591, -0.499193, 0.231786, 0.354967]
[0.361263, 0.233135, -0.499872, 0.419853, 0.297117]
[0.643068, 0.470683, -0.499751, 0.264362, 0.417657]
[0.500537, 0.222155, -0.499561, 0.430716, 0.465835]
[0.362958, 0.192662, -0.499307, 0.233986, 0.191341]
[0.571538, 0.342706, -0.499923, 0.385678, 0.409522]
[0.495357, 0.392113, -0.499915, 0.294809, 0.030503]
[0.403899, 0.226152, -0.498965, 0.38054, 0.490298]
[0.431578, 0.449307, -0.498487, 0.473524, 0.490703]
[0.404733, 0.180961, -0.499328, 0.499865, 0.048847]
[0.288985, 0.141102, -0.498448, 0.296047, 0.066004]
[0.299956, 0.341901, -0.498549, 0.440735, 0.011397]
[0.29135, 0.451783, -0.498594, 0.451139, 0.019451]
[0.271377, 0.4065, -0.498698, 0.413047, 0.438985]
[0.324023, 0.469981, -0.499345, 0.3453, 0.262539]
[0.637098, 0.222517, -0.498955, 0.462556, 0.221986]
[0.361381, 0.324402, -0.499255, 0.349612, 0.459857]
[0.510549, 0.267952, -0.498854, 0.423216, 0.190668]
[0.302168, 0.315435, -0.499934, 0.288926, 0.239398]
[0.352679, 0.269522, -0.499175, 0.33072, 0.317978]
[0.574826, 0.125248, -0.498448, 0.451649, 0.082102]
[0.576546, 0.160807, -0.499165, 0.372487, 0.123822]
[0.294402, 0.306237, -0.498659, 0.33692, 0.222613]
[0.479676, 0.452383, -0.498838, 0.38317, 0.024235]
[0.325594, 0.310483, -0.498949, 0.26534, 0.089304]
[0.435381, 0.279633, -0.49939, 0.432862, 0.05745]
[0.58969, 0.371298, -0.499497, 0.284525, 0.052511]
[0.430678, 0.351449, -0.499823, 0.384163, 0.063143]
[0.275134, 0.455899, -0.499944, 0.332283, 0.001072]
[0.585814, 0.448124, -0.499922, 0.480554, 0.030578]
[0.308199, 0.415703, -0.499706, 0.354724, 0.184891]
[0.451951, 0.192193, -0.498777, 0.444623, 0.455235]
[0.396087, 0.424676, -0.499648, 0.300874, 0.220868]
[0.588977, 0.139721, -0.499241, 0.336108, 0.321092]
[0.439579, 0.210437, -0.49908, 0.487147, 0.244406]
[0.485374, 0.468462, -0.498978, 0.312531, 0.165099]
[0.491793, 0.45014, -0.499814, 0.307882, 0.084629]
[0.427553, 0.375091, -0.498835, 0.380522, 0.272002]
[0.635359, 0.336378, -0.498507, 0.411361, 0.067533]
[0.395076, 0.276017, -0.498512, 0.247148, 0.187505]
[0.59098, 0.249963, -0.498596, 0.306347, 0.053666]
[0.304254, 0.199491, -0.499924, 0.482893, 0.270493]
[0.578768, 0.433881, -0.49956, 0.259105, 0.097331]
[0.342398, 0.316623, -0.499311, 0.392967, 0.199093]
[0.528769, 0.484323, -0.499157, 0.495606, 0.242022]
[0.679712, 0.129434, -0.498629, 0.379166, 0.279981]
[0.535378, 0.226623, -0.499151, 0.236916, 0.344824]
[0.288547, 0.174104, -0.499463, 0.255852, 0.06512]
[0.533358, 0.309568, -0.499122, 0.267085, 0.151275]
[0.304008, 0.435847, -0.499765, 0.269704, 0.473158]
[0.370548, 0.308502, -0.498818, 0.291122, 0.226145]
[0.592971, 0.25156, -0.499619, 0.306259, 0.319832]
[0.639709, 0.31749, -0.4987, 0.437157, 0.090433]
[0.520437, 0.186514, -0.499285, 0.289325, 0.424287]
[0.480503, 0.112839, -0.498588, 0.366232, 0.190336]
[0.302407, 0.385372, -0.499984, 0.309106, 0.168881]
[0.627027, 0.206832, -0.498587, 0.292534, 0.174883]
[0.674244, 0.414512, -0.499855, 0.461507, 0.084719]
[0.576777, 0.433917, -0.499831, 0.316886, 0.449002]
[0.296654, 0.433763, -0.499411, 0.282177, 0.054749]
[0.547191, 0.150225, -0.499334, 0.396192, 0.024166]
[0.469758, 0.440555, -0.499873, 0.472487, 0.020017]
[0.552779, 0.319215, -0.499378, 0.461925, 0.002753]
[0.367025, 0.12725, -0.499177, 0.488257, 0.306466]
[0.57971, 0.209336, -0.499641, 0.496745, 0.208354]
[0.359165, 0.195748, -0.498933, 0.472668, 0.092941]
[0.535322, 0.488117, -0.49898, 0.27051, 0.043746]
[0.571671, 0.265355, -0.499832, 0.414085, 0.480397]
[0.600424, 0.161441, -0.499321, 0.279302, 0.140022]
[0.439189, 0.229275, -0.499772, 0.265549, 0.053928]
[0.399409, 0.393824, -0.498901, 0.429869, 0.468715]
[0.409439, 0.242575, -0.499901, 0.305539, 0.395507]
[0.439769, 0.116473, -0.499086, 0.364165, 0.488503]
[0.613268, 0.261579, -0.499448, 0.399869, 0.196968]
[0.672516, 0.430997, -0.499786, 0.402356, 0.093872]
[0.370521, 0.403073, -0.498721, 0.268434, 0.177205]
[0.385176, 0.128844, -0.49957, 0.364044, 0.057001]
[0.630376, 0.217317, -0.498531, 0.42934, 0.043807]
[0.329409, 0.419241, -0.499738, 0.401115, 0.239029]
[0.326678, 0.323469, -0.499414, 0.293792, 0.154272]
[0.390261, 0.293874, -0.499366, 0.230162, 0.322478]
[0.384255, 0.446343, -0.498514, 0.249348, 0.424482]
[0.661126, 0.314997, -0.499551, 0.469743, 0.489792]
[0.525721, 0.280653, -0.499694, 0.465584, 0.017215]
[0.539019, 0.159927, -0.498747, 0.395571, 0.488207]
[0.582986, 0.346509, -0.499663, 0.360073, 0.241177]
[0.572526, 0.337681, -0.498449, 0.497814, 0.149415]
[0.514802, 0.193324, -0.499193, 0.243312, 0.329762]
[0.367057, 0.472361, -0.499564, 0.281909, 0.103515]
[0.317643, 0.318743, -0.499284, 0.422331, 0.277552]
[0.588503, 0.115061, -0.498603, 0.39442, 0.120793]
[0.273924, 0.188459, -0.499321, 0.233457, 0.051779]
[0.508071, 0.47734, -0.498476, 0.404375, 0.416897]
[0.42171, 0.160437, -0.498478, 0.239094, 0.406462]
[0.389058, 0.182314, -0.49847, 0.248155, 0.207751]
[0.60354, 0.332761, -0.499852, 0.250337, 0.001263]
[0.495513, 0.3343, -0.498536, 0.264524, 0.297951]
[0.482956, 0.135914, -0.499553, 0.452909, 0.079544]
[0.604385, 0.178986, -0.499795, 0.379721, 0.345357]
[0.648513, 0.434311, -0.499404, 0.249034, 0.390938]
[0.414827, 0.305162, -0.49961, 0.362265, 0.07957]
[0.420171, 0.123205, -0.498465, 0.289943, 0.174435]
[0.476631, 0.302353, -0.499311, 0.460328, 0.124487]
[0.646359, 0.227028, -0.499362, 0.265773, 0.4783]
[0.323126, 0.451446, -0.498742, 0.439143, 0.228832]
[0.415952, 0.125952, -0.499284, 0.407312, 0.437305]
[0.452963, 0.249807, -0.498639, 0.244433, 0.301336]
[0.612814, 0.417159, -0.499644, 0.333711, 0.147749]
[0.56909, 0.488298, -0.499109, 0.489003, 0.399305]
[0.300134, 0.277514, -0.49876, 0.449328, 0.004924]
[0.589935, 0.254072, -0.499852, 0.233708, 0.287225]
[0.547249, 0.290946, -0.499679, 0.419317, 0.161539]
[0.67295, 0.489656, -0.498761, 0.234032, 0.317329]
[0.669563, 0.482787, -0.499161, 0.389699, 0.096116]
[0.499626, 0.419091, -0.498829, 0.460402, 0.493661]
[0.633744, 0.193154, -0.499657, 0.473464, 0.163498]
[0.479977, 0.244278, -0.499319, 0.263862, 0.434168]
[0.474811, 0.456742, -0.499828, 0.488088, 0.12259]
[0.357792, 0.140691, -0.499715, 0.489169, 0.340671]
[0.381782, 0.289455, -0.498612, 0.394738, 0.25946]
[0.424857, 0.201177, -0.499813, 0.392435, 0.257793]
[0.664213, 0.296804, -0.499462, 0.277067, 0.263299]
[0.547562, 0.385241, -0.499804, 0.469667, 0.396628]
[0.457239, 0.313527, -0.498788, 0.26546, 0.267317]
[0.494037, 0.128232, -0.499932, 0.455449, 0.402414]
[0.512627, 0.485791, -0.499079, 0.344865, 0.010326]
[0.625965, 0.298598, -0.499461, 0.363942, 0.383307]
[0.364779, 0.378026, -0.499114, 0.495006, 0.159605]
[0.578339, 0.388715, -0.499787, 0.406969, 0.141699]
[0.645157, 0.442499, -0.499983, 0.25911, 0.17651]
[0.350286, 0.468843, -0.499892, 0.361258, 0.281175]
[0.409203, 0.135165, -0.499947, 0.401307, 0.400346]
[0.631285, 0.186657, -0.499293, 0.245699, 0.247655]
[0.448075, 0.460884, -0.499765, 0.469488, 0.312836]
[0.631039, 0.228856, -0.499203, 0.251263, 0.463718]
[0.677413, 0.44798, -0.498804, 0.375707, 0.153369]
[0.411768, 0.404772, -0.498707, 0.481976, 0.132968]
[0.383894, 0.342791, -0.499458, 0.292049, 0.422799]
[0.401741, 0.351031, -0.499219, 0.433672, 0.296184]
[0.526884, 0.219446, -0.499196, 0.463947, 0.299023]
[0.515879, 0.249312, -0.499463, 0.325144, 0.029401]
[0.336823, 0.331867, -0.499618, 0.279166, 0.048317]
[0.642293, 0.366775, -0.499821, 0.439679, 0.383827]
[0.306383, 0.149395, -0.499303, 0.263505, 0.17425]
[0.414024, 0.472462, -0.498712, 0.2431, 0.399694]
[0.670504, 0.376308, -0.499048, 0.315357, 0.144195]
[0.588815, 0.464846, -0.498848, 0.371654, 0.424585]
[0.658866, 0.145967, -0.498555, 0.299161, 0.370918]
[0.49626, 0.226169, -0.499698, 0.379585, 0.005]
[0.553419, 0.471056, -0.499354, 0.453655, 0.283302]
[0.608567, 0.259489, -0.499564, 0.312687, 0.061845]
[0.377151, 0.142748, -0.498796, 0.271217, 0.105997]
[0.286461, 0.179926, -0.499478, 0.283987, 0.132236]
[0.64368, 0.23854, -0.499228, 0.389493, 0.162425]
[0.563536, 0.448047, -0.499127, 0.339831, 0.193268]
[0.58513, 0.347654, -0.49855, 0.313639, 0.092317]
[0.4457, 0.383348, -0.499185, 0.464257, 0.410636]
[0.611639, 0.499702, -0.499778, 0.398123, 0.437592]
[0.41136, 0.350472, -0.499708, 0.232196, 0.402979]
[0.382575, 0.373776, -0.498521, 0.399991, 0.100681]
[0.373021, 0.456506, -0.499978, 0.375251, 0.143238]
[0.453931, 0.201187, -0.499282, 0.366819, 0.099541]
[0.562775, 0.354461, -0.499481, 0.47189, 0.467833]
[0.496244, 0.464428, -0.498415, 0.446583, 0.253042]
[0.407683, 0.492288, -0.498413, 0.48737, 0.444438]
[0.539501, 0.43392, -0.498532, 0.381718, 0.468249]
[0.641415, 0.247405, -0.498555, 0.351758, 0.4433]
[0.602202, 0.198056, -0.499389, 0.426402, 0.158111]
[0.653397, 0.350591, -0.499177, 0.352794, 0.103402]
[0.549495, 0.230948, -0.499631, 0.472261, 0.244783]
[0.503191, 0.14944, -0.499591, 0.486811, 0.384434]
[0.538666, 0.278305, -0.499214, 0.335689, 0.220959]
[0.585366, 0.216959, -0.499493, 0.292364, 0.43637]
[0.389245, 0.438924, -0.499567, 0.233459, 0.2924]
[0.50494, 0.418748, -0.499041, 0.420739, 0.128364]
[0.438429, 0.390068, -0.499312, 0.411302, 0.277308]
[0.5951, 0.204728, -0.499562, 0.287273, 0.056925]
[0.462611, 0.112953, -0.499535, 0.430922, 0.423906]
[0.401695, 0.264759, -0.499943, 0.497894, 0.408589]
[0.488964, 0.212557, -0.499521, 0.258141, 0.141965]
[0.668569, 0.49193, -0.499131, 0.481836, 0.257248]
[0.504254, 0.173444, -0.498914, 0.468529, 0.190801]
[0.42895, 0.28919, -0.499506, 0.301741, 0.000185]
[0.438556, 0.18941, -0.499933, 0.444546, 0.029942]
[0.585691, 0.195242, -0.498994, 0.402058, 0.382822]
[0.605856, 0.161202, -0.499638, 0.439641, 0.352125]
[0.516096, 0.384519, -0.499301, 0.463055, 0.131845]
[0.604439, 0.156155, -0.498928, 0.373136, 0.365612]
[0.575112, 0.130962, -0.499486, 0.329446, 0.131394]
[0.669641, 0.196172, -0.498789, 0.231735, 0.247049]
[0.383065, 0.372631, -0.499832, 0.472762, 0.301485]
[0.351169, 0.257829, -0.499405, 0.288563, 0.034266]
[0.289418, 0.213382, -0.499261, 0.235271, 0.136105]
[0.548232, 0.388623, -0.498488, 0.356603, 0.117026]
[0.613426, 0.161034, -0.49953, 0.37541, 0.278105]
[0.36808, 0.156043, -0.498872, 0.321773, 0.327224]
[0.535636, 0.205769, -0.499191, 0.33055, 0.440211]
[0.656858, 0.337792, -0.499853, 0.466161, 0.445238]
[0.560619, 0.204562, -0.499704, 0.258856, 0.179182]
[0.472154, 0.45917, -0.4995, 0.467543, 0.164073]
[0.326326, 0.463471, -0.498614, 0.291241, 0.412289]
[0.362749, 0.213018, -0.499066, 0.325845, 0.114637]
[0.56324, 0.279094, -0.49875, 0.427156, 0.330846]
[0.568246, 0.224942, -0.499209, 0.287517, 0.135946]
[0.513785, 0.205775, -0.498622, 0.320775, 0.025628]
[0.547533, 0.314519, -0.499327, 0.296773, 0.117143]
[0.358701, 0.451815, -0.499621, 0.274112, 0.042812]
[0.286471, 0.116963, -0.499846, 0.418051, 0.390389]
[0.278055, 0.310629, -0.498881, 0.312632, 0.350587]
[0.498803, 0.211681, -0.498814, 0.453782, 0.016891]
[0.29274, 0.382123, -0.499445, 0.360414, 0.429773]
[0.484467, 0.428627, -0.499805, 0.384579, 0.206637]
[0.577283, 0.187261, -0.499822, 0.456795, 0.182075]
[0.42029, 0.333811, -0.49934, 0.372036, 0.495966]
[0.391104, 0.185864, -0.499038, 0.359032, 0.158349]
[0.366868, 0.343644, -0.498507, 0.329934, 0.183128]
[0.674191, 0.433333, -0.499479, 0.484956, 0.206399]
[0.522977, 0.400011, -0.498697, 0.297075, 0.269188]
[0.431195, 0.390091, -0.499984, 0.422917, 0.172023]
[0.31255, 0.317001, -0.49857, 0.37032, 0.057093]
[0.424451, 0.234105, -0.499287, 0.331493, 0.326383]
[0.52504, 0.256271, -0.498914, 0.353679, 0.389502]
[0.637541, 0.47583, -0.499286, 0.45012, 0.008935]
[0.52409, 0.248113, -0.498488, 0.402905, 0.331229]
[0.469851, 0.414338, -0.498726, 0.42528, 0.232082]
[0.583894, 0.15918, -0.498965, 0.34791, 0.340003]
[0.339816, 0.4796, -0.498654, 0.285602, 0.201295]
[0.610125, 0.410047, -0.499348, 0.268204, 0.238195]
[0.334632, 0.207399, -0.499005, 0.424945, 0.000933]
[0.568672, 0.417245, -0.499224, 0.262238, 0.099275]
[0.64188, 0.466456, -0.499094, 0.348707, 0.024549]
[0.474756, 0.23166, -0.49876, 0.239734, 0.390376]
[0.667442, 0.2454, -0.499977, 0.348187, 0.409148]
[0.51957, 0.309035, -0.499921, 0.23347, 0.433839]
[0.463043, 0.153064, -0.499881, 0.262245, 0.242495]
[0.612217, 0.491793, -0.498644, 0.31497, 0.048144]
[0.67293, 0.213293, -0.498583, 0.48988, 0.032674]
[0.411256, 0.420876, -0.499363, 0.359146, 0.103819]
[0.449613, 0.174161, -0.499375, 0.414825, 0.351669]
[0.60489, 0.320407, -0.498973, 0.235061, 0.308796]
[0.475694, 0.126566, -0.499003, 0.337511, 0.033964]
[0.34489, 0.228924, -0.499855, 0.301809, 0.207767]
[0.558247, 0.260332, -0.49932, 0.301276, 0.498487]
[0.539522, 0.497666, -0.499152, 0.352858, 0.260745]
[0.616752, 0.29307, -0.498804, 0.268713, 0.211092]
[0.528792, 0.407827, -0.498753, 0.236359, 0.281522]
[0.55301, 0.303016, -0.498574, 0.3608, 0.160114]
[0.570806, 0.148056, -0.499018, 0.240119, 0.170328]
[0.509958, 0.467857, -0.49913, 0.325743, 0.363772]
[0.310734, 0.425458, -0.499074, 0.274859, 0.450078]
[0.490826, 0.458062, -0.49983, 0.353662, 0.20467]
[0.439312, 0.247255, -0.499058, 0.479932, 0.286163]
[0.570678, 0.427512, -0.49883, 0.472839, 0.422083]
[0.424674, 0.158161, -0.499808, 0.42591, 0.100868]
[0.316326, 0.385866, -0.498594, 0.456842, 0.410403]
[0.58534, 0.414123, -0.499548, 0.428285, 0.18498]
[0.354074, 0.212396, -0.499578, 0.320928, 0.347207]
[0.46584, 0.314983, -0.499638, 0.499193, 0.346246]
[0.350438, 0.278211, -0.499885, 0.440072, 0.150145]
[0.339774, 0.234478, -0.499244, 0.432298, 0.152359]
[0.469863, 0.433566, -0.499765, 0.420137, 0.069952]
[0.586695, 0.207029, -0.499295, 0.445833, 0.359918]
[0.470519, 0.469031, -0.498909, 0.23232, 0.279289]
[0.390366, 0.382609, -0.499655, 0.285888, 0.04339]
[0.379339, 0.359052, -0.498558, 0.44184, 0.04961]
[0.300336, 0.470547, -0.499378, 0.328199, 0.263519]
[0.322041, 0.466726, -0.498931, 0.372248, 0.325632]
[0.659481, 0.487321, -0.499368, 0.322675, 0.471038]
[0.539475, 0.389791, -0.498497, 0.29015, 0.428734]
[0.355227, 0.405925, -0.498788, 0.428075, 0.02271]
[0.466319, 0.459392, -0.499028, 0.393865, 0.285766]
[0.418946, 0.252005, -0.498861, 0.310672, 0.185314]
[0.455519, 0.335089, -0.499032, 0.439107, 0.204439]
[0.408319, 0.428125, -0.498551, 0.330078, 0.135203]
[0.417204, 0.33638, -0.498852, 0.417462, 0.209344]
[0.637239, 0.241948, -0.499238, 0.43988, 0.262255]
[0.307774, 0.368586, -0.499171, 0.293289, 0.28286]
[0.669191, 0.329963, -0.499755, 0.343518, 0.009134]
[0.451789, 0.29516, -0.498856, 0.351984, 0.20947]
[0.348328, 0.440566, -0.498822, 0.409568, 0.396511]
[0.674554, 0.353024, -0.498543, 0.287918, 0.399375]
[0.391821, 0.493427, -0.498862, 0.247323, 0.210194]
[0.547266, 0.303717, -0.498692, 0.361632, 0.254065]
[0.493417, 0.363837, -0.498977, 0.460692, 0.350603]
[0.333996, 0.368928, -0.499426, 0.340742, 0.012149]
[0.54179, 0.248902, -0.499945, 0.400609, 0.269076]
[0.304925, 0.413867, -0.499568, 0.450894, 0.12111]
[0.374698, 0.204481, -0.499255, 0.339182, 0.152803]
[0.663503, 0.152913, -0.49865, 0.429666, 0.164931]
[0.35055, 0.274846, -0.499931, 0.24494, 0.153201]
[0.534141, 0.387185, -0.499324, 0.484503, 0.244903]
[0.362374, 0.115744, -0.499697, 0.348593, 0.351352]
[0.509047, 0.467308, -0.498723, 0.282184, 0.011915]
[0.334999, 0.418576, -0.49981, 0.433767, 0.089073]
[0.666467, 0.441864, -0.499475, 0.305492, 0.418874]
[0.668908, 0.119826, -0.499719, 0.356292, 0.367117]
[0.343707, 0.250422, -0.498598, 0.294892, 0.477784]
[0.440541, 0.481313, -0.499249, 0.317944, 0.148282]
[0.485501, 0.443985, -0.499552, 0.268524, 0.038623]
[0.297324, 0.304756, -0.498436, 0.495073, 0.119214]
[0.269026, 0.319781, -0.499138, 0.328022, 0.374154]
[0.427983, 0.348967, -0.499308, 0.22767, 0.009369]
[0.466744, 0.183146, -0.499473, 0.318483, 0.116069]
[0.340508, 0.451096, -0.499228, 0.363294, 0.043778]
[0.376037, 0.230115, -0.498923, 0.365393, 0.276793]
[0.666976, 0.458137, -0.498998, 0.317294, 0.245421]
[0.431398, 0.388501, -0.498885, 0.494435, 0.073662]
[0.523823, 0.383248, -0.499412, 0.304801, 0.185754]
[0.497145, 0.219443, -0.499718, 0.26632, 0.484998]
[0.547277, 0.489751, -0.498783, 0.287421, 0.460653]
[0.484922, 0.371191, -0.499646, 0.264758, 0.441015]
[0.664785, 0.285837, -0.498666, 0.289798, 0.24471]
[0.632456, 0.34443, -0.499428, 0.497797, 0.224167]
[0.569926, 0.214833, -0.498783, 0.391343, 0.260171]
[0.415637, 0.300789, -0.49911, 0.304218, 0.376787]
[0.287431, 0.340881, -0.49974, 0.233028, 0.297996]
[0.361576, 0.175193, -0.498805, 0.264572, 0.258264]
[0.446693, 0.127432, -0.499439, 0.411392, 0.122694]
[0.339114, 0.366784, -0.499031, 0.296942, 0.002027]
[0.355365, 0.161637, -0.49895, 0.383232, 0.143988]
[0.58527, 0.111939, -0.499844, 0.483224, 0.054526]
[0.635858, 0.200058, -0.499159, 0.385089, 0.275773]
[0.431088, 0.360594, -0.498538, 0.33708, 0.081427]
[0.478192, 0.117292, -0.499546, 0.491734, 0.062523]
[0.66739, 0.247871, -0.499786, 0.39334, 0.239788]
[0.649888, 0.353311, -0.498757, 0.30431, 0.452905]
[0.509464, 0.452456, -0.49999, 0.317856, 0.004994]
[0.628661, 0.189304, -0.498537, 0.426652, 0.427694]
[0.662938, 0.238042, -0.499417, 0.407007, 0.483573]
[0.415813, 0.152121, -0.499308, 0.45355, 0.132288]
[0.421161, 0.300608, -0.499187, 0.416212, 0.26613]
[0.287582, 0.13165, -0.499868, 0.465727, 0.159752]
[0.331441, 0.165187, -0.499787, 0.281227, 0.01869]
[0.325209, 0.12639, -0.498684, 0.26856, 0.319635]
[0.521025, 0.484173, -0.498636, 0.430643, 0.398067]
[0.569191, 0.385382, -0.498954, 0.346909, 0.473308]
[0.430599, 0.115889, -0.498835, 0.461123, 0.176767]
[0.334701, 0.412041, -0.499216, 0.425527, 0.23137]
[0.377056, 0.171275, -0.499892, 0.251277, 0.043483]
[0.292483, 0.208386, -0.499443, 0.470034, 0.191716]
[0.574292, 0.243156, -0.498873, 0.367322, 0.468832]
[0.58782, 0.499101, -0.498696, 0.322163, 0.444064]
[0.326248, 0.451837, -0.498839, 0.258535, 0.147328]
[0.613646, 0.214867, -0.499846, 0.387262, 0.13363]
[0.485659, 0.328991, -0.499797, 0.351021, 0.375198]
[0.323414, 0.476665, -0.49889, 0.421897, 0.053587]
[0.469811, 0.177094, -0.49855, 0.352873, 0.439646]
[0.404065, 0.309745, -0.498698, 0.495886, 0.031462]
[0.30289, 0.309125, -0.499819, 0.321543, 0.110577]
[0.338851, 0.342357, -0.498677, 0.395456, 0.441022]
[0.326117, 0.284944, -0.499389, 0.233623, 0.278492]
[0.546906, 0.177761, -0.499613, 0.307913, 0.488478]
[0.416803, 0.176473, -0.49885, 0.276496, 0.156867]
[0.354352, 0.121574, -0.499792, 0.473746, 0.246594]
[0.280168, 0.144196, -0.499721, 0.370366, 0.271506]
[0.599137, 0.311125, -0.498963, 0.322089, 0.026656]
[0.438043, 0.192119, -0.498535, 0.432965, 0.251059]
[0.516891, 0.419873, -0.49895, 0.25686, 0.154544]
[0.385955, 0.431013, -0.498849, 0.252891, 0.285639]
[0.473092, 0.25287, -0.499481, 0.30276, 0.351736]
[0.490259, 0.271276, -0.499351, 0.475287, 0.333136]
[0.41527, 0.288153, -0.499541, 0.382384, 0.185692]
[0.597889, 0.187518, -0.499105, 0.432949, 0.051726]
[0.587692, 0.127771, -0.499548, 0.306056, 0.468424]
[0.616713, 0.351621, -0.498519, 0.38967, 0.220574]
[0.506697, 0.457639, -0.498437, 0.429809, 0.014967]
[0.625084, 0.26966, -0.498733, 0.3459, 0.328714]
[0.63405, 0.345477, -0.498595, 0.47056, 0.426675]
[0.425991, 0.484414, -0.499446, 0.397135, 0.196943]
[0.470393, 0.418431, -0.499056, 0.455272, 0.17681]
[0.470217, 0.273505, -0.499878, 0.244086, 0.156068]
[0.525246, 0.310185, -0.49939, 0.404064, 0.330262]
[0.381804, 0.329188, -0.499329, 0.3043, 0.355929]
[0.434235, 0.186425, -0.499235, 0.381941, 0.031545]
[0.27385, 0.439989, -0.499206, 0.392612, 0.112251]
[0.497014, 0.274127, -0.499016, 0.384571, 0.176578]
[0.564578, 0.36732, -0.499294, 0.29431, 0.198356]
[0.279543, 0.281545, -0.498438, 0.334683, 0.299648]
[0.604648, 0.327148, -0.499173, 0.308711, 0.050757]
[0.56083, 0.460566, -0.498962, 0.403306, 0.078391]
[0.408595, 0.183272, -0.498625, 0.467668, 0.366482]
[0.283576, 0.318112, -0.499116, 0.424046, 0.11996]
[0.549379, 0.377212, -0.498974, 0.322952, 0.22738]
[0.452629, 0.222274, -0.498466, 0.300817, 0.336365]
[0.431477, 0.156513, -0.49859, 0.355195, 0.369765]
[0.445511, 0.12177, -0.499862, 0.499059, 0.394989]
[0.577576, 0.11659, -0.498997, 0.380226, 0.341578]
[0.31393, 0.380643, -0.499973, 0.459355, 0.160891]
[0.4754, 0.453392, -0.499465, 0.476378, 0.28732]
[0.408369, 0.482206, -0.498942, 0.35049, 0.429457]
[0.571355, 0.276729, -0.499373, 0.26482, 0.270701]
[0.308089, 0.150191, -0.498814, 0.257764, 0.282065]
[0.54713, 0.19373, -0.499081, 0.374987, 0.410595]
[0.555912, 0.15518, -0.499445, 0.472282, 0.264609]
[0.635737, 0.438838, -0.499872, 0.308062, 0.326825]
[0.270635, 0.488924, -0.498903, 0.4276, 0.238439]
[0.452958, 0.269778, -0.49873, 0.39981, 0.236296]
[0.501306, 0.459081, -0.498883, 0.475303, 0.422524]
[0.654497, 0.232645, -0.498736, 0.382618, 0.369957]
[0.432312, 0.474106, -0.498816, 0.293814, 0.012307]
[0.48312, 0.134953, -0.499425, 0.424412, 0.441597]
[0.634235, 0.416889, -0.498484, 0.409872, 0.265579]
[0.552333, 0.470981, -0.498996, 0.469177, 0.411973]
[0.578176, 0.480677, -0.498639, 0.41874, 0.024777]
[0.62347, 0.127324, -0.498912, 0.410042, 0.384862]
[0.369457, 0.206425, -0.49848, 0.291855, 0.066124]
[0.455202, 0.243507, -0.49883, 0.241472, 0.278141]
[0.36838, 0.414217, -0.499321, 0.497039, 0.034718]
[0.539917, 0.356429, -0.499195, 0.497566, 0.176456]
[0.55958, 0.468167, -0.499381, 0.433226, 0.34936]
[0.343229, 0.401769, -0.498562, 0.265442, 0.421042]
[0.605476, 0.178319, -0.4991, 0.339426, 0.096091]
[0.466432, 0.124082, -0.498512, 0.447813, 0.470901]
[0.437121, 0.17844, -0.498881, 0.495443, 0.289391]
[0.586647, 0.32184, -0.499963, 0.45168, 0.404445]
[0.582318, 0.423637, -0.498798, 0.369142, 0.293055]
[0.562356, 0.444151, -0.498661, 0.448664, 0.305879]
[0.593671, 0.173086, -0.499237, 0.275883, 0.140103]
[0.322736, 0.378866, -0.499188, 0.400731, 0.26054]
[0.617975, 0.464294, -0.498649, 0.46541, 0.491015]
[0.364103, 0.402542, -0.498821, 0.293638, 0.232074]
[0.289512, 0.46056, -0.499878, 0.471894, 0.458992]
[0.55063, 0.278329, -0.498569, 0.402501, 0.476679]
[0.558452, 0.331216, -0.499914, 0.271147, 0.096459]
[0.421471, 0.122329, -0.498656, 0.259585, 0.358067]
[0.440211, 0.374205, -0.499471, 0.482733, 0.460549]
[0.271122, 0.26756, -0.498478, 0.2683, 0.354207]
[0.564826, 0.414334, -0.499023, 0.299266, 0.359389]
[0.408244, 0.444793, -0.498441, 0.331099, 0.162493]
[0.311592, 0.239908, -0.498751, 0.289063, 0.111223]
[0.580483, 0.121173, -0.498638, 0.359989, 0.32672]
[0.48605, 0.122702, -0.499871, 0.477476, 0.494285]
[0.353054, 0.462212, -0.499414, 0.457676, 0.481538]
[0.349986, 0.400835, -0.498628, 0.367711, 0.303844]
[0.459783, 0.262523, -0.498905, 0.327487, 0.370226]
[0.395872, 0.136712, -0.498878, 0.4713, 0.367779]
[0.406987, 0.270079, -0.499227, 0.480274, 0.345499]
[0.636822, 0.130007, -0.498552, 0.385089, 0.291679]
[0.316358, 0.271069, -0.499311, 0.400983, 0.030128]
[0.379078, 0.468022, -0.498921, 0.245609, 0.27055]
[0.364544, 0.342047, -0.498607, 0.393236, 0.406856]
[0.488889, 0.189911, -0.49983, 0.431745, 0.118027]
[0.400758, 0.232696, -0.498836, 0.333258, 0.417589]
[0.562132, 0.172251, -0.499776, 0.391762, 0.487725]
[0.585779, 0.250132, -0.499095, 0.347801, 0.051479]
[0.295898, 0.415981, -0.498884, 0.386161, 0.334803]
[0.573611, 0.200255, -0.498572, 0.404631, 0.229406]
[0.281701, 0.124225, -0.499958, 0.435124, 0.318911]
[0.38252, 0.384442, -0.499782, 0.40051, 0.147366]
[0.439489, 0.118547, -0.499413, 0.34814, 0.01528]
[0.544884, 0.275314, -0.499094, 0.395038, 0.091334]
[0.438215, 0.21552, -0.49993, 0.280347, 0.367276]
[0.439794, 0.158629, -0.498753, 0.259317, 0.391371]
[0.50257, 0.390434, -0.499668, 0.415449, 0.145949]
[0.430396, 0.469547, -0.498734, 0.408001, 0.064328]
[0.633302, 0.334745, -0.499259, 0.3747, 0.095448]
[0.440153, 0.465881, -0.49947, 0.334414, 0.47692]
[0.310675, 0.12, -0.498669, 0.250308, 0.21291]
[0.551073, 0.485031, -0.499825, 0.462878, 0.058306]
[0.536628, 0.408685, -0.499518, 0.234516, 0.351969]
[0.529533, 0.295656, -0.498587, 0.389774, 0.325463]
[0.28934, 0.409166, -0.499391, 0.354526, 0.479586]
[0.321828, 0.427664, -0.498525, 0.357782, 0.300074]
[0.337812, 0.443131, -0.498635, 0.343668, 0.144841]
[0.644634, 0.374104, -0.498869, 0.308825, 0.300193]
[0.589385, 0.265659, -0.49976, 0.438604, 0.297023]
[0.395654, 0.208187, -0.498462, 0.444088, 0.009214]
[0.374373, 0.471948, -0.498767, 0.423524, 0.280859]
[0.476379, 0.150601, -0.499403, 0.47084, 0.483478]
[0.278677, 0.435835, -0.499908, 0.430073, 0.306479]
[0.540243, 0.498771, -0.499145, 0.290111, 0.298903]
[0.305294, 0.114834, -0.498879, 0.483455, 0.435511]
[0.283014, 0.11868, -0.498549, 0.403044, 0.401178]
[0.322064, 0.233586, -0.49998, 0.267661, 0.034682]
[0.632282, 0.179213, -0.499646, 0.469067, 0.379238]
[0.355294, 0.380087, -0.498819, 0.24397, 0.203773]
[0.57617, 0.198027, -0.499223, 0.327149, 0.190284]
[0.393592, 0.23486, -0.499986, 0.232752, 0.357585]
[0.583586, 0.40523, -0.498805, 0.366946, 0.092189]
[0.645481, 0.298403, -0.498571, 0.317989, 0.409772]
[0.630631, 0.46556, -0.498796, 0.262396, 0.145797]
[0.283899, 0.441984, -0.499751, 0.416221, 0.228445]
[0.43759, 0.383143, -0.498889, 0.267957, 0.150841]
[0.473472, 0.404863, -0.499767, 0.383145, 0.268473]
[0.331443, 0.163397, -0.499936, 0.341459, 0.387622]
[0.636965, 0.485457, -0.499032, 0.319012, 0.255999]
[0.367949, 0.451163, -0.499435, 0.479022, 0.013807]
[0.38224, 0.305345, -0.498548, 0.232278, 0.193061]
[0.670714, 0.472487, -0.498566, 0.304768, 0.482633]
[0.505801, 0.112566, -0.498895, 0.421657, 0.380747]
[0.43079, 0.345976, -0.499061, 0.351744, 0.295551]
[0.650324, 0.208276, -0.498768, 0.256548, 0.407632]
[0.28163, 0.4114, -0.499962, 0.35872, 0.172091]
[0.479193, 0.485418, -0.498623, 0.323417, 0.288979]
[0.530301, 0.33975, -0.499199, 0.29544, 0.265447]
[0.588325, 0.319566, -0.498766, 0.486445, 0.324182]
[0.409948, 0.166897, -0.499752, 0.442536, 0.377542]
[0.480841, 0.466271, -0.499894, 0.473745, 0.023664]
[0.668079, 0.350158, -0.4998, 0.236896, 0.174948]
[0.605213, 0.470965, -0.499313, 0.408901, 0.410312]
[0.484361, 0.244263, -0.498801, 0.465556, 0.191727]
[0.512017, 0.138438, -0.498559, 0.352705, 0.089682]
[0.645742, 0.428459, -0.498474, 0.344806, 0.0334]
[0.630075, 0.361108, -0.499674, 0.449511, 0.11093]
[0.384383, 0.457793, -0.499222, 0.278038, 0.293183]
[0.406049, 0.410852, -0.49869, 0.372583, 0.21624]
[0.583737, 0.350353, -0.498505, 0.322654, 0.095185]
[0.285978, 0.403455, -0.49876, 0.471417, 0.35793]
[0.323208, 0.372563, -0.499879, 0.400565, 0.365318]
[0.360164, 0.117369, -0.498772, 0.268721, 0.200619]
[0.318745, 0.329132, -0.499697, 0.389872, 0.385095]
[0.505532, 0.389842, -0.499564, 0.482611, 0.482545]
[0.459531, 0.206713, -0.499928, 0.29496, 0.119636]
[0.569104, 0.204542, -0.499269, 0.236857, 0.013977]
[0.333422, 0.140562, -0.498451, 0.256272, 0.338775]
[0.314801, 0.320984, -0.499231, 0.397435, 0.170848]
[0.591384, 0.452491, -0.499808, 0.452127, 0.136697]
[0.369344, 0.397501, -0.498525, 0.408294, 0.438831]
[0.497986, 0.181531, -0.4988, 0.291531, 0.335726]
[0.402006, 0.361303, -0.498946, 0.24919, 0.446903]
[0.269422, 0.291595, -0.499544, 0.367758, 0.384853]
[0.613991, 0.432371, -0.498574, 0.455796, 0.169425]
[0.531852, 0.289539, -0.498599, 0.298675, 0.115919]
[0.577212, 0.433542, -0.499383, 0.231564, 0.12385]
[0.468931, 0.473121, -0.498552, 0.259221, 0.056854]
[0.434982, 0.223424, -0.499093, 0.305013, 0.247901]
[0.449611, 0.304128, -0.499928, 0.427259, 0.126801]
[0.350508, 0.251978, -0.498787, 0.415607, 0.445535]
[0.390762, 0.260515, -0.499114, 0.478738, 0.409862]
[0.504233, 0.433309, -0.499451, 0.420565, 0.49883]
[0.628594, 0.128636, -0.499907, 0.462763, 0.091789]
[0.37492, 0.183569, -0.498915, 0.354798, 0.361185]
[0.373729, 0.216161, -0.499061, 0.45089, 0.234581]
[0.651868, 0.461487, -0.499025, 0.490383, 0.238184]
[0.578719, 0.346694, -0.498856, 0.496855, 0.091772]
[0.540601, 0.453584, -0.498758, 0.498272, 0.326335]
[0.384079, 0.301662, -0.498547, 0.262289, 0.323556]
[0.314346, 0.349355, -0.499322, 0.286955, 0.194067]
[0.362052, 0.393829, -0.49905, 0.309377, 0.355073]
[0.557086, 0.275989, -0.499256, 0.326465, 0.040338]
[0.347302, 0.166104, -0.498448, 0.463876, 0.379814]
[0.390884, 0.495104, -0.499634, 0.24151, 0.020502]
[0.409438, 0.299721, -0.498536, 0.448042, 0.255109]
[0.330278, 0.453112, -0.499118, 0.473364, 0.025884]
[0.372471, 0.364928, -0.499696, 0.482304, 0.117961]
[0.366309, 0.144098, -0.499149, 0.25263, 0.291817]
[0.63045, 0.42183, -0.499477, 0.486891, 0.013854]
[0.480118, 0.144239, -0.499614, 0.258543, 0.083939]
[0.403653, 0.20794, -0.499491, 0.405313, 0.103967]
[0.441121, 0.414019, -0.498563, 0.361496, 0.106311]
[0.418696, 0.252525, -0.498713, 0.253886, 0.036996]
[0.381764, 0.32396, -0.498898, 0.303459, 0.371569]
[0.629215, 0.486245, -0.499549, 0.407546, 0.421968]
[0.442557, 0.41418, -0.499016, 0.361404, 0.004655]
[0.497054, 0.440564, -0.499513, 0.424451, 0.214027]
[0.384163, 0.135299, -0.498961, 0.432833, 0.204035]
[0.301221, 0.150141, -0.499334, 0.295345, 0.164028]
[0.606534, 0.139797, -0.499268, 0.373164, 0.170361]
[0.30919, 0.150537, -0.4994, 0.314964, 0.138951]
[0.363914, 0.247579, -0.498476, 0.295833, 0.035668]
[0.51838, 0.42933, -0.499214, 0.424579, 0.34623]
[0.491901, 0.391011, -0.49909, 0.285785, 0.289407]
[0.416032, 0.234716, -0.499657, 0.37225, 0.308911]
[0.488031, 0.181695, -0.499475, 0.241113, 0.060292]
[0.527897, 0.325069, -0.499144, 0.227774, 0.48914]
[0.585598, 0.433729, -0.498728, 0.266915, 0.205525]
[0.417077, 0.166388, -0.498962, 0.432067, 0.066018]
[0.634626, 0.249524, -0.498994, 0.253219, 0.032736]
[0.652838, 0.382813, -0.49985, 0.49659, 0.472875]
[0.284209, 0.202023, -0.499001, 0.435764, 0.466952]
[0.37031, 0.248192, -0.499766, 0.341607, 0.111594]
[0.49758, 0.159412, -0.49961, 0.411939, 0.222116]
[0.438834, 0.214443, -0.499037, 0.234609, 0.44684]
[0.492342, 0.134134, -0.498691, 0.236165, 0.439351]
[0.335611, 0.290377, -0.498934, 0.355238, 0.445054]
[0.547641, 0.418419, -0.499628, 0.353093, 0.097795]
[0.631652, 0.302941, -0.498484, 0.332512, 0.281665]
[0.301635, 0.434337, -0.499093, 0.359475, 0.219766]
[0.664183, 0.423966, -0.498613, 0.401438, 0.36072]
[0.339026, 0.415637, -0.498644, 0.293031, 0.263665]
[0.328597, 0.341087, -0.499545, 0.301815, 0.43015]
[0.548856, 0.25026, -0.498548, 0.270495, 0.322485]
[0.334841, 0.34339, -0.498856, 0.236571, 0.333931]
[0.595613, 0.452176, -0.499354, 0.483527, 0.257058]
[0.664263, 0.436885, -0.499832, 0.367429, 0.415373]
[0.319406, 0.192245, -0.49989, 0.291296, 0.141212]
[0.289082, 0.318136, -0.498861, 0.33424, 0.277699]
[0.566947, 0.288603, -0.498865, 0.371381, 0.246026]
[0.558731, 0.17584, -0.49964, 0.262598, 0.426197]
[0.639332, 0.362432, -0.499784, 0.476558, 0.465874]
[0.48473, 0.248646, -0.499517, 0.44336, 0.452826]
[0.297989, 0.188337, -0.499821, 0.419398, 0.476092]
[0.271179, 0.313326, -0.499413, 0.295295, 0.165501]
[0.433224, 0.190279, -0.499735, 0.313857, 0.273331]
[0.388013, 0.486731, -0.499782, 0.416505, 0.251719]
[0.532666, 0.154378, -0.499161, 0.427101, 0.214899]
[0.597818, 0.379529, -0.499519, 0.285849, 0.378263]
[0.541506, 0.447482, -0.498835, 0.286008, 0.001665]
[0.418211, 0.116547, -0.499548, 0.31865, 0.375168]
[0.537485, 0.161624, -0.498888, 0.328261, 0.185019]
[0.650372, 0.294072, -0.498852, 0.310561, 0.077322]
[0.311501, 0.112608, -0.499082, 0.302713, 0.314366]
[0.48037, 0.299916, -0.49848, 0.27602, 0.117828]
[0.501163, 0.227227, -0.499593, 0.27161, 0.063427]
[0.665883, 0.282424, -0.499408, 0.261162, 0.412234]
[0.274505, 0.31329, -0.49958, 0.438738, 0.216761]
[0.533162, 0.241291, -0.499624, 0.279174, 0.318549]
[0.361752, 0.320696, -0.498975, 0.386049, 0.346809]
[0.534804, 0.259741, -0.499258, 0.335441, 0.322603]
[0.438267, 0.240804, -0.499306, 0.355998, 0.368912]
[0.592052, 0.15201, -0.499851, 0.347676, 0.462155]
[0.515376, 0.433967, -0.499384, 0.494815, 0.405775]
[0.535698, 0.306673, -0.499145, 0.237931, 0.033657]
[0.313156, 0.242922, -0.498762, 0.333291, 0.137848]
[0.577208, 0.348547, -0.499104, 0.489166, 0.120809]
[0.463428, 0.231939, -0.499485, 0.233919, 0.200467]
[0.377775, 0.499876, -0.498635, 0.368051, 0.149242]
[0.44748, 0.305645, -0.499623, 0.477335, 0.197302]
[0.46276, 0.190793, -0.49907, 0.422576, 0.370408]
[0.665648, 0.29982, -0.499919, 0.29932, 0.393126]
[0.286348, 0.142585, -0.499784, 0.375903, 0.128532]
[0.618183, 0.434491, -0.49855, 0.271016, 0.193854]
[0.407636, 0.140653, -0.499149, 0.392504, 0.288394]
[0.355766, 0.187942, -0.498837, 0.335652, 0.373535]
[0.532403, 0.334344, -0.498693, 0.320743, 0.252468]
[0.663837, 0.284777, -0.498541, 0.45607, 0.086728]
[0.678602, 0.336429, -0.498997, 0.443187, 0.301696]
[0.290683, 0.439412, -0.499946, 0.260755, 0.164486]
[0.436127, 0.35625, -0.499278, 0.259103, 0.117944]
[0.393243, 0.369179, -0.498498, 0.254416, 0.003898]
[0.626847, 0.30977, -0.49957, 0.242986, 0.234729]
[0.451066, 0.331442, -0.499737, 0.485111, 0.471809]
[0.492451, 0.271291, -0.499542, 0.423778, 0.409665]
[0.30789, 0.422021, -0.498515, 0.366775, 0.150403]
[0.49178, 0.495121, -0.498937, 0.401161, 0.422385]
[0.609395, 0.181811, -0.499691, 0.375943, 0.244359]
[0.321018, 0.362145, -0.499828, 0.254342, 0.365674]
[0.270727, 0.209285, -0.499085, 0.247073, 0.096889]
[0.279577, 0.21701, -0.499468, 0.453835, 0.262384]
[0.409773, 0.280441, -0.499711, 0.420405, 0.182894]
[0.510508, 0.390882, -0.499503, 0.355282, 0.230968]
[0.581556, 0.119723, -0.499957, 0.310407, 0.134914]
[0.339555, 0.128332, -0.49948, 0.431469, 0.090311]
[0.434104, 0.386779, -0.499371, 0.344959, 0.447107]
[0.287133, 0.258405, -0.499485, 0.422041, 0.442996]
[0.432074, 0.475291, -0.499964, 0.341895, 0.030069]
[0.579038, 0.302357, -0.499384, 0.418352, 0.003323]
[0.284398, 0.341709, -0.499277, 0.263341, 0.177969]
[0.452976, 0.193399, -0.499758, 0.384183, 0.005343]
[0.437563, 0.28745, -0.498434, 0.234308, 0.419651]
[0.525934, 0.432632, -0.499069, 0.236548, 0.292527]
[0.465635, 0.417108, -0.499882, 0.325011, 0.239407]
[0.459291, 0.354922, -0.498749, 0.477782, 0.226246]
[0.473945, 0.156114, -0.499337, 0.466121, 0.474717]
[0.673605, 0.262586, -0.499509, 0.363308, 0.239262]
[0.626053, 0.188799, -0.499232, 0.447348, 0.224031]
[0.607964, 0.167928, -0.499549, 0.39723, 0.403437]
[0.406746, 0.161674, -0.499521, 0.287877, 0.097819]
[0.507878, 0.261743, -0.499789, 0.283658, 0.130653]
[0.537568, 0.218464, -0.499247, 0.448732, 0.238566]
[0.283694, 0.376696, -0.499893, 0.394839, 0.029733]
[0.306375, 0.264509, -0.498495, 0.417, 0.096096]
[0.596076, 0.257979, -0.499312, 0.31738, 0.195]
[0.457191, 0.48184, -0.499415, 0.469573, 0.384364]
[0.43663, 0.264832, -0.499802, 0.26667, 0.029935]
[0.648196, 0.409615, -0.498935, 0.49547, 0.310279]
[0.63098, 0.490837, -0.499351, 0.463687, 0.38089]
[0.503533, 0.204676, -0.499745, 0.436207, 0.10821]
[0.357081, 0.374478, -0.499885, 0.249835, 0.446889]
[0.341924, 0.295523, -0.498953, 0.283253, 0.471077]
[0.654735, 0.255606, -0.499066, 0.330225, 0.188947]
[0.627659, 0.122648, -0.49903, 0.243823, 0.087103]
[0.389504, 0.333049, -0.49937, 0.33666, 0.232722]
[0.532117, 0.495738, -0.499698, 0.394, 0.499247]
[0.536446, 0.168905, -0.499766, 0.254559, 0.005195]
[0.285, 0.140238, -0.499175, 0.300668, 0.454527]
[0.573212, 0.334325, -0.499583, 0.303211, 0.486125]
[0.381768, 0.434162, -0.49973, 0.367073, 0.198023]
[0.501742, 0.217098, -0.499939, 0.357652, 0.330424]
[0.518796, 0.305677, -0.498948, 0.477959, 0.302577]
[0.446704, 0.202523, -0.499378, 0.379388, 0.275857]
[0.28087, 0.11606, -0.499619, 0.331554, 0.009543]
[0.493647, 0.161763, -0.499494, 0.235349, 0.21376]
[0.586204, 0.48868, -0.499841, 0.227284, 0.270775]
[0.58071, 0.190144, -0.49958, 0.322466, 0.068473]
[0.449303, 0.197121, -0.498465, 0.248359, 0.374513]
[0.553007, 0.335657, -0.499509, 0.346796, 0.105439]
[0.637351, 0.220092, -0.499515, 0.495535, 0.320006]
[0.539111, 0.225586, -0.499043, 0.374584, 0.275918]
[0.551945, 0.144117, -0.498932, 0.437005, 0.197397]
[0.596094, 0.274152, -0.499889, 0.322954, 0.452427]
[0.547722, 0.211517, -0.498772, 0.48094, 0.084652]
[0.516869, 0.249412, -0.498794, 0.399622, 0.198481]
[0.401527, 0.482262, -0.499916, 0.233429, 0.28208]
[0.271524, 0.30059, -0.498641, 0.249934, 0.371495]
[0.496219, 0.366307, -0.499151, 0.413185, 0.44711]
[0.278807, 0.454396, -0.499488, 0.253715, 0.452286]
[0.661634, 0.350646, -0.499202, 0.313188, 0.200496]
[0.644207, 0.159426, -0.498727, 0.482821, 0.463819]
[0.582408, 0.332215, -0.498574, 0.460017, 0.175056]
[0.570166, 0.396738, -0.498706, 0.299095, 0.215134]
[0.575594, 0.159556, -0.498789, 0.245753, 0.247239]
[0.496968, 0.434618, -0.498462, 0.304369, 0.180966]
[0.415291, 0.193273, -0.49851, 0.252024, 0.122445]
[0.499808, 0.358209, -0.499223, 0.498729, 0.294607]
[0.601419, 0.353551, -0.499645, 0.381005, 0.263695]
[0.651075, 0.274789, -0.499048, 0.452883, 0.472574]
[0.428507, 0.496867, -0.499791, 0.418265, 0.021704]
[0.385126, 0.454174, -0.499755, 0.387074, 0.233153]
[0.312317, 0.183124, -0.498517, 0.266372, 0.069812]
[0.311178, 0.418259, -0.499062, 0.229906, 0.156809]
[0.598204, 0.209234, -0.499015, 0.466304, 0.327812]
[0.589258, 0.248193, -0.499124, 0.313015, 0.112395]
[0.376932, 0.494945, -0.49897, 0.38497, 0.098661]
[0.440331, 0.233366, -0.499998, 0.49564, 0.006091]
[0.46174, 0.455738, -0.499867, 0.250371, 0.487901]
[0.580828, 0.367673, -0.498472, 0.258542, 0.156811]
[0.526939, 0.44045, -0.499286, 0.36249, 0.370689]
[0.362743, 0.466966, -0.499632, 0.250594, 0.08644]
[0.292178, 0.198351, -0.499363, 0.454027, 0.222288]
[0.663862, 0.33188, -0.499372, 0.355795, 0.16673]
[0.53995, 0.460906, -0.498876, 0.277329, 0.072864]
[0.615423, 0.367144, -0.498885, 0.313847, 0.281226]
[0.631055, 0.165729, -0.499147, 0.2693, 0.318589]
[0.649961, 0.353034, -0.498708, 0.317515, 0.486478]
[0.27748, 0.264827, -0.498764, 0.448763, 0.111805]
[0.623716, 0.384872, -0.499402, 0.318068, 0.325581]
[0.679658, 0.299836, -0.49928, 0.255078, 0.397334]
[0.393224, 0.297, -0.498724, 0.246778, 0.018038]
[0.494659, 0.270039, -0.498747, 0.450711, 0.324618]
[0.314238, 0.198494, -0.499711, 0.437937, 0.087848]
[0.358762, 0.115283, -0.49904, 0.279609, 0.272608]
[0.643687, 0.118754, -0.498839, 0.282459, 0.432949]
[0.472987, 0.388303, -0.499505, 0.253949, 0.228317]
[0.595511, 0.160259, -0.499031, 0.468612, 0.310515]
[0.414529, 0.149163, -0.498895, 0.376941, 0.101609]
[0.477411, 0.293483, -0.49841, 0.339893, 0.095666]
[0.478451, 0.321633, -0.499472, 0.363549, 0.207427]
[0.503394, 0.114452, -0.499787, 0.398785, 0.407455]
[0.578226, 0.358416, -0.499092, 0.299188, 0.349392]
[0.466956, 0.430261, -0.499269, 0.437192, 0.316065]
[0.366164, 0.38465, -0.499219, 0.460672, 0.319471]
[0.418482, 0.302637, -0.499429, 0.412824, 0.011152]
[0.617263, 0.341744, -0.498535, 0.453663, 0.248192]
[0.337074, 0.356608, -0.49896, 0.286798, 0.325654]
[0.508914, 0.344994, -0.499971, 0.330791, 0.490818]
[0.577286, 0.197714, -0.498633, 0.448692, 0.370461]
[0.528702, 0.382059, -0.498637, 0.283731, 0.083577]
[0.353175, 0.375294, -0.499434, 0.386896, 0.232478]
[0.330132, 0.21865, -0.499201, 0.38269, 0.083697]
[0.286552, 0.474202, -0.499066, 0.435717, 0.133268]
[0.405552, 0.303046, -0.499227, 0.389651, 0.294655]
[0.288615, 0.176358, -0.499409, 0.228629, 0.181024]
[0.516165, 0.113775, -0.499582, 0.318528, 0.459496]
[0.571901, 0.36066, -0.499546, 0.433186, 0.149616]
[0.629477, 0.223986, -0.499397, 0.483511, 0.14684]
[0.422818, 0.230615, -0.499252, 0.339304, 0.054004]
[0.40653, 0.200963, -0.499343, 0.372777, 0.016164]
[0.303318, 0.372756, -0.499766, 0.411894, 0.306231]
[0.355835, 0.408724, -0.498449, 0.351503, 0.368893]
[0.308468, 0.210567, -0.499998, 0.38686, 0.302601]
[0.415627, 0.329316, -0.499394, 0.327899, 0.229453]
[0.636791, 0.279258, -0.498901, 0.462614, 0.475708]
[0.537948, 0.230202, -0.499869, 0.412096, 0.462093]
[0.271144, 0.228042, -0.499399, 0.472951, 0.232156]
[0.572616, 0.406037, -0.499846, 0.456287, 0.481612]
[0.620767, 0.116142, -0.499152, 0.346556, 0.14058]
[0.625606, 0.360318, -0.499022, 0.419806, 0.463683]
[0.454313, 0.145294, -0.499677, 0.415708, 0.256472]
[0.660547, 0.3811, -0.499745, 0.391994, 0.147833]
[0.509246, 0.49913, -0.499086, 0.228601, 0.312806]
[0.277502, 0.413195, -0.498599, 0.267408, 0.273453]
[0.530998, 0.176485, -0.499779, 0.234788, 0.291336]
[0.572354, 0.411724, -0.498877, 0.345235, 0.057588]
[0.387573, 0.371119, -0.499838, 0.296714, 0.456648]
[0.272754, 0.190452, -0.499419, 0.360457, 0.039837]
[0.54188, 0.381505, -0.499181, 0.288569, 0.307223]
[0.418746, 0.469918, -0.498977, 0.445209, 0.055036]
[0.605556, 0.353685, -0.498451, 0.354407, 0.124799]
[0.556835, 0.217608, -0.499913, 0.239093, 0.030486]
[0.479952, 0.410123, -0.499909, 0.420391, 0.460069]
[0.422164, 0.179052, -0.499682, 0.421386, 0.326186]
[0.646512, 0.248735, -0.499357, 0.402297, 0.35762]
[0.616616, 0.351287, -0.499513, 0.244676, 0.097568]
[0.474, 0.320714, -0.499519, 0.459299, 0.189935]
[0.310072, 0.385601, -0.499194, 0.251309, 0.278772]
[0.342616, 0.164934, -0.49914, 0.277473, 0.156219]
[0.47303, 0.355583, -0.498643, 0.394964, 0.038425]
[0.648416, 0.247253, -0.499362, 0.257997, 0.058204]
[0.52514, 0.230789, -0.499244, 0.389344, 0.284026]
[0.497249, 0.241258, -0.498776, 0.494129, 0.361978]
[0.666962, 0.240217, -0.49885, 0.457029, 0.479436]
[0.388571, 0.357996, -0.499416, 0.396724, 0.173717]
[0.47613, 0.285161, -0.498965, 0.424508, 0.261359]
[0.279901, 0.485888, -0.499887, 0.445818, 0.054167]
[0.274878, 0.236623, -0.499523, 0.417388, 0.449484]
[0.406084, 0.434911, -0.499202, 0.445615, 0.329314]
[0.624264, 0.391773, -0.498742, 0.36617, 0.130496]
[0.3374, 0.401554, -0.499952, 0.267992, 0.156519]
[0.484775, 0.268293, -0.499338, 0.247459, 0.09062]
[0.631512, 0.371523, -0.499524, 0.399375, 0.233261]
[0.327221, 0.453461, -0.498986, 0.257288, 0.253522]
[0.507773, 0.135794, -0.49876, 0.395954, 0.095759]
[0.48332, 0.202465, -0.498644, 0.371359, 0.199416]
[0.613496, 0.243166, -0.499871, 0.488722, 0.035721]
[0.381996, 0.316032, -0.498475, 0.302218, 0.332843]
[0.372451, 0.415858, -0.498642, 0.294678, 0.335577]
[0.645713, 0.12107, -0.499517, 0.299649, 0.391707]
[0.394654, 0.285299, -0.498699, 0.354155, 0.018715]
[0.599743, 0.286945, -0.499187, 0.294945, 0.114748]
[0.587262, 0.291444, -0.49893, 0.278696, 0.34187]
[0.361297, 0.47508, -0.499322, 0.438808, 0.229545]
[0.667929, 0.49328, -0.499378, 0.453855, 0.438484]
[0.569986, 0.346138, -0.499159, 0.365375, 0.331679]
[0.315405, 0.240557, -0.499615, 0.32655, 0.439957]
[0.547817, 0.407674, -0.498873, 0.339519, 0.412393]
[0.288881, 0.388992, -0.499093, 0.316609, 0.307631]
[0.329438, 0.371867, -0.498713, 0.41825, 0.160252]
[0.471807, 0.162898, -0.499393, 0.251771, 0.126536]
[0.449216, 0.442801, -0.499067, 0.24214, 0.053274]
[0.493236, 0.464676, -0.498906, 0.454935, 0.445289]
[0.409174, 0.420254, -0.499938, 0.318044, 0.131595]
[0.46749, 0.317386, -0.499262, 0.282541, 0.499766]
[0.418008, 0.344181, -0.498955, 0.228219, 0.313111]
[0.513333, 0.432936, -0.498556, 0.449725, 0.480021]
[0.310089, 0.438414, -0.4985, 0.411238, 0.011096]
[0.64144, 0.434706, -0.498689, 0.363585, 0.303793]
[0.466786, 0.409714, -0.49859, 0.259844, 0.13991]
[0.371832, 0.322852, -0.498797, 0.423743, 0.193743]
[0.555519, 0.35143, -0.498483, 0.451518, 0.329356]
[0.623234, 0.170772, -0.499191, 0.37232, 0.45137]
[0.346081, 0.233811, -0.498487, 0.25391, 0.110114]
[0.613353, 0.236982, -0.498716, 0.42744, 0.457307]
[0.4787, 0.13472, -0.49885, 0.381804, 0.176845]
[0.658189, 0.472072, -0.499512, 0.447018, 0.343106]
[0.455465, 0.15065, -0.49946, 0.411934, 0.063421]
[0.612734, 0.383636, -0.499243, 0.229095, 0.365986]
[0.407891, 0.337175, -0.498653, 0.301701, 0.176873]
[0.555921, 0.129728, -0.499005, 0.450196, 0.22786]
[0.498708, 0.143172, -0.499877, 0.232899, 0.430017]
[0.539688, 0.153843, -0.49984, 0.317646, 0.204996]
[0.322803, 0.366297, -0.498881, 0.358277, 0.474481]
[0.629639, 0.145105, -0.499429, 0.400631, 0.044008]
[0.559852, 0.202902, -0.499927, 0.341181, 0.022555]
[0.394487, 0.239762, -0.498582, 0.451975, 0.309694]
[0.422016, 0.395947, -0.499049, 0.474371, 0.353405]
[0.532126, 0.387798, -0.498728, 0.450697, 0.338372]
[0.455448, 0.359824, -0.498569, 0.230503, 0.311869]
[0.284025, 0.227422, -0.499149, 0.339012, 0.197223]
[0.311311, 0.49249, -0.499067, 0.298944, 0.141845]
[0.679592, 0.446292, -0.499451, 0.428201, 0.047152]
[0.391333, 0.159064, -0.499821, 0.266132, 0.077126]
[0.582253, 0.314082, -0.499611, 0.292586, 0.429379]
[0.625611, 0.425663, -0.498584, 0.475472, 0.166507]
[0.654741, 0.400887, -0.499756, 0.458432, 0.315402]
[0.607314, 0.128906, -0.499106, 0.352984, 0.285205]
[0.604301, 0.186986, -0.499004, 0.400339, 0.2709]
[0.359501, 0.34976, -0.499682, 0.374613, 0.174973]
[0.509372, 0.114088, -0.499862, 0.252156, 0.074467]
[0.526469, 0.12277, -0.498482, 0.452326, 0.078762]
[0.495975, 0.370539, -0.498686, 0.429258, 0.343604]
[0.603978, 0.35995, -0.499755, 0.253424, 0.313189]
[0.385195, 0.44816, -0.499252, 0.461374, 0.475309]
[0.348218, 0.448811, -0.499144, 0.275045, 0.000752]
[0.607561, 0.47895, -0.499316, 0.3864, 0.109222]
[0.287705, 0.388422, -0.4995, 0.376472, 0.329933]
[0.296724, 0.342971, -0.49921, 0.306619, 0.353253]
[0.598661, 0.243379, -0.499991, 0.375939, 0.345436]
[0.56753, 0.208237, -0.498445, 0.346508, 0.062675]
[0.615198, 0.121278, -0.499552, 0.472012, 0.226957]
[0.406853, 0.434649, -0.499851, 0.311012, 0.14678]
[0.408768, 0.279438, -0.498476, 0.383669, 0.177402]
[0.384217, 0.341626, -0.499985, 0.406219, 0.44182]
[0.384899, 0.459845, -0.498494, 0.278116, 0.089164]
[0.366105, 0.434322, -0.498908, 0.394632, 0.409631]
[0.295566, 0.302492, -0.49879, 0.410259, 0.193553]
[0.562163, 0.195761, -0.499399, 0.498789, 0.379101]
[0.454076, 0.413005, -0.49855, 0.435095, 0.370141]
[0.632433, 0.430102, -0.498511, 0.318698, 0.104145]
[0.53878, 0.382096, -0.49904, 0.240335, 0.319087]
[0.282968, 0.490837, -0.498436, 0.248062, 0.451524]
[0.300258, 0.369056, -0.498477, 0.430543, 0.359049]
[0.351659, 0.234505, -0.498471, 0.427048, 0.016462]
[0.479454, 0.462632, -0.49969, 0.346112, 0.414427]
[0.486788, 0.164845, -0.498534, 0.460955, 0.395165]
[0.467122, 0.157569, -0.499596, 0.242688, 0.21322]
[0.280699, 0.25579, -0.498795, 0.495503, 0.345587]
[0.2806, 0.270202, -0.49948, 0.347962, 0.448462]
[0.603189, 0.310411, -0.498694, 0.429826, 0.476923]
[0.452833, 0.387315, -0.498482, 0.331531, 0.102842]
[0.395726, 0.127447, -0.499728, 0.227466, 0.288437]
[0.627515, 0.382399, -0.499068, 0.239815, 0.265761]
[0.540469, 0.202864, -0.499861, 0.345992, 0.173978]
[0.48525, 0.168711, -0.498568, 0.253458, 0.138453]
[0.558111, 0.187628, -0.498553, 0.414425, 0.376062]
[0.343322, 0.340083, -0.49866, 0.44259, 0.352982]
[0.321677, 0.395742, -0.499795, 0.451699, 0.400675]
[0.433184, 0.172767, -0.499627, 0.365622, 0.484217]
[0.629177, 0.385713, -0.499407, 0.294407, 0.153521]
[0.585163, 0.276038, -0.499039, 0.232506, 0.22317]
[0.54122, 0.430205, -0.499382, 0.262227, 0.120553]
[0.33064, 0.413991, -0.499857, 0.233024, 0.356721]
[0.625633, 0.422348, -0.49897, 0.453739, 0.363658]
[0.545363, 0.35167, -0.498845, 0.234413, 0.246515]
[0.319176, 0.124642, -0.499801, 0.475152, 0.141207]
[0.508269, 0.169579, -0.499048, 0.462035, 0.243286]
[0.572781, 0.424803, -0.499772, 0.439293, 0.26226]
[0.440273, 0.377728, -0.498666, 0.396348, 0.335221]
[0.382421, 0.44158, -0.499896, 0.348774, 0.366842]
[0.61427, 0.342624, -0.499812, 0.261362, 0.073324]
[0.323534, 0.250813, -0.499207, 0.343355, 0.176447]
[0.426823, 0.272661, -0.498497, 0.441363, 0.048358]
[0.409859, 0.250541, -0.499197, 0.461457, 0.047171]
[0.60157, 0.462153, -0.499733, 0.302068, 0.322388]
[0.583835, 0.213399, -0.498903, 0.400959, 0.401175]
[0.543316, 0.238984, -0.49885, 0.482005, 0.444498]
[0.423855, 0.141695, -0.498505, 0.382824, 0.243628]
[0.425365, 0.367867, -0.499464, 0.30662, 0.089243]
[0.407033, 0.49312, -0.49906, 0.475754, 0.435366]
[0.533433, 0.162195, -0.49995, 0.35414, 0.110865]
[0.279089, 0.164817, -0.499772, 0.404912, 0.453321]
[0.32727, 0.473887, -0.499732, 0.36784, 0.068333]
[0.314055, 0.263572, -0.499088, 0.411138, 0.011057]
[0.530564, 0.317478, -0.498513, 0.304377, 0.435532]
[0.348512, 0.116088, -0.499496, 0.299189, 0.294527]
[0.59921, 0.298218, -0.499119, 0.412424, 0.353568]
[0.280998, 0.408545, -0.499555, 0.281918, 0.252304]
[0.299801, 0.401405, -0.499881, 0.424425, 0.191823]
[0.437999, 0.15984, -0.499943, 0.378811, 0.170456]
[0.506511, 0.39895, -0.498582, 0.300079, 0.014924]
[0.516835, 0.189226, -0.499213, 0.303689, 0.498166]
[0.635374, 0.374767, -0.49953, 0.2696, 0.030322]
[0.471687, 0.171905, -0.499122, 0.442729, 0.032919]
[0.661229, 0.366952, -0.499127, 0.254754, 0.40695]
[0.273931, 0.201245, -0.499601, 0.487676, 0.403284]
[0.507724, 0.238259, -0.499667, 0.34839, 0.387565]
[0.571389, 0.345318, -0.499005, 0.487154, 0.080753]
[0.546236, 0.423904, -0.499903, 0.481603, 0.036086]
[0.44614, 0.157271, -0.499693, 0.264184, 0.301971]
[0.635421, 0.390392, -0.498661, 0.497328, 0.354882]
[0.506594, 0.316897, -0.498837, 0.316422, 0.307114]
[0.357754, 0.181458, -0.498576, 0.363018, 0.030626]
[0.635143, 0.344511, -0.498589, 0.434512, 0.026143]
[0.588038, 0.355465, -0.499774, 0.377585, 0.042563]
[0.531098, 0.132044, -0.499557, 0.43426, 0.345119]
[0.421334, 0.443966, -0.499578, 0.483887, 0.205496]
[0.586797, 0.254977, -0.499682, 0.492901, 0.199786]
[0.478533, 0.414161, -0.499693, 0.347029, 0.497071]
[0.42592, 0.147146, -0.498812, 0.247774, 0.136872]
[0.58323, 0.286737, -0.498977, 0.446587, 0.420692]
[0.288381, 0.335763, -0.499068, 0.296179, 0.168535]
[0.623414, 0.455591, -0.499997, 0.480867, 0.337801]
[0.514768, 0.422731, -0.499587, 0.406904, 0.12965]
[0.528827, 0.166323, -0.499692, 0.369237, 0.009143]
[0.376103, 0.353133, -0.499539, 0.487117, 0.036017]
[0.535649, 0.412573, -0.49878, 0.257829, 0.306477]
[0.610807, 0.370952, -0.499241, 0.407383, 0.041316]
[0.547025, 0.116541, -0.498971, 0.446087, 0.092123]
[0.474276, 0.454437, -0.499421, 0.227713, 0.045707]
[0.304074, 0.401227, -0.498665, 0.443221, 0.317368]
[0.61265, 0.294885, -0.498476, 0.479836, 0.473169]
[0.354244, 0.113282, -0.499751, 0.43884, 0.493383]
[0.677023, 0.459297, -0.499703, 0.438557, 0.463287]
[0.30519, 0.321781, -0.499669, 0.434389, 0.040402]
[0.35184, 0.179344, -0.49969, 0.428744, 0.012148]
[0.655099, 0.410608, -0.498811, 0.408016, 0.128621]
[0.497434, 0.35398, -0.498706, 0.479711, 0.201884]
[0.327883, 0.343591, -0.49872, 0.402168, 0.383618]
[0.353136, 0.473519, -0.4991, 0.354241, 0.080888]
[0.659828, 0.304888, -0.49865, 0.466688, 0.195917]
[0.453193, 0.218377, -0.498437, 0.283691, 0.027004]
[0.413261, 0.495241, -0.499413, 0.265446, 0.110758]
[0.555858, 0.208959, -0.499548, 0.386252, 0.292953]
[0.376441, 0.213871, -0.498901, 0.482619, 0.480521]
[0.554698, 0.421758, -0.498829, 0.340836, 0.457564]
[0.648441, 0.416202, -0.499613, 0.313999, 0.273726]
[0.543493, 0.482749, -0.499385, 0.237228, 0.199884]
[0.300092, 0.256722, -0.498892, 0.329316, 0.414001]
[0.370521, 0.164994, -0.499615, 0.444239, 0.252942]
[0.635412, 0.283623, -0.499802, 0.257939, 0.376458]
[0.535457, 0.398307, -0.498491, 0.446771, 0.144234]
[0.594767, 0.461288, -0.499497, 0.463311, 0.086333]
[0.568457, 0.353644, -0.499877, 0.356429, 0.227129]
[0.310685, 0.380995, -0.498934, 0.422353, 0.062149]
[0.411878, 0.441367, -0.499047, 0.24995, 0.366126]
[0.46757, 0.203599, -0.49978, 0.355949, 0.258689]
[0.431194, 0.264985, -0.499453, 0.488653, 0.162518]
[0.516331, 0.367641, -0.49928, 0.325875, 0.444696]
[0.492229, 0.297545, -0.499376, 0.279777, 0.2496]
[0.625735, 0.38944, -0.499573, 0.310326, 0.490322]
[0.6302, 0.20309, -0.49924, 0.28729, 0.375703]
[0.380672, 0.158626, -0.499114, 0.32164, 0.117662]
[0.660085, 0.452604, -0.499871, 0.329603, 0.302132]
[0.677853, 0.180226, -0.498468, 0.245122, 0.066579]
[0.474061, 0.18588, -0.498814, 0.454464, 0.218635]
[0.426747, 0.156555, -0.498775, 0.499277, 0.05589]
[0.65101, 0.310543, -0.49903, 0.447713, 0.31731]
[0.623779, 0.272752, -0.499279, 0.287592, 0.411534]
[0.438565, 0.210632, -0.498624, 0.490618, 0.297722]
[0.479774, 0.245935, -0.498556, 0.350197, 0.156506]
[0.348047, 0.384134, -0.499174, 0.447415, 0.020848]
[0.479505, 0.336499, -0.499374, 0.430671, 0.333667]
[0.593205, 0.232409, -0.499537, 0.464083, 0.223082]
[0.673603, 0.212881, -0.499809, 0.487363, 0.219862]
[0.432902, 0.316226, -0.499845, 0.230938, 0.482509]
[0.414232, 0.488274, -0.499593, 0.34149, 0.138906]
[0.660772, 0.382874, -0.499127, 0.416282, 0.323092]
[0.626855, 0.271835, -0.499637, 0.452599, 0.299074]
[0.3907, 0.43128, -0.499305, 0.319967, 0.105072]
[0.301386, 0.334386, -0.499839, 0.228096, 0.181337]
[0.651152, 0.476571, -0.499862, 0.241016, 0.284386]
[0.515195, 0.481077, -0.498705, 0.473588, 0.259171]
[0.524885, 0.124242, -0.499848, 0.360527, 0.417088]
[0.50741, 0.239994, -0.499014, 0.269685, 0.179638]
[0.428223, 0.47653, -0.499938, 0.42499, 0.470523]
[0.542184, 0.116202, -0.49889, 0.341446, 0.20679]
[0.597281, 0.185118, -0.498624, 0.326646, 0.031031]
[0.487888, 0.26992, -0.498937, 0.413111, 0.360561]
[0.552548, 0.139661, -0.499256, 0.268287, 0.324594]
[0.517933, 0.431115, -0.499341, 0.258099, 0.450342]
[0.315261, 0.422595, -0.49905, 0.412891, 0.221446]
[0.293932, 0.454427, -0.499301, 0.345172, 0.463504]
[0.660592, 0.225095, -0.498732, 0.29779, 0.031223]
[0.430273, 0.274184, -0.499858, 0.424731, 0.265647]
[0.560027, 0.224077, -0.499554, 0.335416, 0.355977]
[0.434328, 0.345538, -0.498474, 0.355326, 0.131622]
[0.320177, 0.173977, -0.499813, 0.273933, 0.448953]
[0.384737, 0.226898, -0.499371, 0.332713, 0.416016]
[0.503482, 0.350816, -0.49903, 0.331532, 0.346485]
[0.45704, 0.480586, -0.498816, 0.428571, 0.271057]
[0.368007, 0.123846, -0.499947, 0.366388, 0.066795]
[0.414789, 0.215741, -0.498578, 0.238459, 0.085607]
[0.432459, 0.343891, -0.498898, 0.268358, 0.481636]
[0.458158, 0.497055, -0.499188, 0.291059, 0.191766]
[0.419603, 0.138522, -0.499399, 0.473833, 0.226126]
[0.408129, 0.421732, -0.49968, 0.277996, 0.349739]
[0.574395, 0.296219, -0.498796, 0.422552, 0.183117]
[0.273053, 0.318407, -0.498836, 0.420962, 0.373568]
[0.561289, 0.454703, -0.499726, 0.494531, 0.129145]
[0.440768, 0.450441, -0.499657, 0.479146, 0.353498]
[0.399486, 0.448818, -0.49855, 0.24442, 0.299977]
[0.627357, 0.41462, -0.499397, 0.464328, 0.400971]
[0.490135, 0.488304, -0.499096, 0.304031, 0.103501]
[0.410032, 0.171953, -0.499401, 0.476688, 0.3908]
[0.424991, 0.322141, -0.498537, 0.389829, 0.428701]
[0.390384, 0.464777, -0.499235, 0.371486, 0.317486]
[0.347662, 0.331083, -0.498626, 0.296163, 0.482463]
[0.565933, 0.225269, -0.498955, 0.422865, 0.011953]
[0.281712, 0.306423, -0.4998, 0.255718, 0.375315]
[0.34057, 0.177084, -0.499766, 0.292732, 0.093619]
[0.278348, 0.423538, -0.499749, 0.294927, 0.191628]
[0.569497, 0.283004, -0.498657, 0.488811, 0.420139]
[0.652108, 0.377133, -0.499215, 0.351673, 0.045999]
[0.342927, 0.390502, -0.499041, 0.335536, 0.087916]
[0.580704, 0.210707, -0.49914, 0.428841, 0.035342]
[0.574025, 0.401668, -0.499326, 0.381383, 0.314206]
[0.64135, 0.456426, -0.498909, 0.358336, 0.156217]
[0.314161, 0.121999, -0.499699, 0.400512, 0.377138]
[0.343593, 0.184893, -0.499238, 0.495244, 0.095015]
[0.652349, 0.446901, -0.499384, 0.341117, 0.080844]
[0.560252, 0.135534, -0.499513, 0.332585, 0.086552]
[0.320115, 0.371515, -0.499665, 0.262265, 0.255555]
[0.618312, 0.449296, -0.499357, 0.367504, 0.403354]
[0.342247, 0.326099, -0.499548, 0.487534, 0.435016]
[0.669309, 0.465844, -0.499644, 0.242067, 0.260284]
[0.273656, 0.335481, -0.499402, 0.350242, 0.399707]
[0.504278, 0.43013, -0.498664, 0.271033, 0.398779]
[0.317505, 0.440542, -0.499959, 0.272451, 0.394462]
[0.381593, 0.429234, -0.499038, 0.258871, 0.181929]
[0.277504, 0.389866, -0.499462, 0.345344, 0.201592]
[0.585056, 0.203819, -0.499789, 0.334094, 0.321924]
[0.539855, 0.496791, -0.499286, 0.241867, 0.010161]
[0.43276, 0.315208, -0.499036, 0.329344, 0.092824]
[0.461271, 0.40729, -0.499154, 0.371375, 0.300483]
[0.602388, 0.259982, -0.499347, 0.453092, 0.046897]
[0.661407, 0.455008, -0.498667, 0.417838, 0.246992]
[0.502694, 0.47431, -0.499787, 0.230468, 0.488081]
[0.482995, 0.317762, -0.498553, 0.25799, 0.19582]
[0.656675, 0.35687, -0.499298, 0.36826, 0.42613]
[0.351304, 0.22848, -0.498774, 0.33635, 0.297525]
[0.361767, 0.319869, -0.499916, 0.319876, 0.366786]
[0.490735, 0.203979, -0.498625, 0.383243, 0.399182]
[0.369718, 0.306823, -0.499325, 0.331347, 0.403372]
[0.57269, 0.422812, -0.499953, 0.465844, 0.076865]
[0.541334, 0.115155, -0.498769, 0.471375, 0.427435]
[0.509969, 0.249881, -0.498743, 0.444849, 0.453377]
[0.434093, 0.143335, -0.498783, 0.343048, 0.086981]
[0.493049, 0.287633, -0.498852, 0.465782, 0.471037]
[0.465173, 0.196672, -0.498567, 0.303531, 0.461092]
[0.631474, 0.149978, -0.499552, 0.450854, 0.128741]
[0.371192, 0.251293, -0.498446, 0.383341, 0.454158]
[0.433218, 0.481197, -0.499299, 0.275991, 0.146984]
[0.55155, 0.149199, -0.498835, 0.452258, 0.369335]
[0.464074, 0.170997, -0.499989, 0.494261, 0.10616]
[0.344209, 0.44232, -0.499784, 0.399355, 0.496798]
[0.482748, 0.159018, -0.49944, 0.362051, 0.407602]
[0.270709, 0.469752, -0.498705, 0.317416, 0.389621]
[0.591803, 0.236955, -0.499624, 0.250575, 0.101311]
[0.489318, 0.350128, -0.499169, 0.326442, 0.165039]
[0.591778, 0.319481, -0.498573, 0.229112, 0.159357]
[0.321653, 0.46626, -0.499531, 0.328924, 0.384877]
[0.448339, 0.219534, -0.498918, 0.495046, 0.28926]
[0.652683, 0.260208, -0.498521, 0.450365, 0.106637]
[0.573907, 0.166021, -0.499784, 0.331486, 0.483872]
[0.576416, 0.115992, -0.499031, 0.27556, 0.330007]
[0.331079, 0.393832, -0.498412, 0.355569, 0.214906]
[0.330538, 0.307037, -0.499775, 0.295825, 0.11244]
[0.604407, 0.176989, -0.498732, 0.266453, 0.108002]
[0.66578, 0.291189, -0.498985, 0.427291, 0.239933]
[0.382399, 0.219986, -0.498502, 0.357441, 0.150843]
[0.343388, 0.412061, -0.499331, 0.413139, 0.089178]
[0.552556, 0.469774, -0.499705, 0.392964, 0.134883]
[0.601712, 0.496397, -0.499277, 0.37004, 0.473723]
[0.519117, 0.221475, -0.498427, 0.485378, 0.431526]
[0.500857, 0.483094, -0.499841, 0.424717, 0.465156]
[0.353034, 0.332475, -0.499205, 0.331376, 0.203951]
[0.637163, 0.336769, -0.499008, 0.436896, 0.498318]
[0.648261, 0.205695, -0.499477, 0.318891, 0.368542]
[0.533209, 0.275199, -0.498435, 0.4049, 0.244757]
[0.530134, 0.26101, -0.498563, 0.384125, 0.071588]
[0.290719, 0.329779, -0.499499, 0.258275, 0.088616]
[0.511608, 0.485432, -0.499144, 0.480113, 0.219083]
[0.475505, 0.25817, -0.498499, 0.339101, 0.182693]
[0.44327, 0.373528, -0.498536, 0.259939, 0.398514]
[0.498221, 0.360401, -0.499464, 0.449037, 0.397967]
[0.571651, 0.320821, -0.498923, 0.319856, 0.46324]
[0.412926, 0.268353, -0.499339, 0.416035, 0.02453]
[0.643324, 0.209863, -0.498565, 0.320549, 0.220207]
[0.378652, 0.14184, -0.499102, 0.348865, 0.262441]
[0.564412, 0.391939, -0.498826, 0.478432, 0.389352]
[0.420422, 0.38458, -0.498683, 0.428236, 0.454702]
[0.52134, 0.284691, -0.499982, 0.269536, 0.36871]
[0.637605, 0.342179, -0.498433, 0.368014, 0.269727]
[0.562161, 0.123028, -0.498514, 0.326661, 0.127948]
[0.523845, 0.472217, -0.499827, 0.483898, 0.110774]
[0.4953, 0.174898, -0.499089, 0.316615, 0.139997]
[0.348776, 0.275849, -0.498913, 0.483569, 0.422446]
[0.667565, 0.296019, -0.499367, 0.453654, 0.089212]
[0.650894, 0.139418, -0.49888, 0.265874, 0.229852]
[0.644104, 0.393909, -0.499855, 0.311778, 0.111418]
[0.411628, 0.189889, -0.499984, 0.414185, 0.040331]
[0.302821, 0.33825, -0.499775, 0.476413, 0.329287]
[0.581821, 0.462121, -0.498921, 0.342047, 0.119314]
[0.4152, 0.264916, -0.499624, 0.484493, 0.307652]
[0.663998, 0.346051, -0.499959, 0.407945, 0.021946]
[0.320855, 0.304165, -0.498834, 0.463799, 0.418036]
[0.463343, 0.389879, -0.499806, 0.431995, 0.486563]
[0.614697, 0.456676, -0.499969, 0.466675, 0.159055]
[0.488835, 0.361707, -0.499352, 0.466447, 0.110985]
[0.42444, 0.487115, -0.499947, 0.239722, 0.192929]
[0.554202, 0.173105, -0.498938, 0.350817, 0.234172]
[0.589089, 0.4632, -0.499259, 0.481993, 0.382762]
[0.432528, 0.245231, -0.499775, 0.430583, 0.135332]
[0.425763, 0.499623, -0.498801, 0.356603, 0.047845]
[0.41273, 0.130036, -0.499661, 0.428776, 0.041039]
[0.633269, 0.286061, -0.498585, 0.46866, 0.219971]
[0.403954, 0.47313, -0.499564, 0.28369, 0.459553]
[0.615555, 0.487019, -0.49934, 0.398133, 0.061466]
[0.420998, 0.131348, -0.499062, 0.353605, 0.095356]
[0.376483, 0.311013, -0.499852, 0.492146, 0.288759]
[0.287058, 0.378473, -0.499964, 0.424763, 0.051826]
[0.669301, 0.497063, -0.499781, 0.426509, 0.47614]
[0.324524, 0.248507, -0.499282, 0.450839, 0.05475]
[0.516493, 0.259906, -0.499481, 0.41722, 0.393917]
[0.632572, 0.481752, -0.499119, 0.278991, 0.353674]
[0.565022, 0.266836, -0.498482, 0.391163, 0.440764]
[0.598902, 0.313715, -0.499895, 0.293946, 0.213961]
[0.296504, 0.497122, -0.498603, 0.479719, 0.431275]
[0.494702, 0.150087, -0.499374, 0.308878, 0.147442]
[0.39351, 0.249566, -0.499767, 0.465225, 0.007565]
[0.365303, 0.485769, -0.499916, 0.412829, 0.006064]
[0.678773, 0.116831, -0.499997, 0.373823, 0.270199]
[0.465458, 0.257056, -0.498825, 0.241178, 0.188556]
[0.523455, 0.338816, -0.499212, 0.43244, 0.273335]
[0.615442, 0.212439, -0.499995, 0.378598, 0.381536]
[0.351299, 0.416101, -0.499163, 0.228105, 0.440068]
[0.308368, 0.452605, -0.499518, 0.340338, 0.075062]
[0.623688, 0.138938, -0.499912, 0.274898, 0.150667]
[0.564322, 0.365086, -0.499395, 0.324156, 0.211286]
[0.352406, 0.389758, -0.499105, 0.42182, 0.037372]
[0.578644, 0.318941, -0.498669, 0.345677, 0.439282]
[0.590283, 0.478748, -0.49862, 0.394085, 0.362664]
[0.430081, 0.469617, -0.498448, 0.472564, 0.025161]
[0.452378, 0.161752, -0.498643, 0.35091, 0.037324]
[0.665678, 0.187273, -0.49873, 0.459805, 0.216893]
[0.376381, 0.345865, -0.499438, 0.232697, 0.038713]
[0.64177, 0.350123, -0.499111, 0.262105, 0.189425]
[0.288689, 0.496194, -0.498715, 0.281191, 0.336645]
[0.484111, 0.149366, -0.499045, 0.270559, 0.204169]
[0.5862, 0.321339, -0.499523, 0.317354, 0.316569]
[0.2893, 0.391497, -0.499487, 0.228219, 0.066227]
[0.310137, 0.129651, -0.498693, 0.25888, 0.139257]
[0.370217, 0.28311, -0.499858, 0.286106, 0.259643]
[0.633485, 0.495396, -0.49867, 0.232757, 0.285144]
[0.492418, 0.421722, -0.498891, 0.421302, 0.039465]
[0.617376, 0.362814, -0.499036, 0.399871, 0.37576]
[0.39396, 0.15579, -0.498575, 0.264953, 0.406294]
[0.595988, 0.302184, -0.498533, 0.392383, 0.213498]
[0.512149, 0.34684, -0.498837, 0.451492, 0.464926]
[0.613304, 0.16859, -0.499969, 0.373458, 0.410797]
[0.442784, 0.4068, -0.498616, 0.436756, 0.27675]
[0.436895, 0.479323, -0.498911, 0.317259, 0.09778]
[0.33184, 0.47741, -0.498913, 0.433836, 0.112583]
[0.52257, 0.363094, -0.499011, 0.236681, 0.103154]
[0.581459, 0.423709, -0.498887, 0.45778, 0.327495]
[0.614162, 0.19762, -0.499437, 0.412896, 0.340101]
[0.638031, 0.365204, -0.499556, 0.321465, 0.492633]
[0.413828, 0.334855, -0.499197, 0.441202, 0.390518]
[0.626296, 0.305524, -0.49931, 0.375466, 0.02343]
[0.528027, 0.341429, -0.499225, 0.250933, 0.339766]
[0.552919, 0.345384, -0.499176, 0.357912, 0.150966]
[0.560149, 0.218411, -0.499566, 0.30768, 0.338935]
[0.392608, 0.152397, -0.49925, 0.413365, 0.293264]
[0.540245, 0.453033, -0.499652, 0.286947, 0.497217]
[0.482085, 0.197706, -0.499918, 0.365287, 0.334608]
[0.358203, 0.485505, -0.498595, 0.476788, 0.371066]
[0.327458, 0.150872, -0.498947, 0.343366, 0.053124]
[0.343346, 0.441706, -0.498467, 0.424113, 0.181729]
[0.634907, 0.148036, -0.498729, 0.248503, 0.20036]
[0.295282, 0.246213, -0.499961, 0.274672, 0.045161]
[0.491351, 0.143128, -0.499102, 0.369102, 0.387469]
[0.517934, 0.349567, -0.498936, 0.417044, 0.042312]
[0.365075, 0.368886, -0.49982, 0.294068, 0.177669]
[0.37235, 0.433911, -0.499357, 0.477386, 0.102046]
[0.370374, 0.232353, -0.499989, 0.407693, 0.233451]
[0.671121, 0.239008, -0.499722, 0.369857, 0.359773]
[0.556347, 0.411373, -0.499018, 0.318094, 0.361736]
[0.435255, 0.248447, -0.499757, 0.255558, 0.346331]
[0.319446, 0.307277, -0.498455, 0.26703, 0.027879]
[0.300759, 0.209328, -0.499439, 0.270493, 0.405018]
[0.529282, 0.458904, -0.499096, 0.389789, 0.182357]
[0.472765, 0.485501, -0.498643, 0.495405, 0.452472]
[0.626791, 0.187531, -0.498533, 0.443461, 0.383033]
[0.456655, 0.348835, -0.499875, 0.368146, 0.098225]
[0.486127, 0.28302, -0.4991, 0.301334, 0.418199]
[0.390597, 0.167254, -0.499451, 0.457999, 0.170412]
[0.503466, 0.2007, -0.499889, 0.267995, 0.245131]
[0.476892, 0.319339, -0.498904, 0.281576, 0.060008]
[0.595933, 0.173323, -0.499732, 0.442689, 0.471179]
[0.454383, 0.374919, -0.498482, 0.4612, 0.183485]
[0.556468, 0.385778, -0.498825, 0.417051, 0.260824]
[0.64811, 0.189216, -0.499432, 0.441942, 0.20697]
[0.513187, 0.437225, -0.4993, 0.461227, 0.158217]
[0.541288, 0.338181, -0.498696, 0.475918, 0.415183]
[0.610848, 0.33846, -0.499568, 0.301241, 0.39044]
[0.533273, 0.188426, -0.49982, 0.459706, 0.216117]
[0.273009, 0.484774, -0.49976, 0.392741, 0.009924]
[0.535632, 0.212387, -0.498564, 0.405887, 0.417486]
[0.335436, 0.479617, -0.49919, 0.320931, 0.016647]
[0.50371, 0.267555, -0.498883, 0.342257, 0.47745]
[0.536403, 0.159185, -0.498778, 0.422739, 0.496114]
[0.494962, 0.188297, -0.499718, 0.428351, 0.196507]
[0.383205, 0.274527, -0.498802, 0.499483, 0.123102]
[0.279398, 0.442254, -0.498862, 0.45358, 0.173068]
[0.49069, 0.153358, -0.49905, 0.32856, 0.301145]
[0.291051, 0.483263, -0.4989, 0.421916, 0.036657]
[0.672904, 0.258105, -0.499981, 0.282017, 0.493372]
[0.509478, 0.232548, -0.498502, 0.422268, 0.141681]
[0.631942, 0.199565, -0.499764, 0.357594, 0.144792]
[0.595282, 0.12722, -0.499861, 0.407845, 0.324851]
[0.311678, 0.366538, -0.499126, 0.347548, 0.069069]
[0.31312, 0.434096, -0.499947, 0.429726, 0.356633]
[0.627566, 0.395791, -0.498543, 0.420469, 0.167251]
[0.565841, 0.120199, -0.49864, 0.435702, 0.255573]
[0.420006, 0.217635, -0.49958, 0.238064, 0.159558]
[0.305721, 0.280636, -0.498684, 0.269506, 0.368137]
[0.564522, 0.26711, -0.49968, 0.307706, 0.344298]
[0.329706, 0.309058, -0.499766, 0.453527, 0.450413]
[0.380106, 0.127423, -0.498861, 0.273315, 0.154338]
[0.58613, 0.1162, -0.498651, 0.497698, 0.064324]
[0.507073, 0.176034, -0.499087, 0.349516, 0.46773]
[0.470865, 0.264393, -0.499307, 0.276551, 0.286806]
[0.626027, 0.444608, -0.499481, 0.384644, 0.174728]
[0.269623, 0.246064, -0.498439, 0.477423, 0.192741]
[0.428052, 0.155817, -0.498864, 0.293893, 0.102377]
[0.576832, 0.429406, -0.499243, 0.228877, 0.280742]
[0.302178, 0.232318, -0.498587, 0.401905, 0.231227]
[0.651687, 0.190138, -0.499651, 0.468027, 0.439104]
[0.308184, 0.368618, -0.498881, 0.388345, 0.191861]
[0.507608, 0.322039, -0.499363, 0.422579, 0.277425]
[0.269681, 0.261694, -0.499384, 0.266444, 0.117976]
[0.595356, 0.133426, -0.498653, 0.381778, 0.358193]
[0.466981, 0.135312, -0.499315, 0.442953, 0.220585]
[0.463595, 0.345941, -0.498812, 0.2331, 0.050594]
[0.607932, 0.223672, -0.498737, 0.341391, 0.419296]
[0.474685, 0.48403, -0.498768, 0.408783, 0.019942]
[0.311366, 0.195002, -0.498453, 0.303914, 0.352261]
[0.62666, 0.374561, -0.499558, 0.497014, 0.195427]
[0.327413, 0.409448, -0.499503, 0.457931, 0.254897]
[0.673332, 0.337405, -0.498973, 0.282046, 0.002068]
[0.346922, 0.411969, -0.498763, 0.440316, 0.29135]
[0.388989, 0.252486, -0.49948, 0.373816, 0.013535]
[0.556467, 0.119068, -0.499129, 0.479327, 0.32329]
[0.63243, 0.216414, -0.498955, 0.262903, 0.100796]
[0.400314, 0.332956, -0.499345, 0.309699, 0.495092]
[0.345255, 0.371355, -0.498782, 0.235613, 0.10207]
[0.398551, 0.204457, -0.499229, 0.417941, 0.443602]
[0.417715, 0.322671, -0.4998, 0.372666, 0.204906]
[0.643305, 0.145911, -0.498662, 0.470974, 0.271117]
[0.429897, 0.18308, -0.49918, 0.299189, 0.414406]
[0.646736, 0.221849, -0.499226, 0.349783, 0.146728]
[0.284654, 0.391474, -0.498565, 0.337275, 0.069816]
[0.5585, 0.356275, -0.498884, 0.400169, 0.198281]
[0.616277, 0.150371, -0.499085, 0.241038, 0.09579]
[0.568049, 0.127465, -0.498586, 0.445582, 0.195207]
[0.621043, 0.363211, -0.499623, 0.231312, 0.061441]
[0.585026, 0.492227, -0.49855, 0.365381, 0.049142]
[0.570022, 0.167025, -0.498948, 0.458918, 0.391304]
[0.554246, 0.28782, -0.499094, 0.371744, 0.364843]
[0.634195, 0.196161, -0.498957, 0.235066, 0.221362]
[0.54592, 0.432954, -0.499234, 0.39616, 0.084007]
[0.281998, 0.186514, -0.499162, 0.270453, 0.316714]
[0.270933, 0.492278, -0.498426, 0.445038, 0.391949]
[0.366, 0.114285, -0.499355, 0.284902, 0.280428]
[0.362052, 0.474817, -0.498662, 0.236945, 0.427212]
[0.474916, 0.230327, -0.498741, 0.340158, 0.146755]
[0.579457, 0.292131, -0.499704, 0.328804, 0.293784]
[0.340268, 0.218092, -0.498478, 0.45581, 0.019971]
[0.40312, 0.269153, -0.498934, 0.243233, 0.484316]
[0.588176, 0.309876, -0.499746, 0.243003, 0.484752]
[0.647998, 0.45194, -0.498979, 0.41716, 0.140344]
[0.501086, 0.462941, -0.498751, 0.260586, 0.253652]
[0.575371, 0.460348, -0.499377, 0.362175, 0.264848]
[0.553557, 0.342796, -0.499918, 0.374238, 0.442749]
[0.272558, 0.264268, -0.498817, 0.326856, 0.241451]
[0.33012, 0.439714, -0.498813, 0.30125, 0.070253]
[0.399922, 0.21538, -0.499522, 0.444315, 0.103657]
[0.661114, 0.270733, -0.499602, 0.358413, 0.130599]
[0.634359, 0.475173, -0.499193, 0.267827, 0.336984]
[0.613494, 0.438256, -0.498753, 0.275592, 0.04391]
[0.645543, 0.317575, -0.499652, 0.304229, 0.132654]
[0.483148, 0.483162, -0.499869, 0.478734, 0.000933]
[0.283093, 0.171498, -0.499117, 0.339614, 0.352829]
[0.384273, 0.294438, -0.499806, 0.344434, 0.441121]
[0.596328, 0.423668, -0.498443, 0.462225, 0.077313]
[0.531411, 0.246406, -0.49907, 0.416751, 0.494]
[0.548279, 0.162108, -0.498755, 0.357315, 0.039537]
[0.35124, 0.49548, -0.498948, 0.340254, 0.118022]
[0.545044, 0.337529, -0.499057, 0.397004, 0.415585]
[0.556853, 0.361785, -0.499505, 0.442961, 0.009167]
[0.53215, 0.176521, -0.499207, 0.401853, 0.264878]
[0.596994, 0.155098, -0.499682, 0.315068, 0.143813]
[0.275803, 0.497496, -0.499699, 0.439323, 0.096185]
[0.633113, 0.45462, -0.498703, 0.304666, 0.034338]
[0.292043, 0.456417, -0.498538, 0.34848, 0.44505]
[0.372712, 0.41547, -0.498488, 0.319382, 0.107993]
[0.644886, 0.331043, -0.49986, 0.273845, 0.201056]
[0.383984, 0.154621, -0.499578, 0.290193, 0.191375]
[0.638123, 0.316473, -0.498997, 0.236166, 0.493979]
[0.46136, 0.302151, -0.499441, 0.299259, 0.224604]
[0.420759, 0.145129, -0.499809, 0.364245, 0.01436]
[0.606088, 0.341831, -0.499924, 0.311915, 0.237015]
[0.425856, 0.450117, -0.498783, 0.270397, 0.309413]
[0.446109, 0.474618, -0.49957, 0.470017, 0.059009]
[0.625356, 0.469062, -0.49986, 0.498363, 0.188816]
[0.629487, 0.325067, -0.499587, 0.368463, 0.079913]
[0.556009, 0.223143, -0.499947, 0.312745, 0.248818]
[0.384385, 0.412748, -0.499365, 0.343243, 0.16146]
[0.461853, 0.245411, -0.498687, 0.467256, 0.43]
[0.566188, 0.264009, -0.499902, 0.378332, 0.250197]
[0.420153, 0.201679, -0.498898, 0.445903, 0.47554]
[0.638155, 0.135414, -0.499328, 0.477597, 0.219867]
[0.413796, 0.205164, -0.499666, 0.252343, 0.077572]
[0.362959, 0.133535, -0.499872, 0.479684, 0.319319]
[0.580892, 0.17954, -0.499171, 0.425674, 0.090782]
[0.383952, 0.140732, -0.499354, 0.44178, 0.122757]
[0.456939, 0.444029, -0.498922, 0.376964, 0.141531]
[0.333889, 0.368199, -0.499531, 0.440048, 0.373069]
[0.334841, 0.233478, -0.499025, 0.362222, 0.441245]
[0.52128, 0.378399, -0.498752, 0.336079, 0.193306]
[0.512758, 0.136534, -0.498541, 0.230675, 0.433769]
[0.341724, 0.220072, -0.499345, 0.365823, 0.442602]
[0.438739, 0.191107, -0.49904, 0.326788, 0.049212]
[0.548413, 0.364833, -0.498585, 0.436858, 0.025005]
[0.302561, 0.421407, -0.49914, 0.375694, 0.307689]
[0.667205, 0.483687, -0.499286, 0.306017, 0.074574]
[0.526315, 0.498128, -0.49876, 0.309158, 0.175125]
[0.628363, 0.378569, -0.498649, 0.246025, 0.059959]
[0.405566, 0.273239, -0.499318, 0.265422, 0.025874]
[0.301288, 0.178834, -0.49976, 0.427664, 0.073186]
[0.3001, 0.282957, -0.499896, 0.43889, 0.358972]
[0.480413, 0.242983, -0.499433, 0.444807, 0.260831]
[0.362095, 0.316586, -0.499858, 0.31602, 0.484743]
[0.310671, 0.443646, -0.499461, 0.488649, 0.031356]
[0.482511, 0.227181, -0.498597, 0.306519, 0.260433]
[0.497611, 0.193415, -0.499212, 0.417568, 0.123253]
[0.533139, 0.216602, -0.499057, 0.371719, 0.122235]
[0.625516, 0.151748, -0.498911, 0.439393, 0.087659]
[0.557373, 0.243642, -0.499873, 0.36867, 0.101489]
[0.426066, 0.178842, -0.499774, 0.427912, 0.369423]
[0.39228, 0.13543, -0.498986, 0.459542, 0.147722]
[0.604028, 0.275906, -0.498903, 0.261381, 0.203146]
[0.350954, 0.113257, -0.498993, 0.496632, 0.095066]
[0.507214, 0.316197, -0.49918, 0.393615, 0.41733]
[0.531464, 0.129937, -0.499161, 0.279814, 0.019671]
[0.348939, 0.198813, -0.499678, 0.260397, 0.083185]
[0.601587, 0.478792, -0.499336, 0.488153, 0.444809]
[0.645344, 0.196048, -0.499512, 0.377366, 0.29213]
[0.562892, 0.439629, -0.499021, 0.309508, 0.172658]
[0.609291, 0.37911, -0.499518, 0.254707, 0.238922]
[0.623927, 0.469932, -0.498736, 0.227498, 0.414793]
[0.353966, 0.182335, -0.499947, 0.327992, 0.26844]
[0.318098, 0.311283, -0.499402, 0.347829, 0.003923]
[0.565983, 0.172981, -0.498929, 0.458753, 0.396356]
[0.534593, 0.160644, -0.498819, 0.484288, 0.325404]
[0.637987, 0.370538, -0.499135, 0.366569, 0.129744]
[0.451178, 0.238848, -0.499998, 0.427168, 0.095006]
[0.311721, 0.411151, -0.499203, 0.325804, 0.43708]
[0.374685, 0.328118, -0.498621, 0.474078, 0.005736]
[0.530719, 0.311109, -0.498737, 0.324543, 0.15143]
[0.522076, 0.208242, -0.499097, 0.380189, 0.394686]
[0.395215, 0.308427, -0.49999, 0.242111, 0.407699]
[0.443387, 0.154887, -0.498904, 0.452619, 0.47529]
[0.644017, 0.331081, -0.498854, 0.454658, 0.080494]
[0.371759, 0.246365, -0.499272, 0.353926, 0.014549]
[0.555899, 0.119187, -0.498564, 0.413833, 0.446157]
[0.647979, 0.260391, -0.498889, 0.321369, 0.372435]
[0.439432, 0.138392, -0.499052, 0.489298, 0.078637]
[0.5846, 0.342214, -0.499988, 0.33229, 0.093389]
[0.521118, 0.420572, -0.499055, 0.331379, 0.129724]
[0.423895, 0.161237, -0.499903, 0.439413, 0.261814]
[0.617414, 0.175582, -0.499848, 0.445436, 0.134598]
[0.535365, 0.498558, -0.498731, 0.426665, 0.382678]
[0.3462, 0.364266, -0.499284, 0.268374, 0.407481]
[0.461221, 0.11699, -0.499849, 0.405086, 0.190748]
[0.478172, 0.303235, -0.499992, 0.342296, 0.093319]
[0.314769, 0.324131, -0.499406, 0.33295, 0.132062]
[0.632107, 0.233922, -0.499615, 0.233444, 0.313762]
[0.659282, 0.411066, -0.498564, 0.327953, 0.419632]
[0.327235, 0.416083, -0.499038, 0.301284, 0.117755]
[0.333923, 0.435072, -0.499218, 0.342669, 0.018911]
[0.298967, 0.342426, -0.499278, 0.417934, 0.364652]
[0.581808, 0.326303, -0.498991, 0.327571, 0.130494]
[0.295594, 0.379252, -0.498723, 0.333302, 0.388085]
[0.357686, 0.464713, -0.498921, 0.370469, 0.497022]
[0.534802, 0.351872, -0.498422, 0.411802, 0.104999]
[0.581469, 0.479918, -0.498746, 0.426077, 0.249392]
[0.581068, 0.494689, -0.499652, 0.239511, 0.322178]
[0.271332, 0.37155, -0.498943, 0.47295, 0.397407]
[0.654735, 0.207912, -0.499069, 0.482263, 0.142024]
[0.30362, 0.45856, -0.498705, 0.313334, 0.239498]
[0.296004, 0.17697, -0.498875, 0.440032, 0.108706]
[0.486051, 0.151668, -0.498417, 0.289834, 0.012809]
[0.354295, 0.174805, -0.49941, 0.379822, 0.129571]
[0.568949, 0.29049, -0.499628, 0.383404, 0.260968]
[0.671764, 0.20216, -0.499073, 0.444151, 0.053901]
[0.465265, 0.353195, -0.498459, 0.446879, 0.087705]
[0.364591, 0.142715, -0.499185, 0.256368, 0.262171]
[0.476516, 0.32706, -0.498877, 0.496211, 0.065423]
[0.46638, 0.26617, -0.499355, 0.38518, 0.102471]
[0.594239, 0.455562, -0.498647, 0.2733, 0.166237]
[0.601556, 0.413942, -0.499725, 0.227819, 0.204231]
[0.609217, 0.148436, -0.499677, 0.407711, 0.15443]
[0.603246, 0.314478, -0.499108, 0.237809, 0.247587]
[0.449587, 0.323554, -0.499764, 0.377798, 0.037983]
[0.625045, 0.156253, -0.499383, 0.352932, 0.387678]
[0.642773, 0.139627, -0.498934, 0.485902, 0.087232]
[0.527513, 0.310087, -0.499957, 0.300182, 0.320624]
[0.432157, 0.156745, -0.498659, 0.369713, 0.481345]
[0.385312, 0.494801, -0.49854, 0.470453, 0.250788]
[0.51775, 0.3427, -0.49974, 0.264323, 0.106097]
[0.352513, 0.335091, -0.499902, 0.359941, 0.043446]
[0.26993, 0.294872, -0.499758, 0.288456, 0.088362]
[0.480557, 0.142847, -0.498724, 0.488602, 0.062777]
[0.441964, 0.384517, -0.49911, 0.383644, 0.335191]
[0.56058, 0.179387, -0.499968, 0.449927, 0.393604]
[0.280124, 0.373959, -0.49925, 0.466037, 0.305454]
[0.28675, 0.290563, -0.498534, 0.264196, 0.052037]
[0.626697, 0.312558, -0.498747, 0.309228, 0.439995]
[0.4532, 0.366178, -0.498803, 0.375576, 0.154745]
[0.486595, 0.16682, -0.498648, 0.495395, 0.280008]
[0.554678, 0.498455, -0.49912, 0.468424, 0.168539]
[0.605969, 0.380662, -0.498835, 0.456624, 0.274789]
[0.626539, 0.144897, -0.499114, 0.35901, 0.201423]
[0.536988, 0.291066, -0.499509, 0.449308, 0.337477]
[0.446626, 0.33997, -0.49863, 0.42482, 0.407828]
[0.288158, 0.126819, -0.499896, 0.27658, 0.383042]
[0.310742, 0.278594, -0.498431, 0.244214, 0.47121]
[0.661308, 0.427047, -0.498854, 0.390725, 0.176171]
[0.29243, 0.327696, -0.498846, 0.304608, 0.143032]
[0.274466, 0.434247, -0.499912, 0.413417, 0.107168]
[0.307183, 0.209016, -0.499145, 0.3383, 0.390662]
[0.504063, 0.27231, -0.499322, 0.370563, 0.029843]
[0.670829, 0.369797, -0.499182, 0.371397, 0.041892]
[0.315003, 0.224805, -0.49972, 0.420264, 0.351783]
[0.670453, 0.14973, -0.499497, 0.371415, 0.41354]
[0.385003, 0.404518, -0.498497, 0.363171, 0.378835]
[0.599387, 0.447613, -0.49998, 0.37649, 0.309527]
[0.3863, 0.159491, -0.499272, 0.342111, 0.240994]
[0.393904, 0.480277, -0.498516, 0.289504, 0.476256]
[0.504016, 0.426587, -0.499019, 0.388164, 0.445281]
[0.302987, 0.469557, -0.498791, 0.332241, 0.126039]
[0.43368, 0.416329, -0.498516, 0.470475, 0.304902]
[0.563281, 0.317986, -0.499425, 0.346907, 0.392899]
[0.63878, 0.331358, -0.49967, 0.227671, 0.38364]
[0.291199, 0.372343, -0.498562, 0.479486, 0.338698]
[0.28873, 0.432006, -0.499224, 0.251187, 0.166602]
[0.306766, 0.244863, -0.499721, 0.25295, 0.465997]
[0.436704, 0.141414, -0.499198, 0.229984, 0.438739]
[0.459753, 0.346517, -0.499243, 0.309014, 0.388524]
[0.276624, 0.298694, -0.499312, 0.393987, 0.050784]
[0.424184, 0.484398, -0.499121, 0.23919, 0.291578]
[0.270264, 0.234896, -0.499313, 0.355999, 0.355888]
[0.558936, 0.144949, -0.49909, 0.30541, 0.141155]
[0.324594, 0.226496, -0.498597, 0.429642, 0.433301]
[0.549161, 0.203986, -0.499551, 0.407044, 0.477712]
[0.545161, 0.405857, -0.499477, 0.364305, 0.335533]
[0.543478, 0.467781, -0.498877, 0.482688, 0.174155]
[0.655523, 0.4473, -0.499489, 0.348165, 0.217504]
[0.360724, 0.404016, -0.499312, 0.452503, 0.159351]
[0.485754, 0.249377, -0.499826, 0.41285, 0.305838]
[0.541832, 0.167936, -0.49931, 0.254032, 0.087791]
[0.328401, 0.466877, -0.499178, 0.23414, 0.052859]
[0.34907, 0.416954, -0.499769, 0.264504, 0.431776]
[0.671539, 0.278003, -0.499301, 0.359296, 0.283611]
[0.666927, 0.222595, -0.499719, 0.309129, 0.273034]
[0.415199, 0.31687, -0.498475, 0.233924, 0.439707]
[0.371455, 0.325878, -0.499201, 0.257857, 0.280456]
[0.440011, 0.437006, -0.499602, 0.450304, 0.11311]
[0.662355, 0.330546, -0.49884, 0.314161, 0.454097]
[0.64781, 0.268263, -0.499023, 0.348174, 0.457395]
[0.511585, 0.339259, -0.499181, 0.476273, 0.302202]
[0.635081, 0.15487, -0.498944, 0.300953, 0.351664]
[0.603582, 0.242574, -0.498641, 0.236152, 0.247747]
[0.468093, 0.493133, -0.499234, 0.45273, 0.336304]
[0.369637, 0.494303, -0.499559, 0.273663, 0.462678]
[0.337761, 0.483677, -0.499007, 0.341079, 0.460437]
[0.575537, 0.166116, -0.498735, 0.292763, 0.088286]
[0.361471, 0.313083, -0.498596, 0.307883, 0.22082]
[0.297215, 0.152726, -0.499584, 0.398628, 0.408246]
[0.615981, 0.46198, -0.499283, 0.341426, 0.309072]
[0.43531, 0.176297, -0.499743, 0.40033, 0.282552]
[0.54458, 0.277832, -0.499495, 0.34472, 0.289669]
[0.294208, 0.200975, -0.498911, 0.463851, 0.09419]
[0.377705, 0.358378, -0.499765, 0.463858, 0.23385]
[0.357429, 0.293288, -0.499723, 0.289243, 0.160571]
[0.412135, 0.209444, -0.499204, 0.275264, 0.247414]
[0.620569, 0.19151, -0.498684, 0.401902, 0.282421]
[0.383057, 0.261126, -0.499305, 0.498931, 0.187722]
[0.554416, 0.256302, -0.498862, 0.254864, 0.04681]
[0.433764, 0.297992, -0.499164, 0.427143, 0.18932]
[0.610629, 0.248678, -0.499384, 0.370875, 0.227993]
[0.50085, 0.377453, -0.499495, 0.319716, 0.080441]
[0.517716, 0.326287, -0.498457, 0.493283, 0.232272]
[0.482259, 0.441045, -0.499484, 0.242538, 0.498867]
[0.271052, 0.159407, -0.498907, 0.341718, 0.233942]
[0.314287, 0.388179, -0.498663, 0.233678, 0.318928]
[0.572797, 0.204817, -0.4985, 0.27927, 0.062001]
[0.327522, 0.145616, -0.49899, 0.374228, 0.068669]
[0.66081, 0.287718, -0.49857, 0.296584, 0.041589]
[0.658843, 0.15152, -0.498603, 0.253099, 0.337171]
[0.581168, 0.266858, -0.49967, 0.441398, 0.462149]
[0.413294, 0.153008, -0.499845, 0.44085, 0.263936]
[0.280211, 0.309807, -0.498499, 0.233682, 0.229231]
[0.351424, 0.401103, -0.498835, 0.463398, 0.106368]
[0.6524, 0.167417, -0.499195, 0.420602, 0.139866]
[0.670457, 0.413049, -0.499085, 0.364676, 0.451679]
[0.371352, 0.491597, -0.499761, 0.337628, 0.138453]
[0.44235, 0.344114, -0.499009, 0.358707, 0.412027]
[0.551038, 0.289835, -0.499446, 0.242837, 0.056895]
[0.490425, 0.475703, -0.498754, 0.364488, 0.186513]
[0.286604, 0.128969, -0.499116, 0.467198, 0.011243]
[0.482523, 0.186934, -0.49983, 0.257924, 0.391395]
[0.429868, 0.41478, -0.499151, 0.296898, 0.066263]
[0.390166, 0.456559, -0.499654, 0.41593, 0.026274]
[0.362625, 0.400365, -0.499259, 0.312128, 0.33669]
[0.596797, 0.134583, -0.498789, 0.379925, 0.248602]
[0.373815, 0.251098, -0.499868, 0.444852, 0.011069]
[0.49287, 0.172487, -0.498521, 0.472016, 0.209172]
[0.529326, 0.125636, -0.499587, 0.381329, 0.144008]
[0.33433, 0.209947, -0.499335, 0.423713, 0.392227]
[0.638134, 0.199144, -0.499844, 0.342279, 0.243098]
[0.280062, 0.344349, -0.499024, 0.279636, 0.404102]
[0.54893, 0.133103, -0.499895, 0.495154, 0.330147]
[0.585454, 0.4329, -0.499141, 0.296922, 0.44334]
[0.526731, 0.443331, -0.498508, 0.409243, 0.316355]
[0.375135, 0.451835, -0.499388, 0.309003, 0.032829]
[0.417433, 0.328327, -0.499315, 0.450449, 0.096966]
[0.514289, 0.476922, -0.499707, 0.230802, 0.294753]
[0.447739, 0.282275, -0.498657, 0.305862, 0.082519]
[0.561646, 0.241279, -0.499927, 0.459503, 0.304749]
[0.500709, 0.33949, -0.4988, 0.362301, 0.372886]
[0.678477, 0.478546, -0.499381, 0.362448, 0.006349]
[0.511815, 0.312073, -0.499207, 0.283497, 0.372343]
[0.578848, 0.470759, -0.499359, 0.402002, 0.15234]
[0.320336, 0.359977, -0.49948, 0.412611, 0.083815]
[0.412569, 0.302683, -0.49913, 0.386481, 0.015505]
[0.525215, 0.408735, -0.499159, 0.281564, 0.003166]
[0.620042, 0.350451, -0.498557, 0.420922, 0.366959]
[0.610727, 0.156186, -0.498565, 0.314292, 0.353798]
[0.476303, 0.169054, -0.499487, 0.419868, 0.353503]
[0.648149, 0.231029, -0.499184, 0.295536, 0.179913]
[0.543455, 0.242826, -0.499182, 0.274206, 0.079266]
[0.417345, 0.200152, -0.49887, 0.444895, 0.46228]
[0.418371, 0.145395, -0.499686, 0.400937, 0.22853]
[0.372587, 0.3635, -0.498886, 0.401896, 0.276497]
[0.659202, 0.155178, -0.498972, 0.336106, 0.320444]
[0.377627, 0.134282, -0.499298, 0.396806, 0.082224]
[0.419559, 0.429349, -0.499368, 0.47863, 0.033205]
[0.427489, 0.189751, -0.4999, 0.492334, 0.179824]
[0.471084, 0.484513, -0.499633, 0.379477, 0.053792]
[0.486397, 0.366522, -0.498655, 0.48507, 0.262593]
[0.36899, 0.137405, -0.499752, 0.344078, 0.499511]
[0.503955, 0.486958, -0.499397, 0.439269, 0.286471]
[0.652437, 0.155071, -0.499808, 0.49543, 0.331802]
[0.567661, 0.333993, -0.498932, 0.460301, 0.359774]
[0.292193, 0.308683, -0.499919, 0.318508, 0.341298]
[0.622997, 0.3776, -0.499797, 0.354522, 0.237738]
[0.512955, 0.44007, -0.498512, 0.485825, 0.040815]
[0.46333, 0.234111, -0.499139, 0.452295, 0.05836]
[0.357231, 0.302576, -0.499116, 0.27081, 0.47804]
[0.534475, 0.279892, -0.498787, 0.36232, 0.352957]
[0.563274, 0.256256, -0.499294, 0.263193, 0.407386]
[0.613555, 0.271249, -0.499991, 0.434279, 0.343189]
[0.648544, 0.226775, -0.49924, 0.305403, 0.244695]
[0.673048, 0.210101, -0.499513, 0.271997, 0.362584]
[0.673466, 0.221705, -0.49911, 0.278977, 0.242477]
[0.362541, 0.191094, -0.498849, 0.349918, 0.268342]
[0.377782, 0.498083, -0.499597, 0.317562, 0.482677]
[0.557215, 0.423956, -0.49841, 0.48589, 0.197018]
[0.631479, 0.303784, -0.499846, 0.449356, 0.470232]
[0.489167, 0.197052, -0.498442, 0.326862, 0.215093]
[0.351015, 0.319921, -0.49944, 0.373167, 0.237429]
[0.553822, 0.374553, -0.499426, 0.375787, 0.264071]
[0.397224, 0.245342, -0.498975, 0.390331, 0.144768]
[0.554338, 0.203172, -0.499245, 0.275239, 0.405706]
[0.413981, 0.270881, -0.498792, 0.31733, 0.007539]
[0.628188, 0.277183, -0.499623, 0.284717, 0.131601]
[0.403949, 0.325343, -0.499373, 0.432145, 0.237457]
[0.554371, 0.450847, -0.499744, 0.499479, 0.096024]
[0.525687, 0.193173, -0.499762, 0.447168, 0.087458]
[0.314892, 0.279902, -0.498995, 0.296788, 0.252508]
[0.597911, 0.471669, -0.499569, 0.236476, 0.004199]
[0.57333, 0.455448, -0.498638, 0.27509, 0.431743]
[0.664528, 0.138502, -0.499987, 0.316017, 0.028416]
[0.295086, 0.34057, -0.4993, 0.266752, 0.427113]
[0.328266, 0.213616, -0.499111, 0.4388, 0.44112]
[0.374895, 0.384449, -0.499768, 0.239348, 0.050109]
[0.662704, 0.355786, -0.4986, 0.46539, 0.113306]
[0.581774, 0.136872, -0.498904, 0.363398, 0.493106]
[0.645808, 0.496769, -0.498778, 0.39565, 0.144527]
[0.595816, 0.295028, -0.499066, 0.298323, 0.189961]
[0.436211, 0.313039, -0.499768, 0.315412, 0.379611]
[0.407958, 0.136124, -0.499178, 0.230529, 0.165574]
[0.275186, 0.476372, -0.4986, 0.435061, 0.251702]
[0.521616, 0.486899, -0.498736, 0.339738, 0.381275]
[0.321593, 0.466339, -0.49902, 0.478037, 0.255264]
[0.494231, 0.243018, -0.499835, 0.236313, 0.004504]
[0.492725, 0.334992, -0.499909, 0.393636, 0.326533]
[0.417768, 0.256911, -0.498549, 0.457287, 0.361102]
[0.548196, 0.330069, -0.498467, 0.418881, 0.176887]
[0.520697, 0.150577, -0.499374, 0.247971, 0.222561]
[0.338979, 0.473449, -0.499872, 0.304937, 0.304168]
[0.614751, 0.322946, -0.499283, 0.272164, 0.472385]
[0.336417, 0.140948, -0.49903, 0.474027, 0.024485]
[0.47704, 0.433264, -0.499446, 0.433126, 0.421372]
[0.303401, 0.357794, -0.499002, 0.397929, 0.2622]
[0.523029, 0.241075, -0.499863, 0.337621, 0.38095]
[0.508359, 0.181695, -0.499964, 0.425335, 0.270748]
[0.38582, 0.48393, -0.498543, 0.325236, 0.190375]
[0.362874, 0.480679, -0.499948, 0.468319, 0.161807]
[0.416023, 0.155975, -0.498783, 0.299154, 0.25918]
[0.663681, 0.198435, -0.498566, 0.351195, 0.384479]
[0.640192, 0.407872, -0.499689, 0.295228, 0.40357]
[0.46949, 0.333041, -0.499539, 0.45855, 0.263841]
[0.350246, 0.473227, -0.49996, 0.334622, 0.071137]
[0.277889, 0.383928, -0.498774, 0.474833, 0.135889]
[0.476029, 0.208932, -0.498635, 0.266745, 0.352741]
[0.47391, 0.407757, -0.499689, 0.313334, 0.058884]
[0.613388, 0.282142, -0.4996, 0.466059, 0.10155]
[0.635771, 0.344421, -0.499569, 0.402123, 0.265496]
[0.39218, 0.220346, -0.498963, 0.260935, 0.268815]
[0.321307, 0.438905, -0.499919, 0.482475, 0.167512]
[0.417314, 0.265913, -0.499453, 0.269173, 0.021098]
[0.476787, 0.361154, -0.49979, 0.493488, 0.251704]
[0.606522, 0.148407, -0.499518, 0.3888, 0.214833]
[0.462954, 0.412522, -0.498849, 0.333224, 0.329424]
[0.41076, 0.361164, -0.499599, 0.233847, 0.424173]
[0.587267, 0.261499, -0.499688, 0.487319, 0.482681]
[0.556569, 0.35671, -0.498736, 0.40731, 0.117243]
[0.485054, 0.431533, -0.498423, 0.278407, 0.21533]
[0.313913, 0.302912, -0.49901, 0.385243, 0.167737]
[0.477014, 0.264184, -0.49982, 0.328765, 0.385667]
[0.50279, 0.40516, -0.498494, 0.300949, 0.388846]
[0.428992, 0.343464, -0.499582, 0.479847, 0.044421]
[0.403521, 0.310271, -0.498747, 0.376494, 0.026804]
[0.314123, 0.292034, -0.498443, 0.360128, 0.353851]
[0.389368, 0.475103, -0.49927, 0.367161, 0.246439]
[0.380056, 0.48457, -0.499401, 0.267021, 0.255736]
[0.590677, 0.333018, -0.49915, 0.472956, 0.474664]
[0.311743, 0.440235, -0.49982, 0.423563, 0.146948]
[0.65846, 0.486452, -0.499847, 0.359871, 0.355177]
[0.379459, 0.242487, -0.498723, 0.412542, 0.034719]
[0.426232, 0.327956, -0.498426, 0.422319, 0.22578]
[0.487897, 0.396948, -0.49987, 0.29825, 0.038593]
[0.492077, 0.454163, -0.498783, 0.342223, 0.201214]
[0.508495, 0.169593, -0.498594, 0.248561, 0.152589]
[0.434573, 0.299806, -0.498807, 0.270398, 0.46464]
[0.508288, 0.490392, -0.499569, 0.393012, 0.300768]
[0.652979, 0.484059, -0.49871, 0.473024, 0.405667]
[0.623991, 0.354211, -0.499377, 0.489624, 0.459395]
[0.346871, 0.432232, -0.499668, 0.24667, 0.253438]
[0.457812, 0.19177, -0.499705, 0.307529, 0.293995]
[0.307376, 0.404446, -0.498625, 0.303449, 0.344396]
[0.59905, 0.468667, -0.499742, 0.462078, 0.429446]
[0.513094, 0.334872, -0.499537, 0.467036, 0.015337]
[0.548812, 0.179112, -0.498523, 0.281983, 0.39382]
[0.308229, 0.429659, -0.49969, 0.495995, 0.202544]
[0.580975, 0.188686, -0.499537, 0.429019, 0.200019]
[0.530287, 0.271729, -0.499938, 0.474951, 0.395947]
[0.589018, 0.421612, -0.498875, 0.454895, 0.226981]
[0.342551, 0.228607, -0.499279, 0.296673, 0.128824]
[0.574626, 0.414063, -0.499025, 0.374447, 0.00131]
[0.42617, 0.284658, -0.499542, 0.288838, 0.043225]
[0.616909, 0.387416, -0.499346, 0.480301, 0.369255]
[0.65743, 0.201096, -0.498922, 0.414631, 0.301134]
[0.300757, 0.381079, -0.498736, 0.360227, 0.235428]
[0.290981, 0.281171, -0.498466, 0.467555, 0.130206]
[0.656185, 0.171383, -0.498676, 0.4662, 0.040818]
[0.510601, 0.390034, -0.498688, 0.329391, 0.363204]
[0.283222, 0.283749, -0.499811, 0.408307, 0.218935]
[0.375535, 0.408909, -0.4995, 0.304139, 0.421956]
[0.536253, 0.37928, -0.49851, 0.495051, 0.067403]
[0.623314, 0.46173, -0.499702, 0.424108, 0.107305]
[0.528088, 0.236823, -0.499864, 0.310193, 0.411099]
[0.534604, 0.30063, -0.498534, 0.442861, 0.308359]
[0.289828, 0.452359, -0.5, 0.491219, 0.034977]
[0.503014, 0.398352, -0.499861, 0.454995, 0.06043]
[0.608691, 0.173542, -0.499759, 0.443273, 0.370076]
[0.381352, 0.320851, -0.499203, 0.464139, 0.460423]
[0.64363, 0.171898, -0.49862, 0.272784, 0.19227]
[0.37415, 0.335201, -0.498726, 0.304027, 0.253726]
[0.614998, 0.298749, -0.499178, 0.492375, 0.490372]
[0.413047, 0.114082, -0.498633, 0.366979, 0.294978]
[0.677996, 0.40742, -0.499927, 0.429949, 0.002312]
[0.503022, 0.41156, -0.499872, 0.451807, 0.31683]
[0.577453, 0.434876, -0.499568, 0.436657, 0.399427]
[0.55198, 0.435512, -0.499601, 0.39812, 0.23016]
[0.383709, 0.155596, -0.498936, 0.289665, 0.42547]
[0.546159, 0.45194, -0.499645, 0.3277, 0.353801]
[0.625585, 0.38784, -0.499674, 0.29054, 0.253695]
[0.376861, 0.37212, -0.499704, 0.422795, 0.321886]
[0.506756, 0.352917, -0.499717, 0.343379, 0.180242]
[0.270845, 0.250199, -0.498581, 0.315608, 0.117734]
[0.631457, 0.200051, -0.499696, 0.240158, 0.311867]
[0.598729, 0.266091, -0.498519, 0.405061, 0.243559]
[0.526962, 0.322312, -0.498714, 0.32615, 0.404319]
[0.603993, 0.17551, -0.499197, 0.431536, 0.357097]
[0.427971, 0.384855, -0.499698, 0.309805, 0.471747]
[0.312348, 0.149011, -0.499973, 0.465141, 0.037102]
[0.646095, 0.272099, -0.49989, 0.44277, 0.328839]
[0.66461, 0.35127, -0.498716, 0.298845, 0.352111]
[0.651948, 0.144452, -0.499566, 0.485503, 0.042749]
[0.639461, 0.43933, -0.499153, 0.444129, 0.48191]
[0.411064, 0.446936, -0.49893, 0.480402, 0.367138]
[0.643149, 0.470361, -0.498472, 0.494935, 0.200528]
[0.428381, 0.405632, -0.498892, 0.399626, 0.492444]
[0.338333, 0.429149, -0.498841, 0.437784, 0.065111]
[0.488512, 0.455164, -0.499108, 0.351631, 0.326244]
[0.290277, 0.274364, -0.499555, 0.481539, 0.329818]
[0.360981, 0.228778, -0.499627, 0.45016, 0.038547]
[0.541407, 0.192729, -0.499957, 0.286715, 0.42748]
[0.641181, 0.401807, -0.499505, 0.4425, 0.221824]
[0.472039, 0.194774, -0.499043, 0.4365, 0.287688]
[0.656939, 0.242643, -0.49943, 0.496062, 0.090577]
[0.460465, 0.317495, -0.499717, 0.308065, 0.109659]
[0.589494, 0.407726, -0.498459, 0.334248, 0.07194]
[0.363811, 0.139108, -0.498981, 0.254707, 0.16592]
[0.484671, 0.133763, -0.498434, 0.255452, 0.297853]
[0.579593, 0.162003, -0.4997, 0.495783, 0.443765]
[0.287834, 0.297545, -0.498957, 0.484976, 0.152621]
[0.44031, 0.422175, -0.499967, 0.440751, 0.348937]
[0.555563, 0.448742, -0.499807, 0.333267, 0.302624]
[0.432724, 0.199416, -0.499063, 0.356875, 0.183565]
[0.676205, 0.430366, -0.49862, 0.237402, 0.072039]
[0.488548, 0.2266, -0.498905, 0.293655, 0.051672]
[0.626357, 0.433953, -0.499761, 0.459955, 0.136612]
[0.631467, 0.198803, -0.499752, 0.471494, 0.235056]
[0.664538, 0.353042, -0.499488, 0.246811, 0.363335]
[0.304131, 0.372398, -0.499813, 0.328864, 0.161074]
[0.280469, 0.331201, -0.499857, 0.390008, 0.172188]
[0.277395, 0.358705, -0.499442, 0.281441, 0.417705]
[0.644699, 0.213201, -0.499778, 0.303726, 0.299206]
[0.282674, 0.448566, -0.499183, 0.349163, 0.468321]
[0.450698, 0.139573, -0.499722, 0.343078, 0.102964]
[0.596864, 0.467069, -0.499909, 0.312259, 0.1903]
[0.332322, 0.14053, -0.499192, 0.343341, 0.445765]
[0.679686, 0.40102, -0.499651, 0.428153, 0.474174]
[0.518403, 0.378633, -0.498537, 0.295865, 0.03099]
[0.582959, 0.390092, -0.498481, 0.439863, 0.124546]
[0.393872, 0.183696, -0.499743, 0.480262, 0.481069]
[0.565282, 0.117971, -0.499316, 0.260827, 0.26144]
[0.668137, 0.400384, -0.499236, 0.318031, 0.318492]
[0.32569, 0.499876, -0.498736, 0.460005, 0.165266]
[0.557702, 0.36563, -0.499201, 0.485006, 0.436882]
[0.465645, 0.148379, -0.499412, 0.399105, 0.030189]
[0.658289, 0.360744, -0.498823, 0.479338, 0.027287]
[0.606108, 0.316453, -0.499714, 0.34378, 0.118174]
[0.49963, 0.299149, -0.499853, 0.414244, 0.436931]
[0.552509, 0.288093, -0.499706, 0.452562, 0.221406]
[0.337696, 0.367698, -0.499858, 0.255407, 0.244691]
[0.65144, 0.448022, -0.499531, 0.485469, 0.224055]
[0.381204, 0.287458, -0.498465, 0.279691, 0.457673]
[0.665838, 0.152887, -0.498706, 0.263633, 0.467164]
[0.451737, 0.367756, -0.498841, 0.482758, 0.384254]
[0.340345, 0.474397, -0.498705, 0.241856, 0.042914]
[0.536168, 0.491856, -0.499911, 0.354446, 0.186654]
[0.367608, 0.138781, -0.498666, 0.432039, 0.305612]
[0.362247, 0.115933, -0.499028, 0.429064, 0.328437]
[0.41239, 0.170979, -0.499824, 0.450156, 0.36633]
[0.469502, 0.137199, -0.499131, 0.262348, 0.311335]
[0.567523, 0.223888, -0.499206, 0.36624, 0.44753]
[0.627311, 0.283079, -0.499514, 0.382775, 0.01963]
[0.59996, 0.181528, -0.499818, 0.284175, 0.195454]
[0.566673, 0.121723, -0.498938, 0.253666, 0.200147]
[0.279549, 0.167403, -0.49888, 0.423756, 0.300465]
[0.462312, 0.270168, -0.499079, 0.406488, 0.070171]
[0.488709, 0.40117, -0.499057, 0.268774, 0.359719]
[0.423314, 0.195254, -0.499449, 0.374784, 0.4975]
[0.597639, 0.497829, -0.498911, 0.38152, 0.083381]
[0.35418, 0.144369, -0.499168, 0.394146, 0.469287]
[0.426349, 0.176219, -0.499165, 0.268983, 0.422313]
[0.636736, 0.180236, -0.498609, 0.464278, 0.271216]
[0.586699, 0.475064, -0.498477, 0.446694, 0.168624]
[0.569517, 0.151028, -0.498582, 0.455092, 0.383585]
[0.545503, 0.367706, -0.499149, 0.298721, 0.456797]
[0.424688, 0.11495, -0.498525, 0.250115, 0.03468]
[0.621615, 0.428389, -0.499864, 0.247011, 0.434678]
[0.301174, 0.2233, -0.499286, 0.273549, 0.24966]
[0.651465, 0.119167, -0.499156, 0.258243, 0.038733]
[0.622642, 0.337646, -0.498451, 0.285098, 0.423061]
[0.29002, 0.382897, -0.499245, 0.352767, 0.107615]
[0.563815, 0.378108, -0.499077, 0.431338, 0.084741]
[0.573992, 0.362914, -0.49976, 0.436017, 0.448901]
[0.474492, 0.12475, -0.499738, 0.246796, 0.158923]
[0.561024, 0.147879, -0.498572, 0.405274, 0.168161]
[0.305691, 0.132427, -0.49928, 0.487885, 0.1514]
[0.403818, 0.292034, -0.498867, 0.459276, 0.435802]
[0.505669, 0.168741, -0.498685, 0.414404, 0.374268]
[0.286251, 0.434563, -0.499534, 0.435445, 0.143162]
[0.55156, 0.317176, -0.499584, 0.465194, 0.133954]
[0.353906, 0.498553, -0.498475, 0.454745, 0.187693]
[0.467086, 0.279529, -0.499938, 0.282703, 0.01188]
[0.290186, 0.255908, -0.499246, 0.327701, 0.325219]
[0.53818, 0.438174, -0.498532, 0.432783, 0.348687]
[0.283429, 0.15958, -0.499078, 0.321377, 0.295033]
[0.479147, 0.263937, -0.499344, 0.316009, 0.22168]
[0.403836, 0.464302, -0.499629, 0.29401, 0.254553]
[0.402491, 0.412687, -0.498438, 0.437904, 0.208404]
[0.676585, 0.337661, -0.499494, 0.492135, 0.212451]
[0.537517, 0.326079, -0.498488, 0.278654, 0.372491]
[0.466175, 0.238937, -0.499303, 0.329336, 0.107119]
[0.51622, 0.266481, -0.499278, 0.340431, 0.263351]
[0.599752, 0.145022, -0.49911, 0.442529, 0.27029]
[0.271781, 0.486846, -0.499705, 0.453581, 0.283023]
[0.405997, 0.446111, -0.499543, 0.297441, 0.01632]
[0.310906, 0.364435, -0.499226, 0.406884, 0.280573]
[0.34817, 0.122014, -0.498983, 0.441986, 0.220945]
[0.415711, 0.340351, -0.498878, 0.31699, 0.386997]
[0.496647, 0.142555, -0.499239, 0.393946, 0.051598]
[0.605792, 0.421343, -0.498682, 0.463465, 0.232452]
[0.316776, 0.148967, -0.499691, 0.44501, 0.064402]
[0.500746, 0.365571, -0.499406, 0.228141, 0.382387]
[0.329204, 0.186815, -0.499743, 0.265238, 0.066998]
[0.380052, 0.143918, -0.498564, 0.407154, 0.240262]
[0.57196, 0.356346, -0.499263, 0.276961, 0.094214]
[0.591577, 0.382478, -0.499458, 0.347721, 0.248107]
[0.57482, 0.269304, -0.49846, 0.440853, 0.023399]
[0.599827, 0.452456, -0.498455, 0.387074, 0.495534]
[0.353182, 0.353555, -0.49891, 0.473286, 0.216155]
[0.559513, 0.316874, -0.499821, 0.34866, 0.411748]
[0.623484, 0.16259, -0.499559, 0.370921, 0.048047]
[0.442125, 0.466873, -0.498667, 0.482782, 0.147338]
[0.560991, 0.251083, -0.49991, 0.379292, 0.22837]
[0.544228, 0.142186, -0.498924, 0.411959, 0.488209]
[0.341148, 0.489243, -0.499339, 0.248817, 0.398499]
[0.604303, 0.237106, -0.499015, 0.334652, 0.243263]
[0.520132, 0.123236, -0.498551, 0.303133, 0.052183]
[0.675331, 0.396798, -0.499983, 0.310162, 0.396383]
[0.523086, 0.40349, -0.498557, 0.254143, 0.048438]
[0.596345, 0.137616, -0.498877, 0.268998, 0.203198]
[0.633941, 0.309885, -0.49993, 0.34652, 0.22445]
[0.344301, 0.441266, -0.499823, 0.232723, 0.485125]
[0.583952, 0.344398, -0.499283, 0.417578, 0.283065]
[0.673066, 0.229334, -0.499079, 0.28531, 0.415738]
[0.490511, 0.199158, -0.499833, 0.365631, 0.047496]
[0.540169, 0.240829, -0.498917, 0.39142, 0.049769]
[0.289954, 0.441246, -0.499936, 0.313084, 0.108346]
[0.603068, 0.441812, -0.499068, 0.320609, 0.226191]
[0.416298, 0.427326, -0.498911, 0.227797, 0.435657]
[0.487251, 0.207209, -0.499917, 0.263257, 0.448873]
[0.670904, 0.15676, -0.499376, 0.265362, 0.195491]
[0.338063, 0.268433, -0.499653, 0.460802, 0.453637]
[0.423009, 0.442012, -0.499372, 0.474595, 0.205491]
[0.49564, 0.269194, -0.499515, 0.462178, 0.050005]
[0.533357, 0.183433, -0.499855, 0.234353, 0.171222]
[0.294283, 0.473801, -0.49863, 0.333615, 0.238282]
[0.654566, 0.454116, -0.499495, 0.237281, 0.395355]
[0.331868, 0.348688, -0.499637, 0.449629, 0.435362]
[0.453352, 0.306272, -0.49999, 0.421657, 0.075846]
[0.64503, 0.483842, -0.499267, 0.324452, 0.418495]
[0.301503, 0.464818, -0.498526, 0.254266, 0.28347]
[0.283891, 0.364981, -0.499905, 0.441922, 0.44344]
[0.449276, 0.348285, -0.498508, 0.394462, 0.473313]
[0.658365, 0.455056, -0.499493, 0.293666, 0.317924]
[0.506381, 0.154147, -0.499436, 0.414542, 0.26486]
[0.547962, 0.386102, -0.498846, 0.45795, 0.447598]
[0.48445, 0.24397, -0.498911, 0.285554, 0.419015]
[0.565954, 0.365449, -0.499745, 0.416588, 0.140178]
[0.458471, 0.162238, -0.499539, 0.447521, 0.471851]
[0.677245, 0.175224, -0.499992, 0.24071, 0.358827]
[0.457467, 0.44705, -0.499393, 0.269776, 0.311429]
[0.458677, 0.358699, -0.499798, 0.458515, 0.229732]
[0.677898, 0.286166, -0.499911, 0.231403, 0.447954]
[0.629785, 0.43171, -0.498818, 0.374467, 0.182276]
[0.565988, 0.121747, -0.49861, 0.444825, 0.292246]
[0.473812, 0.21209, -0.499809, 0.288481, 0.187637]
[0.283355, 0.234431, -0.498692, 0.270659, 0.244341]
[0.658679, 0.486089, -0.498525, 0.30832, 0.33029]
[0.433983, 0.461233, -0.499662, 0.377647, 0.100508]
[0.433721, 0.179373, -0.499508, 0.431674, 0.327708]
[0.521548, 0.205489, -0.498859, 0.275065, 0.460503]
[0.676722, 0.22144, -0.49968, 0.305441, 0.402467]
[0.292303, 0.312904, -0.499018, 0.390401, 0.335566]
[0.52115, 0.214876, -0.499716, 0.272175, 0.210174]
[0.338929, 0.355766, -0.499351, 0.334605, 0.335869]
[0.554094, 0.280087, -0.499337, 0.455135, 0.080097]
[0.588639, 0.314948, -0.499263, 0.444288, 0.173358]
[0.310373, 0.275671, -0.499534, 0.237309, 0.245873]
[0.367568, 0.332772, -0.498768, 0.491173, 0.091066]
[0.425829, 0.438097, -0.498484, 0.43308, 0.337802]
[0.393787, 0.203837, -0.499488, 0.480587, 0.243067]
[0.57689, 0.147495, -0.499672, 0.411838, 0.009613]
[0.374715, 0.35447, -0.499084, 0.314186, 0.222303]
[0.281406, 0.449528, -0.499326, 0.304621, 0.467718]
[0.311516, 0.119616, -0.499724, 0.278192, 0.131117]
[0.449685, 0.489021, -0.499687, 0.389194, 0.407197]
[0.664293, 0.201053, -0.498648, 0.351343, 0.143669]
[0.379367, 0.408366, -0.499266, 0.469142, 0.037198]
[0.658052, 0.415507, -0.49889, 0.274294, 0.281136]
[0.574542, 0.488505, -0.499566, 0.287746, 0.382889]
[0.362224, 0.196608, -0.499089, 0.496887, 0.076742]
[0.402908, 0.162267, -0.498824, 0.277884, 0.092273]
[0.642955, 0.220911, -0.498435, 0.330902, 0.498301]
[0.492448, 0.164847, -0.499353, 0.401722, 0.29647]
[0.529571, 0.112458, -0.498613, 0.227567, 0.00304]
[0.545794, 0.156965, -0.499373, 0.439112, 0.475954]
[0.338305, 0.167832, -0.499139, 0.279531, 0.173619]
[0.385795, 0.325191, -0.498604, 0.324346, 0.20525]
[0.275001, 0.40468, -0.499996, 0.270975, 0.343534]
[0.49648, 0.264377, -0.499392, 0.446049, 0.03316]
[0.47433, 0.14783, -0.499911, 0.314492, 0.444325]
[0.322335, 0.422749, -0.499471, 0.299943, 0.024317]
[0.532831, 0.445167, -0.499798, 0.362946, 0.233105]
[0.544718, 0.276021, -0.499374, 0.395879, 0.170225]
[0.360475, 0.141471, -0.499285, 0.395353, 0.128119]
[0.352184, 0.332341, -0.498656, 0.367062, 0.470569]
[0.587643, 0.383053, -0.498963, 0.343562, 0.038802]
[0.344182, 0.253563, -0.499901, 0.247248, 0.172399]
[0.522574, 0.117083, -0.498461, 0.460475, 0.367576]
[0.52329, 0.177852, -0.498493, 0.280601, 0.08937]
[0.497788, 0.4537, -0.499636, 0.374044, 0.120109]
[0.325728, 0.350319, -0.499448, 0.474174, 0.239095]
[0.434988, 0.42303, -0.499994, 0.358768, 0.488805]
[0.667617, 0.489679, -0.498457, 0.278344, 0.351404]
[0.539312, 0.293485, -0.49851, 0.41652, 0.190153]
[0.549336, 0.273612, -0.498761, 0.30443, 0.371193]
[0.313498, 0.304552, -0.499552, 0.36105, 0.443048]
[0.626591, 0.462881, -0.498672, 0.460955, 0.027398]
[0.611429, 0.159641, -0.499975, 0.26833, 0.416246]
[0.321662, 0.241642, -0.499687, 0.442638, 0.112934]
[0.668821, 0.308051, -0.498948, 0.306747, 0.466944]
[0.619163, 0.250591, -0.498624, 0.410783, 0.118806]
[0.464002, 0.271579, -0.4995, 0.467493, 0.14351]
[0.655492, 0.174693, -0.499011, 0.341524, 0.102708]
[0.612476, 0.339539, -0.498709, 0.302035, 0.311326]
[0.599873, 0.440605, -0.499248, 0.378616, 0.273775]
[0.30371, 0.249816, -0.499272, 0.436142, 0.259609]
[0.371254, 0.414492, -0.499038, 0.38233, 0.485343]
[0.431721, 0.47556, -0.499343, 0.360121, 0.495102]
[0.531241, 0.413179, -0.499258, 0.324445, 0.329093]
[0.360437, 0.146682, -0.49953, 0.429382, 0.444172]
[0.48169, 0.483591, -0.498418, 0.24772, 0.0747]
[0.525741, 0.366157, -0.499924, 0.430984, 0.238374]
[0.430247, 0.220516, -0.49917, 0.473368, 0.451103]
[0.537406, 0.25143, -0.499822, 0.409469, 0.310819]
[0.46812, 0.352679, -0.499752, 0.456443, 0.311133]
[0.531053, 0.257179, -0.498687, 0.388884, 0.058955]
[0.645678, 0.415277, -0.498874, 0.246805, 0.326891]
[0.298814, 0.270516, -0.499917, 0.429012, 0.004296]
[0.627727, 0.275352, -0.49847, 0.472775, 0.453408]
[0.460638, 0.368721, -0.499416, 0.277593, 0.170807]
[0.558542, 0.389919, -0.498923, 0.282059, 0.421261]
[0.583756, 0.119508, -0.498728, 0.277254, 0.285841]
[0.394236, 0.26197, -0.499101, 0.48482, 0.321027]
[0.418287, 0.275659, -0.499188, 0.49892, 0.122235]
[0.336149, 0.155077, -0.499007, 0.241744, 0.445309]
[0.457535, 0.182304, -0.499302, 0.394585, 0.419928]
[0.399315, 0.355496, -0.499659, 0.377819, 0.145631]
[0.658113, 0.378824, -0.499868, 0.391469, 0.165377]
[0.674798, 0.15671, -0.49848, 0.484314, 0.388679]
[0.608602, 0.304311, -0.498746, 0.46837, 0.372799]
[0.29669, 0.481854, -0.499628, 0.372631, 0.244218]
[0.426422, 0.312694, -0.499278, 0.245882, 0.320078]
[0.554039, 0.403949, -0.498575, 0.472257, 0.454539]
[0.451241, 0.245985, -0.499185, 0.319437, 0.320246]
[0.309676, 0.322739, -0.499127, 0.484862, 0.315794]
[0.609387, 0.323102, -0.499678, 0.26797, 0.048553]
[0.465, 0.485818, -0.499083, 0.393725, 0.35974]
[0.347559, 0.229795, -0.499862, 0.413129, 0.390615]
[0.388106, 0.373621, -0.499205, 0.385262, 0.257334]
[0.357189, 0.487869, -0.499722, 0.250605, 0.068338]
[0.465663, 0.426611, -0.499738, 0.428698, 0.045307]
[0.323584, 0.463578, -0.499588, 0.302113, 0.027745]
[0.566557, 0.342555, -0.498945, 0.440883, 0.129473]
[0.632142, 0.451443, -0.499973, 0.315959, 0.099436]
[0.287224, 0.432764, -0.499154, 0.321571, 0.472017]
[0.494685, 0.193637, -0.498988, 0.473379, 0.218479]
[0.366849, 0.151524, -0.499857, 0.496405, 0.202102]
[0.535938, 0.163427, -0.499425, 0.393471, 0.05179]
[0.599981, 0.458358, -0.499314, 0.46519, 0.278642]
[0.44465, 0.475667, -0.498914, 0.318346, 0.211436]
[0.289326, 0.415568, -0.498851, 0.371955, 0.069109]
[0.519029, 0.135732, -0.49899, 0.464213, 0.04454]
[0.487363, 0.245027, -0.498994, 0.318103, 0.188734]
[0.472626, 0.11426, -0.499826, 0.326687, 0.326014]
[0.633507, 0.361932, -0.498874, 0.416232, 0.09021]
[0.548629, 0.292666, -0.498416, 0.346647, 0.436301]
[0.660406, 0.190265, -0.498505, 0.441936, 0.306896]
[0.644283, 0.310491, -0.498743, 0.22955, 0.357971]
[0.664701, 0.273971, -0.498628, 0.452167, 0.089853]
[0.379727, 0.154369, -0.499255, 0.324822, 0.068259]
[0.303152, 0.481627, -0.499216, 0.232285, 0.270202]
[0.497656, 0.430559, -0.499092, 0.345995, 0.417649]
[0.603812, 0.420508, -0.499744, 0.233642, 0.382613]
[0.451029, 0.17222, -0.499283, 0.49421, 0.393459]
[0.589675, 0.292653, -0.498468, 0.267804, 0.116369]
[0.337607, 0.426447, -0.498818, 0.241194, 0.381518]
[0.326213, 0.275083, -0.499386, 0.296964, 0.417302]
[0.288775, 0.430322, -0.499204, 0.462837, 0.076106]
[0.598144, 0.409657, -0.499685, 0.246121, 0.252278]
[0.49206, 0.489251, -0.499751, 0.258616, 0.143226]
[0.411597, 0.488728, -0.499925, 0.25979, 0.094088]
[0.45624, 0.263268, -0.498792, 0.391127, 0.206925]
[0.561058, 0.459988, -0.498642, 0.469182, 0.095684]
[0.271988, 0.410553, -0.499552, 0.414338, 0.227122]
[0.667838, 0.463972, -0.498981, 0.382236, 0.001235]
[0.306241, 0.434582, -0.499626, 0.25275, 0.411702]
[0.617418, 0.158931, -0.498551, 0.324009, 0.037943]
[0.543024, 0.36217, -0.499062, 0.289458, 0.269271]
[0.671418, 0.132328, -0.498957, 0.428176, 0.119554]
[0.373852, 0.148069, -0.499327, 0.390659, 0.413642]
[0.580719, 0.411069, -0.499713, 0.276256, 0.275238]
[0.543683, 0.255036, -0.499918, 0.27591, 0.408483]
[0.378969, 0.25104, -0.49897, 0.296239, 0.306122]
[0.529975, 0.203901, -0.49873, 0.455051, 0.321839]
[0.673397, 0.173089, -0.49864, 0.3365, 0.497597]
[0.653632, 0.238736, -0.499738, 0.416213, 0.222221]
[0.503564, 0.457083, -0.499559, 0.49167, 0.008816]
[0.621281, 0.391647, -0.4993, 0.413606, 0.203425]
[0.671138, 0.206873, -0.499567, 0.465385, 0.108049]
[0.456196, 0.158981, -0.499779, 0.28353, 0.071083]
[0.313533, 0.39679, -0.499519, 0.396468, 0.488703]
[0.454878, 0.475367, -0.498928, 0.492115, 0.268061]
[0.366651, 0.220584, -0.498677, 0.305854, 0.116384]
[0.336418, 0.149912, -0.498452, 0.393032, 0.087949]
[0.394342, 0.15592, -0.499243, 0.443254, 0.134745]
[0.624186, 0.338355, -0.499361, 0.289405, 0.174487]
[0.611033, 0.231164, -0.498857, 0.301503, 0.271312]
[0.545607, 0.260093, -0.498546, 0.419176, 0.470843]
[0.508977, 0.36149, -0.499853, 0.408568, 0.312238]
[0.658904, 0.153337, -0.498944, 0.259789, 0.095844]
[0.59949, 0.319821, -0.498533, 0.429509, 0.081565]
[0.576184, 0.323733, -0.498938, 0.266495, 0.249806]
[0.366265, 0.447985, -0.498415, 0.404655, 0.104179]
[0.454931, 0.30971, -0.4992, 0.228573, 0.292185]
[0.518792, 0.450733, -0.499245, 0.348193, 0.268175]
[0.350891, 0.419976, -0.499375, 0.331626, 0.053946]
[0.522142, 0.160149, -0.498904, 0.423141, 0.453626]
[0.632891, 0.221907, -0.498676, 0.338331, 0.193226]
[0.276046, 0.311025, -0.498459, 0.476128, 0.020963]
[0.311495, 0.350205, -0.49996, 0.369248, 0.115044]
[0.55283, 0.204447, -0.498541, 0.381618, 0.374842]
[0.633162, 0.447511, -0.499864, 0.290483, 0.337556]
[0.378493, 0.210495, -0.499906, 0.436956, 0.455978]
[0.573543, 0.239748, -0.499436, 0.47793, 0.308349]
[0.618406, 0.116429, -0.499001, 0.409514, 0.299424]
[0.524216, 0.471018, -0.499293, 0.251214, 0.020993]
[0.479352, 0.438295, -0.499254, 0.372713, 0.042411]
[0.529792, 0.423771, -0.499831, 0.28385, 0.061355]
[0.32283, 0.349507, -0.499617, 0.26165, 0.092453]
[0.481674, 0.276994, -0.498576, 0.377505, 0.346344]
[0.578453, 0.221165, -0.498687, 0.236453, 0.03798]
[0.407049, 0.395369, -0.49877, 0.316568, 0.180386]
[0.602308, 0.483104, -0.499108, 0.24176, 0.256658]
[0.393435, 0.342275, -0.499597, 0.255599, 0.469128]
[0.374499, 0.341634, -0.49974, 0.277096, 0.322643]
[0.585401, 0.173146, -0.499589, 0.270474, 0.041577]
[0.54682, 0.430269, -0.499751, 0.293755, 0.48563]
[0.352945, 0.115918, -0.498604, 0.401331, 0.034922]
[0.411251, 0.184923, -0.499146, 0.290942, 0.275421]
[0.555416, 0.125426, -0.498536, 0.376866, 0.209709]
[0.354004, 0.198952, -0.498872, 0.334008, 0.386621]
[0.373099, 0.220799, -0.499119, 0.305574, 0.424741]
[0.41274, 0.272702, -0.49972, 0.480871, 0.09695]
[0.658691, 0.486841, -0.499296, 0.234515, 0.014726]
[0.589126, 0.313323, -0.498732, 0.255744, 0.36039]
[0.583705, 0.208503, -0.498805, 0.432984, 0.335851]
[0.49723, 0.482288, -0.498739, 0.305111, 0.362219]
[0.586656, 0.231328, -0.499638, 0.364271, 0.171908]
[0.562412, 0.289752, -0.499105, 0.478743, 0.362479]
[0.331338, 0.420971, -0.49941, 0.415702, 0.13341]
[0.582774, 0.209792, -0.499431, 0.318876, 0.001755]
[0.580137, 0.275259, -0.499056, 0.274608, 0.079899]
[0.529413, 0.401826, -0.499802, 0.282758, 0.08234]
[0.540041, 0.157497, -0.499378, 0.449232, 0.145489]
[0.363897, 0.46379, -0.498753, 0.433812, 0.095359]
[0.433139, 0.475965, -0.499622, 0.260452, 0.22419]
[0.468147, 0.263016, -0.499082, 0.490356, 0.00446]
[0.56859, 0.133342, -0.499635, 0.32616, 0.298812]
[0.355466, 0.309591, -0.498647, 0.339719, 0.431549]
[0.553457, 0.305394, -0.499656, 0.405378, 0.265213]
[0.357376, 0.114803, -0.499083, 0.291488, 0.15466]
[0.378958, 0.391809, -0.499665, 0.358014, 0.183729]
[0.347756, 0.288748, -0.498976, 0.374238, 0.279573]
[0.497512, 0.295121, -0.498425, 0.372275, 0.032203]
[0.474683, 0.459531, -0.499685, 0.496381, 0.355714]
[0.481581, 0.470293, -0.498591, 0.4859, 0.49854]
[0.51288, 0.227578, -0.498762, 0.416652, 0.014265]
[0.534763, 0.329059, -0.498492, 0.363974, 0.202554]
[0.58615, 0.377561, -0.498602, 0.406183, 0.461499]
[0.414314, 0.406032, -0.499296, 0.441666, 0.375388]
[0.325087, 0.289421, -0.499792, 0.439458, 0.329519]
[0.618893, 0.235024, -0.498693, 0.414792, 0.167174]
[0.286292, 0.400695, -0.499107, 0.492706, 0.318784]
[0.583222, 0.161218, -0.499781, 0.412571, 0.239578]
[0.649405, 0.303758, -0.499487, 0.261869, 0.085885]
[0.482912, 0.496385, -0.499933, 0.330749, 0.118909]
[0.320082, 0.474067, -0.498765, 0.233779, 0.480762]
[0.374343, 0.209384, -0.499593, 0.474955, 0.433601]
[0.455436, 0.115592, -0.499252, 0.359591, 0.32845]
[0.434302, 0.340036, -0.498982, 0.299774, 0.107853]
[0.503722, 0.23348, -0.499048, 0.367644, 0.304653]
[0.369369, 0.347496, -0.498684, 0.47081, 0.119598]
[0.5777, 0.146075, -0.499144, 0.348791, 0.454284]
[0.500872, 0.24275, -0.499768, 0.265839, 0.385753]
[0.42771, 0.365793, -0.498784, 0.293541, 0.291285]
[0.433506, 0.301276, -0.498777, 0.495474, 0.033334]
[0.521305, 0.295145, -0.499111, 0.367277, 0.150733]
[0.582891, 0.117574, -0.499234, 0.390917, 0.149881]
[0.319786, 0.194776, -0.499916, 0.402943, 0.472196]
[0.442611, 0.314187, -0.49892, 0.303018, 0.069347]
[0.474605, 0.196738, -0.498685, 0.486372, 0.049322]
[0.560976, 0.123364, -0.499468, 0.491367, 0.331186]
[0.294928, 0.241619, -0.499129, 0.417076, 0.463057]
[0.481385, 0.259505, -0.498673, 0.281185, 0.325348]
[0.585826, 0.116621, -0.498643, 0.287652, 0.326547]
[0.482093, 0.137476, -0.498796, 0.488484, 0.328847]
[0.454898, 0.196198, -0.499775, 0.443524, 0.006148]
[0.61451, 0.277331, -0.49938, 0.498542, 0.149708]
[0.638386, 0.174956, -0.499139, 0.485393, 0.336122]
[0.671616, 0.392443, -0.499274, 0.272267, 0.171986]
[0.320246, 0.488248, -0.499931, 0.355932, 0.392494]
[0.679579, 0.174695, -0.49918, 0.464442, 0.090173]
[0.545879, 0.15137, -0.499445, 0.455959, 0.494447]
[0.434858, 0.496927, -0.499086, 0.331969, 0.198716]
[0.669198, 0.180084, -0.499203, 0.262938, 0.458053]
[0.291955, 0.309353, -0.498609, 0.403094, 0.291466]
[0.269515, 0.128576, -0.498606, 0.354141, 0.493754]
[0.455562, 0.301223, -0.498726, 0.481268, 0.131255]
[0.600966, 0.305259, -0.499063, 0.315838, 0.296038]
[0.42045, 0.471962, -0.499407, 0.452304, 0.400736]
[0.458142, 0.451185, -0.499681, 0.499493, 0.030706]
[0.590606, 0.36687, -0.499069, 0.49209, 0.014762]
[0.387873, 0.156982, -0.49867, 0.386049, 0.062217]
[0.418959, 0.379777, -0.498713, 0.227408, 0.48898]
[0.547098, 0.382299, -0.499267, 0.253801, 0.235597]
[0.596091, 0.263024, -0.499598, 0.405028, 0.482657]
[0.478096, 0.123108, -0.499249, 0.318945, 0.356266]
[0.57749, 0.440838, -0.498476, 0.420189, 0.461016]
[0.358414, 0.251876, -0.499305, 0.370577, 0.305918]
[0.378444, 0.420661, -0.499375, 0.243923, 0.389097]
[0.414225, 0.367012, -0.499489, 0.491011, 0.256397]
[0.655015, 0.420823, -0.499693, 0.412256, 0.129559]
[0.34437, 0.427299, -0.499034, 0.316228, 0.172562]
[0.401675, 0.493063, -0.498641, 0.415554, 0.108476]
[0.469657, 0.279827, -0.499364, 0.294445, 0.159606]
[0.591738, 0.181644, -0.499028, 0.280741, 0.106539]
[0.332968, 0.185937, -0.498489, 0.399788, 0.122135]
[0.512884, 0.410647, -0.499604, 0.493944, 0.381769]
[0.6758, 0.228959, -0.498538, 0.491398, 0.306474]
[0.304563, 0.434207, -0.498595, 0.409334, 0.413919]
[0.271542, 0.335645, -0.498654, 0.443111, 0.308568]
[0.577834, 0.203285, -0.49991, 0.484728, 0.388916]
[0.428995, 0.271506, -0.498649, 0.454383, 0.001016]
[0.516067, 0.241557, -0.498825, 0.439383, 0.288964]
[0.563877, 0.497308, -0.499716, 0.261714, 0.422047]
[0.344724, 0.475178, -0.499747, 0.292833, 0.176289]
[0.392356, 0.157651, -0.498983, 0.276847, 0.113766]
[0.468803, 0.381168, -0.498702, 0.294451, 0.494159]
[0.397121, 0.298228, -0.498756, 0.282475, 0.111254]
[0.380176, 0.447053, -0.499369, 0.416344, 0.449737]
[0.360634, 0.25464, -0.498928, 0.365102, 0.213918]
[0.526474, 0.202141, -0.498613, 0.478404, 0.286998]
[0.473606, 0.28839, -0.499195, 0.34748, 0.221686]
[0.672943, 0.225362, -0.499554, 0.355184, 0.374811]
[0.527273, 0.232412, -0.499916, 0.455305, 0.339709]
[0.455136, 0.403747, -0.499585, 0.234504, 0.016754]
[0.644574, 0.381701, -0.499534, 0.466486, 0.458424]
[0.374578, 0.270823, -0.498877, 0.477253, 0.188043]
[0.366384, 0.38373, -0.499131, 0.314011, 0.446797]
[0.355843, 0.133417, -0.499267, 0.45435, 0.277069]
[0.528795, 0.244035, -0.499259, 0.342824, 0.233702]
[0.573021, 0.173843, -0.498546, 0.351156, 0.183659]
[0.529136, 0.266506, -0.499465, 0.401456, 0.070335]
[0.396509, 0.498264, -0.498448, 0.476276, 0.003576]
[0.273096, 0.323801, -0.499171, 0.43323, 0.029665]
[0.514343, 0.293097, -0.498781, 0.483513, 0.434271]
[0.546333, 0.441917, -0.499443, 0.406285, 0.33195]
[0.608525, 0.369582, -0.499296, 0.285865, 0.459782]
[0.539376, 0.206812, -0.49945, 0.330759, 0.048568]
[0.420699, 0.149025, -0.49869, 0.242786, 0.178835]
[0.392228, 0.216558, -0.499805, 0.28381, 0.263855]
[0.509803, 0.247217, -0.499116, 0.282808, 0.388655]
[0.311532, 0.493258, -0.499251, 0.256352, 0.12527]
[0.412447, 0.329157, -0.498713, 0.264734, 0.432737]
[0.512722, 0.44386, -0.498783, 0.240476, 0.437913]
[0.597746, 0.186783, -0.498491, 0.3417, 0.276163]
[0.665309, 0.189656, -0.49916, 0.302528, 0.292902]
[0.625805, 0.299185, -0.499907, 0.318628, 0.403931]
[0.326612, 0.461365, -0.498474, 0.478448, 0.128902]
[0.604337, 0.455077, -0.499176, 0.238045, 0.385587]
[0.529576, 0.404353, -0.498701, 0.352961, 0.087078]
[0.573766, 0.470394, -0.49936, 0.303926, 0.286776]
[0.4203, 0.18352, -0.499936, 0.252416, 0.069468]
[0.645927, 0.343423, -0.498731, 0.389378, 0.43778]
[0.269784, 0.250988, -0.498841, 0.404653, 0.010326]
[0.513598, 0.361376, -0.499027, 0.392582, 0.370891]
[0.420202, 0.288423, -0.499705, 0.47599, 0.494149]
[0.314913, 0.421257, -0.499615, 0.340496, 0.227072]
[0.362739, 0.291545, -0.499198, 0.361988, 0.397416]
[0.408156, 0.243246, -0.499713, 0.230683, 0.287069]
[0.274658, 0.467683, -0.498861, 0.424344, 0.350767]
[0.67413, 0.433051, -0.4986, 0.287619, 0.492276]
[0.343714, 0.475264, -0.498555, 0.281342, 0.314928]
[0.288647, 0.192104, -0.499127, 0.309076, 0.453807]
[0.472964, 0.246402, -0.49878, 0.281321, 0.407494]
[0.400523, 0.367216, -0.499611, 0.234612, 0.334491]
[0.42542, 0.218856, -0.49947, 0.46576, 0.275748]
[0.524033, 0.344869, -0.49945, 0.283426, 0.046697]
[0.453985, 0.19919, -0.499895, 0.274643, 0.223053]
[0.524453, 0.491027, -0.499278, 0.322743, 0.294033]
[0.444343, 0.468243, -0.499404, 0.412929, 0.288732]
[0.439291, 0.458784, -0.499082, 0.302558, 0.388843]
[0.293913, 0.476335, -0.498999, 0.402865, 0.400645]
[0.382577, 0.127624, -0.499406, 0.440547, 0.473057]
[0.473824, 0.261691, -0.499345, 0.228142, 0.212702]
[0.372872, 0.129052, -0.498914, 0.371696, 0.015223]
[0.413364, 0.468013, -0.498695, 0.274327, 0.104526]
[0.656069, 0.171025, -0.498481, 0.483237, 0.366567]
[0.440534, 0.412117, -0.499365, 0.382658, 0.303167]
[0.50319, 0.32919, -0.498705, 0.292583, 0.125197]
[0.664001, 0.487603, -0.49886, 0.480218, 0.316233]
[0.46065, 0.283702, -0.499839, 0.431642, 0.044178]
[0.412677, 0.308914, -0.498889, 0.3952, 0.374913]
[0.591122, 0.392162, -0.499905, 0.37052, 0.205929]
[0.503226, 0.480139, -0.498704, 0.25937, 0.054864]
[0.337395, 0.223893, -0.498921, 0.441412, 0.265686]
[0.373217, 0.222515, -0.499307, 0.256819, 0.040457]
[0.377384, 0.496174, -0.499468, 0.44924, 0.470354]
[0.338731, 0.241481, -0.498799, 0.240632, 0.499169]
[0.580212, 0.334253, -0.49911, 0.446448, 0.275719]
[0.599682, 0.420257, -0.499316, 0.337022, 0.266136]
[0.371525, 0.320537, -0.498474, 0.307009, 0.235528]
[0.577477, 0.440114, -0.49952, 0.436093, 0.075281]
[0.641702, 0.303462, -0.498418, 0.274865, 0.404433]
[0.529817, 0.347467, -0.499882, 0.342984, 0.359049]
[0.358667, 0.231189, -0.49865, 0.352476, 0.46001]
[0.288476, 0.354405, -0.499753, 0.289311, 0.209941]
[0.277573, 0.151011, -0.499512, 0.245368, 0.20622]
[0.386198, 0.177357, -0.499866, 0.359497, 0.118166]
[0.294141, 0.276872, -0.499995, 0.335978, 0.25981]
[0.615778, 0.131394, -0.499808, 0.494709, 0.458169]
[0.340525, 0.434893, -0.498626, 0.337797, 0.479339]
[0.678738, 0.425544, -0.499685, 0.460563, 0.449853]
[0.520032, 0.476836, -0.49874, 0.269026, 0.052006]
[0.367511, 0.22678, -0.499116, 0.334274, 0.446189]
[0.535601, 0.307658, -0.49909, 0.25858, 0.018013]
[0.449552, 0.34564, -0.499289, 0.312968, 0.164868]
[0.586549, 0.318699, -0.499404, 0.300744, 0.082011]
[0.625816, 0.270582, -0.498918, 0.443856, 0.458567]
[0.417466, 0.31152, -0.499274, 0.235858, 0.090271]
[0.45792, 0.215556, -0.499133, 0.446908, 0.325953]
[0.357428, 0.306907, -0.499795, 0.295708, 0.195789]
[0.289596, 0.238008, -0.498422, 0.385021, 0.440603]
[0.52954, 0.25135, -0.49846, 0.254695, 0.28236]
[0.316097, 0.426219, -0.498842, 0.245597, 0.061318]
[0.636427, 0.323229, -0.499112, 0.471299, 0.002401]
[0.394793, 0.446033, -0.499806, 0.289066, 0.469968]
[0.379011, 0.328184, -0.498754, 0.486334, 0.486569]
[0.550493, 0.448614, -0.499644, 0.419494, 0.420242]
[0.491113, 0.285737, -0.498548, 0.306493, 0.049762]
[0.322529, 0.354238, -0.499955, 0.460123, 0.129128]
[0.50517, 0.156696, -0.499064, 0.373365, 0.250403]
[0.576678, 0.498921, -0.498522, 0.480443, 0.217458]
[0.363928, 0.49231, -0.499829, 0.47805, 0.263104]
[0.435308, 0.276396, -0.498771, 0.269543, 0.250874]
[0.588682, 0.325011, -0.499725, 0.325665, 0.48657]
[0.33897, 0.247913, -0.499208, 0.311215, 0.197069]
[0.399466, 0.115758, -0.499327, 0.281054, 0.31314]
[0.323704, 0.393012, -0.498867, 0.354409, 0.200549]
[0.51491, 0.209774, -0.499776, 0.487884, 0.000373]
[0.597615, 0.451115, -0.49871, 0.412654, 0.013704]
[0.394561, 0.244838, -0.499374, 0.464154, 0.000973]
[0.543068, 0.449245, -0.499001, 0.42347, 0.102087]
[0.672356, 0.284654, -0.499916, 0.488937, 0.434392]
[0.425125, 0.291255, -0.499289, 0.437591, 0.369726]
[0.533448, 0.120425, -0.499661, 0.299208, 0.18246]
[0.294454, 0.28526, -0.499348, 0.413428, 0.278374]
[0.367267, 0.423315, -0.499555, 0.264145, 0.127532]
[0.285691, 0.388259, -0.498566, 0.328209, 0.003674]
[0.517544, 0.238101, -0.499829, 0.337949, 0.39215]
[0.427245, 0.408394, -0.499361, 0.242472, 0.107115]
[0.679329, 0.450604, -0.499863, 0.427107, 0.122867]
[0.678368, 0.273508, -0.498855, 0.372899, 0.146317]
[0.354164, 0.406246, -0.499949, 0.251553, 0.455389]
[0.295186, 0.244621, -0.499264, 0.365259, 0.330816]
[0.286486, 0.400292, -0.49909, 0.469255, 0.314596]
[0.41633, 0.371375, -0.499647, 0.35113, 0.133284]
[0.548109, 0.275415, -0.498861, 0.264788, 0.435498]
[0.41698, 0.16082, -0.498863, 0.379836, 0.114426]
[0.317623, 0.466885, -0.499156, 0.411806, 0.037781]
[0.302809, 0.195989, -0.498549, 0.459576, 0.482146]
[0.430242, 0.291969, -0.499056, 0.301115, 0.013066]
[0.404459, 0.471812, -0.498619, 0.319211, 0.465979]
[0.395452, 0.149656, -0.498833, 0.494684, 0.20097]
[0.359629, 0.256413, -0.49919, 0.432935, 0.269842]
[0.461389, 0.364621, -0.499715, 0.331965, 0.423075]
[0.500998, 0.164471, -0.498686, 0.287513, 0.020126]
[0.438139, 0.226503, -0.499746, 0.457771, 0.279751]
[0.278247, 0.150789, -0.499959, 0.239655, 0.214087]
[0.548431, 0.269858, -0.499689, 0.481015, 0.028985]
[0.316744, 0.475785, -0.499717, 0.234116, 0.443504]
[0.455035, 0.32838, -0.499441, 0.274488, 0.304046]
[0.495246, 0.28199, -0.499144, 0.316945, 0.488758]
[0.312091, 0.429757, -0.499914, 0.289924, 0.339913]
[0.497668, 0.49848, -0.498938, 0.315639, 0.144274]
[0.653306, 0.367039, -0.499523, 0.241786, 0.298004]
[0.2834, 0.28852, -0.49857, 0.417189, 0.235053]
[0.476474, 0.454761, -0.49892, 0.251875, 0.052313]
[0.625587, 0.498906, -0.498909, 0.43751, 0.424124]
[0.374051, 0.209121, -0.498941, 0.413687, 0.141446]
[0.571203, 0.36056, -0.499327, 0.395396, 0.295474]
[0.315424, 0.463871, -0.498492, 0.278015, 0.196034]
[0.521421, 0.239353, -0.499333, 0.284449, 0.174743]
[0.536229, 0.309934, -0.499301, 0.422575, 0.206013]
[0.281772, 0.251594, -0.499376, 0.319648, 0.089126]
[0.347439, 0.300937, -0.498554, 0.288876, 0.365732]
[0.475915, 0.39734, -0.498425, 0.332366, 0.135864]
[0.492668, 0.207108, -0.499321, 0.410033, 0.344588]
[0.525949, 0.204669, -0.498528, 0.275599, 0.150589]
[0.46457, 0.273176, -0.499275, 0.446097, 0.166483]
[0.394492, 0.271001, -0.499677, 0.286358, 0.434965]
[0.524036, 0.185865, -0.4994, 0.249299, 0.397735]
[0.564235, 0.328832, -0.498761, 0.485333, 0.018255]
[0.525958, 0.364069, -0.499774, 0.356657, 0.159915]
[0.465822, 0.173776, -0.499312, 0.35713, 0.424919]
[0.65976, 0.373438, -0.499569, 0.408427, 0.05412]
[0.569656, 0.347613, -0.498537, 0.422627, 0.034108]
[0.505839, 0.45116, -0.498778, 0.408262, 0.107865]
[0.478444, 0.414404, -0.499593, 0.246228, 0.158495]
[0.47491, 0.112037, -0.499259, 0.483017, 0.086471]
[0.28153, 0.355582, -0.499501, 0.420461, 0.464928]
[0.654874, 0.324517, -0.499966, 0.410527, 0.468446]
[0.368625, 0.287537, -0.498908, 0.333465, 0.128552]
[0.422677, 0.391296, -0.498832, 0.32431, 0.233335]
[0.313407, 0.253265, -0.498829, 0.242285, 0.403817]
[0.509943, 0.115208, -0.499092, 0.475329, 0.383116]
[0.357043, 0.403589, -0.498628, 0.297134, 0.331486]
[0.542339, 0.28599, -0.49909, 0.476481, 0.018791]
[0.592118, 0.30468, -0.498643, 0.477903, 0.35067]
[0.29837, 0.20602, -0.499516, 0.251886, 0.432448]
[0.436179, 0.309435, -0.498916, 0.401289, 0.047685]
[0.625017, 0.448598, -0.499462, 0.232207, 0.409493]
[0.569031, 0.39258, -0.498529, 0.466647, 0.055761]
[0.558213, 0.43841, -0.499782, 0.429408, 0.35267]
[0.575716, 0.422208, -0.49917, 0.252083, 0.301315]
[0.505576, 0.196201, -0.499379, 0.367972, 0.454528]
[0.679374, 0.261928, -0.499308, 0.281477, 0.207416]
[0.275301, 0.132867, -0.499952, 0.306889, 0.146448]
[0.449973, 0.403088, -0.499299, 0.320987, 0.111988]
[0.362481, 0.246778, -0.499984, 0.378181, 0.284085]
[0.552904, 0.413, -0.499588, 0.398997, 0.196724]
[0.56715, 0.149136, -0.499088, 0.270662, 0.136598]
[0.572271, 0.215775, -0.499038, 0.377049, 0.258884]
[0.577701, 0.443279, -0.498541, 0.297828, 0.125458]
[0.471643, 0.140815, -0.498453, 0.364683, 0.081867]
[0.436924, 0.184923, -0.499256, 0.424244, 0.23637]
[0.546177, 0.498855, -0.499111, 0.242585, 0.189263]
[0.285242, 0.27706, -0.499566, 0.325081, 0.126161]
[0.677507, 0.177859, -0.499601, 0.383548, 0.057696]
[0.503049, 0.210599, -0.499131, 0.432869, 0.375257]
[0.475733, 0.409575, -0.499508, 0.420527, 0.205931]
[0.58794, 0.456568, -0.49966, 0.489809, 0.323792]
[0.616794, 0.407927, -0.499835, 0.329173, 0.177007]
[0.612562, 0.309434, -0.499666, 0.431622, 0.38554]
[0.34971, 0.140611, -0.498606, 0.29037, 0.39496]
[0.364528, 0.307096, -0.498835, 0.407802, 0.060641]
[0.547717, 0.461468, -0.498859, 0.309219, 0.176045]
[0.387788, 0.269469, -0.499439, 0.277685, 0.316984]
[0.322915, 0.449225, -0.499074, 0.411304, 0.151487]
[0.561507, 0.375783, -0.498532, 0.458781, 0.305414]
[0.279374, 0.137365, -0.49845, 0.330984, 0.310194]
[0.580367, 0.142366, -0.498545, 0.494134, 0.252487]
[0.381258, 0.186907, -0.498526, 0.460516, 0.220983]
[0.653924, 0.474985, -0.499051, 0.493268, 0.466931]
[0.654552, 0.275688, -0.499652, 0.31131, 0.410382]
[0.607251, 0.196487, -0.49843, 0.405225, 0.096062]
[0.399267, 0.398386, -0.498934, 0.335074, 0.486913]
[0.630936, 0.286581, -0.498771, 0.320729, 0.278337]
[0.47633, 0.372688, -0.499573, 0.230824, 0.258181]
[0.503007, 0.232103, -0.499158, 0.499084, 0.407168]
[0.591893, 0.340467, -0.499983, 0.314123, 0.299881]
[0.655452, 0.483453, -0.498473, 0.34595, 0.439924]
[0.553601, 0.123832, -0.499295, 0.446106, 0.49725]
[0.575286, 0.378887, -0.498555, 0.242922, 0.434635]
[0.424675, 0.143151, -0.499528, 0.417774, 0.461447]
[0.385029, 0.477558, -0.498507, 0.322506, 0.297739]
[0.621733, 0.387097, -0.498482, 0.448918, 0.179429]
[0.645844, 0.361606, -0.498579, 0.264137, 0.400415]
[0.396875, 0.334041, -0.49982, 0.345533, 0.096648]
[0.325846, 0.22459, -0.498804, 0.387162, 0.412911]
[0.545904, 0.279932, -0.499343, 0.257309, 0.298815]
[0.346898, 0.481237, -0.498589, 0.374147, 0.371754]
[0.413909, 0.332059, -0.499296, 0.295181, 0.402237]
[0.318941, 0.343653, -0.498652, 0.242562, 0.318824]
[0.657849, 0.255282, -0.499645, 0.353318, 0.101412]
[0.380123, 0.223854, -0.49995, 0.356144, 0.303365]
[0.613655, 0.206337, -0.498445, 0.434834, 0.360751]
[0.606157, 0.366549, -0.498926, 0.254725, 0.407523]
[0.540989, 0.25262, -0.499137, 0.445648, 0.211684]
[0.451421, 0.265626, -0.498544, 0.498358, 0.169623]
[0.348507, 0.370114, -0.4998, 0.320761, 0.36861]
[0.570435, 0.299159, -0.499981, 0.466536, 0.042608]
[0.567838, 0.169833, -0.498933, 0.39874, 0.394163]
[0.578162, 0.185361, -0.498967, 0.475253, 0.190301]
[0.270503, 0.370522, -0.498564, 0.322754, 0.435019]
[0.595304, 0.450981, -0.498819, 0.452133, 0.305778]
[0.524762, 0.310089, -0.498617, 0.454977, 0.191725]
[0.5702, 0.313692, -0.499935, 0.32913, 0.485134]
[0.548072, 0.355342, -0.499664, 0.418875, 0.187153]
[0.360878, 0.452075, -0.499161, 0.486367, 0.499069]
[0.416966, 0.459543, -0.499502, 0.344413, 0.334227]
[0.474722, 0.454119, -0.498588, 0.324737, 0.048683]
[0.492867, 0.377571, -0.498703, 0.243667, 0.29027]
[0.66674, 0.23331, -0.499375, 0.447811, 0.05385]
[0.58299, 0.271725, -0.499798, 0.388246, 0.206871]
[0.477717, 0.391654, -0.499924, 0.414612, 0.334643]
[0.385959, 0.276782, -0.499882, 0.445082, 0.376627]
[0.302375, 0.274752, -0.498935, 0.272731, 0.205254]
[0.461875, 0.298922, -0.498553, 0.264561, 0.060084]
[0.658305, 0.379399, -0.499162, 0.290425, 0.18926]
[0.499648, 0.353491, -0.499759, 0.435504, 0.412579]
[0.445847, 0.159057, -0.499295, 0.449054, 0.160568]
[0.47335, 0.352218, -0.498666, 0.242448, 0.169176]
[0.426618, 0.485692, -0.499713, 0.277585, 0.404442]
[0.509596, 0.127496, -0.49968, 0.447049, 0.345216]
[0.28341, 0.482152, -0.499873, 0.404376, 0.296712]
[0.307097, 0.205435, -0.499095, 0.319368, 0.019102]
[0.605165, 0.281981, -0.499099, 0.370948, 0.031022]
[0.57274, 0.126786, -0.499849, 0.307987, 0.428225]
[0.637072, 0.438683, -0.499062, 0.452824, 0.141445]
[0.482806, 0.316616, -0.499436, 0.355164, 0.49216]
[0.622258, 0.440056, -0.499464, 0.310372, 0.201316]
[0.5123, 0.460574, -0.499768, 0.473179, 0.374442]
[0.322147, 0.24173, -0.499402, 0.300814, 0.381493]
[0.446651, 0.150608, -0.498824, 0.41028, 0.056449]
[0.44915, 0.370883, -0.498738, 0.340101, 0.165302]
[0.506105, 0.160471, -0.499688, 0.248473, 0.196711]
[0.341869, 0.284746, -0.499003, 0.381679, 0.484785]
[0.424581, 0.449796, -0.499954, 0.419294, 0.009687]
[0.482216, 0.447283, -0.498623, 0.358243, 0.284016]
[0.463961, 0.364836, -0.499748, 0.397061, 0.122571]
[0.638253, 0.407351, -0.499114, 0.471619, 0.022601]
[0.597341, 0.207874, -0.499588, 0.384273, 0.236047]
[0.364009, 0.205803, -0.499962, 0.497687, 0.37724]
[0.664514, 0.167183, -0.499111, 0.257163, 0.284157]
[0.315744, 0.122793, -0.498572, 0.392301, 0.196149]
[0.405578, 0.228028, -0.499576, 0.420897, 0.068408]
[0.604369, 0.485235, -0.498989, 0.35561, 0.479837]
[0.664044, 0.472821, -0.498543, 0.434004, 0.496492]
[0.508191, 0.476953, -0.498449, 0.313813, 0.374685]
[0.494222, 0.354818, -0.499855, 0.399804, 0.003032]
[0.643895, 0.234997, -0.49962, 0.338192, 0.095001]
[0.612753, 0.252097, -0.49951, 0.456514, 0.34965]
[0.638736, 0.169846, -0.498901, 0.269828, 0.048033]
[0.664294, 0.331453, -0.49951, 0.477447, 0.437397]
[0.65537, 0.157625, -0.498801, 0.317345, 0.335582]
[0.338548, 0.229684, -0.49918, 0.349645, 0.090943]
[0.587516, 0.144279, -0.4998, 0.486748, 0.171647]
[0.392865, 0.24001, -0.499955, 0.232077, 0.224918]
[0.43472, 0.209332, -0.498867, 0.354622, 0.112283]
[0.567713, 0.231684, -0.499192, 0.233912, 0.312762]
[0.428959, 0.120199, -0.498636, 0.342524, 0.00602]
[0.442448, 0.330274, -0.498451, 0.345903, 0.174661]
[0.319988, 0.248305, -0.498762, 0.430238, 0.014745]
[0.443483, 0.265084, -0.499015, 0.434189, 0.045583]
[0.518749, 0.196427, -0.499809, 0.253222, 0.067644]
[0.480146, 0.386125, -0.49973, 0.425795, 0.312707]
[0.614809, 0.267004, -0.499856, 0.340556, 0.262986]
[0.491163, 0.300718, -0.499054, 0.299481, 0.495596]
[0.671388, 0.376579, -0.498685, 0.429798, 0.416604]
[0.594315, 0.414868, -0.499218, 0.402655, 0.200557]
[0.607866, 0.146048, -0.499344, 0.44855, 0.385518]
[0.441179, 0.431498, -0.498502, 0.322614, 0.296738]
[0.586201, 0.370093, -0.498526, 0.396253, 0.120194]
[0.273314, 0.155437, -0.498596, 0.282568, 0.426424]
[0.445994, 0.281393, -0.499971, 0.400942, 0.390311]
[0.330079, 0.419826, -0.499283, 0.425121, 0.363272]
[0.631891, 0.177256, -0.499769, 0.419619, 0.090695]
[0.315897, 0.150028, -0.499424, 0.305292, 0.072398]
[0.622154, 0.30082, -0.498757, 0.361682, 0.394792]
[0.461899, 0.150029, -0.498866, 0.485322, 0.446627]
[0.562034, 0.212622, -0.499269, 0.334544, 0.031983]
[0.312422, 0.286905, -0.498738, 0.251404, 0.218699]
[0.510985, 0.275277, -0.4992, 0.300881, 0.08]
[0.632251, 0.397027, -0.498782, 0.406963, 0.004577]
[0.577967, 0.377472, -0.499887, 0.267601, 0.439384]
[0.427575, 0.421626, -0.499062, 0.448238, 0.465503]
[0.466851, 0.276471, -0.499292, 0.433412, 0.447517]
[0.346115, 0.39289, -0.498427, 0.385782, 0.367569]
[0.416074, 0.329254, -0.499258, 0.274248, 0.379752]
[0.322757, 0.190787, -0.498642, 0.367327, 0.003122]
[0.526457, 0.262851, -0.499722, 0.239387, 0.30547]
[0.501845, 0.371045, -0.498633, 0.391885, 0.467232]
[0.537107, 0.117052, -0.499923, 0.44839, 0.35396]
[0.586089, 0.450659, -0.498411, 0.237025, 0.337034]
[0.481852, 0.349752, -0.499033, 0.430489, 0.247785]
[0.607263, 0.187818, -0.49881, 0.247384, 0.367941]
[0.644207, 0.363028, -0.499839, 0.291859, 0.213896]
[0.554309, 0.19407, -0.499736, 0.296128, 0.429883]
[0.439495, 0.159906, -0.499567, 0.265863, 0.082299]
[0.545528, 0.459193, -0.498937, 0.390369, 0.418525]
[0.537958, 0.321325, -0.499406, 0.344841, 0.265352]
[0.610632, 0.211099, -0.499057, 0.299595, 0.259436]
[0.488228, 0.128966, -0.498985, 0.368649, 0.344013]
[0.465118, 0.345041, -0.49969, 0.227982, 0.002931]
[0.607119, 0.305322, -0.499175, 0.385306, 0.450848]
[0.616252, 0.380452, -0.499594, 0.248006, 0.408516]
[0.596768, 0.307553, -0.499215, 0.479143, 0.375376]
[0.289936, 0.364331, -0.499827, 0.239227, 0.49777]
[0.405306, 0.243984, -0.498507, 0.29848, 0.189218]
[0.611528, 0.468366, -0.499521, 0.310263, 0.014867]
[0.480382, 0.21396, -0.499713, 0.460532, 0.461183]
[0.391204, 0.170094, -0.498572, 0.393142, 0.050687]
[0.316236, 0.204615, -0.498446, 0.482478, 0.029973]
[0.450442, 0.307503, -0.498718, 0.410541, 0.142608]
[0.562444, 0.402428, -0.49869, 0.393625, 0.092898]
[0.667641, 0.311099, -0.498863, 0.249057, 0.259227]
[0.56595, 0.348235, -0.498489, 0.489465, 0.417697]
[0.331185, 0.481987, -0.499518, 0.33883, 0.403527]
[0.508835, 0.366739, -0.49875, 0.333624, 0.184889]
[0.33852, 0.144007, -0.498637, 0.271021, 0.200587]
[0.557034, 0.24019, -0.499655, 0.387725, 0.062323]
[0.456503, 0.472805, -0.499964, 0.274532, 0.213223]
[0.479882, 0.443098, -0.498524, 0.349382, 0.081649]
[0.349128, 0.351998, -0.499967, 0.227835, 0.219328]
[0.660082, 0.232148, -0.499674, 0.378591, 0.178874]
[0.316177, 0.464762, -0.498772, 0.449749, 0.361682]
[0.503982, 0.477229, -0.499843, 0.307184, 0.34769]
[0.475128, 0.491143, -0.498708, 0.461348, 0.396409]
[0.329054, 0.112185, -0.499345, 0.331617, 0.080389]
[0.417553, 0.119298, -0.498813, 0.45613, 0.088217]
[0.519609, 0.286482, -0.499689, 0.232136, 0.120257]
[0.458283, 0.134548, -0.498838, 0.337104, 0.235211]
[0.473993, 0.299125, -0.498744, 0.246235, 0.133036]
[0.627687, 0.112682, -0.499249, 0.284262, 0.13387]
[0.564805, 0.265841, -0.499838, 0.231062, 0.340212]
[0.65869, 0.162764, -0.499007, 0.46107, 0.032036]
[0.585796, 0.424328, -0.498425, 0.372031, 0.200486]
[0.609711, 0.35229, -0.499857, 0.343411, 0.493194]
[0.378983, 0.200412, -0.49916, 0.275815, 0.165033]
[0.506902, 0.194211, -0.499183, 0.447588, 0.207282]
[0.440189, 0.478218, -0.499527, 0.454321, 0.494176]
[0.465826, 0.314659, -0.499205, 0.302868, 0.165235]
[0.596204, 0.498257, -0.498828, 0.436537, 0.225878]
[0.489848, 0.490716, -0.499033, 0.407011, 0.486277]
[0.459238, 0.287452, -0.499736, 0.351298, 0.066666]
[0.333879, 0.431203, -0.498542, 0.417721, 0.303011]
[0.294237, 0.374785, -0.499663, 0.461131, 0.092768]
[0.660143, 0.3286, -0.499772, 0.336649, 0.029682]
[0.29285, 0.390567, -0.499723, 0.358503, 0.407202]
[0.598936, 0.174267, -0.499371, 0.325533, 0.424252]
[0.379311, 0.376511, -0.498594, 0.347895, 0.183552]
[0.509444, 0.229161, -0.499647, 0.495579, 0.219456]
[0.282667, 0.43034, -0.499844, 0.364619, 0.217611]
[0.282555, 0.377598, -0.499685, 0.260466, 0.283177]
[0.417455, 0.248845, -0.498926, 0.373818, 0.15008]
[0.482379, 0.144729, -0.498674, 0.332264, 0.455511]
[0.331283, 0.209698, -0.499748, 0.229669, 0.234466]
[0.270109, 0.164381, -0.499124, 0.452209, 0.248902]
[0.281633, 0.332757, -0.499507, 0.282223, 0.302798]
[0.410192, 0.434391, -0.498534, 0.290659, 0.174366]
[0.62106, 0.276984, -0.499248, 0.491072, 0.048528]
[0.476053, 0.374049, -0.498834, 0.317873, 0.38638]
[0.36832, 0.3455, -0.499187, 0.237918, 0.418338]
[0.458034, 0.207312, -0.498727, 0.46021, 0.201645]
[0.401046, 0.434636, -0.499408, 0.264703, 0.041656]
[0.431121, 0.336515, -0.499549, 0.295322, 0.239863]
[0.531381, 0.399473, -0.499486, 0.44594, 0.210924]
[0.639381, 0.210082, -0.498712, 0.463508, 0.496071]
[0.595831, 0.448096, -0.498881, 0.311406, 0.238876]
[0.295455, 0.170292, -0.499841, 0.236619, 0.31343]
[0.385032, 0.329252, -0.499333, 0.45538, 0.060963]
[0.458834, 0.176256, -0.498987, 0.336239, 0.311377]
[0.318106, 0.19689, -0.499089, 0.252867, 0.177143]
[0.589907, 0.116238, -0.499213, 0.317347, 0.498911]
[0.573186, 0.270717, -0.498906, 0.278708, 0.288404]
[0.433973, 0.338421, -0.498672, 0.405794, 0.38331]
[0.539241, 0.240274, -0.498673, 0.450974, 0.088705]
[0.544611, 0.19793, -0.499912, 0.47973, 0.038872]
[0.314699, 0.41988, -0.49973, 0.441492, 0.387465]
[0.347555, 0.432894, -0.499478, 0.299453, 0.27964]
[0.300976, 0.45253, -0.499893, 0.341024, 0.178104]
[0.487285, 0.371993, -0.499782, 0.364908, 0.479219]
[0.402818, 0.418909, -0.498843, 0.351117, 0.021202]
[0.541956, 0.295988, -0.4993, 0.250849, 0.458143]
[0.679183, 0.154336, -0.499881, 0.268539, 0.3626]
[0.540496, 0.155976, -0.499145, 0.243584, 0.376226]
[0.606666, 0.430622, -0.498966, 0.312332, 0.482681]
[0.310119, 0.452377, -0.499092, 0.274198, 0.419399]
[0.655011, 0.259455, -0.499157, 0.380811, 0.292098]
[0.434351, 0.432309, -0.499628, 0.277089, 0.131624]
[0.596829, 0.216865, -0.498938, 0.324298, 0.491879]
[0.462894, 0.170075, -0.49924, 0.360312, 0.093868]
[0.608407, 0.328806, -0.499395, 0.438295, 0.129802]
[0.636151, 0.134178, -0.49845, 0.323356, 0.298133]
[0.639986, 0.353706, -0.499271, 0.271498, 0.215269]
[0.579714, 0.425799, -0.498537, 0.292196, 0.444629]
[0.42285, 0.180951, -0.49864, 0.305436, 0.156061]
[0.577014, 0.341152, -0.499365, 0.282528, 0.346604]
[0.309949, 0.292836, -0.499435, 0.231748, 0.247459]
[0.451698, 0.35097, -0.499572, 0.466182, 0.071287]
[0.595295, 0.220653, -0.499292, 0.26206, 0.173616]
[0.367562, 0.13367, -0.499732, 0.234494, 0.290555]
[0.38127, 0.307767, -0.49949, 0.286547, 0.019115]
[0.604281, 0.470404, -0.499824, 0.395164, 0.189786]
[0.613706, 0.208468, -0.499782, 0.273223, 0.475082]
[0.379671, 0.419342, -0.499776, 0.391035, 0.473382]
[0.54951, 0.326118, -0.49852, 0.256089, 0.373344]
[0.421243, 0.412824, -0.499184, 0.389142, 0.276229]
[0.328176, 0.253849, -0.499098, 0.359565, 0.325789]
[0.589522, 0.421813, -0.499566, 0.280705, 0.307966]
[0.39175, 0.278005, -0.499168, 0.453774, 0.479325]
[0.298912, 0.474252, -0.498666, 0.346916, 0.045087]
[0.66289, 0.47074, -0.49892, 0.369118, 0.163087]
[0.612578, 0.369297, -0.498543, 0.363616, 0.416779]
[0.376754, 0.314393, -0.49953, 0.230273, 0.397698]
[0.591116, 0.140983, -0.498705, 0.321481, 0.149039]
[0.331498, 0.317478, -0.499081, 0.243391, 0.001356]
[0.574638, 0.18189, -0.499009, 0.289676, 0.339819]
[0.502137, 0.232033, -0.499279, 0.400548, 0.010964]
[0.643295, 0.210998, -0.499049, 0.423527, 0.449692]
[0.326745, 0.176223, -0.499057, 0.36452, 0.463482]
[0.358597, 0.132728, -0.498922, 0.488256, 0.248139]
[0.608068, 0.199464, -0.49947, 0.274975, 0.184244]
[0.351658, 0.310615, -0.498936, 0.279073, 0.0387]
[0.394389, 0.482819, -0.499138, 0.435765, 0.401385]
[0.346016, 0.209717, -0.498935, 0.310278, 0.143648]
[0.553662, 0.118459, -0.499862, 0.239169, 0.438101]
[0.504123, 0.126068, -0.498916, 0.335482, 0.384004]
[0.421785, 0.486959, -0.498556, 0.265104, 0.10679]
[0.491242, 0.410313, -0.498444, 0.277111, 0.299182]
[0.575162, 0.354974, -0.499386, 0.316519, 0.081628]
[0.41441, 0.49876, -0.498449, 0.286066, 0.38825]
[0.525687, 0.482809, -0.499489, 0.349537, 0.258969]
[0.313866, 0.445761, -0.498581, 0.480626, 0.405862]
[0.299868, 0.116989, -0.49865, 0.249668, 0.109903]
[0.55434, 0.465792, -0.498848, 0.365351, 0.058687]
[0.594684, 0.486621, -0.498656, 0.239069, 0.279092]
[0.305506, 0.128747, -0.498641, 0.381865, 0.378459]
[0.614438, 0.224798, -0.499061, 0.27302, 0.395542]
[0.658284, 0.288739, -0.499445, 0.290415, 0.122637]
[0.56097, 0.259684, -0.499817, 0.255963, 0.249358]
[0.424785, 0.12968, -0.499098, 0.42347, 0.079072]
[0.341581, 0.159994, -0.498964, 0.484674, 0.370232]
[0.416733, 0.264, -0.499066, 0.274871, 0.114495]
[0.328503, 0.486507, -0.498745, 0.486549, 0.413469]
[0.314785, 0.194128, -0.499324, 0.37386, 0.442596]
[0.653542, 0.352705, -0.499976, 0.362067, 0.131907]
[0.484602, 0.466106, -0.498647, 0.354448, 0.033554]
[0.436418, 0.28501, -0.499937, 0.456202, 0.498748]
[0.476566, 0.147716, -0.498984, 0.325502, 0.296786]
[0.653469, 0.239265, -0.49939, 0.478285, 0.13719]
[0.66821, 0.354805, -0.498555, 0.300579, 0.131706]
[0.622729, 0.122578, -0.49993, 0.475848, 0.495013]
[0.453245, 0.273233, -0.499479, 0.456758, 0.043253]
[0.661019, 0.37164, -0.498625, 0.235288, 0.349148]
[0.480356, 0.124514, -0.499178, 0.341207, 0.124059]
[0.303772, 0.227427, -0.499, 0.433996, 0.490271]
[0.337966, 0.372528, -0.499726, 0.433155, 0.354969]
[0.544726, 0.468195, -0.499786, 0.432384, 0.482044]
[0.673185, 0.336344, -0.498532, 0.423206, 0.066018]
[0.507449, 0.403308, -0.499656, 0.41554, 0.399038]
[0.663458, 0.281083, -0.499502, 0.430334, 0.325374]
[0.58669, 0.242417, -0.499574, 0.40372, 0.35844]
[0.649964, 0.486253, -0.498968, 0.248185, 0.217831]
[0.497224, 0.20656, -0.499526, 0.249428, 0.364279]
[0.449375, 0.169616, -0.499597, 0.268506, 0.475575]
[0.613482, 0.49115, -0.498533, 0.35243, 0.169567]
[0.484475, 0.489774, -0.499918, 0.305855, 0.345342]
[0.527578, 0.451586, -0.49901, 0.377473, 0.3652]
[0.648072, 0.334554, -0.499075, 0.31327, 0.451342]
[0.63374, 0.209971, -0.499403, 0.368062, 0.457563]
[0.527821, 0.149377, -0.499077, 0.331792, 0.293202]
[0.508419, 0.212892, -0.499124, 0.294693, 0.443223]
[0.508818, 0.161125, -0.498662, 0.304589, 0.124029]
[0.495913, 0.435716, -0.499451, 0.289011, 0.323009]
[0.42608, 0.271479, -0.499902, 0.281441, 0.228403]
[0.503907, 0.143541, -0.498988, 0.480353, 0.288839]
[0.28718, 0.446644, -0.499932, 0.346544, 0.279344]
[0.524252, 0.153804, -0.498507, 0.353465, 0.433942]
[0.624088, 0.414342, -0.499426, 0.286585, 0.490929]
[0.408096, 0.143873, -0.499818, 0.277374, 0.252202]
[0.494254, 0.405619, -0.499946, 0.270144, 0.087018]
[0.27348, 0.369322, -0.499529, 0.467072, 0.187062]
[0.343675, 0.271185, -0.499571, 0.276011, 0.190774]
[0.504049, 0.117316, -0.498631, 0.449482, 0.49185]
[0.539139, 0.119425, -0.499534, 0.498357, 0.232292]
[0.405278, 0.434117, -0.498615, 0.440823, 0.204822]
[0.551985, 0.153493, -0.499818, 0.407359, 0.398411]
[0.538149, 0.156441, -0.498625, 0.332789, 0.305923]
[0.315386, 0.225141, -0.499913, 0.296398, 0.145711]
[0.531545, 0.211274, -0.49854, 0.272373, 0.116013]
[0.635326, 0.321529, -0.499404, 0.314351, 0.307601]
[0.539689, 0.47283, -0.499353, 0.396796, 0.475881]
[0.269318, 0.207532, -0.498927, 0.483076, 0.373453]
[0.421958, 0.393873, -0.499268, 0.4468, 0.278486]
[0.64113, 0.129712, -0.499203, 0.387654, 0.149908]
[0.651425, 0.298474, -0.498576, 0.460065, 0.186629]
[0.50621, 0.475738, -0.498733, 0.412274, 0.227415]
[0.672923, 0.484156, -0.499238, 0.353111, 0.342921]
[0.35602, 0.404664, -0.498603, 0.379802, 0.01975]
[0.632951, 0.157349, -0.499291, 0.398166, 0.346141]
[0.330015, 0.298566, -0.499612, 0.295021, 0.458978]
[0.535453, 0.120734, -0.499339, 0.360452, 0.053627]
[0.421079, 0.390932, -0.499512, 0.46404, 0.341651]
[0.525706, 0.383921, -0.498806, 0.427548, 0.476572]
[0.307344, 0.395267, -0.498899, 0.393059, 0.425638]
[0.414339, 0.463641, -0.498885, 0.396819, 0.254892]
[0.569957, 0.39259, -0.499042, 0.454658, 0.411957]
[0.479642, 0.441711, -0.499605, 0.33119, 0.442399]
[0.65373, 0.345876, -0.499884, 0.256951, 0.102445]
[0.663296, 0.361478, -0.49955, 0.271629, 0.380214]
[0.435749, 0.226082, -0.499966, 0.42361, 0.214504]
[0.542898, 0.42009, -0.499582, 0.394902, 0.127692]
[0.335465, 0.223052, -0.498613, 0.313718, 0.309649]
[0.519582, 0.192714, -0.49984, 0.228123, 0.46308]
[0.527426, 0.178814, -0.499343, 0.348986, 0.136432]
[0.312353, 0.343831, -0.499217, 0.298602, 0.118856]
[0.637728, 0.313446, -0.499802, 0.446313, 0.48875]
[0.39674, 0.460622, -0.498706, 0.475282, 0.451679]
[0.58551, 0.179901, -0.499808, 0.418829, 0.191467]
[0.578852, 0.17597, -0.499411, 0.468313, 0.457483]
[0.374863, 0.250722, -0.499682, 0.237314, 0.08547]
[0.269259, 0.353932, -0.498656, 0.387398, 0.083894]
[0.625868, 0.176892, -0.499522, 0.471137, 0.064778]
[0.630468, 0.215401, -0.499074, 0.392418, 0.293895]
[0.310597, 0.270801, -0.49896, 0.253518, 0.066146]
[0.519916, 0.2778, -0.49904, 0.37395, 0.178953]
[0.436016, 0.189448, -0.499842, 0.416494, 0.206006]
[0.287328, 0.269252, -0.498909, 0.390579, 0.320138]
[0.434424, 0.189888, -0.498988, 0.236951, 0.071396]
[0.484883, 0.216159, -0.498727, 0.462077, 0.036667]
[0.482211, 0.23536, -0.499998, 0.239411, 0.251151]
[0.271876, 0.378498, -0.499591, 0.397828, 0.442981]
[0.588136, 0.217075, -0.499774, 0.348291, 0.310213]
[0.522944, 0.234568, -0.498994, 0.299792, 0.358465]
[0.49683, 0.386613, -0.49974, 0.319588, 0.216666]
[0.377555, 0.159578, -0.498741, 0.312204, 0.242131]
[0.428758, 0.156305, -0.499138, 0.383763, 0.292151]
[0.61133, 0.351144, -0.499526, 0.310759, 0.425145]
[0.407188, 0.203771, -0.499204, 0.302163, 0.169933]
[0.576294, 0.21714, -0.499395, 0.322473, 0.304745]
[0.399637, 0.174248, -0.499147, 0.2676, 0.32343]
[0.340883, 0.347436, -0.499226, 0.372538, 0.434133]
[0.57625, 0.436553, -0.498635, 0.365222, 0.045549]
[0.353372, 0.300997, -0.499345, 0.442685, 0.346133]
[0.640691, 0.25809, -0.499501, 0.304844, 0.374135]
[0.362964, 0.451042, -0.49932, 0.409055, 0.172605]
[0.561955, 0.441599, -0.498546, 0.359662, 0.46435]
[0.43478, 0.391296, -0.499739, 0.292397, 0.419475]
[0.406878, 0.127919, -0.499451, 0.447307, 0.343204]
[0.471414, 0.346614, -0.499801, 0.498753, 0.09497]
[0.530648, 0.310736, -0.498447, 0.293732, 0.328974]
[0.498466, 0.445984, -0.499124, 0.308869, 0.362002]
[0.527198, 0.146301, -0.499442, 0.255576, 0.308943]
[0.495489, 0.117623, -0.499997, 0.262911, 0.268282]
[0.675056, 0.493372, -0.498831, 0.316568, 0.16404]
[0.540197, 0.23417, -0.498779, 0.422204, 0.241396]
[0.648258, 0.121007, -0.499782, 0.307246, 0.319172]
[0.34899, 0.3387, -0.498733, 0.489319, 0.067854]
[0.530232, 0.168701, -0.499449, 0.471024, 0.395611]
[0.630678, 0.203203, -0.499901, 0.442088, 0.348699]
[0.465036, 0.173522, -0.499164, 0.411517, 0.380065]
[0.361515, 0.394662, -0.499355, 0.243958, 0.338317]
[0.438448, 0.144184, -0.498837, 0.299423, 0.398492]
[0.566724, 0.130981, -0.499416, 0.24273, 0.393361]
[0.453755, 0.204101, -0.498976, 0.287011, 0.446681]
[0.603288, 0.37598, -0.499134, 0.36926, 0.339806]
[0.354249, 0.237428, -0.498657, 0.254338, 0.117412]
[0.663688, 0.242513, -0.499671, 0.468742, 0.407374]
[0.640773, 0.407762, -0.49856, 0.476501, 0.411128]
[0.467772, 0.131018, -0.499987, 0.382987, 0.241185]
[0.382487, 0.14558, -0.499559, 0.251929, 0.270342]
[0.318576, 0.488656, -0.498537, 0.470905, 0.171849]
[0.415114, 0.264027, -0.499513, 0.470644, 0.058795]
[0.291233, 0.174194, -0.499368, 0.3148, 0.091242]
[0.546905, 0.291835, -0.498452, 0.44573, 0.386348]
[0.659486, 0.170089, -0.499883, 0.326179, 0.027882]
[0.619535, 0.139684, -0.498896, 0.365763, 0.420523]
[0.412859, 0.21963, -0.499638, 0.236721, 0.153409]
[0.412685, 0.211853, -0.49903, 0.277681, 0.375397]
[0.439734, 0.335265, -0.499093, 0.450651, 0.309322]
[0.40193, 0.126988, -0.499523, 0.358586, 0.246426]
[0.333591, 0.298302, -0.499766, 0.264917, 0.258374]
[0.401956, 0.493178, -0.499973, 0.446277, 0.005305]
[0.613841, 0.499022, -0.498815, 0.261661, 0.271921]
[0.513218, 0.409593, -0.49852, 0.479653, 0.042517]
[0.547219, 0.360781, -0.499462, 0.281956, 0.247668]
[0.504873, 0.179651, -0.498929, 0.454302, 0.153511]
[0.527133, 0.372383, -0.499837, 0.252003, 0.479364]
[0.31678, 0.259757, -0.499909, 0.363359, 0.307691]
[0.426308, 0.383144, -0.499579, 0.438236, 0.194452]
[0.336852, 0.234827, -0.499029, 0.278823, 0.469355]
[0.586713, 0.278569, -0.499679, 0.273712, 0.272234]
[0.404384, 0.293188, -0.499981, 0.395291, 0.184158]
[0.431628, 0.291858, -0.498724, 0.282956, 0.183833]
[0.664215, 0.235566, -0.499854, 0.279962, 0.040838]
[0.310669, 0.281997, -0.499344, 0.317252, 0.031921]
[0.523058, 0.199939, -0.499489, 0.348416, 0.210913]
[0.27367, 0.341455, -0.498772, 0.475006, 0.485365]
[0.336303, 0.172868, -0.499844, 0.305257, 0.194758]
[0.381491, 0.151105, -0.499013, 0.432434, 0.022533]
[0.440296, 0.245897, -0.499123, 0.456719, 0.1095]
[0.439756, 0.238845, -0.499996, 0.413058, 0.414494]
[0.428386, 0.249045, -0.499616, 0.49151, 0.014567]
[0.29983, 0.290006, -0.498535, 0.450277, 0.010515]
[0.389089, 0.288912, -0.499272, 0.370213, 0.091002]
[0.677073, 0.167925, -0.499353, 0.371751, 0.420727]
[0.402823, 0.268207, -0.498997, 0.418586, 0.217153]
[0.64501, 0.258577, -0.499526, 0.269887, 0.345754]
[0.317745, 0.230787, -0.49875, 0.41409, 0.479315]
[0.522985, 0.157076, -0.499382, 0.440866, 0.263531]
[0.347246, 0.468325, -0.498481, 0.422644, 0.248178]
[0.447098, 0.134004, -0.498928, 0.37603, 0.408407]
[0.400301, 0.371238, -0.499647, 0.273671, 0.281626]
[0.642293, 0.237202, -0.499059, 0.406366, 0.291979]
[0.438404, 0.159142, -0.499329, 0.262042, 0.122249]
[0.292972, 0.392562, -0.499011, 0.358581, 0.152875]
[0.390595, 0.175733, -0.498775, 0.447835, 0.473766]
[0.547794, 0.141853, -0.499186, 0.24743, 0.113826]
[0.558935, 0.176411, -0.499987, 0.493255, 0.241251]
[0.604261, 0.492026, -0.498767, 0.336741, 0.077531]
[0.545413, 0.345532, -0.499023, 0.413921, 0.37844]
[0.653508, 0.12523, -0.499024, 0.283589, 0.353059]
[0.654823, 0.364692, -0.49853, 0.381051, 0.464894]
[0.553229, 0.484001, -0.498522, 0.334183, 0.104722]
[0.336621, 0.414676, -0.499347, 0.441273, 0.080287]
[0.354818, 0.438057, -0.498872, 0.319203, 0.461526]
[0.655848, 0.145775, -0.499079, 0.414068, 0.025545]
[0.298646, 0.481639, -0.498789, 0.266129, 0.075531]
[0.655195, 0.158789, -0.499114, 0.26259, 0.054732]
[0.656892, 0.497458, -0.499282, 0.399556, 0.166731]
[0.532655, 0.355265, -0.49848, 0.359644, 0.105531]
[0.38085, 0.361283, -0.499251, 0.462125, 0.295656]
[0.525141, 0.282084, -0.498992, 0.355001, 0.290677]
[0.462983, 0.499212, -0.499891, 0.250494, 0.448925]
[0.452, 0.186023, -0.499777, 0.282787, 0.445627]
[0.4944, 0.34634, -0.498851, 0.274076, 0.071235]
[0.389521, 0.497833, -0.498499, 0.236119, 0.428074]
[0.64231, 0.4573, -0.499422, 0.400166, 0.412462]
[0.62059, 0.212643, -0.498806, 0.266156, 0.091492]
[0.291335, 0.407906, -0.498752, 0.351946, 0.336654]
[0.576885, 0.147938, -0.499807, 0.330453, 0.419985]
[0.514977, 0.31605, -0.498716, 0.4553, 0.456266]
[0.552994, 0.362359, -0.498605, 0.230087, 0.402745]
[0.393205, 0.469006, -0.499829, 0.484606, 0.07054]
[0.520464, 0.328982, -0.499864, 0.474274, 0.153802]
[0.505763, 0.24363, -0.499749, 0.497993, 0.110486]
[0.563999, 0.483571, -0.498565, 0.446929, 0.001783]
[0.652226, 0.474129, -0.498637, 0.499019, 0.166456]
[0.365126, 0.155436, -0.499572, 0.399519, 0.498492]
[0.271212, 0.138056, -0.49856, 0.494484, 0.113515]
[0.484687, 0.152909, -0.498478, 0.255888, 0.051788]
[0.55523, 0.435967, -0.499189, 0.231597, 0.405482]
[0.479477, 0.273339, -0.498684, 0.324959, 0.375078]
[0.440818, 0.377935, -0.499537, 0.283175, 0.283256]
[0.467934, 0.191355, -0.499443, 0.487414, 0.166007]
[0.469526, 0.48148, -0.499438, 0.468815, 0.269923]
[0.272832, 0.299444, -0.498491, 0.348587, 0.47519]
[0.567485, 0.253093, -0.498865, 0.274445, 0.129955]
[0.524714, 0.341902, -0.499063, 0.329781, 0.170568]
[0.335239, 0.420727, -0.499626, 0.430573, 0.15363]
[0.291764, 0.355299, -0.498955, 0.396015, 0.323232]
[0.646187, 0.275933, -0.499475, 0.364504, 0.171218]
[0.504028, 0.491865, -0.499392, 0.275836, 0.257513]
[0.470622, 0.367634, -0.498781, 0.467075, 0.469809]
[0.600534, 0.340184, -0.499865, 0.480501, 0.455046]
[0.506745, 0.395787, -0.498661, 0.391485, 0.012211]
[0.618318, 0.374907, -0.498926, 0.422432, 0.011093]
[0.410837, 0.260209, -0.498585, 0.316363, 0.269644]
[0.558935, 0.162404, -0.499511, 0.303904, 0.01177]
[0.328066, 0.221144, -0.499781, 0.314465, 0.038607]
[0.615242, 0.15792, -0.498768, 0.270501, 0.428136]
[0.443146, 0.344507, -0.499816, 0.447048, 0.474919]
[0.635265, 0.286635, -0.498745, 0.271842, 0.138708]
[0.523202, 0.126504, -0.499941, 0.29266, 0.242881]
[0.522949, 0.158062, -0.499735, 0.41173, 0.078427]
[0.367194, 0.468816, -0.498714, 0.249704, 0.339793]
[0.568348, 0.281196, -0.498562, 0.39923, 0.063899]
[0.450639, 0.410849, -0.498661, 0.313255, 0.466699]
[0.613514, 0.135448, -0.499743, 0.321454, 0.249335]
[0.630872, 0.145541, -0.49897, 0.341319, 0.362021]
[0.604929, 0.492084, -0.499555, 0.471683, 0.024645]
[0.452033, 0.441436, -0.499339, 0.285059, 0.242196]
[0.504292, 0.326946, -0.499342, 0.230116, 0.407063]
[0.677381, 0.399444, -0.498807, 0.493413, 0.411281]
[0.573973, 0.271736, -0.499053, 0.489127, 0.21373]
[0.432964, 0.315371, -0.498547, 0.455495, 0.183494]
[0.273271, 0.347626, -0.498837, 0.326966, 0.391084]
[0.634717, 0.350854, -0.499926, 0.339116, 0.022266]
[0.270618, 0.41706, -0.498636, 0.25212, 0.024782]
[0.579081, 0.168384, -0.499128, 0.239357, 0.496633]
[0.419308, 0.336511, -0.498852, 0.418122, 0.276938]
[0.362439, 0.164984, -0.498966, 0.316228, 0.075803]
[0.593982, 0.292519, -0.498805, 0.322394, 0.124243]
[0.447608, 0.245149, -0.498418, 0.485, 0.241052]
[0.578567, 0.322736, -0.499191, 0.355505, 0.342042]
[0.57628, 0.261116, -0.499717, 0.257067, 0.206993]
[0.579301, 0.475103, -0.49954, 0.364672, 0.107668]
[0.625074, 0.208033, -0.499141, 0.486764, 0.08304]
[0.445803, 0.160597, -0.498664, 0.270351, 0.28824]
[0.429684, 0.14108, -0.498892, 0.481125, 0.36001]
[0.331849, 0.415617, -0.499241, 0.359613, 0.065542]
[0.386114, 0.371337, -0.499383, 0.385684, 0.093344]
[0.273666, 0.372798, -0.499219, 0.303072, 0.405812]
[0.557824, 0.310767, -0.499277, 0.400956, 0.393865]
[0.269352, 0.162774, -0.499981, 0.37173, 0.118619]
[0.415624, 0.444933, -0.499138, 0.331276, 0.31579]
[0.337548, 0.196516, -0.498648, 0.384919, 0.207245]
[0.439319, 0.323345, -0.499185, 0.433087, 0.281928]
[0.531922, 0.259076, -0.499072, 0.490261, 0.233975]
[0.403462, 0.239434, -0.499007, 0.396903, 0.304993]
[0.289834, 0.400011, -0.499424, 0.276783, 0.064082]
[0.535252, 0.437976, -0.499693, 0.275941, 0.093522]
[0.346925, 0.307987, -0.499124, 0.488462, 0.497177]
[0.479297, 0.115818, -0.499636, 0.385237, 0.448656]
[0.594778, 0.497464, -0.498918, 0.265148, 0.298022]
[0.52564, 0.478913, -0.49884, 0.443449, 0.491631]
[0.642544, 0.481884, -0.498475, 0.284008, 0.49235]
[0.665382, 0.266329, -0.4992, 0.235165, 0.035238]
[0.40608, 0.470821, -0.498431, 0.358884, 0.076603]
[0.567338, 0.184081, -0.498614, 0.413671, 0.018875]
[0.321971, 0.355359, -0.499281, 0.40577, 0.103575]
[0.293381, 0.327181, -0.498799, 0.430978, 0.115381]
[0.474867, 0.119573, -0.499916, 0.392463, 0.318094]
[0.313968, 0.143898, -0.498993, 0.3897, 0.236616]
[0.606567, 0.334456, -0.498639, 0.38872, 0.481307]
[0.555858, 0.438725, -0.499817, 0.42553, 0.48563]
[0.308857, 0.393747, -0.499824, 0.373881, 0.26269]
[0.28575, 0.136495, -0.498479, 0.473953, 0.093413]
[0.313405, 0.231244, -0.499626, 0.320848, 0.384222]
[0.45225, 0.141764, -0.498513, 0.364285, 0.243733]
[0.291912, 0.121838, -0.498982, 0.259233, 0.080381]
[0.592181, 0.242063, -0.499248, 0.429579, 0.355867]
[0.539379, 0.179044, -0.499591, 0.451726, 0.039786]
[0.506343, 0.474698, -0.499449, 0.343641, 0.294368]
[0.404638, 0.201843, -0.499779, 0.346353, 0.316194]
[0.285035, 0.168182, -0.498507, 0.352965, 0.477708]
[0.359681, 0.318847, -0.499342, 0.355618, 0.445733]
[0.47237, 0.199093, -0.499035, 0.391066, 0.080123]
[0.671234, 0.230235, -0.49981, 0.489722, 0.298676]
[0.570004, 0.371717, -0.499045, 0.296984, 0.267057]
[0.581177, 0.366113, -0.498904, 0.432781, 0.126612]
[0.632129, 0.151939, -0.499839, 0.418039, 0.020579]
[0.410119, 0.439782, -0.499827, 0.477709, 0.171809]
[0.621321, 0.323093, -0.498767, 0.417481, 0.035519]
[0.350588, 0.348896, -0.49865, 0.490764, 0.19044]
[0.291929, 0.401368, -0.499448, 0.249785, 0.127298]
[0.556971, 0.4991, -0.499971, 0.491639, 0.435548]
[0.652967, 0.387224, -0.498999, 0.367481, 0.243265]
[0.517419, 0.381309, -0.498519, 0.258012, 0.296163]
[0.391222, 0.238265, -0.499527, 0.48832, 0.431488]
[0.368835, 0.36553, -0.498957, 0.463117, 0.178301]
[0.670315, 0.16788, -0.498984, 0.433077, 0.465023]
[0.643967, 0.17744, -0.498504, 0.344257, 0.260469]
[0.374036, 0.435306, -0.49949, 0.349644, 0.439295]
[0.365795, 0.162949, -0.499935, 0.329973, 0.243701]
[0.483634, 0.215229, -0.498768, 0.391926, 0.142476]
[0.547664, 0.166458, -0.498861, 0.269491, 0.20672]
[0.305956, 0.363624, -0.499543, 0.350397, 0.307619]
[0.601381, 0.367382, -0.499461, 0.277617, 0.087667]
[0.384769, 0.311407, -0.499568, 0.288921, 0.111991]
[0.381274, 0.467788, -0.499664, 0.42288, 0.232613]
[0.492072, 0.228087, -0.499843, 0.300918, 0.390208]
[0.315464, 0.48725, -0.499526, 0.455809, 0.39265]
[0.296327, 0.193361, -0.498707, 0.41124, 0.153148]
[0.559449, 0.388305, -0.499305, 0.371414, 0.421388]
[0.395288, 0.347368, -0.499821, 0.397798, 0.411715]
[0.532457, 0.266864, -0.499881, 0.408099, 0.393185]
[0.323291, 0.14351, -0.499195, 0.244271, 0.084433]
[0.508453, 0.225545, -0.498961, 0.260251, 0.123343]
[0.59396, 0.373764, -0.498664, 0.486621, 0.331125]
[0.448592, 0.414523, -0.499462, 0.387738, 0.491811]
[0.441374, 0.21686, -0.499999, 0.489907, 0.006295]
[0.311848, 0.267655, -0.498888, 0.332854, 0.399236]
[0.567035, 0.375617, -0.499389, 0.255709, 0.116139]
[0.455965, 0.296185, -0.49878, 0.401285, 0.421502]
[0.285979, 0.37289, -0.498631, 0.429541, 0.384342]
[0.646245, 0.113663, -0.498566, 0.329159, 0.072386]
[0.301807, 0.266929, -0.498574, 0.233581, 0.430021]
[0.479313, 0.277989, -0.499782, 0.388528, 0.431628]
[0.521078, 0.21491, -0.499702, 0.395529, 0.238234]
[0.433868, 0.312714, -0.499786, 0.49837, 0.486837]
[0.510776, 0.135787, -0.49971, 0.387629, 0.006419]
[0.629249, 0.322351, -0.498517, 0.455756, 0.019476]
[0.52113, 0.332931, -0.499342, 0.479464, 0.360426]
[0.33838, 0.331178, -0.499728, 0.367262, 0.286408]
[0.307095, 0.415324, -0.499368, 0.414378, 0.166746]
[0.33493, 0.436594, -0.498736, 0.267518, 0.309886]
[0.64232, 0.499146, -0.499284, 0.375686, 0.463045]
[0.456244, 0.312809, -0.499783, 0.33885, 0.149597]
[0.612492, 0.15149, -0.499644, 0.484751, 0.083181]
[0.343036, 0.328031, -0.499623, 0.488386, 0.379036]
[0.383103, 0.450951, -0.498776, 0.366665, 0.010295]
[0.427486, 0.400228, -0.499426, 0.41829, 0.244608]
[0.641548, 0.275434, -0.499295, 0.279426, 0.370604]
[0.659094, 0.442465, -0.499555, 0.362453, 0.426702]
[0.546425, 0.380332, -0.498745, 0.449891, 0.115566]
[0.365516, 0.386103, -0.499299, 0.389284, 0.494898]
[0.360009, 0.449763, -0.498618, 0.362208, 0.381923]
[0.326083, 0.188514, -0.499514, 0.460175, 0.374106]
[0.534026, 0.354567, -0.499745, 0.347568, 0.150171]
[0.4299, 0.321861, -0.498703, 0.424638, 0.210408]
[0.311303, 0.462021, -0.499285, 0.314194, 0.103781]
[0.377528, 0.112365, -0.499818, 0.276891, 0.214633]
[0.315298, 0.423169, -0.499684, 0.236662, 0.263322]
[0.576711, 0.353636, -0.498555, 0.483239, 0.122738]
[0.526796, 0.37983, -0.499493, 0.297651, 0.011552]
[0.500998, 0.270161, -0.498878, 0.474911, 0.458097]
[0.350372, 0.358296, -0.498927, 0.338322, 0.455563]
[0.31561, 0.286819, -0.499173, 0.276481, 0.237747]
[0.390559, 0.144297, -0.498547, 0.461138, 0.009584]
[0.378246, 0.326108, -0.499726, 0.497974, 0.123689]
[0.526219, 0.191523, -0.49848, 0.397939, 0.459261]
[0.394085, 0.428174, -0.499011, 0.248494, 0.293576]
[0.423719, 0.427712, -0.49979, 0.310038, 0.007703]
[0.545397, 0.229303, -0.499115, 0.413837, 0.231423]
[0.638418, 0.210849, -0.498506, 0.293284, 0.207363]
[0.53448, 0.380558, -0.498838, 0.278785, 0.182879]
[0.449167, 0.171319, -0.499509, 0.389903, 0.485051]
[0.274202, 0.2305, -0.499907, 0.297422, 0.490965]
[0.49563, 0.261026, -0.498796, 0.390954, 0.334808]
[0.582587, 0.158643, -0.49916, 0.393078, 0.332186]
[0.34076, 0.398478, -0.498776, 0.439911, 0.136948]
[0.333589, 0.476038, -0.49971, 0.30266, 0.47262]
[0.357299, 0.429065, -0.499272, 0.31565, 0.08633]
[0.347637, 0.36604, -0.499045, 0.476461, 0.33492]
[0.549205, 0.259763, -0.499359, 0.463007, 0.353796]
[0.355382, 0.367185, -0.499791, 0.346047, 0.344137]
[0.453696, 0.473932, -0.499055, 0.272878, 0.049285]
[0.524676, 0.138307, -0.498709, 0.254411, 0.093785]
[0.379341, 0.358617, -0.499108, 0.446598, 0.430762]
[0.392937, 0.447825, -0.499027, 0.379904, 0.157092]
[0.652011, 0.353571, -0.499302, 0.246752, 0.364167]
[0.377964, 0.359394, -0.498636, 0.282208, 0.235539]
[0.530958, 0.332831, -0.4995, 0.339475, 0.391302]
[0.636581, 0.410322, -0.499732, 0.298616, 0.081338]
[0.645904, 0.371253, -0.499353, 0.319891, 0.335801]
[0.409874, 0.200526, -0.499167, 0.381217, 0.208705]
[0.501218, 0.463767, -0.499952, 0.420233, 0.472481]
[0.27618, 0.402593, -0.499255, 0.358187, 0.454775]
[0.467943, 0.294404, -0.499833, 0.292657, 0.165563]
[0.532806, 0.303393, -0.498674, 0.341051, 0.298156]
[0.413993, 0.172827, -0.499969, 0.279664, 0.463912]
[0.355537, 0.463637, -0.499828, 0.432981, 0.024614]
[0.655677, 0.265034, -0.499792, 0.367859, 0.03973]
[0.423498, 0.347006, -0.498545, 0.300795, 0.094538]
[0.59883, 0.145761, -0.498606, 0.270588, 0.150563]
[0.307257, 0.192208, -0.499792, 0.447194, 0.188843]
[0.52932, 0.405729, -0.499646, 0.462944, 0.13793]
[0.642433, 0.342515, -0.498568, 0.393663, 0.37715]
[0.654653, 0.288219, -0.498985, 0.478196, 0.413696]
[0.6342, 0.424557, -0.498747, 0.328367, 0.162422]
[0.274196, 0.194171, -0.49922, 0.453418, 0.375876]
[0.451537, 0.331727, -0.498747, 0.290611, 0.450535]
[0.398692, 0.460535, -0.499349, 0.232845, 0.244844]
[0.373439, 0.182088, -0.498935, 0.447872, 0.031539]
[0.345583, 0.149272, -0.499648, 0.234792, 0.208248]
[0.292476, 0.494133, -0.498475, 0.488087, 0.267124]
[0.429594, 0.384445, -0.498879, 0.482413, 0.356493]
[0.285368, 0.454644, -0.499557, 0.417485, 0.234607]
[0.541099, 0.139735, -0.498662, 0.441569, 0.116166]
[0.584318, 0.493857, -0.499723, 0.419545, 0.43075]
[0.35335, 0.147961, -0.498657, 0.235889, 0.319237]
[0.389571, 0.474255, -0.499449, 0.256396, 0.418855]
[0.369509, 0.424139, -0.49942, 0.350922, 0.38973]
[0.656708, 0.233245, -0.498996, 0.313925, 0.442171]
[0.392473, 0.428575, -0.498609, 0.24342, 0.173916]
[0.638891, 0.161095, -0.499592, 0.384605, 0.15847]
[0.430262, 0.245651, -0.499357, 0.268688, 0.312]
[0.470144, 0.205468, -0.49989, 0.494853, 0.249635]
[0.370736, 0.317266, -0.499994, 0.383426, 0.377456]
[0.326471, 0.209781, -0.499307, 0.378004, 0.470701]
[0.299178, 0.339788, -0.498844, 0.460039, 0.261788]
[0.384047, 0.265985, -0.499686, 0.347299, 0.002487]
[0.650693, 0.242013, -0.498867, 0.260758, 0.246005]
[0.379567, 0.384408, -0.499907, 0.34521, 0.116201]
[0.35908, 0.382652, -0.499732, 0.485222, 0.048187]
[0.340384, 0.220195, -0.498658, 0.238294, 0.337859]
[0.516772, 0.350955, -0.499633, 0.465812, 0.227128]
[0.543247, 0.368782, -0.499586, 0.415605, 0.161387]
[0.314652, 0.470999, -0.498489, 0.389293, 0.03161]
[0.525017, 0.362779, -0.498866, 0.374013, 0.309193]
[0.421832, 0.158422, -0.49882, 0.44406, 0.181907]
[0.612306, 0.490712, -0.499341, 0.239261, 0.163131]
[0.567324, 0.309067, -0.498497, 0.307148, 0.036726]
[0.526345, 0.267532, -0.499359, 0.307768, 0.222969]
[0.300208, 0.428572, -0.499988, 0.351288, 0.166882]
[0.482549, 0.255489, -0.499682, 0.426218, 0.262195]
[0.555312, 0.438894, -0.499304, 0.254728, 0.322932]
[0.586123, 0.330178, -0.499684, 0.499051, 0.408583]
[0.353473, 0.153755, -0.499848, 0.379431, 0.063782]
[0.451595, 0.285931, -0.498925, 0.432183, 0.329241]
[0.614217, 0.112113, -0.499234, 0.375031, 0.4469]
[0.323466, 0.264216, -0.49944, 0.425804, 0.096319]
[0.399098, 0.163384, -0.499463, 0.361239, 0.428593]
[0.413668, 0.184078, -0.499244, 0.227732, 0.392109]
[0.410698, 0.199364, -0.499342, 0.430729, 0.105639]
[0.302218, 0.24746, -0.499879, 0.265643, 0.483529]
[0.613813, 0.281473, -0.499232, 0.414841, 0.320933]
[0.340869, 0.387943, -0.499246, 0.30598, 0.184231]
[0.658314, 0.414715, -0.498682, 0.388166, 0.119204]
[0.654176, 0.339031, -0.49946, 0.336417, 0.086797]
[0.271928, 0.404436, -0.49976, 0.31203, 0.474689]
[0.585576, 0.200403, -0.49967, 0.337533, 0.206308]
[0.672696, 0.419123, -0.499348, 0.408005, 0.298219]
[0.309595, 0.269819, -0.499276, 0.474604, 0.098104]
[0.606642, 0.347278, -0.49852, 0.48011, 0.208991]
[0.482341, 0.180487, -0.499773, 0.248948, 0.190401]
[0.356018, 0.127585, -0.499982, 0.343591, 0.298121]
[0.309578, 0.150109, -0.498595, 0.447473, 0.342467]
[0.644868, 0.309508, -0.49873, 0.372793, 0.142815]
[0.38014, 0.17172, -0.499407, 0.308629, 0.063053]
[0.49618, 0.163824, -0.498927, 0.231007, 0.270599]
[0.674256, 0.47564, -0.499161, 0.404058, 0.427851]
[0.310223, 0.148446, -0.499366, 0.330932, 0.200783]
[0.426167, 0.27824, -0.499599, 0.425096, 0.388395]
[0.487429, 0.235807, -0.499516, 0.386294, 0.413409]
[0.596141, 0.228689, -0.498519, 0.306852, 0.388285]
[0.396538, 0.122139, -0.498436, 0.437577, 0.405537]
[0.575024, 0.485162, -0.498643, 0.488119, 0.291074]
[0.55199, 0.358445, -0.498552, 0.328196, 0.421594]
[0.391906, 0.123714, -0.498942, 0.251161, 0.335304]
[0.459166, 0.154299, -0.499876, 0.265581, 0.054321]
[0.369216, 0.303099, -0.499914, 0.423039, 0.336706]
[0.665385, 0.497891, -0.498529, 0.361193, 0.019338]
[0.521421, 0.270664, -0.499047, 0.245161, 0.219166]
[0.559572, 0.417159, -0.499867, 0.240874, 0.368285]
[0.333398, 0.451531, -0.499802, 0.252328, 0.352525]
[0.320431, 0.283554, -0.498817, 0.415934, 0.432904]
[0.382983, 0.292248, -0.499697, 0.353556, 0.035215]
[0.589975, 0.384016, -0.499643, 0.334646, 0.436168]
[0.5285, 0.177011, -0.498432, 0.263965, 0.106701]
[0.489163, 0.295609, -0.499994, 0.494237, 0.478448]
[0.330296, 0.29322, -0.499734, 0.484937, 0.323718]
[0.320652, 0.449476, -0.498941, 0.315398, 0.312818]
[0.276742, 0.175011, -0.49844, 0.375273, 0.005438]
[0.283898, 0.112351, -0.499863, 0.285201, 0.303852]
[0.65269, 0.320353, -0.49851, 0.492575, 0.180209]
[0.393507, 0.174289, -0.499822, 0.317134, 0.386265]
[0.567121, 0.412892, -0.499032, 0.338149, 0.167529]
[0.657965, 0.274778, -0.498426, 0.426687, 0.234076]
[0.450305, 0.37795, -0.499983, 0.249592, 0.352072]
[0.436316, 0.146932, -0.499962, 0.480681, 0.060352]
[0.608294, 0.319797, -0.499019, 0.336208, 0.311809]
[0.40275, 0.127568, -0.499492, 0.450514, 0.312968]
[0.616118, 0.344207, -0.499635, 0.364114, 0.15142]
[0.322212, 0.171727, -0.499179, 0.435315, 0.384947]
[0.47639, 0.158594, -0.498959, 0.488368, 0.156472]
[0.597164, 0.45242, -0.498947, 0.372032, 0.449368]
[0.424315, 0.278085, -0.498939, 0.367481, 0.236162]
[0.671834, 0.424345, -0.49934, 0.413856, 0.159618]
[0.368222, 0.496273, -0.499837, 0.474798, 0.49666]
[0.615955, 0.197497, -0.498518, 0.304215, 0.417005]
[0.465433, 0.19262, -0.499792, 0.469455, 0.10468]
[0.658703, 0.330309, -0.498806, 0.304875, 0.395628]
[0.509972, 0.350069, -0.499619, 0.297199, 0.374081]
[0.337091, 0.494598, -0.499434, 0.4828, 0.159294]
[0.409953, 0.175645, -0.499434, 0.431813, 0.050505]
[0.567508, 0.476299, -0.498568, 0.350979, 0.351126]
[0.482026, 0.206946, -0.498805, 0.385246, 0.294223]
[0.466075, 0.466023, -0.499165, 0.42105, 0.237591]
[0.594826, 0.357673, -0.499745, 0.404861, 0.243829]
[0.49319, 0.453172, -0.498509, 0.412244, 0.052709]
[0.630778, 0.349192, -0.499365, 0.411445, 0.149985]
[0.36257, 0.37588, -0.499084, 0.468872, 0.255875]
[0.679497, 0.430541, -0.498885, 0.301621, 0.38155]
[0.653076, 0.295044, -0.498448, 0.466762, 0.374759]
[0.45557, 0.129349, -0.499664, 0.421495, 0.383165]
[0.58614, 0.453752, -0.499965, 0.24676, 0.198312]
[0.409984, 0.368712, -0.499708, 0.476359, 0.486554]
[0.483797, 0.293959, -0.499693, 0.239976, 0.148188]
[0.480406, 0.124683, -0.499686, 0.452535, 0.01589]
[0.383616, 0.382315, -0.499596, 0.287808, 0.229441]
[0.390605, 0.315938, -0.499615, 0.391363, 0.221094]
[0.499074, 0.362965, -0.499344, 0.235088, 0.351839]
[0.387396, 0.217438, -0.499915, 0.434278, 0.4272]
[0.269833, 0.420673, -0.498454, 0.411646, 0.042795]
[0.570828, 0.45416, -0.498772, 0.452134, 0.4248]
[0.596745, 0.322556, -0.498696, 0.397012, 0.452747]
[0.43156, 0.26583, -0.499509, 0.317166, 0.426807]
[0.523734, 0.239494, -0.498511, 0.292219, 0.172783]
[0.393947, 0.13768, -0.498697, 0.393895, 0.063554]
[0.28101, 0.487415, -0.49886, 0.470611, 0.190324]
[0.321203, 0.170995, -0.499045, 0.308269, 0.241156]
[0.449043, 0.485371, -0.499913, 0.266224, 0.057134]
[0.616384, 0.271529, -0.499695, 0.262273, 0.433138]
[0.317727, 0.172683, -0.499116, 0.315274, 0.124396]
[0.588971, 0.120159, -0.499829, 0.285236, 0.466296]
[0.440642, 0.41884, -0.498559, 0.317476, 0.093736]
[0.311109, 0.355999, -0.498944, 0.481612, 0.024863]
[0.526708, 0.444408, -0.499318, 0.421299, 0.253457]
[0.393589, 0.499134, -0.499229, 0.235548, 0.41414]
[0.497228, 0.463494, -0.499338, 0.401137, 0.002824]
[0.387649, 0.336638, -0.499384, 0.393495, 0.052164]
[0.602594, 0.247998, -0.499595, 0.482416, 0.45624]
[0.6225, 0.298331, -0.499659, 0.269813, 0.142786]
[0.332421, 0.330862, -0.499513, 0.353622, 0.143388]
[0.627184, 0.339847, -0.499685, 0.427684, 0.482297]
[0.374667, 0.222817, -0.499344, 0.42314, 0.39387]
[0.616227, 0.187975, -0.499842, 0.316848, 0.253084]
[0.438267, 0.249852, -0.499019, 0.469996, 0.425063]
[0.597456, 0.228992, -0.498895, 0.323348, 0.012291]
[0.633183, 0.381505, -0.499312, 0.26848, 0.278199]
[0.331295, 0.116408, -0.49948, 0.320327, 0.127359]
[0.537525, 0.181306, -0.499855, 0.399598, 0.253646]
[0.2743, 0.349637, -0.499176, 0.322744, 0.027585]
[0.450499, 0.272885, -0.499234, 0.322811, 0.16643]
[0.579404, 0.19574, -0.499918, 0.334268, 0.313049]
[0.585368, 0.133226, -0.498594, 0.421184, 0.476763]
[0.376126, 0.129466, -0.499985, 0.391217, 0.260407]
[0.37156, 0.17869, -0.499357, 0.26558, 0.440809]
[0.641857, 0.374349, -0.49858, 0.331961, 0.053446]
[0.276355, 0.137305, -0.498534, 0.479685, 0.013936]
[0.290105, 0.394221, -0.499002, 0.296815, 0.010844]
[0.430237, 0.253566, -0.498819, 0.355731, 0.401173]
[0.377617, 0.295255, -0.498759, 0.239363, 0.148737]
[0.515095, 0.473042, -0.499022, 0.324027, 0.048973]
[0.497808, 0.132141, -0.49892, 0.454894, 0.044411]
[0.625479, 0.344922, -0.498582, 0.439789, 0.090159]
[0.483019, 0.17006, -0.499907, 0.396989, 0.322184]
[0.358109, 0.363837, -0.499205, 0.233351, 0.444844]
[0.568944, 0.462381, -0.498637, 0.442594, 0.11582]
[0.468567, 0.421119, -0.498807, 0.335142, 0.016241]
[0.552139, 0.126481, -0.499978, 0.370791, 0.490974]
[0.291694, 0.440143, -0.499225, 0.383347, 0.102304]
[0.342167, 0.484813, -0.498761, 0.449863, 0.266721]
[0.506193, 0.334711, -0.499698, 0.407924, 0.382606]
[0.381022, 0.16573, -0.499069, 0.365482, 0.058357]
[0.575551, 0.458296, -0.499555, 0.466794, 0.277408]
[0.289224, 0.492806, -0.499517, 0.366408, 0.482063]
[0.46243, 0.329759, -0.49926, 0.307242, 0.314536]
[0.362248, 0.418183, -0.498835, 0.494083, 0.341473]
[0.363776, 0.481456, -0.499484, 0.327207, 0.107439]
[0.416342, 0.297818, -0.498742, 0.339984, 0.047852]
[0.291746, 0.13879, -0.499729, 0.298241, 0.390512]
[0.630709, 0.368415, -0.499998, 0.419535, 0.400262]
[0.66026, 0.1493, -0.499144, 0.281014, 0.239367]
[0.646207, 0.235161, -0.499586, 0.416402, 0.038107]
[0.430207, 0.347798, -0.499169, 0.360512, 0.418499]
[0.512581, 0.37372, -0.498943, 0.478564, 0.461093]
[0.32721, 0.187973, -0.498622, 0.286758, 0.207851]
[0.550828, 0.299046, -0.499893, 0.466539, 0.009217]
[0.578959, 0.488426, -0.49941, 0.260321, 0.039785]
[0.377709, 0.136354, -0.499811, 0.329952, 0.090705]
[0.620927, 0.459472, -0.499952, 0.453001, 0.108523]
[0.458045, 0.293564, -0.499344, 0.474773, 0.198669]
[0.423953, 0.34217, -0.499568, 0.34434, 0.216694]
[0.309511, 0.298325, -0.498595, 0.295059, 0.107602]
[0.347242, 0.117828, -0.498942, 0.416843, 0.321328]
[0.449841, 0.142804, -0.49864, 0.356605, 0.090296]
[0.335567, 0.438823, -0.49948, 0.289773, 0.17316]
[0.660887, 0.444022, -0.499905, 0.32656, 0.172542]
[0.457311, 0.182256, -0.499074, 0.43133, 0.022794]
[0.55867, 0.346928, -0.499986, 0.243588, 0.216076]
[0.379051, 0.405536, -0.499299, 0.379632, 0.169031]
[0.416226, 0.377902, -0.499452, 0.282397, 0.003087]
[0.642054, 0.477864, -0.499956, 0.343221, 0.097576]
[0.461015, 0.161428, -0.499784, 0.239546, 0.408349]
[0.370293, 0.378922, -0.498499, 0.279325, 0.09649]
[0.572158, 0.273976, -0.49958, 0.241042, 0.267026]
[0.671488, 0.284193, -0.499302, 0.320951, 0.369022]
[0.595717, 0.397108, -0.4991, 0.250968, 0.201495]
[0.513345, 0.371586, -0.499261, 0.41255, 0.165131]
[0.396967, 0.268658, -0.499093, 0.48139, 0.004412]
[0.624756, 0.437796, -0.498493, 0.491335, 0.425135]
[0.647708, 0.494617, -0.499614, 0.461655, 0.194615]
[0.475368, 0.431192, -0.499233, 0.298412, 0.223792]
[0.412553, 0.437769, -0.499503, 0.302075, 0.311588]
[0.344317, 0.227539, -0.499447, 0.274584, 0.48449]
[0.339863, 0.399069, -0.49849, 0.42459, 0.178694]
[0.358407, 0.189053, -0.499058, 0.341067, 0.388186]
[0.447233, 0.394762, -0.499098, 0.374165, 0.301064]
[0.378032, 0.353955, -0.499375, 0.33947, 0.107568]
[0.482137, 0.341919, -0.498453, 0.282137, 0.199788]
[0.586803, 0.367804, -0.498778, 0.470495, 0.004777]
[0.547409, 0.451813, -0.499329, 0.344915, 0.472446]
[0.45039, 0.224352, -0.499234, 0.361176, 0.447617]
[0.56242, 0.359264, -0.49851, 0.280535, 0.224742]
[0.330842, 0.402969, -0.499743, 0.255187, 0.495275]
[0.360058, 0.267006, -0.498413, 0.482977, 0.384929]
[0.457436, 0.484015, -0.499237, 0.469326, 0.199472]
[0.308568, 0.17969, -0.498692, 0.353927, 0.325341]
[0.579542, 0.309532, -0.498976, 0.277346, 0.400022]
[0.453719, 0.166005, -0.49844, 0.482109, 0.070038]
[0.297755, 0.475653, -0.499193, 0.31932, 0.304885]
[0.676507, 0.185377, -0.499969, 0.375649, 0.448084]
[0.451968, 0.497257, -0.49873, 0.302432, 0.408575]
[0.392917, 0.219209, -0.498776, 0.290092, 0.143429]
[0.361796, 0.116041, -0.499566, 0.312382, 0.030267]
[0.288632, 0.322641, -0.499893, 0.429208, 0.11987]
[0.368737, 0.467242, -0.49872, 0.43757, 0.01661]
[0.355361, 0.383881, -0.498411, 0.291135, 0.054159]
[0.37561, 0.414937, -0.499549, 0.357114, 0.455194]
[0.650024, 0.172364, -0.499817, 0.376825, 0.130557]
[0.576473, 0.311684, -0.498682, 0.28467, 0.226436]
[0.65152, 0.273002, -0.499995, 0.268504, 0.041078]
[0.467956, 0.325838, -0.498986, 0.407789, 0.204652]
[0.407043, 0.149215, -0.499722, 0.229379, 0.240018]
[0.502755, 0.2432, -0.498919, 0.23862, 0.059594]
[0.62679, 0.243251, -0.498541, 0.354902, 0.082183]
[0.301872, 0.259265, -0.498549, 0.363597, 0.037545]
[0.482671, 0.322396, -0.499601, 0.306041, 0.003218]
[0.542751, 0.20256, -0.498545, 0.397474, 0.367611]
[0.509072, 0.26713, -0.498739, 0.26857, 0.305015]
[0.654012, 0.394223, -0.499163, 0.454893, 0.108444]
[0.402614, 0.334515, -0.498951, 0.315527, 0.202613]
[0.507372, 0.250787, -0.499097, 0.256773, 0.406628]
[0.644649, 0.191959, -0.499403, 0.238058, 0.449455]
[0.525919, 0.416063, -0.499187, 0.302966, 0.369498]
[0.497379, 0.145164, -0.49914, 0.438391, 0.138208]
[0.305769, 0.360591, -0.498883, 0.480775, 0.213122]
[0.654523, 0.439387, -0.499537, 0.40032, 0.371815]
[0.342586, 0.124789, -0.498561, 0.425184, 0.11271]
[0.336088, 0.153992, -0.498817, 0.423841, 0.14285]
[0.547805, 0.480519, -0.498998, 0.375333, 0.399319]
[0.494776, 0.476261, -0.499001, 0.304099, 0.131805]
[0.455947, 0.34873, -0.499118, 0.472542, 0.050903]
[0.462084, 0.317663, -0.498441, 0.306012, 0.469305]
[0.301819, 0.119095, -0.499605, 0.327865, 0.406221]
[0.678877, 0.395087, -0.499698, 0.487735, 0.185725]
[0.572221, 0.187189, -0.498633, 0.335481, 0.346169]
[0.517606, 0.413624, -0.499296, 0.491883, 0.07096]
[0.27735, 0.483477, -0.498611, 0.306456, 0.145018]
[0.592335, 0.180604, -0.499416, 0.414035, 0.393726]
[0.578209, 0.228646, -0.498787, 0.247334, 0.33894]
[0.395328, 0.238405, -0.499099, 0.466279, 0.174616]
[0.301697, 0.346636, -0.499301, 0.299302, 0.082068]
[0.333219, 0.228807, -0.499478, 0.391108, 0.352763]
[0.380298, 0.151076, -0.498551, 0.482511, 0.185178]
[0.503387, 0.277543, -0.499711, 0.389108, 0.384842]
[0.43551, 0.12727, -0.499084, 0.324163, 0.224399]
[0.288236, 0.161724, -0.499434, 0.482809, 0.298473]
[0.61705, 0.24049, -0.498525, 0.351661, 0.499749]
[0.626986, 0.137275, -0.499098, 0.445493, 0.088943]
[0.570361, 0.391013, -0.498981, 0.355644, 0.274339]
[0.443684, 0.482849, -0.498722, 0.412612, 0.322155]
[0.515994, 0.199793, -0.49886, 0.370981, 0.28217]
[0.556636, 0.415254, -0.499763, 0.478611, 0.360772]
[0.651273, 0.368188, -0.499747, 0.283624, 0.315069]
[0.304902, 0.42772, -0.499167, 0.463835, 0.126333]
[0.399818, 0.198407, -0.498946, 0.242529, 0.435161]
[0.437001, 0.315429, -0.499596, 0.406429, 0.185187]
[0.670296, 0.365027, -0.498546, 0.436745, 0.346939]
[0.337786, 0.344846, -0.499747, 0.338076, 0.487101]
[0.394822, 0.481533, -0.499421, 0.280856, 0.292417]
[0.632249, 0.136686, -0.499615, 0.45711, 0.478244]
[0.326561, 0.361996, -0.499812, 0.249892, 0.287354]
[0.305377, 0.428967, -0.499574, 0.49343, 0.255678]
[0.317802, 0.28332, -0.498591, 0.279856, 0.185355]
[0.441794, 0.361464, -0.499974, 0.320854, 0.277491]
[0.577419, 0.198075, -0.499723, 0.489174, 0.14484]
[0.455568, 0.347196, -0.499431, 0.260264, 0.15881]
[0.62247, 0.322257, -0.499645, 0.481334, 0.440085]
[0.429736, 0.218101, -0.499473, 0.403454, 0.46744]
[0.363841, 0.196344, -0.499417, 0.388446, 0.32076]
[0.483749, 0.304149, -0.499203, 0.288033, 0.192442]
[0.535004, 0.178087, -0.498488, 0.270578, 0.332609]
[0.298765, 0.15312, -0.499155, 0.414495, 0.351856]
[0.633245, 0.345557, -0.499687, 0.414141, 0.339145]
[0.661895, 0.468927, -0.499369, 0.324257, 0.052173]
[0.488039, 0.244202, -0.498775, 0.375835, 0.232565]
[0.526276, 0.284457, -0.499638, 0.439798, 0.026371]
[0.506902, 0.11662, -0.498633, 0.283715, 0.376174]
[0.357044, 0.136554, -0.498598, 0.340125, 0.207046]
[0.442246, 0.301187, -0.498573, 0.355777, 0.141781]
[0.580472, 0.203902, -0.49872, 0.417432, 0.071282]
[0.362517, 0.408595, -0.4991, 0.335785, 0.207603]
[0.585889, 0.33391, -0.498542, 0.26331, 0.286885]
[0.407904, 0.176191, -0.499344, 0.482418, 0.186145]
[0.480217, 0.366922, -0.499855, 0.326791, 0.110933]
[0.487403, 0.348382, -0.498901, 0.377243, 0.498519]
[0.437551, 0.301135, -0.499313, 0.452509, 0.405411]
[0.663497, 0.281182, -0.499114, 0.274046, 0.061331]
[0.546747, 0.219627, -0.498817, 0.452898, 0.491026]
[0.361432, 0.397452, -0.498689, 0.37051, 0.1312]
[0.350065, 0.305595, -0.498685, 0.380072, 0.181193]
[0.336739, 0.459816, -0.499787, 0.287395, 0.340685]
[0.344116, 0.223619, -0.499421, 0.403671, 0.233617]
[0.661473, 0.29753, -0.498429, 0.368881, 0.366246]
[0.455314, 0.488327, -0.499225, 0.454784, 0.318602]
[0.613892, 0.428417, -0.499712, 0.395566, 0.328168]
[0.553909, 0.2742, -0.498584, 0.429751, 0.319431]
[0.495726, 0.281294, -0.498547, 0.300944, 0.179549]
[0.363862, 0.450316, -0.498616, 0.498336, 0.139416]
[0.40209, 0.492996, -0.498681, 0.359261, 0.217047]
[0.551543, 0.428166, -0.49845, 0.496909, 0.235195]
[0.294047, 0.328564, -0.499116, 0.426831, 0.329359]
[0.482658, 0.229654, -0.499508, 0.355786, 0.387638]
[0.600648, 0.244166, -0.49934, 0.331214, 0.336688]
[0.51345, 0.140315, -0.499209, 0.465096, 0.246403]
[0.317407, 0.402299, -0.49935, 0.343771, 0.314748]
[0.55934, 0.447653, -0.499348, 0.314464, 0.179502]
[0.4392, 0.43961, -0.498585, 0.414791, 0.288866]
[0.547594, 0.293488, -0.498528, 0.304248, 0.347799]
[0.350728, 0.352309, -0.498884, 0.301048, 0.292407]
[0.446767, 0.432954, -0.499004, 0.236391, 0.378366]
[0.332156, 0.171744, -0.49892, 0.497333, 0.179186]
[0.339445, 0.364658, -0.499562, 0.4198, 0.040535]
[0.656156, 0.223262, -0.49913, 0.236695, 0.013699]
[0.39231, 0.321878, -0.499148, 0.29289, 0.309347]
[0.552242, 0.147513, -0.499382, 0.283543, 0.071006]
[0.478521, 0.235615, -0.499532, 0.388857, 0.312031]
[0.401649, 0.344211, -0.498663, 0.457552, 0.044588]
[0.442947, 0.272279, -0.498446, 0.478094, 0.291173]
[0.527647, 0.285998, -0.498846, 0.419598, 0.43566]
[0.287747, 0.484941, -0.499593, 0.366562, 0.263435]
[0.590319, 0.326546, -0.499584, 0.318804, 0.232994]
[0.494278, 0.473764, -0.498885, 0.368249, 0.184856]
[0.445923, 0.161379, -0.499868, 0.33791, 0.240468]
[0.498332, 0.223014, -0.499167, 0.270264, 0.109467]
[0.280856, 0.144468, -0.498442, 0.480916, 0.440612]
[0.270725, 0.3718, -0.498687, 0.363202, 0.253113]
[0.629225, 0.452826, -0.499435, 0.308474, 0.351474]
[0.296802, 0.304526, -0.499062, 0.312576, 0.143331]
[0.677368, 0.256472, -0.499582, 0.227374, 0.022659]
[0.534385, 0.43696, -0.49889, 0.323977, 0.145422]
[0.392536, 0.206501, -0.49923, 0.397151, 0.433447]
[0.518315, 0.197753, -0.499273, 0.385961, 0.398963]
[0.491286, 0.238274, -0.498851, 0.410295, 0.291867]
[0.601576, 0.362878, -0.498915, 0.490777, 0.023103]
[0.403577, 0.363145, -0.499733, 0.395832, 0.0985]
[0.300289, 0.35551, -0.499243, 0.488049, 0.456747]
[0.633116, 0.382083, -0.498482, 0.427977, 0.368607]
[0.373787, 0.176136, -0.498762, 0.246452, 0.077261]
[0.353017, 0.206035, -0.499449, 0.255434, 0.430588]
[0.65363, 0.455879, -0.498979, 0.463798, 0.489425]
[0.294723, 0.227001, -0.499911, 0.402252, 0.253592]
[0.479305, 0.491449, -0.498681, 0.477408, 0.014486]
[0.370209, 0.345869, -0.498544, 0.305695, 0.292288]
[0.595733, 0.287342, -0.498836, 0.425624, 0.003928]
[0.619598, 0.389316, -0.498658, 0.232514, 0.460975]
[0.356131, 0.14174, -0.499986, 0.353436, 0.46025]
[0.543377, 0.166792, -0.499806, 0.240167, 0.102279]
[0.479204, 0.292525, -0.499599, 0.343051, 0.168704]
[0.607416, 0.156995, -0.499262, 0.376775, 0.308308]
[0.28407, 0.380332, -0.499059, 0.371657, 0.325198]
[0.401429, 0.184787, -0.499333, 0.257327, 0.324891]
[0.636745, 0.454357, -0.499648, 0.376076, 0.023633]
[0.407397, 0.160154, -0.498895, 0.389566, 0.461715]
[0.58461, 0.235294, -0.499728, 0.31557, 0.199503]
[0.300867, 0.251314, -0.498664, 0.346612, 0.496771]
[0.600686, 0.285415, -0.498543, 0.281495, 0.335829]
[0.304674, 0.11563, -0.499554, 0.28833, 0.016192]
[0.67499, 0.46922, -0.499125, 0.336152, 0.343657]
[0.580881, 0.156978, -0.499672, 0.32985, 0.063889]
[0.400874, 0.282568, -0.499612, 0.452875, 0.279716]
[0.481934, 0.293903, -0.499983, 0.476738, 0.077285]
[0.289367, 0.264144, -0.499821, 0.393993, 0.189299]
[0.39851, 0.146902, -0.498598, 0.278116, 0.192232]
[0.573238, 0.392646, -0.499313, 0.420901, 0.140785]
[0.40328, 0.279678, -0.49971, 0.255521, 0.082574]
[0.335494, 0.478749, -0.498565, 0.252014, 0.123799]
[0.355303, 0.151586, -0.498484, 0.272117, 0.054239]
[0.432111, 0.246808, -0.499717, 0.278713, 0.175854]
[0.537036, 0.407832, -0.49843, 0.463361, 0.353378]
[0.278674, 0.150558, -0.498751, 0.239746, 0.195536]
[0.644728, 0.283772, -0.498574, 0.27206, 0.121865]
[0.614197, 0.196537, -0.499669, 0.432384, 0.248648]
[0.462895, 0.142305, -0.499064, 0.257301, 0.436378]
[0.643901, 0.228575, -0.499793, 0.466706, 0.278624]
[0.495179, 0.212679, -0.499308, 0.268492, 0.027193]
[0.370996, 0.367936, -0.498914, 0.316132, 0.025512]
[0.338084, 0.264236, -0.499317, 0.239356, 0.155399]
[0.456987, 0.261955, -0.498987, 0.306145, 0.474237]
[0.580884, 0.464428, -0.499716, 0.363938, 0.19833]
[0.636942, 0.187912, -0.499548, 0.311237, 0.368612]
[0.519315, 0.339214, -0.499869, 0.31042, 0.465803]
[0.573151, 0.155393, -0.499877, 0.373834, 0.068043]
[0.404041, 0.322681, -0.499504, 0.312885, 0.031465]
[0.610334, 0.39661, -0.49956, 0.356858, 0.108976]
[0.484718, 0.30764, -0.499879, 0.437493, 0.301303]
[0.41189, 0.127128, -0.498806, 0.337401, 0.126784]
[0.57197, 0.160771, -0.498715, 0.307161, 0.070303]
[0.525994, 0.410213, -0.498714, 0.454033, 0.31925]
[0.548818, 0.490829, -0.498605, 0.249246, 0.47048]
[0.509731, 0.185739, -0.499514, 0.25558, 0.422173]
[0.580593, 0.451573, -0.499068, 0.485163, 0.131888]
[0.439524, 0.26343, -0.498775, 0.432656, 0.384947]
[0.35187, 0.372794, -0.4987, 0.281483, 0.487851]
[0.305648, 0.414888, -0.499795, 0.426241, 0.087714]
[0.386901, 0.415846, -0.498541, 0.269715, 0.47401]
[0.384817, 0.212511, -0.498493, 0.377779, 0.198134]
[0.430353, 0.169752, -0.498897, 0.39374, 0.193958]
[0.65807, 0.173332, -0.498668, 0.382564, 0.336689]
[0.27353, 0.428059, -0.499538, 0.438851, 0.133665]
[0.602412, 0.151581, -0.498447, 0.360151, 0.277073]
[0.444795, 0.421615, -0.499202, 0.484608, 0.425114]
[0.49699, 0.203459, -0.49989, 0.48101, 0.187517]
[0.406098, 0.13837, -0.498808, 0.230971, 0.336093]
[0.354466, 0.230471, -0.499663, 0.445194, 0.27178]
[0.561505, 0.407843, -0.499389, 0.257687, 0.07189]
[0.489166, 0.44846, -0.498774, 0.262829, 0.251948]
[0.355309, 0.160389, -0.499145, 0.478182, 0.017612]
[0.636074, 0.178072, -0.499472, 0.37306, 0.2411]
[0.308652, 0.218064, -0.499484, 0.45418, 0.297375]
[0.474241, 0.117309, -0.498657, 0.406572, 0.172901]
[0.5925, 0.353904, -0.499319, 0.228824, 0.05147]
[0.456311, 0.477854, -0.499489, 0.39054, 0.073193]
[0.383299, 0.210962, -0.498807, 0.364242, 0.307155]
[0.494868, 0.271758, -0.49953, 0.30615, 0.276108]
[0.577808, 0.416817, -0.499774, 0.361202, 0.323268]
[0.570392, 0.357722, -0.499361, 0.463515, 0.17686]
[0.651035, 0.216966, -0.499911, 0.415168, 0.23934]
[0.514567, 0.483098, -0.499772, 0.395802, 0.428579]
[0.3535, 0.246541, -0.498597, 0.494528, 0.017076]
[0.320825, 0.406828, -0.499375, 0.475697, 0.219202]
[0.529246, 0.118065, -0.49919, 0.325923, 0.010894]
[0.297234, 0.409043, -0.499085, 0.247603, 0.461996]
[0.525812, 0.44066, -0.499116, 0.242827, 0.180044]
[0.629826, 0.125148, -0.498456, 0.384247, 0.227793]
[0.631105, 0.348263, -0.499476, 0.393945, 0.236573]
[0.56863, 0.37763, -0.499308, 0.404199, 0.181314]
[0.497762, 0.253175, -0.499441, 0.26095, 0.487074]
[0.277305, 0.472629, -0.499787, 0.483724, 0.088222]
[0.429155, 0.320884, -0.499472, 0.452982, 0.067883]
[0.376544, 0.459356, -0.498611, 0.301429, 0.072826]
[0.553332, 0.243758, -0.498463, 0.326931, 0.38268]
[0.481295, 0.232945, -0.498687, 0.433513, 0.039238]
[0.500843, 0.188988, -0.49937, 0.49381, 0.13264]
[0.634141, 0.149626, -0.499888, 0.478577, 0.435672]
[0.516398, 0.383574, -0.499024, 0.458012, 0.48035]
[0.530582, 0.396008, -0.498454, 0.46795, 0.118471]
[0.386752, 0.158856, -0.498661, 0.478297, 0.329124]
[0.370638, 0.112509, -0.49937, 0.45476, 0.222435]
[0.662249, 0.487954, -0.498737, 0.278782, 0.215308]
[0.506764, 0.371856, -0.499498, 0.281866, 0.361564]
[0.382255, 0.306596, -0.499907, 0.440384, 0.179311]
[0.428253, 0.27823, -0.499474, 0.388351, 0.061014]
[0.65094, 0.374636, -0.498993, 0.264961, 0.150228]
[0.607175, 0.334736, -0.49855, 0.352923, 0.015336]
[0.66036, 0.2231, -0.499954, 0.268073, 0.166621]
[0.283623, 0.461749, -0.498787, 0.43969, 0.343409]
[0.402524, 0.334315, -0.499571, 0.447923, 0.413673]
[0.488515, 0.434107, -0.498617, 0.367683, 0.220862]
[0.270139, 0.428059, -0.499067, 0.480848, 0.451863]
[0.629725, 0.405573, -0.499328, 0.388191, 0.09222]
[0.543689, 0.482508, -0.499743, 0.466604, 0.41026]
[0.443453, 0.223631, -0.498542, 0.387936, 0.349585]
[0.552423, 0.155493, -0.498732, 0.331188, 0.151447]
[0.523518, 0.294679, -0.49959, 0.454161, 0.448955]
[0.43806, 0.482881, -0.499613, 0.356389, 0.489488]
[0.608468, 0.421537, -0.499306, 0.265073, 0.19133]
[0.62722, 0.274955, -0.499545, 0.252601, 0.029293]
[0.475632, 0.23521, -0.499058, 0.247064, 0.125071]
[0.520539, 0.406738, -0.499144, 0.246675, 0.466906]
[0.515296, 0.245298, -0.498792, 0.467015, 0.450125]
[0.47916, 0.32204, -0.498614, 0.281148, 0.443216]
[0.380929, 0.126723, -0.499455, 0.239749, 0.218384]
[0.581064, 0.262021, -0.498931, 0.378005, 0.345537]
[0.404265, 0.186868, -0.498752, 0.305541, 0.309746]
[0.327919, 0.154046, -0.499082, 0.454935, 0.470722]
[0.359806, 0.410536, -0.498763, 0.473295, 0.414587]
[0.324377, 0.225195, -0.499467, 0.332875, 0.203869]
[0.360227, 0.436032, -0.499425, 0.261123, 0.093609]
[0.658918, 0.115285, -0.498521, 0.227651, 0.059922]
[0.353639, 0.204723, -0.499882, 0.368182, 0.107575]
[0.352329, 0.365947, -0.498585, 0.3328, 0.450507]
[0.347399, 0.264961, -0.499186, 0.277536, 0.122985]
[0.544162, 0.409317, -0.49998, 0.490299, 0.265079]
[0.521712, 0.117245, -0.499475, 0.235624, 0.023076]
[0.534534, 0.402388, -0.499027, 0.498022, 0.339809]
[0.563944, 0.379148, -0.499054, 0.476767, 0.060705]
[0.341154, 0.320636, -0.498793, 0.388109, 0.078508]
[0.454987, 0.42053, -0.499145, 0.33485, 0.372639]
[0.30481, 0.294428, -0.49872, 0.434303, 0.090293]
[0.420653, 0.301404, -0.498863, 0.383276, 0.32215]
[0.304471, 0.429611, -0.499991, 0.273843, 0.492412]
[0.630727, 0.248504, -0.499182, 0.457771, 0.246311]
[0.42759, 0.244656, -0.499844, 0.266372, 0.429194]
[0.668512, 0.172909, -0.498873, 0.388735, 0.327975]
[0.437629, 0.288861, -0.499526, 0.495415, 0.351386]
[0.47961, 0.171656, -0.499858, 0.422739, 0.311522]
[0.571362, 0.205373, -0.49954, 0.419793, 0.011268]
[0.296731, 0.439879, -0.498625, 0.318377, 0.00068]
[0.448378, 0.433276, -0.498822, 0.257229, 0.323815]
[0.633982, 0.220789, -0.498442, 0.346236, 0.436571]
[0.620126, 0.142757, -0.499432, 0.241407, 0.481268]
[0.290944, 0.358997, -0.499455, 0.469701, 0.015837]
[0.575565, 0.397996, -0.498926, 0.479577, 0.483058]
[0.529342, 0.304656, -0.499947, 0.433526, 0.378829]
[0.452668, 0.322985, -0.499094, 0.307998, 0.224916]
[0.439589, 0.404859, -0.498844, 0.384381, 0.123589]
[0.633277, 0.253874, -0.498816, 0.378139, 0.448879]
[0.377572, 0.230842, -0.499729, 0.24002, 0.242453]
[0.450459, 0.158222, -0.498542, 0.31549, 0.211413]
[0.660879, 0.295395, -0.49999, 0.313473, 0.212624]
[0.606605, 0.355457, -0.499542, 0.294482, 0.206356]
[0.415144, 0.215507, -0.499406, 0.362744, 0.33076]
[0.651408, 0.176434, -0.498899, 0.266965, 0.290346]
[0.269252, 0.455244, -0.499795, 0.254053, 0.272324]
[0.277989, 0.356289, -0.498778, 0.381102, 0.107375]
[0.400992, 0.486327, -0.498927, 0.455803, 0.298335]
[0.396424, 0.42239, -0.499457, 0.347174, 0.194447]
[0.523369, 0.327579, -0.499593, 0.416893, 0.09034]
[0.275026, 0.263513, -0.499359, 0.316356, 0.428595]
[0.634802, 0.382815, -0.499142, 0.495591, 0.152387]
[0.335842, 0.214358, -0.499909, 0.33787, 0.02349]
[0.595955, 0.329557, -0.498746, 0.498537, 0.148521]
[0.664263, 0.391741, -0.4991, 0.249531, 0.236121]
[0.461416, 0.489437, -0.499051, 0.249432, 0.094006]
[0.431262, 0.159308, -0.499675, 0.429783, 0.466805]
[0.383544, 0.470346, -0.499922, 0.291258, 0.172584]
[0.31968, 0.253873, -0.499998, 0.475791, 0.121637]
[0.32188, 0.457217, -0.499848, 0.248372, 0.252171]
[0.58191, 0.342017, -0.499915, 0.267973, 0.263014]
[0.525751, 0.469104, -0.499175, 0.297486, 0.006834]
[0.300119, 0.415369, -0.499235, 0.356504, 0.481764]
[0.451502, 0.242752, -0.499928, 0.343155, 0.13695]
[0.470293, 0.34125, -0.499464, 0.347627, 0.105958]
[0.330545, 0.359205, -0.499119, 0.428862, 0.133252]
[0.491852, 0.254183, -0.499522, 0.352645, 0.088506]
[0.599747, 0.441902, -0.498878, 0.382576, 0.150638]
[0.5741, 0.254886, -0.499505, 0.241896, 0.426618]
[0.304208, 0.4545, -0.498594, 0.425891, 0.490487]
[0.631187, 0.414706, -0.498788, 0.479582, 0.308689]
[0.52246, 0.472804, -0.499041, 0.418558, 0.033751]
[0.315282, 0.483617, -0.499552, 0.333052, 0.466857]
[0.555596, 0.13481, -0.499395, 0.477227, 0.376107]
[0.384447, 0.228283, -0.499282, 0.322221, 0.003619]
[0.302149, 0.496602, -0.499431, 0.348392, 0.297471]
[0.344933, 0.178246, -0.49869, 0.354705, 0.167271]
[0.479909, 0.378463, -0.499499, 0.477261, 0.483027]
[0.514174, 0.161935, -0.499301, 0.461515, 0.227756]
[0.606373, 0.310673, -0.499199, 0.34144, 0.265191]
[0.511349, 0.431231, -0.499425, 0.274731, 0.264455]
[0.352654, 0.489855, -0.498675, 0.289951, 0.415066]
[0.62978, 0.454713, -0.499389, 0.395549, 0.312195]
[0.549492, 0.188076, -0.499891, 0.313477, 0.397593]
[0.609577, 0.214378, -0.498874, 0.387139, 0.178745]
[0.460932, 0.308778, -0.499248, 0.418229, 0.370812]
[0.520816, 0.42097, -0.498639, 0.450269, 0.493139]
[0.348488, 0.389382, -0.499193, 0.2713, 0.036419]
[0.377355, 0.399648, -0.499338, 0.468076, 0.457935]
[0.43225, 0.322001, -0.499361, 0.291362, 0.026144]
[0.641049, 0.223693, -0.498434, 0.445954, 0.116761]
[0.569801, 0.192738, -0.499635, 0.38071, 0.040858]
[0.312968, 0.288644, -0.499101, 0.451891, 0.449277]
[0.440634, 0.430217, -0.499818, 0.279506, 0.290112]
[0.335274, 0.496081, -0.499378, 0.490039, 0.243418]
[0.617929, 0.17387, -0.499903, 0.47043, 0.200284]
[0.312753, 0.47039, -0.499986, 0.373502, 0.045327]
[0.633241, 0.408265, -0.499588, 0.300646, 0.441422]
[0.311131, 0.174609, -0.499553, 0.340453, 0.430328]
[0.444315, 0.251611, -0.499518, 0.230662, 0.081321]
[0.366605, 0.31186, -0.498646, 0.440325, 0.225809]
[0.280674, 0.174726, -0.499721, 0.373975, 0.338502]
[0.394036, 0.119195, -0.499972, 0.271069, 0.047825]
[0.53716, 0.41978, -0.498738, 0.334996, 0.132554]
[0.363819, 0.385154, -0.498519, 0.369816, 0.289096]
[0.412562, 0.270706, -0.499386, 0.393409, 0.274376]
[0.361336, 0.195018, -0.499767, 0.347353, 0.422318]
[0.663887, 0.21215, -0.49879, 0.432966, 0.177857]
[0.511845, 0.147947, -0.498423, 0.413876, 0.258634]
[0.6471, 0.266318, -0.49851, 0.284314, 0.122361]
[0.383549, 0.122909, -0.498929, 0.320408, 0.334093]
[0.582568, 0.499557, -0.498995, 0.230418, 0.024099]
[0.566447, 0.285621, -0.499802, 0.460309, 0.429508]
[0.678007, 0.275209, -0.49907, 0.303157, 0.114828]
[0.37832, 0.46968, -0.498839, 0.262592, 0.411937]
[0.492128, 0.194922, -0.498502, 0.402078, 0.376937]
[0.554239, 0.191778, -0.499807, 0.423493, 0.010824]
[0.371396, 0.442531, -0.498668, 0.433835, 0.288472]
[0.42045, 0.156062, -0.498846, 0.452222, 0.486344]
[0.606707, 0.470883, -0.49892, 0.495677, 0.230553]
[0.313986, 0.339581, -0.498869, 0.267769, 0.404712]
[0.317689, 0.159906, -0.49981, 0.39694, 0.189011]
[0.56018, 0.218398, -0.499864, 0.395607, 0.420525]
[0.501857, 0.246306, -0.499566, 0.391973, 0.140421]
[0.380859, 0.349817, -0.499008, 0.228213, 0.064933]
[0.443601, 0.398398, -0.499357, 0.41658, 0.099519]
[0.311005, 0.401355, -0.498949, 0.446166, 0.138226]
[0.437863, 0.432246, -0.498411, 0.258008, 0.432908]
[0.61251, 0.480523, -0.498992, 0.483261, 0.126211]
[0.406182, 0.421064, -0.499821, 0.30879, 0.327557]
[0.595194, 0.184123, -0.498636, 0.299295, 0.009201]
[0.495292, 0.13474, -0.499503, 0.462127, 0.24643]
[0.627531, 0.371994, -0.499257, 0.354815, 0.495925]
[0.660294, 0.215515, -0.499464, 0.275327, 0.257]
[0.453416, 0.153903, -0.499661, 0.363866, 0.467321]
[0.563752, 0.422439, -0.499015, 0.415248, 0.222191]
[0.643435, 0.194856, -0.499208, 0.366715, 0.382248]
[0.660979, 0.220129, -0.499864, 0.264022, 0.200661]
[0.481411, 0.438118, -0.498997, 0.350523, 0.174313]
[0.319869, 0.234286, -0.499104, 0.41889, 0.132804]
[0.478104, 0.488807, -0.499441, 0.376785, 0.284981]
[0.413903, 0.184422, -0.499511, 0.251205, 0.008642]
[0.483994, 0.124628, -0.49866, 0.292517, 0.444311]
[0.431793, 0.230525, -0.499441, 0.40119, 0.282586]
[0.430325, 0.214411, -0.498965, 0.373726, 0.064859]
[0.370825, 0.446115, -0.49863, 0.478362, 0.057685]
[0.586218, 0.19633, -0.499874, 0.236455, 0.296707]
[0.27625, 0.190515, -0.499185, 0.29609, 0.411015]
[0.395542, 0.3013, -0.498707, 0.399375, 0.429709]
[0.41087, 0.231325, -0.499217, 0.317324, 0.399213]
[0.592227, 0.49126, -0.498827, 0.320839, 0.356332]
[0.396961, 0.307978, -0.498903, 0.249849, 0.066204]
[0.28228, 0.33604, -0.499767, 0.249256, 0.397032]
[0.650368, 0.271072, -0.499039, 0.341524, 0.33376]
[0.623338, 0.142372, -0.499252, 0.245213, 0.436039]
[0.570177, 0.289542, -0.498954, 0.276222, 0.114021]
[0.506859, 0.157243, -0.499455, 0.391555, 0.212047]
[0.446352, 0.272652, -0.499862, 0.274093, 0.393285]
[0.675012, 0.48244, -0.498984, 0.371141, 0.028677]
[0.451439, 0.166631, -0.498431, 0.476559, 0.264773]
[0.402621, 0.229217, -0.499641, 0.252163, 0.282138]
[0.644808, 0.284023, -0.49929, 0.396253, 0.179899]
[0.343987, 0.210315, -0.499418, 0.306631, 0.410904]
[0.477812, 0.455542, -0.498426, 0.330731, 0.372748]
[0.304448, 0.474438, -0.499117, 0.49284, 0.364857]
[0.649166, 0.295828, -0.49884, 0.432137, 0.15944]
[0.446244, 0.440139, -0.498637, 0.263516, 0.205958]
[0.304599, 0.425881, -0.498675, 0.282785, 0.100566]
[0.469092, 0.206307, -0.499137, 0.330436, 0.398137]
[0.463471, 0.368921, -0.499397, 0.488245, 0.13951]
[0.585498, 0.497729, -0.499357, 0.294342, 0.191528]
[0.505817, 0.274225, -0.499872, 0.306824, 0.184714]
[0.370956, 0.115095, -0.499463, 0.294307, 0.364358]
[0.544566, 0.312595, -0.499277, 0.467568, 0.47516]
[0.472006, 0.275451, -0.499727, 0.413379, 0.456143]
[0.27863, 0.443489, -0.498548, 0.241519, 0.2291]
[0.500242, 0.203946, -0.499103, 0.406265, 0.165097]
[0.578344, 0.256878, -0.499406, 0.429076, 0.341777]
[0.356031, 0.193403, -0.499407, 0.387376, 0.426473]
[0.632762, 0.372497, -0.499061, 0.354289, 0.317338]
[0.643986, 0.227552, -0.499271, 0.419187, 0.19397]
[0.652131, 0.207878, -0.499557, 0.388114, 0.453867]
[0.273218, 0.41727, -0.499928, 0.321428, 0.122455]
[0.307986, 0.390404, -0.499089, 0.308307, 0.367348]
[0.519855, 0.21073, -0.499364, 0.323709, 0.241324]
[0.665371, 0.122624, -0.498465, 0.334861, 0.254509]
[0.662014, 0.486346, -0.499756, 0.427463, 0.375568]
[0.406302, 0.153911, -0.499668, 0.24705, 0.104191]
[0.617255, 0.377361, -0.499067, 0.311864, 0.335659]
[0.465901, 0.277071, -0.499882, 0.380661, 0.146905]
[0.294709, 0.172451, -0.498541, 0.343025, 0.489618]
[0.567668, 0.434437, -0.499997, 0.425194, 0.170409]
[0.461326, 0.249537, -0.499868, 0.252311, 0.099716]
[0.30975, 0.30773, -0.4995, 0.401756, 0.492786]
[0.580486, 0.151935, -0.499565, 0.32467, 0.070103]
[0.461017, 0.460048, -0.499893, 0.292477, 0.103796]
[0.656173, 0.478007, -0.499951, 0.314362, 0.48183]
[0.642592, 0.153002, -0.499558, 0.37167, 0.477067]
[0.344863, 0.372651, -0.498858, 0.422078, 0.144103]
[0.356172, 0.494569, -0.499006, 0.263913, 0.398004]
[0.564249, 0.202097, -0.498977, 0.438524, 0.041563]
[0.458245, 0.404776, -0.499205, 0.324481, 0.110367]
[0.315313, 0.420136, -0.49894, 0.275718, 0.342734]
[0.563611, 0.406083, -0.498673, 0.357367, 0.184207]
[0.495, 0.334745, -0.499229, 0.401196, 0.290471]
[0.542556, 0.134538, -0.498442, 0.47991, 0.082687]
[0.341904, 0.379717, -0.498597, 0.297208, 0.298412]
[0.436516, 0.355992, -0.499597, 0.389173, 0.489587]
[0.341916, 0.275865, -0.499653, 0.483214, 0.046188]
[0.372335, 0.284716, -0.499547, 0.483649, 0.48116]
[0.659482, 0.167432, -0.498676, 0.319065, 0.342472]
[0.494224, 0.447744, -0.499563, 0.476307, 0.172263]
[0.534841, 0.236229, -0.499301, 0.392815, 0.113914]
[0.599754, 0.273561, -0.499669, 0.353824, 0.110556]
[0.638821, 0.305825, -0.499083, 0.247945, 0.158439]
[0.591117, 0.245133, -0.499415, 0.352067, 0.214297]
[0.505489, 0.370537, -0.498561, 0.393471, 0.035399]
[0.612962, 0.236282, -0.499711, 0.414663, 0.073774]
[0.596604, 0.164738, -0.499927, 0.473838, 0.269672]
[0.277165, 0.270247, -0.498576, 0.334525, 0.073725]
[0.506404, 0.315224, -0.499367, 0.294526, 0.138805]
[0.294024, 0.396765, -0.498631, 0.390686, 0.460315]
[0.511842, 0.119764, -0.499684, 0.487929, 0.073049]
[0.513407, 0.488263, -0.499971, 0.270161, 0.264666]
[0.599976, 0.214688, -0.499942, 0.25923, 0.177773]
[0.490932, 0.205609, -0.499653, 0.396928, 0.24164]
[0.528335, 0.34808, -0.499984, 0.295974, 0.472514]
[0.306229, 0.401306, -0.499049, 0.494189, 0.323462]
[0.504306, 0.318889, -0.499037, 0.436866, 0.176805]
[0.468621, 0.398642, -0.49952, 0.291553, 0.230129]
[0.679045, 0.470607, -0.498609, 0.354437, 0.242049]
[0.676379, 0.474033, -0.499566, 0.448983, 0.036037]
[0.399136, 0.432105, -0.499455, 0.430402, 0.081775]
[0.524091, 0.493851, -0.499322, 0.405826, 0.460431]
[0.61227, 0.499876, -0.499313, 0.373422, 0.117978]
[0.358791, 0.205856, -0.499653, 0.436139, 0.459814]
[0.502325, 0.39645, -0.499742, 0.425206, 0.107721]
[0.378507, 0.27385, -0.499595, 0.398461, 0.467044]
[0.344566, 0.453383, -0.498758, 0.316753, 0.18917]
[0.551762, 0.453416, -0.499113, 0.330079, 0.064361]
[0.494269, 0.310212, -0.498687, 0.272339, 0.139747]
[0.350077, 0.322046, -0.499804, 0.319383, 0.074723]
[0.467065, 0.318838, -0.499613, 0.380753, 0.132381]
[0.313012, 0.151583, -0.499676, 0.398561, 0.436485]
[0.321438, 0.496555, -0.49931, 0.441277, 0.326057]
[0.628146, 0.36358, -0.499404, 0.454907, 0.066099]
[0.420555, 0.299228, -0.499994, 0.401048, 0.355949]
[0.320609, 0.498566, -0.498851, 0.449252, 0.371472]
[0.336321, 0.428551, -0.499714, 0.325097, 0.058943]
[0.596524, 0.212233, -0.499738, 0.364252, 0.368012]
[0.286502, 0.156919, -0.498551, 0.273732, 0.193252]
[0.338748, 0.28865, -0.499702, 0.229237, 0.137908]
[0.586483, 0.124349, -0.498613, 0.417103, 0.282149]
[0.67238, 0.214829, -0.498511, 0.359902, 0.346575]
[0.608797, 0.191128, -0.49917, 0.433332, 0.462613]
[0.335909, 0.324378, -0.498762, 0.291142, 0.269286]
[0.374141, 0.452766, -0.499089, 0.42013, 0.315524]
[0.321434, 0.353174, -0.499163, 0.499858, 0.176282]
[0.633089, 0.316446, -0.499387, 0.348137, 0.285162]
[0.289522, 0.250045, -0.499286, 0.387348, 0.20909]
[0.455254, 0.380716, -0.498768, 0.32715, 0.266142]
[0.660981, 0.277157, -0.499742, 0.397835, 0.103643]
[0.417254, 0.237846, -0.499402, 0.497169, 0.043998]
[0.613142, 0.172132, -0.499521, 0.487545, 0.289162]
[0.427178, 0.383662, -0.498815, 0.265864, 0.181107]
[0.56583, 0.209613, -0.498703, 0.468077, 0.164801]
[0.658111, 0.476075, -0.498619, 0.358924, 0.017843]
[0.376693, 0.395821, -0.498908, 0.303681, 0.302604]
[0.678617, 0.359523, -0.49954, 0.228888, 0.346824]
[0.610706, 0.339891, -0.499203, 0.438162, 0.354685]
[0.389304, 0.391582, -0.498945, 0.356766, 0.001693]
[0.507671, 0.259434, -0.499957, 0.402253, 0.292328]
[0.317375, 0.284102, -0.499122, 0.291832, 0.192595]
[0.531719, 0.149888, -0.499052, 0.371177, 0.406964]
[0.648063, 0.447119, -0.499695, 0.29048, 0.057537]
[0.668831, 0.323557, -0.498625, 0.386642, 0.153616]
[0.609453, 0.154175, -0.499033, 0.340068, 0.451208]
[0.523709, 0.490343, -0.498586, 0.326625, 0.071676]
[0.496934, 0.183774, -0.498558, 0.42779, 0.425972]
[0.297733, 0.352372, -0.498641, 0.369391, 0.010374]
[0.535472, 0.375253, -0.498979, 0.409547, 0.042154]
[0.406646, 0.212536, -0.498855, 0.34366, 0.158925]
[0.427997, 0.48417, -0.498478, 0.362385, 0.356048]
[0.391675, 0.17297, -0.49966, 0.494009, 0.420133]
[0.582372, 0.188512, -0.499407, 0.254948, 0.130308]
[0.380884, 0.372884, -0.49882, 0.39703, 0.420371]
[0.584009, 0.17986, -0.49992, 0.385371, 0.188443]
[0.5658, 0.382823, -0.499386, 0.437649, 0.077496]
[0.398038, 0.290684, -0.498585, 0.463879, 0.316308]
[0.3045, 0.202685, -0.499963, 0.25174, 0.438663]
[0.507367, 0.35974, -0.498451, 0.423435, 0.342096]
[0.475916, 0.370316, -0.499938, 0.488435, 0.165228]
[0.375499, 0.434421, -0.498842, 0.457479, 0.147063]
[0.288934, 0.378191, -0.498567, 0.3163, 0.040317]
[0.475594, 0.182912, -0.49981, 0.36334, 0.268995]
[0.352493, 0.118321, -0.498681, 0.446325, 0.183717]
[0.439022, 0.360695, -0.499015, 0.238629, 0.306008]
[0.473493, 0.496, -0.499039, 0.267153, 0.127902]
[0.27359, 0.46869, -0.499033, 0.309601, 0.389623]
[0.523256, 0.175347, -0.498783, 0.237612, 0.443783]
[0.451874, 0.307658, -0.499401, 0.365721, 0.398442]
[0.293421, 0.274442, -0.49943, 0.345086, 0.492922]
[0.372571, 0.164296, -0.499952, 0.318646, 0.297504]
[0.451797, 0.161659, -0.499196, 0.280961, 0.038215]
[0.421459, 0.423739, -0.498468, 0.498712, 0.486621]
[0.627324, 0.483575, -0.499975, 0.409478, 0.265751]
[0.42722, 0.123355, -0.499064, 0.362963, 0.465879]
[0.514343, 0.297391, -0.499072, 0.303187, 0.014557]
[0.532044, 0.304868, -0.498779, 0.270614, 0.10756]
[0.471071, 0.224278, -0.499322, 0.230924, 0.435153]
[0.631714, 0.213665, -0.499105, 0.457293, 0.421598]
[0.503082, 0.144402, -0.499174, 0.472775, 0.093793]
[0.567178, 0.297743, -0.499344, 0.369497, 0.338657]
[0.398347, 0.194074, -0.499802, 0.265816, 0.075723]
[0.348923, 0.256805, -0.498573, 0.492636, 0.315789]
[0.654986, 0.16517, -0.499419, 0.323616, 0.382304]
[0.471694, 0.177816, -0.49882, 0.284874, 0.36728]
[0.343667, 0.445519, -0.499285, 0.344819, 0.41542]
[0.659645, 0.366746, -0.49943, 0.387531, 0.472156]
[0.345878, 0.152452, -0.498629, 0.463186, 0.189573]
[0.438455, 0.462964, -0.498454, 0.265395, 0.043236]
[0.394782, 0.20086, -0.499634, 0.228901, 0.314147]
[0.364894, 0.172029, -0.499712, 0.490448, 0.266568]
[0.581189, 0.382829, -0.499653, 0.245965, 0.474908]
[0.540771, 0.1274, -0.499495, 0.367227, 0.425592]
[0.59083, 0.18678, -0.499292, 0.338028, 0.193671]
[0.525015, 0.267115, -0.499967, 0.262776, 0.354626]
[0.386361, 0.133945, -0.499868, 0.275558, 0.383473]
[0.408054, 0.446773, -0.499104, 0.443715, 0.410188]
[0.649118, 0.212369, -0.499128, 0.267872, 0.123596]
[0.673335, 0.261939, -0.499535, 0.244853, 0.498313]
[0.651656, 0.366392, -0.499839, 0.461793, 0.255262]
[0.296712, 0.465154, -0.498572, 0.28751, 0.174507]
[0.530024, 0.166784, -0.499217, 0.347224, 0.19575]
[0.655481, 0.11696, -0.498939, 0.294361, 0.126809]
[0.526148, 0.451717, -0.499049, 0.27365, 0.394295]
[0.394972, 0.493109, -0.499687, 0.482607, 0.489781]
[0.270126, 0.145354, -0.499141, 0.361063, 0.09436]
[0.398734, 0.391433, -0.498588, 0.376685, 0.143504]
[0.319764, 0.166848, -0.498947, 0.448146, 0.119582]
[0.566878, 0.47704, -0.499597, 0.434751, 0.31761]
[0.628133, 0.293391, -0.499776, 0.367855, 0.254163]
[0.668402, 0.371475, -0.49916, 0.283493, 0.077088]
[0.346519, 0.180011, -0.498937, 0.41587, 0.193195]
[0.564635, 0.20563, -0.498442, 0.320274, 0.131366]
[0.318823, 0.152165, -0.498739, 0.288639, 0.291357]
[0.296645, 0.158878, -0.498616, 0.364431, 0.05704]
[0.668661, 0.11378, -0.498673, 0.404341, 0.259127]
[0.50841, 0.407359, -0.499517, 0.371992, 0.347647]
[0.434752, 0.11798, -0.498913, 0.365582, 0.083835]
[0.509212, 0.498534, -0.499376, 0.249091, 0.36702]
[0.289289, 0.31067, -0.498497, 0.403578, 0.087257]
[0.401055, 0.451471, -0.498733, 0.273621, 0.470704]
[0.594536, 0.385518, -0.499487, 0.334009, 0.425285]
[0.352032, 0.194926, -0.498686, 0.444785, 0.115726]
[0.602364, 0.467135, -0.499948, 0.471151, 0.151189]
[0.512163, 0.297426, -0.499638, 0.370652, 0.035804]
[0.67654, 0.242682, -0.499715, 0.292698, 0.014625]
[0.346995, 0.34009, -0.49873, 0.462054, 0.12819]
[0.376414, 0.428337, -0.499667, 0.233552, 0.49792]
[0.27672, 0.448761, -0.49855, 0.250868, 0.426718]
[0.468526, 0.362893, -0.498823, 0.424865, 0.223438]
[0.352953, 0.405011, -0.49939, 0.395248, 0.228503]
[0.283558, 0.378233, -0.499068, 0.477764, 0.167124]
[0.435999, 0.355822, -0.499813, 0.366424, 0.012126]
[0.631004, 0.155272, -0.498745, 0.229939, 0.184697]
[0.60807, 0.255033, -0.499772, 0.318246, 0.415436]
[0.481983, 0.18557, -0.498457, 0.238954, 0.086506]
[0.281366, 0.143828, -0.498688, 0.391534, 0.198541]
[0.2943, 0.300899, -0.49862, 0.393484, 0.47962]
[0.462479, 0.441829, -0.498412, 0.323921, 0.018881]
[0.417666, 0.185363, -0.499674, 0.47272, 0.007898]
[0.438624, 0.452753, -0.498898, 0.326274, 0.269199]
[0.472256, 0.144393, -0.499673, 0.395242, 0.410249]
[0.559731, 0.456391, -0.499843, 0.48135, 0.003687]
[0.57211, 0.471722, -0.499812, 0.280248, 0.313637]
[0.631006, 0.121217, -0.498441, 0.247071, 0.440767]
[0.431805, 0.207198, -0.498568, 0.461598, 0.468999]
[0.500964, 0.271622, -0.49925, 0.495634, 0.421345]
[0.541285, 0.209038, -0.498748, 0.260359, 0.264831]
[0.330656, 0.128307, -0.49924, 0.298095, 0.003986]
[0.561269, 0.175488, -0.499036, 0.452965, 0.128525]
[0.670887, 0.460979, -0.499129, 0.378788, 0.253997]
[0.486012, 0.375052, -0.499762, 0.29168, 0.481249]
[0.457735, 0.409365, -0.499295, 0.346089, 0.33411]
[0.419236, 0.495212, -0.499619, 0.277323, 0.059532]
[0.575148, 0.1708, -0.498813, 0.339744, 0.130491]
[0.398848, 0.28551, -0.498896, 0.325236, 0.379278]
[0.572687, 0.457528, -0.498525, 0.477899, 0.482962]
[0.63971, 0.284561, -0.498733, 0.44596, 0.052214]
[0.328996, 0.211125, -0.499179, 0.227512, 0.184737]
[0.509358, 0.339592, -0.498771, 0.454451, 0.147438]
[0.473814, 0.1296, -0.49992, 0.3143, 0.492875]
[0.26955, 0.187902, -0.498776, 0.393633, 0.072349]
[0.376484, 0.238338, -0.499569, 0.367988, 0.051392]
[0.658267, 0.114492, -0.499718, 0.437138, 0.495426]
[0.413902, 0.298817, -0.4985, 0.289719, 0.345903]
[0.345075, 0.239355, -0.498759, 0.465293, 0.110327]
[0.358891, 0.480848, -0.499105, 0.410502, 0.021686]
[0.435703, 0.391715, -0.499381, 0.280515, 0.246043]
[0.610345, 0.399255, -0.499243, 0.406889, 0.024195]
[0.315702, 0.424979, -0.499704, 0.270558, 0.075475]
[0.668957, 0.354116, -0.49919, 0.469458, 0.434184]
[0.366401, 0.410864, -0.498438, 0.359999, 0.489915]
[0.520964, 0.442797, -0.49977, 0.441945, 0.404915]
[0.551341, 0.268151, -0.499945, 0.373212, 0.105652]
[0.564296, 0.432251, -0.499221, 0.233753, 0.289782]
[0.609346, 0.334077, -0.499589, 0.251649, 0.251103]
[0.323228, 0.175486, -0.499621, 0.337668, 0.351155]
[0.597664, 0.2268, -0.498629, 0.234527, 0.071667]
[0.594699, 0.313845, -0.499566, 0.336727, 0.403414]
[0.306366, 0.24606, -0.498461, 0.342068, 0.138555]
[0.273583, 0.250729, -0.499405, 0.349892, 0.426742]
[0.486966, 0.441809, -0.499028, 0.434444, 0.102512]
[0.328551, 0.455616, -0.5, 0.413516, 0.13635]
[0.654867, 0.31335, -0.499167, 0.442404, 0.023964]
[0.433352, 0.193607, -0.498416, 0.28143, 0.273875]
[0.641127, 0.181964, -0.499967, 0.487045, 0.017868]
[0.326242, 0.204173, -0.498856, 0.316724, 0.262652]
[0.360903, 0.302354, -0.498493, 0.383435, 0.395577]
[0.600355, 0.495924, -0.498844, 0.307993, 0.224771]
[0.398108, 0.449617, -0.499003, 0.354458, 0.124461]
[0.369188, 0.155446, -0.499128, 0.281513, 0.146334]
[0.519527, 0.16909, -0.499297, 0.424522, 0.225204]
[0.443976, 0.438446, -0.499557, 0.331465, 0.160279]
[0.607262, 0.370463, -0.499277, 0.243163, 0.256707]
[0.275595, 0.33506, -0.499565, 0.466464, 0.328692]
[0.522794, 0.139121, -0.499822, 0.307716, 0.309938]
[0.354504, 0.17615, -0.498459, 0.369197, 0.131341]
[0.301861, 0.174632, -0.499518, 0.28729, 0.170794]
[0.471487, 0.204839, -0.499344, 0.3899, 0.343772]
[0.539808, 0.20059, -0.499266, 0.323948, 0.022542]
[0.28959, 0.354887, -0.499034, 0.497574, 0.317752]
[0.37063, 0.472434, -0.499332, 0.245063, 0.296009]
[0.562977, 0.275657, -0.499748, 0.298264, 0.067415]
[0.57912, 0.356602, -0.49951, 0.325161, 0.204624]
[0.396578, 0.318478, -0.498559, 0.45446, 0.065531]
[0.460389, 0.28829, -0.498897, 0.490441, 0.444692]
[0.537332, 0.491341, -0.499687, 0.270075, 0.316575]
[0.563959, 0.450359, -0.499734, 0.406168, 0.124663]
[0.4082, 0.22538, -0.498461, 0.43375, 0.249054]
[0.614927, 0.115249, -0.499453, 0.300077, 0.066404]
[0.303398, 0.359057, -0.499449, 0.423878, 0.420952]
[0.358766, 0.256528, -0.499715, 0.425698, 0.403293]
[0.308206, 0.346596, -0.499617, 0.279378, 0.492402]
[0.527798, 0.475185, -0.499703, 0.406408, 0.028647]
[0.523801, 0.353572, -0.499981, 0.395073, 0.051666]
[0.329812, 0.499278, -0.498858, 0.39578, 0.233826]
[0.526841, 0.139801, -0.498663, 0.413617, 0.163761]
[0.675564, 0.30561, -0.499117, 0.357181, 0.068116]
[0.598519, 0.259559, -0.498914, 0.293554, 0.42814]
[0.321814, 0.384317, -0.499839, 0.281683, 0.048533]
[0.678893, 0.183816, -0.499353, 0.387333, 0.042086]
[0.502332, 0.173302, -0.499213, 0.247055, 0.280919]
[0.32153, 0.17411, -0.499335, 0.44683, 0.158171]
[0.483707, 0.420518, -0.499125, 0.462115, 0.075125]
[0.298643, 0.442222, -0.499095, 0.336398, 0.455491]
[0.551439, 0.149649, -0.499728, 0.260527, 0.062659]
[0.610521, 0.151679, -0.498496, 0.425263, 0.462354]
[0.525864, 0.153152, -0.499343, 0.358723, 0.313371]
[0.321947, 0.377845, -0.499568, 0.423165, 0.305751]
[0.353324, 0.179837, -0.499757, 0.427806, 0.156379]
[0.629482, 0.164286, -0.498521, 0.361089, 0.470183]
[0.593917, 0.284608, -0.498621, 0.336488, 0.260303]
[0.548422, 0.1618, -0.499164, 0.253891, 0.343342]
[0.52425, 0.426626, -0.49922, 0.355019, 0.224996]
[0.414609, 0.356169, -0.49989, 0.377718, 0.335165]
[0.65867, 0.161466, -0.499076, 0.306071, 0.120331]
[0.602958, 0.298276, -0.499603, 0.410837, 0.192779]
[0.338505, 0.186068, -0.498581, 0.46075, 0.21908]
[0.39668, 0.121906, -0.499857, 0.249366, 0.045279]
[0.385947, 0.185428, -0.499098, 0.458177, 0.26493]
[0.388674, 0.416883, -0.499768, 0.273433, 0.370929]
[0.300676, 0.194011, -0.498959, 0.313312, 0.269301]
[0.611308, 0.138144, -0.499917, 0.495116, 0.194017]
[0.546661, 0.294949, -0.499439, 0.454175, 0.289826]
[0.394918, 0.35013, -0.499501, 0.261892, 0.326598]
[0.290553, 0.445535, -0.498745, 0.416799, 0.37667]
[0.5221, 0.39256, -0.499932, 0.434968, 0.390227]
[0.5162, 0.242736, -0.499512, 0.46041, 0.269923]
[0.586248, 0.31042, -0.499355, 0.337275, 0.431996]
[0.299552, 0.345606, -0.499938, 0.319071, 0.262871]
[0.41287, 0.221872, -0.49912, 0.421647, 0.46389]
[0.484319, 0.209552, -0.499667, 0.422487, 0.047018]
[0.341949, 0.32816, -0.498596, 0.382643, 0.216984]
[0.322912, 0.468804, -0.499379, 0.416573, 0.064397]
[0.384151, 0.160771, -0.498587, 0.491659, 0.108001]
[0.468946, 0.200845, -0.498965, 0.369508, 0.326013]
[0.41689, 0.369924, -0.499427, 0.360467, 0.427775]
[0.4752, 0.294125, -0.499447, 0.444342, 0.288016]
[0.469553, 0.311264, -0.499011, 0.366521, 0.221916]
[0.656, 0.262765, -0.498794, 0.260349, 0.068646]
[0.463382, 0.386727, -0.498599, 0.481772, 0.273371]
[0.641372, 0.270836, -0.498803, 0.340371, 0.163095]
[0.352746, 0.139281, -0.499335, 0.266782, 0.351236]
[0.382122, 0.266319, -0.498837, 0.36665, 0.475815]
[0.523648, 0.312906, -0.498816, 0.339572, 0.128788]
[0.393554, 0.273185, -0.498907, 0.326783, 0.092351]
[0.366205, 0.140525, -0.499679, 0.318369, 0.192037]
[0.485423, 0.426643, -0.499768, 0.286062, 0.219369]
[0.623192, 0.435319, -0.49945, 0.3312, 0.165916]
[0.455543, 0.298514, -0.499538, 0.273867, 0.071457]
[0.634095, 0.492589, -0.499585, 0.479885, 0.42305]
[0.615624, 0.415896, -0.499318, 0.262224, 0.21551]
[0.577794, 0.154636, -0.499119, 0.492059, 0.187044]
[0.364841, 0.380758, -0.499789, 0.312344, 0.160644]
[0.484881, 0.481733, -0.499234, 0.382368, 0.230092]
[0.538262, 0.259314, -0.498605, 0.430124, 0.441365]
[0.623766, 0.254781, -0.499773, 0.294485, 0.377465]
[0.676721, 0.270267, -0.499449, 0.386882, 0.425407]
[0.291126, 0.120607, -0.498805, 0.340152, 0.189525]
[0.534149, 0.355885, -0.498627, 0.249088, 0.23824]
[0.449078, 0.219063, -0.499578, 0.250987, 0.197185]
[0.384949, 0.300835, -0.499059, 0.301536, 0.39328]
[0.579094, 0.340225, -0.499603, 0.277881, 0.356131]
[0.365491, 0.357581, -0.499516, 0.270648, 0.100909]
[0.319414, 0.159005, -0.498686, 0.345549, 0.277349]
[0.316833, 0.267962, -0.499719, 0.289667, 0.128748]
[0.402638, 0.493057, -0.498989, 0.25963, 0.497182]
[0.338297, 0.207296, -0.499175, 0.258936, 0.176159]
[0.631401, 0.477962, -0.4999, 0.390193, 0.197885]
[0.464966, 0.357422, -0.499985, 0.45716, 0.056971]
[0.676658, 0.487923, -0.499415, 0.292683, 0.41677]
[0.40527, 0.16551, -0.499049, 0.371162, 0.274034]
[0.37917, 0.141116, -0.49998, 0.273025, 0.372455]
[0.679066, 0.212842, -0.499558, 0.283858, 0.150266]
[0.348735, 0.387387, -0.499526, 0.380006, 0.304491]
[0.28597, 0.428338, -0.499135, 0.282851, 0.109585]
[0.346292, 0.132954, -0.499192, 0.254919, 0.111401]
[0.41142, 0.399192, -0.499483, 0.443526, 0.458737]
[0.448616, 0.339348, -0.499182, 0.244397, 0.33239]
[0.556706, 0.374422, -0.499034, 0.317326, 0.225542]
[0.489696, 0.271723, -0.498917, 0.485224, 0.365991]
[0.320841, 0.174678, -0.4997, 0.433545, 0.42438]
[0.307581, 0.361219, -0.49938, 0.410908, 0.390759]
[0.321476, 0.274157, -0.499843, 0.344579, 0.404702]
[0.28125, 0.157311, -0.499342, 0.460219, 0.023495]
[0.449464, 0.178097, -0.498443, 0.355013, 0.238149]
[0.630877, 0.23729, -0.49905, 0.384413, 0.438478]
[0.667843, 0.153404, -0.499114, 0.277834, 0.352223]
[0.458476, 0.123959, -0.499354, 0.25885, 0.153324]
[0.31543, 0.316593, -0.499401, 0.45829, 0.077525]
[0.543532, 0.30166, -0.498692, 0.332306, 0.43904]
[0.464532, 0.43338, -0.49954, 0.486353, 0.050583]
[0.496169, 0.269334, -0.499891, 0.398347, 0.009634]
[0.670927, 0.219319, -0.49903, 0.42489, 0.408126]
[0.634626, 0.424429, -0.499242, 0.289275, 0.040831]
[0.375154, 0.212935, -0.499027, 0.253502, 0.16118]
[0.673067, 0.173699, -0.499131, 0.36129, 0.439313]
[0.468134, 0.379884, -0.499231, 0.239761, 0.065889]
[0.654152, 0.306393, -0.498935, 0.387324, 0.040843]
[0.50472, 0.205253, -0.499381, 0.47198, 0.464991]
[0.671232, 0.301895, -0.499905, 0.495697, 0.383575]
[0.552668, 0.189734, -0.499963, 0.359323, 0.149798]
[0.408073, 0.30218, -0.499488, 0.373487, 0.405895]
[0.678181, 0.317087, -0.49925, 0.37289, 0.414609]
[0.470052, 0.48768, -0.499027, 0.396759, 0.422192]
[0.561996, 0.129907, -0.498784, 0.399053, 0.375696]
[0.622084, 0.486479, -0.498996, 0.468748, 0.18146]
[0.428877, 0.282596, -0.49882, 0.252288, 0.364802]
[0.462008, 0.329252, -0.498969, 0.39585, 0.009355]
[0.30759, 0.365562, -0.49925, 0.275883, 0.139947]
[0.470937, 0.359088, -0.499579, 0.433393, 0.088541]
[0.363951, 0.279562, -0.499143, 0.31961, 0.482954]
[0.477997, 0.481801, -0.499709, 0.451906, 0.346257]
[0.506626, 0.237594, -0.498725, 0.357119, 0.061913]
[0.528163, 0.33014, -0.499617, 0.449867, 0.218207]
[0.437097, 0.197132, -0.498521, 0.240311, 0.011406]
[0.294879, 0.402543, -0.499922, 0.260028, 0.35916]
[0.599193, 0.310302, -0.49906, 0.299196, 0.329179]
[0.592457, 0.4488, -0.498859, 0.258084, 0.459686]
[0.577926, 0.45634, -0.499428, 0.379668, 0.110283]
[0.646793, 0.262764, -0.499377, 0.269458, 0.090377]
[0.669215, 0.214022, -0.499877, 0.27589, 0.167761]
[0.556696, 0.369038, -0.499334, 0.362522, 0.093557]
[0.611178, 0.440682, -0.498684, 0.3495, 0.258282]
[0.554605, 0.470336, -0.499461, 0.414601, 0.005329]
[0.362354, 0.415412, -0.499733, 0.425691, 0.198943]
[0.580494, 0.432038, -0.49973, 0.275019, 0.333594]
[0.36378, 0.17828, -0.499536, 0.283969, 0.181822]
[0.59011, 0.258889, -0.499784, 0.457725, 0.036414]
[0.32082, 0.293281, -0.498594, 0.310526, 0.232508]
[0.42395, 0.477718, -0.499521, 0.330061, 0.058789]
[0.619739, 0.237605, -0.499184, 0.338262, 0.013544]
[0.609776, 0.226059, -0.499475, 0.388582, 0.206455]
[0.270198, 0.435712, -0.498822, 0.439696, 0.473258]
[0.673396, 0.182872, -0.4999, 0.242345, 0.306378]
[0.516236, 0.437799, -0.498736, 0.333171, 0.227422]
[0.526896, 0.348814, -0.499952, 0.460444, 0.244]
[0.366917, 0.219928, -0.498891, 0.277627, 0.321215]
[0.283972, 0.39949, -0.499764, 0.479919, 0.028]
[0.364255, 0.368725, -0.499558, 0.338493, 0.341177]
[0.629128, 0.241638, -0.498428, 0.455922, 0.413204]
[0.574542, 0.357621, -0.499541, 0.422109, 0.142608]
[0.664107, 0.149471, -0.49852, 0.486114, 0.406166]
[0.271683, 0.368517, -0.498877, 0.33726, 0.200182]
[0.610743, 0.122467, -0.499565, 0.383264, 0.338713]
[0.467112, 0.313221, -0.499678, 0.468721, 0.162503]
[0.49416, 0.197159, -0.498703, 0.360763, 0.254879]
[0.610463, 0.259143, -0.499796, 0.249802, 0.211407]
[0.519685, 0.205851, -0.499559, 0.35498, 0.477314]
[0.506474, 0.279142, -0.499499, 0.459648, 0.385655]
[0.481876, 0.243496, -0.499149, 0.30826, 0.487866]
[0.553055, 0.360133, -0.498811, 0.44463, 0.016935]
[0.300723, 0.296497, -0.499325, 0.386842, 0.263754]
[0.387654, 0.443586, -0.499747, 0.295937, 0.430596]
[0.567639, 0.124063, -0.499299, 0.302176, 0.221297]
[0.604943, 0.438488, -0.499363, 0.437289, 0.071246]
[0.627679, 0.11954, -0.49978, 0.288473, 0.17484]
[0.348144, 0.196924, -0.499897, 0.228444, 0.02415]
[0.582605, 0.449749, -0.498655, 0.284805, 0.335335]
[0.361444, 0.200096, -0.499646, 0.402561, 0.34322]
[0.569266, 0.397309, -0.499472, 0.420263, 0.364192]
[0.477642, 0.299544, -0.49925, 0.420887, 0.285792]
[0.572067, 0.144704, -0.498411, 0.2361, 0.39684]
[0.635128, 0.390053, -0.498712, 0.414085, 0.259293]
[0.547092, 0.298413, -0.499874, 0.257051, 0.03834]
[0.532216, 0.208416, -0.499032, 0.310342, 0.130698]
[0.315197, 0.385288, -0.498408, 0.227329, 0.125314]
[0.346696, 0.425331, -0.49872, 0.320901, 0.235307]
[0.565102, 0.361454, -0.499206, 0.254716, 0.429286]
[0.536028, 0.128259, -0.498476, 0.246908, 0.273197]
[0.456677, 0.480003, -0.498709, 0.310307, 0.170546]
[0.270541, 0.302193, -0.499388, 0.378483, 0.108776]
[0.341451, 0.469377, -0.49877, 0.476323, 0.312334]
[0.481763, 0.439081, -0.49967, 0.493345, 0.415512]
[0.369082, 0.186489, -0.499956, 0.333194, 0.3504]
[0.516585, 0.382268, -0.498601, 0.376837, 0.483892]
[0.365863, 0.407712, -0.498421, 0.372629, 0.130646]
[0.669054, 0.479831, -0.499306, 0.36805, 0.479929]
[0.578694, 0.285071, -0.499172, 0.322849, 0.376492]
[0.281138, 0.27644, -0.499259, 0.306647, 0.176121]
[0.29059, 0.421489, -0.498531, 0.486699, 0.181626]
[0.301257, 0.459657, -0.498694, 0.465763, 0.478494]
[0.533677, 0.335086, -0.499166, 0.406054, 0.424218]
[0.357978, 0.192457, -0.499153, 0.308861, 0.211999]
[0.488464, 0.193654, -0.498657, 0.232902, 0.110024]
[0.577252, 0.195995, -0.499186, 0.407169, 0.324092]
[0.276676, 0.266061, -0.499775, 0.399418, 0.189489]
[0.331348, 0.453397, -0.498728, 0.403433, 0.187161]
[0.656312, 0.358982, -0.498637, 0.423111, 0.010547]
[0.491513, 0.144702, -0.49966, 0.26617, 0.217349]
[0.632822, 0.171759, -0.498743, 0.445943, 0.32542]
[0.554263, 0.331288, -0.499643, 0.279326, 0.184088]
[0.28947, 0.114057, -0.49976, 0.488968, 0.192418]
[0.375115, 0.220576, -0.498957, 0.350938, 0.477261]
[0.459358, 0.145429, -0.498488, 0.406363, 0.493239]
[0.613273, 0.255352, -0.499374, 0.458954, 0.06691]
[0.640084, 0.470867, -0.499066, 0.439139, 0.155095]
[0.518021, 0.197908, -0.498761, 0.342407, 0.227096]
[0.299717, 0.225449, -0.498429, 0.242892, 0.343791]
[0.52991, 0.356058, -0.499359, 0.338464, 0.381586]
[0.378794, 0.13307, -0.499607, 0.442318, 0.014595]
[0.490986, 0.409431, -0.498726, 0.39576, 0.264707]
[0.302979, 0.493366, -0.498791, 0.415693, 0.195427]
[0.605604, 0.389386, -0.49885, 0.470211, 0.298139]
[0.50958, 0.476707, -0.49983, 0.449623, 0.034891]
[0.32022, 0.194659, -0.499614, 0.319385, 0.054574]
[0.598269, 0.204311, -0.499416, 0.272122, 0.480944]
[0.342539, 0.215043, -0.499046, 0.324887, 0.303962]
[0.436171, 0.181987, -0.499824, 0.297932, 0.336605]
[0.606345, 0.29112, -0.499195, 0.428005, 0.28101]
[0.540872, 0.431629, -0.498421, 0.237763, 0.211013]
[0.332259, 0.335757, -0.499931, 0.36723, 0.20987]
[0.304356, 0.399717, -0.498544, 0.362524, 0.089372]
[0.647019, 0.354224, -0.499276, 0.239271, 0.050912]
[0.577225, 0.332394, -0.498727, 0.259424, 0.094538]
[0.605067, 0.116618, -0.498896, 0.336244, 0.082429]
[0.65699, 0.220414, -0.499988, 0.453785, 0.252111]
[0.277181, 0.249511, -0.499616, 0.487839, 0.335708]
[0.362272, 0.322187, -0.498681, 0.476371, 0.436646]
[0.589194, 0.476356, -0.49982, 0.414514, 0.137841]
[0.624208, 0.170101, -0.499192, 0.317189, 0.093294]
[0.390764, 0.259719, -0.498421, 0.34916, 0.18583]
[0.471824, 0.389959, -0.498593, 0.298147, 0.233568]
[0.596023, 0.210757, -0.498967, 0.472572, 0.185567]
[0.448907, 0.365462, -0.4996, 0.440917, 0.337811]
[0.594795, 0.276232, -0.498896, 0.338192, 0.422129]
[0.509977, 0.177662, -0.498848, 0.376366, 0.433229]
[0.44124, 0.185512, -0.498494, 0.372674, 0.290907]
[0.548954, 0.2428, -0.499156, 0.292, 0.002504]
[0.556149, 0.412463, -0.499647, 0.274205, 0.226061]
[0.298916, 0.426596, -0.499136, 0.460097, 0.141485]
[0.665949, 0.37767, -0.499235, 0.302586, 0.110536]
[0.327633, 0.36208, -0.4998, 0.371053, 0.112347]
[0.378156, 0.335883, -0.49935, 0.274864, 0.375569]
[0.503599, 0.274467, -0.498931, 0.35796, 0.01428]
[0.657809, 0.257457, -0.499574, 0.279709, 0.146524]
[0.400149, 0.29033, -0.498895, 0.467979, 0.029157]
[0.439464, 0.428394, -0.499975, 0.3688, 0.367812]
[0.465528, 0.205163, -0.499476, 0.459933, 0.439441]
[0.496413, 0.280738, -0.49917, 0.48128, 0.215307]
[0.529377, 0.398713, -0.499236, 0.304215, 0.494643]
[0.280431, 0.497134, -0.49872, 0.304823, 0.421947]
[0.352829, 0.386507, -0.498837, 0.480557, 0.25854]
[0.543281, 0.451806, -0.499125, 0.310125, 0.009229]
[0.47774, 0.260378, -0.499142, 0.319095, 0.347341]
[0.564912, 0.280958, -0.498528, 0.270663, 0.377745]
[0.399406, 0.48731, -0.498685, 0.486327, 0.306035]
[0.438876, 0.273537, -0.499789, 0.395113, 0.026985]
[0.564058, 0.327371, -0.499634, 0.465703, 0.354834]
[0.495791, 0.228587, -0.49842, 0.306157, 0.354128]
[0.441226, 0.451441, -0.499455, 0.398099, 0.318005]
[0.47394, 0.363874, -0.499271, 0.348165, 0.333088]
[0.301559, 0.301498, -0.499395, 0.453393, 0.166729]
[0.355116, 0.3765, -0.498584, 0.44744, 0.247428]
[0.296508, 0.173819, -0.499812, 0.246171, 0.050508]
[0.54694, 0.258127, -0.498855, 0.32267, 0.466871]
[0.625874, 0.455691, -0.499749, 0.347854, 0.23582]
[0.298045, 0.492888, -0.499161, 0.467442, 0.271069]
[0.340834, 0.229866, -0.499335, 0.427586, 0.461138]
[0.274182, 0.434921, -0.498524, 0.23714, 0.052116]
[0.438556, 0.201412, -0.498615, 0.46048, 0.006176]
[0.451199, 0.258659, -0.499678, 0.270043, 0.435565]
[0.31512, 0.379017, -0.499761, 0.276236, 0.483206]
[0.40542, 0.442682, -0.498416, 0.323823, 0.326912]
[0.334349, 0.275584, -0.499894, 0.287072, 0.012755]
[0.587645, 0.449998, -0.499008, 0.290193, 0.359757]
[0.405059, 0.280266, -0.499606, 0.309801, 0.180734]
[0.460966, 0.437794, -0.499467, 0.430954, 0.260741]
[0.362306, 0.190922, -0.499864, 0.408168, 0.33356]
[0.50515, 0.138681, -0.499813, 0.307828, 0.143685]
[0.541567, 0.27183, -0.498409, 0.444302, 0.09109]
[0.610075, 0.115439, -0.499472, 0.437222, 0.166336]
[0.406372, 0.263783, -0.498514, 0.363849, 0.147314]
[0.551253, 0.12997, -0.499851, 0.457643, 0.252015]
[0.321256, 0.412003, -0.499219, 0.367084, 0.171966]
[0.650648, 0.209472, -0.4993, 0.318784, 0.396608]
[0.631961, 0.235313, -0.4992, 0.48708, 0.144152]
[0.393549, 0.168001, -0.499434, 0.454469, 0.047027]
[0.525481, 0.223068, -0.499564, 0.253402, 0.092556]
[0.35873, 0.482757, -0.499339, 0.299697, 0.491806]
[0.368199, 0.489512, -0.499833, 0.271662, 0.010285]
[0.453384, 0.398064, -0.499642, 0.367281, 0.344422]
[0.667453, 0.433925, -0.49852, 0.417009, 0.407039]
[0.331747, 0.464233, -0.499274, 0.423809, 0.378151]
[0.404852, 0.233288, -0.49883, 0.485645, 0.096317]
[0.275306, 0.151832, -0.499064, 0.431721, 0.436383]
[0.536411, 0.349114, -0.498478, 0.229365, 0.1263]
[0.475076, 0.26483, -0.498553, 0.371361, 0.314931]
[0.643482, 0.179291, -0.499207, 0.247108, 0.450755]
[0.613198, 0.248628, -0.499905, 0.320027, 0.075141]
[0.424001, 0.224879, -0.499476, 0.247958, 0.082188]
[0.499775, 0.466532, -0.499602, 0.321884, 0.415068]
[0.335119, 0.335725, -0.498982, 0.46334, 0.296432]
[0.469102, 0.499754, -0.499158, 0.314538, 0.359354]
[0.522529, 0.258891, -0.499956, 0.24118, 0.258284]
[0.649626, 0.152828, -0.499973, 0.330931, 0.010157]
[0.634185, 0.449229, -0.499111, 0.476811, 0.398302]
[0.295026, 0.458859, -0.499036, 0.453449, 0.437587]
[0.328083, 0.372989, -0.498857, 0.448294, 0.120539]
[0.333629, 0.27793, -0.498913, 0.299345, 0.441405]
[0.624648, 0.258284, -0.498717, 0.248785, 0.463234]
[0.533034, 0.374778, -0.498636, 0.407235, 0.004334]
[0.30814, 0.212402, -0.499676, 0.498517, 0.447301]
[0.320666, 0.184141, -0.498987, 0.447967, 0.015647]
[0.57043, 0.453562, -0.499, 0.30279, 0.378228]
[0.620432, 0.228065, -0.499028, 0.264153, 0.32115]
[0.557604, 0.175271, -0.499291, 0.438959, 0.202553]
[0.553221, 0.460542, -0.498756, 0.293627, 0.332066]
[0.613931, 0.315284, -0.499038, 0.402312, 0.488429]
[0.388986, 0.160823, -0.498478, 0.336193, 0.341509]
[0.604352, 0.439319, -0.49906, 0.365972, 0.123856]
[0.420624, 0.198158, -0.499809, 0.34799, 0.191999]
[0.397579, 0.222169, -0.499645, 0.441838, 0.08973]
[0.472175, 0.359989, -0.49935, 0.319615, 0.215471]
[0.394076, 0.14852, -0.499942, 0.316416, 0.021045]
[0.331176, 0.316764, -0.499175, 0.251555, 0.451565]
[0.527975, 0.206963, -0.498491, 0.2367, 0.340311]
[0.413021, 0.459374, -0.499725, 0.233409, 0.167464]
[0.499633, 0.445285, -0.499206, 0.323615, 0.167902]
[0.274936, 0.368178, -0.499488, 0.423826, 0.397642]
[0.45238, 0.469904, -0.498773, 0.467289, 0.208683]
[0.476835, 0.351538, -0.499717, 0.423393, 0.154468]
[0.558845, 0.159969, -0.499829, 0.47299, 0.448118]
[0.350178, 0.364385, -0.499873, 0.380868, 0.192767]
[0.368868, 0.115588, -0.499097, 0.248477, 0.280041]
[0.335586, 0.188611, -0.49875, 0.3913, 0.37567]
[0.667479, 0.308597, -0.499093, 0.360775, 0.07138]
[0.466956, 0.457021, -0.499367, 0.341948, 0.32219]
[0.465567, 0.464898, -0.499041, 0.335624, 0.484806]
[0.412331, 0.325884, -0.499012, 0.262441, 0.066982]
[0.428064, 0.419043, -0.499523, 0.228709, 0.449858]
[0.520567, 0.321247, -0.499705, 0.332183, 0.27512]
[0.659525, 0.283168, -0.499736, 0.276369, 0.188085]
[0.339164, 0.422107, -0.499169, 0.319178, 0.384377]
[0.632426, 0.491085, -0.499346, 0.324425, 0.264397]
[0.615267, 0.431647, -0.498626, 0.420813, 0.092383]
[0.321381, 0.409363, -0.49903, 0.460785, 0.345431]
[0.363813, 0.381971, -0.498853, 0.497392, 0.446171]
[0.645966, 0.354507, -0.499427, 0.479963, 0.08305]
[0.273845, 0.486679, -0.499349, 0.290599, 0.094986]
[0.357066, 0.176447, -0.499446, 0.461913, 0.24218]
[0.562524, 0.190495, -0.499802, 0.4237, 0.196751]
[0.496729, 0.399724, -0.499504, 0.391261, 0.062205]
[0.444899, 0.270237, -0.499119, 0.497965, 0.020315]
[0.476056, 0.318069, -0.49941, 0.291591, 0.334657]
[0.320127, 0.27044, -0.498537, 0.327252, 0.285523]
[0.394565, 0.382986, -0.498944, 0.481355, 0.345654]
[0.6655, 0.298153, -0.498797, 0.374897, 0.34726]
[0.318375, 0.190719, -0.499768, 0.303378, 0.162886]
[0.480607, 0.211556, -0.498893, 0.405629, 0.134569]
[0.67906, 0.123082, -0.499818, 0.299889, 0.453284]
[0.277476, 0.135728, -0.499426, 0.349473, 0.08931]
[0.569662, 0.409636, -0.498414, 0.250915, 0.442717]
[0.349937, 0.118856, -0.499381, 0.387707, 0.032462]
[0.437509, 0.347142, -0.498781, 0.318012, 0.155572]
[0.658097, 0.128799, -0.499886, 0.24282, 0.281156]
[0.487584, 0.489084, -0.499566, 0.428459, 0.081011]
[0.334938, 0.430394, -0.498535, 0.338434, 0.34683]
[0.462973, 0.327579, -0.498466, 0.320663, 0.455307]
[0.270367, 0.124554, -0.498915, 0.492983, 0.021663]
[0.512157, 0.488417, -0.499431, 0.458037, 0.337061]
[0.625301, 0.330229, -0.498895, 0.470792, 0.045502]
[0.388089, 0.26981, -0.499552, 0.438941, 0.185161]
[0.553346, 0.32534, -0.499175, 0.259321, 0.157718]
[0.378421, 0.384479, -0.4987, 0.350727, 0.114857]
[0.612187, 0.484492, -0.499411, 0.477427, 0.424658]
[0.45099, 0.357547, -0.498761, 0.389192, 0.489328]
[0.584121, 0.485698, -0.499017, 0.40196, 0.391279]
[0.539371, 0.484908, -0.498997, 0.393938, 0.190711]
[0.37319, 0.322482, -0.498792, 0.340516, 0.091373]
[0.436153, 0.153249, -0.499459, 0.339955, 0.067621]
[0.589178, 0.320837, -0.499722, 0.452966, 0.200824]
[0.429263, 0.376091, -0.499355, 0.412383, 0.102356]
[0.272282, 0.437501, -0.499079, 0.252834, 0.071967]
[0.501953, 0.268565, -0.499717, 0.364068, 0.286784]
[0.430913, 0.429363, -0.49952, 0.394478, 0.324253]
[0.303122, 0.195285, -0.499276, 0.23395, 0.163042]
[0.660599, 0.401066, -0.499265, 0.424112, 0.485649]
[0.573594, 0.354051, -0.499929, 0.480026, 0.486301]
[0.475894, 0.467477, -0.499591, 0.267914, 0.13]
[0.607961, 0.294033, -0.499867, 0.354784, 0.164305]
[0.404561, 0.23612, -0.498853, 0.311427, 0.489301]
[0.27079, 0.362874, -0.49863, 0.416657, 0.061582]
[0.537044, 0.212435, -0.499772, 0.256246, 0.294517]
[0.5829, 0.47137, -0.499377, 0.393431, 0.443725]
[0.507576, 0.271898, -0.498643, 0.257951, 0.090387]
[0.533503, 0.32928, -0.499059, 0.331276, 0.264056]
[0.450629, 0.405741, -0.49872, 0.491577, 0.427949]
[0.281688, 0.330371, -0.499541, 0.416531, 0.441963]
[0.638349, 0.296519, -0.499913, 0.311223, 0.287038]
[0.373987, 0.25226, -0.499678, 0.33804, 0.221064]
[0.512637, 0.178623, -0.498508, 0.359017, 0.255653]
[0.494064, 0.322734, -0.499651, 0.395849, 0.248853]
[0.439702, 0.267565, -0.499223, 0.410007, 0.07712]
[0.658222, 0.118706, -0.498691, 0.344664, 0.420526]
[0.344025, 0.39575, -0.499411, 0.343174, 0.05998]
[0.598758, 0.434739, -0.498676, 0.395839, 0.047287]
[0.364221, 0.180644, -0.499146, 0.417472, 0.487793]
[0.668896, 0.163424, -0.499587, 0.465778, 0.014512]
[0.486954, 0.446513, -0.498973, 0.416555, 0.190021]
[0.470084, 0.405462, -0.499833, 0.453086, 0.008999]
[0.46979, 0.306753, -0.499565, 0.48047, 0.144734]
[0.573323, 0.267839, -0.49984, 0.412735, 0.273789]
[0.494409, 0.242133, -0.499457, 0.42951, 0.393889]
[0.415874, 0.352734, -0.499983, 0.242658, 0.297709]
[0.380321, 0.470452, -0.499621, 0.345432, 0.353236]
[0.558838, 0.212065, -0.499503, 0.409716, 0.047478]
[0.469912, 0.195079, -0.499669, 0.461, 0.403076]
[0.669896, 0.122654, -0.49844, 0.348281, 0.440125]
[0.43319, 0.317023, -0.499704, 0.290632, 0.112266]
[0.494867, 0.462848, -0.499799, 0.424811, 0.482113]
[0.381354, 0.467411, -0.499422, 0.442407, 0.084037]
[0.586624, 0.401165, -0.498451, 0.237737, 0.459875]
[0.477651, 0.372051, -0.498741, 0.376783, 0.150432]
[0.627892, 0.303353, -0.498901, 0.478504, 0.285303]
[0.412434, 0.168489, -0.499215, 0.380234, 0.451573]
[0.377423, 0.200224, -0.498864, 0.338475, 0.252165]
[0.532497, 0.372124, -0.49851, 0.358864, 0.48682]
[0.452651, 0.232442, -0.498459, 0.45306, 0.013775]
[0.463023, 0.386147, -0.499848, 0.312294, 0.276193]
[0.382411, 0.179875, -0.499233, 0.285132, 0.236754]
[0.38774, 0.293841, -0.499347, 0.285609, 0.372899]
[0.3909, 0.146258, -0.498491, 0.366907, 0.300457]
[0.670163, 0.170743, -0.499949, 0.242095, 0.082029]
[0.636221, 0.317541, -0.499389, 0.450625, 0.168234]
[0.663463, 0.187517, -0.498972, 0.491212, 0.239742]
[0.305014, 0.499381, -0.499644, 0.247677, 0.266663]
[0.470023, 0.221368, -0.499742, 0.37924, 0.352454]
[0.478191, 0.41806, -0.499358, 0.374888, 0.296829]
[0.550474, 0.367296, -0.499327, 0.235803, 0.298264]
[0.374586, 0.325876, -0.499106, 0.409861, 0.183625]
[0.404253, 0.261798, -0.499417, 0.484722, 0.054935]
[0.453552, 0.358466, -0.498959, 0.47466, 0.217663]
[0.598557, 0.17016, -0.499718, 0.374285, 0.167322]
[0.351153, 0.369321, -0.499024, 0.359855, 0.119775]
[0.536765, 0.407373, -0.498421, 0.319112, 0.260859]
[0.428049, 0.258038, -0.498927, 0.447042, 0.071399]
[0.441249, 0.230937, -0.499964, 0.367314, 0.089179]
[0.621914, 0.380587, -0.49866, 0.499091, 0.044311]
[0.543708, 0.329241, -0.499002, 0.329149, 0.360883]
[0.383606, 0.235546, -0.499849, 0.301262, 0.366813]
[0.315289, 0.430446, -0.499312, 0.261545, 0.079425]
[0.32247, 0.37435, -0.499882, 0.34892, 0.449584]
[0.421861, 0.235628, -0.499873, 0.348104, 0.33729]
[0.555595, 0.187792, -0.498593, 0.463352, 0.274795]
[0.299922, 0.13966, -0.498905, 0.30921, 0.066819]
[0.563537, 0.33369, -0.499289, 0.434754, 0.141283]
[0.380689, 0.435085, -0.499488, 0.241683, 0.383477]
[0.673194, 0.449583, -0.499531, 0.426455, 0.434172]
[0.316117, 0.323012, -0.499798, 0.397983, 0.325572]
[0.604466, 0.120312, -0.498438, 0.264474, 0.262047]
[0.471211, 0.199978, -0.498561, 0.294421, 0.166189]
[0.620777, 0.133975, -0.498538, 0.468839, 0.102982]
[0.599459, 0.2859, -0.498525, 0.298047, 0.144497]
[0.563471, 0.130679, -0.498753, 0.357642, 0.203852]
[0.505716, 0.125815, -0.498864, 0.403478, 0.049625]
[0.290431, 0.141239, -0.499973, 0.456643, 0.452784]
[0.573395, 0.406311, -0.499112, 0.464511, 0.367893]
[0.357543, 0.16348, -0.498881, 0.491279, 0.328817]
[0.271944, 0.14133, -0.499715, 0.340402, 0.423452]
[0.523915, 0.210082, -0.499319, 0.346573, 0.447605]
[0.398227, 0.453426, -0.499798, 0.299761, 0.007982]
[0.303785, 0.435916, -0.498856, 0.310895, 0.250978]
[0.578649, 0.250282, -0.499727, 0.379727, 0.380902]
[0.554508, 0.392674, -0.499935, 0.346009, 0.136396]
[0.40078, 0.415777, -0.499662, 0.447053, 0.038516]
[0.543021, 0.157374, -0.499786, 0.487829, 0.194036]
[0.382022, 0.116477, -0.498533, 0.403471, 0.000742]
[0.677927, 0.211931, -0.498726, 0.263329, 0.490614]
[0.613023, 0.19334, -0.499947, 0.372551, 0.411392]
[0.327297, 0.251612, -0.498548, 0.450352, 0.257459]
[0.622724, 0.293837, -0.49891, 0.435891, 0.266065]
[0.434916, 0.27444, -0.499756, 0.393465, 0.246302]
[0.30296, 0.489816, -0.499551, 0.276473, 0.151542]
[0.490212, 0.22232, -0.499479, 0.399697, 0.447391]
[0.287079, 0.427146, -0.498608, 0.386373, 0.065423]
[0.370746, 0.267006, -0.498479, 0.241372, 0.085408]
[0.590588, 0.213643, -0.499956, 0.400343, 0.351051]
[0.539447, 0.284298, -0.499943, 0.298176, 0.141424]
[0.377328, 0.227902, -0.499367, 0.411028, 0.485696]
[0.330218, 0.408236, -0.49867, 0.287738, 0.358967]
[0.461323, 0.481501, -0.499324, 0.421835, 0.244102]
[0.586466, 0.402116, -0.499512, 0.4359, 0.173656]
[0.353447, 0.372549, -0.498497, 0.248784, 0.180032]
[0.368657, 0.237137, -0.498846, 0.280384, 0.069462]
[0.296568, 0.281039, -0.498963, 0.380375, 0.185921]
[0.633381, 0.354285, -0.499986, 0.381671, 0.155442]
[0.642043, 0.150015, -0.498454, 0.232191, 0.498672]
[0.55063, 0.290601, -0.499462, 0.333273, 0.398569]
[0.454402, 0.323227, -0.499034, 0.498303, 0.080845]
[0.607245, 0.21784, -0.49982, 0.384689, 0.488568]
[0.393804, 0.147779, -0.499338, 0.463986, 0.116737]
[0.323831, 0.27751, -0.498857, 0.366327, 0.048713]
[0.609861, 0.113114, -0.498856, 0.299138, 0.417165]
[0.676026, 0.159949, -0.499314, 0.304847, 0.120174]
[0.608403, 0.386437, -0.498872, 0.268368, 0.133009]
[0.399569, 0.285414, -0.49988, 0.468524, 0.463176]
[0.441256, 0.229958, -0.499334, 0.427817, 0.280629]
[0.277468, 0.310411, -0.49903, 0.458454, 0.037098]
[0.316537, 0.419521, -0.499266, 0.277137, 0.014013]
[0.549451, 0.222388, -0.499504, 0.497552, 0.404912]
[0.478363, 0.489653, -0.498937, 0.408686, 0.367778]
[0.624324, 0.425906, -0.498873, 0.468281, 0.37762]
[0.45363, 0.487944, -0.499541, 0.244019, 0.460475]
[0.299388, 0.120097, -0.499775, 0.321071, 0.496898]
[0.451809, 0.287884, -0.499494, 0.443368, 0.180652]
[0.668483, 0.443598, -0.499175, 0.424498, 0.190611]
[0.679375, 0.473375, -0.499201, 0.276207, 0.479453]
[0.431037, 0.293724, -0.499543, 0.47194, 0.481139]
[0.396035, 0.167247, -0.499693, 0.395622, 0.165209]
[0.385695, 0.417702, -0.49921, 0.263924, 0.330144]
[0.585473, 0.186986, -0.499736, 0.35394, 0.374826]
[0.464614, 0.377538, -0.498984, 0.308423, 0.483459]
[0.621181, 0.488477, -0.499254, 0.403492, 0.004787]
[0.34267, 0.472482, -0.499415, 0.364153, 0.118942]
[0.451705, 0.412119, -0.498611, 0.402792, 0.430031]
[0.568941, 0.377931, -0.498726, 0.420974, 0.464102]
[0.443225, 0.28046, -0.498811, 0.389979, 0.115544]
[0.633305, 0.249031, -0.499494, 0.232999, 0.258242]
[0.657514, 0.197377, -0.499926, 0.447404, 0.101379]
[0.388001, 0.277788, -0.499064, 0.480151, 0.445782]
[0.350552, 0.45988, -0.498986, 0.455901, 0.03886]
[0.273427, 0.359167, -0.49908, 0.231325, 0.022041]
[0.662555, 0.403581, -0.49976, 0.230922, 0.444666]
[0.679077, 0.42534, -0.499672, 0.471059, 0.35203]
[0.590293, 0.147052, -0.499469, 0.387186, 0.095594]
[0.573392, 0.240589, -0.499743, 0.493316, 0.24904]
[0.324007, 0.162186, -0.498819, 0.458721, 0.084332]
[0.4957, 0.34832, -0.498451, 0.386654, 0.316966]
[0.388401, 0.134619, -0.49921, 0.472772, 0.294437]
[0.302577, 0.308559, -0.498533, 0.350636, 0.289983]
[0.556483, 0.365394, -0.499805, 0.314591, 0.043937]
[0.64922, 0.424624, -0.498792, 0.418004, 0.234731]
[0.523364, 0.379674, -0.499694, 0.377944, 0.432956]
[0.581218, 0.499485, -0.499478, 0.4149, 0.356613]
[0.49146, 0.253062, -0.499424, 0.407214, 0.439125]
[0.630947, 0.426387, -0.499983, 0.394689, 0.225845]
[0.464482, 0.499846, -0.498645, 0.267835, 0.048549]
[0.646861, 0.190944, -0.498746, 0.481125, 0.096248]
[0.679855, 0.429249, -0.499373, 0.296709, 0.444852]
[0.292751, 0.255127, -0.499374, 0.391039, 0.0864]
[0.485655, 0.430622, -0.499784, 0.285535, 0.275902]
[0.525703, 0.25254, -0.499741, 0.496178, 0.189171]
[0.472088, 0.251507, -0.499208, 0.288745, 0.334525]
[0.493118, 0.393047, -0.499841, 0.49462, 0.39271]
[0.301129, 0.361212, -0.499853, 0.438771, 0.010306]
[0.555412, 0.152285, -0.499139, 0.282395, 0.200298]
[0.588626, 0.432218, -0.499465, 0.416344, 0.14925]
[0.27935, 0.125323, -0.499955, 0.240285, 0.367766]
[0.441197, 0.481535, -0.499887, 0.298046, 0.088756]
[0.479277, 0.45891, -0.499771, 0.393966, 0.312291]
[0.482155, 0.47038, -0.499156, 0.278756, 0.469121]
[0.654243, 0.243047, -0.498648, 0.409158, 0.360764]
[0.316241, 0.147872, -0.499696, 0.275811, 0.479804]
[0.30819, 0.446502, -0.499222, 0.289819, 0.238601]
[0.590451, 0.23539, -0.498743, 0.265891, 0.471331]
[0.330981, 0.17158, -0.498829, 0.353719, 0.015326]
[0.466035, 0.130698, -0.499589, 0.323012, 0.03825]
[0.497815, 0.471307, -0.499937, 0.481745, 0.00214]
[0.574091, 0.281342, -0.499039, 0.469337, 0.032408]
[0.61646, 0.393403, -0.499239, 0.488186, 0.430766]
[0.277738, 0.409481, -0.498791, 0.404999, 0.481584]
[0.522393, 0.3889, -0.498966, 0.297866, 0.037201]
[0.383171, 0.450848, -0.499884, 0.256923, 0.019141]
[0.334597, 0.426397, -0.499448, 0.449659, 0.194401]
[0.282435, 0.180963, -0.498496, 0.490959, 0.435161]
[0.422336, 0.448885, -0.498497, 0.277948, 0.198009]
[0.542238, 0.247307, -0.498929, 0.433667, 0.375114]
[0.368064, 0.466777, -0.499777, 0.286157, 0.195116]
[0.309371, 0.456431, -0.499108, 0.461198, 0.220639]
[0.337189, 0.242855, -0.499841, 0.492138, 0.104576]
[0.597548, 0.249787, -0.49875, 0.305097, 0.062012]
[0.528261, 0.406009, -0.499873, 0.481356, 0.013004]
[0.529132, 0.207937, -0.499324, 0.437681, 0.233246]
[0.392869, 0.253231, -0.499383, 0.433354, 0.123702]
[0.514695, 0.181274, -0.498424, 0.421804, 0.093979]
[0.672297, 0.355659, -0.49977, 0.484283, 0.198339]
[0.35512, 0.479587, -0.498584, 0.364487, 0.286355]
[0.569113, 0.38341, -0.498455, 0.310767, 0.240103]
[0.47044, 0.238166, -0.498791, 0.363558, 0.152629]
[0.317712, 0.328253, -0.498491, 0.234869, 0.09034]
[0.306655, 0.421721, -0.499958, 0.343614, 0.408556]
[0.34185, 0.141454, -0.499176, 0.27568, 0.194199]
[0.612332, 0.468596, -0.498487, 0.460823, 0.389165]
[0.288194, 0.126642, -0.498957, 0.322025, 0.456704]
[0.295621, 0.424704, -0.499389, 0.426504, 0.392615]
[0.34485, 0.173585, -0.498433, 0.291279, 0.37413]
[0.469313, 0.361065, -0.499534, 0.302547, 0.189168]
[0.644247, 0.36047, -0.4992, 0.36497, 0.466341]
[0.476458, 0.158808, -0.499873, 0.319521, 0.364016]
[0.432614, 0.242579, -0.498676, 0.483098, 0.302045]
[0.362872, 0.359, -0.498844, 0.318468, 0.421697]
[0.371916, 0.15168, -0.499856, 0.248871, 0.12211]
[0.424038, 0.341254, -0.499776, 0.484812, 0.173058]
[0.584842, 0.412691, -0.498831, 0.28281, 0.057164]
[0.276136, 0.365369, -0.499418, 0.437997, 0.045237]
[0.542855, 0.411389, -0.498433, 0.413501, 0.174515]
[0.545973, 0.243087, -0.498873, 0.320611, 0.266009]
[0.49144, 0.408691, -0.49862, 0.312388, 0.485655]
[0.273345, 0.467598, -0.499624, 0.483292, 0.326612]
[0.51487, 0.243057, -0.499854, 0.374728, 0.385738]
[0.452419, 0.259558, -0.499721, 0.3526, 0.326147]
[0.292123, 0.447163, -0.498663, 0.439632, 0.083511]
[0.305932, 0.457627, -0.498757, 0.461866, 0.479254]
[0.633712, 0.238015, -0.498833, 0.483453, 0.112672]
[0.617889, 0.257358, -0.499937, 0.488293, 0.310184]
[0.275319, 0.439591, -0.499477, 0.378344, 0.435807]
[0.678075, 0.41209, -0.498904, 0.297172, 0.362489]
[0.661516, 0.286168, -0.499867, 0.346981, 0.042406]
[0.28604, 0.429661, -0.499434, 0.232007, 0.052318]
[0.600924, 0.150974, -0.498667, 0.469858, 0.076296]
[0.278266, 0.446898, -0.499459, 0.364785, 0.210876]
[0.510319, 0.376411, -0.499079, 0.318501, 0.322787]
[0.446999, 0.40103, -0.49989, 0.233504, 0.269943]
[0.443235, 0.134397, -0.498814, 0.455018, 0.253897]
[0.55774, 0.238329, -0.499669, 0.397843, 0.170298]
[0.321443, 0.240691, -0.498897, 0.436358, 0.175714]
[0.584412, 0.296112, -0.499873, 0.253556, 0.136076]
[0.460345, 0.177411, -0.498534, 0.436728, 0.32737]
[0.586671, 0.14272, -0.499589, 0.481264, 0.178531]
[0.27079, 0.276314, -0.499331, 0.461675, 0.433872]
[0.53092, 0.236489, -0.499164, 0.300481, 0.213863]
[0.418608, 0.144726, -0.499961, 0.495861, 0.278729]
[0.679007, 0.235786, -0.498674, 0.346087, 0.209932]
[0.293283, 0.283914, -0.49914, 0.306835, 0.414267]
[0.596288, 0.162492, -0.498973, 0.414752, 0.48117]
[0.362966, 0.364607, -0.498674, 0.319641, 0.363854]
[0.395644, 0.337888, -0.499875, 0.256868, 0.012621]
[0.544557, 0.456765, -0.49844, 0.450827, 0.416634]
[0.434027, 0.189072, -0.499751, 0.466484, 0.028888]
[0.287826, 0.337058, -0.498429, 0.466905, 0.353278]
[0.621893, 0.124416, -0.498581, 0.443288, 0.069746]
[0.504762, 0.278541, -0.499888, 0.286682, 0.361893]
[0.506797, 0.413305, -0.499754, 0.393757, 0.075684]
[0.316157, 0.421465, -0.498582, 0.320015, 0.21563]
[0.617595, 0.454151, -0.498689, 0.335557, 0.001384]
[0.511506, 0.420874, -0.499071, 0.272945, 0.076332]
[0.555532, 0.123862, -0.499853, 0.429023, 0.236874]
[0.608363, 0.181143, -0.499692, 0.261589, 0.025467]
[0.548338, 0.372635, -0.499872, 0.316245, 0.437719]
[0.502717, 0.487704, -0.498497, 0.497653, 0.091591]
[0.418834, 0.393807, -0.498845, 0.384813, 0.06476]
[0.588034, 0.304471, -0.498967, 0.288262, 0.048874]
[0.317816, 0.229719, -0.499533, 0.294248, 0.06978]
[0.371522, 0.283221, -0.499895, 0.487713, 0.04264]
[0.622948, 0.228429, -0.499343, 0.35684, 0.076101]
[0.440085, 0.34293, -0.499944, 0.330724, 0.166325]
[0.507763, 0.411679, -0.498596, 0.28687, 0.283501]
[0.341518, 0.321735, -0.498801, 0.392085, 0.091225]
[0.354037, 0.150687, -0.499545, 0.332911, 0.139309]
[0.5686, 0.337662, -0.499769, 0.476462, 0.062275]
[0.492716, 0.418241, -0.498682, 0.38079, 0.144357]
[0.676772, 0.266977, -0.499731, 0.360204, 0.174674]
[0.567851, 0.119424, -0.499057, 0.397297, 0.010585]
[0.312668, 0.273937, -0.498445, 0.330775, 0.263936]
[0.576651, 0.138969, -0.49868, 0.313022, 0.272424]
[0.431679, 0.188998, -0.499652, 0.467825, 0.23142]
[0.330692, 0.230235, -0.499974, 0.492509, 0.418164]
[0.295577, 0.249522, -0.49905, 0.35621, 0.26194]
[0.547893, 0.327558, -0.49913, 0.367058, 0.4677]
[0.656608, 0.467136, -0.49953, 0.393547, 0.36702]
[0.517226, 0.207252, -0.498442, 0.386392, 0.322143]
[0.36741, 0.200067, -0.499094, 0.323535, 0.022765]
[0.388594, 0.473077, -0.498732, 0.392534, 0.100339]
[0.446129, 0.396976, -0.499144, 0.337948, 0.474851]
[0.529026, 0.200786, -0.499542, 0.483442, 0.301003]
[0.587854, 0.47918, -0.499449, 0.246186, 0.267978]
[0.461753, 0.359917, -0.499902, 0.454229, 0.449732]
[0.559643, 0.411174, -0.499423, 0.408935, 0.451275]
[0.328347, 0.406241, -0.498788, 0.229169, 0.063096]
[0.49653, 0.394594, -0.499915, 0.478071, 0.318466]
[0.599325, 0.494252, -0.499965, 0.348116, 0.329483]
[0.368735, 0.426187, -0.499073, 0.232598, 0.273481]
[0.622545, 0.369113, -0.499322, 0.37885, 0.130623]
[0.540669, 0.365017, -0.499004, 0.328965, 0.433995]
[0.484805, 0.478859, -0.499777, 0.319074, 0.171402]
[0.428113, 0.252221, -0.499441, 0.48383, 0.357778]
[0.576744, 0.394439, -0.499782, 0.435597, 0.219938]
[0.362109, 0.190779, -0.498937, 0.393832, 0.31163]
[0.493025, 0.497787, -0.498742, 0.476163, 0.036885]
[0.459623, 0.470506, -0.499761, 0.455764, 0.303099]
[0.447575, 0.305476, -0.498434, 0.37722, 0.219772]
[0.45356, 0.32191, -0.499583, 0.361593, 0.222964]
[0.601445, 0.222374, -0.498748, 0.401533, 0.318441]
[0.635077, 0.395003, -0.498416, 0.349549, 0.26918]
[0.443219, 0.287528, -0.498846, 0.482814, 0.241238]
[0.653273, 0.461363, -0.4999, 0.332166, 0.256728]
[0.366978, 0.485668, -0.499048, 0.474695, 0.354188]
[0.39271, 0.230193, -0.498867, 0.345452, 0.307586]
[0.595915, 0.300237, -0.499691, 0.31043, 0.383199]
[0.566809, 0.17044, -0.499945, 0.336122, 0.039459]
[0.566377, 0.177579, -0.499014, 0.489119, 0.387305]
[0.505748, 0.464891, -0.499958, 0.24174, 0.015493]
[0.33699, 0.114999, -0.499535, 0.41513, 0.355963]
[0.491442, 0.466325, -0.499559, 0.408245, 0.401997]
[0.61866, 0.305796, -0.49943, 0.255986, 0.410255]
[0.322861, 0.215875, -0.499865, 0.343391, 0.304134]
[0.551798, 0.286168, -0.499241, 0.354316, 0.142432]
[0.642089, 0.372722, -0.498994, 0.301747, 0.267948]
[0.561825, 0.457933, -0.499478, 0.3842, 0.125339]
[0.611989, 0.180902, -0.498487, 0.460717, 0.449901]
[0.464503, 0.282355, -0.498515, 0.491266, 0.215102]
[0.272174, 0.283841, -0.499823, 0.495719, 0.089471]
[0.393436, 0.322633, -0.499019, 0.314587, 0.276219]
[0.417455, 0.150483, -0.499066, 0.251498, 0.211043]
[0.328816, 0.261201, -0.499173, 0.386585, 0.393892]
[0.572113, 0.392569, -0.499613, 0.352326, 0.062233]
[0.416906, 0.356097, -0.49869, 0.3633, 0.483578]
[0.431801, 0.210174, -0.499112, 0.464589, 0.224917]
[0.617446, 0.300474, -0.498993, 0.258577, 0.284683]
[0.324492, 0.231496, -0.49991, 0.318018, 0.182282]
[0.416792, 0.215533, -0.498926, 0.348152, 0.152955]
[0.474419, 0.224406, -0.49976, 0.443511, 0.308798]
[0.574636, 0.34833, -0.498916, 0.345842, 0.204865]
