[0.661041, -0.0093, -0.390202, 0.452039, -0.480001] => [0.020835213363170624, -0.02080037072300911, 0.019754279404878616, -0.016281265765428543, 0.020201250910758972]
[0.661296, -0.008683, -0.388653, 0.451595, -0.48085] => [0.020935259759426117, -0.020823510363698006, 0.019774219021201134, -0.016279127448797226, 0.020207956433296204]
[0.661309, -0.005775, -0.389786, 0.450458, -0.479238] => [0.02107861638069153, -0.020949434489011765, 0.01972358301281929, -0.016423944383859634, 0.020074576139450073]
[0.661125, -0.004197, -0.393182, 0.451498, -0.4796] => [0.021179836243391037, -0.0209931880235672, 0.019672632217407227, -0.016499975696206093, 0.019990328699350357]
[0.661129, -0.004234, -0.392607, 0.450978, -0.479824] => [0.021195322275161743, -0.02099389210343361, 0.019681645557284355, -0.016492033377289772, 0.019999701529741287]
[0.661336, -0.000589, -0.390384, 0.450204, -0.48065] => [0.02137593924999237, -0.02103116735816002, 0.01964620128273964, -0.016537876799702644, 0.01993977278470993]
[0.661182, -0.001438, -0.39283, 0.451912, -0.479814] => [0.021271884441375732, -0.02101871557533741, 0.019626421853899956, -0.016551349312067032, 0.01992500014603138]
[0.661035, -0.008133, -0.393288, 0.451182, -0.480569] => [0.020970609039068222, -0.02086685784161091, 0.019707156345248222, -0.016372518613934517, 0.0201076902449131]
[0.660873, -0.003103, -0.389335, 0.451218, -0.479229] => [0.021187137812376022, -0.020993134006857872, 0.01969127543270588, -0.016480354592204094, 0.020012086257338524]
[0.660965, -0.002386, -0.393023, 0.450902, -0.479417] => [0.021206002682447433, -0.021006837487220764, 0.019639192149043083, -0.01653490960597992, 0.019945837557315826]
[0.661078, -0.006308, -0.388093, 0.451854, -0.480032] => [0.021073292940855026, -0.020922938361763954, 0.019742129370570183, -0.01638476550579071, 0.020111626014113426]
[0.661232, -0.003481, -0.391939, 0.45096, -0.479111] => [0.021145619451999664, -0.0209937933832407, 0.01966826431453228, -0.016503795981407166, 0.019985254853963852]
[0.661026, -0.007001, -0.390858, 0.450827, -0.479386] => [0.020978286862373352, -0.02090337499976158, 0.019713420420885086, -0.016397353261709213, 0.020092548802495003]
[0.661327, -0.008872, -0.390994, 0.452039, -0.479779] => [0.02084530144929886, -0.02082422561943531, 0.019732823595404625, -0.016319498419761658, 0.020162835717201233]
[0.660988, -0.000952, -0.389386, 0.450924, -0.480153] => [0.021333198994398117, -0.021020833402872086, 0.019659394398331642, -0.01652025803923607, 0.01996104046702385]
[0.661181, -0.00285, -0.389715, 0.450267, -0.480227] => [0.021274469792842865, -0.02100566402077675, 0.019691448658704758, -0.016486531123518944, 0.02000422775745392]
[0.661025, -0.004989, -0.388845, 0.450182, -0.47997] => [0.021201111376285553, -0.020979274064302444, 0.019737066701054573, -0.016432223841547966, 0.020070472732186317]
[0.661075, -0.007399, -0.388677, 0.45159, -0.479114] => [0.020910706371068954, -0.020878450945019722, 0.01973179541528225, -0.016362585127353668, 0.020128685981035233]
[0.661135, -0.009996, -0.388035, 0.451016, -0.479694] => [0.020752836018800735, -0.02076294645667076, 0.019788233563303947, -0.016223227605223656, 0.020262138918042183]
[0.661054, -0.005002, -0.388752, 0.451458, -0.479649] => [0.021182436496019363, -0.020976442843675613, 0.019735146313905716, -0.016432618722319603, 0.020070422440767288]
[0.661091, -0.000488, -0.390698, 0.451831, -0.480301] => [0.021356243640184402, -0.02102804183959961, 0.019636912271380424, -0.016544152051210403, 0.019931869581341743]
[0.661358, -0.000795, -0.388374, 0.450339, -0.480384] => [0.021355196833610535, -0.02102431282401085, 0.019669746980071068, -0.016512874513864517, 0.019970228895545006]
[0.661007, -0.005231, -0.389593, 0.450299, -0.479747] => [0.021168164908885956, -0.020971311256289482, 0.01972866617143154, -0.016434282064437866, 0.020066363736987114]
[0.661357, -0.003841, -0.388888, 0.450574, -0.480337] => [0.021256085485219955, -0.020996885374188423, 0.019719267264008522, -0.016458168625831604, 0.02003973163664341]
[0.661172, -0.001673, -0.389995, 0.450153, -0.479975] => [0.02128618210554123, -0.021014701575040817, 0.01966472715139389, -0.016514062881469727, 0.019969895482063293]
[0.66102, -0.001145, -0.389202, 0.450838, -0.479109] => [0.02123301476240158, -0.021010441705584526, 0.019655993208289146, -0.016519002616405487, 0.01996362954378128]
[0.661082, -0.008924, -0.392595, 0.4515, -0.479801] => [0.02085094153881073, -0.020827969536185265, 0.019716599956154823, -0.016336550936102867, 0.02014276757836342]
[0.661143, -0.005595, -0.390959, 0.451336, -0.480222] => [0.021169587969779968, -0.020962795242667198, 0.019716674461960793, -0.01643761806190014, 0.02005826309323311]
[0.661028, -0.004772, -0.392279, 0.451399, -0.479395] => [0.021173004060983658, -0.0209860447794199, 0.019693326205015182, -0.016477521508932114, 0.02001820132136345]
[0.661165, -0.002704, -0.389764, 0.450179, -0.479941] => [0.021252833306789398, -0.021004704758524895, 0.01968584954738617, -0.016491102054715157, 0.01999874785542488]
[0.660983, -0.000722, -0.392789, 0.451944, -0.479797] => [0.021295975893735886, -0.021024297922849655, 0.01961379498243332, -0.016564246267080307, 0.01990826241672039]
[0.660966, -0.004768, -0.393217, 0.451779, -0.479351] => [0.021171748638153076, -0.0209868922829628, 0.019682640209794044, -0.016487691551446915, 0.020005961880087852]
[0.66091, -0.009576, -0.389603, 0.451882, -0.479302] => [0.02076086774468422, -0.020785002037882805, 0.019755152985453606, -0.016270335763692856, 0.020212385803461075]
[0.661258, -0.000286, -0.392989, 0.451098, -0.480426] => [0.02135707065463066, -0.02103518135845661, 0.019609350711107254, -0.016573643311858177, 0.019896505400538445]
[0.66089, -0.009531, -0.392446, 0.450513, -0.480191] => [0.02085088938474655, -0.02080516517162323, 0.019741099327802658, -0.016295820474624634, 0.020184414461255074]
[0.661218, -0.003027, -0.389434, 0.450059, -0.479092] => [0.021166477352380753, -0.020994611084461212, 0.01968812569975853, -0.016484901309013367, 0.02000732533633709]
[0.661085, -0.008174, -0.392005, 0.450892, -0.4796] => [0.020886056125164032, -0.020860224962234497, 0.019706672057509422, -0.01637028157711029, 0.02011200413107872]
[0.661121, -0.005572, -0.389959, 0.450367, -0.47977] => [0.02113589644432068, -0.02095937170088291, 0.019724925979971886, -0.016428692266345024, 0.020069660618901253]
[0.661006, -0.005174, -0.390424, 0.450136, -0.479337] => [0.021152757108211517, -0.020975256338715553, 0.019718986004590988, -0.016447030007839203, 0.020053403452038765]
[0.661012, -0.002291, -0.389856, 0.45206, -0.480623] => [0.02133622020483017, -0.02101273462176323, 0.019681908190250397, -0.01649724505841732, 0.01999000459909439]
[0.66134, -0.002282, -0.391529, 0.45007, -0.480434] => [0.0212986059486866, -0.021015718579292297, 0.01966279186308384, -0.01651771366596222, 0.019966285675764084]
[0.661227, -0.002463, -0.392858, 0.451122, -0.48046] => [0.021294977515935898, -0.021015262231230736, 0.019650988280773163, -0.016528446227312088, 0.019953396171331406]
[0.661083, -0.007834, -0.39192, 0.451065, -0.480095] => [0.020950105041265488, -0.02087513729929924, 0.019709603860974312, -0.01637772098183632, 0.020105618983507156]
[0.660985, -0.000726, -0.392645, 0.451972, -0.480175] => [0.021330729126930237, -0.02102714218199253, 0.019618690013885498, -0.01656097173690796, 0.019911913201212883]
[0.660981, -0.009979, -0.391958, 0.450931, -0.480649] => [0.020869426429271698, -0.020789185538887978, 0.01976754330098629, -0.01625862717628479, 0.020224053412675858]
[0.661129, -0.008203, -0.38909, 0.451387, -0.480611] => [0.02095569670200348, -0.02084663137793541, 0.019757166504859924, -0.016312237828969955, 0.02017519250512123]
[0.661244, -0.009261, -0.389649, 0.451033, -0.480655] => [0.020883165299892426, -0.020803041756153107, 0.019771477207541466, -0.016266485676169395, 0.020217953249812126]
[0.661354, -0.004926, -0.392231, 0.450672, -0.480378] => [0.021239928901195526, -0.020993607118725777, 0.019704675301909447, -0.016471629962325096, 0.02002527005970478]
[0.661073, -0.007311, -0.39117, 0.451597, -0.480163] => [0.020998656749725342, -0.020894236862659454, 0.019713275134563446, -0.0163886658847332, 0.020097780972719193]
[0.660943, -0.002739, -0.392198, 0.45086, -0.479324] => [0.02119087427854538, -0.021001653745770454, 0.019654016941785812, -0.01651904545724392, 0.01996532827615738]
[0.661227, -0.001355, -0.389247, 0.450331, -0.480655] => [0.021360594779253006, -0.021022209897637367, 0.019672835245728493, -0.016509544104337692, 0.019974494352936745]
[0.66092, -0.009052, -0.391179, 0.450224, -0.479442] => [0.0208081416785717, -0.020816946402192116, 0.01973019167780876, -0.016316620633006096, 0.0201648510992527]
[0.660996, -0.004375, -0.389011, 0.450373, -0.480648] => [0.021272584795951843, -0.020993566140532494, 0.019730878993868828, -0.016445692628622055, 0.020054463297128677]
[0.661026, -0.000985, -0.388281, 0.450919, -0.48038] => [0.021357230842113495, -0.021020973101258278, 0.019674120470881462, -0.016506610438227654, 0.01997733861207962]
[0.660919, -0.00691, -0.388727, 0.450614, -0.479741] => [0.020998526364564896, -0.020900527015328407, 0.019735725596547127, -0.016374045982956886, 0.02011881023645401]
[0.661047, -0.010689, -0.390589, 0.450208, -0.479548] => [0.020724937319755554, -0.02075294777750969, 0.019778437912464142, -0.01622370071709156, 0.02025812491774559]
[0.661231, -0.00294, -0.389874, 0.451002, -0.479152] => [0.021175768226385117, -0.02099611610174179, 0.019681479781866074, -0.01649159938097, 0.01999913901090622]
[0.660934, -0.006406, -0.391818, 0.452165, -0.480018] => [0.021087437868118286, -0.0209313053637743, 0.019706541672348976, -0.01642303541302681, 0.020067274570465088]
[0.661031, -0.002906, -0.388249, 0.450559, -0.480191] => [0.021280016750097275, -0.021002132445573807, 0.019708281382918358, -0.016468727961182594, 0.02002536877989769]
[0.660913, -0.008616, -0.388247, 0.450266, -0.479119] => [0.02080680802464485, -0.020824644714593887, 0.019750814884901047, -0.01630457118153572, 0.02018309384584427]
[0.661129, -0.004191, -0.391214, 0.451886, -0.480384] => [0.021247398108243942, -0.020995937287807465, 0.01969965733587742, -0.016475962474942207, 0.020018357783555984]
[0.661102, -0.007303, -0.389379, 0.451747, -0.47929] => [0.020935077220201492, -0.020885318517684937, 0.01972586289048195, -0.016372747719287872, 0.020117726176977158]
[0.661011, -0.004625, -0.390636, 0.451783, -0.479886] => [0.02121090516448021, -0.02098771184682846, 0.019711202010512352, -0.016461431980133057, 0.020036665722727776]
[0.661083, -0.007428, -0.390195, 0.451346, -0.480822] => [0.021032847464084625, -0.020886216312646866, 0.019734028726816177, -0.01636236160993576, 0.020125096663832664]
[0.661313, -0.00242, -0.388053, 0.451067, -0.480238] => [0.021297186613082886, -0.021007416769862175, 0.019701292738318443, -0.01647760719060898, 0.020014584064483643]
[0.661372, -0.003566, -0.390523, 0.451, -0.479642] => [0.02119540050625801, -0.0209958516061306, 0.019689859822392464, -0.01648489572107792, 0.02000788226723671]
[0.66117, -0.008393, -0.390541, 0.450693, -0.480063] => [0.020899545401334763, -0.02084480971097946, 0.019734902307391167, -0.016332274302840233, 0.020152151584625244]
[0.660936, -0.001409, -0.391102, 0.450182, -0.480508] => [0.02134130150079727, -0.021022159606218338, 0.019652478396892548, -0.016528086736798286, 0.01995191164314747]
[0.66105, -0.009465, -0.38878, 0.450505, -0.480019] => [0.02081456035375595, -0.020788591355085373, 0.019774319604039192, -0.016254326328635216, 0.020230427384376526]
[0.661235, -0.009139, -0.39242, 0.450385, -0.479347] => [0.02079174667596817, -0.02081921137869358, 0.019714830443263054, -0.01633283868432045, 0.020146379247307777]
[0.661109, -0.004531, -0.390924, 0.450036, -0.479435] => [0.021167166531085968, -0.02098664827644825, 0.019703885540366173, -0.016468139365315437, 0.020029114559292793]
[0.661212, -0.000895, -0.390604, 0.451004, -0.479724] => [0.0212869830429554, -0.02102031372487545, 0.01964092254638672, -0.016537830233573914, 0.019940650090575218]
[0.660939, -0.00717, -0.389953, 0.450734, -0.480336] => [0.021016471087932587, -0.02089640311896801, 0.019726701080799103, -0.016377601772546768, 0.020111139863729477]
[0.6609, -0.000769, -0.389315, 0.451126, -0.480753] => [0.021395575255155563, -0.021026892587542534, 0.019661936908960342, -0.016520164906978607, 0.019960299134254456]
[0.66131, -0.00952, -0.39126, 0.451212, -0.480536] => [0.020870432257652283, -0.020802339538931847, 0.01975916139781475, -0.016277166083455086, 0.020205598324537277]
[0.660888, -0.001533, -0.389908, 0.450157, -0.480193] => [0.02131538838148117, -0.021016621962189674, 0.01966528221964836, -0.016513541340827942, 0.019969644024968147]
[0.660899, -0.005252, -0.389387, 0.451178, -0.480485] => [0.021215029060840607, -0.020971165969967842, 0.019733471795916557, -0.01642782986164093, 0.020071551203727722]
[0.661004, -0.001132, -0.390395, 0.450232, -0.479146] => [0.021229151636362076, -0.021012764424085617, 0.01964336819946766, -0.01653200387954712, 0.019947994500398636]
[0.661099, -0.000416, -0.39246, 0.450923, -0.479913] => [0.02131161093711853, -0.02102845162153244, 0.019613461568951607, -0.016566462814807892, 0.019905373454093933]
[0.661066, -0.007187, -0.388309, 0.450711, -0.480225] => [0.020996425300836563, -0.02088998071849346, 0.01974181830883026, -0.016359549015760422, 0.020131800323724747]
[0.660874, -0.009788, -0.392174, 0.450896, -0.48031] => [0.020850487053394318, -0.020794935524463654, 0.019753409549593925, -0.016276534646749496, 0.02020474150776863]
[0.661087, -0.003786, -0.388331, 0.451809, -0.48001] => [0.021240029484033585, -0.020992392674088478, 0.01972094736993313, -0.016453564167022705, 0.020044874399900436]
[0.661085, -0.010576, -0.391764, 0.45135, -0.48073] => [0.020848188549280167, -0.020767726004123688, 0.019787073135375977, -0.01622442714869976, 0.02025977522134781]
[0.661028, -0.002936, -0.388176, 0.450344, -0.479137] => [0.021183520555496216, -0.020993229001760483, 0.01970071531832218, -0.016471771523356438, 0.020022541284561157]
[0.661351, -0.000883, -0.39176, 0.45086, -0.480752] => [0.02137184888124466, -0.021031012758612633, 0.019636768847703934, -0.01654706336557865, 0.019929077476263046]
[0.661057, -0.004701, -0.391843, 0.450818, -0.479439] => [0.02117292955517769, -0.02098649926483631, 0.019697198644280434, -0.016474220901727676, 0.020022042095661163]
[0.661115, -0.000667, -0.392728, 0.451085, -0.48044] => [0.021350573748350143, -0.021030837669968605, 0.01961950585246086, -0.016562288627028465, 0.019910333678126335]
[0.661141, -0.008658, -0.392653, 0.450941, -0.479481] => [0.02084217220544815, -0.0208410806953907, 0.01970580592751503, -0.016356993466615677, 0.020122941583395004]
[0.660892, -0.002946, -0.391592, 0.451709, -0.480789] => [0.021323714405298233, -0.021010322496294975, 0.01967654563486576, -0.016501950100064278, 0.01998487301170826]
[0.661047, -0.003266, -0.391615, 0.451718, -0.48015] => [0.021253511309623718, -0.021002773195505142, 0.019676482304930687, -0.01649935357272625, 0.01998916082084179]
[0.661088, -0.004919, -0.389411, 0.450587, -0.479914] => [0.0212077759206295, -0.020983770489692688, 0.019731011241674423, -0.01644132286310196, 0.020060988143086433]
[0.661093, -0.009841, -0.388572, 0.452045, -0.479303] => [0.02073536068201065, -0.02076932042837143, 0.019771218299865723, -0.016244295984506607, 0.02023964747786522]
[0.660949, -0.003381, -0.391923, 0.451002, -0.480031] => [0.02123677358031273, -0.021001175045967102, 0.019674791023135185, -0.016500260680913925, 0.019988149404525757]
[0.661239, -0.005861, -0.393199, 0.450428, -0.480447] => [0.021165579557418823, -0.020961819216609, 0.019697126001119614, -0.01645410619676113, 0.020037025213241577]
[0.660916, -0.004957, -0.390123, 0.450312, -0.480456] => [0.021243996918201447, -0.020986193791031837, 0.0197273138910532, -0.016444910317659378, 0.02005520649254322]
[0.661033, -0.002398, -0.390806, 0.452073, -0.480074] => [0.021278582513332367, -0.021008677780628204, 0.019668616354465485, -0.01650807447731495, 0.019977612420916557]
[0.661097, -0.007549, -0.391691, 0.450667, -0.480517] => [0.021001502871513367, -0.0208875872194767, 0.019714079797267914, -0.016382116824388504, 0.020102448761463165]
[0.661269, -0.008738, -0.392164, 0.450251, -0.480318] => [0.020895056426525116, -0.020836640149354935, 0.01972641423344612, -0.01633332669734955, 0.02014750987291336]
[0.661125, -0.006599, -0.392972, 0.451308, -0.480285] => [0.021085448563098907, -0.020929863676428795, 0.01969738118350506, -0.016429832205176353, 0.020057693123817444]
[0.660884, -0.004508, -0.390339, 0.451816, -0.480509] => [0.02125895395874977, -0.02099212445318699, 0.019716644659638405, -0.016458090394735336, 0.020039651542901993]
[0.661089, -0.001715, -0.391705, 0.450463, -0.480826] => [0.021356258541345596, -0.02102324366569519, 0.0196538046002388, -0.016528137028217316, 0.019952289760112762]
[0.661313, -0.001481, -0.392784, 0.451067, -0.479659] => [0.021251443773508072, -0.021017855033278465, 0.019626876339316368, -0.01655103825032711, 0.019925815984606743]
[0.661279, -0.001559, -0.390202, 0.450441, -0.479669] => [0.021260343492031097, -0.02101377211511135, 0.019657395780086517, -0.016520559787750244, 0.019962383434176445]
[0.661265, -0.005489, -0.388842, 0.451204, -0.479147] => [0.02109890803694725, -0.02095651626586914, 0.019731596112251282, -0.016422243788838387, 0.020079119130969048]
[0.661219, -0.007193, -0.392511, 0.451031, -0.480199] => [0.02101600170135498, -0.02090473659336567, 0.019701167941093445, -0.016407689079642296, 0.020077623426914215]
[0.661327, -0.007074, -0.393278, 0.450192, -0.479835] => [0.021005336195230484, -0.02091200090944767, 0.01969286799430847, -0.016421768814325333, 0.020063912495970726]
[0.661004, -0.001136, -0.388936, 0.450422, -0.479653] => [0.021282389760017395, -0.021014735102653503, 0.01966378092765808, -0.01651369407773018, 0.019969558343291283]
[0.661239, -0.006751, -0.391713, 0.450021, -0.480076] => [0.021044570952653885, -0.02092006802558899, 0.01970931701362133, -0.016412338241934776, 0.020076895132660866]
[0.661244, -0.004784, -0.391199, 0.45065, -0.479612] => [0.021183207631111145, -0.020986884832382202, 0.019707102328538895, -0.01646571233868599, 0.020032553002238274]
[0.661352, -0.003405, -0.388787, 0.450765, -0.480705] => [0.021303940564393997, -0.02100360207259655, 0.019715433940291405, -0.01646418683230877, 0.020031670108437538]
[0.661302, -0.009881, -0.388861, 0.450886, -0.480409] => [0.020825088024139404, -0.02077595330774784, 0.019790997728705406, -0.01622890494763851, 0.02025698497891426]
[0.660945, -0.00732, -0.392646, 0.451061, -0.479658] => [0.020975757390260696, -0.020897341892123222, 0.01969747431576252, -0.016406357288360596, 0.020078709349036217]
[0.661125, -0.00597, -0.391778, 0.451996, -0.479717] => [0.021107926964759827, -0.020948389545083046, 0.019705651327967644, -0.0164378359913826, 0.020055526867508888]
[0.661031, -0.003915, -0.388298, 0.452004, -0.479984] => [0.021235551685094833, -0.02099067158997059, 0.019723359495401382, -0.01645052619278431, 0.020048588514328003]
[0.661072, -0.005849, -0.388406, 0.450974, -0.479085] => [0.021059714257717133, -0.020939890295267105, 0.01973566599190235, -0.016405830159783363, 0.020094232633709908]
[0.661151, -0.009435, -0.393209, 0.450371, -0.479869] => [0.02082480490207672, -0.020812373608350754, 0.019723162055015564, -0.016318626701831818, 0.020160011947155]
[0.661367, -0.004841, -0.390534, 0.452175, -0.480838] => [0.021278459578752518, -0.020993653684854507, 0.019723063334822655, -0.01645406149327755, 0.020045476034283638]
[0.660962, -0.00063, -0.391547, 0.451776, -0.479465] => [0.021274380385875702, -0.02102067694067955, 0.019623102620244026, -0.01655363291501999, 0.019921069964766502]
[0.661052, -0.00209, -0.389333, 0.450569, -0.479538] => [0.021240640431642532, -0.021005794405937195, 0.019675716757774353, -0.01649986021220684, 0.01998753473162651]
[0.661289, -0.007825, -0.392685, 0.452019, -0.480395] => [0.020975574851036072, -0.020878581330180168, 0.019704636186361313, -0.016384372487664223, 0.020097704604268074]
[0.661331, -0.003634, -0.391882, 0.450015, -0.479479] => [0.02116921916604042, -0.020996127277612686, 0.019675467163324356, -0.016498733311891556, 0.01999146305024624]
[0.661058, -0.000534, -0.38973, 0.451913, -0.480257] => [0.021356265991926193, -0.021025747060775757, 0.019648035988211632, -0.016532598063349724, 0.019945742562413216]
[0.661308, -0.009251, -0.39016, 0.45012, -0.48081] => [0.02089529111981392, -0.020807737484574318, 0.01976882852613926, -0.016272099688649178, 0.020212020725011826]
[0.661098, -0.003053, -0.392098, 0.450603, -0.479801] => [0.021221213042736053, -0.02100323513150215, 0.01966501772403717, -0.01651032827794552, 0.019976124167442322]
[0.661156, -0.003075, -0.388264, 0.450219, -0.479974] => [0.021251793950796127, -0.020999446511268616, 0.01970946602523327, -0.016466977074742317, 0.020028090104460716]
[0.661087, -0.003437, -0.390067, 0.451371, -0.479206] => [0.02116832137107849, -0.020991630852222443, 0.019688785076141357, -0.01648300141096115, 0.020009761676192284]
[0.661006, -0.006493, -0.389126, 0.451601, -0.480474] => [0.021088775247335434, -0.02092059887945652, 0.019734689965844154, -0.016388501971960068, 0.02010469138622284]
[0.661083, -0.010142, -0.391835, 0.450972, -0.480544] => [0.020849667489528656, -0.020782675594091415, 0.019770730286836624, -0.016251176595687866, 0.020231768488883972]
[0.661204, -0.001548, -0.393101, 0.451305, -0.480711] => [0.021345611661672592, -0.021025795489549637, 0.01963360421359539, -0.016548212617635727, 0.01992829516530037]
[0.6613, -0.005143, -0.389551, 0.451526, -0.479511] => [0.021160125732421875, -0.020973939448595047, 0.019726481288671494, -0.016439225524663925, 0.02006232924759388]
[0.661065, -0.006586, -0.387963, 0.451922, -0.48069] => [0.02108609676361084, -0.020913472399115562, 0.01974634639918804, -0.016372118145227432, 0.020121905952692032]
[0.660995, -0.003616, -0.388733, 0.452051, -0.480157] => [0.02125908061861992, -0.020995261147618294, 0.01971457339823246, -0.016460373997688293, 0.020036203786730766]
[0.660911, -0.00408, -0.391127, 0.450134, -0.480342] => [0.0212445966899395, -0.020996524021029472, 0.019699741154909134, -0.016475748270750046, 0.020018145442008972]
[0.661253, -0.009436, -0.392214, 0.45067, -0.479537] => [0.020787294954061508, -0.02080552838742733, 0.01972631737589836, -0.016311703249812126, 0.020167486742138863]
[0.661351, -0.001166, -0.389119, 0.451746, -0.479613] => [0.021276060491800308, -0.02101500704884529, 0.01966063305735588, -0.01651744171977043, 0.019965751096606255]
[0.661248, -0.00234, -0.393091, 0.45166, -0.479218] => [0.02118714526295662, -0.021006373688578606, 0.019635038450360298, -0.016539083793759346, 0.019941434264183044]
[0.66128, -0.008126, -0.390253, 0.450825, -0.479444] => [0.020868003368377686, -0.02085607312619686, 0.019722823053598404, -0.016353236511349678, 0.020132334902882576]
[0.661085, -0.006657, -0.389681, 0.45103, -0.47938] => [0.021004877984523773, -0.020913030952215195, 0.019724490121006966, -0.01639479771256447, 0.020098654553294182]
[0.661065, -0.008188, -0.390058, 0.451396, -0.480736] => [0.020970705896615982, -0.02085101418197155, 0.019747991114854813, -0.016323428601026535, 0.020162323489785194]
[0.661309, -0.000411, -0.38866, 0.452104, -0.47943] => [0.021286852657794952, -0.021019401028752327, 0.01965007558465004, -0.016528097912669182, 0.01995205506682396]
[0.660983, -0.008341, -0.392011, 0.452029, -0.480065] => [0.020916681736707687, -0.020851124078035355, 0.01971731334924698, -0.016352590173482895, 0.02012915536761284]
[0.66135, -0.003892, -0.388559, 0.450146, -0.479874] => [0.021212797611951828, -0.020992351695895195, 0.0197201669216156, -0.016455337405204773, 0.02004353143274784]
[0.661291, -0.010582, -0.391056, 0.451716, -0.480472] => [0.020817361772060394, -0.020763086155056953, 0.019788652658462524, -0.01622050628066063, 0.0202641598880291]
[0.661371, -0.007651, -0.387916, 0.451396, -0.479262] => [0.020884525030851364, -0.020867370069026947, 0.019739443436264992, -0.016347330063581467, 0.020143762230873108]
[0.661138, -0.009688, -0.393013, 0.451741, -0.4801] => [0.020840249955654144, -0.02080276980996132, 0.019737057387828827, -0.016298044472932816, 0.02018187940120697]
[0.66096, -0.004685, -0.393119, 0.452046, -0.480451] => [0.02125464379787445, -0.020995216444134712, 0.01968994550406933, -0.01648479700088501, 0.02000826969742775]
[0.660986, -0.000797, -0.392148, 0.451207, -0.479842] => [0.021297965198755264, -0.02102343924343586, 0.019623173400759697, -0.016555262729525566, 0.01991911605000496]
[0.661152, -0.010347, -0.391699, 0.450899, -0.480151] => [0.020801585167646408, -0.02077307365834713, 0.01976926624774933, -0.01624627783894539, 0.020236345008015633]
[0.660971, -0.000387, -0.390684, 0.451418, -0.47948] => [0.0212857648730278, -0.021021991968154907, 0.01962856948375702, -0.01654880680143833, 0.019926555454730988]
[0.661371, -0.001694, -0.389416, 0.450637, -0.479562] => [0.02124941349029541, -0.021010803058743477, 0.019667385146021843, -0.016510173678398132, 0.019975248724222183]
[0.661241, -0.000479, -0.389534, 0.450119, -0.479699] => [0.021298721432685852, -0.021022899076342583, 0.019645530730485916, -0.016534268856048584, 0.019944481551647186]
[0.660896, -0.000737, -0.389289, 0.451103, -0.480755] => [0.021396838128566742, -0.021027158945798874, 0.0196616780012846, -0.016520477831363678, 0.01995987445116043]
[0.660901, -0.000758, -0.38932, 0.451116, -0.480756] => [0.021396096795797348, -0.021027032285928726, 0.019661711528897285, -0.01652042753994465, 0.01995996944606304]
[0.660901, -0.000747, -0.389275, 0.451103, -0.480758] => [0.021396778523921967, -0.021027090027928352, 0.01966203562915325, -0.01652013696730137, 0.019960302859544754]
[0.660901, -0.000742, -0.389312, 0.45117, -0.480759] => [0.021397080272436142, -0.02102716639637947, 0.019661493599414825, -0.0165206640958786, 0.019959663972258568]
[0.660899, -0.000754, -0.389319, 0.451111, -0.480756] => [0.021396245807409286, -0.021027063950896263, 0.019661657512187958, -0.016520485281944275, 0.019959893077611923]
[0.660898, -0.000795, -0.389267, 0.451122, -0.480757] => [0.021395377814769745, -0.021026616916060448, 0.01966298371553421, -0.01651908829808235, 0.01996161788702011]
[0.660899, -0.000746, -0.389271, 0.451166, -0.48076] => [0.021397285163402557, -0.02102707512676716, 0.019662033766508102, -0.016520114615559578, 0.019960323348641396]
[0.660899, -0.000796, -0.389291, 0.451088, -0.480761] => [0.021395444869995117, -0.021026693284511566, 0.01966279372572899, -0.01651931181550026, 0.01996135152876377]
[0.660898, -0.000801, -0.389305, 0.451153, -0.480761] => [0.021395467221736908, -0.02102663367986679, 0.019662683829665184, -0.01651938259601593, 0.019961267709732056]
[0.660901, -0.000768, -0.389284, 0.451146, -0.480762] => [0.021396610885858536, -0.02102692611515522, 0.019662322476506233, -0.0165198165923357, 0.019960710778832436]
[0.660897, -0.00074, -0.38929, 0.451118, -0.480754] => [0.021396689116954803, -0.02102712355554104, 0.01966169849038124, -0.016520444303750992, 0.01995992101728916]
[0.660896, -0.000763, -0.3893, 0.451103, -0.480758] => [0.021396253257989883, -0.021026963368058205, 0.019662056118249893, -0.016520069912075996, 0.019960395991802216]
[0.660898, -0.000768, -0.389291, 0.451099, -0.480755] => [0.021395809948444366, -0.021026888862252235, 0.019662221893668175, -0.01651989296078682, 0.019960619509220123]
[0.660897, -0.000813, -0.389318, 0.451142, -0.480762] => [0.02139512076973915, -0.021026551723480225, 0.019662776961922646, -0.016519274562597275, 0.019961411133408546]
[0.660899, -0.000757, -0.389294, 0.451127, -0.480755] => [0.021396223455667496, -0.021026983857154846, 0.01966196671128273, -0.01652015931904316, 0.01996028795838356]
[0.660898, -0.000773, -0.389273, 0.451105, -0.480757] => [0.021395962685346603, -0.02102683298289776, 0.0196625255048275, -0.016519587486982346, 0.01996099017560482]
[0.660899, -0.000762, -0.389303, 0.451173, -0.480755] => [0.021396201103925705, -0.02102692984044552, 0.019661923870444298, -0.016520174220204353, 0.019960276782512665]
[0.660897, -0.000824, -0.389264, 0.451106, -0.480756] => [0.02139436826109886, -0.02102634496986866, 0.019663549959659576, -0.016518471762537956, 0.01996239274740219]
[0.660896, -0.000813, -0.389276, 0.451128, -0.480754] => [0.02139456197619438, -0.021026430651545525, 0.019663183018565178, -0.016518834978342056, 0.019961941987276077]
[0.660898, -0.000741, -0.389322, 0.451144, -0.480757] => [0.021396856755018234, -0.021027173846960068, 0.019661368802189827, -0.016520779579877853, 0.019959520548582077]
[0.660902, -0.000754, -0.389309, 0.451132, -0.480754] => [0.021396126598119736, -0.021027032285928726, 0.019661730155348778, -0.016520407050848007, 0.01995999366044998]
[0.660896, -0.00078, -0.389277, 0.451109, -0.480758] => [0.021395869553089142, -0.021026775240898132, 0.01966261677443981, -0.01651947945356369, 0.019961124286055565]
[0.660901, -0.000747, -0.389288, 0.451138, -0.480754] => [0.021396473050117493, -0.021027060225605965, 0.019661828875541687, -0.016520310193300247, 0.01996009796857834]
[0.660902, -0.000785, -0.389282, 0.451168, -0.480754] => [0.021395444869995117, -0.021026697009801865, 0.01966257020831108, -0.01651950180530548, 0.019961116835474968]
[0.660901, -0.000774, -0.389284, 0.451134, -0.480756] => [0.02139584720134735, -0.02102682739496231, 0.019662389531731606, -0.016519717872142792, 0.019960841163992882]
[0.6609, -0.000792, -0.389292, 0.451116, -0.480756] => [0.021395213901996613, -0.02102668210864067, 0.01966264471411705, -0.016519436612725258, 0.019961200654506683]
[0.660897, -0.000762, -0.389293, 0.451171, -0.480753] => [0.021396100521087646, -0.021026892587542534, 0.019662020727992058, -0.01652006059885025, 0.01996040903031826]
[0.660899, -0.0008, -0.389311, 0.451081, -0.480757] => [0.021394845098257065, -0.02102665603160858, 0.01966261863708496, -0.016519466415047646, 0.019961172714829445]
[0.660898, -0.00081, -0.389292, 0.451149, -0.480758] => [0.021394986659288406, -0.02102651074528694, 0.019662968814373016, -0.01651906967163086, 0.019961655139923096]
[0.6609, -0.000747, -0.389274, 0.451148, -0.48076] => [0.02139715477824211, -0.021027082577347755, 0.019662031903862953, -0.016520127654075623, 0.01996031031012535]
[0.660898, -0.000791, -0.389258, 0.451132, -0.480756] => [0.021395497024059296, -0.021026626229286194, 0.019662991166114807, -0.016519077122211456, 0.019961625337600708]
[0.660897, -0.000797, -0.389307, 0.451082, -0.480761] => [0.021395351737737656, -0.021026702597737312, 0.0196626428514719, -0.01651945523917675, 0.019961176440119743]
[0.660899, -0.000805, -0.389268, 0.451113, -0.480757] => [0.021395020186901093, -0.02102653495967388, 0.019663160666823387, -0.016518903896212578, 0.019961854442954063]
[0.660901, -0.000782, -0.389258, 0.451153, -0.480762] => [0.02139633521437645, -0.02102676033973694, 0.01966286078095436, -0.016519252210855484, 0.0199614055454731]
[0.6609, -0.000798, -0.389262, 0.451137, -0.480755] => [0.021395161747932434, -0.02102656662464142, 0.019663061946630478, -0.01651899702847004, 0.019961733371019363]
[0.660898, -0.000738, -0.389277, 0.451098, -0.48076] => [0.02139725163578987, -0.021027185022830963, 0.01966187171638012, -0.016520313918590546, 0.0199600737541914]
[0.660897, -0.00076, -0.389276, 0.451175, -0.48076] => [0.02139689028263092, -0.021026942878961563, 0.01966222934424877, -0.016519883647561073, 0.019960612058639526]
[0.660898, -0.000785, -0.389295, 0.451086, -0.480763] => [0.021395955234766006, -0.021026812493801117, 0.01966256834566593, -0.016519559547305107, 0.019961034879088402]
[0.660901, -0.000775, -0.389275, 0.451128, -0.480757] => [0.02139592543244362, -0.021026818081736565, 0.0196625217795372, -0.016519591212272644, 0.01996099390089512]
[0.660899, -0.000748, -0.389266, 0.451123, -0.48076] => [0.021397072821855545, -0.02102706953883171, 0.01966215670108795, -0.016520006582140923, 0.01996045559644699]
[0.660901, -0.000791, -0.389311, 0.451086, -0.480755] => [0.02139492705464363, -0.021026726812124252, 0.01966243050992489, -0.016519665718078613, 0.019960926845669746]
[0.6609, -0.000774, -0.389297, 0.451082, -0.480757] => [0.021395690739154816, -0.02102687582373619, 0.019662292674183846, -0.016519837081432343, 0.01996069774031639]
[0.660898, -0.000818, -0.389298, 0.451148, -0.480756] => [0.021394528448581696, -0.021026430651545525, 0.01966303400695324, -0.016518983989953995, 0.019961770623922348]
[0.660896, -0.000756, -0.389316, 0.451127, -0.480762] => [0.02139684557914734, -0.02102707140147686, 0.01966176927089691, -0.01652037538588047, 0.019960016012191772]
[0.660902, -0.000798, -0.389262, 0.451137, -0.480762] => [0.02139575034379959, -0.021026629954576492, 0.019663119688630104, -0.016518978402018547, 0.019961755722761154]
[0.660898, -0.000767, -0.389302, 0.451166, -0.48076] => [0.02139650657773018, -0.02102692425251007, 0.019662078469991684, -0.016520032659173012, 0.019960446283221245]
[0.660896, -0.000774, -0.38931, 0.451111, -0.480759] => [0.021395988762378693, -0.02102688141167164, 0.019662151113152504, -0.016519960016012192, 0.019960541278123856]
[0.660898, -0.000762, -0.389305, 0.451099, -0.48076] => [0.02139638364315033, -0.021027004346251488, 0.019662000238895416, -0.016520146280527115, 0.019960304722189903]
[0.660897, -0.000761, -0.389313, 0.451108, -0.480755] => [0.02139599248766899, -0.02102697640657425, 0.01966184563934803, -0.016520272940397263, 0.019960151985287666]
[0.6609, -0.000777, -0.389277, 0.45109, -0.480756] => [0.02139563113451004, -0.02102680876851082, 0.019662555307149887, -0.016519561409950256, 0.019961031153798103]
[0.6609, -0.000768, -0.389277, 0.451127, -0.480762] => [0.021396592259407043, -0.021026920527219772, 0.019662413746118546, -0.016519727185368538, 0.019960816949605942]
[0.660901, -0.000777, -0.389279, 0.451131, -0.480762] => [0.021396290510892868, -0.021026844158768654, 0.019662553444504738, -0.01651957631111145, 0.019961010664701462]
[0.660898, -0.000751, -0.389268, 0.451111, -0.480757] => [0.02139667421579361, -0.02102702111005783, 0.019662173464894295, -0.016519973054528236, 0.019960502162575722]
[0.660902, -0.000769, -0.389281, 0.451151, -0.480759] => [0.021396316587924957, -0.021026888862252235, 0.019662342965602875, -0.016519783064723015, 0.019960757344961166]
[0.660902, -0.000741, -0.389323, 0.451152, -0.480756] => [0.02139671891927719, -0.021027177572250366, 0.01966134086251259, -0.016520816832780838, 0.01995948515832424]
[0.660898, -0.000804, -0.389263, 0.451132, -0.480761] => [0.021395519375801086, -0.021026557311415672, 0.019663218408823013, -0.0165188517421484, 0.01996190845966339]
[0.660896, -0.000805, -0.38929, 0.451155, -0.48076] => [0.021395377814769745, -0.02102655917406082, 0.01966291479766369, -0.016519131138920784, 0.01996157132089138]
[0.660897, -0.000785, -0.389267, 0.451161, -0.480758] => [0.021395936608314514, -0.021026695147156715, 0.019662780687212944, -0.016519291326403618, 0.01996135711669922]
[0.660901, -0.000745, -0.389282, 0.451088, -0.480755] => [0.02139647677540779, -0.021027101203799248, 0.019661907106637955, -0.016520261764526367, 0.019960153847932816]
[0.660899, -0.000741, -0.389271, 0.451118, -0.480753] => [0.021396607160568237, -0.021027084439992905, 0.0196619164198637, -0.01652023009955883, 0.019960185512900352]
[0.660896, -0.000797, -0.389285, 0.451117, -0.480759] => [0.021395418792963028, -0.02102663554251194, 0.019662844017148018, -0.016519226133823395, 0.01996144838631153]
[0.660896, -0.00079, -0.389321, 0.451081, -0.480755] => [0.021394971758127213, -0.02102673426270485, 0.01966230943799019, -0.01651977002620697, 0.019960792735219002]
[0.660897, -0.000805, -0.389265, 0.451153, -0.480759] => [0.02139539271593094, -0.021026520058512688, 0.019663183018565178, -0.016518862918019295, 0.019961895421147346]
[0.660901, -0.000741, -0.38928, 0.45115, -0.480755] => [0.02139684557914734, -0.021027106791734695, 0.019661808386445045, -0.016520339995622635, 0.019960053265094757]
[0.660901, -0.000819, -0.38931, 0.451138, -0.480755] => [0.0213942751288414, -0.021026447415351868, 0.019662916660308838, -0.01651911437511444, 0.01996162347495556]
[0.6609, -0.000762, -0.389271, 0.451086, -0.480761] => [0.021396562457084656, -0.0210269782692194, 0.019662393257021904, -0.01651977002620697, 0.019960757344961166]
[0.660899, -0.000813, -0.38927, 0.451115, -0.480756] => [0.021394677460193634, -0.021026456728577614, 0.01966327428817749, -0.016518769785761833, 0.019962023943662643]
[0.660897, -0.000756, -0.389289, 0.451157, -0.480754] => [0.02139633148908615, -0.021026957780122757, 0.019661976024508476, -0.016520127654075623, 0.019960321485996246]
[0.6609, -0.000757, -0.389276, 0.451163, -0.480757] => [0.021396633237600327, -0.021026961505413055, 0.019662154838442802, -0.01651996746659279, 0.019960517063736916]
[0.660897, -0.000742, -0.389288, 0.451095, -0.480757] => [0.021396812051534653, -0.021027136594057083, 0.01966180093586445, -0.016520362347364426, 0.01996001973748207]
[0.660901, -0.000816, -0.389285, 0.451138, -0.480757] => [0.021394647657871246, -0.021026454865932465, 0.01966315321624279, -0.016518888995051384, 0.01996188797056675]
[0.6609, -0.000744, -0.389288, 0.451145, -0.480759] => [0.02139706164598465, -0.02102712169289589, 0.019661815837025642, -0.016520343720912933, 0.01996004767715931]
[0.660899, -0.000758, -0.38928, 0.451126, -0.48076] => [0.021396704018115997, -0.02102699689567089, 0.01966218091547489, -0.01651996374130249, 0.019960518926382065]
[0.660897, -0.000822, -0.389278, 0.451098, -0.480759] => [0.02139461413025856, -0.021026412025094032, 0.019663391634821892, -0.016518650576472282, 0.019962172955274582]
[0.6609, -0.000791, -0.389322, 0.451115, -0.480762] => [0.021395627409219742, -0.02102678082883358, 0.019662348553538322, -0.016519762575626373, 0.019960805773735046]
[0.660899, -0.000819, -0.389261, 0.451149, -0.480758] => [0.021394826471805573, -0.02102638967335224, 0.019663475453853607, -0.016518553718924522, 0.019962288439273834]
[0.660899, -0.000767, -0.389267, 0.45116, -0.480754] => [0.02139608934521675, -0.02102683298289776, 0.019662415608763695, -0.01651967503130436, 0.019960880279541016]
[0.660897, -0.000812, -0.389318, 0.45115, -0.480756] => [0.021394632756710052, -0.021026508882641792, 0.019662700593471527, -0.016519321128726006, 0.01996135711669922]
[0.660898, -0.000749, -0.389297, 0.451095, -0.480759] => [0.02139672264456749, -0.021027104929089546, 0.01966184750199318, -0.016520317643880844, 0.019960083067417145]
[0.660899, -0.000765, -0.389286, 0.451106, -0.480757] => [0.021396130323410034, -0.02102692611515522, 0.01966223306953907, -0.016519896686077118, 0.019960612058639526]
[0.660898, -0.000782, -0.38929, 0.451158, -0.480762] => [0.021396245807409286, -0.021026790142059326, 0.019662506878376007, -0.016519591212272644, 0.01996099203824997]
[0.660901, -0.000755, -0.389311, 0.451082, -0.480759] => [0.021396368741989136, -0.021027088165283203, 0.019661808386445045, -0.016520366072654724, 0.01996004208922386]
[0.660897, -0.000818, -0.38926, 0.451155, -0.480755] => [0.02139466628432274, -0.021026363596320152, 0.01966344192624092, -0.016518566757440567, 0.019962269812822342]
[0.660897, -0.000784, -0.389283, 0.451168, -0.480755] => [0.021395638585090637, -0.021026697009801865, 0.019662553444504738, -0.01651950180530548, 0.019961103796958923]
[0.660902, -0.000772, -0.389277, 0.451089, -0.480761] => [0.0213962160050869, -0.02102690190076828, 0.019662505015730858, -0.01651965081691742, 0.01996091939508915]
[0.660898, -0.000762, -0.389319, 0.451142, -0.48076] => [0.021396484225988388, -0.021027004346251488, 0.019661815837025642, -0.016520313918590546, 0.019960105419158936]
[0.660897, -0.000762, -0.389278, 0.45116, -0.48076] => [0.02139676734805107, -0.021026935428380966, 0.01966225542128086, -0.016519861295819283, 0.019960641860961914]
[0.660898, -0.000765, -0.389262, 0.451099, -0.480759] => [0.02139640599489212, -0.021026909351348877, 0.0196625217795372, -0.016519615426659584, 0.01996094547212124]
[0.660901, -0.000797, -0.389307, 0.451093, -0.480761] => [0.02139534056186676, -0.02102671191096306, 0.019662629812955856, -0.01651947945356369, 0.019961154088377953]
[0.660899, -0.000818, -0.389301, 0.451151, -0.480757] => [0.02139459177851677, -0.02102644369006157, 0.019663006067276, -0.01651901938021183, 0.019961729645729065]
[0.660899, -0.000784, -0.389273, 0.451166, -0.480759] => [0.021395999938249588, -0.021026723086833954, 0.019662698730826378, -0.01651938445866108, 0.019961247220635414]
[0.660898, -0.000755, -0.389312, 0.451127, -0.48076] => [0.021396681666374207, -0.021027065813541412, 0.01966177672147751, -0.016520369797945023, 0.019960027188062668]
[0.660898, -0.000779, -0.389271, 0.451119, -0.480755] => [0.02139565721154213, -0.02102675288915634, 0.019662629812955856, -0.01651945896446705, 0.019961152225732803]
[0.660901, -0.000782, -0.389271, 0.45113, -0.480755] => [0.02139556035399437, -0.0210267324000597, 0.01966267265379429, -0.016519417986273766, 0.01996121183037758]
[0.660901, -0.000737, -0.389259, 0.451091, -0.480763] => [0.021397560834884644, -0.021027207374572754, 0.019662080332636833, -0.01652013510465622, 0.01996028982102871]
[0.660902, -0.000816, -0.38928, 0.451114, -0.480762] => [0.021395020186901093, -0.021026503294706345, 0.019663268700242043, -0.016518808901309967, 0.01996198296546936]
[0.660897, -0.000781, -0.389294, 0.451114, -0.480754] => [0.021395381540060043, -0.02102675661444664, 0.019662408158183098, -0.01651967130601406, 0.019960900768637657]
[0.660901, -0.000767, -0.389301, 0.451145, -0.480761] => [0.021396469324827194, -0.02102695032954216, 0.019662106409668922, -0.016520027071237564, 0.01996045745909214]
[0.660898, -0.000754, -0.389316, 0.45112, -0.480759] => [0.021396562457084656, -0.02102707512676716, 0.019661709666252136, -0.016520436853170395, 0.0199599452316761]
[0.660902, -0.000767, -0.38932, 0.451136, -0.480758] => [0.021396055817604065, -0.021026961505413055, 0.019661881029605865, -0.016520250588655472, 0.0199601948261261]
[0.660899, -0.000775, -0.389281, 0.451114, -0.480756] => [0.021395783871412277, -0.021026816219091415, 0.019662458449602127, -0.01651964709162712, 0.019960924983024597]
[0.660897, -0.000736, -0.389297, 0.451169, -0.480756] => [0.021397147327661514, -0.021027158945798874, 0.01966152898967266, -0.016520608216524124, 0.019959716126322746]
[0.660897, -0.000759, -0.38927, 0.451134, -0.480763] => [0.021397065371274948, -0.021026987582445145, 0.01966233365237713, -0.016519812867045403, 0.019960695877671242]
[0.660896, -0.000746, -0.389286, 0.451101, -0.480762] => [0.02139720320701599, -0.021027132868766785, 0.019661936908960342, -0.016520235687494278, 0.019960172474384308]
[0.660897, -0.000779, -0.389286, 0.451109, -0.480757] => [0.021395739167928696, -0.021026792004704475, 0.019662490114569664, -0.016519607976078987, 0.019960971549153328]
[0.660901, -0.000762, -0.389309, 0.451106, -0.480759] => [0.021396242082118988, -0.021027009934186935, 0.01966194063425064, -0.016520211473107338, 0.019960233941674232]
[0.660899, -0.000814, -0.389271, 0.451133, -0.480763] => [0.021395348012447357, -0.021026497706770897, 0.019663328304886818, -0.016518738120794296, 0.01996205933392048]
[0.660897, -0.000811, -0.389306, 0.451122, -0.480759] => [0.021394889801740646, -0.02102653868496418, 0.01966286264359951, -0.01651918701827526, 0.019961515441536903]
[0.660899, -0.000773, -0.389266, 0.451118, -0.480758] => [0.021396100521087646, -0.02102682739496231, 0.019662601873278618, -0.016519514843821526, 0.019961079582571983]
[0.660902, -0.000775, -0.389264, 0.451126, -0.480759] => [0.021396126598119736, -0.021026821807026863, 0.019662659615278244, -0.016519466415047646, 0.019961142912507057]
[0.660897, -0.000749, -0.38929, 0.451147, -0.480758] => [0.021396879106760025, -0.021027060225605965, 0.019661879166960716, -0.01652025617659092, 0.019960155710577965]
[0.6609, -0.000816, -0.389282, 0.451117, -0.480756] => [0.021394528448581696, -0.021026449277997017, 0.019663196057081223, -0.0165188480168581, 0.01996193639934063]
[0.660898, -0.000802, -0.389319, 0.451162, -0.480758] => [0.02139515057206154, -0.0210266150534153, 0.019662514328956604, -0.016519533470273018, 0.01996109075844288]
[0.660898, -0.000778, -0.389312, 0.451081, -0.480759] => [0.021395690739154816, -0.021026868373155594, 0.019662221893668175, -0.016519902274012566, 0.019960619509220123]
[0.660898, -0.000775, -0.389322, 0.451086, -0.480758] => [0.021395687013864517, -0.02102690003812313, 0.019662044942378998, -0.016520079225301743, 0.01996040530502796]
[0.660897, -0.00079, -0.389301, 0.451172, -0.480755] => [0.021395377814769745, -0.021026665344834328, 0.019662462174892426, -0.016519581899046898, 0.01996101625263691]
[0.660901, -0.000766, -0.389266, 0.451138, -0.480758] => [0.021396368741989136, -0.021026890724897385, 0.019662456586956978, -0.01651967130601406, 0.019960885867476463]
[0.660901, -0.000819, -0.389312, 0.451132, -0.480763] => [0.02139495685696602, -0.02102651819586754, 0.019662966951727867, -0.016519099473953247, 0.019961634650826454]
[0.660901, -0.000811, -0.389304, 0.451083, -0.480757] => [0.0213945209980011, -0.021026551723480225, 0.019662892445921898, -0.016519181430339813, 0.019961532205343246]
[0.660901, -0.000739, -0.389289, 0.451151, -0.480753] => [0.021396692842245102, -0.02102711983025074, 0.01966165564954281, -0.016520487144589424, 0.01995987631380558]
[0.660896, -0.000824, -0.389293, 0.451158, -0.480757] => [0.021394532173871994, -0.0210263654589653, 0.01966320350766182, -0.01651879958808422, 0.019961996003985405]
[0.6609, -0.000788, -0.389293, 0.451126, -0.48076] => [0.021395720541477203, -0.021026745438575745, 0.019662586972117424, -0.016519512981176376, 0.019961100071668625]
[0.6609, -0.000823, -0.389289, 0.451135, -0.480758] => [0.0213945209980011, -0.021026402711868286, 0.01966325007379055, -0.016518782824277878, 0.019962020218372345]
[0.660901, -0.000803, -0.389308, 0.451083, -0.480761] => [0.021395094692707062, -0.02102666348218918, 0.01966273784637451, -0.016519367694854736, 0.019961297512054443]
[0.660899, -0.000824, -0.389266, 0.451126, -0.480753] => [0.02139413356781006, -0.02102632075548172, 0.019663486629724503, -0.016518523916602135, 0.019962336868047714]
[0.660897, -0.000739, -0.38932, 0.451116, -0.480756] => [0.021396741271018982, -0.02102719061076641, 0.019661368802189827, -0.01652078703045845, 0.01995950937271118]
[0.660897, -0.00074, -0.389273, 0.451114, -0.480758] => [0.021397098898887634, -0.021027132868766785, 0.019661925733089447, -0.016520237550139427, 0.01996016502380371]
[0.660898, -0.000758, -0.389287, 0.451158, -0.48076] => [0.021396808326244354, -0.021026987582445145, 0.019662082195281982, -0.016520045697689056, 0.019960420206189156]
[0.660898, -0.000766, -0.389289, 0.451119, -0.480761] => [0.021396517753601074, -0.021026944741606712, 0.019662246108055115, -0.01651989109814167, 0.019960613921284676]
[0.6609, -0.000814, -0.389279, 0.451093, -0.480755] => [0.021394409239292145, -0.02102646417915821, 0.01966319978237152, -0.0165188517421484, 0.019961930811405182]
[0.660897, -0.000824, -0.389266, 0.451112, -0.480762] => [0.021394919604063034, -0.02102639339864254, 0.019663576036691666, -0.016518471762537956, 0.019962389022111893]
[0.660902, -0.000816, -0.389288, 0.451157, -0.480757] => [0.021394699811935425, -0.021026454865932465, 0.01966310665011406, -0.016518931835889816, 0.01996183767914772]
[0.660898, -0.00076, -0.389263, 0.451114, -0.480759] => [0.02139662578701973, -0.02102694846689701, 0.019662410020828247, -0.016519729048013687, 0.019960802048444748]
[0.660901, -0.000762, -0.389321, 0.451121, -0.480762] => [0.021396517753601074, -0.02102704346179962, 0.01966182142496109, -0.016520336270332336, 0.019960081204771996]
[0.660898, -0.000823, -0.389289, 0.451152, -0.480759] => [0.02139471471309662, -0.02102639712393284, 0.0196632482111454, -0.01651877351105213, 0.019962027668952942]
[0.660896, -0.000749, -0.389267, 0.451158, -0.480761] => [0.02139730378985405, -0.02102704346179962, 0.019662151113152504, -0.01651998981833458, 0.019960470497608185]
[0.660896, -0.000801, -0.38926, 0.45115, -0.480759] => [0.021395541727542877, -0.021026547998189926, 0.019663166254758835, -0.016518883407115936, 0.01996186375617981]
[0.660899, -0.000803, -0.389267, 0.451159, -0.480759] => [0.021395433694124222, -0.021026547998189926, 0.019663117825984955, -0.016518937423825264, 0.019961807876825333]
[0.660898, -0.000764, -0.38926, 0.451151, -0.480754] => [0.021396182477474213, -0.0210268497467041, 0.019662443548440933, -0.01651965081691742, 0.019960904493927956]
[0.660898, -0.000741, -0.389278, 0.451129, -0.480758] => [0.02139708772301674, -0.021027129143476486, 0.019661875441670418, -0.016520284116268158, 0.019960112869739532]
[0.660901, -0.000812, -0.389283, 0.451156, -0.480762] => [0.021395310759544373, -0.021026520058512688, 0.019663130864501, -0.016518931835889816, 0.019961826503276825]
[0.660896, -0.00074, -0.389263, 0.451086, -0.480758] => [0.02139706164598465, -0.021027129143476486, 0.019662056118249893, -0.016520116478204727, 0.0199603121727705]
[0.660897, -0.000813, -0.389315, 0.451112, -0.480763] => [0.021395109593868256, -0.021026570349931717, 0.01966284215450287, -0.016519226133823395, 0.019961468875408173]
[0.6609, -0.000763, -0.389294, 0.451167, -0.480762] => [0.021396812051534653, -0.02102697268128395, 0.019662106409668922, -0.016520027071237564, 0.019960450008511543]
[0.6609, -0.000813, -0.389287, 0.45108, -0.480757] => [0.021394554525613785, -0.021026508882641792, 0.019663121551275253, -0.01651894673705101, 0.01996181346476078]
[0.660901, -0.000745, -0.389299, 0.451138, -0.480755] => [0.02139660343527794, -0.021027103066444397, 0.019661681726574898, -0.016520466655492783, 0.019959907978773117]
[0.660898, -0.000751, -0.389322, 0.451086, -0.480763] => [0.021396871656179428, -0.021027158945798874, 0.019661646336317062, -0.016520537436008453, 0.019959822297096252]
[0.6609, -0.000758, -0.389286, 0.45108, -0.480759] => [0.021396413445472717, -0.02102702297270298, 0.01966213993728161, -0.016520025208592415, 0.019960451871156693]
[0.660899, -0.0008, -0.389277, 0.451115, -0.480761] => [0.021395497024059296, -0.021026626229286194, 0.019663002341985703, -0.016519084572792053, 0.019961625337600708]
[0.660896, -0.000777, -0.38926, 0.451133, -0.480754] => [0.021395746618509293, -0.02102673426270485, 0.019662698730826378, -0.016519377008080482, 0.019961247220635414]
[0.660901, -0.000737, -0.389258, 0.451091, -0.480763] => [0.021397564560174942, -0.021027205511927605, 0.01966209150850773, -0.016520123928785324, 0.019960304722189903]
[0.660902, -0.000737, -0.38926, 0.451091, -0.480763] => [0.021397534757852554, -0.021027211099863052, 0.01966206729412079, -0.016520151868462563, 0.019960271194577217]
[0.660901, -0.000736, -0.389258, 0.451091, -0.480763] => [0.021397605538368225, -0.02102721482515335, 0.019662074744701385, -0.016520142555236816, 0.019960278645157814]
[0.660902, -0.000737, -0.389259, 0.45109, -0.480763] => [0.02139754220843315, -0.021027211099863052, 0.019662080332636833, -0.016520140692591667, 0.01996028609573841]
[0.660902, -0.000736, -0.38926, 0.45109, -0.480763] => [0.02139756828546524, -0.0210272204130888, 0.019662050530314445, -0.016520170494914055, 0.019960246980190277]
[0.660901, -0.000736, -0.389258, 0.45109, -0.480763] => [0.02139759063720703, -0.02102721482515335, 0.019662074744701385, -0.016520142555236816, 0.019960278645157814]
[0.660901, -0.000736, -0.389259, 0.451091, -0.480763] => [0.021397586911916733, -0.02102721482515335, 0.01966206170618534, -0.01652015559375286, 0.01996026374399662]
[0.660902, -0.000736, -0.389259, 0.45109, -0.480763] => [0.02139757201075554, -0.02102721855044365, 0.01966205984354019, -0.01652016118168831, 0.01996026001870632]
[0.660901, -0.000735, -0.38926, 0.451091, -0.480763] => [0.021397635340690613, -0.021027227863669395, 0.019662033766508102, -0.01652018539607525, 0.019960228353738785]
[0.660902, -0.000735, -0.389259, 0.45109, -0.480763] => [0.021397605538368225, -0.021027229726314545, 0.01966204307973385, -0.0165201798081398, 0.01996023580431938]
[0.660902, -0.000736, -0.389258, 0.451091, -0.480763] => [0.021397579461336136, -0.0210272166877985, 0.019662071019411087, -0.016520150005817413, 0.019960273057222366]
[0.660901, -0.000736, -0.389259, 0.45109, -0.480763] => [0.021397583186626434, -0.02102721482515335, 0.01966206170618534, -0.01652015559375286, 0.01996026374399662]
[0.660901, -0.000735, -0.389258, 0.45109, -0.480763] => [0.021397624164819717, -0.021027222275733948, 0.019662056118249893, -0.016520163044333458, 0.019960254430770874]
[0.660901, -0.000735, -0.389258, 0.451091, -0.480763] => [0.021397627890110016, -0.021027224138379097, 0.019662056118249893, -0.016520163044333458, 0.019960254430770874]
[0.660902, -0.000735, -0.389259, 0.451091, -0.480763] => [0.021397601813077927, -0.021027227863669395, 0.01966204307973385, -0.0165201798081398, 0.01996023580431938]
[0.660902, -0.000736, -0.389259, 0.451091, -0.480763] => [0.021397560834884644, -0.02102721855044365, 0.01966206170618534, -0.01652016118168831, 0.01996026001870632]
[0.660902, -0.000737, -0.389259, 0.451091, -0.480763] => [0.021397549659013748, -0.021027209237217903, 0.019662080332636833, -0.016520138829946518, 0.01996028609573841]
[0.660901, -0.000736, -0.38926, 0.451091, -0.480763] => [0.021397579461336136, -0.0210272166877985, 0.019662052392959595, -0.016520164906978607, 0.019960252568125725]
[0.660901, -0.000735, -0.389259, 0.45109, -0.480763] => [0.021397624164819717, -0.021027224138379097, 0.019662044942378998, -0.016520174220204353, 0.01996024139225483]
[0.660902, -0.000737, -0.389258, 0.451091, -0.480763] => [0.021397538483142853, -0.021027207374572754, 0.01966209150850773, -0.016520129516720772, 0.019960299134254456]
[0.660902, -0.000736, -0.38926, 0.451091, -0.480763] => [0.02139757201075554, -0.0210272204130888, 0.019662048667669296, -0.016520172357559204, 0.019960246980190277]
[0.660902, -0.000736, -0.389258, 0.45109, -0.480763] => [0.02139757201075554, -0.02102721855044365, 0.019662072882056236, -0.016520150005817413, 0.019960274919867516]
[0.660901, -0.000735, -0.38926, 0.45109, -0.480763] => [0.02139762043952942, -0.021027226001024246, 0.019662033766508102, -0.01652018539607525, 0.019960226491093636]
[0.660901, -0.000735, -0.389259, 0.451091, -0.480763] => [0.021397624164819717, -0.021027226001024246, 0.019662044942378998, -0.016520174220204353, 0.01996024139225483]
[0.660901, -0.000737, -0.38926, 0.45109, -0.480763] => [0.021397560834884644, -0.021027209237217903, 0.019662071019411087, -0.016520146280527115, 0.019960276782512665]
[0.660902, -0.000735, -0.389258, 0.451091, -0.480763] => [0.02139762043952942, -0.021027227863669395, 0.019662054255604744, -0.016520170494914055, 0.019960248842835426]
[0.660901, -0.000737, -0.389259, 0.45109, -0.480763] => [0.021397549659013748, -0.021027207374572754, 0.019662080332636833, -0.01652013510465622, 0.01996028795838356]
[0.660902, -0.000735, -0.38926, 0.451091, -0.480763] => [0.02139761671423912, -0.021027229726314545, 0.019662031903862953, -0.016520190984010696, 0.019960222765803337]
[0.660902, -0.000737, -0.389258, 0.45109, -0.480763] => [0.021397534757852554, -0.021027209237217903, 0.01966209150850773, -0.016520129516720772, 0.019960299134254456]
[0.660901, -0.000736, -0.38926, 0.45109, -0.480763] => [0.02139759436249733, -0.0210272166877985, 0.019662050530314445, -0.016520164906978607, 0.019960252568125725]
[0.660902, -0.000735, -0.38926, 0.45109, -0.480763] => [0.021397598087787628, -0.021027229726314545, 0.019662031903862953, -0.016520190984010696, 0.019960222765803337]
[0.660902, -0.000737, -0.38926, 0.45109, -0.480763] => [0.021397534757852554, -0.0210272129625082, 0.01966206729412079, -0.016520151868462563, 0.019960273057222366]
[0.660901, -0.000737, -0.38926, 0.451091, -0.480763] => [0.021397549659013748, -0.021027207374572754, 0.019662071019411087, -0.016520146280527115, 0.019960276782512665]
[0.660901, -0.000737, -0.389258, 0.45109, -0.480763] => [0.021397557109594345, -0.021027205511927605, 0.01966209150850773, -0.016520123928785324, 0.019960302859544754]
[0.660902, -0.000735, -0.389258, 0.45109, -0.480763] => [0.021397612988948822, -0.021027227863669395, 0.019662054255604744, -0.016520168632268906, 0.019960248842835426]
[0.624108, -0.002817, -0.357235, 0.480357, -0.489512] => [0.022906392812728882, -0.021026698872447014, 0.020416952669620514, -0.015791907906532288, 0.020788902416825294]
[0.624338, -0.001775, -0.358395, 0.479753, -0.489456] => [0.022985491901636124, -0.021067293360829353, 0.020381374284625053, -0.01585209183394909, 0.020725581794977188]
[0.624295, -0.008372, -0.357621, 0.479694, -0.489527] => [0.022250525653362274, -0.02067774534225464, 0.020528651773929596, -0.015481935814023018, 0.02116255648434162]
[0.624212, -0.005371, -0.364061, 0.479471, -0.489468] => [0.022800955921411514, -0.02093297429382801, 0.02035500481724739, -0.015776120126247406, 0.02078172005712986]
[0.624362, -0.003889, -0.357328, 0.480147, -0.489554] => [0.022832434624433517, -0.02098539099097252, 0.020431894809007645, -0.015749191865324974, 0.020830709487199783]
[0.624378, -0.002704, -0.360306, 0.480604, -0.489509] => [0.022952161729335785, -0.0210336372256279, 0.020368661731481552, -0.015838121995329857, 0.020733103156089783]
[0.624572, -0.010894, -0.363327, 0.480033, -0.489437] => [0.021830245852470398, -0.020338337868452072, 0.020540177822113037, -0.015274656936526299, 0.021455148234963417]
[0.624684, -0.006775, -0.361094, 0.480896, -0.489328] => [0.022647477686405182, -0.020882828161120415, 0.020413851365447044, -0.015690060332417488, 0.020874300971627235]
[0.62399, -0.004858, -0.358542, 0.480916, -0.489531] => [0.022783666849136353, -0.020949415862560272, 0.02043047361075878, -0.01572379097342491, 0.0208517424762249]
[0.624566, -0.0074, -0.360728, 0.480123, -0.48931] => [0.022514309734106064, -0.02081354893743992, 0.020446551963686943, -0.015623207204043865, 0.02096244879066944]
[0.624575, -0.009976, -0.358144, 0.480143, -0.489412] => [0.021955475211143494, -0.02050919085741043, 0.020537568256258965, -0.01538080908358097, 0.021312963217496872]
[0.624122, -0.002208, -0.356965, 0.480783, -0.489336] => [0.022936038672924042, -0.021049799397587776, 0.020407527685165405, -0.015817230567336082, 0.020764421671628952]
[0.624174, -0.001772, -0.358402, 0.480525, -0.489328] => [0.02298208326101303, -0.021067578345537186, 0.02037922479212284, -0.015854274854063988, 0.020723136141896248]
[0.624504, -0.015032, -0.362922, 0.481017, -0.489422] => [0.0229484960436821, -0.019864197820425034, 0.020538311451673508, -0.014807323925197124, 0.021896887570619583]
[0.623864, -0.010522, -0.364124, 0.481012, -0.489369] => [0.021920550614595413, -0.02039034478366375, 0.020519545301795006, -0.015319492667913437, 0.02138913795351982]
[0.623989, -0.002689, -0.359661, 0.479517, -0.489582] => [0.022945675998926163, -0.021033233031630516, 0.020381513983011246, -0.01582643762230873, 0.02074705995619297]
[0.623992, -0.008267, -0.36424, 0.48079, -0.48949] => [0.022411394864320755, -0.020717646926641464, 0.02044280804693699, -0.015567830763757229, 0.02103341370820999]
[0.624169, -0.001529, -0.363573, 0.480218, -0.48934] => [0.022997897118330002, -0.021065277978777885, 0.02029814012348652, -0.015921203419566154, 0.02063712105154991]
[0.624182, -0.000358, -0.363065, 0.480801, -0.489418] => [0.022943846881389618, -0.021076425909996033, 0.02028530277311802, -0.015939923003315926, 0.020614033564925194]
[0.623804, -0.010743, -0.363413, 0.480281, -0.489366] => [0.021857235580682755, -0.02035953663289547, 0.020534612238407135, -0.015290504321455956, 0.021431265398859978]
[0.624461, -0.00262, -0.356737, 0.479608, -0.489484] => [0.02290603518486023, -0.021033355966210365, 0.02041885070502758, -0.015795592218637466, 0.020786777138710022]
[0.624195, -0.0038, -0.364825, 0.480892, -0.489553] => [0.02293604239821434, -0.020995257422327995, 0.02032122015953064, -0.01584995724260807, 0.02070660889148712]
[0.623953, -0.015173, -0.358602, 0.479717, -0.489571] => [0.023181449621915817, -0.019874997437000275, 0.02058730460703373, -0.01475556194782257, 0.02195456437766552]
[0.624514, -0.011817, -0.364205, 0.480705, -0.48957] => [0.02165309339761734, -0.020177381113171577, 0.020574569702148438, -0.015147374011576176, 0.021626191213726997]
[0.623997, -0.007954, -0.361914, 0.479957, -0.48931] => [0.02241642400622368, -0.020748116075992584, 0.02045755833387375, -0.015575826168060303, 0.02102530002593994]
[0.623914, -0.010443, -0.358746, 0.480872, -0.489472] => [0.02185988798737526, -0.020423369482159615, 0.020559992641210556, -0.015311956405639648, 0.021408390253782272]
[0.624232, -0.003843, -0.356861, 0.480772, -0.489575] => [0.02283583953976631, -0.02098723314702511, 0.02043912000954151, -0.015744222328066826, 0.020837225019931793]
[0.624406, -0.009644, -0.357536, 0.48082, -0.489426] => [0.02202187478542328, -0.02056201547384262, 0.020529095083475113, -0.015418396331369877, 0.02126031368970871]
[0.624035, -0.014389, -0.356738, 0.480245, -0.489403] => [0.022147733718156815, -0.01992940716445446, 0.02063710242509842, -0.014846310950815678, 0.021937161684036255]
[0.624309, -0.013865, -0.365336, 0.479772, -0.489307] => [0.02201131358742714, -0.01991577446460724, 0.020584367215633392, -0.014910557307302952, 0.021872393786907196]
[0.624274, -0.001251, -0.360828, 0.480897, -0.489566] => [0.022992506623268127, -0.021072067320346832, 0.02033817768096924, -0.015891727060079575, 0.02067522704601288]
[0.624269, -0.014531, -0.358673, 0.479777, -0.489423] => [0.022366143763065338, -0.019912991672754288, 0.020609041675925255, -0.014840047806501389, 0.021923597902059555]
[0.623909, -0.011158, -0.362153, 0.480545, -0.489516] => [0.021754078567028046, -0.02029263973236084, 0.020566750317811966, -0.015226754359900951, 0.021522624418139458]
[0.623893, -0.011374, -0.358167, 0.479941, -0.489357] => [0.021644871681928635, -0.02028120681643486, 0.020597539842128754, -0.015196559950709343, 0.021567443385720253]
[0.6239, -0.00633, -0.357771, 0.480553, -0.489514] => [0.022658269852399826, -0.020898180082440376, 0.02046244405210018, -0.015659261494874954, 0.02091658115386963]
[0.624126, -0.009144, -0.364911, 0.479782, -0.489552] => [0.02224690094590187, -0.020608307793736458, 0.02045558951795101, -0.015495393425226212, 0.021138234063982964]
[0.623962, -0.01134, -0.359969, 0.480375, -0.489428] => [0.02168063074350357, -0.020275728777050972, 0.020585723221302032, -0.015201905742287636, 0.021558329463005066]
[0.623877, -0.000286, -0.361167, 0.479719, -0.489442] => [0.022925451397895813, -0.021077917888760567, 0.020314261317253113, -0.015916189178824425, 0.02064403146505356]
[0.623949, -0.008742, -0.361903, 0.479664, -0.489441] => [0.022263772785663605, -0.02066165767610073, 0.020476369187235832, -0.015511375851929188, 0.02111738920211792]
[0.624047, -0.008509, -0.361667, 0.47961, -0.489312] => [0.022295959293842316, -0.020685428753495216, 0.020473985001444817, -0.01552702859044075, 0.02109484001994133]
[0.623973, 0.000142, -0.360489, 0.480005, -0.489532] => [0.02290850505232811, -0.021082879975438118, 0.020317789167165756, -0.01591663993895054, 0.020643843337893486]
[0.623995, -0.007319, -0.358248, 0.480613, -0.489496] => [0.02248597890138626, -0.020798521116375923, 0.02049141190946102, -0.015579950995743275, 0.021024467423558235]
[0.623957, -0.002631, -0.364695, 0.479386, -0.489471] => [0.02300301566720009, -0.02103913016617298, 0.020304454490542412, -0.015896279364824295, 0.02066131681203842]
[0.624652, -0.010842, -0.365063, 0.480871, -0.489373] => [0.02186916023492813, -0.020339520648121834, 0.020522622391581535, -0.015287566930055618, 0.021434374153614044]
[0.624461, -0.000993, -0.358114, 0.479902, -0.489515] => [0.0229518860578537, -0.021075448021292686, 0.02037161961197853, -0.01586620882153511, 0.020708519965410233]
[0.623971, -0.005064, -0.36262, 0.481014, -0.489518] => [0.022818975150585175, -0.02094474993646145, 0.02037361077964306, -0.01576855406165123, 0.0207940973341465]
[0.624328, -0.003034, -0.357239, 0.480705, -0.489462] => [0.0228886678814888, -0.021018411964178085, 0.02041805163025856, -0.01578523963689804, 0.020795272663235664]
[0.624537, -0.0113, -0.362496, 0.480687, -0.489534] => [0.021735530346632004, -0.02027054689824581, 0.020566647872328758, -0.015213077887892723, 0.021540913730859756]
[0.624132, -0.008447, -0.36173, 0.480586, -0.489544] => [0.02232249826192856, -0.02068677917122841, 0.020479200407862663, -0.015522880479693413, 0.021099703386425972]
[0.624238, -0.002118, -0.362515, 0.48064, -0.4894] => [0.023013755679130554, -0.02105775848031044, 0.020325452089309692, -0.015892503783106804, 0.020671986043453217]
[0.623841, -0.002703, -0.358674, 0.480931, -0.489435] => [0.022931333631277084, -0.021032417193055153, 0.020393695682287216, -0.015815718099474907, 0.02076055482029915]
[0.623799, -0.014535, -0.361996, 0.480515, -0.489524] => [0.02262255549430847, -0.019892551004886627, 0.02057645469903946, -0.014836110174655914, 0.021906280890107155]
[0.623958, -0.008468, -0.358063, 0.479746, -0.489352] => [0.022230111062526703, -0.020669231191277504, 0.02052270621061325, -0.015481458976864815, 0.02116285264492035]
[0.624548, -0.011201, -0.35872, 0.480406, -0.489448] => [0.021698053926229477, -0.020306341350078583, 0.02058691531419754, -0.01522090658545494, 0.021534981206059456]
[0.624234, -0.006218, -0.363085, 0.480234, -0.489534] => [0.022737234830856323, -0.02090064436197281, 0.020383700728416443, -0.015727978199720383, 0.02083238586783409]
[0.624112, -0.001744, -0.364812, 0.480988, -0.489466] => [0.02303266152739525, -0.021063843742012978, 0.02028682641685009, -0.015929335728287697, 0.020626259967684746]
[0.624008, -0.011316, -0.36432, 0.479806, -0.48941] => [0.02174616977572441, -0.020264001563191414, 0.02055266499519348, -0.015219367109239101, 0.0215297844260931]
[0.624524, -0.009374, -0.358766, 0.480841, -0.489401] => [0.022095058113336563, -0.020593658089637756, 0.020511748269200325, -0.01544888038188219, 0.02121446654200554]
[0.623893, -0.006336, -0.364152, 0.480426, -0.489403] => [0.02273612841963768, -0.02089645527303219, 0.020368782803416252, -0.015737589448690414, 0.020819243043661118]
[0.624573, -0.008963, -0.36147, 0.480477, -0.489589] => [0.022226139903068542, -0.02063075453042984, 0.02048731967806816, -0.015485969372093678, 0.021155737340450287]
[0.624677, -0.006315, -0.361769, 0.480312, -0.48948] => [0.022704269737005234, -0.020897595211863518, 0.02040078677237034, -0.015711724758148193, 0.020852020010352135]
[0.624332, -0.01476, -0.361614, 0.479983, -0.489546] => [0.022785957902669907, -0.019885100424289703, 0.02056780271232128, -0.014820534735918045, 0.02190917357802391]
[0.624174, -0.001989, -0.364807, 0.48092, -0.489446] => [0.02304316684603691, -0.021061638370156288, 0.020290758460760117, -0.015924524515867233, 0.02063235081732273]
[0.624514, 0.000199, -0.357148, 0.480448, -0.489385] => [0.02287590131163597, -0.021085886284708977, 0.020360389724373817, -0.015883632004261017, 0.020687613636255264]
[0.624113, -0.000554, -0.358065, 0.480879, -0.489543] => [0.022939365357160568, -0.021080192178487778, 0.02036644145846367, -0.01587359793484211, 0.02069910429418087]
[0.624327, -0.006312, -0.357125, 0.479619, -0.489491] => [0.022647526115179062, -0.020901797339320183, 0.020465603098273277, -0.015660302713513374, 0.020917365327477455]
[0.624246, -0.005887, -0.3587, 0.479737, -0.489436] => [0.022694502025842667, -0.020910246297717094, 0.020440617576241493, -0.01568703167140484, 0.02088681049644947]
[0.62442, -0.007388, -0.358267, 0.479995, -0.489477] => [0.022474173456430435, -0.020796870812773705, 0.020488405600190163, -0.015582182444632053, 0.02102222666144371]
[0.624689, -0.004775, -0.362558, 0.481073, -0.489373] => [0.022825364023447037, -0.020955488085746765, 0.02036323770880699, -0.015786224976181984, 0.020776350051164627]
[0.624599, -0.009205, -0.358928, 0.479854, -0.489548] => [0.02212958037853241, -0.020606061443686485, 0.020515436306595802, -0.015452215448021889, 0.021207865327596664]
[0.62397, -0.004935, -0.363506, 0.47987, -0.489464] => [0.02282816171646118, -0.020949596539139748, 0.020357487723231316, -0.015785938128829002, 0.020773934200406075]
[0.623894, -0.009587, -0.361235, 0.480635, -0.489576] => [0.022093210369348526, -0.020547986030578613, 0.020506054162979126, -0.015423963777720928, 0.02124512940645218]
[0.623902, -0.004213, -0.364867, 0.479971, -0.489401] => [0.02289227768778801, -0.02097843773663044, 0.020325245335698128, -0.015834422782063484, 0.020721523091197014]
[0.624401, 8.8e-05, -0.363131, 0.479635, -0.489433] => [0.02291227877140045, -0.02107907645404339, 0.020275181159377098, -0.015950605273246765, 0.02060064673423767]
[0.624568, -0.007794, -0.357178, 0.480405, -0.489545] => [0.02237098291516304, -0.020743142813444138, 0.020517511293292046, -0.015529085882008076, 0.02109762653708458]
[0.624418, -0.009364, -0.361017, 0.479779, -0.489392] => [0.022133391350507736, -0.020596448332071304, 0.020488152280449867, -0.0154673270881176, 0.021185260266065598]
[0.624562, -0.003509, -0.363815, 0.480166, -0.489406] => [0.02292759343981743, -0.021004851907491684, 0.020326510071754456, -0.015853241086006165, 0.020706292241811752]
[0.624492, -0.005926, -0.363335, 0.480579, -0.489475] => [0.0227588452398777, -0.020911674946546555, 0.020372968167066574, -0.015745531767606735, 0.02081417106091976]
[0.624587, -0.004981, -0.363564, 0.479373, -0.489539] => [0.02282516285777092, -0.020947717130184174, 0.020355891436338425, -0.0157863050699234, 0.020773395895957947]
[0.623791, -0.01502, -0.361603, 0.480214, -0.489473] => [0.023033417761325836, -0.019872386008501053, 0.020554672926664352, -0.01479717344045639, 0.02191333658993244]
[0.624662, -0.003731, -0.360001, 0.479407, -0.489433] => [0.02286193147301674, -0.02099284715950489, 0.02038608491420746, -0.0157940611243248, 0.020777294412255287]
[0.62415, -0.002941, -0.363744, 0.480026, -0.489526] => [0.022976398468017578, -0.021026933565735817, 0.02032342553138733, -0.015871306881308556, 0.020689131692051888]
[0.623915, -0.002666, -0.360544, 0.480592, -0.489429] => [0.022954091429710388, -0.02103510871529579, 0.02036517858505249, -0.015841934829950333, 0.020728500559926033]
[0.624608, -0.004216, -0.362818, 0.479607, -0.489331] => [0.02285647764801979, -0.02097625844180584, 0.02035030722618103, -0.015812449157238007, 0.020749609917402267]
[0.623978, -0.003866, -0.36351, 0.480219, -0.489411] => [0.02290196716785431, -0.02099091373383999, 0.020339597016572952, -0.015831420198082924, 0.020728977397084236]
[0.624253, -0.010072, -0.359128, 0.479849, -0.489398] => [0.02194506675004959, -0.020488912239670753, 0.02053544856607914, -0.015369472093880177, 0.02132686972618103]
[0.624436, -0.014663, -0.359923, 0.479378, -0.489403] => [0.022529490292072296, -0.019900940358638763, 0.020588254556059837, -0.014834500849246979, 0.021913984790444374]
[0.624491, -0.006988, -0.358553, 0.481064, -0.48957] => [0.022567197680473328, -0.020842289552092552, 0.020470835268497467, -0.015620797872543335, 0.020967811346054077]
[0.624201, -0.011055, -0.363377, 0.480205, -0.48945] => [0.021793201565742493, -0.020309075713157654, 0.020549559965729713, -0.015249832533299923, 0.021489590406417847]
[0.623995, -0.004319, -0.362334, 0.479508, -0.489532] => [0.022859781980514526, -0.020972365513443947, 0.02036648988723755, -0.015794813632965088, 0.020769236609339714]
[0.624559, -0.01397, -0.363292, 0.479701, -0.489308] => [0.02201564982533455, -0.019917583093047142, 0.020588155835866928, -0.014904217794537544, 0.021877819672226906]
[0.623866, -0.004216, -0.363855, 0.480396, -0.489514] => [0.02289043366909027, -0.020978057757019997, 0.020342769101262093, -0.01581895723938942, 0.020740380510687828]
[0.624556, -0.002433, -0.359011, 0.480347, -0.489588] => [0.0229586623609066, -0.021043086424469948, 0.020384300500154495, -0.015831749886274338, 0.02074381522834301]
[0.624042, -0.00507, -0.356465, 0.480354, -0.489526] => [0.022739171981811523, -0.02093922346830368, 0.02046392485499382, -0.01568809524178505, 0.020893782377243042]
[0.624519, -0.005133, -0.359633, 0.479547, -0.489435] => [0.022760093212127686, -0.020938577130436897, 0.020414043217897415, -0.01573057658970356, 0.020841101184487343]
[0.624445, -0.010713, -0.363794, 0.480425, -0.489307] => [0.021872755140066147, -0.020368007943034172, 0.020525066182017326, -0.015303334221243858, 0.02141377702355385]
[0.624126, -0.000465, -0.357484, 0.479739, -0.489469] => [0.022916778922080994, -0.02107996679842472, 0.020371725782752037, -0.015869203954935074, 0.02070477046072483]
[0.62427, -0.007887, -0.363652, 0.479966, -0.489351] => [0.022478990256786346, -0.020773980766534805, 0.02042549103498459, -0.01561539527028799, 0.02096908539533615]
[0.62438, -0.002424, -0.358549, 0.480035, -0.489555] => [0.02295016124844551, -0.021042801439762115, 0.020391130819916725, -0.015825694426894188, 0.020751291885972023]
[0.623946, -0.015267, -0.358614, 0.47972, -0.48957] => [0.023315291851758957, -0.019868722185492516, 0.02058453857898712, -0.01474140677601099, 0.02196028269827366]
[0.623958, -0.015155, -0.358606, 0.479716, -0.489571] => [0.023155201226472855, -0.019876202568411827, 0.02058771811425686, -0.01475842297077179, 0.021953321993350983]
[0.623946, -0.01515, -0.358594, 0.479719, -0.48957] => [0.023148875683546066, -0.01987653411924839, 0.020588060840964317, -0.014758937060832977, 0.02195325866341591]
[0.62395, -0.014951, -0.358603, 0.47972, -0.48957] => [0.022862624377012253, -0.01988981105387211, 0.020593304187059402, -0.014789614826440811, 0.02194041758775711]
[0.62395, -0.014899, -0.358587, 0.479716, -0.489571] => [0.022789500653743744, -0.019893275573849678, 0.020595012232661247, -0.014797218143939972, 0.021937478333711624]
[0.623955, -0.014888, -0.358615, 0.479717, -0.489571] => [0.022771593183279037, -0.019894003868103027, 0.020594824105501175, -0.014799474738538265, 0.021936191245913506]
[0.623951, -0.015271, -0.358597, 0.479716, -0.48957] => [0.023322053253650665, -0.01986847072839737, 0.02058470994234085, -0.01474049687385559, 0.02196086011826992]
[0.623948, -0.015053, -0.358586, 0.479716, -0.489571] => [0.023010574281215668, -0.01988299936056137, 0.020590851083397865, -0.014773597940802574, 0.021947292611002922]
[0.623948, -0.014767, -0.358616, 0.479715, -0.489571] => [0.022651880979537964, -0.019899943843483925, 0.020600860938429832, -0.014810455963015556, 0.021934106945991516]
[0.623957, -0.014863, -0.358587, 0.479715, -0.48957] => [0.022740628570318222, -0.019895564764738083, 0.020596129819750786, -0.014802353456616402, 0.02193547412753105]
[0.623952, -0.015167, -0.35859, 0.479716, -0.489571] => [0.02317369356751442, -0.019875401630997658, 0.020587671548128128, -0.014756246469914913, 0.021954430267214775]
[0.623955, -0.015273, -0.358606, 0.479716, -0.48957] => [0.023324187844991684, -0.019868338480591774, 0.020584499463438988, -0.014740383252501488, 0.021960793063044548]
[0.623945, -0.014875, -0.358603, 0.479719, -0.489571] => [0.022754155099391937, -0.019894858822226524, 0.020595407113432884, -0.014801163226366043, 0.021935658529400826]
[0.623953, -0.015183, -0.358588, 0.47972, -0.489571] => [0.02319680154323578, -0.019874336197972298, 0.020587261766195297, -0.014753766357898712, 0.021955477073788643]
[0.623956, -0.014773, -0.358598, 0.47972, -0.489571] => [0.022656504064798355, -0.0198997650295496, 0.020600711926817894, -0.014809959568083286, 0.021934276446700096]
[0.623945, -0.015236, -0.358595, 0.479716, -0.489571] => [0.023272525519132614, -0.019870785996317863, 0.02058572694659233, -0.014745732769370079, 0.021958740428090096]
[0.623955, -0.015265, -0.358587, 0.479719, -0.48957] => [0.023314058780670166, -0.01986888237297535, 0.02058502845466137, -0.01474125124514103, 0.021960658952593803]
[0.623957, -0.014871, -0.358586, 0.479717, -0.489571] => [0.022749189287424088, -0.019895154982805252, 0.020595770329236984, -0.01480153575539589, 0.021935684606432915]
[0.623952, -0.015116, -0.358613, 0.479719, -0.489571] => [0.023098982870578766, -0.01987878978252411, 0.020588668063282967, -0.014764493331313133, 0.021950729191303253]
[0.62395, -0.014858, -0.358607, 0.479717, -0.489571] => [0.022737670689821243, -0.01989566907286644, 0.0205962173640728, -0.014802706427872181, 0.021935343742370605]
[0.623955, -0.015106, -0.358599, 0.479715, -0.489571] => [0.023085471242666245, -0.01987946778535843, 0.020589172840118408, -0.014765774831175804, 0.021950364112854004]
[0.623956, -0.015017, -0.358616, 0.479718, -0.489571] => [0.022956568747758865, -0.01988540031015873, 0.02059129998087883, -0.014779741875827312, 0.021944360807538033]
[0.623956, -0.014907, -0.358594, 0.479716, -0.489571] => [0.022800274193286896, -0.019892748445272446, 0.020594660192728043, -0.014796171337366104, 0.021937813609838486]
[0.623949, -0.015106, -0.358614, 0.479715, -0.48957] => [0.023084193468093872, -0.01987946406006813, 0.020588919520378113, -0.014766073785722256, 0.021950053051114082]
[0.623954, -0.0151, -0.358615, 0.479718, -0.489571] => [0.023075755685567856, -0.019879862666130066, 0.020589064806699753, -0.014767002314329147, 0.021949660032987595]
[0.623949, -0.015277, -0.358589, 0.479716, -0.489571] => [0.02333168312907219, -0.01986805908381939, 0.020584706217050552, -0.01473936066031456, 0.021961450576782227]
[0.623948, -0.015215, -0.358607, 0.479718, -0.48957] => [0.023241154849529266, -0.01987219601869583, 0.02058607153594494, -0.014749240130186081, 0.021957119926810265]
[0.62395, -0.014903, -0.358607, 0.479717, -0.48957] => [0.022793486714363098, -0.019893009215593338, 0.020594550296664238, -0.014797033742070198, 0.02193729765713215]
[0.623946, -0.015177, -0.358608, 0.479716, -0.489571] => [0.02318698912858963, -0.01987471431493759, 0.02058711089193821, -0.01475501712411642, 0.02195473201572895]
[0.623957, -0.014952, -0.358608, 0.479718, -0.48957] => [0.022863488644361496, -0.019889751449227333, 0.020593181252479553, -0.014789598062634468, 0.021940352395176888]
[0.623949, -0.01516, -0.358593, 0.479718, -0.48957] => [0.023163195699453354, -0.019875872880220413, 0.020587801933288574, -0.014757401309907436, 0.021953905001282692]
[0.623957, -0.015254, -0.358603, 0.479719, -0.489571] => [0.0232975073158741, -0.019869597628712654, 0.02058507315814495, -0.014743199571967125, 0.021959669888019562]
[0.623947, -0.015191, -0.358612, 0.479716, -0.489571] => [0.023206740617752075, -0.019873781129717827, 0.020586661994457245, -0.014752957038581371, 0.02195553667843342]
[0.623955, -0.015109, -0.358606, 0.479717, -0.489571] => [0.023089304566383362, -0.019879266619682312, 0.020588967949151993, -0.014765454456210136, 0.021950408816337585]
[0.623953, -0.015069, -0.358599, 0.479718, -0.48957] => [0.023032069206237793, -0.019881946966052055, 0.02059016190469265, -0.014771483838558197, 0.021947981789708138]
[0.623953, -0.01512, -0.358612, 0.479715, -0.489571] => [0.023104671388864517, -0.019878527149558067, 0.020588574931025505, -0.01476387307047844, 0.021950995549559593]
[0.62395, -0.01515, -0.358595, 0.479716, -0.489571] => [0.0231490395963192, -0.019876528531312943, 0.02058805525302887, -0.014758927747607231, 0.021953262388706207]
[0.623951, -0.01504, -0.358613, 0.479718, -0.489571] => [0.02298993244767189, -0.019883859902620316, 0.020590737462043762, -0.014776130206882954, 0.021945904940366745]
[0.623956, -0.015184, -0.358596, 0.479717, -0.489571] => [0.023197587579488754, -0.019874269142746925, 0.020587097853422165, -0.014753780327737331, 0.021955370903015137]
[0.623947, -0.015243, -0.358604, 0.479719, -0.48957] => [0.02328157052397728, -0.019870327785611153, 0.02058536373078823, -0.014744888991117477, 0.021958962082862854]
[0.623947, -0.014914, -0.358597, 0.479717, -0.489571] => [0.022810425609350204, -0.019892264157533646, 0.020594444125890732, -0.01479509100317955, 0.021938245743513107]
[0.623955, -0.015265, -0.358599, 0.479715, -0.48957] => [0.023313183337450027, -0.019868874922394753, 0.0205848328769207, -0.014741476625204086, 0.021960424259305]
[0.623955, -0.014931, -0.358613, 0.479717, -0.489571] => [0.022833436727523804, -0.01989113539457321, 0.020593693479895592, -0.014792846515774727, 0.02193896658718586]
[0.623955, -0.014994, -0.358613, 0.479719, -0.489571] => [0.022923853248357773, -0.019886933267116547, 0.020591976121068, -0.01478319801390171, 0.02194296568632126]
[0.62395, -0.015163, -0.358612, 0.479716, -0.489571] => [0.0231664776802063, -0.019875654950737953, 0.020587416365742683, -0.014757265336811543, 0.02195374295115471]
[0.623953, -0.015132, -0.35859, 0.479716, -0.489571] => [0.023123472929000854, -0.019877735525369644, 0.020588619634509087, -0.014761610887944698, 0.021952202543616295]
[0.623952, -0.014883, -0.358616, 0.479715, -0.48957] => [0.022764034569263458, -0.019894342869520187, 0.02059493586421013, -0.014800287783145905, 0.021935831755399704]
[0.623949, -0.015249, -0.358586, 0.479716, -0.48957] => [0.023291315883398056, -0.019869940355420113, 0.020585497841238976, -0.014743644744157791, 0.021959692239761353]
[0.623946, -0.014787, -0.358589, 0.479719, -0.48957] => [0.02266927808523178, -0.019899141043424606, 0.02060009352862835, -0.014808723703026772, 0.021934544667601585]
[0.623957, -0.01492, -0.358605, 0.47972, -0.489571] => [0.022818192839622498, -0.019891874864697456, 0.020594116300344467, -0.014794392511248589, 0.021938415244221687]
[0.623947, -0.015217, -0.358587, 0.47972, -0.489571] => [0.023245833814144135, -0.019872060045599937, 0.020586371421813965, -0.014748500660061836, 0.02195768617093563]
[0.623957, -0.015134, -0.358604, 0.479718, -0.489571] => [0.02312527969479561, -0.0198776014149189, 0.02058831974864006, -0.014761595986783504, 0.021952029317617416]
[0.623953, -0.015022, -0.358608, 0.479716, -0.489571] => [0.022964369505643845, -0.019885065034031868, 0.020591309294104576, -0.014778802171349525, 0.021944856271147728]
[0.623946, -0.014796, -0.358584, 0.479717, -0.48957] => [0.022677510976791382, -0.01989874057471752, 0.02059967815876007, -0.01480795070528984, 0.021934697404503822]
[0.623952, -0.014773, -0.358608, 0.479716, -0.48957] => [0.022656679153442383, -0.01989971660077572, 0.02060060389339924, -0.014810003340244293, 0.021934187039732933]
[0.623958, -0.014998, -0.358608, 0.47972, -0.48957] => [0.02292947843670845, -0.0198866855353117, 0.02059192769229412, -0.014782559126615524, 0.021943267434835434]
[0.623948, -0.015047, -0.358617, 0.479716, -0.489571] => [0.02299976721405983, -0.01988338492810726, 0.020590489730238914, -0.014775113202631474, 0.021946284919977188]
[0.623949, -0.0151, -0.358607, 0.479716, -0.489571] => [0.023076482117176056, -0.019879857078194618, 0.02058921754360199, -0.014766808599233627, 0.021949851885437965]
[0.623954, -0.015242, -0.358595, 0.479717, -0.48957] => [0.023280523717403412, -0.01987040974199772, 0.020585527643561363, -0.014744915068149567, 0.02195904776453972]
[0.623956, -0.014817, -0.358591, 0.479718, -0.48957] => [0.022697418928146362, -0.01989772357046604, 0.020598480477929115, -0.01480625569820404, 0.021934859454631805]
[0.623951, -0.015284, -0.358587, 0.479719, -0.489571] => [0.023339636623859406, -0.019867567345499992, 0.02058456651866436, -0.014738297089934349, 0.021961897611618042]
[0.62395, -0.015043, -0.358597, 0.479718, -0.489571] => [0.022995449602603912, -0.019883664324879646, 0.020590929314494133, -0.014775350689888, 0.02194642648100853]
[0.623951, -0.015278, -0.358596, 0.479715, -0.48957] => [0.02333216369152069, -0.019868003204464912, 0.02058454230427742, -0.014739399775862694, 0.021961331367492676]
[0.623957, -0.014871, -0.358588, 0.47972, -0.489571] => [0.02274911105632782, -0.019895153120160103, 0.02059573493897915, -0.014801571145653725, 0.02193564549088478]
[0.623947, -0.015122, -0.358615, 0.479719, -0.48957] => [0.02310718595981598, -0.019878394901752472, 0.0205884650349617, -0.014763634651899338, 0.02195105329155922]
[0.623957, -0.015288, -0.358588, 0.47972, -0.489571] => [0.023308631032705307, -0.019866853952407837, 0.020584799349308014, -0.01473839022219181, 0.021961599588394165]
[0.623945, -0.014767, -0.358586, 0.479716, -0.489571] => [0.022650476545095444, -0.019900096580386162, 0.020601186901330948, -0.014810370281338692, 0.021934345364570618]
[0.62395, -0.014922, -0.358589, 0.47972, -0.489571] => [0.022822394967079163, -0.019891738891601562, 0.020594347268342972, -0.014793735928833485, 0.02193889580667019]
[0.623953, -0.01506, -0.358591, 0.479718, -0.48957] => [0.023019742220640182, -0.019882550463080406, 0.020590543746948242, -0.014772706665098667, 0.021947573870420456]
[0.623956, -0.015286, -0.358616, 0.479719, -0.489571] => [0.023314345628023148, -0.019867101684212685, 0.02058427967131138, -0.014739034697413445, 0.021961063146591187]
[0.623955, -0.014845, -0.358615, 0.479717, -0.48957] => [0.022725172340869904, -0.019896265119314194, 0.02059677615761757, -0.014803918078541756, 0.021935049444437027]
[0.623957, -0.015005, -0.358596, 0.479718, -0.48957] => [0.022940360009670258, -0.01988622359931469, 0.020591942593455315, -0.014781253412365913, 0.0219439584761858]
[0.623955, -0.015274, -0.358594, 0.479717, -0.489571] => [0.023326873779296875, -0.019868265837430954, 0.02058468572795391, -0.014739952981472015, 0.02196113020181656]
[0.623949, -0.014829, -0.358606, 0.47972, -0.48957] => [0.022709883749485016, -0.019897060468792915, 0.02059772051870823, -0.014805207028985023, 0.02193494699895382]
[0.623952, -0.015002, -0.358593, 0.479718, -0.489571] => [0.022936806082725525, -0.019886406138539314, 0.020592106506228447, -0.014781570993363857, 0.021943891420960426]
[0.623947, -0.014768, -0.358613, 0.479719, -0.489571] => [0.022652868181467056, -0.01989990659058094, 0.02060084231197834, -0.014810346066951752, 0.021934153512120247]
[0.623948, -0.015079, -0.358609, 0.479716, -0.489571] => [0.02304622158408165, -0.01988125592470169, 0.02058975212275982, -0.014770063571631908, 0.021948475390672684]
[0.623945, -0.015247, -0.358598, 0.479718, -0.489571] => [0.023288168013095856, -0.019870050251483917, 0.020585378631949425, -0.014744098298251629, 0.02195938490331173]
[0.623946, -0.015115, -0.358585, 0.479716, -0.489571] => [0.023099634796380997, -0.01987886242568493, 0.020589185878634453, -0.014764072373509407, 0.021951258182525635]
[0.623949, -0.014782, -0.358601, 0.479716, -0.48957] => [0.022664956748485565, -0.01989932172000408, 0.0206002164632082, -0.014809204265475273, 0.021934369578957558]
[0.623956, -0.014766, -0.358607, 0.479717, -0.489571] => [0.022650249302387238, -0.01990005187690258, 0.02060098387300968, -0.014810577034950256, 0.02193411812186241]
[0.623949, -0.015221, -0.358618, 0.479716, -0.489571] => [0.023249290883541107, -0.019871780648827553, 0.020585738122463226, -0.01474849320948124, 0.021957308053970337]
[0.623956, -0.015031, -0.358604, 0.47972, -0.48957] => [0.022977158427238464, -0.01988448202610016, 0.020591098815202713, -0.014777419157326221, 0.021945450454950333]
[0.62395, -0.014781, -0.358593, 0.479717, -0.489571] => [0.022663969546556473, -0.0198994018137455, 0.020600369200110435, -0.014809227548539639, 0.021934449672698975]
[0.62395, -0.014999, -0.358599, 0.479719, -0.489571] => [0.02293216809630394, -0.019886597990989685, 0.020592089742422104, -0.01478213258087635, 0.0219435878098011]
[0.623954, -0.014884, -0.358607, 0.479715, -0.489571] => [0.022766441106796265, -0.019894272089004517, 0.02059507556259632, -0.014799922704696655, 0.02193610742688179]
[0.623948, -0.015233, -0.358598, 0.47972, -0.48957] => [0.023267604410648346, -0.019871000200510025, 0.020585734397172928, -0.014746313914656639, 0.02195844240486622]
[0.62395, -0.014993, -0.358612, 0.479719, -0.48957] => [0.022922221571207047, -0.019887005910277367, 0.020592015236616135, -0.014783354476094246, 0.021942906081676483]
[0.623955, -0.015053, -0.3586, 0.479718, -0.489571] => [0.023009400814771652, -0.01988300308585167, 0.02059059590101242, -0.014773910865187645, 0.021946977823972702]
[0.62395, -0.014861, -0.358614, 0.479719, -0.489571] => [0.022740934044122696, -0.019895488396286964, 0.020595984533429146, -0.014802463352680206, 0.02193533070385456]
[0.62395, -0.014925, -0.358608, 0.479716, -0.48957] => [0.022824913263320923, -0.019891543313860893, 0.020593935623764992, -0.014793689362704754, 0.021938670426607132]
[0.623949, -0.015105, -0.358617, 0.479719, -0.489571] => [0.023082997649908066, -0.019879518076777458, 0.020588908344507217, -0.014766236767172813, 0.02194996364414692]
[0.623953, -0.015206, -0.358613, 0.479719, -0.489571] => [0.02322804182767868, -0.019872790202498436, 0.02058621682226658, -0.014750721864402294, 0.021956436336040497]
[0.623947, -0.014979, -0.358599, 0.479716, -0.489571] => [0.02290349453687668, -0.019887927919626236, 0.020592641085386276, -0.014785179868340492, 0.02194233052432537]
[0.623953, -0.015011, -0.358588, 0.479717, -0.48957] => [0.02294962853193283, -0.019885819405317307, 0.020591922104358673, -0.014780157245695591, 0.021944517269730568]
[0.623948, -0.014947, -0.358604, 0.479718, -0.48957] => [0.02285686880350113, -0.019890071824193, 0.02059340663254261, -0.014790227636694908, 0.021940156817436218]
[0.623955, -0.015261, -0.358617, 0.479718, -0.489571] => [0.023306597024202347, -0.0198691226541996, 0.020584652200341225, -0.014742386527359486, 0.02195984125137329]
[0.623956, -0.014903, -0.3586, 0.479716, -0.48957] => [0.022793758660554886, -0.019893022254109383, 0.020594650879502296, -0.01479694340378046, 0.021937405690550804]
[0.623948, -0.01489, -0.3586, 0.47972, -0.48957] => [0.022775381803512573, -0.01989387720823288, 0.020595021545886993, -0.014798885211348534, 0.02193661406636238]
[0.62395, -0.014925, -0.358597, 0.479715, -0.489571] => [0.022826068103313446, -0.019891537725925446, 0.020594138652086258, -0.014793429523706436, 0.021938929334282875]
[0.623945, -0.014835, -0.358607, 0.479716, -0.48957] => [0.022715654224157333, -0.019896766170859337, 0.020597411319613457, -0.014804676175117493, 0.021935036405920982]
[0.623951, -0.01517, -0.358601, 0.479715, -0.48957] => [0.02317686751484871, -0.01987520605325699, 0.020587388426065445, -0.014756040647625923, 0.021954365074634552]
[0.623945, -0.014998, -0.358596, 0.47972, -0.48957] => [0.022930696606636047, -0.019886672496795654, 0.020592158660292625, -0.014782250858843327, 0.02194356545805931]
[0.623951, -0.015068, -0.358614, 0.47972, -0.48957] => [0.023029673844575882, -0.019882000982761383, 0.020589938387274742, -0.014771909452974796, 0.021947624161839485]
[0.623951, -0.01526, -0.35861, 0.479717, -0.48957] => [0.02330537512898445, -0.01986919716000557, 0.02058478817343712, -0.014742429368197918, 0.021959898993372917]
[0.623957, -0.014754, -0.358616, 0.479719, -0.48957] => [0.022638998925685883, -0.01990058459341526, 0.020601488649845123, -0.014811668545007706, 0.02193385548889637]
[0.623958, -0.014811, -0.358591, 0.479719, -0.48957] => [0.022691674530506134, -0.019898012280464172, 0.020598789677023888, -0.0148067781701684, 0.02193477377295494]
[0.623955, -0.014894, -0.358593, 0.479719, -0.48957] => [0.022781409323215485, -0.019893623888492584, 0.020595015957951546, -0.01479818020015955, 0.02193697914481163]
[0.623946, -0.015109, -0.358589, 0.479719, -0.489571] => [0.02309078723192215, -0.019879261031746864, 0.020589277148246765, -0.014765070751309395, 0.021950792521238327]
[0.623949, -0.015084, -0.358605, 0.479717, -0.489571] => [0.023053698241710663, -0.019880924373865128, 0.020589683204889297, -0.014769220724701881, 0.02194887399673462]
[0.623958, -0.014816, -0.358598, 0.479716, -0.489571] => [0.022697046399116516, -0.01989772915840149, 0.02059847116470337, -0.014806326478719711, 0.021934818476438522]
[0.623955, -0.015017, -0.358597, 0.479716, -0.48957] => [0.02295752987265587, -0.019885418936610222, 0.020591607317328453, -0.014779421500861645, 0.021944710984826088]
[0.623955, -0.014765, -0.358593, 0.479717, -0.489571] => [0.022648613899946213, -0.01990017108619213, 0.020601186901330948, -0.014810627326369286, 0.021934213116765022]
[0.623945, -0.015149, -0.358606, 0.479717, -0.48957] => [0.023146584630012512, -0.019876595586538315, 0.020587891340255737, -0.014759314246475697, 0.021952960640192032]
[0.623955, -0.014801, -0.358598, 0.479716, -0.48957] => [0.02268257737159729, -0.019898446276783943, 0.0205992441624403, -0.014807626605033875, 0.02193460613489151]
[0.623957, -0.015253, -0.358604, 0.479717, -0.48957] => [0.023295588791370392, -0.019869675859808922, 0.020585067570209503, -0.014743423089385033, 0.02195955067873001]
[0.62395, -0.015205, -0.358613, 0.479719, -0.48957] => [0.02322635054588318, -0.019872860983014107, 0.02058623731136322, -0.014750896953046322, 0.02195635624229908]
[0.623951, -0.01523, -0.358604, 0.479717, -0.48957] => [0.02326275035738945, -0.019871201366186142, 0.02058570645749569, -0.014746909961104393, 0.021958116441965103]
[0.623955, -0.015217, -0.358588, 0.479719, -0.489571] => [0.02324555069208145, -0.019872071221470833, 0.02058633603155613, -0.014748566783964634, 0.021957632154226303]
[0.623952, -0.014831, -0.358585, 0.479719, -0.489571] => [0.022710926830768585, -0.01989706978201866, 0.020597849041223526, -0.014804967679083347, 0.021935150027275085]
[0.623949, -0.015101, -0.358614, 0.479716, -0.48957] => [0.02307702600955963, -0.019879799336194992, 0.020589051768183708, -0.014766843058168888, 0.021949732676148415]
[0.623952, -0.015017, -0.358597, 0.479715, -0.489571] => [0.02295800670981407, -0.01988540217280388, 0.020591633394360542, -0.014779350720345974, 0.021944763138890266]
[0.623945, -0.015075, -0.358604, 0.479719, -0.489571] => [0.023040972650051117, -0.01988152042031288, 0.020589951425790787, -0.014770559966564178, 0.02194833569228649]
[0.62395, -0.014931, -0.35861, 0.479718, -0.48957] => [0.022833403199911118, -0.01989114098250866, 0.020593732595443726, -0.014792812056839466, 0.021939005702733994]
[0.623955, -0.015034, -0.358617, 0.479717, -0.48957] => [0.022980548441410065, -0.019884275272488594, 0.020590808242559433, -0.014777197502553463, 0.021945390850305557]
[0.623957, -0.015047, -0.358589, 0.479719, -0.48957] => [0.023001141846179962, -0.019883424043655396, 0.020590918138623238, -0.014774683862924576, 0.02194676734507084]
[0.623945, -0.014921, -0.358592, 0.479717, -0.489571] => [0.02282087877392769, -0.01989179663360119, 0.020594339817762375, -0.014793912880122662, 0.02193879708647728]
[0.623955, -0.014766, -0.358603, 0.479715, -0.48957] => [0.022649619728326797, -0.019900083541870117, 0.02060100995004177, -0.014810619875788689, 0.021934110671281815]
[0.623945, -0.014885, -0.358598, 0.479717, -0.48957] => [0.022768404334783554, -0.019894206896424294, 0.02059520035982132, -0.014799593016505241, 0.02193635143339634]
[0.623956, -0.014881, -0.358604, 0.479718, -0.489571] => [0.02276231348514557, -0.019894476979970932, 0.02059519849717617, -0.014800340868532658, 0.0219359640032053]
[0.623946, -0.014959, -0.358611, 0.479717, -0.48957] => [0.02287362888455391, -0.019889265298843384, 0.020592965185642242, -0.01478851493448019, 0.02194078452885151]
[0.623955, -0.015153, -0.358591, 0.479719, -0.489571] => [0.02315351366996765, -0.01987633854150772, 0.020588025450706482, -0.014758425764739513, 0.021953506395220757]
[0.623954, -0.014942, -0.358604, 0.479716, -0.48957] => [0.02284947782754898, -0.01989041641354561, 0.02059352956712246, -0.014791034162044525, 0.02193981036543846]
[0.623947, -0.01498, -0.3586, 0.479718, -0.48957] => [0.02290450409054756, -0.019887873902916908, 0.02059257961809635, -0.014785094186663628, 0.02194233611226082]
[0.623948, -0.015021, -0.358605, 0.479719, -0.48957] => [0.02296297624707222, -0.01988513581454754, 0.020591378211975098, -0.01477891393005848, 0.021944837644696236]
[0.623949, -0.015117, -0.358593, 0.479719, -0.489571] => [0.02310190349817276, -0.019878730177879333, 0.020588984712958336, -0.014763939194381237, 0.021951207891106606]
[0.623957, -0.014851, -0.3586, 0.47972, -0.489571] => [0.02273048460483551, -0.019896049052476883, 0.02059663087129593, -0.01480333786457777, 0.021935265511274338]
[0.623955, -0.014846, -0.358613, 0.479718, -0.489571] => [0.022726446390151978, -0.019896214827895164, 0.020596759393811226, -0.014803777448832989, 0.02193511463701725]
[0.623956, -0.015265, -0.358594, 0.479717, -0.489571] => [0.023313917219638824, -0.019868869334459305, 0.02058492787182331, -0.014741340652108192, 0.021960552781820297]
[0.62395, -0.015209, -0.358595, 0.479719, -0.489571] => [0.023233741521835327, -0.019872592762112617, 0.020586449652910233, -0.014749892055988312, 0.02195700816810131]
[0.623945, -0.015043, -0.35861, 0.479715, -0.489571] => [0.02299460768699646, -0.0198836512863636, 0.020590724423527718, -0.01477557048201561, 0.021946188062429428]
[0.623957, -0.014859, -0.358584, 0.479717, -0.48957] => [0.02273675799369812, -0.01989576779305935, 0.020596370100975037, -0.014802680350840092, 0.021935448050498962]
[0.62395, -0.014918, -0.358615, 0.479718, -0.48957] => [0.022814389318227768, -0.019892007112503052, 0.020594002678990364, -0.01479489915072918, 0.021938081830739975]
[0.62395, -0.015039, -0.358611, 0.479716, -0.48957] => [0.022988218814134598, -0.019883938133716583, 0.020590780302882195, -0.01477629505097866, 0.02194584347307682]
[0.623955, -0.014904, -0.358604, 0.479716, -0.48957] => [0.02279491350054741, -0.01989295333623886, 0.020594563335180283, -0.014796859584748745, 0.021937396377325058]
[0.623949, -0.014781, -0.358589, 0.479716, -0.48957] => [0.022663351148366928, -0.019899433478713036, 0.020600397139787674, -0.014809267595410347, 0.021934444084763527]
[0.623949, -0.015244, -0.358594, 0.479717, -0.48957] => [0.02328362688422203, -0.019870268180966377, 0.020585503429174423, -0.01474455464631319, 0.021959220990538597]
[0.623958, -0.014917, -0.3586, 0.479718, -0.48957] => [0.02281377837061882, -0.019892092794179916, 0.020594265311956406, -0.01479481440037489, 0.021938282996416092]
[0.623946, -0.015184, -0.358616, 0.479717, -0.48957] => [0.023196063935756683, -0.01987425610423088, 0.020586766302585602, -0.014754151925444603, 0.0219549760222435]
[0.623952, -0.015219, -0.358604, 0.479719, -0.48957] => [0.023246988654136658, -0.019871937111020088, 0.020586002618074417, -0.014748597517609596, 0.021957414224743843]
[0.623951, -0.015286, -0.358587, 0.479719, -0.489571] => [0.02332398295402527, -0.019867204129695892, 0.020584700629115105, -0.014738321304321289, 0.021961767226457596]
[0.623951, -0.015283, -0.358587, 0.479719, -0.489571] => [0.02334044873714447, -0.019867662340402603, 0.02058456838130951, -0.014738412573933601, 0.021961862221360207]
[0.623951, -0.015284, -0.358587, 0.47972, -0.489571] => [0.023339632898569107, -0.01986756920814514, 0.02058456465601921, -0.014738301746547222, 0.021961893886327744]
[0.623951, -0.015285, -0.358587, 0.47972, -0.489571] => [0.02333180606365204, -0.019867386668920517, 0.020584633573889732, -0.014738311059772968, 0.02196183055639267]
[0.623951, -0.015285, -0.358587, 0.479719, -0.489571] => [0.02333187311887741, -0.019867386668920517, 0.020584633573889732, -0.014738310128450394, 0.02196183241903782]
[0.623951, -0.015286, -0.358587, 0.47972, -0.489571] => [0.023323990404605865, -0.019867204129695892, 0.020584702491760254, -0.014738320372998714, 0.021961769089102745]
[0.623951, -0.015283, -0.358587, 0.47972, -0.489571] => [0.023340415209531784, -0.019867664203047752, 0.02058456465601921, -0.014738419093191624, 0.02196185663342476]
[0.635729, 0.004786, -0.413208, 0.460536, -0.495444] => [0.023452937602996826, -0.020986836403608322, 0.020491434261202812, -0.015583472326397896, 0.02086482010781765]
[0.63651, 0.002507, -0.416065, 0.460427, -0.495278] => [0.02384382113814354, -0.021024994552135468, 0.0199733879417181, -0.016086958348751068, 0.02030644193291664]
[0.635726, 0.005123, -0.413506, 0.460503, -0.495349] => [0.023261073976755142, -0.02087908238172531, 0.020650163292884827, -0.015393952839076519, 0.021112151443958282]
[0.635725, 0.006006, -0.419367, 0.460446, -0.495458] => [0.02269655093550682, -0.020557167008519173, 0.020807093009352684, -0.015068618580698967, 0.021524855867028236]
[0.636647, 0.004883, -0.4181, 0.460402, -0.495396] => [0.023426175117492676, -0.020955437794327736, 0.020490188151597977, -0.015564021654427052, 0.02088436298072338]
[0.636626, 0.006962, -0.413987, 0.460422, -0.495418] => [0.02201169729232788, -0.020261026918888092, 0.020876554772257805, -0.014840887859463692, 0.021837184205651283]
[0.63615, 0.004071, -0.41573, 0.460466, -0.495332] => [0.023552481085062027, -0.021021395921707153, 0.020265575498342514, -0.015809373930096626, 0.020604301244020462]
[0.636053, 0.001283, -0.418019, 0.460487, -0.495526] => [0.023425240069627762, -0.021006032824516296, 0.019834984093904495, -0.016229309141635895, 0.02016272209584713]
[0.636662, 0.002991, -0.41492, 0.460474, -0.495528] => [0.023711808025836945, -0.021017881110310555, 0.020081432536244392, -0.015983425080776215, 0.020421553403139114]
[0.636571, 0.003718, -0.414968, 0.460489, -0.495321] => [0.02357656881213188, -0.021018896251916885, 0.02019951120018959, -0.015872672200202942, 0.020539546385407448]
[0.635713, 0.002188, -0.414639, 0.460457, -0.495228] => [0.0238255076110363, -0.021031299605965614, 0.019920680671930313, -0.016147777438163757, 0.020248698070645332]
[0.635984, 0.005904, -0.41986, 0.460426, -0.495253] => [0.022779341787099838, -0.020604297518730164, 0.020791884511709213, -0.015110180713236332, 0.021470582112669945]
[0.63623, 0.001061, -0.416546, 0.46051, -0.495489] => [0.02329351380467415, -0.021008463576436043, 0.019807038828730583, -0.016268324106931686, 0.020130719989538193]
[0.636002, 0.001831, -0.413869, 0.460469, -0.495387] => [0.023696787655353546, -0.021043067798018456, 0.019892914220690727, -0.016194846481084824, 0.020210053771734238]
[0.635879, 0.003126, -0.419213, 0.460411, -0.495432] => [0.023765090852975845, -0.021005339920520782, 0.02009505033493042, -0.015948738902807236, 0.02044031023979187]
[0.636026, 0.00295, -0.412731, 0.460475, -0.495329] => [0.023639578372240067, -0.021021302789449692, 0.020063815638422966, -0.016009753569960594, 0.020401883870363235]
[0.636416, 0.003459, -0.414033, 0.460499, -0.495374] => [0.02359442040324211, -0.021018747240304947, 0.020157519727945328, -0.015915118157863617, 0.02049781009554863]
[0.635723, 0.002331, -0.412703, 0.46053, -0.495413] => [0.02379787340760231, -0.021030573174357414, 0.019957952201366425, -0.016115669161081314, 0.0202893428504467]
[0.635723, 0.000667, -0.418535, 0.460494, -0.495401] => [0.0231131911277771, -0.020948268473148346, 0.019785979762673378, -0.016244126483798027, 0.02014140598475933]
[0.63666, 0.001148, -0.418998, 0.460426, -0.495512] => [0.02329249680042267, -0.020976243540644646, 0.019811997190117836, -0.01623174175620079, 0.020153863355517387]
[0.635882, 0.004088, -0.416479, 0.46042, -0.495258] => [0.0235494002699852, -0.02101794444024563, 0.0202628206461668, -0.015807509422302246, 0.020602930337190628]
[0.636404, 0.002137, -0.412976, 0.460467, -0.495499] => [0.023839522153139114, -0.021036233752965927, 0.019930914044380188, -0.016145585104823112, 0.020258178934454918]
[0.635977, 0.004213, -0.414186, 0.460403, -0.495508] => [0.023536302149295807, -0.02102314680814743, 0.02032194659113884, -0.015759335830807686, 0.020661290735006332]
[0.635962, 0.007043, -0.415613, 0.460463, -0.495465] => [0.021961797028779984, -0.020218394696712494, 0.020901670679450035, -0.01479288935661316, 0.021896565333008766]
[0.636134, 0.00213, -0.414354, 0.460438, -0.49552] => [0.023854009807109833, -0.021033119410276413, 0.019932232797145844, -0.016138771548867226, 0.020260343328118324]
[0.636188, 0.004959, -0.413255, 0.460442, -0.495493] => [0.02334059774875641, -0.020921479910612106, 0.020588673651218414, -0.015468521974980831, 0.021015996113419533]
[0.63595, 0.003789, -0.419432, 0.460537, -0.495486] => [0.02362900972366333, -0.020999345928430557, 0.02021995559334755, -0.0158262737095356, 0.020570335909724236]
[0.635875, 0.002614, -0.415596, 0.460447, -0.495402] => [0.023801662027835846, -0.021021034568548203, 0.02000441960990429, -0.01605626381933689, 0.02034074068069458]
[0.636655, 0.003486, -0.41326, 0.460411, -0.495445] => [0.023592647165060043, -0.02102287858724594, 0.020168358460068703, -0.015909764915704727, 0.02050694450736046]
[0.635954, 0.000218, -0.415086, 0.46053, -0.4953] => [0.023193281143903732, -0.020986707881093025, 0.019819168373942375, -0.016248226165771484, 0.020157407969236374]
[0.636239, 0.00393, -0.419428, 0.460513, -0.495226] => [0.023591332137584686, -0.02100156620144844, 0.020225701853632927, -0.01582285203039646, 0.020573973655700684]
[0.635909, 0.005962, -0.417896, 0.460457, -0.495325] => [0.02273574471473694, -0.020593442022800446, 0.020781978964805603, -0.015113740228116512, 0.021471630781888962]
[0.636408, 0.000415, -0.41624, 0.46052, -0.495417] => [0.02316391095519066, -0.020973442122340202, 0.01980767585337162, -0.01624724641442299, 0.020151758566498756]
[0.635897, 0.006152, -0.415421, 0.4605, -0.495283] => [0.022598542273044586, -0.020544476807117462, 0.020785825327038765, -0.015082784928381443, 0.021516509354114532]
[0.635775, 0.005827, -0.418433, 0.460503, -0.49554] => [0.022819366306066513, -0.020622139796614647, 0.02077675424516201, -0.015133349224925041, 0.021443180739879608]
[0.63636, 0.003132, -0.418527, 0.460427, -0.495318] => [0.02374638244509697, -0.02100878395140171, 0.02008734457194805, -0.01596076972782612, 0.020430490374565125]
[0.635956, 0.006019, -0.413923, 0.460482, -0.495484] => [0.02267373353242874, -0.020585913211107254, 0.02076522447168827, -0.015123894438147545, 0.021463267505168915]
[0.636364, 0.003764, -0.417965, 0.46051, -0.495287] => [0.023598037660121918, -0.021005602553486824, 0.020201487466692924, -0.01585283689200878, 0.020548012107610703]
[0.635919, 0.001922, -0.412997, 0.4605, -0.495482] => [0.023747798055410385, -0.021040646359324455, 0.01990744099020958, -0.016177520155906677, 0.02022879384458065]
[0.636562, 0.006652, -0.41801, 0.460455, -0.495527] => [0.0222306028008461, -0.0203362125903368, 0.020874593406915665, -0.014883743599057198, 0.021771717816591263]
[0.636441, 0.004498, -0.416587, 0.46041, -0.495408] => [0.023538563400506973, -0.021023154258728027, 0.020358193665742874, -0.015717772766947746, 0.02069668285548687]
[0.635763, 0.006843, -0.414152, 0.460424, -0.495374] => [0.022104788571596146, -0.020303213968873024, 0.02086440846323967, -0.014874772168695927, 0.02179144136607647]
[0.635977, 0.000516, -0.41931, 0.460472, -0.49552] => [0.02309061586856842, -0.020934050902724266, 0.019785167649388313, -0.01623412035405636, 0.02014842815697193]
[0.636148, 0.004271, -0.415036, 0.460406, -0.495226] => [0.023514900356531143, -0.021021509543061256, 0.02030690759420395, -0.015770848840475082, 0.020645946264266968]
[0.636384, 0.003617, -0.416764, 0.460404, -0.495515] => [0.023622121661901474, -0.02100878395140171, 0.020193247124552727, -0.01586589775979519, 0.020539144054055214]
[0.636082, 0.002678, -0.415942, 0.460418, -0.495381] => [0.023796603083610535, -0.021020181477069855, 0.020013535395264626, -0.016046034172177315, 0.020350296050310135]
[0.636659, 0.003399, -0.419702, 0.460506, -0.495508] => [0.02372712269425392, -0.021001964807510376, 0.020147712901234627, -0.015895163640379906, 0.020495859906077385]
[0.636333, 0.00453, -0.414748, 0.460476, -0.495376] => [0.023522846400737762, -0.021023908630013466, 0.02037961781024933, -0.015701109543442726, 0.020719386637210846]
[0.636403, 0.005168, -0.414023, 0.46046, -0.495404] => [0.023227311670780182, -0.02085862308740616, 0.02067217417061329, -0.01536501944065094, 0.0211502555757761]
[0.63651, 0.008865, -0.414391, 0.460433, -0.49553] => [0.02243349328637123, -0.01974296197295189, 0.021006569266319275, -0.014286218211054802, 0.022413011640310287]
[0.636679, 0.003237, -0.417906, 0.460535, -0.495273] => [0.02370532602071762, -0.0210092943161726, 0.020103078335523605, -0.015948429703712463, 0.020446324720978737]
[0.636072, 0.006789, -0.414556, 0.460478, -0.495522] => [0.022134222090244293, -0.020310698077082634, 0.020863119512796402, -0.014880104921758175, 0.021784018725156784]
[0.635835, 0.004972, -0.415033, 0.460457, -0.495232] => [0.02336489036679268, -0.020938610658049583, 0.02054183930158615, -0.015514472499489784, 0.02095276117324829]
[0.636579, 0.006206, -0.417465, 0.460467, -0.495556] => [0.022545505315065384, -0.020496349781751633, 0.020812585949897766, -0.015031244605779648, 0.021581070497632027]
[0.635792, 0.001222, -0.414849, 0.460452, -0.495363] => [0.02342578023672104, -0.021051563322544098, 0.019827112555503845, -0.016280556097626686, 0.020128853619098663]
[0.636353, 0.003439, -0.419801, 0.460423, -0.49536] => [0.023703131824731827, -0.02100084163248539, 0.020144717767834663, -0.015897221863269806, 0.020492887124419212]
[0.63623, 0.005048, -0.418801, 0.460507, -0.49554] => [0.02333928272128105, -0.02089284174144268, 0.0205885861068964, -0.015446106903254986, 0.02103399857878685]
[0.636695, 0.002541, -0.412732, 0.460451, -0.495294] => [0.023754645138978958, -0.021031096577644348, 0.0199848935008049, -0.016090769320726395, 0.020316120237112045]
[0.63605, 0.001116, -0.418955, 0.460451, -0.495353] => [0.023252151906490326, -0.020976567640900612, 0.01979905180633068, -0.016246013343334198, 0.020139392465353012]
[0.636042, 0.001979, -0.412561, 0.460516, -0.495483] => [0.023767925798892975, -0.021040095016360283, 0.019913144409656525, -0.016170982271432877, 0.020236026495695114]
[0.636523, 0.00544, -0.412605, 0.460492, -0.495272] => [0.023080974817276, -0.02081056870520115, 0.020680077373981476, -0.015328909270465374, 0.02119550295174122]
[0.636228, 0.004716, -0.416338, 0.460458, -0.495536] => [0.02351183071732521, -0.02100432850420475, 0.020438022911548615, -0.015634454786777496, 0.020794032141566277]
[0.636239, 0.003127, -0.415568, 0.460513, -0.495453] => [0.023679491132497787, -0.021013077348470688, 0.02010081522166729, -0.015960082411766052, 0.020443394780158997]
[0.636219, 0.003711, -0.418056, 0.460504, -0.49525] => [0.023599009960889816, -0.021004142239689827, 0.020189205184578896, -0.015863293781876564, 0.020536281168460846]
[0.636646, 0.003238, -0.413242, 0.460462, -0.495521] => [0.02362191677093506, -0.02101876400411129, 0.020128285512328148, -0.015944916754961014, 0.020469238981604576]
[0.635806, 0.004866, -0.417627, 0.460426, -0.495532] => [0.02344512939453125, -0.020958274602890015, 0.02050052396953106, -0.015555808320641518, 0.020893603563308716]
[0.636129, 0.005595, -0.41492, 0.460436, -0.495436] => [0.02297569438815117, -0.02073248289525509, 0.020718416199088097, -0.015249645337462425, 0.021296991035342216]
[0.635974, 0.005985, -0.41718, 0.460456, -0.495277] => [0.02272222563624382, -0.02059408836066723, 0.020776188001036644, -0.015120068565011024, 0.021465905010700226]
[0.635958, 0.003109, -0.417262, 0.460495, -0.495396] => [0.02371782809495926, -0.02100956067442894, 0.020091691985726357, -0.015961067751049995, 0.02043519914150238]
[0.636672, 0.00249, -0.417548, 0.460514, -0.495517] => [0.023906338959932327, -0.021021824330091476, 0.019985534250736237, -0.01606815867125988, 0.020320774987339973]
[0.635824, 0.00405, -0.418267, 0.460456, -0.495257] => [0.023570258170366287, -0.021008940413594246, 0.020253164693713188, -0.015805203467607498, 0.020597772672772408]
[0.635854, 0.009329, -0.41783, 0.460455, -0.495231] => [0.022720877081155777, -0.019658120349049568, 0.02101930044591427, -0.014138856902718544, 0.022484764456748962]
[0.636241, 0.001357, -0.417851, 0.460475, -0.495272] => [0.02342536300420761, -0.02101672813296318, 0.019829964265227318, -0.01624220609664917, 0.02015097253024578]
[0.636449, 0.001551, -0.417731, 0.460532, -0.495244] => [0.023554876446723938, -0.021036894991993904, 0.019854633137583733, -0.01622837409377098, 0.020166795700788498]
[0.636662, 0.002177, -0.416468, 0.460481, -0.495469] => [0.023878958076238632, -0.02103090099990368, 0.019935285672545433, -0.016128970310091972, 0.02026323974132538]
[0.636589, 0.005163, -0.415399, 0.460417, -0.495554] => [0.023233454674482346, -0.0208483524620533, 0.020681343972682953, -0.015350673347711563, 0.021167127415537834]
[0.635908, 0.001255, -0.413269, 0.460429, -0.495505] => [0.02347000688314438, -0.021059885621070862, 0.019840147346258163, -0.016275843605399132, 0.02013973332941532]
[0.636104, 0.00043, -0.414487, 0.460489, -0.495273] => [0.0232108011841774, -0.02099820040166378, 0.019818568602204323, -0.0162573903799057, 0.020150236785411835]
[0.635708, 0.005952, -0.415849, 0.46053, -0.495244] => [0.02274421975016594, -0.020614417269825935, 0.020763752982020378, -0.01514220330864191, 0.021437669172883034]
[0.635948, 0.004111, -0.413626, 0.460422, -0.495323] => [0.023511182516813278, -0.021024100482463837, 0.020289529114961624, -0.01579313911497593, 0.02062695473432541]
[0.636681, 0.00453, -0.419014, 0.460458, -0.495348] => [0.023541629314422607, -0.021018479019403458, 0.020345769822597504, -0.015720931813120842, 0.02068454772233963]
[0.636698, 0.00239, -0.41746, 0.460519, -0.495522] => [0.02393057942390442, -0.021023796871304512, 0.01996771991252899, -0.01608654111623764, 0.020301617681980133]
[0.636682, 0.002485, -0.417523, 0.460514, -0.495532] => [0.02390829473733902, -0.021021917462348938, 0.019985755905508995, -0.016068056225776672, 0.020321009680628777]
[0.636687, 0.002492, -0.417531, 0.46052, -0.495527] => [0.023906368762254715, -0.02102181315422058, 0.019986627623438835, -0.016067154705524445, 0.020321937277913094]
[0.636716, 0.00242, -0.417448, 0.46052, -0.495519] => [0.023922696709632874, -0.021023372188210487, 0.019972942769527435, -0.016081377863883972, 0.020307162776589394]
[0.63671, 0.002457, -0.417454, 0.460519, -0.495531] => [0.02391413226723671, -0.021022632718086243, 0.01998058706521988, -0.01607363298535347, 0.02031538262963295]
[0.636706, 0.002464, -0.417477, 0.460514, -0.495527] => [0.023912589997053146, -0.021022483706474304, 0.01998155005276203, -0.016072556376457214, 0.02031642198562622]
[0.636672, 0.002479, -0.417472, 0.46052, -0.495531] => [0.02390824258327484, -0.021022075787186623, 0.01998467557132244, -0.01606934890151024, 0.02031983807682991]
[0.63668, 0.002481, -0.417444, 0.460518, -0.495529] => [0.02390700951218605, -0.02102213352918625, 0.019984912127256393, -0.016069257631897926, 0.020320052281022072]
[0.636696, 0.002398, -0.417445, 0.460518, -0.495526] => [0.02392842248082161, -0.02102365717291832, 0.019969504326581955, -0.016084805130958557, 0.020303528755903244]
[0.63667, 0.002491, -0.417537, 0.460517, -0.495518] => [0.023905813694000244, -0.021021809428930283, 0.01998581364750862, -0.01606791839003563, 0.02032107673585415]
[0.636673, 0.002484, -0.417462, 0.460515, -0.495533] => [0.02390691637992859, -0.02102200873196125, 0.019985754042863846, -0.016068311408162117, 0.020320983603596687]
[0.636717, 0.002457, -0.417483, 0.460515, -0.495522] => [0.023914344608783722, -0.021022656932473183, 0.01997986063361168, -0.01607425883412361, 0.020314589142799377]
[0.636697, 0.002439, -0.417515, 0.460517, -0.495528] => [0.023919854313135147, -0.02102280594408512, 0.019977033138275146, -0.016076909378170967, 0.020311636850237846]
[0.636676, 0.002411, -0.417462, 0.460518, -0.495517] => [0.02392445132136345, -0.021023370325565338, 0.01997123472392559, -0.016082949936389923, 0.020305408164858818]
[0.63668, 0.002405, -0.417444, 0.460513, -0.495523] => [0.023926109075546265, -0.021023502573370934, 0.01997060887515545, -0.016083667054772377, 0.02030472829937935]
[0.636721, 0.002452, -0.417467, 0.460518, -0.495527] => [0.023915652185678482, -0.02102275751531124, 0.019979333505034447, -0.01607486419379711, 0.020314021036028862]
[0.636708, 0.00239, -0.417544, 0.460517, -0.495521] => [0.02393285185098648, -0.021023685112595558, 0.01996750757098198, -0.016086401417851448, 0.02030142955482006]
[0.636717, 0.002507, -0.417455, 0.460514, -0.495529] => [0.023901354521512985, -0.021021800115704536, 0.01998954452574253, -0.016064630821347237, 0.02032494731247425]
[0.636691, 0.002439, -0.417445, 0.46052, -0.495521] => [0.023917414247989655, -0.021022943779826164, 0.019976628944277763, -0.016077622771263123, 0.020311154425144196]
[0.6367, 0.002454, -0.417473, 0.460516, -0.495528] => [0.023914992809295654, -0.021022632718086243, 0.019979819655418396, -0.016074301674962044, 0.02031458169221878]
[0.636679, 0.002472, -0.417523, 0.460514, -0.495531] => [0.023911509662866592, -0.021022139117121696, 0.019983312115073204, -0.01607051119208336, 0.020318398252129555]
[0.6367, 0.002412, -0.417511, 0.460519, -0.495521] => [0.023926202207803726, -0.021023329347372055, 0.019971584901213646, -0.01608242467045784, 0.020305786281824112]
[0.636706, 0.002389, -0.417509, 0.460517, -0.49552] => [0.023932091891765594, -0.021023763343691826, 0.019967300817370415, -0.0160867627710104, 0.020301183685660362]
[0.636721, 0.002443, -0.417542, 0.460519, -0.495527] => [0.023919880390167236, -0.021022776141762733, 0.019977591931819916, -0.016076281666755676, 0.02031220868229866]
[0.636692, 0.002457, -0.417455, 0.460519, -0.495517] => [0.023912765085697174, -0.02102263644337654, 0.01997958868741989, -0.01607460528612137, 0.02031431719660759]
[0.636718, 0.002459, -0.417547, 0.460516, -0.495519] => [0.02391527220606804, -0.02102251909673214, 0.019979918375611305, -0.016073916107416153, 0.020314689725637436]
[0.636701, 0.002429, -0.417517, 0.460515, -0.495525] => [0.023922350257635117, -0.021023010835051537, 0.019974974915385246, -0.01607898622751236, 0.02030942030251026]
[0.636719, 0.002391, -0.417545, 0.460518, -0.495526] => [0.023933183401823044, -0.02102367952466011, 0.019968030974268913, -0.01608588919043541, 0.020301980897784233]
[0.636701, 0.002398, -0.417525, 0.460514, -0.49552] => [0.023930121213197708, -0.021023564040660858, 0.019968941807746887, -0.016085028648376465, 0.02030295878648758]
[0.636688, 0.002432, -0.417445, 0.46052, -0.49553] => [0.023919831961393356, -0.021023010835051537, 0.019976023584604263, -0.016078218817710876, 0.020310530439019203]
[0.636697, 0.002469, -0.417494, 0.460514, -0.495525] => [0.023911405354738235, -0.021022338420152664, 0.019982311874628067, -0.01607169397175312, 0.020317262038588524]
[0.63667, 0.002446, -0.417484, 0.460515, -0.495524] => [0.023916475474834442, -0.02102266624569893, 0.019978126510977745, -0.016075894236564636, 0.020312821492552757]
[0.636707, 0.002398, -0.417474, 0.460516, -0.495524] => [0.023929208517074585, -0.02102365531027317, 0.019969286397099495, -0.01608492061495781, 0.020303290337324142]
[0.636691, 0.002468, -0.417468, 0.460519, -0.495531] => [0.023911338299512863, -0.02102234773337841, 0.019982624799013138, -0.01607147417962551, 0.02031760662794113]
[0.636693, 0.002432, -0.417457, 0.460516, -0.495519] => [0.02391943708062172, -0.021023066714406013, 0.019975177943706512, -0.016079040244221687, 0.02030959725379944]
[0.636678, 0.00241, -0.41753, 0.460516, -0.495528] => [0.02392733469605446, -0.0210232175886631, 0.01997177116572857, -0.016082096844911575, 0.020306050777435303]
[0.636701, 0.002447, -0.417448, 0.460516, -0.495532] => [0.023916494101285934, -0.02102278731763363, 0.019978875294327736, -0.016075363382697105, 0.020313560962677002]
[0.636684, 0.002506, -0.417447, 0.460518, -0.495522] => [0.02390022575855255, -0.02102174051105976, 0.019988933578133583, -0.016065210103988647, 0.020324336364865303]
[0.636689, 0.002504, -0.417512, 0.460519, -0.495533] => [0.02390330657362938, -0.021021617576479912, 0.01998928375542164, -0.016064565628767014, 0.020324772223830223]
[0.636699, 0.002506, -0.417457, 0.460519, -0.495519] => [0.023900534957647324, -0.02102179080247879, 0.019988659769296646, -0.016065476462244987, 0.020324019715189934]
[0.636671, 0.002404, -0.417478, 0.460516, -0.495529] => [0.023927487432956696, -0.02102338895201683, 0.019970843568444252, -0.01608324982225895, 0.020305033773183823]
[0.636679, 0.002498, -0.417502, 0.460515, -0.495526] => [0.023903921246528625, -0.02102174609899521, 0.019987711682915688, -0.016066178679466248, 0.02032308280467987]
[0.636713, 0.002406, -0.417539, 0.460519, -0.49553] => [0.02392936870455742, -0.021023385226726532, 0.019971085712313652, -0.016082823276519775, 0.020305264741182327]
[0.636721, 0.002498, -0.417474, 0.460518, -0.495528] => [0.02390412613749504, -0.02102193608880043, 0.019987788051366806, -0.01606632024049759, 0.020323075354099274]
[0.636682, 0.002453, -0.417533, 0.460515, -0.495518] => [0.023915696889162064, -0.021022526547312737, 0.019978854805231094, -0.016074972227215767, 0.020313601940870285]
[0.636695, 0.002402, -0.417516, 0.460516, -0.495523] => [0.023928947746753693, -0.021023470908403397, 0.019969917833805084, -0.01608406938612461, 0.020304014906287193]
[0.636678, 0.002445, -0.417522, 0.460517, -0.495518] => [0.02391738072037697, -0.021022669970989227, 0.019977422431111336, -0.016076453030109406, 0.020312070846557617]
[0.636672, 0.002473, -0.41749, 0.460518, -0.495525] => [0.023909803479909897, -0.02102218009531498, 0.019983110949397087, -0.01607085019350052, 0.02031816355884075]
[0.636699, 0.002481, -0.417515, 0.460514, -0.495519] => [0.023908447474241257, -0.0210221279412508, 0.01998402364552021, -0.016069885343313217, 0.020319093018770218]
[0.636687, 0.00242, -0.417475, 0.460516, -0.495526] => [0.023923367261886597, -0.021023187786340714, 0.019973499700427055, -0.016080627217888832, 0.020307838916778564]
[0.636675, 0.002432, -0.417541, 0.460516, -0.495518] => [0.023921161890029907, -0.021022852510213852, 0.019975032657384872, -0.0160787682980299, 0.020309530198574066]
[0.636675, 0.00248, -0.417478, 0.460515, -0.495524] => [0.02390769124031067, -0.021022100001573563, 0.019984325394034386, -0.016069689765572548, 0.020319443196058273]
[0.636715, 0.002467, -0.417496, 0.460518, -0.495518] => [0.023911762982606888, -0.021022465080022812, 0.019981369376182556, -0.016072679311037064, 0.020316213369369507]
[0.636701, 0.002412, -0.417469, 0.460517, -0.495531] => [0.02392590045928955, -0.02102336287498474, 0.019972382113337517, -0.016081804409623146, 0.020306626334786415]
[0.636715, 0.002387, -0.417476, 0.460516, -0.49552] => [0.023931939154863358, -0.021023893728852272, 0.019966963678598404, -0.01608727127313614, 0.020300783216953278]
[0.636689, 0.002426, -0.417488, 0.460514, -0.495529] => [0.023922443389892578, -0.02102305367588997, 0.01997479796409607, -0.016079265624284744, 0.020309239625930786]
[0.63672, 0.0024, -0.417448, 0.460516, -0.495529] => [0.023928672075271606, -0.021023692563176155, 0.019970031455159187, -0.01608431339263916, 0.020304055884480476]
[0.636689, 0.002428, -0.417455, 0.46052, -0.495532] => [0.023921281099319458, -0.021023055538535118, 0.019975431263446808, -0.01607877016067505, 0.02030990645289421]
[0.636694, 0.0024, -0.417441, 0.460516, -0.495523] => [0.023927539587020874, -0.021023638546466827, 0.01996966451406479, -0.016084659844636917, 0.020303692668676376]
[0.636701, 0.002489, -0.417504, 0.460514, -0.495518] => [0.023906085640192032, -0.021022021770477295, 0.019985415041446686, -0.016068540513515472, 0.02032056823372841]
[0.636704, 0.002387, -0.417496, 0.460516, -0.495526] => [0.023932699114084244, -0.021023787558078766, 0.01996740885078907, -0.016086705029010773, 0.020301304757595062]
[0.636675, 0.002399, -0.417524, 0.460515, -0.495524] => [0.023929640650749207, -0.021023433655500412, 0.019969483837485313, -0.016084425151348114, 0.020303593948483467]
[0.636709, 0.002495, -0.417454, 0.460514, -0.495517] => [0.023903343826532364, -0.021022044122219086, 0.019986484199762344, -0.016067709773778915, 0.020321659743785858]
[0.63669, 0.002412, -0.417446, 0.460518, -0.495524] => [0.023924600332975388, -0.021023398265242577, 0.019971925765275955, -0.01608235016465187, 0.02030612714588642]
[0.636698, 0.002454, -0.41751, 0.460517, -0.49553] => [0.023916050791740417, -0.021022548899054527, 0.019979922100901604, -0.01607402414083481, 0.02031472697854042]
[0.636677, 0.002418, -0.417445, 0.460518, -0.495529] => [0.023923154920339584, -0.02102322317659855, 0.019973427057266235, -0.016080809757113457, 0.020307768136262894]
[0.636715, 0.002468, -0.417462, 0.460518, -0.495529] => [0.0239114910364151, -0.021022455766797066, 0.01998242735862732, -0.016071755439043045, 0.02031734399497509]
[0.636714, 0.002394, -0.417522, 0.460519, -0.495517] => [0.023931056261062622, -0.021023694425821304, 0.019967954605817795, -0.016086066141724586, 0.020301874727010727]
[0.636697, 0.002471, -0.417525, 0.460516, -0.495527] => [0.02391183003783226, -0.021022234112024307, 0.019982781261205673, -0.016071079298853874, 0.020317792892456055]
[0.636678, 0.002399, -0.417439, 0.460516, -0.495531] => [0.023928068578243256, -0.021023564040660858, 0.0199701189994812, -0.01608416810631752, 0.020304221659898758]
[0.636693, 0.002458, -0.417457, 0.460519, -0.495518] => [0.023912668228149414, -0.0210226122289896, 0.019979843869805336, -0.016074340790510178, 0.020314592868089676]
[0.636702, 0.002502, -0.417443, 0.460515, -0.495525] => [0.023901741951704025, -0.021021872758865356, 0.019988393411040306, -0.01606581173837185, 0.020323727279901505]
[0.636692, 0.002397, -0.417531, 0.460517, -0.495526] => [0.023930802941322327, -0.021023504436016083, 0.019969219341874123, -0.0160846970975399, 0.020303290337324142]
[0.636685, 0.00246, -0.417522, 0.46052, -0.49553] => [0.023914549499750137, -0.021022368222475052, 0.019981032237410545, -0.016072820872068405, 0.020315950736403465]
[0.636669, 0.002394, -0.417529, 0.460515, -0.495522] => [0.023930799216032028, -0.021023498848080635, 0.019968437030911446, -0.016085444018244743, 0.020302483811974525]
[0.636684, 0.002467, -0.417532, 0.460514, -0.495518] => [0.02391212433576584, -0.021022291854023933, 0.01998140849173069, -0.016072409227490425, 0.020316332578659058]
[0.636673, 0.002443, -0.417439, 0.460516, -0.495528] => [0.023916441947221756, -0.021022791042923927, 0.019977934658527374, -0.01607629284262657, 0.020312588661909103]
[0.636709, 0.00242, -0.417466, 0.460517, -0.495522] => [0.023923248052597046, -0.021023303270339966, 0.019973158836364746, -0.0160810649394989, 0.020307421684265137]
[0.636674, 0.00247, -0.417522, 0.460516, -0.495524] => [0.02391137182712555, -0.021022189408540726, 0.019982440397143364, -0.016071386635303497, 0.020317459478974342]
[0.636679, 0.00243, -0.417504, 0.460517, -0.495532] => [0.023921851068735123, -0.021022900938987732, 0.019975751638412476, -0.016078205779194832, 0.02031029760837555]
[0.636679, 0.002408, -0.417468, 0.460515, -0.495521] => [0.023925762623548508, -0.021023407578468323, 0.0199709702283144, -0.016083192080259323, 0.020305130630731583]
[0.636694, 0.002409, -0.417444, 0.460515, -0.495518] => [0.023924950510263443, -0.021023504436016083, 0.019970925524830818, -0.016083383932709694, 0.020305031910538673]
[0.636687, 0.002436, -0.417491, 0.460514, -0.495531] => [0.02392008528113365, -0.0210228580981493, 0.019976768642663956, -0.016077259555459023, 0.02031135931611061]
[0.636714, 0.002473, -0.417545, 0.460517, -0.495518] => [0.023911457508802414, -0.021022267639636993, 0.019982395693659782, -0.016071423888206482, 0.02031734585762024]
[0.636722, 0.002491, -0.417459, 0.460515, -0.49553] => [0.023905716836452484, -0.02102208510041237, 0.019986681640148163, -0.0160675048828125, 0.020321879535913467]
[0.636688, 0.002439, -0.4175, 0.460519, -0.495521] => [0.023918751627206802, -0.02102283202111721, 0.019976552575826645, -0.016077447682619095, 0.020311113446950912]
[0.636676, 0.002391, -0.417442, 0.460515, -0.495525] => [0.02392970770597458, -0.021023724228143692, 0.01996820978820324, -0.01608607918024063, 0.020302170887589455]
[0.63667, 0.002408, -0.417439, 0.460517, -0.495529] => [0.023925427347421646, -0.021023385226726532, 0.01997162401676178, -0.016082635149359703, 0.020305845886468887]
[0.636676, 0.002441, -0.417506, 0.460518, -0.495521] => [0.023918181657791138, -0.021022744476795197, 0.019976943731307983, -0.01607700064778328, 0.02031155675649643]
[0.636703, 0.00242, -0.417518, 0.460516, -0.495527] => [0.023924853652715683, -0.021023161709308624, 0.019973477348685265, -0.016080493107438087, 0.020307818427681923]
[0.636683, 0.002478, -0.417442, 0.460515, -0.49553] => [0.023907888680696487, -0.02102220244705677, 0.01998443715274334, -0.016069751232862473, 0.020319536328315735]
[0.636691, 0.00246, -0.41754, 0.460519, -0.495532] => [0.023915279656648636, -0.02102234773337841, 0.01998114213347435, -0.01607264205813408, 0.020316073670983315]
[0.636684, 0.002468, -0.417464, 0.460514, -0.495532] => [0.02391119673848152, -0.021022330969572067, 0.019982729107141495, -0.016071375459432602, 0.020317723974585533]
[0.636695, 0.002499, -0.417548, 0.460513, -0.495525] => [0.023905061185359955, -0.021021710708737373, 0.019987719133496284, -0.01606600359082222, 0.02032308839261532]
[0.636714, 0.002388, -0.417523, 0.460514, -0.495532] => [0.023933790624141693, -0.02102372981607914, 0.019967980682849884, -0.016086025163531303, 0.020301930606365204]
[0.636719, 0.002403, -0.417505, 0.460516, -0.495524] => [0.023928944021463394, -0.021023554727435112, 0.019970126450061798, -0.016083963215351105, 0.02030418999493122]
[0.636705, 0.002434, -0.41749, 0.460514, -0.495518] => [0.02391992136836052, -0.021023022010922432, 0.019975395873188972, -0.016078701242804527, 0.020309828221797943]
[0.636719, 0.002463, -0.417524, 0.460514, -0.495526] => [0.023914210498332977, -0.021022465080022812, 0.01998119242489338, -0.01607273705303669, 0.020316047593951225]
[0.63671, 0.002437, -0.41751, 0.460514, -0.49552] => [0.023919884115457535, -0.021022941917181015, 0.019976047798991203, -0.016077963635325432, 0.02031053602695465]
[0.636697, 0.00246, -0.41745, 0.460513, -0.495523] => [0.023912474513053894, -0.02102258987724781, 0.01998058706521988, -0.01607363112270832, 0.02031537890434265]
[0.636721, 0.002396, -0.417442, 0.460514, -0.495529] => [0.02392958477139473, -0.02102378010749817, 0.019969308748841286, -0.016085071489214897, 0.02030327543616295]
[0.636704, 0.002484, -0.417454, 0.460515, -0.495529] => [0.023906994611024857, -0.02102215774357319, 0.019985381513834, -0.016068795695900917, 0.02032051607966423]
[0.636686, 0.00244, -0.417529, 0.460519, -0.495527] => [0.02391965687274933, -0.021022725850343704, 0.0199771486222744, -0.0160767063498497, 0.020311789587140083]
[0.636715, 0.002506, -0.417494, 0.460514, -0.495525] => [0.023902274668216705, -0.021021759137511253, 0.019989021122455597, -0.016064979135990143, 0.020324410870671272]
[0.636706, 0.002451, -0.417521, 0.460514, -0.495524] => [0.0239168182015419, -0.021022643893957138, 0.019978895783424377, -0.01607503555715084, 0.020313605666160583]
[0.636712, 0.002472, -0.417505, 0.460514, -0.495532] => [0.023911725729703903, -0.021022288128733635, 0.019983327016234398, -0.01607065089046955, 0.020318342372775078]
[0.636679, 0.002431, -0.417518, 0.460519, -0.495518] => [0.023920871317386627, -0.021022921428084373, 0.01997487060725689, -0.016079042106866837, 0.020309336483478546]
[0.636714, 0.0024, -0.417468, 0.460513, -0.49553] => [0.023929178714752197, -0.02102363482117653, 0.019970092922449112, -0.01608414761722088, 0.02030414715409279]
[0.636704, 0.002444, -0.417485, 0.46052, -0.495522] => [0.02391745150089264, -0.021022824570536613, 0.019977523013949394, -0.016076572239398956, 0.020312117412686348]
[0.636672, 0.002446, -0.417489, 0.460515, -0.495525] => [0.023916728794574738, -0.02102266065776348, 0.019978191703557968, -0.01607580855488777, 0.020312894135713577]
[0.636699, 0.002434, -0.417483, 0.460518, -0.495521] => [0.023919813334941864, -0.021022992208600044, 0.019975638017058372, -0.016078470274806023, 0.02031010389328003]
[0.636686, 0.002469, -0.417454, 0.460517, -0.495528] => [0.02391039952635765, -0.021022353321313858, 0.01998262107372284, -0.016071533784270287, 0.020317593589425087]
[0.636721, 0.002398, -0.417472, 0.460519, -0.495524] => [0.023929405957460403, -0.02102370746433735, 0.01996925100684166, -0.016084996983408928, 0.02030322700738907]
[0.636684, 0.002499, -0.417547, 0.460518, -0.49552] => [0.023904412984848022, -0.021021688356995583, 0.01998737081885338, -0.016066335141658783, 0.020322730764746666]
[0.636668, 0.002448, -0.417533, 0.460517, -0.495529] => [0.023917533457279205, -0.021022506058216095, 0.019978797063231468, -0.01607498526573181, 0.02031359076499939]
[0.636699, 0.002402, -0.417536, 0.460514, -0.495519] => [0.023929253220558167, -0.021023470908403397, 0.019969584420323372, -0.016084330156445503, 0.020303653553128242]
[0.636683, 0.002422, -0.417533, 0.46052, -0.495531] => [0.023924611508846283, -0.02102299965918064, 0.01997416466474533, -0.016079680994153023, 0.020308615639805794]
[0.636679, 0.002506, -0.417533, 0.460515, -0.49552] => [0.023902207612991333, -0.021021580323576927, 0.019988680258393288, -0.016065070405602455, 0.02032412774860859]
[0.636678, 0.002455, -0.417451, 0.460519, -0.495529] => [0.023913823068141937, -0.02102256752550602, 0.019980164244771004, -0.016074001789093018, 0.020314980298280716]
[0.636714, 0.00244, -0.417485, 0.460515, -0.495522] => [0.023918703198432922, -0.021022938191890717, 0.019976764917373657, -0.01607736200094223, 0.020311282947659492]
[0.636671, 0.00239, -0.417494, 0.460519, -0.495525] => [0.023931175470352173, -0.021023619920015335, 0.01996796950697899, -0.016086071729660034, 0.02030196413397789]
[0.636712, 0.00248, -0.417441, 0.460517, -0.495532] => [0.023908037692308426, -0.021022260189056396, 0.019984876736998558, -0.016069378703832626, 0.02031995914876461]
[0.636685, 0.002506, -0.417471, 0.460517, -0.495527] => [0.02390124648809433, -0.021021677181124687, 0.019989270716905594, -0.016064761206507683, 0.020324721932411194]
[0.636691, 0.002503, -0.417445, 0.460514, -0.495522] => [0.02390110120177269, -0.021021828055381775, 0.019988374784588814, -0.016065800562500954, 0.020323721691966057]
[0.63668, 0.002493, -0.417539, 0.460515, -0.495522] => [0.023905854672193527, -0.02102178893983364, 0.01998644880950451, -0.01606728881597519, 0.020321747288107872]
[0.636679, 0.002389, -0.417536, 0.46052, -0.49553] => [0.023933012038469315, -0.02102356217801571, 0.019968079403042793, -0.016085786744952202, 0.02030210755765438]
[0.6367, 0.002449, -0.417491, 0.460517, -0.495524] => [0.02391643449664116, -0.021022707223892212, 0.019978582859039307, -0.01607546955347061, 0.020313262939453125]
[0.636721, 0.0024, -0.417488, 0.460513, -0.495521] => [0.02392914518713951, -0.021023668348789215, 0.019969381392002106, -0.01608479768037796, 0.02030336670577526]
[0.636678, 0.002403, -0.4175, 0.460513, -0.495524] => [0.023928076028823853, -0.021023422479629517, 0.0199702400714159, -0.01608377881348133, 0.020304378122091293]
[0.636713, 0.002388, -0.417444, 0.460519, -0.49552] => [0.023930832743644714, -0.02102392353117466, 0.01996719278395176, -0.016087178140878677, 0.020301012322306633]
[0.63668, 0.002391, -0.417455, 0.46052, -0.49552] => [0.023929689079523087, -0.02102372981607914, 0.019967805594205856, -0.016086438670754433, 0.020301735028624535]
[0.636711, 0.002416, -0.417439, 0.460513, -0.495521] => [0.023923594504594803, -0.02102344110608101, 0.019972389563918114, -0.01608196832239628, 0.02030656859278679]
[0.636685, 0.002429, -0.417474, 0.460514, -0.495525] => [0.023920953273773193, -0.021023033186793327, 0.019975079223513603, -0.016079040244221687, 0.020309528335928917]
[0.636721, 0.002461, -0.417517, 0.460514, -0.495532] => [0.023915037512779236, -0.0210224911570549, 0.019981281831860542, -0.016072677448391914, 0.020316146314144135]
[0.636704, 0.002479, -0.41753, 0.460518, -0.495525] => [0.02390987053513527, -0.021022118628025055, 0.019984059035778046, -0.016069788485765457, 0.020319147035479546]
[0.636708, 0.002443, -0.417544, 0.460519, -0.495532] => [0.023920059204101562, -0.021022701635956764, 0.01997799426317215, -0.01607583276927471, 0.020312674343585968]
[0.636681, 0.002501, -0.41754, 0.460515, -0.495519] => [0.023903634399175644, -0.021021666005253792, 0.01998768001794815, -0.0160660520195961, 0.02032305672764778]
[0.63668, 0.002489, -0.417536, 0.460516, -0.495524] => [0.02390693500638008, -0.021021854132413864, 0.019985869526863098, -0.016067884862422943, 0.020321130752563477]
[0.636703, 0.002453, -0.417533, 0.460518, -0.495523] => [0.023916464298963547, -0.021022573113441467, 0.019979173317551613, -0.016074692830443382, 0.020313918590545654]
[0.636704, 0.002503, -0.417508, 0.46052, -0.495522] => [0.02390291541814804, -0.021021751686930656, 0.019988244399428368, -0.016065675765275955, 0.020323606207966805]
[0.636676, 0.002443, -0.417531, 0.460515, -0.495527] => [0.02391878515481949, -0.02102263830602169, 0.01997772417962551, -0.016076095402240753, 0.020312421023845673]
[0.636714, 0.002398, -0.417483, 0.460517, -0.495532] => [0.023930199444293976, -0.021023625507950783, 0.01996985636651516, -0.01608431525528431, 0.020303910598158836]
[0.6367, 0.002503, -0.417522, 0.460517, -0.495526] => [0.023903533816337585, -0.02102169394493103, 0.019988538697361946, -0.01606530323624611, 0.020323947072029114]
[0.636716, 0.002388, -0.417523, 0.460516, -0.495532] => [0.023933816701173782, -0.021023733541369438, 0.01996796950697899, -0.016086038202047348, 0.02030191570520401]
[0.636693, 0.002472, -0.417496, 0.460516, -0.495533] => [0.023911207914352417, -0.02102222666144371, 0.019983459264039993, -0.016070513054728508, 0.020318517461419106]
[0.636671, 0.002472, -0.417479, 0.460519, -0.495525] => [0.02390974760055542, -0.021022213622927666, 0.019982948899269104, -0.016071060672402382, 0.020317982882261276]
[0.636688, 0.002422, -0.417495, 0.460518, -0.495529] => [0.0239236019551754, -0.0210231002420187, 0.019974058493971825, -0.016079973429441452, 0.02030845917761326]
[0.63672, 0.00245, -0.417515, 0.460518, -0.495524] => [0.023917164653539658, -0.021022716537117958, 0.019978679716587067, -0.01607530750334263, 0.02031334862112999]
[0.636714, 0.002502, -0.417489, 0.460513, -0.495531] => [0.023903608322143555, -0.021021805703639984, 0.019988741725683212, -0.01606527715921402, 0.020324120298027992]
[0.636684, 0.002452, -0.41754, 0.460519, -0.495527] => [0.0239168219268322, -0.021022487431764603, 0.019979327917099, -0.01607445813715458, 0.020314132794737816]
[0.636717, 0.002388, -0.417522, 0.460516, -0.495532] => [0.023933790624141693, -0.021023739129304886, 0.01996796950697899, -0.016086047515273094, 0.02030191197991371]
[0.636717, 0.002388, -0.417523, 0.460516, -0.495532] => [0.023933827877044678, -0.021023737266659737, 0.01996796950697899, -0.016086041927337646, 0.02030191384255886]
[0.636716, 0.002389, -0.417522, 0.460516, -0.495532] => [0.0239335335791111, -0.021023718640208244, 0.019968155771493912, -0.016085855662822723, 0.020302115008234978]
[0.636717, 0.002389, -0.417521, 0.460516, -0.495532] => [0.023933541029691696, -0.02102372609078884, 0.01996815763413906, -0.01608586125075817, 0.02030211314558983]
[0.636717, 0.002389, -0.417522, 0.460516, -0.495532] => [0.023933563381433487, -0.021023722365498543, 0.019968152046203613, -0.01608586125075817, 0.02030210942029953]
[0.636717, 0.002388, -0.417521, 0.460516, -0.495532] => [0.023933783173561096, -0.021023742854595184, 0.019967973232269287, -0.016086047515273094, 0.02030191570520401]
[0.636717, 0.002389, -0.417523, 0.460516, -0.495532] => [0.02393357828259468, -0.021023720502853394, 0.019968153908848763, -0.016085857525467873, 0.02030210942029953]
[0.636716, 0.002388, -0.417521, 0.460516, -0.495532] => [0.023933764547109604, -0.021023739129304886, 0.01996796950697899, -0.016086047515273094, 0.02030191570520401]
[0.636716, 0.002388, -0.417522, 0.460516, -0.495532] => [0.0239337757229805, -0.021023735404014587, 0.019967971369624138, -0.016086043789982796, 0.02030191570520401]
[0.636716, 0.002389, -0.417523, 0.460516, -0.495532] => [0.023933563381433487, -0.021023718640208244, 0.019968153908848763, -0.016085853800177574, 0.02030211314558983]
[0.636716, 0.002389, -0.417521, 0.460516, -0.495532] => [0.02393350377678871, -0.021023720502853394, 0.019968153908848763, -0.01608586311340332, 0.02030211128294468]
[0.672799, -0.000441, -0.497924, 0.496629, -0.495673] => [0.02469227835536003, -0.02087976038455963, 0.020220322534441948, -0.015665806829929352, 0.020674530416727066]
[0.672614, -0.004088, -0.494796, 0.498174, -0.495568] => [0.024987779557704926, -0.0212258268147707, 0.019638586789369583, -0.01645578444004059, 0.01977306231856346]
[0.67266, -0.019633, -0.487836, 0.497549, -0.495784] => [0.023999907076358795, -0.020199760794639587, 0.01954164355993271, -0.016059424728155136, 0.020363908261060715]
[0.672847, -0.015558, -0.492541, 0.49694, -0.495745] => [0.024114105850458145, -0.020642468705773354, 0.019572170451283455, -0.01627267710864544, 0.02011643908917904]
[0.67267, -0.002329, -0.490432, 0.499402, -0.495788] => [0.02521168813109398, -0.02116692252457142, 0.01975562609732151, -0.016258051618933678, 0.01993250846862793]
[0.672762, -0.008975, -0.498909, 0.499084, -0.495714] => [0.025034599006175995, -0.02101089060306549, 0.019573694095015526, -0.016497895121574402, 0.019881851971149445]
[0.672767, -0.008801, -0.49239, 0.497396, -0.495621] => [0.02423691377043724, -0.02083842270076275, 0.01957755535840988, -0.016374576836824417, 0.019982898607850075]
[0.672849, -0.005902, -0.494616, 0.498558, -0.495702] => [0.024374574422836304, -0.021055610850453377, 0.01958255097270012, -0.016462329775094986, 0.01982107385993004]
[0.672854, 0.001837, -0.491479, 0.49785, -0.4958] => [0.022826574742794037, -0.019989799708127975, 0.020865052938461304, -0.014627659693360329, 0.022011933848261833]
[0.672423, -0.017096, -0.494181, 0.499395, -0.495597] => [0.02423940598964691, -0.02063916251063347, 0.019527636468410492, -0.016323508694767952, 0.020084209740161896]
[0.672283, -0.014943, -0.491808, 0.496942, -0.495716] => [0.02397891879081726, -0.02062343619763851, 0.019582871347665787, -0.01624462381005287, 0.020135285332798958]
[0.672881, -0.014084, -0.497672, 0.497644, -0.495436] => [0.024370502680540085, -0.02077033743262291, 0.019578643143177032, -0.01635437086224556, 0.02004847675561905]
[0.672344, -0.013665, -0.493173, 0.497758, -0.495764] => [0.02393999695777893, -0.02065962366759777, 0.019601713865995407, -0.0162456464022398, 0.020127074792981148]
[0.672245, -0.02025, -0.494482, 0.499276, -0.495619] => [0.024233873933553696, -0.02044016681611538, 0.019377153366804123, -0.016343308612704277, 0.020082376897335052]
[0.672641, 0.00123, -0.499828, 0.499894, -0.495765] => [0.023043066263198853, -0.020087843760848045, 0.02054780162870884, -0.014947955496609211, 0.02161480486392975]
[0.672255, -0.004889, -0.496378, 0.498876, -0.495664] => [0.024792984127998352, -0.021211296319961548, 0.019598590210080147, -0.01650097593665123, 0.01973830722272396]
[0.672796, 0.000989, -0.497063, 0.498454, -0.495692] => [0.023355696350336075, -0.02024223282933235, 0.020523138344287872, -0.01505895983427763, 0.02146143838763237]
[0.67255, -0.011152, -0.486505, 0.498231, -0.495772] => [0.023513134568929672, -0.020622288808226585, 0.019557135179638863, -0.016260623931884766, 0.020084548741579056]
[0.6726, -0.008548, -0.492624, 0.49723, -0.495546] => [0.024285051971673965, -0.020853396505117416, 0.019576556980609894, -0.01638450287282467, 0.01997331529855728]
[0.672264, -0.010869, -0.489107, 0.499987, -0.495678] => [0.02374504879117012, -0.020679865032434464, 0.019571475684642792, -0.01628090627491474, 0.020068412646651268]
[0.672391, -0.015367, -0.494699, 0.499521, -0.495487] => [0.024242248386144638, -0.020692838355898857, 0.019565345719456673, -0.01631499081850052, 0.020080966874957085]
[0.672209, -0.019575, -0.489468, 0.497159, -0.495757] => [0.024017710238695145, -0.020273109897971153, 0.01950168050825596, -0.016133693978190422, 0.020284995436668396]
[0.672846, -0.013536, -0.488099, 0.497211, -0.495494] => [0.023617800325155258, -0.020571351051330566, 0.01958155818283558, -0.01620541512966156, 0.020154286175966263]
[0.672331, -0.022626, -0.494889, 0.499332, -0.495746] => [0.02458319440484047, -0.0202450193464756, 0.019366316497325897, -0.016265032812952995, 0.020203743129968643]
[0.672905, -0.012643, -0.493433, 0.498542, -0.495453] => [0.023991204798221588, -0.020701829344034195, 0.0195990651845932, -0.016275186091661453, 0.020097674801945686]
[0.672531, -0.013886, -0.486684, 0.498646, -0.495579] => [0.023576203733682632, -0.02053496055305004, 0.01959407515823841, -0.016163500025868416, 0.0201879870146513]
[0.672749, -0.005235, -0.497776, 0.499072, -0.495594] => [0.024790175259113312, -0.02123955823481083, 0.019577529281377792, -0.016547325998544693, 0.019705235958099365]
[0.672213, 0.000881, -0.487507, 0.498191, -0.49574] => [0.02371342107653618, -0.02041362226009369, 0.020802630111575127, -0.01493069902062416, 0.02160717360675335]
[0.672395, -0.023936, -0.492989, 0.499664, -0.49549] => [0.021172866225242615, -0.020007718354463577, 0.019433651119470596, -0.016202466562390327, 0.02030642144382]
[0.672862, -0.016778, -0.49728, 0.497191, -0.495421] => [0.02458876371383667, -0.020755156874656677, 0.01953299157321453, -0.01640201173722744, 0.020021546632051468]
[0.672221, -0.000908, -0.495523, 0.499977, -0.495726] => [0.025371942669153214, -0.021184325218200684, 0.01993630640208721, -0.016054246574640274, 0.020128007978200912]
[0.672805, -0.005429, -0.498677, 0.498714, -0.495687] => [0.024915486574172974, -0.021276110783219337, 0.019578084349632263, -0.016574261710047722, 0.019689802080392838]
[0.672566, -0.010858, -0.49463, 0.496916, -0.495502] => [0.024286098778247833, -0.02080749347805977, 0.019585520029067993, -0.01635449193418026, 0.020019862800836563]
[0.672803, -0.017008, -0.489575, 0.498637, -0.495705] => [0.023849841207265854, -0.02049960196018219, 0.019557971507310867, -0.01619027368724346, 0.020194215700030327]
[0.672728, -0.01989, -0.49323, 0.499436, -0.495538] => [0.024139799177646637, -0.020416781306266785, 0.01940365880727768, -0.01630299538373947, 0.020116841420531273]
[0.672259, -0.015644, -0.485639, 0.499962, -0.495577] => [0.02357715740799904, -0.020437952131032944, 0.019616635516285896, -0.016080297529697418, 0.020276393741369247]
[0.672498, -0.018091, -0.486878, 0.49828, -0.495672] => [0.023787789046764374, -0.020298823714256287, 0.019563613459467888, -0.01608211174607277, 0.020315023139119148]
[0.672697, -0.020092, -0.489926, 0.49804, -0.495547] => [0.024079687893390656, -0.020256124436855316, 0.019479185342788696, -0.016148710623383522, 0.0202795322984457]
[0.672336, -0.007649, -0.490361, 0.499926, -0.495606] => [0.024107087403535843, -0.02083464339375496, 0.019567884504795074, -0.016374880447983742, 0.0199662446975708]
[0.672797, -0.007544, -0.487102, 0.499849, -0.49542] => [0.023879624903202057, -0.020791655406355858, 0.01953582465648651, -0.016383778303861618, 0.019954703748226166]
[0.67277, -0.024543, -0.498795, 0.497143, -0.495434] => [0.021937690675258636, -0.020199548453092575, 0.019235903397202492, -0.01645333133637905, 0.02005799487233162]
[0.672872, -0.013233, -0.486368, 0.497895, -0.495666] => [0.023533545434474945, -0.020554643124341965, 0.019583895802497864, -0.016189828515052795, 0.02016223408281803]
[0.672838, -0.019343, -0.490734, 0.498598, -0.49555] => [0.0239984393119812, -0.020357118919491768, 0.019461819902062416, -0.016213808208703995, 0.02019924484193325]
[0.672272, -0.011049, -0.496653, 0.499533, -0.49572] => [0.024508971720933914, -0.02084832824766636, 0.019579777494072914, -0.01638910174369812, 0.01999307982623577]
[0.672346, -0.020055, -0.487885, 0.49698, -0.495516] => [0.024015795439481735, -0.020169392228126526, 0.019526999443769455, -0.016057439148426056, 0.020372750237584114]
[0.672894, -0.005449, -0.497832, 0.496841, -0.495629] => [0.024783160537481308, -0.02122769132256508, 0.019579775631427765, -0.016549207270145416, 0.01971694454550743]
[0.672511, -0.00645, -0.491692, 0.498844, -0.495669] => [0.024060778319835663, -0.02090638130903244, 0.019605478271842003, -0.016356663778424263, 0.019943196326494217]
[0.672784, -0.02018, -0.486185, 0.497357, -0.495644] => [0.024019885808229446, -0.020084775984287262, 0.01957324706017971, -0.015972359105944633, 0.02046399563550949]
[0.672804, -0.017834, -0.491734, 0.497116, -0.495744] => [0.0239577479660511, -0.020517243072390556, 0.01949932798743248, -0.01625714637339115, 0.020136602222919464]
[0.672802, -0.009011, -0.491427, 0.496942, -0.495541] => [0.02412894368171692, -0.02081589587032795, 0.0195701252669096, -0.016368908807635307, 0.01998707838356495]
[0.672461, 0.002589, -0.498365, 0.496734, -0.495586] => [0.022478286176919937, -0.019663408398628235, 0.020845120772719383, -0.014381878077983856, 0.02226286754012108]
[0.672358, 0.001225, -0.493139, 0.499004, -0.495722] => [0.023272722959518433, -0.020199358463287354, 0.020695161074399948, -0.014891129918396473, 0.02167089842259884]
[0.672199, -0.003437, -0.497324, 0.498813, -0.495628] => [0.025287635624408722, -0.021218974143266678, 0.019649073481559753, -0.01640058308839798, 0.01981177367269993]
[0.672821, 0.000536, -0.492464, 0.497594, -0.495495] => [0.023852474987506866, -0.020495114848017693, 0.02056112140417099, -0.015182271599769592, 0.021296558901667595]
[0.672297, 0.000277, -0.487115, 0.497396, -0.495518] => [0.02451593056321144, -0.020811263471841812, 0.020420636981725693, -0.015446370467543602, 0.02089686319231987]
[0.672719, -0.01729, -0.493388, 0.49766, -0.495534] => [0.024145256727933884, -0.020606357604265213, 0.019523125141859055, -0.016304468736052513, 0.020101273432374]
[0.672648, -0.007627, -0.492519, 0.49813, -0.495648] => [0.02423185110092163, -0.020866110920906067, 0.01960327848792076, -0.016354231163859367, 0.01998235657811165]
[0.672693, -0.02276, -0.493777, 0.499226, -0.495662] => [0.024559881538152695, -0.02018727734684944, 0.019386669620871544, -0.016215737909078598, 0.02025674283504486]
[0.672353, -0.007373, -0.499354, 0.498357, -0.495553] => [0.024961009621620178, -0.021111436188220978, 0.01957336626946926, -0.01653640903532505, 0.019797835499048233]
[0.672345, -0.01741, -0.489105, 0.497634, -0.49575] => [0.02384251356124878, -0.02044352889060974, 0.019552934914827347, -0.016165923327207565, 0.02022233046591282]
[0.672805, -0.021724, -0.490569, 0.49888, -0.495718] => [0.024352114647626877, -0.020137934014201164, 0.019468901678919792, -0.01610761322081089, 0.020350875332951546]
[0.672735, -0.016913, -0.486408, 0.498767, -0.495678] => [0.02372518554329872, -0.020380552858114243, 0.01960684359073639, -0.016080811619758606, 0.020302968099713326]
[0.672846, 0.000415, -0.498216, 0.499329, -0.495728] => [0.023812390863895416, -0.020467441529035568, 0.02039634808897972, -0.015290063805878162, 0.02115931361913681]
[0.672283, -0.019788, -0.490208, 0.498328, -0.495708] => [0.024066105484962463, -0.02028743363916874, 0.019482646137475967, -0.01616065949201584, 0.02026091329753399]
[0.672231, -0.007417, -0.488418, 0.498068, -0.495472] => [0.023990079760551453, -0.020819928497076035, 0.019543098285794258, -0.016393238678574562, 0.019947240129113197]
[0.672645, 0.000676, -0.492481, 0.498479, -0.495686] => [0.023722898215055466, -0.02042297087609768, 0.020606471225619316, -0.01509936898946762, 0.021400414407253265]
[0.672528, -0.017884, -0.489735, 0.497635, -0.495796] => [0.023893941193819046, -0.020429247990250587, 0.019530687481164932, -0.016181580722332, 0.020212559029459953]
[0.672345, -0.012695, -0.491318, 0.497889, -0.495769] => [0.023783762007951736, -0.02064841240644455, 0.01959444209933281, -0.01624268665909767, 0.020119501277804375]
[0.672187, -0.006966, -0.493015, 0.498235, -0.495526] => [0.02422827109694481, -0.02091168984770775, 0.019603567197918892, -0.016372304409742355, 0.019945604726672173]
[0.672676, 0.001003, -0.49601, 0.49792, -0.495773] => [0.023365400731563568, -0.02024737186729908, 0.020560190081596375, -0.015032071620225906, 0.0214951504021883]
[0.672494, 0.002108, -0.491276, 0.49816, -0.495578] => [0.02263849601149559, -0.019901631399989128, 0.020908387377858162, -0.014539657160639763, 0.022127576172351837]
[0.672712, -0.008906, -0.488417, 0.498289, -0.495773] => [0.023867350071668625, -0.02075500786304474, 0.01955784484744072, -0.01633993163704872, 0.02000332623720169]
[0.672522, -0.001406, -0.488495, 0.496858, -0.495405] => [0.025363393127918243, -0.0211299080401659, 0.019867194816470146, -0.016103683039546013, 0.020078511908650398]
[0.672288, -0.010296, -0.498012, 0.49889, -0.495671] => [0.024793419986963272, -0.02092585526406765, 0.019572442397475243, -0.016447653993964195, 0.01993849314749241]
[0.672705, -0.004726, -0.494058, 0.499147, -0.495493] => [0.024443622678518295, -0.021107075735926628, 0.01959136873483658, -0.01644357666373253, 0.01978367194533348]
[0.672629, -0.005256, -0.493769, 0.499381, -0.495449] => [0.024276763200759888, -0.021054580807685852, 0.019578544422984123, -0.016441887244582176, 0.019808495417237282]
[0.67218, -0.001342, -0.497461, 0.4994, -0.495448] => [0.025506746023893356, -0.021210793405771255, 0.019820481538772583, -0.01617727242410183, 0.020005308091640472]
[0.672465, -0.022626, -0.495327, 0.49862, -0.495649] => [0.024578828364610672, -0.020269889384508133, 0.019349917769432068, -0.016293035820126534, 0.020175840705633163]
[0.672803, -0.024476, -0.496673, 0.497279, -0.495756] => [0.02151397243142128, -0.02010725811123848, 0.019323797896504402, -0.016344666481018066, 0.020168961957097054]
[0.672891, -0.007613, -0.491741, 0.499854, -0.495549] => [0.0241711363196373, -0.020850416272878647, 0.019597314298152924, -0.016351118683815002, 0.019986312836408615]
[0.672833, -0.01241, -0.49142, 0.49757, -0.495798] => [0.023829802870750427, -0.02066674269735813, 0.01959385722875595, -0.016255779191851616, 0.02010747417807579]
[0.67218, -0.000592, -0.497572, 0.499398, -0.495434] => [0.024887189269065857, -0.020963281393051147, 0.02017573080956936, -0.015748387202620506, 0.020564138889312744]
[0.672179, -0.000791, -0.497467, 0.499398, -0.495439] => [0.025172632187604904, -0.021105777472257614, 0.020025748759508133, -0.015946488827466965, 0.020296115428209305]
[0.672178, -8.4e-05, -0.497461, 0.499398, -0.495441] => [0.02431628480553627, -0.020719919353723526, 0.02031228318810463, -0.01550348848104477, 0.02088356763124466]
[0.672181, -0.000555, -0.497538, 0.4994, -0.495407] => [0.024841517210006714, -0.02094174176454544, 0.02019750140607357, -0.015719344839453697, 0.020603394135832787]
[0.672179, -0.000874, -0.497592, 0.4994, -0.495408] => [0.02528133988380432, -0.021161144599318504, 0.019966529682278633, -0.016024285927414894, 0.020191989839076996]
[0.67218, -0.000441, -0.497516, 0.499397, -0.495422] => [0.02471385896205902, -0.020887495949864388, 0.020226022228598595, -0.015666166320443153, 0.020672399550676346]
[0.67218, 0.000285, -0.497474, 0.499398, -0.495437] => [0.02396918460726738, -0.020551519468426704, 0.02037719637155533, -0.015355703420937061, 0.021074721589684486]
[0.672178, -0.000279, -0.497498, 0.499399, -0.495414] => [0.0245344340801239, -0.02081253193318844, 0.02026406303048134, -0.015593918971717358, 0.02076629549264908]
[0.672178, 0.000154, -0.497497, 0.499398, -0.495412] => [0.02408628910779953, -0.020612459629774094, 0.020354365929961205, -0.01540895365178585, 0.021006137132644653]
[0.672178, -0.000131, -0.49753, 0.499399, -0.495425] => [0.024367038160562515, -0.020742299035191536, 0.0202989149838686, -0.015526697039604187, 0.020853597670793533]
[0.672181, -0.000537, -0.497598, 0.499399, -0.495421] => [0.024817660450935364, -0.020931605249643326, 0.020201731473207474, -0.015710150822997093, 0.020615356042981148]
[0.672179, -0.000885, -0.497523, 0.499397, -0.495433] => [0.02529614418745041, -0.021166794002056122, 0.019959690049290657, -0.016032766550779343, 0.020180270075798035]
[0.672181, -0.000897, -0.497503, 0.499396, -0.495419] => [0.025311283767223358, -0.02117387391626835, 0.0199494156986475, -0.01604495570063591, 0.020164256915450096]
[0.672179, 0.000102, -0.497503, 0.499398, -0.495434] => [0.02413012459874153, -0.020634431391954422, 0.020347341895103455, -0.01542704924941063, 0.020982662215828896]
[0.67218, 0.000147, -0.497483, 0.499397, -0.495416] => [0.024092402309179306, -0.020615484565496445, 0.020353883504867554, -0.015411080792546272, 0.02100336365401745]
[0.672181, 0.000289, -0.497467, 0.499397, -0.495442] => [0.02396538108587265, -0.02054942026734352, 0.020378321409225464, -0.015353589318692684, 0.021077418699860573]
[0.672181, -0.001175, -0.497456, 0.499397, -0.495423] => [0.025462429970502853, -0.02121453545987606, 0.019852139055728912, -0.01614968106150627, 0.020034117624163628]
[0.672181, -0.000158, -0.497554, 0.4994, -0.495406] => [0.024397630244493484, -0.02075600065290928, 0.02029097080230713, -0.015540789812803268, 0.02083544433116913]
[0.672177, 0.000157, -0.497595, 0.4994, -0.495442] => [0.024079088121652603, -0.02060812897980213, 0.020354028791189194, -0.015406440012156963, 0.021009283140301704]
[0.672178, 0.000219, -0.49754, 0.4994, -0.495445] => [0.024025321006774902, -0.020580289885401726, 0.020365484058856964, -0.0153814060613513, 0.021041542291641235]
[0.672182, -0.000431, -0.497542, 0.4994, -0.495438] => [0.024700365960597992, -0.020881429314613342, 0.020228806883096695, -0.015660425648093224, 0.020679784938693047]
[0.67218, -5.8e-05, -0.497521, 0.499396, -0.495405] => [0.02428753674030304, -0.020709706470370293, 0.02031509391963482, -0.01549567375332117, 0.02089403010904789]
[0.672177, -0.001302, -0.497473, 0.499399, -0.495425] => [0.025495536625385284, -0.021211817860603333, 0.01982678659260273, -0.016171982511878014, 0.020010940730571747]
[0.672181, -0.000409, -0.497584, 0.4994, -0.495411] => [0.024676114320755005, -0.02087261714041233, 0.020231574773788452, -0.015653396025300026, 0.020689142867922783]
[0.67218, -0.000252, -0.497506, 0.499397, -0.495434] => [0.02450244128704071, -0.0207984559237957, 0.0202714204788208, -0.01558004505932331, 0.020784202963113785]
[0.672179, 0.000283, -0.497536, 0.499399, -0.495444] => [0.023969080299139023, -0.020551390945911407, 0.020375635474920273, -0.015356741845607758, 0.02107338421046734]
[0.672177, -0.000489, -0.497485, 0.499397, -0.495448] => [0.024766769260168076, -0.020908406004309654, 0.020216859877109528, -0.01568506471812725, 0.02064763754606247]
[0.672181, -0.001355, -0.497566, 0.499396, -0.495425] => [0.025511085987091064, -0.02121240273118019, 0.01981584168970585, -0.016182515770196915, 0.020000211894512177]
[0.672181, -0.000169, -0.497493, 0.499399, -0.495408] => [0.024412330240011215, -0.020761610940098763, 0.0202897097915411, -0.015544994734227657, 0.02082989737391472]
[0.672181, -0.000632, -0.49757, 0.4994, -0.495428] => [0.024943869560956955, -0.020991884171962738, 0.020145490765571594, -0.015788286924362183, 0.020510295405983925]
[0.672182, 0.000206, -0.49752, 0.499396, -0.495443] => [0.02403734251856804, -0.0205865316092968, 0.02036384306848049, -0.015386342070996761, 0.021035175770521164]
[0.672178, -0.000315, -0.497509, 0.499398, -0.495406] => [0.024574752897024155, -0.020829802379012108, 0.020254898816347122, -0.015610934235155582, 0.02074425294995308]
[0.672181, -0.000533, -0.497582, 0.499399, -0.495422] => [0.02481374517083168, -0.020929807797074318, 0.020203057676553726, -0.01570810005068779, 0.020617995411157608]
[0.672181, -0.000702, -0.497527, 0.499399, -0.495436] => [0.025043994188308716, -0.021041585132479668, 0.020093334838747978, -0.01585722714662552, 0.020416947081685066]
[0.672182, -5.7e-05, -0.497541, 0.499399, -0.495445] => [0.024282485246658325, -0.020706234499812126, 0.020317284390330315, -0.015491723082959652, 0.02089892327785492]
[0.67218, -0.00127, -0.497466, 0.499397, -0.495406] => [0.025486230850219727, -0.02121233567595482, 0.019831832498311996, -0.016167601570487022, 0.020015571266412735]
[0.672177, 0.000104, -0.497523, 0.499397, -0.495433] => [0.024128034710884094, -0.020633425563573837, 0.020347049459815025, -0.015426677651703358, 0.02098315954208374]
[0.672181, -5.3e-05, -0.497591, 0.499398, -0.495408] => [0.02427872270345688, -0.020706450566649437, 0.02031506411731243, -0.015493776649236679, 0.020896553993225098]
[0.672181, -0.000401, -0.497583, 0.499399, -0.495428] => [0.024665944278240204, -0.020867716521024704, 0.02023446187376976, -0.01564824767410755, 0.020695719867944717]
[0.672182, 0.00036, -0.497491, 0.499399, -0.495422] => [0.02390401065349579, -0.020518427714705467, 0.020387668162584305, -0.015328409150242805, 0.02111005038022995]
[0.672179, -0.000847, -0.497459, 0.4994, -0.495426] => [0.025253035128116608, -0.021146556362509727, 0.019982503727078438, -0.016003506258130074, 0.02021917887032032]
[0.672181, -0.000384, -0.49757, 0.499397, -0.495422] => [0.024647977203130722, -0.020860329270362854, 0.020238365978002548, -0.015641050413250923, 0.020705096423625946]
[0.672182, -0.000176, -0.497574, 0.499399, -0.495438] => [0.02441442757844925, -0.020761994644999504, 0.020288197323679924, -0.015546146780252457, 0.02082829922437668]
[0.672177, -0.000759, -0.497496, 0.499399, -0.495405] => [0.025129858404397964, -0.0210859552025795, 0.020045723766088486, -0.015919823199510574, 0.02033250406384468]
[0.67218, -0.000333, -0.497589, 0.499397, -0.495432] => [0.024589478969573975, -0.02083560824394226, 0.020250584930181503, -0.01561738271266222, 0.02073580212891102]
[0.67218, -0.000469, -0.497552, 0.499396, -0.495443] => [0.024741996079683304, -0.02089875563979149, 0.020219936966896057, -0.015677161514759064, 0.020658021792769432]
[0.672178, 0.000274, -0.497513, 0.499396, -0.495429] => [0.02397875487804413, -0.02055673860013485, 0.020373910665512085, -0.015361293219029903, 0.021067578345537186]
[0.67218, -0.000303, -0.497572, 0.499396, -0.495436] => [0.024556420743465424, -0.02082148939371109, 0.020258210599422455, -0.015603391453623772, 0.020753934979438782]
[0.67218, -8.4e-05, -0.497563, 0.499398, -0.495441] => [0.02431199699640274, -0.02071891538798809, 0.02031024731695652, -0.015504433773458004, 0.020882459357380867]
[0.672178, -0.000349, -0.497578, 0.499397, -0.495435] => [0.024607602506875992, -0.020842991769313812, 0.02024720422923565, -0.015624205581843853, 0.020726902410387993]
[0.672182, -0.001157, -0.497551, 0.499397, -0.495409] => [0.025459028780460358, -0.021216746419668198, 0.019854407757520676, -0.01614873856306076, 0.020035387948155403]
[0.67218, -0.000808, -0.497585, 0.499397, -0.495449] => [0.025185808539390564, -0.02111179754137993, 0.020020093768835068, -0.01595417782664299, 0.020286208018660545]
[0.67218, 0.000233, -0.497479, 0.499398, -0.495446] => [0.02401416376233101, -0.020574422553181648, 0.0203693974763155, -0.01537501160055399, 0.021049749106168747]
[0.67218, -0.001106, -0.49751, 0.499397, -0.495417] => [0.025445472449064255, -0.021217208355665207, 0.019865356385707855, -0.016138708218932152, 0.0200456865131855]
[0.672178, 0.000106, -0.497523, 0.499399, -0.495421] => [0.024127297103405, -0.020633358508348465, 0.02034663036465645, -0.015427029691636562, 0.02098277397453785]
[0.67218, 0.000167, -0.497513, 0.4994, -0.495427] => [0.02407320961356163, -0.020605357363820076, 0.020356914028525352, -0.015402751974761486, 0.021014072000980377]
[0.672178, -0.001118, -0.49749, 0.499397, -0.495423] => [0.02544841542840004, -0.021216554567217827, 0.019863460212945938, -0.016140125691890717, 0.02004413492977619]
[0.672177, -0.000317, -0.497526, 0.499398, -0.495436] => [0.02457396313548088, -0.02082846872508526, 0.02025584504008293, -0.015609235502779484, 0.02074628323316574]
[0.672182, -0.000496, -0.497546, 0.499397, -0.495435] => [0.024772990494966507, -0.020911982282996178, 0.020213237032294273, -0.015689965337514877, 0.02064143307507038]
[0.672179, -0.000305, -0.497544, 0.499396, -0.495437] => [0.02455974370241165, -0.02082262746989727, 0.020258357748389244, -0.015603935346007347, 0.02075318805873394]
[0.672181, -0.001083, -0.497468, 0.4994, -0.495441] => [0.02543988823890686, -0.021217096596956253, 0.01987185701727867, -0.01613248884677887, 0.020051946863532066]
[0.672178, -0.000991, -0.497525, 0.499397, -0.495444] => [0.025412827730178833, -0.02121760882437229, 0.019892677664756775, -0.016113750636577606, 0.020072907209396362]
[0.672182, -0.001307, -0.497571, 0.499396, -0.495406] => [0.025497905910015106, -0.02121352218091488, 0.01982405222952366, -0.01617548242211342, 0.020007628947496414]
[0.672181, -0.000201, -0.497595, 0.4994, -0.495405] => [0.024443984031677246, -0.02077575959265232, 0.02027997188270092, -0.015560584142804146, 0.020809778943657875]
[0.672181, -0.000626, -0.497482, 0.499397, -0.495444] => [0.02494053542613983, -0.020989540964365005, 0.02014811336994171, -0.015784870833158493, 0.020514383912086487]
[0.672181, 0.00036, -0.497576, 0.499398, -0.495415] => [0.02390279993414879, -0.020518172532320023, 0.02038494497537613, -0.01533033512532711, 0.021107668057084084]
[0.672181, 0.00019, -0.497496, 0.499399, -0.495411] => [0.02405465394258499, -0.02059621922671795, 0.020360024645924568, -0.015395130962133408, 0.021023988723754883]
[0.672179, 0.000209, -0.497512, 0.499396, -0.495424] => [0.0240364670753479, -0.020586559548974037, 0.020363375544548035, -0.01538683008402586, 0.021034643054008484]
[0.672182, -0.0003, -0.497543, 0.499397, -0.495407] => [0.024556539952754974, -0.02082241140305996, 0.020257798954844475, -0.015604439191520214, 0.02075273171067238]
[0.672178, -0.001046, -0.497497, 0.499399, -0.495405] => [0.025429129600524902, -0.02121828868985176, 0.01987655833363533, -0.01612882874906063, 0.0200559850782156]
[0.67218, -0.000343, -0.497604, 0.499398, -0.495436] => [0.02459968626499176, -0.02083984576165676, 0.0202481672167778, -0.015621641650795937, 0.020730258896946907]
[0.672179, -0.000285, -0.497465, 0.499399, -0.495412] => [0.024542655795812607, -0.02081579715013504, 0.020263195037841797, -0.015596488490700722, 0.020762933418154716]
[0.672178, -0.000246, -0.497594, 0.499399, -0.495419] => [0.02449316903948784, -0.02079581469297409, 0.0202702134847641, -0.01557951420545578, 0.02078508958220482]
[0.672178, -0.000633, -0.497529, 0.499398, -0.495411] => [0.02495061233639717, -0.020996078848838806, 0.02014046534895897, -0.015794729813933372, 0.020501527935266495]
[0.672181, -0.000651, -0.497471, 0.4994, -0.495445] => [0.024976134300231934, -0.02100728638470173, 0.020129447802901268, -0.015809526666998863, 0.020481029525399208]
[0.672178, 3e-06, -0.497472, 0.499398, -0.495438] => [0.02421894669532776, -0.020679369568824768, 0.020332373678684235, -0.015464764088392258, 0.020933911204338074]
[0.672181, -0.000776, -0.497596, 0.499398, -0.495417] => [0.025144200772047043, -0.021092485636472702, 0.02003953978419304, -0.015928218141198158, 0.020321549847722054]
[0.672178, -0.001118, -0.49756, 0.499396, -0.495415] => [0.02544943243265152, -0.02121788263320923, 0.019862640649080276, -0.01614159718155861, 0.02004281058907509]
[0.672181, -0.000627, -0.497539, 0.4994, -0.495416] => [0.02494083344936371, -0.020990949124097824, 0.02014603652060032, -0.015787428244948387, 0.02051139995455742]
[0.672178, -0.00022, -0.497514, 0.4994, -0.495422] => [0.02446725219488144, -0.02078423835337162, 0.02027811110019684, -0.015566808171570301, 0.02080148458480835]
[0.672181, 0.000224, -0.497574, 0.499398, -0.495426] => [0.024021796882152557, -0.020579079166054726, 0.020364198833703995, -0.015381773933768272, 0.021041205152869225]
[0.672181, -0.000439, -0.497565, 0.499396, -0.495431] => [0.024708889424800873, -0.020885447040200233, 0.020226040855050087, -0.015664897859096527, 0.020674049854278564]
[0.672181, -0.000732, -0.497494, 0.4994, -0.495439] => [0.0250881165266037, -0.021063508465886116, 0.020070265978574753, -0.01588769629597664, 0.020375628024339676]
[0.67218, -0.001108, -0.497501, 0.499399, -0.495422] => [0.025446049869060516, -0.021217012777924538, 0.01986534707248211, -0.016138598322868347, 0.020045755431056023]
[0.672179, 0.000213, -0.497504, 0.4994, -0.495447] => [0.02403118461370468, -0.020583180710673332, 0.020365631207823753, -0.015382994897663593, 0.021039454266428947]
[0.672179, -0.000548, -0.49749, 0.499398, -0.495433] => [0.024833548814058304, -0.02093696780502796, 0.020201997831463814, -0.01571299321949482, 0.020611457526683807]
[0.67218, -9.6e-05, -0.497512, 0.499398, -0.495439] => [0.024327673017978668, -0.020725158974528313, 0.020308326929807663, -0.015509533695876598, 0.02087578922510147]
[0.672181, -0.001156, -0.497543, 0.499397, -0.495431] => [0.025459695607423782, -0.02121676132082939, 0.01985623501241207, -0.016146957874298096, 0.020037122070789337]
[0.67218, -0.001002, -0.497549, 0.499398, -0.495434] => [0.025420311838388443, -0.021220583468675613, 0.019887307658791542, -0.01611984893679619, 0.020065324380993843]
[0.67218, -0.001269, -0.497573, 0.499398, -0.495433] => [0.025489479303359985, -0.021214650943875313, 0.019833644852042198, -0.016166990622878075, 0.020016342401504517]
[0.67218, -0.001148, -0.49757, 0.499399, -0.495434] => [0.025458332151174545, -0.021217498928308487, 0.01985797844827175, -0.01614569127559662, 0.020038489252328873]
[0.672177, -0.001312, -0.497535, 0.499397, -0.495437] => [0.025499925017356873, -0.021212881430983543, 0.019825449213385582, -0.01617373339831829, 0.02000921592116356]
[0.67218, -0.001287, -0.497532, 0.499396, -0.495446] => [0.02549392357468605, -0.021213501691818237, 0.01983111910521984, -0.01616871915757656, 0.020014388486742973]
[0.672179, -0.001261, -0.497508, 0.499397, -0.495428] => [0.02548583596944809, -0.02121352031826973, 0.0198350977152586, -0.016165072098374367, 0.0200182031840086]
[0.672177, -0.000259, -0.497565, 0.499398, -0.495419] => [0.024508874863386154, -0.020802168175578117, 0.020267730578780174, -0.01558508537709713, 0.020777815952897072]
[0.672182, 0.000305, -0.497516, 0.499397, -0.495418] => [0.02395227551460266, -0.020543424412608147, 0.02037806808948517, -0.01535038836300373, 0.021081723272800446]
[0.672178, 0.000247, -0.497541, 0.4994, -0.49542] => [0.024002715945243835, -0.020569339394569397, 0.02036835439503193, -0.01537294965237379, 0.02105259895324707]
[0.672182, -0.00116, -0.49746, 0.499399, -0.495416] => [0.02545831725001335, -0.021214930340647697, 0.019854627549648285, -0.016147581860423088, 0.02003633975982666]
[0.672181, -0.00115, -0.497494, 0.499396, -0.495411] => [0.025456197559833527, -0.021215803921222687, 0.01985614001750946, -0.01614663191139698, 0.020037434995174408]
[0.67218, -0.000481, -0.497531, 0.499399, -0.49542] => [0.024757996201515198, -0.020906146615743637, 0.020216206088662148, -0.01568443328142166, 0.020648697391152382]
[0.67218, -0.001207, -0.497571, 0.499399, -0.495433] => [0.025473464280366898, -0.02121609076857567, 0.019846078008413315, -0.01615610346198082, 0.020027663558721542]
[0.672177, -0.001004, -0.497514, 0.499397, -0.495434] => [0.025420095771551132, -0.021219832822680473, 0.019887033849954605, -0.01611972041428089, 0.020065370947122574]
[0.672181, -0.001372, -0.497497, 0.499398, -0.495419] => [0.025513768196105957, -0.02121059224009514, 0.01981223374605179, -0.016184985637664795, 0.019997503608465195]
[0.672181, 5.5e-05, -0.497507, 0.499398, -0.495447] => [0.02417036145925522, -0.020654791966080666, 0.020340612158179283, -0.015444030985236168, 0.020960673689842224]
[0.67218, -5.5e-05, -0.497521, 0.499398, -0.495449] => [0.024280764162540436, -0.02070520631968975, 0.02031838707625866, -0.015490267425775528, 0.02090076357126236]
[0.67218, 0.000283, -0.497498, 0.499399, -0.495446] => [0.023969698697328568, -0.020551584661006927, 0.02037678100168705, -0.015355989336967468, 0.021074317395687103]
[0.672179, 0.000164, -0.497528, 0.499398, -0.495412] => [0.024076826870441437, -0.020607663318514824, 0.020355109125375748, -0.01540556363761425, 0.021010540425777435]
[0.672178, -0.000905, -0.497492, 0.499396, -0.495447] => [0.02531946450471878, -0.021176554262638092, 0.019947117194533348, -0.01604810357093811, 0.02015979029238224]
[0.672178, 4.1e-05, -0.497565, 0.4994, -0.495447] => [0.024181492626667023, -0.02066061645746231, 0.020336832851171494, -0.015450293198227882, 0.020952628925442696]
[0.672178, -0.001074, -0.497589, 0.499398, -0.495434] => [0.025439642369747162, -0.021219635382294655, 0.019872747361660004, -0.01613297499716282, 0.020051762461662292]
[0.672181, -0.000951, -0.497501, 0.4994, -0.495436] => [0.025370880961418152, -0.021199462935328484, 0.019916096702218056, -0.016085488721728325, 0.020110681653022766]
[0.67218, 6.9e-05, -0.497486, 0.499396, -0.495404] => [0.024162061512470245, -0.020651649683713913, 0.02034076303243637, -0.015442346222698689, 0.020963076502084732]
[0.672179, 1.3e-05, -0.497531, 0.499397, -0.495435] => [0.024207890033721924, -0.020674467086791992, 0.020332597196102142, -0.01546172983944416, 0.020937912166118622]
[0.672179, 0.000164, -0.497596, 0.499397, -0.495433] => [0.024073626846075058, -0.02060559391975403, 0.020354554057121277, -0.015404610894620419, 0.021011702716350555]
[0.672178, -0.00017, -0.497586, 0.4994, -0.495426] => [0.024408116936683655, -0.020759886130690575, 0.020288681611418724, -0.015544635243713856, 0.020830349996685982]
[0.672181, 0.000306, -0.497602, 0.499398, -0.495417] => [0.023949701339006424, -0.020542291924357414, 0.020375844091176987, -0.015351380221545696, 0.021080510690808296]
[0.672182, -0.000504, -0.497463, 0.499398, -0.49542] => [0.024786576628684998, -0.020917586982250214, 0.02021213434636593, -0.015694163739681244, 0.020635979250073433]
[0.672177, -0.00041, -0.497532, 0.499397, -0.49543] => [0.024677995592355728, -0.020872293040156364, 0.02023346722126007, -0.015651648864150047, 0.020691223442554474]
[0.672178, -0.000824, -0.497546, 0.499396, -0.495447] => [0.025211449712514877, -0.021124737337231636, 0.020006299018859863, -0.01597234234213829, 0.02026151306927204]
[0.672181, -0.000263, -0.497491, 0.499398, -0.495437] => [0.02451510727405548, -0.020803531631827354, 0.020269308239221573, -0.015584571287035942, 0.020778287202119827]
[0.672181, -0.000938, -0.49752, 0.499399, -0.495443] => [0.025355041027069092, -0.021192306652665138, 0.019926130771636963, -0.01607349142432213, 0.020126506686210632]
[0.672177, -0.001218, -0.497486, 0.499397, -0.495448] => [0.02547529712319374, -0.02121424861252308, 0.019845254719257355, -0.016155876219272614, 0.02002762444317341]
[0.672177, -0.001294, -0.497588, 0.499397, -0.495444] => [0.0254967138171196, -0.021214406937360764, 0.019829392433166504, -0.016170799732208252, 0.02001236379146576]
[0.672181, -0.000119, -0.49752, 0.499397, -0.495432] => [0.024353574961423874, -0.02073632925748825, 0.020302332937717438, -0.015520598739385605, 0.020861469209194183]
[0.672177, -0.000463, -0.497474, 0.499397, -0.495433] => [0.024739358574151993, -0.02089742012321949, 0.020222321152687073, -0.015674656257033348, 0.02066124603152275]
[0.672179, -0.001324, -0.497476, 0.499399, -0.495445] => [0.025502268224954605, -0.021211499348282814, 0.01982382871210575, -0.016174515709280968, 0.020008224993944168]
[0.67218, -0.001179, -0.497528, 0.499398, -0.495411] => [0.02546430006623268, -0.02121576853096485, 0.0198502279818058, -0.016152137890458107, 0.02003178559243679]
[0.672179, -5.3e-05, -0.49749, 0.499396, -0.495443] => [0.024280313402414322, -0.02070501819252968, 0.02031911350786686, -0.015489653684198856, 0.02090156450867653]
[0.672181, -0.000786, -0.49746, 0.4994, -0.495424] => [0.025168046355247498, -0.021104175597429276, 0.020026996731758118, -0.015944702550768852, 0.020298605784773827]
[0.672178, 0.000301, -0.49752, 0.499398, -0.495446] => [0.023953385651111603, -0.020543238148093224, 0.020379021763801575, -0.015349379740655422, 0.021082863211631775]
[0.672179, 0.000145, -0.497549, 0.4994, -0.495415] => [0.024092886596918106, -0.020615871995687485, 0.020351732149720192, -0.015412915498018265, 0.021001046523451805]
[0.672177, -0.001266, -0.497539, 0.499396, -0.495417] => [0.02548721432685852, -0.02121393010020256, 0.019833190366625786, -0.016167104244232178, 0.02001621387898922]
[0.67218, 0.00025, -0.497558, 0.499398, -0.495427] => [0.02399914339184761, -0.020567359402775764, 0.020368793979287148, -0.015371405519545078, 0.021054569631814957]
[0.672181, -0.000943, -0.497558, 0.499396, -0.49542] => [0.025359708815813065, -0.021195124834775925, 0.019921544939279556, -0.016078798100352287, 0.020119909197092056]
[0.67218, -0.000494, -0.497505, 0.499398, -0.495438] => [0.024772223085165024, -0.02091122791171074, 0.020214710384607315, -0.015688395127654076, 0.02064340189099312]
[0.672181, -0.000974, -0.497465, 0.499399, -0.495442] => [0.025397293269634247, -0.021210817620158195, 0.019901134073734283, -0.016103409230709076, 0.020086390897631645]
[0.67218, -0.001222, -0.497506, 0.499399, -0.495431] => [0.025475915521383286, -0.0212144386023283, 0.019843146204948425, -0.016158007085323334, 0.02002553455531597]
[0.672178, -0.001263, -0.497461, 0.4994, -0.49542] => [0.025485020130872726, -0.021212484687566757, 0.019834281876683235, -0.01616533286869526, 0.020017851144075394]
[0.67218, -1.1e-05, -0.497598, 0.499397, -0.495416] => [0.024230971932411194, -0.020686214789748192, 0.020325269550085068, -0.01547425240278244, 0.020921878516674042]
[0.672179, -0.000525, -0.497463, 0.499398, -0.495434] => [0.024808920919895172, -0.02092641592025757, 0.020208008587360382, -0.015702316537499428, 0.020625293254852295]
[0.672181, -0.000489, -0.497606, 0.4994, -0.495448] => [0.024761643260717392, -0.020907199010252953, 0.02021445892751217, -0.015686165541410446, 0.02064635045826435]
[0.67218, -0.000519, -0.497561, 0.499396, -0.49542] => [0.024799160659313202, -0.020923621952533722, 0.020206641405820847, -0.015701813623309135, 0.02062615379691124]
[0.672179, -0.000672, -0.49746, 0.499396, -0.495431] => [0.02500804513692856, -0.021023904904723167, 0.020111549645662308, -0.015833040699362755, 0.020449332892894745]
[0.672178, -0.000898, -0.49751, 0.499397, -0.49543] => [0.02531151846051216, -0.021173624321818352, 0.01995033025741577, -0.01604401506483555, 0.020165419206023216]
[0.672182, -0.000689, -0.497544, 0.499397, -0.495446] => [0.02502330392599106, -0.021030757576227188, 0.02010505273938179, -0.015841851010918617, 0.02043771743774414]
[0.672178, -0.001074, -0.497474, 0.499398, -0.495442] => [0.02543770521879196, -0.021217426285147667, 0.01987372152507305, -0.016130909323692322, 0.020053597167134285]
[0.672181, -0.001241, -0.497571, 0.499399, -0.495404] => [0.025480810552835464, -0.021215086802840233, 0.019837144762277603, -0.01616404578089714, 0.0200195349752903]
[0.672178, -0.001029, -0.497466, 0.499399, -0.495446] => [0.025426171720027924, -0.021218374371528625, 0.019883057102560997, -0.01612265221774578, 0.020062150433659554]
[0.672181, 0.000297, -0.497529, 0.499397, -0.495406] => [0.02396009862422943, -0.02054779790341854, 0.02037571370601654, -0.015354810282588005, 0.02107609249651432]
[0.67218, -0.001098, -0.49757, 0.499399, -0.495434] => [0.02544545754790306, -0.021218696609139442, 0.019867997616529465, -0.016136938706040382, 0.020047595724463463]
[0.672181, -0.001401, -0.497497, 0.499398, -0.495418] => [0.02552119642496109, -0.02120988816022873, 0.01980634219944477, -0.016190137714147568, 0.019992148503661156]
[0.672181, -0.001373, -0.497497, 0.499398, -0.495419] => [0.025514036417007446, -0.021210569888353348, 0.019812026992440224, -0.01618516817688942, 0.019997313618659973]
[0.672181, -0.001397, -0.497497, 0.499398, -0.495419] => [0.0255202054977417, -0.021209990605711937, 0.01980721950531006, -0.016189366579055786, 0.019992945715785027]
[0.672181, -0.001389, -0.497497, 0.499398, -0.495419] => [0.025518152862787247, -0.021210186183452606, 0.019808823242783546, -0.016187965869903564, 0.019994402304291725]
[0.672181, -0.001396, -0.497497, 0.499398, -0.495419] => [0.025519959628582, -0.021210018545389175, 0.019807418808341026, -0.016189193353056908, 0.019993126392364502]
[0.672181, -0.001377, -0.497497, 0.499398, -0.495419] => [0.025515049695968628, -0.021210473030805588, 0.019811229780316353, -0.016185862943530083, 0.01999659091234207]
[0.672181, -0.001405, -0.497497, 0.499398, -0.495419] => [0.02552225813269615, -0.021209796890616417, 0.01980561390519142, -0.016190767288208008, 0.01999148726463318]
[0.672181, -0.001371, -0.497497, 0.499398, -0.495419] => [0.02551351860165596, -0.02121061645448208, 0.01981242746114731, -0.016184816136956215, 0.019997678697109222]
[0.672181, -0.001416, -0.497497, 0.499398, -0.495418] => [0.025525055825710297, -0.02120952680706978, 0.019803335890173912, -0.016192764043807983, 0.019989416003227234]
[0.672181, -0.001382, -0.497497, 0.499398, -0.495418] => [0.025516286492347717, -0.02121034264564514, 0.019810153171420097, -0.016186807304620743, 0.019995611160993576]
[0.672181, -0.001374, -0.497497, 0.499398, -0.495418] => [0.025514256209135056, -0.02121053636074066, 0.019811753183603287, -0.01618541032075882, 0.019997065886855125]
[0.672181, -0.00141, -0.497497, 0.499398, -0.495418] => [0.025523502379655838, -0.021209673956036568, 0.019804541021585464, -0.016191713511943817, 0.019990509375929832]
[0.672181, -0.00137, -0.497497, 0.499398, -0.495418] => [0.02551320195198059, -0.021210631355643272, 0.019812559708952904, -0.01618470437824726, 0.019997799769043922]
[0.672181, -0.001405, -0.497497, 0.499398, -0.495418] => [0.025522220879793167, -0.02120979130268097, 0.0198055449873209, -0.01619083248078823, 0.019991423934698105]
[0.672181, -0.001383, -0.497497, 0.499398, -0.495419] => [0.025516606867313385, -0.021210329607129097, 0.01981002278625965, -0.016186919063329697, 0.019995491951704025]
[0.672181, -0.001395, -0.497497, 0.499398, -0.495419] => [0.02551969140768051, -0.021210039034485817, 0.01980762369930744, -0.016189012676477432, 0.019993314519524574]
[0.672181, -0.001365, -0.497497, 0.499398, -0.495419] => [0.0255119651556015, -0.02121075801551342, 0.01981363445520401, -0.01618376187980175, 0.01999877765774727]
[0.672181, -0.001371, -0.497497, 0.499398, -0.495418] => [0.025513462722301483, -0.02121060900390148, 0.019812358543276787, -0.016184881329536438, 0.01999761536717415]
[0.672181, -0.001366, -0.497497, 0.499398, -0.495419] => [0.02551223710179329, -0.02121073566377163, 0.019813431426882744, -0.016183938831090927, 0.019998593255877495]
[0.672181, -0.001394, -0.497497, 0.499398, -0.495419] => [0.02551943063735962, -0.021210063248872757, 0.01980782113969326, -0.016188841313123703, 0.0199934933334589]
[0.672181, -0.001418, -0.497497, 0.499398, -0.495418] => [0.025525566190481186, -0.021209482103586197, 0.019802935421466827, -0.01619311422109604, 0.019989050924777985]
[0.672181, -0.001409, -0.497497, 0.499398, -0.495418] => [0.02552323043346405, -0.02120969630777836, 0.019804740324616432, -0.01619153656065464, 0.019990691915154457]
[0.672181, -0.001417, -0.497497, 0.499398, -0.495418] => [0.02552531659603119, -0.021209506317973137, 0.019803138449788094, -0.01619293913245201, 0.01998923346400261]
[0.672181, -0.00141, -0.497497, 0.499398, -0.495419] => [0.025523554533720016, -0.021209681406617165, 0.019804613664746284, -0.016191644594073296, 0.019990574568510056]
[0.672181, -0.001411, -0.497497, 0.499398, -0.495419] => [0.025523796677589417, -0.021209653466939926, 0.019804416224360466, -0.016191815957427025, 0.01999039761722088]
[0.672181, -0.001387, -0.497497, 0.499398, -0.495418] => [0.02551759034395218, -0.02121022529900074, 0.01980915106832981, -0.01618768461048603, 0.019994700327515602]
[0.672181, -0.001418, -0.497497, 0.499398, -0.495419] => [0.025525614619255066, -0.021209487691521645, 0.019803009927272797, -0.016193045303225517, 0.019989117980003357]
[0.672181, -0.001386, -0.497497, 0.499398, -0.495418] => [0.025517333298921585, -0.02121025137603283, 0.019809352234005928, -0.016187509521842003, 0.019994882866740227]
[0.672181, -0.001378, -0.497497, 0.499398, -0.495418] => [0.025515276938676834, -0.0212104395031929, 0.019810952246189117, -0.01618610881268978, 0.019996337592601776]
[0.672181, -0.001378, -0.497497, 0.499398, -0.495419] => [0.025515303015708923, -0.021210448816418648, 0.019811030477285385, -0.01618603803217411, 0.019996408373117447]
[0.672181, -0.001389, -0.497497, 0.499398, -0.495418] => [0.025518111884593964, -0.02121017687022686, 0.019808748736977577, -0.016188034787774086, 0.019994335249066353]
[0.672181, -0.00139, -0.497497, 0.499398, -0.495418] => [0.025518350303173065, -0.02121015265583992, 0.01980855129659176, -0.016188208013772964, 0.019994156435132027]
[0.672181, -0.001411, -0.497497, 0.499398, -0.495418] => [0.02552376314997673, -0.021209649741649628, 0.019804341718554497, -0.016191886737942696, 0.019990326836705208]
[0.672181, -0.001414, -0.497497, 0.499398, -0.495418] => [0.025524526834487915, -0.021209577098488808, 0.019803736358880997, -0.016192415729165077, 0.019989777356386185]
[0.672181, -0.001381, -0.497497, 0.499398, -0.495418] => [0.025516051799058914, -0.02121037244796753, 0.019810352474451065, -0.016186637803912163, 0.019995789974927902]
[0.672181, -0.001408, -0.497497, 0.499398, -0.495418] => [0.025522995740175247, -0.0212097205221653, 0.0198049433529377, -0.016191359609365463, 0.01999087631702423]
[0.672181, -0.001401, -0.497497, 0.499398, -0.495419] => [0.025521252304315567, -0.021209897473454475, 0.01980641484260559, -0.016190070658922195, 0.01999221183359623]
[0.672181, -0.001421, -0.497497, 0.499398, -0.495419] => [0.025526389479637146, -0.021209418773651123, 0.019802413880825043, -0.01619356870651245, 0.01998857408761978]
[0.672181, -0.001396, -0.497497, 0.499398, -0.495418] => [0.02551991119980812, -0.02121000923216343, 0.019807344302535057, -0.01618926227092743, 0.01999305933713913]
[0.672181, -0.001387, -0.497497, 0.499398, -0.495419] => [0.025517631322145462, -0.021210232749581337, 0.01980922743678093, -0.01618761382997036, 0.019994769245386124]
[0.672181, -0.001381, -0.497497, 0.499398, -0.495419] => [0.02551611140370369, -0.021210376173257828, 0.019810425117611885, -0.016186567023396492, 0.019995857030153275]
[0.672181, -0.001402, -0.497497, 0.499398, -0.495418] => [0.02552144229412079, -0.02120986394584179, 0.01980614848434925, -0.016190307214856148, 0.01999197155237198]
[0.672181, -0.001383, -0.497497, 0.499398, -0.495418] => [0.025516562163829803, -0.0212103221565485, 0.01980995200574398, -0.01618698425590992, 0.01999542862176895]
[0.672181, -0.001408, -0.497497, 0.499398, -0.495419] => [0.025523051619529724, -0.021209729835391045, 0.01980501599609852, -0.01619129255414009, 0.019990939646959305]
[0.672181, -0.001409, -0.497497, 0.499398, -0.495419] => [0.025523293763399124, -0.021209705621004105, 0.019804812967777252, -0.016191469505429268, 0.01999075710773468]
[0.672181, -0.001376, -0.497497, 0.499398, -0.495418] => [0.02551475167274475, -0.02121048793196678, 0.01981135830283165, -0.016185754910111427, 0.019996706396341324]
[0.672181, -0.001413, -0.497497, 0.499398, -0.495418] => [0.025524277240037918, -0.021209601312875748, 0.019803933799266815, -0.0161922425031662, 0.01998995803296566]
[0.672181, -0.001392, -0.497497, 0.499398, -0.495418] => [0.02551887184381485, -0.02121010422706604, 0.019808148965239525, -0.01618855819106102, 0.019993789494037628]
[0.672181, -0.001419, -0.497497, 0.499398, -0.495419] => [0.02552586793899536, -0.021209463477134705, 0.01980281062424183, -0.016193220391869545, 0.01998893730342388]
[0.672181, -0.0014, -0.497497, 0.499398, -0.495418] => [0.0255209282040596, -0.02120991423726082, 0.019806548953056335, -0.01618995890021324, 0.01999233476817608]
[0.672181, -0.001419, -0.497497, 0.499398, -0.495418] => [0.025525808334350586, -0.021209456026554108, 0.01980273611843586, -0.016193289309740067, 0.01998887024819851]
[0.672181, -0.001384, -0.497497, 0.499398, -0.495419] => [0.025516867637634277, -0.021210305392742157, 0.019809827208518982, -0.016187090426683426, 0.01999531500041485]
[0.672181, -0.001413, -0.497497, 0.499398, -0.495419] => [0.025524336844682693, -0.021209610626101494, 0.01980401575565338, -0.01619216613471508, 0.01999003253877163]
[0.672181, -0.001412, -0.497497, 0.499398, -0.495418] => [0.025524016469717026, -0.021209625527262688, 0.01980414055287838, -0.016192061826586723, 0.019990146160125732]
[0.672181, -0.001369, -0.497497, 0.499398, -0.495418] => [0.025512952357530594, -0.021210655570030212, 0.01981276087462902, -0.016184529289603233, 0.019997982308268547]
[0.672181, -0.001399, -0.497497, 0.499398, -0.495419] => [0.025520704686641693, -0.021209944039583206, 0.019806820899248123, -0.01618971675634384, 0.019992580637335777]
[0.672181, -0.001393, -0.497497, 0.499398, -0.495419] => [0.025519169867038727, -0.021210087463259697, 0.019808020442724228, -0.016188666224479675, 0.019993674010038376]
[0.672181, -0.001382, -0.497497, 0.499398, -0.495419] => [0.025516342371702194, -0.02121035009622574, 0.019810225814580917, -0.01618674024939537, 0.01999567821621895]
[0.672181, -0.001417, -0.497497, 0.499398, -0.495419] => [0.02552536502480507, -0.021209515631198883, 0.019803207367658615, -0.016192873939871788, 0.019989296793937683]
[0.672181, -0.001399, -0.497497, 0.499398, -0.495418] => [0.0255206860601902, -0.02120993845164776, 0.019806742668151855, -0.01618979126214981, 0.019992509856820107]
[0.672181, -0.001379, -0.497497, 0.499398, -0.495418] => [0.025515522807836533, -0.02121041715145111, 0.01981075294315815, -0.01618628390133381, 0.0199961569160223]
[0.672181, -0.001395, -0.497497, 0.499398, -0.495418] => [0.02551964670419693, -0.02121003344655037, 0.01980755105614662, -0.016189081594347954, 0.019993245601654053]
[0.672181, -0.00137, -0.497497, 0.499398, -0.495419] => [0.02551325410604477, -0.02121063694357872, 0.019812632352113724, -0.01618463546037674, 0.019997866824269295]
[0.672181, -0.001406, -0.497497, 0.499398, -0.495418] => [0.02552248165011406, -0.02120976895093918, 0.019805340096354485, -0.016191015020012856, 0.019991235807538033]
[0.672181, -0.001416, -0.497497, 0.499398, -0.495419] => [0.02552507072687149, -0.021209534257650375, 0.01980341225862503, -0.016192693263292313, 0.019989484921097755]
[0.672181, -0.001372, -0.497497, 0.499398, -0.495418] => [0.02551373466849327, -0.02121058665215969, 0.01981215737760067, -0.016185056418180466, 0.019997432827949524]
[0.672181, -0.001422, -0.497497, 0.499398, -0.495418] => [0.02552659809589386, -0.021209387108683586, 0.019802140071988106, -0.01619381085038185, 0.019988326355814934]
[0.672181, -0.00142, -0.497497, 0.499398, -0.495418] => [0.025526076555252075, -0.021209431812167168, 0.019802534952759743, -0.016193464398384094, 0.019988687708973885]
[0.672181, -0.001374, -0.497497, 0.499398, -0.495419] => [0.02551429718732834, -0.021210545673966408, 0.019811827689409256, -0.016185343265533447, 0.01999713107943535]
[0.672181, -0.001385, -0.497497, 0.499398, -0.495419] => [0.02551712468266487, -0.021210279315710068, 0.019809624180197716, -0.016187267377972603, 0.019995130598545074]
[0.672181, -0.001392, -0.497497, 0.499398, -0.495419] => [0.02551891654729843, -0.021210113540291786, 0.019808221608400345, -0.016188492998480797, 0.01999385468661785]
[0.672181, -0.001398, -0.497497, 0.499398, -0.495418] => [0.02552042156457901, -0.021209964528679848, 0.01980694569647312, -0.016189612448215485, 0.01999269425868988]
[0.672181, -0.001414, -0.497497, 0.499398, -0.495419] => [0.025524593889713287, -0.021209586411714554, 0.019803814589977264, -0.016192343086004257, 0.019989848136901855]
[0.672181, -0.001373, -0.497497, 0.499398, -0.495418] => [0.025513973087072372, -0.021210558712482452, 0.019811958074569702, -0.016185229644179344, 0.019997254014015198]
[0.672181, -0.001388, -0.497497, 0.499398, -0.495418] => [0.025517836213111877, -0.0212102010846138, 0.019808951765298843, -0.01618785783648491, 0.019994519650936127]
[0.672181, -0.001369, -0.497497, 0.499398, -0.495419] => [0.025513000786304474, -0.02121066302061081, 0.019812829792499542, -0.01618446409702301, 0.01999804563820362]
[0.672181, -0.001412, -0.497497, 0.499398, -0.495419] => [0.025524068623781204, -0.021209632977843285, 0.0198042131960392, -0.01619199477136135, 0.019990211352705956]
[0.672181, -0.001406, -0.497497, 0.499398, -0.495419] => [0.025522518903017044, -0.021209776401519775, 0.019805414602160454, -0.016190946102142334, 0.019991302862763405]
[0.672181, -0.001403, -0.497497, 0.499398, -0.495418] => [0.025521699339151382, -0.0212098415941, 0.019805947318673134, -0.016190484166145325, 0.019991787150502205]
[0.672181, -0.001391, -0.497497, 0.499398, -0.495419] => [0.02551867812871933, -0.021210139617323875, 0.019808422774076462, -0.01618831604719162, 0.019994037225842476]
[0.672181, -0.00139, -0.497497, 0.499398, -0.495419] => [0.02551840990781784, -0.021210158243775368, 0.01980862207710743, -0.016188140958547592, 0.01999422162771225]
[0.672181, -0.001376, -0.497497, 0.499398, -0.495419] => [0.02551482617855072, -0.021210499107837677, 0.01981143280863762, -0.016185687854886055, 0.019996771588921547]
[0.672181, -0.001404, -0.497497, 0.499398, -0.495419] => [0.02552201598882675, -0.021209824830293655, 0.019805816933512688, -0.01619059219956398, 0.019991669803857803]
[0.672181, -0.001377, -0.497497, 0.499398, -0.495418] => [0.02551501989364624, -0.02121046558022499, 0.019811153411865234, -0.016185935586690903, 0.0199965201318264]
[0.672181, -0.0014, -0.497497, 0.499398, -0.495419] => [0.025520995259284973, -0.021209919825196266, 0.019806616008281708, -0.016189895570278168, 0.019992396235466003]
[0.672181, -0.001388, -0.497497, 0.499398, -0.495419] => [0.025517895817756653, -0.021210208535194397, 0.019809022545814514, -0.016187790781259537, 0.0199945829808712]
[0.672181, -0.001402, -0.497497, 0.499398, -0.495419] => [0.025521501898765564, -0.021209873259067535, 0.019806217402219772, -0.016190243884921074, 0.019992033019661903]
[0.672181, -0.001375, -0.497497, 0.499398, -0.495418] => [0.025514502078294754, -0.02121051214635372, 0.019811555743217468, -0.01618558168411255, 0.0199968870729208]
[0.672181, -0.001367, -0.497497, 0.499398, -0.495418] => [0.0255124531686306, -0.021210703998804092, 0.019813157618045807, -0.016184182837605476, 0.01999834179878235]
[0.672181, -0.001375, -0.497497, 0.499398, -0.495419] => [0.025514569133520126, -0.021210523322224617, 0.019811630249023438, -0.016185514628887177, 0.01999695412814617]
[0.672181, -0.001391, -0.497497, 0.499398, -0.495418] => [0.025518637150526047, -0.02121013030409813, 0.019808346405625343, -0.01618838682770729, 0.019993968307971954]
[0.672181, -0.001397, -0.497497, 0.499398, -0.495418] => [0.02552015334367752, -0.02120998315513134, 0.01980714686214924, -0.01618943363428116, 0.019992880523204803]
[0.672181, -0.001422, -0.497497, 0.499398, -0.495419] => [0.02552664279937744, -0.021209392696619034, 0.019802208989858627, -0.016193745657801628, 0.019988389685750008]
[0.672181, -0.001398, -0.497497, 0.499398, -0.495419] => [0.02552047371864319, -0.021209970116615295, 0.01980702020227909, -0.016189543530344963, 0.019992761313915253]
[0.672181, -0.001393, -0.497497, 0.499398, -0.495418] => [0.025519128888845444, -0.02121008187532425, 0.019807951524853706, -0.0161887314170599, 0.019993608817458153]
[0.672181, -0.001385, -0.497497, 0.499398, -0.495418] => [0.025517083704471588, -0.02121027745306492, 0.019809547811746597, -0.016187340021133423, 0.019995057955384254]
[0.672181, -0.00138, -0.497497, 0.499398, -0.495419] => [0.0255158431828022, -0.021210402250289917, 0.019810626283288002, -0.016186391934752464, 0.01999604143202305]
[0.672181, -0.001421, -0.497497, 0.499398, -0.495418] => [0.025526318699121475, -0.021209409460425377, 0.019802341237664223, -0.016193633899092674, 0.019988510757684708]
[0.672181, -0.001407, -0.497497, 0.499398, -0.495419] => [0.025522779673337936, -0.021209752187132835, 0.019805213436484337, -0.01619112119078636, 0.01999112032353878]
[0.672181, -0.001407, -0.497497, 0.499398, -0.495418] => [0.025522738695144653, -0.02120974473655224, 0.019805142655968666, -0.016191186383366585, 0.019991056993603706]
[0.672181, -0.001368, -0.497497, 0.499398, -0.495419] => [0.025512758642435074, -0.0212106890976429, 0.01981303095817566, -0.016184289008378983, 0.019998228177428246]
[0.672181, -0.001384, -0.497497, 0.499398, -0.495418] => [0.0255168154835701, -0.02121029980480671, 0.019809754565358162, -0.016187159344553947, 0.019995247945189476]
[0.672181, -0.001365, -0.497497, 0.499398, -0.495418] => [0.025511901825666428, -0.021210750564932823, 0.01981355994939804, -0.01618383079767227, 0.019998708739876747]
[0.672181, -0.00142, -0.497497, 0.499398, -0.495419] => [0.025526121258735657, -0.021209439262747765, 0.019802607595920563, -0.016193397343158722, 0.019988752901554108]
[0.672181, -0.001368, -0.497497, 0.499398, -0.495418] => [0.0255126953125, -0.0212106816470623, 0.019812963902950287, -0.016184352338314056, 0.01999816484749317]
[0.672181, -0.001394, -0.497497, 0.499398, -0.495418] => [0.02551938220858574, -0.02121005766093731, 0.01980774663388729, -0.016188912093639374, 0.01999342255294323]
[0.672181, -0.001366, -0.497497, 0.499398, -0.495418] => [0.025512173771858215, -0.021210726350545883, 0.019813362509012222, -0.01618400402367115, 0.01999852992594242]
[0.672181, -0.001367, -0.497497, 0.499398, -0.495419] => [0.02551250159740448, -0.02121071331202984, 0.019813232123851776, -0.016184113919734955, 0.01999841071665287]
[0.672181, -0.001386, -0.497497, 0.499398, -0.495419] => [0.025517381727695465, -0.021210256963968277, 0.0198094192892313, -0.01618744619190693, 0.01999494433403015]
[0.672181, -0.001404, -0.497497, 0.499398, -0.495418] => [0.025521952658891678, -0.02120981551706791, 0.019805746152997017, -0.016190659254789352, 0.01999160647392273]
[0.672181, -0.001379, -0.497497, 0.499398, -0.495419] => [0.025515571236610413, -0.021210424602031708, 0.019810829311609268, -0.016186214983463287, 0.019996223971247673]
[0.613581, 0.005215, -0.371135, 0.452774, -0.474971] => [0.021289702504873276, -0.020995821803808212, 0.019811615347862244, -0.016309499740600586, 0.020148957148194313]
[0.613348, 0.005504, -0.375056, 0.45262, -0.475018] => [0.021301310509443283, -0.020989391952753067, 0.019766295328736305, -0.016341455280780792, 0.02010389417409897]
[0.613564, 0.00512, -0.376882, 0.45217, -0.473023] => [0.021163400262594223, -0.02095799148082733, 0.019706901162862778, -0.01637585461139679, 0.020061220973730087]
[0.613306, 0.00537, -0.377519, 0.452797, -0.472949] => [0.02115342766046524, -0.02095845714211464, 0.019694136455655098, -0.016386862844228745, 0.020046764984726906]
[0.613035, 0.00582, -0.375455, 0.452548, -0.473664] => [0.02117609605193138, -0.020972739905118942, 0.019742917269468307, -0.016351748257875443, 0.02008911967277527]
[0.612959, 0.005392, -0.368142, 0.452507, -0.473237] => [0.02112027257680893, -0.02098100632429123, 0.019824784249067307, -0.01629187911748886, 0.020172541961073875]
[0.612871, 0.005039, -0.370959, 0.452211, -0.474231] => [0.021235469728708267, -0.02098648063838482, 0.019801676273345947, -0.016313370317220688, 0.020144661888480186]
[0.613195, 0.005549, -0.373167, 0.452354, -0.473745] => [0.02118150144815445, -0.020977290347218513, 0.01976885460317135, -0.016334326937794685, 0.020114511251449585]
[0.613265, 0.005705, -0.369413, 0.452776, -0.474534] => [0.021221723407506943, -0.020990274846553802, 0.01984511688351631, -0.0162757970392704, 0.020187728106975555]
[0.613531, 0.005362, -0.371448, 0.452533, -0.472573] => [0.02108447626233101, -0.02096492610871792, 0.01976965367794037, -0.016329016536474228, 0.020123818889260292]
[0.612972, 0.005398, -0.378889, 0.452635, -0.474499] => [0.021288007497787476, -0.02097560279071331, 0.019704420119524002, -0.016385484486818314, 0.02004651539027691]
[0.612903, 0.00555, -0.378773, 0.452456, -0.474097] => [0.021245207637548447, -0.020971056073904037, 0.01970146968960762, -0.016385259106755257, 0.020046062767505646]
[0.613554, 0.005237, -0.37564, 0.452742, -0.475101] => [0.021325595676898956, -0.020988576114177704, 0.019754068925976753, -0.016352299600839615, 0.020091727375984192]
[0.613545, 0.005561, -0.376427, 0.45237, -0.474095] => [0.021227668970823288, -0.020974813029170036, 0.019730592146515846, -0.01636398583650589, 0.020074935629963875]
[0.61294, 0.005528, -0.377474, 0.45256, -0.474084] => [0.02123827487230301, -0.02097347564995289, 0.019718240946531296, -0.016373002901673317, 0.02006256766617298]
[0.61358, 0.005956, -0.378248, 0.45248, -0.474078] => [0.021216999739408493, -0.020971929654479027, 0.01971372961997986, -0.016374390572309494, 0.020058011636137962]
[0.612949, 0.005854, -0.372777, 0.452185, -0.473505] => [0.02114323154091835, -0.020975865423679352, 0.019776349887251854, -0.016326159238815308, 0.020122990012168884]
[0.613208, 0.005397, -0.37842, 0.452594, -0.47491] => [0.021318048238754272, -0.0209813192486763, 0.019717443734407425, -0.016377555206418037, 0.02005678601562977]
[0.613075, 0.005708, -0.375441, 0.452673, -0.474333] => [0.021237801760435104, -0.020980942994356155, 0.019753441214561462, -0.01634717732667923, 0.020095257088541985]
[0.613187, 0.005681, -0.378728, 0.452418, -0.473966] => [0.021225962787866592, -0.020969407632946968, 0.019701100885868073, -0.01638447865843773, 0.020046530291438103]
[0.613012, 0.005125, -0.371618, 0.452799, -0.474633] => [0.021271679550409317, -0.020991183817386627, 0.019799191504716873, -0.016317574307322502, 0.02013877034187317]
[0.613321, 0.005798, -0.371909, 0.452183, -0.474261] => [0.021202009171247482, -0.020986422896385193, 0.019799642264842987, -0.016312332823872566, 0.020141230896115303]
[0.612988, 0.005051, -0.367767, 0.452789, -0.474404] => [0.02123406156897545, -0.02099580690264702, 0.01984519697725773, -0.01628313586115837, 0.020185383036732674]
[0.61359, 0.005099, -0.373407, 0.45227, -0.475131] => [0.021318670362234116, -0.020992541685700417, 0.019781017675995827, -0.016333114355802536, 0.020118357613682747]
[0.61359, 0.005957, -0.3776, 0.452419, -0.473874] => [0.021195832639932632, -0.020970596000552177, 0.01971849799156189, -0.016370072960853577, 0.020064016804099083]
[0.613496, 0.005721, -0.368742, 0.45219, -0.472925] => [0.021076612174510956, -0.020975658670067787, 0.01981494016945362, -0.01629641093313694, 0.02016490325331688]
[0.613394, 0.005894, -0.370784, 0.452472, -0.47386] => [0.0211590938270092, -0.020984064787626266, 0.0198092982172966, -0.01630331203341484, 0.020153019577264786]
[0.613513, 0.005145, -0.368115, 0.452752, -0.474164] => [0.021209143102169037, -0.020991643890738487, 0.01983586512506008, -0.016288846731185913, 0.020177921280264854]
[0.612956, 0.00566, -0.372227, 0.452374, -0.475089] => [0.021285686641931534, -0.02098950929939747, 0.019820453599095345, -0.016294198110699654, 0.02016170509159565]
[0.613564, 0.005814, -0.378708, 0.452756, -0.473413] => [0.02117425575852394, -0.020962724462151527, 0.019692739471793175, -0.016388125717639923, 0.020041709765791893]
[0.613425, 0.005031, -0.368106, 0.452796, -0.472419] => [0.021071720868349075, -0.02096792869269848, 0.01981748826801777, -0.01629118248820305, 0.020173903554677963]
[0.61353, 0.005536, -0.376521, 0.452749, -0.473526] => [0.021185338497161865, -0.020967889577150345, 0.019718796014785767, -0.0163707435131073, 0.02006683684885502]
[0.613566, 0.005091, -0.373387, 0.452706, -0.473378] => [0.02117753028869629, -0.020970245823264122, 0.019757043570280075, -0.01634170673787594, 0.020107215270400047]
[0.61307, 0.005318, -0.367632, 0.452771, -0.473519] => [0.02114586904644966, -0.020985502749681473, 0.019835414364933968, -0.01628563180565834, 0.020181166008114815]
[0.61341, 0.005658, -0.376307, 0.452164, -0.473539] => [0.0211750790476799, -0.02096828818321228, 0.0197239238768816, -0.016366152092814445, 0.02007186971604824]
[0.613175, 0.005643, -0.375199, 0.452721, -0.473494] => [0.021170489490032196, -0.020970748737454414, 0.019739370793104172, -0.01635473407804966, 0.020086918026208878]
[0.613302, 0.00514, -0.368414, 0.452168, -0.472402] => [0.02106243371963501, -0.0209671463817358, 0.019812235608696938, -0.016294972971081734, 0.02016856148838997]
[0.612932, 0.005834, -0.377656, 0.452348, -0.474925] => [0.021291933953762054, -0.020982788875699043, 0.019739311188459396, -0.01635785959661007, 0.020078584551811218]
[0.613071, 0.005973, -0.36962, 0.45217, -0.474235] => [0.021180719137191772, -0.02098623663187027, 0.019842058420181274, -0.01627516746520996, 0.020186612382531166]
[0.613137, 0.005165, -0.36815, 0.452626, -0.473519] => [0.021155599504709244, -0.02098357304930687, 0.019827837124466896, -0.016291067004203796, 0.020174534991383553]
[0.613016, 0.005244, -0.378954, 0.452212, -0.474129] => [0.02126271277666092, -0.020970040932297707, 0.01969275437295437, -0.01639334298670292, 0.020037861540913582]
[0.613347, 0.005467, -0.369266, 0.452552, -0.472587] => [0.02106817066669464, -0.020970411598682404, 0.019797615706920624, -0.016309231519699097, 0.020150136202573776]
[0.613112, 0.005472, -0.370581, 0.45236, -0.472965] => [0.021106339991092682, -0.02097262442111969, 0.01978774555027485, -0.016317764297127724, 0.02013804018497467]
[0.613213, 0.005202, -0.372544, 0.452449, -0.472701] => [0.021110426634550095, -0.020963730290532112, 0.01976018212735653, -0.016335565596818924, 0.02011467143893242]
[0.613403, 0.005557, -0.369806, 0.452313, -0.472394] => [0.021048810333013535, -0.020966818556189537, 0.019787974655628204, -0.016315093263983727, 0.0201419610530138]
[0.613321, 0.005052, -0.377806, 0.452457, -0.475139] => [0.021349944174289703, -0.020984357222914696, 0.01972247287631035, -0.016376491636037827, 0.020060786977410316]
[0.613138, 0.005748, -0.376267, 0.452541, -0.474178] => [0.021226584911346436, -0.02097725123167038, 0.01973981224000454, -0.016356419771909714, 0.02008293941617012]
[0.61314, 0.005169, -0.37044, 0.452804, -0.474888] => [0.021283060312271118, -0.020996635779738426, 0.019820181652903557, -0.016302907839417458, 0.020157713443040848]
[0.613548, 0.005738, -0.368327, 0.452779, -0.474963] => [0.021251078695058823, -0.020991388708353043, 0.01987668126821518, -0.016248367726802826, 0.020220806822180748]
[0.61349, 0.005208, -0.37844, 0.452366, -0.474429] => [0.02128562703728676, -0.020974289625883102, 0.01970299705862999, -0.016387388110160828, 0.0200461708009243]
[0.613365, 0.005967, -0.367914, 0.45231, -0.474697] => [0.021212495863437653, -0.020988358184695244, 0.019882988184690475, -0.016240566968917847, 0.020229168236255646]
[0.613588, 0.005806, -0.374864, 0.452711, -0.474221] => [0.02121838554739952, -0.020980307832360268, 0.01975916139781475, -0.016342278569936752, 0.020101675763726234]
[0.613065, 0.00595, -0.368994, 0.452565, -0.472654] => [0.02104806900024414, -0.020973196253180504, 0.019813230261206627, -0.016295386478304863, 0.020164290443062782]
[0.613235, 0.005193, -0.368241, 0.452238, -0.473188] => [0.021124225109815598, -0.020978521555662155, 0.01982247084379196, -0.016292760148644447, 0.02017202042043209]
[0.6131, 0.005336, -0.372632, 0.452348, -0.473598] => [0.02117764577269554, -0.02097616344690323, 0.019769389182329178, -0.01633440889418125, 0.020116185769438744]
[0.61345, 0.005383, -0.369795, 0.4523, -0.473719] => [0.021166887134313583, -0.020982906222343445, 0.019809285178780556, -0.016305359080433846, 0.02015463076531887]
[0.613096, 0.005171, -0.370927, 0.452388, -0.47285] => [0.021114874631166458, -0.0209688451141119, 0.019784031435847282, -0.016318757086992264, 0.020137034356594086]
[0.613367, 0.005596, -0.368677, 0.45254, -0.474758] => [0.021240096539258957, -0.02099272608757019, 0.0198581051081419, -0.016266483813524246, 0.02020025998353958]
[0.612955, 0.005213, -0.370033, 0.452449, -0.473671] => [0.02117612585425377, -0.020982151851058006, 0.019804568961262703, -0.01630912721157074, 0.020150331780314445]
[0.613481, 0.00575, -0.377844, 0.452779, -0.472544] => [0.02110130712389946, -0.02095358818769455, 0.01968713290989399, -0.016389228403568268, 0.020041780546307564]
[0.613349, 0.005695, -0.372522, 0.452811, -0.472913] => [0.021104123443365097, -0.020968792960047722, 0.019764933735132217, -0.016333499923348427, 0.02011563815176487]
[0.612986, 0.00586, -0.378773, 0.452228, -0.474259] => [0.021240465342998505, -0.020973414182662964, 0.019710028544068336, -0.016377953812479973, 0.02005319856107235]
[0.613124, 0.005653, -0.370354, 0.452732, -0.474802] => [0.021252870559692383, -0.020990582183003426, 0.01983875036239624, -0.016280587762594223, 0.020180733874440193]
[0.612934, 0.00577, -0.368309, 0.452814, -0.474409] => [0.021203838288784027, -0.020989930257201195, 0.019862577319145203, -0.016260504722595215, 0.020206604152917862]
[0.613615, 0.005856, -0.370939, 0.45252, -0.473778] => [0.02115473523736, -0.02098243124783039, 0.019804159179329872, -0.016307096928358078, 0.020148633047938347]
[0.613195, 0.005135, -0.377723, 0.452407, -0.474561] => [0.021297555416822433, -0.020977601408958435, 0.01971481367945671, -0.016379430890083313, 0.02005683444440365]
[0.612935, 0.005303, -0.37187, 0.452324, -0.473648] => [0.021179497241973877, -0.020978402346372604, 0.019780486822128296, -0.016326503828167915, 0.020126713439822197]
[0.613573, 0.005723, -0.369346, 0.45278, -0.472798] => [0.021073468029499054, -0.020973393693566322, 0.01980508118867874, -0.016303403303027153, 0.020155789330601692]
[0.613299, 0.005959, -0.372395, 0.452447, -0.473399] => [0.021127309650182724, -0.020975366234779358, 0.019780650734901428, -0.016322288662195206, 0.020127784460783005]
[0.613547, 0.005622, -0.378212, 0.452477, -0.474205] => [0.021244782954454422, -0.02097289450466633, 0.019710058346390724, -0.01637927256524563, 0.020053992047905922]
[0.612864, 0.005401, -0.376544, 0.452705, -0.473578] => [0.021198999136686325, -0.020968973636627197, 0.019719216972589493, -0.016371004283428192, 0.020066792145371437]
[0.613421, 0.005295, -0.372126, 0.452354, -0.474963] => [0.02128830924630165, -0.020993700250983238, 0.0197997335344553, -0.016317619010806084, 0.02013740874826908]
[0.613049, 0.005646, -0.376915, 0.452534, -0.474295] => [0.021245647221803665, -0.020977307111024857, 0.01973159797489643, -0.01636340096592903, 0.020074231550097466]
[0.613145, 0.005297, -0.369428, 0.452175, -0.472495] => [0.021068494766950607, -0.020967572927474976, 0.019797857850790024, -0.016307037323713303, 0.020152535289525986]
[0.613092, 0.005428, -0.373588, 0.452635, -0.472579] => [0.02109646052122116, -0.020961841568350792, 0.019741738215088844, -0.01634988747537136, 0.02009567618370056]
[0.613208, 0.005663, -0.369739, 0.452789, -0.474469] => [0.021219920367002487, -0.020990461111068726, 0.019836384803056717, -0.016283737495541573, 0.020178308710455894]
[0.612989, 0.00523, -0.375253, 0.45274, -0.474767] => [0.021298233419656754, -0.020985858514904976, 0.01975499652326107, -0.016350112855434418, 0.020094512030482292]
[0.613277, 0.005377, -0.36968, 0.452791, -0.473514] => [0.021153751760721207, -0.020981281995773315, 0.019808251410722733, -0.01630544103682041, 0.020154602825641632]
[0.612888, 0.005034, -0.370798, 0.452664, -0.474575] => [0.021266315132379532, -0.020991899073123932, 0.019807565957307816, -0.016311543062329292, 0.02014746330678463]
[0.613009, 0.005592, -0.368104, 0.452818, -0.473435] => [0.021127991378307343, -0.020984243601560593, 0.019833261147141457, -0.0162854865193367, 0.02017921395599842]
[0.612876, 0.005288, -0.368977, 0.452787, -0.472621] => [0.021082088351249695, -0.020971236750483513, 0.01980581320822239, -0.01630246639251709, 0.020158719271421432]
[0.613177, 0.005295, -0.37609, 0.452411, -0.472952] => [0.021146953105926514, -0.020960567519068718, 0.019714828580617905, -0.016370858997106552, 0.020067766308784485]
[0.61345, 0.005076, -0.375004, 0.452175, -0.474099] => [0.021243926137685776, -0.020976027473807335, 0.01974453590810299, -0.01635470613837242, 0.02008996345102787]
[0.613401, 0.005749, -0.371516, 0.45277, -0.474072] => [0.021190546452999115, -0.02098524197936058, 0.01980097033083439, -0.016311099752783775, 0.02014353685081005]
[0.613527, 0.0056, -0.369727, 0.45254, -0.47388] => [0.021169867366552353, -0.020985672250390053, 0.01981760375201702, -0.016298845410346985, 0.020161407068371773]
[0.613443, 0.005527, -0.37271, 0.452215, -0.474122] => [0.02120913565158844, -0.020982397720217705, 0.019780471920967102, -0.0163273848593235, 0.02012370154261589]
[0.613327, 0.005113, -0.374832, 0.452479, -0.472606] => [0.021120447665452957, -0.020957188680768013, 0.019730020314455032, -0.016356538981199265, 0.02008664980530739]
[0.613025, 0.005603, -0.372595, 0.452381, -0.472293] => [0.02105635032057762, -0.020960677415132523, 0.019751090556383133, -0.016341520473361015, 0.020106203854084015]
[0.613313, 0.005341, -0.375098, 0.452204, -0.473497] => [0.021181710064411163, -0.020969627425074577, 0.019733475521206856, -0.016360532492399216, 0.020081810653209686]
[0.612929, 0.005648, -0.377443, 0.452512, -0.473462] => [0.021180197596549988, -0.02096601016819477, 0.01970936544239521, -0.01637653447687626, 0.020057711750268936]
[0.613163, 0.005322, -0.376529, 0.452686, -0.473622] => [0.02120540291070938, -0.02096899040043354, 0.019717512652277946, -0.016372961923480034, 0.02006508596241474]
[0.613421, 0.00555, -0.376279, 0.452468, -0.473651] => [0.021191921085119247, -0.020969802513718605, 0.019724655896425247, -0.01636669412255287, 0.020071854814887047]
[0.613142, 0.005227, -0.374707, 0.45233, -0.474252] => [0.0212491936981678, -0.020979903638362885, 0.019751429557800293, -0.016350727528333664, 0.020094580948352814]
[0.612973, 0.005082, -0.37602, 0.452493, -0.473366] => [0.02119317650794983, -0.020965253934264183, 0.019724272191524506, -0.01636520028114319, 0.02007521316409111]
[0.61337, 0.005103, -0.378319, 0.45265, -0.472799] => [0.021158404648303986, -0.020952869206666946, 0.019686084240674973, -0.0163900014013052, 0.020042212679982185]
[0.613416, 0.005515, -0.377445, 0.452546, -0.475052] => [0.02131674438714981, -0.020984970033168793, 0.019734688103199005, -0.01636486127972603, 0.020072754472494125]
[0.613196, 0.005232, -0.369601, 0.452601, -0.472551] => [0.02108035609126091, -0.020968033000826836, 0.019796831533312798, -0.016308147460222244, 0.020151250064373016]
[0.61289, 0.005814, -0.36882, 0.452386, -0.472498] => [0.021040648221969604, -0.020971333608031273, 0.019810326397418976, -0.016297487542033195, 0.020162612199783325]
[0.613322, 0.005179, -0.375653, 0.452635, -0.475139] => [0.021331951022148132, -0.020989075303077698, 0.019754165783524513, -0.01635253056883812, 0.020091595128178596]
[0.612905, 0.005189, -0.370988, 0.452733, -0.474655] => [0.021266374737024307, -0.020992906764149666, 0.01980963908135891, -0.01630955934524536, 0.02014877274632454]
[0.613451, 0.005509, -0.375504, 0.452606, -0.472648] => [0.02110760286450386, -0.020958848297595978, 0.01971554383635521, -0.016369836404919624, 0.020069314166903496]
[0.613157, 0.005448, -0.368902, 0.452281, -0.474923] => [0.021261319518089294, -0.02099476009607315, 0.019854484125971794, -0.016271069645881653, 0.020195281133055687]
[0.612896, 0.005732, -0.374303, 0.452502, -0.474843] => [0.02127297967672348, -0.020986540243029594, 0.01978393644094467, -0.016323454678058624, 0.020124299451708794]
[0.613375, 0.005201, -0.37545, 0.452514, -0.472366] => [0.02109973505139351, -0.020953280851244926, 0.019717659801244736, -0.016364693641662598, 0.020075766369700432]
[0.613518, 0.00509, -0.37479, 0.452701, -0.472465] => [0.02111062780022621, -0.020955268293619156, 0.019728675484657288, -0.016356760635972023, 0.020086513832211494]
[0.613113, 0.005719, -0.372899, 0.452568, -0.472664] => [0.021083686500787735, -0.020965036004781723, 0.019756216555833817, -0.016338668763637543, 0.020108668133616447]
[0.613105, 0.005234, -0.370766, 0.452576, -0.472935] => [0.02111893519759178, -0.020970935001969337, 0.01978594996035099, -0.016318466514348984, 0.020137624815106392]
[0.613496, 0.005649, -0.374282, 0.4526, -0.474373] => [0.021235279738903046, -0.02098301239311695, 0.019766876474022865, -0.016337895765900612, 0.02010846510529518]
[0.612865, 0.005362, -0.371302, 0.452314, -0.473335] => [0.02114744856953621, -0.020975828170776367, 0.01978367008268833, -0.01632262021303177, 0.020131729543209076]
[0.613033, 0.005832, -0.375143, 0.452483, -0.474242] => [0.021220866590738297, -0.02098052389919758, 0.019758084788918495, -0.01634269580245018, 0.020100314170122147]
[0.613301, 0.005857, -0.376585, 0.452334, -0.474924] => [0.02128339558839798, -0.020983455702662468, 0.019754275679588318, -0.016345905140042305, 0.02009420283138752]
[0.613555, 0.005429, -0.376518, 0.452356, -0.474828] => [0.02129543572664261, -0.020983457565307617, 0.01974041573703289, -0.016360221430659294, 0.02008005790412426]
[0.61299, 0.005735, -0.37255, 0.452209, -0.472831] => [0.021092496812343597, -0.020967626944184303, 0.019764278084039688, -0.016333112493157387, 0.020115608349442482]
[0.613085, 0.005199, -0.368933, 0.452404, -0.473374] => [0.021145086735486984, -0.020980067551136017, 0.019815661013126373, -0.016299063339829445, 0.02016366459429264]
[0.613463, 0.005937, -0.376491, 0.452831, -0.472541] => [0.02108379825949669, -0.02095670998096466, 0.019709106534719467, -0.016372067853808403, 0.020063068717718124]
[0.613064, 0.005449, -0.374685, 0.452341, -0.473367] => [0.021164841949939728, -0.020969506353139877, 0.019739879295229912, -0.016354691237211227, 0.020088598132133484]
[0.613259, 0.005845, -0.368342, 0.452713, -0.472962] => [0.02107546105980873, -0.020978011190891266, 0.019825147464871407, -0.016288448125123978, 0.020174145698547363]
[0.613504, 0.005316, -0.376944, 0.452787, -0.472928] => [0.021150320768356323, -0.020958710461854935, 0.019701747223734856, -0.016380859538912773, 0.020054884254932404]
[0.613314, 0.005187, -0.376279, 0.452711, -0.474843] => [0.021311338990926743, -0.02098425105214119, 0.019740520045161247, -0.016361437737941742, 0.020080063492059708]
[0.613015, 0.005619, -0.3694, 0.452605, -0.474468] => [0.021219443529844284, -0.020991289988160133, 0.019840162247419357, -0.016281230375170708, 0.02018190361559391]
[0.613298, 0.005689, -0.375423, 0.45245, -0.474338] => [0.021236654371023178, -0.02098049595952034, 0.019752223044633865, -0.016348224133253098, 0.020094269886612892]
[0.613255, 0.00511, -0.367873, 0.452775, -0.47476] => [0.021259941160678864, -0.02099969983100891, 0.019850771874189377, -0.016280094161629677, 0.020188728347420692]
[0.613521, 0.005782, -0.372638, 0.452271, -0.474412] => [0.021219462156295776, -0.02098667249083519, 0.01979174092411995, -0.01631893962621689, 0.02013259567320347]
[0.613389, 0.005225, -0.375004, 0.452713, -0.472776] => [0.021131064742803574, -0.020960047841072083, 0.01972750946879387, -0.016360385343432426, 0.020081888884305954]
[0.613449, 0.005354, -0.376033, 0.452663, -0.473988] => [0.021229777485132217, -0.020974228158593178, 0.019730551168322563, -0.01636470854282379, 0.020075634121894836]
[0.613389, 0.005775, -0.367863, 0.452696, -0.473106] => [0.021087568253278732, -0.02098042145371437, 0.019832361489534378, -0.016284091398119926, 0.02018044888973236]
[0.613392, 0.005464, -0.368992, 0.452227, -0.473915] => [0.02117382362484932, -0.02098711021244526, 0.019825458526611328, -0.0162937194108963, 0.02016914077103138]
[0.613189, 0.005408, -0.374953, 0.45283, -0.473065] => [0.021146629005670547, -0.020965470001101494, 0.019730065017938614, -0.016361191868782043, 0.020080767571926117]
[0.613156, 0.005518, -0.375785, 0.452603, -0.474744] => [0.021282825618982315, -0.020984798669815063, 0.019752325490117073, -0.016350558027625084, 0.020091846585273743]
[0.613109, 0.005778, -0.373709, 0.452779, -0.4747] => [0.021256405860185623, -0.020986175164580345, 0.019789572805166245, -0.01631881482899189, 0.020130541175603867]
[0.613417, 0.00509, -0.367695, 0.452464, -0.474744] => [0.02125571295619011, -0.02099940925836563, 0.019851207733154297, -0.016279900446534157, 0.020189421251416206]
[0.613367, 0.005317, -0.37781, 0.452167, -0.472368] => [0.02110525593161583, -0.02094888687133789, 0.019684933125972748, -0.01638905331492424, 0.02004321664571762]
[0.613519, 0.005475, -0.369653, 0.452309, -0.473794] => [0.021167244762182236, -0.02098424732685089, 0.019814182072877884, -0.016301600262522697, 0.020158866420388222]
[0.613253, 0.00568, -0.37226, 0.452608, -0.474262] => [0.0212135910987854, -0.020986003801226616, 0.01979348622262478, -0.01631757989525795, 0.02013508975505829]
[0.613588, 0.005505, -0.376782, 0.452768, -0.474562] => [0.021273888647556305, -0.020980168133974075, 0.019733890891075134, -0.016363773494958878, 0.020075075328350067]
[0.613159, 0.005789, -0.375743, 0.452695, -0.474807] => [0.021275140345096588, -0.020984666422009468, 0.019762175157666206, -0.016340598464012146, 0.020102044567465782]
[0.613072, 0.005352, -0.368097, 0.452818, -0.475124] => [0.021283645182847977, -0.020996736362576485, 0.01987219974398613, -0.016256973147392273, 0.020213179290294647]
[0.613251, 0.005054, -0.379037, 0.452378, -0.474537] => [0.021307069808244705, -0.02097417414188385, 0.019697008654475212, -0.016392214223742485, 0.020040057599544525]
[0.613074, 0.005772, -0.375192, 0.452347, -0.4747] => [0.021261245012283325, -0.02098524197936058, 0.01976533606648445, -0.01633884198963642, 0.020105108618736267]
[0.613594, 0.005421, -0.371033, 0.452448, -0.474624] => [0.021247349679470062, -0.020991794764995575, 0.019810054451227188, -0.016308175399899483, 0.020149562507867813]
[0.613452, 0.005759, -0.368056, 0.452288, -0.472838] => [0.021064266562461853, -0.020976169034838676, 0.0198235884308815, -0.016289517283439636, 0.0201738141477108]
[0.613218, 0.005873, -0.37044, 0.452563, -0.474884] => [0.021249059587717056, -0.020987795665860176, 0.0198487788438797, -0.016268763691186905, 0.020192909985780716]
[0.613035, 0.00531, -0.375665, 0.452801, -0.474677] => [0.021289337426424026, -0.02098410204052925, 0.019749291241168976, -0.016353609040379524, 0.020089391618967056]
[0.612866, 0.005279, -0.37216, 0.452717, -0.474036] => [0.021217521280050278, -0.020983099937438965, 0.0197842288762331, -0.016325443983078003, 0.020127706229686737]
[0.613386, 0.005447, -0.370852, 0.452505, -0.472271] => [0.02105197310447693, -0.020962780341506004, 0.019773300737142563, -0.01632494293153286, 0.02012900821864605]
[0.613565, 0.00592, -0.374217, 0.452406, -0.47434] => [0.02121637389063835, -0.020983034744858742, 0.019771980121731758, -0.0163325946778059, 0.02011348307132721]
[0.613413, 0.005354, -0.369716, 0.45236, -0.474509] => [0.021233681589365005, -0.020992955192923546, 0.019824795424938202, -0.016297096386551857, 0.02016477845609188]
[0.613367, 0.005462, -0.377274, 0.452449, -0.472728] => [0.021126240491867065, -0.02095605991780758, 0.019693482667207718, -0.016386227682232857, 0.020047472789883614]
[0.613537, 0.005865, -0.367604, 0.452289, -0.473977] => [0.02115098387002945, -0.020989002659916878, 0.019856443628668785, -0.016266901046037674, 0.02020052820444107]
[0.613248, 0.005711, -0.36844, 0.452498, -0.472744] => [0.02106352522969246, -0.020974598824977875, 0.019816800951957703, -0.016294380649924278, 0.020167620852589607]
[0.613564, 0.005539, -0.37373, 0.452698, -0.474599] => [0.021256867796182632, -0.02098669856786728, 0.01977621763944626, -0.01633249595761299, 0.0201162900775671]
[0.613319, 0.005044, -0.377805, 0.452462, -0.475114] => [0.021348319947719574, -0.020984038710594177, 0.019721873104572296, -0.016376879066228867, 0.02006036601960659]
[0.613313, 0.005034, -0.377804, 0.452459, -0.475142] => [0.021351143717765808, -0.02098437026143074, 0.01972223073244095, -0.01637677103281021, 0.020060550421476364]
[0.613322, 0.005044, -0.377804, 0.452461, -0.475119] => [0.02134871855378151, -0.020984098315238953, 0.019721966236829758, -0.016376832500100136, 0.020060427486896515]
[0.613321, 0.005054, -0.377806, 0.452462, -0.475141] => [0.02135002240538597, -0.020984390750527382, 0.019722558557987213, -0.016376428306102753, 0.02006085403263569]
[0.613314, 0.00504, -0.377805, 0.452459, -0.475123] => [0.02134927734732628, -0.020984144881367683, 0.019721975550055504, -0.016376856714487076, 0.02006041444838047]
[0.613318, 0.00505, -0.377804, 0.452457, -0.475141] => [0.0213501937687397, -0.020984387025237083, 0.019722508266568184, -0.01637648232281208, 0.020060811191797256]
[0.613318, 0.00505, -0.377805, 0.452457, -0.47515] => [0.021350950002670288, -0.020984496921300888, 0.01972266472876072, -0.016376402229070663, 0.020060906186699867]
[0.613319, 0.00505, -0.377805, 0.45246, -0.475122] => [0.021348655223846436, -0.020984148606657982, 0.019722141325473785, -0.016376681625843048, 0.020060570910573006]
[0.613317, 0.005041, -0.377805, 0.452461, -0.475123] => [0.0213492289185524, -0.020984144881367683, 0.01972198858857155, -0.01637684367597103, 0.020060423761606216]
[0.613318, 0.005042, -0.377805, 0.452461, -0.475109] => [0.0213480144739151, -0.020983971655368805, 0.01972174271941185, -0.01637696661055088, 0.02006027288734913]
[0.613314, 0.005034, -0.377804, 0.452457, -0.475128] => [0.02134997770190239, -0.020984193310141563, 0.01972196251153946, -0.016376914456486702, 0.020060375332832336]
[0.613317, 0.005034, -0.377805, 0.452462, -0.475134] => [0.02135050669312477, -0.020984267815947533, 0.01972205564379692, -0.01637687161564827, 0.020060429349541664]
[0.613321, 0.005045, -0.377806, 0.452456, -0.475149] => [0.02135111391544342, -0.0209844671189785, 0.01972251944243908, -0.01637653261423111, 0.02006077766418457]
[0.613322, 0.005052, -0.377804, 0.452457, -0.475132] => [0.021349336951971054, -0.02098427340388298, 0.019722362980246544, -0.016376547515392303, 0.020060725510120392]
[0.613318, 0.005048, -0.377805, 0.452458, -0.475125] => [0.02134900540113449, -0.020984182134270668, 0.01972215808928013, -0.016376689076423645, 0.020060572773218155]
[0.613316, 0.005039, -0.377806, 0.452461, -0.475121] => [0.021349165588617325, -0.020984115079045296, 0.019721901044249535, -0.016376908868551254, 0.020060354843735695]
[0.613314, 0.005049, -0.377806, 0.452461, -0.475107] => [0.021347500383853912, -0.020983964204788208, 0.019721847027540207, -0.01637684553861618, 0.020060377195477486]
[0.613322, 0.005053, -0.377805, 0.452457, -0.47511] => [0.02134748548269272, -0.020983997732400894, 0.01972196064889431, -0.016376754269003868, 0.020060470327734947]
[0.613321, 0.005037, -0.377804, 0.452459, -0.475148] => [0.02135145664215088, -0.02098444290459156, 0.01972237229347229, -0.01637667790055275, 0.020060651004314423]
[0.61332, 0.005049, -0.377806, 0.452461, -0.475127] => [0.02134915068745613, -0.020984208211302757, 0.01972220093011856, -0.016376664862036705, 0.020060596987605095]
[0.613314, 0.005043, -0.377805, 0.452457, -0.475121] => [0.021348945796489716, -0.020984124392271042, 0.019721997901797295, -0.016376815736293793, 0.020060444250702858]
[0.613317, 0.005039, -0.377806, 0.452458, -0.475142] => [0.021350868046283722, -0.02098437212407589, 0.019722286611795425, -0.016376705840229988, 0.020060598850250244]
[0.613315, 0.005052, -0.377805, 0.452458, -0.475136] => [0.021349705755710602, -0.020984331145882607, 0.019722454249858856, -0.016376491636037827, 0.020060786977410316]
[0.613315, 0.00505, -0.377805, 0.452459, -0.475146] => [0.021350644528865814, -0.020984452217817307, 0.019722603261470795, -0.016376430168747902, 0.020060870796442032]
[0.613318, 0.005049, -0.377804, 0.45246, -0.475143] => [0.021350443363189697, -0.020984411239624023, 0.019722530618309975, -0.01637648046016693, 0.020060820505023003]
[0.613316, 0.005036, -0.377806, 0.452456, -0.475124] => [0.02134954184293747, -0.020984141156077385, 0.01972188800573349, -0.01637694425880909, 0.020060328766703606]
[0.613315, 0.005039, -0.377804, 0.45246, -0.475143] => [0.021350983530282974, -0.02098439261317253, 0.019722340628504753, -0.016376668587327003, 0.020060645416378975]
[0.613313, 0.005046, -0.377804, 0.452462, -0.475108] => [0.021347742527723312, -0.020983975380659103, 0.01972183585166931, -0.01637687161564827, 0.020060362294316292]
[0.613313, 0.005044, -0.377806, 0.452457, -0.475137] => [0.021350208669900894, -0.02098432555794716, 0.019722305238246918, -0.016376644372940063, 0.020060643553733826]
[0.613315, 0.005053, -0.377805, 0.452461, -0.475145] => [0.021350402384996414, -0.020984448492527008, 0.019722647964954376, -0.016376379877328873, 0.020060915499925613]
[0.61332, 0.005046, -0.377806, 0.452459, -0.475149] => [0.021351106464862823, -0.020984472706913948, 0.019722547382116318, -0.01637650653719902, 0.02006080374121666]
[0.613313, 0.005046, -0.377804, 0.452456, -0.475118] => [0.02134852111339569, -0.020984094589948654, 0.019722014665603638, -0.01637677662074566, 0.020060475915670395]
[0.613319, 0.005034, -0.377805, 0.452458, -0.475124] => [0.021349642425775528, -0.020984137430787086, 0.019721854478120804, -0.016376981511712074, 0.020060298964381218]
[0.613322, 0.005042, -0.377805, 0.452461, -0.475116] => [0.021348584443330765, -0.02098405361175537, 0.019721858203411102, -0.016376908868551254, 0.0200603436678648]
[0.613315, 0.005039, -0.377805, 0.452459, -0.475136] => [0.021350394934415817, -0.020984303206205368, 0.01972219906747341, -0.01637674681842327, 0.020060550421476364]
[0.61332, 0.005053, -0.377806, 0.452456, -0.475128] => [0.021348975598812103, -0.02098422311246395, 0.019722288474440575, -0.01637657918035984, 0.020060677081346512]
[0.613318, 0.005047, -0.377806, 0.452462, -0.475115] => [0.0213482603430748, -0.02098405547440052, 0.019721942022442818, -0.016376817598938942, 0.020060423761606216]
[0.613315, 0.005034, -0.377804, 0.45246, -0.475148] => [0.021351639181375504, -0.02098444476723671, 0.019722335040569305, -0.016376718878746033, 0.020060613751411438]
[0.613319, 0.005048, -0.377805, 0.452458, -0.475106] => [0.02134742960333824, -0.020983943715691566, 0.019721798598766327, -0.016376882791519165, 0.02006034180521965]
[0.61332, 0.005039, -0.377805, 0.452459, -0.475138] => [0.021350543946027756, -0.02098432369530201, 0.019722215831279755, -0.016376744955778122, 0.020060556009411812]
[0.613318, 0.005046, -0.377806, 0.452457, -0.47515] => [0.021351177245378494, -0.020984485745429993, 0.019722571596503258, -0.016376491636037827, 0.020060820505023003]
[0.613313, 0.005033, -0.377804, 0.452459, -0.475112] => [0.0213487409055233, -0.020983997732400894, 0.01972164958715439, -0.01637708954513073, 0.02006017044186592]
[0.613321, 0.005044, -0.377804, 0.452457, -0.475115] => [0.02134834975004196, -0.020984044298529625, 0.01972188986837864, -0.01637687161564827, 0.020060379058122635]
[0.613317, 0.005045, -0.377804, 0.45246, -0.475113] => [0.021348178386688232, -0.02098403126001358, 0.01972189173102379, -0.016376856714487076, 0.02006039023399353]
[0.613318, 0.005038, -0.377804, 0.452462, -0.475112] => [0.021348465234041214, -0.020984003320336342, 0.019721735268831253, -0.016377003863453865, 0.020060250535607338]
[0.613315, 0.005033, -0.377804, 0.452457, -0.475129] => [0.02135010063648224, -0.02098420262336731, 0.019721955060958862, -0.016376929357647896, 0.02006036601960659]
[0.613316, 0.005045, -0.377805, 0.452457, -0.47511] => [0.021347910165786743, -0.020983988419175148, 0.019721820950508118, -0.01637689583003521, 0.0200603399425745]
[0.613316, 0.005053, -0.377805, 0.452459, -0.475108] => [0.02134734019637108, -0.0209839828312397, 0.019721945747733116, -0.016376756131649017, 0.0200604647397995]
[0.613322, 0.005041, -0.377805, 0.45246, -0.475126] => [0.021349459886550903, -0.02098417654633522, 0.019722022116184235, -0.016376832500100136, 0.02006044238805771]
[0.613321, 0.005034, -0.377804, 0.452456, -0.475113] => [0.02134871482849121, -0.020983997732400894, 0.019721653312444687, -0.01637708768248558, 0.02006017416715622]
[0.613314, 0.005052, -0.377804, 0.452459, -0.475135] => [0.021349631249904633, -0.02098432183265686, 0.019722456112504005, -0.01637648604810238, 0.020060792565345764]
[0.613319, 0.005051, -0.377805, 0.452459, -0.475142] => [0.021350238472223282, -0.02098439820110798, 0.019722532480955124, -0.016376463696360588, 0.0200608279556036]
[0.613319, 0.005054, -0.377806, 0.45246, -0.475138] => [0.02134976163506508, -0.020984355360269547, 0.019722506403923035, -0.016376452520489693, 0.020060822367668152]
[0.613319, 0.005039, -0.377804, 0.452457, -0.475114] => [0.02134854719042778, -0.020984023809432983, 0.019721779972314835, -0.016376972198486328, 0.020060282200574875]
[0.613318, 0.005054, -0.377805, 0.452458, -0.475141] => [0.021349996328353882, -0.02098439261317253, 0.019722577184438705, -0.01637640967965126, 0.02006087452173233]
[0.613321, 0.005034, -0.377805, 0.452459, -0.47513] => [0.021350130438804626, -0.020984210073947906, 0.01972196251153946, -0.016376925632357597, 0.02006036601960659]
[0.613321, 0.005054, -0.377805, 0.45246, -0.47513] => [0.021349091082811356, -0.020984254777431488, 0.019722361117601395, -0.01637653075158596, 0.02006073296070099]
[0.613314, 0.005042, -0.377805, 0.452458, -0.475113] => [0.021348346024751663, -0.020984023809432983, 0.019721828401088715, -0.01637691631913185, 0.020060330629348755]
[0.613314, 0.005052, -0.377804, 0.452462, -0.475136] => [0.021349746733903885, -0.020984338596463203, 0.019722478464245796, -0.016376474872231483, 0.020060807466506958]
[0.613318, 0.005042, -0.377805, 0.45246, -0.475133] => [0.021349966526031494, -0.020984269678592682, 0.019722189754247665, -0.01637672819197178, 0.02006055787205696]
[0.613319, 0.005048, -0.377805, 0.452459, -0.475128] => [0.021349240094423294, -0.020984217524528503, 0.019722210243344307, -0.016376662999391556, 0.02006060630083084]
[0.613315, 0.005048, -0.377806, 0.452458, -0.475138] => [0.021350089460611343, -0.02098434418439865, 0.01972239837050438, -0.016376560553908348, 0.020060725510120392]
[0.613321, 0.005051, -0.377805, 0.452456, -0.47513] => [0.0213492251932621, -0.020984243601560593, 0.01972229592502117, -0.016376592218875885, 0.020060673356056213]
[0.613315, 0.00505, -0.377806, 0.45246, -0.475138] => [0.02135000377893448, -0.020984351634979248, 0.01972244121134281, -0.016376519575715065, 0.020060762763023376]
[0.613314, 0.005043, -0.377805, 0.452462, -0.47511] => [0.02134806662797928, -0.020983992144465446, 0.019721798598766327, -0.016376923769712448, 0.02006031572818756]
[0.613317, 0.00504, -0.377806, 0.452459, -0.475116] => [0.02134868875145912, -0.020984051749110222, 0.019721820950508118, -0.01637694425880909, 0.020060308277606964]
[0.613314, 0.00505, -0.377805, 0.45246, -0.475144] => [0.021350491791963577, -0.020984429866075516, 0.01972256973385811, -0.016376446932554245, 0.02006085030734539]
[0.61332, 0.005047, -0.377806, 0.452456, -0.475144] => [0.021350614726543427, -0.020984409376978874, 0.01972246915102005, -0.016376538202166557, 0.020060759037733078]
[0.613319, 0.00505, -0.377805, 0.452457, -0.475132] => [0.021349463611841202, -0.020984269678592682, 0.01972232386469841, -0.016376584768295288, 0.020060688257217407]
[0.613314, 0.005051, -0.377804, 0.452461, -0.475115] => [0.021348051726818085, -0.020984074100852013, 0.01972206123173237, -0.016376705840229988, 0.02006053552031517]
[0.613314, 0.005054, -0.377805, 0.45246, -0.475146] => [0.0213504396378994, -0.020984463393688202, 0.01972268894314766, -0.016376346349716187, 0.0200609490275383]
[0.61332, 0.005052, -0.377806, 0.452457, -0.475145] => [0.021350424736738205, -0.020984433591365814, 0.01972259022295475, -0.016376428306102753, 0.020060865208506584]
[0.613313, 0.005039, -0.377805, 0.452457, -0.475109] => [0.021348167210817337, -0.020983966067433357, 0.01972169429063797, -0.01637701317667961, 0.020060230046510696]
[0.613319, 0.005035, -0.377804, 0.452461, -0.475136] => [0.02135060355067253, -0.020984293892979622, 0.019722118973731995, -0.016376828774809837, 0.020060477778315544]
[0.613315, 0.005048, -0.377806, 0.452458, -0.475143] => [0.021350495517253876, -0.020984407514333725, 0.01972249150276184, -0.01637651026248932, 0.020060783252120018]
[0.613318, 0.005035, -0.377804, 0.45246, -0.475146] => [0.0213514044880867, -0.02098441869020462, 0.019722308963537216, -0.01637672446668148, 0.020060600712895393]
[0.613318, 0.00504, -0.377805, 0.452457, -0.475131] => [0.021349910646677017, -0.020984238013625145, 0.019722111523151398, -0.016376789659261703, 0.020060496404767036]
[0.613318, 0.005054, -0.377805, 0.45246, -0.475123] => [0.021348539739847183, -0.020984170958399773, 0.019722241908311844, -0.016376590356230736, 0.02006065845489502]
[0.613317, 0.005051, -0.377804, 0.452461, -0.475133] => [0.02134951576590538, -0.020984293892979622, 0.019722387194633484, -0.016376536339521408, 0.020060740411281586]
[0.613321, 0.005043, -0.377806, 0.452458, -0.475106] => [0.02134769782423973, -0.020983926951885223, 0.019721677526831627, -0.016376998275518417, 0.020060230046510696]
[0.613316, 0.00505, -0.377806, 0.452461, -0.475121] => [0.021348603069782257, -0.020984139293432236, 0.019722118973731995, -0.016376692801713943, 0.020060556009411812]
[0.613314, 0.005053, -0.377804, 0.452461, -0.475144] => [0.021350331604480743, -0.020984437316656113, 0.019722644239664078, -0.016376376152038574, 0.020060919225215912]
[0.613319, 0.005051, -0.377805, 0.452461, -0.475139] => [0.021350011229515076, -0.020984362810850143, 0.019722478464245796, -0.016376491636037827, 0.020060792565345764]
[0.613315, 0.005052, -0.377806, 0.452459, -0.475115] => [0.021347999572753906, -0.020984068512916565, 0.019722051918506622, -0.016376707702875137, 0.020060524344444275]
[0.613319, 0.005034, -0.377805, 0.452458, -0.475106] => [0.02134816348552704, -0.02098391391336918, 0.019721519201993942, -0.0163771603256464, 0.020060082897543907]
[0.613313, 0.005052, -0.377804, 0.452458, -0.475115] => [0.021347977221012115, -0.020984072238206863, 0.01972208172082901, -0.016376685351133347, 0.020060554146766663]
[0.613322, 0.005039, -0.377806, 0.452461, -0.475145] => [0.02135113999247551, -0.020984407514333725, 0.01972232758998871, -0.016376689076423645, 0.020060623064637184]
[0.61332, 0.005054, -0.377805, 0.45246, -0.475114] => [0.0213477723300457, -0.02098405547440052, 0.019722064957022667, -0.016376687213778496, 0.020060542970895767]
[0.613314, 0.005043, -0.377805, 0.452461, -0.475137] => [0.021350271999835968, -0.020984327420592308, 0.01972230337560177, -0.01637665368616581, 0.020060639828443527]
[0.613316, 0.005046, -0.377804, 0.452459, -0.475144] => [0.0213506780564785, -0.02098441869020462, 0.01972249522805214, -0.016376523301005363, 0.020060783252120018]
[0.613321, 0.005049, -0.377805, 0.452458, -0.475116] => [0.021348193287849426, -0.020984066650271416, 0.019721996039152145, -0.01637677103281021, 0.020060472190380096]
[0.613317, 0.005055, -0.377805, 0.452459, -0.475141] => [0.021349959075450897, -0.02098439820110798, 0.019722601398825645, -0.01637638919055462, 0.020060895010828972]
[0.613315, 0.005048, -0.377804, 0.452457, -0.475126] => [0.021349091082811356, -0.02098419889807701, 0.01972219906747341, -0.016376661136746407, 0.02006060630083084]
[0.613318, 0.00504, -0.377804, 0.452459, -0.475126] => [0.021349508315324783, -0.02098417840898037, 0.01972203142940998, -0.016376826912164688, 0.020060451701283455]
[0.613321, 0.005053, -0.377804, 0.452457, -0.475122] => [0.021348461508750916, -0.02098415046930313, 0.01972220093011856, -0.016376622021198273, 0.020060628652572632]
[0.613316, 0.005043, -0.377806, 0.452457, -0.475117] => [0.02134859934449196, -0.020984068512916565, 0.019721899181604385, -0.01637687347829342, 0.020060375332832336]
[0.613314, 0.00505, -0.377804, 0.452461, -0.475116] => [0.021348174661397934, -0.02098408341407776, 0.01972206123173237, -0.016376715153455734, 0.020060528069734573]
[0.613315, 0.005053, -0.377804, 0.45246, -0.475145] => [0.02135040983557701, -0.020984448492527008, 0.01972265914082527, -0.016376370564103127, 0.020060928538441658]
[0.613318, 0.005039, -0.377806, 0.452457, -0.475144] => [0.021351035684347153, -0.02098439447581768, 0.019722318276762962, -0.016376690939068794, 0.020060619339346886]
[0.613316, 0.00504, -0.377805, 0.452461, -0.475141] => [0.021350767463445663, -0.02098437026143074, 0.019722310826182365, -0.0163766797631979, 0.020060626789927483]
[0.613315, 0.005038, -0.377805, 0.452461, -0.475132] => [0.021350134164094925, -0.02098425291478634, 0.01972210593521595, -0.016376806423068047, 0.02006048522889614]
[0.613314, 0.005039, -0.377804, 0.452457, -0.475145] => [0.021351125091314316, -0.02098441682755947, 0.019722379744052887, -0.016376646235585213, 0.020060671493411064]
[0.613318, 0.005043, -0.377805, 0.45246, -0.475119] => [0.021348770707845688, -0.020984096452593803, 0.019721949473023415, -0.01637684553861618, 0.020060410723090172]
[0.613316, 0.005045, -0.377804, 0.452461, -0.475138] => [0.021350253373384476, -0.02098434418439865, 0.019722366705536842, -0.01637660153210163, 0.020060695707798004]
[0.613314, 0.005035, -0.377806, 0.452458, -0.475137] => [0.021350692957639694, -0.020984305068850517, 0.019722122699022293, -0.01637682504951954, 0.020060475915670395]
[0.613315, 0.005041, -0.377806, 0.452461, -0.475111] => [0.021348249167203903, -0.020983995869755745, 0.019721757620573044, -0.01637696661055088, 0.020060276612639427]
[0.613314, 0.005035, -0.377804, 0.452458, -0.475115] => [0.021348867565393448, -0.02098403498530388, 0.01972173899412155, -0.016377024352550507, 0.020060239359736443]
[0.613321, 0.005038, -0.377805, 0.452456, -0.475114] => [0.02134859189391136, -0.020984016358852386, 0.019721737131476402, -0.016377009451389313, 0.02006024494767189]
[0.61332, 0.005055, -0.377804, 0.452461, -0.475113] => [0.021347645670175552, -0.020984049886465073, 0.01972208358347416, -0.016376664862036705, 0.020060567185282707]
[0.61332, 0.005038, -0.377806, 0.452462, -0.475146] => [0.021351274102926254, -0.02098441869020462, 0.019722335040569305, -0.016376692801713943, 0.020060623064637184]
[0.613319, 0.005054, -0.377805, 0.452459, -0.475145] => [0.021350327879190445, -0.02098444104194641, 0.019722649827599525, -0.016376372426748276, 0.02006092108786106]
[0.613316, 0.005034, -0.377806, 0.452457, -0.47512] => [0.021349340677261353, -0.020984089002013206, 0.019721778109669685, -0.016377020627260208, 0.02006024681031704]
[0.613316, 0.005054, -0.377805, 0.452461, -0.475132] => [0.021349284797906876, -0.020984286442399025, 0.01972242072224617, -0.016376493498682976, 0.020060773938894272]
[0.61332, 0.005044, -0.377805, 0.452456, -0.475118] => [0.021348614245653152, -0.02098408155143261, 0.01972193457186222, -0.01637684926390648, 0.020060405135154724]
[0.613318, 0.00505, -0.377806, 0.452458, -0.475131] => [0.02134939283132553, -0.020984258502721786, 0.01972229778766632, -0.016376599669456482, 0.020060667768120766]
[0.613318, 0.005041, -0.377805, 0.452461, -0.475142] => [0.021350786089897156, -0.020984381437301636, 0.019722342491149902, -0.01637665554881096, 0.020060651004314423]
[0.61332, 0.00505, -0.377806, 0.452458, -0.475133] => [0.021349549293518066, -0.020984280854463577, 0.01972232572734356, -0.016376586630940437, 0.02006068453192711]
[0.613317, 0.00505, -0.377806, 0.452461, -0.475148] => [0.021350815892219543, -0.020984474569559097, 0.019722621887922287, -0.016376426443457603, 0.02006087638437748]
[0.61332, 0.005047, -0.377804, 0.452459, -0.475134] => [0.02134978398680687, -0.020984290167689323, 0.019722310826182365, -0.016376618295907974, 0.020060665905475616]
[0.613319, 0.005039, -0.377805, 0.452462, -0.475121] => [0.021349169313907623, -0.020984115079045296, 0.019721904769539833, -0.016376908868551254, 0.020060358569025993]
[0.613317, 0.00505, -0.377804, 0.452462, -0.475114] => [0.0213480107486248, -0.02098405547440052, 0.01972201280295849, -0.01637674681842327, 0.020060494542121887]
[0.613318, 0.005044, -0.377805, 0.452459, -0.475141] => [0.02135053277015686, -0.02098437398672104, 0.019722377881407738, -0.016376610845327377, 0.020060690119862556]
[0.613317, 0.005042, -0.377805, 0.452457, -0.475131] => [0.02134981006383896, -0.020984243601560593, 0.01972215436398983, -0.016376744955778122, 0.02006053738296032]
[0.613322, 0.005038, -0.377805, 0.452459, -0.475116] => [0.021348770707845688, -0.020984042435884476, 0.019721774384379387, -0.01637699082493782, 0.02006026729941368]
[0.613319, 0.005048, -0.377805, 0.452457, -0.475131] => [0.021349482238292694, -0.020984254777431488, 0.019722266122698784, -0.016376633197069168, 0.020060639828443527]
[0.613317, 0.00505, -0.377804, 0.45246, -0.475112] => [0.021347835659980774, -0.020984027534723282, 0.019721973687410355, -0.016376765444874763, 0.020060470327734947]
[0.613318, 0.005033, -0.377805, 0.452461, -0.47511] => [0.02134856954216957, -0.020983964204788208, 0.019721582531929016, -0.01637713424861431, 0.020060120150446892]
[0.613314, 0.005038, -0.377804, 0.452458, -0.475141] => [0.02135084941983223, -0.020984364673495293, 0.019722286611795425, -0.01637670397758484, 0.02006060630083084]
[0.613317, 0.00505, -0.377806, 0.452459, -0.475125] => [0.021348901093006134, -0.020984185859560966, 0.019722187891602516, -0.016376657411456108, 0.020060598850250244]
[0.613316, 0.005052, -0.377804, 0.452459, -0.475124] => [0.021348726004362106, -0.020984183996915817, 0.019722240045666695, -0.01637660525739193, 0.020060651004314423]
[0.613318, 0.005043, -0.377806, 0.452457, -0.475143] => [0.02135075256228447, -0.020984390750527382, 0.019722379744052887, -0.016376620158553123, 0.02006068266928196]
[0.613317, 0.005054, -0.377805, 0.452459, -0.475131] => [0.021349187940359116, -0.020984269678592682, 0.01972239464521408, -0.01637650653719902, 0.02006075717508793]
[0.613316, 0.005037, -0.377806, 0.452457, -0.475145] => [0.021351225674152374, -0.020984405651688576, 0.019722305238246918, -0.016376713290810585, 0.020060602575540543]
[0.613321, 0.005052, -0.377806, 0.452462, -0.475129] => [0.02134913206100464, -0.020984238013625145, 0.019722292199730873, -0.016376588493585587, 0.020060673356056213]
[0.613319, 0.00504, -0.377805, 0.452462, -0.475135] => [0.021350253373384476, -0.020984290167689323, 0.019722187891602516, -0.01637674868106842, 0.020060544833540916]
[0.613314, 0.005047, -0.377806, 0.452461, -0.475146] => [0.02135082706809044, -0.02098444662988186, 0.01972253806889057, -0.016376495361328125, 0.020060807466506958]
[0.613321, 0.005046, -0.377805, 0.452457, -0.475134] => [0.021349821239709854, -0.020984284579753876, 0.01972227543592453, -0.01637664996087551, 0.02006063237786293]
[0.61332, 0.005034, -0.377805, 0.452461, -0.475136] => [0.021350644528865814, -0.020984288305044174, 0.01972208172082901, -0.016376862302422523, 0.02006044238805771]
[0.613318, 0.005046, -0.377804, 0.452458, -0.47513] => [0.02134951576590538, -0.020984241738915443, 0.01972222328186035, -0.016376670449972153, 0.02006060630083084]
[0.613317, 0.005042, -0.377804, 0.452459, -0.475106] => [0.02134774625301361, -0.02098393440246582, 0.019721701741218567, -0.016376983374357224, 0.020060252398252487]
[0.61332, 0.005052, -0.377805, 0.452456, -0.475141] => [0.021350085735321045, -0.020984385162591934, 0.019722526893019676, -0.01637645810842514, 0.0200608279556036]
[0.61332, 0.005049, -0.377805, 0.452457, -0.475146] => [0.021350674331188202, -0.02098444104194641, 0.01972256228327751, -0.016376467421650887, 0.020060835406184196]
[0.613316, 0.005037, -0.377805, 0.452457, -0.47514] => [0.021350815892219543, -0.0209843460470438, 0.0197222251445055, -0.016376754269003868, 0.020060554146766663]
[0.61332, 0.005047, -0.377805, 0.452459, -0.475137] => [0.021350033581256866, -0.020984327420592308, 0.019722357392311096, -0.016376595944166183, 0.020060691982507706]
[0.613317, 0.005034, -0.377805, 0.452459, -0.475146] => [0.021351460367441177, -0.020984414964914322, 0.01972227729856968, -0.016376754269003868, 0.020060570910573006]
[0.613315, 0.005048, -0.377805, 0.45246, -0.475136] => [0.021349936723709106, -0.02098432369530201, 0.019722377881407738, -0.016376569867134094, 0.020060714334249496]
[0.613321, 0.005043, -0.377805, 0.45246, -0.475119] => [0.021348774433135986, -0.020984094589948654, 0.01972193643450737, -0.016376858577132225, 0.020060397684574127]
[0.61332, 0.005044, -0.377805, 0.452459, -0.475126] => [0.021349281072616577, -0.020984183996915817, 0.019722089171409607, -0.016376765444874763, 0.020060503855347633]
[0.613318, 0.005049, -0.377805, 0.452458, -0.47513] => [0.021349351853132248, -0.020984245464205742, 0.01972227171063423, -0.016376620158553123, 0.020060649141669273]
[0.613321, 0.005042, -0.377804, 0.452461, -0.475147] => [0.021351151168346405, -0.02098444476723671, 0.019722457975149155, -0.016376586630940437, 0.02006073109805584]
[0.613315, 0.005033, -0.377804, 0.45246, -0.475148] => [0.021351691335439682, -0.02098444290459156, 0.019722316414117813, -0.016376735642552376, 0.020060596987605095]
[0.636822, 0.006269, -0.423659, 0.492308, -0.487362] => [0.023064151406288147, -0.020969007164239883, 0.020202431827783585, -0.015813620761036873, 0.020562339574098587]
[0.666687, 0.004994, -0.460176, 0.465866, -0.488251] => [0.022176530212163925, -0.02024783566594124, 0.02084188722074032, -0.01486547477543354, 0.02176915481686592]
[0.637054, 0.006602, -0.423944, 0.492208, -0.487046] => [0.023040257394313812, -0.02096501737833023, 0.020253391936421394, -0.015759261325001717, 0.02061753161251545]
[0.63744, 0.010275, -0.423685, 0.492114, -0.487069] => [0.022633511573076248, -0.019728878512978554, 0.02100268006324768, -0.014254532754421234, 0.022426124662160873]
[0.637542, 0.0104, -0.42367, 0.491913, -0.487152] => [0.022941358387470245, -0.019710326567292213, 0.02099781110882759, -0.014215391129255295, 0.02244289219379425]
[0.636906, 0.008136, -0.423665, 0.49203, -0.487196] => [0.021937649697065353, -0.020315401256084442, 0.020840086042881012, -0.014907424338161945, 0.021746210753917694]
[0.637527, 0.006231, -0.423785, 0.491784, -0.487167] => [0.023038070648908615, -0.020969389006495476, 0.020174551755189896, -0.01584097370505333, 0.02053258568048477]
[0.636981, 0.006016, -0.423837, 0.492001, -0.487276] => [0.023048166185617447, -0.020971376448869705, 0.02013428881764412, -0.015882287174463272, 0.02048952691257]
[0.637792, 0.007164, -0.42381, 0.491921, -0.487069] => [0.022752724587917328, -0.020785504952073097, 0.02052253670990467, -0.015435696579515934, 0.021037254482507706]
[0.63736, 0.008008, -0.423938, 0.491898, -0.487171] => [0.0220252126455307, -0.020361268892884254, 0.02082456462085247, -0.014948207885026932, 0.021692896261811256]
[0.637258, 0.00682, -0.423841, 0.491783, -0.48728] => [0.022984348237514496, -0.02091500349342823, 0.020360976457595825, -0.015637841075658798, 0.02076834626495838]
[0.636649, 0.005552, -0.423823, 0.492259, -0.487231] => [0.023050930351018906, -0.020975008606910706, 0.02002434991300106, -0.015993213281035423, 0.0203726626932621]
[0.637558, 0.008027, -0.423679, 0.492188, -0.487331] => [0.02200285717844963, -0.020345568656921387, 0.020828349515795708, -0.014935322105884552, 0.021709803491830826]
[0.637708, 0.007694, -0.423831, 0.491906, -0.487348] => [0.022232305258512497, -0.020460693165659904, 0.020789245143532753, -0.015036114491522312, 0.02157711237668991]
[0.63722, 0.007354, -0.423763, 0.492304, -0.487217] => [0.0225338414311409, -0.02063196338713169, 0.02067340537905693, -0.015227450989186764, 0.021319376304745674]
[0.636938, 0.010281, -0.423751, 0.491921, -0.487157] => [0.022701803594827652, -0.019725704565644264, 0.021003833040595055, -0.01424493920058012, 0.02243172936141491]
[0.636812, 0.005704, -0.423686, 0.491972, -0.487099] => [0.02303192764520645, -0.02097371034324169, 0.020050106570124626, -0.015967076644301414, 0.02040019817650318]
[0.637258, 0.005652, -0.423839, 0.492277, -0.487377] => [0.02306298166513443, -0.020974723622202873, 0.020056454464793205, -0.01596154272556305, 0.02040635608136654]
[0.637334, 0.007604, -0.423757, 0.492202, -0.487124] => [0.022312592715024948, -0.020506469532847404, 0.020773038268089294, -0.01507662609219551, 0.02152375876903534]
[0.637413, 0.00654, -0.423758, 0.491986, -0.48732] => [0.023062340915203094, -0.02096656896173954, 0.020258961245417595, -0.015755606815218925, 0.020622627809643745]
[0.637084, 0.010445, -0.423669, 0.492133, -0.487354] => [0.023164190351963043, -0.01969665102660656, 0.020994296297430992, -0.014186820015311241, 0.0224551260471344]
[0.63753, 0.01018, -0.423954, 0.492296, -0.487235] => [0.022525381296873093, -0.0197359137237072, 0.021005844697356224, -0.014268537983298302, 0.02242107316851616]
[0.636759, 0.007735, -0.423833, 0.491784, -0.487266] => [0.022214431315660477, -0.020450204610824585, 0.02079491689801216, -0.015024225227534771, 0.021591896191239357]
[0.63703, 0.007906, -0.423796, 0.492267, -0.487266] => [0.022096391767263412, -0.020390624180436134, 0.020814143121242523, -0.014973112381994724, 0.021659379824995995]
[0.63701, 0.006618, -0.423768, 0.492248, -0.487178] => [0.023053143173456192, -0.020965220406651497, 0.020268581807613373, -0.01574491336941719, 0.020633472129702568]
[0.637798, 0.006223, -0.423863, 0.492245, -0.487257] => [0.023050114512443542, -0.02096957340836525, 0.02017899788916111, -0.015836752951145172, 0.02053717151284218]
[0.637597, 0.006819, -0.423741, 0.492008, -0.487312] => [0.02298031747341156, -0.020910972729325294, 0.020367002114653587, -0.015631113201379776, 0.02077782340347767]
[0.637203, 0.006461, -0.423704, 0.491933, -0.487051] => [0.023033153265714645, -0.020966731011867523, 0.020221762359142303, -0.015792327001690865, 0.020583508536219597]
[0.637204, 0.00567, -0.423854, 0.492063, -0.487178] => [0.023041941225528717, -0.020974161103367805, 0.02004549838602543, -0.01597166620194912, 0.02039506286382675]
[0.637068, 0.005924, -0.423791, 0.492256, -0.487306] => [0.023052487522363663, -0.020972242578864098, 0.020115796476602554, -0.015901340171694756, 0.02046976611018181]
[0.636986, 0.006241, -0.42394, 0.491929, -0.487124] => [0.023038093000650406, -0.020968802273273468, 0.020174477249383926, -0.0158402007073164, 0.020532870665192604]
[0.637007, 0.007208, -0.423847, 0.492307, -0.487122] => [0.022708464413881302, -0.020746933296322823, 0.020559953525662422, -0.015382415615022182, 0.021108239889144897]
[0.637615, 0.007807, -0.423764, 0.492263, -0.487318] => [0.022158142179250717, -0.02042301557958126, 0.020801648497581482, -0.01500327792018652, 0.021620234474539757]
[0.637579, 0.008252, -0.423745, 0.491862, -0.487158] => [0.021852295845746994, -0.02027815580368042, 0.020852068439126015, -0.014876711182296276, 0.0217876099050045]
[0.636873, 0.006926, -0.423856, 0.491803, -0.487216] => [0.02293488383293152, -0.020885033532977104, 0.02040586993098259, -0.015583805739879608, 0.02083810232579708]
[0.636918, 0.005887, -0.42386, 0.492111, -0.487125] => [0.023035291582345963, -0.020972076803445816, 0.02009332925081253, -0.01592298038303852, 0.020446239039301872]
[0.637161, 0.010252, -0.423728, 0.492138, -0.48726] => [0.022684451192617416, -0.01972700096666813, 0.021003445610404015, -0.014248313382267952, 0.022429857403039932]
[0.637495, 0.006594, -0.423708, 0.492113, -0.4871] => [0.023041505366563797, -0.02096559666097164, 0.020255880430340767, -0.015757828950881958, 0.020619839429855347]
[0.63758, 0.010228, -0.423911, 0.492295, -0.487089] => [0.0225573368370533, -0.019733507186174393, 0.02100473642349243, -0.014264080673456192, 0.022422578185796738]
[0.636827, 0.006536, -0.42376, 0.491865, -0.487263] => [0.02305760607123375, -0.02096625789999962, 0.020255349576473236, -0.015758801251649857, 0.02061908133327961]
[0.637363, 0.010584, -0.423698, 0.491963, -0.487158] => [0.022488541901111603, -0.01966889761388302, 0.020997095853090286, -0.014173313975334167, 0.022453324869275093]
[0.637543, 0.007307, -0.423897, 0.49188, -0.487341] => [0.02256135269999504, -0.020646534860134125, 0.02066129632294178, -0.015245703049004078, 0.02129477448761463]
[0.637617, 0.006454, -0.423818, 0.492169, -0.487131] => [0.023042291402816772, -0.02096700668334961, 0.020224343985319138, -0.015789899975061417, 0.02058601565659046]
[0.637348, 0.005693, -0.42377, 0.492358, -0.487248] => [0.023049574345350266, -0.020974144339561462, 0.02005707286298275, -0.01596056856215, 0.020407263189554214]
[0.637794, 0.006946, -0.423838, 0.492354, -0.487057] => [0.022917121648788452, -0.020883016288280487, 0.02039898931980133, -0.01558994222432375, 0.020832210779190063]
[0.636999, 0.006762, -0.423705, 0.491953, -0.487087] => [0.023024268448352814, -0.020951416343450546, 0.020305510610342026, -0.015703614801168442, 0.02068234235048294]
[0.637168, 0.008047, -0.42388, 0.492158, -0.487274] => [0.02199561893939972, -0.020340610295534134, 0.020831704139709473, -0.014929249882698059, 0.021717309951782227]
[0.636967, 0.007174, -0.42395, 0.492258, -0.487251] => [0.022726785391569138, -0.020750876516103745, 0.020558001473546028, -0.015385743230581284, 0.021103277802467346]
[0.636995, 0.007321, -0.423802, 0.492285, -0.48728] => [0.022562295198440552, -0.020645130425691605, 0.020661570131778717, -0.015243741683661938, 0.021296707913279533]
[0.637635, 0.005861, -0.423948, 0.492277, -0.487242] => [0.023047875612974167, -0.020972715690732002, 0.020093247294425964, -0.015923503786325455, 0.02044573612511158]
[0.637379, 0.007356, -0.423855, 0.492295, -0.487337] => [0.02251296490430832, -0.020612427964806557, 0.02069409005343914, -0.015199854969978333, 0.02135680429637432]
[0.636999, 0.006899, -0.423948, 0.491964, -0.487072] => [0.0229526087641716, -0.02090410701930523, 0.020372299477458, -0.015622302889823914, 0.020788170397281647]
[0.6377, 0.00651, -0.423959, 0.491933, -0.487157] => [0.023045223206281662, -0.020966537296772003, 0.020237213000655174, -0.015776501968503, 0.02059965394437313]
[0.63694, 0.006872, -0.423715, 0.492237, -0.487232] => [0.022967077791690826, -0.020903753116726875, 0.020381495356559753, -0.015614112839102745, 0.02079843170940876]
[0.637651, 0.005529, -0.423955, 0.492229, -0.487247] => [0.023051969707012177, -0.020975539460778236, 0.020015742629766464, -0.016001848503947258, 0.02036314643919468]
[0.636892, 0.007224, -0.423786, 0.492107, -0.487325] => [0.02265894040465355, -0.020704790949821472, 0.020604997873306274, -0.015322277322411537, 0.0211897324770689]
[0.636716, 0.010395, -0.423718, 0.492164, -0.487299] => [0.02303849160671234, -0.019705232232809067, 0.020998090505599976, -0.014202197082340717, 0.022449763491749763]
[0.637626, 0.006339, -0.423917, 0.492111, -0.487268] => [0.02305387333035469, -0.02096838876605034, 0.020206570625305176, -0.01580844074487686, 0.020566679537296295]
[0.636724, 0.010544, -0.42366, 0.492302, -0.48722] => [0.022861890494823456, -0.01967800222337246, 0.02099527046084404, -0.014170890673995018, 0.022458160296082497]
[0.636891, 0.007878, -0.423789, 0.492273, -0.487084] => [0.022127073258161545, -0.020412206649780273, 0.020806588232517242, -0.014992562122642994, 0.021634042263031006]
[0.636757, 0.005529, -0.423926, 0.492005, -0.487178] => [0.02304495871067047, -0.020975131541490555, 0.020013170316815376, -0.01600399613380432, 0.020360779017210007]
[0.636887, 0.007594, -0.423799, 0.49183, -0.487329] => [0.022308941930532455, -0.02049577608704567, 0.02077876776456833, -0.01506447046995163, 0.021538861095905304]
[0.636593, 0.007073, -0.423899, 0.491895, -0.487275] => [0.02283211424946785, -0.02081703022122383, 0.020494943484663963, -0.015472855418920517, 0.02098439820110798]
[0.63702, 0.00655, -0.423862, 0.492173, -0.487221] => [0.023056071251630783, -0.020965950563549995, 0.020254850387573242, -0.015758872032165527, 0.020618675276637077]
[0.637187, 0.006679, -0.423834, 0.491891, -0.487323] => [0.02306302636861801, -0.02096300758421421, 0.02029312029480934, -0.015719886869192123, 0.020660795271396637]
[0.637503, 0.007015, -0.423758, 0.49233, -0.487307] => [0.022875040769577026, -0.02084544114768505, 0.020467279478907585, -0.015512264333665371, 0.020932495594024658]
[0.63713, 0.006002, -0.423793, 0.492275, -0.487288] => [0.023050282150506973, -0.020971544086933136, 0.020132536068558693, -0.015884319320321083, 0.02048763446509838]
[0.63753, 0.007672, -0.423894, 0.491959, -0.48711] => [0.02226284146308899, -0.020483389496803284, 0.020781520754098892, -0.015056460164487362, 0.021550603210926056]
[0.637142, 0.00554, -0.423943, 0.491875, -0.487134] => [0.023038867861032486, -0.020975127816200256, 0.020010799169540405, -0.01600625552237034, 0.02035817876458168]
[0.637102, 0.006575, -0.423926, 0.49226, -0.487202] => [0.023055560886859894, -0.020965630188584328, 0.020258698612451553, -0.015754690393805504, 0.020622840151190758]
[0.637006, 0.007185, -0.423738, 0.491991, -0.487147] => [0.02272554486989975, -0.020758984610438347, 0.02054966613650322, -0.015397647395730019, 0.02108779549598694]
[0.636675, 0.007124, -0.423669, 0.492108, -0.487216] => [0.022783201187849045, -0.02078939601778984, 0.020521841943264008, -0.015436206944286823, 0.021034784615039825]
[0.636656, 0.006755, -0.423835, 0.492183, -0.487271] => [0.02303573116660118, -0.020944884046912193, 0.020323513075709343, -0.015683859586715698, 0.020706387236714363]
[0.636652, 0.006758, -0.423757, 0.492058, -0.487207] => [0.02303270250558853, -0.020947802811861038, 0.02031737007200718, -0.015690844506025314, 0.02069767564535141]
[0.63661, 0.006134, -0.423781, 0.49231, -0.487088] => [0.023034948855638504, -0.020969577133655548, 0.0201504435390234, -0.0158648993819952, 0.020507456734776497]
[0.637773, 0.007567, -0.423847, 0.491793, -0.487153] => [0.022330578416585922, -0.0205181073397398, 0.020769089460372925, -0.015087611973285675, 0.021509861573576927]
[0.636933, 0.006326, -0.423754, 0.491993, -0.487353] => [0.023062512278556824, -0.020968524739146233, 0.020213058218359947, -0.01580248400568962, 0.02057361975312233]
[0.63677, 0.007519, -0.423719, 0.492303, -0.48716] => [0.02237515151500702, -0.020533010363578796, 0.020764803513884544, -0.015098119154572487, 0.02149464190006256]
[0.637423, 0.008069, -0.423665, 0.491886, -0.48732] => [0.021972596645355225, -0.02033168449997902, 0.020833780989050865, -0.014922693371772766, 0.021726474165916443]
[0.637516, 0.00714, -0.423856, 0.492071, -0.487142] => [0.022771678864955902, -0.020790597423911095, 0.02051852084696293, -0.015440979041159153, 0.021029382944107056]
[0.636892, 0.007866, -0.423924, 0.492269, -0.487222] => [0.022128421813249588, -0.02040659822523594, 0.02080937847495079, -0.014986441470682621, 0.02164163999259472]
[0.636608, 0.010409, -0.423946, 0.492123, -0.487264] => [0.023076798766851425, -0.019702007994055748, 0.02099822834134102, -0.014195903204381466, 0.02245289646089077]
[0.637067, 0.006029, -0.423861, 0.492099, -0.487074] => [0.023028578609228134, -0.02097081020474434, 0.02012225240468979, -0.01589352637529373, 0.020477117970585823]
[0.637797, 0.00554, -0.423916, 0.492133, -0.487203] => [0.023045990616083145, -0.020975474268198013, 0.020014701411128044, -0.016002871096134186, 0.020362038165330887]
[0.637622, 0.007806, -0.423883, 0.491952, -0.48715] => [0.022165998816490173, -0.020434066653251648, 0.020798442885279655, -0.015013289637863636, 0.021607520058751106]
[0.63694, 0.007224, -0.423939, 0.491958, -0.487282] => [0.022666774690151215, -0.020712750032544136, 0.020595630630850792, -0.015334371477365494, 0.021173223853111267]
[0.636812, 0.006314, -0.423831, 0.491957, -0.487371] => [0.023064807057380676, -0.020968589931726456, 0.02021121233701706, -0.015804190188646317, 0.020571650937199593]
[0.636776, 0.006294, -0.423903, 0.492306, -0.487108] => [0.023040950298309326, -0.02096804417669773, 0.020187631249427795, -0.01582673378288746, 0.020547153428196907]
[0.636756, 0.006563, -0.423756, 0.492282, -0.487182] => [0.02305334433913231, -0.02096565067768097, 0.020257046446204185, -0.01575666107237339, 0.020621221512556076]
[0.637025, 0.005684, -0.423811, 0.491821, -0.487256] => [0.02304723858833313, -0.020974276587367058, 0.02005482278764248, -0.015962695702910423, 0.02040480636060238]
[0.636962, 0.005894, -0.423916, 0.492199, -0.487122] => [0.02303621545433998, -0.02097194828093052, 0.02009434625506401, -0.01592176780104637, 0.02044735848903656]
[0.637639, 0.00791, -0.42369, 0.492006, -0.487252] => [0.022087063640356064, -0.020391961559653282, 0.02081226371228695, -0.01497660018503666, 0.02165578305721283]
[0.637062, 0.010451, -0.423669, 0.492128, -0.487356] => [0.02317967638373375, -0.019695589318871498, 0.020993974059820175, -0.014184759929776192, 0.02245595119893551]
[0.637085, 0.010504, -0.423669, 0.492129, -0.487353] => [0.023197412490844727, -0.019685905426740646, 0.020992085337638855, -0.014170816168189049, 0.022460564970970154]
[0.637084, 0.010433, -0.42367, 0.492128, -0.487358] => [0.02313823252916336, -0.019698459655046463, 0.020994938910007477, -0.014190216548740864, 0.022453831508755684]
[0.637069, 0.0105, -0.42367, 0.492129, -0.487354] => [0.023257195949554443, -0.019687337800860405, 0.0209916140884161, -0.014170672744512558, 0.022461112588644028]
[0.63707, 0.010448, -0.423669, 0.49213, -0.487358] => [0.023173440247774124, -0.019696032628417015, 0.020994117483496666, -0.014185601845383644, 0.022455623373389244]
[0.63708, 0.010546, -0.423669, 0.492133, -0.487357] => [0.02249404788017273, -0.019668973982334137, 0.02099810354411602, -0.01417185552418232, 0.02245468646287918]
[0.637083, 0.010479, -0.42367, 0.49213, -0.487353] => [0.023242510855197906, -0.019691210240125656, 0.02099241130053997, -0.014176573604345322, 0.022459063678979874]
[0.637077, 0.010442, -0.423669, 0.492128, -0.487357] => [0.023158803582191467, -0.019697032868862152, 0.02099444903433323, -0.014187517575919628, 0.022454872727394104]
[0.637065, 0.010432, -0.42367, 0.492133, -0.487357] => [0.02313622459769249, -0.0196986123919487, 0.02099502459168434, -0.014190450310707092, 0.02245377004146576]
[0.637063, 0.01052, -0.423669, 0.492133, -0.487357] => [0.022919096052646637, -0.019679201766848564, 0.020994510501623154, -0.014171166345477104, 0.02245829440653324]
[0.637069, 0.010499, -0.423669, 0.49213, -0.487357] => [0.023265376687049866, -0.019687537103891373, 0.020991548895835876, -0.01417065504938364, 0.022461187094449997]
[0.637062, 0.010455, -0.423669, 0.492128, -0.487355] => [0.02318846806883812, -0.019694974645972252, 0.020993759855628014, -0.014183606021106243, 0.022456394508481026]
[0.637072, 0.010463, -0.42367, 0.492128, -0.487355] => [0.023206785321235657, -0.01969369873404503, 0.020993301644921303, -0.0141812264919281, 0.022457296028733253]
[0.637077, 0.010474, -0.42367, 0.492132, -0.487357] => [0.023233164101839066, -0.019691888242959976, 0.020992664620280266, -0.014177809469401836, 0.022458607330918312]
[0.637086, 0.010448, -0.42367, 0.492131, -0.487355] => [0.02317161113023758, -0.019696135073900223, 0.020994123071432114, -0.014185851439833641, 0.022455502301454544]
[0.637076, 0.0105, -0.42367, 0.492132, -0.487354] => [0.023258429020643234, -0.01968737132847309, 0.02099158987402916, -0.014170687645673752, 0.02246110886335373]
[0.637075, 0.010536, -0.423669, 0.492129, -0.487357] => [0.022657934576272964, -0.01967291533946991, 0.020996714010834694, -0.014171594753861427, 0.02245607227087021]
[0.637064, 0.010439, -0.42367, 0.492133, -0.487355] => [0.023151520639657974, -0.01969754323363304, 0.020994652062654495, -0.014188441447913647, 0.022454537451267242]
[0.637078, 0.010497, -0.423669, 0.492127, -0.487358] => [0.02328675240278244, -0.01968817040324211, 0.02099137008190155, -0.014170810580253601, 0.022461293265223503]
[0.637079, 0.010434, -0.42367, 0.492128, -0.487354] => [0.023138772696256638, -0.019698401913046837, 0.020994920283555984, -0.01419011875987053, 0.02245386689901352]
[0.637078, 0.010485, -0.42367, 0.492131, -0.487355] => [0.02325768768787384, -0.019690174609422684, 0.020992064848542213, -0.014174595475196838, 0.022459836676716805]
[0.637084, 0.010463, -0.423669, 0.49213, -0.487356] => [0.023206844925880432, -0.019693700596690178, 0.020993275567889214, -0.014181254431605339, 0.022457268089056015]
[0.637067, 0.01054, -0.423669, 0.49213, -0.487355] => [0.02259659394621849, -0.01967144012451172, 0.020997248589992523, -0.01417167391628027, 0.022455569356679916]
[0.63709, 0.010527, -0.423669, 0.492129, -0.487357] => [0.02280847728252411, -0.019676541909575462, 0.020995400846004486, -0.014171406626701355, 0.022457299754023552]
[0.637076, 0.010495, -0.423669, 0.492129, -0.487357] => [0.023281756788492203, -0.019688516855239868, 0.02099149115383625, -0.014171458780765533, 0.022461045533418655]
[0.63707, 0.0105, -0.423669, 0.492132, -0.487354] => [0.023257821798324585, -0.019687358289957047, 0.020991602912545204, -0.014170680195093155, 0.022461112588644028]
[0.63706, 0.010495, -0.42367, 0.492131, -0.487353] => [0.023280438035726547, -0.019688595086336136, 0.020991547033190727, -0.014171581715345383, 0.022461015731096268]
[0.637082, 0.010521, -0.423669, 0.492129, -0.487357] => [0.022905807942152023, -0.019678883254528046, 0.02099458873271942, -0.014171237125992775, 0.022458136081695557]
[0.637065, 0.010529, -0.423669, 0.492132, -0.487354] => [0.022779926657676697, -0.019675854593515396, 0.02099568583071232, -0.01417139358818531, 0.02245711162686348]
[0.637071, 0.010452, -0.423669, 0.492128, -0.487357] => [0.023182179778814316, -0.01969541609287262, 0.020993897691369057, -0.014184454455971718, 0.022456059232354164]
[0.637087, 0.010431, -0.42367, 0.492131, -0.487356] => [0.023132633417844772, -0.019698841497302055, 0.020995063707232475, -0.014190949499607086, 0.022453542798757553]
[0.637089, 0.010505, -0.42367, 0.492128, -0.487356] => [0.02317270264029503, -0.019685305655002594, 0.020992299541831017, -0.01417084876447916, 0.02246036008000374]
[0.637066, 0.010474, -0.42367, 0.492131, -0.487357] => [0.02323349192738533, -0.019691867753863335, 0.02099267952144146, -0.014177743345499039, 0.022458648309111595]
[0.637068, 0.010458, -0.423669, 0.492128, -0.487357] => [0.023196205496788025, -0.01969444565474987, 0.020993566140532494, -0.014182616956532001, 0.02245676890015602]
[0.637068, 0.010449, -0.42367, 0.49213, -0.487354] => [0.02317401021718979, -0.01969597116112709, 0.020994096994400024, -0.014185501262545586, 0.02245565876364708]
[0.637078, 0.01048, -0.423669, 0.492131, -0.487355] => [0.023245923221111298, -0.019690990447998047, 0.02099234238266945, -0.014176135882735252, 0.02245924063026905]
[0.637082, 0.010514, -0.423669, 0.492132, -0.487355] => [0.0230267271399498, -0.019681798294186592, 0.0209935512393713, -0.014171062037348747, 0.02245914377272129]
[0.637079, 0.010487, -0.42367, 0.492131, -0.487354] => [0.02326175570487976, -0.019689885899424553, 0.020991960540413857, -0.014174060896039009, 0.02246003784239292]
[0.637087, 0.010516, -0.42367, 0.492132, -0.487355] => [0.022993840277194977, -0.01968100294470787, 0.020993825048208237, -0.014171118848025799, 0.022458860650658607]
[0.637064, 0.010546, -0.42367, 0.492128, -0.487357] => [0.022491000592708588, -0.01966889202594757, 0.020998161286115646, -0.014171815477311611, 0.022454701364040375]
[0.637072, 0.010469, -0.423669, 0.492127, -0.487354] => [0.02322005107998848, -0.01969277299940586, 0.020992973819375038, -0.014179492369294167, 0.02245795726776123]
[0.637078, 0.010536, -0.42367, 0.49213, -0.487356] => [0.022660627961158752, -0.019672980532050133, 0.020996686071157455, -0.014171596616506577, 0.022456089034676552]
[0.637074, 0.010459, -0.42367, 0.492129, -0.487357] => [0.023198429495096207, -0.019694289192557335, 0.020993508398532867, -0.014182332903146744, 0.022456873208284378]
[0.637081, 0.010531, -0.423669, 0.492132, -0.487357] => [0.0227409265935421, -0.019674915820360184, 0.02099599502980709, -0.014171483926475048, 0.022456755861639977]
[0.63708, 0.01048, -0.423669, 0.492131, -0.487357] => [0.023246869444847107, -0.01969093456864357, 0.020992325618863106, -0.014176024124026299, 0.02245928719639778]
[0.637085, 0.010486, -0.42367, 0.492131, -0.487357] => [0.02326071634888649, -0.019689971581101418, 0.020991984754800797, -0.014174221083521843, 0.022459974512457848]
[0.637063, 0.010535, -0.423669, 0.492131, -0.487357] => [0.022672146558761597, -0.01967325620353222, 0.020996617153286934, -0.0141715407371521, 0.022456221282482147]
[0.637077, 0.010505, -0.423669, 0.492132, -0.487358] => [0.023165110498666763, -0.01968512497842312, 0.02099239081144333, -0.014170823618769646, 0.02246033027768135]
[0.637062, 0.010475, -0.42367, 0.492132, -0.487358] => [0.023236438632011414, -0.019691674038767815, 0.020992621779441833, -0.014177359640598297, 0.02245880477130413]
[0.637063, 0.010474, -0.423669, 0.492131, -0.487357] => [0.023233499377965927, -0.019691869616508484, 0.02099267952144146, -0.014177742414176464, 0.022458650171756744]
[0.637063, 0.010479, -0.42367, 0.492129, -0.487353] => [0.023243211209774017, -0.019691171124577522, 0.02099243551492691, -0.014176446944475174, 0.022459140047430992]
[0.637088, 0.01046, -0.423669, 0.492132, -0.487355] => [0.02319929376244545, -0.019694220274686813, 0.020993446931242943, -0.014182246290147305, 0.022456878796219826]
[0.637076, 0.010497, -0.423669, 0.492128, -0.487354] => [0.023284904658794403, -0.019688280299305916, 0.020991403609514236, -0.01417103223502636, 0.02246120013296604]
[0.637085, 0.010506, -0.42367, 0.492127, -0.487354] => [0.023161396384239197, -0.019685035571455956, 0.020992396399378777, -0.014170864596962929, 0.022460266947746277]
[0.637088, 0.010437, -0.423669, 0.492128, -0.487357] => [0.023146845400333405, -0.019697856158018112, 0.02099471539258957, -0.014189098961651325, 0.02245425060391426]
[0.637074, 0.010498, -0.423669, 0.492132, -0.487355] => [0.023287881165742874, -0.019688088446855545, 0.02099134400486946, -0.014170650392770767, 0.022461354732513428]
[0.637088, 0.010436, -0.423669, 0.492132, -0.487355] => [0.02314363792538643, -0.01969807595014572, 0.02099478617310524, -0.014189514331519604, 0.02245408669114113]
[0.63709, 0.010456, -0.42367, 0.492128, -0.487354] => [0.0231894850730896, -0.01969488337635994, 0.020993676036596298, -0.014183513820171356, 0.022456388920545578]
[0.63707, 0.0105, -0.42367, 0.492133, -0.487357] => [0.02324824035167694, -0.019687121734023094, 0.020991697907447815, -0.014170674607157707, 0.022461049258708954]
[0.63707, 0.010442, -0.42367, 0.49213, -0.487354] => [0.02315768226981163, -0.019697101786732674, 0.020994486287236214, -0.014187635853886604, 0.02245483547449112]
[0.637082, 0.010457, -0.423669, 0.492132, -0.487358] => [0.023194007575511932, -0.019694605842232704, 0.02099359966814518, -0.014182940125465393, 0.022456631064414978]
[0.637082, 0.010542, -0.423669, 0.492131, -0.487357] => [0.022560108453035355, -0.01967056281864643, 0.020997535437345505, -0.014171762391924858, 0.022455234080553055]
[0.637067, 0.010466, -0.423669, 0.492131, -0.487353] => [0.02321290224790573, -0.019693274050951004, 0.020993152633309364, -0.014180419966578484, 0.022457605227828026]
[0.637073, 0.0105, -0.423669, 0.492132, -0.487355] => [0.023255467414855957, -0.01968730054795742, 0.020991619676351547, -0.014170686714351177, 0.022461088374257088]
[0.637073, 0.010499, -0.423669, 0.492132, -0.487355] => [0.023271985352039337, -0.019687699154019356, 0.020991478115320206, -0.014170664362609386, 0.02246122434735298]
[0.637074, 0.010496, -0.423669, 0.492132, -0.487355] => [0.023283295333385468, -0.019688405096530914, 0.020991452038288116, -0.01417124830186367, 0.022461123764514923]
[0.637074, 0.0105, -0.423669, 0.492132, -0.487355] => [0.023255545645952225, -0.01968730241060257, 0.020991617813706398, -0.014170690439641476, 0.02246108651161194]
[0.637074, 0.010499, -0.423669, 0.492132, -0.487355] => [0.02327212691307068, -0.019687702879309654, 0.020991474390029907, -0.014170666225254536, 0.02246122434735298]
[0.637074, 0.010497, -0.423669, 0.492132, -0.487355] => [0.02328551933169365, -0.019688252359628677, 0.020991399884223938, -0.01417095772922039, 0.022461235523223877]
[0.637073, 0.010501, -0.423669, 0.492132, -0.487355] => [0.023239340633153915, -0.01968691311776638, 0.02099175751209259, -0.014170711860060692, 0.022460952401161194]
[0.637073, 0.010497, -0.423669, 0.492132, -0.487355] => [0.02328559011220932, -0.01968824677169323, 0.020991399884223938, -0.01417094748467207, 0.022461242973804474]
[0.637073, 0.010496, -0.423669, 0.492132, -0.487355] => [0.02328326553106308, -0.019688408821821213, 0.020991457626223564, -0.014171251095831394, 0.02246112748980522]
[0.637074, 0.010501, -0.423669, 0.492132, -0.487355] => [0.023239288479089737, -0.01968691125512123, 0.02099175564944744, -0.01417071558535099, 0.022460948675870895]
[0.637073, 0.010498, -0.423669, 0.492132, -0.487355] => [0.02328791469335556, -0.019688084721565247, 0.02099134400486946, -0.01417064294219017, 0.022461358457803726]
