[-0.323249, 0.042195, -0.499872, -0.408462, -0.375788] => [0.02020806446671486, -0.019787997007369995, 0.019498737528920174, -0.016270702704787254, 0.02054436504840851]
[-0.323207, 0.041262, -0.499844, -0.339859, -0.334857] => [0.021885711699724197, -0.02018105797469616, 0.01867815852165222, -0.017435012385249138, 0.019548282027244568]
[-0.323949, 0.062718, -0.499389, -0.402679, -0.260429] => [0.022521980106830597, -0.020434625446796417, 0.0183189045637846, -0.018035778775811195, 0.0190757866948843]
[-0.321927, 0.056258, -0.499635, -0.377125, -0.342689] => [0.022089362144470215, -0.020206287503242493, 0.018892157822847366, -0.017222803086042404, 0.01978314481675625]
[-0.321992, 0.050015, -0.499259, -0.474475, -0.349593] => [0.021716535091400146, -0.0200247373431921, 0.01914304681122303, -0.016803884878754616, 0.020113332197070122]
[-0.323107, 0.046904, -0.499446, -0.463273, -0.174943] => [0.022180192172527313, -0.020339034497737885, 0.018345845863223076, -0.017925400286912918, 0.019131917506456375]
[-0.324018, 0.062095, -0.499597, -0.46371, -0.373348] => [0.022790461778640747, -0.020299255847930908, 0.01933877170085907, -0.016820402815937996, 0.020261041820049286]
[-0.323761, 0.057938, -0.499434, -0.403089, -0.243766] => [0.02218519151210785, -0.02033974602818489, 0.01834314875304699, -0.017929133027791977, 0.01912863925099373]
[-0.322015, 0.040554, -0.499389, -0.419591, -0.414444] => [0.020120099186897278, -0.019693659618496895, 0.019864534959197044, -0.01576448418200016, 0.020995838567614555]
[-0.323702, 0.054739, -0.499307, -0.395045, -0.247223] => [0.022184770554304123, -0.020339686423540115, 0.018343375995755196, -0.017928818240761757, 0.019128914922475815]
[-0.323305, 0.039315, -0.49929, -0.299663, -0.394768] => [0.020888090133666992, -0.01991347409784794, 0.019320623949170113, -0.016512256115674973, 0.020339615643024445]
[-0.322084, 0.057834, -0.499871, -0.417591, -0.214125] => [0.022125065326690674, -0.02033117040991783, 0.018375607207417488, -0.017884191125631332, 0.019168099388480186]
[-0.322083, 0.062209, -0.499671, -0.245708, -0.212357] => [0.021831020712852478, -0.02028922736644745, 0.018534353002905846, -0.017664393410086632, 0.019361089915037155]
[-0.322842, 0.062899, -0.499407, -0.243814, -0.376663] => [0.022083621472120285, -0.02034055069088936, 0.018878940492868423, -0.017325984314084053, 0.01973767951130867]
[-0.322487, 0.056464, -0.499698, -0.461735, -0.48905] => [0.02038079872727394, -0.01965729519724846, 0.020417889580130577, -0.015132419764995575, 0.02163051627576351]
[-0.323371, 0.057081, -0.499842, -0.421006, -0.340811] => [0.022419951856136322, -0.020226381719112396, 0.018978746607899666, -0.017155911773443222, 0.019873149693012238]
[-0.323702, 0.053621, -0.499642, -0.263086, -0.415359] => [0.021436288952827454, -0.020198119804263115, 0.01908230409026146, -0.016982458531856537, 0.020003505051136017]
[-0.322687, 0.034813, -0.499971, -0.330183, -0.475923] => [0.020534321665763855, -0.020086366683244705, 0.019597699865698814, -0.016306791454553604, 0.020627502351999283]
[-0.323249, 0.040549, -0.499626, -0.393892, -0.499745] => [0.020278673619031906, -0.019714700058102608, 0.02041136473417282, -0.015178682282567024, 0.021608423441648483]
[-0.323324, 0.047352, -0.499912, -0.44359, -0.182777] => [0.022182531654834747, -0.020339367911219597, 0.018344581127166748, -0.017927149310708046, 0.01913038082420826]
[-0.322284, 0.061375, -0.499859, -0.429205, -0.292426] => [0.022498879581689835, -0.020396890118718147, 0.018521426245570183, -0.017783433198928833, 0.019314471632242203]
[-0.324046, 0.054902, -0.499806, -0.252103, -0.439707] => [0.021067675203084946, -0.020201923325657845, 0.019137265160679817, -0.01692020334303379, 0.02006233111023903]
[-0.323241, 0.057765, -0.499605, -0.274583, -0.433315] => [0.02156640589237213, -0.020329300314188004, 0.019049331545829773, -0.017125898972153664, 0.01992875710129738]
[-0.321851, 0.059129, -0.499225, -0.237695, -0.220997] => [0.02183869108557701, -0.020290320739150047, 0.018530210480093956, -0.017670128494501114, 0.019356055185198784]
[-0.323712, 0.062145, -0.499417, -0.483266, -0.489693] => [0.02031134068965912, -0.01964280940592289, 0.020484350621700287, -0.015048090368509293, 0.02170867659151554]
[-0.322926, 0.056165, -0.499328, -0.451444, -0.31739] => [0.022287830710411072, -0.020229283720254898, 0.01883549802005291, -0.01731124520301819, 0.019711390137672424]
[-0.323927, 0.058426, -0.499386, -0.264271, -0.465219] => [0.021239023655653, -0.020262442529201508, 0.019182100892066956, -0.016922101378440857, 0.020096000283956528]
[-0.323495, 0.058667, -0.499656, -0.492358, -0.181321] => [0.022230185568332672, -0.02034616470336914, 0.01831885613501072, -0.01796276681125164, 0.019099107012152672]
[-0.321927, 0.050185, -0.499302, -0.48152, -0.492214] => [0.02029285952448845, -0.01956808939576149, 0.02058846317231655, -0.01487965788692236, 0.021844856441020966]
[-0.322336, 0.038194, -0.4995, -0.26593, -0.392557] => [0.02107076719403267, -0.02000603824853897, 0.01920597068965435, -0.016688868403434753, 0.0201962199062109]
[-0.32347, 0.039454, -0.499766, -0.381564, -0.241874] => [0.02217504382133484, -0.020338300615549088, 0.01834862492978573, -0.017921550199389458, 0.01913529634475708]
[-0.324209, 0.034171, -0.499647, -0.283352, -0.483674] => [0.020622234791517258, -0.020229589194059372, 0.019259128719568253, -0.01675458997488022, 0.02023579739034176]
[-0.323533, 0.045046, -0.499837, -0.381511, -0.245253] => [0.02218092978000641, -0.02033913880586624, 0.01834544539451599, -0.01792595162987709, 0.019131431356072426]
[-0.322579, 0.061811, -0.499274, -0.250339, -0.330822] => [0.022110778838396072, -0.020311705768108368, 0.01874450594186783, -0.017458481714129448, 0.019591359421610832]
[-0.322215, 0.041551, -0.499727, -0.498876, -0.238894] => [0.02201702818274498, -0.020315760746598244, 0.018433932214975357, -0.017803436145186424, 0.01923900470137596]
[-0.322916, 0.03668, -0.49957, -0.274448, -0.228101] => [0.021951045840978622, -0.02030634880065918, 0.01846955344080925, -0.01775411330163479, 0.01928231306374073]
[-0.323081, 0.047703, -0.499448, -0.427821, -0.200076] => [0.02216241881251335, -0.02033649943768978, 0.018355438485741615, -0.017912117764353752, 0.01914357952773571]
[-0.322572, 0.059813, -0.499268, -0.387129, -0.267253] => [0.022265009582042694, -0.020367125049233437, 0.018353860825300217, -0.017939254641532898, 0.0191336777061224]
[-0.321849, 0.033791, -0.499239, -0.370642, -0.448996] => [0.020278606563806534, -0.019725123420357704, 0.020207898691296577, -0.01538764126598835, 0.021386506035923958]
[-0.324093, 0.041736, -0.499769, -0.320669, -0.428944] => [0.020885922014713287, -0.019946306943893433, 0.01948394440114498, -0.016346823424100876, 0.02051958441734314]
[-0.321882, 0.062846, -0.499206, -0.267687, -0.485995] => [0.021505534648895264, -0.020329603925347328, 0.01915927231311798, -0.01701025664806366, 0.020049620419740677]
[-0.322744, 0.048687, -0.499313, -0.417733, -0.376615] => [0.021738171577453613, -0.019923534244298935, 0.019534483551979065, -0.01630079373717308, 0.02058035507798195]
[-0.323604, 0.055191, -0.499618, -0.299956, -0.430559] => [0.021660640835762024, -0.020306700840592384, 0.01910114660859108, -0.017055656760931015, 0.019992614164948463]
[-0.323179, 0.052237, -0.499429, -0.344428, -0.496566] => [0.02092193439602852, -0.020130079239606857, 0.01947382278740406, -0.016515998169779778, 0.020452190190553665]
[-0.323364, 0.043715, -0.499295, -0.231809, -0.476598] => [0.020689133554697037, -0.02021419256925583, 0.019231073558330536, -0.01678299903869629, 0.020198939368128777]
[-0.322094, 0.060179, -0.499508, -0.255861, -0.342839] => [0.022141437977552414, -0.020290151238441467, 0.018810702487826347, -0.017371822148561478, 0.01967104710638523]
[-0.323707, 0.05465, -0.499867, -0.277344, -0.485755] => [0.020944226533174515, -0.020210396498441696, 0.019190888851881027, -0.016858011484146118, 0.020130978897213936]
[-0.322319, 0.058778, -0.49972, -0.346621, -0.294478] => [0.022309627383947372, -0.02039342001080513, 0.018396828323602676, -0.017910858616232872, 0.019175967201590538]
[-0.322581, 0.043007, -0.49943, -0.328577, -0.309841] => [0.022107809782028198, -0.020322613418102264, 0.01839403435587883, -0.017857087776064873, 0.01919115148484707]
[-0.323477, 0.062478, -0.499727, -0.422384, -0.434296] => [0.02195001393556595, -0.020225856453180313, 0.01962330937385559, -0.016437483951449394, 0.020598532631993294]
[-0.323439, 0.050853, -0.49985, -0.469519, -0.343838] => [0.021959632635116577, -0.020077722147107124, 0.019092265516519547, -0.01690780557692051, 0.020040933042764664]
[-0.322852, 0.05479, -0.499769, -0.247807, -0.312541] => [0.02178332954645157, -0.020233646035194397, 0.018633008003234863, -0.017515067011117935, 0.01948622614145279]
[-0.321966, 0.039418, -0.49983, -0.233672, -0.352987] => [0.021628543734550476, -0.020231692120432854, 0.018686486408114433, -0.01744627207517624, 0.01954909786581993]
[-0.322079, 0.056783, -0.499649, -0.367345, -0.346778] => [0.02213834598660469, -0.020213691517710686, 0.01891978643834591, -0.017199285328388214, 0.019812267273664474]
[-0.323083, 0.044588, -0.499394, -0.405331, -0.32811] => [0.021805349737405777, -0.020153505727648735, 0.01874559186398983, -0.01733744516968727, 0.01963197812438011]
[-0.323849, 0.034862, -0.499949, -0.44677, -0.348945] => [0.021700821816921234, -0.020010288804769516, 0.01899380050599575, -0.01696029119193554, 0.019947409629821777]
[-0.323261, 0.045203, -0.499761, -0.234289, -0.389567] => [0.021155260503292084, -0.02005879208445549, 0.019099518656730652, -0.01684688590466976, 0.020062465220689774]
[-0.323589, 0.04638, -0.499929, -0.372863, -0.455252] => [0.020556572824716568, -0.019828176125884056, 0.019985392689704895, -0.015721237286925316, 0.021106086671352386]
[-0.323381, 0.044346, -0.499343, -0.377095, -0.309688] => [0.02202661707997322, -0.02028232254087925, 0.018480775877833366, -0.017729490995407104, 0.019299667328596115]
[-0.321882, 0.041487, -0.499596, -0.487482, -0.282337] => [0.021974440664052963, -0.020309684798121452, 0.018456926569342613, -0.01777159795165062, 0.01926696114242077]
[-0.322675, 0.054724, -0.499739, -0.306464, -0.424678] => [0.02163131907582283, -0.02023916319012642, 0.019184282049536705, -0.016910318285226822, 0.020105522125959396]
[-0.324214, 0.058528, -0.499315, -0.427434, -0.212166] => [0.022203750908374786, -0.020342394709587097, 0.018333125859498978, -0.017943011596798897, 0.01911645382642746]
[-0.323392, 0.055852, -0.499318, -0.336379, -0.226201] => [0.022099070250988007, -0.020327461883425713, 0.018389640375971794, -0.017864760011434555, 0.019185161218047142]
[-0.323975, 0.041825, -0.499801, -0.289096, -0.424439] => [0.020974580198526382, -0.02002714015543461, 0.01930626668035984, -0.016599424183368683, 0.020300250500440598]
[-0.323856, 0.037379, -0.499552, -0.497748, -0.448342] => [0.020592093467712402, -0.01957702822983265, 0.02019321359694004, -0.015303971245884895, 0.021408094093203545]
[-0.322877, 0.032665, -0.499549, -0.446473, -0.209166] => [0.022112064063549042, -0.020329315215349197, 0.01838262751698494, -0.017874469980597496, 0.019176635891199112]
[-0.323638, 0.037231, -0.499291, -0.434967, -0.36277] => [0.02050129324197769, -0.019875172525644302, 0.01927332393825054, -0.01658075489103794, 0.020271774381399155]
[-0.321819, 0.045039, -0.499933, -0.445087, -0.381423] => [0.02129257097840309, -0.019824428483843803, 0.01962902396917343, -0.01610736735165119, 0.020715169608592987]
[-0.322129, 0.043019, -0.499477, -0.323503, -0.285195] => [0.022114895284175873, -0.02032972127199173, 0.018381094560027122, -0.01787659339606762, 0.019174771383404732]
[-0.322016, 0.047788, -0.499822, -0.498186, -0.203755] => [0.02210036665201187, -0.020327648147940636, 0.018388940021395683, -0.017865730449557304, 0.019184308126568794]
[-0.322957, 0.038344, -0.499903, -0.298267, -0.283024] => [0.022071823477745056, -0.020323574542999268, 0.01840435341000557, -0.017844390124082565, 0.019203046336770058]
[-0.321864, 0.053665, -0.499235, -0.444019, -0.407155] => [0.021685626357793808, -0.020011264830827713, 0.019654592499136925, -0.01622193492949009, 0.02069731056690216]
[-0.323918, 0.035198, -0.499383, -0.284829, -0.474988] => [0.020674634724855423, -0.02022458426654339, 0.019245734438300133, -0.016772562637925148, 0.02021625079214573]
[-0.323619, 0.032984, -0.499543, -0.499574, -0.269705] => [0.022032860666513443, -0.02031801827251911, 0.018425384536385536, -0.01781526952981949, 0.01922861486673355]
[-0.323727, 0.058828, -0.499325, -0.414723, -0.439391] => [0.02160004898905754, -0.02011243626475334, 0.01974417082965374, -0.016215838491916656, 0.020762767642736435]
[-0.323576, 0.052464, -0.4999, -0.439502, -0.335817] => [0.022058773785829544, -0.020124340429902077, 0.018979152664542198, -0.017069943249225616, 0.0199008509516716]
[-0.321854, 0.035382, -0.499335, -0.364684, -0.277343] => [0.022108599543571472, -0.02032882161438465, 0.018384497612714767, -0.017871882766485214, 0.019178908318281174]
[-0.322116, 0.051411, -0.49938, -0.259528, -0.198417] => [0.02181684598326683, -0.020287204533815384, 0.018542006611824036, -0.017653794959187508, 0.019370395690202713]
[-0.323029, 0.035524, -0.499414, -0.385785, -0.314385] => [0.021976210176944733, -0.020280340686440468, 0.018500205129384995, -0.0177039485424757, 0.019322732463479042]
[-0.322521, 0.034058, -0.499719, -0.35502, -0.328874] => [0.021897412836551666, -0.020223919302225113, 0.0186102744191885, -0.01753975637257099, 0.019461361691355705]
[-0.323128, 0.051211, -0.499995, -0.386363, -0.334595] => [0.021785274147987366, -0.020126545801758766, 0.018802670761942863, -0.01725485920906067, 0.019703112542629242]
[-0.323208, 0.049221, -0.499353, -0.360952, -0.360501] => [0.021762263029813766, -0.02002348005771637, 0.019097739830613136, -0.016855962574481964, 0.020061686635017395]
[-0.321926, 0.041353, -0.49944, -0.388849, -0.455194] => [0.020318057388067245, -0.019711365923285484, 0.020252160727977753, -0.015335995703935623, 0.021437210962176323]
[-0.323503, 0.061837, -0.499543, -0.295025, -0.398913] => [0.02230140194296837, -0.02033117413520813, 0.01905984804034233, -0.01712859608232975, 0.019942693412303925]
[-0.323041, 0.044662, -0.499404, -0.325432, -0.488886] => [0.020833540707826614, -0.02023535594344139, 0.01923668384552002, -0.016811322420835495, 0.020191283896565437]
[-0.323159, 0.056828, -0.499987, -0.279954, -0.219047] => [0.02197713404893875, -0.020310070365667343, 0.018455468118190765, -0.017773615196347237, 0.01926518976688385]
[-0.322269, 0.045186, -0.499795, -0.308347, -0.474821] => [0.02081780508160591, -0.020220190286636353, 0.01922042854130268, -0.01681603491306305, 0.02017511986196041]
[-0.32336, 0.037103, -0.499673, -0.245217, -0.448701] => [0.02066333219408989, -0.020201094448566437, 0.01921873539686203, -0.016783589497208595, 0.020187988877296448]
[-0.322443, 0.033321, -0.499775, -0.231447, -0.196734] => [0.021647553890943527, -0.020263057202100754, 0.018633397296071053, -0.017527256160974503, 0.01948150247335434]
[-0.321897, 0.054082, -0.499483, -0.336138, -0.291099] => [0.022094473242759705, -0.020326806232333183, 0.01839212141931057, -0.017861325293779373, 0.019188176840543747]
[-0.322186, 0.032706, -0.499235, -0.497071, -0.374777] => [0.020245559513568878, -0.019853588193655014, 0.019397158175706863, -0.016413232311606407, 0.02042103186249733]
[-0.323389, 0.063169, -0.499323, -0.417835, -0.429492] => [0.02206367999315262, -0.02026289515197277, 0.01956765539944172, -0.01652669720351696, 0.020527087152004242]
[-0.32417, 0.050014, -0.499463, -0.306508, -0.223766] => [0.022059470415115356, -0.020321814343333244, 0.018411017954349518, -0.017835162580013275, 0.019211148843169212]
[-0.323304, 0.049529, -0.49929, -0.397317, -0.402959] => [0.021698884665966034, -0.01997114159166813, 0.019572218880057335, -0.016288118436932564, 0.020612798631191254]
[-0.323988, 0.041127, -0.499357, -0.37155, -0.423408] => [0.020728163421154022, -0.019745144993066788, 0.019784556701779366, -0.015868283808231354, 0.020909111946821213]
[-0.322372, 0.036419, -0.499345, -0.336678, -0.491145] => [0.02054707333445549, -0.02009373903274536, 0.019610831514000893, -0.016299903392791748, 0.020640742033720016]
[-0.322465, 0.06247, -0.499323, -0.337947, -0.228319] => [0.022085588425397873, -0.020325539633631706, 0.01839691959321499, -0.017854683101177216, 0.01919400878250599]
[-0.32347, 0.036777, -0.499833, -0.295645, -0.182622] => [0.0218447744846344, -0.02029118873178959, 0.01852692849934101, -0.017674675211310387, 0.019352063536643982]
[-0.323565, 0.055465, -0.499234, -0.287521, -0.32602] => [0.02208777144551277, -0.020250355824828148, 0.018688809126615524, -0.017479021102190018, 0.019542355090379715]
[-0.323479, 0.063079, -0.499515, -0.291964, -0.450201] => [0.021876465529203415, -0.02042246237397194, 0.01906743459403515, -0.01718723028898239, 0.019922638311982155]
[-0.324054, 0.057592, -0.499728, -0.366695, -0.381064] => [0.02259707823395729, -0.020209793001413345, 0.019315889105200768, -0.016777170822024345, 0.020257575437426567]
[-0.322895, 0.054647, -0.499462, -0.45779, -0.423006] => [0.021656610071659088, -0.020018942654132843, 0.0197517778724432, -0.01612967997789383, 0.02080046571791172]
[-0.324095, 0.045215, -0.499232, -0.276108, -0.457752] => [0.02084510400891304, -0.02020798809826374, 0.01920177973806858, -0.01683121919631958, 0.020152254030108452]
[-0.322064, 0.05001, -0.499375, -0.243818, -0.16782] => [0.021650947630405426, -0.020263541489839554, 0.018631570041179657, -0.017529789358377457, 0.019479278475046158]
[-0.323438, 0.050427, -0.499347, -0.343493, -0.281963] => [0.02216925472021103, -0.02033747360110283, 0.018351750448346138, -0.017917225137352943, 0.01913909614086151]
[-0.323476, 0.046267, -0.499323, -0.276468, -0.338136] => [0.021839667111635208, -0.020146824419498444, 0.018744369968771935, -0.01733611524105072, 0.019631726667284966]
[-0.323506, 0.055852, -0.499771, -0.230896, -0.173121] => [0.021702755242586136, -0.020270930603146553, 0.018603596836328506, -0.017568519338965416, 0.0194452702999115]
[-0.324139, 0.053531, -0.499254, -0.438798, -0.18963] => [0.022224005311727524, -0.020345283672213554, 0.018322192132472992, -0.017958149313926697, 0.019103161990642548]
[-0.323368, 0.059447, -0.499968, -0.362141, -0.340118] => [0.022449202835559845, -0.020308680832386017, 0.018839683383703232, -0.017367111518979073, 0.019696282222867012]
[-0.322598, 0.037249, -0.499243, -0.26637, -0.286704] => [0.02191765233874321, -0.020301584154367447, 0.018487581983208656, -0.017729151993989944, 0.01930423080921173]
[-0.322204, 0.036602, -0.499543, -0.402431, -0.462222] => [0.020262867212295532, -0.01965213753283024, 0.0203899834305048, -0.01514432206749916, 0.021605823189020157]
[-0.322412, 0.051238, -0.499973, -0.247871, -0.327794] => [0.021744955331087112, -0.020185476168990135, 0.018717538565397263, -0.01738688163459301, 0.01959354616701603]
[-0.324112, 0.057675, -0.499639, -0.390079, -0.308504] => [0.022413410246372223, -0.020340360701084137, 0.01856260374188423, -0.017695799469947815, 0.019375015050172806]
[-0.323561, 0.059627, -0.499668, -0.317185, -0.187282] => [0.021970491856336594, -0.020309120416641235, 0.018459057435393333, -0.01776864565908909, 0.01926955208182335]
[-0.322191, 0.060927, -0.499943, -0.305327, -0.341871] => [0.022464115172624588, -0.020350545644760132, 0.01877567172050476, -0.017467031255364418, 0.019613947719335556]
[-0.323671, 0.040561, -0.499375, -0.444421, -0.415656] => [0.020981736481189728, -0.019731858745217323, 0.019839003682136536, -0.01579936407506466, 0.020976508036255836]
[-0.32341, 0.060459, -0.499928, -0.386206, -0.423227] => [0.022067096084356308, -0.020278410986065865, 0.01944432035088539, -0.01667082868516445, 0.0203853826969862]
[-0.322057, 0.034794, -0.499354, -0.337257, -0.399318] => [0.01910492032766342, -0.019749071449041367, 0.01960749924182892, -0.01613525301218033, 0.020658768713474274]
[-0.322635, 0.032386, -0.499711, -0.251947, -0.38684] => [0.021134044975042343, -0.020093364641070366, 0.019054777920246124, -0.016918646171689034, 0.020004063844680786]
[-0.322789, 0.062612, -0.499731, -0.285192, -0.423601] => [0.022069178521633148, -0.020452506840229034, 0.018901467323303223, -0.01738704927265644, 0.019732099026441574]
[-0.322016, 0.049478, -0.499789, -0.241705, -0.189473] => [0.02173246070742607, -0.020275168120861053, 0.018587559461593628, -0.017590725794434547, 0.0194257739931345]
[-0.32256, 0.049491, -0.499856, -0.397544, -0.477319] => [0.02053227648139, -0.019771024584770203, 0.020145369693636894, -0.015512483194470406, 0.02129688300192356]
[-0.323919, 0.04561, -0.499298, -0.373665, -0.251161] => [0.02219882607460022, -0.020341692492365837, 0.01833578757941723, -0.017939327284693718, 0.019119689241051674]
[-0.321924, 0.040902, -0.499631, -0.40247, -0.23181] => [0.0220823734998703, -0.020325081422924995, 0.018398655578494072, -0.017852280288934708, 0.019196119159460068]
[-0.32412, 0.053017, -0.499925, -0.395486, -0.36476] => [0.022307749837636948, -0.0201044213026762, 0.019259588792920113, -0.016755957156419754, 0.020220870152115822]
[-0.323062, 0.042438, -0.499841, -0.241827, -0.390754] => [0.021116245537996292, -0.020046480000019073, 0.01913066767156124, -0.016801996156573296, 0.020101051777601242]
[-0.32348, 0.056892, -0.499241, -0.346976, -0.448868] => [0.02146146446466446, -0.020207472145557404, 0.019445065408945084, -0.01661057397723198, 0.020401110872626305]
[-0.322786, 0.044876, -0.499658, -0.413714, -0.234814] => [0.02210405096411705, -0.02032817341387272, 0.018386952579021454, -0.017868483439087868, 0.01918189227581024]
[-0.322085, 0.043938, -0.499917, -0.466075, -0.331734] => [0.021706469357013702, -0.020058931782841682, 0.01891924999654293, -0.017075996845960617, 0.019851677119731903]
[-0.322127, 0.051911, -0.499909, -0.259494, -0.488267] => [0.02082756906747818, -0.020211685448884964, 0.019208721816539764, -0.01682397723197937, 0.020161466673016548]
[-0.32315, 0.051582, -0.499554, -0.24113, -0.35233] => [0.021683495491743088, -0.020147129893302917, 0.01879492960870266, -0.01727200485765934, 0.01969078555703163]
[-0.323897, 0.051026, -0.49986, -0.441376, -0.432924] => [0.02127518504858017, -0.019927706569433212, 0.019877484068274498, -0.015920955687761307, 0.020963136106729507]
[-0.322713, 0.059302, -0.499328, -0.27477, -0.477242] => [0.021260391920804977, -0.02026970498263836, 0.01920074038207531, -0.016910573467612267, 0.020113719627261162]
[-0.323159, 0.063023, -0.499923, -0.306534, -0.384542] => [0.02230226993560791, -0.02030313014984131, 0.01906188763678074, -0.017107831314206123, 0.01995137520134449]
[-0.323338, 0.044886, -0.499236, -0.401769, -0.218971] => [0.022153407335281372, -0.020335212349891663, 0.018360307440161705, -0.017905374988913536, 0.019149500876665115]
[-0.322678, 0.044371, -0.49941, -0.36429, -0.176499] => [0.021976705640554428, -0.02031000703573227, 0.01845570281147957, -0.01777329109609127, 0.019265472888946533]
[-0.321891, 0.05715, -0.499571, -0.349287, -0.220055] => [0.02206609770655632, -0.020322758704423904, 0.018407441675662994, -0.01784011349081993, 0.019206801429390907]
[-0.323151, 0.032778, -0.499765, -0.430792, -0.418716] => [0.017444338649511337, -0.019597062841057777, 0.019919902086257935, -0.015722086653113365, 0.02101260796189308]
[-0.324022, 0.037013, -0.499264, -0.308538, -0.373306] => [0.02152509242296219, -0.020030464977025986, 0.0190210472792387, -0.01693437434732914, 0.019975710660219193]
[-0.322257, 0.058744, -0.49985, -0.321213, -0.374793] => [0.022177446633577347, -0.020229671150445938, 0.019078563898801804, -0.017034415155649185, 0.019988400861620903]
[-0.32196, 0.059704, -0.499454, -0.253815, -0.480477] => [0.0210699625313282, -0.020219992846250534, 0.019225522875785828, -0.01684003695845604, 0.020155487582087517]
[-0.323745, 0.047715, -0.4998, -0.406423, -0.396101] => [0.021721720695495605, -0.019927209243178368, 0.019611237570643425, -0.016216646879911423, 0.02066681534051895]
[-0.324158, 0.036308, -0.499373, -0.250571, -0.357223] => [0.021679874509572983, -0.020221548154950142, 0.018684882670640945, -0.017443936318159103, 0.019549008458852768]
[-0.323906, 0.06308, -0.499297, -0.409339, -0.374372] => [0.022931121289730072, -0.02033042162656784, 0.01928485743701458, -0.016908276826143265, 0.020191192626953125]
[-0.32237, 0.048921, -0.499486, -0.243371, -0.403253] => [0.02110997587442398, -0.02005120739340782, 0.019125651568174362, -0.016810407862067223, 0.020094353705644608]
[-0.324246, 0.061113, -0.499449, -0.250404, -0.264596] => [0.021882884204387665, -0.020296625792980194, 0.018506351858377457, -0.017703162506222725, 0.01932704821228981]
[-0.32418, 0.03931, -0.499627, -0.28032, -0.208467] => [0.021939236670732498, -0.020304663106799126, 0.018475927412509918, -0.017745288088917732, 0.01929006166756153]
[-0.322613, 0.06252, -0.499328, -0.342165, -0.396898] => [0.02240573614835739, -0.020290404558181763, 0.019227970391511917, -0.016919061541557312, 0.0201416052877903]
[-0.323683, 0.039347, -0.499235, -0.397031, -0.473798] => [0.020332954823970795, -0.019671296700835228, 0.02037607692182064, -0.015181081369519234, 0.021582623943686485]
[-0.324069, 0.036514, -0.499554, -0.298677, -0.493114] => [0.02066892758011818, -0.020235806703567505, 0.019260181114077568, -0.01676412858068943, 0.020232493057847023]
[-0.321918, 0.050182, -0.499302, -0.481665, -0.492542] => [0.020288947969675064, -0.019567733630537987, 0.020592913031578064, -0.014874609187245369, 0.021849870681762695]
[-0.321921, 0.050233, -0.499301, -0.481634, -0.491103] => [0.020305339246988297, -0.01956854946911335, 0.020574824884533882, -0.014894632622599602, 0.021829670295119286]
[-0.32192, 0.05021, -0.499302, -0.481618, -0.492094] => [0.020294159650802612, -0.019568156450986862, 0.020587023347616196, -0.014881251379847527, 0.02184324897825718]
[-0.321921, 0.050208, -0.499298, -0.48185, -0.490785] => [0.02030853182077408, -0.01956801488995552, 0.02057192660868168, -0.014897320419549942, 0.021826626732945442]
[-0.321926, 0.050206, -0.499301, -0.481686, -0.49112] => [0.020305011421442032, -0.01956823095679283, 0.020575469359755516, -0.01489369198679924, 0.021830474957823753]
[-0.321929, 0.050259, -0.499299, -0.481575, -0.487841] => [0.020342081785202026, -0.019569626078009605, 0.020534899085760117, -0.014938254840672016, 0.021785296499729156]
[-0.321923, 0.050266, -0.499299, -0.480881, -0.491232] => [0.020304862409830093, -0.019570080563426018, 0.020573904737830162, -0.014896810054779053, 0.02182820998132229]
[-0.321924, 0.050213, -0.499301, -0.481744, -0.491258] => [0.02030342072248459, -0.019568156450986862, 0.02057722769677639, -0.014891749247908592, 0.021832438185811043]
[-0.321919, 0.050191, -0.4993, -0.48184, -0.489424] => [0.02032368630170822, -0.019568225368857384, 0.020555619150400162, -0.014914955012500286, 0.021808570250868797]
[-0.321918, 0.050232, -0.4993, -0.4808, -0.49204] => [0.020295709371566772, -0.019569749012589455, 0.020583856850862503, -0.01488588098436594, 0.021839292719960213]
[-0.321925, 0.050256, -0.499303, -0.481596, -0.488047] => [0.0203397236764431, -0.019569549709558487, 0.020537439733743668, -0.01493547111749649, 0.02178812213242054]
[-0.321925, 0.050239, -0.499298, -0.481233, -0.487821] => [0.02034253254532814, -0.019570041447877884, 0.02053396962583065, -0.014939568936824799, 0.02178414911031723]
[-0.321921, 0.050231, -0.499302, -0.481475, -0.491309] => [0.02030320093035698, -0.01956876739859581, 0.020576875656843185, -0.014892601408064365, 0.021831871941685677]
[-0.321924, 0.050262, -0.499302, -0.481124, -0.487246] => [0.020349208265542984, -0.019570594653487206, 0.020526381209492683, -0.014948131516575813, 0.021775614470243454]
[-0.321923, 0.050215, -0.499298, -0.481178, -0.487733] => [0.020343445241451263, -0.01956995390355587, 0.020533043891191483, -0.014940489083528519, 0.02178315445780754]
[-0.321927, 0.050197, -0.499303, -0.481441, -0.491429] => [0.020301785320043564, -0.01956852152943611, 0.020578591153025627, -0.014890570193529129, 0.021833837032318115]
[-0.321924, 0.050254, -0.499302, -0.481473, -0.487743] => [0.02034323289990425, -0.01956980675458908, 0.02053346484899521, -0.01493993028998375, 0.021783659234642982]
[-0.321921, 0.050215, -0.499299, -0.481852, -0.49121] => [0.020303819328546524, -0.019567979499697685, 0.020576972514390945, -0.014891885221004486, 0.021832207217812538]
[-0.321922, 0.050238, -0.499301, -0.480833, -0.492357] => [0.020292196422815323, -0.019569678232073784, 0.020587677136063576, -0.014881735667586327, 0.021843528375029564]
[-0.32192, 0.050269, -0.499298, -0.4812, -0.491434] => [0.02030225098133087, -0.01956949755549431, 0.020577237010002136, -0.014892786741256714, 0.02183205634355545]
[-0.321918, 0.050175, -0.4993, -0.481719, -0.490951] => [0.020306643098592758, -0.019567938521504402, 0.020573938265442848, -0.014895100146532059, 0.021828871220350266]
[-0.321924, 0.050231, -0.499303, -0.481773, -0.491516] => [0.020300600677728653, -0.01956821419298649, 0.02058018371462822, -0.01488862931728363, 0.021835682913661003]
[-0.321921, 0.05019, -0.499297, -0.481535, -0.490118] => [0.020316243171691895, -0.019568555057048798, 0.02056320570409298, -0.014907080680131912, 0.02181684784591198]
[-0.321924, 0.050167, -0.4993, -0.481466, -0.490777] => [0.02030887082219124, -0.01956835202872753, 0.020571190863847733, -0.014898364432156086, 0.021825719624757767]
[-0.321918, 0.050179, -0.499301, -0.481337, -0.491442] => [0.020301584154367447, -0.01956852339208126, 0.020578743889927864, -0.014890404418110847, 0.021834004670381546]
[-0.321919, 0.050212, -0.499302, -0.48179, -0.492145] => [0.020293407142162323, -0.019567864015698433, 0.0205881055444479, -0.014879866503179073, 0.02184452675282955]
[-0.321918, 0.05026, -0.499302, -0.481849, -0.489302] => [0.020325373858213425, -0.01956883817911148, 0.020553328096866608, -0.014917891472578049, 0.021805863827466965]
[-0.321919, 0.050236, -0.499298, -0.48093, -0.487736] => [0.02034374326467514, -0.01957055740058422, 0.0205321554094553, -0.014941910281777382, 0.021781999617815018]
[-0.321927, 0.05022, -0.499301, -0.481461, -0.490434] => [0.020313002169132233, -0.019568899646401405, 0.02056637406349182, -0.014903958886861801, 0.021820243448019028]
[-0.321918, 0.050183, -0.499299, -0.480921, -0.487008] => [0.02035163715481758, -0.019570304080843925, 0.02052394300699234, -0.014950505457818508, 0.02177301235496998]
[-0.321921, 0.050225, -0.499298, -0.481701, -0.491725] => [0.02029825747013092, -0.019568193703889847, 0.02058267407119274, -0.014885945245623589, 0.021838435903191566]
[-0.321926, 0.050179, -0.499298, -0.48117, -0.490342] => [0.02031411975622177, -0.019569050520658493, 0.020564982667565346, -0.014905561693012714, 0.02181866392493248]
[-0.321929, 0.050254, -0.499298, -0.481661, -0.488107] => [0.020338982343673706, -0.019569363445043564, 0.020538432523608208, -0.014934265054762363, 0.021789271384477615]
[-0.321922, 0.05024, -0.499298, -0.481387, -0.492173] => [0.02029366046190262, -0.019568756222724915, 0.020587028935551643, -0.014881717041134834, 0.0218430794775486]
[-0.321929, 0.050223, -0.499302, -0.48149, -0.490437] => [0.020312968641519547, -0.019568882882595062, 0.020566431805491447, -0.014903886243700981, 0.0218203105032444]
[-0.321919, 0.050221, -0.499303, -0.480861, -0.491325] => [0.020303618162870407, -0.019569743424654007, 0.02057546377182007, -0.014894871041178703, 0.021830029785633087]
[-0.321922, 0.050182, -0.499299, -0.481488, -0.492591] => [0.020288601517677307, -0.019568001851439476, 0.020593037828803062, -0.014874685555696487, 0.02184993028640747]
[-0.321919, 0.050263, -0.499298, -0.481422, -0.489751] => [0.020320802927017212, -0.019569460302591324, 0.02055758237838745, -0.014913816936314106, 0.02181037701666355]
[-0.321928, 0.050252, -0.499298, -0.481011, -0.489991] => [0.02031857520341873, -0.01957002468407154, 0.020559420809149742, -0.014912284910678864, 0.02181224338710308]
[-0.321927, 0.050264, -0.499303, -0.481647, -0.489517] => [0.02032328024506569, -0.019569184631109238, 0.020555254071950912, -0.014916100539267063, 0.02180788666009903]
[-0.321924, 0.050235, -0.499298, -0.481435, -0.490995] => [0.0203067846596241, -0.0195689108222723, 0.020572969689965248, -0.014896901324391365, 0.021827518939971924]
[-0.321917, 0.050203, -0.4993, -0.480798, -0.489411] => [0.020324978977441788, -0.01957012712955475, 0.020552409812808037, -0.014919867739081383, 0.021804478019475937]
[-0.321918, 0.050217, -0.499301, -0.480852, -0.49151] => [0.020301517099142075, -0.01956966705620289, 0.02057775668799877, -0.014892353676259518, 0.021832583472132683]
[-0.321921, 0.050185, -0.499298, -0.481345, -0.489306] => [0.020325511693954468, -0.019569041207432747, 0.020552897825837135, -0.014918502420186996, 0.021805331110954285]
[-0.321918, 0.05019, -0.499297, -0.480921, -0.489202] => [0.020327117294073105, -0.019569827243685722, 0.020550424233078957, -0.01492176204919815, 0.021802373230457306]
[-0.321926, 0.050203, -0.499303, -0.481458, -0.490588] => [0.020311199128627777, -0.01956874132156372, 0.020568402484059334, -0.01490166038274765, 0.021822527050971985]
[-0.321925, 0.050238, -0.499299, -0.481777, -0.488811] => [0.020330876111984253, -0.019568869844079018, 0.02054746076464653, -0.014924203045666218, 0.021799378097057343]
[-0.321921, 0.050185, -0.499297, -0.481255, -0.487907] => [0.02034125104546547, -0.0195695161819458, 0.020535744726657867, -0.01493725273758173, 0.021786263212561607]
[-0.321918, 0.050221, -0.499299, -0.481516, -0.489627] => [0.020321886986494064, -0.019568979740142822, 0.02055683359503746, -0.01491424161940813, 0.021809691563248634]
[-0.32193, 0.050235, -0.499299, -0.480906, -0.488707] => [0.020332995802164078, -0.019570374861359596, 0.020543772727251053, -0.014929324388504028, 0.021794872358441353]
[-0.321927, 0.050266, -0.499299, -0.481733, -0.487383] => [0.020347055047750473, -0.0195695199072361, 0.020529730245471, -0.014943711459636688, 0.02177962101995945]
[-0.321922, 0.05022, -0.499303, -0.481067, -0.487741] => [0.020343512296676636, -0.019570229575037956, 0.020532693713903427, -0.014941075816750526, 0.021782690659165382]
[-0.321917, 0.05021, -0.499301, -0.481908, -0.491117] => [0.02030475065112114, -0.019567877054214478, 0.020576052367687225, -0.014892790466547012, 0.021831221878528595]
[-0.321918, 0.050247, -0.499302, -0.481275, -0.487978] => [0.020340733230113983, -0.019570032134652138, 0.02053586021065712, -0.014937532134354115, 0.021786240860819817]
[-0.321928, 0.050248, -0.4993, -0.480915, -0.491485] => [0.020301952958106995, -0.019569821655750275, 0.020577233284711838, -0.014893041923642159, 0.02183195762336254]
[-0.321921, 0.050216, -0.499299, -0.481802, -0.487785] => [0.02034219726920128, -0.019568881019949913, 0.020535403862595558, -0.014937127009034157, 0.021786071360111237]
[-0.321929, 0.050238, -0.499297, -0.481268, -0.487641] => [0.020344536751508713, -0.019570009782910347, 0.020531898364424706, -0.014941764995455742, 0.02178187295794487]
[-0.32192, 0.050195, -0.499298, -0.480793, -0.490592] => [0.02031174674630165, -0.019569773226976395, 0.0205667894333601, -0.014904186129570007, 0.021820450201630592]
[-0.321919, 0.050168, -0.499298, -0.481297, -0.489485] => [0.020323459059000015, -0.01956893689930439, 0.02055513858795166, -0.014916017651557922, 0.02180783450603485]
[-0.321921, 0.050217, -0.499297, -0.481029, -0.489577] => [0.02032296359539032, -0.01956978254020214, 0.020554928109049797, -0.01491690706461668, 0.0218073558062315]
[-0.321926, 0.050169, -0.4993, -0.480912, -0.49085] => [0.02030867338180542, -0.019569307565689087, 0.020570486783981323, -0.014899861067533493, 0.02182466723024845]
[-0.321926, 0.050253, -0.499302, -0.481849, -0.492564] => [0.02028891071677208, -0.01956801488995552, 0.020592818036675453, -0.014874940738081932, 0.021849680691957474]
[-0.321923, 0.050211, -0.499298, -0.481512, -0.488286] => [0.020336885005235672, -0.019569214433431625, 0.020540714263916016, -0.014931695535779, 0.021791834384202957]
[-0.321926, 0.050211, -0.499299, -0.481864, -0.489337] => [0.02032477781176567, -0.019568368792533875, 0.020554382354021072, -0.014916395768523216, 0.02180716209113598]
[-0.321921, 0.050248, -0.499301, -0.48144, -0.488453] => [0.02033526822924614, -0.01956963539123535, 0.02054205909371376, -0.014930584467947483, 0.021793195977807045]
[-0.32192, 0.050175, -0.499303, -0.480843, -0.49112] => [0.02030571550130844, -0.019569436088204384, 0.02057347260415554, -0.014896757900714874, 0.021827924996614456]
[-0.32192, 0.050254, -0.499302, -0.480893, -0.492348] => [0.020292293280363083, -0.019569719210267067, 0.02058754302561283, -0.014881912618875504, 0.02184336632490158]
[-0.321928, 0.050197, -0.4993, -0.480802, -0.489102] => [0.020328499376773834, -0.01957014761865139, 0.020548701286315918, -0.014923861250281334, 0.02180037833750248]
[-0.321919, 0.050187, -0.499301, -0.48166, -0.488431] => [0.020334970206022263, -0.01956874504685402, 0.020543139427900314, -0.0149287274107337, 0.021794648841023445]
[-0.321923, 0.050181, -0.499301, -0.48137, -0.487707] => [0.020343385636806488, -0.01956936903297901, 0.020533621311187744, -0.014939412474632263, 0.021783962845802307]
[-0.32193, 0.050238, -0.499299, -0.481129, -0.489475] => [0.020324185490608215, -0.01956983283162117, 0.020553652197122574, -0.014918318949639797, 0.021805930882692337]
[-0.321921, 0.050245, -0.4993, -0.481042, -0.490494] => [0.020312834531068802, -0.01956980675458908, 0.02056567557156086, -0.014905411750078201, 0.021819207817316055]
[-0.321918, 0.050269, -0.499303, -0.481387, -0.492122] => [0.02029435709118843, -0.01956905424594879, 0.020586011931300163, -0.014883038587868214, 0.0218418687582016]
[-0.32193, 0.050245, -0.499301, -0.481601, -0.491303] => [0.02030327171087265, -0.019568664953112602, 0.02057696506381035, -0.01489243470132351, 0.021831996738910675]
[-0.321927, 0.050262, -0.499298, -0.481737, -0.491879] => [0.020296722650527954, -0.019568411633372307, 0.020584171637892723, -0.014884515665471554, 0.02184002287685871]
[-0.321925, 0.050177, -0.499299, -0.481262, -0.489324] => [0.020325392484664917, -0.019569123163819313, 0.020552942529320717, -0.014918518252670765, 0.021805357187986374]
[-0.321922, 0.050227, -0.499299, -0.480936, -0.490343] => [0.02031455561518669, -0.019569866359233856, 0.020563773810863495, -0.014907494187355042, 0.021817093715071678]
[-0.321929, 0.050198, -0.499298, -0.481218, -0.489263] => [0.02032625302672386, -0.019569383934140205, 0.020551830530166626, -0.014919916167855263, 0.021804053336381912]
[-0.321919, 0.050205, -0.4993, -0.481192, -0.49125] => [0.020304009318351746, -0.01956903003156185, 0.020575718954205513, -0.014894042164087296, 0.021830519661307335]
[-0.321926, 0.050212, -0.499297, -0.48189, -0.491496] => [0.020300589501857758, -0.019567806273698807, 0.020580580458045006, -0.014887887984514236, 0.021836237981915474]
[-0.321923, 0.050208, -0.499298, -0.481097, -0.490176] => [0.020316164940595627, -0.019569458439946175, 0.020562443882226944, -0.014908600598573685, 0.021815743297338486]
[-0.321929, 0.050257, -0.499297, -0.481847, -0.48859] => [0.020333390682935715, -0.019568946212530136, 0.02054477483034134, -0.014927146956324577, 0.021796390414237976]
[-0.321927, 0.050197, -0.499299, -0.48084, -0.492545] => [0.020289920270442963, -0.019569259136915207, 0.020590465515851974, -0.014878422021865845, 0.021846726536750793]
[-0.321924, 0.050205, -0.499299, -0.481551, -0.487901] => [0.02034113183617592, -0.019569195806980133, 0.02053621970117092, -0.014936497434973717, 0.021786879748106003]
[-0.321926, 0.050231, -0.499303, -0.481229, -0.490178] => [0.020316164940595627, -0.01956946961581707, 0.020562471821904182, -0.014908582903444767, 0.021815771237015724]
[-0.321927, 0.050204, -0.499299, -0.481212, -0.489781] => [0.020320482552051544, -0.019569329917430878, 0.02055799961090088, -0.014913263730704784, 0.021810878068208694]
[-0.321924, 0.050198, -0.4993, -0.480972, -0.489338] => [0.020325645804405212, -0.01956980489194393, 0.02055203914642334, -0.014920017682015896, 0.021804161369800568]
[-0.32192, 0.050224, -0.4993, -0.481684, -0.490477] => [0.02031223103404045, -0.01956852525472641, 0.0205675195902586, -0.014902438968420029, 0.02182161621749401]
[-0.321921, 0.050189, -0.499299, -0.481297, -0.492045] => [0.02029494196176529, -0.019568519666790962, 0.020585820078849792, -0.014882820658385754, 0.02184181660413742]
[-0.321927, 0.050176, -0.499301, -0.481109, -0.48762] => [0.020344644784927368, -0.019569797441363335, 0.020531879737973213, -0.014941612258553505, 0.021781915798783302]
[-0.321922, 0.050246, -0.499297, -0.480921, -0.490242] => [0.020315781235694885, -0.019570058211684227, 0.020562317222356796, -0.014909205958247185, 0.021815430372953415]
[-0.321927, 0.050178, -0.4993, -0.481465, -0.488111] => [0.02033877745270729, -0.019569076597690582, 0.020538806915283203, -0.01493363082408905, 0.02178976871073246]
[-0.321927, 0.050234, -0.4993, -0.481165, -0.489408] => [0.02032485231757164, -0.01956976018846035, 0.0205529872328043, -0.014918973669409752, 0.02180521935224533]
[-0.321918, 0.050253, -0.499301, -0.48157, -0.489415] => [0.02032436430454254, -0.01956922560930252, 0.020554009824991226, -0.014917462132871151, 0.02180650271475315]
[-0.321924, 0.050231, -0.499303, -0.480864, -0.488448] => [0.020335890352725983, -0.01957050710916519, 0.02054053544998169, -0.014932891353964806, 0.021791262552142143]
[-0.321918, 0.05022, -0.4993, -0.48168, -0.49235] => [0.020291250199079514, -0.019568055868148804, 0.020590217784047127, -0.014877751469612122, 0.021846801042556763]
[-0.321927, 0.050245, -0.499301, -0.481608, -0.487459] => [0.02034624293446541, -0.019569559022784233, 0.020530514419078827, -0.014942897483706474, 0.021780475974082947]
[-0.321928, 0.05021, -0.499298, -0.480805, -0.4876] => [0.02034534513950348, -0.019570590928196907, 0.020530423149466515, -0.01494379248470068, 0.02178007736802101]
[-0.321922, 0.050194, -0.499297, -0.48165, -0.490127] => [0.020316042006015778, -0.019568389281630516, 0.020563583821058273, -0.014906547963619232, 0.021817313507199287]
[-0.321918, 0.050204, -0.499297, -0.481435, -0.489999] => [0.020317718386650085, -0.019568871706724167, 0.02056133560836315, -0.014909331686794758, 0.02181469090282917]
[-0.321922, 0.050253, -0.499297, -0.481272, -0.487361] => [0.020347673445940018, -0.01957019232213497, 0.020528379827737808, -0.014945675618946552, 0.021777937188744545]
[-0.321917, 0.050187, -0.499298, -0.480884, -0.489013] => [0.020329251885414124, -0.019569920375943184, 0.020548056811094284, -0.014924369752407074, 0.021799735724925995]
[-0.321927, 0.05022, -0.4993, -0.481761, -0.491595] => [0.02029968425631523, -0.019568098708987236, 0.02058127149939537, -0.014887374825775623, 0.021836914122104645]
[-0.321922, 0.050181, -0.499299, -0.480783, -0.490097] => [0.020317256450653076, -0.019569797441363335, 0.020560916513204575, -0.014910498633980751, 0.02181396074593067]
[-0.321919, 0.050228, -0.499298, -0.481438, -0.489169] => [0.020327128469944, -0.0195692740380764, 0.020551003515720367, -0.014920717105269432, 0.021803172305226326]
[-0.321918, 0.050261, -0.499299, -0.480958, -0.490119] => [0.020317167043685913, -0.019570166245102882, 0.020560747012495995, -0.014910971745848656, 0.021813664585351944]
[-0.32193, 0.05018, -0.499299, -0.480816, -0.489077] => [0.020328689366579056, -0.01956997811794281, 0.02054864540696144, -0.01492378767579794, 0.021800367161631584]
[-0.321919, 0.050254, -0.499301, -0.480912, -0.490843] => [0.020309101790189743, -0.019570032134652138, 0.020569419488310814, -0.014901574701070786, 0.021823275834321976]
[-0.321925, 0.050253, -0.4993, -0.48135, -0.491514] => [0.02030116692185402, -0.01956910453736782, 0.020578758791089058, -0.014890850521624088, 0.02183385007083416]
[-0.321928, 0.050225, -0.499299, -0.48089, -0.491787] => [0.020298492163419724, -0.01956959068775177, 0.02058110386133194, -0.014888713136315346, 0.02183629758656025]
[-0.321921, 0.050239, -0.499301, -0.480954, -0.487994] => [0.020340874791145325, -0.01957050710916519, 0.02053525112569332, -0.014938553795218468, 0.0217854306101799]
[-0.321925, 0.050236, -0.499302, -0.481479, -0.492357] => [0.020291529595851898, -0.019568556919693947, 0.02058948390185833, -0.01487893145531416, 0.021845845505595207]
[-0.321918, 0.050235, -0.499299, -0.481372, -0.487569] => [0.020345132797956467, -0.01956983283162117, 0.02053137682378292, -0.014942183159291744, 0.021781349554657936]
[-0.321926, 0.050257, -0.499303, -0.481175, -0.487528] => [0.02034599334001541, -0.019570408388972282, 0.020529966801404953, -0.014944145455956459, 0.021779624745249748]
[-0.32192, 0.05026, -0.499302, -0.480869, -0.491131] => [0.020305968821048737, -0.01957009918987751, 0.020572688430547714, -0.014898126013576984, 0.021826863288879395]
[-0.321927, 0.050251, -0.499302, -0.481457, -0.49213] => [0.020294182002544403, -0.019568776711821556, 0.020586488768458366, -0.014882314950227737, 0.0218424741178751]
[-0.321925, 0.050206, -0.499297, -0.481105, -0.490278] => [0.020315021276474, -0.0195693951100111, 0.020563729107379913, -0.014907176606357098, 0.021817179396748543]
[-0.321927, 0.05018, -0.499298, -0.481205, -0.491245] => [0.020303994417190552, -0.019568786025047302, 0.020575983449816704, -0.014893569052219391, 0.021830882877111435]
[-0.32193, 0.050215, -0.499298, -0.481629, -0.488469] => [0.020334787666797638, -0.01956900581717491, 0.02054317481815815, -0.014928901568055153, 0.02179460972547531]
[-0.321918, 0.050244, -0.499301, -0.480787, -0.491973] => [0.02029654011130333, -0.019569896161556244, 0.020582856610417366, -0.014887070283293724, 0.021838143467903137]
[-0.321923, 0.05026, -0.499297, -0.481739, -0.487884] => [0.02034136652946472, -0.01956932246685028, 0.020535927265882492, -0.014936916530132294, 0.021786516532301903]
[-0.321921, 0.050187, -0.4993, -0.481657, -0.490954] => [0.02030676230788231, -0.019568147137761116, 0.020573647692799568, -0.014895575121045113, 0.021828489378094673]
[-0.321928, 0.050253, -0.499298, -0.480964, -0.487751] => [0.020343691110610962, -0.019570643082261086, 0.020532188937067986, -0.014941947534680367, 0.021782008931040764]
[-0.321924, 0.050245, -0.499298, -0.481548, -0.489571] => [0.020322639495134354, -0.019569136202335358, 0.020555946975946426, -0.014915317296981812, 0.021808667108416557]
[-0.321919, 0.050207, -0.4993, -0.481764, -0.490055] => [0.020316779613494873, -0.019568342715501785, 0.020562848076224327, -0.014907300472259521, 0.021816514432430267]
[-0.321929, 0.050254, -0.499298, -0.481535, -0.488778] => [0.02033160999417305, -0.01956942491233349, 0.020546192303299904, -0.014925995841622353, 0.021797817200422287]
[-0.321919, 0.050213, -0.499301, -0.480909, -0.49172] => [0.020299095660448074, -0.019569484516978264, 0.02058049850165844, -0.01488927286118269, 0.02183566242456436]
[-0.321927, 0.05026, -0.499303, -0.481737, -0.48725] => [0.020348526537418365, -0.019569529220461845, 0.020528139546513557, -0.014945420436561108, 0.021777864545583725]
[-0.321918, 0.050267, -0.499301, -0.481763, -0.49128] => [0.020303361117839813, -0.01956856995820999, 0.02057693898677826, -0.01489238627254963, 0.021831996738910675]
[-0.321926, 0.050247, -0.499303, -0.481114, -0.491793] => [0.020298294723033905, -0.01956942118704319, 0.02058148756623268, -0.01488817110657692, 0.021836770698428154]
[-0.321921, 0.050244, -0.4993, -0.481462, -0.487542] => [0.020345408469438553, -0.019569769501686096, 0.020531166344881058, -0.014942361041903496, 0.021781135350465775]
[-0.321918, 0.050163, -0.499302, -0.48139, -0.492057] => [0.02029457688331604, -0.01956816017627716, 0.02058650180697441, -0.014881806448101997, 0.021842675283551216]
[-0.321922, 0.050195, -0.499299, -0.480955, -0.492293] => [0.02029256522655487, -0.01956910267472267, 0.02058778703212738, -0.014881166629493237, 0.021843817085027695]
[-0.321926, 0.050239, -0.499298, -0.481161, -0.490052] => [0.02031765878200531, -0.0195696409791708, 0.020560741424560547, -0.014910571277141571, 0.021813811734318733]
[-0.321925, 0.050256, -0.499303, -0.481544, -0.491835] => [0.020297400653362274, -0.01956874504685402, 0.020583100616931915, -0.014885920099914074, 0.02183874510228634]
[-0.321926, 0.050263, -0.499302, -0.480782, -0.491736] => [0.020299356430768967, -0.019570134580135345, 0.02057969570159912, -0.014890648424625397, 0.021834583953022957]
[-0.321918, 0.050256, -0.4993, -0.481867, -0.490314] => [0.02031400427222252, -0.019568517804145813, 0.020565694198012352, -0.014904392883181572, 0.021819602698087692]
[-0.321929, 0.050211, -0.499303, -0.48102, -0.490433] => [0.020313460379838943, -0.019569601863622665, 0.02056519128382206, -0.014905770309269428, 0.02181873470544815]
[-0.321926, 0.050226, -0.499303, -0.48182, -0.48987] => [0.020318955183029175, -0.01956847868859768, 0.02056046389043331, -0.014909966848790646, 0.02181384153664112]
[-0.321923, 0.050164, -0.499297, -0.480854, -0.48764] => [0.020344585180282593, -0.01957009546458721, 0.020531632006168365, -0.014942105859518051, 0.0217815563082695]
[-0.321918, 0.050213, -0.499298, -0.481259, -0.488066] => [0.02033958211541176, -0.01956971548497677, 0.020537344738841057, -0.014935694634914398, 0.021787971258163452]
[-0.321919, 0.050246, -0.499302, -0.481669, -0.487138] => [0.020349711179733276, -0.01956954225897789, 0.020526817068457603, -0.014946844428777695, 0.02177640050649643]
[-0.321918, 0.050174, -0.499297, -0.481801, -0.491788] => [0.020297173410654068, -0.019567564129829407, 0.02058435045182705, -0.014883652329444885, 0.021840471774339676]
[-0.321929, 0.050196, -0.499301, -0.481282, -0.489738] => [0.02032088115811348, -0.019569169729948044, 0.02055772952735424, -0.014913428574800491, 0.0218106247484684]
[-0.321924, 0.050269, -0.499301, -0.481365, -0.487865] => [0.02034205198287964, -0.019570084288716316, 0.020534472540020943, -0.014939065091311932, 0.021784693002700806]
[-0.321924, 0.050175, -0.499297, -0.480782, -0.492406] => [0.020291395485401154, -0.019569188356399536, 0.02058892697095871, -0.014880011789500713, 0.021845050156116486]
[-0.321922, 0.050241, -0.499297, -0.481453, -0.490706] => [0.02031000331044197, -0.01956898905336857, 0.02056947909295559, -0.014900702983140945, 0.021823642775416374]
[-0.321921, 0.050225, -0.4993, -0.481368, -0.490951] => [0.020307283848524094, -0.019568966701626778, 0.020572351291775703, -0.0148976044729352, 0.021826820448040962]
[-0.321921, 0.050216, -0.499303, -0.481085, -0.489317] => [0.020325839519500732, -0.019569791853427887, 0.020551856607198715, -0.014920204877853394, 0.02180396392941475]
[-0.321921, 0.050233, -0.499302, -0.481085, -0.49] => [0.020318269729614258, -0.019569765776395798, 0.02055993117392063, -0.014911533333361149, 0.021812882274389267]
[-0.321922, 0.050182, -0.499299, -0.481538, -0.492503] => [0.02028954029083252, -0.019567936658859253, 0.020592113956809044, -0.0148756243288517, 0.021848931908607483]
[-0.321922, 0.050182, -0.499299, -0.481493, -0.492565] => [0.020288892090320587, -0.019567999988794327, 0.020592736080288887, -0.014875007793307304, 0.021849598735570908]
[-0.321922, 0.050182, -0.499299, -0.481515, -0.492569] => [0.020288821309804916, -0.019567960873246193, 0.02059284783899784, -0.014874856919050217, 0.021849732846021652]
[-0.321922, 0.050182, -0.499299, -0.481493, -0.492605] => [0.020288441330194473, -0.01956799067556858, 0.020593222230672836, -0.014874479733407497, 0.021850137040019035]
[-0.321922, 0.050182, -0.499299, -0.48152, -0.492513] => [0.020289447158575058, -0.01956796459853649, 0.020592184737324715, -0.014875571243464947, 0.021849000826478004]
[-0.321922, 0.050182, -0.499299, -0.481524, -0.492583] => [0.020288657397031784, -0.0195679422467947, 0.02059304341673851, -0.014874634332954884, 0.02184995263814926]
[-0.321922, 0.050182, -0.499299, -0.481492, -0.492542] => [0.02028914913535118, -0.019568007439374924, 0.020592454820871353, -0.014875314198434353, 0.021849285811185837]
[-0.321922, 0.050182, -0.499299, -0.481524, -0.49258] => [0.02028869092464447, -0.0195679422467947, 0.020593006163835526, -0.014874673448503017, 0.02184991165995598]
[-0.321922, 0.050182, -0.499299, -0.481501, -0.49258] => [0.02028871700167656, -0.019567983224987984, 0.020592940971255302, -0.014874774031341076, 0.021849829703569412]
[-0.321922, 0.050182, -0.499299, -0.481518, -0.492602] => [0.02028845250606537, -0.01956794783473015, 0.020593255758285522, -0.014874410815536976, 0.021850185468792915]
[-0.321922, 0.050182, -0.499299, -0.481528, -0.492588] => [0.02028859406709671, -0.019567934796214104, 0.02059311419725418, -0.014874551445245743, 0.021850034594535828]
[-0.321922, 0.050182, -0.499299, -0.48148, -0.49256] => [0.02028895914554596, -0.019568022340536118, 0.020592641085386276, -0.014875127002596855, 0.021849486976861954]
[-0.321922, 0.050182, -0.499299, -0.481539, -0.492601] => [0.020288441330194473, -0.019567912444472313, 0.020593302324414253, -0.014874332584440708, 0.02185024879872799]
[-0.321922, 0.050182, -0.499299, -0.481488, -0.49253] => [0.020289290696382523, -0.01956801675260067, 0.020592300221323967, -0.014875488355755806, 0.02184911258518696]
[-0.321922, 0.050182, -0.499299, -0.481512, -0.492586] => [0.020288638770580292, -0.019567962735891342, 0.02059304341673851, -0.014874648302793503, 0.021849948912858963]
[-0.321922, 0.050182, -0.499299, -0.481521, -0.492556] => [0.020288962870836258, -0.019567953422665596, 0.02059270814061165, -0.014875001274049282, 0.021849580109119415]
[-0.321922, 0.050182, -0.499299, -0.481485, -0.492567] => [0.020288877189159393, -0.01956801302731037, 0.020592739805579185, -0.014875013381242752, 0.021849598735570908]
[-0.321922, 0.050182, -0.499299, -0.481535, -0.492574] => [0.02028874307870865, -0.019567925482988358, 0.020592963322997093, -0.014874706044793129, 0.021849870681762695]
[-0.321922, 0.050182, -0.499299, -0.481482, -0.492552] => [0.020289044827222824, -0.019568022340536118, 0.020592549815773964, -0.014875223860144615, 0.021849386394023895]
[-0.321922, 0.050182, -0.499299, -0.481476, -0.492589] => [0.020288638770580292, -0.019568024203181267, 0.020592980086803436, -0.01487476285547018, 0.02184986136853695]
[-0.321922, 0.050182, -0.499299, -0.481501, -0.492488] => [0.020289745181798935, -0.019568003714084625, 0.02059182897210121, -0.014875982888042927, 0.02184859663248062]
[-0.321922, 0.050182, -0.499299, -0.481529, -0.492509] => [0.020289480686187744, -0.019567951560020447, 0.020592160522937775, -0.014875585213303566, 0.021848978474736214]
[-0.321922, 0.050182, -0.499299, -0.481526, -0.492549] => [0.020289037376642227, -0.019567945972085, 0.02059263549745083, -0.014875072985887527, 0.021849503740668297]
[-0.321922, 0.050182, -0.499299, -0.481495, -0.492496] => [0.02028966322541237, -0.01956801302731037, 0.02059190906584263, -0.014875901862978935, 0.021848682314157486]
[-0.321922, 0.050182, -0.499299, -0.481525, -0.492516] => [0.020289406180381775, -0.019567955285310745, 0.020592236891388893, -0.014875507913529873, 0.02184906043112278]
[-0.321922, 0.050182, -0.499299, -0.481494, -0.492503] => [0.0202895849943161, -0.01956801302731037, 0.020591991022229195, -0.01487581618130207, 0.02184877172112465]
[-0.321922, 0.050182, -0.499299, -0.481491, -0.492536] => [0.020289216190576553, -0.019568009302020073, 0.020592380315065384, -0.014875396154820919, 0.02184920385479927]
[-0.321922, 0.050182, -0.499299, -0.481491, -0.492575] => [0.020288780331611633, -0.019568001851439476, 0.02059285156428814, -0.01487488579005003, 0.021849725395441055]
[-0.321922, 0.050182, -0.499299, -0.481485, -0.492502] => [0.020289603620767593, -0.019568029791116714, 0.02059195190668106, -0.014875869266688824, 0.02184872515499592]
[-0.321922, 0.050182, -0.499299, -0.481518, -0.492532] => [0.020289231091737747, -0.019567962735891342, 0.02059241011738777, -0.014875328168272972, 0.021849248558282852]
[-0.321922, 0.050182, -0.499299, -0.481478, -0.492522] => [0.020289387553930283, -0.01956803724169731, 0.02059217542409897, -0.01487563643604517, 0.021848969161510468]
[-0.321922, 0.050182, -0.499299, -0.481495, -0.492565] => [0.020288892090320587, -0.01956799626350403, 0.020592741668224335, -0.014874997548758984, 0.021849606186151505]
[-0.321922, 0.050182, -0.499299, -0.481488, -0.492593] => [0.020288582891225815, -0.019568001851439476, 0.020593062043190002, -0.014874659478664398, 0.02184995822608471]
[-0.321922, 0.050182, -0.499299, -0.481482, -0.492514] => [0.02028946951031685, -0.019568031653761864, 0.020592089742422104, -0.014875723980367184, 0.021848876029253006]
[-0.321922, 0.050182, -0.499299, -0.48152, -0.492536] => [0.020289182662963867, -0.019567959010601044, 0.0205924641340971, -0.014875267632305622, 0.021849310025572777]
[-0.321922, 0.050182, -0.499299, -0.481511, -0.492502] => [0.020289573818445206, -0.019567983224987984, 0.02059202641248703, -0.01487575564533472, 0.02184882014989853]
[-0.321922, 0.050182, -0.499299, -0.481534, -0.492532] => [0.020289219915866852, -0.019567934796214104, 0.020592454820871353, -0.014875257387757301, 0.021849308162927628]
[-0.321922, 0.050182, -0.499299, -0.481509, -0.492573] => [0.020288784056901932, -0.01956797018647194, 0.020592879503965378, -0.014874828979372978, 0.02184976637363434]
[-0.321922, 0.050182, -0.499299, -0.48148, -0.49254] => [0.02028917893767357, -0.019568027928471565, 0.020592398941516876, -0.014875390566885471, 0.021849218755960464]
[-0.321922, 0.050182, -0.499299, -0.481479, -0.492573] => [0.020288817584514618, -0.019568022340536118, 0.020592795684933662, -0.014874961227178574, 0.021849656477570534]
[-0.321922, 0.050182, -0.499299, -0.481537, -0.492535] => [0.02028917521238327, -0.019567931070923805, 0.020592495799064636, -0.01487521082162857, 0.02184935286641121]
[-0.321922, 0.050182, -0.499299, -0.481477, -0.49258] => [0.02028874307870865, -0.019568024203181267, 0.02059287391602993, -0.014874878339469433, 0.021849744021892548]
[-0.321922, 0.050182, -0.499299, -0.481498, -0.492602] => [0.020288467407226562, -0.019567983224987984, 0.020593198016285896, -0.014874497428536415, 0.021850114688277245]
[-0.321922, 0.050182, -0.499299, -0.481523, -0.492546] => [0.020289070904254913, -0.019567953422665596, 0.020592590793967247, -0.01487512607127428, 0.02184945158660412]
[-0.321922, 0.050182, -0.499299, -0.481492, -0.49256] => [0.020288944244384766, -0.019568001851439476, 0.020592674612998962, -0.014875075779855251, 0.021849529817700386]
[-0.321922, 0.050182, -0.499299, -0.481527, -0.492582] => [0.020288661122322083, -0.019567936658859253, 0.020593037828803062, -0.014874635264277458, 0.021849948912858963]
[-0.321922, 0.050182, -0.499299, -0.481526, -0.492504] => [0.02028953656554222, -0.019567957147955894, 0.020592093467712402, -0.014875663444399834, 0.021848900243639946]
[-0.321922, 0.050182, -0.499299, -0.481496, -0.492533] => [0.02028924971818924, -0.019568001851439476, 0.020592357963323593, -0.014875413849949837, 0.02184918150305748]
[-0.321922, 0.050182, -0.499299, -0.481512, -0.492559] => [0.02028893679380417, -0.01956796832382679, 0.020592717453837395, -0.014875003136694431, 0.021849587559700012]
[-0.321922, 0.050182, -0.499299, -0.481493, -0.4926] => [0.020288504660129547, -0.01956799253821373, 0.020593158900737762, -0.014874549582600594, 0.021850066259503365]
[-0.321922, 0.050182, -0.499299, -0.481524, -0.49255] => [0.02028902992606163, -0.019567949697375298, 0.020592642948031425, -0.01487506739795208, 0.021849509328603745]
[-0.321922, 0.050182, -0.499299, -0.481523, -0.492515] => [0.02028941735625267, -0.019567959010601044, 0.02059221640229225, -0.014875533059239388, 0.02184903621673584]
[-0.321922, 0.050182, -0.499299, -0.481489, -0.492491] => [0.020289722830057144, -0.019568024203181267, 0.02059183269739151, -0.014875993132591248, 0.021848594769835472]
[-0.321922, 0.050182, -0.499299, -0.481488, -0.492581] => [0.02028871700167656, -0.019568003714084625, 0.02059291861951351, -0.014874815009534359, 0.021849798038601875]
[-0.321922, 0.050182, -0.499299, -0.481487, -0.492511] => [0.020289499312639236, -0.019568022340536118, 0.020592067390680313, -0.014875740744173527, 0.021848855540156364]
[-0.321922, 0.050182, -0.499299, -0.481523, -0.492551] => [0.020289018750190735, -0.019567951560020447, 0.02059265226125717, -0.014875059016048908, 0.02184952050447464]
[-0.321922, 0.050182, -0.499299, -0.481483, -0.492578] => [0.020288754254579544, -0.01956801302731037, 0.020592866465449333, -0.014874878339469433, 0.0218497384339571]
[-0.321922, 0.050182, -0.499299, -0.481489, -0.492509] => [0.02028951793909073, -0.01956802047789097, 0.02059204876422882, -0.014875759370625019, 0.021848833188414574]
[-0.321922, 0.050182, -0.499299, -0.481516, -0.492552] => [0.02028900757431984, -0.019567962735891342, 0.020592644810676575, -0.014875075779855251, 0.021849509328603745]
[-0.321922, 0.050182, -0.499299, -0.481526, -0.492599] => [0.020288478583097458, -0.019567934796214104, 0.02059324085712433, -0.014874417334794998, 0.02185017243027687]
[-0.321922, 0.050182, -0.499299, -0.481492, -0.492581] => [0.02028871327638626, -0.019567998126149178, 0.020592927932739258, -0.01487479917705059, 0.02184981107711792]
[-0.321922, 0.050182, -0.499299, -0.481491, -0.492545] => [0.020289115607738495, -0.019568009302020073, 0.02059248834848404, -0.014875278808176517, 0.02184932306408882]
[-0.321922, 0.050182, -0.499299, -0.481513, -0.492523] => [0.020289339125156403, -0.019567975774407387, 0.020592287182807922, -0.014875469729304314, 0.02184910885989666]
[-0.321922, 0.050182, -0.499299, -0.481498, -0.492545] => [0.020289108157157898, -0.01956799626350403, 0.02059250883758068, -0.014875248074531555, 0.02184934914112091]
[-0.321922, 0.050182, -0.499299, -0.481517, -0.492508] => [0.020289499312639236, -0.01956797204911709, 0.020592115819454193, -0.014875649474561214, 0.021848922595381737]
[-0.321922, 0.050182, -0.499299, -0.481481, -0.492506] => [0.02028956264257431, -0.019568033516407013, 0.020591991022229195, -0.014875831082463264, 0.0218487661331892]
[-0.321922, 0.050182, -0.499299, -0.481492, -0.492511] => [0.020289495587348938, -0.01956801488995552, 0.020592082291841507, -0.01487571932375431, 0.021848872303962708]
[-0.321922, 0.050182, -0.499299, -0.481505, -0.492578] => [0.020288731902837753, -0.019567975774407387, 0.020592927932739258, -0.014874783344566822, 0.021849816665053368]
[-0.321922, 0.050182, -0.499299, -0.481483, -0.492536] => [0.02028922364115715, -0.019568024203181267, 0.020592357963323593, -0.014875429682433605, 0.021849175915122032]
[-0.321922, 0.050182, -0.499299, -0.481539, -0.49252] => [0.0202893428504467, -0.019567931070923805, 0.020592322573065758, -0.014875396154820919, 0.021849162876605988]
[-0.321922, 0.050182, -0.499299, -0.481478, -0.492529] => [0.020289309322834015, -0.019568035379052162, 0.020592259243130684, -0.014875544235110283, 0.02184906229376793]
[-0.321922, 0.050182, -0.499299, -0.481525, -0.492513] => [0.020289435982704163, -0.019567957147955894, 0.02059219963848591, -0.014875548891723156, 0.021849017590284348]
[-0.321922, 0.050182, -0.499299, -0.481527, -0.492492] => [0.020289670675992966, -0.019567957147955894, 0.02059195004403591, -0.01487581618130207, 0.02184874378144741]
[-0.321922, 0.050182, -0.499299, -0.481526, -0.492525] => [0.020289305597543716, -0.019567953422665596, 0.02059234492480755, -0.014875388704240322, 0.02184918150305748]
[-0.321922, 0.050182, -0.499299, -0.481485, -0.492491] => [0.020289726555347443, -0.019568031653761864, 0.020591819658875465, -0.014876013621687889, 0.02184857800602913]
[-0.321922, 0.050182, -0.499299, -0.481493, -0.492497] => [0.020289655774831772, -0.01956801675260067, 0.020591914653778076, -0.014875899069011211, 0.021848687902092934]
[-0.321922, 0.050182, -0.499299, -0.481496, -0.492582] => [0.02028869464993477, -0.01956799067556858, 0.020592952147126198, -0.014874768443405628, 0.02184983901679516]
[-0.321922, 0.050182, -0.499299, -0.481488, -0.492573] => [0.02028881013393402, -0.019568005576729774, 0.020592819899320602, -0.014874921180307865, 0.02184969000518322]
[-0.321922, 0.050182, -0.499299, -0.481539, -0.492509] => [0.02028946951031685, -0.019567934796214104, 0.020592186599969864, -0.014875544235110283, 0.0218490120023489]
[-0.321922, 0.050182, -0.499299, -0.481489, -0.492559] => [0.020288962870836258, -0.019568009302020073, 0.02059265226125717, -0.014875104650855064, 0.021849503740668297]
[-0.321922, 0.050182, -0.499299, -0.481516, -0.492542] => [0.020289123058319092, -0.01956796459853649, 0.020592523738741875, -0.014875207096338272, 0.021849375218153]
[-0.321922, 0.050182, -0.499299, -0.481491, -0.492522] => [0.020289376378059387, -0.01956801302731037, 0.020592210814356804, -0.014875580556690693, 0.0218490157276392]
[-0.321922, 0.050182, -0.499299, -0.481482, -0.492494] => [0.020289696753025055, -0.019568035379052162, 0.020591847598552704, -0.0148759875446558, 0.021848607808351517]
[-0.321922, 0.050182, -0.499299, -0.481489, -0.492561] => [0.020288940519094467, -0.019568007439374924, 0.02059267833828926, -0.014875074848532677, 0.021849531680345535]
[-0.321922, 0.050182, -0.499299, -0.481482, -0.492543] => [0.020289145410060883, -0.019568024203181267, 0.02059244178235531, -0.014875342138111591, 0.021849265322089195]
[-0.321922, 0.050182, -0.499299, -0.48148, -0.492541] => [0.02028917521238327, -0.019568027928471565, 0.02059241011738777, -0.014875378459692001, 0.02184922993183136]
[-0.321922, 0.050182, -0.499299, -0.481479, -0.492593] => [0.02028859406709671, -0.01956801675260067, 0.020593037828803062, -0.014874697662889957, 0.021849926561117172]
[-0.321922, 0.050182, -0.499299, -0.481499, -0.492574] => [0.020288784056901932, -0.019567986950278282, 0.020592862740159035, -0.01487486157566309, 0.0218497421592474]
[-0.321922, 0.050182, -0.499299, -0.481514, -0.492565] => [0.020288866013288498, -0.019567962735891342, 0.020592795684933662, -0.014874914661049843, 0.021849675104022026]
[-0.321922, 0.050182, -0.499299, -0.481519, -0.492522] => [0.0202893428504467, -0.01956796646118164, 0.02059229090809822, -0.014875458553433418, 0.021849116310477257]
[-0.321922, 0.050182, -0.499299, -0.481535, -0.492519] => [0.020289361476898193, -0.019567938521504402, 0.020592300221323967, -0.014875426888465881, 0.02184913493692875]
[-0.321922, 0.050182, -0.499299, -0.481489, -0.492581] => [0.02028871327638626, -0.019568001851439476, 0.02059292048215866, -0.014874812215566635, 0.021849801763892174]
[-0.321922, 0.050182, -0.499299, -0.481521, -0.492522] => [0.0202893428504467, -0.019567960873246193, 0.02059229649603367, -0.014875447377562523, 0.021849125623703003]
[-0.321922, 0.050182, -0.499299, -0.481523, -0.492571] => [0.02028879150748253, -0.019567945972085, 0.02059289440512657, -0.014874797314405441, 0.02184978872537613]
[-0.321922, 0.050182, -0.499299, -0.481486, -0.492581] => [0.02028871700167656, -0.019568007439374924, 0.020592911168932915, -0.01487482525408268, 0.02184979058802128]
[-0.321922, 0.050182, -0.499299, -0.481527, -0.492549] => [0.02028903365135193, -0.01956794410943985, 0.020592639222741127, -0.014875069260597229, 0.021849507465958595]
[-0.321922, 0.050182, -0.499299, -0.481498, -0.492521] => [0.020289376378059387, -0.019568001851439476, 0.02059222012758255, -0.0148755619302392, 0.021849026903510094]
[-0.321922, 0.050182, -0.499299, -0.481491, -0.492596] => [0.02028854563832283, -0.01956799626350403, 0.020593106746673584, -0.014874606393277645, 0.02185000851750374]
[-0.321922, 0.050182, -0.499299, -0.481478, -0.492606] => [0.02028844878077507, -0.01956801675260067, 0.0205931905657053, -0.01487453281879425, 0.021850096061825752]
[-0.321922, 0.050182, -0.499299, -0.481524, -0.492602] => [0.020288441330194473, -0.019567936658859253, 0.020593270659446716, -0.014874384738504887, 0.021850207820534706]
[-0.321922, 0.050182, -0.499299, -0.481528, -0.492575] => [0.02028873935341835, -0.019567936658859253, 0.020592957735061646, -0.014874720014631748, 0.02184986136853695]
[-0.321922, 0.050182, -0.499299, -0.481482, -0.492507] => [0.020289551466703415, -0.019568031653761864, 0.02059200592339039, -0.014875814318656921, 0.021848782896995544]
[-0.321922, 0.050182, -0.499299, -0.481478, -0.492521] => [0.020289398729801178, -0.01956803724169731, 0.020592162385582924, -0.014875650405883789, 0.021848954260349274]
[-0.321922, 0.050182, -0.499299, -0.481487, -0.492567] => [0.020288873463869095, -0.019568009302020073, 0.020592745393514633, -0.014875005930662155, 0.021849606186151505]
[-0.321922, 0.050182, -0.499299, -0.481484, -0.492579] => [0.02028874307870865, -0.01956801302731037, 0.020592881366610527, -0.01487486157566309, 0.021849755197763443]
[-0.321922, 0.050182, -0.499299, -0.481523, -0.492597] => [0.02028849720954895, -0.01956794038414955, 0.02059320919215679, -0.014874454587697983, 0.021850137040019035]
[-0.321922, 0.050182, -0.499299, -0.4815, -0.492546] => [0.020289093255996704, -0.01956799253821373, 0.020592527464032173, -0.014875223860144615, 0.0218493714928627]
[-0.321922, 0.050182, -0.499299, -0.481523, -0.492603] => [0.020288430154323578, -0.019567938521504402, 0.02059328183531761, -0.014874374493956566, 0.0218502189964056]
[-0.321922, 0.050182, -0.499299, -0.481529, -0.492604] => [0.020288411527872086, -0.019567929208278656, 0.02059330977499485, -0.014874337241053581, 0.021850252524018288]
[-0.321922, 0.050182, -0.499299, -0.481506, -0.492493] => [0.020289689302444458, -0.01956799440085888, 0.02059190347790718, -0.014875896275043488, 0.021848680451512337]
[-0.321922, 0.050182, -0.499299, -0.481523, -0.492517] => [0.02028939127922058, -0.019567959010601044, 0.02059224247932434, -0.014875505119562149, 0.02184906415641308]
[-0.321922, 0.050182, -0.499299, -0.481517, -0.492593] => [0.020288553088903427, -0.019567951560020447, 0.02059314399957657, -0.014874530956149101, 0.021850064396858215]
[-0.321922, 0.050182, -0.499299, -0.481538, -0.492554] => [0.020288966596126556, -0.01956792362034321, 0.02059273049235344, -0.014874952845275402, 0.02184961549937725]
[-0.321922, 0.050182, -0.499299, -0.48152, -0.492489] => [0.02028971165418625, -0.01956797204911709, 0.020591894164681435, -0.014875887893140316, 0.02184867672622204]
[-0.321922, 0.050182, -0.499299, -0.481497, -0.492559] => [0.02028895542025566, -0.01956799440085888, 0.02059267647564411, -0.014875066466629505, 0.021849533542990685]
[-0.321922, 0.050182, -0.499299, -0.481525, -0.492588] => [0.02028859779238701, -0.019567938521504402, 0.020593106746673584, -0.014874563552439213, 0.021850023418664932]
[-0.321922, 0.050182, -0.499299, -0.481493, -0.492573] => [0.020288798958063126, -0.019567998126149178, 0.020592834800481796, -0.014874898828566074, 0.021849708631634712]
[-0.321922, 0.050182, -0.499299, -0.481481, -0.492547] => [0.0202891044318676, -0.019568024203181267, 0.02059248834848404, -0.014875291846692562, 0.021849317476153374]
[-0.321922, 0.050182, -0.499299, -0.481503, -0.492585] => [0.020288653671741486, -0.019567977637052536, 0.020593006163835526, -0.014874699525535107, 0.02184990420937538]
[-0.321922, 0.050182, -0.499299, -0.481512, -0.492577] => [0.020288731902837753, -0.01956796459853649, 0.020592935383319855, -0.014874765649437904, 0.021849829703569412]
[-0.321922, 0.050182, -0.499299, -0.481509, -0.49252] => [0.020289376378059387, -0.019567983224987984, 0.020592236891388893, -0.014875528402626514, 0.021849052980542183]
[-0.321922, 0.050182, -0.499299, -0.481491, -0.492569] => [0.020288847386837006, -0.019568001851439476, 0.02059277892112732, -0.014874963089823723, 0.02184964530169964]
[-0.321922, 0.050182, -0.499299, -0.481502, -0.492491] => [0.02028971165418625, -0.019568001851439476, 0.020591866225004196, -0.014875940978527069, 0.021848637610673904]
[-0.321922, 0.050182, -0.499299, -0.481477, -0.492591] => [0.0202886164188385, -0.01956802047789097, 0.020593006163835526, -0.014874733053147793, 0.021849891170859337]
[-0.321922, 0.050182, -0.499299, -0.48151, -0.492543] => [0.020289119333028793, -0.019567975774407387, 0.020592518150806427, -0.014875221066176891, 0.021849365904927254]
[-0.321922, 0.050182, -0.499299, -0.481503, -0.492535] => [0.020289216190576553, -0.01956798881292343, 0.020592402666807175, -0.01487535610795021, 0.02184923365712166]
[-0.321922, 0.050182, -0.499299, -0.481525, -0.492604] => [0.02028842270374298, -0.019567934796214104, 0.020593298599123955, -0.014874354936182499, 0.021850237622857094]
[-0.321922, 0.050182, -0.499299, -0.481505, -0.492599] => [0.02028849348425865, -0.01956797018647194, 0.020593183115124702, -0.014874505810439587, 0.02185009978711605]
[-0.321922, 0.050182, -0.499299, -0.481538, -0.492519] => [0.020289361476898193, -0.019567932933568954, 0.020592305809259415, -0.014875417575240135, 0.021849140524864197]
[-0.321922, 0.050182, -0.499299, -0.481529, -0.492601] => [0.02028844878077507, -0.019567929208278656, 0.020593274384737015, -0.01487437542527914, 0.021850213408470154]
[-0.321922, 0.050182, -0.499299, -0.481521, -0.492534] => [0.020289205014705658, -0.019567959010601044, 0.02059243991971016, -0.014875292778015137, 0.021849283948540688]
[-0.321922, 0.050182, -0.499299, -0.481506, -0.492535] => [0.020289212465286255, -0.019567985087633133, 0.02059241198003292, -0.014875343069434166, 0.021849244832992554]
[-0.321922, 0.050182, -0.499299, -0.481535, -0.49254] => [0.02028912678360939, -0.019567932933568954, 0.020592551678419113, -0.01487515214830637, 0.021849416196346283]
[-0.321922, 0.050182, -0.499299, -0.48151, -0.49252] => [0.02028937265276909, -0.019567981362342834, 0.02059224061667919, -0.014875523746013641, 0.02184905670583248]
[-0.321922, 0.050182, -0.499299, -0.48148, -0.492496] => [0.020289674401283264, -0.01956803910434246, 0.020591866225004196, -0.014875968918204308, 0.021848628297448158]
[-0.321922, 0.050182, -0.499299, -0.481486, -0.492568] => [0.020288866013288498, -0.019568011164665222, 0.02059275470674038, -0.014874996617436409, 0.02184961549937725]
[-0.321922, 0.050182, -0.499299, -0.481521, -0.49254] => [0.020289137959480286, -0.019567957147955894, 0.02059251442551613, -0.014875211752951145, 0.021849365904927254]
[-0.321922, 0.050182, -0.499299, -0.481523, -0.492542] => [0.020289115607738495, -0.019567953422665596, 0.020592544227838516, -0.01487517636269331, 0.02184940129518509]
[-0.321922, 0.050182, -0.499299, -0.481537, -0.49249] => [0.02028968185186386, -0.01956794038414955, 0.02059195376932621, -0.014875799417495728, 0.021848753094673157]
[-0.321922, 0.050182, -0.499299, -0.481491, -0.492523] => [0.020289361476898193, -0.01956801302731037, 0.02059222385287285, -0.014875566586852074, 0.021849028766155243]
[-0.321922, 0.050182, -0.499299, -0.481528, -0.492562] => [0.02028888463973999, -0.01956794038414955, 0.02059279941022396, -0.014874893240630627, 0.02184968627989292]
[-0.321922, 0.050182, -0.499299, -0.48152, -0.4925] => [0.0202895887196064, -0.01956796832382679, 0.02059202641248703, -0.01487574353814125, 0.021848825737833977]
[-0.321922, 0.050182, -0.499299, -0.481535, -0.492605] => [0.02028839662671089, -0.01956791803240776, 0.020593339577317238, -0.014874298125505447, 0.021850287914276123]
[-0.321922, 0.050182, -0.499299, -0.481497, -0.492542] => [0.020289141684770584, -0.019567998126149178, 0.020592469722032547, -0.014875292778015137, 0.02184930443763733]
[-0.321922, 0.050182, -0.499299, -0.4815, -0.4925] => [0.02028961107134819, -0.019568003714084625, 0.020591970533132553, -0.014875829219818115, 0.021848753094673157]
[-0.321922, 0.050182, -0.499299, -0.481499, -0.4926] => [0.020288489758968353, -0.019567981362342834, 0.020593177527189255, -0.014874518848955631, 0.021850092336535454]
[-0.321922, 0.050182, -0.499299, -0.481482, -0.492551] => [0.02028905600309372, -0.019568022340536118, 0.02059253677725792, -0.01487523689866066, 0.02184937335550785]
[-0.321922, 0.050182, -0.499299, -0.481509, -0.49259] => [0.02028859406709671, -0.01956796646118164, 0.020593084394931793, -0.01487460732460022, 0.021849993616342545]
[-0.321922, 0.050182, -0.499299, -0.481487, -0.492601] => [0.02028849720954895, -0.019568001851439476, 0.020593155175447464, -0.01487455889582634, 0.021850060671567917]
[-0.321922, 0.050182, -0.499299, -0.481504, -0.492543] => [0.02028912678360939, -0.019567986950278282, 0.020592501387000084, -0.014875248074531555, 0.021849343553185463]
[-0.321922, 0.050182, -0.499299, -0.481536, -0.492606] => [0.020288389176130295, -0.01956791616976261, 0.020593352615833282, -0.01487428043037653, 0.021850304678082466]
[-0.321922, 0.050182, -0.499299, -0.481535, -0.492606] => [0.020288385450839996, -0.01956791616976261, 0.020593352615833282, -0.014874281361699104, 0.021850302815437317]
[-0.321922, 0.050182, -0.499299, -0.481536, -0.492605] => [0.02028840035200119, -0.01956791616976261, 0.020593341439962387, -0.01487429253757, 0.02185029163956642]
[-0.321857, 0.042479, -0.499353, -0.303713, -0.213812] => [0.021951843053102493, -0.020306462422013283, 0.018469123169779778, -0.017754709348082542, 0.019281789660453796]
[-0.321811, 0.063465, -0.499383, -0.301857, -0.194789] => [0.021919704973697662, -0.020301876589655876, 0.018486475571990013, -0.01773068495094776, 0.019302884116768837]
[-0.323053, 0.059339, -0.499932, -0.319602, -0.364902] => [0.022377770394086838, -0.020278966054320335, 0.0189790278673172, -0.017188221216201782, 0.019861986860632896]
[-0.323689, 0.06349, -0.49996, -0.229114, -0.403293] => [0.022206630557775497, -0.020438645035028458, 0.01882983185350895, -0.017451833933591843, 0.01965826004743576]
[-0.322467, 0.038568, -0.499997, -0.447345, -0.236228] => [0.02205471321940422, -0.020321134477853775, 0.018413588404655457, -0.017831601202487946, 0.019214274361729622]
[-0.321877, 0.051068, -0.499339, -0.295712, -0.254003] => [0.021984003484249115, -0.02031104825437069, 0.018451761454343796, -0.017778748646378517, 0.01926068216562271]
[-0.3241, 0.054237, -0.499593, -0.470211, -0.345562] => [0.02218923345208168, -0.020123686641454697, 0.019130567088723183, -0.01690688729286194, 0.02007138542830944]
[-0.322209, 0.041535, -0.499942, -0.381713, -0.353053] => [0.021610744297504425, -0.020041098818182945, 0.018977170810103416, -0.01699470914900303, 0.019922539591789246]
[-0.322615, 0.050948, -0.499217, -0.35294, -0.306324] => [0.02207377552986145, -0.0202968530356884, 0.018443653360009193, -0.01778292842209339, 0.019253702834248543]
[-0.323759, 0.037969, -0.499396, -0.235553, -0.346845] => [0.021754231303930283, -0.02027103118598461, 0.01858663186430931, -0.01759011670947075, 0.019425420090556145]
[-0.322133, 0.042361, -0.499787, -0.29342, -0.254384] => [0.02200944721698761, -0.02031467854976654, 0.018438024446368217, -0.017797769978642464, 0.019243981689214706]
[-0.322209, 0.037331, -0.499935, -0.430095, -0.303207] => [0.021942101418972015, -0.020274681970477104, 0.018519805744290352, -0.01767660304903984, 0.01934664510190487]
[-0.322846, 0.032726, -0.499856, -0.303029, -0.358736] => [0.021687064319849014, -0.020113501697778702, 0.01884402334690094, -0.017195120453834534, 0.019754108041524887]
[-0.322192, 0.058784, -0.499571, -0.245287, -0.356311] => [0.022085510194301605, -0.020284321159124374, 0.018834572285413742, -0.017338499426841736, 0.01970008946955204]
[-0.322689, 0.040109, -0.499838, -0.461205, -0.359121] => [0.02084777131676674, -0.019907603040337563, 0.019237807020545006, -0.016626259312033653, 0.020235072821378708]
[-0.322041, 0.050358, -0.499932, -0.476262, -0.392554] => [0.021638717502355576, -0.019969237968325615, 0.01961657404899597, -0.016234291717410088, 0.020664244890213013]
[-0.324094, 0.038963, -0.499336, -0.339009, -0.328275] => [0.021987054497003555, -0.02022823691368103, 0.018574537709355354, -0.017587026581168175, 0.01941881887614727]
[-0.321873, 0.057935, -0.4999, -0.261807, -0.177566] => [0.02174542471766472, -0.02027701772749424, 0.018580563366413116, -0.01760041154921055, 0.01941726915538311]
[-0.323977, 0.05008, -0.499779, -0.317606, -0.181378] => [0.021938104182481766, -0.020304501056671143, 0.018476540222764015, -0.017744438722729683, 0.019290806725621223]
[-0.323639, 0.032034, -0.499442, -0.341741, -0.421537] => [0.019388839602470398, -0.019777333363890648, 0.019648242741823196, -0.01607671007514, 0.0207161046564579]
[-0.321983, 0.061397, -0.49933, -0.489952, -0.403049] => [0.022303495556116104, -0.02019931562244892, 0.019517844542860985, -0.016529910266399384, 0.020492445677518845]
[-0.322995, 0.052233, -0.499727, -0.439569, -0.278441] => [0.022025976330041885, -0.020317036658525467, 0.01842910423874855, -0.017810121178627014, 0.019233135506510735]
[-0.322638, 0.036796, -0.499433, -0.401826, -0.30364] => [0.022005576640367508, -0.02031412534415722, 0.018440116196870804, -0.01779487356543541, 0.019246524199843407]
[-0.322673, 0.061126, -0.499516, -0.378508, -0.462663] => [0.02145468071103096, -0.020146643742918968, 0.019625211134552956, -0.01637471280992031, 0.02061680145561695]
[-0.32406, 0.037221, -0.499763, -0.347327, -0.382413] => [0.01961016282439232, -0.019792960956692696, 0.019414536654949188, -0.01639530248939991, 0.020428577437996864]
[-0.322989, 0.058293, -0.499449, -0.239703, -0.241768] => [0.021876562386751175, -0.020295722410082817, 0.018509766086935997, -0.017698436975479126, 0.019331200048327446]
[-0.321966, 0.063461, -0.499751, -0.336615, -0.486262] => [0.021535683423280716, -0.020339976996183395, 0.019220417365431786, -0.01696251891553402, 0.02011081948876381]
[-0.323258, 0.033061, -0.499337, -0.430645, -0.454373] => [0.020371977239847183, -0.019611136987805367, 0.020342878997325897, -0.015165559016168118, 0.021564867347478867]
[-0.321897, 0.040647, -0.499708, -0.375456, -0.295537] => [0.02205444499850273, -0.02032109722495079, 0.018413729965686798, -0.017831405624747276, 0.0192144475877285]
[-0.322342, 0.046798, -0.499352, -0.271619, -0.433543] => [0.0209495946764946, -0.020153606310486794, 0.019230665639042854, -0.016780322417616844, 0.02017960324883461]
[-0.323876, 0.044088, -0.499936, -0.289432, -0.261281] => [0.022055108100175858, -0.0203211922198534, 0.018413372337818146, -0.017831901088356972, 0.01921401172876358]
[-0.322409, 0.055914, -0.499972, -0.340461, -0.245855] => [0.0220949724316597, -0.020326878875494003, 0.01839185319840908, -0.01786169782280922, 0.019187849014997482]
[-0.322181, 0.059135, -0.499297, -0.453599, -0.380681] => [0.022378630936145782, -0.020193202421069145, 0.019433563575148582, -0.01662379875779152, 0.02039734087884426]
[-0.321867, 0.048765, -0.499721, -0.341527, -0.419176] => [0.0211622454226017, -0.019949261099100113, 0.019556930288672447, -0.016274072229862213, 0.020601816475391388]
[-0.323513, 0.052115, -0.499405, -0.292624, -0.248565] => [0.022023532539606094, -0.02031668834388256, 0.018430419266223907, -0.017808299511671066, 0.019234735518693924]
[-0.32336, 0.032325, -0.499212, -0.330533, -0.20516] => [0.02201446145772934, -0.020315393805503845, 0.018435316160321236, -0.017801519483327866, 0.019240688532590866]
[-0.322823, 0.034582, -0.499585, -0.369465, -0.183167] => [0.02204257622361183, -0.02031940408051014, 0.01842014119029045, -0.01782253012061119, 0.019222239032387733]
[-0.323975, 0.04015, -0.499408, -0.474456, -0.370616] => [0.021234262734651566, -0.01987743377685547, 0.019358757883310318, -0.016452893614768982, 0.020391859114170074]
[-0.322935, 0.035416, -0.499957, -0.248117, -0.391573] => [0.02106722816824913, -0.020057758316397667, 0.01912982016801834, -0.016807936131954193, 0.02009807527065277]
[-0.322233, 0.039949, -0.499296, -0.228041, -0.414101] => [0.020915992558002472, -0.020117951557040215, 0.019089259207248688, -0.016885438933968544, 0.02004004642367363]
[-0.322875, 0.047922, -0.499809, -0.495365, -0.350396] => [0.021768417209386826, -0.020069187507033348, 0.01904543861746788, -0.016944900155067444, 0.019991867244243622]
[-0.32427, 0.055487, -0.499854, -0.344026, -0.408759] => [0.02190793678164482, -0.02014092542231083, 0.01932494528591633, -0.016687020659446716, 0.020291216671466827]
[-0.323211, 0.058645, -0.499681, -0.310055, -0.423596] => [0.021886534988880157, -0.020320795476436615, 0.019112326204776764, -0.01705605909228325, 0.02000305987894535]
[-0.324047, 0.047743, -0.49992, -0.288942, -0.253599] => [0.02203907072544098, -0.020318904891610146, 0.01842202991247177, -0.01781991310417652, 0.019224537536501884]
[-0.322721, 0.032579, -0.499645, -0.419819, -0.217699] => [0.022108890116214752, -0.020328864455223083, 0.018384339287877083, -0.017872102558612823, 0.019178714603185654]
[-0.32375, 0.04999, -0.499729, -0.275913, -0.487592] => [0.02086571604013443, -0.02021813951432705, 0.01921125315129757, -0.016830937936902046, 0.020160585641860962]
[-0.323131, 0.035733, -0.499347, -0.244173, -0.285022] => [0.021808501332998276, -0.020286014303565025, 0.018546510487794876, -0.01764756068587303, 0.019375870004296303]
[-0.323399, 0.044474, -0.499833, -0.249049, -0.400016] => [0.02112169936299324, -0.02003456838428974, 0.019146690145134926, -0.016776498407125473, 0.02012188360095024]
[-0.323131, 0.046548, -0.499453, -0.380556, -0.297007] => [0.022105872631072998, -0.020328432321548462, 0.01838596910238266, -0.017869845032691956, 0.019180696457624435]
[-0.322089, 0.032648, -0.499762, -0.497309, -0.329171] => [0.02173016220331192, -0.02014954760670662, 0.018776070326566696, -0.017297010868787766, 0.01966830901801586]
[-0.323228, 0.035099, -0.499928, -0.377193, -0.210215] => [0.02212902158498764, -0.02033173479139805, 0.01837347075343132, -0.01788715086877346, 0.01916550099849701]
[-0.322475, 0.036898, -0.499878, -0.346267, -0.40034] => [0.018370728939771652, -0.019681276753544807, 0.01972125843167305, -0.015986008569598198, 0.02078472077846527]
[-0.322164, 0.057953, -0.499508, -0.451769, -0.23475] => [0.02209135890007019, -0.020326362922787666, 0.018393801525235176, -0.017858998849987984, 0.019190220162272453]
[-0.322218, 0.06317, -0.499445, -0.305768, -0.192193] => [0.021928396075963974, -0.020303117111325264, 0.01848178170621395, -0.01773718371987343, 0.019297178834676743]
[-0.322236, 0.032434, -0.499854, -0.434104, -0.218949] => [0.0220785029232502, -0.020324528217315674, 0.01840074360370636, -0.017849387601017952, 0.01919865980744362]
[-0.324145, 0.062842, -0.499582, -0.351279, -0.250658] => [0.02214207872748375, -0.02033359743654728, 0.01836642250418663, -0.01789690926671028, 0.019156932830810547]
[-0.322343, 0.056912, -0.499575, -0.48729, -0.40815] => [0.022017039358615875, -0.02009829320013523, 0.019588273018598557, -0.016370132565498352, 0.020598549395799637]
[-0.323498, 0.041709, -0.499269, -0.342839, -0.21651] => [0.022099897265434265, -0.020327581092715263, 0.01838919147849083, -0.017865382134914398, 0.019184615463018417]
[-0.322119, 0.061665, -0.499968, -0.440382, -0.352133] => [0.02270612120628357, -0.02027740888297558, 0.019155483692884445, -0.017006512731313705, 0.02005893364548683]
[-0.322982, 0.038021, -0.499279, -0.344667, -0.463391] => [0.0205056294798851, -0.019936509430408478, 0.019878804683685303, -0.01591453328728676, 0.020958710461854935]
[-0.322823, 0.061131, -0.499406, -0.443146, -0.300864] => [0.02255360782146454, -0.020364023745059967, 0.018642380833625793, -0.017629332840442657, 0.019458606839179993]
[-0.322344, 0.033823, -0.49998, -0.342643, -0.246587] => [0.022130724042654037, -0.020331978797912598, 0.01837255246937275, -0.017888423055410385, 0.01916438527405262]
[-0.323494, 0.056691, -0.499548, -0.314297, -0.250967] => [0.02207166701555252, -0.020323554053902626, 0.018404435366392136, -0.017844276502728462, 0.019203146919608116]
[-0.323644, 0.041481, -0.499783, -0.228385, -0.287361] => [0.021787084639072418, -0.020282959565520287, 0.018558073788881302, -0.01763155125081539, 0.01938992738723755]
[-0.324115, 0.06322, -0.499671, -0.248325, -0.204707] => [0.02189023420214653, -0.020297672599554062, 0.018502388149499893, -0.01770865172147751, 0.01932222954928875]
[-0.323891, 0.040184, -0.499439, -0.231056, -0.35808] => [0.021601852029561996, -0.02021724171936512, 0.018716808408498764, -0.01740151084959507, 0.019587093964219093]
[-0.322655, 0.036116, -0.499827, -0.271343, -0.393652] => [0.021069630980491638, -0.020000221207737923, 0.019215034320950508, -0.016674842685461044, 0.0202078428119421]
[-0.324151, 0.062584, -0.499503, -0.356739, -0.369785] => [0.02283192053437233, -0.02034328691661358, 0.019101256504654884, -0.01711692288517952, 0.019981004297733307]
[-0.322001, 0.035137, -0.49969, -0.323947, -0.38273] => [0.021079547703266144, -0.01992996782064438, 0.019241802394390106, -0.016618620604276657, 0.020245254039764404]
[-0.322237, 0.062409, -0.499807, -0.372743, -0.182501] => [0.02204052358865738, -0.02031911164522171, 0.018421247601509094, -0.017820997163653374, 0.019223585724830627]
[-0.321815, 0.033105, -0.499708, -0.307426, -0.476504] => [0.02061556652188301, -0.020228201523423195, 0.019264712929725647, -0.016747072339057922, 0.02024269476532936]
[-0.322707, 0.038584, -0.499501, -0.237469, -0.234504] => [0.021816667169332504, -0.020287180319428444, 0.018542101606726646, -0.01765366457402706, 0.019370511174201965]
[-0.323457, 0.050738, -0.499601, -0.281751, -0.351059] => [0.021960493177175522, -0.020137112587690353, 0.018848806619644165, -0.017219077795743942, 0.019751112908124924]
[-0.322727, 0.058331, -0.499641, -0.464839, -0.17405] => [0.022205330431461334, -0.020342620089650154, 0.01833227463066578, -0.01794419065117836, 0.019115418195724487]
[-0.323755, 0.032851, -0.499508, -0.253805, -0.268097] => [0.021861374378204346, -0.02029355801641941, 0.018517963588237762, -0.017687086015939713, 0.01934116519987583]
[-0.322481, 0.049859, -0.499977, -0.307993, -0.352206] => [0.021811336278915405, -0.02009817399084568, 0.018890047445893288, -0.017139805480837822, 0.019808437675237656]
[-0.323578, 0.051544, -0.499205, -0.286793, -0.428897] => [0.02128712832927704, -0.020199937745928764, 0.019145863130688667, -0.01691640354692936, 0.020071836188435555]
[-0.321806, 0.061167, -0.499321, -0.485125, -0.374015] => [0.02245880290865898, -0.020245959982275963, 0.01935685984790325, -0.01674836315214634, 0.020297396928071976]
[-0.322889, 0.058017, -0.499216, -0.366897, -0.305323] => [0.022387612611055374, -0.020370930433273315, 0.01848483644425869, -0.01780158467590809, 0.019280090928077698]
[-0.322777, 0.06324, -0.499801, -0.298832, -0.386613] => [0.02225496619939804, -0.02030857279896736, 0.0190578605979681, -0.01711355522274971, 0.01994609646499157]
[-0.32215, 0.039319, -0.499817, -0.309686, -0.312654] => [0.022055935114622116, -0.020294802263379097, 0.01845254749059677, -0.017770742997527122, 0.01926446333527565]
[-0.323834, 0.061211, -0.499226, -0.450239, -0.18745] => [0.02224014699459076, -0.020347587764263153, 0.01831347681581974, -0.017970217391848564, 0.019092565402388573]
[-0.323107, 0.033569, -0.499698, -0.237893, -0.316229] => [0.02173251286149025, -0.02027517557144165, 0.01858753338456154, -0.017590759322047234, 0.01942574419081211]
[-0.323771, 0.039425, -0.499589, -0.332715, -0.3726] => [0.02096782624721527, -0.019918076694011688, 0.019193748012185097, -0.016685592010617256, 0.020182618871331215]
[-0.322765, 0.057988, -0.499909, -0.269285, -0.271629] => [0.021900806576013565, -0.020299183204770088, 0.018496673554182053, -0.01771656423807144, 0.019315283745527267]
[-0.323532, 0.060394, -0.49944, -0.364823, -0.185327] => [0.02207186073064804, -0.020323581993579865, 0.01840433105826378, -0.017844419926404953, 0.01920302025973797]
[-0.322739, 0.040007, -0.499632, -0.257044, -0.404801] => [0.02102973684668541, -0.020026743412017822, 0.019188424572348595, -0.01672009378671646, 0.020172059535980225]
[-0.323046, 0.046628, -0.49974, -0.461468, -0.47422] => [0.020416945219039917, -0.01959845796227455, 0.020411504432559013, -0.015091410838067532, 0.021641237661242485]
[-0.321971, 0.034613, -0.499987, -0.250149, -0.266483] => [0.021794643253087997, -0.02028403803706169, 0.018553990870714188, -0.017637202516198158, 0.019384965300559998]
[-0.32297, 0.055145, -0.499979, -0.42863, -0.190189] => [0.022160042077302933, -0.02033616043627262, 0.018356725573539734, -0.017910335212945938, 0.019145144149661064]
[-0.324025, 0.045944, -0.49929, -0.378518, -0.41072] => [0.02136377990245819, -0.019881710410118103, 0.01960925944149494, -0.016170861199498177, 0.020678916946053505]
[-0.322061, 0.053813, -0.499539, -0.252611, -0.427218] => [0.021046452224254608, -0.020189903676509857, 0.019103096798062325, -0.016946077346801758, 0.020028006285429]
[-0.322542, 0.049168, -0.499538, -0.299659, -0.282856] => [0.022034309804439545, -0.020318225026130676, 0.01842460222542286, -0.01781635358929634, 0.019227664917707443]
[-0.322534, 0.05005, -0.499264, -0.425386, -0.363864] => [0.021852631121873856, -0.01998838223516941, 0.019340425729751587, -0.01656617410480976, 0.020344089716672897]
[-0.322362, 0.041872, -0.499244, -0.427539, -0.397054] => [0.021055325865745544, -0.019741050899028778, 0.019763663411140442, -0.015891997143626213, 0.02088867500424385]
[-0.322667, 0.055179, -0.499704, -0.465645, -0.491614] => [0.020344175398349762, -0.01963961496949196, 0.020473096519708633, -0.015059486031532288, 0.021696582436561584]
[-0.323393, 0.053278, -0.499921, -0.362129, -0.173795] => [0.022005151957273483, -0.020314065739512444, 0.01844034343957901, -0.01779455691576004, 0.019246801733970642]
[-0.322129, 0.032229, -0.49971, -0.471407, -0.360826] => [0.021118249744176865, -0.019932718947529793, 0.019201623275876045, -0.016673387959599495, 0.020195836201310158]
[-0.321796, 0.051891, -0.499648, -0.261638, -0.411074] => [0.021189827471971512, -0.020107213407754898, 0.019123835489153862, -0.016857365146279335, 0.020076898857951164]
[-0.32244, 0.055183, -0.499432, -0.23841, -0.312402] => [0.021759387105703354, -0.02024233527481556, 0.018627839162945747, -0.017525380477309227, 0.019478654488921165]
[-0.322413, 0.040907, -0.499405, -0.332633, -0.232076] => [0.022071726620197296, -0.020323561504483223, 0.01840440183877945, -0.017844323068857193, 0.019203105941414833]
[-0.323051, 0.06342, -0.499305, -0.295334, -0.323268] => [0.022457893937826157, -0.020399803295731544, 0.01864284835755825, -0.017647651955485344, 0.01945207267999649]
[-0.323907, 0.052809, -0.499396, -0.485626, -0.452514] => [0.021310988813638687, -0.01983862929046154, 0.02010240964591503, -0.015621594153344631, 0.021234218031167984]
[-0.322787, 0.039944, -0.499926, -0.341431, -0.486629] => [0.020614318549633026, -0.020057719200849533, 0.01966674067080021, -0.016229841858148575, 0.02069845236837864]
[-0.324243, 0.032758, -0.499971, -0.234414, -0.196756] => [0.02170626074075699, -0.020271431654691696, 0.018601704388856888, -0.017571140080690384, 0.019442971795797348]
[-0.323823, 0.034435, -0.499281, -0.452247, -0.320364] => [0.021894030272960663, -0.020160164684057236, 0.01870667189359665, -0.017389770597219467, 0.019585300236940384]
[-0.322733, 0.044926, -0.499377, -0.269166, -0.418668] => [0.021002717316150665, -0.02005688101053238, 0.01922527886927128, -0.016707291826605797, 0.020202912390232086]
[-0.323365, 0.046059, -0.499721, -0.295435, -0.243817] => [0.022036496549844742, -0.020318536087870598, 0.018423423171043396, -0.017817987129092216, 0.019226228818297386]
[-0.32206, 0.036969, -0.499607, -0.415921, -0.260786] => [0.022031795233488083, -0.020317867398262024, 0.01842596009373665, -0.017814474180340767, 0.019229313358664513]
[-0.322005, 0.056681, -0.499804, -0.381691, -0.240942] => [0.02210773527622223, -0.020328698679804802, 0.018384961411356926, -0.01787124015390873, 0.01917947083711624]
[-0.322349, 0.046471, -0.499346, -0.461884, -0.460618] => [0.020583700388669968, -0.019645938649773598, 0.020323047414422035, -0.015222782269120216, 0.021531417965888977]
[-0.323199, 0.062495, -0.499929, -0.463849, -0.269978] => [0.022468775510787964, -0.020429305732250214, 0.018416190519928932, -0.01792091131210327, 0.01918800175189972]
[-0.322659, 0.042159, -0.499756, -0.39358, -0.314264] => [0.02193029224872589, -0.020253680646419525, 0.01855505257844925, -0.01762275956571102, 0.019391555339097977]
[-0.322968, 0.035244, -0.499463, -0.239867, -0.435495] => [0.020697209984064102, -0.020178889855742455, 0.01918700337409973, -0.016806716099381447, 0.020150279626250267]
[-0.323888, 0.043851, -0.499639, -0.491865, -0.40064] => [0.021221783012151718, -0.019824618473649025, 0.019683223217725754, -0.016043391078710556, 0.02077743038535118]
[-0.323337, 0.046883, -0.499901, -0.282872, -0.200695] => [0.021900177001953125, -0.020299091935157776, 0.01849701814353466, -0.01771608740091324, 0.019315700978040695]
[-0.322631, 0.044471, -0.499952, -0.39761, -0.174005] => [0.02205207571387291, -0.02032075822353363, 0.018415013328194618, -0.01782963052392006, 0.019216004759073257]
[-0.322169, 0.056784, -0.499335, -0.494259, -0.368563] => [0.022213760763406754, -0.020158514380455017, 0.019340967759490013, -0.016696063801646233, 0.02030198462307453]
[-0.32228, 0.051464, -0.499307, -0.403173, -0.406246] => [0.021701324731111526, -0.020015396177768707, 0.0195537768304348, -0.016338082030415535, 0.02058177813887596]
[-0.322834, 0.047819, -0.499615, -0.406948, -0.357379] => [0.02166103571653366, -0.019975299015641212, 0.019166860729455948, -0.016741836443543434, 0.020152222365140915]
[-0.32241, 0.061238, -0.499731, -0.413, -0.325232] => [0.022538919001817703, -0.020344121381640434, 0.01879034750163555, -0.017450138926506042, 0.01963122934103012]
[-0.321902, 0.051283, -0.499904, -0.441358, -0.411835] => [0.02148616313934326, -0.019956953823566437, 0.019726870581507683, -0.01609976589679718, 0.02079191245138645]
[-0.323112, 0.034146, -0.499753, -0.495427, -0.180784] => [0.022158652544021606, -0.020335962995886803, 0.018357470631599426, -0.017909303307533264, 0.01914605125784874]
[-0.321843, 0.058148, -0.499806, -0.401862, -0.222331] => [0.022103052586317062, -0.020328029990196228, 0.01838749088346958, -0.017867738381028175, 0.019182546064257622]
[-0.321979, 0.059922, -0.499815, -0.427438, -0.339176] => [0.022497083991765976, -0.020272089168429375, 0.018981270492076874, -0.017187153920531273, 0.0198647603392601]
[-0.323667, 0.06165, -0.499824, -0.238063, -0.366243] => [0.0221569687128067, -0.020338788628578186, 0.01882294937968254, -0.01739105023443699, 0.01967371441423893]
[-0.323188, 0.046489, -0.499288, -0.273166, -0.255437] => [0.021981656551361084, -0.020310714840888977, 0.018453028053045273, -0.01777699589729309, 0.019262222573161125]
[-0.321797, 0.050093, -0.499628, -0.256347, -0.251929] => [0.021880466490983963, -0.020296279340982437, 0.018507657572627068, -0.01770135387778282, 0.019328637048602104]
[-0.323117, 0.05903, -0.499588, -0.472293, -0.479949] => [0.020757470279932022, -0.019739722833037376, 0.020295634865760803, -0.015333051793277264, 0.021472996100783348]
[-0.323436, 0.049389, -0.499924, -0.375956, -0.360213] => [0.021848414093255997, -0.020028337836265564, 0.019139444455504417, -0.016816897317767143, 0.020106950774788857]
[-0.323005, 0.056078, -0.499647, -0.346967, -0.292977] => [0.02221379056572914, -0.02035626210272312, 0.01836954616010189, -0.017911987379193306, 0.019154522567987442]
[-0.32386, 0.063658, -0.499378, -0.373072, -0.426028] => [0.022221524268388748, -0.020366579294204712, 0.01931341364979744, -0.01688358187675476, 0.020214807242155075]
[-0.323609, 0.051571, -0.499838, -0.311591, -0.497252] => [0.020977240055799484, -0.02023104578256607, 0.019211404025554657, -0.016854897141456604, 0.02015012875199318]
[-0.323828, 0.0587, -0.499713, -0.259075, -0.247814] => [0.021940473467111588, -0.020304840058088303, 0.018475262448191643, -0.0177462100982666, 0.019289253279566765]
[-0.322999, 0.05096, -0.499698, -0.4802, -0.349659] => [0.021902363747358322, -0.02007129043340683, 0.019124003127217293, -0.01686522737145424, 0.020079057663679123]
[-0.323312, 0.062216, -0.499532, -0.482197, -0.219315] => [0.022201385349035263, -0.020348351448774338, 0.018355581909418106, -0.01792174018919468, 0.019140612334012985]
[-0.322496, 0.039542, -0.499411, -0.244452, -0.191345] => [0.02173507586121559, -0.0202755406498909, 0.01858615130186081, -0.017592674121260643, 0.019424062222242355]
[-0.323459, 0.047113, -0.499564, -0.302891, -0.247553] => [0.022060174494981766, -0.020321914926171303, 0.018410639837384224, -0.01783568598330021, 0.019210688769817352]
[-0.323761, 0.051059, -0.499618, -0.320341, -0.306682] => [0.022103074938058853, -0.020298978313803673, 0.018430907279253006, -0.017800040543079376, 0.0192384272813797]
[-0.321928, 0.043021, -0.499748, -0.273365, -0.305524] => [0.02194715291261673, -0.02030579186975956, 0.01847165636718273, -0.01775120198726654, 0.019284868612885475]
[-0.32352, 0.049475, -0.499953, -0.421131, -0.429627] => [0.02108025923371315, -0.019888577982783318, 0.019901631399989128, -0.01585896871984005, 0.021001344546675682]
[-0.32395, 0.034929, -0.49964, -0.33281, -0.288657] => [0.022215526551008224, -0.020344074815511703, 0.018326766788959503, -0.017951814457774162, 0.01910872384905815]
[-0.323068, 0.058753, -0.499942, -0.303248, -0.409663] => [0.022018540650606155, -0.020272675901651382, 0.019108178094029427, -0.017021777108311653, 0.02001400850713253]
[-0.3224, 0.038393, -0.499564, -0.267559, -0.372193] => [0.021398287266492844, -0.020105207338929176, 0.018950756639242172, -0.017055924981832504, 0.01988035999238491]
[-0.323533, 0.057949, -0.499448, -0.446029, -0.422305] => [0.02182859554886818, -0.0200984925031662, 0.019702283665537834, -0.016247838735580444, 0.02072351984679699]
[-0.322261, 0.033128, -0.499729, -0.247117, -0.254383] => [0.021788667887449265, -0.020283184945583344, 0.018557216972112656, -0.017632735893130302, 0.01938888616859913]
[-0.324144, 0.046115, -0.499811, -0.491081, -0.180082] => [0.022220570594072342, -0.020344793796539307, 0.018324047327041626, -0.017955582588911057, 0.019105415791273117]
[-0.323377, 0.052176, -0.499832, -0.328786, -0.233346] => [0.022089198231697083, -0.020326055586338043, 0.018394967541098595, -0.0178573839366436, 0.019191637635231018]
[-0.322882, 0.055185, -0.499416, -0.375868, -0.431301] => [0.0215400792658329, -0.020126482471823692, 0.01960054226219654, -0.016377262771129608, 0.02059962972998619]
[-0.321919, 0.055115, -0.499323, -0.438819, -0.23469] => [0.02208145335316658, -0.02032495103776455, 0.018399149179458618, -0.01785159483551979, 0.01919672079384327]
[-0.322659, 0.055178, -0.499703, -0.469762, -0.486726] => [0.02039625495672226, -0.019634557887911797, 0.020423272624611855, -0.015108996070921421, 0.021643048152327538]
[-0.322644, 0.055152, -0.499707, -0.468297, -0.483856] => [0.020454969257116318, -0.01964528113603592, 0.020381221547722816, -0.015162855386734009, 0.021593647077679634]
[-0.322642, 0.055169, -0.499702, -0.467847, -0.498755] => [0.020251963287591934, -0.019630426540970802, 0.020575661212205887, -0.014942092821002007, 0.021812554448843002]
[-0.322648, 0.055159, -0.499706, -0.465659, -0.486082] => [0.020408935844898224, -0.01964227855205536, 0.020402617752552032, -0.015137139707803726, 0.021618010476231575]
[-0.322652, 0.055168, -0.499704, -0.466759, -0.495985] => [0.020291224122047424, -0.01963523030281067, 0.020532647147774696, -0.014992198906838894, 0.021763598546385765]
[-0.32265, 0.055169, -0.499706, -0.46763, -0.493941] => [0.020314116030931473, -0.019634706899523735, 0.0205091405659914, -0.015017005614936352, 0.021737800911068916]
[-0.322641, 0.055149, -0.499702, -0.468815, -0.485779] => [0.02040834352374077, -0.01963653787970543, 0.02040863409638405, -0.015126224607229233, 0.021626317873597145]
[-0.32265, 0.055167, -0.499705, -0.469481, -0.485845] => [0.02040686085820198, -0.019635450094938278, 0.020411262288689613, -0.015122567303478718, 0.02162953093647957]
[-0.322647, 0.055158, -0.499702, -0.468438, -0.498564] => [0.020254995673894882, -0.019629767164587975, 0.02057388797402382, -0.014943553134799004, 0.02181076630949974]
[-0.322666, 0.055169, -0.499707, -0.468362, -0.495484] => [0.02029520273208618, -0.019632598385214806, 0.020531021058559418, -0.01499190554022789, 0.021762564778327942]
[-0.322651, 0.055159, -0.499702, -0.468653, -0.485916] => [0.020407062023878098, -0.0196368470788002, 0.020409736782312393, -0.015125288628041744, 0.02162744291126728]
[-0.322644, 0.055153, -0.499706, -0.468532, -0.487737] => [0.020385757088661194, -0.019636116921901703, 0.02043270505964756, -0.015100081451237202, 0.021653011441230774]
[-0.322641, 0.05518, -0.499707, -0.467363, -0.489282] => [0.020369142293930054, -0.019637668505311012, 0.02044864371418953, -0.015084192156791687, 0.021670157089829445]
[-0.322646, 0.055168, -0.499703, -0.466966, -0.491569] => [0.02034277841448784, -0.019637104123830795, 0.020476825535297394, -0.015053526498377323, 0.021701432764530182]
[-0.322642, 0.055153, -0.499704, -0.466078, -0.489966] => [0.020362678915262222, -0.019639447331428528, 0.02045373246073723, -0.01508011482656002, 0.02167525887489319]
[-0.322642, 0.055162, -0.499704, -0.469666, -0.486805] => [0.020395252853631973, -0.019634565338492393, 0.02042422443628311, -0.015107971616089344, 0.021644100546836853]
[-0.322666, 0.055178, -0.499704, -0.465844, -0.486916] => [0.02039910852909088, -0.019641652703285217, 0.020413605496287346, -0.015124878846108913, 0.021630316972732544]
[-0.322654, 0.055177, -0.499703, -0.466138, -0.488395] => [0.020381230860948563, -0.019640326499938965, 0.020433533936738968, -0.015102466568350792, 0.0216527059674263]
[-0.322637, 0.055161, -0.499707, -0.468163, -0.498875] => [0.020248904824256897, -0.019629450514912605, 0.020579148083925247, -0.014937537722289562, 0.021816706284880638]
[-0.32265, 0.055152, -0.499705, -0.466494, -0.488529] => [0.02037910744547844, -0.019639434292912483, 0.020436564460396767, -0.015098519623279572, 0.021656310185790062]
[-0.322639, 0.055154, -0.499704, -0.466055, -0.49358] => [0.020320218056440353, -0.019637636840343475, 0.02049991860985756, -0.01502916682511568, 0.02172677218914032]
[-0.322638, 0.055175, -0.499703, -0.46648, -0.484991] => [0.020420633256435394, -0.019641416147351265, 0.02039114572107792, -0.015148772858083248, 0.02160559594631195]
[-0.322646, 0.055149, -0.499704, -0.465568, -0.485136] => [0.020420115441083908, -0.019642837345600128, 0.02039036713540554, -0.015150712803006172, 0.021604325622320175]
[-0.322638, 0.055152, -0.499703, -0.46947, -0.485507] => [0.020410679280757904, -0.019635504111647606, 0.020407143980264664, -0.015127021819353104, 0.02162497118115425]
[-0.322653, 0.05517, -0.499702, -0.467294, -0.490266] => [0.020357735455036163, -0.01963718794286251, 0.02046111226081848, -0.015070447698235512, 0.021684059873223305]
[-0.322658, 0.055159, -0.499705, -0.469708, -0.48552] => [0.020410440862178802, -0.0196351520717144, 0.020407821983098984, -0.015126027166843414, 0.0216258205473423]
[-0.322666, 0.05517, -0.499705, -0.467932, -0.48524] => [0.02041611447930336, -0.01963863894343376, 0.020398631691932678, -0.015138596296310425, 0.021614663302898407]
[-0.322651, 0.055173, -0.499705, -0.466493, -0.490652] => [0.020354226231575012, -0.01963850110769272, 0.02046353369951248, -0.015068870037794113, 0.021686352789402008]
[-0.322655, 0.055153, -0.499703, -0.465473, -0.485274] => [0.020418699830770493, -0.019642971456050873, 0.020391764119267464, -0.01514932420104742, 0.021605825051665306]
[-0.322644, 0.055168, -0.499704, -0.466244, -0.49144] => [0.020345203578472137, -0.01963849924504757, 0.020472954958677292, -0.015058759599924088, 0.021696755662560463]
[-0.322634, 0.055177, -0.499706, -0.466698, -0.494391] => [0.02030988782644272, -0.01963622495532036, 0.020512064918875694, -0.015015040524303913, 0.021740591153502464]
[-0.322666, 0.055173, -0.499705, -0.469763, -0.487638] => [0.02038560062646866, -0.019634075462818146, 0.020434916019439697, -0.015096135437488556, 0.021656040102243423]
[-0.322655, 0.05517, -0.499703, -0.467451, -0.499349] => [0.020240671932697296, -0.019629577174782753, 0.02058587037026882, -0.014930265955626965, 0.021824143826961517]
[-0.32266, 0.055171, -0.499703, -0.468282, -0.489326] => [0.020367592573165894, -0.0196358822286129, 0.020452052354812622, -0.015079155564308167, 0.02167443558573723]
[-0.322664, 0.05517, -0.499706, -0.467359, -0.48844] => [0.02037923038005829, -0.019638050347566605, 0.0204378180205822, -0.015096107497811317, 0.021658092737197876]
[-0.322651, 0.055161, -0.499707, -0.467269, -0.498251] => [0.020263656973838806, -0.019633032381534576, 0.020563455298542976, -0.014957434497773647, 0.021798251196742058]
[-0.322658, 0.055175, -0.499704, -0.46719, -0.494373] => [0.020309682935476303, -0.01963532716035843, 0.020513242110610008, -0.015013091266155243, 0.021742146462202072]
[-0.322659, 0.055165, -0.499706, -0.469229, -0.499303] => [0.02023829147219658, -0.019626159220933914, 0.020591260865330696, -0.01492179837077856, 0.021831095218658447]
[-0.322648, 0.05518, -0.499706, -0.466964, -0.498888] => [0.02025080844759941, -0.019631879404187202, 0.020575109869241714, -0.01494377851486206, 0.021811535581946373]
[-0.322656, 0.055166, -0.499707, -0.467761, -0.496951] => [0.020278632640838623, -0.019632913172245026, 0.020548036321997643, -0.014973893761634827, 0.021781258285045624]
[-0.322649, 0.055164, -0.499703, -0.467588, -0.496911] => [0.020279232412576675, -0.01963319443166256, 0.020547116175293922, -0.014975098893046379, 0.021780161187052727]
[-0.322643, 0.055169, -0.499706, -0.469436, -0.488315] => [0.020377840846776962, -0.01963428035378456, 0.020442740991711617, -0.015087890438735485, 0.02166462317109108]
[-0.322634, 0.055175, -0.499705, -0.466839, -0.493296] => [0.020322561264038086, -0.019636504352092743, 0.020498519763350487, -0.0150297861546278, 0.02172555774450302]
[-0.322644, 0.055152, -0.499705, -0.469404, -0.486611] => [0.020397864282131195, -0.01963508129119873, 0.020421000197529793, -0.0151118328794837, 0.021640390157699585]
[-0.322646, 0.055169, -0.499706, -0.466689, -0.488823] => [0.020375411957502365, -0.01963905431330204, 0.020440781489014626, -0.015093700960278511, 0.021661076694726944]
[-0.32266, 0.055157, -0.499703, -0.468652, -0.494376] => [0.020307745784521103, -0.019632508978247643, 0.02051793970167637, -0.015005864202976227, 0.021748149767518044]
[-0.322666, 0.055174, -0.499704, -0.468916, -0.496817] => [0.02027883380651474, -0.01963091269135475, 0.020549777895212173, -0.014970476739108562, 0.02178376168012619]
[-0.322643, 0.055148, -0.499705, -0.469641, -0.495125] => [0.02029750496149063, -0.019630244001746178, 0.02053072303533554, -0.014990385621786118, 0.021762922406196594]
[-0.322663, 0.055166, -0.499704, -0.465528, -0.490826] => [0.020353514701128006, -0.019640132784843445, 0.020462796092033386, -0.015070931985974312, 0.02168506383895874]
[-0.322637, 0.05515, -0.499705, -0.467993, -0.493864] => [0.020314376801252365, -0.01963391713798046, 0.020509542897343636, -0.015015954151749611, 0.021738475188612938]
[-0.322667, 0.055171, -0.499707, -0.468698, -0.490776] => [0.020350106060504913, -0.019634418189525604, 0.020471781492233276, -0.015056859701871872, 0.02169663831591606]
[-0.322643, 0.05516, -0.499704, -0.469852, -0.496638] => [0.02027948573231697, -0.019629159942269325, 0.020550638437271118, -0.014968182891607285, 0.021785221993923187]
[-0.322645, 0.055148, -0.499702, -0.468967, -0.494056] => [0.020310934633016586, -0.01963200606405735, 0.020515000447630882, -0.01500861905515194, 0.02174505405128002]
[-0.322665, 0.055173, -0.499705, -0.467382, -0.487696] => [0.020387958735227585, -0.019638406112790108, 0.02042834833264351, -0.015106541104614735, 0.021647537127137184]
[-0.322662, 0.055172, -0.499706, -0.46843, -0.499822] => [0.020229093730449677, -0.0196263175457716, 0.020598674193024635, -0.014913784340023994, 0.021839294582605362]
[-0.322642, 0.055172, -0.499706, -0.468272, -0.496964] => [0.020277705043554306, -0.019631991162896156, 0.020549822598695755, -0.014971256256103516, 0.021783500909805298]
[-0.322665, 0.055177, -0.499703, -0.467501, -0.496733] => [0.020281624048948288, -0.01963355951011181, 0.020544350147247314, -0.014978354796767235, 0.021777000278234482]
[-0.322664, 0.05515, -0.499706, -0.467871, -0.498665] => [0.02025434747338295, -0.019630655646324158, 0.02057362161576748, -0.014944519847631454, 0.021810216829180717]
[-0.322665, 0.05517, -0.499704, -0.4698, -0.490543] => [0.02035139873623848, -0.019632484763860703, 0.020472252741456032, -0.015054850839078426, 0.021697720512747765]
[-0.32264, 0.055156, -0.499706, -0.465459, -0.498989] => [0.02025192230939865, -0.019634533673524857, 0.020571637898683548, -0.01494958158582449, 0.021806929260492325]
[-0.322645, 0.055168, -0.499706, -0.469164, -0.499133] => [0.020241670310497284, -0.019626744091510773, 0.020587818697094917, -0.014926004223525524, 0.021827105432748795]
[-0.322644, 0.055178, -0.499706, -0.469663, -0.494871] => [0.020300548523664474, -0.019630566239356995, 0.020527243614196777, -0.014994367957115173, 0.02175898663699627]
[-0.322652, 0.055151, -0.499703, -0.46895, -0.49926] => [0.020239874720573425, -0.01962677575647831, 0.020589405670762062, -0.014924302697181702, 0.02182885631918907]
[-0.32264, 0.055175, -0.499704, -0.465921, -0.494538] => [0.020309194922447205, -0.019637547433376312, 0.020511569455266, -0.015016601420938969, 0.02173965983092785]
[-0.322644, 0.055155, -0.499706, -0.468129, -0.489524] => [0.020365282893180847, -0.01963595114648342, 0.020454317331314087, -0.015076772309839725, 0.021676918491721153]
[-0.322651, 0.055171, -0.499706, -0.468954, -0.49507] => [0.020299173891544342, -0.01963171735405922, 0.020527632907032967, -0.014994850382208824, 0.02175908163189888]
[-0.322633, 0.055163, -0.499705, -0.46779, -0.492109] => [0.020335253328084946, -0.019635282456874847, 0.020486367866396904, -0.01504187099635601, 0.021712495014071465]
[-0.322642, 0.05515, -0.499704, -0.467993, -0.493248] => [0.02032165601849556, -0.01963423378765583, 0.0205016378313303, -0.015024680644273758, 0.02172965742647648]
[-0.322636, 0.05517, -0.499703, -0.468052, -0.488521] => [0.020377110689878464, -0.01963668502867222, 0.02044120617210865, -0.01509140245616436, 0.021662231534719467]
[-0.322635, 0.055166, -0.499705, -0.466467, -0.487898] => [0.02038644626736641, -0.019639892503619194, 0.020428376272320747, -0.015107653103768826, 0.021647140383720398]
[-0.322667, 0.055157, -0.499703, -0.467714, -0.492522] => [0.020330805331468582, -0.019635187461972237, 0.020491287112236023, -0.015036534518003464, 0.021717950701713562]
[-0.322663, 0.055159, -0.499706, -0.46582, -0.488253] => [0.020383361726999283, -0.019640883430838585, 0.020430801436305046, -0.015105833299458027, 0.021649526432156563]
[-0.322661, 0.055178, -0.499703, -0.469632, -0.493265] => [0.020319610834121704, -0.019631439819931984, 0.020506536588072777, -0.01501726545393467, 0.021735871210694313]
[-0.322652, 0.055165, -0.499706, -0.467428, -0.487356] => [0.020391754806041718, -0.019638432189822197, 0.02042427659034729, -0.0151109229773283, 0.021643035113811493]
[-0.322643, 0.055177, -0.499705, -0.466633, -0.490287] => [0.020358271896839142, -0.01963845267891884, 0.020459305495023727, -0.015073364600539207, 0.02168169990181923]
[-0.322663, 0.055162, -0.499702, -0.468934, -0.488175] => [0.020380280911922455, -0.019635207951068878, 0.020439404994249344, -0.015092199668288231, 0.021660666912794113]
[-0.322663, 0.055167, -0.499705, -0.467054, -0.497052] => [0.020278409123420715, -0.019634155556559563, 0.020547132939100266, -0.014975830912590027, 0.021779900416731834]
[-0.322659, 0.055157, -0.499703, -0.468515, -0.496789] => [0.02027956023812294, -0.0196315199136734, 0.02054840326309204, -0.01497241947799921, 0.02178206853568554]
[-0.322639, 0.055174, -0.499703, -0.465577, -0.485352] => [0.020417548716068268, -0.01964287832379341, 0.020392993465065956, -0.015147925354540348, 0.021607212722301483]
[-0.322658, 0.055179, -0.499705, -0.465896, -0.494646] => [0.02030814439058304, -0.019637593999505043, 0.020512711256742477, -0.015015422366559505, 0.021740902215242386]
[-0.322666, 0.055159, -0.499706, -0.467181, -0.487141] => [0.020394712686538696, -0.019638964906334877, 0.020420735701918602, -0.015115141868591309, 0.021638968959450722]
[-0.322644, 0.055174, -0.499702, -0.469482, -0.489435] => [0.02036462351679802, -0.019633624702692032, 0.020457224920392036, -0.015071847476065159, 0.0216808021068573]
[-0.322647, 0.055154, -0.499706, -0.465452, -0.493949] => [0.020316746085882187, -0.019638579338788986, 0.02050270512700081, -0.015026912093162537, 0.021729573607444763]
[-0.322651, 0.055175, -0.499703, -0.46573, -0.486981] => [0.0203983336687088, -0.019641781225800514, 0.02041422389447689, -0.0151243070140481, 0.021630967035889626]
[-0.322647, 0.055152, -0.499705, -0.467068, -0.494833] => [0.020304273813962936, -0.019635140895843506, 0.020519018173217773, -0.015006745234131813, 0.021748580038547516]
[-0.322658, 0.055158, -0.499707, -0.466034, -0.494309] => [0.02031189203262329, -0.019637377932667732, 0.02050897851586342, -0.015019254758954048, 0.02173684723675251]
[-0.322633, 0.055166, -0.499703, -0.469049, -0.494793] => [0.020302101969718933, -0.019631603732705116, 0.020524583756923676, -0.014998023398220539, 0.021755751222372055]
[-0.322667, 0.055178, -0.499702, -0.469643, -0.485284] => [0.02041342481970787, -0.01963551715016365, 0.02040441706776619, -0.015129968523979187, 0.021621953696012497]
[-0.32264, 0.055166, -0.499702, -0.468543, -0.48787] => [0.020384155213832855, -0.019636085256934166, 0.020434409379959106, -0.015098229050636292, 0.021654902026057243]
[-0.322663, 0.055151, -0.499705, -0.469381, -0.483894] => [0.020451541990041733, -0.01964276283979416, 0.02038503997027874, -0.015156777575612068, 0.021598581224679947]
[-0.322645, 0.055165, -0.499706, -0.469493, -0.488101] => [0.020380288362503052, -0.01963425800204277, 0.020440202206373215, -0.015090597793459892, 0.021661825478076935]
[-0.322641, 0.055162, -0.499704, -0.467979, -0.490308] => [0.02035624161362648, -0.01963585428893566, 0.02046387456357479, -0.015066444873809814, 0.021687496453523636]
[-0.322656, 0.055166, -0.499703, -0.468506, -0.498426] => [0.02025769278407097, -0.01963006518781185, 0.020571356639266014, -0.01494655106216669, 0.021807868033647537]
[-0.322658, 0.05517, -0.499705, -0.466155, -0.487342] => [0.02039361000061035, -0.019640805199742317, 0.020420121029019356, -0.015117226168513298, 0.02163775824010372]
[-0.322642, 0.055178, -0.499705, -0.467499, -0.490797] => [0.020351164042949677, -0.01963661052286625, 0.020468490198254585, -0.015062080696225166, 0.021692374721169472]
[-0.32265, 0.055173, -0.499706, -0.469764, -0.494178] => [0.020308606326580048, -0.019630704075098038, 0.020518695935606956, -0.015003646723926067, 0.021749509498476982]
[-0.322637, 0.055149, -0.499704, -0.468196, -0.494795] => [0.02030317112803459, -0.019633052870631218, 0.0205221027135849, -0.015001812018454075, 0.02175259031355381]
[-0.322644, 0.055173, -0.499706, -0.46929, -0.485715] => [0.020408596843481064, -0.019635913893580437, 0.020408980548381805, -0.01512537244707346, 0.021626878529787064]
[-0.322648, 0.055171, -0.499706, -0.469659, -0.489799] => [0.02036016806960106, -0.019633129239082336, 0.020462367683649063, -0.015065948478877544, 0.021686622872948647]
[-0.322666, 0.055167, -0.499706, -0.468411, -0.491417] => [0.020342916250228882, -0.01963457465171814, 0.02047915942966938, -0.01504906639456749, 0.021704738959670067]
[-0.32265, 0.055162, -0.499705, -0.468333, -0.499353] => [0.020238928496837616, -0.019627779722213745, 0.020589107647538185, -0.014925372786819935, 0.021828245371580124]
[-0.322653, 0.055174, -0.499702, -0.468478, -0.484027] => [0.020445622503757477, -0.0196429044008255, 0.02038412168622017, -0.015157768502831459, 0.021597497165203094]
[-0.322645, 0.055149, -0.499707, -0.46918, -0.487086] => [0.020392578095197678, -0.019635245203971863, 0.020426379516720772, -0.01510618906468153, 0.021646281704306602]
[-0.322662, 0.055151, -0.499705, -0.467203, -0.491156] => [0.02034744992852211, -0.019636791199445724, 0.020472293719649315, -0.015058150514960289, 0.02169651724398136]
[-0.322648, 0.055176, -0.499706, -0.465504, -0.49917] => [0.020247895270586014, -0.019633997231721878, 0.020575424656271935, -0.014945019036531448, 0.021811291575431824]
[-0.322653, 0.055154, -0.499706, -0.466313, -0.497892] => [0.02026936411857605, -0.01963498257100582, 0.02055577002465725, -0.014967204071581364, 0.021789196878671646]
[-0.322657, 0.055176, -0.499702, -0.470012, -0.492352] => [0.020329799503087997, -0.01963118650019169, 0.020496077835559845, -0.01502828486263752, 0.0217243991792202]
[-0.322633, 0.055164, -0.499703, -0.467809, -0.488078] => [0.020382583141326904, -0.01963730901479721, 0.02043486386537552, -0.015098689123988152, 0.021655049175024033]
[-0.322648, 0.055168, -0.499705, -0.469168, -0.483867] => [0.020453639328479767, -0.019643740728497505, 0.02038390561938286, -0.015158778987824917, 0.021597055718302727]
[-0.322634, 0.055154, -0.499703, -0.469471, -0.492359] => [0.020330138504505157, -0.019631993025541306, 0.020494835451245308, -0.01503023412078619, 0.02172279730439186]
[-0.322647, 0.055156, -0.499703, -0.469223, -0.498932] => [0.02024593949317932, -0.019627155736088753, 0.020583974197506905, -0.014930538833141327, 0.021822713315486908]
[-0.322635, 0.055167, -0.499706, -0.468368, -0.490087] => [0.02035830169916153, -0.01963530294597149, 0.02046220377087593, -0.015067805536091328, 0.02168581448495388]
[-0.322658, 0.055153, -0.499703, -0.468522, -0.488221] => [0.020380202680826187, -0.019635876640677452, 0.020438825711607933, -0.015093335881829262, 0.021659836173057556]
[-0.322634, 0.055176, -0.499704, -0.467448, -0.499803] => [0.020230956375598907, -0.01962827704846859, 0.020595073699951172, -0.014919186010956764, 0.02183474600315094]
[-0.322656, 0.055165, -0.499704, -0.469091, -0.49859] => [0.020253192633390427, -0.019628431648015976, 0.02057669498026371, -0.014939473941922188, 0.021814262494444847]
[-0.322664, 0.055156, -0.499704, -0.468195, -0.485611] => [0.020411353558301926, -0.019637852907180786, 0.02040434069931507, -0.015131862834095955, 0.02162119187414646]
[-0.322661, 0.055167, -0.499706, -0.467076, -0.484679] => [0.02042374759912491, -0.019640477374196053, 0.02038886398077011, -0.01515049859881401, 0.02160334773361683]
[-0.322656, 0.055148, -0.499704, -0.467927, -0.490271] => [0.02035684883594513, -0.0196358822286129, 0.02046327292919159, -0.015067117288708687, 0.021686824038624763]
[-0.32265, 0.055175, -0.499703, -0.468606, -0.489334] => [0.02036699652671814, -0.019635304808616638, 0.020453177392482758, -0.015077495947480202, 0.021675847470760345]
[-0.322665, 0.055153, -0.499706, -0.466139, -0.492072] => [0.020338088274002075, -0.019638298079371452, 0.020480692386627197, -0.015050312504172325, 0.021705351769924164]
[-0.322641, 0.055172, -0.499705, -0.467518, -0.493607] => [0.02031809464097023, -0.019635086879134178, 0.02050456777215004, -0.015022199600934982, 0.021732645109295845]
[-0.322637, 0.055176, -0.499704, -0.469683, -0.487443] => [0.020387716591358185, -0.0196343045681715, 0.020432347431778908, -0.01509905606508255, 0.02165314368903637]
[-0.322661, 0.055148, -0.499705, -0.468847, -0.491882] => [0.02033679559826851, -0.01963338442146778, 0.02048666775226593, -0.015040086582303047, 0.0217133741825819]
[-0.322663, 0.055169, -0.499703, -0.467097, -0.490031] => [0.02036084607243538, -0.019637679681181908, 0.0204574316740036, -0.015074783004820347, 0.021679852157831192]
[-0.322657, 0.055164, -0.499706, -0.466408, -0.491053] => [0.020349666476249695, -0.01963839866220951, 0.02046843245625496, -0.015063539147377014, 0.021691787987947464]
[-0.322643, 0.055177, -0.499704, -0.470014, -0.493723] => [0.0203135646879673, -0.019630486145615578, 0.02051367796957493, -0.015008857473731041, 0.021744035184383392]
[-0.322649, 0.055153, -0.499703, -0.468233, -0.486667] => [0.020398743450641632, -0.019637195393443108, 0.020418107509613037, -0.015116577968001366, 0.021636582911014557]
[-0.322647, 0.055153, -0.499703, -0.468667, -0.487251] => [0.020391304045915604, -0.01963609643280506, 0.020426928997039795, -0.015106262639164925, 0.021646641194820404]
[-0.322652, 0.055151, -0.499704, -0.466647, -0.497463] => [0.020273953676223755, -0.01963455229997635, 0.020551368594169617, -0.014971589669585228, 0.02178446389734745]
[-0.322656, 0.055159, -0.499704, -0.468101, -0.490352] => [0.0203557051718235, -0.019635602831840515, 0.020464744418859482, -0.015065322630107403, 0.02168852835893631]
[-0.32266, 0.055175, -0.499706, -0.466581, -0.499367] => [0.02024194598197937, -0.01963130757212639, 0.02058306895196438, -0.014934629201889038, 0.021820543333888054]
[-0.322648, 0.05517, -0.499705, -0.466304, -0.494275] => [0.020311865955591202, -0.019636960700154305, 0.02050936035811901, -0.015018519014120102, 0.021737389266490936]
[-0.322661, 0.055177, -0.499703, -0.467407, -0.483927] => [0.020452652126550674, -0.01964622549712658, 0.020379256457090378, -0.015165653079748154, 0.02159118466079235]
[-0.322636, 0.055152, -0.499706, -0.466886, -0.49334] => [0.020321954041719437, -0.019636237993836403, 0.02049940638244152, -0.015028628520667553, 0.021726612001657486]
[-0.322662, 0.055157, -0.499706, -0.468482, -0.49983] => [0.020229075103998184, -0.019626155495643616, 0.02059892937541008, -0.014913391321897507, 0.021839622408151627]
[-0.32264, 0.055149, -0.499705, -0.466169, -0.497348] => [0.020275801420211792, -0.01963546685874462, 0.020548507571220398, -0.014975364319980145, 0.021781042218208313]
[-0.322648, 0.055162, -0.499703, -0.465997, -0.485041] => [0.020420722663402557, -0.019642189145088196, 0.020390355959534645, -0.015150223858654499, 0.021604498848319054]
[-0.322664, 0.055147, -0.499703, -0.467168, -0.489783] => [0.020363621413707733, -0.019637515768408775, 0.02045466937124729, -0.015077617950737476, 0.02167684957385063]
[-0.322651, 0.055175, -0.499705, -0.468897, -0.493806] => [0.02031409740447998, -0.0196324922144413, 0.020511262118816376, -0.015013009309768677, 0.021740784868597984]
[-0.322654, 0.055153, -0.499704, -0.465629, -0.49893] => [0.02025306597352028, -0.019634373486042023, 0.020570935681462288, -0.014950241893529892, 0.02180618979036808]
[-0.322645, 0.055171, -0.499703, -0.465669, -0.489247] => [0.020371723920106888, -0.019640693441033363, 0.020443107932806015, -0.01509247999638319, 0.02166316844522953]
[-0.322644, 0.055151, -0.499706, -0.468733, -0.487039] => [0.020393695682287216, -0.019636090844869614, 0.020424410700798035, -0.015108957886695862, 0.02164386212825775]
[-0.322664, 0.055172, -0.499704, -0.469536, -0.489028] => [0.020369529724121094, -0.019633758813142776, 0.020452043041586876, -0.015077517367899418, 0.02167504094541073]
[-0.322646, 0.055176, -0.499705, -0.468733, -0.49077] => [0.020349934697151184, -0.01963435299694538, 0.020471930503845215, -0.015056641772389412, 0.021696824580430984]
[-0.322651, 0.055167, -0.499705, -0.468413, -0.489934] => [0.02036019042134285, -0.019635308533906937, 0.02046029642224312, -0.015069862827658653, 0.0216837041079998]
[-0.32265, 0.05516, -0.499704, -0.46855, -0.499139] => [0.020242951810359955, -0.01962793990969658, 0.020585643127560616, -0.014929292723536491, 0.021824348717927933]
[-0.322645, 0.055164, -0.499707, -0.467517, -0.485738] => [0.020410586148500443, -0.019639093428850174, 0.02040388621389866, -0.01513330452144146, 0.021620333194732666]
[-0.322653, 0.055153, -0.499704, -0.46606, -0.493981] => [0.020315632224082947, -0.01963743194937706, 0.020504983142018318, -0.015023579820990562, 0.021732421591877937]
[-0.322657, 0.055154, -0.499706, -0.465576, -0.484884] => [0.02042318508028984, -0.019643018022179604, 0.02038702368736267, -0.015154444612562656, 0.021600577980279922]
[-0.322648, 0.055152, -0.499706, -0.469058, -0.499368] => [0.02023734524846077, -0.019626261666417122, 0.020591963082551956, -0.014921107329428196, 0.021831847727298737]
[-0.322662, 0.055157, -0.499707, -0.468481, -0.499961] => [0.020226377993822098, -0.019625792279839516, 0.020601511001586914, -0.014910288155078888, 0.02184259332716465]
[-0.322662, 0.055157, -0.499707, -0.46848, -0.499957] => [0.020226459950208664, -0.01962580531835556, 0.020601430907845497, -0.014910385012626648, 0.021842502057552338]
[-0.322666, 0.055157, -0.499706, -0.46848, -0.499971] => [0.020226236432790756, -0.019625769928097725, 0.020601674914360046, -0.014910094439983368, 0.021842781454324722]
[-0.322668, 0.055157, -0.499706, -0.468481, -0.499989] => [0.020225893706083298, -0.019625721499323845, 0.020602012053132057, -0.014909690245985985, 0.021843168884515762]
[-0.322662, 0.055157, -0.499707, -0.468481, -0.499859] => [0.020228471606969833, -0.019626079127192497, 0.020599495619535446, -0.014912713319063187, 0.021840272471308708]
[-0.322669, 0.055157, -0.499706, -0.468481, -0.499992] => [0.02022584155201912, -0.019625714048743248, 0.020602064207196236, -0.014909626916050911, 0.021843230351805687]
[-0.322668, 0.055157, -0.499707, -0.46848, -0.499899] => [0.020227733999490738, -0.019625982269644737, 0.020600225776433945, -0.014911843463778496, 0.021841110661625862]
[-0.322669, 0.055157, -0.499706, -0.468479, -0.49979] => [0.020229998975992203, -0.01962628774344921, 0.02059806138277054, -0.01491444744169712, 0.021838616579771042]
[-0.322664, 0.055157, -0.499707, -0.46848, -0.499966] => [0.020226307213306427, -0.01962578482925892, 0.020601589232683182, -0.014910196885466576, 0.021842682734131813]
[-0.322666, 0.055157, -0.499707, -0.468482, -0.499923] => [0.020227212458848953, -0.01962590590119362, 0.020600728690624237, -0.014911234378814697, 0.021841689944267273]
[-0.322662, 0.055157, -0.499707, -0.46848, -0.499928] => [0.020227055996656418, -0.019625887274742126, 0.020600857213139534, -0.014911076053977013, 0.02184184081852436]
[-0.322666, 0.055157, -0.499707, -0.468482, -0.499998] => [0.02022567018866539, -0.019625693559646606, 0.020602211356163025, -0.014909449964761734, 0.021843397989869118]
[-0.322665, 0.055157, -0.499707, -0.468479, -0.499796] => [0.02022981271147728, -0.01962626725435257, 0.020598214119672775, -0.014914261177182198, 0.02183879353106022]
[-0.322662, 0.055157, -0.499706, -0.46848, -0.499962] => [0.020226366817951202, -0.019625786691904068, 0.020601535215973854, -0.0149102583527565, 0.02184262126684189]
[-0.322668, 0.055157, -0.499706, -0.46848, -0.499894] => [0.02022784948348999, -0.019625991582870483, 0.020600130781531334, -0.01491195522248745, 0.021841000765562057]
[-0.322664, 0.055157, -0.499707, -0.468481, -0.499901] => [0.020227640867233276, -0.019625965505838394, 0.02060030773282051, -0.01491173729300499, 0.021841207519173622]
[-0.322667, 0.055157, -0.499707, -0.468481, -0.499959] => [0.020226486027240753, -0.01962580718100071, 0.02060142531991005, -0.014910396188497543, 0.02184249460697174]
[-0.322665, 0.055157, -0.499707, -0.468479, -0.499975] => [0.020226135849952698, -0.019625762477517128, 0.020601755008101463, -0.014909999445080757, 0.021842872723937035]
[-0.322661, 0.055157, -0.499707, -0.46848, -0.499883] => [0.02022797241806984, -0.019626012071967125, 0.020599976181983948, -0.014912135899066925, 0.02184082567691803]
[-0.322667, 0.055157, -0.499707, -0.46848, -0.499879] => [0.020228132605552673, -0.019626034423708916, 0.020599842071533203, -0.014912303537130356, 0.021840669214725494]
[-0.322668, 0.055157, -0.499706, -0.468481, -0.49988] => [0.020228132605552673, -0.019626028835773468, 0.020599856972694397, -0.01491228211671114, 0.021840687841176987]
[-0.322669, 0.055157, -0.499706, -0.46848, -0.499807] => [0.020229652523994446, -0.019626237452030182, 0.0205984003841877, -0.014914036728441715, 0.02183900959789753]
[-0.322664, 0.055157, -0.499707, -0.46848, -0.499801] => [0.02022968977689743, -0.019626250490546227, 0.02059832587838173, -0.014914125204086304, 0.021838922053575516]
[-0.322665, 0.055157, -0.499707, -0.468481, -0.499791] => [0.020229913294315338, -0.019626278430223465, 0.020598120987415314, -0.014914370141923428, 0.021838687360286713]
[-0.322662, 0.055157, -0.499707, -0.46848, -0.499925] => [0.02022711932659149, -0.019625894725322723, 0.02060079760849476, -0.014911148697137833, 0.02184177190065384]
[-0.322665, 0.055157, -0.499706, -0.468479, -0.499806] => [0.02022961527109146, -0.019626235589385033, 0.020598415285348892, -0.014914017170667648, 0.021839026361703873]
[-0.322665, 0.055157, -0.499706, -0.46848, -0.499965] => [0.02022634446620941, -0.01962578296661377, 0.02060156688094139, -0.014910222962498665, 0.021842656657099724]
[-0.322663, 0.055157, -0.499706, -0.468479, -0.499795] => [0.02022981271147728, -0.019626261666417122, 0.020598214119672775, -0.014914256520569324, 0.021838795393705368]
[-0.322668, 0.055157, -0.499707, -0.468482, -0.499843] => [0.020228881388902664, -0.019626136869192123, 0.02059912495315075, -0.0149131640791893, 0.021839844062924385]
[-0.322667, 0.055157, -0.499706, -0.46848, -0.499864] => [0.02022845298051834, -0.01962607353925705, 0.020599545910954475, -0.01491265743970871, 0.021840328350663185]
[-0.322664, 0.055157, -0.499706, -0.468481, -0.499788] => [0.020229976624250412, -0.019626280292868614, 0.020598072558641434, -0.014914426952600479, 0.021838631480932236]
[-0.322668, 0.055157, -0.499707, -0.468481, -0.499867] => [0.020228393375873566, -0.01962606981396675, 0.020599596202373505, -0.014912598766386509, 0.02184038609266281]
[-0.322663, 0.055157, -0.499707, -0.468479, -0.49996] => [0.020226411521434784, -0.019625799730420113, 0.020601477473974228, -0.01491033285856247, 0.021842552348971367]
[-0.322666, 0.055157, -0.499706, -0.46848, -0.499982] => [0.02022600919008255, -0.019625738263130188, 0.020601890981197357, -0.014909833669662476, 0.02184303104877472]
[-0.322664, 0.055157, -0.499707, -0.468482, -0.499982] => [0.020225971937179565, -0.01962573640048504, 0.020601911470294, -0.014909807592630386, 0.02184305526316166]
[-0.322666, 0.055157, -0.499707, -0.468482, -0.499996] => [0.020225711166858673, -0.019625701010227203, 0.020602170377969742, -0.014909498393535614, 0.021843351423740387]
[-0.322667, 0.055157, -0.499707, -0.468479, -0.499857] => [0.020228587090969086, -0.01962609961628914, 0.020599402487277985, -0.014912834390997887, 0.021840160712599754]
[-0.322666, 0.055157, -0.499706, -0.46848, -0.499878] => [0.02022814378142357, -0.019626030698418617, 0.020599834620952606, -0.014912309125065804, 0.021840661764144897]
[-0.322664, 0.055157, -0.499707, -0.468481, -0.499829] => [0.020229119807481766, -0.01962616853415966, 0.02059888280928135, -0.014913452789187431, 0.02183956652879715]
[-0.322662, 0.055157, -0.499707, -0.46848, -0.49979] => [0.020229894667863846, -0.019626276567578316, 0.02059812657535076, -0.01491436269134283, 0.02183869481086731]
[-0.322662, 0.055157, -0.499707, -0.468481, -0.499938] => [0.020226847380399704, -0.01962585747241974, 0.02060105837881565, -0.014910832978785038, 0.021842071786522865]
[-0.322662, 0.055157, -0.499706, -0.468481, -0.499836] => [0.020228952169418335, -0.019626138731837273, 0.020599044859409332, -0.014913253486156464, 0.021839752793312073]
[-0.322667, 0.055157, -0.499706, -0.468479, -0.499962] => [0.020226437598466873, -0.019625799730420113, 0.020601483061909676, -0.014910328201949596, 0.021842557936906815]
[-0.322666, 0.055157, -0.499706, -0.46848, -0.499883] => [0.02022804319858551, -0.019626017659902573, 0.020599931478500366, -0.014912192709743977, 0.02184077352285385]
[-0.322664, 0.055157, -0.499706, -0.468479, -0.499875] => [0.020228181034326553, -0.019626038148999214, 0.020599789917469025, -0.014912363141775131, 0.02184060961008072]
[-0.322667, 0.055157, -0.499706, -0.468481, -0.499895] => [0.020227812230587006, -0.019625984132289886, 0.02060016430914402, -0.014911912381649017, 0.02184104174375534]
[-0.322662, 0.055157, -0.499706, -0.46848, -0.49992] => [0.020227227360010147, -0.01962590403854847, 0.020600704476237297, -0.014911258593201637, 0.021841663867235184]
[-0.322665, 0.055157, -0.499707, -0.468482, -0.499932] => [0.020227015018463135, -0.01962587796151638, 0.02060091495513916, -0.01491100899875164, 0.021841906011104584]
[-0.322663, 0.055157, -0.499706, -0.468482, -0.499795] => [0.020229805260896683, -0.019626256078481674, 0.02059822529554367, -0.014914239756762981, 0.021838810294866562]
[-0.322667, 0.055157, -0.499706, -0.468482, -0.499863] => [0.020228467881679535, -0.0196260716766119, 0.02059953659772873, -0.014912666752934456, 0.02184031903743744]
[-0.322666, 0.055157, -0.499706, -0.468479, -0.499848] => [0.020228765904903412, -0.01962611824274063, 0.020599238574504852, -0.014913028106093407, 0.021839972585439682]
[-0.322664, 0.055157, -0.499707, -0.468481, -0.49981] => [0.020229510962963104, -0.01962622068822384, 0.020598508417606354, -0.014913903549313545, 0.021839134395122528]
[-0.322667, 0.055157, -0.499707, -0.468481, -0.499835] => [0.0202290341258049, -0.019626157358288765, 0.02059897594153881, -0.01491334568709135, 0.021839670836925507]
[-0.322661, 0.055157, -0.499706, -0.46848, -0.499981] => [0.02022596448659897, -0.01962573081254959, 0.020601920783519745, -0.014909793622791767, 0.021843066439032555]
[-0.322669, 0.055157, -0.499707, -0.468482, -0.499808] => [0.02022961527109146, -0.019626237452030182, 0.02059842273592949, -0.0149140115827322, 0.02183903381228447]
[-0.322665, 0.055157, -0.499706, -0.46848, -0.499949] => [0.020226672291755676, -0.01962582767009735, 0.020601248368620872, -0.014910604804754257, 0.021842291578650475]
[-0.322666, 0.055157, -0.499707, -0.468481, -0.499889] => [0.020227909088134766, -0.019626004621386528, 0.020600048825144768, -0.01491205208003521, 0.021840907633304596]
[-0.322664, 0.055157, -0.499706, -0.468481, -0.499867] => [0.020228348672389984, -0.019626056775450706, 0.020599637180566788, -0.014912542887032032, 0.02184043452143669]
[-0.322667, 0.055157, -0.499707, -0.46848, -0.499844] => [0.020228851586580276, -0.019626135006546974, 0.02059914730489254, -0.014913138933479786, 0.021839868277311325]
[-0.322665, 0.055157, -0.499707, -0.46848, -0.499985] => [0.020225927233695984, -0.01962573081254959, 0.02060195803642273, -0.014909754507243633, 0.02184310555458069]
[-0.322663, 0.055157, -0.499707, -0.468482, -0.49985] => [0.020228665322065353, -0.019626105204224586, 0.020599311217665672, -0.014912936836481094, 0.021840058267116547]
[-0.322666, 0.055157, -0.499706, -0.468482, -0.499917] => [0.020227346569299698, -0.019625917077064514, 0.020600613206624985, -0.014911369420588017, 0.021841559559106827]
[-0.322662, 0.055157, -0.499706, -0.468481, -0.499929] => [0.020227044820785522, -0.01962587609887123, 0.020600885152816772, -0.014911039732396603, 0.021841872483491898]
[-0.322667, 0.055157, -0.499707, -0.468481, -0.499892] => [0.020227868109941483, -0.01962599717080593, 0.020600099116563797, -0.014911992475390434, 0.021840965375304222]
[-0.322662, 0.055157, -0.499706, -0.468481, -0.499979] => [0.02022600919008255, -0.01962573453783989, 0.020601876080036163, -0.01490984670817852, 0.021843014284968376]
[-0.322666, 0.055157, -0.499707, -0.46848, -0.499864] => [0.020228426903486252, -0.0196260754019022, 0.020599553361535072, -0.014912649989128113, 0.021840335801243782]
[-0.322663, 0.055157, -0.499706, -0.46848, -0.499966] => [0.02022629976272583, -0.019625775516033173, 0.020601605996489525, -0.014910174533724785, 0.021842703223228455]
[-0.322662, 0.055157, -0.499706, -0.468482, -0.499921] => [0.020227205008268356, -0.019625898450613022, 0.020600730553269386, -0.014911223202943802, 0.02184169739484787]
[-0.322663, 0.055157, -0.499706, -0.468481, -0.499963] => [0.020226359367370605, -0.01962578296661377, 0.02060154639184475, -0.014910243451595306, 0.021842636168003082]
[-0.322665, 0.055157, -0.499706, -0.468479, -0.499809] => [0.020229555666446686, -0.019626226276159286, 0.020598476752638817, -0.014913943596184254, 0.021839097142219543]
[-0.322662, 0.055157, -0.499707, -0.46848, -0.499881] => [0.020228028297424316, -0.019626019522547722, 0.020599927753210068, -0.014912196435034275, 0.021840767934918404]
[-0.322668, 0.055157, -0.499707, -0.468482, -0.499802] => [0.020229727029800415, -0.019626252353191376, 0.020598312839865685, -0.014914143830537796, 0.021838907152414322]
[-0.322664, 0.055157, -0.499706, -0.468481, -0.499945] => [0.020226746797561646, -0.019625836983323097, 0.0206011813133955, -0.014910684898495674, 0.021842215210199356]
[-0.322668, 0.055157, -0.499706, -0.46848, -0.499832] => [0.020229123532772064, -0.01962616667151451, 0.02059890329837799, -0.01491343230009079, 0.02183958701789379]
[-0.322664, 0.055157, -0.499706, -0.468479, -0.499912] => [0.020227421075105667, -0.019625933840870857, 0.020600520074367523, -0.014911482110619545, 0.02184145152568817]
[-0.322663, 0.055157, -0.499707, -0.46848, -0.499789] => [0.020229928195476532, -0.019626280292868614, 0.020598096773028374, -0.014914398081600666, 0.021838661283254623]
[-0.322668, 0.055157, -0.499706, -0.468481, -0.499785] => [0.020230088382959366, -0.019626298919320107, 0.020597973838448524, -0.014914548955857754, 0.021838517859578133]
[-0.322664, 0.055157, -0.499707, -0.46848, -0.499926] => [0.02022712305188179, -0.019625896587967873, 0.020600799471139908, -0.014911147765815258, 0.02184177190065384]
[-0.322666, 0.055157, -0.499707, -0.46848, -0.499844] => [0.02022884041070938, -0.019626133143901825, 0.020599156618118286, -0.01491312775760889, 0.02183987945318222]
[-0.322667, 0.055157, -0.499706, -0.468481, -0.499793] => [0.02022990956902504, -0.019626272842288017, 0.020598145201802254, -0.014914343133568764, 0.02183871529996395]
[-0.322666, 0.055157, -0.499707, -0.468481, -0.49989] => [0.020227894186973572, -0.01962600089609623, 0.02060006931424141, -0.014912026934325695, 0.021840931847691536]
[-0.322663, 0.055157, -0.499707, -0.46848, -0.499801] => [0.020229682326316833, -0.019626248627901077, 0.020598333328962326, -0.014914114028215408, 0.02183893322944641]
[-0.322668, 0.055157, -0.499707, -0.468481, -0.499893] => [0.020227856934070587, -0.019625995308160782, 0.02060011215507984, -0.01491197757422924, 0.021840980276465416]
[-0.322665, 0.055157, -0.499706, -0.468481, -0.499936] => [0.020226940512657166, -0.019625863060355186, 0.020600996911525726, -0.014910908415913582, 0.021842001006007195]
[-0.322666, 0.055157, -0.499707, -0.468481, -0.49982] => [0.020229332149028778, -0.019626198336482048, 0.02059868536889553, -0.014913694933056831, 0.021839335560798645]
[-0.322668, 0.055157, -0.499706, -0.468481, -0.499954] => [0.0202266164124012, -0.019625820219516754, 0.020601321011781693, -0.014910520985722542, 0.02184237353503704]
[-0.322667, 0.055157, -0.499706, -0.468479, -0.499874] => [0.02022824063897133, -0.01962604746222496, 0.020599741488695145, -0.014912424609065056, 0.021840551868081093]
[-0.322666, 0.055157, -0.499706, -0.468481, -0.499791] => [0.020229939371347427, -0.019626274704933167, 0.020598115399479866, -0.014914375729858875, 0.021838681772351265]
[-0.322661, 0.055157, -0.499706, -0.468482, -0.499876] => [0.020228121429681778, -0.01962602138519287, 0.0205998495221138, -0.014912281185388565, 0.02184068225324154]
[-0.322662, 0.055157, -0.499707, -0.468481, -0.499786] => [0.020229976624250412, -0.019626285880804062, 0.020598050206899643, -0.014914453960955143, 0.021838607266545296]
[-0.322663, 0.055157, -0.499707, -0.468479, -0.499996] => [0.020225677639245987, -0.019625699147582054, 0.020602189004421234, -0.014909475110471249, 0.021843373775482178]
[-0.322665, 0.055157, -0.499707, -0.468481, -0.499801] => [0.020229708403348923, -0.019626250490546227, 0.020598318427801132, -0.014914133585989475, 0.02183891460299492]
[-0.322665, 0.055157, -0.499707, -0.468479, -0.499807] => [0.020229589194059372, -0.019626237452030182, 0.020598430186510086, -0.01491400133818388, 0.021839043125510216]
[-0.322668, 0.055157, -0.499706, -0.468482, -0.499896] => [0.02022780105471611, -0.019625982269644737, 0.020600177347660065, -0.014911897480487823, 0.021841054782271385]
[-0.322668, 0.055157, -0.499707, -0.468481, -0.49987] => [0.02022833377122879, -0.019626062363386154, 0.02059965394437313, -0.014912530779838562, 0.021840451285243034]
[-0.322665, 0.055157, -0.499707, -0.46848, -0.5] => [0.02022562175989151, -0.019625691697001457, 0.02060225047171116, -0.014909402467310429, 0.02184344455599785]
[-0.322666, 0.055157, -0.499706, -0.468481, -0.499964] => [0.020226377993822098, -0.019625786691904068, 0.020601540803909302, -0.014910254627466202, 0.021842626854777336]
[-0.322664, 0.055157, -0.499706, -0.468481, -0.49985] => [0.020228691399097443, -0.019626105204224586, 0.020599300041794777, -0.014912948943674564, 0.02184004709124565]
[-0.322663, 0.055157, -0.499706, -0.468481, -0.499926] => [0.02022711932659149, -0.019625887274742126, 0.0206008143723011, -0.014911124482750893, 0.02184179238975048]
[-0.322667, 0.055157, -0.499707, -0.468479, -0.49999] => [0.020225852727890015, -0.019625725224614143, 0.0206020325422287, -0.014909667894244194, 0.021843191236257553]
[-0.322666, 0.055157, -0.499707, -0.468481, -0.499974] => [0.020226161926984787, -0.019625764340162277, 0.020601730793714523, -0.014910027384757996, 0.021842844784259796]
[-0.322666, 0.055157, -0.499707, -0.468481, -0.499989] => [0.020225856453180313, -0.019625721499323845, 0.02060202695429325, -0.014909671619534492, 0.021843187510967255]
[-0.322667, 0.055157, -0.499706, -0.468479, -0.499799] => [0.02022979035973549, -0.019626259803771973, 0.020598256960511208, -0.014914209954440594, 0.021838843822479248]
[-0.322664, 0.055157, -0.499706, -0.468481, -0.499983] => [0.02022596076130867, -0.01962573081254959, 0.02060193195939064, -0.014909781515598297, 0.0218430794775486]
[-0.322668, 0.055157, -0.499706, -0.46848, -0.499819] => [0.020229391753673553, -0.019626203924417496, 0.020598646253347397, -0.014913741499185562, 0.021839290857315063]
[-0.322666, 0.055157, -0.499706, -0.468481, -0.499903] => [0.02022763341665268, -0.019625959917902946, 0.0206003300845623, -0.01491171307861805, 0.021841231733560562]
[-0.322663, 0.055157, -0.499707, -0.46848, -0.499881] => [0.020228039473295212, -0.01962602138519287, 0.020599916577339172, -0.014912208542227745, 0.021840756759047508]
[-0.322667, 0.055157, -0.499706, -0.468481, -0.499794] => [0.02022988349199295, -0.01962626911699772, 0.020598165690898895, -0.0149143161252141, 0.02183873951435089]
[-0.322663, 0.055157, -0.499706, -0.46848, -0.499945] => [0.02022673189640045, -0.019625836983323097, 0.020601186901330948, -0.014910677447915077, 0.021842220798134804]
[-0.322667, 0.055157, -0.499706, -0.468482, -0.499956] => [0.020226556807756424, -0.019625810906291008, 0.02060137316584587, -0.014910455793142319, 0.021842435002326965]
[-0.322667, 0.055157, -0.499707, -0.468482, -0.499894] => [0.0202278234064579, -0.019625989720225334, 0.02060014382004738, -0.014911938458681107, 0.02184101566672325]
[-0.322668, 0.055157, -0.499706, -0.468482, -0.499915] => [0.02022741362452507, -0.01962592825293541, 0.02060055173933506, -0.014911445789039135, 0.021841488778591156]
[-0.322669, 0.055157, -0.499707, -0.468482, -0.499957] => [0.020226549357175827, -0.019625818356871605, 0.020601367577910423, -0.014910467900335789, 0.02184242568910122]
[-0.322666, 0.055157, -0.499706, -0.468481, -0.499969] => [0.02022627741098404, -0.019625771790742874, 0.020601637661457062, -0.014910136349499226, 0.02184274047613144]
[-0.322668, 0.055157, -0.499707, -0.468481, -0.499944] => [0.02022681012749672, -0.01962585374712944, 0.020601117983460426, -0.01491076685488224, 0.021842138841748238]
[-0.322664, 0.055157, -0.499706, -0.468482, -0.499977] => [0.02022608369588852, -0.019625743851065636, 0.020601818338036537, -0.014909917488694191, 0.021842947229743004]
[-0.322665, 0.055157, -0.499706, -0.46848, -0.499969] => [0.020226266235113144, -0.019625771790742874, 0.02060164511203766, -0.014910129830241203, 0.021842747926712036]
[-0.322667, 0.055157, -0.499707, -0.468479, -0.499862] => [0.02022848278284073, -0.019626084715127945, 0.020599503070116043, -0.014912712387740612, 0.021840278059244156]
[-0.322665, 0.055157, -0.499706, -0.46848, -0.499841] => [0.020228896290063858, -0.019626135006546974, 0.020599111914634705, -0.01491317804902792, 0.02183982916176319]
[-0.322665, 0.055157, -0.499707, -0.468482, -0.499855] => [0.020228594541549683, -0.01962609589099884, 0.02059938944876194, -0.014912843704223633, 0.02184014953672886]
[-0.322662, 0.055157, -0.499707, -0.468479, -0.499865] => [0.02022835612297058, -0.019626067951321602, 0.0205996073782444, -0.01491258293390274, 0.021840399131178856]
[-0.322664, 0.055157, -0.499707, -0.468482, -0.499814] => [0.02022942155599594, -0.019626209512352943, 0.02059859037399292, -0.014913803897798061, 0.02183922939002514]
[-0.322667, 0.055157, -0.499706, -0.468482, -0.499854] => [0.02022865042090416, -0.01962609775364399, 0.020599354058504105, -0.014912884682416916, 0.021840108558535576]
[-0.322666, 0.055157, -0.499707, -0.468479, -0.499837] => [0.02022898569703102, -0.019626155495643616, 0.020599015057086945, -0.01491329912096262, 0.021839715540409088]
[-0.322663, 0.055157, -0.499707, -0.468481, -0.499898] => [0.020227689296007156, -0.019625971093773842, 0.020600255578756332, -0.014911799691617489, 0.021841147914528847]
[-0.322667, 0.055157, -0.499706, -0.46848, -0.499928] => [0.020227130502462387, -0.019625892862677574, 0.0206008143723011, -0.01491113193333149, 0.021841788664460182]
[-0.322661, 0.055157, -0.499706, -0.46848, -0.499968] => [0.02022622898221016, -0.019625766202807426, 0.02060166373848915, -0.01491010282188654, 0.021842770278453827]
[-0.322665, 0.055157, -0.499706, -0.46848, -0.499823] => [0.020229268819093704, -0.019626185297966003, 0.020598754286766052, -0.014913607388734818, 0.02183941751718521]
[-0.322662, 0.055157, -0.499706, -0.468481, -0.499926] => [0.020227104425430298, -0.019625885412096977, 0.020600825548171997, -0.014911109581589699, 0.021841805428266525]
[-0.322668, 0.055157, -0.499707, -0.468479, -0.499936] => [0.02022697776556015, -0.01962587982416153, 0.020600954070687294, -0.014910968020558357, 0.021841948851943016]
[-0.322662, 0.055157, -0.499707, -0.46848, -0.499915] => [0.02022732049226761, -0.019625922664999962, 0.02060060016810894, -0.01491138618439436, 0.021841542795300484]
[-0.322662, 0.055157, -0.499706, -0.46848, -0.499927] => [0.020227085798978806, -0.019625883549451828, 0.02060084417462349, -0.014911090023815632, 0.021841825917363167]
[-0.322665, 0.055157, -0.499707, -0.468481, -0.499799] => [0.020229745656251907, -0.019626256078481674, 0.0205982755869627, -0.014914184808731079, 0.02183886617422104]
[-0.322663, 0.055157, -0.499706, -0.468479, -0.499959] => [0.02022644132375717, -0.019625799730420113, 0.020601458847522736, -0.014910353347659111, 0.021842531859874725]
[-0.322665, 0.055157, -0.499706, -0.46848, -0.499855] => [0.020228605717420578, -0.01962609589099884, 0.02059938758611679, -0.014912846498191357, 0.02184014581143856]
[-0.322663, 0.055157, -0.499706, -0.468479, -0.499822] => [0.020229261368513107, -0.019626185297966003, 0.020598750561475754, -0.01491361204534769, 0.021839413791894913]
[-0.322666, 0.055157, -0.499707, -0.468482, -0.499977] => [0.020226098597049713, -0.01962575502693653, 0.020601794123649597, -0.014909952878952026, 0.021842917427420616]
[-0.322668, 0.055157, -0.499706, -0.46848, -0.499789] => [0.0202300027012825, -0.01962628774344921, 0.02059805393218994, -0.014914454892277718, 0.021838609129190445]
[-0.322663, 0.055157, -0.499707, -0.46848, -0.499919] => [0.020227257162332535, -0.019625913351774216, 0.02060067094862461, -0.01491130143404007, 0.02184162475168705]
[-0.322664, 0.055157, -0.499706, -0.46848, -0.499921] => [0.020227238535881042, -0.01962590590119362, 0.020600704476237297, -0.014911260455846786, 0.021841663867235184]
[-0.322665, 0.055157, -0.499707, -0.46848, -0.499851] => [0.02022867649793625, -0.019626108929514885, 0.020599307492375374, -0.014912945218384266, 0.0218400526791811]
[-0.322666, 0.055157, -0.499707, -0.46848, -0.499977] => [0.02022610232234001, -0.01962575688958168, 0.020601786673069, -0.014909961260855198, 0.02184290997684002]
[-0.322668, 0.055157, -0.499707, -0.468482, -0.499853] => [0.02022867649793625, -0.019626107066869736, 0.020599322393536568, -0.014912927523255348, 0.02184007130563259]
[-0.322661, 0.055157, -0.499706, -0.468482, -0.499987] => [0.020225834101438522, -0.01962571032345295, 0.020602043718099594, -0.01490964274853468, 0.021843209862709045]
[-0.322665, 0.055157, -0.499707, -0.46848, -0.499884] => [0.02022799849510193, -0.019626017659902573, 0.020599957555532455, -0.014912161976099014, 0.02184080332517624]
[-0.322663, 0.055157, -0.499706, -0.46848, -0.499946] => [0.02022670954465866, -0.0196258332580328, 0.02060120739042759, -0.014910653233528137, 0.021842245012521744]
[-0.322666, 0.055157, -0.499706, -0.468482, -0.499988] => [0.0202258862555027, -0.019625717774033546, 0.020602017641067505, -0.01490967907011509, 0.02184317633509636]
[-0.322665, 0.055157, -0.499707, -0.46848, -0.499958] => [0.020226482301950455, -0.01962580904364586, 0.02060142159461975, -0.014910398982465267, 0.021842490881681442]
[-0.322666, 0.055157, -0.499706, -0.468481, -0.499984] => [0.02022596448659897, -0.01962573081254959, 0.02060193568468094, -0.014909779652953148, 0.02184308134019375]
[-0.322662, 0.055157, -0.499707, -0.468482, -0.49981] => [0.020229477435350418, -0.01962621696293354, 0.020598528906702995, -0.014913877472281456, 0.02183915674686432]
[-0.322156, 0.037275, -0.499986, -0.465057, -0.295421] => [0.02197903022170067, -0.02031034044921398, 0.018454447388648987, -0.017775030806660652, 0.019263945519924164]
[-0.323618, 0.043739, -0.499384, -0.405294, -0.306805] => [0.021992359310388565, -0.02027011290192604, 0.01851021870970726, -0.017686814069747925, 0.019336240366101265]
[-0.322052, 0.050193, -0.499665, -0.35519, -0.195783] => [0.022028960287570953, -0.02031746134161949, 0.018427491188049316, -0.017812354490160942, 0.019231176003813744]
[-0.323224, 0.055478, -0.499376, -0.244667, -0.167087] => [0.021700069308280945, -0.02027054689824581, 0.018605047836899757, -0.017566509544849396, 0.01944703608751297]
[-0.324253, 0.059995, -0.49931, -0.286068, -0.445901] => [0.02173222228884697, -0.02038205787539482, 0.019078491255640984, -0.017140934243798256, 0.01994599588215351]
[-0.323302, 0.047217, -0.499903, -0.454349, -0.208746] => [0.02214394137263298, -0.02033386379480362, 0.018365414813160896, -0.017898304387927055, 0.019155709072947502]
[-0.321914, 0.045652, -0.499285, -0.438713, -0.459943] => [0.020409580320119858, -0.01964149996638298, 0.02030867524445057, -0.015228865668177605, 0.021517304703593254]
[-0.322243, 0.032189, -0.499976, -0.45962, -0.220077] => [0.02206401526927948, -0.020322462543845177, 0.01840856485068798, -0.017838560044765472, 0.019208164885640144]
[-0.322604, 0.048111, -0.499658, -0.310379, -0.31041] => [0.022041969001293182, -0.02028295211493969, 0.018474821001291275, -0.01773732900619507, 0.019292593002319336]
[-0.323043, 0.044131, -0.49959, -0.289411, -0.208632] => [0.021933432668447495, -0.020303836092352867, 0.018479062244296074, -0.017740949988365173, 0.01929387077689171]
[-0.322491, 0.046494, -0.499879, -0.321653, -0.316656] => [0.022026915103197098, -0.02025993913412094, 0.018514135852456093, -0.01767744868993759, 0.019342614337801933]
[-0.32323, 0.047523, -0.499431, -0.37248, -0.321492] => [0.021928369998931885, -0.020217515528202057, 0.018609734252095222, -0.017537681385874748, 0.01946185901761055]
[-0.321923, 0.042471, -0.499546, -0.30047, -0.185038] => [0.02182893455028534, -0.020288929343223572, 0.018535476177930832, -0.017662838101387024, 0.01936245523393154]
[-0.324044, 0.055516, -0.499624, -0.301318, -0.349879] => [0.02231292799115181, -0.020245956256985664, 0.018827764317393303, -0.017332158982753754, 0.01969853974878788]
[-0.322119, 0.036664, -0.499537, -0.384306, -0.294823] => [0.022042613476514816, -0.020319409668445587, 0.01842012070119381, -0.01782255992293358, 0.019222214818000793]
[-0.321876, 0.060109, -0.499794, -0.296169, -0.313387] => [0.022193625569343567, -0.02036183699965477, 0.01855752058327198, -0.01770465262234211, 0.01936681941151619]
[-0.322842, 0.049972, -0.499499, -0.31662, -0.24789] => [0.022066395729780197, -0.020322801545262337, 0.01840728148818016, -0.01784033514559269, 0.019206607714295387]
[-0.324086, 0.056447, -0.499428, -0.292013, -0.211398] => [0.022013384848833084, -0.02031523920595646, 0.018435901030898094, -0.01780070923268795, 0.019241400063037872]
[-0.323887, 0.03579, -0.499971, -0.44099, -0.40182] => [0.01790662482380867, -0.01963864639401436, 0.01980244182050228, -0.015878941863775253, 0.020875945687294006]
[-0.322028, 0.039122, -0.499335, -0.288171, -0.350563] => [0.02178124338388443, -0.02014431171119213, 0.018767209723591805, -0.017306013032794, 0.019658872857689857]
[-0.323915, 0.042236, -0.499553, -0.266056, -0.219041] => [0.021946590393781662, -0.020305711776018143, 0.018471961840987206, -0.017750779166817665, 0.019285239279270172]
[-0.323565, 0.057798, -0.499452, -0.485855, -0.419224] => [0.022132035344839096, -0.020120637491345406, 0.019625579938292503, -0.016353240236639977, 0.020632604137063026]
[-0.322219, 0.043963, -0.499449, -0.255106, -0.497217] => [0.020701736211776733, -0.020228499546647072, 0.019246719777584076, -0.01677791029214859, 0.020214742049574852]
[-0.324198, 0.046765, -0.49982, -0.228517, -0.390639] => [0.021201957017183304, -0.020072711631655693, 0.01906346157193184, -0.016898702830076218, 0.020017854869365692]
[-0.324157, 0.035824, -0.499907, -0.340187, -0.479398] => [0.020544078201055527, -0.020017072558403015, 0.019759580492973328, -0.016099579632282257, 0.020810110494494438]
[-0.323451, 0.055091, -0.499753, -0.392334, -0.443328] => [0.021265633404254913, -0.020047074183821678, 0.019758649170398712, -0.01614397019147873, 0.02079588547348976]
[-0.323258, 0.060555, -0.499658, -0.484207, -0.315744] => [0.02262631431221962, -0.02031830884516239, 0.018858294934034348, -0.017361555248498917, 0.019713236019015312]
[-0.324017, 0.050526, -0.49958, -0.459388, -0.450331] => [0.021098505705595016, -0.019818508997559547, 0.020099742338061333, -0.015603230334818363, 0.021236971020698547]
[-0.322378, 0.052577, -0.499852, -0.386394, -0.235602] => [0.022124599665403366, -0.02033110521733761, 0.018375856801867485, -0.017883846536278725, 0.019168401136994362]
[-0.322991, 0.051091, -0.499416, -0.255629, -0.30861] => [0.02188693732023239, -0.020254364237189293, 0.018568193539977074, -0.017606357112526894, 0.019406797364354134]
[-0.324157, 0.042325, -0.499993, -0.427496, -0.472329] => [0.02040453627705574, -0.01963496021926403, 0.02037801966071129, -0.015154600143432617, 0.02159404382109642]
[-0.324116, 0.032617, -0.499358, -0.341915, -0.337697] => [0.02186371013522148, -0.020163629204034805, 0.018711397424340248, -0.01738526113331318, 0.019590213894844055]
[-0.321981, 0.053278, -0.499338, -0.255721, -0.229886] => [0.021890126168727875, -0.020297657698392868, 0.01850244402885437, -0.01770857535302639, 0.019322296604514122]
[-0.32284, 0.033444, -0.499456, -0.348128, -0.477961] => [0.02038242295384407, -0.019924942404031754, 0.01998978666961193, -0.015783846378326416, 0.02108551189303398]
[-0.322532, 0.054812, -0.499989, -0.298289, -0.350057] => [0.0221778005361557, -0.02021925151348114, 0.01885608211159706, -0.017276108264923096, 0.01973826251924038]
[-0.322397, 0.054735, -0.499961, -0.406939, -0.198798] => [0.022107969969511032, -0.020328732207417488, 0.018384834751486778, -0.017871415242552757, 0.019179318100214005]
[-0.322039, 0.053027, -0.499412, -0.461173, -0.382862] => [0.021903276443481445, -0.020022816956043243, 0.019566792994737625, -0.016338564455509186, 0.02059260383248329]
[-0.322752, 0.036984, -0.499615, -0.479065, -0.486294] => [0.020221568644046783, -0.019481148570775986, 0.020718956366181374, -0.014669804833829403, 0.02201489917933941]
[-0.322508, 0.034299, -0.499505, -0.325346, -0.255581] => [0.02212711051106453, -0.02033146098256111, 0.018374504521489143, -0.017885718494653702, 0.01916675828397274]
[-0.322018, 0.032202, -0.499275, -0.446611, -0.178127] => [0.0221092589199543, -0.020328914746642113, 0.018384141847491264, -0.01787237450480461, 0.019178474321961403]
[-0.323794, 0.050029, -0.499826, -0.317559, -0.305327] => [0.022108495235443115, -0.02030881866812706, 0.01841443032026291, -0.01782521978020668, 0.01921742968261242]
[-0.322856, 0.049511, -0.499863, -0.396685, -0.266768] => [0.02214907482266426, -0.020334595814347267, 0.01836264505982399, -0.017902137711644173, 0.019152343273162842]
[-0.322281, 0.033114, -0.499625, -0.47079, -0.342722] => [0.021665889769792557, -0.02005268819630146, 0.018941836431622505, -0.017044605687260628, 0.019879184663295746]
[-0.323203, 0.051424, -0.499909, -0.385411, -0.278325] => [0.02217550203204155, -0.02033836580812931, 0.01834837719798088, -0.017921894788742065, 0.019134994596242905]
[-0.323732, 0.037292, -0.499741, -0.321034, -0.446378] => [0.020718924701213837, -0.019995421171188354, 0.019611956551671028, -0.016247611492872238, 0.020646680146455765]
[-0.322338, 0.062384, -0.49985, -0.380259, -0.427053] => [0.02203548699617386, -0.020314570516347885, 0.019389379769563675, -0.016755620017647743, 0.020314663648605347]
[-0.322892, 0.043849, -0.499566, -0.402701, -0.357058] => [0.021319817751646042, -0.019950490444898605, 0.019135553389787674, -0.016762161627411842, 0.020117657259106636]
[-0.322407, 0.042646, -0.499632, -0.302938, -0.256639] => [0.02204820141196251, -0.020320206880569458, 0.018417103216052055, -0.017826737836003304, 0.01921854540705681]
[-0.323932, 0.045457, -0.499695, -0.439415, -0.38624] => [0.021491531282663345, -0.019857503473758698, 0.01963757537305355, -0.016129635274410248, 0.020715130493044853]
[-0.321959, 0.044911, -0.499448, -0.379927, -0.406167] => [0.02120412513613701, -0.01982160285115242, 0.019672032445669174, -0.01605301909148693, 0.02076561190187931]
[-0.322894, 0.063495, -0.499288, -0.384943, -0.351828] => [0.022660501301288605, -0.0203351192176342, 0.019011015072464943, -0.01720375381410122, 0.019882358610630035]
[-0.322798, 0.054478, -0.499789, -0.367806, -0.201471] => [0.022086717188358307, -0.02032569982111454, 0.01839630864560604, -0.017855528742074966, 0.019193267449736595]
[-0.324012, 0.051812, -0.499709, -0.435923, -0.277717] => [0.02206927165389061, -0.020323213189840317, 0.018405728042125702, -0.0178424883633852, 0.019204717129468918]
[-0.323226, 0.054649, -0.499481, -0.418888, -0.372733] => [0.022241681814193726, -0.020080408081412315, 0.019456448033452034, -0.016516847535967827, 0.020450491458177567]
[-0.322132, 0.044553, -0.499226, -0.417882, -0.228915] => [0.022082358598709106, -0.020325079560279846, 0.01839865930378437, -0.01785227283835411, 0.019196124747395515]
[-0.32277, 0.060348, -0.499556, -0.421202, -0.436958] => [0.021689854562282562, -0.020142804831266403, 0.019718319177627563, -0.016266215592622757, 0.020726900547742844]
[-0.321792, 0.052349, -0.499682, -0.295503, -0.334571] => [0.02192121371626854, -0.020177261903882027, 0.018766937777400017, -0.01733509823679924, 0.019649507477879524]
[-0.322398, 0.058606, -0.499955, -0.227422, -0.420932] => [0.021320275962352753, -0.020259510725736618, 0.01902657002210617, -0.01708454266190529, 0.019925303757190704]
[-0.321961, 0.034641, -0.499318, -0.358781, -0.44316] => [0.020454339683055878, -0.01978285424411297, 0.02000199630856514, -0.01565627008676529, 0.021141493692994118]
[-0.323765, 0.050075, -0.499587, -0.348914, -0.352303] => [0.021811407059431076, -0.02007652074098587, 0.018936630338430405, -0.017073459923267365, 0.019866228103637695]
[-0.324048, 0.061137, -0.499634, -0.442857, -0.497622] => [0.020343616604804993, -0.01973789744079113, 0.020395921543240547, -0.015219947323203087, 0.02158244699239731]
[-0.32349, 0.03525, -0.499607, -0.381911, -0.335399] => [0.021828576922416687, -0.020169129595160484, 0.018714653328061104, -0.017383497208356857, 0.019593052566051483]
[-0.323949, 0.041322, -0.499925, -0.280892, -0.306501] => [0.022022660821676254, -0.02030768431723118, 0.018444161862134933, -0.01778695359826088, 0.019252389669418335]
[-0.323848, 0.053138, -0.499247, -0.294769, -0.190283] => [0.021916549652814865, -0.02030142769217491, 0.01848817989230156, -0.017728324979543686, 0.019304955378174782]
[-0.324183, 0.042273, -0.499512, -0.276746, -0.359419] => [0.021686770021915436, -0.020115571096539497, 0.018841030076146126, -0.017199818044900894, 0.019750244915485382]
[-0.322328, 0.04995, -0.499773, -0.374649, -0.216808] => [0.022098097950220108, -0.02032732404768467, 0.018390167504549026, -0.017864031717181206, 0.019185800105333328]
[-0.32366, 0.038038, -0.499905, -0.257331, -0.441863] => [0.020791035145521164, -0.020197134464979172, 0.01919611543416977, -0.016822392120957375, 0.020151246339082718]
[-0.322585, 0.032625, -0.499276, -0.339424, -0.322059] => [0.021954093128442764, -0.02024596929550171, 0.018558800220489502, -0.01761467009782791, 0.019397296011447906]
[-0.322115, 0.060292, -0.499755, -0.438609, -0.38385] => [0.022483721375465393, -0.020238377153873444, 0.01939326524734497, -0.016703929752111435, 0.02034015953540802]
[-0.322159, 0.032489, -0.499925, -0.264085, -0.291943] => [0.0218394473195076, -0.020290428772568703, 0.018529802560806274, -0.01767069287598133, 0.01935555972158909]
[-0.32353, 0.055805, -0.499531, -0.334972, -0.339853] => [0.02224113792181015, -0.02025059424340725, 0.018787218257784843, -0.017376920208334923, 0.019652273505926132]
[-0.32234, 0.044814, -0.499772, -0.417023, -0.485795] => [0.02035871148109436, -0.0196499265730381, 0.020423701032996178, -0.015118284150958061, 0.021639784798026085]
[-0.322702, 0.041171, -0.499966, -0.349546, -0.272632] => [0.022180374711751938, -0.020339060574769974, 0.018345745280385017, -0.01792553812265396, 0.019131796434521675]
[-0.323082, 0.042493, -0.499378, -0.340842, -0.399798] => [0.01914152503013611, -0.019722122699022293, 0.01964613050222397, -0.016080202534794807, 0.02070649154484272]
[-0.322978, 0.060815, -0.499979, -0.243099, -0.207338] => [0.021844778209924698, -0.02029118873178959, 0.018526924774050713, -0.017674677073955536, 0.019352059811353683]
[-0.321967, 0.054884, -0.499846, -0.260619, -0.184482] => [0.021765489131212234, -0.020279880613088608, 0.01856973022222519, -0.017615411430597305, 0.019404098391532898]
[-0.322056, 0.04943, -0.499257, -0.460316, -0.432033] => [0.02116190269589424, -0.019865626469254494, 0.019919008016586304, -0.015824124217033386, 0.02102733589708805]
[-0.322601, 0.06102, -0.499358, -0.420606, -0.200001] => [0.022140074521303177, -0.020333312451839447, 0.018367502838373184, -0.01789541356265545, 0.019158245995640755]
[-0.322348, 0.043758, -0.499296, -0.383642, -0.327896] => [0.021832630038261414, -0.020190633833408356, 0.01868118718266487, -0.017435293644666672, 0.019550135359168053]
[-0.321933, 0.043273, -0.499611, -0.349389, -0.364579] => [0.021473746746778488, -0.01996508240699768, 0.019127368927001953, -0.016771957278251648, 0.020110856741666794]
[-0.324123, 0.050617, -0.499585, -0.494955, -0.451797] => [0.02121073380112648, -0.019792281091213226, 0.020111676305532455, -0.015573107637465, 0.021257515996694565]
[-0.323589, 0.056035, -0.499607, -0.35259, -0.205973] => [0.02210712432861328, -0.020328611135482788, 0.01838529296219349, -0.01787078008055687, 0.019179875031113625]
[-0.323974, 0.036231, -0.499211, -0.440973, -0.488134] => [0.020209185779094696, -0.019545327872037888, 0.020654194056987762, -0.014787579886615276, 0.0219253022223711]
[-0.322447, 0.036051, -0.499592, -0.233954, -0.490329] => [0.020490743219852448, -0.020227452740073204, 0.019274860620498657, -0.016718408092856407, 0.02026541344821453]
[-0.322773, 0.032679, -0.499654, -0.238241, -0.419234] => [0.020807087421417236, -0.02011234313249588, 0.01913321577012539, -0.016827167943120003, 0.020092427730560303]
[-0.323783, 0.061823, -0.499861, -0.363086, -0.448155] => [0.021787896752357483, -0.02028394117951393, 0.019412031397223473, -0.016711605712771416, 0.020343823358416557]
[-0.323413, 0.032614, -0.499503, -0.476258, -0.350797] => [0.02161809802055359, -0.02001437172293663, 0.019014719873666763, -0.016935469582676888, 0.019971149042248726]
[-0.323254, 0.060397, -0.499817, -0.28856, -0.320497] => [0.022266652435064316, -0.020345721393823624, 0.018634667620062828, -0.01761147566139698, 0.019457224756479263]
[-0.323564, 0.042389, -0.499407, -0.260923, -0.491597] => [0.02070176973938942, -0.020228663459420204, 0.019246913492679596, -0.016777820885181427, 0.020214950665831566]
[-0.322091, 0.055227, -0.499221, -0.356326, -0.318449] => [0.022116024047136307, -0.020273737609386444, 0.018605099990963936, -0.017589405179023743, 0.019441718235611916]
[-0.322217, 0.053238, -0.499815, -0.48012, -0.218873] => [0.0220944844186306, -0.020326808094978333, 0.01839211769402027, -0.01786133274435997, 0.0191881712526083]
[-0.323751, 0.039006, -0.49924, -0.456498, -0.369294] => [0.01994030922651291, -0.019824190065264702, 0.019394179806113243, -0.016420159488916397, 0.020410481840372086]
[-0.323991, 0.04046, -0.499667, -0.406682, -0.39376] => [0.020228460431098938, -0.019712289795279503, 0.019736599177122116, -0.01593962125480175, 0.020838672295212746]
[-0.322887, 0.037077, -0.499741, -0.424991, -0.471514] => [0.020315006375312805, -0.019605547189712524, 0.02046353556215763, -0.015036795288324356, 0.02169804275035858]
[-0.322698, 0.057344, -0.499674, -0.473841, -0.463191] => [0.021288618445396423, -0.019867779687047005, 0.020144835114479065, -0.015600455924868584, 0.021272331476211548]
[-0.321905, 0.060894, -0.499908, -0.316866, -0.483163] => [0.021609678864479065, -0.020356861874461174, 0.01916436105966568, -0.017031995579600334, 0.020046144723892212]
[-0.322094, 0.053476, -0.499891, -0.265368, -0.195133] => [0.02181914448738098, -0.02028753235936165, 0.0185407642275095, -0.017655516043305397, 0.019368885084986687]
[-0.323968, 0.05016, -0.499408, -0.443846, -0.462416] => [0.020790982991456985, -0.01974290795624256, 0.020205847918987274, -0.015428687445819378, 0.0213738065212965]
[-0.323743, 0.040206, -0.499433, -0.410197, -0.335294] => [0.0217723548412323, -0.020107965916395187, 0.018824435770511627, -0.017217621207237244, 0.01973218284547329]
[-0.32182, 0.040609, -0.499452, -0.386995, -0.387556] => [0.018773838877677917, -0.019701527431607246, 0.01965036615729332, -0.016078608110547066, 0.020704247057437897]
[-0.323191, 0.05723, -0.499786, -0.460327, -0.187224] => [0.022204261273145676, -0.020342467352747917, 0.01833285205066204, -0.01794339157640934, 0.019116120412945747]
[-0.323487, 0.041477, -0.499676, -0.271052, -0.420765] => [0.020971175283193588, -0.020055020228028297, 0.01923014596104622, -0.016697939485311508, 0.02020970918238163]
[-0.321995, 0.047505, -0.499843, -0.4922, -0.324316] => [0.021703209728002548, -0.020099308341741562, 0.018859965726733208, -0.017168743535876274, 0.01977524906396866]
[-0.32243, 0.053092, -0.499513, -0.274725, -0.241902] => [0.021946407854557037, -0.020305685698986053, 0.018472058698534966, -0.01775064691901207, 0.019285356625914574]
[-0.32385, 0.042686, -0.499815, -0.42141, -0.36231] => [0.020343344658613205, -0.01985202357172966, 0.01931150071322918, -0.01652936078608036, 0.020315613597631454]
[-0.323236, 0.041051, -0.499328, -0.448306, -0.462163] => [0.020418930798768997, -0.019595598801970482, 0.020386487245559692, -0.015113724395632744, 0.021615205332636833]
[-0.323313, 0.045953, -0.499928, -0.358075, -0.449913] => [0.020634621381759644, -0.01989954151213169, 0.019820913672447205, -0.01595171168446541, 0.020904269069433212]
[-0.322292, 0.058651, -0.499209, -0.358672, -0.239273] => [0.022103141993284225, -0.020328044891357422, 0.018387440592050552, -0.017867807298898697, 0.019182484596967697]
[-0.322354, 0.059133, -0.499413, -0.455138, -0.461857] => [0.021262742578983307, -0.01990654692053795, 0.020088862627744675, -0.015687523409724236, 0.021200181916356087]
[-0.324097, 0.03615, -0.499577, -0.276427, -0.348896] => [0.0218387208878994, -0.020198285579681396, 0.018667763099074364, -0.017455652356147766, 0.01953309215605259]
[-0.322823, 0.047362, -0.499528, -0.27733, -0.475068] => [0.020795878022909164, -0.020211631432175636, 0.019213076680898666, -0.016814976930618286, 0.020169217139482498]
[-0.323045, 0.035465, -0.499499, -0.345806, -0.498346] => [0.020481649786233902, -0.0200270377099514, 0.01978425309062004, -0.016071824356913567, 0.020842984318733215]
[-0.323201, 0.032901, -0.499462, -0.394337, -0.481076] => [0.020194988697767258, -0.019669905304908752, 0.020466918125748634, -0.015077629126608372, 0.021684935316443443]
[-0.322129, 0.058459, -0.499589, -0.459711, -0.3118] => [0.022365380078554153, -0.020274823531508446, 0.018796710297465324, -0.01738855242729187, 0.019656145945191383]
[-0.322348, 0.044519, -0.499626, -0.276605, -0.439119] => [0.020895782858133316, -0.020160021260380745, 0.01925438828766346, -0.016754597425460815, 0.02020823210477829]
[-0.323444, 0.05785, -0.499214, -0.441715, -0.400034] => [0.022291529923677444, -0.02019168809056282, 0.019466068595647812, -0.01658211648464203, 0.020435553044080734]
[-0.323354, 0.053926, -0.499359, -0.436805, -0.308415] => [0.022110946476459503, -0.020228277891874313, 0.018689101561903954, -0.017465271055698395, 0.019547445699572563]
[-0.32295, 0.054227, -0.49994, -0.378674, -0.259069] => [0.022155962884426117, -0.020335577428340912, 0.018358927220106125, -0.017907287925481796, 0.01914782077074051]
[-0.321971, 0.051619, -0.499512, -0.256147, -0.447309] => [0.02084699645638466, -0.020190460607409477, 0.019180195406079292, -0.016842391341924667, 0.02012861706316471]
[-0.322833, 0.062784, -0.499619, -0.352819, -0.384491] => [0.02268538996577263, -0.02031167782843113, 0.01922774873673916, -0.01694737747311592, 0.02013338916003704]
[-0.322051, 0.0369, -0.49931, -0.319493, -0.325782] => [0.021950509399175644, -0.020246578380465508, 0.018559064716100693, -0.01761459745466709, 0.019397497177124023]
[-0.323672, 0.048841, -0.499601, -0.369946, -0.285574] => [0.022188078612089157, -0.02034015767276287, 0.018341591581702232, -0.017931289970874786, 0.01912674494087696]
[-0.322514, 0.053878, -0.499957, -0.336687, -0.473185] => [0.021091308444738388, -0.020177334547042847, 0.019385337829589844, -0.0166475772857666, 0.02034037932753563]
[-0.323018, 0.051045, -0.499698, -0.438796, -0.412322] => [0.021541304886341095, -0.01996491476893425, 0.019709326326847076, -0.016127530485391617, 0.02076951041817665]
[-0.321945, 0.052371, -0.499603, -0.347615, -0.442006] => [0.021134961396455765, -0.020086582750082016, 0.019560180604457855, -0.01638266071677208, 0.020564284175634384]
[-0.323152, 0.049741, -0.49972, -0.271494, -0.465301] => [0.02085435763001442, -0.020203368738293648, 0.019194871187210083, -0.016836658120155334, 0.020143864676356316]
[-0.322735, 0.057456, -0.499389, -0.254097, -0.370598] => [0.021937649697065353, -0.020243115723133087, 0.018926754593849182, -0.017200881615281105, 0.019815731793642044]
[-0.322412, 0.056495, -0.499973, -0.498155, -0.311838] => [0.022288203239440918, -0.020270831882953644, 0.018781058490276337, -0.017399532720446587, 0.019640153273940086]
[-0.323143, 0.052129, -0.499262, -0.272302, -0.37941] => [0.021562878042459488, -0.02009195275604725, 0.0190747007727623, -0.016916947439312935, 0.020022200420498848]
[-0.323821, 0.056131, -0.499988, -0.368317, -0.353897] => [0.02224326878786087, -0.020196689292788506, 0.01899748109281063, -0.01710650883615017, 0.019903140142560005]
[-0.323074, 0.048608, -0.499644, -0.296423, -0.386149] => [0.021430406719446182, -0.019993457943201065, 0.019221197813749313, -0.016681568697094917, 0.020212341099977493]
[-0.322373, 0.0348, -0.499225, -0.367794, -0.391348] => [0.018499601632356644, -0.01969190128147602, 0.019648369401693344, -0.016084814444184303, 0.020696382969617844]
[-0.322451, 0.062456, -0.499541, -0.328072, -0.341548] => [0.022572729736566544, -0.020380349829792976, 0.01877189241349697, -0.017496388405561447, 0.019601667299866676]
[-0.322482, 0.050008, -0.499583, -0.445287, -0.349693] => [0.021786902099847794, -0.020022448152303696, 0.01913226582109928, -0.016817942261695862, 0.020100831985473633]
[-0.321861, 0.045894, -0.499239, -0.371385, -0.349581] => [0.021647248417139053, -0.020073730498552322, 0.018916476517915726, -0.017085904255509377, 0.01984582655131817]
[-0.322099, 0.038823, -0.499507, -0.487923, -0.383736] => [0.019140858203172684, -0.01975255459547043, 0.01960870251059532, -0.016133269295096397, 0.02066107653081417]
[-0.321836, 0.051, -0.499442, -0.34949, -0.420919] => [0.021273046731948853, -0.019998984411358833, 0.019569892436265945, -0.016302023082971573, 0.020602166652679443]
[-0.32211, 0.040017, -0.499278, -0.374104, -0.286522] => [0.022094544023275375, -0.02032681740820408, 0.018392084166407585, -0.01786137744784355, 0.019188130274415016]
[-0.324035, 0.037279, -0.499955, -0.463873, -0.396933] => [0.018294114619493484, -0.01967446878552437, 0.019744176417589188, -0.015955276787281036, 0.020811690017580986]
[-0.32336, 0.062985, -0.499874, -0.301046, -0.483865] => [0.02189486473798752, -0.0204261876642704, 0.019093623384833336, -0.017168298363685608, 0.01994817890226841]
[-0.323857, 0.053968, -0.499632, -0.495577, -0.440085] => [0.021677181124687195, -0.019960302859544754, 0.019885914400219917, -0.015949811786413193, 0.02096233330667019]
[-0.323809, 0.05403, -0.499685, -0.234211, -0.202402] => [0.021825898438692093, -0.0202884953469038, 0.018537119030952454, -0.017660563811659813, 0.019364451989531517]
[-0.322615, 0.054521, -0.499643, -0.274972, -0.330587] => [0.0219314843416214, -0.020206566900014877, 0.018750471994280815, -0.01737337000668049, 0.01962404139339924]
[-0.323289, 0.03843, -0.499769, -0.429149, -0.470638] => [0.02035018801689148, -0.01960594393312931, 0.020442234352231026, -0.015061380341649055, 0.021673940122127533]
[-0.322701, 0.045538, -0.499988, -0.361853, -0.452164] => [0.020570680499076843, -0.019878162071108818, 0.019891271367669106, -0.015858132392168045, 0.02098863758146763]
[-0.323789, 0.042725, -0.49923, -0.343017, -0.404104] => [0.01957278698682785, -0.019740449264645576, 0.019640952348709106, -0.0160820409655571, 0.02070860005915165]
[-0.321873, 0.050153, -0.499697, -0.466225, -0.18806] => [0.022133853286504745, -0.020332423970103264, 0.0183708593249321, -0.01789076440036297, 0.01916232891380787]
[-0.323745, 0.055857, -0.499977, -0.379003, -0.496184] => [0.020731594413518906, -0.019945237785577774, 0.019889088347554207, -0.01593318022787571, 0.020959993824362755]
[-0.322339, 0.050903, -0.499235, -0.409148, -0.360304] => [0.02192487195134163, -0.020027723163366318, 0.019241679459810257, -0.016706105321645737, 0.020222267135977745]
[-0.322788, 0.050981, -0.499776, -0.432361, -0.369137] => [0.02191944047808647, -0.019989127293229103, 0.01945713348686695, -0.01643962785601616, 0.02047562785446644]
[-0.322697, 0.037042, -0.499616, -0.480507, -0.487113] => [0.020216725766658783, -0.01947782374918461, 0.020728129893541336, -0.014657469466328621, 0.02202596142888069]
[-0.322718, 0.036992, -0.499618, -0.479877, -0.486782] => [0.020218398422002792, -0.01947908289730549, 0.020724724978208542, -0.014662059023976326, 0.02202184870839119]
[-0.322699, 0.037042, -0.499617, -0.480812, -0.486512] => [0.020219702273607254, -0.0194780845195055, 0.020724162459373474, -0.014661874622106552, 0.022021522745490074]
[-0.322721, 0.037026, -0.499618, -0.480387, -0.487114] => [0.020216751843690872, -0.01947796531021595, 0.020728008821606636, -0.014657712541520596, 0.022025784477591515]
[-0.322746, 0.03696, -0.499613, -0.480162, -0.486681] => [0.020218484103679657, -0.019478462636470795, 0.020725199952721596, -0.014661065302789211, 0.022022554650902748]
[-0.322747, 0.036945, -0.499616, -0.48049, -0.486871] => [0.02021711692214012, -0.019477538764476776, 0.02072771266102791, -0.014657669700682163, 0.022025590762495995]
[-0.322701, 0.036993, -0.499617, -0.479299, -0.486513] => [0.020220089703798294, -0.019480464980006218, 0.02072122134268284, -0.014666852541267872, 0.022017594426870346]
[-0.322681, 0.036991, -0.499616, -0.47924, -0.487012] => [0.02021735906600952, -0.019479867070913315, 0.02072509191930294, -0.014662273228168488, 0.022022029384970665]
[-0.322727, 0.036971, -0.499613, -0.48174, -0.487116] => [0.020215190947055817, -0.019475098699331284, 0.020732425153255463, -0.014650756493210793, 0.02203148789703846]
[-0.322705, 0.037026, -0.499615, -0.480391, -0.487216] => [0.02021609991788864, -0.019477782770991325, 0.02072891592979431, -0.014656602405011654, 0.02202683687210083]
[-0.32272, 0.03696, -0.499614, -0.481477, -0.485906] => [0.020221564918756485, -0.019477108493447304, 0.02072247676551342, -0.014662864618003368, 0.022019963711500168]
[-0.322719, 0.036967, -0.499613, -0.479919, -0.486387] => [0.020220112055540085, -0.01947931759059429, 0.020722245797514915, -0.01466485857963562, 0.02201905846595764]
[-0.322722, 0.036999, -0.499618, -0.479848, -0.486841] => [0.020218215882778168, -0.019479108974337578, 0.020724982023239136, -0.014661809429526329, 0.022022124379873276]
[-0.322709, 0.036953, -0.499618, -0.481089, -0.486088] => [0.020220737904310226, -0.019477538764476776, 0.020723016932606697, -0.014662626199424267, 0.022020433098077774]
[-0.322723, 0.037027, -0.499616, -0.481012, -0.48599] => [0.02022227644920349, -0.01947832852602005, 0.020720776170492172, -0.014665652066469193, 0.02201772853732109]
[-0.322731, 0.037017, -0.499617, -0.481555, -0.486786] => [0.020217668265104294, -0.019476234912872314, 0.020728502422571182, -0.0146558228880167, 0.02202683687210083]
[-0.322749, 0.037043, -0.499612, -0.480079, -0.486851] => [0.020218659192323685, -0.019478967413306236, 0.020724903792142868, -0.014661806635558605, 0.022022072225809097]
[-0.322683, 0.037043, -0.499615, -0.47961, -0.486485] => [0.02022053301334381, -0.019480261951684952, 0.020721007138490677, -0.01466692890971899, 0.02201741561293602]
[-0.322696, 0.037013, -0.499612, -0.479716, -0.48612] => [0.020222071558237076, -0.019480334594845772, 0.02071893960237503, -0.014669165946543217, 0.022015124559402466]
[-0.322685, 0.036973, -0.499617, -0.480086, -0.486762] => [0.020217936486005783, -0.019478559494018555, 0.02072552964091301, -0.014660771004855633, 0.022022897377610207]
[-0.322697, 0.036944, -0.499619, -0.480588, -0.486879] => [0.020216725766658783, -0.019477320834994316, 0.020728133618831635, -0.014657032676041126, 0.022026125341653824]
[-0.322718, 0.036986, -0.499615, -0.4799, -0.486458] => [0.020219992846250534, -0.019479406997561455, 0.020722398534417152, -0.014664772897958755, 0.022019198164343834]
[-0.322705, 0.03701, -0.499617, -0.479682, -0.486728] => [0.020218946039676666, -0.01947961375117302, 0.020723558962345123, -0.014663712121546268, 0.022020412608981133]
[-0.322723, 0.036983, -0.499614, -0.480933, -0.486442] => [0.02021939679980278, -0.019477540627121925, 0.020724909380078316, -0.014660640619695187, 0.022022508084774017]
[-0.322703, 0.036971, -0.499613, -0.479413, -0.487032] => [0.020217005163431168, -0.019479382783174515, 0.02072601392865181, -0.014660918153822422, 0.02202318236231804]
[-0.322726, 0.036998, -0.499619, -0.480456, -0.486598] => [0.020219121128320694, -0.019478343427181244, 0.0207245871424675, -0.014661623165011406, 0.022021915763616562]
[-0.322743, 0.037004, -0.499617, -0.479558, -0.486697] => [0.020219337195158005, -0.019479872658848763, 0.020722996443510056, -0.014664525166153908, 0.02201971411705017]
[-0.322708, 0.037021, -0.499617, -0.479985, -0.485941] => [0.020223047584295273, -0.01948019675910473, 0.020717952400445938, -0.014670111238956451, 0.02201407589018345]
[-0.322705, 0.036986, -0.499616, -0.479059, -0.48653] => [0.020220089703798294, -0.01948082074522972, 0.02072088047862053, -0.014667494222521782, 0.022017113864421844]
[-0.322754, 0.036945, -0.499615, -0.479232, -0.486521] => [0.02021980658173561, -0.019480271264910698, 0.020721817389130592, -0.014666072092950344, 0.022018305957317352]
[-0.32275, 0.03699, -0.499613, -0.479905, -0.486243] => [0.020221341401338577, -0.019479727372527122, 0.020720595493912697, -0.014666947536170483, 0.022017119452357292]
[-0.322701, 0.036956, -0.499614, -0.481739, -0.486638] => [0.02021738514304161, -0.01947561465203762, 0.02072899229824543, -0.014654779806733131, 0.022027568891644478]
[-0.322752, 0.036957, -0.499614, -0.480503, -0.486623] => [0.02021857351064682, -0.01947791874408722, 0.020725613459944725, -0.014660198241472244, 0.022023169323801994]
[-0.322708, 0.036965, -0.499613, -0.478977, -0.485895] => [0.0202232226729393, -0.01948164589703083, 0.020716100931167603, -0.014673195779323578, 0.022011620923876762]
[-0.322752, 0.036968, -0.499613, -0.48175, -0.486887] => [0.020216505974531174, -0.019475389271974564, 0.020730631425976753, -0.014652891084551811, 0.02202942967414856]
[-0.322716, 0.037008, -0.499613, -0.480072, -0.486798] => [0.02021833509206772, -0.019478781148791313, 0.020725153386592865, -0.01466136984527111, 0.022022409364581108]
[-0.322737, 0.037001, -0.499616, -0.479888, -0.486564] => [0.020219743251800537, -0.0194794200360775, 0.02072286605834961, -0.01466429978609085, 0.022019706666469574]
[-0.322706, 0.036986, -0.499619, -0.480976, -0.486752] => [0.020217712968587875, -0.01947709731757641, 0.020727358758449554, -0.014657692052423954, 0.0220253337174654]
[-0.322751, 0.03702, -0.499619, -0.479563, -0.486164] => [0.020222391933202744, -0.019480710849165916, 0.020718500018119812, -0.014669952914118767, 0.022014522925019264]
[-0.32269, 0.036952, -0.499612, -0.48076, -0.486997] => [0.020215999335050583, -0.019476845860481262, 0.020729491487145424, -0.01465521939098835, 0.02202775701880455]
[-0.322682, 0.036976, -0.499613, -0.48124, -0.487178] => [0.020214993506669998, -0.0194759089499712, 0.02073170617222786, -0.01465214230120182, 0.022030465304851532]
[-0.322725, 0.037, -0.499615, -0.480357, -0.486272] => [0.020220890641212463, -0.0194789357483387, 0.02072182111442089, -0.014665019698441029, 0.02201869897544384]
[-0.322744, 0.037038, -0.499616, -0.478976, -0.486828] => [0.020219437777996063, -0.019480980932712555, 0.02072199620306492, -0.014666471630334854, 0.02201828360557556]
[-0.322687, 0.037022, -0.499618, -0.479457, -0.486831] => [0.02021859586238861, -0.019479958340525627, 0.020723631605505943, -0.01466390397399664, 0.02202039211988449]
[-0.322699, 0.036987, -0.499616, -0.48104, -0.485895] => [0.020222123712301254, -0.019478099420666695, 0.020720859989523888, -0.014665359631180763, 0.022017894312739372]
[-0.322682, 0.036949, -0.499619, -0.481561, -0.487171] => [0.02021453157067299, -0.019475199282169342, 0.0207328163087368, -0.014650396071374416, 0.02203189767897129]
[-0.322752, 0.036951, -0.499613, -0.481221, -0.486031] => [0.02022114023566246, -0.0194773618131876, 0.0207228921353817, -0.014662634581327438, 0.02202034369111061]
[-0.322692, 0.037028, -0.499618, -0.48133, -0.486053] => [0.020221583545207977, -0.019477663561701775, 0.020722106099128723, -0.014663707464933395, 0.022019390016794205]
[-0.322685, 0.037018, -0.499614, -0.479741, -0.485853] => [0.020223468542099, -0.019480684772133827, 0.020716823637485504, -0.014671681448817253, 0.02201269380748272]
[-0.322691, 0.036997, -0.499619, -0.479422, -0.487112] => [0.020216867327690125, -0.019479481503367424, 0.020726148039102554, -0.014660859480500221, 0.02202329970896244]
[-0.322712, 0.037032, -0.499619, -0.479177, -0.486949] => [0.02021843194961548, -0.01948040910065174, 0.02072359248995781, -0.014664314687252045, 0.022020213305950165]
[-0.322696, 0.037008, -0.499615, -0.481307, -0.487083] => [0.02021593600511551, -0.01947617158293724, 0.020730502903461456, -0.014653638936579227, 0.022029059007763863]
[-0.322688, 0.037006, -0.499615, -0.480659, -0.485995] => [0.020222008228302002, -0.01947876624763012, 0.02072041481733322, -0.014666360802948475, 0.022017208859324455]
[-0.322702, 0.037023, -0.499618, -0.479192, -0.487198] => [0.020216938108205795, -0.019479967653751373, 0.020725782960653305, -0.014661641791462898, 0.022022752091288567]
[-0.32271, 0.036972, -0.499612, -0.479547, -0.486861] => [0.020217861980199814, -0.019479375332593918, 0.020724985748529434, -0.0146620012819767, 0.022022055462002754]
[-0.322736, 0.036951, -0.499616, -0.481737, -0.486296] => [0.020219340920448303, -0.019476087763905525, 0.02072625607252121, -0.014658059924840927, 0.02202441915869713]
[-0.322716, 0.036995, -0.499615, -0.480675, -0.486218] => [0.020220857113599777, -0.019478389993309975, 0.02072230726480484, -0.014664067886769772, 0.0220193974673748]
[-0.322703, 0.036991, -0.499614, -0.481003, -0.486468] => [0.020219191908836365, -0.019477417692542076, 0.020725209265947342, -0.01466022152453661, 0.022022876888513565]
[-0.322689, 0.03702, -0.499613, -0.48021, -0.486368] => [0.020220499485731125, -0.019479164853692055, 0.020722001791000366, -0.014665001071989536, 0.022018834948539734]
[-0.322726, 0.036961, -0.499614, -0.480897, -0.486173] => [0.02022058516740799, -0.019477810710668564, 0.02072308212518692, -0.014662781730294228, 0.02202042192220688]
[-0.322694, 0.037039, -0.499612, -0.480793, -0.486717] => [0.020218536257743835, -0.019477779045701027, 0.020725872367620468, -0.014659818261861801, 0.02202349528670311]
[-0.32268, 0.036987, -0.499613, -0.478947, -0.486777] => [0.020218707621097565, -0.01948065310716629, 0.020722640678286552, -0.01466548815369606, 0.022019103169441223]
[-0.32275, 0.037037, -0.499615, -0.481156, -0.486165] => [0.020221535116434097, -0.019477924332022667, 0.020722273737192154, -0.014663763344287872, 0.022019488736987114]
[-0.322752, 0.03695, -0.499619, -0.48121, -0.486107] => [0.020220782607793808, -0.019477324560284615, 0.02072337456047535, -0.014662093482911587, 0.022020885720849037]
[-0.32271, 0.036956, -0.499617, -0.481208, -0.486627] => [0.020217858254909515, -0.019476620480418205, 0.020727498456835747, -0.0146571584045887, 0.022025631740689278]
[-0.322716, 0.037001, -0.499619, -0.479236, -0.486954] => [0.020218010991811752, -0.019480081275105476, 0.020724300295114517, -0.014663297683000565, 0.022021088749170303]
[-0.322712, 0.036977, -0.499613, -0.481055, -0.486239] => [0.02022024244070053, -0.01947752945125103, 0.020723778754472733, -0.014661823399364948, 0.022021271288394928]
[-0.322754, 0.036975, -0.499614, -0.479047, -0.486536] => [0.020220201462507248, -0.019480789080262184, 0.02072097361087799, -0.014667384326457977, 0.0220172218978405]
[-0.3227, 0.037008, -0.499617, -0.480755, -0.487174] => [0.020215850323438644, -0.01947706565260887, 0.02072978764772415, -0.014655104838311672, 0.022028010338544846]
[-0.322731, 0.036956, -0.499617, -0.480663, -0.486425] => [0.02021939679980278, -0.01947789266705513, 0.02072449028491974, -0.014661356806755066, 0.02202194556593895]
[-0.322743, 0.037044, -0.499616, -0.481262, -0.486128] => [0.020221706479787827, -0.019477833062410355, 0.020722132176160812, -0.01466383971273899, 0.022019360214471817]
[-0.322685, 0.03696, -0.499613, -0.480689, -0.486203] => [0.020220305770635605, -0.019478091970086098, 0.020722951740026474, -0.014663124457001686, 0.02202020213007927]
[-0.322741, 0.036943, -0.499614, -0.48128, -0.48648] => [0.020218584686517715, -0.019476598128676414, 0.02072671242058277, -0.01465798169374466, 0.022024769335985184]
[-0.322743, 0.037034, -0.499615, -0.481706, -0.486829] => [0.02021760493516922, -0.019476020708680153, 0.020728925243020058, -0.014655216597020626, 0.022027362138032913]
[-0.322705, 0.036992, -0.499614, -0.478932, -0.486332] => [0.020221274346113205, -0.019481342285871506, 0.02071893960237503, -0.014669959433376789, 0.022014828398823738]
[-0.322751, 0.037026, -0.499615, -0.481084, -0.48589] => [0.020222898572683334, -0.019478343427181244, 0.02072012424468994, -0.014666366390883923, 0.02201700210571289]
[-0.322717, 0.036998, -0.499616, -0.48043, -0.486995] => [0.02021697536110878, -0.019477827474474907, 0.02072770893573761, -0.01465790905058384, 0.022025499492883682]
[-0.322743, 0.037042, -0.499617, -0.480767, -0.486136] => [0.020221974700689316, -0.019478708505630493, 0.02072097361087799, -0.014665757305920124, 0.02201782912015915]
[-0.322698, 0.036989, -0.499615, -0.481008, -0.486371] => [0.020219653844833374, -0.01947752758860588, 0.020724494010210037, -0.014661061577498913, 0.022022059187293053]
[-0.32268, 0.037019, -0.499616, -0.478881, -0.486529] => [0.020220469683408737, -0.0194813534617424, 0.02071993239223957, -0.014668918214738369, 0.02201591618359089]
[-0.322691, 0.03699, -0.499614, -0.481091, -0.486065] => [0.020221173763275146, -0.019477777183055878, 0.020722325891256332, -0.01466355100274086, 0.022019602358341217]
[-0.322748, 0.037018, -0.499618, -0.48157, -0.486964] => [0.020216837525367737, -0.01947600208222866, 0.020729849115014076, -0.014654221013188362, 0.022028382867574692]
[-0.322699, 0.037028, -0.499613, -0.480307, -0.486645] => [0.020219136029481888, -0.019478686153888702, 0.020724250003695488, -0.014662252739071846, 0.022021442651748657]
[-0.322697, 0.036959, -0.499615, -0.481505, -0.486453] => [0.020218532532453537, -0.019476309418678284, 0.020726900547742844, -0.014657542109489441, 0.02202506549656391]
[-0.322714, 0.036999, -0.499614, -0.479923, -0.48636] => [0.020220622420310974, -0.019479574635624886, 0.020721493288874626, -0.014665866270661354, 0.022018153220415115]
[-0.32268, 0.036954, -0.499618, -0.478979, -0.486283] => [0.02022092416882515, -0.01948106288909912, 0.02071933075785637, -0.014669300988316536, 0.022015348076820374]
[-0.322746, 0.03701, -0.499613, -0.481733, -0.486305] => [0.02022005245089531, -0.01947648636996746, 0.020725324749946594, -0.014659387059509754, 0.022023268043994904]
[-0.322737, 0.037011, -0.499619, -0.479409, -0.486401] => [0.020221054553985596, -0.019480595365166664, 0.020720167085528374, -0.01466809120029211, 0.022016389295458794]
[-0.322706, 0.036959, -0.499618, -0.480537, -0.486615] => [0.020218376070261, -0.01947787217795849, 0.020725669339299202, -0.014660083688795567, 0.02202325128018856]
[-0.322683, 0.036953, -0.499616, -0.481255, -0.486388] => [0.02021889016032219, -0.019476797431707382, 0.02072589285671711, -0.014658985659480095, 0.022023817524313927]
[-0.322696, 0.036961, -0.499613, -0.480019, -0.487161] => [0.020215772092342377, -0.01947803981602192, 0.020728733390569687, -0.014656972140073776, 0.02202657051384449]
[-0.32268, 0.037033, -0.499617, -0.481166, -0.486109] => [0.02022138237953186, -0.019477901980280876, 0.020722100511193275, -0.014663899317383766, 0.022019313648343086]
[-0.322728, 0.036966, -0.499616, -0.479005, -0.486241] => [0.0202215313911438, -0.01948118582367897, 0.020718753337860107, -0.014670033939182758, 0.022014668211340904]
[-0.322694, 0.037041, -0.499617, -0.479373, -0.486282] => [0.020221810787916183, -0.019480973482131958, 0.020718790590763092, -0.014669838361442089, 0.022014768794178963]
[-0.322702, 0.037039, -0.499615, -0.480527, -0.485974] => [0.02022268995642662, -0.019479280337691307, 0.020719310268759727, -0.014667952433228493, 0.02201583795249462]
[-0.322712, 0.037041, -0.499614, -0.479196, -0.487193] => [0.020217210054397583, -0.01948007009923458, 0.020725484937429428, -0.01466204971075058, 0.022022390738129616]
[-0.322722, 0.037025, -0.499613, -0.481077, -0.485864] => [0.020222846418619156, -0.019478337839245796, 0.020720040425658226, -0.014666438102722168, 0.022016916424036026]
[-0.32272, 0.036954, -0.499613, -0.479853, -0.486256] => [0.020220689475536346, -0.01947951875627041, 0.020721275359392166, -0.014666037634015083, 0.022017935290932655]
[-0.322754, 0.037019, -0.499615, -0.480621, -0.485992] => [0.02022259682416916, -0.019478995352983475, 0.020719876512885094, -0.014667141251266003, 0.02201654016971588]
[-0.322706, 0.037029, -0.499617, -0.48095, -0.485896] => [0.0202227421104908, -0.01947857066988945, 0.02071988396346569, -0.014666782692074776, 0.022016678005456924]
[-0.32268, 0.036977, -0.499619, -0.481335, -0.486591] => [0.02021806314587593, -0.019476575776934624, 0.02072722651064396, -0.014657407999038696, 0.022025344893336296]
[-0.322754, 0.036948, -0.499617, -0.479583, -0.486394] => [0.020220298320055008, -0.019479846581816673, 0.020721612498164177, -0.014665953814983368, 0.022018205374479294]
[-0.322723, 0.036968, -0.499616, -0.480921, -0.486549] => [0.02021867036819458, -0.019477330148220062, 0.02072594314813614, -0.014659376814961433, 0.022023707628250122]
[-0.322716, 0.036987, -0.499613, -0.480622, -0.486513] => [0.020219217985868454, -0.019478019326925278, 0.02072465978562832, -0.014661283232271671, 0.02202209271490574]
[-0.322746, 0.037037, -0.499615, -0.479047, -0.486344] => [0.020221929997205734, -0.019481483846902847, 0.02071841061115265, -0.014670663513243198, 0.022014195099473]
[-0.322733, 0.037035, -0.499618, -0.480656, -0.487246] => [0.020216066390275955, -0.01947738043963909, 0.02072952501475811, -0.01465565338730812, 0.022027621045708656]
[-0.32275, 0.037002, -0.499616, -0.47924, -0.486286] => [0.020221710205078125, -0.019480977207422256, 0.0207190103828907, -0.014669617637991905, 0.022015005350112915]
[-0.322703, 0.036964, -0.499613, -0.480466, -0.486182] => [0.02022070810198784, -0.01947856694459915, 0.02072210982441902, -0.01466440036892891, 0.02201913297176361]
[-0.32272, 0.037009, -0.499615, -0.480825, -0.486611] => [0.020218882709741592, -0.01947769895195961, 0.020725509151816368, -0.014660140499472618, 0.022023117169737816]
[-0.322706, 0.037015, -0.499619, -0.48056, -0.486333] => [0.020220540463924408, -0.019478609785437584, 0.020722538232803345, -0.014663999900221825, 0.022019585594534874]
[-0.322713, 0.036976, -0.499615, -0.48045, -0.486642] => [0.020218513906002045, -0.019478093832731247, 0.020725402981042862, -0.014660550281405449, 0.02202288992702961]
[-0.322725, 0.037034, -0.499618, -0.481423, -0.486453] => [0.02021968364715576, -0.019477037712931633, 0.020725272595882416, -0.014659878797829151, 0.022023050114512444]
[-0.322725, 0.036984, -0.499615, -0.480349, -0.486424] => [0.020219899713993073, -0.019478633999824524, 0.020723268389701843, -0.014663242734968662, 0.022020382806658745]
[-0.322702, 0.036977, -0.499618, -0.481427, -0.486384] => [0.020219210535287857, -0.019476698711514473, 0.020725786685943604, -0.014659035950899124, 0.022023724392056465]
[-0.322697, 0.036958, -0.499617, -0.479751, -0.486915] => [0.020217236131429672, -0.01947886496782303, 0.020726114511489868, -0.014660394750535488, 0.02202344872057438]
[-0.322679, 0.03703, -0.499615, -0.481009, -0.486723] => [0.020218193531036377, -0.019477328285574913, 0.020726606249809265, -0.014658678323030472, 0.02202443592250347]
[-0.322728, 0.037036, -0.499616, -0.480524, -0.485909] => [0.020223159343004227, -0.019479384645819664, 0.020718751475214958, -0.01466863602399826, 0.02201518975198269]
[-0.322747, 0.037, -0.499619, -0.479983, -0.486457] => [0.020220313221216202, -0.01947941817343235, 0.020722201094031334, -0.014665007591247559, 0.022018972784280777]
[-0.322751, 0.036979, -0.499614, -0.479606, -0.486513] => [0.020219992846250534, -0.019479837268590927, 0.020722132176160812, -0.014665406197309494, 0.02201877534389496]
[-0.322706, 0.037004, -0.499615, -0.4804, -0.486068] => [0.020221874117851257, -0.019479140639305115, 0.02072031795978546, -0.014666765928268433, 0.022016989067196846]
[-0.322706, 0.037035, -0.499617, -0.48122, -0.486597] => [0.02021895721554756, -0.01947719231247902, 0.020725950598716736, -0.01465927716344595, 0.022023750469088554]
[-0.322712, 0.036943, -0.499616, -0.480913, -0.487181] => [0.020214982330799103, -0.01947631500661373, 0.020731337368488312, -0.014652851969003677, 0.022029941901564598]
[-0.32271, 0.036976, -0.499619, -0.479693, -0.486539] => [0.020219560712575912, -0.019479626789689064, 0.0207226425409317, -0.014664681628346443, 0.02201940305531025]
[-0.322704, 0.037038, -0.499615, -0.480695, -0.486962] => [0.020217381417751312, -0.019477656111121178, 0.020727481693029404, -0.014658022671937943, 0.022025298327207565]
[-0.322677, 0.037006, -0.499617, -0.48138, -0.487038] => [0.02021600678563118, -0.019476084038615227, 0.020730387419462204, -0.014653683640062809, 0.022028962150216103]
[-0.322721, 0.037027, -0.499616, -0.479253, -0.486829] => [0.020218979567289352, -0.019480381160974503, 0.020722951740026474, -0.014664972200989723, 0.022019516676664352]
[-0.322736, 0.037035, -0.499616, -0.480776, -0.486036] => [0.020222362130880356, -0.01947876252233982, 0.02072036825120449, -0.01466643437743187, 0.02201715111732483]
[-0.322733, 0.037003, -0.499617, -0.47978, -0.486081] => [0.020222365856170654, -0.019480274990200996, 0.0207187719643116, -0.014669308438897133, 0.022014953196048737]
[-0.322702, 0.036954, -0.499616, -0.480298, -0.486441] => [0.0202193520963192, -0.019478479400277138, 0.020723838359117508, -0.014662498608231544, 0.022021060809493065]
[-0.322683, 0.037001, -0.499615, -0.480812, -0.486265] => [0.020220402628183365, -0.019478091970086098, 0.02072301134467125, -0.014663075096905231, 0.022020263597369194]
[-0.322684, 0.037038, -0.499613, -0.479341, -0.48725] => [0.020216606557369232, -0.019479677081108093, 0.020726444199681282, -0.014660710468888283, 0.02202356606721878]
[-0.322748, 0.036965, -0.499617, -0.480243, -0.486037] => [0.02022191882133484, -0.01947924494743347, 0.02072019688785076, -0.014666980132460594, 0.022016825154423714]
[-0.322715, 0.036992, -0.499615, -0.479131, -0.487058] => [0.020217392593622208, -0.019480032846331596, 0.020725080743432045, -0.014662431553006172, 0.022021962329745293]
[-0.322703, 0.037044, -0.499615, -0.479453, -0.486684] => [0.020219717174768448, -0.019480306655168533, 0.020722096785902977, -0.014665819704532623, 0.022018596529960632]
[-0.322728, 0.036975, -0.499616, -0.48064, -0.486086] => [0.020221412181854248, -0.019478507339954376, 0.020721476525068283, -0.014665037393569946, 0.022018451243638992]
[-0.322711, 0.036949, -0.499613, -0.479758, -0.486789] => [0.020217839628458023, -0.0194789357483387, 0.020725326612591743, -0.01466128695756197, 0.022022562101483345]
[-0.32269, 0.03701, -0.499616, -0.479829, -0.48653] => [0.020219799131155014, -0.01947958953678608, 0.020722437649965286, -0.014664873480796814, 0.022019188851118088]
[-0.322723, 0.036996, -0.499615, -0.47954, -0.485968] => [0.02022295817732811, -0.019480783492326736, 0.020717469975352287, -0.0146710816770792, 0.02201337367296219]
[-0.322689, 0.037019, -0.499612, -0.480061, -0.486792] => [0.020218342542648315, -0.019478851929306984, 0.020724987611174583, -0.014661595225334167, 0.02202220819890499]
[-0.3227, 0.036952, -0.499617, -0.480276, -0.486043] => [0.020221427083015442, -0.019479040056467056, 0.020720690488815308, -0.014666271395981312, 0.02201743610203266]
[-0.322717, 0.036958, -0.499615, -0.478888, -0.486447] => [0.020220357924699783, -0.019481047987937927, 0.020720262080430984, -0.01466832123696804, 0.0220163706690073]
[-0.322696, 0.037012, -0.499618, -0.480017, -0.486732] => [0.020218685269355774, -0.019479017704725266, 0.020724402740597725, -0.014662344940006733, 0.022021517157554626]
[-0.322705, 0.037042, -0.499614, -0.480926, -0.486668] => [0.020218826830387115, -0.01947765238583088, 0.02072570100426674, -0.01465990673750639, 0.022023340687155724]
[-0.322708, 0.036997, -0.499612, -0.480057, -0.486629] => [0.020219042897224426, -0.019478939473628998, 0.020724020898342133, -0.014662685804069042, 0.02202112041413784]
[-0.322709, 0.037008, -0.499615, -0.478894, -0.487266] => [0.020216602832078934, -0.01948028989136219, 0.020725859329104424, -0.014661815017461777, 0.02202274091541767]
[-0.322703, 0.036976, -0.499612, -0.479124, -0.486238] => [0.020221419632434845, -0.019480988383293152, 0.020718999207019806, -0.014669612050056458, 0.022014999762177467]
[-0.322716, 0.036989, -0.499612, -0.480425, -0.486839] => [0.0202176533639431, -0.019477946683764458, 0.020726701244711876, -0.014659065753221512, 0.022024359554052353]
[-0.32269, 0.036977, -0.499616, -0.479909, -0.486873] => [0.020217541605234146, -0.019478755071759224, 0.02072589285671711, -0.01466054655611515, 0.022023236379027367]
[-0.322728, 0.037033, -0.499615, -0.479934, -0.486972] => [0.0202178992331028, -0.01947900280356407, 0.02072567120194435, -0.014661012217402458, 0.022022906690835953]
[-0.322728, 0.036963, -0.499614, -0.481662, -0.487208] => [0.02021467313170433, -0.019475068897008896, 0.020733067765831947, -0.014650050550699234, 0.022032205015420914]
[-0.322728, 0.036964, -0.499614, -0.481621, -0.487229] => [0.020214606076478958, -0.019475122913718224, 0.02073311060667038, -0.014650046825408936, 0.02203223668038845]
[-0.322729, 0.036963, -0.499614, -0.481662, -0.487241] => [0.020214512944221497, -0.019475027918815613, 0.020733319222927094, -0.014649750664830208, 0.022032495588064194]
[-0.322729, 0.036963, -0.499614, -0.481655, -0.487241] => [0.020214509218931198, -0.019475039094686508, 0.0207333043217659, -0.014649776741862297, 0.022032473236322403]
[-0.322729, 0.036964, -0.499614, -0.481622, -0.487233] => [0.020214587450027466, -0.019475115463137627, 0.020733142271637917, -0.014650009572505951, 0.022032272070646286]
[-0.322728, 0.036964, -0.499614, -0.481683, -0.487218] => [0.02021462470293045, -0.019475026056170464, 0.0207331795245409, -0.014649897813796997, 0.022032340988516808]
[-0.322729, 0.036963, -0.499614, -0.481653, -0.487219] => [0.020214632153511047, -0.019475072622299194, 0.020733125507831573, -0.014649991877377033, 0.022032268345355988]
[-0.322728, 0.036964, -0.499614, -0.481679, -0.487217] => [0.020214632153511047, -0.01947503350675106, 0.02073316089808941, -0.014649923890829086, 0.022032318636775017]
[-0.322729, 0.036963, -0.499614, -0.48163, -0.487238] => [0.020214546471834183, -0.019475087523460388, 0.020733218640089035, -0.014649907127022743, 0.022032365202903748]
[-0.322729, 0.036964, -0.499614, -0.481662, -0.487243] => [0.0202145054936409, -0.019475029781460762, 0.020733321085572243, -0.014649750664830208, 0.022032495588064194]
[-0.322729, 0.036963, -0.499614, -0.48163, -0.487256] => [0.02021445333957672, -0.019475063309073448, 0.020733360201120377, -0.014649737626314163, 0.02203252725303173]
[-0.322728, 0.036964, -0.499614, -0.481644, -0.487254] => [0.02021445706486702, -0.019475048407912254, 0.020733362063765526, -0.01464972272515297, 0.022032534703612328]
[-0.322728, 0.036963, -0.499614, -0.481671, -0.487219] => [0.020214613527059555, -0.019475039094686508, 0.020733173936605453, -0.014649912714958191, 0.02203233167529106]
[-0.322728, 0.036964, -0.499614, -0.481629, -0.487218] => [0.020214658230543137, -0.019475121051073074, 0.020733047276735306, -0.014650113880634308, 0.02203216589987278]
[-0.322728, 0.036964, -0.499614, -0.481668, -0.487208] => [0.020214688032865524, -0.019475067034363747, 0.0207330621778965, -0.014650054275989532, 0.022032199427485466]
[-0.322728, 0.036963, -0.499614, -0.481648, -0.487258] => [0.020214419811964035, -0.019475027918815613, 0.02073342353105545, -0.014649640768766403, 0.022032607346773148]
[-0.322729, 0.036963, -0.499614, -0.481681, -0.48723] => [0.02021455392241478, -0.019475005567073822, 0.020733283832669258, -0.014649772085249424, 0.022032462060451508]
[-0.322729, 0.036964, -0.499614, -0.481643, -0.487234] => [0.020214572548866272, -0.019475078210234642, 0.020733201876282692, -0.01464991644024849, 0.022032350301742554]
[-0.322728, 0.036963, -0.499614, -0.481652, -0.487224] => [0.020214594900608063, -0.019475067034363747, 0.020733166486024857, -0.014649943448603153, 0.02203231491148472]
[-0.322728, 0.036964, -0.499614, -0.481657, -0.487234] => [0.020214557647705078, -0.019475050270557404, 0.020733239129185677, -0.014649854972958565, 0.022032398730516434]
[-0.322729, 0.036963, -0.499614, -0.481619, -0.487245] => [0.020214509218931198, -0.019475098699331284, 0.020733244717121124, -0.014649886637926102, 0.022032391279935837]
[-0.322729, 0.036964, -0.499614, -0.481626, -0.48725] => [0.020214498043060303, -0.01947508566081524, 0.020733287557959557, -0.014649830758571625, 0.022032441571354866]
[-0.322728, 0.036964, -0.499614, -0.481654, -0.487249] => [0.02021447941660881, -0.01947503723204136, 0.02073334902524948, -0.014649726450443268, 0.02203252539038658]
[-0.322729, 0.036963, -0.499614, -0.481668, -0.487212] => [0.020214658230543137, -0.019475053995847702, 0.02073311060667038, -0.014649992808699608, 0.022032257169485092]
[-0.322728, 0.036963, -0.499614, -0.481659, -0.487206] => [0.020214691758155823, -0.019475078210234642, 0.020733041688799858, -0.01465008407831192, 0.022032173350453377]
[-0.322728, 0.036963, -0.499614, -0.481645, -0.487252] => [0.02021445706486702, -0.019475040957331657, 0.020733367651700974, -0.014649709686636925, 0.022032544016838074]
[-0.322729, 0.036964, -0.499614, -0.48165, -0.487211] => [0.020214688032865524, -0.019475094974040985, 0.02073303796350956, -0.014650101773440838, 0.02203216589987278]
[-0.322728, 0.036963, -0.499614, -0.481683, -0.487249] => [0.020214445888996124, -0.019474977627396584, 0.020733438432216644, -0.014649584889411926, 0.022032640874385834]
[-0.322728, 0.036964, -0.499614, -0.481667, -0.48724] => [0.020214516669511795, -0.019475024193525314, 0.020733311772346497, -0.014649756252765656, 0.022032486274838448]
[-0.322728, 0.036963, -0.499614, -0.481674, -0.48722] => [0.02021460235118866, -0.01947503164410591, 0.020733190700411797, -0.0146498903632164, 0.022032350301742554]
[-0.322728, 0.036964, -0.499614, -0.481645, -0.487245] => [0.0202145054936409, -0.019475057721138, 0.020733296871185303, -0.014649799093604088, 0.02203246019780636]
[-0.322728, 0.036964, -0.499614, -0.481632, -0.487215] => [0.020214665681123734, -0.019475121051073074, 0.020733028650283813, -0.014650131575763226, 0.022032149136066437]
[-0.322729, 0.036964, -0.499614, -0.481671, -0.487228] => [0.020214583724737167, -0.01947503350675106, 0.02073322795331478, -0.014649853110313416, 0.022032391279935837]
[-0.322728, 0.036964, -0.499614, -0.481683, -0.487215] => [0.020214639604091644, -0.019475029781460762, 0.02073315717279911, -0.014649923890829086, 0.02203231491148472]
[-0.322728, 0.036963, -0.499614, -0.481642, -0.48721] => [0.020214680582284927, -0.019475102424621582, 0.020733032375574112, -0.014650113880634308, 0.022032156586647034]
[-0.322728, 0.036964, -0.499614, -0.481673, -0.487216] => [0.020214639604091644, -0.019475046545267105, 0.020733138546347618, -0.014649957418441772, 0.02203228883445263]
[-0.322728, 0.036964, -0.499614, -0.481674, -0.487225] => [0.020214591175317764, -0.01947503164410591, 0.020733213052153587, -0.01464986614882946, 0.022032376378774643]
[-0.322729, 0.036964, -0.499614, -0.481619, -0.487213] => [0.02021469920873642, -0.019475148990750313, 0.020732976496219635, -0.014650210738182068, 0.022032082080841064]
[-0.322728, 0.036963, -0.499614, -0.481642, -0.487247] => [0.02021448314189911, -0.019475053995847702, 0.020733321085572243, -0.01464977115392685, 0.022032488137483597]
[-0.322729, 0.036963, -0.499614, -0.481619, -0.487209] => [0.020214706659317017, -0.019475147128105164, 0.02073296345770359, -0.014650221914052963, 0.02203206717967987]
[-0.322728, 0.036964, -0.499614, -0.481667, -0.487218] => [0.020214635878801346, -0.019475053995847702, 0.020733138546347618, -0.014649963937699795, 0.02203228697180748]
[-0.322729, 0.036963, -0.499614, -0.481678, -0.487242] => [0.020214494317770004, -0.019474996253848076, 0.020733369514346123, -0.01464967429637909, 0.022032558917999268]
[-0.322728, 0.036963, -0.499614, -0.481667, -0.487241] => [0.0202145017683506, -0.019475016742944717, 0.020733337849378586, -0.01464972272515297, 0.022032517939805984]
[-0.322729, 0.036963, -0.499614, -0.481664, -0.487233] => [0.020214542746543884, -0.01947503350675106, 0.020733265206217766, -0.014649812132120132, 0.02203243412077427]
[-0.322728, 0.036964, -0.499614, -0.481619, -0.487251] => [0.020214494317770004, -0.019475098699331284, 0.02073327638208866, -0.014649853110313416, 0.022032424807548523]
[-0.322729, 0.036963, -0.499614, -0.481663, -0.487244] => [0.020214494317770004, -0.019475020468235016, 0.02073334902524948, -0.014649715274572372, 0.02203252725303173]
[-0.322728, 0.036964, -0.499614, -0.481635, -0.487255] => [0.02021445706486702, -0.019475063309073448, 0.02073334902524948, -0.01464974693953991, 0.022032517939805984]
[-0.322728, 0.036964, -0.499614, -0.481615, -0.487212] => [0.02021469548344612, -0.01947515457868576, 0.02073296345770359, -0.014650228433310986, 0.02203206531703472]
[-0.322729, 0.036964, -0.499614, -0.481626, -0.487252] => [0.020214486867189407, -0.01947508379817009, 0.02073330245912075, -0.014649813994765282, 0.02203245833516121]
[-0.322729, 0.036963, -0.499614, -0.481672, -0.487222] => [0.02021459862589836, -0.01947503350675106, 0.020733198150992393, -0.014649884775280952, 0.0220323596149683]
[-0.322728, 0.036964, -0.499614, -0.481622, -0.487255] => [0.020214468240737915, -0.01947508566081524, 0.020733317360281944, -0.014649799093604088, 0.022032473236322403]
[-0.322729, 0.036963, -0.499614, -0.481662, -0.487255] => [0.020214438438415527, -0.01947500742971897, 0.020733430981636047, -0.014649616554379463, 0.02203262224793434]
[-0.322728, 0.036964, -0.499614, -0.481669, -0.487239] => [0.020214520394802094, -0.019475022330880165, 0.020733309909701347, -0.014649758115410805, 0.0220324844121933]
[-0.322728, 0.036964, -0.499614, -0.481625, -0.487252] => [0.02021447941660881, -0.01947508379817009, 0.0207333005964756, -0.014649814926087856, 0.02203245833516121]
[-0.322728, 0.036964, -0.499614, -0.481665, -0.487225] => [0.02021459862589836, -0.019475048407912254, 0.020733188837766647, -0.014649905264377594, 0.022032344713807106]
[-0.322728, 0.036964, -0.499614, -0.481651, -0.487231] => [0.02021457627415657, -0.019475065171718597, 0.020733201876282692, -0.014649905264377594, 0.022032354027032852]
[-0.322728, 0.036963, -0.499614, -0.481657, -0.487242] => [0.020214498043060303, -0.01947503350675106, 0.020733319222927094, -0.014649754390120506, 0.022032491862773895]
[-0.322729, 0.036964, -0.499614, -0.481681, -0.487233] => [0.02021455019712448, -0.01947500929236412, 0.020733289420604706, -0.014649767428636551, 0.022032467648386955]
[-0.322728, 0.036963, -0.499614, -0.481635, -0.487231] => [0.020214568823575974, -0.019475087523460388, 0.020733177661895752, -0.014649948105216026, 0.022032320499420166]
[-0.322728, 0.036964, -0.499614, -0.481681, -0.487255] => [0.02021443098783493, -0.019474979490041733, 0.020733464509248734, -0.014649559743702412, 0.022032666951417923]
[-0.322728, 0.036964, -0.499614, -0.481623, -0.487252] => [0.02021447941660881, -0.019475089386105537, 0.020733295008540154, -0.014649825170636177, 0.022032449021935463]
[-0.322729, 0.036963, -0.499614, -0.481646, -0.487253] => [0.02021445706486702, -0.019475039094686508, 0.02073337696492672, -0.01464969851076603, 0.02203255519270897]
[-0.322728, 0.036964, -0.499614, -0.481615, -0.487238] => [0.020214565098285675, -0.019475121051073074, 0.020733166486024857, -0.01464998722076416, 0.022032298147678375]
[-0.322728, 0.036963, -0.499614, -0.481658, -0.487223] => [0.02021460235118866, -0.01947505585849285, 0.020733173936605453, -0.014649927616119385, 0.022032326087355614]
[-0.322728, 0.036963, -0.499614, -0.481623, -0.48724] => [0.020214535295963287, -0.019475096836686134, 0.020733218640089035, -0.014649911783635616, 0.0220323633402586]
[-0.322729, 0.036963, -0.499614, -0.481681, -0.487244] => [0.020214475691318512, -0.01947498694062233, 0.020733393728733063, -0.014649640768766403, 0.022032586857676506]
[-0.322728, 0.036963, -0.499614, -0.481681, -0.487237] => [0.020214512944221497, -0.019474996253848076, 0.020733341574668884, -0.014649704098701477, 0.02203252725303173]
[-0.322728, 0.036964, -0.499614, -0.481672, -0.487228] => [0.02021457627415657, -0.01947503350675106, 0.02073322981595993, -0.014649851247668266, 0.022032393142580986]
[-0.322728, 0.036964, -0.499614, -0.481667, -0.487239] => [0.020214516669511795, -0.019475026056170464, 0.0207333043217659, -0.014649764634668827, 0.02203247882425785]
[-0.322729, 0.036963, -0.499614, -0.481641, -0.487209] => [0.020214691758155823, -0.01947510801255703, 0.020733017474412918, -0.01465013436973095, 0.02203213796019554]
[-0.322729, 0.036963, -0.499614, -0.481642, -0.487225] => [0.020214609801769257, -0.01947508379817009, 0.020733145996928215, -0.014649977907538414, 0.02203228697180748]
[-0.322728, 0.036963, -0.499614, -0.48166, -0.487234] => [0.020214535295963287, -0.019475039094686508, 0.020733265206217766, -0.01464981772005558, 0.02203243039548397]
[-0.322728, 0.036964, -0.499614, -0.481675, -0.487221] => [0.020214613527059555, -0.01947503536939621, 0.0207331832498312, -0.014649901539087296, 0.022032340988516808]
[-0.322728, 0.036964, -0.499614, -0.481637, -0.487235] => [0.020214565098285675, -0.01947508566081524, 0.020733198150992393, -0.014649925753474236, 0.022032342851161957]
[-0.322728, 0.036964, -0.499614, -0.481646, -0.487224] => [0.020214613527059555, -0.01947508379817009, 0.02073313482105732, -0.014649990946054459, 0.022032275795936584]
[-0.322728, 0.036963, -0.499614, -0.481658, -0.487233] => [0.020214546471834183, -0.019475042819976807, 0.02073325216770172, -0.014649834483861923, 0.022032415494322777]
[-0.322728, 0.036964, -0.499614, -0.481664, -0.487245] => [0.020214498043060303, -0.019475024193525314, 0.020733341574668884, -0.014649724587798119, 0.022032519802451134]
[-0.322729, 0.036964, -0.499614, -0.481661, -0.487247] => [0.020214490592479706, -0.019475027918815613, 0.02073334902524948, -0.014649718999862671, 0.02203252725303173]
[-0.322728, 0.036964, -0.499614, -0.481617, -0.487221] => [0.020214654505252838, -0.019475139677524567, 0.02073303610086441, -0.014650139957666397, 0.022032150998711586]
[-0.322729, 0.036964, -0.499614, -0.481615, -0.487246] => [0.020214524120092392, -0.019475111737847328, 0.020733226090669632, -0.014649915508925915, 0.022032367065548897]
[-0.322728, 0.036963, -0.499614, -0.481625, -0.48722] => [0.020214635878801346, -0.019475119188427925, 0.020733069628477097, -0.014650089666247368, 0.02203219197690487]
[-0.322729, 0.036963, -0.499614, -0.481668, -0.487221] => [0.020214609801769257, -0.019475042819976807, 0.0207331795245409, -0.014649910852313042, 0.02203233540058136]
[-0.322729, 0.036964, -0.499614, -0.481638, -0.48724] => [0.020214542746543884, -0.019475078210234642, 0.020733235403895378, -0.014649879187345505, 0.02203238755464554]
[-0.322728, 0.036963, -0.499614, -0.481623, -0.487251] => [0.02021447941660881, -0.01947508193552494, 0.02073330618441105, -0.014649808406829834, 0.022032463923096657]
[-0.322728, 0.036964, -0.499614, -0.481642, -0.487216] => [0.020214658230543137, -0.019475102424621582, 0.02073306031525135, -0.014650085009634495, 0.02203218638896942]
[-0.322729, 0.036964, -0.499614, -0.481633, -0.487229] => [0.02021459862589836, -0.019475102424621582, 0.020733138546347618, -0.014650002121925354, 0.022032273933291435]
[-0.322728, 0.036964, -0.499614, -0.481615, -0.487246] => [0.020214516669511795, -0.01947510987520218, 0.02073322981595993, -0.014649910852313042, 0.022032370790839195]
[-0.322728, 0.036964, -0.499614, -0.481617, -0.487208] => [0.020214714109897614, -0.01947515644133091, 0.0207329373806715, -0.014650258235633373, 0.022032035514712334]
[-0.322728, 0.036964, -0.499614, -0.48165, -0.487235] => [0.020214557647705078, -0.019475063309073448, 0.02073322981595993, -0.014649874530732632, 0.02203238382935524]
[-0.322728, 0.036963, -0.499614, -0.48164, -0.487225] => [0.02021460235118866, -0.01947508566081524, 0.020733144134283066, -0.014649981632828712, 0.02203228510916233]
[-0.322729, 0.036964, -0.499614, -0.481639, -0.487213] => [0.020214680582284927, -0.019475111737847328, 0.020733028650283813, -0.014650125056505203, 0.022032150998711586]
[-0.322729, 0.036964, -0.499614, -0.481632, -0.487222] => [0.020214639604091644, -0.019475113600492477, 0.020733080804347992, -0.014650072902441025, 0.022032205015420914]
[-0.322728, 0.036963, -0.499614, -0.481655, -0.487234] => [0.020214546471834183, -0.019475048407912254, 0.020733250305056572, -0.014649839140474796, 0.022032413631677628]
[-0.322728, 0.036964, -0.499614, -0.481664, -0.487235] => [0.020214546471834183, -0.01947503723204136, 0.020733265206217766, -0.014649815857410431, 0.02203243225812912]
[-0.322729, 0.036963, -0.499614, -0.481649, -0.487215] => [0.02021465077996254, -0.01947508379817009, 0.02073308639228344, -0.014650043100118637, 0.022032221779227257]
[-0.322728, 0.036963, -0.499614, -0.481642, -0.487255] => [0.020214438438415527, -0.019475042819976807, 0.020733384415507317, -0.014649694785475731, 0.022032560780644417]
[-0.322728, 0.036964, -0.499614, -0.481663, -0.487251] => [0.020214460790157318, -0.019475018605589867, 0.020733386278152466, -0.014649671502411366, 0.022032571956515312]
[-0.322729, 0.036964, -0.499614, -0.481624, -0.487206] => [0.02021472528576851, -0.019475148990750313, 0.020732935518026352, -0.0146502535790205, 0.022032037377357483]
[-0.322728, 0.036964, -0.499614, -0.481642, -0.487232] => [0.02021457627415657, -0.01947508007287979, 0.020733186975121498, -0.014649934135377407, 0.02203233167529106]
[-0.322729, 0.036964, -0.499614, -0.48162, -0.487257] => [0.020214464515447617, -0.019475087523460388, 0.02073332481086254, -0.014649794436991215, 0.022032480686903]
[-0.322729, 0.036963, -0.499614, -0.481624, -0.487249] => [0.020214494317770004, -0.01947508379817009, 0.020733291283249855, -0.014649825170636177, 0.022032445296645164]
[-0.322728, 0.036964, -0.499614, -0.481677, -0.487251] => [0.02021445706486702, -0.019474992528557777, 0.02073342353105545, -0.01464961376041174, 0.022032618522644043]
[-0.322729, 0.036964, -0.499614, -0.481676, -0.487213] => [0.020214661955833435, -0.019475044682621956, 0.020733121782541275, -0.01464997511357069, 0.022032270208001137]
[-0.322729, 0.036963, -0.499614, -0.48165, -0.487208] => [0.020214691758155823, -0.019475091248750687, 0.02073303423821926, -0.014650104567408562, 0.02203216217458248]
[-0.322728, 0.036963, -0.499614, -0.481624, -0.48722] => [0.020214639604091644, -0.019475122913718224, 0.02073306404054165, -0.014650095254182816, 0.02203218638896942]
[-0.322728, 0.036964, -0.499614, -0.481672, -0.487251] => [0.02021445706486702, -0.019474999979138374, 0.020733410492539406, -0.014649632386863232, 0.02203260362148285]
[-0.322728, 0.036964, -0.499614, -0.481663, -0.487223] => [0.020214609801769257, -0.01947505585849285, 0.020733166486024857, -0.014649935998022556, 0.022032316774129868]
[-0.322728, 0.036964, -0.499614, -0.481653, -0.487239] => [0.02021453157067299, -0.019475052133202553, 0.020733268931508064, -0.014649823307991028, 0.02203243225812912]
[-0.322728, 0.036964, -0.499614, -0.481667, -0.487237] => [0.020214539021253586, -0.019475029781460762, 0.020733287557959557, -0.014649786055088043, 0.02203245833516121]
[-0.322729, 0.036963, -0.499614, -0.48163, -0.487257] => [0.020214445888996124, -0.019475063309073448, 0.020733367651700974, -0.014649728313088417, 0.022032536566257477]
[-0.322729, 0.036964, -0.499614, -0.481648, -0.487215] => [0.020214665681123734, -0.019475093111395836, 0.020733067765831947, -0.014650069177150726, 0.022032197564840317]
[-0.322729, 0.036963, -0.499614, -0.481653, -0.487257] => [0.02021443098783493, -0.019475020468235016, 0.0207334253937006, -0.014649633318185806, 0.022032612934708595]
[-0.322728, 0.036963, -0.499614, -0.481645, -0.487215] => [0.02021465077996254, -0.019475091248750687, 0.020733077079057693, -0.014650057069957256, 0.022032208740711212]
[-0.322728, 0.036964, -0.499614, -0.481626, -0.487249] => [0.020214498043060303, -0.01947508566081524, 0.02073328010737896, -0.014649839140474796, 0.02203243412077427]
[-0.322728, 0.036964, -0.499614, -0.481647, -0.487239] => [0.020214539021253586, -0.0194750614464283, 0.02073325403034687, -0.014649847522377968, 0.022032413631677628]
[-0.322728, 0.036964, -0.499614, -0.481654, -0.487241] => [0.020214524120092392, -0.019475046545267105, 0.020733287557959557, -0.014649800956249237, 0.02203245274722576]
[-0.322729, 0.036964, -0.499614, -0.481636, -0.487231] => [0.020214587450027466, -0.019475093111395836, 0.020733162760734558, -0.014649968594312668, 0.022032303735613823]
[-0.322728, 0.036964, -0.499614, -0.481674, -0.487255] => [0.02021443471312523, -0.019474992528557777, 0.02073344774544239, -0.014649588614702225, 0.022032644599676132]
[-0.322729, 0.036963, -0.499614, -0.481659, -0.487252] => [0.02021445333957672, -0.019475016742944717, 0.02073340117931366, -0.014649656601250172, 0.022032586857676506]
[-0.322729, 0.036964, -0.499614, -0.481617, -0.487219] => [0.020214669406414032, -0.019475143402814865, 0.020733021199703217, -0.014650160446763039, 0.022032130509614944]
[-0.322729, 0.036964, -0.499614, -0.48165, -0.487222] => [0.020214632153511047, -0.01947508007287979, 0.020733125507831573, -0.014649996533989906, 0.02203226648271084]
[-0.322728, 0.036963, -0.499614, -0.481621, -0.487252] => [0.020214475691318512, -0.01947508379817009, 0.020733308047056198, -0.014649808406829834, 0.022032465785741806]
[-0.322728, 0.036964, -0.499614, -0.481637, -0.487243] => [0.020214516669511795, -0.019475074484944344, 0.020733259618282318, -0.014649851247668266, 0.022032415494322777]
[-0.322729, 0.036963, -0.499614, -0.481663, -0.487255] => [0.02021443098783493, -0.019475005567073822, 0.020733434706926346, -0.014649610966444016, 0.02203262783586979]
[-0.322729, 0.036964, -0.499614, -0.481669, -0.487221] => [0.02021462470293045, -0.019475046545267105, 0.020733166486024857, -0.014649929478764534, 0.022032320499420166]
[-0.322728, 0.036964, -0.499614, -0.481661, -0.487219] => [0.020214635878801346, -0.019475063309073448, 0.02073313482105732, -0.014649976044893265, 0.022032279521226883]
[-0.322729, 0.036963, -0.499614, -0.481614, -0.487213] => [0.020214684307575226, -0.019475148990750313, 0.020732983946800232, -0.014650202356278896, 0.02203208953142166]
[-0.322728, 0.036964, -0.499614, -0.481621, -0.487256] => [0.020214464515447617, -0.01947508566081524, 0.020733322948217392, -0.014649794436991215, 0.022032480686903]
[-0.322728, 0.036963, -0.499614, -0.481672, -0.487235] => [0.02021452784538269, -0.019475014880299568, 0.02073330245912075, -0.01464975904673338, 0.02203247882425785]
[-0.322729, 0.036964, -0.499614, -0.481663, -0.487243] => [0.020214509218931198, -0.019475027918815613, 0.020733322948217392, -0.014649748802185059, 0.022032497450709343]
[-0.322729, 0.036963, -0.499614, -0.481631, -0.487206] => [0.020214710384607315, -0.01947512850165367, 0.020732969045639038, -0.014650202356278896, 0.022032080218195915]
[-0.322728, 0.036964, -0.499614, -0.481664, -0.487241] => [0.020214512944221497, -0.019475027918815613, 0.020733313634991646, -0.014649758115410805, 0.022032486274838448]
[-0.322728, 0.036963, -0.499614, -0.48168, -0.487227] => [0.020214565098285675, -0.01947501115500927, 0.020733261480927467, -0.014649800024926662, 0.02203243412077427]
[-0.322728, 0.036963, -0.499614, -0.481619, -0.487246] => [0.0202145017683506, -0.019475096836686134, 0.02073325589299202, -0.014649871736764908, 0.02203240618109703]
[-0.322728, 0.036964, -0.499614, -0.481625, -0.48723] => [0.02021459862589836, -0.019475113600492477, 0.020733129233121872, -0.014650020748376846, 0.02203225903213024]
[-0.322728, 0.036963, -0.499614, -0.481675, -0.48723] => [0.02021455019712448, -0.019475016742944717, 0.020733270794153214, -0.014649792574346066, 0.022032445296645164]
[-0.322728, 0.036963, -0.499614, -0.481634, -0.487233] => [0.020214565098285675, -0.019475087523460388, 0.020733192563056946, -0.014649933204054832, 0.02203233540058136]
[-0.322728, 0.036963, -0.499614, -0.481657, -0.487247] => [0.020214475691318512, -0.019475026056170464, 0.020733358338475227, -0.014649707823991776, 0.022032538428902626]
[-0.322729, 0.036964, -0.499614, -0.481665, -0.487228] => [0.020214583724737167, -0.019475044682621956, 0.020733211189508438, -0.014649881049990654, 0.022032368928194046]
[-0.322728, 0.036964, -0.499614, -0.481671, -0.487252] => [0.020214449614286423, -0.019475001841783524, 0.020733416080474854, -0.014649628661572933, 0.022032607346773148]
[-0.322728, 0.036963, -0.499614, -0.481621, -0.487236] => [0.02021455392241478, -0.01947510614991188, 0.0207331832498312, -0.014649956487119198, 0.022032322362065315]
[-0.322729, 0.036963, -0.499614, -0.48167, -0.487254] => [0.02021443098783493, -0.019474994391202927, 0.020733444020152092, -0.014649594202637672, 0.022032640874385834]
[-0.322729, 0.036963, -0.499614, -0.481661, -0.487221] => [0.020214613527059555, -0.019475053995847702, 0.020733162760734558, -0.014649936929345131, 0.02203231491148472]
[-0.322729, 0.036964, -0.499614, -0.481618, -0.487256] => [0.020214471966028214, -0.019475093111395836, 0.020733311772346497, -0.014649812132120132, 0.022032465785741806]
[-0.322729, 0.036964, -0.499614, -0.481637, -0.487244] => [0.020214520394802094, -0.019475074484944344, 0.020733265206217766, -0.014649845659732819, 0.022032421082258224]
[-0.322729, 0.036964, -0.499614, -0.481643, -0.487244] => [0.020214516669511795, -0.019475063309073448, 0.02073328197002411, -0.014649820514023304, 0.022032441571354866]
[-0.322729, 0.036964, -0.499614, -0.481621, -0.487225] => [0.020214635878801346, -0.01947512850165367, 0.020733077079057693, -0.01465008594095707, 0.022032199427485466]
[-0.322728, 0.036964, -0.499614, -0.481625, -0.487232] => [0.020214583724737167, -0.019475111737847328, 0.020733144134283066, -0.014650002121925354, 0.022032277658581734]
[-0.322728, 0.036963, -0.499614, -0.481639, -0.487209] => [0.020214684307575226, -0.01947510987520218, 0.020733017474412918, -0.014650135301053524, 0.02203213796019554]
[-0.322729, 0.036963, -0.499614, -0.481616, -0.487254] => [0.020214471966028214, -0.019475093111395836, 0.020733308047056198, -0.014649815857410431, 0.022032462060451508]
[-0.322728, 0.036964, -0.499614, -0.481676, -0.487255] => [0.02021443098783493, -0.01947498880326748, 0.020733453333377838, -0.014649579301476479, 0.02203265205025673]
[-0.322728, 0.036964, -0.499614, -0.481682, -0.487255] => [0.020214427262544632, -0.019474977627396584, 0.020733466371893883, -0.014649556018412113, 0.02203267067670822]
[-0.324032, 0.04106, -0.49977, -0.286047, -0.386723] => [0.021250631660223007, -0.019971655681729317, 0.019198603928089142, -0.01668339967727661, 0.020193664357066154]
[-0.321809, 0.033289, -0.499432, -0.275748, -0.293861] => [0.021900642663240433, -0.020299158990383148, 0.018496766686439514, -0.017716435715556145, 0.01931539550423622]
[-0.323478, 0.044081, -0.499398, -0.485163, -0.21175] => [0.022129323333501816, -0.02033177763223648, 0.01837330497801304, -0.017887378111481667, 0.01916530169546604]
[-0.322026, 0.063131, -0.499863, -0.486399, -0.361456] => [0.02266046032309532, -0.020291784778237343, 0.019284645095467567, -0.016869423910975456, 0.020202763378620148]
[-0.322486, 0.04629, -0.49962, -0.334213, -0.38176] => [0.02156870812177658, -0.019921744242310524, 0.01935693435370922, -0.016489475965499878, 0.020381152629852295]
[-0.324196, 0.051998, -0.499683, -0.321742, -0.422149] => [0.021568790078163147, -0.02013561688363552, 0.019334053620696068, -0.01667010597884655, 0.020300351083278656]
[-0.321857, 0.053312, -0.499739, -0.370996, -0.350134] => [0.021880853921175003, -0.02012254297733307, 0.018964074552059174, -0.017076684162020683, 0.019886137917637825]
[-0.322792, 0.039136, -0.499384, -0.358867, -0.439499] => [0.020579379051923752, -0.019809085875749588, 0.01990220881998539, -0.015788698568940163, 0.021022073924541473]
[-0.323869, 0.032826, -0.4993, -0.331205, -0.169886] => [0.021910864859819412, -0.020300615578889847, 0.018491249531507492, -0.01772407442331314, 0.01930868811905384]
[-0.322622, 0.033528, -0.499663, -0.457159, -0.191312] => [0.022129572927951813, -0.020331813022494316, 0.018373172730207443, -0.01788756065070629, 0.019165141507983208]
[-0.324013, 0.044745, -0.499442, -0.426837, -0.229232] => [0.022144075483083725, -0.02033388242125511, 0.018365342170000076, -0.017898404970765114, 0.01915561966598034]
[-0.321843, 0.032697, -0.499592, -0.297063, -0.458455] => [0.02061440423130989, -0.020195627585053444, 0.01928369514644146, -0.01670699566602707, 0.020265234634280205]
[-0.324261, 0.036567, -0.499969, -0.450103, -0.202187] => [0.02217576652765274, -0.020338403061032295, 0.01834823377430439, -0.017922092229127884, 0.019134821370244026]
[-0.321981, 0.06201, -0.499767, -0.420775, -0.4981] => [0.02046453207731247, -0.019826874136924744, 0.020235469564795494, -0.015465665608644485, 0.021378032863140106]
[-0.32238, 0.047432, -0.499482, -0.478247, -0.394281] => [0.021411024034023285, -0.019896250218153, 0.019652774557471275, -0.016134219244122505, 0.020724469795823097]
[-0.323223, 0.05239, -0.499733, -0.253438, -0.309855] => [0.021855846047401428, -0.020246844738721848, 0.01858958788216114, -0.017575928941369057, 0.01943313702940941]
[-0.322375, 0.041793, -0.499635, -0.251157, -0.403253] => [0.021039996296167374, -0.02002924308180809, 0.01918133907020092, -0.0167301744222641, 0.020163333043456078]
[-0.323126, 0.036858, -0.499338, -0.338507, -0.49295] => [0.020578652620315552, -0.020081214606761932, 0.01963716745376587, -0.01626969315111637, 0.020667769014835358]
[-0.323501, 0.03468, -0.499479, -0.302919, -0.294481] => [0.022091243416070938, -0.020326346158981323, 0.0183938667178154, -0.01785891130566597, 0.019190296530723572]
[-0.324193, 0.043376, -0.499794, -0.381928, -0.293255] => [0.022149454802274704, -0.020334649831056595, 0.018362438306212425, -0.017902424558997154, 0.019152089953422546]
[-0.323497, 0.03617, -0.49985, -0.289877, -0.22153] => [0.021992500871419907, -0.02031226083636284, 0.01844717375934124, -0.017785102128982544, 0.019255103543400764]
[-0.322132, 0.041834, -0.49989, -0.400696, -0.273722] => [0.02206619828939438, -0.0203227736055851, 0.018407389521598816, -0.01784018613398075, 0.019206738099455833]
[-0.322601, 0.040465, -0.499894, -0.488948, -0.228405] => [0.022054214030504227, -0.020321063697338104, 0.018413856625556946, -0.01783123053610325, 0.019214600324630737]
[-0.322767, 0.041885, -0.499268, -0.436182, -0.350042] => [0.021605294197797775, -0.01998923160135746, 0.019056474789977074, -0.01687157154083252, 0.02002439647912979]
[-0.323866, 0.035106, -0.499965, -0.27385, -0.378101] => [0.021359961479902267, -0.020082838833332062, 0.0189967080950737, -0.016987890005111694, 0.019938025623559952]
[-0.322325, 0.03586, -0.499351, -0.280253, -0.207343] => [0.021878808736801147, -0.020296042785048485, 0.018508555367588997, -0.017700113356113434, 0.019329726696014404]
[-0.323955, 0.038598, -0.499418, -0.48035, -0.375682] => [0.02005823701620102, -0.019818207249045372, 0.01944619230926037, -0.01634668931365013, 0.020477358251810074]
[-0.322105, 0.037571, -0.499986, -0.499488, -0.262683] => [0.021969851106405258, -0.020309031009674072, 0.01845940202474594, -0.017768168821930885, 0.019269971176981926]
[-0.323215, 0.048763, -0.499839, -0.324183, -0.253291] => [0.022102203220129013, -0.020327908918261528, 0.018387949094176292, -0.017867105081677437, 0.019183102995157242]
[-0.321851, 0.057635, -0.499303, -0.469283, -0.488891] => [0.02036808803677559, -0.019648151472210884, 0.020438410341739655, -0.015103179030120373, 0.021655863150954247]
[-0.323441, 0.053381, -0.499462, -0.343588, -0.171289] => [0.021966226398944855, -0.020308513194322586, 0.018461357802152634, -0.017765460535883904, 0.019272349774837494]
[-0.323885, 0.053618, -0.499263, -0.271283, -0.493184] => [0.020945467054843903, -0.020217755809426308, 0.019199669361114502, -0.016853900626301765, 0.020140402019023895]
[-0.324049, 0.044146, -0.499413, -0.283118, -0.424263] => [0.02101176604628563, -0.02005866728723049, 0.019261514768004417, -0.016674062237143517, 0.02024099789559841]
[-0.322641, 0.059419, -0.499411, -0.381724, -0.49635] => [0.02072152867913246, -0.019961325451731682, 0.019885631278157234, -0.015949489548802376, 0.02095147781074047]
[-0.323282, 0.032757, -0.499287, -0.318008, -0.369274] => [0.021581705659627914, -0.020054951310157776, 0.018965953961014748, -0.017014937475323677, 0.01990698277950287]
[-0.323358, 0.063106, -0.499724, -0.370592, -0.22116] => [0.022132202982902527, -0.02033218927681446, 0.01837175339460373, -0.01788952760398388, 0.01916341483592987]
[-0.323966, 0.053164, -0.499377, -0.430444, -0.305181] => [0.022091910243034363, -0.020235273987054825, 0.018631890416145325, -0.01753285527229309, 0.01948113925755024]
[-0.322915, 0.032729, -0.499207, -0.421945, -0.372726] => [0.019655074924230576, -0.019797753542661667, 0.01943434774875641, -0.016367701813578606, 0.020454375073313713]
[-0.321934, 0.05477, -0.499847, -0.263018, -0.26196] => [0.021897319704294205, -0.020298684015870094, 0.018498560413718224, -0.01771395280957222, 0.01931757479906082]
[-0.322488, 0.059822, -0.499801, -0.48093, -0.189703] => [0.02218266949057579, -0.02033938840031624, 0.01834450662136078, -0.017927251756191254, 0.019130291417241096]
[-0.324269, 0.041126, -0.499479, -0.302092, -0.39059] => [0.0209210142493248, -0.019915763288736343, 0.019284354522824287, -0.016561713069677353, 0.02029496058821678]
[-0.322022, 0.039155, -0.499432, -0.471304, -0.375317] => [0.019673515111207962, -0.019800648093223572, 0.019480908289551735, -0.016303647309541702, 0.020513053983449936]
[-0.3229, 0.049644, -0.499469, -0.453425, -0.245545] => [0.022075477987527847, -0.0203240979462862, 0.018402377143502235, -0.017847126349806786, 0.01920064352452755]
[-0.323891, 0.059661, -0.499979, -0.491375, -0.190878] => [0.022229209542274475, -0.020346026867628098, 0.018319379538297653, -0.01796204410493374, 0.01909974217414856]
[-0.321888, 0.049793, -0.499495, -0.402915, -0.1827] => [0.02204784005880356, -0.02032015472650528, 0.018417296931147575, -0.017826469615101814, 0.01921878196299076]
[-0.323093, 0.05111, -0.499842, -0.497318, -0.30898] => [0.02200118452310562, -0.02019900642335415, 0.018730752170085907, -0.017393900081515312, 0.01960260048508644]
[-0.323615, 0.043381, -0.499875, -0.228019, -0.333824] => [0.02175278589129448, -0.0202688779681921, 0.018590323626995087, -0.01758449897170067, 0.019430113956332207]
[-0.322998, 0.061411, -0.499714, -0.359576, -0.451285] => [0.021659601479768753, -0.020252831280231476, 0.019441833719611168, -0.016653068363666534, 0.020385371521115303]
[-0.322655, 0.035611, -0.499912, -0.460479, -0.413788] => [0.01773615926504135, -0.019624141976237297, 0.0198801402002573, -0.015773925930261612, 0.020969370380043983]
[-0.322002, 0.056525, -0.49952, -0.434866, -0.373424] => [0.022241130471229553, -0.020110048353672028, 0.01947297900915146, -0.016517935320734978, 0.0204625204205513]
[-0.321977, 0.032424, -0.499376, -0.476404, -0.379511] => [0.019470185041427612, -0.019782189279794693, 0.019525567069649696, -0.01624426804482937, 0.020564397796988487]
[-0.322915, 0.06335, -0.499613, -0.329444, -0.236767] => [0.022061727941036224, -0.02032213658094406, 0.01840979978442192, -0.01783684827387333, 0.019209668040275574]
[-0.322816, 0.054612, -0.499498, -0.359301, -0.352224] => [0.022045832127332687, -0.020158063620328903, 0.01896764524281025, -0.017104430124163628, 0.01988026686012745]
[-0.323697, 0.043803, -0.499746, -0.300221, -0.228087] => [0.02203751727938652, -0.020318681374192238, 0.018422871828079224, -0.017818748950958252, 0.019225560128688812]
[-0.322887, 0.058666, -0.499523, -0.365482, -0.270729] => [0.022159390151500702, -0.02033878117799759, 0.018366210162639618, -0.01790143921971321, 0.019155319780111313]
[-0.32239, 0.034242, -0.499482, -0.373927, -0.303121] => [0.02204328030347824, -0.020319504663348198, 0.018419761210680008, -0.017823055386543274, 0.019221778959035873]
[-0.322311, 0.055916, -0.499698, -0.429708, -0.435218] => [0.02133319154381752, -0.020006004720926285, 0.01987626776099205, -0.015982316806912422, 0.020940886810421944]
[-0.322258, 0.060419, -0.499484, -0.311034, -0.440578] => [0.021733999252319336, -0.020385993644595146, 0.019081061705946922, -0.017138853669166565, 0.01994885504245758]
[-0.322499, 0.042897, -0.499919, -0.342908, -0.414559] => [0.01930515095591545, -0.019768616184592247, 0.01962015964090824, -0.01611601933836937, 0.020679088309407234]
[-0.323425, 0.041867, -0.499771, -0.325333, -0.331634] => [0.02194169908761978, -0.020201273262500763, 0.018629655241966248, -0.017505360767245293, 0.019488012418150902]
[-0.324043, 0.057569, -0.499376, -0.445581, -0.364649] => [0.022518198937177658, -0.02017168328166008, 0.019352644681930542, -0.016706978902220726, 0.020308837294578552]
[-0.323246, 0.061715, -0.499873, -0.362866, -0.32115] => [0.02262847125530243, -0.020407769829034805, 0.018642857670783997, -0.017661452293395996, 0.01944836601614952]
[-0.323765, 0.05803, -0.499755, -0.378277, -0.493913] => [0.02078338712453842, -0.019967135041952133, 0.01982707530260086, -0.016017865389585495, 0.02088480070233345]
[-0.323627, 0.03431, -0.499897, -0.394176, -0.369443] => [0.02014671266078949, -0.019842250272631645, 0.01932082325220108, -0.016518883407115936, 0.020323293283581734]
[-0.323031, 0.034384, -0.499414, -0.372962, -0.438613] => [0.020458977669477463, -0.019709456712007523, 0.0200714860111475, -0.015525179915130138, 0.02123933844268322]
[-0.322582, 0.052017, -0.499931, -0.497725, -0.368481] => [0.021884802728891373, -0.02007574401795864, 0.019308771938085556, -0.016660867258906364, 0.02028794027864933]
[-0.323324, 0.057411, -0.499678, -0.36032, -0.492085] => [0.020919810980558395, -0.020069317892193794, 0.019603261724114418, -0.016336733475327492, 0.02060851827263832]
[-0.323176, 0.043524, -0.49958, -0.364431, -0.200104] => [0.02207447588443756, -0.02032395452260971, 0.01840291917324066, -0.017846375703811646, 0.019201302900910378]
[-0.324021, 0.053316, -0.499854, -0.315681, -0.295585] => [0.02211819216609001, -0.020330190658569336, 0.018379317596554756, -0.017879055812954903, 0.019172608852386475]
[-0.324237, 0.055255, -0.499397, -0.350279, -0.202613] => [0.02211955562233925, -0.020330384373664856, 0.01837858371436596, -0.017880070954561234, 0.019171716645359993]
[-0.323313, 0.045071, -0.499784, -0.46629, -0.266177] => [0.022034727036952972, -0.02031828463077545, 0.018424374982714653, -0.017816666513681412, 0.019227387383580208]
[-0.322722, 0.054539, -0.499442, -0.373442, -0.443717] => [0.021158412098884583, -0.020057791844010353, 0.01969711296260357, -0.016214875504374504, 0.02072460576891899]
[-0.323523, 0.046357, -0.499987, -0.317618, -0.394287] => [0.021419212222099304, -0.019924085587263107, 0.019372837617993355, -0.016465766355395317, 0.020400339737534523]
[-0.323993, 0.053892, -0.499886, -0.444884, -0.334347] => [0.022223390638828278, -0.02015765756368637, 0.018983976915478706, -0.017094813287258148, 0.019896911457180977]
[-0.321837, 0.041564, -0.499278, -0.385876, -0.486445] => [0.020356539636850357, -0.019747989252209663, 0.020298102870583534, -0.015326001681387424, 0.02147374115884304]
[-0.322262, 0.045554, -0.499237, -0.402037, -0.444066] => [0.020402230322360992, -0.019730238243937492, 0.020138833671808243, -0.015471551567316055, 0.021306848153471947]
[-0.322839, 0.041598, -0.499488, -0.417277, -0.32715] => [0.02178925648331642, -0.02014738880097866, 0.018759993836283684, -0.017316507175564766, 0.019649893045425415]
[-0.321852, 0.037635, -0.499276, -0.422187, -0.321025] => [0.02183016762137413, -0.020200101658701897, 0.01866784133017063, -0.017456334084272385, 0.019532864913344383]
[-0.323682, 0.037932, -0.49974, -0.433088, -0.430646] => [0.020588837563991547, -0.01966141164302826, 0.020035093650221825, -0.015531770884990692, 0.02121148817241192]
[-0.323394, 0.056298, -0.49988, -0.48256, -0.22231] => [0.022137295454740524, -0.02033291570842266, 0.018369002267718315, -0.017893336713314056, 0.019160069525241852]
[-0.321981, 0.042736, -0.499764, -0.347388, -0.287487] => [0.022133611142635345, -0.020332390442490578, 0.018370991572737694, -0.017890581861138344, 0.019162489101290703]
[-0.323585, 0.044734, -0.499773, -0.415413, -0.304946] => [0.02198179066181183, -0.02025636099278927, 0.01853422448039055, -0.017650378867983818, 0.019366731867194176]
[-0.323775, 0.034757, -0.499467, -0.334203, -0.468362] => [0.020537637174129486, -0.019992874935269356, 0.019787942990660667, -0.016054492443799973, 0.020843295380473137]
[-0.323486, 0.040374, -0.499933, -0.229154, -0.464695] => [0.020662058144807816, -0.020209038630127907, 0.019228577613830566, -0.016778407618403435, 0.02019880712032318]
[-0.322694, 0.056556, -0.499298, -0.380122, -0.498896] => [0.02069757878780365, -0.019946681335568428, 0.019922766834497452, -0.015898123383522034, 0.02099677175283432]
[-0.322819, 0.039279, -0.499321, -0.249702, -0.463523] => [0.020640060305595398, -0.020211236551404, 0.019234318286180496, -0.016770804300904274, 0.02020713873207569]
[-0.32271, 0.05603, -0.499291, -0.378898, -0.205939] => [0.022099781781435013, -0.02032756432890892, 0.018389256671071053, -0.017865292727947235, 0.019184693694114685]
[-0.324256, 0.063481, -0.49975, -0.259639, -0.437228] => [0.021864652633666992, -0.020409662276506424, 0.019006291404366493, -0.017240038141608238, 0.0198591947555542]
[-0.322108, 0.047525, -0.499802, -0.321407, -0.382961] => [0.02147720381617546, -0.01994369365274906, 0.01931491121649742, -0.01654634065926075, 0.020329490303993225]
[-0.321849, 0.05882, -0.499497, -0.481519, -0.194773] => [0.022145815193653107, -0.02033413015305996, 0.018364405259490013, -0.01789970137178898, 0.01915448158979416]
[-0.323594, 0.059513, -0.499359, -0.444377, -0.293137] => [0.02244279906153679, -0.020357463508844376, 0.01856354996562004, -0.017707515507936478, 0.019371869042515755]
[-0.323324, 0.032485, -0.499224, -0.258724, -0.313862] => [0.021845433861017227, -0.0202912837266922, 0.01852657087147236, -0.017675168812274933, 0.019351627677679062]
[-0.322748, 0.036615, -0.499521, -0.355212, -0.330039] => [0.021908920258283615, -0.02022225223481655, 0.01860900968313217, -0.017540642991662025, 0.019460178911685944]
[-0.322933, 0.049842, -0.499959, -0.318691, -0.491217] => [0.020924244076013565, -0.020230822265148163, 0.01921852119266987, -0.016839927062392235, 0.020162910223007202]
[-0.324178, 0.039488, -0.499379, -0.491185, -0.246163] => [0.022072605788707733, -0.02032368816435337, 0.018403926864266396, -0.017844978719949722, 0.01920252852141857]
[-0.322446, 0.046926, -0.49988, -0.271351, -0.388804] => [0.021181903779506683, -0.019984319806098938, 0.019202126190066338, -0.016684385016560555, 0.020195553079247475]
[-0.323839, 0.033616, -0.499859, -0.464059, -0.363036] => [0.02072577178478241, -0.019896117970347404, 0.01924758404493332, -0.016613980755209923, 0.020244581624865532]
[-0.323856, 0.044528, -0.499371, -0.418555, -0.320583] => [0.02186485007405281, -0.020165571942925453, 0.01870812103152275, -0.017390260472893715, 0.019586041569709778]
[-0.322095, 0.052349, -0.499372, -0.412866, -0.321039] => [0.0217985101044178, -0.02015763521194458, 0.018741654232144356, -0.01734423078596592, 0.019626645371317863]
[-0.32322, 0.039893, -0.499829, -0.343669, -0.475056] => [0.020577479153871536, -0.01999671384692192, 0.019784865900874138, -0.016065476462244987, 0.020836424082517624]
[-0.323909, 0.051873, -0.499896, -0.393406, -0.440521] => [0.02108096331357956, -0.019977878779172897, 0.01983444206416607, -0.01600475423038006, 0.020899510011076927]
[-0.321934, 0.055206, -0.499638, -0.436881, -0.329587] => [0.022087030112743378, -0.020171860232949257, 0.01891629956662655, -0.017172973603010178, 0.019818395376205444]
[-0.322785, 0.057404, -0.499711, -0.486631, -0.491557] => [0.02032475173473358, -0.019617760553956032, 0.020515892654657364, -0.014996769838035107, 0.021750112995505333]
[-0.323543, 0.050871, -0.499853, -0.490115, -0.27303] => [0.02208678051829338, -0.020325710996985435, 0.018396273255348206, -0.017855577170848846, 0.019193222746253014]
[-0.322971, 0.051936, -0.499367, -0.306087, -0.371053] => [0.02179114893078804, -0.020076604560017586, 0.019121071323752403, -0.016866441816091537, 0.020075764507055283]
[-0.322255, 0.032829, -0.499644, -0.444775, -0.426011] => [0.019092906266450882, -0.019606173038482666, 0.020038917660713196, -0.01553516648709774, 0.021191431209445]
[-0.323289, 0.057938, -0.499889, -0.497857, -0.260241] => [0.02225325256586075, -0.020370865240693092, 0.018378429114818573, -0.017913687974214554, 0.019160842522978783]
[-0.323824, 0.063279, -0.499354, -0.433846, -0.202989] => [0.022194471210241318, -0.020341070368885994, 0.01833813637495041, -0.01793607324361801, 0.019122544676065445]
[-0.323391, 0.038007, -0.499923, -0.467207, -0.36621] => [0.020427435636520386, -0.01986910216510296, 0.01931588351726532, -0.016523050144314766, 0.020323384553194046]
[-0.323073, 0.059154, -0.499818, -0.261716, -0.401748] => [0.022055312991142273, -0.02032029628753662, 0.01898656040430069, -0.017190951853990555, 0.019864743575453758]
[-0.323968, 0.035096, -0.499757, -0.330198, -0.331245] => [0.02194516733288765, -0.020210113376379013, 0.01861531287431717, -0.017527397722005844, 0.01946968585252762]
[-0.323414, 0.03944, -0.499476, -0.407574, -0.295303] => [0.022051207721233368, -0.02032063528895378, 0.018415478989481926, -0.017828986048698425, 0.019216572865843773]
[-0.323016, 0.051985, -0.499323, -0.231239, -0.261611] => [0.021857567131519318, -0.020293014124035835, 0.018520019948482513, -0.01768423803150654, 0.0193436648696661]
[-0.323884, 0.032475, -0.499977, -0.477944, -0.249547] => [0.022055234760046005, -0.020321208983659744, 0.018413305282592773, -0.017831994220614433, 0.019213929772377014]
[-0.32245, 0.03631, -0.499531, -0.454806, -0.284077] => [0.021977975964546204, -0.020310189574956894, 0.018455011770129204, -0.017774248495697975, 0.01926463469862938]
[-0.323083, 0.041331, -0.499726, -0.25683, -0.35434] => [0.021693002432584763, -0.02017531543970108, 0.018749697133898735, -0.01734163798391819, 0.019632933661341667]
[-0.322552, 0.061198, -0.499541, -0.303812, -0.383864] => [0.02215222641825676, -0.0202603992074728, 0.019078798592090607, -0.017053188756108284, 0.01998196169734001]
[-0.322795, 0.037538, -0.499286, -0.358731, -0.468452] => [0.02039201185107231, -0.019861813634634018, 0.020062103867530823, -0.01565934717655182, 0.02118290774524212]
[-0.323814, 0.038016, -0.49968, -0.45262, -0.306458] => [0.02196257933974266, -0.02022993192076683, 0.01858000084757805, -0.01758081652224064, 0.019424907863140106]
[-0.322894, 0.044661, -0.499522, -0.415498, -0.334215] => [0.021731354296207428, -0.020100494846701622, 0.018848998472094536, -0.01718319021165371, 0.01976221613585949]
[-0.32417, 0.057029, -0.499788, -0.413128, -0.255529] => [0.02219267562031746, -0.02034081518650055, 0.018339106813073158, -0.017934730276465416, 0.019123725593090057]
[-0.323698, 0.060161, -0.499798, -0.246858, -0.410053] => [0.021963994950056076, -0.020371032878756523, 0.018916480243206024, -0.0173037052154541, 0.019772207364439964]
[-0.323873, 0.055369, -0.499951, -0.241988, -0.17998] => [0.02176375314593315, -0.02027963101863861, 0.0185706689953804, -0.017614111304283142, 0.019405240193009377]
[-0.324022, 0.055984, -0.499246, -0.469206, -0.34596] => [0.022274404764175415, -0.020143691450357437, 0.019144847989082336, -0.016908418387174606, 0.02008209377527237]
[-0.322869, 0.043344, -0.499712, -0.331441, -0.203] => [0.02201005071401596, -0.020314764231443405, 0.018437698483467102, -0.017798220738768578, 0.01924358494579792]
[-0.32247, 0.060109, -0.499839, -0.295858, -0.213498] => [0.021987121552228928, -0.020311495289206505, 0.018450075760483742, -0.017781082540750504, 0.019258633255958557]
[-0.324136, 0.040436, -0.499205, -0.393024, -0.357378] => [0.021473009139299393, -0.019964225590229034, 0.0190948024392128, -0.016816645860671997, 0.020070083439350128]
[-0.322948, 0.035355, -0.499683, -0.269218, -0.208602] => [0.02186262235045433, -0.020293734967708588, 0.01851729117333889, -0.017688017338514328, 0.01934034749865532]
[-0.323619, 0.032493, -0.499711, -0.491095, -0.234853] => [0.022065844386816025, -0.02032272331416607, 0.018407577648758888, -0.01783992350101471, 0.01920696720480919]
[-0.323223, 0.054968, -0.499432, -0.480589, -0.284669] => [0.0221259742975235, -0.020291060209274292, 0.018529772758483887, -0.017685502767562866, 0.019352177157998085]
[-0.322888, 0.036035, -0.499607, -0.41047, -0.227703] => [0.022112995386123657, -0.020329449325799942, 0.018382122740149498, -0.017875168472528458, 0.019176021218299866]
[-0.324031, 0.044685, -0.499742, -0.388929, -0.444085] => [0.020491279661655426, -0.019768841564655304, 0.02005421370267868, -0.01559634692966938, 0.021200906485319138]
[-0.324169, 0.047485, -0.499777, -0.280313, -0.386825] => [0.021292366087436676, -0.019971739500761032, 0.019197378307580948, -0.01668691448867321, 0.020191790536046028]
[-0.322593, 0.033175, -0.499625, -0.390426, -0.396054] => [0.017770037055015564, -0.019625484943389893, 0.019800854846835136, -0.01588238961994648, 0.020870905369520187]
[-0.323945, 0.053964, -0.499685, -0.397805, -0.16868] => [0.022052649408578873, -0.020320842042565346, 0.018414700403809547, -0.01783006452023983, 0.019215624779462814]
[-0.323942, 0.052753, -0.499695, -0.295603, -0.481119] => [0.020973920822143555, -0.020213991403579712, 0.01919112354516983, -0.016864296048879623, 0.020128406584262848]
[-0.322306, 0.051958, -0.499233, -0.367697, -0.192719] => [0.02204730361700058, -0.02032007835805416, 0.018417589366436005, -0.01782606542110443, 0.019219137728214264]
[-0.322331, 0.033124, -0.49974, -0.464659, -0.222679] => [0.022060658782720566, -0.020321983844041824, 0.01841037906706333, -0.01783604733645916, 0.019210372120141983]
[-0.322249, 0.036354, -0.499871, -0.236363, -0.473278] => [0.020532846450805664, -0.020215574651956558, 0.019254542887210846, -0.01673761196434498, 0.020239325240254402]
[-0.322241, 0.063245, -0.499708, -0.315387, -0.300789] => [0.022382091730833054, -0.02043423242866993, 0.018460242077708244, -0.01787060871720314, 0.01923784613609314]
[-0.322433, 0.046461, -0.499589, -0.306243, -0.306489] => [0.022062066942453384, -0.020310131832957268, 0.01842763088643551, -0.017809012904763222, 0.019232630729675293]
[-0.322077, 0.034373, -0.499722, -0.406831, -0.245379] => [0.022065065801143646, -0.020322611555457115, 0.018407998606562614, -0.01783934235572815, 0.019207477569580078]
[-0.322852, 0.041666, -0.499648, -0.28075, -0.408469] => [0.021035656332969666, -0.019979100674390793, 0.019257700070738792, -0.01661152020096779, 0.020261447876691818]
[-0.323583, 0.044126, -0.499302, -0.362106, -0.174501] => [0.02199459820985794, -0.020312560722231865, 0.018446041271090508, -0.017786668613553047, 0.019253728911280632]
[-0.322972, 0.050967, -0.499747, -0.39579, -0.195324] => [0.022104468196630478, -0.020328233018517494, 0.018386725336313248, -0.01786879636347294, 0.019181616604328156]
[-0.323099, 0.052161, -0.499249, -0.295378, -0.274903] => [0.022028952836990356, -0.020317459478974342, 0.018427496775984764, -0.017812345176935196, 0.01923118345439434]
[-0.323898, 0.041701, -0.499609, -0.377624, -0.195391] => [0.022090665996074677, -0.020326264202594757, 0.01839417777955532, -0.01785847917199135, 0.019190676510334015]
[-0.322673, 0.060371, -0.499627, -0.342659, -0.23774] => [0.02210913598537445, -0.02032889798283577, 0.018384208902716637, -0.01787228137254715, 0.01917855627834797]
[-0.32249, 0.041399, -0.499818, -0.418523, -0.21628] => [0.022108275443315506, -0.02032877504825592, 0.018384670838713646, -0.017871640622615814, 0.019179118797183037]
[-0.323863, 0.052982, -0.499899, -0.273085, -0.456491] => [0.020942918956279755, -0.020197495818138123, 0.01917538046836853, -0.01686546392738819, 0.020114250481128693]
[-0.322759, 0.057413, -0.499721, -0.486184, -0.491051] => [0.020331088453531265, -0.019618960097432137, 0.02050797827541828, -0.015006178058683872, 0.021741032600402832]
[-0.322783, 0.0573, -0.499721, -0.487163, -0.492982] => [0.020300138741731644, -0.01961354725062847, 0.02054208517074585, -0.014965083450078964, 0.021780354902148247]
[-0.322771, 0.057195, -0.49972, -0.487736, -0.494916] => [0.02026084065437317, -0.019606653600931168, 0.020581908524036407, -0.014916310086846352, 0.021826546639204025]
[-0.322783, 0.057484, -0.499716, -0.488213, -0.494556] => [0.02026277780532837, -0.019607413560152054, 0.02057812735438347, -0.014920864254236221, 0.021822182461619377]
[-0.322736, 0.05749, -0.499712, -0.48768, -0.493353] => [0.020287834107875824, -0.019611770287156105, 0.02055291458964348, -0.014951751567423344, 0.021792935207486153]
[-0.322749, 0.057099, -0.499713, -0.488553, -0.49004] => [0.020339008420705795, -0.0196127500385046, 0.02050534449517727, -0.015004162676632404, 0.021739929914474487]
[-0.322728, 0.057297, -0.499719, -0.486648, -0.498811] => [0.020180612802505493, -0.0195979792624712, 0.020656105130910873, -0.01482836902141571, 0.021911505609750748]
[-0.322767, 0.057125, -0.499714, -0.487147, -0.498486] => [0.020189732313156128, -0.019597547128796577, 0.02065008133649826, -0.014834774658083916, 0.02190488949418068]
[-0.322741, 0.057431, -0.499722, -0.485757, -0.495833] => [0.020241517573595047, -0.01960853673517704, 0.020594637840986252, -0.014903602190315723, 0.021840225905179977]
[-0.322744, 0.057406, -0.499719, -0.487497, -0.491435] => [0.02032472938299179, -0.019616274163126945, 0.02051711454987526, -0.014994287863373756, 0.021751897409558296]
[-0.322737, 0.057465, -0.499719, -0.488073, -0.492046] => [0.020314302295446396, -0.019614649936556816, 0.020528273656964302, -0.014980938285589218, 0.0217647273093462]
[-0.322745, 0.057359, -0.499718, -0.488158, -0.489081] => [0.020351428538560867, -0.019615918397903442, 0.020489457994699478, -0.015023672953248024, 0.02172146923840046]
[-0.322757, 0.057538, -0.49972, -0.485707, -0.497806] => [0.02019953727722168, -0.019603347405791283, 0.020633993670344353, -0.014856505207717419, 0.021885458379983902]
[-0.322785, 0.057242, -0.49971, -0.486544, -0.49453] => [0.020270593464374542, -0.019610226154327393, 0.02057017758488655, -0.014931832440197468, 0.02181250788271427]
[-0.322774, 0.05747, -0.499715, -0.486477, -0.496095] => [0.0202346108853817, -0.019606487825512886, 0.020602352917194366, -0.014893606305122375, 0.0218493789434433]
[-0.322734, 0.057394, -0.499716, -0.488039, -0.492928] => [0.02029738575220108, -0.019612036645412445, 0.020545221865177155, -0.014960438944399357, 0.021784290671348572]
[-0.322757, 0.057123, -0.499717, -0.48801, -0.497518] => [0.020207833498716354, -0.019598539918661118, 0.02063409611582756, -0.014853043481707573, 0.021886838600039482]
[-0.322784, 0.057348, -0.499713, -0.487514, -0.499065] => [0.020173709839582443, -0.019595744088292122, 0.020664028823375702, -0.014818006195127964, 0.0219209436327219]
[-0.322742, 0.057541, -0.499711, -0.486229, -0.499793] => [0.020157508552074432, -0.01959662139415741, 0.02067539095878601, -0.014806071296334267, 0.02193337306380272]
[-0.322727, 0.057172, -0.49972, -0.487765, -0.498132] => [0.020194444805383682, -0.019597362726926804, 0.02064593695104122, -0.014839132316410542, 0.021900348365306854]
[-0.322723, 0.057204, -0.499721, -0.488158, -0.497779] => [0.020200349390506744, -0.019597643986344337, 0.02064058929681778, -0.014845184981822968, 0.021894332021474838]
[-0.322756, 0.057205, -0.499714, -0.485663, -0.49728] => [0.02021593600511551, -0.019604092463850975, 0.020621472969651222, -0.014870994724333286, 0.021871259436011314]
[-0.322733, 0.05718, -0.49972, -0.486336, -0.491207] => [0.02032821998000145, -0.019616849720478058, 0.02051272802054882, -0.014999421313405037, 0.021746894344687462]
[-0.322744, 0.057223, -0.499714, -0.486185, -0.498543] => [0.020188502967357635, -0.019599497318267822, 0.020648561418056488, -0.014837832190096378, 0.021902674809098244]
[-0.322762, 0.057347, -0.499721, -0.487516, -0.497212] => [0.020211443305015564, -0.01960095949470997, 0.020627541467547417, -0.014861908741295338, 0.021878916770219803]
[-0.322779, 0.057247, -0.499719, -0.48603, -0.49459] => [0.02027011290192604, -0.01961112953722477, 0.020569566637277603, -0.014933167025446892, 0.021811578422784805]
[-0.322759, 0.057102, -0.499713, -0.485596, -0.490499] => [0.020337507128715515, -0.019617965444922447, 0.020502040162682533, -0.015011760406196117, 0.02173476852476597]
[-0.322737, 0.057149, -0.499715, -0.485992, -0.49607] => [0.020240820944309235, -0.019606679677963257, 0.020598553121089935, -0.014898089691996574, 0.02184504270553589]
[-0.322762, 0.057498, -0.499711, -0.487589, -0.48909] => [0.020352531224489212, -0.01961793750524521, 0.02048656716942787, -0.015028358437120914, 0.02171768806874752]
[-0.32276, 0.057489, -0.499715, -0.486891, -0.493494] => [0.02028677612543106, -0.01961301825940609, 0.02055261842906475, -0.014953017234802246, 0.021792253479361534]
[-0.322729, 0.057358, -0.499715, -0.488274, -0.499438] => [0.020163629204034805, -0.01959308050572872, 0.020674722269177437, -0.014804254285991192, 0.02193359099328518]
[-0.322727, 0.057133, -0.499712, -0.487171, -0.488775] => [0.02035551518201828, -0.019616149365901947, 0.02048475667834282, -0.01502887811511755, 0.021716218441724777]
[-0.322736, 0.057166, -0.499714, -0.487148, -0.489562] => [0.02034647762775421, -0.019616058096289635, 0.020494369789958, -0.015018499456346035, 0.021726857870817184]
[-0.322747, 0.057512, -0.499711, -0.487383, -0.494571] => [0.020263168960809708, -0.0196089968085289, 0.020575979724526405, -0.014924373477697372, 0.02181936241686344]
[-0.322777, 0.057516, -0.499711, -0.487598, -0.497286] => [0.02020728960633278, -0.01960097625851631, 0.020630208775401115, -0.01485891081392765, 0.02188190445303917]
[-0.322784, 0.057095, -0.499711, -0.485913, -0.491384] => [0.020326916128396988, -0.01961688883602619, 0.020514274016022682, -0.0149978157132864, 0.021748581901192665]
[-0.322747, 0.057428, -0.499714, -0.487224, -0.492379] => [0.02030988782644272, -0.01961531862616539, 0.020531516522169113, -0.014977912418544292, 0.02176813594996929]
[-0.322743, 0.057117, -0.499713, -0.486726, -0.492247] => [0.02031540498137474, -0.019615091383457184, 0.02052784338593483, -0.014981845393776894, 0.021764090284705162]
[-0.322738, 0.057132, -0.49972, -0.487377, -0.495396] => [0.02025224268436432, -0.019605794921517372, 0.020590057596564293, -0.014906750991940498, 0.021835843101143837]
[-0.322746, 0.057093, -0.499719, -0.486823, -0.495341] => [0.020255204290151596, -0.019606977701187134, 0.02058667503297329, -0.014911375008523464, 0.02183173969388008]
[-0.32275, 0.057105, -0.49972, -0.487798, -0.492901] => [0.020303327590227127, -0.019611956551671028, 0.020541923120617867, -0.01496417261660099, 0.02178058587014675]
[-0.322751, 0.057131, -0.499714, -0.485601, -0.490806] => [0.020333897322416306, -0.019618012011051178, 0.020505758002400398, -0.015007806941866875, 0.02173886075615883]
[-0.322739, 0.057398, -0.499717, -0.488263, -0.494504] => [0.020264551043510437, -0.019607162103056908, 0.02057718299329281, -0.014921740628778934, 0.021821195259690285]
[-0.322781, 0.05712, -0.499711, -0.487153, -0.499733] => [0.02016439288854599, -0.019594019278883934, 0.020674627274274826, -0.014805227518081665, 0.021933166310191154]
[-0.322723, 0.057492, -0.499718, -0.486845, -0.495071] => [0.02025385946035385, -0.019608596339821815, 0.020584022626280785, -0.01491524837911129, 0.021828418597579002]
[-0.322771, 0.057378, -0.499719, -0.488544, -0.488708] => [0.02035561576485634, -0.01961558125913143, 0.020485516637563705, -0.015027649700641632, 0.021717213094234467]
[-0.322773, 0.057237, -0.499717, -0.487351, -0.495209] => [0.02025492861866951, -0.019606688991189003, 0.020586566999554634, -0.01491120457649231, 0.021831724792718887]
[-0.322732, 0.057204, -0.499721, -0.486357, -0.498865] => [0.02018163353204727, -0.019598206505179405, 0.020655522122979164, -0.014829231426119804, 0.0219107773154974]
[-0.32278, 0.057112, -0.49971, -0.487022, -0.497758] => [0.02020537108182907, -0.019599832594394684, 0.02063504047691822, -0.014852995984256268, 0.02188751846551895]
[-0.322759, 0.057344, -0.499723, -0.485604, -0.491964] => [0.020320937037467957, -0.019619062542915344, 0.020518474280834198, -0.01499499473720789, 0.02175259031355381]
[-0.322733, 0.057493, -0.499716, -0.487989, -0.488866] => [0.020354382693767548, -0.019617293030023575, 0.020485082641243935, -0.015029435977339745, 0.021716240793466568]
[-0.322768, 0.05741, -0.499715, -0.485632, -0.49107] => [0.020331621170043945, -0.01961989887058735, 0.020506586879491806, -0.015008403919637203, 0.02173922210931778]
[-0.322783, 0.05755, -0.499719, -0.487964, -0.499673] => [0.020156964659690857, -0.019593635573983192, 0.020678868517279625, -0.01480003073811531, 0.021938076242804527]
[-0.322762, 0.057306, -0.499714, -0.486347, -0.497341] => [0.020211786031723022, -0.019602805376052856, 0.020625682547688484, -0.014865356497466564, 0.021876322105526924]
[-0.322745, 0.05718, -0.499717, -0.485655, -0.487855] => [0.020368579775094986, -0.019619807600975037, 0.020467709749937057, -0.015050011686980724, 0.021696336567401886]
[-0.322732, 0.057458, -0.499717, -0.487576, -0.488053] => [0.020364370197057724, -0.019618216902017593, 0.020473716780543327, -0.01504234317690134, 0.02170342579483986]
[-0.322742, 0.057523, -0.499716, -0.486564, -0.490016] => [0.020342860370874405, -0.019619543105363846, 0.020495090633630753, -0.015020455233752728, 0.021726634353399277]
[-0.322771, 0.057437, -0.499712, -0.485865, -0.4923] => [0.020314335823059082, -0.019618330523371696, 0.020524904131889343, -0.01498742401599884, 0.021759936586022377]
[-0.322769, 0.057423, -0.49972, -0.485806, -0.491675] => [0.02032436430454254, -0.019619407132267952, 0.02051466517150402, -0.014999358914792538, 0.02174828201532364]
[-0.322731, 0.057234, -0.499715, -0.487432, -0.491738] => [0.020320668816566467, -0.019614921882748604, 0.02052249014377594, -0.014987457543611526, 0.021758228540420532]
[-0.322751, 0.057291, -0.49972, -0.48747, -0.498042] => [0.02019524574279785, -0.019598545506596565, 0.020643575116991997, -0.014842546544969082, 0.021897410973906517]
[-0.322747, 0.057401, -0.49972, -0.488471, -0.490099] => [0.020339198410511017, -0.01961514912545681, 0.020503025501966476, -0.015008525922894478, 0.021736670285463333]
[-0.322754, 0.057416, -0.499714, -0.485797, -0.494211] => [0.020275279879570007, -0.01961299031972885, 0.02056250534951687, -0.014942196197807789, 0.021803241223096848]
[-0.322738, 0.057308, -0.499711, -0.487034, -0.491616] => [0.020322851836681366, -0.019616233184933662, 0.02051905356347561, -0.01499217003583908, 0.021754052489995956]
[-0.322742, 0.057495, -0.499712, -0.488566, -0.498025] => [0.020190075039863586, -0.019596828147768974, 0.020648516714572906, -0.014835724607110023, 0.021903427317738533]
[-0.322748, 0.057404, -0.499716, -0.488245, -0.496172] => [0.020230326801538467, -0.019602516666054726, 0.020610079169273376, -0.014882189221680164, 0.021859074011445045]
[-0.322727, 0.057269, -0.499717, -0.485975, -0.488948] => [0.020355377346277237, -0.01961929351091385, 0.02048199065029621, -0.015034292824566364, 0.021712251007556915]
[-0.32276, 0.057526, -0.499723, -0.486448, -0.49291] => [0.020298965275287628, -0.01961568184196949, 0.0205396581441164, -0.01496919710189104, 0.02177710458636284]
[-0.322757, 0.057357, -0.499717, -0.488071, -0.493008] => [0.020296592265367508, -0.01961171254515648, 0.02054647170007229, -0.014958858489990234, 0.021785760298371315]
[-0.322773, 0.057528, -0.499717, -0.485802, -0.498176] => [0.020192164927721024, -0.019602110609412193, 0.020641453564167023, -0.014847414568066597, 0.021894093602895737]
[-0.322724, 0.057178, -0.499717, -0.487981, -0.499021] => [0.020175639539957047, -0.019594412297010422, 0.020664380863308907, -0.01481669396162033, 0.021921684965491295]
[-0.322776, 0.057239, -0.499712, -0.487797, -0.495535] => [0.02024741843342781, -0.019604861736297607, 0.020594624802470207, -0.014901005662977695, 0.021841194480657578]
[-0.322774, 0.05743, -0.499714, -0.486121, -0.492613] => [0.020307548344135284, -0.019616931676864624, 0.02053193747997284, -0.01497866865247488, 0.021768147125840187]
[-0.322755, 0.05749, -0.499711, -0.486456, -0.498811] => [0.020178265869617462, -0.01959884725511074, 0.020656343549489975, -0.01482866145670414, 0.021911557763814926]
[-0.322782, 0.057542, -0.499722, -0.487029, -0.499332] => [0.020165875554084778, -0.019596464931964874, 0.02066870965063572, -0.014813289977610111, 0.02192598581314087]
[-0.322781, 0.057118, -0.499722, -0.485914, -0.499335] => [0.02017490565776825, -0.019597673788666725, 0.02066223882138729, -0.01482154056429863, 0.021918369457125664]
[-0.322731, 0.057304, -0.499712, -0.486272, -0.491609] => [0.02032383531332016, -0.019617602229118347, 0.020516688004136086, -0.014995766803622246, 0.021751046180725098]
[-0.322749, 0.05712, -0.499714, -0.488386, -0.488435] => [0.020358141511678696, -0.019614044576883316, 0.020484087988734245, -0.01502796821296215, 0.02171608805656433]
[-0.322729, 0.057542, -0.499722, -0.486923, -0.493329] => [0.020288746803998947, -0.019613511860370636, 0.020550057291984558, -0.014956146478652954, 0.02178928256034851]
[-0.322743, 0.057304, -0.499717, -0.486738, -0.498845] => [0.020179852843284607, -0.019597742706537247, 0.020657004788517952, -0.01482720859348774, 0.021912572905421257]
[-0.322755, 0.057282, -0.499719, -0.48816, -0.492902] => [0.020299788564443588, -0.0196116603910923, 0.020544257014989853, -0.01496128924190998, 0.02178329974412918]
[-0.322753, 0.057426, -0.499714, -0.488585, -0.49495] => [0.020254511386156082, -0.01960534229874611, 0.02058720961213112, -0.014909373596310616, 0.02183285728096962]
[-0.322758, 0.05726, -0.499721, -0.487715, -0.4919] => [0.020318761467933655, -0.01961459219455719, 0.02052493765950203, -0.014984587207436562, 0.02176102250814438]
[-0.322763, 0.057554, -0.499719, -0.485647, -0.492291] => [0.020312853157520294, -0.019619088619947433, 0.020524688065052032, -0.014988151378929615, 0.021759508177638054]
[-0.322751, 0.057165, -0.499721, -0.488202, -0.49457] => [0.02026725560426712, -0.019606586545705795, 0.02057674527168274, -0.014921929687261581, 0.02182082273066044]
[-0.322744, 0.057313, -0.499714, -0.488498, -0.499343] => [0.02016611024737358, -0.01959282159805298, 0.02067323587834835, -0.014805723913013935, 0.021932000294327736]
[-0.322741, 0.057208, -0.499715, -0.48777, -0.48931] => [0.02034880220890045, -0.01961537078022957, 0.020492631942033768, -0.015019834041595459, 0.021725134924054146]
[-0.322744, 0.057432, -0.49972, -0.486872, -0.493359] => [0.020290259271860123, -0.019613290205597878, 0.020549671724438667, -0.014956476166844368, 0.02178889326751232]
[-0.322777, 0.057545, -0.499718, -0.488273, -0.491222] => [0.020326901227235794, -0.019616011530160904, 0.020515326410531998, -0.01499602198600769, 0.021749993786215782]
[-0.322759, 0.05731, -0.499713, -0.487922, -0.492537] => [0.020307399332523346, -0.01961321383714676, 0.020536333322525024, -0.014971131458878517, 0.021774057298898697]
[-0.32274, 0.057246, -0.49971, -0.486777, -0.489018] => [0.020353566855192184, -0.019617576152086258, 0.02048557996749878, -0.015029113739728928, 0.021716710180044174]
[-0.322773, 0.057355, -0.499715, -0.486318, -0.499953] => [0.020157482475042343, -0.019595634192228317, 0.020677443593740463, -0.014803200960159302, 0.021935895085334778]
[-0.322753, 0.057547, -0.499721, -0.4859, -0.496532] => [0.020225144922733307, -0.01960657723248005, 0.02060956507921219, -0.014885704964399338, 0.02185739204287529]
[-0.32276, 0.057181, -0.49971, -0.486221, -0.494418] => [0.020274169743061066, -0.019610987976193428, 0.020566679537296295, -0.014936262741684914, 0.02180839702486992]
[-0.322723, 0.057189, -0.499718, -0.488545, -0.49965] => [0.02016141265630722, -0.01959153451025486, 0.02067892625927925, -0.014798582531511784, 0.021938668563961983]
[-0.32276, 0.057465, -0.499717, -0.486185, -0.499141] => [0.02017243579030037, -0.01959843747317791, 0.020661674439907074, -0.0148225212469697, 0.021917598322033882]
[-0.322723, 0.057207, -0.499719, -0.487917, -0.491748] => [0.020319808274507523, -0.019613854587078094, 0.020524343475699425, -0.014984636567533016, 0.02176058478653431]
[-0.32274, 0.057502, -0.499718, -0.487217, -0.492355] => [0.020309045910835266, -0.01961558312177658, 0.020531509071588516, -0.014978067949414253, 0.02176806889474392]
[-0.322748, 0.057531, -0.49972, -0.48763, -0.487783] => [0.020367823541164398, -0.019618835300207138, 0.020469624549150467, -0.015047223307192326, 0.0216987244784832]
[-0.322783, 0.057132, -0.499715, -0.485591, -0.490354] => [0.02033952996134758, -0.019618313759565353, 0.020499713718891144, -0.015014538541436195, 0.021732095628976822]
[-0.322777, 0.057328, -0.499722, -0.488167, -0.491818] => [0.02031950280070305, -0.019614337012171745, 0.02052452601492405, -0.014984842389822006, 0.021760638803243637]
[-0.322743, 0.057093, -0.499721, -0.48672, -0.488667] => [0.020357459783554077, -0.019616829231381416, 0.02048211358487606, -0.01503224391490221, 0.021713102236390114]
[-0.32278, 0.057317, -0.499722, -0.48662, -0.499347] => [0.020170018076896667, -0.019596699625253677, 0.0206662118434906, -0.014816336333751678, 0.02192310057580471]
[-0.322746, 0.057447, -0.499722, -0.485711, -0.491331] => [0.020328376442193985, -0.019619926810264587, 0.02050986886024475, -0.015004896558821201, 0.021742839366197586]
[-0.322729, 0.057466, -0.49971, -0.48842, -0.491303] => [0.020325064659118652, -0.01961500011384487, 0.020517950877547264, -0.014992399141192436, 0.021753190085291862]
[-0.322773, 0.057515, -0.499719, -0.486731, -0.49062] => [0.020335838198661804, -0.0196189284324646, 0.02050316333770752, -0.01501132920384407, 0.021735722199082375]
[-0.322748, 0.057523, -0.49972, -0.486468, -0.494208] => [0.0202721506357193, -0.01961192861199379, 0.02056552655994892, -0.014938016422092915, 0.021806921809911728]
[-0.322738, 0.057415, -0.499711, -0.486923, -0.491906] => [0.020319856703281403, -0.019617075100541115, 0.020521454513072968, -0.014990254305303097, 0.021756455302238464]
[-0.322732, 0.057411, -0.499717, -0.486872, -0.491156] => [0.020328693091869354, -0.01961756870150566, 0.02051168493926525, -0.01500111073255539, 0.021745530888438225]
[-0.322728, 0.057173, -0.499719, -0.487788, -0.498421] => [0.02018846571445465, -0.01959650218486786, 0.020651737228035927, -0.014832127839326859, 0.021907038986682892]
[-0.322727, 0.057134, -0.49972, -0.48735, -0.490247] => [0.0203380286693573, -0.019615139812231064, 0.02050401270389557, -0.015007436275482178, 0.02173777110874653]
[-0.322757, 0.057211, -0.499722, -0.487909, -0.492851] => [0.020302485674619675, -0.019612155854701996, 0.020541885867714882, -0.014964301139116287, 0.021780509501695633]
[-0.322781, 0.057376, -0.49971, -0.485958, -0.487937] => [0.02036803960800171, -0.019620632752776146, 0.02046779729425907, -0.015050585381686687, 0.0216961856931448]
[-0.322786, 0.057542, -0.499718, -0.488151, -0.490403] => [0.020336754620075226, -0.019616642966866493, 0.020504439249634743, -0.015008194372057915, 0.02173778973519802]
[-0.322764, 0.057391, -0.499716, -0.487876, -0.499228] => [0.02016865462064743, -0.01959463208913803, 0.020668992772698402, -0.014811694622039795, 0.02192678675055504]
[-0.32275, 0.057195, -0.499721, -0.488361, -0.489905] => [0.02034113183617592, -0.019613947719335556, 0.020502030849456787, -0.015008649788796902, 0.02173592336475849]
[-0.32276, 0.057183, -0.499722, -0.488498, -0.489685] => [0.020343612879514694, -0.019613739103078842, 0.020499669015407562, -0.015011025592684746, 0.021733375266194344]
[-0.322786, 0.057132, -0.499712, -0.487407, -0.491578] => [0.02032284066081047, -0.019614337012171745, 0.020520983263850212, -0.014988638460636139, 0.0217567291110754]
[-0.322777, 0.057546, -0.499723, -0.488014, -0.492997] => [0.020294055342674255, -0.01961238496005535, 0.020546959713101387, -0.014958719722926617, 0.021786149591207504]
[-0.322774, 0.057296, -0.499723, -0.487995, -0.488596] => [0.020357470959424973, -0.019616076722741127, 0.02048306167125702, -0.015030665323138237, 0.021714359521865845]
[-0.322765, 0.057091, -0.499713, -0.487902, -0.493192] => [0.020297642797231674, -0.019610892981290817, 0.020547855645418167, -0.014956891536712646, 0.021787473931908607]
[-0.322746, 0.057414, -0.499716, -0.487997, -0.489997] => [0.02034100890159607, -0.019616130739450455, 0.02050021104514599, -0.015012308023869991, 0.021733278408646584]
[-0.322775, 0.057255, -0.499723, -0.487661, -0.495063] => [0.020257003605365753, -0.019606556743383408, 0.020584851503372192, -0.01491297222673893, 0.021829860284924507]
[-0.322727, 0.05755, -0.499714, -0.486024, -0.488447] => [0.020361904054880142, -0.019621504470705986, 0.020473234355449677, -0.015045415610074997, 0.021701939404010773]
[-0.322783, 0.057148, -0.499722, -0.485879, -0.489193] => [0.02035287767648697, -0.019618557766079903, 0.020485492423176765, -0.01502998173236847, 0.021716326475143433]
[-0.322728, 0.057439, -0.499723, -0.487383, -0.489994] => [0.02034175395965576, -0.019617479294538498, 0.020498069003224373, -0.015015644952654839, 0.02173052541911602]
[-0.322769, 0.057156, -0.49972, -0.486568, -0.49003] => [0.020342037081718445, -0.01961689256131649, 0.0204983688890934, -0.015014871954917908, 0.021731024608016014]
[-0.32273, 0.057109, -0.499719, -0.487412, -0.487629] => [0.020368672907352448, -0.019616181030869484, 0.02047092467546463, -0.01504373736679554, 0.021700941026210785]
[-0.322738, 0.057308, -0.499718, -0.485991, -0.498178] => [0.020194869488477707, -0.01960112527012825, 0.02064119279384613, -0.014847075566649437, 0.021894043311476707]
[-0.322764, 0.05724, -0.499715, -0.485902, -0.497005] => [0.020220648497343063, -0.019604496657848358, 0.020617015659809113, -0.0148761672899127, 0.021866196766495705]
[-0.322741, 0.057209, -0.499711, -0.487447, -0.491896] => [0.020318813621997833, -0.019614607095718384, 0.020524781197309494, -0.01498475857079029, 0.02176084741950035]
[-0.322779, 0.057478, -0.499714, -0.4864, -0.496562] => [0.02022511512041092, -0.019605347886681557, 0.020611321553587914, -0.014882916584610939, 0.0218596700578928]
[-0.322735, 0.057106, -0.499723, -0.485858, -0.488773] => [0.020357277244329453, -0.019618459045886993, 0.020480722188949585, -0.015034998767077923, 0.021711094304919243]
[-0.322766, 0.057488, -0.499715, -0.488564, -0.48935] => [0.020348262041807175, -0.019615983590483665, 0.02049289457499981, -0.015020053833723068, 0.021725239232182503]
[-0.322786, 0.057523, -0.499713, -0.486257, -0.499466] => [0.020165055990219116, -0.019597550854086876, 0.020668480545282364, -0.014814373105764389, 0.021925419569015503]
[-0.322777, 0.057406, -0.49971, -0.486718, -0.49361] => [0.02028636634349823, -0.01961285062134266, 0.020553655922412872, -0.014951813966035843, 0.021793434396386147]
[-0.322749, 0.057425, -0.499718, -0.486832, -0.489695] => [0.020346112549304962, -0.019618520513176918, 0.020492618903517723, -0.015022309496998787, 0.02172420360147953]
[-0.322747, 0.057165, -0.499721, -0.486516, -0.493813] => [0.02028602361679077, -0.019612092524766922, 0.02055574767291546, -0.014949074015021324, 0.021795934066176414]
[-0.322774, 0.057481, -0.499711, -0.488458, -0.49008] => [0.020339857786893845, -0.019615724682807922, 0.020501982420682907, -0.015010109171271324, 0.02173534594476223]
[-0.322751, 0.057159, -0.499721, -0.48641, -0.492905] => [0.020305048674345016, -0.01961486227810383, 0.020537326112389565, -0.014971354976296425, 0.021774671971797943]
[-0.322747, 0.057483, -0.499723, -0.487292, -0.493303] => [0.02028977870941162, -0.0196127500385046, 0.020550334826111794, -0.014955314807593822, 0.02178979106247425]
[-0.322737, 0.057535, -0.499712, -0.487849, -0.491743] => [0.020319879055023193, -0.019616087898612022, 0.020521922037005424, -0.014988944865763187, 0.021757273003458977]
[-0.322764, 0.057108, -0.499722, -0.488171, -0.499381] => [0.02016952633857727, -0.01959296129643917, 0.020671360194683075, -0.014808008447289467, 0.02192983590066433]
[-0.322734, 0.057325, -0.499711, -0.486894, -0.499083] => [0.020174242556095123, -0.019596759229898453, 0.020662516355514526, -0.014820418320596218, 0.021918978542089462]
[-0.322776, 0.05719, -0.499716, -0.487976, -0.499675] => [0.020162738859653473, -0.019592715427279472, 0.020676877349615097, -0.014801735058426857, 0.021936051547527313]
[-0.322745, 0.057519, -0.499722, -0.487755, -0.487634] => [0.02036936581134796, -0.019618608057498932, 0.020468197762966156, -0.015048572793602943, 0.021697217598557472]
[-0.322781, 0.057333, -0.499722, -0.488192, -0.49593] => [0.020236972719430923, -0.019603241235017776, 0.020604325458407402, -0.014889092184603214, 0.021852457895874977]
[-0.322783, 0.057194, -0.499711, -0.488556, -0.490379] => [0.02033558115363121, -0.019613292068243027, 0.020508646965026855, -0.015001061372458935, 0.0217434111982584]
[-0.322759, 0.057194, -0.499722, -0.487009, -0.490176] => [0.02033976837992668, -0.019616294652223587, 0.020501280203461647, -0.01501128263771534, 0.021734412759542465]
[-0.322739, 0.057121, -0.499714, -0.486932, -0.487901] => [0.020366184413433075, -0.019616978242993355, 0.02047283947467804, -0.01504230685532093, 0.021702822297811508]
[-0.322723, 0.057184, -0.499718, -0.488528, -0.499638] => [0.020161781460046768, -0.019591592252254486, 0.020678596571087837, -0.01479898951947689, 0.021938282996416092]
[-0.322723, 0.057185, -0.499718, -0.488529, -0.499635] => [0.020161818712949753, -0.019591599702835083, 0.020678548142313957, -0.014799049124121666, 0.021938227117061615]
[-0.322723, 0.057185, -0.499718, -0.488535, -0.499644] => [0.020161624997854233, -0.0195915624499321, 0.020678747445344925, -0.014798801392316818, 0.02193845994770527]
[-0.322723, 0.057183, -0.499718, -0.488531, -0.499686] => [0.020160797983407974, -0.019591446965932846, 0.020679552108049393, -0.014797834679484367, 0.021939385682344437]
[-0.322723, 0.057187, -0.499718, -0.488545, -0.499684] => [0.020160745829343796, -0.0195914339274168, 0.020679587498307228, -0.014797782525420189, 0.021939430385828018]
[-0.322723, 0.057188, -0.499718, -0.488531, -0.499641] => [0.020161643624305725, -0.01959158666431904, 0.020678693428635597, -0.014798876829445362, 0.021938394755125046]
[-0.322723, 0.057185, -0.499718, -0.488528, -0.49968] => [0.020160891115665436, -0.019591474905610085, 0.020679432898759842, -0.014797983691096306, 0.021939247846603394]
[-0.322723, 0.057184, -0.499718, -0.48853, -0.499654] => [0.020161446183919907, -0.019591541960835457, 0.020678920671343803, -0.014798597432672977, 0.021938657388091087]
[-0.322723, 0.057187, -0.499718, -0.488543, -0.499665] => [0.02016114443540573, -0.019591493532061577, 0.020679201930761337, -0.014798250049352646, 0.021938985213637352]
[-0.322723, 0.057184, -0.499718, -0.488534, -0.49963] => [0.020161930471658707, -0.01959160342812538, 0.020678458735346794, -0.014799147844314575, 0.021938128396868706]
[-0.322723, 0.057187, -0.499718, -0.488543, -0.499675] => [0.020160935819149017, -0.01959146372973919, 0.020679404959082603, -0.014798005111515522, 0.021939219906926155]
[-0.322723, 0.057186, -0.499718, -0.488536, -0.499629] => [0.020161915570497513, -0.01959160715341568, 0.020678458735346794, -0.014799150638282299, 0.021938126534223557]
[-0.322723, 0.057186, -0.499718, -0.488529, -0.499666] => [0.020161166787147522, -0.019591515883803368, 0.020679166540503502, -0.014798304997384548, 0.02193894051015377]
[-0.322723, 0.057184, -0.499718, -0.488535, -0.499639] => [0.020161740481853485, -0.019591573625802994, 0.020678643137216568, -0.014798924326896667, 0.021938342601060867]
[-0.322723, 0.057185, -0.499718, -0.488529, -0.499622] => [0.020162086933851242, -0.019591638818383217, 0.020678287371993065, -0.014799362979829311, 0.02193792723119259]
[-0.322723, 0.057183, -0.499718, -0.488546, -0.49968] => [0.020160894840955734, -0.0195914339274168, 0.02067948691546917, -0.014797896146774292, 0.021939318627119064]
[-0.322723, 0.057185, -0.499718, -0.488549, -0.499683] => [0.020160794258117676, -0.019591426476836205, 0.020679567009210587, -0.014797799289226532, 0.021939411759376526]
[-0.322723, 0.057187, -0.499718, -0.488543, -0.499654] => [0.020161371678113937, -0.019591523334383965, 0.020678984001278877, -0.014798510819673538, 0.021938735619187355]
[-0.322723, 0.057185, -0.499718, -0.488539, -0.499646] => [0.020161576569080353, -0.019591549411416054, 0.020678799599409103, -0.014798733405768871, 0.021938523277640343]
[-0.322723, 0.057189, -0.499718, -0.488535, -0.499654] => [0.020161353051662445, -0.019591543823480606, 0.020678967237472534, -0.014798544347286224, 0.021938711404800415]
[-0.322723, 0.057186, -0.499718, -0.488545, -0.499666] => [0.020161133259534836, -0.01959148235619068, 0.020679228007793427, -0.01479821465909481, 0.02193901687860489]
[-0.322723, 0.057184, -0.499718, -0.488535, -0.499635] => [0.02016182616353035, -0.01959158666431904, 0.020678561180830002, -0.014799023047089577, 0.021938247606158257]
[-0.322723, 0.057188, -0.499718, -0.488531, -0.499657] => [0.020161308348178864, -0.019591541960835457, 0.020679008215665817, -0.014798497781157494, 0.021938756108283997]
[-0.322723, 0.057188, -0.499718, -0.488548, -0.499649] => [0.020161446183919907, -0.019591528922319412, 0.020678909495472908, -0.014798596501350403, 0.02193865180015564]
[-0.322723, 0.057184, -0.499718, -0.488539, -0.499624] => [0.02016204223036766, -0.01959160901606083, 0.020678360015153885, -0.014799261465668678, 0.021938016638159752]
[-0.322723, 0.057185, -0.499718, -0.488534, -0.499626] => [0.02016199380159378, -0.019591616466641426, 0.020678386092185974, -0.014799238182604313, 0.02193804271519184]
[-0.322723, 0.057189, -0.499718, -0.488536, -0.499674] => [0.020160939544439316, -0.01959148608148098, 0.02067936770617962, -0.014798061922192574, 0.021939171478152275]
[-0.322723, 0.057186, -0.499718, -0.488537, -0.499647] => [0.020161539316177368, -0.019591553136706352, 0.020678818225860596, -0.014798714779317379, 0.021938543766736984]
[-0.322723, 0.057186, -0.499718, -0.488528, -0.499673] => [0.02016102522611618, -0.019591497257351875, 0.020679300650954247, -0.014798144809901714, 0.021939095109701157]
[-0.322723, 0.057185, -0.499718, -0.488547, -0.499669] => [0.020161088556051254, -0.019591469317674637, 0.020679282024502754, -0.01479814387857914, 0.021939082071185112]
[-0.322723, 0.057185, -0.499718, -0.48853, -0.499671] => [0.020161081105470657, -0.019591497257351875, 0.020679261535406113, -0.014798188582062721, 0.021939050406217575]
[-0.322723, 0.057185, -0.499718, -0.488542, -0.499636] => [0.02016177400946617, -0.019591571763157845, 0.02067861519753933, -0.014798954129219055, 0.02193831093609333]
[-0.322723, 0.057188, -0.499718, -0.488533, -0.499643] => [0.020161598920822144, -0.019591577351093292, 0.02067873626947403, -0.01479882188141346, 0.021938445046544075]
[-0.322723, 0.057184, -0.499718, -0.488528, -0.499634] => [0.020161859691143036, -0.01959160342812538, 0.02067851647734642, -0.014799084514379501, 0.02193819358944893]
[-0.322723, 0.057188, -0.499718, -0.48854, -0.499666] => [0.020161110907793045, -0.019591497257351875, 0.02067921869456768, -0.014798233285546303, 0.021939003840088844]
[-0.322723, 0.057187, -0.499718, -0.488533, -0.499626] => [0.020161963999271393, -0.019591623917222023, 0.02067839354276657, -0.01479923352599144, 0.021938050165772438]
[-0.322723, 0.057185, -0.499718, -0.488532, -0.49966] => [0.020161297172307968, -0.019591523334383965, 0.0206790529191494, -0.014798437245190144, 0.021938811987638474]
[-0.322723, 0.057186, -0.499718, -0.488533, -0.499664] => [0.020161200314760208, -0.01959151215851307, 0.020679142326116562, -0.014798331074416637, 0.021938912570476532]
[-0.322723, 0.057186, -0.499718, -0.48853, -0.499657] => [0.020161353051662445, -0.01959153823554516, 0.020678991451859474, -0.014798514544963837, 0.021938739344477654]
[-0.322723, 0.057188, -0.499718, -0.488531, -0.499668] => [0.020161088556051254, -0.01959151029586792, 0.020679224282503128, -0.014798237942159176, 0.021939005702733994]
[-0.322723, 0.057186, -0.499718, -0.488541, -0.499636] => [0.02016175538301468, -0.019591575488448143, 0.02067861706018448, -0.014798954129219055, 0.02193831093609333]
[-0.322723, 0.057187, -0.499718, -0.488535, -0.499623] => [0.020162023603916168, -0.01959162764251232, 0.020678341388702393, -0.014799293130636215, 0.021937992423772812]
[-0.322723, 0.057188, -0.499718, -0.488538, -0.499687] => [0.02016068622469902, -0.019591443240642548, 0.020679626613855362, -0.014797747135162354, 0.0219394713640213]
[-0.322723, 0.057185, -0.499718, -0.488547, -0.499622] => [0.020162053406238556, -0.019591601565480232, 0.020678354427218437, -0.014799261465668678, 0.021938012912869453]
[-0.322723, 0.057188, -0.499718, -0.488545, -0.499643] => [0.020161572843790054, -0.019591551274061203, 0.02067878283560276, -0.014798752963542938, 0.0219385027885437]
[-0.322723, 0.057186, -0.499718, -0.48854, -0.499683] => [0.020160790532827377, -0.019591445103287697, 0.020679544657468796, -0.01479783933609724, 0.02193938009440899]
[-0.322723, 0.057187, -0.499718, -0.488544, -0.499679] => [0.02016085386276245, -0.019591450691223145, 0.02067948319017887, -0.014797911047935486, 0.021939309313893318]
[-0.322723, 0.057186, -0.499718, -0.488535, -0.499638] => [0.02016172558069229, -0.01959158293902874, 0.020678631961345673, -0.014798942022025585, 0.021938327699899673]
[-0.322723, 0.057186, -0.499718, -0.488546, -0.499649] => [0.020161479711532593, -0.019591528922319412, 0.020678889006376266, -0.014798619784414768, 0.02193862944841385]
[-0.322723, 0.057186, -0.499718, -0.488544, -0.499676] => [0.02016093209385872, -0.01959145814180374, 0.020679417997598648, -0.014797987416386604, 0.02193923480808735]
[-0.322723, 0.057189, -0.499718, -0.488534, -0.499687] => [0.020160671323537827, -0.019591454416513443, 0.020679617300629616, -0.014797763898968697, 0.021939458325505257]
[-0.322723, 0.057186, -0.499718, -0.488536, -0.499631] => [0.02016187459230423, -0.019591599702835083, 0.020678497850894928, -0.014799102209508419, 0.021938173100352287]
[-0.322723, 0.057188, -0.499718, -0.488548, -0.49966] => [0.020161215215921402, -0.019591497257351875, 0.020679131150245667, -0.014798330143094063, 0.021938905119895935]
[-0.322723, 0.057187, -0.499718, -0.488542, -0.499638] => [0.020161695778369904, -0.019591571763157845, 0.02067866362631321, -0.014798898249864578, 0.021938364952802658]
[-0.322723, 0.057188, -0.499718, -0.488531, -0.499674] => [0.020160961896181107, -0.019591493532061577, 0.020679345354437828, -0.014798092655837536, 0.021939145401120186]
[-0.322723, 0.057184, -0.499718, -0.488537, -0.499619] => [0.020162146538496017, -0.01959162764251232, 0.02067825198173523, -0.014799394644796848, 0.021937891840934753]
[-0.322723, 0.057188, -0.499718, -0.488541, -0.499689] => [0.02016063779592514, -0.019591430202126503, 0.02067967690527439, -0.014797681011259556, 0.021939530968666077]
[-0.322723, 0.057186, -0.499718, -0.488542, -0.499685] => [0.020160749554634094, -0.01959143579006195, 0.020679589360952377, -0.014797783456742764, 0.021939432248473167]
[-0.322723, 0.057185, -0.499718, -0.488533, -0.499652] => [0.0201614610850811, -0.019591543823480606, 0.020678898319602013, -0.014798621647059917, 0.021938633173704147]
[-0.322723, 0.057186, -0.499718, -0.488532, -0.499677] => [0.02016092836856842, -0.019591478630900383, 0.020679395645856857, -0.014798026531934738, 0.02193920500576496]
[-0.322723, 0.057183, -0.499718, -0.488543, -0.499658] => [0.020161353051662445, -0.019591502845287323, 0.020679039880633354, -0.014798437245190144, 0.021938802674412727]
[-0.322723, 0.057188, -0.499718, -0.488547, -0.499675] => [0.02016090601682663, -0.01959145814180374, 0.020679423585534096, -0.014797979965806007, 0.021939242258667946]
[-0.322723, 0.057185, -0.499718, -0.488533, -0.499622] => [0.020162079483270645, -0.01959162950515747, 0.020678304135799408, -0.014799337834119797, 0.02193794772028923]
[-0.322723, 0.057186, -0.499718, -0.488532, -0.499673] => [0.020161014050245285, -0.01959148980677128, 0.02067931741476059, -0.014798121526837349, 0.02193911373615265]
[-0.322723, 0.057187, -0.499718, -0.488531, -0.499649] => [0.020161494612693787, -0.0195915624499321, 0.020678842440247536, -0.014798695221543312, 0.021938567981123924]
[-0.322723, 0.057188, -0.499718, -0.488545, -0.499686] => [0.02016068994998932, -0.019591432064771652, 0.02067963406443596, -0.01479773037135601, 0.021939482539892197]
[-0.322723, 0.057185, -0.499718, -0.48854, -0.499648] => [0.020161524415016174, -0.019591541960835457, 0.020678844302892685, -0.014798680320382118, 0.021938573569059372]
[-0.322723, 0.057183, -0.499718, -0.488546, -0.499635] => [0.020161818712949753, -0.01959156058728695, 0.020678598433732986, -0.014798966236412525, 0.021938294172286987]
[-0.322723, 0.057188, -0.499718, -0.488547, -0.499681] => [0.02016078680753708, -0.0195914413779974, 0.020679540932178497, -0.01479783933609724, 0.02193937636911869]
[-0.322723, 0.057183, -0.499718, -0.488541, -0.499644] => [0.020161643624305725, -0.019591545686125755, 0.02067875862121582, -0.014798778109252453, 0.021938476711511612]
[-0.322723, 0.057185, -0.499718, -0.488538, -0.499637] => [0.02016175538301468, -0.019591577351093292, 0.02067861706018448, -0.01479895506054163, 0.02193831279873848]
[-0.322723, 0.057186, -0.499718, -0.488528, -0.49963] => [0.020161904394626617, -0.019591618329286575, 0.020678451284766197, -0.014799166470766068, 0.02193811722099781]
[-0.322723, 0.057184, -0.499718, -0.488545, -0.499625] => [0.020162008702754974, -0.019591594114899635, 0.020678402855992317, -0.014799203723669052, 0.02193806879222393]
[-0.322723, 0.057186, -0.499718, -0.488542, -0.499688] => [0.020160682499408722, -0.019591426476836205, 0.020679648965597153, -0.014797710813581944, 0.02193950116634369]
[-0.322723, 0.057189, -0.499718, -0.488544, -0.49967] => [0.020161006599664688, -0.019591480493545532, 0.02067931927740574, -0.014798110350966454, 0.021939121186733246]
[-0.322723, 0.057186, -0.499718, -0.488549, -0.499621] => [0.020162049680948257, -0.01959160342812538, 0.02067834511399269, -0.014799272641539574, 0.021938001736998558]
[-0.322723, 0.057188, -0.499718, -0.48854, -0.499622] => [0.02016201615333557, -0.019591622054576874, 0.02067834883928299, -0.01479928009212017, 0.021938001736998558]
[-0.322723, 0.057185, -0.499718, -0.488528, -0.49967] => [0.02016109600663185, -0.019591502845287323, 0.020679235458374023, -0.014798221178352833, 0.021939020603895187]
[-0.322723, 0.057187, -0.499718, -0.488544, -0.499664] => [0.020161163061857224, -0.019591493532061577, 0.020679187029600143, -0.014798266813158989, 0.02193896844983101]
[-0.322723, 0.057187, -0.499718, -0.488548, -0.499639] => [0.020161669701337814, -0.01959155686199665, 0.020678704604506493, -0.014798841439187527, 0.021938415244221687]
[-0.322723, 0.057188, -0.499718, -0.48854, -0.49964] => [0.020161643624305725, -0.019591569900512695, 0.020678704604506493, -0.014798852615058422, 0.02193841151893139]
[-0.322723, 0.057184, -0.499718, -0.488534, -0.499629] => [0.0201619490981102, -0.01959160529077053, 0.020678438246250153, -0.014799172058701515, 0.021938106045126915]
[-0.322723, 0.057185, -0.499718, -0.488536, -0.499678] => [0.020160920917987823, -0.01959146559238434, 0.020679423585534096, -0.014797987416386604, 0.021939238533377647]
[-0.322723, 0.057186, -0.499718, -0.488529, -0.499619] => [0.020162131637334824, -0.019591648131608963, 0.020678237080574036, -0.01479942537844181, 0.021937869489192963]
[-0.322723, 0.057185, -0.499718, -0.488535, -0.499627] => [0.02016196772456169, -0.01959161087870598, 0.020678408443927765, -0.0147992093116045, 0.02193807065486908]
[-0.322723, 0.057185, -0.499718, -0.488546, -0.49964] => [0.02016168087720871, -0.019591553136706352, 0.020678706467151642, -0.014798838645219803, 0.021938417106866837]
[-0.322723, 0.057185, -0.499718, -0.488538, -0.499665] => [0.020161181688308716, -0.019591497257351875, 0.02067917212843895, -0.014798286370933056, 0.021938951686024666]
[-0.322723, 0.057184, -0.499718, -0.488547, -0.49962] => [0.020162109285593033, -0.01959160529077053, 0.020678307861089706, -0.014799315482378006, 0.021937960758805275]
[-0.322723, 0.057184, -0.499718, -0.488537, -0.499668] => [0.020161136984825134, -0.01959148980677128, 0.02067922241985798, -0.014798225834965706, 0.021939009428024292]
[-0.322723, 0.057186, -0.499718, -0.488549, -0.499631] => [0.020161844789981842, -0.019591573625802994, 0.020678548142313957, -0.014799026772379875, 0.02193823643028736]
[-0.322723, 0.057186, -0.499718, -0.488529, -0.499677] => [0.020160935819149017, -0.01959148421883583, 0.020679384469985962, -0.014798043295741081, 0.021939190104603767]
[-0.322723, 0.057184, -0.499718, -0.488548, -0.499668] => [0.02016112208366394, -0.019591467455029488, 0.020679263398051262, -0.014798164367675781, 0.02193905971944332]
[-0.322723, 0.057186, -0.499718, -0.488534, -0.499627] => [0.020161952823400497, -0.019591614603996277, 0.020678414031863213, -0.014799206517636776, 0.021938074380159378]
[-0.322723, 0.057186, -0.499718, -0.488536, -0.499655] => [0.020161379128694534, -0.01959153451025486, 0.020678970962762833, -0.014798533171415329, 0.021938718855381012]
[-0.322723, 0.057186, -0.499718, -0.488548, -0.499672] => [0.02016100287437439, -0.01959146000444889, 0.020679354667663574, -0.014798058196902275, 0.021939164027571678]
[-0.322723, 0.057184, -0.499718, -0.488537, -0.49968] => [0.020160894840955734, -0.019591454416513443, 0.02067946083843708, -0.01479793805629015, 0.021939285099506378]
[-0.322723, 0.057188, -0.499718, -0.488531, -0.499682] => [0.020160797983407974, -0.019591471180319786, 0.020679503679275513, -0.014797902666032314, 0.02193932607769966]
[-0.322723, 0.057185, -0.499718, -0.488543, -0.499642] => [0.020161647349596024, -0.019591553136706352, 0.02067873440682888, -0.014798806980252266, 0.021938448771834373]
[-0.322723, 0.057184, -0.499718, -0.488532, -0.499643] => [0.020161665976047516, -0.019591569900512695, 0.02067871019244194, -0.014798847027122974, 0.021938417106866837]
[-0.322723, 0.057183, -0.499718, -0.488538, -0.499627] => [0.02016199752688408, -0.019591599702835083, 0.020678410306572914, -0.014799199998378754, 0.021938074380159378]
[-0.322723, 0.057186, -0.499718, -0.488547, -0.499653] => [0.020161397755146027, -0.019591515883803368, 0.02067897468805313, -0.014798516407608986, 0.02193872630596161]
[-0.322723, 0.057188, -0.499718, -0.488547, -0.499639] => [0.020161651074886322, -0.01959156058728695, 0.02067871019244194, -0.014798839576542377, 0.021938418969511986]
[-0.322723, 0.057187, -0.499718, -0.488534, -0.49965] => [0.020161468535661697, -0.019591553136706352, 0.020678872242569923, -0.014798657037317753, 0.02193860150873661]
[-0.322723, 0.057184, -0.499718, -0.488528, -0.499631] => [0.020161915570497513, -0.01959161087870598, 0.020678460597991943, -0.014799151569604874, 0.021938128396868706]
[-0.322723, 0.057189, -0.499718, -0.488541, -0.499634] => [0.02016175165772438, -0.019591588526964188, 0.020678594708442688, -0.014798985794186592, 0.02193828485906124]
[-0.322723, 0.057189, -0.499718, -0.488528, -0.499641] => [0.02016162872314453, -0.019591594114899635, 0.02067868784070015, -0.014798888005316257, 0.02193838730454445]
[-0.322723, 0.057187, -0.499718, -0.488538, -0.499629] => [0.020161889493465424, -0.01959160342812538, 0.02067847177386284, -0.014799132943153381, 0.0219381432980299]
[-0.322723, 0.057185, -0.499718, -0.488543, -0.499633] => [0.020161829888820648, -0.019591577351093292, 0.020678559318184853, -0.014799018390476704, 0.021938247606158257]
[-0.322723, 0.057186, -0.499718, -0.488529, -0.499659] => [0.020161312073469162, -0.01959153637290001, 0.02067902684211731, -0.014798473566770554, 0.021938780322670937]
[-0.322723, 0.057184, -0.499718, -0.488549, -0.499688] => [0.020160704851150513, -0.019591407850384712, 0.020679663866758347, -0.01479768194258213, 0.02193952165544033]
[-0.322723, 0.057188, -0.499718, -0.488536, -0.499678] => [0.020160868763923645, -0.019591471180319786, 0.020679442211985588, -0.014797970652580261, 0.02193925902247429]
[-0.322723, 0.057185, -0.499718, -0.48854, -0.499628] => [0.020161937922239304, -0.019591597840189934, 0.0206784475594759, -0.014799155294895172, 0.02193811908364296]
[-0.322723, 0.057188, -0.499718, -0.488538, -0.49966] => [0.02016124129295349, -0.019591517746448517, 0.020679092034697533, -0.014798387885093689, 0.021938856691122055]
[-0.322723, 0.057186, -0.499718, -0.488542, -0.499679] => [0.020160876214504242, -0.019591452553868294, 0.020679472014307976, -0.01479792408645153, 0.021939296275377274]
[-0.322723, 0.057186, -0.499718, -0.488549, -0.499629] => [0.020161885768175125, -0.01959157921373844, 0.020678505301475525, -0.014799078926444054, 0.02193818800151348]
[-0.322723, 0.057183, -0.499718, -0.488549, -0.499654] => [0.020161423832178116, -0.019591500982642174, 0.020678984001278877, -0.014798497781157494, 0.021938739344477654]
[-0.322723, 0.057187, -0.499718, -0.488546, -0.499622] => [0.02016201987862587, -0.01959160715341568, 0.020678365603089333, -0.014799253083765507, 0.02193802408874035]
[-0.322723, 0.057186, -0.499718, -0.488537, -0.499621] => [0.020162072032690048, -0.01959162764251232, 0.02067830227315426, -0.014799336902797222, 0.02193794772028923]
[-0.322723, 0.057185, -0.499718, -0.488528, -0.499682] => [0.02016085386276245, -0.019591469317674637, 0.020679473876953125, -0.014797935262322426, 0.021939294412732124]
[-0.322723, 0.057188, -0.499718, -0.488532, -0.499633] => [0.02016180381178856, -0.01959160715341568, 0.02067853882908821, -0.01479906216263771, 0.02193821594119072]
[-0.322723, 0.057189, -0.499718, -0.488547, -0.49964] => [0.020161613821983337, -0.01959156058728695, 0.02067873440682888, -0.014798812568187714, 0.021938446909189224]
[-0.322723, 0.057184, -0.499718, -0.488532, -0.499685] => [0.020160797983407974, -0.019591450691223145, 0.020679542794823647, -0.014797844924032688, 0.02193937636911869]
[-0.322723, 0.057186, -0.499718, -0.488548, -0.49962] => [0.020162072032690048, -0.01959160715341568, 0.02067832462489605, -0.014799298718571663, 0.021937977522611618]
[-0.322723, 0.057186, -0.499718, -0.488533, -0.499674] => [0.020160991698503494, -0.01959148421883583, 0.02067933976650238, -0.014798091724514961, 0.021939141675829887]
[-0.322723, 0.057185, -0.499718, -0.488536, -0.499663] => [0.020161233842372894, -0.01959150843322277, 0.02067912369966507, -0.014798346906900406, 0.02193889580667019]
[-0.322723, 0.057183, -0.499718, -0.48854, -0.499672] => [0.020161069929599762, -0.019591469317674637, 0.020679306238889694, -0.0147981196641922, 0.0219391081482172]
[-0.322723, 0.057183, -0.499718, -0.48854, -0.499619] => [0.02016216143965721, -0.019591618329286575, 0.020678257569670677, -0.014799382537603378, 0.02193789929151535]
[-0.322723, 0.057187, -0.499718, -0.48855, -0.499652] => [0.020161397755146027, -0.019591515883803368, 0.020678970962762833, -0.014798518270254135, 0.02193872258067131]
[-0.322723, 0.057187, -0.499718, -0.488546, -0.499633] => [0.02016180008649826, -0.019591577351093292, 0.020678579807281494, -0.014798995107412338, 0.021938269957900047]
[-0.322723, 0.057186, -0.499718, -0.488542, -0.499674] => [0.0201609767973423, -0.019591467455029488, 0.020679371431469917, -0.01479804515838623, 0.02193918079137802]
[-0.322723, 0.057188, -0.499718, -0.488532, -0.499658] => [0.02016129344701767, -0.01959153637290001, 0.020679030567407608, -0.01479846891015768, 0.021938784047961235]
[-0.322723, 0.057185, -0.499718, -0.488531, -0.499668] => [0.020161136984825134, -0.019591504707932472, 0.020679205656051636, -0.014798254705965519, 0.0219389870762825]
[-0.322723, 0.057184, -0.499718, -0.488542, -0.499645] => [0.020161598920822144, -0.019591543823480606, 0.020678788423538208, -0.014798742718994617, 0.021938510239124298]
[-0.322723, 0.057187, -0.499718, -0.488545, -0.49962] => [0.02016206458210945, -0.019591616466641426, 0.020678319036960602, -0.014799308963119984, 0.02193797007203102]
[-0.322723, 0.057185, -0.499718, -0.488542, -0.49967] => [0.02016107365489006, -0.019591474905610085, 0.020679287612438202, -0.014798142947256565, 0.02193908579647541]
[-0.322723, 0.057187, -0.499718, -0.488539, -0.499683] => [0.020160775631666183, -0.019591450691223145, 0.020679544657468796, -0.014797842130064964, 0.02193937823176384]
[-0.322723, 0.057188, -0.499718, -0.488548, -0.499623] => [0.020161978900432587, -0.01959160342812538, 0.02067839726805687, -0.014799213036894798, 0.021938061341643333]
[-0.322723, 0.057188, -0.499718, -0.488535, -0.499669] => [0.020161058753728867, -0.019591499119997025, 0.020679259672760963, -0.014798191376030445, 0.021939048543572426]
[-0.322723, 0.057188, -0.499718, -0.488541, -0.499678] => [0.020160865038633347, -0.01959146186709404, 0.02067945897579193, -0.014797944575548172, 0.02193927951157093]
[-0.322723, 0.057184, -0.499718, -0.488545, -0.499648] => [0.020161539316177368, -0.019591528922319412, 0.02067885547876358, -0.014798658899962902, 0.021938590332865715]
[-0.322723, 0.057185, -0.499718, -0.488541, -0.499652] => [0.020161446183919907, -0.019591528922319412, 0.02067892625927925, -0.014798580668866634, 0.021938668563961983]
[-0.322723, 0.057186, -0.499718, -0.488544, -0.49962] => [0.020162083208560944, -0.019591616466641426, 0.020678307861089706, -0.014799322001636028, 0.021937957033514977]
[-0.322723, 0.057184, -0.499718, -0.488528, -0.499669] => [0.020161140710115433, -0.019591504707932472, 0.020679209381341934, -0.014798251911997795, 0.0219389908015728]
[-0.322723, 0.057188, -0.499718, -0.488541, -0.499669] => [0.020161043852567673, -0.01959148608148098, 0.020679282024502754, -0.01479815598577261, 0.021939076483249664]
[-0.322723, 0.057184, -0.499718, -0.488548, -0.499636] => [0.020161785185337067, -0.01959155686199665, 0.020678628236055374, -0.01479892898350954, 0.021938329562544823]
[-0.322723, 0.057189, -0.499718, -0.488541, -0.499645] => [0.020161528140306473, -0.0195915587246418, 0.02067881077528, -0.014798725955188274, 0.02193853259086609]
[-0.322723, 0.057188, -0.499718, -0.488546, -0.499623] => [0.020161982625722885, -0.01959160715341568, 0.020678389817476273, -0.014799225144088268, 0.021938052028417587]
[-0.322723, 0.057188, -0.499718, -0.488545, -0.499639] => [0.02016165852546692, -0.0195915624499321, 0.020678704604506493, -0.0147988460958004, 0.021938413381576538]
[-0.322723, 0.057187, -0.499718, -0.488544, -0.499687] => [0.02016068622469902, -0.019591428339481354, 0.020679641515016556, -0.01479772012680769, 0.021939491853117943]
[-0.322723, 0.057186, -0.499718, -0.488533, -0.499628] => [0.020161941647529602, -0.019591614603996277, 0.020678430795669556, -0.014799186959862709, 0.02193809300661087]
[-0.324066, 0.047653, -0.499264, -0.42027, -0.475229] => [0.020453330129384995, -0.019675683230161667, 0.02030385285615921, -0.015267162583768368, 0.021499905735254288]
[-0.321954, 0.054045, -0.499234, -0.380787, -0.16775] => [0.021972011774778366, -0.020309338346123695, 0.018458234146237373, -0.017769785597920418, 0.019268551841378212]
[-0.32219, 0.039139, -0.499263, -0.385672, -0.240686] => [0.022109556943178177, -0.020328959450125694, 0.018383977934718132, -0.017872599884867668, 0.019178276881575584]
[-0.322726, 0.041614, -0.499226, -0.400416, -0.311701] => [0.021942242980003357, -0.02026425674557686, 0.018535342067480087, -0.017652366310358047, 0.01936664618551731]
[-0.32365, 0.049278, -0.499931, -0.474133, -0.177009] => [0.022207777947187424, -0.02034296840429306, 0.018330952152609825, -0.017946019768714905, 0.01911381259560585]
[-0.322148, 0.046719, -0.499924, -0.497909, -0.275254] => [0.02201417088508606, -0.020315352827310562, 0.01843547262251377, -0.017801301553845406, 0.019240880385041237]
[-0.322289, 0.045843, -0.499287, -0.242193, -0.291509] => [0.021848265081644058, -0.020291687920689583, 0.01852503977715969, -0.017677288502454758, 0.01934976875782013]
[-0.323309, 0.056121, -0.499728, -0.412634, -0.319438] => [0.022209182381629944, -0.02024887688457966, 0.01873372308909893, -0.017433952540159225, 0.01959230564534664]
[-0.322114, 0.046549, -0.49995, -0.280718, -0.492612] => [0.02076149359345436, -0.020223116502165794, 0.01923183910548687, -0.01679821126163006, 0.020192880183458328]
[-0.322542, 0.057417, -0.499613, -0.424554, -0.2655] => [0.022093966603279114, -0.020326735451817513, 0.018392395228147507, -0.01786094717681408, 0.01918850839138031]
[-0.323275, 0.032438, -0.499719, -0.466886, -0.285778] => [0.02202054113149643, -0.020316259935498238, 0.01843203790485859, -0.01780605874955654, 0.019236702471971512]
[-0.32187, 0.046153, -0.499446, -0.310204, -0.45986] => [0.02087944746017456, -0.02021154761314392, 0.01920131966471672, -0.01683885045349598, 0.02014848403632641]
[-0.322289, 0.032677, -0.499642, -0.388639, -0.256743] => [0.022075816988945007, -0.02032414637506008, 0.01840219460427761, -0.017847377806901932, 0.01920042373239994]
[-0.32369, 0.051309, -0.49926, -0.3869, -0.361117] => [0.0220516137778759, -0.020062638446688652, 0.019182585179805756, -0.016801543533802032, 0.0201458428055048]
[-0.322652, 0.03927, -0.499778, -0.495235, -0.349922] => [0.02158394455909729, -0.02003791183233261, 0.018990689888596535, -0.01697615720331669, 0.019938906654715538]
[-0.32285, 0.036748, -0.499783, -0.277742, -0.246436] => [0.02196500077843666, -0.02030833810567856, 0.01846202090382576, -0.017764544114470482, 0.01927315443754196]
[-0.322032, 0.049458, -0.499906, -0.28243, -0.437629] => [0.02097855508327484, -0.02018684148788452, 0.01916998252272606, -0.016869327053427696, 0.020105376839637756]
[-0.324193, 0.05448, -0.499723, -0.246161, -0.487329] => [0.02091129496693611, -0.020208392292261124, 0.019193043932318687, -0.016849840059876442, 0.020136456936597824]
[-0.323392, 0.054784, -0.49966, -0.241338, -0.30359] => [0.02184431254863739, -0.02028081752359867, 0.01854257844388485, -0.017650313675403595, 0.019372189417481422]
[-0.323965, 0.044313, -0.499929, -0.390205, -0.406867] => [0.02135360985994339, -0.0198436938226223, 0.019658008590340614, -0.016090771183371544, 0.020743003115057945]
[-0.324231, 0.059245, -0.49971, -0.242446, -0.431129] => [0.021482396870851517, -0.020303400233387947, 0.019027890637516975, -0.017124252393841743, 0.01991317979991436]
[-0.322511, 0.045792, -0.499475, -0.283579, -0.368872] => [0.021484743803739548, -0.02003299444913864, 0.01903044618666172, -0.01692352071404457, 0.01998625509440899]
[-0.322265, 0.040924, -0.499406, -0.239671, -0.37205] => [0.021330036222934723, -0.020133284851908684, 0.018931085243821144, -0.017093030735850334, 0.01985241286456585]
[-0.323878, 0.059876, -0.49937, -0.433827, -0.366007] => [0.02266470342874527, -0.02021731622517109, 0.019363725557923317, -0.01673208922147751, 0.02030939981341362]
[-0.32328, 0.033347, -0.499747, -0.338275, -0.483788] => [0.020475350320339203, -0.020038016140460968, 0.019735168665647507, -0.01612783595919609, 0.020788295194506645]
[-0.323435, 0.041585, -0.499987, -0.34352, -0.417402] => [0.019568096846342087, -0.01977701485157013, 0.019618485122919083, -0.01611495576798916, 0.02068209834396839]
[-0.322125, 0.049038, -0.499408, -0.469354, -0.3743] => [0.021618060767650604, -0.019955836236476898, 0.01946658082306385, -0.016391977667808533, 0.020497288554906845]
[-0.32358, 0.055597, -0.499781, -0.414481, -0.239532] => [0.022176258265972137, -0.020338471978902817, 0.01834797114133835, -0.017922457307577133, 0.01913450099527836]
[-0.323904, 0.062693, -0.499439, -0.437744, -0.334389] => [0.02290528267621994, -0.020354479551315308, 0.018963845446705818, -0.017281509935855865, 0.019821684807538986]
[-0.32268, 0.041592, -0.499541, -0.280231, -0.327724] => [0.021857235580682755, -0.020196663215756416, 0.01866413839161396, -0.017459558323025703, 0.01952914148569107]
[-0.322408, 0.036968, -0.499941, -0.430081, -0.481632] => [0.020252980291843414, -0.019583992660045624, 0.020555390045046806, -0.014922114089131355, 0.021805502474308014]
[-0.322237, 0.043974, -0.499547, -0.357995, -0.437747] => [0.020625464618206024, -0.01983793079853058, 0.01985122077167034, -0.015867993235588074, 0.020956696942448616]
[-0.323222, 0.052866, -0.499742, -0.370604, -0.254336] => [0.0221569761633873, -0.020335722714662552, 0.01835837960243225, -0.017908044159412384, 0.019147155806422234]
[-0.324183, 0.040551, -0.499669, -0.294475, -0.322316] => [0.021975688636302948, -0.020219527184963226, 0.018591269850730896, -0.017562009394168854, 0.01943991705775261]
[-0.322065, 0.046754, -0.499602, -0.331706, -0.412344] => [0.021104950457811356, -0.019896263256669044, 0.01948353834450245, -0.01630796119570732, 0.020535817369818687]
[-0.322243, 0.059423, -0.499741, -0.31586, -0.202235] => [0.021980270743370056, -0.02031051740050316, 0.018453776836395264, -0.01777595840394497, 0.0192631334066391]
[-0.322833, 0.0456, -0.499597, -0.321564, -0.288522] => [0.022123612463474274, -0.020330963656306267, 0.018376391381025314, -0.01788310520350933, 0.019169053062796593]
[-0.323361, 0.048213, -0.499338, -0.416996, -0.378238] => [0.021738283336162567, -0.019917143508791924, 0.019542425870895386, -0.016287704929709435, 0.020590821281075478]
[-0.32402, 0.044897, -0.499413, -0.304942, -0.209944] => [0.02200591191649437, -0.0203141737729311, 0.01843993365764618, -0.017795125022530556, 0.019246302545070648]
[-0.323694, 0.043365, -0.499636, -0.479099, -0.353739] => [0.02151888608932495, -0.019966714084148407, 0.019117111340165138, -0.016785476356744766, 0.020098915323615074]
[-0.322131, 0.05092, -0.499244, -0.269602, -0.183896] => [0.021779511123895645, -0.020281879231333733, 0.018562162294983864, -0.01762588880956173, 0.019394898787140846]
[-0.322865, 0.063101, -0.49951, -0.372548, -0.414286] => [0.02227403223514557, -0.020338622853159904, 0.01928718574345112, -0.01688714139163494, 0.02019527181982994]
[-0.323933, 0.032717, -0.499236, -0.409381, -0.384854] => [0.018687933683395386, -0.019708964973688126, 0.01960565894842148, -0.016141662374138832, 0.020647142082452774]
[-0.32346, 0.062202, -0.499589, -0.265475, -0.26253] => [0.021885037422180176, -0.020296931266784668, 0.018505191430449486, -0.01770477183163166, 0.019325638189911842]
[-0.322381, 0.048028, -0.499535, -0.462726, -0.345109] => [0.021690648049116135, -0.02001766487956047, 0.01908128708600998, -0.016866911202669144, 0.020045138895511627]
[-0.323309, 0.05061, -0.499348, -0.44193, -0.42278] => [0.0213603712618351, -0.019928650930523872, 0.019811417907476425, -0.015990320593118668, 0.02089119702577591]
[-0.322019, 0.047524, -0.499292, -0.491696, -0.443504] => [0.021077938377857208, -0.01977602206170559, 0.020050333812832832, -0.01561800204217434, 0.021195892244577408]
[-0.322827, 0.045592, -0.499953, -0.465145, -0.16709] => [0.022170960903167725, -0.020337717607617378, 0.01835082843899727, -0.017918501049280167, 0.019137974828481674]
[-0.322124, 0.053671, -0.499415, -0.499701, -0.365567] => [0.021975770592689514, -0.020108869299292564, 0.019273072481155396, -0.01672719419002533, 0.02023887448012829]
[-0.322834, 0.055468, -0.499694, -0.285248, -0.373428] => [0.02190251648426056, -0.02017255686223507, 0.019042307510972023, -0.01702341064810753, 0.019963311031460762]
[-0.322375, 0.044537, -0.499749, -0.251352, -0.408508] => [0.021037627011537552, -0.020046262070536613, 0.019156673923134804, -0.016768857836723328, 0.020131496712565422]
[-0.323306, 0.048688, -0.499862, -0.313136, -0.327146] => [0.021950148046016693, -0.020179174840450287, 0.01865992322564125, -0.017457369714975357, 0.019527295604348183]
[-0.323185, 0.038798, -0.499652, -0.368846, -0.340776] => [0.021795544773340225, -0.020147215574979782, 0.018758200109004974, -0.017318712547421455, 0.019647827371954918]
[-0.323333, 0.033454, -0.499714, -0.375467, -0.307658] => [0.022041499614715576, -0.020302530378103256, 0.018445711582899094, -0.01778276078402996, 0.019255109131336212]
[-0.322443, 0.049729, -0.499641, -0.324948, -0.331478] => [0.02188856527209282, -0.020173609256744385, 0.01868836209177971, -0.017418835312128067, 0.01956152357161045]
[-0.322834, 0.032075, -0.49957, -0.32147, -0.485892] => [0.02053142711520195, -0.02018863707780838, 0.019396230578422546, -0.016576126217842102, 0.02039879932999611]
[-0.323001, 0.056097, -0.499729, -0.345968, -0.281656] => [0.02213120460510254, -0.02033204585313797, 0.018372291699051857, -0.017888780683279037, 0.0191640704870224]
[-0.323219, 0.063284, -0.499854, -0.433334, -0.356779] => [0.0228884257376194, -0.02030806429684162, 0.01922769658267498, -0.01695522479712963, 0.020131880417466164]
[-0.324006, 0.042737, -0.499817, -0.230006, -0.223805] => [0.021849535405635834, -0.020291868597269058, 0.018524356186389923, -0.017678234726190567, 0.019348936155438423]
[-0.324236, 0.057016, -0.499403, -0.423659, -0.288997] => [0.02231472358107567, -0.020347973331809044, 0.018454790115356445, -0.01781633496284485, 0.019252024590969086]
[-0.323362, 0.048092, -0.499424, -0.340991, -0.323018] => [0.02197251468896866, -0.02022089995443821, 0.018590256571769714, -0.017563888803124428, 0.0194384902715683]
[-0.323133, 0.053702, -0.49994, -0.253418, -0.392314] => [0.02153068780899048, -0.020148081704974174, 0.019053364172577858, -0.0169762521982193, 0.019985582679510117]
[-0.321832, 0.035105, -0.499749, -0.365339, -0.216648] => [0.022064272314310074, -0.02032249979674816, 0.01840842515230179, -0.017838751897215843, 0.019207997247576714]
[-0.322948, 0.046805, -0.499544, -0.228471, -0.387981] => [0.021163810044527054, -0.020066669210791588, 0.019084952771663666, -0.01686878874897957, 0.020044047385454178]
[-0.322581, 0.046732, -0.499774, -0.276924, -0.448264] => [0.020864080637693405, -0.020200198516249657, 0.019189659506082535, -0.016841351985931396, 0.020137276500463486]
[-0.32238, 0.049544, -0.499516, -0.355768, -0.333775] => [0.021816391497850418, -0.02015083096921444, 0.018745984882116318, -0.017335793003439903, 0.019632907584309578]
[-0.323754, 0.055773, -0.499954, -0.440622, -0.363768] => [0.02238154038786888, -0.020126979798078537, 0.019360365346074104, -0.01666196808218956, 0.020329292863607407]
[-0.323786, 0.040337, -0.499706, -0.439339, -0.476572] => [0.020346052944660187, -0.01959117129445076, 0.020481105893850327, -0.015010060742497444, 0.021720528602600098]
[-0.323337, 0.051866, -0.499757, -0.426829, -0.33717] => [0.021931033581495285, -0.020106762647628784, 0.018951479345560074, -0.01708284579217434, 0.01987486705183983]
[-0.323994, 0.033594, -0.499294, -0.434978, -0.172605] => [0.022183097898960114, -0.020339448004961014, 0.018344275653362274, -0.01792757213115692, 0.019130010157823563]
[-0.321946, 0.057898, -0.499636, -0.275264, -0.416666] => [0.021767325699329376, -0.02031012251973152, 0.01902695558965206, -0.017133967950940132, 0.019911931827664375]
[-0.322654, 0.041058, -0.499502, -0.491556, -0.268734] => [0.02200128510594368, -0.02031351439654827, 0.018442431464791298, -0.017791667953133583, 0.019249338656663895]
[-0.322195, 0.05198, -0.499903, -0.389856, -0.481906] => [0.020598195493221283, -0.019822508096694946, 0.020058078691363335, -0.015648823231458664, 0.02118469402194023]
[-0.324202, 0.041584, -0.49962, -0.362731, -0.447632] => [0.02055458351969719, -0.019836340099573135, 0.01993553340435028, -0.015777090564370155, 0.02104998379945755]
[-0.322072, 0.037995, -0.499557, -0.272668, -0.281562] => [0.021928761154413223, -0.020303169265389442, 0.018481584265828133, -0.017737457528710365, 0.019296936690807343]
[-0.322857, 0.060231, -0.499326, -0.367136, -0.190038] => [0.022069338709115982, -0.020323220640420914, 0.018405694514513016, -0.017842533066868782, 0.019204676151275635]
[-0.322872, 0.057098, -0.499802, -0.481757, -0.327198] => [0.02235797420144081, -0.020226992666721344, 0.018956657499074936, -0.01717788726091385, 0.01984863542020321]
[-0.323842, 0.040237, -0.499707, -0.271317, -0.284234] => [0.02199460193514824, -0.020312560722231865, 0.018446041271090508, -0.017786668613553047, 0.019253727048635483]
[-0.323613, 0.037867, -0.499466, -0.485218, -0.476702] => [0.0202828086912632, -0.01948867179453373, 0.020644033327698708, -0.01475568301975727, 0.021930113434791565]
[-0.322044, 0.038128, -0.499788, -0.471253, -0.242275] => [0.022014062851667404, -0.02031533606350422, 0.018435534089803696, -0.01780121773481369, 0.019240954890847206]
[-0.322711, 0.051077, -0.499379, -0.341494, -0.3789] => [0.021921999752521515, -0.020036615431308746, 0.019312065094709396, -0.016633201390504837, 0.020300159230828285]
[-0.323111, 0.055494, -0.499809, -0.385321, -0.266624] => [0.022176384925842285, -0.02033849060535431, 0.018347900360822678, -0.017922554165124893, 0.019134415313601494]
[-0.322538, 0.036607, -0.499828, -0.281335, -0.479271] => [0.02060915157198906, -0.020225387066602707, 0.01925583928823471, -0.016753412783145905, 0.02023346908390522]
[-0.322044, 0.058731, -0.499249, -0.292232, -0.369273] => [0.022090699523687363, -0.02022811584174633, 0.019014930352568626, -0.017100133001804352, 0.019917502999305725]
[-0.323935, 0.062842, -0.499238, -0.371685, -0.244822] => [0.022185582667589188, -0.020342037081718445, 0.018350448459386826, -0.01792251318693161, 0.019136397168040276]
[-0.323861, 0.056424, -0.499576, -0.407442, -0.422333] => [0.02178870514035225, -0.020137770101428032, 0.01960684545338154, -0.016381781548261642, 0.02060520276427269]
[-0.323134, 0.032748, -0.499628, -0.378593, -0.429785] => [0.02033248543739319, -0.01966601237654686, 0.020006611943244934, -0.015564771369099617, 0.021176032721996307]
[-0.324082, 0.063181, -0.499254, -0.45825, -0.358812] => [0.022899679839611053, -0.02031012624502182, 0.019251516088843346, -0.016930541023612022, 0.020158318802714348]
[-0.324241, 0.049559, -0.499295, -0.465811, -0.479859] => [0.020424049347639084, -0.019601309671998024, 0.02042028121650219, -0.015085909515619278, 0.021649541333317757]
[-0.322424, 0.037821, -0.499747, -0.483033, -0.446034] => [0.020566333085298538, -0.019604230299592018, 0.02016787976026535, -0.01534988358616829, 0.021373024210333824]
[-0.32193, 0.057185, -0.499208, -0.334263, -0.378372] => [0.02214142680168152, -0.020177604630589485, 0.019189460203051567, -0.016874318942427635, 0.020126499235630035]
[-0.323527, 0.044808, -0.499732, -0.341895, -0.228455] => [0.02211475744843483, -0.020329700782895088, 0.01838117279112339, -0.017876487225294113, 0.019174864515662193]
[-0.322218, 0.055195, -0.499839, -0.410108, -0.331722] => [0.02207685261964798, -0.020195739343762398, 0.018850665539503098, -0.01726156286895275, 0.019738592207431793]
[-0.324137, 0.040774, -0.499483, -0.236168, -0.217084] => [0.02185116708278656, -0.020292101427912712, 0.018523475155234337, -0.017679454758763313, 0.019347866997122765]
[-0.323698, 0.063543, -0.49927, -0.416089, -0.23957] => [0.02241312339901924, -0.020404651761054993, 0.018329070881009102, -0.017999164760112762, 0.01909535564482212]
[-0.323774, 0.052398, -0.499953, -0.247694, -0.408948] => [0.021295439451932907, -0.020138876512646675, 0.019057592377066612, -0.016957208514213562, 0.019993506371974945]
[-0.322367, 0.052807, -0.499657, -0.429553, -0.220357] => [0.02211795747280121, -0.02033015713095665, 0.018379444256424904, -0.017878876999020576, 0.01917276531457901]
[-0.323603, 0.034465, -0.499861, -0.465494, -0.44263] => [0.020578771829605103, -0.019617505371570587, 0.02013808861374855, -0.015391768887639046, 0.02133641391992569]
[-0.323439, 0.045686, -0.499569, -0.277633, -0.463675] => [0.020826183259487152, -0.020208733156323433, 0.019205324351787567, -0.016825374215841293, 0.020157907158136368]
[-0.323019, 0.039398, -0.499715, -0.414066, -0.465736] => [0.02035282924771309, -0.01964476704597473, 0.020369572564959526, -0.015166489407420158, 0.021583452820777893]
[-0.323373, 0.036187, -0.499489, -0.439512, -0.37636] => [0.01915004849433899, -0.019751660525798798, 0.019535064697265625, -0.01623421721160412, 0.020569127053022385]
[-0.323204, 0.056395, -0.499384, -0.38157, -0.318062] => [0.022251751273870468, -0.02028902992606163, 0.01863723061978817, -0.017570413649082184, 0.019473187625408173]
[-0.322311, 0.057945, -0.499952, -0.478439, -0.494425] => [0.020268242806196213, -0.019628576934337616, 0.020546695217490196, -0.014970500022172928, 0.021781519055366516]
[-0.323062, 0.037073, -0.499681, -0.489334, -0.425546] => [0.018244124948978424, -0.019596492871642113, 0.019963186234235764, -0.01565098576247692, 0.02108105830848217]
[-0.323476, 0.055775, -0.499738, -0.412372, -0.36215] => [0.0224493108689785, -0.020150505006313324, 0.019275391474366188, -0.016775842756032944, 0.020226744934916496]
[-0.322381, 0.050819, -0.49968, -0.432949, -0.332959] => [0.021789465099573135, -0.020088884979486465, 0.018925832584500313, -0.017092593014240265, 0.019851408898830414]
[-0.322957, 0.032157, -0.499528, -0.461659, -0.483408] => [0.020165596157312393, -0.019487570971250534, 0.020736517384648323, -0.014652814716100693, 0.022033458575606346]
[-0.323124, 0.034191, -0.499418, -0.29169, -0.268378] => [0.022020835429430008, -0.02031630277633667, 0.018431875854730606, -0.01780628226697445, 0.019236506894230843]
[-0.322889, 0.053674, -0.499244, -0.290188, -0.438902] => [0.02129248157143593, -0.02026195637881756, 0.019123900681734085, -0.01698903925716877, 0.02002965845167637]
[-0.32346, 0.062461, -0.49994, -0.323066, -0.480935] => [0.021842435002326965, -0.020414061844348907, 0.01911793276667595, -0.017132997512817383, 0.019977986812591553]
[-0.323925, 0.050046, -0.499413, -0.420069, -0.329821] => [0.021833188831806183, -0.02010689303278923, 0.018845034763216972, -0.01719694957137108, 0.019755125045776367]
[-0.322594, 0.05746, -0.499218, -0.287914, -0.34593] => [0.022246502339839935, -0.02026250958442688, 0.018828678876161575, -0.017338743433356285, 0.019696557894349098]
[-0.322245, 0.059554, -0.499735, -0.378273, -0.296951] => [0.022454112768173218, -0.020413605496287346, 0.018434304744005203, -0.017889566719532013, 0.01921229436993599]
[-0.322195, 0.046422, -0.499405, -0.235923, -0.492766] => [0.020717225968837738, -0.02022111415863037, 0.019235575571656227, -0.016786806285381317, 0.02020115591585636]
[-0.323215, 0.06334, -0.499806, -0.292058, -0.226271] => [0.02198469266295433, -0.0203111469745636, 0.0184513907879591, -0.017779262736439705, 0.019260231405496597]
[-0.323245, 0.037878, -0.499598, -0.429619, -0.348689] => [0.021662376821041107, -0.02001670002937317, 0.018996775150299072, -0.01695927605032921, 0.019949758425354958]
[-0.322644, 0.043017, -0.49957, -0.352727, -0.278123] => [0.02218281850218773, -0.02033940888941288, 0.018344426527619362, -0.017927365377545357, 0.019130192697048187]
[-0.323486, 0.037103, -0.499991, -0.278759, -0.379209] => [0.021335896104574203, -0.020052924752235413, 0.019049281254410744, -0.016908185556530952, 0.020004764199256897]
[-0.322799, 0.057401, -0.499685, -0.465268, -0.222399] => [0.022128526121377945, -0.020331664010882378, 0.01837373897433281, -0.017886778339743614, 0.019165826961398125]
[-0.323693, 0.046905, -0.5, -0.229687, -0.272628] => [0.021841883659362793, -0.02029077708721161, 0.018528489395976067, -0.01767251268029213, 0.01935396157205105]
[-0.323072, 0.044878, -0.499908, -0.247834, -0.420921] => [0.02098388597369194, -0.0201104748994112, 0.01919844001531601, -0.016778066754341125, 0.020157625898718834]
[-0.323973, 0.055765, -0.499535, -0.405364, -0.300705] => [0.0221705324947834, -0.020294545218348503, 0.018519211560487747, -0.01770183816552162, 0.019338900223374367]
[-0.323756, 0.036252, -0.499663, -0.389863, -0.309357] => [0.02202584221959114, -0.020296961069107056, 0.018459150567650795, -0.017763283103704453, 0.01927180401980877]
[-0.322161, 0.061605, -0.499837, -0.326962, -0.320991] => [0.022518441081047058, -0.02041567489504814, 0.01858358643949032, -0.017727378755807877, 0.01938052847981453]
[-0.322447, 0.03768, -0.499227, -0.241874, -0.397375] => [0.021016404032707214, -0.02005036361515522, 0.019157474860548973, -0.016769608482718468, 0.020131710916757584]
[-0.322522, 0.058304, -0.499807, -0.451587, -0.352339] => [0.022456876933574677, -0.0201888270676136, 0.019195588305592537, -0.016890695318579674, 0.020127376541495323]
[-0.324188, 0.04065, -0.499743, -0.31213, -0.323447] => [0.02202768623828888, -0.020226435735821724, 0.018563957884907722, -0.017599692568182945, 0.019406767562031746]
[-0.323825, 0.056456, -0.499651, -0.319991, -0.212581] => [0.02206118404865265, -0.020322058349847794, 0.0184100940823555, -0.017836442217230797, 0.019210025668144226]
[-0.323025, 0.051477, -0.499917, -0.382417, -0.411585] => [0.021625958383083344, -0.020031273365020752, 0.019509056583046913, -0.016396746039390564, 0.02052735909819603]
[-0.322288, 0.052613, -0.499878, -0.335394, -0.401168] => [0.021667342633008957, -0.020025664940476418, 0.019420897588133812, -0.016491616144776344, 0.020429015159606934]
[-0.321894, 0.048552, -0.499739, -0.388193, -0.382722] => [0.02174413949251175, -0.01992841251194477, 0.01954575628042221, -0.016291720792651176, 0.02059197425842285]
[-0.324272, 0.061449, -0.499967, -0.429049, -0.267493] => [0.022524721920490265, -0.020441565662622452, 0.018339460715651512, -0.018017536029219627, 0.019097506999969482]
[-0.322723, 0.044991, -0.499346, -0.281141, -0.294589] => [0.02201952040195465, -0.020316114649176598, 0.018432587385177612, -0.017805296927690506, 0.019237371161580086]
[-0.322578, 0.054284, -0.499214, -0.312287, -0.445049] => [0.021359272301197052, -0.020273152738809586, 0.019196856766939163, -0.016922039911150932, 0.020107470452785492]
[-0.322152, 0.056642, -0.499826, -0.483561, -0.308444] => [0.022302694618701935, -0.02026505395770073, 0.018773671239614487, -0.017404695972800255, 0.019632920622825623]
[-0.323229, 0.053767, -0.499891, -0.427102, -0.225242] => [0.022146165370941162, -0.02033418044447899, 0.01836421526968479, -0.01789996586740017, 0.019154248759150505]
[-0.324098, 0.053904, -0.499418, -0.333286, -0.426288] => [0.02159769833087921, -0.020163340494036674, 0.01939956098794937, -0.016623958945274353, 0.0203647930175066]
[-0.322029, 0.058214, -0.499691, -0.315602, -0.243128] => [0.022028226405382156, -0.020317357033491135, 0.018427886068820953, -0.017811806872487068, 0.019231654703617096]
[-0.323202, 0.046722, -0.499284, -0.271667, -0.218461] => [0.021948516368865967, -0.02030598744750023, 0.018470922484993935, -0.01775221899151802, 0.019283976405858994]
[-0.324064, 0.059016, -0.499908, -0.284396, -0.216116] => [0.022015880793333054, -0.02031559683382511, 0.0184345506131649, -0.01780257746577263, 0.0192397590726614]
[-0.321878, 0.048673, -0.499794, -0.341049, -0.406072] => [0.021318946033716202, -0.01991374045610428, 0.019521888345479965, -0.016287384554743767, 0.020572975277900696]
[-0.322816, 0.062218, -0.499401, -0.49757, -0.294247] => [0.022662732750177383, -0.02038067765533924, 0.018688475713133812, -0.01759430766105652, 0.01950591430068016]
[-0.323817, 0.036657, -0.499436, -0.427132, -0.367192] => [0.02000552788376808, -0.01982961781322956, 0.01935945823788643, -0.01646719127893448, 0.020368486642837524]
[-0.321932, 0.044302, -0.499462, -0.362215, -0.256543] => [0.022139713168144226, -0.02033326029777527, 0.018367698416113853, -0.01789514161646366, 0.019158484414219856]
[-0.322355, 0.03628, -0.499314, -0.262722, -0.428929] => [0.02079591527581215, -0.020094672217965126, 0.019269609823822975, -0.016676831990480423, 0.020244933664798737]
[-0.32358, 0.0411, -0.499224, -0.348676, -0.477555] => [0.02059081196784973, -0.01997329853475094, 0.019823623821139336, -0.016008464619517326, 0.020885096862912178]
[-0.324233, 0.0464, -0.499854, -0.397691, -0.256913] => [0.02219095453619957, -0.02034056931734085, 0.018340036273002625, -0.017933443188667297, 0.01912485435605049]
[-0.323654, 0.055813, -0.499278, -0.309456, -0.422875] => [0.021783314645290375, -0.020261339843273163, 0.019175365567207336, -0.01694108359515667, 0.020089320838451385]
[-0.322594, 0.037918, -0.499448, -0.407825, -0.217318] => [0.022117875516414642, -0.020330144092440605, 0.018379488959908485, -0.017878815531730652, 0.019172819331288338]
[-0.32317, 0.032061, -0.499427, -0.258207, -0.375139] => [0.021367181092500687, -0.02015550620853901, 0.018885739147663116, -0.017160234972834587, 0.019795481115579605]
[-0.322958, 0.032006, -0.499536, -0.461787, -0.483249] => [0.020163804292678833, -0.019486738368868828, 0.020738041028380394, -0.014650432392954826, 0.02203541435301304]
[-0.322987, 0.031948, -0.499535, -0.461819, -0.484332] => [0.020156390964984894, -0.019485127180814743, 0.020747527480125427, -0.014639021828770638, 0.022046349942684174]
[-0.322951, 0.031927, -0.499525, -0.461632, -0.483767] => [0.020159028470516205, -0.01948593184351921, 0.020743275061249733, -0.014644144102931023, 0.02204144187271595]
[-0.322969, 0.031886, -0.49953, -0.46171, -0.483344] => [0.02016095444560051, -0.019486093893647194, 0.020740721374750137, -0.014646974392235279, 0.022038588300347328]
[-0.322971, 0.032233, -0.499529, -0.461618, -0.483771] => [0.02016492560505867, -0.019487673416733742, 0.020737893879413605, -0.01465148851275444, 0.02203492447733879]
[-0.322951, 0.032019, -0.499532, -0.461644, -0.483576] => [0.020161960273981094, -0.01948668621480465, 0.02074011042714119, -0.014648182317614555, 0.02203771099448204]
[-0.322986, 0.03184, -0.499536, -0.461565, -0.483839] => [0.02015719562768936, -0.01948563940823078, 0.020744871348142624, -0.01464215200394392, 0.02204330638051033]
[-0.32297, 0.032193, -0.499526, -0.461646, -0.484355] => [0.020160656422376633, -0.019486697390675545, 0.02074327878654003, -0.014644952490925789, 0.02204115316271782]
[-0.322987, 0.032138, -0.499527, -0.461849, -0.483508] => [0.020164884626865387, -0.019486980512738228, 0.020738031715154648, -0.014650752767920494, 0.02203529328107834]
[-0.322967, 0.032242, -0.499527, -0.461768, -0.48375] => [0.020165249705314636, -0.019487414509058, 0.02073800005018711, -0.014651192352175713, 0.022035110741853714]
[-0.322954, 0.031955, -0.499529, -0.461781, -0.48337] => [0.02016204223036766, -0.01948627084493637, 0.020739981904625893, -0.014647956006228924, 0.022037703543901443]
[-0.322958, 0.032222, -0.499534, -0.461628, -0.484337] => [0.020161285996437073, -0.019486969336867332, 0.020742490887641907, -0.014646019786596298, 0.022040201351046562]
[-0.322964, 0.031976, -0.499536, -0.461852, -0.484363] => [0.0201566219329834, -0.01948516070842743, 0.02074742689728737, -0.0146391736343503, 0.022046221420168877]
[-0.32298, 0.031952, -0.499528, -0.461632, -0.483156] => [0.02016335353255272, -0.019486824050545692, 0.02073792554438114, -0.014650577679276466, 0.022035276517271996]
[-0.322976, 0.031863, -0.499527, -0.461831, -0.484336] => [0.020154647529125214, -0.01948455721139908, 0.02074921876192093, -0.014636706560850143, 0.022048400714993477]
[-0.32298, 0.031911, -0.499527, -0.461676, -0.483559] => [0.020160172134637833, -0.019486038014292717, 0.020741911605000496, -0.014645682647824287, 0.022039908915758133]
[-0.322964, 0.032238, -0.499523, -0.46184, -0.483705] => [0.02016543596982956, -0.019487259909510612, 0.020737972110509872, -0.01465110294520855, 0.02203512378036976]
[-0.322966, 0.032141, -0.499525, -0.461705, -0.483598] => [0.020164206624031067, -0.019487153738737106, 0.020738419145345688, -0.014650455676019192, 0.02203567698597908]
[-0.322988, 0.032008, -0.499524, -0.46163, -0.483615] => [0.02016167715191841, -0.019486578181385994, 0.02074059657752514, -0.014647582545876503, 0.022038277238607407]
[-0.322974, 0.032165, -0.499534, -0.461778, -0.483488] => [0.02016545459628105, -0.019487343728542328, 0.02073715254664421, -0.014651983045041561, 0.022034214809536934]
[-0.322986, 0.032094, -0.499534, -0.46165, -0.482992] => [0.020167101174592972, -0.019487805664539337, 0.02073412947356701, -0.014655506238341331, 0.022030770778656006]
[-0.322968, 0.032033, -0.499524, -0.46159, -0.483505] => [0.0201626755297184, -0.01948690414428711, 0.020739266648888588, -0.014649264514446259, 0.022036712616682053]
[-0.322982, 0.031855, -0.499531, -0.461674, -0.484015] => [0.020156413316726685, -0.019485248252749443, 0.02074636146426201, -0.014640274457633495, 0.022045057266950607]
[-0.322956, 0.032188, -0.499533, -0.4617, -0.483795] => [0.02016390860080719, -0.019487250596284866, 0.020739033818244934, -0.014649907127022743, 0.022036315873265266]
[-0.322974, 0.031965, -0.499522, -0.461597, -0.483291] => [0.02016269788146019, -0.01948675699532032, 0.020738789811730385, -0.014649607241153717, 0.022036248818039894]
[-0.322963, 0.032001, -0.49953, -0.461728, -0.483895] => [0.020159799605607986, -0.019486041739583015, 0.020743127912282944, -0.014644457027316093, 0.02204122394323349]
[-0.322959, 0.032145, -0.499533, -0.461608, -0.483503] => [0.020164821296930313, -0.019487546756863594, 0.020737245678901672, -0.014652005396783352, 0.02203427255153656]
[-0.322975, 0.031971, -0.499535, -0.461749, -0.483392] => [0.020162366330623627, -0.01948646828532219, 0.020739633589982986, -0.014648498967289925, 0.022037256509065628]
[-0.322986, 0.031866, -0.499531, -0.461711, -0.483554] => [0.020159423351287842, -0.01948576606810093, 0.020742643624544144, -0.01464466005563736, 0.022040802985429764]
[-0.32299, 0.032011, -0.499531, -0.461753, -0.483722] => [0.020161200314760208, -0.019486278295516968, 0.020741567015647888, -0.014646325260400772, 0.02203943021595478]
[-0.322966, 0.032114, -0.499529, -0.461637, -0.483104] => [0.020166657865047455, -0.01948775164783001, 0.020734773948788643, -0.01465478353202343, 0.022031493484973907]
[-0.322984, 0.031903, -0.499527, -0.461608, -0.483719] => [0.020159054547548294, -0.019485954195261, 0.02074311673641205, -0.014644321985542774, 0.022041264921426773]
[-0.322977, 0.032193, -0.499535, -0.461634, -0.48369] => [0.02016473188996315, -0.019487570971250534, 0.020737865939736366, -0.014651409350335598, 0.022034933790564537]
[-0.322965, 0.031908, -0.499526, -0.461806, -0.483472] => [0.020160600543022156, -0.019485831260681152, 0.020741667598485947, -0.01464578416198492, 0.02203970029950142]
[-0.322978, 0.032082, -0.49953, -0.461827, -0.48408] => [0.020160358399152756, -0.019486078992486, 0.020743390545248985, -0.01464428286999464, 0.022041477262973785]
[-0.32298, 0.031913, -0.499528, -0.461744, -0.483495] => [0.020160634070634842, -0.019485991448163986, 0.020741527900099754, -0.01464606449007988, 0.022039495408535004]
[-0.322974, 0.031948, -0.499531, -0.46182, -0.484182] => [0.020157184451818466, -0.019485250115394592, 0.020746465772390366, -0.01464024931192398, 0.022045142948627472]
[-0.322972, 0.032111, -0.499527, -0.461807, -0.484137] => [0.0201604962348938, -0.01948617957532406, 0.02074335888028145, -0.014644412323832512, 0.022041408345103264]
[-0.322981, 0.032243, -0.499536, -0.461659, -0.483044] => [0.02016959711909294, -0.01948854885995388, 0.020731983706355095, -0.0146584901958704, 0.022028151899576187]
[-0.322973, 0.031925, -0.499532, -0.46158, -0.484063] => [0.020157363265752792, -0.01948576606810093, 0.020745310932397842, -0.014641843736171722, 0.022043732926249504]
[-0.322984, 0.032149, -0.499533, -0.461579, -0.483366] => [0.020165853202342987, -0.019487809389829636, 0.020735958591103554, -0.014653593301773071, 0.02203277498483658]
[-0.322956, 0.031847, -0.499531, -0.461586, -0.48307] => [0.020161740481853485, -0.019486451521515846, 0.020738955587148666, -0.01464909315109253, 0.02203655242919922]
[-0.322981, 0.031956, -0.499529, -0.461691, -0.483379] => [0.020162131637334824, -0.019486477598547935, 0.020739730447530746, -0.014648390002548695, 0.022037364542484283]
[-0.322984, 0.032105, -0.499524, -0.461744, -0.483503] => [0.020164210349321365, -0.01948699541389942, 0.020738355815410614, -0.014650383964180946, 0.022035658359527588]
[-0.322965, 0.032069, -0.499527, -0.461576, -0.483376] => [0.0201641283929348, -0.019487300887703896, 0.02073756232857704, -0.01465141773223877, 0.02203471213579178]
[-0.322973, 0.032228, -0.499533, -0.461627, -0.483202] => [0.02016828954219818, -0.019488317891955376, 0.02073347382247448, -0.014656703919172287, 0.02202986553311348]
[-0.32297, 0.032043, -0.499532, -0.461704, -0.483109] => [0.020165354013442993, -0.019487248733639717, 0.02073613740503788, -0.014652889221906662, 0.02203315868973732]
[-0.322984, 0.03194, -0.499534, -0.461617, -0.483053] => [0.020163796842098236, -0.019486963748931885, 0.020737171173095703, -0.014651481993496418, 0.022034406661987305]
[-0.322982, 0.032118, -0.499535, -0.461647, -0.483004] => [0.02016746997833252, -0.019487934187054634, 0.020733796060085297, -0.014655977487564087, 0.022030360996723175]
[-0.322963, 0.031847, -0.499528, -0.461603, -0.483374] => [0.020159944891929626, -0.019486047327518463, 0.020741410553455353, -0.014646162278950214, 0.022039372473955154]
[-0.322956, 0.031901, -0.499525, -0.461626, -0.483803] => [0.020158346742391586, -0.01948576606810093, 0.020743973553180695, -0.014643250033259392, 0.02204226702451706]
[-0.32296, 0.032161, -0.49953, -0.461652, -0.483932] => [0.020162560045719147, -0.01948702149093151, 0.020740492269396782, -0.014648150652647018, 0.022037995979189873]
[-0.322976, 0.03217, -0.499526, -0.461844, -0.483539] => [0.020165234804153442, -0.019487109035253525, 0.02073776349425316, -0.014651159755885601, 0.02203495241701603]
[-0.322969, 0.031934, -0.499533, -0.461569, -0.484198] => [0.020156703889369965, -0.019485685974359512, 0.020746182650327682, -0.014640855602920055, 0.022044716402888298]
[-0.32298, 0.031912, -0.499532, -0.461586, -0.483011] => [0.02016346901655197, -0.01948690414428711, 0.020737290382385254, -0.014651281759142876, 0.02203456498682499]
[-0.322961, 0.032016, -0.49953, -0.46172, -0.484089] => [0.020158905535936356, -0.01948591321706772, 0.02074437402188778, -0.01464303582906723, 0.02204263210296631]
[-0.322966, 0.032126, -0.49953, -0.461571, -0.483375] => [0.020165234804153442, -0.019487647339701653, 0.020736508071422577, -0.014652857556939125, 0.022033434361219406]
[-0.322968, 0.03184, -0.499527, -0.461632, -0.483574] => [0.02015864849090576, -0.01948571391403675, 0.020743172615766525, -0.014644021168351173, 0.022041412070393562]
[-0.322971, 0.032039, -0.499523, -0.461546, -0.483453] => [0.020163096487522125, -0.019487082958221436, 0.020738651975989342, -0.01465006172657013, 0.022035982459783554]
[-0.322955, 0.032076, -0.499525, -0.461733, -0.483046] => [0.02016623690724373, -0.019487367942929268, 0.02073531411588192, -0.014653884805738926, 0.022032208740711212]
[-0.322956, 0.032218, -0.499528, -0.461554, -0.484125] => [0.020162396132946014, -0.01948729157447815, 0.020740825682878494, -0.014648040756583214, 0.022038273513317108]
[-0.322952, 0.03216, -0.499527, -0.46178, -0.483317] => [0.020166218280792236, -0.019487429410219193, 0.02073608711361885, -0.014653175137937069, 0.022033020853996277]
[-0.322978, 0.031949, -0.499523, -0.46156, -0.483636] => [0.020160343497991562, -0.019486360251903534, 0.020741645246744156, -0.014646237716078758, 0.022039514034986496]
[-0.322955, 0.032185, -0.499533, -0.46157, -0.483408] => [0.020166106522083282, -0.019487949088215828, 0.020735731348395348, -0.01465396024286747, 0.02203247882425785]
[-0.322961, 0.032179, -0.499528, -0.461608, -0.483786] => [0.020163748413324356, -0.01948736421763897, 0.020738959312438965, -0.014650065451860428, 0.022036202251911163]
[-0.322971, 0.031964, -0.499522, -0.461794, -0.483104] => [0.020163867622613907, -0.019486555829644203, 0.020737847313284874, -0.014650472439825535, 0.0220352616161108]
[-0.322972, 0.032102, -0.499526, -0.46179, -0.483906] => [0.020161699503660202, -0.019486425444483757, 0.020741678774356842, -0.014646388590335846, 0.022039487957954407]
[-0.322957, 0.031922, -0.499526, -0.461727, -0.484073] => [0.02015717700123787, -0.019485369324684143, 0.020745960995554924, -0.01464084442704916, 0.02204456552863121]
[-0.322974, 0.031965, -0.499532, -0.461781, -0.483192] => [0.020163435488939285, -0.019486574456095695, 0.020738305523991585, -0.014649996533989906, 0.022035762667655945]
[-0.322967, 0.031973, -0.499531, -0.461798, -0.483637] => [0.02016088366508484, -0.01948605477809906, 0.02074173279106617, -0.014645938761532307, 0.022039689123630524]
[-0.322957, 0.031878, -0.499524, -0.46168, -0.484036] => [0.020156532526016235, -0.01948525384068489, 0.020746340975165367, -0.014640310779213905, 0.02204502932727337]
[-0.322961, 0.032092, -0.499533, -0.461606, -0.483378] => [0.020164579153060913, -0.0194874070584774, 0.020737167447805405, -0.014651941135525703, 0.022034239023923874]
[-0.322952, 0.031894, -0.499529, -0.461653, -0.484023] => [0.02015690505504608, -0.01948544755578041, 0.02074582874774933, -0.014641017653048038, 0.022044405341148376]
[-0.322987, 0.031881, -0.499532, -0.461636, -0.483758] => [0.020158465951681137, -0.019485777243971825, 0.020743774250149727, -0.014643467031419277, 0.0220420453697443]
[-0.322979, 0.03191, -0.499524, -0.461841, -0.484113] => [0.020156878978013992, -0.019485026597976685, 0.020746733993291855, -0.014639761298894882, 0.02204551361501217]
[-0.32297, 0.031844, -0.499532, -0.46176, -0.484296] => [0.020154494792222977, -0.019484683871269226, 0.020748984068632126, -0.01463703066110611, 0.022048113867640495]
[-0.322962, 0.03216, -0.499528, -0.461695, -0.483848] => [0.02016306295990944, -0.019487012177705765, 0.02073998562991619, -0.014648685231804848, 0.022037440910935402]
[-0.32297, 0.032246, -0.499532, -0.461744, -0.483344] => [0.02016780525445938, -0.019487999379634857, 0.020734595134854317, -0.014655282720923424, 0.022031186148524284]
[-0.322953, 0.032188, -0.499531, -0.46166, -0.483108] => [0.020167972892522812, -0.019488105550408363, 0.020733598619699478, -0.014656369574368, 0.022030077874660492]
[-0.322951, 0.032127, -0.499532, -0.461669, -0.48413] => [0.020160693675279617, -0.01948658376932144, 0.020742660388350487, -0.014645466580986977, 0.02204052358865738]
[-0.322956, 0.032185, -0.499531, -0.461763, -0.483946] => [0.020162958651781082, -0.019486913457512856, 0.020740460604429245, -0.01464812457561493, 0.022037984803318977]
[-0.322964, 0.03187, -0.499529, -0.461571, -0.484354] => [0.020154498517513275, -0.019485117867588997, 0.02074858732521534, -0.014637794345617294, 0.02204754948616028]
[-0.322971, 0.032195, -0.499523, -0.461612, -0.484109] => [0.02016214281320572, -0.019487038254737854, 0.020741282030940056, -0.014647348783910275, 0.02203885279595852]
[-0.322986, 0.031866, -0.499523, -0.461788, -0.482988] => [0.020162805914878845, -0.019486192613840103, 0.020738542079925537, -0.014649374410510063, 0.022036157548427582]
[-0.322972, 0.031932, -0.49953, -0.461848, -0.48433] => [0.02015599235892296, -0.019484926015138626, 0.020747991278767586, -0.014638356864452362, 0.022046921774744987]
[-0.322965, 0.031985, -0.499533, -0.461748, -0.48401] => [0.02015884965658188, -0.019485807046294212, 0.02074429579079151, -0.014643017202615738, 0.02204258367419243]
[-0.322989, 0.032225, -0.499527, -0.461646, -0.483462] => [0.020166736096143723, -0.019487928599119186, 0.020735662430524826, -0.014654070138931274, 0.022032391279935837]
[-0.322975, 0.031933, -0.499526, -0.461794, -0.483927] => [0.020158398896455765, -0.0194854773581028, 0.020744740962982178, -0.014642251655459404, 0.02204318158328533]
[-0.322981, 0.031946, -0.499523, -0.461632, -0.484166] => [0.02015715092420578, -0.019485587254166603, 0.02074601873755455, -0.014640973880887032, 0.022044558078050613]
[-0.32299, 0.032079, -0.499531, -0.461566, -0.483933] => [0.020161140710115433, -0.019486790522933006, 0.02074158377945423, -0.014646746218204498, 0.02203928679227829]
[-0.322966, 0.032189, -0.499525, -0.461843, -0.483452] => [0.020166054368019104, -0.019487297162413597, 0.020736800506711006, -0.014652345329523087, 0.02203383296728134]
[-0.322973, 0.032165, -0.499533, -0.461649, -0.484299] => [0.020160526037216187, -0.019486665725708008, 0.020743198692798615, -0.014644991606473923, 0.022041080519557]
[-0.322959, 0.031871, -0.499533, -0.46182, -0.483654] => [0.02015882357954979, -0.019485443830490112, 0.020743660628795624, -0.01464332640171051, 0.022042017430067062]
[-0.322961, 0.032244, -0.499535, -0.461823, -0.483618] => [0.020166125148534775, -0.019487526267766953, 0.020736949518322945, -0.014652401208877563, 0.022033920511603355]
[-0.322967, 0.032037, -0.499529, -0.461656, -0.483163] => [0.020164862275123596, -0.019487226381897926, 0.02073660120368004, -0.014652365818619728, 0.022033680230379105]
[-0.322979, 0.032212, -0.499522, -0.461612, -0.483491] => [0.02016621083021164, -0.019487841054797173, 0.020736144855618477, -0.014653471298515797, 0.022032953798770905]
[-0.322978, 0.032224, -0.499526, -0.461549, -0.483498] => [0.020166385918855667, -0.01948806270956993, 0.020735766738653183, -0.014654050581157207, 0.022032471373677254]
[-0.32296, 0.032159, -0.49953, -0.46185, -0.483369] => [0.020165983587503433, -0.019487250596284866, 0.020736616104841232, -0.014652479439973831, 0.022033652290701866]
[-0.322976, 0.031848, -0.499525, -0.461756, -0.483579] => [0.020158857107162476, -0.019485486671328545, 0.020743394270539284, -0.014643626287579536, 0.022041717544198036]
[-0.322981, 0.032174, -0.499525, -0.461821, -0.483287] => [0.02016683667898178, -0.019487466663122177, 0.020735664293169975, -0.01465367991477251, 0.022032536566257477]
[-0.322982, 0.031914, -0.49953, -0.461672, -0.48369] => [0.020159468054771423, -0.019485939294099808, 0.020742816850543022, -0.014644642360508442, 0.02204093337059021]
[-0.322964, 0.031979, -0.499535, -0.461569, -0.484303] => [0.02015690878033638, -0.019485823810100555, 0.02074621245265007, -0.014640964567661285, 0.022044697776436806]
[-0.322983, 0.03214, -0.499535, -0.461763, -0.483577] => [0.020164504647254944, -0.019487153738737106, 0.02073819562792778, -0.014650702476501465, 0.022035427391529083]
[-0.322956, 0.032073, -0.499527, -0.461655, -0.483592] => [0.02016289532184601, -0.01948690041899681, 0.02073940820991993, -0.014649142511188984, 0.022036859765648842]
[-0.322953, 0.031884, -0.499525, -0.461785, -0.484369] => [0.0201546810567379, -0.019484689459204674, 0.020749103277921677, -0.014636935666203499, 0.022048234939575195]
[-0.322979, 0.031916, -0.499531, -0.461749, -0.483778] => [0.020159002393484116, -0.01948569528758526, 0.020743656903505325, -0.014643562957644463, 0.0220419280230999]
[-0.322951, 0.032223, -0.499527, -0.461781, -0.483174] => [0.020168263465166092, -0.019487934187054634, 0.020733892917633057, -0.01465595979243517, 0.022030439227819443]
[-0.322975, 0.032085, -0.499529, -0.461599, -0.483112] => [0.020166095346212387, -0.019487671554088593, 0.020735211670398712, -0.014654231257736683, 0.022032007575035095]
[-0.322974, 0.032164, -0.499531, -0.461816, -0.483966] => [0.020162567496299744, -0.0194866843521595, 0.020741056650877, -0.014647304080426693, 0.022038711234927177]
[-0.32298, 0.032067, -0.49953, -0.461827, -0.483483] => [0.02016366645693779, -0.01948668621480465, 0.020738966763019562, -0.014649463817477226, 0.02203643135726452]
[-0.322976, 0.031932, -0.499523, -0.461727, -0.483458] => [0.020161151885986328, -0.01948612555861473, 0.020740967243909836, -0.014646777883172035, 0.022038836032152176]
[-0.322974, 0.03188, -0.499535, -0.461852, -0.483304] => [0.020161207765340805, -0.01948586106300354, 0.02074076607823372, -0.014646753668785095, 0.02203870192170143]
[-0.322952, 0.032198, -0.499529, -0.461709, -0.483774] => [0.020164180546998978, -0.019487272948026657, 0.02073880285024643, -0.014650179073214531, 0.022036051377654076]
[-0.322956, 0.031917, -0.499531, -0.461708, -0.484003] => [0.020157519727945328, -0.019485503435134888, 0.02074536681175232, -0.014641576446592808, 0.022043872624635696]
[-0.322984, 0.032117, -0.499536, -0.461674, -0.483671] => [0.020163480192422867, -0.019487112760543823, 0.020739082247018814, -0.014649701304733753, 0.022036423906683922]
[-0.322961, 0.032142, -0.499531, -0.461581, -0.484206] => [0.020160537213087082, -0.01948676072061062, 0.020742764696478844, -0.014645501039922237, 0.022040583193302155]
[-0.322971, 0.032, -0.499534, -0.461805, -0.484321] => [0.020157337188720703, -0.01948542706668377, 0.020746581256389618, -0.014640300534665585, 0.022045206278562546]
[-0.32297, 0.03208, -0.499525, -0.461678, -0.483246] => [0.020165178924798965, -0.01948728784918785, 0.020736629143357277, -0.014652421697974205, 0.022033680230379105]
[-0.322963, 0.031954, -0.499525, -0.461545, -0.48403] => [0.020157992839813232, -0.019485965371131897, 0.02074461802840233, -0.014642756432294846, 0.022042905911803246]
[-0.322979, 0.032097, -0.499534, -0.461556, -0.483904] => [0.02016160637140274, -0.019486958160996437, 0.02074100449681282, -0.014647502452135086, 0.022038595750927925]
[-0.322983, 0.032095, -0.499532, -0.461603, -0.483284] => [0.02016531676054001, -0.019487550482153893, 0.020736325532197952, -0.014652961865067482, 0.022033264860510826]
[-0.322984, 0.032011, -0.499526, -0.461744, -0.483841] => [0.02016041800379753, -0.019486112520098686, 0.02074257843196392, -0.014645114541053772, 0.02204059436917305]
[-0.322986, 0.031995, -0.499528, -0.461686, -0.483396] => [0.020162787288427353, -0.019486676901578903, 0.020739184692502022, -0.014649158343672752, 0.02203669399023056]
[-0.322959, 0.031914, -0.499529, -0.461697, -0.483973] => [0.020157642662525177, -0.019485529512166977, 0.020745182409882545, -0.014641793444752693, 0.022043660283088684]
[-0.322965, 0.032112, -0.499528, -0.461659, -0.484012] => [0.02016117051243782, -0.01948663778603077, 0.02074199542403221, -0.01464620977640152, 0.022039778530597687]
[-0.322952, 0.032131, -0.499529, -0.461551, -0.483304] => [0.020165663212537766, -0.01948777586221695, 0.02073587477207184, -0.014653630554676056, 0.02203270047903061]
[-0.322984, 0.032158, -0.499523, -0.461589, -0.48347] => [0.0201653391122818, -0.019487634301185608, 0.02073681727051735, -0.014652551151812077, 0.02203376591205597]
[-0.32299, 0.0322, -0.499534, -0.461607, -0.484255] => [0.02016153559088707, -0.019487017765641212, 0.020742081105709076, -0.014646487310528755, 0.022039737552404404]
[-0.322985, 0.031875, -0.499533, -0.461572, -0.483582] => [0.020159374922513962, -0.019486086443066597, 0.020742328837513924, -0.014645238406956196, 0.022040367126464844]
[-0.322968, 0.032047, -0.499523, -0.461651, -0.483555] => [0.020162660628557205, -0.019486788660287857, 0.020739587023854256, -0.01464884914457798, 0.022037094458937645]
[-0.32299, 0.031907, -0.499529, -0.461622, -0.484126] => [0.02015674114227295, -0.01948549970984459, 0.020746221765875816, -0.01464066095650196, 0.022044815123081207]
[-0.322958, 0.032146, -0.499534, -0.461603, -0.484336] => [0.02015984058380127, -0.01948660798370838, 0.020743727684020996, -0.014644358307123184, 0.02204168774187565]
[-0.322956, 0.03214, -0.499532, -0.461796, -0.483396] => [0.020165428519248962, -0.01948724314570427, 0.020736992359161377, -0.014652050100266933, 0.02203407697379589]
[-0.322972, 0.032039, -0.499524, -0.461763, -0.484123] => [0.020159181207418442, -0.019485870376229286, 0.020744426175951958, -0.01464297529309988, 0.022042693570256233]
[-0.322951, 0.031959, -0.499534, -0.461715, -0.483283] => [0.02016262710094452, -0.0194865670055151, 0.020738989114761353, -0.014649242162704468, 0.02203652448952198]
[-0.322988, 0.03205, -0.499528, -0.461806, -0.4832] => [0.020165063440799713, -0.019486956298351288, 0.020736999809741974, -0.014651761390268803, 0.022034186869859695]
[-0.322966, 0.032007, -0.49953, -0.461778, -0.483605] => [0.020161692053079605, -0.019486308097839355, 0.020740870386362076, -0.014647083356976509, 0.0220386553555727]
[-0.322973, 0.032123, -0.499528, -0.461573, -0.484325] => [0.020159505307674408, -0.019486522302031517, 0.020744020119309425, -0.014643965288996696, 0.022042039781808853]
[-0.322977, 0.032125, -0.499531, -0.461851, -0.483604] => [0.02016403153538704, -0.019486818462610245, 0.02073897048830986, -0.014649609103798866, 0.02203638106584549]
[-0.322975, 0.032041, -0.499525, -0.461636, -0.484173] => [0.020158890634775162, -0.019486097618937492, 0.020744439214468002, -0.014643129892647266, 0.022042643278837204]
[-0.322954, 0.031912, -0.499529, -0.461652, -0.48362] => [0.020159676671028137, -0.019486015662550926, 0.020742351189255714, -0.014645185321569443, 0.02204040251672268]
[-0.322984, 0.03198, -0.499535, -0.461669, -0.48379] => [0.020160164684057236, -0.019486233592033386, 0.020742367953062057, -0.014645401388406754, 0.022040337324142456]
[-0.322983, 0.031876, -0.49953, -0.46164, -0.484325] => [0.020154934376478195, -0.019485067576169968, 0.020748358219861984, -0.014638017863035202, 0.02204730547964573]
[-0.322982, 0.032232, -0.499526, -0.461828, -0.483686] => [0.02016555517911911, -0.01948731578886509, 0.020737793296575546, -0.014651337638497353, 0.022034909576177597]
[-0.32296, 0.032099, -0.499527, -0.461706, -0.483741] => [0.020162537693977356, -0.019486770033836365, 0.020740242674946785, -0.014648176729679108, 0.02203780971467495]
[-0.32298, 0.031901, -0.499535, -0.461738, -0.48348] => [0.020160537213087082, -0.019486013799905777, 0.020741481333971024, -0.014646118506789207, 0.022039443254470825]
[-0.322972, 0.031929, -0.499527, -0.461637, -0.483136] => [0.02016298472881317, -0.019486697390675545, 0.020738214254379272, -0.014650148339569569, 0.022035639733076096]
[-0.322967, 0.032128, -0.499524, -0.461722, -0.483522] => [0.020164426416158676, -0.019487127661705017, 0.020738104358315468, -0.01465076394379139, 0.02203533984720707]
[-0.322959, 0.031958, -0.499524, -0.461732, -0.483064] => [0.02016391232609749, -0.019486702978610992, 0.020737482234835625, -0.014650961384177208, 0.022034822031855583]
[-0.322954, 0.032029, -0.499535, -0.46163, -0.483434] => [0.02016303688287735, -0.019486961886286736, 0.02073873206973076, -0.014649872668087482, 0.022036109119653702]
[-0.322976, 0.031864, -0.499527, -0.461831, -0.484336] => [0.020154666155576706, -0.019484562799334526, 0.020749201998114586, -0.014636728912591934, 0.022048380225896835]
[-0.322975, 0.031862, -0.499527, -0.461827, -0.484335] => [0.020154625177383423, -0.019484559074044228, 0.020749222487211227, -0.014636702835559845, 0.022048404440283775]
[-0.322975, 0.031864, -0.499527, -0.461831, -0.484335] => [0.020154669880867004, -0.019484562799334526, 0.020749196410179138, -0.014636732637882233, 0.022048376500606537]
[-0.322975, 0.031863, -0.499527, -0.461832, -0.484337] => [0.020154640078544617, -0.01948455348610878, 0.020749231800436974, -0.014636687934398651, 0.02204841747879982]
[-0.322976, 0.031866, -0.499527, -0.461834, -0.484336] => [0.020154710859060287, -0.019484566524624825, 0.020749175921082497, -0.01463676244020462, 0.022048350423574448]
[-0.322976, 0.031867, -0.499527, -0.461828, -0.484336] => [0.020154722034931183, -0.019484585151076317, 0.02074914239346981, -0.01463681273162365, 0.022048307582736015]
[-0.322973, 0.031866, -0.499527, -0.461829, -0.484336] => [0.020154684782028198, -0.01948457397520542, 0.02074917033314705, -0.014636771753430367, 0.02204834297299385]
[-0.322976, 0.031865, -0.499527, -0.461833, -0.484336] => [0.020154688507318497, -0.019484564661979675, 0.02074918895959854, -0.014636743813753128, 0.02204836532473564]
[-0.322976, 0.031864, -0.499527, -0.46183, -0.484337] => [0.02015465870499611, -0.019484562799334526, 0.020749207586050034, -0.014636723324656487, 0.022048385813832283]
[-0.322975, 0.031861, -0.499527, -0.461829, -0.484337] => [0.020154599100351334, -0.019484547898173332, 0.020749259740114212, -0.014636654406785965, 0.022048447281122208]
[-0.322976, 0.031862, -0.499527, -0.461832, -0.484336] => [0.02015463262796402, -0.01948454976081848, 0.02074923925101757, -0.014636678621172905, 0.022048424929380417]
[-0.322973, 0.031862, -0.499527, -0.46183, -0.484336] => [0.020154614001512527, -0.01948454976081848, 0.02074924297630787, -0.014636673033237457, 0.022048430517315865]
[-0.322975, 0.031863, -0.499527, -0.461828, -0.484337] => [0.02015463262796402, -0.019484560936689377, 0.020749222487211227, -0.01463670376688242, 0.022048404440283775]
[-0.322975, 0.031864, -0.499527, -0.461832, -0.484335] => [0.020154662430286407, -0.019484560936689377, 0.020749200135469437, -0.014636728912591934, 0.022048378363251686]
[-0.322976, 0.031863, -0.499527, -0.46183, -0.484336] => [0.020154643803834915, -0.019484559074044228, 0.02074921689927578, -0.014636708423495293, 0.022048398852348328]
[-0.322976, 0.031865, -0.499527, -0.461829, -0.484336] => [0.0201546810567379, -0.019484572112560272, 0.020749179646372795, -0.014636759646236897, 0.022048354148864746]
[-0.322975, 0.031865, -0.499527, -0.461829, -0.484336] => [0.0201546773314476, -0.019484570249915123, 0.020749181509017944, -0.014636756852269173, 0.022048356011509895]
[-0.322976, 0.031862, -0.499527, -0.461833, -0.484336] => [0.02015462890267372, -0.019484547898173332, 0.02074924111366272, -0.014636673964560032, 0.022048428654670715]
[-0.322977, 0.031863, -0.499527, -0.46183, -0.484336] => [0.02015465497970581, -0.019484560936689377, 0.02074921317398548, -0.01463671401143074, 0.02204839512705803]
[-0.322976, 0.031866, -0.499527, -0.461833, -0.484336] => [0.02015470340847969, -0.019484568387269974, 0.020749174058437347, -0.014636767096817493, 0.02204834669828415]
[-0.322974, 0.031867, -0.499527, -0.461835, -0.484336] => [0.020154714584350586, -0.019484568387269974, 0.02074916660785675, -0.01463677454739809, 0.022048337385058403]
[-0.322973, 0.031861, -0.499527, -0.461832, -0.484336] => [0.020154591649770737, -0.019484542310237885, 0.02074926346540451, -0.01463664323091507, 0.022048456594347954]
[-0.322974, 0.031865, -0.499527, -0.461835, -0.484336] => [0.020154673606157303, -0.01948455721139908, 0.020749201998114586, -0.014636725187301636, 0.022048382088541985]
[-0.322974, 0.031866, -0.499527, -0.461827, -0.484335] => [0.020154695957899094, -0.01948458142578602, 0.020749155431985855, -0.014636794105172157, 0.02204832248389721]
[-0.322973, 0.031862, -0.499527, -0.461829, -0.484336] => [0.020154614001512527, -0.01948455348610878, 0.02074923925101757, -0.014636678621172905, 0.022048424929380417]
[-0.322974, 0.031863, -0.499527, -0.46183, -0.484336] => [0.020154636353254318, -0.01948455534875393, 0.020749224349856377, -0.014636699110269547, 0.022048406302928925]
[-0.322976, 0.031866, -0.499527, -0.461833, -0.484337] => [0.020154699683189392, -0.019484568387269974, 0.020749179646372795, -0.014636758714914322, 0.022048354148864746]
[-0.322975, 0.031865, -0.499527, -0.46183, -0.484336] => [0.0201546773314476, -0.019484568387269974, 0.020749185234308243, -0.014636751264333725, 0.022048359736800194]
[-0.322973, 0.031867, -0.499527, -0.461828, -0.484336] => [0.02015470713376999, -0.019484583288431168, 0.020749151706695557, -0.014636799693107605, 0.02204831875860691]
[-0.322973, 0.031862, -0.499527, -0.461833, -0.484337] => [0.02015460655093193, -0.019484544172883034, 0.020749257877469063, -0.014636651612818241, 0.022048447281122208]
[-0.322973, 0.031867, -0.499527, -0.461832, -0.484336] => [0.02015470713376999, -0.01948457397520542, 0.020749161019921303, -0.014636782929301262, 0.022048331797122955]
[-0.322975, 0.031862, -0.499527, -0.461834, -0.484336] => [0.020154625177383423, -0.019484544172883034, 0.020749246701598167, -0.01463666558265686, 0.022048436105251312]
[-0.322976, 0.031867, -0.499527, -0.461832, -0.484336] => [0.020154722034931183, -0.01948457770049572, 0.020749151706695557, -0.014636795967817307, 0.02204832062125206]
[-0.322973, 0.031867, -0.499527, -0.461828, -0.484335] => [0.020154710859060287, -0.019484583288431168, 0.02074914425611496, -0.014636809006333351, 0.022048309445381165]
[-0.322975, 0.031863, -0.499527, -0.461828, -0.484336] => [0.020154640078544617, -0.019484560936689377, 0.02074921503663063, -0.014636712148785591, 0.02204839512705803]
[-0.322975, 0.031864, -0.499527, -0.461831, -0.484337] => [0.02015465497970581, -0.019484560936689377, 0.020749211311340332, -0.01463671587407589, 0.02204839326441288]
[-0.322975, 0.031862, -0.499527, -0.461831, -0.484335] => [0.02015463262796402, -0.01948455162346363, 0.020749229937791824, -0.014636687934398651, 0.02204841561615467]
[-0.322977, 0.031862, -0.499527, -0.461833, -0.484337] => [0.02015463262796402, -0.019484547898173332, 0.020749244838953018, -0.014636672101914883, 0.022048432379961014]
[-0.322974, 0.031863, -0.499527, -0.461828, -0.484336] => [0.02015463262796402, -0.019484560936689377, 0.02074921876192093, -0.014636708423495293, 0.022048398852348328]
[-0.322974, 0.031866, -0.499527, -0.461834, -0.484335] => [0.020154699683189392, -0.019484566524624825, 0.020749172195792198, -0.014636766165494919, 0.022048344835639]
[-0.322974, 0.031866, -0.499527, -0.461831, -0.484337] => [0.020154684782028198, -0.019484570249915123, 0.020749181509017944, -0.014636756852269173, 0.022048356011509895]
[-0.322976, 0.031866, -0.499527, -0.461829, -0.484336] => [0.02015470340847969, -0.01948457770049572, 0.020749161019921303, -0.014636785723268986, 0.022048331797122955]
[-0.322974, 0.031865, -0.499527, -0.461831, -0.484337] => [0.020154673606157303, -0.019484564661979675, 0.020749200135469437, -0.014636732637882233, 0.022048378363251686]
[-0.322976, 0.031864, -0.499527, -0.461835, -0.484336] => [0.020154669880867004, -0.01948455348610878, 0.020749211311340332, -0.014636712148785591, 0.02204839512705803]
[-0.322976, 0.031864, -0.499527, -0.461831, -0.484337] => [0.020154662430286407, -0.019484562799334526, 0.020749207586050034, -0.014636721462011337, 0.022048387676477432]
[-0.322975, 0.031865, -0.499527, -0.461829, -0.484335] => [0.0201546810567379, -0.019484572112560272, 0.020749175921082497, -0.01463676430284977, 0.0220483485609293]
[-0.322976, 0.031861, -0.499527, -0.461827, -0.484336] => [0.02015461027622223, -0.01948455534875393, 0.02074924297630787, -0.014636676758527756, 0.022048428654670715]
[-0.322977, 0.031865, -0.499527, -0.461827, -0.484336] => [0.020154688507318497, -0.01948457770049572, 0.020749172195792198, -0.014636773616075516, 0.02204834297299385]
[-0.322975, 0.031863, -0.499527, -0.461833, -0.484337] => [0.020154636353254318, -0.01948455162346363, 0.020749233663082123, -0.014636684209108353, 0.02204841934144497]
[-0.322973, 0.031863, -0.499527, -0.461829, -0.484337] => [0.020154621452093124, -0.01948455721139908, 0.020749231800436974, -0.014636690728366375, 0.02204841561615467]
[-0.322974, 0.031862, -0.499527, -0.461832, -0.484335] => [0.020154625177383423, -0.019484547898173332, 0.02074923738837242, -0.01463667768985033, 0.022048424929380417]
[-0.322974, 0.031862, -0.499527, -0.461834, -0.484337] => [0.020154617726802826, -0.019484542310237885, 0.020749256014823914, -0.014636654406785965, 0.022048447281122208]
[-0.322976, 0.031864, -0.499527, -0.461835, -0.484335] => [0.0201546773314476, -0.01948455534875393, 0.020749203860759735, -0.014636721462011337, 0.022048383951187134]
[-0.322976, 0.031865, -0.499527, -0.461827, -0.484337] => [0.0201546773314476, -0.01948457583785057, 0.020749181509017944, -0.014636760577559471, 0.022048354148864746]
[-0.322975, 0.031862, -0.499527, -0.46183, -0.484336] => [0.020154625177383423, -0.01948455162346363, 0.02074923738837242, -0.014636680483818054, 0.022048423066735268]
[-0.322974, 0.031861, -0.499527, -0.461829, -0.484336] => [0.020154595375061035, -0.019484547898173332, 0.020749254152178764, -0.014636658132076263, 0.02204844355583191]
[-0.322977, 0.031866, -0.499527, -0.461835, -0.484337] => [0.020154699683189392, -0.019484564661979675, 0.020749185234308243, -0.014636751264333725, 0.022048359736800194]
[-0.322976, 0.031866, -0.499527, -0.461827, -0.484337] => [0.020154695957899094, -0.01948457956314087, 0.02074916660785675, -0.014636782929301262, 0.022048335522413254]
[-0.322974, 0.031865, -0.499527, -0.461829, -0.484337] => [0.020154673606157303, -0.019484568387269974, 0.02074919454753399, -0.014636741951107979, 0.02204836905002594]
[-0.322974, 0.031862, -0.499527, -0.461831, -0.484336] => [0.020154621452093124, -0.01948454976081848, 0.02074924111366272, -0.014636673033237457, 0.022048428654670715]
[-0.322973, 0.031866, -0.499527, -0.461834, -0.484335] => [0.020154692232608795, -0.019484566524624825, 0.020749174058437347, -0.01463676244020462, 0.0220483485609293]
[-0.322975, 0.031863, -0.499527, -0.46183, -0.484336] => [0.020154640078544617, -0.01948455721139908, 0.020749220624566078, -0.014636704698204994, 0.022048402577638626]
[-0.322974, 0.031867, -0.499527, -0.461833, -0.484336] => [0.020154710859060287, -0.019484572112560272, 0.020749161019921303, -0.014636782929301262, 0.022048331797122955]
[-0.322973, 0.031862, -0.499527, -0.461834, -0.484335] => [0.020154621452093124, -0.019484544172883034, 0.020749244838953018, -0.01463666744530201, 0.022048432379961014]
[-0.322974, 0.031865, -0.499527, -0.46183, -0.484337] => [0.020154669880867004, -0.019484566524624825, 0.020749196410179138, -0.01463673822581768, 0.02204837277531624]
[-0.322976, 0.031865, -0.499527, -0.461829, -0.484337] => [0.0201546810567379, -0.019484570249915123, 0.02074918895959854, -0.014636751264333725, 0.022048361599445343]
[-0.322974, 0.031866, -0.499527, -0.461833, -0.484336] => [0.020154692232608795, -0.019484568387269974, 0.020749177783727646, -0.014636760577559471, 0.022048350423574448]
[-0.322976, 0.031861, -0.499527, -0.461833, -0.484336] => [0.02015461027622223, -0.019484542310237885, 0.020749259740114212, -0.014636648818850517, 0.022048451006412506]
[-0.322973, 0.031866, -0.499527, -0.46183, -0.484337] => [0.0201546810567379, -0.019484572112560272, 0.020749181509017944, -0.014636757783591747, 0.022048356011509895]
[-0.322973, 0.031864, -0.499527, -0.461827, -0.484337] => [0.020154643803834915, -0.019484566524624825, 0.020749209448695183, -0.014636723324656487, 0.022048387676477432]
[-0.322976, 0.031864, -0.499527, -0.461833, -0.484335] => [0.020154673606157303, -0.019484559074044228, 0.020749200135469437, -0.014636728912591934, 0.022048378363251686]
[-0.322974, 0.031866, -0.499527, -0.461828, -0.484335] => [0.020154699683189392, -0.01948457956314087, 0.020749157294631004, -0.014636790379881859, 0.022048326209187508]
[-0.322974, 0.031863, -0.499527, -0.461834, -0.484336] => [0.020154636353254318, -0.019484547898173332, 0.020749233663082123, -0.014636682346463203, 0.02204841934144497]
[-0.322975, 0.031862, -0.499527, -0.461829, -0.484336] => [0.020154625177383423, -0.01948455534875393, 0.020749233663082123, -0.014636686071753502, 0.02204841934144497]
[-0.322977, 0.031861, -0.499527, -0.461827, -0.484336] => [0.020154617726802826, -0.01948455534875393, 0.02074924111366272, -0.014636680483818054, 0.022048424929380417]
[-0.322974, 0.031864, -0.499527, -0.461831, -0.484336] => [0.02015465497970581, -0.019484560936689377, 0.020749207586050034, -0.014636719599366188, 0.022048387676477432]
[-0.322977, 0.031862, -0.499527, -0.461835, -0.484336] => [0.020154640078544617, -0.019484544172883034, 0.020749244838953018, -0.014636668376624584, 0.022048432379961014]
[-0.322976, 0.031867, -0.499527, -0.461833, -0.484336] => [0.02015472576022148, -0.01948457583785057, 0.020749153569340706, -0.014636792242527008, 0.02204832248389721]
[-0.322975, 0.031863, -0.499527, -0.461829, -0.484335] => [0.020154647529125214, -0.019484560936689377, 0.020749209448695183, -0.014636719599366188, 0.022048387676477432]
[-0.322974, 0.031863, -0.499527, -0.461833, -0.484336] => [0.020154636353254318, -0.01948454976081848, 0.020749231800436974, -0.014636686071753502, 0.02204841747879982]
[-0.322975, 0.031866, -0.499527, -0.461833, -0.484336] => [0.020154699683189392, -0.019484568387269974, 0.020749175921082497, -0.01463676244020462, 0.0220483485609293]
[-0.322976, 0.031864, -0.499527, -0.461829, -0.484337] => [0.02015465870499611, -0.019484566524624825, 0.020749203860759735, -0.014636728912591934, 0.022048382088541985]
[-0.322973, 0.031862, -0.499527, -0.461832, -0.484335] => [0.020154621452093124, -0.019484547898173332, 0.02074924111366272, -0.014636673033237457, 0.022048428654670715]
[-0.322975, 0.031862, -0.499527, -0.461832, -0.484336] => [0.020154625177383423, -0.019484547898173332, 0.02074924297630787, -0.014636673033237457, 0.022048430517315865]
[-0.322975, 0.031864, -0.499527, -0.461828, -0.484336] => [0.02015465870499611, -0.019484566524624825, 0.020749198272824287, -0.014636736363172531, 0.022048374637961388]
[-0.322974, 0.031862, -0.499527, -0.461828, -0.484336] => [0.02015461027622223, -0.01948455534875393, 0.020749233663082123, -0.014636687003076077, 0.02204841934144497]
[-0.322976, 0.031865, -0.499527, -0.46183, -0.484336] => [0.020154684782028198, -0.019484570249915123, 0.020749183371663094, -0.014636755920946598, 0.022048356011509895]
[-0.322975, 0.031865, -0.499527, -0.461827, -0.484335] => [0.020154684782028198, -0.01948457770049572, 0.0207491684705019, -0.014636775478720665, 0.022048339247703552]
[-0.322976, 0.031861, -0.499527, -0.461834, -0.484335] => [0.020154614001512527, -0.019484540447592735, 0.020749252289533615, -0.01463665533810854, 0.02204844355583191]
[-0.322975, 0.031864, -0.499527, -0.461832, -0.484336] => [0.02015465870499611, -0.019484559074044228, 0.020749207586050034, -0.014636719599366188, 0.022048387676477432]
[-0.322977, 0.031863, -0.499527, -0.461831, -0.484335] => [0.02015465870499611, -0.019484559074044228, 0.020749207586050034, -0.014636719599366188, 0.022048387676477432]
[-0.322974, 0.031861, -0.499527, -0.461828, -0.484337] => [0.020154595375061035, -0.01948454976081848, 0.020749259740114212, -0.014636652544140816, 0.022048449143767357]
[-0.322977, 0.031863, -0.499527, -0.461834, -0.484336] => [0.020154651254415512, -0.01948455162346363, 0.020749222487211227, -0.014636699110269547, 0.022048406302928925]
[-0.322974, 0.031862, -0.499527, -0.461832, -0.484336] => [0.020154617726802826, -0.019484547898173332, 0.02074924297630787, -0.014636671170592308, 0.022048430517315865]
[-0.322973, 0.031864, -0.499527, -0.461835, -0.484336] => [0.020154651254415512, -0.01948455162346363, 0.020749220624566078, -0.014636698178946972, 0.022048406302928925]
[-0.322975, 0.031866, -0.499527, -0.461832, -0.484336] => [0.020154699683189392, -0.019484570249915123, 0.020749174058437347, -0.014636766165494919, 0.02204834669828415]
[-0.322973, 0.031866, -0.499527, -0.461829, -0.484335] => [0.020154692232608795, -0.01948457583785057, 0.020749162882566452, -0.014636781066656113, 0.022048333659768105]
[-0.322977, 0.031863, -0.499527, -0.461831, -0.484336] => [0.02015465870499611, -0.019484559074044228, 0.02074921503663063, -0.014636710286140442, 0.02204839698970318]
[-0.322974, 0.031865, -0.499527, -0.461829, -0.484335] => [0.0201546773314476, -0.019484570249915123, 0.020749177783727646, -0.014636760577559471, 0.022048352286219597]
[-0.322975, 0.031863, -0.499527, -0.461831, -0.484335] => [0.020154647529125214, -0.01948455721139908, 0.02074921317398548, -0.014636712148785591, 0.02204839512705803]
[-0.322976, 0.031867, -0.499527, -0.461833, -0.484337] => [0.020154714584350586, -0.01948457397520542, 0.020749162882566452, -0.014636781066656113, 0.022048333659768105]
[-0.322973, 0.031862, -0.499527, -0.461828, -0.484337] => [0.02015460655093193, -0.01948455348610878, 0.020749244838953018, -0.014636671170592308, 0.022048432379961014]
[-0.322975, 0.031867, -0.499527, -0.461829, -0.484337] => [0.020154710859060287, -0.01948458142578602, 0.020749157294631004, -0.014636792242527008, 0.02204832434654236]
[-0.322974, 0.031865, -0.499527, -0.461828, -0.484336] => [0.020154669880867004, -0.019484572112560272, 0.020749183371663094, -0.014636756852269173, 0.022048356011509895]
[-0.322975, 0.031861, -0.499527, -0.461832, -0.484336] => [0.020154602825641632, -0.019484542310237885, 0.020749257877469063, -0.014636650681495667, 0.022048449143767357]
[-0.322976, 0.031867, -0.499527, -0.461827, -0.484336] => [0.020154722034931183, -0.019484587013721466, 0.020749138668179512, -0.014636818319559097, 0.022048301994800568]
[-0.322974, 0.031864, -0.499527, -0.461834, -0.484335] => [0.02015465870499611, -0.01948455534875393, 0.020749207586050034, -0.014636717736721039, 0.022048387676477432]
[-0.322974, 0.031862, -0.499527, -0.46183, -0.484337] => [0.02015460655093193, -0.01948454976081848, 0.020749248564243317, -0.01463666744530201, 0.022048436105251312]
[-0.322975, 0.031867, -0.499527, -0.461828, -0.484336] => [0.020154714584350586, -0.019484585151076317, 0.02074914425611496, -0.014636809006333351, 0.022048309445381165]
[-0.322976, 0.031862, -0.499527, -0.461831, -0.484336] => [0.02015462890267372, -0.01948455162346363, 0.020749233663082123, -0.014636684209108353, 0.02204841934144497]
[-0.322975, 0.031865, -0.499527, -0.461831, -0.484335] => [0.0201546810567379, -0.019484568387269974, 0.020749179646372795, -0.014636757783591747, 0.022048354148864746]
[-0.322975, 0.031863, -0.499527, -0.461833, -0.484336] => [0.020154640078544617, -0.01948455162346363, 0.020749228075146675, -0.01463669165968895, 0.022048411890864372]
[-0.322975, 0.031863, -0.499527, -0.461829, -0.484336] => [0.020154640078544617, -0.019484559074044228, 0.02074921689927578, -0.014636708423495293, 0.022048398852348328]
[-0.322975, 0.031865, -0.499527, -0.461831, -0.484337] => [0.020154673606157303, -0.019484566524624825, 0.02074919268488884, -0.014636741951107979, 0.02204836905002594]
[-0.322974, 0.031861, -0.499527, -0.461835, -0.484335] => [0.020154602825641632, -0.019484536722302437, 0.02074926160275936, -0.01463664136826992, 0.022048454731702805]
[-0.322976, 0.031863, -0.499527, -0.461828, -0.484337] => [0.020154636353254318, -0.019484562799334526, 0.02074921876192093, -0.014636711217463017, 0.022048398852348328]
[-0.322975, 0.031862, -0.499527, -0.461832, -0.484337] => [0.020154621452093124, -0.019484547898173332, 0.020749248564243317, -0.014636664651334286, 0.02204843796789646]
[-0.322976, 0.031864, -0.499527, -0.461829, -0.484335] => [0.020154669880867004, -0.019484568387269974, 0.02074918895959854, -0.014636747539043427, 0.022048363462090492]
[-0.322973, 0.031863, -0.499527, -0.461832, -0.484335] => [0.020154640078544617, -0.01948455348610878, 0.020749220624566078, -0.014636700972914696, 0.022048404440283775]
[-0.322973, 0.031864, -0.499527, -0.461829, -0.484336] => [0.020154647529125214, -0.019484564661979675, 0.020749205723404884, -0.014636725187301636, 0.022048383951187134]
[-0.322974, 0.031864, -0.499527, -0.461833, -0.484336] => [0.020154651254415512, -0.01948455721139908, 0.02074921317398548, -0.014636712148785591, 0.02204839326441288]
[-0.322976, 0.031865, -0.499527, -0.461834, -0.484336] => [0.020154684782028198, -0.019484562799334526, 0.02074919082224369, -0.014636741019785404, 0.02204836905002594]
[-0.322973, 0.031863, -0.499527, -0.46183, -0.484336] => [0.02015462890267372, -0.01948455721139908, 0.020749224349856377, -0.014636697247624397, 0.022048408165574074]
[-0.322975, 0.031867, -0.499527, -0.461831, -0.484336] => [0.020154714584350586, -0.01948457770049572, 0.020749151706695557, -0.014636795967817307, 0.02204832062125206]
[-0.322976, 0.031865, -0.499527, -0.461831, -0.484336] => [0.020154688507318497, -0.019484568387269974, 0.020749183371663094, -0.014636753126978874, 0.022048357874155045]
[-0.322975, 0.031864, -0.499527, -0.461829, -0.484336] => [0.020154662430286407, -0.019484564661979675, 0.020749200135469437, -0.014636732637882233, 0.022048378363251686]
[-0.322977, 0.031865, -0.499527, -0.461828, -0.484336] => [0.020154688507318497, -0.01948457397520542, 0.020749174058437347, -0.014636768028140068, 0.02204834669828415]
[-0.322976, 0.031863, -0.499527, -0.461831, -0.484337] => [0.020154643803834915, -0.01948455534875393, 0.020749226212501526, -0.014636695384979248, 0.022048410028219223]
[-0.322973, 0.031866, -0.499527, -0.461832, -0.484336] => [0.020154688507318497, -0.019484568387269974, 0.020749179646372795, -0.014636757783591747, 0.022048354148864746]
[-0.322975, 0.031864, -0.499527, -0.461831, -0.484336] => [0.02015465870499611, -0.019484560936689377, 0.020749205723404884, -0.014636723324656487, 0.022048385813832283]
[-0.322975, 0.031861, -0.499527, -0.461833, -0.484335] => [0.02015461027622223, -0.019484542310237885, 0.020749252289533615, -0.014636656269431114, 0.02204844355583191]
[-0.322974, 0.031864, -0.499527, -0.461827, -0.484336] => [0.02015465497970581, -0.019484570249915123, 0.020749196410179138, -0.01463673822581768, 0.02204837277531624]
[-0.322974, 0.031866, -0.499527, -0.461833, -0.484335] => [0.020154699683189392, -0.019484568387269974, 0.02074917033314705, -0.014636768028140068, 0.022048344835639]
[-0.322974, 0.031864, -0.499527, -0.461831, -0.484335] => [0.020154662430286407, -0.019484562799334526, 0.020749200135469437, -0.014636730775237083, 0.022048378363251686]
[-0.322975, 0.031866, -0.499527, -0.461829, -0.484336] => [0.020154699683189392, -0.01948457770049572, 0.0207491647452116, -0.014636780135333538, 0.022048335522413254]
[-0.322976, 0.031862, -0.499527, -0.461829, -0.484335] => [0.020154636353254318, -0.01948455721139908, 0.020749222487211227, -0.014636702835559845, 0.022048404440283775]
[-0.322975, 0.031861, -0.499527, -0.461828, -0.484336] => [0.02015460655093193, -0.01948455162346363, 0.020749248564243317, -0.014636666513979435, 0.022048436105251312]
[-0.322974, 0.031867, -0.499527, -0.461829, -0.484337] => [0.02015470713376999, -0.01948457956314087, 0.020749159157276154, -0.01463678851723671, 0.022048328071832657]
[-0.322973, 0.031861, -0.499527, -0.461833, -0.484336] => [0.020154591649770737, -0.019484538584947586, 0.02074926719069481, -0.014636636711657047, 0.0220484621822834]
[-0.322976, 0.031862, -0.499527, -0.461827, -0.484336] => [0.020154625177383423, -0.019484559074044228, 0.020749226212501526, -0.014636699110269547, 0.022048408165574074]
[-0.322976, 0.031865, -0.499527, -0.461834, -0.484335] => [0.020154688507318497, -0.019484562799334526, 0.020749183371663094, -0.01463675033301115, 0.022048359736800194]
[-0.322976, 0.031865, -0.499527, -0.461833, -0.484335] => [0.020154692232608795, -0.019484564661979675, 0.020749181509017944, -0.014636753126978874, 0.022048357874155045]
[-0.322975, 0.031862, -0.499527, -0.461828, -0.484337] => [0.020154617726802826, -0.01948455534875393, 0.02074923925101757, -0.014636680483818054, 0.022048424929380417]
[-0.322974, 0.031866, -0.499527, -0.461834, -0.484336] => [0.020154692232608795, -0.019484564661979675, 0.020749181509017944, -0.014636754989624023, 0.022048356011509895]
[-0.322975, 0.031866, -0.499527, -0.461832, -0.484335] => [0.02015470340847969, -0.019484572112560272, 0.0207491647452116, -0.014636777341365814, 0.022048335522413254]
[-0.322976, 0.031865, -0.499527, -0.461831, -0.484337] => [0.0201546810567379, -0.019484566524624825, 0.02074919268488884, -0.014636743813753128, 0.02204836718738079]
[-0.322974, 0.031863, -0.499527, -0.461831, -0.484336] => [0.02015463262796402, -0.01948455534875393, 0.020749226212501526, -0.014636696316301823, 0.022048410028219223]
[-0.322973, 0.031862, -0.499527, -0.461834, -0.484336] => [0.02015461027622223, -0.019484542310237885, 0.020749252289533615, -0.014636658132076263, 0.02204844169318676]
[-0.322976, 0.031863, -0.499527, -0.461834, -0.484336] => [0.020154647529125214, -0.01948455162346363, 0.020749226212501526, -0.014636695384979248, 0.022048410028219223]
[-0.322973, 0.031862, -0.499527, -0.461831, -0.484337] => [0.02015460655093193, -0.019484547898173332, 0.020749250426888466, -0.014636663720011711, 0.02204843983054161]
[-0.323126, 0.034963, -0.499657, -0.359903, -0.277857] => [0.022166796028614044, -0.020337123423814774, 0.01835307665169239, -0.017915386706590652, 0.019140709191560745]
[-0.322009, 0.038441, -0.499742, -0.234182, -0.45726] => [0.02058800309896469, -0.020204363390803337, 0.01923321560025215, -0.01676013693213463, 0.02021089754998684]
[-0.322366, 0.040086, -0.49996, -0.286175, -0.338995] => [0.02181340381503105, -0.020160671323537827, 0.018732253462076187, -0.017357483506202698, 0.01961512118577957]
[-0.323988, 0.038815, -0.499833, -0.374147, -0.214635] => [0.022134076803922653, -0.0203324556350708, 0.018370740115642548, -0.01789093017578125, 0.01916218362748623]
[-0.322514, 0.045005, -0.499301, -0.402723, -0.338226] => [0.021713178604841232, -0.020101552829146385, 0.018853353336453438, -0.017178112640976906, 0.019767122343182564]
[-0.322895, 0.056648, -0.499853, -0.499004, -0.390225] => [0.02213471382856369, -0.020125068724155426, 0.01950797438621521, -0.016483427956700325, 0.02050001174211502]
[-0.323897, 0.036158, -0.499901, -0.260634, -0.442273] => [0.020765963941812515, -0.020194701850414276, 0.019196651875972748, -0.016816720366477966, 0.02015421725809574]
[-0.321851, 0.050687, -0.499905, -0.316533, -0.442542] => [0.02101699635386467, -0.020141616463661194, 0.019331593066453934, -0.0166668351739645, 0.020294401794672012]
[-0.322161, 0.032923, -0.499745, -0.335974, -0.378952] => [0.020753197371959686, -0.019899217411875725, 0.01926684007048607, -0.016587305814027786, 0.02026929147541523]
[-0.323976, 0.062381, -0.49934, -0.227988, -0.487533] => [0.02125636115670204, -0.020258592441678047, 0.01916777901351452, -0.0169399194419384, 0.020078854635357857]
[-0.323204, 0.051863, -0.499813, -0.279725, -0.394588] => [0.021571464836597443, -0.02009613811969757, 0.019161054864525795, -0.01682366617023945, 0.020119160413742065]
[-0.321813, 0.05936, -0.499853, -0.346354, -0.337555] => [0.022345762699842453, -0.02031301148235798, 0.018793970346450806, -0.017415858805179596, 0.01964457519352436]
[-0.324058, 0.037068, -0.499853, -0.272834, -0.49876] => [0.020656578242778778, -0.020237283781170845, 0.019263699650764465, -0.016759712249040604, 0.020237494260072708]
[-0.323165, 0.06078, -0.499269, -0.459228, -0.428539] => [0.021940123289823532, -0.02014251984655857, 0.019717663526535034, -0.016269387677311897, 0.020727891474962234]
[-0.323119, 0.062678, -0.499764, -0.438901, -0.326245] => [0.022816795855760574, -0.020362894982099533, 0.018889974802732468, -0.017365165054798126, 0.019736923277378082]
[-0.324178, 0.048364, -0.499821, -0.327212, -0.45369] => [0.020915765315294266, -0.02009562961757183, 0.019431626424193382, -0.016528822481632233, 0.020415376871824265]
[-0.323434, 0.041465, -0.499738, -0.333514, -0.493129] => [0.02073868364095688, -0.02015749178826809, 0.01943686231970787, -0.016544735059142113, 0.020426522940397263]
[-0.322313, 0.059796, -0.49973, -0.402911, -0.492113] => [0.020653247833251953, -0.019884536042809486, 0.0200103260576725, -0.01575436443090439, 0.021111968904733658]
[-0.322621, 0.03993, -0.499602, -0.284828, -0.350265] => [0.021796435117721558, -0.020144375041127205, 0.018762150779366493, -0.017312468960881233, 0.019652945920825005]
[-0.322352, 0.034825, -0.49934, -0.448236, -0.275312] => [0.021984722465276718, -0.020311150699853897, 0.018451375886797905, -0.017779283225536346, 0.019260212779045105]
[-0.322986, 0.056821, -0.499883, -0.499035, -0.458498] => [0.02144235372543335, -0.019868243485689163, 0.020165540277957916, -0.015581432729959488, 0.021295763552188873]
[-0.323769, 0.06004, -0.499765, -0.362979, -0.488334] => [0.021152589470148087, -0.020129982382059097, 0.019557038322091103, -0.016437789425253868, 0.020540710538625717]
[-0.322964, 0.040404, -0.499974, -0.409183, -0.355458] => [0.021480340510606766, -0.019965261220932007, 0.01910850591957569, -0.016797777265310287, 0.02008739672601223]
[-0.322855, 0.040601, -0.499781, -0.446211, -0.2583] => [0.022035226225852966, -0.020318355411291122, 0.018424106761813164, -0.017817040905356407, 0.019227061420679092]
[-0.323948, 0.061037, -0.499505, -0.365787, -0.269797] => [0.02233460545539856, -0.020386168733239174, 0.018346957862377167, -0.01796303503215313, 0.01912073604762554]
[-0.323635, 0.042182, -0.499354, -0.315344, -0.440651] => [0.020834553986787796, -0.020034296438097954, 0.01948646642267704, -0.0164153091609478, 0.02049591951072216]
[-0.322767, 0.043648, -0.4999, -0.285412, -0.179196] => [0.021790117025375366, -0.020283393561840057, 0.01855643279850483, -0.017633821815252304, 0.01938793435692787]
[-0.323862, 0.045505, -0.499958, -0.35507, -0.367504] => [0.021620988845825195, -0.019947446882724762, 0.019183224067091942, -0.016703149303793907, 0.020177572965621948]
[-0.322877, 0.042335, -0.499875, -0.484404, -0.392886] => [0.021047737449407578, -0.019793348386883736, 0.019666679203510284, -0.016032494604587555, 0.020767709240317345]
[-0.321942, 0.053835, -0.499381, -0.333575, -0.458438] => [0.021176882088184357, -0.020186347886919975, 0.019391287118196487, -0.01664573699235916, 0.02034657448530197]
[-0.322607, 0.03534, -0.499577, -0.395017, -0.284552] => [0.022048451006412506, -0.020320242270827293, 0.01841696724295616, -0.017826924100518227, 0.019218383356928825]
[-0.323985, 0.036599, -0.499296, -0.306433, -0.316861] => [0.022050578147172928, -0.020259257405996323, 0.018507424741983414, -0.017685681581497192, 0.019334888085722923]
[-0.321919, 0.040618, -0.499491, -0.31216, -0.464722] => [0.02077195793390274, -0.02019866183400154, 0.019272562116384506, -0.01674279198050499, 0.020238352939486504]
[-0.322253, 0.060686, -0.499627, -0.285231, -0.321036] => [0.022205982357263565, -0.020339960232377052, 0.0186492707580328, -0.017588315531611443, 0.01947578601539135]
[-0.32281, 0.060447, -0.499957, -0.352894, -0.356571] => [0.02244281768798828, -0.02028832584619522, 0.018993647769093513, -0.017181331291794777, 0.019875722005963326]
[-0.323736, 0.053117, -0.499616, -0.335138, -0.340361] => [0.022080011665821075, -0.020191611722111702, 0.01879512518644333, -0.017321044579148293, 0.019676459953188896]
[-0.323794, 0.061965, -0.499461, -0.28425, -0.327453] => [0.022386204451322556, -0.020365122705698013, 0.018675219267606735, -0.01758498139679432, 0.019497498869895935]
[-0.322293, 0.056516, -0.499723, -0.297937, -0.340958] => [0.02221744880080223, -0.020261744037270546, 0.01879376731812954, -0.017375783994793892, 0.0196574367582798]
[-0.322876, 0.049304, -0.499781, -0.254383, -0.286543] => [0.021921101957559586, -0.020302077755331993, 0.018485719338059425, -0.01773173175752163, 0.019301963970065117]
[-0.322891, 0.036961, -0.499681, -0.241434, -0.484213] => [0.02056080847978592, -0.020226169377565384, 0.019263533875346184, -0.01673915609717369, 0.020246433094143867]
[-0.322047, 0.051201, -0.499737, -0.320619, -0.309148] => [0.022041358053684235, -0.020287422463297844, 0.01846833899617195, -0.01774749346077442, 0.01928422786295414]
[-0.322927, 0.054517, -0.499371, -0.363179, -0.410996] => [0.021760430186986923, -0.02009892649948597, 0.01941274106502533, -0.01655464991927147, 0.020401673391461372]
[-0.322064, 0.033791, -0.499263, -0.288399, -0.452907] => [0.02065037190914154, -0.020184509456157684, 0.019281068816781044, -0.01670779287815094, 0.020259443670511246]
[-0.324217, 0.035782, -0.499475, -0.347803, -0.233715] => [0.022164534777402878, -0.020336801186203957, 0.018354296684265137, -0.0179136972874403, 0.019142191857099533]
[-0.324268, 0.060812, -0.499244, -0.453656, -0.186068] => [0.022256728261709213, -0.020349951460957527, 0.018304526805877686, -0.017982609570026398, 0.019081685692071915]
[-0.322443, 0.045476, -0.499531, -0.26004, -0.227248] => [0.02191966027021408, -0.02030187100172043, 0.018486494198441505, -0.017730657011270523, 0.019302908331155777]
[-0.322191, 0.053832, -0.499283, -0.343595, -0.450558] => [0.02117856591939926, -0.020131181925535202, 0.019509175792336464, -0.016475923359394073, 0.020493682473897934]
[-0.322225, 0.062226, -0.49925, -0.373815, -0.208379] => [0.022093042731285095, -0.020326603204011917, 0.0183928944170475, -0.017860256135463715, 0.01918911561369896]
[-0.324147, 0.049656, -0.499591, -0.333536, -0.435165] => [0.02122819796204567, -0.02008706144988537, 0.019482111558318138, -0.016471445560455322, 0.020476073026657104]
[-0.323211, 0.035915, -0.499835, -0.363988, -0.329264] => [0.021907426416873932, -0.020217960700392723, 0.018615908920764923, -0.01753002591431141, 0.0194690003991127]
[-0.323187, 0.031949, -0.499571, -0.400139, -0.272434] => [0.022076494991779327, -0.020324241369962692, 0.01840183138847351, -0.017847882583737373, 0.019199980422854424]
[-0.324004, 0.052169, -0.49944, -0.325122, -0.178256] => [0.02195528894662857, -0.02030695229768753, 0.018467264249920845, -0.01775728352367878, 0.01927952840924263]
[-0.322971, 0.034173, -0.499423, -0.330669, -0.172117] => [0.021878108382225037, -0.020295944064855576, 0.01850893162190914, -0.0176995899528265, 0.019330184906721115]
[-0.323779, 0.042184, -0.499884, -0.30391, -0.440274] => [0.020888127386569977, -0.0200868621468544, 0.019386054947972298, -0.016564320772886276, 0.020369669422507286]
[-0.323491, 0.047114, -0.4998, -0.469571, -0.288745] => [0.022018130868673325, -0.020283205434679985, 0.018482228741049767, -0.01772802695631981, 0.01930120773613453]
[-0.32279, 0.060149, -0.499458, -0.306302, -0.168336] => [0.021854382008314133, -0.020292559638619423, 0.018521739169955254, -0.01768185943365097, 0.019345754757523537]
[-0.32183, 0.048596, -0.499578, -0.47314, -0.490235] => [0.020316973328590393, -0.019571920856833458, 0.020555954426527023, -0.014917177148163319, 0.021807964891195297]
[-0.322169, 0.04333, -0.499518, -0.407791, -0.20537] => [0.02212231606245041, -0.020330779254436493, 0.018377091735601425, -0.01788213662803173, 0.01916990429162979]
[-0.323074, 0.031942, -0.499615, -0.474171, -0.277344] => [0.022006269544363022, -0.020314225926995277, 0.01843973994255066, -0.017795395106077194, 0.019246065989136696]
[-0.323434, 0.041373, -0.499425, -0.438165, -0.281533] => [0.022033993154764175, -0.020318180322647095, 0.01842477172613144, -0.017816118896007538, 0.01922786980867386]
[-0.323608, 0.037648, -0.499407, -0.253718, -0.295265] => [0.021884258836507797, -0.020296821370720863, 0.018505612388253212, -0.017704186961054802, 0.01932614855468273]
[-0.323594, 0.050075, -0.49975, -0.393815, -0.277568] => [0.022173497825860977, -0.02033807896077633, 0.018349459394812584, -0.017920395359396935, 0.01913631148636341]
[-0.323062, 0.040298, -0.499797, -0.376647, -0.49903] => [0.02039993181824684, -0.019829167053103447, 0.020177535712718964, -0.015518509782850742, 0.02131706103682518]
[-0.324269, 0.03382, -0.499927, -0.263178, -0.175127] => [0.021755505353212357, -0.020278455689549446, 0.018575122579932213, -0.017607945948839188, 0.01941065303981304]
[-0.32389, 0.047717, -0.499459, -0.296017, -0.302493] => [0.022087763994932175, -0.020322782918810844, 0.01840032823383808, -0.017849162220954895, 0.019198480993509293]
[-0.322347, 0.03467, -0.499458, -0.412407, -0.173403] => [0.022125907242298126, -0.02033129148185253, 0.018375152722001076, -0.017884820699691772, 0.019167548045516014]
[-0.323282, 0.040415, -0.499803, -0.430996, -0.356744] => [0.020964518189430237, -0.019917555153369904, 0.01918535679578781, -0.01669713668525219, 0.02017204277217388]
[-0.323002, 0.040232, -0.499483, -0.301568, -0.235878] => [0.022035960108041763, -0.02031845971941948, 0.018423711881041527, -0.017817586660385132, 0.01922658085823059]
[-0.322031, 0.062201, -0.499789, -0.271971, -0.323594] => [0.02219005674123764, -0.020344967022538185, 0.01868799701333046, -0.01754756085574627, 0.01951877772808075]
[-0.323913, 0.061845, -0.499288, -0.359262, -0.466214] => [0.021637436002492905, -0.020248880609869957, 0.019439594820141792, -0.0166581142693758, 0.020381152629852295]
[-0.323618, 0.046775, -0.499728, -0.396874, -0.461097] => [0.020504292100667953, -0.01975087635219097, 0.020130645483732224, -0.015506969764828682, 0.021288331598043442]
[-0.323089, 0.048051, -0.499891, -0.383849, -0.439975] => [0.020789533853530884, -0.01988241635262966, 0.019909987226128578, -0.015843424946069717, 0.02100987732410431]
[-0.324026, 0.042742, -0.499753, -0.361397, -0.366367] => [0.02097136527299881, -0.019918102771043777, 0.019180797040462494, -0.016703329980373383, 0.020166488364338875]
[-0.322689, 0.037774, -0.499478, -0.33514, -0.217716] => [0.02205740287899971, -0.020321518182754517, 0.018412137404084206, -0.017833612859249115, 0.0192125104367733]
[-0.321909, 0.058457, -0.49922, -0.417517, -0.337632] => [0.02233387902379036, -0.02024403028190136, 0.018931640312075615, -0.01721588522195816, 0.01981663703918457]
[-0.323396, 0.060075, -0.499639, -0.38009, -0.378374] => [0.022718068212270737, -0.020259004086256027, 0.019306417554616928, -0.0168263278901577, 0.020234283059835434]
[-0.323159, 0.06286, -0.49943, -0.322675, -0.312952] => [0.022557999938726425, -0.02044832706451416, 0.018498972058296204, -0.01784546487033367, 0.019276631996035576]
[-0.323726, 0.051722, -0.499495, -0.262897, -0.355074] => [0.02184712141752243, -0.020146872848272324, 0.018853899091482162, -0.017214156687259674, 0.01975593902170658]
[-0.323224, 0.036387, -0.499877, -0.411011, -0.434286] => [0.020506419241428375, -0.01966502144932747, 0.020093979313969612, -0.015469253063201904, 0.021276161074638367]
[-0.323838, 0.042595, -0.499266, -0.237803, -0.438852] => [0.0208519846200943, -0.02019587531685829, 0.01918608695268631, -0.016840528696775436, 0.020134544000029564]
[-0.322075, 0.048229, -0.499957, -0.356079, -0.426028] => [0.02106700837612152, -0.019943704828619957, 0.019675418734550476, -0.016144689172506332, 0.020733468234539032]
[-0.32315, 0.046303, -0.499979, -0.3563, -0.338339] => [0.021805018186569214, -0.02013339288532734, 0.018775762990117073, -0.01729043386876583, 0.019670795649290085]
[-0.322627, 0.033414, -0.499814, -0.398492, -0.257783] => [0.022075019776821136, -0.02032403275370598, 0.018402624875307083, -0.017846783623099327, 0.019200945273041725]
[-0.323759, 0.05364, -0.499922, -0.251193, -0.32088] => [0.021786142140626907, -0.020193753764033318, 0.018691712990403175, -0.017423266544938087, 0.01956189237535]
[-0.324111, 0.050737, -0.499511, -0.232559, -0.339073] => [0.021762192249298096, -0.02019924856722355, 0.018691321834921837, -0.017426133155822754, 0.019560467451810837]
[-0.322526, 0.051658, -0.499208, -0.281565, -0.307685] => [0.02195451408624649, -0.020275292918086052, 0.018514838069677353, -0.017683180049061775, 0.019340727478265762]
[-0.322496, 0.051162, -0.49968, -0.441393, -0.169003] => [0.022165853530168533, -0.02033698931336403, 0.01835358515381813, -0.017914682626724243, 0.01914132758975029]
[-0.322224, 0.049495, -0.499449, -0.473088, -0.376148] => [0.021665778011083603, -0.019969068467617035, 0.01948670856654644, -0.01638062112033367, 0.020516591146588326]
[-0.323504, 0.0339, -0.499819, -0.244448, -0.31599] => [0.02178134024143219, -0.020282140001654625, 0.018561173230409622, -0.017627257853746414, 0.019393697381019592]
[-0.322875, 0.050303, -0.499773, -0.390845, -0.485169] => [0.020580578595399857, -0.019797315821051598, 0.02011815644800663, -0.015566416084766388, 0.02125779539346695]
[-0.322761, 0.058707, -0.499652, -0.460499, -0.173703] => [0.02220708504319191, -0.02034286968410015, 0.01833132654428482, -0.01794550195336342, 0.019114267081022263]
[-0.323838, 0.062011, -0.499299, -0.22744, -0.29776] => [0.021782469004392624, -0.020286517217755318, 0.018574750050902367, -0.01761503890156746, 0.019408097490668297]
[-0.322215, 0.063275, -0.499275, -0.440013, -0.40632] => [0.022442784160375595, -0.020293964073061943, 0.019417809322476387, -0.01671118102967739, 0.020355835556983948]
[-0.323325, 0.054499, -0.499646, -0.492434, -0.231991] => [0.022107310593128204, -0.020328637212514877, 0.01838519237935543, -0.017870919778943062, 0.019179752096533775]
[-0.321809, 0.041126, -0.499376, -0.415525, -0.256206] => [0.02203340083360672, -0.02031809650361538, 0.018425090238451958, -0.01781567744910717, 0.0192282572388649]
[-0.323877, 0.051169, -0.499955, -0.289446, -0.394102] => [0.021633703261613846, -0.020076852291822433, 0.019199881702661514, -0.01677066646516323, 0.02016691491007805]
[-0.322012, 0.048927, -0.499339, -0.385442, -0.289328] => [0.022086098790168762, -0.020325612276792526, 0.018396645784378052, -0.01785506308078766, 0.019193675369024277]
[-0.323529, 0.037122, -0.49963, -0.343833, -0.215025] => [0.02209501340985298, -0.02032688446342945, 0.01839183084666729, -0.017861727625131607, 0.019187822937965393]
[-0.322203, 0.063251, -0.499973, -0.347027, -0.278836] => [0.022332243621349335, -0.020406853407621384, 0.01841895654797554, -0.017896143719553947, 0.019197773188352585]
[-0.322635, 0.061005, -0.499967, -0.495694, -0.458062] => [0.021683067083358765, -0.01995830237865448, 0.020084179937839508, -0.01574254408478737, 0.021180864423513412]
[-0.322706, 0.059997, -0.49983, -0.456687, -0.258342] => [0.02214651182293892, -0.020347338169813156, 0.01840813085436821, -0.01785961352288723, 0.019201096147298813]
[-0.322664, 0.039668, -0.49985, -0.228574, -0.407033] => [0.020976737141609192, -0.020094068720936775, 0.019105112180113792, -0.016854993999004364, 0.02006278932094574]
[-0.322351, 0.060265, -0.499551, -0.287601, -0.279881] => [0.021909069269895554, -0.020300360396504402, 0.018492216244339943, -0.017722735181450844, 0.019309865310788155]
[-0.323657, 0.055953, -0.499961, -0.390912, -0.34564] => [0.022260326892137527, -0.02020425535738468, 0.018949788063764572, -0.017165645956993103, 0.019847100600600243]
[-0.323479, 0.051739, -0.49923, -0.370815, -0.210645] => [0.02212413400411606, -0.020331038162112236, 0.01837610825896263, -0.01788349635899067, 0.019168710336089134]
[-0.323057, 0.042552, -0.499621, -0.411212, -0.343301] => [0.021678753197193146, -0.02005736157298088, 0.018930651247501373, -0.017060834914445877, 0.019865283742547035]
[-0.324142, 0.037934, -0.499562, -0.315599, -0.387422] => [0.021032895892858505, -0.019925573840737343, 0.019245488569140434, -0.016613997519016266, 0.02024882286787033]
[-0.322596, 0.058499, -0.499355, -0.301186, -0.399849] => [0.022047407925128937, -0.020235799252986908, 0.019150540232658386, -0.016951534897089005, 0.02007014863193035]
[-0.323654, 0.045619, -0.499227, -0.269557, -0.435776] => [0.020969290286302567, -0.02016092836856842, 0.01923077367246151, -0.01678837276995182, 0.020176783204078674]
[-0.322699, 0.060205, -0.499218, -0.368364, -0.366021] => [0.022507403045892715, -0.020252982154488564, 0.019164804369211197, -0.01697000302374363, 0.020077288150787354]
[-0.322866, 0.059098, -0.499911, -0.391566, -0.177647] => [0.022060319781303406, -0.020321935415267944, 0.018410561606287956, -0.017835794016718864, 0.01921059377491474]
[-0.323239, 0.0492, -0.499918, -0.280453, -0.484998] => [0.020827706903219223, -0.020216327160596848, 0.019214347004890442, -0.016821203753352165, 0.02016756683588028]
[-0.322032, 0.046547, -0.499396, -0.320014, -0.473778] => [0.020821206271648407, -0.020223023369908333, 0.019223401322960854, -0.01681528612971306, 0.02017802558839321]
[-0.322412, 0.060002, -0.499437, -0.329741, -0.316278] => [0.022445090115070343, -0.02039729617536068, 0.018537238240242004, -0.017763342708349228, 0.019332924857735634]
[-0.32224, 0.056647, -0.499728, -0.331235, -0.472691] => [0.021360140293836594, -0.020283497869968414, 0.019244004040956497, -0.016885574907064438, 0.02015441283583641]
[-0.321868, 0.044364, -0.49973, -0.462656, -0.416181] => [0.021070826798677444, -0.019791031256318092, 0.01983092539012432, -0.015852799639105797, 0.020952505990862846]
[-0.322483, 0.032295, -0.499544, -0.289061, -0.299067] => [0.02197571098804474, -0.020309865474700928, 0.018456239253282547, -0.017772549763321877, 0.019266124814748764]
[-0.322839, 0.063022, -0.499336, -0.471308, -0.296727] => [0.022649016231298447, -0.02038171887397766, 0.018686898052692413, -0.01759606972336769, 0.019504040479660034]
[-0.324253, 0.062892, -0.499677, -0.333483, -0.485362] => [0.021720271557569504, -0.020382216200232506, 0.019164634868502617, -0.017059925943613052, 0.02003677375614643]
[-0.324213, 0.038981, -0.49933, -0.445381, -0.270089] => [0.022064488381147385, -0.02032252959907055, 0.018408311530947685, -0.01783890835940838, 0.01920785941183567]
[-0.324036, 0.033616, -0.499298, -0.469407, -0.216445] => [0.022130295634269714, -0.020331917330622673, 0.018372783437371254, -0.017888100817799568, 0.019164668396115303]
[-0.324061, 0.059599, -0.499348, -0.49306, -0.479034] => [0.020797114819288254, -0.019718701019883156, 0.020338069647550583, -0.015272554010152817, 0.021526027470827103]
[-0.322962, 0.03733, -0.499846, -0.360671, -0.375162] => [0.020168188959360123, -0.01984458602964878, 0.01933210715651512, -0.01650320179760456, 0.020337894558906555]
[-0.32192, 0.038673, -0.499615, -0.477366, -0.467365] => [0.020350493490695953, -0.01952560804784298, 0.020521072670817375, -0.014914718456566334, 0.021784169599413872]
[-0.322234, 0.036916, -0.499286, -0.442193, -0.397873] => [0.01792776584625244, -0.019640915095806122, 0.019812308251857758, -0.015865206718444824, 0.020888766273856163]
[-0.323965, 0.045238, -0.499477, -0.4733, -0.385649] => [0.021432161331176758, -0.01987781934440136, 0.019596708938479424, -0.016185738146305084, 0.020664792507886887]
[-0.322045, 0.050457, -0.499857, -0.345895, -0.281204] => [0.02211654931306839, -0.020329955965280533, 0.01838020421564579, -0.01787782646715641, 0.01917368732392788]
[-0.324179, 0.048211, -0.499544, -0.355186, -0.473957] => [0.020744062960147858, -0.019975906237959862, 0.01974554732441902, -0.016101855784654617, 0.020795637741684914]
[-0.322495, 0.058132, -0.499929, -0.343071, -0.287981] => [0.022198215126991272, -0.020359598100185394, 0.01839664950966835, -0.01788312941789627, 0.019184701144695282]
[-0.321847, 0.043486, -0.499622, -0.342116, -0.363918] => [0.021517444401979446, -0.01998245157301426, 0.01909530907869339, -0.01681930385529995, 0.020070994272828102]
[-0.322554, 0.040256, -0.499576, -0.481669, -0.221663] => [0.022068824619054794, -0.020323147997260094, 0.018405970185995102, -0.01784215122461319, 0.019205011427402496]
[-0.322744, 0.046229, -0.499515, -0.249634, -0.415901] => [0.021025970578193665, -0.020088307559490204, 0.01916675455868244, -0.016794070601463318, 0.020129326730966568]
[-0.322012, 0.034266, -0.49967, -0.399406, -0.448499] => [0.020269475877285004, -0.019666140899062157, 0.020302990451455116, -0.015242509543895721, 0.02150770276784897]
[-0.323521, 0.040464, -0.499699, -0.24018, -0.183803] => [0.021723847836256027, -0.02027393877506256, 0.018592210486531258, -0.017584282904863358, 0.019431430846452713]
[-0.322345, 0.047808, -0.499552, -0.47667, -0.451607] => [0.020902786403894424, -0.019731707870960236, 0.020171960815787315, -0.01545370277017355, 0.02134162187576294]
[-0.323433, 0.056491, -0.499672, -0.266478, -0.423978] => [0.02157854661345482, -0.020315339788794518, 0.018992429599165916, -0.01717486046254635, 0.019869916141033173]
[-0.32336, 0.041683, -0.499629, -0.352577, -0.431199] => [0.020724188536405563, -0.019834784790873528, 0.019753744825720787, -0.015970369800925255, 0.020849911496043205]
[-0.322008, 0.050391, -0.499515, -0.330241, -0.278038] => [0.022092118859291077, -0.02032647095620632, 0.018393393605947495, -0.01785956509411335, 0.01918972283601761]
[-0.323391, 0.03853, -0.499736, -0.438028, -0.216524] => [0.02212786301970482, -0.020331570878624916, 0.018374094739556313, -0.017886284738779068, 0.019166260957717896]
[-0.322146, 0.063009, -0.499424, -0.227398, -0.451581] => [0.021320659667253494, -0.02028314396739006, 0.019142741337418556, -0.016978323459625244, 0.020048195496201515]
[-0.32344, 0.034007, -0.499661, -0.407482, -0.240444] => [0.022120114415884018, -0.020330464467406273, 0.018378280103206635, -0.01788049191236496, 0.019171347841620445]
[-0.323439, 0.058421, -0.499226, -0.39211, -0.243717] => [0.02216535061597824, -0.02033691667020321, 0.018353857100009918, -0.0179143063724041, 0.019141657277941704]
[-0.322638, 0.0328, -0.499809, -0.448694, -0.430099] => [0.01974356919527054, -0.01961171068251133, 0.02006899192929268, -0.015484707430005074, 0.021240968257188797]
[-0.323491, 0.048016, -0.499375, -0.423211, -0.344241] => [0.02167164906859398, -0.02002180926501751, 0.019001225009560585, -0.016958145424723625, 0.019953543320298195]
[-0.32277, 0.056718, -0.499872, -0.39499, -0.173793] => [0.022038936614990234, -0.020318884402513504, 0.01842210255563259, -0.017819814383983612, 0.0192246250808239]
[-0.323791, 0.035599, -0.499444, -0.321029, -0.200598] => [0.02199031412601471, -0.020311949774622917, 0.018448352813720703, -0.01778346858918667, 0.019256537780165672]
[-0.323458, 0.048388, -0.499848, -0.473229, -0.420818] => [0.02149365097284317, -0.01990692876279354, 0.019772842526435852, -0.016017811372876167, 0.020854439586400986]
[-0.323151, 0.049716, -0.4994, -0.484834, -0.275281] => [0.022061392664909363, -0.02032208815217018, 0.018409982323646545, -0.017836594954133034, 0.019209889695048332]
[-0.324139, 0.049036, -0.499894, -0.257413, -0.332606] => [0.0218229740858078, -0.02017294242978096, 0.0187107864767313, -0.0173900555819273, 0.019587859511375427]
[-0.323459, 0.06176, -0.499432, -0.480175, -0.340885] => [0.022718679159879684, -0.020282132551074028, 0.019112255424261093, -0.017058556899428368, 0.02000865712761879]
[-0.321832, 0.048551, -0.499575, -0.472468, -0.490286] => [0.020316902548074722, -0.019572662189602852, 0.02055525779724121, -0.01491849310696125, 0.021806983277201653]
[-0.321835, 0.048611, -0.499572, -0.472372, -0.489729] => [0.020323533564805984, -0.01957344450056553, 0.020547574386000633, -0.014927342534065247, 0.02179827354848385]
[-0.32183, 0.048744, -0.499556, -0.472713, -0.490246] => [0.020317893475294113, -0.019573716446757317, 0.02055348828434944, -0.014921233989298344, 0.02180471457540989]
[-0.321832, 0.048516, -0.49956, -0.473065, -0.490285] => [0.020316042006015778, -0.019571207463741302, 0.020557567477226257, -0.014914890751242638, 0.021809952333569527]
[-0.321833, 0.048844, -0.499558, -0.472465, -0.490704] => [0.020313546061515808, -0.019574901089072227, 0.0205571036785841, -0.014918291941285133, 0.021808357909321785]
[-0.321834, 0.048615, -0.49958, -0.473172, -0.49038] => [0.020315445959568024, -0.01957201212644577, 0.020557522773742676, -0.014915568754076958, 0.021809669211506844]
[-0.321835, 0.048431, -0.499556, -0.472373, -0.489922] => [0.020320437848567963, -0.019571736454963684, 0.020552290603518486, -0.014920945279300213, 0.021803978830575943]
[-0.321829, 0.048668, -0.499576, -0.473175, -0.489783] => [0.020322319120168686, -0.019572559744119644, 0.020549770444631577, -0.014924306422472, 0.021800952032208443]
[-0.321828, 0.048726, -0.499579, -0.472838, -0.49092] => [0.020310234278440475, -0.019573388621211052, 0.02056184783577919, -0.01491201389580965, 0.02181403897702694]
[-0.321831, 0.04867, -0.499576, -0.473021, -0.49028] => [0.020316943526268005, -0.019572725519537926, 0.020555317401885986, -0.01491849310696125, 0.021807024255394936]
[-0.32183, 0.048781, -0.499565, -0.472772, -0.491006] => [0.020309556275606155, -0.01957382634282112, 0.02056226134300232, -0.014911919832229614, 0.021814364939928055]
[-0.321835, 0.048787, -0.49958, -0.47268, -0.489729] => [0.02032408118247986, -0.019574468955397606, 0.020546235144138336, -0.014929593540728092, 0.021796490997076035]
[-0.321837, 0.048277, -0.499555, -0.472398, -0.49048] => [0.020313452929258347, -0.019570251926779747, 0.020560935139656067, -0.01491051260381937, 0.021813955157995224]
[-0.321834, 0.048481, -0.499581, -0.472425, -0.490116] => [0.020318567752838135, -0.019572239369153976, 0.02055380493402481, -0.014919713139533997, 0.021805504336953163]
[-0.321833, 0.048587, -0.499562, -0.47262, -0.490499] => [0.020314473658800125, -0.0195725429803133, 0.020558033138513565, -0.014915435574948788, 0.021810077130794525]
[-0.321831, 0.048307, -0.499567, -0.472946, -0.49048] => [0.020313017070293427, -0.01956965960562229, 0.020561959594488144, -0.014908956363797188, 0.021815257146954536]
[-0.321835, 0.048324, -0.499556, -0.473032, -0.491098] => [0.020306073129177094, -0.01956941746175289, 0.02056962437927723, -0.014900559559464455, 0.021823784336447716]
[-0.321829, 0.048286, -0.499573, -0.472631, -0.490284] => [0.020315464586019516, -0.01957012340426445, 0.02055886760354042, -0.014912623912096024, 0.0218117106705904]
[-0.321836, 0.048475, -0.499562, -0.472823, -0.489514] => [0.020324774086475372, -0.01957147940993309, 0.020548000931739807, -0.014925346709787846, 0.021799318492412567]
[-0.321831, 0.048799, -0.499573, -0.472717, -0.490633] => [0.020313911139965057, -0.019574230536818504, 0.020557256415486336, -0.01491759903728962, 0.021808724850416183]
[-0.321828, 0.048456, -0.499573, -0.473134, -0.48955] => [0.020323939621448517, -0.019570864737033844, 0.02054939791560173, -0.014923367649316788, 0.021801039576530457]
[-0.321833, 0.048366, -0.499554, -0.472404, -0.489971] => [0.020319517701864243, -0.019571103155612946, 0.02055378071963787, -0.014918847940862179, 0.021805809810757637]
[-0.321835, 0.048681, -0.499558, -0.473149, -0.48972] => [0.020323071628808975, -0.019572576507925987, 0.02054903656244278, -0.014925113879144192, 0.02180013433098793]
[-0.321831, 0.048502, -0.49956, -0.47241, -0.491071] => [0.020307864993810654, -0.01957203447818756, 0.02056540548801422, -0.014907129108905792, 0.021818365901708603]
[-0.321836, 0.04844, -0.499582, -0.472664, -0.490869] => [0.020309720188379288, -0.01957131177186966, 0.020564040169119835, -0.014908022247254848, 0.021817069500684738]
[-0.321837, 0.048644, -0.49958, -0.472841, -0.490776] => [0.02031153440475464, -0.01957273669540882, 0.02056102640926838, -0.014912382699549198, 0.021813321858644485]
[-0.321829, 0.048288, -0.499558, -0.472808, -0.490231] => [0.020315803587436676, -0.019569719210267067, 0.020558932796120644, -0.014912242069840431, 0.021811900660395622]
[-0.321835, 0.04825, -0.499554, -0.472787, -0.489948] => [0.02031884342432022, -0.01956946775317192, 0.02055593766272068, -0.014915255829691887, 0.021808667108416557]
[-0.321834, 0.048235, -0.499581, -0.47287, -0.490887] => [0.020308300852775574, -0.019569210708141327, 0.020567283034324646, -0.014902892522513866, 0.021821264177560806]
[-0.321829, 0.048413, -0.499575, -0.473033, -0.490898] => [0.020308781415224075, -0.019570376724004745, 0.020565886050462723, -0.014905313029885292, 0.021819381043314934]
[-0.321832, 0.048212, -0.499564, -0.472734, -0.490995] => [0.0203070230782032, -0.019569074735045433, 0.020568756386637688, -0.014901207759976387, 0.021822931244969368]
[-0.321832, 0.048342, -0.499565, -0.472959, -0.491024] => [0.020307086408138275, -0.01956978812813759, 0.020568186417222023, -0.014902387745678425, 0.021822091192007065]
[-0.321834, 0.048476, -0.499578, -0.472391, -0.490078] => [0.02031898871064186, -0.019572237506508827, 0.020553357899188995, -0.014920191839337349, 0.021805010735988617]
[-0.321834, 0.048752, -0.499569, -0.473131, -0.489112] => [0.020330272614955902, -0.01957344450056553, 0.02054062858223915, -0.014934804290533066, 0.021790601313114166]
[-0.321829, 0.048638, -0.49956, -0.472648, -0.490836] => [0.02031087502837181, -0.019572827965021133, 0.02056163363158703, -0.014911802485585213, 0.02181396633386612]
[-0.321835, 0.048835, -0.49958, -0.472614, -0.489998] => [0.020321372896432877, -0.019574925303459167, 0.020548734813928604, -0.014927273616194725, 0.02179911732673645]
[-0.321833, 0.048368, -0.499558, -0.472712, -0.491084] => [0.020306769758462906, -0.019570359960198402, 0.020568016916513443, -0.01490301825106144, 0.02182173542678356]
[-0.321832, 0.048706, -0.499576, -0.47259, -0.49063] => [0.02031366527080536, -0.019573690369725227, 0.020557910203933716, -0.014916467480361462, 0.02180960588157177]
[-0.321834, 0.048633, -0.499574, -0.472792, -0.490472] => [0.020314879715442657, -0.019572746008634567, 0.020557451993227005, -0.01491621881723404, 0.021809376776218414]
[-0.321833, 0.048524, -0.499554, -0.472653, -0.489548] => [0.020324744284152985, -0.01957211084663868, 0.020547492429614067, -0.014926386065781116, 0.021798573434352875]
[-0.321836, 0.048263, -0.499566, -0.473035, -0.489604] => [0.02032255381345749, -0.019569335505366325, 0.020552124828100204, -0.014919237233698368, 0.021804500371217728]
[-0.321832, 0.048511, -0.49958, -0.473078, -0.489495] => [0.020324941724538803, -0.01957150362432003, 0.02054779604077339, -0.014925584197044373, 0.021799085661768913]
[-0.321835, 0.048563, -0.499574, -0.472737, -0.490525] => [0.020314019173383713, -0.019572237506508827, 0.020558761432766914, -0.01491441298276186, 0.021810971200466156]
[-0.321832, 0.048442, -0.499576, -0.472477, -0.490403] => [0.020315073430538177, -0.019571708515286446, 0.020557967945933342, -0.014914835803210735, 0.021810254082083702]
[-0.321831, 0.048727, -0.499581, -0.472701, -0.49013] => [0.02031926065683365, -0.019573837518692017, 0.020551852881908417, -0.014923075214028358, 0.021802878007292747]
[-0.321829, 0.048672, -0.499568, -0.472897, -0.489814] => [0.020322244614362717, -0.019572995603084564, 0.02054944820702076, -0.014924992807209492, 0.021800469607114792]
[-0.321836, 0.048222, -0.49956, -0.473137, -0.490399] => [0.0203133262693882, -0.01956857368350029, 0.020562604069709778, -0.01490741316229105, 0.02181628718972206]
[-0.321836, 0.048799, -0.499567, -0.472849, -0.490319] => [0.02031729742884636, -0.019574027508497238, 0.02055389992892742, -0.014921042136847973, 0.02180507779121399]
[-0.321834, 0.048508, -0.499582, -0.472686, -0.489753] => [0.020322483032941818, -0.01957211084663868, 0.02054981142282486, -0.014923897571861744, 0.021801132708787918]
[-0.321831, 0.048303, -0.499583, -0.473029, -0.489427] => [0.020324774086475372, -0.019569870084524155, 0.02054925076663494, -0.0149227324873209, 0.0218011736869812]
[-0.321835, 0.048854, -0.499553, -0.47312, -0.490055] => [0.020320147275924683, -0.019573966041207314, 0.020551040768623352, -0.01492406614124775, 0.021801937371492386]
[-0.321834, 0.048246, -0.499567, -0.472524, -0.490509] => [0.020312882959842682, -0.019569866359233856, 0.020561832934617996, -0.014909245073795319, 0.021815059706568718]
[-0.321835, 0.048346, -0.499556, -0.472947, -0.490491] => [0.02031305804848671, -0.019569894298911095, 0.020561782643198967, -0.014909334480762482, 0.021814992651343346]
[-0.321832, 0.048801, -0.499577, -0.473008, -0.489898] => [0.020321864634752274, -0.019573954865336418, 0.020549092441797256, -0.014926133677363396, 0.02179979346692562]
[-0.321836, 0.048561, -0.499569, -0.472943, -0.490705] => [0.020311765372753143, -0.019571779295802116, 0.020561613142490387, -0.014911003410816193, 0.021814249455928802]
[-0.321832, 0.048634, -0.499566, -0.472704, -0.490191] => [0.020318064838647842, -0.019572902470827103, 0.02055392973124981, -0.014920113608241081, 0.021805444732308388]
[-0.321829, 0.048393, -0.499575, -0.472567, -0.491031] => [0.020307693630456924, -0.019570980221033096, 0.02056642435491085, -0.014905203133821487, 0.02181980013847351]
[-0.321836, 0.048735, -0.499562, -0.472562, -0.489447] => [0.02032703161239624, -0.01957414485514164, 0.020543385297060013, -0.014932392165064812, 0.021793441846966743]
[-0.321831, 0.04878, -0.499572, -0.472998, -0.489616] => [0.02032490074634552, -0.019573817029595375, 0.02054598554968834, -0.014929354190826416, 0.02179640531539917]
[-0.321829, 0.048531, -0.499569, -0.472778, -0.489211] => [0.020328450947999954, -0.01957215927541256, 0.020543470978736877, -0.014930730685591698, 0.021794121712446213]
[-0.321829, 0.048526, -0.499557, -0.472803, -0.490164] => [0.020317677408456802, -0.01957174576818943, 0.02055531181395054, -0.014917723834514618, 0.021807309240102768]
[-0.321835, 0.048243, -0.499567, -0.472786, -0.490521] => [0.020312465727329254, -0.019569389522075653, 0.02056274004280567, -0.014907901175320148, 0.021816199645400047]
[-0.321831, 0.048798, -0.499578, -0.472962, -0.490685] => [0.020313095301389694, -0.01957383006811142, 0.02055850625038147, -0.0149159487336874, 0.021810218691825867]
[-0.321833, 0.048801, -0.49956, -0.472456, -0.490841] => [0.020311828702688217, -0.019574536010622978, 0.020559212192893028, -0.01491574477404356, 0.02181079238653183]
[-0.32183, 0.048242, -0.499561, -0.472822, -0.489874] => [0.020319588482379913, -0.019569415599107742, 0.020555147901177406, -0.01491605769842863, 0.02180781215429306]
[-0.321833, 0.048482, -0.499565, -0.473136, -0.490137] => [0.020317494869232178, -0.01957087591290474, 0.020556295290589333, -0.014915990643203259, 0.021808646619319916]
[-0.321835, 0.048271, -0.49957, -0.47237, -0.489085] => [0.02032911777496338, -0.01957070827484131, 0.02054383046925068, -0.014929189346730709, 0.02179494872689247]
[-0.321829, 0.048609, -0.499569, -0.472478, -0.489487] => [0.020326051861047745, -0.01957327127456665, 0.020545046776533127, -0.01492991577833891, 0.02179553359746933]
[-0.32183, 0.048226, -0.499571, -0.472876, -0.490678] => [0.020310506224632263, -0.01956908591091633, 0.020565051585435867, -0.01490518357604742, 0.021818840876221657]
[-0.32183, 0.048253, -0.499555, -0.473024, -0.489933] => [0.020318731665611267, -0.019569095224142075, 0.020556392148137093, -0.014914477244019508, 0.021809278056025505]
[-0.321833, 0.048333, -0.499568, -0.473175, -0.489494] => [0.020323950797319412, -0.019569728523492813, 0.02055034227669239, -0.0149214593693614, 0.021802416071295738]
[-0.321831, 0.048653, -0.499578, -0.472608, -0.489532] => [0.0203256793320179, -0.01957348734140396, 0.02054528333246708, -0.014929832890629768, 0.021795732900500298]
[-0.32183, 0.048723, -0.499569, -0.472641, -0.489451] => [0.020326834172010422, -0.019573964178562164, 0.020543714985251427, -0.014931892976164818, 0.02179385907948017]
[-0.321835, 0.048729, -0.499582, -0.47253, -0.49109] => [0.02030874788761139, -0.019573932513594627, 0.020562926307320595, -0.014911284670233727, 0.021815070882439613]
[-0.321836, 0.048862, -0.499579, -0.472431, -0.490307] => [0.02031823620200157, -0.019575387239456177, 0.02055164985358715, -0.014924513176083565, 0.021802198141813278]
[-0.32183, 0.048651, -0.499572, -0.472508, -0.491017] => [0.020309127867221832, -0.019573241472244263, 0.02056308276951313, -0.014910570345818996, 0.02181544527411461]
[-0.321837, 0.048567, -0.499579, -0.47294, -0.49073] => [0.020311575382947922, -0.01957191713154316, 0.020561672747135162, -0.014911046251654625, 0.02181427553296089]
[-0.321834, 0.04837, -0.499561, -0.47312, -0.48924] => [0.020326998084783554, -0.019570134580135345, 0.02054678462445736, -0.014925593510270119, 0.02179837040603161]
[-0.321836, 0.048415, -0.499571, -0.472383, -0.490306] => [0.020316142588853836, -0.01957162283360958, 0.020556911826133728, -0.014915899373590946, 0.021809114143252373]
[-0.321836, 0.04847, -0.499557, -0.473028, -0.489671] => [0.020322751253843307, -0.019571004435420036, 0.02055061236023903, -0.014922181144356728, 0.02180233597755432]
[-0.321833, 0.048676, -0.499582, -0.472925, -0.490247] => [0.02031749114394188, -0.01957300305366516, 0.020554473623633385, -0.014919611625373363, 0.021806014701724052]
[-0.321829, 0.048284, -0.499576, -0.472568, -0.489528] => [0.020323995500802994, -0.019570419564843178, 0.020549526438117027, -0.014922861009836197, 0.02180131897330284]
[-0.321832, 0.048204, -0.499557, -0.473102, -0.490488] => [0.02031223475933075, -0.01956843212246895, 0.02056385949254036, -0.014905955642461777, 0.021817713975906372]
[-0.321828, 0.048337, -0.499558, -0.473119, -0.490971] => [0.020307417958974838, -0.01956942118704319, 0.020568178966641426, -0.01490211021155119, 0.021822188049554825]
[-0.321828, 0.048698, -0.49956, -0.472471, -0.490734] => [0.02031247690320015, -0.019573664292693138, 0.020559199154376984, -0.014915065839886665, 0.02181103639304638]
[-0.321834, 0.048595, -0.499568, -0.473045, -0.489355] => [0.020326897501945496, -0.019572200253605843, 0.020545195788145065, -0.014928923919796944, 0.021796010434627533]
[-0.321834, 0.04864, -0.499576, -0.473124, -0.490798] => [0.02031092345714569, -0.019572174176573753, 0.02056220732629299, -0.014910679310560226, 0.02181478962302208]
[-0.321832, 0.048592, -0.49956, -0.472449, -0.490064] => [0.02031952515244484, -0.019572965800762177, 0.020552270114421844, -0.014921939000487328, 0.021803593263030052]
[-0.321835, 0.048316, -0.499554, -0.472956, -0.489612] => [0.020322728902101517, -0.019569814205169678, 0.020551567897200584, -0.014920213259756565, 0.02180374413728714]
[-0.321831, 0.048672, -0.499575, -0.473115, -0.490965] => [0.02030918374657631, -0.019572408869862556, 0.02056385762989521, -0.014909096993505955, 0.021816540509462357]
[-0.321834, 0.048478, -0.49958, -0.472728, -0.489648] => [0.020323462784290314, -0.01957179233431816, 0.020549044013023376, -0.014924467541277409, 0.02180038020014763]
[-0.321836, 0.048574, -0.49956, -0.473046, -0.490005] => [0.02031950280070305, -0.01957179792225361, 0.020553424954414368, -0.014919796027243137, 0.021805206313729286]
[-0.32183, 0.048607, -0.499583, -0.472547, -0.489361] => [0.020327460020780563, -0.019573286175727844, 0.02054351568222046, -0.014931565150618553, 0.02179384045302868]
[-0.321833, 0.048575, -0.499575, -0.47305, -0.489882] => [0.02032092958688736, -0.019571958109736443, 0.020551713183522224, -0.01492174994200468, 0.021803272888064384]
[-0.321829, 0.048459, -0.499568, -0.472379, -0.489773] => [0.020322248339653015, -0.019572097808122635, 0.020550016313791275, -0.014923661947250366, 0.021801365539431572]
[-0.321834, 0.048329, -0.499567, -0.472479, -0.490213] => [0.020316634327173233, -0.019570715725421906, 0.020557144656777382, -0.014914937317371368, 0.021809637546539307]
[-0.321829, 0.048575, -0.499575, -0.472997, -0.490615] => [0.02031274512410164, -0.019571874290704727, 0.020560448989272118, -0.014912321232259274, 0.021812940016388893]
[-0.321833, 0.048392, -0.499555, -0.472421, -0.489833] => [0.020321175456047058, -0.01957133412361145, 0.020551836118102074, -0.014921113848686218, 0.02180359698832035]
[-0.321832, 0.048856, -0.499573, -0.473104, -0.490017] => [0.020320672541856766, -0.01957418955862522, 0.020550213754177094, -0.014925121329724789, 0.02180096134543419]
[-0.32183, 0.04823, -0.499579, -0.473117, -0.49037] => [0.020313754677772522, -0.01956884376704693, 0.020561834797263145, -0.01490844413638115, 0.021815359592437744]
[-0.321837, 0.048246, -0.499569, -0.472945, -0.489606] => [0.020322568714618683, -0.01956937462091446, 0.020552044734358788, -0.014919350855052471, 0.02180439978837967]
[-0.321834, 0.048396, -0.499579, -0.4728, -0.489245] => [0.020327500998973846, -0.019571062177419662, 0.02054535783827305, -0.01492784172296524, 0.02179652638733387]
[-0.321835, 0.048707, -0.499574, -0.473159, -0.489156] => [0.02032957226037979, -0.019573049619793892, 0.020541688427329063, -0.014933355152606964, 0.021791888400912285]
[-0.321831, 0.048594, -0.49958, -0.47318, -0.490596] => [0.020312905311584473, -0.01957176811993122, 0.02056041918694973, -0.014912274666130543, 0.021812934428453445]
[-0.321829, 0.048502, -0.499561, -0.472786, -0.489231] => [0.020328044891357422, -0.019571827724575996, 0.020544204860925674, -0.014929685741662979, 0.02179502695798874]
[-0.321832, 0.048651, -0.499566, -0.47262, -0.490396] => [0.020315945148468018, -0.019573142752051353, 0.020555973052978516, -0.014918114989995956, 0.021807627752423286]
[-0.32183, 0.048835, -0.49956, -0.472778, -0.489455] => [0.020327124744653702, -0.019574593752622604, 0.020542966201901436, -0.014933199621737003, 0.02179284580051899]
[-0.321832, 0.048615, -0.499558, -0.472998, -0.489469] => [0.02032570168375969, -0.019572336226701736, 0.02054637297987938, -0.014927773736417294, 0.021797265857458115]
[-0.32183, 0.048373, -0.499557, -0.473045, -0.48989] => [0.02031976357102394, -0.01957010105252266, 0.02055448107421398, -0.014917319640517235, 0.021806873381137848]
[-0.321836, 0.048226, -0.499555, -0.472876, -0.489484] => [0.02032383531332016, -0.01956923119723797, 0.020550837740302086, -0.014920532703399658, 0.0218031108379364]
[-0.321829, 0.048648, -0.499571, -0.472531, -0.490856] => [0.02031087875366211, -0.019573204219341278, 0.020561257377266884, -0.014912497252225876, 0.021813442930579185]
[-0.321832, 0.048849, -0.499563, -0.472485, -0.489472] => [0.02032734826207161, -0.019575241953134537, 0.020542126148939133, -0.014934604987502098, 0.0217917300760746]
[-0.321833, 0.048574, -0.49957, -0.473067, -0.490812] => [0.020310476422309875, -0.019571658223867416, 0.020563097670674324, -0.014909318648278713, 0.02181592397391796]
[-0.321834, 0.048259, -0.499582, -0.472845, -0.49041] => [0.02031378075480461, -0.019569577649235725, 0.02056114561855793, -0.014909756369888783, 0.021814383566379547]
[-0.321829, 0.048579, -0.49956, -0.473128, -0.490308] => [0.0203159898519516, -0.01957162469625473, 0.02055729180574417, -0.01491551473736763, 0.021809525787830353]
[-0.321837, 0.048862, -0.499583, -0.473002, -0.490147] => [0.02031945437192917, -0.019574474543333054, 0.020551249384880066, -0.014924234710633755, 0.021802019327878952]
[-0.321836, 0.048656, -0.499567, -0.472962, -0.490386] => [0.0203157477080822, -0.019572608172893524, 0.02055671624839306, -0.014916906133294106, 0.021808601915836334]
[-0.321831, 0.048336, -0.499567, -0.47266, -0.489337] => [0.020326249301433563, -0.019570669159293175, 0.020546987652778625, -0.01492578350007534, 0.02179844118654728]
[-0.321831, 0.048267, -0.499575, -0.473104, -0.490253] => [0.02031523734331131, -0.019569173455238342, 0.020560001954436302, -0.014910669066011906, 0.02181323990225792]
[-0.321831, 0.048625, -0.499578, -0.473056, -0.491079] => [0.020307764410972595, -0.01957211270928383, 0.0205655787140131, -0.014907017350196838, 0.021818527951836586]
[-0.321828, 0.048419, -0.49956, -0.472516, -0.490294] => [0.020316023379564285, -0.01957133039832115, 0.020557302981615067, -0.014915253035724163, 0.02180963009595871]
[-0.321832, 0.048272, -0.499554, -0.473144, -0.490881] => [0.020308103412389755, -0.01956881769001484, 0.02056797407567501, -0.01490185409784317, 0.021822139620780945]
[-0.321829, 0.048537, -0.499579, -0.472452, -0.489754] => [0.020322799682617188, -0.019572731107473373, 0.020548896864056587, -0.014925360679626465, 0.02179994247853756]
[-0.321837, 0.048583, -0.499579, -0.472712, -0.489237] => [0.020328596234321594, -0.019572798162698746, 0.020542791113257408, -0.014931962825357914, 0.021793182939291]
[-0.321832, 0.048243, -0.499557, -0.472793, -0.490578] => [0.020311735570430756, -0.0195692740380764, 0.020563622936606407, -0.0149068683385849, 0.021817205473780632]
[-0.32183, 0.04856, -0.499571, -0.472728, -0.489379] => [0.020326782017946243, -0.01957247033715248, 0.020544981583952904, -0.014929357916116714, 0.021795697510242462]
[-0.321837, 0.048743, -0.499563, -0.472844, -0.489504] => [0.020326144993305206, -0.019573720172047615, 0.0205447506159544, -0.0149306021630764, 0.02179507166147232]
[-0.32183, 0.048538, -0.499564, -0.472863, -0.489529] => [0.020324822515249252, -0.019571954384446144, 0.020547546446323395, -0.014926208183169365, 0.021798675879836082]
[-0.321832, 0.048463, -0.499564, -0.472721, -0.491058] => [0.020307522267103195, -0.019571205601096153, 0.020566515624523163, -0.01490529254078865, 0.0218198299407959]
[-0.321833, 0.04865, -0.499557, -0.472655, -0.489806] => [0.020322464406490326, -0.019573135301470757, 0.02054908499121666, -0.014925491064786911, 0.021800028160214424]
[-0.321835, 0.048337, -0.499581, -0.472446, -0.489905] => [0.02032022923231125, -0.019571036100387573, 0.02055300772190094, -0.014919618144631386, 0.02180497907102108]
[-0.321836, 0.048672, -0.499564, -0.472379, -0.490282] => [0.020317599177360535, -0.019573748111724854, 0.02055368199944496, -0.014921043068170547, 0.021804923191666603]
[-0.321828, 0.048739, -0.499559, -0.473008, -0.489887] => [0.020321570336818695, -0.01957327499985695, 0.020549995824694633, -0.014924631454050541, 0.021800989285111427]
[-0.321832, 0.048262, -0.49958, -0.473026, -0.489131] => [0.020327888429164886, -0.019569573923945427, 0.020546192303299904, -0.014925776049494743, 0.02179788425564766]
[-0.32183, 0.048326, -0.499556, -0.472651, -0.490961] => [0.020307980477809906, -0.0195701215416193, 0.020566899329423904, -0.014904024079442024, 0.02182057499885559]
[-0.32183, 0.048392, -0.499558, -0.472696, -0.490348] => [0.02031511440873146, -0.019570764154195786, 0.020558800548315048, -0.014913207851350307, 0.02181144803762436]
[-0.32183, 0.048317, -0.499573, -0.472832, -0.489986] => [0.020318735390901566, -0.019570110365748405, 0.02055545523762703, -0.014916272833943367, 0.021807949990034103]
[-0.321835, 0.048269, -0.499572, -0.472745, -0.489429] => [0.020324867218732834, -0.01956997811794281, 0.02054903656244278, -0.01492304541170597, 0.021800905466079712]
[-0.321833, 0.048697, -0.499582, -0.472805, -0.489604] => [0.020324911922216415, -0.01957353763282299, 0.020546115934848785, -0.014928987249732018, 0.021796632558107376]
[-0.321834, 0.048732, -0.499554, -0.472652, -0.489218] => [0.02032942697405815, -0.01957394741475582, 0.020541036501526833, -0.014934755861759186, 0.02179090678691864]
[-0.321829, 0.04869, -0.499576, -0.473045, -0.490545] => [0.020314034074544907, -0.019572788849473, 0.02055836282670498, -0.014915281906723976, 0.021810365840792656]
[-0.321832, 0.048262, -0.499565, -0.472734, -0.489432] => [0.02032475546002388, -0.01956987753510475, 0.020549247041344643, -0.014922739006578922, 0.021801168099045753]
[-0.321832, 0.048793, -0.499567, -0.472811, -0.489544] => [0.020325947552919388, -0.019574223086237907, 0.020544512197375298, -0.014931250363588333, 0.02179466001689434]
[-0.321835, 0.048342, -0.499566, -0.472712, -0.490072] => [0.020318027585744858, -0.019570449367165565, 0.020555950701236725, -0.01491601299494505, 0.02180839516222477]
[-0.321835, 0.048283, -0.499578, -0.472702, -0.490921] => [0.020308323204517365, -0.019569870084524155, 0.020566700026392937, -0.014904036186635494, 0.0218204278498888]
[-0.321828, 0.048363, -0.49956, -0.473008, -0.489831] => [0.02032041922211647, -0.019570117816329002, 0.020553747192025185, -0.014918115921318531, 0.021806059405207634]
[-0.321832, 0.04843, -0.499561, -0.472788, -0.490209] => [0.02031678706407547, -0.019570985808968544, 0.020556870847940445, -0.01491545233875513, 0.021809251978993416]
[-0.321831, 0.048377, -0.499574, -0.472679, -0.489956] => [0.020319536328315735, -0.01957089640200138, 0.020553935319185257, -0.01491851918399334, 0.02180604077875614]
[-0.321837, 0.048427, -0.499577, -0.472937, -0.491075] => [0.020307045429944992, -0.019570639356970787, 0.020567523315548897, -0.01490376703441143, 0.02182110957801342]
[-0.32183, 0.048229, -0.499555, -0.472602, -0.489224] => [0.020326998084783554, -0.01956978812813759, 0.020546916872262955, -0.014925164170563221, 0.021798621863126755]
[-0.321835, 0.048319, -0.499558, -0.47303, -0.491087] => [0.020306184887886047, -0.01956939697265625, 0.020569514483213425, -0.014900661073625088, 0.021823668852448463]
[-0.321835, 0.048322, -0.499557, -0.473041, -0.491093] => [0.020306114107370377, -0.01956939324736595, 0.02056959643959999, -0.01490057073533535, 0.021823761984705925]
[-0.321835, 0.048323, -0.499558, -0.473036, -0.491089] => [0.02030617743730545, -0.01956942118704319, 0.020569507032632828, -0.014900688081979752, 0.02182365395128727]
[-0.321835, 0.048322, -0.499557, -0.473032, -0.491097] => [0.02030608057975769, -0.019569410011172295, 0.02056961879134178, -0.01490055862814188, 0.021823780611157417]
[-0.321836, 0.048322, -0.499557, -0.473027, -0.49108] => [0.020306285470724106, -0.01956942304968834, 0.020569395273923874, -0.014900809153914452, 0.02182352915406227]
[-0.321835, 0.048319, -0.499557, -0.473033, -0.491097] => [0.020306069403886795, -0.019569382071495056, 0.020569657906889915, -0.014900495298206806, 0.021823832765221596]
[-0.321836, 0.04832, -0.499556, -0.473031, -0.491082] => [0.020306240767240524, -0.019569389522075653, 0.020569469779729843, -0.01490070205181837, 0.021823622286319733]
[-0.321835, 0.048319, -0.499557, -0.473034, -0.491084] => [0.020306207239627838, -0.019569382071495056, 0.02056950516998768, -0.014900660142302513, 0.021823663264513016]
[-0.321835, 0.048321, -0.499558, -0.473035, -0.491084] => [0.020306222140789032, -0.019569406285881996, 0.020569466054439545, -0.014900719746947289, 0.021823614835739136]
[-0.321835, 0.048321, -0.499556, -0.473042, -0.491083] => [0.020306214690208435, -0.019569378346204758, 0.02056950516998768, -0.01490065548568964, 0.021823665127158165]
[-0.321836, 0.048324, -0.499557, -0.473027, -0.491092] => [0.020306158810853958, -0.019569436088204384, 0.020569518208503723, -0.014900688081979752, 0.021823661401867867]
[-0.321835, 0.048324, -0.499556, -0.473036, -0.491091] => [0.020306147634983063, -0.019569411873817444, 0.02056954987347126, -0.014900634065270424, 0.0218237042427063]
[-0.321835, 0.04832, -0.499557, -0.473039, -0.491092] => [0.020306117832660675, -0.019569382071495056, 0.02056960202753544, -0.014900553971529007, 0.02182377129793167]
[-0.321836, 0.048323, -0.499556, -0.473032, -0.491096] => [0.020306099206209183, -0.019569410011172295, 0.020569605752825737, -0.014900573529303074, 0.021823765709996223]
[-0.321836, 0.048323, -0.499557, -0.47303, -0.491096] => [0.02030610293149948, -0.01956942118704319, 0.020569587126374245, -0.014900603331625462, 0.021823741495609283]
[-0.321835, 0.048319, -0.499556, -0.473029, -0.491094] => [0.020306099206209183, -0.019569382071495056, 0.02056962437927723, -0.014900530688464642, 0.02182379551231861]
[-0.321836, 0.048321, -0.499557, -0.473033, -0.491082] => [0.02030624821782112, -0.019569402560591698, 0.020569447427988052, -0.014900736510753632, 0.021823594346642494]
[-0.321835, 0.048322, -0.499557, -0.473027, -0.491098] => [0.020306073129177094, -0.01956941746175289, 0.020569616928696632, -0.014900567010045052, 0.02182377688586712]
[-0.321836, 0.048322, -0.499558, -0.47304, -0.491093] => [0.02030613273382187, -0.019569406285881996, 0.02056957222521305, -0.01490060519427061, 0.021823730319738388]
[-0.321835, 0.04832, -0.499557, -0.473029, -0.491098] => [0.020306061953306198, -0.01956939697265625, 0.02056964673101902, -0.014900518581271172, 0.021823816001415253]
[-0.321835, 0.048321, -0.499558, -0.47303, -0.491091] => [0.020306143909692764, -0.019569413736462593, 0.020569536834955215, -0.014900649897754192, 0.021823689341545105]
[-0.321835, 0.048318, -0.499557, -0.473038, -0.49109] => [0.020306136459112167, -0.019569367170333862, 0.02056959830224514, -0.014900547452270985, 0.02182377129793167]
[-0.321835, 0.048321, -0.499557, -0.473042, -0.491084] => [0.020306210964918137, -0.019569385796785355, 0.02056950330734253, -0.01490066573023796, 0.021823659539222717]
[-0.321835, 0.04832, -0.499557, -0.473039, -0.491078] => [0.02030627802014351, -0.019569383934140205, 0.02056943252682686, -0.01490073837339878, 0.0218235831707716]
[-0.321835, 0.048322, -0.499557, -0.473035, -0.491095] => [0.020306095480918884, -0.019569404423236847, 0.02056960202753544, -0.0149005725979805, 0.021823763847351074]
[-0.321836, 0.048324, -0.499557, -0.473028, -0.49108] => [0.020306296646595, -0.019569437950849533, 0.020569374784827232, -0.014900842681527138, 0.021823503077030182]
[-0.321835, 0.048322, -0.499557, -0.473041, -0.491087] => [0.02030618116259575, -0.0195693951100111, 0.02056952379643917, -0.014900648966431618, 0.02182368002831936]
[-0.321836, 0.048318, -0.499557, -0.473029, -0.491082] => [0.020306240767240524, -0.019569383934140205, 0.020569471642374992, -0.014900697395205498, 0.02182362601161003]
[-0.321836, 0.048318, -0.499556, -0.473027, -0.491091] => [0.020306136459112167, -0.01956937648355961, 0.020569592714309692, -0.014900561422109604, 0.021823761984705925]
[-0.321835, 0.048321, -0.499556, -0.473031, -0.491094] => [0.02030610665678978, -0.0195693951100111, 0.020569607615470886, -0.014900559559464455, 0.02182377316057682]
[-0.321835, 0.048319, -0.499557, -0.473033, -0.491096] => [0.020306076854467392, -0.019569382071495056, 0.02056964486837387, -0.014900509268045425, 0.021823817864060402]
[-0.321835, 0.048321, -0.499557, -0.473039, -0.491078] => [0.02030627802014351, -0.01956939324736595, 0.020569421350955963, -0.014900756999850273, 0.021823568269610405]
[-0.321836, 0.048319, -0.499557, -0.473031, -0.491081] => [0.02030625194311142, -0.019569389522075653, 0.02056945487856865, -0.014900719746947289, 0.02182360552251339]
[-0.321835, 0.048318, -0.499558, -0.47303, -0.49109] => [0.020306147634983063, -0.019569389522075653, 0.020569559186697006, -0.01490060519427061, 0.02182372286915779]
[-0.321836, 0.048321, -0.499557, -0.473028, -0.49108] => [0.02030627802014351, -0.019569411873817444, 0.020569410175085068, -0.014900784008204937, 0.021823551505804062]
[-0.321835, 0.048319, -0.499557, -0.473029, -0.491086] => [0.020306192338466644, -0.019569391384720802, 0.020569514483213425, -0.01490065734833479, 0.021823670715093613]
[-0.321835, 0.048323, -0.499558, -0.473037, -0.491093] => [0.02030612900853157, -0.01956941746175289, 0.020569557324051857, -0.0149006312713027, 0.021823711693286896]
[-0.321836, 0.048323, -0.499557, -0.473041, -0.491096] => [0.020306095480918884, -0.019569402560591698, 0.020569615066051483, -0.014900557696819305, 0.021823778748512268]
[-0.321836, 0.048323, -0.499557, -0.473033, -0.491081] => [0.020306266844272614, -0.01956941932439804, 0.020569413900375366, -0.01490078680217266, 0.021823551505804062]
[-0.321835, 0.04832, -0.499556, -0.473042, -0.491079] => [0.020306259393692017, -0.01956937089562416, 0.020569469779729843, -0.014900688081979752, 0.02182362787425518]
[-0.321836, 0.048323, -0.499556, -0.473038, -0.491085] => [0.020306218415498734, -0.019569402560591698, 0.020569490268826485, -0.014900690875947475, 0.021823640912771225]
[-0.321835, 0.048323, -0.499557, -0.473043, -0.491079] => [0.02030627429485321, -0.019569402560591698, 0.020569421350955963, -0.014900763519108295, 0.021823566406965256]
[-0.321836, 0.048323, -0.499556, -0.473031, -0.49108] => [0.02030627802014351, -0.019569413736462593, 0.020569410175085068, -0.014900785870850086, 0.021823549643158913]
[-0.321835, 0.048318, -0.499556, -0.473043, -0.491086] => [0.020306169986724854, -0.01956935040652752, 0.020569579675793648, -0.014900553971529007, 0.021823756396770477]
[-0.321835, 0.04832, -0.499556, -0.473028, -0.491097] => [0.020306065678596497, -0.019569389522075653, 0.02056964673101902, -0.014900512993335724, 0.021823817864060402]
[-0.321836, 0.048321, -0.499557, -0.473038, -0.491084] => [0.02030622586607933, -0.01956939324736595, 0.020569488406181335, -0.014900687150657177, 0.021823640912771225]
[-0.321835, 0.048319, -0.499558, -0.47304, -0.491098] => [0.020306050777435303, -0.019569378346204758, 0.02056967280805111, -0.014900477603077888, 0.02182384952902794]
[-0.321835, 0.048319, -0.499557, -0.473028, -0.49108] => [0.020306263118982315, -0.01956939324736595, 0.020569438114762306, -0.014900739304721355, 0.021823586896061897]
[-0.321835, 0.048322, -0.499557, -0.473042, -0.491097] => [0.020306065678596497, -0.01956939324736595, 0.02056964673101902, -0.014900514855980873, 0.021823817864060402]
[-0.321836, 0.048319, -0.499557, -0.473032, -0.491078] => [0.020306289196014404, -0.019569389522075653, 0.020569421350955963, -0.014900755137205124, 0.021823568269610405]
[-0.321836, 0.048319, -0.499556, -0.473038, -0.491082] => [0.02030622959136963, -0.01956936903297901, 0.02056950144469738, -0.014900652691721916, 0.021823663264513016]
[-0.321836, 0.048323, -0.499557, -0.473032, -0.491097] => [0.020306091755628586, -0.01956941746175289, 0.02056960202753544, -0.01490058284252882, 0.021823760122060776]
[-0.321836, 0.048321, -0.499558, -0.473034, -0.491096] => [0.020306095480918884, -0.019569406285881996, 0.020569603890180588, -0.0149005725979805, 0.021823765709996223]
[-0.321836, 0.048323, -0.499557, -0.473035, -0.491093] => [0.020306136459112167, -0.019569413736462593, 0.020569562911987305, -0.014900622889399529, 0.021823717281222343]
[-0.321835, 0.048319, -0.499557, -0.473038, -0.491085] => [0.020306188613176346, -0.01956937648355961, 0.02056952565908432, -0.0149006312713027, 0.021823689341545105]
[-0.321836, 0.048323, -0.499557, -0.473032, -0.491081] => [0.02030627429485321, -0.01956942118704319, 0.020569410175085068, -0.014900792390108109, 0.021823545917868614]
[-0.321835, 0.048321, -0.499556, -0.473037, -0.491087] => [0.02030618116259575, -0.019569385796785355, 0.020569540560245514, -0.014900623820722103, 0.02182370238006115]
[-0.321836, 0.048319, -0.499558, -0.473043, -0.491084] => [0.020306210964918137, -0.01956937648355961, 0.020569508895277977, -0.014900650829076767, 0.021823668852448463]
[-0.321835, 0.04832, -0.499558, -0.47303, -0.491085] => [0.020306210964918137, -0.019569406285881996, 0.02056947723031044, -0.014900707639753819, 0.02182362601161003]
[-0.321835, 0.04832, -0.499557, -0.473039, -0.491082] => [0.02030622959136963, -0.019569383934140205, 0.020569482818245888, -0.014900684356689453, 0.021823639050126076]
[-0.321835, 0.048321, -0.499557, -0.473028, -0.491087] => [0.020306192338466644, -0.019569408148527145, 0.02056949958205223, -0.014900685288012028, 0.02182365022599697]
[-0.321835, 0.048322, -0.499557, -0.473027, -0.491084] => [0.020306233316659927, -0.01956942118704319, 0.0205694492906332, -0.014900749549269676, 0.021823590621352196]
[-0.321836, 0.048323, -0.499557, -0.473038, -0.49108] => [0.02030627802014351, -0.019569411873817444, 0.020569413900375366, -0.014900779351592064, 0.02182355523109436]
[-0.321835, 0.048323, -0.499557, -0.473038, -0.491088] => [0.02030617743730545, -0.019569408148527145, 0.020569516345858574, -0.014900668524205685, 0.021823668852448463]
[-0.321836, 0.048322, -0.499557, -0.473033, -0.491084] => [0.020306233316659927, -0.019569411873817444, 0.020569460466504097, -0.01490072999149561, 0.02182360552251339]
[-0.321835, 0.048318, -0.499556, -0.473029, -0.491088] => [0.020306158810853958, -0.01956937462091446, 0.020569564774632454, -0.014900589361786842, 0.021823730319738388]
[-0.321835, 0.048318, -0.499556, -0.473028, -0.491085] => [0.020306188613176346, -0.01956937648355961, 0.02056952565908432, -0.014900632202625275, 0.021823689341545105]
[-0.321836, 0.04832, -0.499558, -0.473033, -0.491089] => [0.020306169986724854, -0.01956940069794655, 0.02056952938437462, -0.014900647103786469, 0.021823685616254807]
[-0.321835, 0.048321, -0.499557, -0.473034, -0.491093] => [0.020306117832660675, -0.01956939697265625, 0.020569590851664543, -0.014900580048561096, 0.02182375267148018]
[-0.321836, 0.048322, -0.499556, -0.473032, -0.491084] => [0.02030622959136963, -0.019569404423236847, 0.02056947350502014, -0.014900711365044117, 0.021823622286319733]
[-0.321836, 0.048322, -0.499556, -0.473029, -0.491086] => [0.020306207239627838, -0.019569408148527145, 0.020569488406181335, -0.014900697395205498, 0.021823637187480927]
[-0.321835, 0.04832, -0.499557, -0.473029, -0.491091] => [0.020306140184402466, -0.0195693988353014, 0.020569562911987305, -0.014900610782206059, 0.021823721006512642]
[-0.321835, 0.048319, -0.499558, -0.473028, -0.491087] => [0.020306188613176346, -0.01956940069794655, 0.020569508895277977, -0.01490066945552826, 0.021823661401867867]
[-0.321836, 0.04832, -0.499557, -0.47304, -0.49108] => [0.020306259393692017, -0.019569382071495056, 0.02056945487856865, -0.01490071415901184, 0.02182360738515854]
[-0.321836, 0.048321, -0.499557, -0.473042, -0.491082] => [0.020306240767240524, -0.019569387659430504, 0.02056947350502014, -0.014900698326528072, 0.02182362601161003]
[-0.321835, 0.048321, -0.499556, -0.473036, -0.491089] => [0.02030615508556366, -0.019569387659430504, 0.020569561049342155, -0.014900602400302887, 0.02182372473180294]
[-0.321835, 0.048321, -0.499557, -0.473032, -0.491079] => [0.02030627802014351, -0.019569404423236847, 0.020569413900375366, -0.014900775626301765, 0.02182355523109436]
[-0.321836, 0.048321, -0.499558, -0.473035, -0.491082] => [0.02030625194311142, -0.019569408148527145, 0.020569436252117157, -0.014900753274559975, 0.02182358130812645]
[-0.321836, 0.04832, -0.499556, -0.473028, -0.491091] => [0.020306147634983063, -0.019569391384720802, 0.0205695703625679, -0.01490059681236744, 0.021823734045028687]
[-0.321835, 0.048321, -0.499558, -0.47304, -0.491093] => [0.020306114107370377, -0.0195693951100111, 0.020569590851664543, -0.014900579117238522, 0.02182375267148018]
[-0.321835, 0.048322, -0.499558, -0.47303, -0.491092] => [0.020306143909692764, -0.01956942304968834, 0.020569536834955215, -0.014900656417012215, 0.021823687478899956]
[-0.321836, 0.048319, -0.499557, -0.473038, -0.491097] => [0.020306069403886795, -0.01956937275826931, 0.02056966908276081, -0.014900477603077888, 0.02182384580373764]
[-0.321836, 0.04832, -0.499558, -0.473038, -0.491093] => [0.020306117832660675, -0.019569391384720802, 0.020569592714309692, -0.0149005725979805, 0.021823758259415627]
[-0.321835, 0.048322, -0.499556, -0.47304, -0.491088] => [0.020306169986724854, -0.019569389522075653, 0.02056954801082611, -0.01490061916410923, 0.021823707967996597]
[-0.321836, 0.048321, -0.499556, -0.473036, -0.491088] => [0.020306173712015152, -0.019569387659430504, 0.020569544285535812, -0.014900621958076954, 0.0218237042427063]
[-0.321836, 0.048322, -0.499557, -0.473028, -0.491084] => [0.020306240767240524, -0.01956941932439804, 0.020569447427988052, -0.014900748617947102, 0.021823588758707047]
[-0.321835, 0.048319, -0.499558, -0.473037, -0.491081] => [0.020306244492530823, -0.019569387659430504, 0.020569458603858948, -0.014900712296366692, 0.021823611110448837]
[-0.321836, 0.048323, -0.499558, -0.47304, -0.491079] => [0.020306292921304703, -0.01956941746175289, 0.020569391548633575, -0.014900807291269302, 0.02182352915406227]
[-0.321835, 0.048318, -0.499556, -0.473034, -0.491089] => [0.020306147634983063, -0.019569365307688713, 0.020569590851664543, -0.014900553971529007, 0.021823763847351074]
[-0.321836, 0.048323, -0.499557, -0.473038, -0.491086] => [0.020306207239627838, -0.019569410011172295, 0.020569488406181335, -0.014900699257850647, 0.021823637187480927]
[-0.321836, 0.048324, -0.499557, -0.473031, -0.491083] => [0.020306255668401718, -0.019569432362914085, 0.020569417625665665, -0.014900792390108109, 0.02182355336844921]
[-0.321836, 0.048322, -0.499556, -0.473035, -0.491088] => [0.02030618116259575, -0.0195693988353014, 0.02056952938437462, -0.014900647103786469, 0.021823685616254807]
[-0.321836, 0.048322, -0.499558, -0.473039, -0.491098] => [0.020306073129177094, -0.019569406285881996, 0.020569629967212677, -0.014900543726980686, 0.021823793649673462]
[-0.321835, 0.048322, -0.499556, -0.473033, -0.491095] => [0.02030610293149948, -0.0195693988353014, 0.020569615066051483, -0.014900555834174156, 0.021823778748512268]
[-0.321836, 0.048323, -0.499557, -0.473035, -0.49109] => [0.020306166261434555, -0.019569413736462593, 0.02056952565908432, -0.014900662004947662, 0.02182367630302906]
[-0.321835, 0.048322, -0.499558, -0.473038, -0.491086] => [0.02030619978904724, -0.019569410011172295, 0.020569488406181335, -0.014900697395205498, 0.021823637187480927]
[-0.321835, 0.048323, -0.499558, -0.473027, -0.491093] => [0.020306140184402466, -0.019569436088204384, 0.02056952938437462, -0.014900675043463707, 0.02182367444038391]
[-0.321836, 0.048322, -0.499557, -0.473034, -0.491098] => [0.020306076854467392, -0.019569404423236847, 0.020569631829857826, -0.014900540933012962, 0.02182379737496376]
[-0.321836, 0.048322, -0.499558, -0.47304, -0.491079] => [0.020306285470724106, -0.019569408148527145, 0.02056940458714962, -0.014900787733495235, 0.021823544055223465]
[-0.321835, 0.04832, -0.499556, -0.473028, -0.491088] => [0.020306166261434555, -0.019569391384720802, 0.020569540560245514, -0.014900630339980125, 0.02182369865477085]
[-0.321836, 0.048323, -0.499556, -0.473034, -0.491083] => [0.020306244492530823, -0.019569408148527145, 0.02056945487856865, -0.014900733716785908, 0.021823599934577942]
[-0.321836, 0.048322, -0.499557, -0.473035, -0.491094] => [0.020306117832660675, -0.019569404423236847, 0.020569588989019394, -0.014900588430464268, 0.02182374894618988]
[-0.321835, 0.048318, -0.499557, -0.473041, -0.491088] => [0.02030615136027336, -0.019569361582398415, 0.020569585263729095, -0.014900557696819305, 0.021823756396770477]
[-0.321835, 0.048319, -0.499556, -0.473028, -0.491094] => [0.020306095480918884, -0.019569382071495056, 0.02056962251663208, -0.01490053255110979, 0.021823793649673462]
[-0.321836, 0.048324, -0.499556, -0.473029, -0.491097] => [0.020306091755628586, -0.01956942304968834, 0.02056959830224514, -0.014900591224431992, 0.021823754534125328]
[-0.321835, 0.048322, -0.499557, -0.473037, -0.491083] => [0.02030622959136963, -0.019569404423236847, 0.020569464191794395, -0.014900720678269863, 0.021823611110448837]
[-0.321836, 0.048319, -0.499556, -0.473029, -0.491085] => [0.020306207239627838, -0.019569383934140205, 0.020569510757923126, -0.014900654554367065, 0.021823670715093613]
[-0.321836, 0.048318, -0.499558, -0.473034, -0.49109] => [0.020306147634983063, -0.019569382071495056, 0.020569568499922752, -0.014900591224431992, 0.021823734045028687]
[-0.321836, 0.048318, -0.499558, -0.47304, -0.491089] => [0.02030615136027336, -0.01956937275826931, 0.02056957222521305, -0.014900579117238522, 0.021823741495609283]
[-0.321835, 0.048319, -0.499556, -0.473032, -0.491083] => [0.020306218415498734, -0.019569378346204758, 0.02056950144469738, -0.014900659210979939, 0.021823661401867867]
[-0.321836, 0.048318, -0.499557, -0.473036, -0.49108] => [0.020306255668401718, -0.01956937275826931, 0.020569469779729843, -0.0149006899446249, 0.02182362601161003]
[-0.321835, 0.04832, -0.499557, -0.473035, -0.491087] => [0.020306173712015152, -0.019569387659430504, 0.020569533109664917, -0.014900634996592999, 0.021823691204190254]
[-0.321836, 0.048322, -0.499556, -0.473028, -0.491089] => [0.02030617743730545, -0.019569410011172295, 0.02056952193379402, -0.014900662936270237, 0.02182367444038391]
[-0.321836, 0.048321, -0.499557, -0.473031, -0.491081] => [0.020306263118982315, -0.019569406285881996, 0.02056943066418171, -0.014900757931172848, 0.021823573857545853]
[-0.321835, 0.048319, -0.499557, -0.47304, -0.49108] => [0.02030625194311142, -0.01956937275826931, 0.020569471642374992, -0.014900688081979752, 0.02182362973690033]
[-0.321835, 0.048321, -0.499557, -0.473031, -0.491082] => [0.020306244492530823, -0.019569406285881996, 0.020569447427988052, -0.014900739304721355, 0.021823592483997345]
[-0.321836, 0.048321, -0.499557, -0.473027, -0.491096] => [0.02030610293149948, -0.019569410011172295, 0.02056960016489029, -0.014900579117238522, 0.021823760122060776]
[-0.321836, 0.048319, -0.499557, -0.473028, -0.491086] => [0.02030620351433754, -0.01956939324736595, 0.020569507032632828, -0.01490066573023796, 0.021823663264513016]
[-0.321835, 0.048318, -0.499556, -0.473033, -0.491091] => [0.020306117832660675, -0.019569365307688713, 0.020569613203406334, -0.014900529757142067, 0.021823788061738014]
[-0.321836, 0.048321, -0.499558, -0.473031, -0.49108] => [0.020306281745433807, -0.019569415599107742, 0.02056940272450447, -0.014900794252753258, 0.021823540329933167]
[-0.321835, 0.048319, -0.499558, -0.473036, -0.491089] => [0.020306158810853958, -0.019569387659430504, 0.02056955359876156, -0.014900610782206059, 0.021823715418577194]
[-0.321835, 0.048319, -0.499556, -0.47304, -0.491082] => [0.020306218415498734, -0.019569365307688713, 0.020569510757923126, -0.01490064151585102, 0.02182367444038391]
[-0.321836, 0.04832, -0.499556, -0.473037, -0.491079] => [0.020306270569562912, -0.019569378346204758, 0.02056945115327835, -0.01490071602165699, 0.02182360365986824]
[-0.321835, 0.04832, -0.499558, -0.473039, -0.491088] => [0.020306166261434555, -0.019569389522075653, 0.020569538697600365, -0.01490062940865755, 0.02182369865477085]
[-0.321835, 0.048318, -0.499557, -0.473039, -0.49109] => [0.020306136459112167, -0.019569365307688713, 0.02056960016489029, -0.01490054465830326, 0.02182377316057682]
[-0.321836, 0.048321, -0.499557, -0.473036, -0.491082] => [0.02030624821782112, -0.01956939697265625, 0.0205694567412138, -0.014900723472237587, 0.02182360552251339]
[-0.321835, 0.048323, -0.499557, -0.473033, -0.491096] => [0.020306095480918884, -0.019569415599107742, 0.02056959830224514, -0.014900585636496544, 0.021823756396770477]
[-0.321836, 0.048321, -0.499556, -0.47304, -0.491086] => [0.020306192338466644, -0.019569382071495056, 0.020569531247019768, -0.014900632202625275, 0.021823691204190254]
[-0.321836, 0.048323, -0.499557, -0.473038, -0.491096] => [0.020306095480918884, -0.019569408148527145, 0.020569607615470886, -0.01490057073533535, 0.021823767572641373]
[-0.321835, 0.048321, -0.499558, -0.473032, -0.491083] => [0.020306237041950226, -0.019569413736462593, 0.020569443702697754, -0.014900749549269676, 0.021823586896061897]
[-0.321836, 0.048321, -0.499557, -0.473032, -0.49109] => [0.020306162536144257, -0.019569402560591698, 0.020569542422890663, -0.014900635927915573, 0.02182369865477085]
[-0.321835, 0.048319, -0.499557, -0.473039, -0.491088] => [0.020306158810853958, -0.01956937462091446, 0.020569566637277603, -0.014900587499141693, 0.021823732182383537]
[-0.321835, 0.048324, -0.499558, -0.473042, -0.491095] => [0.02030610665678978, -0.01956941746175289, 0.020569585263729095, -0.014900600537657738, 0.021823741495609283]
[-0.321835, 0.048322, -0.499557, -0.473029, -0.49108] => [0.020306270569562912, -0.01956941932439804, 0.02056940458714962, -0.014900796115398407, 0.021823540329933167]
[-0.321836, 0.048322, -0.499557, -0.473036, -0.491091] => [0.02030615136027336, -0.019569404423236847, 0.02056955359876156, -0.014900626614689827, 0.021823709830641747]
[-0.321836, 0.048322, -0.499556, -0.473035, -0.49109] => [0.020306158810853958, -0.0195693988353014, 0.02056955359876156, -0.01490062102675438, 0.021823711693286896]
[-0.321835, 0.04832, -0.499557, -0.473029, -0.491081] => [0.020306255668401718, -0.01956940069794655, 0.020569441840052605, -0.014900741167366505, 0.021823588758707047]
[-0.321836, 0.048323, -0.499558, -0.473042, -0.491096] => [0.020306099206209183, -0.019569408148527145, 0.020569603890180588, -0.014900575391948223, 0.021823763847351074]
[-0.321836, 0.048321, -0.499558, -0.473035, -0.491078] => [0.0203063003718853, -0.019569410011172295, 0.020569389685988426, -0.014900805428624153, 0.021823527291417122]
[-0.321835, 0.048319, -0.499557, -0.473036, -0.491082] => [0.020306233316659927, -0.019569380208849907, 0.020569484680891037, -0.01490067783743143, 0.021823642775416374]
[-0.321835, 0.048322, -0.499557, -0.473038, -0.491084] => [0.020306218415498734, -0.01956940069794655, 0.02056947909295559, -0.01490070205181837, 0.02182362973690033]
[-0.321835, 0.048321, -0.499557, -0.473037, -0.491084] => [0.020306218415498734, -0.0195693951100111, 0.020569488406181335, -0.014900688081979752, 0.021823640912771225]
[-0.321836, 0.048318, -0.499558, -0.473043, -0.491095] => [0.02030608430504799, -0.019569365307688713, 0.020569652318954468, -0.01490048784762621, 0.021823830902576447]
[-0.321835, 0.048323, -0.499556, -0.473039, -0.491082] => [0.020306240767240524, -0.01956940069794655, 0.020569460466504097, -0.014900720678269863, 0.021823609247803688]
[-0.321836, 0.048324, -0.499556, -0.473042, -0.491087] => [0.020306192338466644, -0.019569402560591698, 0.020569514483213425, -0.014900666661560535, 0.021823666989803314]
[-0.321836, 0.04832, -0.499557, -0.473034, -0.491088] => [0.020306173712015152, -0.019569389522075653, 0.020569536834955215, -0.014900632202625275, 0.021823696792125702]
[-0.321836, 0.048321, -0.499556, -0.473035, -0.491092] => [0.02030612900853157, -0.019569389522075653, 0.020569588989019394, -0.014900574460625648, 0.021823754534125328]
[-0.321835, 0.048323, -0.499556, -0.473029, -0.491098] => [0.020306076854467392, -0.019569413736462593, 0.02056962624192238, -0.014900553971529007, 0.021823788061738014]
[-0.321836, 0.048322, -0.499556, -0.473033, -0.491095] => [0.02030610665678978, -0.0195693988353014, 0.020569609478116035, -0.014900561422109604, 0.02182377316057682]
[-0.321835, 0.048318, -0.499557, -0.473042, -0.491085] => [0.020306184887886047, -0.019569361582398415, 0.02056954987347126, -0.01490059494972229, 0.021823719143867493]
[-0.321835, 0.048319, -0.499558, -0.47304, -0.491099] => [0.020306043326854706, -0.019569378346204758, 0.020569685846567154, -0.014900462701916695, 0.021823864430189133]
[-0.321892, 0.057303, -0.49987, -0.379291, -0.243473] => [0.022102929651737213, -0.020328013226389885, 0.018387556076049805, -0.017867647111415863, 0.01918262615799904]
[-0.323296, 0.033673, -0.499916, -0.318808, -0.328862] => [0.021920811384916306, -0.0202003363519907, 0.018637878820300102, -0.017494508996605873, 0.019497791305184364]
[-0.322292, 0.049931, -0.499807, -0.460001, -0.327923] => [0.021901622414588928, -0.020102564245462418, 0.0189328882843256, -0.01709936559200287, 0.01985505223274231]
[-0.322592, 0.057476, -0.499749, -0.231496, -0.471803] => [0.02083127573132515, -0.02018817886710167, 0.019179612398147583, -0.016839293763041496, 0.020129481330513954]
[-0.322655, 0.046555, -0.499452, -0.377393, -0.36127] => [0.0215330608189106, -0.019945591688156128, 0.019168393686413765, -0.016714084893465042, 0.020162146538496017]
[-0.32195, 0.034888, -0.499486, -0.302164, -0.170405] => [0.02176695317029953, -0.020280087366700172, 0.018568940460681915, -0.017616502940654755, 0.019403140991926193]
[-0.323329, 0.03455, -0.499616, -0.296113, -0.465945] => [0.02072228491306305, -0.02022058144211769, 0.019234221428632736, -0.016788572072982788, 0.020199203863739967]
[-0.323194, 0.033886, -0.499782, -0.318245, -0.225779] => [0.022052790969610214, -0.020320860669016838, 0.018414625898003578, -0.01783016510307789, 0.0192155372351408]
[-0.322306, 0.032048, -0.499583, -0.282613, -0.303427] => [0.02193395420908928, -0.020303910598158836, 0.01847878284752369, -0.017741335555911064, 0.01929353177547455]
[-0.323991, 0.053757, -0.499637, -0.2378, -0.324232] => [0.021782010793685913, -0.020210081711411476, 0.018668659031391144, -0.017459603026509285, 0.019532060250639915]
[-0.323634, 0.03575, -0.499248, -0.455055, -0.489227] => [0.020197931677103043, -0.01951233670115471, 0.020706702023744583, -0.014706493355333805, 0.021992551162838936]
[-0.323282, 0.03698, -0.499372, -0.435222, -0.315392] => [0.02190948650240898, -0.02020459808409214, 0.018635211512446404, -0.017499735578894615, 0.01949392259120941]
[-0.323178, 0.031989, -0.499306, -0.291611, -0.194618] => [0.02187075838446617, -0.02029489539563656, 0.018512899056077003, -0.017694098874926567, 0.019335007295012474]
[-0.323786, 0.038308, -0.499345, -0.463105, -0.354575] => [0.021404419094324112, -0.019958242774009705, 0.01911993697285652, -0.01678279973566532, 0.020100004971027374]
[-0.323387, 0.044124, -0.499576, -0.45347, -0.319835] => [0.02183324471116066, -0.020122315734624863, 0.018783098086714745, -0.017276335507631302, 0.019681323319673538]
[-0.323661, 0.04787, -0.499716, -0.275156, -0.439168] => [0.02099980041384697, -0.020195432007312775, 0.01916493847966194, -0.01688292995095253, 0.020097488537430763]
[-0.32195, 0.043469, -0.499595, -0.391811, -0.470613] => [0.02037166804075241, -0.019719626754522324, 0.02027199976146221, -0.015328649431467056, 0.02145424298942089]
[-0.322405, 0.05971, -0.499935, -0.237159, -0.18006] => [0.021722909063100815, -0.020273804664611816, 0.018592720851302147, -0.017583578824996948, 0.019432049244642258]
[-0.322947, 0.032251, -0.499354, -0.262466, -0.303969] => [0.02185468003153801, -0.020292602479457855, 0.01852157898247242, -0.01768208108842373, 0.019345559179782867]
[-0.322854, 0.034966, -0.499554, -0.406332, -0.491355] => [0.02016172930598259, -0.019626986235380173, 0.020575718954205513, -0.01493059191852808, 0.021816503256559372]
[-0.322311, 0.061572, -0.499349, -0.38254, -0.322394] => [0.02251872792840004, -0.020377567037940025, 0.018692929297685623, -0.0175800584256649, 0.019513288512825966]
[-0.322042, 0.047396, -0.499448, -0.315184, -0.205389] => [0.02195587009191513, -0.020307036116719246, 0.018466949462890625, -0.0177577193826437, 0.019279146566987038]
[-0.32337, 0.037824, -0.499841, -0.409149, -0.341654] => [0.02171589806675911, -0.020078884437680244, 0.018886346369981766, -0.017126411199569702, 0.019809691235423088]
[-0.323166, 0.050119, -0.499848, -0.227299, -0.473894] => [0.020767979323863983, -0.020201874896883965, 0.01920509524643421, -0.016812946647405624, 0.020163200795650482]
[-0.323481, 0.049479, -0.499435, -0.48069, -0.311542] => [0.0219690203666687, -0.020163413137197495, 0.01875651627779007, -0.01733998954296112, 0.01964029297232628]
[-0.32341, 0.035403, -0.499383, -0.322965, -0.336143] => [0.021886490285396576, -0.0201838631182909, 0.018673712387681007, -0.017441872507333755, 0.019542589783668518]
[-0.323179, 0.04904, -0.499768, -0.389702, -0.367604] => [0.021937042474746704, -0.019999630749225616, 0.01930161938071251, -0.016621191054582596, 0.020296543836593628]
[-0.324079, 0.057481, -0.499401, -0.309566, -0.22789] => [0.022078990936279297, -0.020324598997831345, 0.018400482833385468, -0.017849750816822052, 0.0191983412951231]
[-0.323736, 0.034727, -0.49991, -0.428561, -0.474897] => [0.020257826894521713, -0.01958373188972473, 0.020533882081508636, -0.014943484216928482, 0.021782327443361282]
[-0.323897, 0.042805, -0.499655, -0.398886, -0.366265] => [0.020175572484731674, -0.019843917340040207, 0.019312510266900063, -0.016529971733689308, 0.02031349390745163]
[-0.323963, 0.039683, -0.499976, -0.277509, -0.438406] => [0.02086789906024933, -0.020117715001106262, 0.01934501901268959, -0.016629327088594437, 0.02031640149652958]
[-0.322551, 0.063473, -0.499325, -0.237557, -0.207612] => [0.021807003766298294, -0.020285801962018013, 0.018547317013144493, -0.017646443098783493, 0.0193768497556448]
[-0.323477, 0.033769, -0.499231, -0.331914, -0.18634] => [0.021950948983430862, -0.020306333899497986, 0.018469607457518578, -0.01775404065847397, 0.019282376393675804]
[-0.322707, 0.063438, -0.499667, -0.252243, -0.208728] => [0.02185652405023575, -0.020292865112423897, 0.01852058246731758, -0.01768345944583416, 0.019344348460435867]
[-0.323242, 0.05251, -0.499389, -0.312227, -0.447005] => [0.02123907580971718, -0.020235814154148102, 0.019225193187594414, -0.016861554235219955, 0.0201486237347126]
[-0.323949, 0.046533, -0.499782, -0.295136, -0.205939] => [0.02196643128991127, -0.020308542996644974, 0.01846124790608883, -0.01776561327278614, 0.01927221566438675]
[-0.322341, 0.03552, -0.49925, -0.314589, -0.167697] => [0.021803054958581924, -0.020285237580537796, 0.018549451604485512, -0.017643487080931664, 0.019379446282982826]
[-0.323208, 0.054319, -0.499713, -0.40803, -0.439262] => [0.021224353462457657, -0.02000444009900093, 0.019844716414809227, -0.01601589284837246, 0.020904481410980225]
[-0.322216, 0.037114, -0.499282, -0.456093, -0.299653] => [0.021959956735372543, -0.020288720726966858, 0.018492991104722023, -0.017716730013489723, 0.019312821328639984]
[-0.322258, 0.063656, -0.499831, -0.313387, -0.179337] => [0.02190408483147621, -0.020299648866057396, 0.01849490776658058, -0.017719009891152382, 0.019313136115670204]
[-0.32357, 0.046248, -0.499537, -0.466147, -0.346879] => [0.021689802408218384, -0.020006319507956505, 0.01907939836382866, -0.016861485317349434, 0.020045584067702293]
[-0.3234, 0.049063, -0.499938, -0.469254, -0.4631] => [0.020762961357831955, -0.019693411886692047, 0.02028539776802063, -0.01530487835407257, 0.021476032212376595]
[-0.323102, 0.032849, -0.499799, -0.250081, -0.22095] => [0.02180977538228035, -0.02028619684278965, 0.01854582130908966, -0.017648514360189438, 0.01937503181397915]
[-0.323064, 0.057255, -0.499878, -0.491583, -0.457867] => [0.021475899964571, -0.019891345873475075, 0.02013324946165085, -0.01563435234129429, 0.02125353366136551]
[-0.323135, 0.062494, -0.499923, -0.390935, -0.231975] => [0.02214498072862625, -0.02033401094377041, 0.018364856019616127, -0.017899077385663986, 0.019155029207468033]
[-0.322604, 0.045728, -0.499748, -0.296741, -0.313592] => [0.021997954696416855, -0.02026153728365898, 0.018521206453442574, -0.017669152468442917, 0.019350599497556686]
[-0.322458, 0.036155, -0.49999, -0.385781, -0.43714] => [0.020417597144842148, -0.019678695127367973, 0.020132265985012054, -0.0154350521042943, 0.021315697580575943]
[-0.323472, 0.031947, -0.499311, -0.344493, -0.388798] => [0.01954403519630432, -0.019787771627306938, 0.019462792202830315, -0.016329707577824593, 0.02048748917877674]
[-0.323089, 0.063147, -0.499502, -0.228715, -0.471714] => [0.021408095955848694, -0.020304683595895767, 0.019144821912050247, -0.01699863374233246, 0.020042872056365013]
[-0.322693, 0.041094, -0.499275, -0.499115, -0.292866] => [0.021985266357660294, -0.020284196361899376, 0.018491486087441444, -0.01771669089794159, 0.01931185834109783]
[-0.323286, 0.060668, -0.499599, -0.353362, -0.263043] => [0.022137414664030075, -0.02033485472202301, 0.01837540976703167, -0.01788746565580368, 0.01916689984500408]
[-0.323896, 0.058952, -0.499817, -0.238998, -0.377771] => [0.021890252828598022, -0.0202630627900362, 0.018922656774520874, -0.017216263338923454, 0.01980707421898842]
[-0.323933, 0.04121, -0.499527, -0.318093, -0.471914] => [0.02080434188246727, -0.020198049023747444, 0.01928987167775631, -0.016729416325688362, 0.020254772156476974]
[-0.322005, 0.057111, -0.499432, -0.297354, -0.47778] => [0.02124740183353424, -0.020264413207769394, 0.0192120224237442, -0.016897212713956833, 0.02012634463608265]
[-0.32182, 0.038122, -0.499362, -0.321163, -0.431204] => [0.02074585109949112, -0.019923347979784012, 0.01958324760198593, -0.016216276213526726, 0.020637910813093185]
[-0.322251, 0.045308, -0.499472, -0.420426, -0.251539] => [0.02205795794725418, -0.020321598276495934, 0.01841183751821518, -0.017834028229117393, 0.01921214535832405]
[-0.324094, 0.033015, -0.499579, -0.313068, -0.307879] => [0.02209511026740074, -0.020290812477469444, 0.018445713445544243, -0.017777705565094948, 0.01925717666745186]
[-0.322831, 0.059235, -0.499625, -0.228265, -0.438979] => [0.02112409472465515, -0.020222164690494537, 0.019115181639790535, -0.016954081133008003, 0.020035186782479286]
[-0.322247, 0.047961, -0.499605, -0.243496, -0.235109] => [0.02186952531337738, -0.02029472030699253, 0.01851356402039528, -0.017693176865577698, 0.01933581754565239]
[-0.323601, 0.062767, -0.499568, -0.23705, -0.223099] => [0.02186383306980133, -0.020293908193707466, 0.01851663738489151, -0.017688922584056854, 0.019339552149176598]
[-0.321789, 0.037437, -0.499836, -0.254213, -0.282418] => [0.021826952695846558, -0.02028864622116089, 0.01853654719889164, -0.017661355435848236, 0.019363757222890854]
[-0.322599, 0.038563, -0.499962, -0.353564, -0.397961] => [0.018173061311244965, -0.019662583246827126, 0.019733626395463943, -0.015970878303050995, 0.020795781165361404]
[-0.323327, 0.04378, -0.499802, -0.402219, -0.212388] => [0.022153455764055252, -0.02033521980047226, 0.018360279500484467, -0.01790541410446167, 0.01914946548640728]
[-0.3235, 0.062584, -0.499361, -0.287908, -0.319419] => [0.02237444370985031, -0.020383164286613464, 0.018620207905769348, -0.017657769843935966, 0.01943109557032585]
[-0.323079, 0.057206, -0.499284, -0.326714, -0.322083] => [0.022347018122673035, -0.020333975553512573, 0.018592504784464836, -0.017654849216341972, 0.01941114291548729]
[-0.323081, 0.035475, -0.499628, -0.35055, -0.30415] => [0.02211131528019905, -0.02032920904457569, 0.018383027985692024, -0.017873916774988174, 0.01917712204158306]
[-0.322899, 0.049087, -0.499489, -0.278328, -0.441002] => [0.020975425839424133, -0.020195866003632545, 0.01916886493563652, -0.016875719651579857, 0.020104076713323593]
[-0.322626, 0.037142, -0.499453, -0.397655, -0.469058] => [0.02026800811290741, -0.019659563899040222, 0.020403817296028137, -0.015137605369091034, 0.02161816693842411]
[-0.323682, 0.037144, -0.499321, -0.411429, -0.214531] => [0.022157181054353714, -0.02033575251698494, 0.018358267843723297, -0.01790819875895977, 0.01914701983332634]
[-0.323126, 0.059703, -0.499779, -0.316624, -0.486776] => [0.021565798670053482, -0.02034175954759121, 0.019173508509993553, -0.017012858763337135, 0.020058980211615562]
[-0.322443, 0.055222, -0.49926, -0.406899, -0.33912] => [0.022107284516096115, -0.02018197625875473, 0.01891154609620571, -0.017185982316732407, 0.019810475409030914]
[-0.323992, 0.038242, -0.499823, -0.371483, -0.336468] => [0.02184852957725525, -0.02016538195312023, 0.01871373876929283, -0.017383042722940445, 0.019592642784118652]
[-0.323534, 0.036974, -0.499595, -0.35406, -0.486836] => [0.02048679068684578, -0.019932515919208527, 0.019954638555645943, -0.015834785997867584, 0.02104204148054123]
[-0.32289, 0.047742, -0.499668, -0.493543, -0.205472] => [0.022127900272607803, -0.020331574603915215, 0.01837407611310482, -0.017886310815811157, 0.019166238605976105]
[-0.324063, 0.042811, -0.499481, -0.284373, -0.406721] => [0.021109603345394135, -0.019967621192336082, 0.01925070397555828, -0.016615459695458412, 0.02025528997182846]
[-0.321805, 0.055597, -0.49986, -0.370378, -0.325784] => [0.022098887711763382, -0.02025141380727291, 0.018707670271396637, -0.0174592062830925, 0.019563395529985428]
[-0.32404, 0.057584, -0.499903, -0.319877, -0.368915] => [0.022287141531705856, -0.02023467980325222, 0.019026631489396095, -0.017101241275668144, 0.019927093759179115]
[-0.323157, 0.061975, -0.499551, -0.32579, -0.464126] => [0.021854020655155182, -0.020421074703335762, 0.01910918951034546, -0.017143582925200462, 0.019968321546912193]
[-0.322138, 0.041239, -0.499784, -0.454862, -0.359792] => [0.020737197250127792, -0.019897544756531715, 0.019261231645941734, -0.016595149412751198, 0.020261915400624275]
[-0.322262, 0.049867, -0.499836, -0.37677, -0.169264] => [0.02196541056036949, -0.020308397710323334, 0.018461797386407852, -0.017764853313565254, 0.019272884353995323]
[-0.322761, 0.038934, -0.499793, -0.276076, -0.205922] => [0.021875087171792984, -0.020295513793826103, 0.01851055957376957, -0.01769733615219593, 0.019332164898514748]
[-0.323416, 0.062993, -0.499742, -0.249168, -0.289513] => [0.02185341715812683, -0.02030158042907715, 0.018553078174591064, -0.017652759328484535, 0.019379282370209694]
[-0.323767, 0.035497, -0.499553, -0.366395, -0.426156] => [0.020151987671852112, -0.01970682106912136, 0.019863693043589592, -0.01576589234173298, 0.020995961502194405]
[-0.32309, 0.033728, -0.499338, -0.351784, -0.297709] => [0.02212310954928398, -0.020330892875790596, 0.018376659601926804, -0.017882734537124634, 0.019169379025697708]
[-0.322018, 0.052827, -0.499428, -0.367906, -0.344484] => [0.021869786083698273, -0.020131485536694527, 0.018896233290433884, -0.01715783029794693, 0.019807230681180954]
[-0.322511, 0.046727, -0.499615, -0.296744, -0.384804] => [0.02118721604347229, -0.019940368831157684, 0.019244130700826645, -0.01661442406475544, 0.020250573754310608]
[-0.323214, 0.058559, -0.499536, -0.437906, -0.368606] => [0.022506289184093475, -0.020177720114588737, 0.019409002736210823, -0.016647405922412872, 0.020371560007333755]
[-0.321831, 0.057724, -0.499317, -0.319147, -0.382594] => [0.022008530795574188, -0.020179685205221176, 0.019159676507115364, -0.01690230704843998, 0.020093711093068123]
[-0.323308, 0.061515, -0.499891, -0.365751, -0.398093] => [0.022452574223279953, -0.020293982699513435, 0.019253794103860855, -0.016894923523068428, 0.02016957476735115]
[-0.323475, 0.043251, -0.499559, -0.354063, -0.398359] => [0.021261021494865417, -0.01978198252618313, 0.01963880844414234, -0.016066811978816986, 0.02073627896606922]
[-0.323281, 0.052106, -0.499302, -0.324614, -0.377722] => [0.021874550729990005, -0.02006714418530464, 0.019213665276765823, -0.016760924831032753, 0.02018207311630249]
[-0.323037, 0.062418, -0.499443, -0.42499, -0.498039] => [0.020446546375751495, -0.019811129197478294, 0.020265690982341766, -0.015420706011354923, 0.021416066214442253]
[-0.323087, 0.038577, -0.499969, -0.338991, -0.194697] => [0.021995872259140015, -0.02031274326145649, 0.018445352092385292, -0.017787622287869453, 0.019252890720963478]
[-0.323446, 0.043744, -0.499345, -0.318344, -0.178812] => [0.02190529555082321, -0.020299822092056274, 0.01849425584077835, -0.01771991327404976, 0.019312342628836632]
[-0.322025, 0.042874, -0.499227, -0.368602, -0.426179] => [0.02070482447743416, -0.019778063520789146, 0.019817594438791275, -0.015855474397540092, 0.02093779668211937]
[-0.322308, 0.03525, -0.499999, -0.445195, -0.20896] => [0.022094707936048508, -0.02032684162259102, 0.018391994759440422, -0.01786150224506855, 0.01918802224099636]
[-0.322991, 0.05118, -0.499851, -0.463424, -0.295371] => [0.021940696984529495, -0.02022997848689556, 0.018587077036499977, -0.017571844160556793, 0.019433174282312393]
[-0.323268, 0.062636, -0.499714, -0.43413, -0.435047] => [0.021932926028966904, -0.020195545628666878, 0.01968996599316597, -0.01634238101541996, 0.02068115398287773]
[-0.322638, 0.06193, -0.49936, -0.44987, -0.274885] => [0.022359613329172134, -0.02040773071348667, 0.0184171162545681, -0.017900152131915092, 0.019195180386304855]
[-0.324119, 0.044879, -0.49982, -0.333183, -0.496723] => [0.020854774862527847, -0.020189505070447922, 0.019350552931427956, -0.01666945032775402, 0.020318318158388138]
[-0.323796, 0.045128, -0.499396, -0.29962, -0.447013] => [0.020941589027643204, -0.020169302821159363, 0.0192587710916996, -0.01676255464553833, 0.020208613947033882]
[-0.323926, 0.04376, -0.499423, -0.40393, -0.385041] => [0.021421309560537338, -0.019809843972325325, 0.019609440118074417, -0.016126060858368874, 0.02069482021033764]
[-0.322083, 0.036709, -0.499963, -0.271179, -0.395949] => [0.02101992815732956, -0.019989652559161186, 0.019247068092226982, -0.01662958227097988, 0.02024715766310692]
[-0.323066, 0.061287, -0.499893, -0.368258, -0.215469] => [0.022114302963018417, -0.020329635590314865, 0.01838141679763794, -0.017876146361231804, 0.01917516253888607]
[-0.323907, 0.043914, -0.499572, -0.483754, -0.219941] => [0.02212589606642723, -0.020331289619207382, 0.018375158309936523, -0.017884811386466026, 0.01916755549609661]
[-0.322604, 0.034974, -0.499714, -0.280904, -0.322697] => [0.021882619708776474, -0.020248765125870705, 0.018577970564365387, -0.01759151741862297, 0.019419215619564056]
[-0.323557, 0.044718, -0.499588, -0.40139, -0.423274] => [0.02102043107151985, -0.019830547273159027, 0.019817057996988297, -0.015902841463685036, 0.020923402160406113]
[-0.324169, 0.05255, -0.499793, -0.406609, -0.412627] => [0.021840877830982208, -0.02008647657930851, 0.019522640854120255, -0.016431573778390884, 0.020526576787233353]
[-0.322395, 0.039502, -0.499695, -0.483074, -0.496565] => [0.02019418776035309, -0.019478358328342438, 0.02076585963368416, -0.014618726447224617, 0.022067025303840637]
[-0.324006, 0.033377, -0.499407, -0.42223, -0.361604] => [0.020760245621204376, -0.019898533821105957, 0.019210414960980415, -0.01666465774178505, 0.02019883506000042]
[-0.322001, 0.046269, -0.499249, -0.476139, -0.403985] => [0.021244049072265625, -0.019843239337205887, 0.019730594009160995, -0.016003889963030815, 0.020826708525419235]
[-0.323198, 0.039742, -0.499579, -0.397559, -0.326366] => [0.021848350763320923, -0.02018733322620392, 0.018680987879633904, -0.017434123903512955, 0.01955048367381096]
[-0.322494, 0.033583, -0.4995, -0.448878, -0.424947] => [0.018939603120088577, -0.01960633508861065, 0.02002156898379326, -0.015561229549348354, 0.02116699516773224]
[-0.323331, 0.057519, -0.499984, -0.450529, -0.171789] => [0.022220876067876816, -0.02034483663737774, 0.018323881551623344, -0.017955809831619263, 0.01910521648824215]
[-0.323657, 0.039977, -0.499226, -0.471694, -0.306589] => [0.021943777799606323, -0.020213406533002853, 0.018610842525959015, -0.017534498125314713, 0.019463878124952316]
[-0.323578, 0.05133, -0.499248, -0.455192, -0.270566] => [0.022052966058254242, -0.020320886746048927, 0.018414530903100967, -0.017830297350883484, 0.0192154198884964]
[-0.32375, 0.047293, -0.499695, -0.479036, -0.223702] => [0.02212226390838623, -0.020330771803855896, 0.018377115949988365, -0.017882101237773895, 0.01916993409395218]
[-0.322843, 0.056973, -0.499747, -0.346453, -0.272098] => [0.022121235728263855, -0.020330624654889107, 0.018377672880887985, -0.017881330102682114, 0.0191706120967865]
[-0.323024, 0.032656, -0.499944, -0.387485, -0.199303] => [0.02214810997247696, -0.020334457978606224, 0.018363164737820625, -0.01790142059326172, 0.019152972847223282]
[-0.323, 0.059203, -0.499737, -0.327388, -0.167307] => [0.021910134702920914, -0.02030051313340664, 0.01849163882434368, -0.017723534256219864, 0.019309163093566895]
[-0.322897, 0.059586, -0.499873, -0.274496, -0.213497] => [0.021950989961624146, -0.020306339487433434, 0.018469583243131638, -0.017754072323441505, 0.019282348453998566]
[-0.322731, 0.047062, -0.499529, -0.287369, -0.224797] => [0.021982766687870026, -0.02031087316572666, 0.01845242828130722, -0.017777826637029648, 0.019261492416262627]
[-0.321937, 0.042415, -0.499404, -0.254853, -0.459397] => [0.020649142563343048, -0.02020489238202572, 0.019225334748625755, -0.016777241602540016, 0.02019651234149933]
[-0.322536, 0.04554, -0.499572, -0.451372, -0.442043] => [0.020770233124494553, -0.019753266125917435, 0.020065804943442345, -0.015576138161122799, 0.021219417452812195]
[-0.323813, 0.038234, -0.499995, -0.409112, -0.326362] => [0.021846674382686615, -0.020164815708994865, 0.018715189769864082, -0.017380954697728157, 0.01959443837404251]
[-0.324145, 0.063412, -0.499211, -0.257599, -0.339152] => [0.0223805233836174, -0.020360346883535385, 0.018745284527540207, -0.017503265291452408, 0.01957816816866398]
[-0.322305, 0.044147, -0.499537, -0.243079, -0.394722] => [0.021096710115671158, -0.020040404051542282, 0.019146133214235306, -0.016779722645878792, 0.020120205357670784]
[-0.322072, 0.05264, -0.499647, -0.474711, -0.284564] => [0.0219733789563179, -0.020280737429857254, 0.018500538542866707, -0.017703697085380554, 0.01932305097579956]
[-0.323996, 0.035101, -0.499261, -0.478811, -0.356066] => [0.021555282175540924, -0.019977275282144547, 0.01909068413078785, -0.016822947189211845, 0.020066499710083008]
[-0.323178, 0.032465, -0.499628, -0.280238, -0.41744] => [0.02086970955133438, -0.020012784749269485, 0.019261566922068596, -0.016621137037873268, 0.020260032266378403]
[-0.324219, 0.042884, -0.499676, -0.492977, -0.314996] => [0.021865297108888626, -0.020152555778622627, 0.01872742921113968, -0.017360113561153412, 0.01961090974509716]
[-0.322081, 0.060659, -0.499773, -0.281642, -0.412611] => [0.022012703120708466, -0.020354941487312317, 0.018995489925146103, -0.01720566861331463, 0.019865700975060463]
[-0.322564, 0.059205, -0.499243, -0.323969, -0.483352] => [0.021509245038032532, -0.020329168066382408, 0.019192056730389595, -0.01698167435824871, 0.020083216950297356]
[-0.322904, 0.034426, -0.499878, -0.374771, -0.334099] => [0.02183610573410988, -0.020189477130770683, 0.018681781366467476, -0.01743404008448124, 0.01955103501677513]
[-0.324061, 0.032583, -0.499399, -0.309036, -0.318837] => [0.02200150489807129, -0.020222587510943413, 0.018578262999653816, -0.017579855397343636, 0.01942417025566101]
[-0.323736, 0.03287, -0.499219, -0.242732, -0.303582] => [0.021785598248243332, -0.020282747223973274, 0.01855887472629547, -0.01763044111430645, 0.019390901550650597]
[-0.323117, 0.042866, -0.499628, -0.251551, -0.413732] => [0.021008580923080444, -0.020070133730769157, 0.0191356111317873, -0.016807392239570618, 0.020102178677916527]
[-0.32334, 0.039427, -0.499371, -0.30921, -0.172937] => [0.021846413612365723, -0.020291423425078392, 0.018526040017604828, -0.01767590269446373, 0.019350985065102577]
[-0.32404, 0.038277, -0.499767, -0.322268, -0.36303] => [0.02164539322257042, -0.020036684349179268, 0.018972450867295265, -0.01699880324304104, 0.019917797297239304]
[-0.322032, 0.043301, -0.499979, -0.359939, -0.370219] => [0.02060198038816452, -0.01988471858203411, 0.019268041476607323, -0.016587065532803535, 0.020267415791749954]
[-0.323393, 0.058292, -0.499566, -0.370796, -0.302637] => [0.022456850856542587, -0.02038918249309063, 0.018462572246789932, -0.017841987311840057, 0.019249897450208664]
[-0.323926, 0.050468, -0.499466, -0.310766, -0.28377] => [0.022108711302280426, -0.020328838378190994, 0.018384436145424843, -0.01787196844816208, 0.019178831949830055]
[-0.324264, 0.051593, -0.499987, -0.308025, -0.397053] => [0.021806206554174423, -0.020083880051970482, 0.01925801858305931, -0.01671900413930416, 0.020229369401931763]
[-0.322505, 0.049518, -0.499519, -0.439397, -0.400027] => [0.0216369666159153, -0.01995459571480751, 0.019644754007458687, -0.016193049028515816, 0.020699573680758476]
[-0.323992, 0.040113, -0.499797, -0.257353, -0.425529] => [0.0209273099899292, -0.020107056945562363, 0.019212286919355392, -0.016756195574998856, 0.02017534151673317]
[-0.322469, 0.053724, -0.49999, -0.482831, -0.38376] => [0.02196691557765007, -0.02006935514509678, 0.019513357430696487, -0.016432197764515877, 0.020520666614174843]
[-0.322082, 0.037382, -0.499869, -0.383114, -0.301936] => [0.022021032869815826, -0.02031633071601391, 0.01843177154660225, -0.01780642755329609, 0.019236380234360695]
[-0.32381, 0.038324, -0.499335, -0.475176, -0.465632] => [0.020381808280944824, -0.01953541673719883, 0.02048298716545105, -0.014963545836508274, 0.021739162504673004]
[-0.322723, 0.040459, -0.499658, -0.448486, -0.200632] => [0.022126957774162292, -0.02033144049346447, 0.01837458461523056, -0.017885606735944748, 0.01916685700416565]
[-0.322839, 0.050433, -0.49977, -0.258541, -0.234078] => [0.021918591111898422, -0.02030171826481819, 0.018487075343728065, -0.017729852348566055, 0.019303614273667336]
[-0.322384, 0.04001, -0.499693, -0.48861, -0.496377] => [0.020196255296468735, -0.01947246491909027, 0.02077062614262104, -0.014609159901738167, 0.022073956206440926]
[-0.322412, 0.039596, -0.4997, -0.486878, -0.496597] => [0.020192835479974747, -0.019472181797027588, 0.0207738745957613, -0.014605400152504444, 0.022077644243836403]
[-0.32241, 0.039507, -0.499703, -0.491234, -0.496617] => [0.020188655704259872, -0.019463729113340378, 0.020786549896001816, -0.014585268683731556, 0.02209407649934292]
[-0.322383, 0.040031, -0.49969, -0.494545, -0.496428] => [0.02018943801522255, -0.01946236379444599, 0.020787687972187996, -0.014583047479391098, 0.022095708176493645]
[-0.322405, 0.039725, -0.499694, -0.497917, -0.496577] => [0.020182933658361435, -0.019453968852758408, 0.020802387967705727, -0.014560755342245102, 0.022114373743534088]
[-0.322388, 0.040108, -0.4997, -0.488449, -0.496409] => [0.02019660547375679, -0.019473625347018242, 0.020769275724887848, -0.014611518941819668, 0.02207212708890438]
[-0.322397, 0.0398, -0.4997, -0.487684, -0.496603] => [0.020193859934806824, -0.01947230100631714, 0.02077307365834713, -0.014606388285756111, 0.022076712921261787]
[-0.322422, 0.040009, -0.499704, -0.48733, -0.496625] => [0.020195212215185165, -0.01947472058236599, 0.020769696682691574, -0.014611916616559029, 0.02207227423787117]
[-0.322426, 0.03948, -0.499703, -0.487836, -0.496522] => [0.02019130066037178, -0.019469771534204483, 0.020777586847543716, -0.014599531888961792, 0.02208244428038597]
[-0.322389, 0.03969, -0.499703, -0.483286, -0.496607] => [0.02019614353775978, -0.019479310140013695, 0.020763367414474487, -0.014622177928686142, 0.02206398732960224]
[-0.322414, 0.039684, -0.499703, -0.495598, -0.496659] => [0.020184412598609924, -0.019457686692476273, 0.020797180011868477, -0.014569216407835484, 0.022107549011707306]
[-0.322409, 0.039855, -0.499699, -0.490552, -0.496655] => [0.020190581679344177, -0.019467802718281746, 0.020781051367521286, -0.014594363048672676, 0.022086814045906067]
[-0.322394, 0.039457, -0.499696, -0.48682, -0.496679] => [0.020190615206956863, -0.019471142441034317, 0.020776886492967606, -0.014601336792111397, 0.022081276401877403]
[-0.322404, 0.040109, -0.499695, -0.492798, -0.49644] => [0.020191732794046402, -0.019466089084744453, 0.020781831815838814, -0.014592228457331657, 0.02208816260099411]
[-0.322415, 0.039987, -0.499696, -0.494586, -0.496631] => [0.020187214016914368, -0.019461940973997116, 0.020790528506040573, -0.014579683542251587, 0.0220989640802145]
[-0.322382, 0.039792, -0.499702, -0.488835, -0.496631] => [0.02019217237830162, -0.019470250234007835, 0.02077677473425865, -0.014600824564695358, 0.022081393748521805]
[-0.322394, 0.039791, -0.499697, -0.499101, -0.496559] => [0.020182110369205475, -0.01945251040160656, 0.020804714411497116, -0.014557134360074997, 0.022117361426353455]
[-0.322398, 0.03955, -0.4997, -0.49269, -0.496648] => [0.02018684893846512, -0.01946154050529003, 0.020790603011846542, -0.014579229056835175, 0.02209918387234211]
[-0.322413, 0.039694, -0.499698, -0.496655, -0.496594] => [0.020184025168418884, -0.019455919042229652, 0.020799322053790092, -0.014565551653504372, 0.02211042493581772]
[-0.322394, 0.039696, -0.499702, -0.483172, -0.496621] => [0.02019624039530754, -0.0194795373827219, 0.020763088017702103, -0.014622658491134644, 0.022063611075282097]
[-0.32241, 0.040103, -0.4997, -0.488235, -0.496644] => [0.020194362848997116, -0.019473910331726074, 0.020771469920873642, -0.01460939459502697, 0.022074462845921516]
[-0.322408, 0.039927, -0.499699, -0.494139, -0.496391] => [0.0201900452375412, -0.019462283700704575, 0.020787067711353302, -0.014583645388484001, 0.022095048800110817]
[-0.322397, 0.039664, -0.499693, -0.487565, -0.496375] => [0.02019425854086876, -0.01947164721786976, 0.020772850140929222, -0.014606080949306488, 0.022076668217778206]
[-0.322384, 0.039543, -0.499695, -0.48744, -0.496589] => [0.020191669464111328, -0.019470736384391785, 0.02077629789710045, -0.014601663686335087, 0.022080741822719574]
[-0.322404, 0.039465, -0.499695, -0.497776, -0.496582] => [0.020181789994239807, -0.01945202238857746, 0.0208051148802042, -0.014556292444467545, 0.02211795561015606]
[-0.322419, 0.039898, -0.499704, -0.482263, -0.496492] => [0.020200137048959732, -0.019482815638184547, 0.020756224170327187, -0.01463259570300579, 0.022055072709918022]
[-0.322409, 0.039821, -0.499698, -0.498957, -0.496374] => [0.020184610038995743, -0.019453072920441628, 0.02080162987112999, -0.014560885727405548, 0.02211379073560238]
[-0.32242, 0.039585, -0.499699, -0.483711, -0.496553] => [0.020195022225379944, -0.01947787031531334, 0.020765788853168488, -0.014618453569710255, 0.022067079320549965]
[-0.32238, 0.03986, -0.499706, -0.483385, -0.496466] => [0.020198866724967957, -0.019480537623167038, 0.02075956203043461, -0.014627233147621155, 0.022059421986341476]
[-0.322417, 0.039947, -0.499694, -0.48572, -0.49652] => [0.020197715610265732, -0.019476911053061485, 0.020764825865626335, -0.014618827030062675, 0.0220662672072649]
[-0.322403, 0.040016, -0.499701, -0.48266, -0.496498] => [0.020201172679662704, -0.019482886418700218, 0.020755333825945854, -0.014633629471063614, 0.02205406129360199]
[-0.322419, 0.040155, -0.499697, -0.486649, -0.496473] => [0.020198266953229904, -0.019477104768157005, 0.020764347165822983, -0.01461951807141304, 0.022065673023462296]
[-0.322391, 0.03999, -0.499697, -0.492892, -0.496404] => [0.020191378891468048, -0.019464939832687378, 0.02078309655189514, -0.014589961618185043, 0.022089896723628044]
[-0.322384, 0.03976, -0.499693, -0.493168, -0.496567] => [0.020188089460134506, -0.01946244388818741, 0.020788656547665596, -0.014582037925720215, 0.022096766158938408]
[-0.32238, 0.040001, -0.499697, -0.499034, -0.49663] => [0.02018226683139801, -0.01945437677204609, 0.020802970975637436, -0.014560471288859844, 0.022114891558885574]
[-0.32242, 0.040141, -0.499698, -0.484154, -0.496468] => [0.020200926810503006, -0.019481301307678223, 0.020757438614964485, -0.014630172401666641, 0.022056832909584045]
[-0.322395, 0.039771, -0.4997, -0.495632, -0.496409] => [0.020187411457300186, -0.019458387047052383, 0.020793361589312553, -0.014573855325579643, 0.02210313081741333]
[-0.322397, 0.039636, -0.499704, -0.499526, -0.496649] => [0.020179975777864456, -0.019450506195425987, 0.02080870233476162, -0.01455128937959671, 0.022122347727417946]
[-0.322409, 0.040054, -0.499694, -0.485013, -0.496389] => [0.020200375467538834, -0.019479062408208847, 0.020760033279657364, -0.014625640586018562, 0.022060351446270943]
[-0.322424, 0.039755, -0.499693, -0.49151, -0.49643] => [0.020191695541143417, -0.019465312361717224, 0.020782221108675003, -0.014591173268854618, 0.022088829427957535]
[-0.322376, 0.040114, -0.499695, -0.484455, -0.496418] => [0.020200658589601517, -0.019480517134070396, 0.0207582525908947, -0.014628671109676361, 0.022057967260479927]
[-0.322377, 0.03986, -0.499704, -0.493635, -0.496679] => [0.020186811685562134, -0.019462548196315765, 0.02078999951481819, -0.014580687507987022, 0.02209821529686451]
[-0.322376, 0.039707, -0.499695, -0.486205, -0.496671] => [0.02019399404525757, -0.019474005326628685, 0.020771054551005363, -0.014609851874411106, 0.02207399718463421]
[-0.322413, 0.039801, -0.499703, -0.492798, -0.496411] => [0.02019071951508522, -0.019463565200567245, 0.020784953609108925, -0.014586891047656536, 0.022092347964644432]
[-0.322411, 0.040133, -0.499705, -0.48266, -0.496501] => [0.020202074199914932, -0.019483858719468117, 0.020753677934408188, -0.014636178500950336, 0.022051945328712463]
[-0.322408, 0.039666, -0.499701, -0.49151, -0.496386] => [0.020191669464111328, -0.019464632496237755, 0.02078269235789776, -0.014590121805667877, 0.022089552134275436]
[-0.322424, 0.039962, -0.499697, -0.493506, -0.496674] => [0.020187843590974808, -0.019463595002889633, 0.02078825794160366, -0.014583397656679153, 0.022095980122685432]
[-0.322426, 0.039804, -0.499698, -0.48341, -0.496388] => [0.020198792219161987, -0.019480179995298386, 0.020759977400302887, -0.014626509509980679, 0.022059984505176544]
[-0.322418, 0.039895, -0.499705, -0.499438, -0.496382] => [0.020184464752674103, -0.019452929496765137, 0.020802050828933716, -0.014560336247086525, 0.02211429364979267]
[-0.322403, 0.040084, -0.499695, -0.481775, -0.49648] => [0.0202026329934597, -0.01948493719100952, 0.020751912146806717, -0.01463889516890049, 0.022049689665436745]
[-0.322383, 0.040004, -0.499691, -0.493324, -0.496603] => [0.02018865942955017, -0.01946420967578888, 0.02078668214380741, -0.014585552737116814, 0.022094067186117172]
[-0.322385, 0.039977, -0.499704, -0.492905, -0.496639] => [0.020188655704259872, -0.019464809447526932, 0.020786046981811523, -0.014586693607270718, 0.022093193605542183]
[-0.322385, 0.039504, -0.499698, -0.495812, -0.496545] => [0.020184338092803955, -0.019455766305327415, 0.02079874463379383, -0.01456601731479168, 0.02210984379053116]
[-0.322426, 0.040022, -0.499702, -0.494643, -0.496628] => [0.02018747478723526, -0.01946219615638256, 0.020790092647075653, -0.01458035595715046, 0.02209840714931488]
[-0.322381, 0.039426, -0.499694, -0.497712, -0.496569] => [0.020181626081466675, -0.01945178396999836, 0.020805366337299347, -0.014555823057889938, 0.022118307650089264]
[-0.322412, 0.040054, -0.499692, -0.485317, -0.496572] => [0.020198021084070206, -0.019478479400277138, 0.020763114094734192, -0.014621887356042862, 0.02206392027437687]
[-0.322411, 0.039528, -0.499703, -0.499388, -0.49638] => [0.020182732492685318, -0.01944989338517189, 0.020806286484003067, -0.014553395099937916, 0.022119862958788872]
[-0.322383, 0.039825, -0.499692, -0.498613, -0.496622] => [0.020181968808174133, -0.01945357583463192, 0.02080383524298668, -0.014558903872966766, 0.022116083651781082]
[-0.322397, 0.040008, -0.499706, -0.482602, -0.496453] => [0.02020135149359703, -0.01948302984237671, 0.02075490541756153, -0.014634191989898682, 0.02205354906618595]
[-0.322375, 0.039914, -0.499699, -0.497419, -0.496591] => [0.020183976739645004, -0.019456451758742332, 0.02079899236559868, -0.01456633023917675, 0.022109903395175934]
[-0.322393, 0.039694, -0.499692, -0.492167, -0.496628] => [0.020188234746456146, -0.019463593140244484, 0.02078734152019024, -0.014584333635866642, 0.022094983607530594]
[-0.322416, 0.039976, -0.499691, -0.488245, -0.496477] => [0.020195621997117996, -0.01947278156876564, 0.020771095529198647, -0.014608912169933319, 0.0220743790268898]
[-0.322412, 0.040152, -0.499697, -0.482844, -0.496529] => [0.02020162343978882, -0.019483627751469612, 0.02075442671775818, -0.014635201543569565, 0.022052837535738945]
[-0.322393, 0.039607, -0.499703, -0.485296, -0.496376] => [0.020195066928863525, -0.019475411623716354, 0.020767999812960625, -0.014614167623221874, 0.022070234641432762]
[-0.322378, 0.039525, -0.499703, -0.498713, -0.496378] => [0.020183183252811432, -0.019451016560196877, 0.020804565399885178, -0.014556096866726875, 0.02211764082312584]
[-0.322394, 0.039442, -0.499692, -0.483501, -0.496626] => [0.02019282802939415, -0.019477058202028275, 0.02076849155128002, -0.01461489126086235, 0.02207030914723873]
[-0.322398, 0.039906, -0.499695, -0.49533, -0.496553] => [0.020186766982078552, -0.019459974020719528, 0.020792724564671516, -0.014575786888599396, 0.022101962938904762]
[-0.322401, 0.039759, -0.499692, -0.492717, -0.496446] => [0.020190052688121796, -0.01946324110031128, 0.020785877481102943, -0.014585640281438828, 0.02209346555173397]
[-0.322376, 0.039446, -0.499701, -0.49691, -0.49642] => [0.0201842300593853, -0.01945343241095543, 0.020800992846488953, -0.014561787247657776, 0.022113002836704254]
[-0.32241, 0.039706, -0.499698, -0.495724, -0.496639] => [0.02018454670906067, -0.019457615911960602, 0.0207971278578043, -0.014569219201803207, 0.02210751175880432]
[-0.322405, 0.039646, -0.49969, -0.4886, -0.496533] => [0.02019256353378296, -0.019469425082206726, 0.020777016878128052, -0.014599911868572235, 0.022081902250647545]
[-0.322381, 0.039613, -0.499692, -0.486038, -0.496418] => [0.020194292068481445, -0.019473956897854805, 0.02077030949294567, -0.014610571786761284, 0.022073201835155487]
[-0.322397, 0.039962, -0.499693, -0.48406, -0.496518] => [0.020199406892061234, -0.01947988197207451, 0.020760083571076393, -0.014626207761466503, 0.022060174494981766]
[-0.322426, 0.039908, -0.4997, -0.495, -0.496644] => [0.02018636465072632, -0.01946059614419937, 0.02079266496002674, -0.01457634475082159, 0.022101713344454765]
[-0.322376, 0.039493, -0.499702, -0.490995, -0.496526] => [0.02018909528851509, -0.019464105367660522, 0.020785467699170113, -0.01458669826388359, 0.022092780098319054]
[-0.322426, 0.040095, -0.499694, -0.496594, -0.496453] => [0.020187661051750183, -0.019459418952465057, 0.020792707800865173, -0.014575408771634102, 0.02210209332406521]
[-0.322386, 0.040107, -0.4997, -0.482223, -0.496544] => [0.020201705396175385, -0.019484328106045723, 0.02075347863137722, -0.014636743813753128, 0.02205159328877926]
[-0.322383, 0.039749, -0.499696, -0.495757, -0.49657] => [0.020185254514217377, -0.01945790834724903, 0.020796038210392, -0.014570607803761959, 0.022106226533651352]
[-0.322387, 0.039548, -0.49969, -0.483882, -0.496612] => [0.02019388973712921, -0.0194771159440279, 0.020767569541931152, -0.014615947380661964, 0.022069266065955162]
[-0.322382, 0.039943, -0.499692, -0.497553, -0.49648] => [0.020185239613056183, -0.01945643499493599, 0.020797759294509888, -0.014567647129297256, 0.022108543664216995]
[-0.322392, 0.039551, -0.4997, -0.488797, -0.496565] => [0.020191099494695663, -0.01946842484176159, 0.020779261365532875, -0.014596707187592983, 0.0220846775919199]
[-0.322421, 0.039524, -0.499698, -0.496909, -0.496421] => [0.020184949040412903, -0.01945408806204796, 0.0207999125123024, -0.014563481323421001, 0.022111613303422928]
[-0.322377, 0.03988, -0.499696, -0.489313, -0.496499] => [0.020193476229906082, -0.01947014592587948, 0.02077559567987919, -0.014602016657590866, 0.02208011969923973]
[-0.322389, 0.039905, -0.499705, -0.488846, -0.496588] => [0.020193248987197876, -0.01947122812271118, 0.02077486924827099, -0.014603640884160995, 0.022079002112150192]
[-0.322402, 0.040055, -0.499704, -0.482271, -0.496413] => [0.020202364772558212, -0.01948400028049946, 0.02075297385454178, -0.014637020416557789, 0.022051135078072548]
[-0.322399, 0.03984, -0.499701, -0.498881, -0.496511] => [0.020183175802230835, -0.019453350454568863, 0.020802855491638184, -0.014559786766767502, 0.022115062922239304]
[-0.322407, 0.039554, -0.49969, -0.482216, -0.496563] => [0.02019541710615158, -0.019480247050523758, 0.0207628533244133, -0.014623424038290977, 0.022063156589865685]
[-0.3224, 0.040109, -0.499692, -0.496101, -0.496402] => [0.0201885923743248, -0.019460370764136314, 0.020790698006749153, -0.01457829400897026, 0.022099602967500687]
[-0.322407, 0.039931, -0.499698, -0.487516, -0.496627] => [0.020194459706544876, -0.01947368122637272, 0.02077133022248745, -0.01460934616625309, 0.02207438088953495]
[-0.322408, 0.039725, -0.499701, -0.49862, -0.496601] => [0.02018197625875473, -0.019452812150120735, 0.020804524421691895, -0.014557570219039917, 0.022117065265774727]
[-0.322382, 0.039696, -0.499698, -0.492377, -0.496476] => [0.02018965408205986, -0.019463330507278442, 0.020786026492714882, -0.014585532248020172, 0.02209361083805561]
[-0.322425, 0.039465, -0.499701, -0.498494, -0.496566] => [0.020181406289339066, -0.019450848922133446, 0.02080674096941948, -0.014553647488355637, 0.02212008647620678]
[-0.322397, 0.040062, -0.499705, -0.481772, -0.496655] => [0.020200837403535843, -0.0194847472012043, 0.020753955468535423, -0.014636555686593056, 0.02205199934542179]
[-0.322418, 0.03967, -0.499702, -0.487498, -0.496595] => [0.02019340544939041, -0.019471611827611923, 0.02077408693730831, -0.014604754745960236, 0.022078033536672592]
[-0.322401, 0.039523, -0.499704, -0.490545, -0.496516] => [0.02018997073173523, -0.019465183839201927, 0.02078363671898842, -0.014589508064091206, 0.022090444341301918]
[-0.322391, 0.039462, -0.499699, -0.499804, -0.496554] => [0.02017984166741371, -0.019448531791567802, 0.02081049606204033, -0.014547811821103096, 0.02212490886449814]
[-0.322405, 0.039489, -0.499693, -0.494037, -0.496667] => [0.020184937864542007, -0.01945863850414753, 0.02079540491104126, -0.014571831561625004, 0.022105323150753975]
[-0.322399, 0.039884, -0.499701, -0.489296, -0.496462] => [0.020194143056869507, -0.019470272585749626, 0.020774871110916138, -0.014602900482714176, 0.02207927778363228]
[-0.322405, 0.040163, -0.499693, -0.481976, -0.496616] => [0.02020154893398285, -0.01948515884578228, 0.020753012970089912, -0.01463790237903595, 0.02205083519220352]
[-0.322383, 0.039468, -0.499702, -0.483913, -0.496595] => [0.020193051546812057, -0.01947661116719246, 0.020768694579601288, -0.014614328742027283, 0.022070661187171936]
[-0.322426, 0.039806, -0.499698, -0.488524, -0.496451] => [0.020194929093122482, -0.019470935687422752, 0.02077341452240944, -0.014604977332055569, 0.02207747846841812]
[-0.322386, 0.039773, -0.499696, -0.497965, -0.496457] => [0.02018430456519127, -0.01945432834327221, 0.02080056443810463, -0.01456298679113388, 0.022112255915999413]
[-0.322387, 0.040127, -0.4997, -0.481516, -0.49651] => [0.020202938467264175, -0.019485725089907646, 0.02075084112584591, -0.014640655368566513, 0.022048277780413628]
[-0.322395, 0.039444, -0.499695, -0.496444, -0.496634] => [0.020182453095912933, -0.019454125314950943, 0.020802302286028862, -0.01456093043088913, 0.02211424522101879]
[-0.322402, 0.039449, -0.499691, -0.492498, -0.496626] => [0.020186807960271835, -0.019460946321487427, 0.02079111337661743, -0.014578213915228844, 0.022099921479821205]
[-0.322405, 0.04006, -0.499698, -0.492905, -0.496425] => [0.020191580057144165, -0.01946551911532879, 0.020782478153705597, -0.014591088518500328, 0.022089043632149696]
[-0.322414, 0.039672, -0.499692, -0.488804, -0.496483] => [0.020193077623844147, -0.019469333812594414, 0.02077662944793701, -0.01460026204586029, 0.02208149991929531]
[-0.322381, 0.040157, -0.499698, -0.49878, -0.496493] => [0.020184826105833054, -0.019456176087260246, 0.020798735320568085, -0.014566425234079361, 0.022109689190983772]
[-0.322411, 0.039904, -0.499692, -0.497293, -0.496557] => [0.0201847106218338, -0.01945655047893524, 0.02079828456044197, -0.014567180536687374, 0.02210908755660057]
[-0.322401, 0.039578, -0.499699, -0.485945, -0.496486] => [0.020193729549646378, -0.019473863765597343, 0.020771032199263573, -0.014609729871153831, 0.022074025124311447]
[-0.322424, 0.039773, -0.499704, -0.494829, -0.496411] => [0.02018851786851883, -0.019459838047623634, 0.020790910348296165, -0.01457761786878109, 0.022100001573562622]
[-0.322398, 0.040162, -0.499698, -0.4852, -0.496498] => [0.020199395716190338, -0.01947965659201145, 0.020760588347911835, -0.014625513926148415, 0.022060789167881012]
[-0.322428, 0.040027, -0.499696, -0.490755, -0.496609] => [0.02019183337688446, -0.019468901678919792, 0.020778987556695938, -0.0145974550396204, 0.022084210067987442]
[-0.32239, 0.039527, -0.499697, -0.498537, -0.496376] => [0.020183466374874115, -0.019451292231678963, 0.020804060623049736, -0.014556856825947762, 0.022117003798484802]
[-0.322375, 0.03952, -0.499694, -0.498178, -0.496483] => [0.02018248289823532, -0.019451793283224106, 0.020804548636078835, -0.014556716196238995, 0.02211740054190159]
[-0.32241, 0.039621, -0.499698, -0.481226, -0.496616] => [0.020196668803691864, -0.019482502713799477, 0.020759493112564087, -0.014628788456320763, 0.022058790549635887]
[-0.3224, 0.040068, -0.499694, -0.499263, -0.496494] => [0.02018401026725769, -0.01945456489920616, 0.020801126956939697, -0.014562609605491161, 0.02211279422044754]
[-0.322413, 0.039845, -0.499705, -0.481544, -0.496685] => [0.02019890397787094, -0.019483482465147972, 0.02075684815645218, -0.014632441103458405, 0.022055570036172867]
[-0.322421, 0.039433, -0.499701, -0.483098, -0.496652] => [0.020193062722682953, -0.019477786496281624, 0.020767604932188988, -0.014616412110626698, 0.022069118916988373]
[-0.322399, 0.039454, -0.499693, -0.499019, -0.49668] => [0.02017926797270775, -0.019449742510914803, 0.020809968933463097, -0.014549318701028824, 0.022123973816633224]
[-0.322379, 0.040081, -0.499701, -0.481192, -0.496456] => [0.020202994346618652, -0.019486024975776672, 0.02075028605759144, -0.014641465619206429, 0.022047584876418114]
[-0.322403, 0.039728, -0.49969, -0.489471, -0.49647] => [0.020193103700876236, -0.019468557089567184, 0.02077745646238327, -0.01459878496825695, 0.022082632407546043]
[-0.322402, 0.039529, -0.499705, -0.486246, -0.496656] => [0.020192094147205353, -0.019472798332571983, 0.020773854106664658, -0.01460588350892067, 0.022077446803450584]
[-0.322394, 0.039666, -0.499703, -0.488633, -0.496592] => [0.020192328840494156, -0.01946955919265747, 0.020777152851223946, -0.014599870890378952, 0.0220820140093565]
[-0.322419, 0.039932, -0.499702, -0.496676, -0.496489] => [0.020186375826597214, -0.01945795863866806, 0.020795205608010292, -0.014571575447916985, 0.022105282172560692]
[-0.322386, 0.039862, -0.49969, -0.491539, -0.496425] => [0.020191896706819534, -0.01946612447500229, 0.020781205967068672, -0.014592887833714485, 0.022087473422288895]
[-0.322414, 0.039804, -0.499696, -0.481854, -0.496489] => [0.020199179649353027, -0.019482821226119995, 0.02075694501399994, -0.014631802216172218, 0.02205587550997734]
[-0.322401, 0.039579, -0.499694, -0.482841, -0.496569] => [0.020195282995700836, -0.019479315727949142, 0.020763982087373734, -0.014621500857174397, 0.02206466905772686]
[-0.322398, 0.039747, -0.499696, -0.490588, -0.496438] => [0.020192351192235947, -0.01946684718132019, 0.02077990397810936, -0.014594834297895432, 0.022085830569267273]
[-0.322412, 0.039746, -0.499702, -0.4875, -0.496656] => [0.020193342119455338, -0.01947217434644699, 0.020773734897375107, -0.014605578035116196, 0.02207748033106327]
[-0.322377, 0.039995, -0.499706, -0.481197, -0.496621] => [0.020201101899147034, -0.0194852277636528, 0.020752988755702972, -0.014637943357229233, 0.022050799801945686]
[-0.322408, 0.039647, -0.499696, -0.494917, -0.496483] => [0.02018684893846512, -0.019458526745438576, 0.020793717354536057, -0.01457357220351696, 0.022103488445281982]
[-0.322415, 0.039955, -0.499695, -0.49591, -0.496466] => [0.020187489688396454, -0.01945941522717476, 0.020792638882994652, -0.014575459063053131, 0.022102026268839836]
[-0.322411, 0.039704, -0.499699, -0.493, -0.496568] => [0.02018824964761734, -0.01946232281625271, 0.020788639783859253, -0.014581965282559395, 0.022096781060099602]
[-0.322384, 0.040006, -0.499694, -0.486801, -0.496517] => [0.02019660174846649, -0.019475527107715607, 0.02076728269457817, -0.014615115709602833, 0.022069379687309265]
[-0.322395, 0.03984, -0.499693, -0.492131, -0.496494] => [0.02019047737121582, -0.019464930519461632, 0.020783869549632072, -0.014589110389351845, 0.02209075726568699]
[-0.322409, 0.039637, -0.499706, -0.485254, -0.496618] => [0.02019430324435234, -0.019475417211651802, 0.020769178867340088, -0.01461294200271368, 0.02207152359187603]
[-0.322403, 0.039932, -0.499705, -0.496367, -0.496583] => [0.02018553763628006, -0.019458485767245293, 0.020795509219169617, -0.014571652747690678, 0.022105464711785316]
[-0.322418, 0.040043, -0.499701, -0.484712, -0.496429] => [0.020200304687023163, -0.01947954297065735, 0.02075965143740177, -0.01462642289698124, 0.022059790790081024]
[-0.322388, 0.039655, -0.499694, -0.494789, -0.496681] => [0.020184628665447235, -0.019458740949630737, 0.020795786753296852, -0.01457151398062706, 0.022105712443590164]
[-0.322388, 0.039673, -0.499699, -0.486325, -0.496666] => [0.02019362896680832, -0.019473599269986153, 0.020771795883774757, -0.01460873894393444, 0.022074934095144272]
[-0.32241, 0.040104, -0.49969, -0.485847, -0.496546] => [0.020197954028844833, -0.019477972760796547, 0.020763739943504333, -0.014620833098888397, 0.022064752876758575]
[-0.322418, 0.040148, -0.499695, -0.493077, -0.496618] => [0.02018975093960762, -0.01946590095758438, 0.02078423835337162, -0.014589513652026653, 0.022090869024395943]
[-0.322376, 0.040002, -0.4997, -0.482491, -0.496499] => [0.0202009417116642, -0.019483055919408798, 0.020755257457494736, -0.014633828774094582, 0.022053932771086693]
[-0.322384, 0.039798, -0.499701, -0.48786, -0.496452] => [0.02019525319337845, -0.019472019746899605, 0.0207718126475811, -0.014607515186071396, 0.022075403481721878]
[-0.322404, 0.040129, -0.499697, -0.491966, -0.496502] => [0.020192038267850876, -0.01946769654750824, 0.020779982209205627, -0.014595458284020424, 0.022085655480623245]
[-0.32242, 0.040141, -0.499699, -0.497112, -0.496661] => [0.020184971392154694, -0.01945890672504902, 0.02079608105123043, -0.014571399427950382, 0.02210596390068531]
[-0.322391, 0.03989, -0.499699, -0.48809, -0.496444] => [0.020195581018924713, -0.019472386687994003, 0.020771270617842674, -0.014608394354581833, 0.02207469567656517]
[-0.322387, 0.039931, -0.499694, -0.488289, -0.49646] => [0.020195331424474716, -0.019472341984510422, 0.020771633833646774, -0.014607975259423256, 0.02207510732114315]
[-0.322398, 0.040078, -0.499704, -0.48709, -0.496611] => [0.020195748656988144, -0.01947570964694023, 0.02076815254986286, -0.014614338055253029, 0.022070283070206642]
[-0.322391, 0.039468, -0.4997, -0.499824, -0.496554] => [0.020179852843284607, -0.01944855786859989, 0.020810464397072792, -0.014547865837812424, 0.022124866023659706]
[-0.322391, 0.039475, -0.4997, -0.499915, -0.496554] => [0.020179789513349533, -0.019448459148406982, 0.02081063948571682, -0.014547605067491531, 0.022125085815787315]
[-0.322391, 0.039482, -0.499699, -0.499978, -0.496554] => [0.02017975226044655, -0.019448399543762207, 0.020810749381780624, -0.014547442086040974, 0.02212522365152836]
[-0.322391, 0.039483, -0.4997, -0.499938, -0.496554] => [0.02017980068922043, -0.01944848708808422, 0.020810607820749283, -0.014547660946846008, 0.022125042974948883]
[-0.322391, 0.039474, -0.499699, -0.499857, -0.496554] => [0.02017984166741371, -0.019448542967438698, 0.020810501649975777, -0.014547817409038544, 0.022124910727143288]
[-0.322392, 0.039484, -0.499699, -0.499951, -0.496554] => [0.02017979696393013, -0.01944846473634243, 0.020810645073652267, -0.014547605067491531, 0.022125089541077614]
[-0.322391, 0.039472, -0.4997, -0.49963, -0.496554] => [0.020180080085992813, -0.01944892480969429, 0.020809875801205635, -0.014548784121870995, 0.02212410792708397]
[-0.322391, 0.03948, -0.4997, -0.499965, -0.496554] => [0.020179763436317444, -0.0194484144449234, 0.020810719579458237, -0.01454748585820198, 0.022125186398625374]
[-0.322392, 0.039462, -0.4997, -0.49991, -0.496554] => [0.02017974480986595, -0.019448358565568924, 0.020810773596167564, -0.014547381550073624, 0.022125262767076492]
[-0.32239, 0.03946, -0.499699, -0.499885, -0.496554] => [0.020179737359285355, -0.019448375329375267, 0.020810751244425774, -0.014547417871654034, 0.022125234827399254]
[-0.322392, 0.039475, -0.4997, -0.49976, -0.496554] => [0.02017996460199356, -0.01944872736930847, 0.020810198038816452, -0.01454828679561615, 0.0221245214343071]
[-0.322391, 0.039483, -0.499699, -0.499634, -0.496554] => [0.020180124789476395, -0.019449003040790558, 0.020809773355722427, -0.014548955485224724, 0.022123971953988075]
[-0.32239, 0.039469, -0.4997, -0.499803, -0.496554] => [0.020179875195026398, -0.019448600709438324, 0.02081039920449257, -0.01454797014594078, 0.02212478034198284]
[-0.32239, 0.039483, -0.4997, -0.499693, -0.496554] => [0.020180057734251022, -0.019448909908533096, 0.020809926092624664, -0.014548718929290771, 0.022124169394373894]
[-0.32239, 0.039478, -0.4997, -0.499967, -0.496554] => [0.02017974480986595, -0.01944839395582676, 0.020810753107070923, -0.014547431841492653, 0.022125231102108955]
[-0.322391, 0.039471, -0.499699, -0.49997, -0.496554] => [0.020179707556962967, -0.01944832131266594, 0.02081085741519928, -0.014547262340784073, 0.02212536707520485]
[-0.322391, 0.039464, -0.499699, -0.499987, -0.496554] => [0.02017965540289879, -0.019448231905698776, 0.020810987800359726, -0.014547054655849934, 0.02212553657591343]
[-0.322391, 0.039474, -0.4997, -0.499842, -0.496554] => [0.020179864019155502, -0.019448578357696533, 0.02081044390797615, -0.014547904953360558, 0.022124838083982468]
[-0.322391, 0.039484, -0.499699, -0.499641, -0.496554] => [0.020180121064186096, -0.01944899931550026, 0.020809778943657875, -0.014548946171998978, 0.02212398126721382]
[-0.322391, 0.039476, -0.499699, -0.499742, -0.496554] => [0.020179972052574158, -0.01944875717163086, 0.02081015706062317, -0.014548353850841522, 0.02212446555495262]
[-0.322391, 0.039463, -0.4997, -0.499867, -0.496554] => [0.020179785788059235, -0.01944844052195549, 0.020810645073652267, -0.014547580853104591, 0.02212509885430336]
[-0.32239, 0.039467, -0.499699, -0.499777, -0.496554] => [0.020179886370897293, -0.019448621198534966, 0.020810365676879883, -0.01454802043735981, 0.02212473750114441]
[-0.322391, 0.039463, -0.4997, -0.499908, -0.496554] => [0.020179733633995056, -0.01944836974143982, 0.02081076242029667, -0.014547402039170265, 0.0221252478659153]
[-0.322392, 0.039471, -0.4997, -0.499639, -0.496554] => [0.020180072635412216, -0.01944890059530735, 0.02080990932881832, -0.014548730105161667, 0.02212415263056755]
[-0.322391, 0.039466, -0.4997, -0.499702, -0.496554] => [0.020179975777864456, -0.019448749721050262, 0.020810147747397423, -0.014548354782164097, 0.022124459967017174]
[-0.32239, 0.039477, -0.499699, -0.499942, -0.496554] => [0.020179755985736847, -0.01944842003285885, 0.02081071026623249, -0.014547498896718025, 0.02212517522275448]
[-0.322391, 0.039473, -0.4997, -0.499959, -0.496554] => [0.020179733633995056, -0.01944836601614952, 0.02081078663468361, -0.014547375030815601, 0.022125273942947388]
[-0.322391, 0.03946, -0.499699, -0.49969, -0.496554] => [0.020179957151412964, -0.019448712468147278, 0.02081020176410675, -0.014548268169164658, 0.022124528884887695]
[-0.32239, 0.039483, -0.4997, -0.499955, -0.496554] => [0.02017977461218834, -0.019448457285761833, 0.02081066183745861, -0.014547578990459442, 0.022125111892819405]
[-0.32239, 0.039469, -0.4997, -0.499731, -0.496554] => [0.02017994597554207, -0.019448725506663322, 0.020810198038816452, -0.014548283070325851, 0.0221245214343071]
[-0.322391, 0.039468, -0.499699, -0.499707, -0.496554] => [0.02017996832728386, -0.019448749721050262, 0.02081015333533287, -0.014548351056873798, 0.02212446555495262]
[-0.322391, 0.039468, -0.4997, -0.499916, -0.496554] => [0.020179759711027145, -0.019448397681117058, 0.020810723304748535, -0.014547466300427914, 0.02212519757449627]
[-0.32239, 0.039471, -0.4997, -0.499794, -0.496554] => [0.02017989009618759, -0.01944863423705101, 0.02081035077571869, -0.014548048377037048, 0.022124717012047768]
[-0.322392, 0.039467, -0.499699, -0.499724, -0.496554] => [0.020179960876703262, -0.019448712468147278, 0.020810207352042198, -0.01454826258122921, 0.022124536335468292]
[-0.32239, 0.039469, -0.4997, -0.499892, -0.496554] => [0.020179778337478638, -0.019448447972536087, 0.020810648798942566, -0.01454758457839489, 0.02212510071694851]
[-0.322391, 0.039477, -0.499699, -0.499658, -0.496554] => [0.020180068910121918, -0.019448909908533096, 0.02080990932881832, -0.014548737555742264, 0.022124148905277252]
[-0.322392, 0.039475, -0.4997, -0.499821, -0.496554] => [0.020179901272058487, -0.019448623061180115, 0.02081036940217018, -0.01454802043735981, 0.022124741226434708]
[-0.32239, 0.039468, -0.4997, -0.499773, -0.496554] => [0.020179901272058487, -0.019448645412921906, 0.02081032656133175, -0.014548081904649734, 0.02212468907237053]
[-0.32239, 0.039471, -0.4997, -0.499806, -0.496554] => [0.020179882645606995, -0.01944861188530922, 0.020810384303331375, -0.01454799622297287, 0.02212476171553135]
[-0.32239, 0.039477, -0.4997, -0.499716, -0.496554] => [0.020180001854896545, -0.019448818638920784, 0.020810062065720558, -0.01454850286245346, 0.02212434448301792]
[-0.32239, 0.03948, -0.4997, -0.499833, -0.496554] => [0.02017989382147789, -0.019448641687631607, 0.020810352638363838, -0.014548053964972496, 0.022124717012047768]
[-0.322391, 0.039469, -0.499699, -0.499789, -0.496554] => [0.02017989382147789, -0.019448617473244667, 0.02081037126481533, -0.014548014849424362, 0.022124744951725006]
[-0.322391, 0.03947, -0.4997, -0.499766, -0.496554] => [0.020179927349090576, -0.019448673352599144, 0.020810279995203018, -0.014548155479133129, 0.022124627605080605]
[-0.32239, 0.039479, -0.4997, -0.499875, -0.496554] => [0.02017984166741371, -0.01944856159389019, 0.020810483023524284, -0.014547850005328655, 0.0221248846501112]
[-0.322391, 0.039482, -0.499699, -0.499733, -0.496554] => [0.02018001303076744, -0.01944882422685623, 0.02081006020307541, -0.014548508450388908, 0.022124342620372772]
[-0.322391, 0.039481, -0.499699, -0.499713, -0.496554] => [0.020180027931928635, -0.01944884844124317, 0.020810019224882126, -0.014548571780323982, 0.022124288603663445]
[-0.322391, 0.039469, -0.4997, -0.499881, -0.496554] => [0.02017980068922043, -0.01944846846163273, 0.02081061154603958, -0.014547638595104218, 0.02212505415081978]
[-0.322392, 0.039474, -0.499699, -0.499654, -0.496554] => [0.020180068910121918, -0.019448893144726753, 0.020809929817914963, -0.014548702165484428, 0.02212417684495449]
[-0.322391, 0.039479, -0.499699, -0.499709, -0.496554] => [0.020180020481348038, -0.019448839128017426, 0.02081003040075302, -0.01454855129122734, 0.02212430350482464]
[-0.322392, 0.039483, -0.499699, -0.49986, -0.496554] => [0.02017989009618759, -0.01944861374795437, 0.020810401067137718, -0.014547981321811676, 0.022124778479337692]
[-0.322391, 0.039481, -0.4997, -0.499725, -0.496554] => [0.020180020481348038, -0.019448837265372276, 0.02081003412604332, -0.014548546634614468, 0.022124309092760086]
[-0.322391, 0.039463, -0.499699, -0.499664, -0.496554] => [0.020179998129606247, -0.0194487813860178, 0.020810091868042946, -0.014548440463840961, 0.022124389186501503]
[-0.322391, 0.039483, -0.4997, -0.499952, -0.496554] => [0.020179789513349533, -0.01944846287369728, 0.020810648798942566, -0.014547598548233509, 0.02212509512901306]
[-0.322391, 0.039478, -0.4997, -0.499882, -0.496554] => [0.02017984166741371, -0.01944854110479355, 0.020810510963201523, -0.014547806233167648, 0.022124920040369034]
[-0.32239, 0.039478, -0.4997, -0.499657, -0.496554] => [0.02018006518483162, -0.01944892853498459, 0.02080988511443138, -0.014548776671290398, 0.022124117240309715]
[-0.32239, 0.039479, -0.499699, -0.499746, -0.496554] => [0.020179975777864456, -0.01944877579808235, 0.020810138434171677, -0.014548387378454208, 0.02212444134056568]
[-0.322391, 0.039468, -0.4997, -0.49989, -0.496554] => [0.020179785788059235, -0.01944844238460064, 0.020810650661587715, -0.014547578990459442, 0.022125104442238808]
[-0.322392, 0.039466, -0.499699, -0.499749, -0.496554] => [0.020179927349090576, -0.0194486603140831, 0.020810291171073914, -0.014548134058713913, 0.0221246425062418]
[-0.32239, 0.039466, -0.499699, -0.499757, -0.496554] => [0.020179901272058487, -0.019448645412921906, 0.02081032283604145, -0.014548087492585182, 0.022124681621789932]
[-0.322391, 0.039474, -0.499699, -0.499745, -0.496554] => [0.02017996460199356, -0.01944873481988907, 0.020810188725590706, -0.014548301696777344, 0.022124510258436203]
[-0.32239, 0.039476, -0.4997, -0.499849, -0.496554] => [0.020179852843284607, -0.01944858208298683, 0.02081044390797615, -0.014547906816005707, 0.02212483622133732]
[-0.322391, 0.039466, -0.4997, -0.49983, -0.496554] => [0.02017984166741371, -0.019448529928922653, 0.020810507237911224, -0.0145478006452322, 0.022124920040369034]
[-0.322392, 0.039466, -0.4997, -0.499885, -0.496554] => [0.020179789513349533, -0.019448434934020042, 0.020810656249523163, -0.014547567814588547, 0.022125111892819405]
[-0.322391, 0.039477, -0.4997, -0.499889, -0.496554] => [0.020179826766252518, -0.019448520615696907, 0.02081054262816906, -0.014547755941748619, 0.022124961018562317]
[-0.322391, 0.039475, -0.4997, -0.499852, -0.496554] => [0.020179864019155502, -0.019448567181825638, 0.020810462534427643, -0.014547878876328468, 0.02212485857307911]
[-0.322391, 0.039467, -0.4997, -0.499771, -0.496554] => [0.020179908722639084, -0.019448639824986458, 0.020810328423976898, -0.014548076316714287, 0.02212469093501568]
[-0.32239, 0.039484, -0.4997, -0.499999, -0.496554] => [0.020179737359285355, -0.01944839023053646, 0.020810771733522415, -0.014547410421073437, 0.022125251591205597]
[-0.322391, 0.039478, -0.4997, -0.499953, -0.496554] => [0.020179763436317444, -0.0194484181702137, 0.02081071026623249, -0.014547497034072876, 0.022125177085399628]
[-0.32239, 0.039472, -0.4997, -0.499688, -0.496554] => [0.020180009305477142, -0.01944882422685623, 0.020810043439269066, -0.014548526145517826, 0.02212432213127613]
[-0.322391, 0.039473, -0.4997, -0.49965, -0.496554] => [0.02018006145954132, -0.0194488987326622, 0.020809918642044067, -0.014548717066645622, 0.022124163806438446]
[-0.32239, 0.039479, -0.4997, -0.499847, -0.496554] => [0.0201798714697361, -0.01944861002266407, 0.020810404792428017, -0.014547972939908504, 0.02212478406727314]
[-0.322391, 0.039481, -0.4997, -0.499978, -0.496554] => [0.02017975226044655, -0.019448401406407356, 0.020810743793845177, -0.014547447673976421, 0.02212521806359291]
[-0.322392, 0.039474, -0.499699, -0.499927, -0.496554] => [0.020179782062768936, -0.01944842003285885, 0.020810695365071297, -0.014547513797879219, 0.022125160321593285]
[-0.322392, 0.039461, -0.499699, -0.49975, -0.496554] => [0.020179901272058487, -0.019448617473244667, 0.02081035077571869, -0.014548035338521004, 0.022124722599983215]
[-0.322391, 0.039465, -0.499699, -0.499765, -0.496554] => [0.02017989382147789, -0.019448624923825264, 0.02081035077571869, -0.014548040926456451, 0.022124720737338066]
[-0.322391, 0.039481, -0.4997, -0.499998, -0.496554] => [0.02017972618341446, -0.01944836601614952, 0.020810799673199654, -0.014547361060976982, 0.02212529070675373]
[-0.32239, 0.039467, -0.499699, -0.499955, -0.496554] => [0.02017969638109207, -0.019448311999440193, 0.020810866728425026, -0.01454724557697773, 0.022125380113720894]
[-0.322391, 0.039465, -0.499699, -0.499621, -0.496554] => [0.020180050283670425, -0.01944887265563011, 0.020809948444366455, -0.01454866398125887, 0.02212420478463173]
[-0.322391, 0.039477, -0.499699, -0.499875, -0.496554] => [0.020179837942123413, -0.0194485355168581, 0.02081051841378212, -0.014547795057296753, 0.02212493121623993]
[-0.32239, 0.039482, -0.4997, -0.499792, -0.496554] => [0.02017994597554207, -0.01944872923195362, 0.020810216665267944, -0.014548267237842083, 0.02212454192340374]
[-0.322392, 0.039469, -0.499699, -0.499795, -0.496554] => [0.02017989009618759, -0.01944860816001892, 0.020810384303331375, -0.014547992497682571, 0.02212476171553135]
[-0.32239, 0.039466, -0.499699, -0.49965, -0.496554] => [0.02018001675605774, -0.01944883167743683, 0.020810022950172424, -0.01454855315387249, 0.02212429791688919]
[-0.32239, 0.039482, -0.4997, -0.499965, -0.496554] => [0.020179763436317444, -0.019448431208729744, 0.020810700953006744, -0.014547517523169518, 0.022125162184238434]
[-0.32239, 0.039481, -0.4997, -0.499908, -0.496554] => [0.02017981931567192, -0.019448522478342056, 0.020810551941394806, -0.014547746628522873, 0.022124972194433212]
[-0.322391, 0.039468, -0.4997, -0.499692, -0.496554] => [0.020179998129606247, -0.019448785111308098, 0.020810095593333244, -0.014548437669873238, 0.0221243929117918]
[-0.322391, 0.039472, -0.4997, -0.499811, -0.496554] => [0.020179886370897293, -0.01944861188530922, 0.020810382440686226, -0.014547998085618019, 0.02212475799024105]
[-0.322391, 0.039484, -0.4997, -0.499628, -0.496554] => [0.02018013969063759, -0.019449030980467796, 0.020809726789593697, -0.014549026265740395, 0.02212391421198845]
[-0.322391, 0.039466, -0.499699, -0.499844, -0.496554] => [0.020179815590381622, -0.019448496401309967, 0.0208105631172657, -0.014547714032232761, 0.022124990820884705]
[-0.32239, 0.03946, -0.4997, -0.499819, -0.496554] => [0.020179811865091324, -0.019448496401309967, 0.020810551941394806, -0.014547723345458508, 0.02212498150765896]
[-0.32239, 0.039468, -0.4997, -0.499806, -0.496554] => [0.0201798677444458, -0.01944858767092228, 0.02081041969358921, -0.014547937549650669, 0.02212480828166008]
[-0.32239, 0.03946, -0.499699, -0.499863, -0.496554] => [0.020179763436317444, -0.01944841258227825, 0.02081068977713585, -0.014547512866556644, 0.022125154733657837]
[-0.322391, 0.039482, -0.499699, -0.499753, -0.496554] => [0.02017999067902565, -0.019448790699243546, 0.020810116082429886, -0.014548422768712044, 0.022124413400888443]
[-0.322391, 0.039463, -0.4997, -0.499738, -0.496554] => [0.020179927349090576, -0.019448664039373398, 0.020810283720493317, -0.01454814150929451, 0.0221246350556612]
[-0.32239, 0.039476, -0.4997, -0.499637, -0.496554] => [0.02018008381128311, -0.01944894716143608, 0.020809851586818695, -0.014548826962709427, 0.022124074399471283]
[-0.322391, 0.039475, -0.499699, -0.499807, -0.496554] => [0.020179901272058487, -0.01944863609969616, 0.02081035077571869, -0.014548051171004772, 0.022124717012047768]
[-0.322392, 0.03946, -0.499699, -0.499967, -0.496554] => [0.020179662853479385, -0.019448233768343925, 0.020810972899198532, -0.014547070488333702, 0.022125519812107086]
[-0.322391, 0.039467, -0.4997, -0.499785, -0.496554] => [0.02017989382147789, -0.01944861374795437, 0.02081036940217018, -0.014548012986779213, 0.022124744951725006]
[-0.322391, 0.039473, -0.499699, -0.49971, -0.496554] => [0.02017999440431595, -0.019448786973953247, 0.02081010304391384, -0.01454843394458294, 0.02212439849972725]
[-0.322391, 0.039467, -0.499699, -0.499654, -0.496554] => [0.020180027931928635, -0.019448833540081978, 0.020810015499591827, -0.014548560604453087, 0.022124290466308594]
[-0.322391, 0.039463, -0.4997, -0.499978, -0.496554] => [0.020179662853479385, -0.01944824866950512, 0.020810957998037338, -0.014547097496688366, 0.022125499323010445]
[-0.322392, 0.039467, -0.499699, -0.499814, -0.496554] => [0.020179864019155502, -0.01944855786859989, 0.020810458809137344, -0.01454787328839302, 0.02212486043572426]
[-0.32239, 0.039483, -0.4997, -0.499706, -0.496554] => [0.02018004283308983, -0.019448887556791306, 0.02080996334552765, -0.014548661187291145, 0.022124215960502625]
[-0.322391, 0.039485, -0.4997, -0.499851, -0.496554] => [0.020179904997348785, -0.019448652863502502, 0.020810341462492943, -0.014548076316714287, 0.022124700248241425]
[-0.322391, 0.039481, -0.499699, -0.49972, -0.496554] => [0.020180020481348038, -0.019448837265372276, 0.02081003598868847, -0.014548543840646744, 0.022124310955405235]
[-0.322391, 0.039478, -0.4997, -0.499997, -0.496554] => [0.020179718732833862, -0.01944834180176258, 0.02081083320081234, -0.014547307044267654, 0.022125333547592163]
[-0.322391, 0.039484, -0.499699, -0.499829, -0.496554] => [0.020179923623800278, -0.019448675215244293, 0.020810306072235107, -0.014548130333423615, 0.022124655544757843]
[-0.32239, 0.039464, -0.4997, -0.499973, -0.496554] => [0.020179670304059982, -0.019448265433311462, 0.020810935646295547, -0.014547135680913925, 0.022125469520688057]
[-0.322391, 0.039477, -0.499699, -0.499621, -0.496554] => [0.0201801136136055, -0.01944897510111332, 0.020809805020689964, -0.014548897743225098, 0.022124016657471657]
[-0.322391, 0.039475, -0.4997, -0.499653, -0.496554] => [0.020180072635412216, -0.019448911771178246, 0.020809901878237724, -0.01454874500632286, 0.022124141454696655]
[-0.322391, 0.039473, -0.499699, -0.499994, -0.496554] => [0.020179692655801773, -0.019448297098279, 0.020810898393392563, -0.014547200873494148, 0.022125419229269028]
[-0.32239, 0.039482, -0.499699, -0.499642, -0.496554] => [0.020180102437734604, -0.019448980689048767, 0.020809810608625412, -0.014548895880579948, 0.022124020382761955]
[-0.322391, 0.03947, -0.4997, -0.499628, -0.496554] => [0.020180072635412216, -0.019448911771178246, 0.020809892565011978, -0.014548756182193756, 0.02212413027882576]
[-0.32239, 0.039469, -0.499699, -0.499824, -0.496554] => [0.02017984539270401, -0.019448556005954742, 0.020810475572943687, -0.014547854661941528, 0.0221248771995306]
[-0.32239, 0.039473, -0.499699, -0.49967, -0.496554] => [0.020180024206638336, -0.01944885402917862, 0.020809996873140335, -0.014548598788678646, 0.022124262526631355]
[-0.322392, 0.039477, -0.4997, -0.499741, -0.496554] => [0.02017999067902565, -0.01944877579808235, 0.020810123533010483, -0.014548404142260551, 0.02212442457675934]
[-0.322391, 0.039484, -0.499699, -0.499931, -0.496554] => [0.020179811865091324, -0.019448500126600266, 0.02081059105694294, -0.014547688886523247, 0.022125020623207092]
[-0.322392, 0.039465, -0.4997, -0.499669, -0.496554] => [0.020180009305477142, -0.019448798149824142, 0.020810063928365707, -0.014548484236001968, 0.02212435193359852]
[-0.322392, 0.039462, -0.4997, -0.499702, -0.496554] => [0.020179960876703262, -0.019448716193437576, 0.020810190588235855, -0.014548283070325851, 0.0221245177090168]
[-0.322391, 0.039478, -0.4997, -0.499979, -0.496554] => [0.020179741084575653, -0.019448375329375267, 0.02081078104674816, -0.014547387138009071, 0.02212526649236679]
[-0.32239, 0.039484, -0.499699, -0.49967, -0.496554] => [0.02018008381128311, -0.01944894902408123, 0.02080986648797989, -0.014548813924193382, 0.022124089300632477]
[-0.322391, 0.039472, -0.4997, -0.499964, -0.496554] => [0.020179729908704758, -0.019448349252343178, 0.02081081084907055, -0.014547334983944893, 0.022125307470560074]
[-0.322392, 0.039462, -0.499699, -0.499848, -0.496554] => [0.020179804414510727, -0.019448455423116684, 0.02081061527132988, -0.014547626487910748, 0.022125061601400375]
[-0.32239, 0.039485, -0.4997, -0.499678, -0.496554] => [0.02018008381128311, -0.01944895088672638, 0.02080986090004444, -0.01454882137477398, 0.02212408557534218]
[-0.322392, 0.039462, -0.499699, -0.499882, -0.496554] => [0.020179767161607742, -0.019448397681117058, 0.02081071026623249, -0.014547480270266533, 0.022125182673335075]
[-0.322391, 0.039461, -0.4997, -0.499623, -0.496554] => [0.020180031657218933, -0.019448844715952873, 0.02080998383462429, -0.014548602513968945, 0.02212425321340561]
[-0.32239, 0.039464, -0.4997, -0.499801, -0.496554] => [0.02017984911799431, -0.01944856159389019, 0.020810453221201897, -0.014547880738973618, 0.02212485298514366]
[-0.322392, 0.039467, -0.499699, -0.499705, -0.496554] => [0.020179979503154755, -0.019448744133114815, 0.02081015706062317, -0.014548342674970627, 0.02212447114288807]
[-0.322392, 0.039484, -0.4997, -0.499846, -0.496554] => [0.02017991989850998, -0.019448652863502502, 0.020810335874557495, -0.014548082835972309, 0.022124692797660828]
[-0.32239, 0.039464, -0.499699, -0.49962, -0.496554] => [0.02018004283308983, -0.019448865205049515, 0.0208099614828825, -0.014548644423484802, 0.022124221548438072]
[-0.322391, 0.03948, -0.4997, -0.499884, -0.496554] => [0.02017984911799431, -0.019448554143309593, 0.02081049419939518, -0.014547834172844887, 0.022124897688627243]
[-0.322392, 0.039465, -0.4997, -0.499733, -0.496554] => [0.02017994597554207, -0.019448690116405487, 0.020810240879654884, -0.014548209495842457, 0.022124579176306725]
[-0.322392, 0.039484, -0.4997, -0.499866, -0.496554] => [0.02017989382147789, -0.019448621198534966, 0.020810389891266823, -0.014547998085618019, 0.022124765440821648]
[-0.32239, 0.039475, -0.499699, -0.499725, -0.496554] => [0.020179975777864456, -0.0194487776607275, 0.020810125395655632, -0.014548401348292828, 0.022124428302049637]
[-0.322392, 0.039478, -0.499699, -0.499712, -0.496554] => [0.020180024206638336, -0.01944882608950138, 0.020810043439269066, -0.01454852893948555, 0.02212432213127613]
[-0.32239, 0.039463, -0.4997, -0.499698, -0.496554] => [0.020179953426122665, -0.01944873109459877, 0.02081017754971981, -0.01454830914735794, 0.022124499082565308]
[-0.32239, 0.039485, -0.4997, -0.499848, -0.496554] => [0.020179904997348785, -0.01944865845143795, 0.020810335874557495, -0.014548084698617458, 0.022124692797660828]
[-0.322391, 0.039478, -0.4997, -0.499855, -0.496554] => [0.020179864019155502, -0.01944858767092228, 0.020810436457395554, -0.0145479217171669, 0.022124825045466423]
[-0.322391, 0.039471, -0.499699, -0.499956, -0.496554] => [0.02017972245812416, -0.01944834552705288, 0.020810816437005997, -0.014547327533364296, 0.02212531492114067]
[-0.322391, 0.039476, -0.499699, -0.499753, -0.496554] => [0.020179960876703262, -0.019448738545179367, 0.020810186862945557, -0.014548305422067642, 0.022124506533145905]
[-0.32239, 0.039474, -0.4997, -0.499989, -0.496554] => [0.02017970010638237, -0.01944832317531109, 0.020810861140489578, -0.014547260478138924, 0.022125370800495148]
[-0.322391, 0.039472, -0.4997, -0.499905, -0.496554] => [0.020179785788059235, -0.019448449835181236, 0.020810645073652267, -0.014547590166330338, 0.02212509699165821]
[-0.322391, 0.03947, -0.4997, -0.499814, -0.496554] => [0.020179878920316696, -0.019448591396212578, 0.020810414105653763, -0.01454794779419899, 0.022124798968434334]
[-0.322392, 0.039467, -0.4997, -0.499707, -0.496554] => [0.020179983228445053, -0.01944875158369541, 0.020810145884752274, -0.01454835943877697, 0.022124456241726875]
[-0.322391, 0.039477, -0.4997, -0.499667, -0.496554] => [0.02018006518483162, -0.01944890432059765, 0.020809918642044067, -0.01454872079193592, 0.022124161943793297]
[-0.322391, 0.039463, -0.4997, -0.499884, -0.496554] => [0.020179763436317444, -0.019448410719633102, 0.020810695365071297, -0.014547506347298622, 0.022125162184238434]
[-0.322392, 0.039462, -0.499699, -0.499766, -0.496554] => [0.02017989009618759, -0.019448598846793175, 0.020810384303331375, -0.014547985047101974, 0.022124765440821648]
[-0.322391, 0.039481, -0.499699, -0.499737, -0.496554] => [0.020180001854896545, -0.01944880746304989, 0.020810086280107498, -0.0145484684035182, 0.02212437428534031]
[-0.32239, 0.039464, -0.4997, -0.499884, -0.496554] => [0.020179763436317444, -0.0194484181702137, 0.02081068605184555, -0.014547521248459816, 0.02212515100836754]
[-0.322391, 0.039463, -0.4997, -0.499954, -0.496554] => [0.020179692655801773, -0.019448289647698402, 0.020810890942811966, -0.014547202736139297, 0.02212541364133358]
[-0.322391, 0.03948, -0.499699, -0.499703, -0.496554] => [0.02018003538250923, -0.019448857754468918, 0.020810000598430634, -0.01454859972000122, 0.022124266251921654]
[-0.322391, 0.039464, -0.499699, -0.499986, -0.496554] => [0.020179662853479385, -0.019448233768343925, 0.020810984075069427, -0.014547060243785381, 0.02212553098797798]
[-0.324181, 0.041813, -0.499692, -0.269683, -0.308022] => [0.021973326802253723, -0.020291101187467575, 0.018485065549612045, -0.01772782765328884, 0.019303135573863983]
[-0.324155, 0.045456, -0.499405, -0.264478, -0.211741] => [0.021928362548351288, -0.020303111523389816, 0.018481802195310593, -0.01773715578019619, 0.019297203049063683]
[-0.322707, 0.034352, -0.499517, -0.415517, -0.375724] => [0.019369740039110184, -0.01977168768644333, 0.019490258768200874, -0.01629364676773548, 0.020517965778708458]
[-0.322288, 0.061051, -0.499741, -0.421863, -0.344043] => [0.022590991109609604, -0.020291758701205254, 0.019013315439224243, -0.017169052734971046, 0.019895607605576515]
[-0.32369, 0.058326, -0.499475, -0.400166, -0.487451] => [0.020769242197275162, -0.019886909052729607, 0.019975977018475533, -0.01579469069838524, 0.02107359655201435]
[-0.323079, 0.06062, -0.499428, -0.265165, -0.421775] => [0.0219254232943058, -0.020412078127264977, 0.018918476998806, -0.01733550988137722, 0.01976158283650875]
[-0.322782, 0.034886, -0.49923, -0.302311, -0.252208] => [0.022065233439207077, -0.020322635769844055, 0.018407905474305153, -0.017839470878243446, 0.019207365810871124]
[-0.323328, 0.057694, -0.499857, -0.388953, -0.491529] => [0.020717903971672058, -0.01990804448723793, 0.01993369311094284, -0.01585601456463337, 0.021020160987973213]
[-0.322752, 0.042363, -0.499679, -0.499715, -0.204146] => [0.022115200757980347, -0.020329764112830162, 0.01838093250989914, -0.017876816913485527, 0.019174573943018913]
[-0.322236, 0.049589, -0.499765, -0.43939, -0.482929] => [0.02041703462600708, -0.01964702270925045, 0.020375551655888557, -0.015168591402471066, 0.021587170660495758]
[-0.322171, 0.043417, -0.499381, -0.414458, -0.422812] => [0.0207752026617527, -0.019744515419006348, 0.01992824114859104, -0.015709280967712402, 0.021071990951895714]
[-0.322371, 0.038543, -0.499383, -0.494486, -0.330235] => [0.02171347662806511, -0.02011711709201336, 0.018829992040991783, -0.01721450686454773, 0.019737068563699722]
[-0.323987, 0.040412, -0.499433, -0.388376, -0.434377] => [0.020569361746311188, -0.019717726856470108, 0.02000531740486622, -0.015607716515660286, 0.02116220071911812]
[-0.322988, 0.051337, -0.499449, -0.374354, -0.311368] => [0.021991942077875137, -0.02025045081973076, 0.01853974163532257, -0.017640821635723114, 0.019374221563339233]
[-0.323373, 0.04958, -0.499253, -0.460339, -0.19257] => [0.02217770367860794, -0.02033867873251438, 0.018347186967730522, -0.017923541367053986, 0.0191335491836071]
[-0.323509, 0.036618, -0.499249, -0.244508, -0.472533] => [0.02058781310915947, -0.0202182587236166, 0.01925014518201351, -0.016751650720834732, 0.020229313522577286]
[-0.322437, 0.049873, -0.499551, -0.275304, -0.211344] => [0.02191048115491867, -0.02030056156218052, 0.018491454422473907, -0.01772378943860531, 0.019308937713503838]
[-0.323443, 0.033819, -0.499771, -0.3715, -0.183897] => [0.022071924060583115, -0.02032359130680561, 0.018404295668005943, -0.017844470217823982, 0.019202977418899536]
[-0.323932, 0.050492, -0.499708, -0.343658, -0.390469] => [0.021922841668128967, -0.020009348168969154, 0.01942506432533264, -0.01648898608982563, 0.02043459564447403]
[-0.322176, 0.057437, -0.499544, -0.332439, -0.450218] => [0.021506797522306442, -0.02027778886258602, 0.019291363656520844, -0.016828445717692375, 0.02021133527159691]
[-0.323821, 0.033005, -0.499709, -0.428512, -0.183478] => [0.02217387780547142, -0.020338132977485657, 0.018349256366491318, -0.01792067661881447, 0.019136065617203712]
[-0.323105, 0.046082, -0.49948, -0.490271, -0.255346] => [0.022035803645849228, -0.020318439230322838, 0.018423793837428093, -0.01781747117638588, 0.01922668144106865]
[-0.321838, 0.033352, -0.499522, -0.387633, -0.305026] => [0.02198931574821472, -0.020311806350946426, 0.01844889298081398, -0.017782721668481827, 0.0192571934312582]
[-0.32252, 0.058915, -0.499435, -0.453768, -0.485449] => [0.020497899502515793, -0.01970870979130268, 0.020310021936893463, -0.015289707109332085, 0.021496472880244255]
[-0.321855, 0.047443, -0.499726, -0.488772, -0.175872] => [0.02214256301522255, -0.0203336663544178, 0.018366161733865738, -0.017897270619869232, 0.019156616181135178]
[-0.32202, 0.036074, -0.499794, -0.447084, -0.212513] => [0.0220780149102211, -0.020324459299445152, 0.0184010062366724, -0.017849024385213852, 0.019198978319764137]
[-0.322598, 0.059239, -0.499546, -0.479125, -0.258705] => [0.022120337933301926, -0.020339595153927803, 0.01840876415371895, -0.017852477729320526, 0.01920386776328087]
[-0.322833, 0.059425, -0.499902, -0.277882, -0.460021] => [0.021425295621156693, -0.020311234518885612, 0.019150419160723686, -0.01699780486524105, 0.02004743553698063]
[-0.323945, 0.056427, -0.499243, -0.245256, -0.17862] => [0.021773461252450943, -0.02028101682662964, 0.018565427511930466, -0.017621370032429695, 0.019398866221308708]
[-0.3238, 0.051462, -0.499909, -0.416072, -0.168042] => [0.022109393030405045, -0.020328935235738754, 0.018384067341685295, -0.017872478812932968, 0.01917838491499424]
[-0.322224, 0.055176, -0.499519, -0.294278, -0.317241] => [0.021983325481414795, -0.020264657214283943, 0.018602371215820312, -0.017579803243279457, 0.01944217085838318]
[-0.323408, 0.05946, -0.499214, -0.372493, -0.28397] => [0.022434744983911514, -0.02041485905647278, 0.018341364338994026, -0.017993256449699402, 0.01910674385726452]
[-0.321972, 0.049356, -0.499644, -0.228911, -0.322589] => [0.021728940308094025, -0.020243309438228607, 0.018636329099535942, -0.017515012994408607, 0.019488409161567688]
[-0.321917, 0.054767, -0.499781, -0.412418, -0.21642] => [0.022119279950857162, -0.020330345258116722, 0.018378732725977898, -0.01787986420094967, 0.019171899184584618]
[-0.323261, 0.042982, -0.499879, -0.490563, -0.396397] => [0.02108970656991005, -0.019803505390882492, 0.019679414108395576, -0.01602708175778389, 0.020779384300112724]
[-0.322414, 0.044287, -0.499396, -0.453935, -0.267676] => [0.022006642073392868, -0.020314278081059456, 0.018439536914229393, -0.01779567450284958, 0.019245820119976997]
[-0.323805, 0.050175, -0.499618, -0.333963, -0.29544] => [0.02217172458767891, -0.020337825641036034, 0.01835041679441929, -0.017919069156050682, 0.01913747563958168]
[-0.324236, 0.053553, -0.499618, -0.414033, -0.354284] => [0.022253569215536118, -0.02012627013027668, 0.019124053418636322, -0.016919096931815147, 0.020062685012817383]
[-0.323101, 0.045513, -0.49994, -0.352542, -0.494762] => [0.020723700523376465, -0.020021962001919746, 0.0197261031717062, -0.016158726066350937, 0.020760737359523773]
[-0.323504, 0.05212, -0.499754, -0.407644, -0.343697] => [0.02196037396788597, -0.020115947350859642, 0.018955213949084282, -0.017086211591959, 0.019876690581440926]
[-0.323351, 0.048952, -0.499407, -0.27933, -0.353765] => [0.021766435354948044, -0.020088307559490204, 0.01886650361120701, -0.017157340422272682, 0.019784461706876755]
[-0.322944, 0.055838, -0.499704, -0.258594, -0.421004] => [0.02145075798034668, -0.020272374153137207, 0.019013099372386932, -0.017115004360675812, 0.019905462861061096]
[-0.32206, 0.040569, -0.499343, -0.302148, -0.225671] => [0.0219876728951931, -0.020311573520302773, 0.018449779599905014, -0.017781492322683334, 0.019258273765444756]
[-0.322368, 0.060896, -0.499688, -0.301632, -0.408227] => [0.022099271416664124, -0.020306725054979324, 0.019090889021754265, -0.01706763356924057, 0.0199857410043478]
[-0.323214, 0.052739, -0.499405, -0.326875, -0.242577] => [0.022095590829849243, -0.020326966419816017, 0.01839151605963707, -0.017862163484096527, 0.0191874410957098]
[-0.323691, 0.045329, -0.499852, -0.340977, -0.36713] => [0.02126321941614151, -0.019945107400417328, 0.01913781650364399, -0.016759581863880157, 0.02011922374367714]
[-0.323247, 0.057418, -0.499935, -0.229954, -0.426078] => [0.02121984213590622, -0.02023319900035858, 0.019050201401114464, -0.017037808895111084, 0.019958291202783585]
[-0.322833, 0.036469, -0.499903, -0.393625, -0.466416] => [0.020269159227609634, -0.019675683230161667, 0.020370911806821823, -0.015183941461145878, 0.021577652543783188]
[-0.324272, 0.036435, -0.499411, -0.344988, -0.411618] => [0.01883295178413391, -0.019724560901522636, 0.019674601033329964, -0.016045721247792244, 0.020736664533615112]
[-0.323612, 0.050628, -0.499614, -0.291036, -0.264643] => [0.02202819660305977, -0.020317353308200836, 0.018427902832627296, -0.017811782658100128, 0.019231677055358887]
[-0.323823, 0.0595, -0.499253, -0.448357, -0.258176] => [0.022171422839164734, -0.02034880220890045, 0.018387652933597565, -0.01788470521569252, 0.01917724311351776]
[-0.322439, 0.05209, -0.499641, -0.240408, -0.397285] => [0.021211333572864532, -0.02008560113608837, 0.019074376672506332, -0.016895495355129242, 0.02002720721065998]
[-0.32288, 0.048928, -0.499496, -0.494933, -0.196634] => [0.02214784175157547, -0.02033442072570324, 0.018363308161497116, -0.017901219427585602, 0.01915314793586731]
[-0.322521, 0.039908, -0.499999, -0.287496, -0.198483] => [0.021863382309675217, -0.020293843001127243, 0.01851687952876091, -0.017688585445284843, 0.019339848309755325]
[-0.323322, 0.051835, -0.499927, -0.309856, -0.223705] => [0.022036869078874588, -0.020318590104579926, 0.01842322200536728, -0.017818264663219452, 0.019225986674427986]
[-0.323421, 0.033685, -0.499474, -0.430513, -0.177526] => [0.022160008549690247, -0.020336154848337173, 0.018356740474700928, -0.017910312861204147, 0.019145164638757706]
[-0.323173, 0.059286, -0.499431, -0.265071, -0.295641] => [0.021875597536563873, -0.020295586436986923, 0.01851028762757778, -0.017697714269161224, 0.019331833347678185]
[-0.32302, 0.03976, -0.499562, -0.465111, -0.31519] => [0.02187376841902733, -0.020167982205748558, 0.01870160549879074, -0.017399581149220467, 0.0195779986679554]
[-0.322405, 0.059632, -0.499863, -0.298081, -0.194737] => [0.02191566675901413, -0.020301301032304764, 0.018488653004169464, -0.017727667465806007, 0.019305532798171043]
[-0.323794, 0.049212, -0.499366, -0.355383, -0.392852] => [0.021774809807538986, -0.019952863454818726, 0.019504385069012642, -0.01635563373565674, 0.020539116114377975]
[-0.323824, 0.038229, -0.499967, -0.254211, -0.461396] => [0.020658176392316818, -0.020212458446621895, 0.019233277067542076, -0.016775228083133698, 0.02020428143441677]
[-0.322292, 0.045482, -0.499352, -0.297705, -0.487499] => [0.020773448050022125, -0.02022494561970234, 0.01923239789903164, -0.01680050790309906, 0.020192349329590797]
[-0.324004, 0.049584, -0.499698, -0.379688, -0.441009] => [0.02094358578324318, -0.01994113251566887, 0.019836321473121643, -0.015972353518009186, 0.020911145955324173]
[-0.323669, 0.032715, -0.499951, -0.405244, -0.182843] => [0.02217266708612442, -0.020337959751486778, 0.018349910154938698, -0.017919771373271942, 0.019136859104037285]
[-0.323382, 0.044368, -0.499618, -0.427005, -0.269947] => [0.022061605006456375, -0.02032211795449257, 0.018409868702292442, -0.01783675141632557, 0.01920975372195244]
[-0.323381, 0.059975, -0.499464, -0.23475, -0.310007] => [0.021842632442712784, -0.020283419638872147, 0.018612952902913094, -0.01757332682609558, 0.019451485946774483]
[-0.323063, 0.039888, -0.499592, -0.309301, -0.443934] => [0.020795267075300217, -0.020057331770658493, 0.019480202347040176, -0.01643761619925499, 0.02048308216035366]
[-0.322947, 0.045217, -0.4997, -0.313965, -0.419008] => [0.020967066287994385, -0.019939426332712173, 0.01937284879386425, -0.01645771972835064, 0.020399898290634155]
[-0.324131, 0.035239, -0.49942, -0.408833, -0.344123] => [0.02174561843276024, -0.020071323961019516, 0.01888793706893921, -0.017121128737926483, 0.01981288380920887]
[-0.322926, 0.053004, -0.499877, -0.335507, -0.388631] => [0.02196793630719185, -0.020072173327207565, 0.019343970343470573, -0.016623351722955704, 0.020327771082520485]
[-0.323504, 0.050942, -0.49953, -0.332556, -0.396909] => [0.02173323556780815, -0.01999305561184883, 0.019436053931713104, -0.016456443816423416, 0.020452892407774925]
[-0.32257, 0.055121, -0.499955, -0.377222, -0.313639] => [0.022146619856357574, -0.02027907967567444, 0.01858966238796711, -0.01761171594262123, 0.019422639161348343]
[-0.323813, 0.044414, -0.499459, -0.379125, -0.391251] => [0.021534893661737442, -0.0198260098695755, 0.019638381898403168, -0.016110099852085114, 0.02072272077202797]
[-0.321797, 0.036462, -0.499789, -0.398339, -0.291258] => [0.02200663834810257, -0.020314278081059456, 0.018439538776874542, -0.01779567077755928, 0.019245823845267296]
[-0.324165, 0.050703, -0.499405, -0.473569, -0.246097] => [0.022111065685749054, -0.020329173654317856, 0.018383165821433067, -0.017873726785182953, 0.019177287817001343]
[-0.323181, 0.050444, -0.499715, -0.36998, -0.375735] => [0.022065162658691406, -0.020029891282320023, 0.019357629120349884, -0.016585029661655426, 0.020351799204945564]
[-0.323564, 0.061635, -0.499998, -0.309571, -0.426083] => [0.0220566987991333, -0.0204100850969553, 0.019015830010175705, -0.017232907935976982, 0.01987065188586712]
[-0.323558, 0.058954, -0.499887, -0.337134, -0.460064] => [0.021642718464136124, -0.020328007638454437, 0.01924263872206211, -0.016925975680351257, 0.02014169842004776]
[-0.324221, 0.038619, -0.499446, -0.24379, -0.475919] => [0.02065616101026535, -0.02022150158882141, 0.019244562834501266, -0.01676916517317295, 0.02021673694252968]
[-0.322158, 0.038588, -0.499296, -0.340677, -0.245162] => [0.022117722779512405, -0.020330123603343964, 0.018379569053649902, -0.017878707498311996, 0.019172916188836098]
[-0.322116, 0.056073, -0.499639, -0.251135, -0.247183] => [0.021877869963645935, -0.02029591053724289, 0.01850906014442444, -0.017699414864182472, 0.01933034136891365]
[-0.323149, 0.053115, -0.499771, -0.281892, -0.445549] => [0.021058078855276108, -0.020206501707434654, 0.01918511651456356, -0.016874141991138458, 0.020113518461585045]
[-0.323245, 0.041659, -0.499964, -0.439699, -0.335807] => [0.021725475788116455, -0.020063627511262894, 0.018906021490693092, -0.01709483191370964, 0.01983538269996643]
[-0.322081, 0.0469, -0.499968, -0.260346, -0.184522] => [0.021745972335338593, -0.020277095958590508, 0.01858026720583439, -0.01760082133114338, 0.01941690780222416]
[-0.323719, 0.042301, -0.499835, -0.471441, -0.46613] => [0.020404789596796036, -0.019562095403671265, 0.020443841814994812, -0.015027162618935108, 0.021687913686037064]
[-0.322547, 0.058487, -0.499568, -0.395008, -0.350709] => [0.022333253175020218, -0.020228441804647446, 0.019017595797777176, -0.017109524458646774, 0.019917743280529976]
[-0.322601, 0.055663, -0.499656, -0.482517, -0.195741] => [0.022159531712532043, -0.0203360877931118, 0.01835699751973152, -0.017909957095980644, 0.019145475700497627]
[-0.324117, 0.046525, -0.499904, -0.298887, -0.4565] => [0.020946409553289413, -0.020209448412060738, 0.01918943226337433, -0.016859209164977074, 0.020129188895225525]
[-0.323382, 0.042614, -0.499751, -0.274339, -0.486457] => [0.020699016749858856, -0.020224766805768013, 0.019242556765675545, -0.016779402270913124, 0.020210476592183113]
[-0.323659, 0.060155, -0.499663, -0.353181, -0.323267] => [0.02255992963910103, -0.020379003137350082, 0.01864648051559925, -0.017634965479373932, 0.019459784030914307]
[-0.323599, 0.050409, -0.499936, -0.339382, -0.215098] => [0.022088102996349335, -0.020325899124145508, 0.0183955579996109, -0.017856568098068237, 0.019192354753613472]
[-0.324155, 0.032088, -0.499692, -0.291023, -0.172391] => [0.02180454507470131, -0.02028544992208481, 0.018548646941781044, -0.017644600942730904, 0.01937846839427948]
[-0.322194, 0.04031, -0.499862, -0.273589, -0.203691] => [0.021844029426574707, -0.020291082561016083, 0.018527327105402946, -0.017674122005701065, 0.019352547824382782]
[-0.323356, 0.038998, -0.499849, -0.426458, -0.287183] => [0.022030387073755264, -0.020317666232585907, 0.018426718190312386, -0.0178134236484766, 0.01923023723065853]
[-0.322739, 0.040626, -0.499872, -0.335073, -0.358691] => [0.021625332534313202, -0.02003420516848564, 0.01898271031677723, -0.016984697431325912, 0.01993022859096527]
[-0.323507, 0.038329, -0.499824, -0.400758, -0.226319] => [0.022147662937641144, -0.020334392786026, 0.018363408744335175, -0.01790108159184456, 0.01915326900780201]
[-0.322779, 0.061267, -0.499974, -0.25332, -0.347213] => [0.022264093160629272, -0.020326364785432816, 0.018793189898133278, -0.017421459779143333, 0.019641567021608353]
[-0.322859, 0.044612, -0.499822, -0.295482, -0.250373] => [0.022028133273124695, -0.02031734399497509, 0.018427936360239983, -0.017811736091971397, 0.01923171803355217]
[-0.321865, 0.048419, -0.499627, -0.25279, -0.429597] => [0.020965345203876495, -0.0201793871819973, 0.019165614619851112, -0.016867173835635185, 0.02010197751224041]
[-0.323879, 0.063381, -0.499222, -0.412522, -0.168293] => [0.022104572504758835, -0.020328247919678688, 0.01838666945695877, -0.017868874594569206, 0.019181547686457634]
[-0.321955, 0.047707, -0.499594, -0.411745, -0.309379] => [0.021896246820688248, -0.02024098113179207, 0.01858515664935112, -0.017579030245542526, 0.01942898891866207]
[-0.323844, 0.05491, -0.499335, -0.28087, -0.239173] => [0.02200661599636078, -0.020314274355769157, 0.018439555540680885, -0.01779565028846264, 0.019245842471718788]
[-0.322711, 0.045943, -0.4998, -0.45199, -0.366547] => [0.02144709974527359, -0.019889743998646736, 0.019401585683226585, -0.01641235686838627, 0.020440462976694107]
[-0.323424, 0.038689, -0.499659, -0.397122, -0.281533] => [0.022099841386079788, -0.020327573642134666, 0.018389223143458366, -0.017865339294075966, 0.019184652715921402]
[-0.323446, 0.039295, -0.499709, -0.406256, -0.206958] => [0.022163718938827515, -0.020336683839559555, 0.018354739993810654, -0.017913084477186203, 0.01914273016154766]
[-0.323828, 0.049023, -0.499613, -0.382809, -0.229892] => [0.022166509181261063, -0.02033708244562149, 0.018353231251239777, -0.01791517250239849, 0.019140897318720818]
[-0.323481, 0.041004, -0.499991, -0.363411, -0.423882] => [0.020738396793603897, -0.019756436347961426, 0.01978207379579544, -0.015876373276114464, 0.02090480923652649]
[-0.324249, 0.045792, -0.499837, -0.288185, -0.246163] => [0.022048301994800568, -0.020320219919085503, 0.018417051061987877, -0.017826808616518974, 0.019218483939766884]
[-0.323626, 0.042605, -0.499752, -0.323596, -0.239124] => [0.02210932970046997, -0.020328925922513008, 0.01838410273194313, -0.017872430384159088, 0.019178427755832672]
[-0.322453, 0.032608, -0.499616, -0.308317, -0.359591] => [0.021654412150382996, -0.020103447139263153, 0.01886971853673458, -0.017158133909106255, 0.0197859238833189]
[-0.324117, 0.058641, -0.499875, -0.344632, -0.17473] => [0.02201366052031517, -0.020315280184149742, 0.018435750156641006, -0.017800917848944664, 0.0192412156611681]
[-0.322103, 0.050483, -0.499916, -0.24568, -0.377905] => [0.021265145391225815, -0.02006584219634533, 0.019053086638450623, -0.016908923164010048, 0.0200069360435009]
[-0.323481, 0.056646, -0.499554, -0.303175, -0.340682] => [0.022324498742818832, -0.02027944289147854, 0.018768027424812317, -0.017421599477529526, 0.01962300017476082]
[-0.324121, 0.033661, -0.499647, -0.343554, -0.474337] => [0.02045275643467903, -0.019951704889535904, 0.01991177909076214, -0.015890242531895638, 0.020990947261452675]
[-0.322563, 0.047364, -0.499785, -0.443395, -0.472259] => [0.020445454865694046, -0.01963876560330391, 0.020338911563158035, -0.01520016323775053, 0.02154954895377159]
[-0.323467, 0.039505, -0.49956, -0.286725, -0.183808] => [0.021831627935171127, -0.020289314910769463, 0.018534023314714432, -0.017664849758148193, 0.01936068944633007]
[-0.321898, 0.049226, -0.499514, -0.257012, -0.381049] => [0.021243717521429062, -0.020043695345520973, 0.019093187525868416, -0.01684841699898243, 0.02005772292613983]
[-0.32407, 0.044795, -0.499459, -0.412466, -0.38631] => [0.021494518965482712, -0.019835874438285828, 0.01962309516966343, -0.016131673008203506, 0.020703580230474472]
[-0.32339, 0.052381, -0.499377, -0.284673, -0.317361] => [0.0219101682305336, -0.02021797187626362, 0.0186149962246418, -0.01753119006752968, 0.019467931240797043]
[-0.323686, 0.036461, -0.499987, -0.38578, -0.171511] => [0.022080369293689728, -0.020324796438217163, 0.018399734050035477, -0.017850786447525024, 0.019197430461645126]
[-0.323499, 0.046873, -0.499267, -0.233595, -0.235564] => [0.02188916876912117, -0.020297521725296974, 0.018502959981560707, -0.017707860097289085, 0.019322924315929413]
[-0.321848, 0.050883, -0.499685, -0.453824, -0.19117] => [0.02212890237569809, -0.020331718027591705, 0.018373535946011543, -0.017887059599161148, 0.019165581092238426]
[-0.324056, 0.037337, -0.499284, -0.244818, -0.190966] => [0.021768826991319656, -0.02028035558760166, 0.018567930907011032, -0.017617903649806976, 0.01940190978348255]
[-0.323124, 0.03789, -0.499872, -0.358366, -0.407566] => [0.017981212586164474, -0.01964571326971054, 0.01979837380349636, -0.015883829444646835, 0.02087252028286457]
[-0.323858, 0.063263, -0.499647, -0.373145, -0.405527] => [0.022491920739412308, -0.02034868113696575, 0.01920967735350132, -0.016982318833470345, 0.02010662853717804]
[-0.322402, 0.051967, -0.499347, -0.424282, -0.469879] => [0.020588796585798264, -0.019739452749490738, 0.020197466015815735, -0.01543048769235611, 0.021365154534578323]
[-0.322906, 0.037173, -0.499516, -0.456589, -0.428368] => [0.0197945237159729, -0.01962278038263321, 0.020027227699756622, -0.0155419260263443, 0.02119017206132412]
[-0.322644, 0.062207, -0.49942, -0.478322, -0.186979] => [0.022201500833034515, -0.02034207433462143, 0.018334342166781425, -0.017941327765583992, 0.01911793276667595]
[-0.322846, 0.033493, -0.499384, -0.488011, -0.279677] => [0.021992549300193787, -0.020312268286943436, 0.01844714768230915, -0.01778513751924038, 0.019255071878433228]
[-0.322211, 0.06147, -0.499671, -0.25292, -0.482068] => [0.02128414809703827, -0.02027289569377899, 0.01918485015630722, -0.01693110726773739, 0.02009492740035057]
[-0.323137, 0.054255, -0.499721, -0.465919, -0.178923] => [0.022201575338840485, -0.020342085510492325, 0.018334297463297844, -0.017941387370228767, 0.01911787874996662]
[-0.323873, 0.043755, -0.499346, -0.233669, -0.224715] => [0.021880995482206345, -0.020296355709433556, 0.018507370725274086, -0.017701754346489906, 0.01932828687131405]
[-0.32209, 0.037805, -0.499994, -0.398811, -0.210886] => [0.022116485983133316, -0.020329946652054787, 0.018380237743258476, -0.01787777990102768, 0.019173728302121162]
[-0.322363, 0.056348, -0.499925, -0.296085, -0.314672] => [0.02204287424683571, -0.02029494009912014, 0.018573062494397163, -0.017635539174079895, 0.01940135471522808]
[-0.323396, 0.05533, -0.499847, -0.353656, -0.179758] => [0.022023487836122513, -0.020316680893301964, 0.018430447205901146, -0.01780826225876808, 0.01923476904630661]
[-0.324127, 0.043381, -0.499565, -0.410864, -0.275509] => [0.022112127393484116, -0.020329324528574944, 0.018382592126727104, -0.017874520272016525, 0.01917659118771553]
[-0.322456, 0.040851, -0.499888, -0.424798, -0.481086] => [0.020327359437942505, -0.019616253674030304, 0.020472027361392975, -0.01503883209079504, 0.021703381091356277]
[-0.322501, 0.059489, -0.49979, -0.469763, -0.330467] => [0.0225062295794487, -0.020242448896169662, 0.019027790054678917, -0.017116058617830276, 0.019924193620681763]
[-0.322059, 0.051442, -0.499389, -0.310398, -0.370724] => [0.02173386514186859, -0.020059188827872276, 0.019136914983391762, -0.016834363341331482, 0.020098349079489708]
[-0.323766, 0.047842, -0.499609, -0.285465, -0.335927] => [0.021875113248825073, -0.020132388919591904, 0.018754366785287857, -0.017317187041044235, 0.01964595727622509]
[-0.323825, 0.042788, -0.499621, -0.483994, -0.373792] => [0.021437853574752808, -0.019908258691430092, 0.019400356337428093, -0.016425497829914093, 0.020434962585568428]
[-0.323954, 0.037564, -0.499398, -0.374117, -0.228194] => [0.022157099097967148, -0.020335739478468895, 0.01835831068456173, -0.017908139154314995, 0.019147071987390518]
[-0.322384, 0.044436, -0.499214, -0.34181, -0.222719] => [0.02207350730895996, -0.020323816686868668, 0.018403442576527596, -0.017845651134848595, 0.019201939925551414]
[-0.323842, 0.038835, -0.499744, -0.439863, -0.408457] => [0.01974412426352501, -0.01969766989350319, 0.019794493913650513, -0.01586635783314705, 0.020901696756482124]
[-0.323962, 0.060036, -0.499942, -0.394449, -0.278553] => [0.022557422518730164, -0.020445117726922035, 0.018318068236112595, -0.018045423552393913, 0.019072052091360092]
[-0.322341, 0.043289, -0.499741, -0.297345, -0.337433] => [0.021845530718564987, -0.02013402059674263, 0.018761590123176575, -0.017308712005615234, 0.01965411566197872]
[-0.323787, 0.059416, -0.499808, -0.493934, -0.445159] => [0.021895702928304672, -0.02003347873687744, 0.0199129618704319, -0.01598431169986725, 0.02097150683403015]
[-0.322385, 0.053786, -0.499443, -0.256379, -0.461469] => [0.020827047526836395, -0.020192865282297134, 0.019185902550816536, -0.016835244372487068, 0.020136719569563866]
[-0.323122, 0.051871, -0.499494, -0.351915, -0.459522] => [0.0209055058658123, -0.02003016136586666, 0.019663676619529724, -0.01623113453388214, 0.020691338926553726]
[-0.321873, 0.041985, -0.499583, -0.492898, -0.243943] => [0.02199956402182579, -0.020313268527388573, 0.018443360924720764, -0.017790379002690315, 0.019250469282269478]
[-0.322458, 0.040839, -0.499893, -0.425057, -0.479739] => [0.0203353650867939, -0.019617250189185143, 0.020462244749069214, -0.015050058253109455, 0.02169230580329895]
[-0.322428, 0.040858, -0.499892, -0.424773, -0.479912] => [0.020334381610155106, -0.019617702811956406, 0.02046266756951809, -0.015049941837787628, 0.02169264480471611]
[-0.322427, 0.040821, -0.499885, -0.426632, -0.479724] => [0.020335569977760315, -0.01961381733417511, 0.02046661637723446, -0.015042823739349842, 0.021698087453842163]
[-0.322438, 0.04082, -0.499891, -0.426311, -0.482227] => [0.020320501178503036, -0.019611651077866554, 0.02048529125750065, -0.0150211863219738, 0.021719306707382202]
[-0.322431, 0.040851, -0.499894, -0.424738, -0.484482] => [0.020306847989559174, -0.01961248740553856, 0.02049844339489937, -0.01500769704580307, 0.021733593195676804]
[-0.322448, 0.040823, -0.499887, -0.424193, -0.485027] => [0.020302865654230118, -0.019612791016697884, 0.020501893013715744, -0.015004193410277367, 0.02173732779920101]
[-0.322441, 0.040857, -0.499893, -0.424031, -0.484294] => [0.020307835191488266, -0.019614199176430702, 0.020495081320405006, -0.015012568794190884, 0.02172940783202648]
[-0.322409, 0.040837, -0.499882, -0.424261, -0.480513] => [0.020329978317022324, -0.019617851823568344, 0.020466675981879234, -0.015045716427266598, 0.021697040647268295]
[-0.322454, 0.040857, -0.499896, -0.424879, -0.481132] => [0.020327270030975342, -0.019616130739450455, 0.020472358912229538, -0.015038393437862396, 0.021703777834773064]
[-0.322458, 0.04084, -0.499882, -0.42504, -0.486504] => [0.020294729620218277, -0.019609397277235985, 0.020515350624918938, -0.014987276867032051, 0.021753117442131042]
[-0.322455, 0.040851, -0.49989, -0.425408, -0.482837] => [0.02031712606549263, -0.01961299031972885, 0.020487239584326744, -0.015020105987787247, 0.02172107994556427]
[-0.322441, 0.040847, -0.49989, -0.423976, -0.484912] => [0.02030390128493309, -0.019613521173596382, 0.020500008016824722, -0.015006772242486477, 0.021735036745667458]
[-0.322422, 0.040855, -0.499887, -0.4247, -0.481226] => [0.02032634988427162, -0.019616276025772095, 0.020472927019000053, -0.015037871897220612, 0.02170437201857567]
[-0.322426, 0.040857, -0.499881, -0.425794, -0.48606] => [0.020297855138778687, -0.019608404487371445, 0.020513586699962616, -0.014988450333476067, 0.021751439198851585]
[-0.322459, 0.040847, -0.499887, -0.426729, -0.481075] => [0.02032819762825966, -0.019612247124314308, 0.020476864650845528, -0.015030705370008945, 0.021709825843572617]
[-0.322409, 0.040833, -0.499885, -0.425477, -0.486567] => [0.020294148474931717, -0.019608361646533012, 0.020517151802778244, -0.014984560199081898, 0.02175539918243885]
[-0.322414, 0.040858, -0.499896, -0.423997, -0.485901] => [0.0202980674803257, -0.019612422212958336, 0.02050759084522724, -0.014997823163866997, 0.021743714809417725]
[-0.322433, 0.040829, -0.499895, -0.424792, -0.47863] => [0.020341582596302032, -0.019619014114141464, 0.020453106611967087, -0.015061144717037678, 0.021681733429431915]
[-0.322429, 0.040832, -0.499895, -0.424283, -0.485064] => [0.020302802324295044, -0.019612660631537437, 0.020502174273133278, -0.015003797598183155, 0.02173767425119877]
[-0.322408, 0.040859, -0.499885, -0.424718, -0.483756] => [0.020311161875724792, -0.01961331255733967, 0.0204927921295166, -0.015014367178082466, 0.021727126091718674]
[-0.322424, 0.040818, -0.499895, -0.425781, -0.484524] => [0.02030639722943306, -0.019610105082392693, 0.020501960068941116, -0.015002146363258362, 0.021738141775131226]
[-0.322432, 0.04083, -0.499887, -0.426463, -0.480919] => [0.020328544080257416, -0.019612859934568405, 0.020475346595048904, -0.015032757073640823, 0.021707989275455475]
[-0.322405, 0.040819, -0.499882, -0.426067, -0.486147] => [0.020296610891819, -0.01960752159357071, 0.020515646785497665, -0.01498554740101099, 0.02175397425889969]
[-0.322413, 0.040832, -0.499882, -0.423979, -0.485286] => [0.020301159471273422, -0.019612908363342285, 0.020503420382738113, -0.015002632513642311, 0.021738983690738678]
[-0.322429, 0.04082, -0.499887, -0.425474, -0.481054] => [0.020327094942331314, -0.0196146909147501, 0.020474102348089218, -0.015035420656204224, 0.02170611545443535]
[-0.322441, 0.040847, -0.499881, -0.424518, -0.479904] => [0.020334117114543915, -0.019618099555373192, 0.02046230435371399, -0.01505061611533165, 0.02169213630259037]
[-0.322429, 0.040831, -0.499881, -0.424769, -0.486503] => [0.020294271409511566, -0.01960987225174904, 0.020514920353889465, -0.014988066628575325, 0.02175251767039299]
[-0.322441, 0.040856, -0.499892, -0.424882, -0.485924] => [0.020298413932323456, -0.01961054652929306, 0.02051001600921154, -0.01499385666102171, 0.021746907383203506]
[-0.322429, 0.040851, -0.499882, -0.42607, -0.486223] => [0.02029690518975258, -0.019607624039053917, 0.020515630021691322, -0.014985679648816586, 0.021753914654254913]
[-0.322404, 0.040818, -0.499886, -0.426187, -0.480998] => [0.020327553153038025, -0.0196132380515337, 0.02047557942569256, -0.015032762661576271, 0.02170814946293831]
[-0.322413, 0.040846, -0.49989, -0.426391, -0.48649] => [0.02029530704021454, -0.019606677815318108, 0.020518522709608078, -0.014981871470808983, 0.021757371723651886]
[-0.32242, 0.040858, -0.499894, -0.425787, -0.483533] => [0.020313069224357605, -0.01961144059896469, 0.020493557676672935, -0.015012182295322418, 0.021728483960032463]
[-0.322413, 0.040857, -0.499886, -0.425604, -0.478868] => [0.02034086361527443, -0.019617119804024696, 0.020456740632653236, -0.015055873431265354, 0.021686263382434845]
[-0.322409, 0.040836, -0.499888, -0.423911, -0.480941] => [0.020327284932136536, -0.01961812563240528, 0.02046906389296055, -0.015043350867927074, 0.021699603646993637]
[-0.322432, 0.040841, -0.499882, -0.424265, -0.482307] => [0.020319432020187378, -0.019615819677710533, 0.020480597391724586, -0.01502928975969553, 0.021712971851229668]
[-0.32241, 0.040828, -0.49989, -0.425962, -0.478221] => [0.020344361662864685, -0.019616998732089996, 0.020453009754419327, -0.015059765428304672, 0.02168218418955803]
[-0.322447, 0.04084, -0.499892, -0.425401, -0.478896] => [0.020340517163276672, -0.01961749792098999, 0.02045653760433197, -0.015056366100907326, 0.02168593555688858]
[-0.322426, 0.040829, -0.499889, -0.424853, -0.486597] => [0.020293746143579483, -0.019609645009040833, 0.020515771582722664, -0.014986984431743622, 0.021753521636128426]
[-0.322434, 0.040823, -0.499886, -0.425047, -0.48019] => [0.02033216878771782, -0.01961658149957657, 0.020466215908527374, -0.015045279636979103, 0.02169688418507576]
[-0.322431, 0.040823, -0.499882, -0.424528, -0.483997] => [0.02030906453728676, -0.019613228738307953, 0.02049480378627777, -0.015012120828032494, 0.021729379892349243]
[-0.322454, 0.040845, -0.499886, -0.425606, -0.479407] => [0.020337644964456558, -0.019616467878222466, 0.020461052656173706, -0.01505077164620161, 0.021691201254725456]
[-0.32245, 0.040825, -0.499882, -0.425794, -0.484284] => [0.02030804380774498, -0.019610309973359108, 0.02050013653934002, -0.015004269778728485, 0.02173606865108013]
[-0.322435, 0.04083, -0.499886, -0.426805, -0.480758] => [0.02032966911792755, -0.019612332805991173, 0.020474951714277267, -0.015032798983156681, 0.021707696840167046]
[-0.322415, 0.040835, -0.499882, -0.424512, -0.48435] => [0.020307078957557678, -0.019612904638051987, 0.02049737051129341, -0.015009131282567978, 0.021732302382588387]
[-0.322445, 0.040833, -0.499884, -0.425614, -0.482173] => [0.02032076194882393, -0.019613172858953476, 0.020482998341321945, -0.015024775639176369, 0.021716350689530373]
[-0.32243, 0.040859, -0.499882, -0.424238, -0.483613] => [0.02031191810965538, -0.019614463672041893, 0.020490456372499466, -0.015017724595963955, 0.02172422781586647]
[-0.322458, 0.040849, -0.499883, -0.424869, -0.482471] => [0.020319022238254547, -0.019614458084106445, 0.020483167842030525, -0.015025552362203598, 0.021716179326176643]
[-0.32244, 0.040852, -0.499893, -0.424162, -0.479539] => [0.020336315035820007, -0.01961938478052616, 0.020458262413740158, -0.015055900439620018, 0.02168731950223446]
[-0.322445, 0.040845, -0.499882, -0.424815, -0.484449] => [0.020306970924139023, -0.01961224526166916, 0.020498648285865784, -0.015007298439741135, 0.021733887493610382]
[-0.322457, 0.040829, -0.499889, -0.424091, -0.483389] => [0.020312830805778503, -0.019614949822425842, 0.020488645881414413, -0.015020009130239487, 0.02172210067510605]
[-0.322437, 0.040849, -0.499891, -0.426186, -0.483972] => [0.020310524851083755, -0.019610052928328514, 0.02049815095961094, -0.015006233006715775, 0.02173393964767456]
[-0.322419, 0.040831, -0.499896, -0.42443, -0.478678] => [0.02034110203385353, -0.019619712606072426, 0.02045256458222866, -0.015062233433127403, 0.02168094553053379]
[-0.322445, 0.040847, -0.49989, -0.42499, -0.480325] => [0.02033187821507454, -0.01961671933531761, 0.02046661637723446, -0.015044976957142353, 0.021697279065847397]
[-0.322407, 0.040822, -0.499894, -0.425836, -0.481031] => [0.02032734453678131, -0.019614018499851227, 0.020474739372730255, -0.015034239739179611, 0.02170700579881668]
[-0.322427, 0.04083, -0.499894, -0.424147, -0.484236] => [0.02030765265226364, -0.019613875076174736, 0.020495405420660973, -0.015011954121291637, 0.021729864180088043]
[-0.322404, 0.040845, -0.49989, -0.424141, -0.484539] => [0.02030595764517784, -0.019613564014434814, 0.0204976424574852, -0.015009326860308647, 0.021732419729232788]
[-0.322421, 0.040833, -0.499889, -0.426633, -0.478629] => [0.020342357456684113, -0.0196151714771986, 0.020457787439227104, -0.01505330577492714, 0.021687962114810944]
[-0.322433, 0.040853, -0.499886, -0.425525, -0.484646] => [0.020306210964918137, -0.01961061730980873, 0.020501799881458282, -0.015002727508544922, 0.02173781394958496]
[-0.322425, 0.040853, -0.49989, -0.425844, -0.4789] => [0.020340796560049057, -0.019616611301898956, 0.0204575564712286, -0.015054626390337944, 0.021687304601073265]
[-0.322408, 0.040841, -0.499888, -0.424906, -0.48128] => [0.02032577246427536, -0.01961570605635643, 0.020474132150411606, -0.015036141499876976, 0.02170586585998535]
[-0.322439, 0.040829, -0.499886, -0.426026, -0.482299] => [0.020320091396570206, -0.019612163305282593, 0.02048507146537304, -0.01502180565148592, 0.021718919277191162]
[-0.32241, 0.040858, -0.49989, -0.424259, -0.481334] => [0.02032550796866417, -0.019617091864347458, 0.020472601056098938, -0.015038818120956421, 0.02170378714799881]
[-0.322453, 0.040821, -0.499883, -0.424455, -0.481287] => [0.02032538130879402, -0.019616521894931793, 0.020473351702094078, -0.015037576667964458, 0.02170477993786335]
[-0.322428, 0.040843, -0.499892, -0.424997, -0.483944] => [0.020310014486312866, -0.01961250975728035, 0.020495060831308365, -0.015011335723102093, 0.021729856729507446]
[-0.322427, 0.040859, -0.499883, -0.425562, -0.484552] => [0.020306844264268875, -0.019610650837421417, 0.02050112374126911, -0.015003480017185211, 0.021737057715654373]
[-0.322419, 0.040844, -0.499892, -0.425208, -0.481061] => [0.020327366888523102, -0.01961539499461651, 0.020473022013902664, -0.015037117525935173, 0.021704720333218575]
[-0.322409, 0.040845, -0.499884, -0.424794, -0.484] => [0.020309463143348694, -0.019612789154052734, 0.020495150238275528, -0.01501144003123045, 0.021729879081249237]
[-0.32245, 0.040827, -0.499882, -0.425938, -0.48469] => [0.02030571550130844, -0.01960955560207367, 0.02050364390015602, -0.014999952167272568, 0.021740149706602097]
[-0.322442, 0.040838, -0.499884, -0.425926, -0.478493] => [0.020343046635389328, -0.01961679384112358, 0.02045488730072975, -0.015057619661092758, 0.021684307605028152]
[-0.322407, 0.040834, -0.499882, -0.425799, -0.483282] => [0.02031397446990013, -0.019611462950706482, 0.020492278039455414, -0.015013543888926506, 0.021727073937654495]
[-0.322453, 0.04084, -0.499885, -0.426581, -0.48532] => [0.02030249685049057, -0.019607597962021828, 0.020509907975792885, -0.014991807751357555, 0.02174760028719902]
[-0.322418, 0.040843, -0.499888, -0.426044, -0.481923] => [0.020322509109973907, -0.0196126326918602, 0.020481958985328674, -0.015025494620203972, 0.021715354174375534]
[-0.322416, 0.040821, -0.499895, -0.424829, -0.483283] => [0.020313438028097153, -0.019613513723015785, 0.020489824935793877, -0.015017670579254627, 0.021723804995417595]
[-0.322459, 0.040845, -0.499887, -0.425913, -0.486148] => [0.020297378301620483, -0.01960807293653488, 0.020514577627182007, -0.014987144619226456, 0.021752625703811646]
[-0.322421, 0.040837, -0.499894, -0.426822, -0.480221] => [0.020332999527454376, -0.019613008946180344, 0.020470574498176575, -0.015037995763123035, 0.02170267514884472]
[-0.32241, 0.040834, -0.49989, -0.424747, -0.478911] => [0.020339801907539368, -0.019618747755885124, 0.020455261692404747, -0.015058629214763641, 0.02168419025838375]
[-0.322451, 0.040819, -0.49989, -0.424986, -0.483659] => [0.0203113816678524, -0.019612736999988556, 0.020493177697062492, -0.015013512223958969, 0.02172771655023098]
[-0.322434, 0.040847, -0.499887, -0.425279, -0.48115] => [0.020326975733041763, -0.019615134224295616, 0.020473886281251907, -0.015036005526781082, 0.0217057466506958]
[-0.322433, 0.040848, -0.499883, -0.42492, -0.478727] => [0.020341340452432632, -0.019618641585111618, 0.02045406773686409, -0.01505985576659441, 0.021682893857359886]
[-0.322428, 0.040833, -0.499886, -0.423963, -0.485465] => [0.020300209522247314, -0.019612789154052734, 0.020504649728536606, -0.015001230873167515, 0.021740373224020004]
[-0.322409, 0.040834, -0.499886, -0.425277, -0.480025] => [0.020333319902420044, -0.01961633190512657, 0.020465387031435966, -0.01504598744213581, 0.02169603668153286]
[-0.322405, 0.040819, -0.499894, -0.425739, -0.486484] => [0.02029452472925186, -0.0196079108864069, 0.0205172598361969, -0.014984101057052612, 0.021755646914243698]
[-0.322421, 0.040855, -0.499885, -0.426503, -0.480634] => [0.02033066377043724, -0.01961321383714676, 0.020472852513194084, -0.015035714022815228, 0.021705131977796555]
[-0.32246, 0.040831, -0.499882, -0.423973, -0.480523] => [0.020329978317022324, -0.019618453457951546, 0.02046598307788372, -0.015046913176774979, 0.02169610746204853]
[-0.322439, 0.040855, -0.499892, -0.425251, -0.483122] => [0.020315345376729965, -0.019613008946180344, 0.02048902027308941, -0.015018206089735031, 0.02172304131090641]
[-0.322405, 0.040822, -0.499895, -0.424712, -0.486136] => [0.020296230912208557, -0.019610460847616196, 0.020511887967586517, -0.014991736970841885, 0.021749012172222137]
[-0.322445, 0.040835, -0.499885, -0.424998, -0.480815] => [0.020328685641288757, -0.019616030156612396, 0.020470766350626945, -0.015040004625916481, 0.021702054888010025]
[-0.322412, 0.040853, -0.499884, -0.425561, -0.485554] => [0.020300645381212234, -0.01960945874452591, 0.02050909772515297, -0.014994033612310886, 0.0217461958527565]
[-0.322426, 0.040835, -0.499888, -0.425873, -0.482636] => [0.02031804993748665, -0.019612127915024757, 0.0204872265458107, -0.015019464306533337, 0.021721310913562775]
[-0.322413, 0.040848, -0.499883, -0.424487, -0.486375] => [0.0202951580286026, -0.019610697403550148, 0.020512931048870087, -0.014990814961493015, 0.021750090643763542]
[-0.322408, 0.040823, -0.499885, -0.424125, -0.478719] => [0.020340431481599808, -0.019620150327682495, 0.020452477037906647, -0.015062633901834488, 0.021680733188986778]
[-0.322415, 0.040839, -0.499894, -0.426646, -0.480709] => [0.020329996943473816, -0.019612815231084824, 0.020473936572670937, -0.01503424160182476, 0.021706443279981613]
[-0.322421, 0.040829, -0.499881, -0.423936, -0.486092] => [0.020296290516853333, -0.01961204968392849, 0.020509669557213783, -0.014995291829109192, 0.02174612134695053]
[-0.322421, 0.040851, -0.499883, -0.425384, -0.484941] => [0.020304251462221146, -0.01961052231490612, 0.020503876730799675, -0.01500041875988245, 0.021740136668086052]
[-0.322436, 0.040856, -0.499887, -0.424974, -0.480549] => [0.020330622792243958, -0.01961650885641575, 0.02046825736761093, -0.015043064951896667, 0.021699147298932076]
[-0.32244, 0.040821, -0.499888, -0.42675, -0.486602] => [0.020294461399316788, -0.01960567943751812, 0.020520683377981186, -0.014978808350861073, 0.021760037168860435]
[-0.322432, 0.04084, -0.499895, -0.426336, -0.48518] => [0.020303167402744293, -0.019608331844210625, 0.020508086308836937, -0.014994291588664055, 0.021745389327406883]
[-0.32242, 0.040838, -0.499885, -0.424339, -0.47944] => [0.02033655345439911, -0.019618969410657883, 0.020458368584513664, -0.015055461786687374, 0.02168755792081356]
[-0.322436, 0.040841, -0.499896, -0.425585, -0.48377] => [0.020311348140239716, -0.019611524417996407, 0.020495116710662842, -0.015010559931397438, 0.02173018641769886]
[-0.322418, 0.040847, -0.499896, -0.42501, -0.478313] => [0.020343836396932602, -0.01961902156472206, 0.020450890064239502, -0.015063541010022163, 0.021679280325770378]
[-0.322451, 0.040834, -0.499881, -0.424859, -0.478237] => [0.020344078540802002, -0.019619256258010864, 0.020450297743082047, -0.01506434753537178, 0.021678563207387924]
[-0.322453, 0.040849, -0.499888, -0.425075, -0.481953] => [0.020322222262620926, -0.01961466856300831, 0.020479556173086166, -0.015029583126306534, 0.021712133660912514]
[-0.322415, 0.040858, -0.49989, -0.425898, -0.481757] => [0.020323719829320908, -0.019613223150372505, 0.02048000879585743, -0.015028035268187523, 0.021713031455874443]
[-0.322436, 0.040858, -0.499883, -0.42394, -0.484233] => [0.02030808851122856, -0.01961437426507473, 0.020494544878602028, -0.015013269148766994, 0.021728768944740295]
[-0.322417, 0.040821, -0.499884, -0.424407, -0.484933] => [0.020303290337324142, -0.0196123905479908, 0.02050187438726425, -0.01500390749424696, 0.021737420931458473]
[-0.322446, 0.040827, -0.499894, -0.42624, -0.48387] => [0.020310811698436737, -0.019609972834587097, 0.02049778774380684, -0.01500654872506857, 0.021733565255999565]
[-0.322445, 0.040823, -0.499893, -0.426044, -0.481068] => [0.020327448844909668, -0.019613580778241158, 0.020475437864661217, -0.015033184550702572, 0.021707892417907715]
[-0.322442, 0.040857, -0.499883, -0.424721, -0.485375] => [0.020301595330238342, -0.01961144432425499, 0.020505446940660477, -0.014999419450759888, 0.021741613745689392]
[-0.32241, 0.040825, -0.499884, -0.425222, -0.482166] => [0.02032027766108513, -0.01961391232907772, 0.020482201129198074, -0.015026150271296501, 0.021715274080634117]
[-0.322438, 0.040842, -0.499882, -0.426428, -0.481873] => [0.020323030650615692, -0.019611861556768417, 0.020482592284679413, -0.015024258755147457, 0.02171626128256321]
[-0.322405, 0.04084, -0.499893, -0.426309, -0.485436] => [0.020301450043916702, -0.01960804872214794, 0.02051013708114624, -0.014991873875260353, 0.021747734397649765]
[-0.322424, 0.040832, -0.499888, -0.426404, -0.484504] => [0.020307008177042007, -0.019608858972787857, 0.020503245294094086, -0.014999866485595703, 0.02173990197479725]
[-0.322404, 0.040851, -0.499896, -0.423987, -0.478513] => [0.020342186093330383, -0.01962091401219368, 0.020449860021471977, -0.015066028572618961, 0.021677624434232712]
[-0.32242, 0.04082, -0.499889, -0.424124, -0.485032] => [0.020302604883909225, -0.019612900912761688, 0.020501859486103058, -0.015004297718405724, 0.021737264469265938]
[-0.322408, 0.040838, -0.499893, -0.425783, -0.486067] => [0.020297415554523468, -0.019608398899435997, 0.020513786002993584, -0.014988208189606667, 0.02175167016685009]
[-0.322417, 0.040824, -0.499893, -0.426496, -0.482898] => [0.02031652256846428, -0.019610513001680374, 0.020490970462560654, -0.015014249831438065, 0.021725893020629883]
[-0.322408, 0.040841, -0.499895, -0.426605, -0.482097] => [0.020321659743785858, -0.019611312076449394, 0.020484672859311104, -0.015021611005067825, 0.021718714386224747]
[-0.322404, 0.040821, -0.499882, -0.425334, -0.478429] => [0.020342621952295303, -0.019617946818470955, 0.02045333757996559, -0.015060096979141235, 0.021682288497686386]
[-0.322436, 0.040824, -0.499884, -0.425288, -0.480594] => [0.02032986655831337, -0.01961560919880867, 0.020469997078180313, -0.015040509402751923, 0.021701326593756676]
[-0.322449, 0.040821, -0.499895, -0.425415, -0.484149] => [0.020308692008256912, -0.019611336290836334, 0.02049797773361206, -0.015007334761321545, 0.021733403205871582]
[-0.322432, 0.040827, -0.499892, -0.425421, -0.47985] => [0.020334478467702866, -0.019616270437836647, 0.020464327186346054, -0.015047085471451283, 0.021694881841540337]
[-0.322444, 0.040855, -0.499896, -0.424056, -0.484649] => [0.02030571922659874, -0.019613755866885185, 0.020497899502515793, -0.015009217895567417, 0.021732641384005547]
[-0.322432, 0.040825, -0.49989, -0.42668, -0.482238] => [0.020320646464824677, -0.01961088739335537, 0.0204862542450428, -0.015019595623016357, 0.021720578894019127]
[-0.322407, 0.040834, -0.499892, -0.424943, -0.478495] => [0.020342383533716202, -0.019618837162852287, 0.02045246958732605, -0.015061693266034126, 0.021681081503629684]
[-0.32241, 0.040845, -0.499884, -0.424027, -0.480513] => [0.020330049097537994, -0.01961839757859707, 0.02046591229736805, -0.015046942979097366, 0.021696045994758606]
[-0.322437, 0.040846, -0.499882, -0.424448, -0.481899] => [0.020322084426879883, -0.019615942612290382, 0.020477762445807457, -0.015032432973384857, 0.021709803491830826]
[-0.322425, 0.040844, -0.499886, -0.426661, -0.479341] => [0.020338311791419983, -0.01961432956159115, 0.020463284105062485, -0.015046798624098301, 0.021694259718060493]
[-0.322442, 0.040834, -0.499889, -0.424421, -0.479454] => [0.020336586982011795, -0.019618816673755646, 0.02045861817896366, -0.015055087395012379, 0.02168787457048893]
[-0.322414, 0.040823, -0.499891, -0.425342, -0.485691] => [0.020299218595027924, -0.01960965059697628, 0.020510008558630943, -0.014993168413639069, 0.021747158840298653]
[-0.322433, 0.040836, -0.499891, -0.425052, -0.481831] => [0.02032259851694107, -0.019614791497588158, 0.02047877386212349, -0.015030493959784508, 0.021711241453886032]
[-0.322441, 0.040827, -0.499889, -0.425421, -0.481158] => [0.020326659083366394, -0.019614746794104576, 0.020474594086408615, -0.01503494568169117, 0.02170664072036743]
[-0.322435, 0.040829, -0.499885, -0.426236, -0.48234] => [0.02031990885734558, -0.019611671566963196, 0.020485948771238327, -0.015020501799881458, 0.021720023825764656]
[-0.322437, 0.040842, -0.499894, -0.42483, -0.483135] => [0.020314838737249374, -0.019613808020949364, 0.020488260313868523, -0.015019594691693783, 0.021721987053751945]
[-0.322442, 0.040835, -0.499889, -0.425566, -0.486043] => [0.0202975831925869, -0.019608857110142708, 0.020513072609901428, -0.014989319257438183, 0.02175075374543667]
[-0.322429, 0.040856, -0.499885, -0.426718, -0.485708] => [0.020300395786762238, -0.019606932997703552, 0.020513085648417473, -0.014987912029027939, 0.021751292049884796]
[-0.322419, 0.040836, -0.499894, -0.426766, -0.48048] => [0.020331386476755142, -0.019612818956375122, 0.020472485572099686, -0.015035802498459816, 0.021704839542508125]
[-0.322437, 0.040831, -0.499883, -0.42585, -0.480553] => [0.02033049240708351, -0.019614525139331818, 0.020470980554819107, -0.015038666315376759, 0.021702708676457405]
[-0.322438, 0.040823, -0.499891, -0.424198, -0.481236] => [0.02032557874917984, -0.019617175683379173, 0.020472178235650063, -0.015039311721920967, 0.02170330472290516]
[-0.322408, 0.040829, -0.499887, -0.424513, -0.478276] => [0.020343385636806488, -0.019619908183813095, 0.020449845120310783, -0.015065290965139866, 0.021677888929843903]
[-0.322444, 0.040826, -0.499888, -0.4247, -0.486018] => [0.020297188311815262, -0.01961062103509903, 0.020510869100689888, -0.014992967247962952, 0.021747836843132973]
[-0.322434, 0.040849, -0.49989, -0.424613, -0.481209] => [0.020326387137174606, -0.01961647905409336, 0.020472591742873192, -0.015038380399346352, 0.021703945472836494]
[-0.322429, 0.040823, -0.499882, -0.425069, -0.484846] => [0.020304199308156967, -0.01961112953722477, 0.020502816885709763, -0.015001978725194931, 0.0217388067394495]
[-0.322456, 0.040839, -0.49989, -0.423911, -0.483517] => [0.020312171429395676, -0.019615234807133675, 0.020489010959863663, -0.015019834041595459, 0.021722422912716866]
[-0.322456, 0.040835, -0.499889, -0.426534, -0.480838] => [0.020329300314188004, -0.01961287297308445, 0.020474698394536972, -0.01503347884863615, 0.021707264706492424]
[-0.322459, 0.040845, -0.499892, -0.426002, -0.48185] => [0.02032323181629181, -0.019612887874245644, 0.020481057465076447, -0.015026669949293137, 0.021714281290769577]
[-0.322429, 0.040842, -0.499884, -0.424163, -0.479071] => [0.020338814705610275, -0.019619781523942947, 0.020454958081245422, -0.015059723518788815, 0.02168356627225876]
[-0.322416, 0.040856, -0.49989, -0.426285, -0.486051] => [0.020298101007938385, -0.019607461988925934, 0.020514637231826782, -0.014986628666520119, 0.02175286039710045]
[-0.322439, 0.040821, -0.499885, -0.425992, -0.479177] => [0.020338643342256546, -0.01961578242480755, 0.020460691303014755, -0.015050630085170269, 0.02169100195169449]
[-0.322427, 0.040858, -0.499887, -0.425652, -0.478424] => [0.02034365013241768, -0.019617561250925064, 0.020453305914998055, -0.015059891156852245, 0.02168234810233116]
[-0.322445, 0.040834, -0.499881, -0.425403, -0.485989] => [0.02029777690768242, -0.01960918679833412, 0.02051238715648651, -0.014990297146141529, 0.02174990437924862]
[-0.322443, 0.040821, -0.499888, -0.426706, -0.486637] => [0.020294252783060074, -0.019605733454227448, 0.020520837977528572, -0.0149786826223135, 0.02176019176840782]
[-0.322441, 0.040821, -0.499888, -0.426721, -0.486608] => [0.020294420421123505, -0.019605735316872597, 0.020520653575658798, -0.014978880062699318, 0.021759988740086555]
[-0.322441, 0.040821, -0.499888, -0.426714, -0.486642] => [0.02029421180486679, -0.019605709239840508, 0.020520903170108795, -0.014978595077991486, 0.02176026999950409]
[-0.322441, 0.040821, -0.499888, -0.426744, -0.48663] => [0.020294297486543655, -0.019605662673711777, 0.020520884543657303, -0.014978579245507717, 0.021760262548923492]
[-0.322441, 0.040821, -0.499888, -0.426714, -0.486644] => [0.020294204354286194, -0.01960570737719536, 0.02052091807126999, -0.014978576451539993, 0.02176028862595558]
[-0.322443, 0.040821, -0.499888, -0.42672, -0.486612] => [0.020294401794672012, -0.019605733454227448, 0.020520679652690887, -0.014978853054344654, 0.021760016679763794]
[-0.322442, 0.040821, -0.499888, -0.426738, -0.486618] => [0.020294371992349625, -0.019605688750743866, 0.02052077278494835, -0.014978718012571335, 0.021760134026408195]
[-0.322442, 0.040821, -0.499888, -0.426714, -0.486626] => [0.02029431238770485, -0.01960572972893715, 0.020520774647593498, -0.014978746883571148, 0.0217601228505373]
[-0.322442, 0.040821, -0.499888, -0.426741, -0.486619] => [0.020294368267059326, -0.01960567943751812, 0.020520789548754692, -0.01497869472950697, 0.021760154515504837]
[-0.322444, 0.040821, -0.499888, -0.426714, -0.486596] => [0.02029450237751007, -0.019605765119194984, 0.020520534366369247, -0.01497903186827898, 0.021759849041700363]
[-0.322443, 0.040821, -0.499888, -0.426722, -0.486619] => [0.020294364541769028, -0.019605720415711403, 0.020520739257335663, -0.01497877947986126, 0.021760085597634315]
[-0.322444, 0.040821, -0.499888, -0.426729, -0.48661] => [0.020294424146413803, -0.019605718553066254, 0.020520681515336037, -0.01497884001582861, 0.02176002413034439]
[-0.322443, 0.040821, -0.499888, -0.426737, -0.486627] => [0.020294327288866043, -0.01960568130016327, 0.020520837977528572, -0.014978643506765366, 0.021760206669569016]
[-0.32244, 0.040821, -0.499888, -0.426749, -0.486601] => [0.020294468849897385, -0.01960568316280842, 0.02052067406475544, -0.014978821389377117, 0.02176002413034439]
[-0.32244, 0.040821, -0.499888, -0.42673, -0.486607] => [0.020294424146413803, -0.019605716690421104, 0.02052067220211029, -0.014978847466409206, 0.021760012954473495]
[-0.322443, 0.040821, -0.499888, -0.426738, -0.486619] => [0.020294371992349625, -0.019605686888098717, 0.020520780235528946, -0.014978712424635887, 0.021760139614343643]
[-0.322444, 0.040821, -0.499888, -0.426748, -0.486637] => [0.020294275134801865, -0.019605647772550583, 0.02052094042301178, -0.014978510327637196, 0.021760329604148865]
[-0.322441, 0.040821, -0.499888, -0.426741, -0.486602] => [0.020294465124607086, -0.01960569992661476, 0.020520659163594246, -0.01497885026037693, 0.02176000364124775]
[-0.322439, 0.040821, -0.499888, -0.426745, -0.486606] => [0.0202944315969944, -0.019605685025453568, 0.020520705729722977, -0.014978788793087006, 0.021760057657957077]
[-0.32244, 0.040821, -0.499888, -0.426729, -0.486626] => [0.02029430866241455, -0.019605696201324463, 0.02052081748843193, -0.014978676103055477, 0.021760180592536926]
[-0.322441, 0.040821, -0.499888, -0.426732, -0.486634] => [0.02029426395893097, -0.01960568316280842, 0.020520884543657303, -0.014978594146668911, 0.021760258823633194]
[-0.32244, 0.040821, -0.499888, -0.426721, -0.486639] => [0.020294226706027985, -0.019605698063969612, 0.020520901307463646, -0.014978587627410889, 0.02176027186214924]
[-0.322442, 0.040821, -0.499888, -0.42672, -0.486627] => [0.02029431238770485, -0.019605714827775955, 0.020520798861980438, -0.014978709630668163, 0.021760154515504837]
[-0.32244, 0.040821, -0.499888, -0.42672, -0.486621] => [0.02029433846473694, -0.019605720415711403, 0.020520759746432304, -0.014978756196796894, 0.021760109812021255]
[-0.322445, 0.040821, -0.499888, -0.42672, -0.48662] => [0.020294368267059326, -0.01960572600364685, 0.020520733669400215, -0.014978790655732155, 0.02176007814705372]
[-0.322445, 0.040821, -0.499888, -0.426745, -0.486634] => [0.020294293761253357, -0.01960565894842148, 0.020520906895399094, -0.014978554099798203, 0.02176028862595558]
[-0.322442, 0.040821, -0.499888, -0.426743, -0.486631] => [0.020294297486543655, -0.019605662673711777, 0.020520886406302452, -0.014978579245507717, 0.02176026441156864]
[-0.322442, 0.040821, -0.499888, -0.426707, -0.486631] => [0.020294278860092163, -0.019605739042162895, 0.02052079513669014, -0.014978732913732529, 0.02176014333963394]
[-0.32244, 0.040821, -0.499888, -0.426708, -0.486643] => [0.020294196903705597, -0.019605720415711403, 0.020520897582173347, -0.01497860811650753, 0.021760262548923492]
[-0.322443, 0.040821, -0.499888, -0.426707, -0.486633] => [0.020294271409511566, -0.019605737179517746, 0.020520810037851334, -0.014978716149926186, 0.021760160103440285]
[-0.322441, 0.040821, -0.499888, -0.426745, -0.486614] => [0.020294390618801117, -0.01960567757487297, 0.020520761609077454, -0.014978723600506783, 0.0217601228505373]
[-0.322439, 0.040821, -0.499888, -0.426735, -0.48661] => [0.020294398069381714, -0.01960570178925991, 0.020520713180303574, -0.014978792518377304, 0.021760061383247375]
[-0.322445, 0.040821, -0.499888, -0.426721, -0.486622] => [0.02029436081647873, -0.019605720415711403, 0.020520754158496857, -0.014978764578700066, 0.02176010236144066]
[-0.322442, 0.040821, -0.499888, -0.426744, -0.486599] => [0.020294487476348877, -0.019605698063969612, 0.020520638674497604, -0.014978869818150997, 0.021759983152151108]
[-0.322443, 0.040821, -0.499888, -0.426707, -0.486611] => [0.02029440551996231, -0.019605761393904686, 0.020520636811852455, -0.014978920109570026, 0.021759960800409317]
[-0.322444, 0.040821, -0.499888, -0.426741, -0.486629] => [0.020294316112995148, -0.019605671986937523, 0.020520862191915512, -0.014978612773120403, 0.021760234609246254]
[-0.322441, 0.040821, -0.499888, -0.42672, -0.486598] => [0.02029448002576828, -0.01960574835538864, 0.02052057348191738, -0.014978976920247078, 0.021759895607829094]
[-0.322439, 0.040821, -0.499888, -0.426746, -0.486614] => [0.02029438689351082, -0.019605673849582672, 0.0205207709223032, -0.014978708699345589, 0.021760135889053345]
[-0.322441, 0.040821, -0.499888, -0.426724, -0.486621] => [0.020294342190027237, -0.019605712965130806, 0.020520763471722603, -0.014978746883571148, 0.021760115399956703]
[-0.322441, 0.040821, -0.499888, -0.426729, -0.4866] => [0.020294472575187683, -0.019605727866292, 0.020520610734820366, -0.014978921972215176, 0.021759942173957825]
[-0.322442, 0.040821, -0.499888, -0.426734, -0.486608] => [0.0202944315969944, -0.019605709239840508, 0.020520685240626335, -0.014978828839957714, 0.02176002971827984]
[-0.322442, 0.040821, -0.499888, -0.426743, -0.486602] => [0.020294465124607086, -0.019605696201324463, 0.020520661026239395, -0.014978845603764057, 0.021760007366538048]
[-0.322441, 0.040821, -0.499888, -0.426743, -0.486642] => [0.020294222980737686, -0.01960565149784088, 0.020520975813269615, -0.014978474006056786, 0.02176036685705185]
[-0.322445, 0.040821, -0.499888, -0.426735, -0.486596] => [0.02029452472925186, -0.019605722278356552, 0.020520584657788277, -0.01497894898056984, 0.021759914234280586]
[-0.32244, 0.040821, -0.499888, -0.426717, -0.486598] => [0.020294468849897385, -0.01960575394332409, 0.020520567893981934, -0.014978986233472824, 0.021759888157248497]
[-0.322441, 0.040821, -0.499888, -0.426737, -0.4866] => [0.020294472575187683, -0.019605709239840508, 0.020520633086562157, -0.014978884719312191, 0.021759971976280212]
[-0.32244, 0.040821, -0.499888, -0.426744, -0.486601] => [0.020294465124607086, -0.019605694338679314, 0.020520661026239395, -0.014978842809796333, 0.021760007366538048]
[-0.322439, 0.040821, -0.499888, -0.426708, -0.4866] => [0.02029445394873619, -0.019605768844485283, 0.020520566031336784, -0.014978999271988869, 0.0217598807066679]
[-0.322444, 0.040821, -0.499888, -0.42671, -0.486639] => [0.02029424160718918, -0.0196057241410017, 0.020520860329270363, -0.014978650957345963, 0.02176021970808506]
[-0.32244, 0.040821, -0.499888, -0.426709, -0.486646] => [0.020294182002544403, -0.019605714827775955, 0.020520925521850586, -0.01497857365757227, 0.02176029421389103]
[-0.322439, 0.040821, -0.499888, -0.426711, -0.486604] => [0.0202944315969944, -0.019605757668614388, 0.020520605146884918, -0.01497894898056984, 0.02175992727279663]
[-0.322444, 0.040821, -0.499888, -0.426718, -0.486625] => [0.02029433473944664, -0.0196057241410017, 0.02052077278494835, -0.014978746883571148, 0.02176012098789215]
[-0.322442, 0.040821, -0.499888, -0.426745, -0.486628] => [0.020294316112995148, -0.019605662673711777, 0.02052086964249611, -0.014978596940636635, 0.02176024578511715]
[-0.322442, 0.040821, -0.499888, -0.426721, -0.486644] => [0.020294208079576492, -0.019605694338679314, 0.020520934835076332, -0.01497854944318533, 0.021760309115052223]
[-0.322441, 0.040821, -0.499888, -0.426749, -0.48662] => [0.02029435709118843, -0.019605662673711777, 0.02052081935107708, -0.014978649094700813, 0.02176019176840782]
[-0.32244, 0.040821, -0.499888, -0.426748, -0.48663] => [0.020294293761253357, -0.01960565149784088, 0.020520897582173347, -0.014978556893765926, 0.021760281175374985]
[-0.322444, 0.040821, -0.499888, -0.426744, -0.486629] => [0.020294316112995148, -0.019605664536356926, 0.02052086964249611, -0.01497859787195921, 0.02176024578511715]
[-0.322441, 0.040821, -0.499888, -0.426729, -0.486632] => [0.020294278860092163, -0.019605690613389015, 0.020520862191915512, -0.014978623948991299, 0.021760230883955956]
[-0.322444, 0.040821, -0.499888, -0.426738, -0.486608] => [0.020294446498155594, -0.01960570178925991, 0.020520688965916634, -0.014978819526731968, 0.021760037168860435]
[-0.322441, 0.040821, -0.499888, -0.426731, -0.486624] => [0.020294327288866043, -0.019605696201324463, 0.020520804449915886, -0.014978690072894096, 0.021760165691375732]
[-0.32244, 0.040821, -0.499888, -0.426726, -0.486609] => [0.02029440924525261, -0.019605722278356552, 0.020520679652690887, -0.014978843741118908, 0.021760020405054092]
[-0.322442, 0.040821, -0.499888, -0.426723, -0.486619] => [0.020294364541769028, -0.019605716690421104, 0.02052074484527111, -0.014978771097958088, 0.021760093048214912]
[-0.32244, 0.040821, -0.499888, -0.426741, -0.486596] => [0.020294494926929474, -0.01960570551455021, 0.020520614460110664, -0.014978901483118534, 0.02175995334982872]
[-0.322442, 0.040821, -0.499888, -0.426744, -0.486608] => [0.0202944315969944, -0.019605686888098717, 0.020520711317658424, -0.014978784136474133, 0.021760065108537674]
[-0.322441, 0.040821, -0.499888, -0.426738, -0.486594] => [0.020294509828090668, -0.019605714827775955, 0.020520588383078575, -0.014978935942053795, 0.021759921684861183]
[-0.322441, 0.040821, -0.499888, -0.426724, -0.486605] => [0.020294439047574997, -0.0196057315915823, 0.020520640537142754, -0.014978893101215363, 0.02175997383892536]
[-0.322442, 0.040821, -0.499888, -0.426719, -0.486616] => [0.020294375717639923, -0.01960572972893715, 0.020520711317658424, -0.01497881580144167, 0.02176005207002163]
[-0.32244, 0.040821, -0.499888, -0.426748, -0.486633] => [0.020294271409511566, -0.019605649635195732, 0.020520921796560287, -0.014978530816733837, 0.021760307252407074]
[-0.322441, 0.040821, -0.499888, -0.426738, -0.486637] => [0.020294256508350372, -0.019605666399002075, 0.020520925521850586, -0.014978540129959583, 0.021760307252407074]
[-0.322442, 0.040821, -0.499888, -0.42671, -0.486627] => [0.02029430866241455, -0.019605735316872597, 0.020520774647593498, -0.014978752471506596, 0.02176012098789215]
[-0.322441, 0.040821, -0.499888, -0.426713, -0.486639] => [0.020294230431318283, -0.019605716690421104, 0.020520877093076706, -0.014978627674281597, 0.0217602401971817]
[-0.322441, 0.040821, -0.499888, -0.426742, -0.486626] => [0.020294319838285446, -0.019605671986937523, 0.02052084542810917, -0.014978628605604172, 0.02176021784543991]
[-0.322445, 0.040821, -0.499888, -0.42675, -0.486639] => [0.020294267684221268, -0.019605644047260284, 0.020520957186818123, -0.014978490769863129, 0.021760348230600357]
[-0.322443, 0.040821, -0.499888, -0.426725, -0.486622] => [0.020294345915317535, -0.019605712965130806, 0.0205207671970129, -0.014978742226958275, 0.02176012098789215]
[-0.322439, 0.040821, -0.499888, -0.426706, -0.48662] => [0.02029433101415634, -0.01960574835538864, 0.020520716905593872, -0.014978822320699692, 0.021760055795311928]
[-0.322443, 0.040821, -0.499888, -0.426721, -0.486596] => [0.02029450237751007, -0.01960575021803379, 0.020520556718111038, -0.01497899740934372, 0.021759875118732452]
[-0.322445, 0.040821, -0.499888, -0.426725, -0.486603] => [0.020294472575187683, -0.019605735316872597, 0.020520614460110664, -0.014978925697505474, 0.021759944036602974]
[-0.322441, 0.040821, -0.499888, -0.426746, -0.486602] => [0.020294461399316788, -0.019605688750743866, 0.02052067220211029, -0.014978828839957714, 0.021760020405054092]
[-0.322444, 0.040821, -0.499888, -0.426707, -0.486619] => [0.020294364541769028, -0.01960575394332409, 0.02052069641649723, -0.01497885026037693, 0.02176002971827984]
[-0.322442, 0.040821, -0.499888, -0.426739, -0.486603] => [0.020294465124607086, -0.01960570365190506, 0.020520657300949097, -0.014978855848312378, 0.02175999991595745]
[-0.322442, 0.040821, -0.499888, -0.426719, -0.486618] => [0.02029436081647873, -0.01960572600364685, 0.020520729944109917, -0.014978793449699879, 0.02176007442176342]
[-0.322442, 0.040821, -0.499888, -0.426716, -0.486603] => [0.02029445394873619, -0.01960575208067894, 0.02052059955894947, -0.014978952705860138, 0.021759923547506332]
[-0.32244, 0.040821, -0.499888, -0.426722, -0.486644] => [0.0202941931784153, -0.019605690613389015, 0.02052094228565693, -0.014978539198637009, 0.02176031842827797]
[-0.322442, 0.040821, -0.499888, -0.426718, -0.48663] => [0.020294293761253357, -0.019605716690421104, 0.02052081748843193, -0.014978691935539246, 0.02176017314195633]
[-0.322445, 0.040821, -0.499888, -0.426726, -0.486596] => [0.020294517278671265, -0.019605740904808044, 0.020520564168691635, -0.014978984370827675, 0.021759886294603348]
[-0.322443, 0.040821, -0.499888, -0.42672, -0.486631] => [0.02029429003596306, -0.019605711102485657, 0.020520826801657677, -0.014978677965700626, 0.021760186180472374]
[-0.322443, 0.040821, -0.499888, -0.426742, -0.486636] => [0.020294271409511566, -0.019605660811066628, 0.020520919933915138, -0.014978541992604733, 0.021760301664471626]
[-0.322445, 0.040821, -0.499888, -0.426739, -0.486596] => [0.020294521003961563, -0.019605714827775955, 0.020520593971014023, -0.014978931285440922, 0.02175992727279663]
[-0.32244, 0.040821, -0.499888, -0.426739, -0.48664] => [0.020294230431318283, -0.01960565894842148, 0.020520953461527824, -0.014978503808379173, 0.02176033891737461]
[-0.322444, 0.040821, -0.499888, -0.42672, -0.486593] => [0.02029452472925186, -0.01960575580596924, 0.02052052691578865, -0.014979034662246704, 0.021759841591119766]
[-0.322441, 0.040821, -0.499888, -0.426731, -0.486632] => [0.020294278860092163, -0.019605686888098717, 0.02052086777985096, -0.014978615567088127, 0.021760238334536552]
[-0.322443, 0.040821, -0.499888, -0.426734, -0.486606] => [0.020294446498155594, -0.019605711102485657, 0.020520666614174843, -0.014978851191699505, 0.021760009229183197]
[-0.322441, 0.040821, -0.499888, -0.42672, -0.486629] => [0.020294293761253357, -0.019605712965130806, 0.02052081748843193, -0.014978688210248947, 0.02176017500460148]
[-0.32244, 0.040821, -0.499888, -0.426706, -0.486593] => [0.020294498652219772, -0.019605781883001328, 0.02052050270140171, -0.014979076571762562, 0.02175980992615223]
[-0.322441, 0.040821, -0.499888, -0.426733, -0.486603] => [0.02029445394873619, -0.019605714827775955, 0.0205206461250782, -0.01497887447476387, 0.021759985014796257]
[-0.32244, 0.040821, -0.499888, -0.426741, -0.486637] => [0.020294245332479477, -0.01960565894842148, 0.020520934835076332, -0.014978522434830666, 0.02176032029092312]
[-0.322441, 0.040821, -0.499888, -0.42675, -0.486625] => [0.020294327288866043, -0.01960565522313118, 0.020520860329270363, -0.014978600665926933, 0.021760238334536552]
[-0.32244, 0.040821, -0.499888, -0.426749, -0.486635] => [0.020294267684221268, -0.019605644047260284, 0.02052094042301178, -0.014978506602346897, 0.021760329604148865]
[-0.32244, 0.040821, -0.499888, -0.426731, -0.486641] => [0.020294219255447388, -0.019605673849582672, 0.02052094228565693, -0.014978526160120964, 0.021760324016213417]
[-0.322441, 0.040821, -0.499888, -0.426736, -0.486621] => [0.020294349640607834, -0.019605688750743866, 0.02052079513669014, -0.01497869472950697, 0.021760156378149986]
[-0.322442, 0.040821, -0.499888, -0.426719, -0.486592] => [0.020294517278671265, -0.019605757668614388, 0.020520523190498352, -0.014979038387537003, 0.021759837865829468]
[-0.322443, 0.040821, -0.499888, -0.426735, -0.486631] => [0.020294297486543655, -0.01960568130016327, 0.02052086591720581, -0.014978615567088127, 0.021760236471891403]
[-0.322443, 0.040821, -0.499888, -0.426732, -0.486603] => [0.020294465124607086, -0.019605718553066254, 0.020520638674497604, -0.014978887513279915, 0.02175997383892536]
[-0.322442, 0.040821, -0.499888, -0.42675, -0.486595] => [0.020294517278671265, -0.019605688750743866, 0.02052062377333641, -0.014978880062699318, 0.021759968250989914]
[-0.322441, 0.040821, -0.499888, -0.426713, -0.486605] => [0.0202944353222847, -0.01960575394332409, 0.020520612597465515, -0.014978940598666668, 0.021759936586022377]
[-0.322444, 0.040821, -0.499888, -0.426746, -0.486603] => [0.02029448002576828, -0.019605690613389015, 0.02052067033946514, -0.014978831633925438, 0.021760018542408943]
[-0.322444, 0.040821, -0.499888, -0.426707, -0.486634] => [0.020294271409511566, -0.019605735316872597, 0.020520813763141632, -0.014978710561990738, 0.021760165691375732]
[-0.322443, 0.040821, -0.499888, -0.426718, -0.486626] => [0.020294323563575745, -0.019605722278356552, 0.020520782098174095, -0.014978735707700253, 0.021760132163763046]
[-0.322442, 0.040821, -0.499888, -0.426724, -0.486624] => [0.020294327288866043, -0.019605711102485657, 0.020520783960819244, -0.014978723600506783, 0.021760139614343643]
[-0.32244, 0.040821, -0.499888, -0.426734, -0.486616] => [0.020294375717639923, -0.019605698063969612, 0.020520752295851707, -0.014978746883571148, 0.021760107949376106]
[-0.322442, 0.040821, -0.499888, -0.426707, -0.48664] => [0.020294226706027985, -0.019605727866292, 0.02052086777985096, -0.014978647232055664, 0.021760225296020508]
[-0.322445, 0.040821, -0.499888, -0.426737, -0.486643] => [0.02029423788189888, -0.019605664536356926, 0.020520957186818123, -0.014978505671024323, 0.02176034264266491]
[-0.322439, 0.040821, -0.499888, -0.42674, -0.486597] => [0.02029448375105858, -0.01960570551455021, 0.02052062191069126, -0.014978893101215363, 0.021759960800409317]
[-0.322441, 0.040821, -0.499888, -0.426722, -0.486637] => [0.020294249057769775, -0.01960569992661476, 0.020520884543657303, -0.01497860811650753, 0.021760251373052597]
[-0.322445, 0.040821, -0.499888, -0.426741, -0.486624] => [0.020294353365898132, -0.01960567757487297, 0.02052081935107708, -0.014978662133216858, 0.021760188043117523]
[-0.322445, 0.040821, -0.499888, -0.426717, -0.486633] => [0.02029428631067276, -0.019605718553066254, 0.020520828664302826, -0.014978681690990925, 0.021760186180472374]
[-0.322442, 0.040821, -0.499888, -0.426728, -0.486599] => [0.02029448002576828, -0.0196057315915823, 0.02052059955894947, -0.014978935942053795, 0.02175992913544178]
[-0.322443, 0.040821, -0.499888, -0.426743, -0.486597] => [0.02029450237751007, -0.01960570365190506, 0.020520616322755814, -0.01497889868915081, 0.02175995707511902]
[-0.322441, 0.040821, -0.499888, -0.426728, -0.486605] => [0.020294442772865295, -0.0196057241410017, 0.02052064798772335, -0.014978880062699318, 0.021759985014796257]
[-0.322441, 0.040821, -0.499888, -0.426741, -0.486629] => [0.020294301211833954, -0.019605668261647224, 0.02052086964249611, -0.014978601597249508, 0.021760243922472]
[-0.322441, 0.040821, -0.499888, -0.426715, -0.486601] => [0.02029445767402649, -0.01960575580596924, 0.020520584657788277, -0.014978970400989056, 0.02175990678369999]
[-0.322444, 0.040821, -0.499888, -0.426711, -0.486645] => [0.02029421180486679, -0.019605714827775955, 0.020520910620689392, -0.014978591352701187, 0.021760277450084686]
[-0.322442, 0.040821, -0.499888, -0.426737, -0.486645] => [0.02029421180486679, -0.01960565894842148, 0.020520981401205063, -0.014978474006056786, 0.021760370582342148]
[-0.322445, 0.040821, -0.499888, -0.426713, -0.48664] => [0.020294249057769775, -0.019605718553066254, 0.020520873367786407, -0.014978636056184769, 0.021760232746601105]
[-0.322442, 0.040821, -0.499888, -0.426745, -0.486636] => [0.020294271409511566, -0.01960565336048603, 0.020520932972431183, -0.014978522434830666, 0.02176031842827797]
[-0.32244, 0.040821, -0.499888, -0.426732, -0.486614] => [0.02029437944293022, -0.01960570365190506, 0.020520731806755066, -0.014978773891925812, 0.021760083734989166]
[-0.322442, 0.040821, -0.499888, -0.426718, -0.486626] => [0.020294316112995148, -0.019605720415711403, 0.020520787686109543, -0.014978727325797081, 0.021760139614343643]
[-0.322442, 0.040821, -0.499888, -0.426728, -0.486632] => [0.02029428258538246, -0.019605692476034164, 0.020520858466625214, -0.014978629536926746, 0.021760227158665657]
[-0.32244, 0.040821, -0.499888, -0.426715, -0.486638] => [0.02029423415660858, -0.019605711102485657, 0.020520877093076706, -0.01497862208634615, 0.02176024205982685]
[-0.322444, 0.040821, -0.499888, -0.426743, -0.486631] => [0.020294304937124252, -0.019605666399002075, 0.020520880818367004, -0.014978587627410889, 0.021760256960988045]
[-0.322439, 0.040821, -0.499888, -0.426726, -0.486617] => [0.02029435709118843, -0.019605711102485657, 0.02052074484527111, -0.014978766441345215, 0.02176009491086006]
[-0.32244, 0.040821, -0.499888, -0.426721, -0.486626] => [0.020294301211833954, -0.019605712965130806, 0.020520798861980438, -0.014978709630668163, 0.021760154515504837]
[-0.322439, 0.040821, -0.499888, -0.426717, -0.486601] => [0.020294446498155594, -0.01960574835538864, 0.020520595833659172, -0.014978951774537563, 0.021759921684861183]
[-0.322441, 0.040821, -0.499888, -0.426724, -0.48664] => [0.020294230431318283, -0.019605690613389015, 0.02052091434597969, -0.014978569000959396, 0.02176028862595558]
[-0.322439, 0.040821, -0.499888, -0.426723, -0.486629] => [0.020294278860092163, -0.01960570365190506, 0.020520832389593124, -0.014978665858507156, 0.02176019363105297]
[-0.322444, 0.040821, -0.499888, -0.42671, -0.486622] => [0.020294349640607834, -0.019605742767453194, 0.020520728081464767, -0.014978807419538498, 0.021760068833827972]
[-0.322444, 0.040821, -0.499888, -0.426718, -0.486639] => [0.020294249057769775, -0.01960570737719536, 0.020520880818367004, -0.014978618361055851, 0.02176024578511715]
[-0.32244, 0.040821, -0.499888, -0.426732, -0.486601] => [0.020294461399316788, -0.019605718553066254, 0.020520629361271858, -0.014978894963860512, 0.021759966388344765]
[-0.322444, 0.040821, -0.499888, -0.426724, -0.486596] => [0.020294509828090668, -0.019605744630098343, 0.020520558580756187, -0.014978992752730846, 0.02175987884402275]
[-0.322444, 0.040821, -0.499888, -0.426747, -0.486606] => [0.02029445767402649, -0.019605686888098717, 0.02052069455385208, -0.014978802762925625, 0.02176004648208618]
[-0.322443, 0.040821, -0.499888, -0.426748, -0.486625] => [0.02029433473944664, -0.019605660811066628, 0.020520849153399467, -0.014978618361055851, 0.02176022343337536]
[-0.322441, 0.040821, -0.499888, -0.426733, -0.486596] => [0.020294498652219772, -0.019605722278356552, 0.020520592108368874, -0.014978938736021519, 0.021759923547506332]
[-0.322444, 0.040821, -0.499888, -0.426737, -0.486627] => [0.02029433101415634, -0.01960568130016327, 0.020520836114883423, -0.01497864630073309, 0.021760204806923866]
[-0.322442, 0.040821, -0.499888, -0.426709, -0.486616] => [0.020294368267059326, -0.01960575021803379, 0.020520685240626335, -0.014978858642280102, 0.021760018542408943]
[-0.322444, 0.040821, -0.499888, -0.426734, -0.486642] => [0.02029423788189888, -0.019605671986937523, 0.020520944148302078, -0.014978524297475815, 0.021760325878858566]
[-0.322444, 0.040821, -0.499888, -0.426739, -0.486599] => [0.020294498652219772, -0.019605711102485657, 0.020520620048046112, -0.01497890055179596, 0.02175995707511902]
[-0.322445, 0.040821, -0.499888, -0.426726, -0.486629] => [0.020294316112995148, -0.01960570365190506, 0.02052082121372223, -0.01497868075966835, 0.021760180592536926]
[-0.32244, 0.040821, -0.499888, -0.42675, -0.486643] => [0.02029421553015709, -0.01960563287138939, 0.020521003752946854, -0.014978430233895779, 0.021760402247309685]
[-0.322444, 0.040821, -0.499888, -0.426706, -0.486627] => [0.02029431238770485, -0.019605746492743492, 0.020520757883787155, -0.01497877761721611, 0.02176010049879551]
[-0.322442, 0.040821, -0.499888, -0.42671, -0.486638] => [0.02029423788189888, -0.019605722278356552, 0.020520860329270363, -0.014978650957345963, 0.02176021970808506]
[-0.32244, 0.040821, -0.499888, -0.42675, -0.486644] => [0.02029421180486679, -0.01960563287138939, 0.0205210130661726, -0.014978419989347458, 0.02176041342318058]
[-0.32244, 0.040821, -0.499888, -0.42675, -0.486642] => [0.020294222980737686, -0.01960563473403454, 0.020520996302366257, -0.01497843861579895, 0.021760394796729088]
[-0.322117, 0.05141, -0.499899, -0.301399, -0.431448] => [0.021205473691225052, -0.020173462107777596, 0.019221333786845207, -0.016811558976769447, 0.020163947716355324]
[-0.323053, 0.051707, -0.499778, -0.372574, -0.433426] => [0.02129170298576355, -0.02003997191786766, 0.019687611609697342, -0.01621333695948124, 0.020719565451145172]
[-0.321907, 0.055076, -0.499512, -0.257075, -0.29762] => [0.02184920758008957, -0.020291822031140327, 0.01852453127503395, -0.017677992582321167, 0.019349150359630585]
[-0.322019, 0.052179, -0.49996, -0.259469, -0.436571] => [0.020962852984666824, -0.020186102017760277, 0.0191587395966053, -0.01687805913388729, 0.020094269886612892]
[-0.323182, 0.040987, -0.499472, -0.248836, -0.270645] => [0.021882280707359314, -0.02029654011130333, 0.018506677821278572, -0.01770271360874176, 0.019327444955706596]
[-0.321819, 0.052354, -0.499665, -0.361332, -0.406187] => [0.021603021770715714, -0.02002084068953991, 0.019471855834126472, -0.016428273171186447, 0.020488664507865906]
[-0.324119, 0.060719, -0.499437, -0.425561, -0.19253] => [0.022182337939739227, -0.02033933997154236, 0.018344687297940254, -0.017927002161741257, 0.019130509346723557]
[-0.321967, 0.056684, -0.499393, -0.491434, -0.364992] => [0.02221183478832245, -0.020158277824521065, 0.019306493923068047, -0.016734328120946884, 0.020262932404875755]
[-0.322087, 0.048852, -0.499679, -0.301393, -0.214987] => [0.021970637142658234, -0.020309142768383026, 0.018458979204297066, -0.017768755555152893, 0.019269457086920738]
[-0.323498, 0.053947, -0.499651, -0.373641, -0.280587] => [0.022190213203430176, -0.020340463146567345, 0.01834043674170971, -0.017932888120412827, 0.01912534236907959]
[-0.322078, 0.043323, -0.499444, -0.481019, -0.480411] => [0.020323600620031357, -0.01952822133898735, 0.020573701709508896, -0.01486271247267723, 0.021840715780854225]
[-0.321882, 0.054367, -0.499694, -0.348808, -0.382587] => [0.022099148482084274, -0.02010607160627842, 0.019327983260154724, -0.01667018048465252, 0.020300453528761864]
[-0.321993, 0.033695, -0.499387, -0.290912, -0.186108] => [0.021798186004161835, -0.020284544676542282, 0.018552076071500778, -0.017639853060245514, 0.01938263699412346]
[-0.322829, 0.036051, -0.499264, -0.41785, -0.474717] => [0.020269867032766342, -0.019606953486800194, 0.0204966701567173, -0.015001196414232254, 0.02173459157347679]
[-0.323122, 0.034713, -0.499909, -0.241947, -0.273969] => [0.02178717777132988, -0.02028297260403633, 0.018558023497462273, -0.017631620168685913, 0.019389865919947624]
[-0.324163, 0.032472, -0.499298, -0.246966, -0.29673] => [0.021821260452270508, -0.020287834107875824, 0.01853962242603302, -0.017657097429037094, 0.01936749555170536]
[-0.322595, 0.037082, -0.499386, -0.306469, -0.240304] => [0.02204684168100357, -0.020320013165473938, 0.018417837098240852, -0.017825720831751823, 0.01921943947672844]
[-0.322327, 0.060786, -0.499992, -0.394296, -0.169203] => [0.022026468068361282, -0.020317107439041138, 0.01842883601784706, -0.01781049184501171, 0.01923281140625477]
[-0.323085, 0.044077, -0.499854, -0.397382, -0.462961] => [0.020429179072380066, -0.019717665389180183, 0.02022029273211956, -0.015383187681436539, 0.021397531032562256]
[-0.322094, 0.057252, -0.499803, -0.23944, -0.254292] => [0.02183014154434204, -0.0202891007065773, 0.0185348279774189, -0.017663735896348953, 0.019361667335033417]
[-0.324218, 0.062772, -0.49992, -0.396053, -0.441811] => [0.021960798650979996, -0.020273419097065926, 0.019507046788930893, -0.016603320837020874, 0.02045385167002678]
[-0.322582, 0.035418, -0.499701, -0.311081, -0.199577] => [0.021922357380390167, -0.02030225656926632, 0.018485041335225105, -0.017732668668031693, 0.019301140680909157]
[-0.322127, 0.039818, -0.499775, -0.370541, -0.239299] => [0.02211819589138031, -0.020330190658569336, 0.018379313871264458, -0.0178790595382452, 0.019172606989741325]
[-0.321926, 0.051276, -0.499841, -0.368793, -0.444314] => [0.020893380045890808, -0.019976360723376274, 0.01976795494556427, -0.016069814562797546, 0.020825959742069244]
[-0.322779, 0.041531, -0.499995, -0.38452, -0.280567] => [0.02212374657392502, -0.02033098228275776, 0.018376318737864494, -0.01788320578634739, 0.01916896551847458]
[-0.323086, 0.043683, -0.499358, -0.471458, -0.365382] => [0.02142804116010666, -0.019915759563446045, 0.019299864768981934, -0.016542231664061546, 0.020319314673542976]
[-0.32361, 0.042523, -0.499967, -0.359128, -0.469986] => [0.020553819835186005, -0.019903715699911118, 0.019931955263018608, -0.01583857089281082, 0.02102474868297577]
[-0.322294, 0.033746, -0.499465, -0.347638, -0.239631] => [0.02211540937423706, -0.0203297920525074, 0.018380820751190186, -0.017876973375678062, 0.01917443796992302]
[-0.322808, 0.032669, -0.499988, -0.246772, -0.355913] => [0.021625347435474396, -0.02023216150701046, 0.01868683286011219, -0.017446035519242287, 0.0195494182407856]
[-0.322773, 0.036331, -0.499451, -0.344902, -0.193095] => [0.021993916481733322, -0.020312463864684105, 0.018446410074830055, -0.017786160111427307, 0.019254175946116447]
[-0.322261, 0.034134, -0.49999, -0.442369, -0.179626] => [0.022120386362075806, -0.020330503582954407, 0.018378132954239845, -0.017880694940686226, 0.01917116902768612]
[-0.322266, 0.03714, -0.499759, -0.432894, -0.413093] => [0.017613451927900314, -0.019612539559602737, 0.019887881353497505, -0.015764446929097176, 0.020976314321160316]
[-0.323965, 0.063358, -0.499502, -0.299875, -0.361862] => [0.02257188782095909, -0.020364440977573395, 0.01888103038072586, -0.017363904044032097, 0.019729159772396088]
[-0.323725, 0.035532, -0.499755, -0.274303, -0.378555] => [0.021353162825107574, -0.020078405737876892, 0.019005555659532547, -0.016974736005067825, 0.01994915120303631]
[-0.322361, 0.043444, -0.499495, -0.445053, -0.499991] => [0.020217306911945343, -0.01957407221198082, 0.02065485715866089, -0.014812449924647808, 0.021916627883911133]
[-0.322985, 0.044501, -0.49964, -0.475031, -0.43941] => [0.02094503492116928, -0.01976187899708748, 0.020003709942102432, -0.01565290056169033, 0.021148212254047394]
[-0.32234, 0.061157, -0.499821, -0.3923, -0.278595] => [0.02250322699546814, -0.02043958194553852, 0.01835470087826252, -0.017998121678829193, 0.019115494564175606]
[-0.323664, 0.058865, -0.499454, -0.488926, -0.27278] => [0.02239318937063217, -0.020378045737743378, 0.018455933779478073, -0.0178388562053442, 0.019245607778429985]
[-0.322214, 0.03675, -0.499277, -0.299171, -0.400949] => [0.020672686398029327, -0.01989453285932541, 0.01939336210489273, -0.01641446352005005, 0.0204258281737566]
[-0.324208, 0.037106, -0.499569, -0.496855, -0.315958] => [0.02188125252723694, -0.020183425396680832, 0.01867607794702053, -0.017438676208257675, 0.019545432180166245]
[-0.321851, 0.057969, -0.499773, -0.497955, -0.348213] => [0.022274024784564972, -0.020208099856972694, 0.019092358648777008, -0.017009591683745384, 0.02000788040459156]
[-0.323235, 0.061474, -0.499542, -0.459198, -0.303637] => [0.02263849601149559, -0.020361239090561867, 0.018711408600211143, -0.0175546295940876, 0.019536633044481277]
[-0.32206, 0.05485, -0.49961, -0.324536, -0.21544] => [0.02201848477125168, -0.02031596750020981, 0.01843314617872238, -0.017804523929953575, 0.019238051027059555]
[-0.323858, 0.046576, -0.499295, -0.486998, -0.467696] => [0.020482007414102554, -0.019571252167224884, 0.020428242161870003, -0.015053211711347103, 0.021667849272489548]
[-0.323795, 0.042702, -0.499839, -0.479886, -0.285255] => [0.022059153765439987, -0.020321769639849663, 0.018411189317703247, -0.017834924161434174, 0.019211359322071075]
[-0.323509, 0.063552, -0.499717, -0.409666, -0.299159] => [0.022754166275262833, -0.020463909953832626, 0.018521839752793312, -0.01784004271030426, 0.01929684914648533]
[-0.324097, 0.041657, -0.499594, -0.337439, -0.175348] => [0.021955128759145737, -0.02030692994594574, 0.01846734806895256, -0.017757168039679527, 0.019279630854725838]
[-0.322568, 0.036187, -0.499294, -0.258079, -0.332059] => [0.021803047508001328, -0.020263824611902237, 0.018581459298729897, -0.01759358122944832, 0.019420640543103218]
[-0.323855, 0.060645, -0.499568, -0.309538, -0.282629] => [0.022115085273981094, -0.020342832431197166, 0.018425017595291138, -0.01783619448542595, 0.019221637398004532]
[-0.32263, 0.052057, -0.499226, -0.36622, -0.498067] => [0.02074505016207695, -0.019981442019343376, 0.01981724612414837, -0.016036245971918106, 0.020870881155133247]
[-0.322474, 0.053279, -0.499374, -0.248682, -0.324821] => [0.021750841289758682, -0.020190564915537834, 0.018708009272813797, -0.017401183024048805, 0.01958150789141655]
[-0.322807, 0.051277, -0.499498, -0.416936, -0.474929] => [0.020519178360700607, -0.01972765102982521, 0.02019394189119339, -0.01542614959180355, 0.021363258361816406]
[-0.324228, 0.054826, -0.499888, -0.435796, -0.231818] => [0.022170431911945343, -0.02033764123916626, 0.01835111528635025, -0.01791810244321823, 0.01913832500576973]
[-0.321914, 0.045605, -0.499776, -0.341102, -0.189491] => [0.021962236613035202, -0.02030794508755207, 0.018463512882590294, -0.017762478440999985, 0.019274968653917313]
[-0.322007, 0.057591, -0.49997, -0.307325, -0.36229] => [0.022193092852830887, -0.020232588052749634, 0.01899031177163124, -0.01713572070002556, 0.019887402653694153]
[-0.323016, 0.059948, -0.499565, -0.478683, -0.478761] => [0.020836427807807922, -0.019755877554416656, 0.020289387553930283, -0.015353649854660034, 0.02146180532872677]
[-0.323804, 0.039889, -0.499921, -0.239252, -0.368768] => [0.021426815539598465, -0.020157504826784134, 0.018863271921873093, -0.017189642414450645, 0.019768862053751945]
[-0.321929, 0.062277, -0.499595, -0.227641, -0.297236] => [0.021677080541849136, -0.020267268642783165, 0.018617456778883934, -0.01754932850599289, 0.01946212165057659]
[-0.32299, 0.050516, -0.499911, -0.253104, -0.21975] => [0.02189960703253746, -0.02029900997877121, 0.018497325479984283, -0.017715662717819214, 0.01931607536971569]
[-0.324248, 0.047688, -0.499931, -0.439575, -0.423254] => [0.02126089110970497, -0.019884523004293442, 0.019825203344225883, -0.015940766781568527, 0.020917994901537895]
[-0.323871, 0.040724, -0.499866, -0.365858, -0.493384] => [0.020501907914876938, -0.01989457942545414, 0.020020006224513054, -0.01573927514255047, 0.021123863756656647]
[-0.321954, 0.054879, -0.499763, -0.283815, -0.394936] => [0.0217386856675148, -0.02015913836658001, 0.01915271207690239, -0.016882989555597305, 0.02009349688887596]
[-0.32315, 0.039293, -0.49959, -0.472084, -0.26378] => [0.022014014422893524, -0.02031533047556877, 0.018435558304190636, -0.017801182344555855, 0.019240984693169594]
[-0.322461, 0.063206, -0.499857, -0.268142, -0.188724] => [0.02183796465396881, -0.02029021829366684, 0.018530603498220444, -0.01766958460211754, 0.019356532022356987]
[-0.323178, 0.039312, -0.499303, -0.424657, -0.249296] => [0.022079776972532272, -0.0203247107565403, 0.018400056287646294, -0.01785033941268921, 0.019197823479771614]
[-0.321808, 0.03719, -0.499867, -0.275925, -0.416043] => [0.02088547870516777, -0.02001279778778553, 0.019256392493844032, -0.0166277177631855, 0.0202539823949337]
[-0.323344, 0.058564, -0.499676, -0.242804, -0.461531] => [0.021015454083681107, -0.020207080990076065, 0.01920989342033863, -0.016840286552906036, 0.02014397643506527]
[-0.324044, 0.045014, -0.499646, -0.374896, -0.201758] => [0.022120065987110138, -0.020330457016825676, 0.018378304317593575, -0.017880456522107124, 0.019171377643942833]
[-0.322114, 0.057757, -0.499304, -0.486206, -0.285423] => [0.022225379943847656, -0.020315585657954216, 0.01856912113726139, -0.01766272820532322, 0.019390147179365158]
[-0.323879, 0.036858, -0.49951, -0.31752, -0.227419] => [0.022076893597841263, -0.02032429911196232, 0.01840161345899105, -0.01784818433225155, 0.019199715927243233]
[-0.323975, 0.033488, -0.499335, -0.40368, -0.193597] => [0.02218443900346756, -0.020339639857411385, 0.018343552947044373, -0.01792857237160206, 0.019129130989313126]
[-0.321957, 0.059465, -0.49927, -0.369068, -0.40252] => [0.022145021706819534, -0.020214995369315147, 0.019327500835061073, -0.016744980588555336, 0.020274626091122627]
[-0.322546, 0.040898, -0.499803, -0.288264, -0.211146] => [0.021920867264270782, -0.020302042365074158, 0.018485847860574722, -0.017731554806232452, 0.019302120432257652]
[-0.322655, 0.048121, -0.499273, -0.255353, -0.245361] => [0.021914377808570862, -0.02030111849308014, 0.018489347770810127, -0.017726706340909004, 0.019306376576423645]
[-0.323715, 0.054652, -0.499514, -0.281545, -0.237695] => [0.022002846002578735, -0.02031373791396618, 0.018441587686538696, -0.017792833968997, 0.019248314201831818]
[-0.321907, 0.042124, -0.499739, -0.243693, -0.444998] => [0.020739614963531494, -0.02019779570400715, 0.019204089418053627, -0.016807332634925842, 0.020164810121059418]
[-0.322401, 0.045155, -0.499205, -0.423422, -0.287774] => [0.02200373262166977, -0.020313864573836327, 0.018441108986735344, -0.017793498933315277, 0.01924773119390011]
[-0.324268, 0.061907, -0.499299, -0.305747, -0.365177] => [0.0225016288459301, -0.02032843418419361, 0.018925635144114494, -0.017286762595176697, 0.019788755103945732]
[-0.32402, 0.060938, -0.499924, -0.252121, -0.167366] => [0.021754391491413116, -0.02027829736471176, 0.018575720489025116, -0.01760711520910263, 0.01941138319671154]
[-0.323248, 0.056471, -0.499979, -0.460687, -0.277707] => [0.022111251950263977, -0.020326798781752586, 0.018442217260599136, -0.017806194722652435, 0.01924484595656395]
[-0.322892, 0.034179, -0.499487, -0.363869, -0.37821] => [0.019834738224744797, -0.019813979044556618, 0.019391365349292755, -0.016425002366304398, 0.020404599606990814]
[-0.321808, 0.043204, -0.499395, -0.312321, -0.344473] => [0.021771304309368134, -0.02011626772582531, 0.01881237141788006, -0.017236530780792236, 0.019716616719961166]
[-0.323537, 0.051003, -0.49986, -0.496248, -0.373917] => [0.02184416353702545, -0.02004363387823105, 0.019394217059016228, -0.016542157158255577, 0.02039266936480999]
[-0.323869, 0.03478, -0.499935, -0.31695, -0.420821] => [0.02069690451025963, -0.019897855818271637, 0.019434623420238495, -0.016357626765966415, 0.020478006452322006]
[-0.323591, 0.034501, -0.499578, -0.264629, -0.390953] => [0.021137859672307968, -0.020040364935994148, 0.019132746383547783, -0.016796715557575226, 0.020104562863707542]
[-0.32227, 0.045173, -0.499799, -0.343897, -0.479281] => [0.02068682760000229, -0.0200402420014143, 0.019673343747854233, -0.016222447156906128, 0.020699894055724144]
[-0.323476, 0.050891, -0.499414, -0.33967, -0.426227] => [0.02135312184691429, -0.020059697329998016, 0.019518733024597168, -0.016410328447818756, 0.020526237785816193]
[-0.322424, 0.040904, -0.499793, -0.258679, -0.29261] => [0.021890010684728622, -0.020297640934586525, 0.018502507358789444, -0.017708487808704376, 0.01932237297296524]
[-0.322947, 0.062967, -0.499918, -0.334448, -0.265183] => [0.022135663777589798, -0.020346174016594887, 0.018415270373225212, -0.017850322648882866, 0.019209586083889008]
[-0.323148, 0.044823, -0.499854, -0.323443, -0.358092] => [0.021679367870092392, -0.020041057839989662, 0.018954815343022346, -0.017023097723722458, 0.019896408542990685]
[-0.322134, 0.033909, -0.499819, -0.468125, -0.24872] => [0.022001933306455612, -0.020313607528805733, 0.018442081287503242, -0.017792152240872383, 0.01924891397356987]
[-0.322266, 0.044121, -0.499473, -0.440308, -0.447755] => [0.020505424588918686, -0.019678795710206032, 0.020182229578495026, -0.015390472486615181, 0.021368347108364105]
[-0.324091, 0.045633, -0.499709, -0.347443, -0.356039] => [0.02167891338467598, -0.02003270387649536, 0.01896745339035988, -0.017003435641527176, 0.019912654533982277]
[-0.322694, 0.03586, -0.499273, -0.369214, -0.453447] => [0.020313810557127, -0.019764890894293785, 0.020168187096714973, -0.01546423975378275, 0.021330108866095543]
[-0.32219, 0.057685, -0.49957, -0.236931, -0.276724] => [0.021792422980070114, -0.020283721387386322, 0.018555190414190292, -0.017635542899370193, 0.019386421889066696]
[-0.323818, 0.054214, -0.499268, -0.30351, -0.358374] => [0.022156603634357452, -0.020184850320219994, 0.01893657259643078, -0.017162391915917397, 0.019837673753499985]
[-0.322291, 0.054469, -0.499931, -0.268782, -0.425843] => [0.02129869908094406, -0.020244982093572617, 0.01906113140285015, -0.017039606347680092, 0.019966110587120056]
[-0.322739, 0.045186, -0.499561, -0.453726, -0.200733] => [0.02213311195373535, -0.020332317799329758, 0.01837126351892948, -0.01789020746946335, 0.019162818789482117]
[-0.323721, 0.049895, -0.499885, -0.448978, -0.167305] => [0.022209342569112778, -0.020343191921710968, 0.018330110237002373, -0.017947185784578323, 0.019112788140773773]
[-0.323962, 0.036129, -0.499703, -0.348616, -0.448167] => [0.020552873611450195, -0.01986224576830864, 0.019888803362846375, -0.015845173969864845, 0.020991595461964607]
[-0.322834, 0.040351, -0.499209, -0.354409, -0.219564] => [0.022101130336523056, -0.02032775618135929, 0.018388528376817703, -0.01786630041897297, 0.0191838089376688]
[-0.322572, 0.05591, -0.499388, -0.418855, -0.280295] => [0.022087570279836655, -0.02032582275569439, 0.01839584857225418, -0.017856165766716003, 0.019192706793546677]
[-0.324269, 0.045451, -0.499321, -0.382659, -0.411322] => [0.02135646343231201, -0.01987399160861969, 0.019621871411800385, -0.01615130342543125, 0.020695067942142487]
[-0.323263, 0.060635, -0.499771, -0.237598, -0.439128] => [0.021339867264032364, -0.020277369767427444, 0.01908590830862522, -0.017035149037837982, 0.019986514002084732]
[-0.322879, 0.058692, -0.499392, -0.327213, -0.273153] => [0.02207445353269577, -0.020323950797319412, 0.018402930349111557, -0.01784636080265045, 0.019201315939426422]
[-0.322788, 0.038859, -0.499451, -0.465867, -0.370567] => [0.02000875025987625, -0.019830947741866112, 0.019401775673031807, -0.016409099102020264, 0.02042151801288128]
[-0.323114, 0.044867, -0.499774, -0.488054, -0.338885] => [0.021648898720741272, -0.02004467509686947, 0.01895936392247677, -0.01701887883245945, 0.019901089370250702]
[-0.323325, 0.050592, -0.499905, -0.364434, -0.233246] => [0.022131778299808502, -0.020332127809524536, 0.018371982499957085, -0.01788921095430851, 0.019163692370057106]
[-0.322387, 0.044634, -0.49944, -0.47156, -0.490909] => [0.020292244851589203, -0.019540822133421898, 0.02060890384018421, -0.014836019836366177, 0.021875502541661263]
[-0.324027, 0.054288, -0.499481, -0.253839, -0.375279] => [0.021695103496313095, -0.02016311138868332, 0.01897413656115532, -0.017082935199141502, 0.01989040896296501]
[-0.323808, 0.047283, -0.499765, -0.299713, -0.260759] => [0.022069193422794342, -0.020323200151324272, 0.018405770882964134, -0.017842428758740425, 0.019204769283533096]
[-0.322601, 0.038529, -0.499369, -0.41819, -0.259945] => [0.02204996719956398, -0.020320458337664604, 0.01841614954173565, -0.01782805658876896, 0.019217388704419136]
[-0.322432, 0.042916, -0.499961, -0.367518, -0.168791] => [0.02194235846400261, -0.020305108278989792, 0.018474245443940163, -0.01774761825799942, 0.019288016483187675]
[-0.322542, 0.06071, -0.499919, -0.411138, -0.495781] => [0.020552165806293488, -0.019855769351124763, 0.020128604024648666, -0.015603828243911266, 0.021251320838928223]
[-0.32304, 0.046203, -0.499892, -0.480563, -0.473733] => [0.020403023809194565, -0.01956292800605297, 0.020460184663534164, -0.015011649578809738, 0.021705262362957]
[-0.322856, 0.057862, -0.499692, -0.316146, -0.26424] => [0.02205226570367813, -0.02032078616321087, 0.01841490902006626, -0.01782977394759655, 0.01921587996184826]
[-0.323938, 0.037709, -0.49931, -0.423245, -0.355561] => [0.02129385620355606, -0.019947584718465805, 0.01911851577460766, -0.01678577996790409, 0.02009575441479683]
[-0.322132, 0.040548, -0.499515, -0.230051, -0.486432] => [0.0205729641020298, -0.020222265273332596, 0.019257089123129845, -0.016744988039135933, 0.020238272845745087]
[-0.322523, 0.062298, -0.499835, -0.490084, -0.425139] => [0.022241830825805664, -0.020195266231894493, 0.019639020785689354, -0.016399100422859192, 0.02062692679464817]
[-0.324143, 0.051829, -0.499742, -0.27653, -0.212102] => [0.02196963131427765, -0.020308999344706535, 0.018459521234035492, -0.017768004909157753, 0.019270116463303566]
[-0.324185, 0.044292, -0.499236, -0.255706, -0.430334] => [0.02097349986433983, -0.02014445699751377, 0.01923530362546444, -0.016770130023360252, 0.020186753943562508]
[-0.322413, 0.042304, -0.499345, -0.271669, -0.177912] => [0.02174338698387146, -0.02027672715485096, 0.018581662327051163, -0.017598889768123627, 0.01941860467195511]
[-0.322434, 0.051715, -0.499544, -0.303982, -0.431623] => [0.021272387355566025, -0.020183725282549858, 0.01922456920146942, -0.01681818999350071, 0.0201644878834486]
[-0.323477, 0.060923, -0.499933, -0.451337, -0.353531] => [0.022715192288160324, -0.020254721865057945, 0.01920824870467186, -0.016933031380176544, 0.02012387290596962]
[-0.324121, 0.056882, -0.499409, -0.469799, -0.385448] => [0.02231525629758835, -0.020160861313343048, 0.01946580410003662, -0.016563236713409424, 0.020441994071006775]
[-0.32201, 0.038921, -0.49993, -0.392984, -0.174244] => [0.022046085447072983, -0.020319905132055283, 0.018418245017528534, -0.017825154587626457, 0.019219934940338135]
[-0.323594, 0.061784, -0.499439, -0.306292, -0.369914] => [0.02239958569407463, -0.02030971273779869, 0.01896742917597294, -0.017222587019205093, 0.01984158717095852]
[-0.322323, 0.062653, -0.499374, -0.287887, -0.485316] => [0.021705318242311478, -0.020380208268761635, 0.019129710271954536, -0.01708756759762764, 0.020001953467726707]
[-0.322982, 0.059782, -0.499315, -0.241495, -0.467828] => [0.02112705260515213, -0.02023560181260109, 0.019198939204216003, -0.016878437250852585, 0.02012314461171627]
[-0.322717, 0.040199, -0.499496, -0.414963, -0.240522] => [0.022087540477514267, -0.02032581903040409, 0.018395863473415375, -0.017856145277619362, 0.01919272541999817]
[-0.323402, 0.034069, -0.499722, -0.320581, -0.210802] => [0.022012557834386826, -0.020315121859312057, 0.01843634806573391, -0.017800088971853256, 0.019241943955421448]
[-0.322914, 0.042056, -0.499601, -0.35152, -0.269589] => [0.022190388292074203, -0.020340487360954285, 0.018340343609452248, -0.017933018505573273, 0.019125228747725487]
[-0.322021, 0.033954, -0.49997, -0.487695, -0.412501] => [0.017725270241498947, -0.019623300060629845, 0.01988859474658966, -0.01576242595911026, 0.020979708060622215]
[-0.323576, 0.032646, -0.499658, -0.300603, -0.335231] => [0.021878506988286972, -0.020169764757156372, 0.01869739592075348, -0.01740569807589054, 0.01957276277244091]
[-0.32328, 0.057349, -0.499892, -0.281813, -0.446517] => [0.021397102624177933, -0.020297635346651077, 0.01913517899811268, -0.017004812136292458, 0.020033376291394234]
[-0.322376, 0.036559, -0.499307, -0.479486, -0.171051] => [0.022136829793453217, -0.02033284865319729, 0.01836925558745861, -0.017892986536026, 0.019160376861691475]
[-0.321837, 0.040781, -0.499373, -0.263803, -0.167876] => [0.021664634346961975, -0.020265493541955948, 0.01862417906522751, -0.017540020868182182, 0.019470293074846268]
[-0.324002, 0.057365, -0.499851, -0.376272, -0.457109] => [0.02133212983608246, -0.020094390958547592, 0.019676465541124344, -0.016276730224490166, 0.020688248798251152]
[-0.323405, 0.033763, -0.499811, -0.234827, -0.449458] => [0.02057090774178505, -0.02019803784787655, 0.019227905198931694, -0.016759099438786507, 0.0202067531645298]
[-0.323847, 0.051467, -0.499847, -0.493528, -0.473699] => [0.020660661160945892, -0.01963423192501068, 0.020391017198562622, -0.015146416611969471, 0.021608807146549225]
[-0.321933, 0.061193, -0.499792, -0.451118, -0.287844] => [0.02236730232834816, -0.020372390747070312, 0.018537718802690506, -0.017742451280355453, 0.01934000477194786]
[-0.324025, 0.058905, -0.499727, -0.366256, -0.239951] => [0.022157184779644012, -0.02033575251698494, 0.018358267843723297, -0.01790820062160492, 0.01914701797068119]
[-0.322503, 0.060943, -0.499895, -0.364744, -0.492861] => [0.020916201174259186, -0.02008512243628502, 0.019602976739406586, -0.01634875126183033, 0.02060399204492569]
[-0.322635, 0.045646, -0.499338, -0.435671, -0.344435] => [0.0216083787381649, -0.020006725564599037, 0.019029321148991585, -0.01691361889243126, 0.01998956687748432]
[-0.323408, 0.047028, -0.499238, -0.481811, -0.41235] => [0.021412942558526993, -0.019873760640621185, 0.019720297306776047, -0.016044018790125847, 0.020806197077035904]
[-0.322033, 0.039247, -0.49931, -0.452008, -0.187173] => [0.022117432206869125, -0.02033008262515068, 0.018379725515842438, -0.017878489568829536, 0.01917310617864132]
[-0.322252, 0.046707, -0.499991, -0.428967, -0.420769] => [0.021039381623268127, -0.019834958016872406, 0.019869372248649597, -0.015847086906433105, 0.02098209038376808]
[-0.324205, 0.061276, -0.49989, -0.301217, -0.428311] => [0.022082965821027756, -0.02044440060853958, 0.0189531147480011, -0.017329029738903046, 0.019790446385741234]
[-0.323983, 0.042159, -0.499768, -0.481594, -0.349501] => [0.021600112318992615, -0.019995542243123055, 0.01904873549938202, -0.016884127631783485, 0.020014235749840736]
[-0.323184, 0.056639, -0.499465, -0.433059, -0.322618] => [0.022288687527179718, -0.020233923569321632, 0.018832288682460785, -0.017317939549684525, 0.019706683233380318]
[-0.322356, 0.043376, -0.499493, -0.463603, -0.49996] => [0.020197521895170212, -0.019541477784514427, 0.02070734277367592, -0.014730927534401417, 0.02198399044573307]
[-0.322355, 0.043706, -0.499493, -0.448194, -0.499976] => [0.020215317606925964, -0.01957084983587265, 0.02066044509410858, -0.014803995378315449, 0.021923717111349106]
[-0.322352, 0.043708, -0.499492, -0.463488, -0.499969] => [0.020199086517095566, -0.01954447105526924, 0.020703239366412163, -0.014737685211002827, 0.021978581324219704]
[-0.322348, 0.04361, -0.499493, -0.444976, -0.499983] => [0.020218148827552795, -0.019575586542487144, 0.02065267786383629, -0.014815975911915302, 0.02191377989947796]
[-0.322355, 0.043707, -0.499492, -0.444077, -0.499992] => [0.02021951973438263, -0.01957795023918152, 0.020649101585149765, -0.014821656979620457, 0.021909141913056374]
[-0.322354, 0.043515, -0.499493, -0.450833, -0.499976] => [0.020211584866046906, -0.019564682617783546, 0.020670104771852493, -0.014788839034736156, 0.021936170756816864]
[-0.32235, 0.043385, -0.499494, -0.450828, -0.49999] => [0.020210791379213333, -0.019563594833016396, 0.020671799778938293, -0.014786159619688988, 0.02193836309015751]
[-0.322348, 0.043602, -0.499494, -0.465941, -0.49998] => [0.020195823162794113, -0.019539354369044304, 0.020711490884423256, -0.014724861830472946, 0.02198917418718338]
[-0.32236, 0.043498, -0.499494, -0.445026, -0.499957] => [0.020217958837747574, -0.019574573263525963, 0.020653754472732544, -0.014814028516411781, 0.021915262565016747]
[-0.322356, 0.043676, -0.499498, -0.464273, -0.49998] => [0.0201980359852314, -0.01954289712011814, 0.02070583775639534, -0.014733675867319107, 0.02198190800845623]
[-0.32235, 0.043716, -0.499497, -0.461953, -0.499978] => [0.020200666040182114, -0.019547225907444954, 0.02069888263940811, -0.014744488522410393, 0.021972976624965668]
[-0.322358, 0.043371, -0.499498, -0.442982, -0.49996] => [0.020219504833221436, -0.019577059894800186, 0.020649509504437447, -0.014820486307144165, 0.021909864619374275]
[-0.32236, 0.043571, -0.499493, -0.446698, -0.49995] => [0.020216602832078934, -0.019572298973798752, 0.020657509565353394, -0.014808250591158867, 0.021920062601566315]
[-0.322356, 0.04365, -0.499497, -0.447955, -0.499963] => [0.020215477794408798, -0.01957082748413086, 0.020660212263464928, -0.014804219827055931, 0.021923469379544258]
[-0.32236, 0.043698, -0.499496, -0.445611, -0.499983] => [0.020218007266521454, -0.019575266167521477, 0.020653313025832176, -0.014815062284469604, 0.021914567798376083]
[-0.32236, 0.04374, -0.499494, -0.455143, -0.49996] => [0.020208299160003662, -0.019559163600206375, 0.0206792913377285, -0.014774746261537075, 0.021947896108031273]
[-0.322363, 0.04333, -0.499494, -0.462231, -0.49998] => [0.020198609679937363, -0.019543465226888657, 0.020704232156276703, -0.014735798351466656, 0.021979983896017075]
[-0.322357, 0.043358, -0.499495, -0.464812, -0.49996] => [0.02019616961479187, -0.019539257511496544, 0.020710907876491547, -0.01472538337111473, 0.02198856882750988]
[-0.322355, 0.043651, -0.499497, -0.44375, -0.499976] => [0.020219802856445312, -0.01957808807492256, 0.020648576319217682, -0.014822318218648434, 0.021908525377511978]
[-0.322356, 0.043495, -0.499493, -0.448414, -0.499948] => [0.020214401185512543, -0.01956869475543499, 0.02066321298480034, -0.014799333177506924, 0.021927403286099434]
[-0.322359, 0.043539, -0.499497, -0.461035, -0.499982] => [0.020200829952955246, -0.019547317177057266, 0.020698407664895058, -0.01474505104124546, 0.021972430869936943]
[-0.322356, 0.043335, -0.499492, -0.462612, -0.499974] => [0.020198222249746323, -0.01954283006489277, 0.02070523239672184, -0.014734230935573578, 0.021981272846460342]
[-0.322362, 0.043401, -0.499494, -0.456643, -0.49995] => [0.020205222070217133, -0.019553711637854576, 0.020687371492385864, -0.014761818572878838, 0.021958407014608383]
[-0.322364, 0.043368, -0.499497, -0.460888, -0.499959] => [0.020200476050376892, -0.019546134397387505, 0.02069971337914467, -0.01474271435290575, 0.021974220871925354]
[-0.322364, 0.043345, -0.499497, -0.461316, -0.499998] => [0.020199473947286606, -0.019545191898941994, 0.020701657980680466, -0.014739897102117538, 0.021976640447974205]
[-0.322358, 0.043452, -0.499496, -0.449872, -0.499974] => [0.020212385803461075, -0.01956583745777607, 0.020668065175414085, -0.014791911467909813, 0.02193358913064003]
[-0.322364, 0.04366, -0.499497, -0.444166, -0.499972] => [0.020219527184963226, -0.019577452912926674, 0.020649543032050133, -0.014820793643593788, 0.021909775212407112]
[-0.322349, 0.043345, -0.499495, -0.459528, -0.499966] => [0.020201604813337326, -0.019548259675502777, 0.020696358755230904, -0.01474794838577509, 0.021969906985759735]
[-0.322352, 0.043731, -0.499496, -0.449882, -0.499983] => [0.020213548094034195, -0.019568173214793205, 0.02066493220627308, -0.01479711290448904, 0.02192944474518299]
[-0.322349, 0.043342, -0.499494, -0.457158, -0.49999] => [0.020203836262226105, -0.019552309066057205, 0.020690059289336205, -0.014757838100194931, 0.02196178212761879]
[-0.322353, 0.043622, -0.499493, -0.464669, -0.499978] => [0.02019733190536499, -0.01954171247780323, 0.02070765569806099, -0.014730803668498993, 0.02198425866663456]
[-0.322355, 0.043365, -0.499495, -0.458355, -0.499977] => [0.020202871412038803, -0.01955045387148857, 0.020692938938736916, -0.014753317460417747, 0.021965498104691505]
[-0.322353, 0.043381, -0.499492, -0.452415, -0.499964] => [0.020209386944770813, -0.019560812041163445, 0.02067600004374981, -0.014779503457248211, 0.021943803876638412]
[-0.322358, 0.043575, -0.499493, -0.464092, -0.499991] => [0.02019762247800827, -0.019542310386896133, 0.020706726238131523, -0.014732260257005692, 0.021983060985803604]
[-0.32235, 0.043365, -0.499495, -0.442842, -0.499958] => [0.02021956443786621, -0.01957722194492817, 0.020649248734116554, -0.014820888638496399, 0.021909531205892563]
[-0.322363, 0.043442, -0.499496, -0.452876, -0.499973] => [0.020209189504384995, -0.019560571759939194, 0.020676568150520325, -0.01477871835231781, 0.021944496780633926]
[-0.322356, 0.043616, -0.499497, -0.459521, -0.499954] => [0.02020309492945671, -0.019550586119294167, 0.02069292776286602, -0.014753464609384537, 0.02196543663740158]
[-0.322358, 0.043637, -0.499494, -0.457576, -0.499964] => [0.02020515501499176, -0.01955409161746502, 0.020687386393547058, -0.01476212590932846, 0.021958304569125175]
[-0.322363, 0.043478, -0.499495, -0.460605, -0.499969] => [0.020201168954372406, -0.019547531381249428, 0.02069777622818947, -0.014745887368917465, 0.021971676498651505]
[-0.32236, 0.043726, -0.499498, -0.447404, -0.49999] => [0.020216159522533417, -0.0195724256336689, 0.020658060908317566, -0.014807775616645813, 0.02192062884569168]
[-0.322364, 0.043552, -0.499497, -0.459407, -0.499985] => [0.02020263671875, -0.01955023966729641, 0.02069370076060295, -0.014752362854778767, 0.021966390311717987]
[-0.322355, 0.043635, -0.499493, -0.463037, -0.49995] => [0.020199459046125412, -0.01954464614391327, 0.020702578127384186, -0.014738520607352257, 0.021977804601192474]
[-0.322353, 0.043629, -0.499496, -0.464698, -0.499957] => [0.020197581499814987, -0.019541753455996513, 0.020707353949546814, -0.014731159433722496, 0.021983912214636803]
[-0.322355, 0.043641, -0.499496, -0.451937, -0.499964] => [0.020211167633533478, -0.01956387236714363, 0.02067151479423046, -0.014786714687943459, 0.021937957033514977]
[-0.32236, 0.043377, -0.499493, -0.461357, -0.499958] => [0.020199976861476898, -0.019545363262295723, 0.02070099487900734, -0.014740744605660439, 0.021975858137011528]
[-0.322361, 0.043696, -0.499497, -0.452584, -0.499962] => [0.020210813730955124, -0.019563231617212296, 0.020672611892223358, -0.014785053208470345, 0.021939348429441452]
[-0.322361, 0.043329, -0.499493, -0.462312, -0.499971] => [0.02019859105348587, -0.01954330876469612, 0.02070438861846924, -0.014735507778823376, 0.021980201825499535]
[-0.322363, 0.043344, -0.499496, -0.452892, -0.499971] => [0.020208731293678284, -0.019559714943170547, 0.020677749067544937, -0.014776777476072311, 0.021946050226688385]
[-0.32236, 0.043377, -0.499493, -0.444207, -0.499979] => [0.020218010991811752, -0.019574949517846107, 0.020653169602155685, -0.014814930967986584, 0.021914513781666756]
[-0.322361, 0.043448, -0.499495, -0.46297, -0.499951] => [0.020198695361614227, -0.019543200731277466, 0.02070455253124237, -0.014735262840986252, 0.0219804085791111]
[-0.322348, 0.043478, -0.499498, -0.45375, -0.499991] => [0.02020811289548874, -0.01955937221646309, 0.02067885361611843, -0.01477533858269453, 0.021947365254163742]
[-0.322361, 0.043678, -0.499494, -0.463325, -0.499984] => [0.02019903063774109, -0.019544515758752823, 0.02070324495434761, -0.014737713150680065, 0.021978575736284256]
[-0.322355, 0.043697, -0.499492, -0.447986, -0.499962] => [0.02021564543247223, -0.019571129232645035, 0.02065981552004814, -0.014804885722696781, 0.021922942250967026]
[-0.322362, 0.043733, -0.499497, -0.462489, -0.499963] => [0.020200438797473907, -0.01954645663499832, 0.020699944347143173, -0.014742760919034481, 0.021974369883537292]
[-0.322364, 0.043607, -0.499495, -0.455478, -0.499969] => [0.020207248628139496, -0.019557468593120575, 0.020681876689195633, -0.014770647510886192, 0.02195124514400959]
[-0.32236, 0.043524, -0.499495, -0.462831, -0.499963] => [0.020199060440063477, -0.019544079899787903, 0.02070341631770134, -0.014737172052264214, 0.021978896111249924]
[-0.322349, 0.043431, -0.499493, -0.462852, -0.499965] => [0.02019847184419632, -0.019543234258890152, 0.020704682916402817, -0.014735143631696701, 0.021980544552206993]
[-0.322355, 0.043552, -0.499496, -0.461406, -0.499984] => [0.02020043507218361, -0.01954677700996399, 0.020699352025985718, -0.014743618667125702, 0.021973630413413048]
[-0.322357, 0.043432, -0.499495, -0.463584, -0.499946] => [0.02019798383116722, -0.01954200491309166, 0.02070642076432705, -0.014732330106198788, 0.021982818841934204]
[-0.322363, 0.043574, -0.499497, -0.44568, -0.499977] => [0.02021743729710579, -0.019574111327528954, 0.020654868334531784, -0.014812485314905643, 0.021916624158620834]
[-0.322352, 0.04366, -0.499493, -0.449843, -0.499974] => [0.020213335752487183, -0.019567616283893585, 0.020665602758526802, -0.014795954339206219, 0.021930348128080368]
[-0.322352, 0.043339, -0.499494, -0.465824, -0.499945] => [0.020195119082927704, -0.019537344574928284, 0.02071382850408554, -0.014720766805112362, 0.02199234627187252]
[-0.322365, 0.043653, -0.499492, -0.464479, -0.499968] => [0.020197883248329163, -0.019542302936315536, 0.02070659212768078, -0.014732410199940205, 0.021982910111546516]
[-0.322359, 0.043426, -0.499496, -0.453399, -0.499992] => [0.020208314061164856, -0.019559526816010475, 0.020678473636507988, -0.014775864779949188, 0.021946901455521584]
[-0.322359, 0.043643, -0.499496, -0.453232, -0.499947] => [0.02021002024412155, -0.019561659544706345, 0.020674895495176315, -0.014781378209590912, 0.02194232866168022]
[-0.322354, 0.043624, -0.499497, -0.452006, -0.499993] => [0.020210687071084976, -0.01956360973417759, 0.020672248676419258, -0.014785720966756344, 0.02193884551525116]
[-0.322348, 0.043486, -0.499493, -0.461734, -0.499975] => [0.020199798047542572, -0.019545625895261765, 0.020701024681329727, -0.014740923419594765, 0.021975813433527946]
[-0.322352, 0.043523, -0.499493, -0.458324, -0.499963] => [0.02020377665758133, -0.019551826640963554, 0.020690862089395523, -0.01475662924349308, 0.02196279913187027]
[-0.322357, 0.043365, -0.499492, -0.450254, -0.499947] => [0.0202118381857872, -0.019564412534236908, 0.020669907331466675, -0.014788823202252388, 0.02193603664636612]
[-0.32236, 0.04344, -0.499497, -0.445559, -0.499988] => [0.02021678537130356, -0.019573183730244637, 0.02065625973045826, -0.014810256659984589, 0.021918434649705887]
[-0.32235, 0.04351, -0.499496, -0.443664, -0.499957] => [0.02021939307451248, -0.019577037543058395, 0.020649809390306473, -0.014820164069533348, 0.02191019617021084]
[-0.32236, 0.043475, -0.499498, -0.445324, -0.49996] => [0.020217522978782654, -0.01957389898598194, 0.020654834806919098, -0.014812344685196877, 0.021916652098298073]
[-0.322356, 0.043681, -0.499493, -0.465921, -0.499967] => [0.020196419209241867, -0.019540054723620415, 0.020710323005914688, -0.0147266685962677, 0.021987678483128548]
[-0.322348, 0.043423, -0.499497, -0.460064, -0.499978] => [0.020201269537210464, -0.01954800821840763, 0.020697060972452164, -0.014747010543942451, 0.021970752626657486]
[-0.322363, 0.043692, -0.499497, -0.443318, -0.499992] => [0.02022034302353859, -0.01957917958498001, 0.020647037774324417, -0.014824822545051575, 0.02190650813281536]
[-0.322352, 0.043647, -0.499493, -0.451617, -0.499988] => [0.020211223512887955, -0.019564440473914146, 0.020670898258686066, -0.014787816442549229, 0.021937111392617226]
[-0.322357, 0.043752, -0.499496, -0.450552, -0.499988] => [0.020212922245264053, -0.01956719532608986, 0.02066659927368164, -0.01479457225650549, 0.021931566298007965]
[-0.322353, 0.043466, -0.499497, -0.450592, -0.499981] => [0.02021156996488571, -0.019564718008041382, 0.020670009776949883, -0.014788959175348282, 0.02193605899810791]
[-0.322349, 0.043357, -0.499496, -0.461764, -0.499979] => [0.020199131220579147, -0.019544508308172226, 0.020702628418803215, -0.014738323166966438, 0.02197791077196598]
[-0.322352, 0.043747, -0.499497, -0.458944, -0.499982] => [0.02020398899912834, -0.019552679732441902, 0.02069012075662613, -0.014758111909031868, 0.021961726248264313]
[-0.322358, 0.043733, -0.499497, -0.457254, -0.499953] => [0.020206093788146973, -0.019555488601326942, 0.020685169845819473, -0.014765595085918903, 0.021955449134111404]
[-0.322352, 0.043513, -0.499496, -0.443897, -0.499961] => [0.02021912857890129, -0.0195766594260931, 0.0206504687666893, -0.014819163829088211, 0.021911034360527992]
[-0.322359, 0.043707, -0.499496, -0.449374, -0.499966] => [0.020214222371578217, -0.019568853080272675, 0.020663553848862648, -0.014799118041992188, 0.02192772552371025]
[-0.322355, 0.043673, -0.499493, -0.460535, -0.499955] => [0.02020224556326866, -0.019549284130334854, 0.020695175975561142, -0.01475005503743887, 0.021968290209770203]
[-0.322355, 0.043445, -0.499493, -0.462411, -0.499948] => [0.0201992429792881, -0.019544120877981186, 0.020703045651316643, -0.014737587422132492, 0.021978480741381645]
[-0.322352, 0.043483, -0.499497, -0.463791, -0.49999] => [0.020197484642267227, -0.019542085006833076, 0.02070692367851734, -0.014731858856976032, 0.021983347833156586]
[-0.322351, 0.043569, -0.499495, -0.446412, -0.499963] => [0.0202166810631752, -0.0195727851241827, 0.020656900480389595, -0.014809276908636093, 0.02191925048828125]
[-0.322354, 0.043544, -0.499493, -0.449836, -0.499982] => [0.020212721079587936, -0.019566645845770836, 0.02066704072058201, -0.014793647453188896, 0.021932220086455345]
[-0.322349, 0.043754, -0.499492, -0.448853, -0.499967] => [0.02021488919854164, -0.019570110365748405, 0.02066165953874588, -0.014802124351263046, 0.021925270557403564]
[-0.322354, 0.043667, -0.499496, -0.451063, -0.499992] => [0.020211901515722275, -0.01956559158861637, 0.020669100806117058, -0.014790638349950314, 0.021934792399406433]
[-0.32236, 0.043715, -0.499495, -0.450043, -0.499978] => [0.02021341398358345, -0.019567755982279778, 0.0206654891371727, -0.014796195551753044, 0.021930178627371788]
[-0.322354, 0.04358, -0.499494, -0.445467, -0.499999] => [0.02021735906600952, -0.019574493169784546, 0.02065455913543701, -0.01481311023235321, 0.02191617339849472]
[-0.32236, 0.043514, -0.499497, -0.445035, -0.499951] => [0.02021811157464981, -0.0195747222751379, 0.02065346948802471, -0.014814449474215508, 0.021914904937148094]
[-0.322354, 0.043479, -0.499493, -0.45748, -0.499955] => [0.0202045701444149, -0.019552914425730705, 0.02068891003727913, -0.014759557321667671, 0.021960332989692688]
[-0.322348, 0.043381, -0.499493, -0.465799, -0.499975] => [0.020194977521896362, -0.019537724554538727, 0.02071365714073181, -0.014721247367560863, 0.021992046386003494]
[-0.322352, 0.043331, -0.499496, -0.453363, -0.499962] => [0.020208176225423813, -0.01955878920853138, 0.020679166540503502, -0.014774534851312637, 0.021947886794805527]
[-0.322351, 0.043392, -0.499498, -0.461906, -0.499964] => [0.02019934356212616, -0.019544582813978195, 0.020702390000224113, -0.014738641679286957, 0.021977625787258148]
[-0.322362, 0.043686, -0.499492, -0.451651, -0.499985] => [0.020211491733789444, -0.019564708694815636, 0.020670464262366295, -0.014788497239351273, 0.021936552599072456]
[-0.322363, 0.043581, -0.499498, -0.451371, -0.499963] => [0.02021157741546631, -0.01956436224281788, 0.020670555531978607, -0.014788118191063404, 0.021936757490038872]
[-0.322362, 0.04351, -0.499498, -0.465373, -0.499979] => [0.020196136087179184, -0.019539600238204002, 0.020710842683911324, -0.014725739136338234, 0.021988391876220703]
[-0.322358, 0.043678, -0.499496, -0.444244, -0.499978] => [0.020219404250383377, -0.019577456638216972, 0.020649665966629982, -0.014820666052401066, 0.021909909322857857]
[-0.322362, 0.043369, -0.499494, -0.456135, -0.499958] => [0.02020552009344101, -0.019554316997528076, 0.020686423406004906, -0.014763299375772476, 0.021957186982035637]
[-0.322365, 0.043328, -0.499494, -0.449893, -0.499956] => [0.020212020725011826, -0.019564742222428322, 0.020669372752308846, -0.014789650216698647, 0.021935351192951202]
[-0.322356, 0.043459, -0.499496, -0.462406, -0.499963] => [0.02019917592406273, -0.019544269889593124, 0.020702995359897614, -0.014737761579453945, 0.021978380158543587]
[-0.322363, 0.043391, -0.499496, -0.45587, -0.499951] => [0.020206008106470108, -0.019554980099201202, 0.02068529650568962, -0.014765022322535515, 0.02195575088262558]
[-0.322364, 0.043546, -0.499494, -0.46015, -0.499967] => [0.02020200341939926, -0.01954888552427292, 0.020695682615041733, -0.014749187976121902, 0.02196897193789482]
[-0.322364, 0.043467, -0.499496, -0.461206, -0.499956] => [0.020200636237859726, -0.01954641565680504, 0.020699413493275642, -0.014743265695869923, 0.021973805502057076]
[-0.322356, 0.043588, -0.499495, -0.464342, -0.499984] => [0.020197484642267227, -0.01954200677573681, 0.02070716768503189, -0.01473155152052641, 0.021983634680509567]
[-0.322347, 0.043482, -0.499497, -0.447635, -0.49996] => [0.020214974880218506, -0.01956995576620102, 0.020661309361457825, -0.01480234507471323, 0.021924939006567]
[-0.322355, 0.043436, -0.499495, -0.45774, -0.499977] => [0.020203862339258194, -0.019552113488316536, 0.020690377801656723, -0.014757359400391579, 0.021962186321616173]
[-0.32236, 0.04377, -0.499496, -0.450711, -0.499968] => [0.020213082432746887, -0.019567079842090607, 0.02066657692193985, -0.01479450985789299, 0.021931573748588562]
[-0.322354, 0.043555, -0.499494, -0.447664, -0.499965] => [0.02021528035402298, -0.019570499658584595, 0.020660601556301117, -0.014803536236286163, 0.02192399837076664]
[-0.32236, 0.043496, -0.499494, -0.46358, -0.499969] => [0.02019805833697319, -0.019542541354894638, 0.02070593275129795, -0.01473327912390232, 0.021982120350003242]
[-0.322357, 0.043674, -0.499493, -0.447069, -0.499973] => [0.020216409116983414, -0.01957252249121666, 0.020657625049352646, -0.014808312058448792, 0.02192012220621109]
[-0.322352, 0.043385, -0.499495, -0.453408, -0.499979] => [0.020208191126585007, -0.019559156149625778, 0.020678874105215073, -0.014775138348340988, 0.021947454661130905]
[-0.322348, 0.043756, -0.499495, -0.446196, -0.499966] => [0.020217742770910263, -0.019574737176299095, 0.020654134452342987, -0.014813773334026337, 0.021915627643465996]
[-0.322364, 0.043449, -0.499496, -0.448905, -0.499982] => [0.020213358104228973, -0.019567478448152542, 0.02066546119749546, -0.014795979484915733, 0.021930238232016563]
[-0.32236, 0.043746, -0.499493, -0.444621, -0.499985] => [0.02021924778819084, -0.019577354192733765, 0.020650040358304977, -0.014820195734500885, 0.021910348907113075]
[-0.322356, 0.043345, -0.499492, -0.44728, -0.499988] => [0.020214445888996124, -0.019569365307688713, 0.020662304013967514, -0.014800806529819965, 0.021926214918494225]
[-0.322361, 0.043453, -0.499494, -0.454169, -0.499987] => [0.020207680761814117, -0.019558411091566086, 0.020680272951722145, -0.01477307453751564, 0.02194921113550663]
[-0.322363, 0.043692, -0.499498, -0.44867, -0.499961] => [0.020214993506669998, -0.019569961354136467, 0.020661646500229836, -0.01480202004313469, 0.021925300359725952]
[-0.322351, 0.043746, -0.499495, -0.442939, -0.499988] => [0.020220939069986343, -0.019580267369747162, 0.020645376294851303, -0.01482744887471199, 0.02190435864031315]
[-0.322363, 0.043508, -0.499493, -0.455512, -0.499963] => [0.020206794142723083, -0.019556555896997452, 0.020683106034994125, -0.014768609777092934, 0.02195287123322487]
[-0.322361, 0.04376, -0.499493, -0.449189, -0.499993] => [0.020214371383190155, -0.01956959068775177, 0.02066277340054512, -0.014800533652305603, 0.021926648914813995]
[-0.322355, 0.043564, -0.499498, -0.464306, -0.499957] => [0.020197715610265732, -0.019541898742318153, 0.020706981420516968, -0.014731662347912788, 0.021983463317155838]
[-0.322351, 0.043535, -0.499497, -0.448234, -0.499965] => [0.020214572548866272, -0.01956937089562416, 0.020662400871515274, -0.014800728298723698, 0.021926313638687134]
[-0.322365, 0.043464, -0.499496, -0.45448, -0.499984] => [0.0202074833214283, -0.01955798827111721, 0.020680926740169525, -0.014772049151360989, 0.021950053051114082]
[-0.322355, 0.043333, -0.499496, -0.458759, -0.499973] => [0.02020234242081642, -0.019549494609236717, 0.020694386214017868, -0.014751019887626171, 0.02196737378835678]
[-0.322353, 0.043457, -0.499496, -0.448045, -0.499994] => [0.020214088261127472, -0.019569024443626404, 0.020663149654865265, -0.014799647964537144, 0.0219272430986166]
[-0.322359, 0.043521, -0.499497, -0.452482, -0.499965] => [0.020210042595863342, -0.019561927765607834, 0.020674437284469604, -0.014782060869038105, 0.02194174937903881]
[-0.322358, 0.043346, -0.499497, -0.444709, -0.499957] => [0.02021757885813713, -0.019573861733078957, 0.020654622465372086, -0.014812525361776352, 0.021916434168815613]
[-0.322359, 0.043732, -0.499496, -0.457347, -0.499998] => [0.020205490291118622, -0.01955530047416687, 0.020685994997620583, -0.014764564111828804, 0.021956415846943855]
[-0.322351, 0.043424, -0.499495, -0.461664, -0.499962] => [0.020199768245220184, -0.019545244053006172, 0.02070135623216629, -0.014740265905857086, 0.0219762921333313]
[-0.322358, 0.043618, -0.499494, -0.452349, -0.499951] => [0.02021077647805214, -0.01956295408308506, 0.02067280001938343, -0.014784623868763447, 0.02193964272737503]
[-0.322365, 0.043671, -0.499497, -0.445362, -0.499956] => [0.020218495279550552, -0.019575485959649086, 0.020652567967772484, -0.014816028997302055, 0.0219136830419302]
[-0.322362, 0.04356, -0.499497, -0.449812, -0.499988] => [0.020212844014167786, -0.019566858187317848, 0.020666757598519325, -0.0147941205650568, 0.02193184569478035]
[-0.322355, 0.043744, -0.499495, -0.452637, -0.499965] => [0.02021089568734169, -0.019563525915145874, 0.020672285929322243, -0.014785632491111755, 0.021938905119895935]
[-0.322352, 0.043584, -0.499497, -0.45478, -0.499962] => [0.02020787075161934, -0.019558491185307503, 0.020680133253335953, -0.014773299917578697, 0.021949028596282005]
[-0.322352, 0.043571, -0.499497, -0.460922, -0.499976] => [0.02020110934972763, -0.019547780975699425, 0.02069767192006111, -0.014746198430657387, 0.021971486508846283]
[-0.322348, 0.043606, -0.499494, -0.45009, -0.499983] => [0.02021269127726555, -0.019566737115383148, 0.020667044445872307, -0.014793719165027142, 0.021932197734713554]
[-0.322349, 0.043682, -0.499493, -0.461581, -0.499959] => [0.02020108327269554, -0.01954755000770092, 0.020698079839348793, -0.014745596796274185, 0.02197199873626232]
[-0.32236, 0.043524, -0.499494, -0.462832, -0.499984] => [0.020198818296194077, -0.01954406313598156, 0.020703688263893127, -0.01473686657845974, 0.021979203447699547]
[-0.322357, 0.043353, -0.499497, -0.446002, -0.499966] => [0.020216122269630432, -0.019571684300899506, 0.020658280700445175, -0.014806916937232018, 0.021921101957559586]
[-0.322351, 0.043746, -0.499494, -0.462999, -0.499976] => [0.02019970864057541, -0.019545650109648705, 0.02070147730410099, -0.014740491285920143, 0.021976295858621597]
[-0.322349, 0.043454, -0.499492, -0.465547, -0.499959] => [0.020195774734020233, -0.019538773223757744, 0.020711906254291534, -0.014723947271704674, 0.02198980748653412]
[-0.322361, 0.043482, -0.499495, -0.449383, -0.499994] => [0.020212844014167786, -0.01956692337989807, 0.020666582509875298, -0.014794347807765007, 0.021931637078523636]
[-0.322357, 0.043419, -0.499492, -0.455608, -0.499996] => [0.020205844193696976, -0.01955561898648739, 0.020684869959950447, -0.01476597972214222, 0.0219550933688879]
[-0.322362, 0.043474, -0.499495, -0.465123, -0.499968] => [0.020196344703435898, -0.01953970268368721, 0.020710483193397522, -0.014726199209690094, 0.02198796533048153]
[-0.322356, 0.043332, -0.499494, -0.450885, -0.499979] => [0.02021065726876259, -0.01956305466592312, 0.020672423765063286, -0.014785069040954113, 0.02193920873105526]
[-0.322364, 0.043348, -0.499498, -0.458985, -0.499947] => [0.020202551037073135, -0.019549259915947914, 0.02069445326924324, -0.014750770293176174, 0.021967515349388123]
[-0.322352, 0.043337, -0.499494, -0.465868, -0.499945] => [0.020195066928863525, -0.019537251442670822, 0.02071397379040718, -0.014720536768436432, 0.021992536261677742]
[-0.322352, 0.043327, -0.499494, -0.465847, -0.499945] => [0.020195040851831436, -0.019537203013896942, 0.020714033395051956, -0.014720434322953224, 0.02199261449277401]
[-0.322352, 0.04333, -0.499494, -0.466037, -0.499945] => [0.020194850862026215, -0.019536901265382767, 0.0207145307213068, -0.01471966877579689, 0.021993249654769897]
[-0.322352, 0.043338, -0.499494, -0.466106, -0.499945] => [0.02019481733441353, -0.01953684724867344, 0.02071463130414486, -0.014719519764184952, 0.021993376314640045]
[-0.322352, 0.043327, -0.499494, -0.466178, -0.499945] => [0.02019469439983368, -0.019536631181836128, 0.020714960992336273, -0.014718998223543167, 0.02199380472302437]
[-0.322352, 0.043332, -0.499494, -0.466255, -0.499945] => [0.020194631069898605, -0.019536541774868965, 0.020715119317173958, -0.014718759804964066, 0.021994004026055336]
[-0.322352, 0.043329, -0.499494, -0.466192, -0.499945] => [0.020194683223962784, -0.01953662373125553, 0.020714977756142616, -0.014718974009156227, 0.02199382521212101]
[-0.322352, 0.043336, -0.499494, -0.466072, -0.499945] => [0.020194843411445618, -0.01953689008951187, 0.02071455866098404, -0.014719631522893906, 0.021993285045027733]
[-0.322352, 0.043334, -0.499494, -0.466017, -0.499945] => [0.020194891840219498, -0.01953697018325329, 0.020714426413178444, -0.014719833619892597, 0.021993115544319153]
[-0.322352, 0.043333, -0.499494, -0.466262, -0.499945] => [0.020194631069898605, -0.019536538049578667, 0.020715124905109406, -0.01471875049173832, 0.021994011476635933]
[-0.322352, 0.04333, -0.499494, -0.466166, -0.499945] => [0.02019471675157547, -0.01953667774796486, 0.0207148939371109, -0.014719106256961823, 0.021993715316057205]
[-0.322352, 0.043335, -0.499494, -0.466114, -0.499945] => [0.020194794982671738, -0.019536809995770454, 0.020714687183499336, -0.014719431288540363, 0.021993448957800865]
[-0.322352, 0.043338, -0.499494, -0.46583, -0.499945] => [0.02019510790705681, -0.019537324085831642, 0.02071385644376278, -0.014720720238983631, 0.021992383524775505]
[-0.322352, 0.043334, -0.499494, -0.466294, -0.499945] => [0.020194601267576218, -0.019536491483449936, 0.020715203136205673, -0.01471862941980362, 0.02199411205947399]
[-0.322352, 0.043336, -0.499494, -0.465904, -0.499945] => [0.020195022225379944, -0.01953718066215515, 0.020714087411761284, -0.01472036074846983, 0.021992679685354233]
[-0.322352, 0.043328, -0.499494, -0.465849, -0.499945] => [0.020195048302412033, -0.01953720860183239, 0.02071402780711651, -0.01472044549882412, 0.021992607042193413]
[-0.322352, 0.043332, -0.499494, -0.466062, -0.499945] => [0.020194832235574722, -0.019536873325705528, 0.02071457728743553, -0.014719597063958645, 0.021993311122059822]
[-0.322352, 0.043338, -0.499494, -0.465958, -0.499945] => [0.020194977521896362, -0.019537104293704033, 0.02071421407163143, -0.01472016703337431, 0.021992841735482216]
[-0.322352, 0.043327, -0.499494, -0.465987, -0.499945] => [0.020194891840219498, -0.019536960870027542, 0.020714426413178444, -0.014719825237989426, 0.02199311926960945]
[-0.322352, 0.043335, -0.499494, -0.465888, -0.499945] => [0.02019503340125084, -0.019537201151251793, 0.020714053884148598, -0.014720412902534008, 0.0219926368445158]
[-0.322352, 0.043335, -0.499494, -0.466282, -0.499945] => [0.020194612443447113, -0.019536519423127174, 0.02071515843272209, -0.01471870020031929, 0.021994054317474365]
[-0.322352, 0.04334, -0.499494, -0.465986, -0.499945] => [0.02019495517015457, -0.019537072628736496, 0.020714271813631058, -0.014720079489052296, 0.021992914378643036]
[-0.322352, 0.04334, -0.499494, -0.465833, -0.499945] => [0.020195122808218002, -0.019537337124347687, 0.020713839679956436, -0.01472074817866087, 0.021992363035678864]
[-0.322352, 0.043339, -0.499494, -0.465845, -0.499945] => [0.020195096731185913, -0.0195373073220253, 0.020713886246085167, -0.014720674604177475, 0.02199242264032364]
[-0.322352, 0.043332, -0.499494, -0.46623, -0.499945] => [0.020194657146930695, -0.019536584615707397, 0.020715048536658287, -0.014718867838382721, 0.021993914619088173]
[-0.322352, 0.043332, -0.499494, -0.46587, -0.499945] => [0.020195040851831436, -0.01953720487654209, 0.020714038982987404, -0.014720430597662926, 0.021992620080709457]
[-0.322352, 0.043333, -0.499494, -0.466068, -0.499945] => [0.02019483596086502, -0.01953687146306038, 0.02071458473801613, -0.014719588682055473, 0.02199331857264042]
[-0.322352, 0.043339, -0.499494, -0.466056, -0.499945] => [0.020194876939058304, -0.01953694224357605, 0.020714478567242622, -0.014719758182764053, 0.021993180736899376]
[-0.322352, 0.043329, -0.499494, -0.466177, -0.499945] => [0.020194698125123978, -0.01953664980828762, 0.020714936777949333, -0.01471903920173645, 0.021993771195411682]
[-0.322352, 0.043328, -0.499494, -0.465854, -0.499945] => [0.020195040851831436, -0.019537199288606644, 0.020714040845632553, -0.014720424078404903, 0.021992623805999756]
[-0.322352, 0.04333, -0.499494, -0.466009, -0.499945] => [0.0201948843896389, -0.019536947831511497, 0.020714454352855682, -0.014719787985086441, 0.021993152797222137]
[-0.322352, 0.043335, -0.499494, -0.4661, -0.499945] => [0.02019480988383293, -0.019536834210157394, 0.020714648067951202, -0.014719491824507713, 0.021993398666381836]
[-0.322352, 0.043328, -0.499494, -0.466065, -0.499945] => [0.02019481733441353, -0.019536834210157394, 0.02071463316679001, -0.014719506725668907, 0.021993383765220642]
[-0.322352, 0.043336, -0.499494, -0.466059, -0.499945] => [0.020194854587316513, -0.019536912441253662, 0.020714523270726204, -0.014719686470925808, 0.021993238478899002]
[-0.322352, 0.043334, -0.499494, -0.466039, -0.499945] => [0.020194869488477707, -0.019536931067705154, 0.020714489743113518, -0.014719734899699688, 0.02199319750070572]
[-0.322352, 0.043339, -0.499494, -0.466002, -0.499945] => [0.02019493654370308, -0.01953703723847866, 0.020714325830340385, -0.014719993807375431, 0.021992985159158707]
[-0.322352, 0.043329, -0.499494, -0.465966, -0.499945] => [0.020194925367832184, -0.01953701302409172, 0.020714346319437027, -0.014719953760504723, 0.021993013098835945]
[-0.322352, 0.04333, -0.499494, -0.46582, -0.499945] => [0.020195085555315018, -0.019537273794412613, 0.02071392349898815, -0.014720608480274677, 0.021992472931742668]
[-0.322352, 0.04333, -0.499494, -0.465891, -0.499945] => [0.02019500732421875, -0.019537152722477913, 0.02071412280201912, -0.014720301143825054, 0.021992726251482964]
[-0.322352, 0.043338, -0.499494, -0.46619, -0.499945] => [0.020194727927446365, -0.019536703824996948, 0.020714865997433662, -0.014719156548380852, 0.02199367806315422]
[-0.322352, 0.043337, -0.499494, -0.465974, -0.499945] => [0.02019495517015457, -0.019537068903446198, 0.020714271813631058, -0.014720076695084572, 0.021992916241288185]
[-0.322352, 0.043331, -0.499494, -0.466089, -0.499945] => [0.020194798707962036, -0.0195368193089962, 0.020714664831757545, -0.014719460159540176, 0.021993422880768776]
[-0.322352, 0.043336, -0.499494, -0.465923, -0.499945] => [0.020194999873638153, -0.019537147134542465, 0.02071414142847061, -0.01472027599811554, 0.021992750465869904]
[-0.322352, 0.043331, -0.499494, -0.466243, -0.499945] => [0.020194638520479202, -0.01953655295073986, 0.020715096965432167, -0.014718792401254177, 0.021993976086378098]
[-0.322352, 0.043334, -0.499494, -0.466002, -0.499945] => [0.02019491046667099, -0.01953699439764023, 0.02071438357234001, -0.01471989881247282, 0.021993061527609825]
[-0.322352, 0.043336, -0.499494, -0.466179, -0.499945] => [0.020194727927446365, -0.019536705687642097, 0.020714858546853065, -0.014719166792929173, 0.021993668749928474]
[-0.322352, 0.043327, -0.499494, -0.466079, -0.499945] => [0.020194798707962036, -0.019536802545189857, 0.020714683458209038, -0.01471942663192749, 0.021993448957800865]
[-0.322352, 0.043331, -0.499494, -0.465952, -0.499945] => [0.020194951444864273, -0.019537055864930153, 0.020714281126856804, -0.014720054343342781, 0.02199293114244938]
[-0.322352, 0.043326, -0.499494, -0.465917, -0.499945] => [0.02019496262073517, -0.019537072628736496, 0.02071424387395382, -0.014720109291374683, 0.021992884576320648]
[-0.322352, 0.043326, -0.499494, -0.466206, -0.499945] => [0.020194657146930695, -0.01953657530248165, 0.020715052261948586, -0.014718855731189251, 0.02199392206966877]
[-0.322352, 0.04334, -0.499494, -0.465808, -0.499945] => [0.020195145159959793, -0.01953737996518612, 0.020713770762085915, -0.014720854349434376, 0.0219922736287117]
[-0.322352, 0.043328, -0.499494, -0.465899, -0.499945] => [0.020194988697767258, -0.019537121057510376, 0.0207141675055027, -0.014720228500664234, 0.02199278585612774]
[-0.322352, 0.04334, -0.499494, -0.466262, -0.499945] => [0.02019466459751129, -0.019536595791578293, 0.02071504294872284, -0.01471888367086649, 0.021993905305862427]
[-0.322352, 0.043339, -0.499494, -0.466032, -0.499945] => [0.020194903016090393, -0.019536985084414482, 0.02071441151201725, -0.014719863422214985, 0.021993093192577362]
[-0.322352, 0.043326, -0.499494, -0.466155, -0.499945] => [0.020194709300994873, -0.019536662846803665, 0.020714908838272095, -0.014719076454639435, 0.021993737667798996]
[-0.322352, 0.043331, -0.499494, -0.465938, -0.499945] => [0.02019496262073517, -0.019537080079317093, 0.02071424201130867, -0.014720115810632706, 0.02199288085103035]
[-0.322352, 0.043338, -0.499494, -0.466071, -0.499945] => [0.020194854587316513, -0.019536908715963364, 0.02071453258395195, -0.014719673432409763, 0.021993249654769897]
[-0.322352, 0.043332, -0.499494, -0.46598, -0.499945] => [0.020194917917251587, -0.01953701674938202, 0.020714348182082176, -0.014719953760504723, 0.021993014961481094]
[-0.322352, 0.043327, -0.499494, -0.466253, -0.499945] => [0.020194608718156815, -0.01953650265932083, 0.020715173333883286, -0.014718670397996902, 0.021994074806571007]
[-0.322352, 0.043337, -0.499494, -0.466192, -0.499945] => [0.020194724202156067, -0.019536692649126053, 0.020714882761240005, -0.014719130471348763, 0.021993698552250862]
[-0.322352, 0.043338, -0.499494, -0.466059, -0.499945] => [0.020194873213768005, -0.019536929205060005, 0.020714499056339264, -0.014719725586473942, 0.021993206813931465]
[-0.322352, 0.043333, -0.499494, -0.465945, -0.499945] => [0.020194970071315765, -0.01953708380460739, 0.02071423828601837, -0.014720123261213303, 0.021992875263094902]
[-0.322352, 0.043327, -0.499494, -0.466061, -0.499945] => [0.02019481733441353, -0.019536834210157394, 0.02071463316679001, -0.014719504863023758, 0.021993383765220642]
[-0.322352, 0.043328, -0.499494, -0.465983, -0.499945] => [0.020194903016090393, -0.019536977633833885, 0.020714402198791504, -0.01471986435353756, 0.021993087604641914]
[-0.322352, 0.043333, -0.499494, -0.465875, -0.499945] => [0.020195040851831436, -0.01953720487654209, 0.020714040845632553, -0.014720428735017776, 0.021992621943354607]
[-0.322352, 0.04333, -0.499494, -0.465979, -0.499945] => [0.02019491419196129, -0.019536999985575676, 0.020714368671178818, -0.014719918370246887, 0.021993042901158333]
[-0.322352, 0.043328, -0.499494, -0.465927, -0.499945] => [0.02019496262073517, -0.019537072628736496, 0.02071424573659897, -0.01472010649740696, 0.021992888301610947]
[-0.322352, 0.043339, -0.499494, -0.466172, -0.499945] => [0.020194757729768753, -0.01953674480319023, 0.02071480266749859, -0.014719255268573761, 0.021993596106767654]
[-0.322352, 0.043326, -0.499494, -0.465955, -0.499945] => [0.020194925367832184, -0.019537007436156273, 0.020714348182082176, -0.014719945378601551, 0.021993018686771393]
[-0.322352, 0.043333, -0.499494, -0.465877, -0.499945] => [0.020195037126541138, -0.019537201151251793, 0.02071404829621315, -0.014720418490469456, 0.021992631256580353]
[-0.322352, 0.043332, -0.499494, -0.466226, -0.499945] => [0.020194660872220993, -0.019536592066287994, 0.02071503736078739, -0.014718886464834213, 0.02199389971792698]
[-0.322352, 0.043336, -0.499494, -0.466253, -0.499945] => [0.020194653421640396, -0.01953657902777195, 0.02071506530046463, -0.01471884548664093, 0.021993935108184814]
[-0.322352, 0.043335, -0.499494, -0.46606, -0.499945] => [0.020194854587316513, -0.019536903128027916, 0.02071453630924225, -0.014719663187861443, 0.021993257105350494]
[-0.322352, 0.043334, -0.499494, -0.465938, -0.499945] => [0.020194977521896362, -0.019537104293704033, 0.020714208483695984, -0.014720171689987183, 0.021992836147546768]
[-0.322352, 0.04333, -0.499494, -0.466207, -0.499945] => [0.020194675773382187, -0.019536606967449188, 0.020715009421110153, -0.014718928374350071, 0.021993862465023994]
[-0.322352, 0.043332, -0.499494, -0.465872, -0.499945] => [0.020195037126541138, -0.019537201151251793, 0.020714046433568, -0.014720420353114605, 0.021992629393935204]
[-0.322352, 0.043334, -0.499494, -0.466008, -0.499945] => [0.020194903016090393, -0.019536985084414482, 0.020714402198791504, -0.014719871804118156, 0.021993083879351616]
[-0.322352, 0.043339, -0.499494, -0.466179, -0.499945] => [0.02019474282860756, -0.019536731764674187, 0.02071482315659523, -0.014719225466251373, 0.021993622183799744]
[-0.322352, 0.043336, -0.499494, -0.465944, -0.499945] => [0.020194977521896362, -0.01953711174428463, 0.020714199170470238, -0.014720188453793526, 0.021992823109030724]
[-0.322352, 0.043338, -0.499494, -0.46606, -0.499945] => [0.02019486576318741, -0.019536927342414856, 0.020714500918984413, -0.014719721861183643, 0.021993210539221764]
[-0.322352, 0.043337, -0.499494, -0.46581, -0.499945] => [0.0201951302587986, -0.01953735016286373, 0.020713813602924347, -0.014720786362886429, 0.021992327645421028]
[-0.322352, 0.043331, -0.499494, -0.465948, -0.499945] => [0.02019495517015457, -0.01953706331551075, 0.02071426995098591, -0.014720073901116848, 0.021992916241288185]
[-0.322352, 0.043338, -0.499494, -0.465861, -0.499945] => [0.02019507810473442, -0.019537270069122314, 0.020713943988084793, -0.014720583334565163, 0.021992497146129608]
[-0.322352, 0.043327, -0.499494, -0.465972, -0.499945] => [0.02019490674138069, -0.01953698694705963, 0.02071438543498516, -0.014719889499247074, 0.021993067115545273]
[-0.322352, 0.043338, -0.499494, -0.465991, -0.499945] => [0.020194940268993378, -0.019537048414349556, 0.020714307203888893, -0.01472002174705267, 0.021992960944771767]
[-0.322352, 0.043327, -0.499494, -0.465898, -0.499945] => [0.02019498497247696, -0.01953711360692978, 0.020714178681373596, -0.014720210805535316, 0.021992800757288933]
[-0.322352, 0.04333, -0.499494, -0.46612, -0.499945] => [0.02019476518034935, -0.019536755979061127, 0.020714765414595604, -0.01471930555999279, 0.021993551403284073]
[-0.322352, 0.043331, -0.499494, -0.466232, -0.499945] => [0.0201946459710598, -0.019536571577191353, 0.02071506530046463, -0.014718840830028057, 0.021993935108184814]
[-0.322352, 0.043336, -0.499494, -0.466043, -0.499945] => [0.020194876939058304, -0.0195369403809309, 0.020714476704597473, -0.014719757251441479, 0.021993180736899376]
[-0.322352, 0.043329, -0.499494, -0.46586, -0.499945] => [0.020195037126541138, -0.019537197425961494, 0.020714046433568, -0.014720416627824306, 0.021992631256580353]
[-0.322352, 0.043329, -0.499494, -0.466191, -0.499945] => [0.020194683223962784, -0.01953662559390068, 0.020714975893497467, -0.0147189786657691, 0.02199382148683071]
[-0.322352, 0.043333, -0.499494, -0.466155, -0.499945] => [0.02019474282860756, -0.01953672245144844, 0.02071482688188553, -0.014719212427735329, 0.02199362963438034]
[-0.322352, 0.043326, -0.499494, -0.46615, -0.499945] => [0.02019471302628517, -0.019536670297384262, 0.0207148976624012, -0.014719096943736076, 0.021993720903992653]
[-0.322352, 0.043339, -0.499494, -0.465989, -0.499945] => [0.020194947719573975, -0.01953705959022045, 0.02071429044008255, -0.014720048755407333, 0.021992940455675125]
[-0.322352, 0.04333, -0.499494, -0.466204, -0.499945] => [0.020194675773382187, -0.019536612555384636, 0.020714998245239258, -0.014718943275511265, 0.0219938512891531]
[-0.322352, 0.043334, -0.499494, -0.466028, -0.499945] => [0.020194880664348602, -0.019536949694156647, 0.02071445994079113, -0.014719782397150993, 0.021993158385157585]
[-0.322352, 0.043331, -0.499494, -0.465993, -0.499945] => [0.02019491046667099, -0.019536985084414482, 0.020714396610856056, -0.014719877392053604, 0.021993078291416168]
[-0.322352, 0.043334, -0.499494, -0.465841, -0.499945] => [0.02019507810473442, -0.019537271931767464, 0.020713936537504196, -0.014720594510436058, 0.021992485970258713]
[-0.322352, 0.043331, -0.499494, -0.466214, -0.499945] => [0.02019467204809189, -0.01953660324215889, 0.0207150150090456, -0.01471891812980175, 0.02199387177824974]
[-0.322352, 0.04333, -0.499494, -0.466137, -0.499945] => [0.02019474282860756, -0.019536728039383888, 0.020714811980724335, -0.01471923291683197, 0.02199361100792885]
[-0.322352, 0.043337, -0.499494, -0.465952, -0.499945] => [0.020194973796606064, -0.019537106156349182, 0.020714210346341133, -0.014720172621309757, 0.021992836147546768]
[-0.322352, 0.043332, -0.499494, -0.466101, -0.499945] => [0.020194794982671738, -0.019536806270480156, 0.020714689046144485, -0.014719425700604916, 0.021993452683091164]
[-0.322352, 0.043335, -0.499494, -0.466105, -0.499945] => [0.020194802433252335, -0.019536824896931648, 0.020714662969112396, -0.014719468541443348, 0.021993419155478477]
[-0.322352, 0.043337, -0.499494, -0.466217, -0.499945] => [0.02019469067454338, -0.01953664794564247, 0.020714953541755676, -0.014719020575284958, 0.021993789821863174]
[-0.322352, 0.043331, -0.499494, -0.46606, -0.499945] => [0.02019483596086502, -0.01953686773777008, 0.02071458473801613, -0.014719584956765175, 0.021993320435285568]
[-0.322352, 0.043329, -0.499494, -0.465914, -0.499945] => [0.020194977521896362, -0.019537102431058884, 0.020714201033115387, -0.01472017727792263, 0.02199282869696617]
[-0.322352, 0.043326, -0.499494, -0.466109, -0.499945] => [0.020194757729768753, -0.019536742940545082, 0.020714780315756798, -0.014719277620315552, 0.021993571892380714]
[-0.322352, 0.043333, -0.499494, -0.466058, -0.499945] => [0.020194843411445618, -0.01953689008951187, 0.02071455493569374, -0.01471963245421648, 0.021993281319737434]
[-0.322352, 0.043329, -0.499494, -0.466203, -0.499945] => [0.02019467204809189, -0.01953660510480404, 0.020715009421110153, -0.014718924649059772, 0.021993866190314293]
[-0.322352, 0.043333, -0.499494, -0.465917, -0.499945] => [0.020194996148347855, -0.01953713409602642, 0.020714158192276955, -0.014720248058438301, 0.021992772817611694]
[-0.322352, 0.043337, -0.499494, -0.466279, -0.499945] => [0.020194627344608307, -0.019536541774868965, 0.020715126767754555, -0.014718752354383469, 0.021994013339281082]
[-0.322352, 0.043332, -0.499494, -0.466023, -0.499945] => [0.020194873213768005, -0.0195369403809309, 0.020714469254016876, -0.01471976563334465, 0.02199317142367363]
[-0.322352, 0.043337, -0.499494, -0.466291, -0.499945] => [0.02019461616873741, -0.019536521285772324, 0.02071516029536724, -0.01471870020031929, 0.021994054317474365]
[-0.322352, 0.043331, -0.499494, -0.466157, -0.499945] => [0.020194727927446365, -0.0195367019623518, 0.020714856684207916, -0.014719164930284023, 0.021993666887283325]
[-0.322352, 0.04333, -0.499494, -0.46602, -0.499945] => [0.020194869488477707, -0.019536929205060005, 0.02071448415517807, -0.014719740487635136, 0.02199319191277027]
[-0.322352, 0.043339, -0.499494, -0.466273, -0.499945] => [0.0201946422457695, -0.019536569714546204, 0.02071508578956127, -0.014718817546963692, 0.021993959322571754]
[-0.322352, 0.043327, -0.499494, -0.466237, -0.499945] => [0.02019462361931801, -0.01953652873635292, 0.020715130493044853, -0.014718737453222275, 0.02199402078986168]
[-0.322352, 0.043336, -0.499494, -0.465996, -0.499945] => [0.020194921642541885, -0.019537020474672318, 0.020714346319437027, -0.01471995934844017, 0.021993013098835945]
[-0.322352, 0.043336, -0.499494, -0.466091, -0.499945] => [0.020194824784994125, -0.019536856561899185, 0.020714612677693367, -0.014719546772539616, 0.021993353962898254]
[-0.322352, 0.043339, -0.499494, -0.466167, -0.499945] => [0.020194757729768753, -0.019536752253770828, 0.020714789628982544, -0.014719275757670403, 0.02199357934296131]
[-0.322352, 0.043331, -0.499494, -0.465852, -0.499945] => [0.02019505575299263, -0.019537227228283882, 0.02071400173008442, -0.014720488339662552, 0.021992571651935577]
[-0.322352, 0.043327, -0.499494, -0.465895, -0.499945] => [0.020194988697767258, -0.019537119194865227, 0.02071416936814785, -0.014720224775373936, 0.021992789581418037]
[-0.322352, 0.043334, -0.499494, -0.466143, -0.499945] => [0.020194757729768753, -0.01953675039112568, 0.020714782178401947, -0.014719283208251, 0.021993571892380714]
[-0.322352, 0.04333, -0.499494, -0.466228, -0.499945] => [0.020194649696350098, -0.019536571577191353, 0.02071506716310978, -0.014718837104737759, 0.021993938833475113]
[-0.322352, 0.043327, -0.499494, -0.466174, -0.499945] => [0.02019469067454338, -0.019536638632416725, 0.020714951679110527, -0.014719013124704361, 0.021993791684508324]
[-0.322352, 0.043328, -0.499494, -0.465884, -0.499945] => [0.020194999873638153, -0.019537147134542465, 0.020714126527309418, -0.014720290899276733, 0.02199273556470871]
[-0.322352, 0.043339, -0.499494, -0.466024, -0.499945] => [0.02019490674138069, -0.019536998122930527, 0.02071438916027546, -0.014719896018505096, 0.021993067115545273]
[-0.322352, 0.043327, -0.499494, -0.46618, -0.499945] => [0.020194686949253082, -0.01953662745654583, 0.02071496844291687, -0.014718986116349697, 0.021993814036250114]
[-0.322352, 0.043338, -0.499494, -0.465853, -0.499945] => [0.020195089280605316, -0.01953728497028351, 0.020713921636343002, -0.014720620587468147, 0.02199246734380722]
[-0.322352, 0.043329, -0.499494, -0.465925, -0.499945] => [0.020194970071315765, -0.01953708566725254, 0.020714228972792625, -0.014720134437084198, 0.021992864087224007]
[-0.322352, 0.043327, -0.499494, -0.466278, -0.499945] => [0.020194590091705322, -0.01953645795583725, 0.020715244114398956, -0.014718561433255672, 0.02199416607618332]
[-0.322352, 0.043332, -0.499494, -0.466176, -0.499945] => [0.02019471675157547, -0.01953667774796486, 0.0207148976624012, -0.014719102531671524, 0.021993720903992653]
[-0.322352, 0.043339, -0.499494, -0.466209, -0.499945] => [0.020194709300994873, -0.019536679610610008, 0.020714906975626945, -0.014719094149768353, 0.0219937302172184]
[-0.322352, 0.043338, -0.499494, -0.466132, -0.499945] => [0.02019479125738144, -0.019536804407835007, 0.02071470394730568, -0.014719408936798573, 0.021993469446897507]
[-0.322352, 0.04333, -0.499494, -0.466273, -0.499945] => [0.020194601267576218, -0.019536493346095085, 0.020715193822979927, -0.01471864152699709, 0.021994100883603096]
[-0.322352, 0.043336, -0.499494, -0.46592, -0.499945] => [0.02019500732421875, -0.019537152722477913, 0.020714132115244865, -0.014720290899276733, 0.02199273742735386]
[-0.322352, 0.043337, -0.499494, -0.46627, -0.499945] => [0.020194638520479202, -0.01953655667603016, 0.020715102553367615, -0.014718790538609028, 0.021993979811668396]
[-0.322352, 0.043329, -0.499494, -0.466162, -0.499945] => [0.02019472047686577, -0.01953667588531971, 0.0207148939371109, -0.014719106256961823, 0.021993715316057205]
[-0.322352, 0.043331, -0.499494, -0.466284, -0.499945] => [0.02019459754228592, -0.01953648217022419, 0.02071521244943142, -0.014718613587319851, 0.021994125097990036]
[-0.322352, 0.043329, -0.499494, -0.465865, -0.499945] => [0.02019502967596054, -0.01953718811273575, 0.020714063197374344, -0.014720391482114792, 0.021992651745676994]
[-0.322352, 0.043328, -0.499494, -0.465947, -0.499945] => [0.02019493654370308, -0.01953703910112381, 0.020714301615953445, -0.01472001988440752, 0.021992959082126617]
[-0.322352, 0.043332, -0.499494, -0.466047, -0.499945] => [0.020194850862026215, -0.019536899402737617, 0.0207145344465971, -0.014719663187861443, 0.021993255242705345]
[-0.322352, 0.043336, -0.499494, -0.466119, -0.499945] => [0.020194794982671738, -0.019536809995770454, 0.020714690908789635, -0.01471942663192749, 0.021993454545736313]
[-0.322352, 0.04333, -0.499494, -0.466173, -0.499945] => [0.020194705575704575, -0.019536666572093964, 0.020714912563562393, -0.01471907738596201, 0.021993739530444145]
[-0.322352, 0.04334, -0.499494, -0.466047, -0.499945] => [0.020194891840219498, -0.01953696832060814, 0.020714441314339638, -0.014719817787408829, 0.021993132308125496]
[-0.322352, 0.043336, -0.499494, -0.466187, -0.499945] => [0.020194724202156067, -0.019536692649126053, 0.020714880898594856, -0.014719132333993912, 0.021993696689605713]
[-0.322352, 0.043328, -0.499494, -0.465943, -0.499945] => [0.020194947719573975, -0.019537046551704407, 0.02071429044008255, -0.014720038510859013, 0.021992944180965424]
[-0.322352, 0.043335, -0.499494, -0.465823, -0.499945] => [0.02019510790705681, -0.019537311047315598, 0.020713873207569122, -0.014720691367983818, 0.021992405876517296]
[-0.322352, 0.043328, -0.499494, -0.46624, -0.499945] => [0.020194627344608307, -0.019536534324288368, 0.020715123042464256, -0.01471874862909317, 0.021994011476635933]
[-0.322352, 0.043334, -0.499494, -0.465906, -0.499945] => [0.020195014774799347, -0.01953716017305851, 0.02071411907672882, -0.0147203104570508, 0.021992720663547516]
[-0.322352, 0.043326, -0.499494, -0.466278, -0.499945] => [0.02019457519054413, -0.019536450505256653, 0.02071525529026985, -0.014718540944159031, 0.021994180977344513]
[-0.322352, 0.043327, -0.499494, -0.466279, -0.499945] => [0.020194578915834427, -0.0195364560931921, 0.020715245977044106, -0.014718555845320225, 0.021994169801473618]
[-0.322352, 0.043326, -0.499494, -0.466279, -0.499945] => [0.020194578915834427, -0.019536448642611504, 0.020715257152915, -0.014718539081513882, 0.021994182839989662]
[-0.323786, 0.042975, -0.499891, -0.317102, -0.466812] => [0.020852886140346527, -0.020190779119729996, 0.019283205270767212, -0.01673855446279049, 0.02024318277835846]
[-0.322084, 0.038806, -0.499695, -0.355708, -0.24967] => [0.022130869328975677, -0.02033199928700924, 0.018372472375631332, -0.01788853295147419, 0.01916428841650486]
[-0.324031, 0.053197, -0.499481, -0.398801, -0.239837] => [0.022192418575286865, -0.020340777933597565, 0.01833924651145935, -0.017934534698724747, 0.019123896956443787]
[-0.323165, 0.047955, -0.499527, -0.400004, -0.238007] => [0.02216457575559616, -0.020336806774139404, 0.018354276195168495, -0.01791372522711754, 0.019142167642712593]
[-0.322736, 0.043232, -0.499539, -0.338388, -0.467421] => [0.02065371349453926, -0.020032059401273727, 0.01967509649693966, -0.016210755333304405, 0.020705169066786766]
[-0.323896, 0.041462, -0.499994, -0.421508, -0.232988] => [0.022135339677333832, -0.020332636311650276, 0.01837006025016308, -0.01789187267422676, 0.01916135475039482]
[-0.322662, 0.054715, -0.499363, -0.284055, -0.251545] => [0.021976355463266373, -0.02030995860695839, 0.01845589093863964, -0.017773032188415527, 0.01926570199429989]
[-0.321943, 0.049811, -0.499529, -0.261929, -0.221028] => [0.021900489926338196, -0.020299136638641357, 0.01849684864282608, -0.01771632209420204, 0.01931549608707428]
[-0.324105, 0.057423, -0.499628, -0.424555, -0.447768] => [0.0214310884475708, -0.020018847659230232, 0.019877638667821884, -0.016000866889953613, 0.020935412496328354]
[-0.322355, 0.043811, -0.499599, -0.384097, -0.181781] => [0.022021137177944183, -0.020316345617175102, 0.018431713804602623, -0.017806505784392357, 0.019236311316490173]
[-0.323541, 0.052838, -0.499692, -0.314672, -0.46007] => [0.02127813547849655, -0.020265884697437286, 0.019193166866898537, -0.01692240685224533, 0.020103538408875465]
[-0.322932, 0.032468, -0.499697, -0.421226, -0.447841] => [0.020368877798318863, -0.01963985338807106, 0.020269591361284256, -0.01526203565299511, 0.021477095782756805]
[-0.323938, 0.060387, -0.499372, -0.338054, -0.274979] => [0.022212084382772446, -0.020356815308332443, 0.018373150378465652, -0.017908239737153053, 0.019158508628606796]
[-0.322447, 0.048794, -0.499307, -0.412414, -0.424311] => [0.021087728440761566, -0.019884971901774406, 0.019848231226205826, -0.01591138169169426, 0.020943835377693176]
[-0.322132, 0.059276, -0.499233, -0.264303, -0.326399] => [0.022033464163541794, -0.020279541611671448, 0.018722165375947952, -0.017458315938711166, 0.019574183970689774]
[-0.324013, 0.031922, -0.499945, -0.246621, -0.45056] => [0.020561721175909042, -0.020198538899421692, 0.019229795783758163, -0.016756176948547363, 0.02020968310534954]
[-0.323872, 0.039079, -0.499514, -0.263409, -0.224512] => [0.02195526286959648, -0.020306948572397232, 0.01846727728843689, -0.017757264897227287, 0.019279545173048973]
[-0.323654, 0.053805, -0.499966, -0.415354, -0.357475] => [0.0222930870950222, -0.020120074972510338, 0.019200965762138367, -0.016831057146191597, 0.020150942727923393]
[-0.323701, 0.047906, -0.499398, -0.402939, -0.275238] => [0.022143937647342682, -0.02033386193215847, 0.018365418538451195, -0.017898298799991608, 0.0191557127982378]
[-0.322884, 0.051269, -0.49934, -0.396652, -0.247038] => [0.022166840732097626, -0.02033712901175022, 0.0183530542999506, -0.01791541650891304, 0.019140683114528656]
[-0.323605, 0.035347, -0.499767, -0.357492, -0.240824] => [0.02216241881251335, -0.02033649943768978, 0.018355442211031914, -0.017912112176418304, 0.01914358325302601]
[-0.322407, 0.041992, -0.499831, -0.421034, -0.20161] => [0.02212902531027794, -0.02033173479139805, 0.01837346889078617, -0.01788715273141861, 0.01916549913585186]
[-0.322553, 0.057342, -0.499849, -0.269929, -0.470297] => [0.021070510149002075, -0.02022147737443447, 0.019223317503929138, -0.016842084005475044, 0.020153284072875977]
[-0.324021, 0.032762, -0.49991, -0.315568, -0.431985] => [0.020769841969013214, -0.019951123744249344, 0.019451851025223732, -0.016371607780456543, 0.020487165078520775]
[-0.324204, 0.048942, -0.499392, -0.282291, -0.373025] => [0.02150695025920868, -0.020026566460728645, 0.019070224836468697, -0.016875946894288063, 0.02003261260688305]
[-0.322451, 0.039039, -0.499603, -0.265964, -0.388098] => [0.02113950625061989, -0.020021529868245125, 0.019160360097885132, -0.016753505915403366, 0.020140163600444794]
[-0.324171, 0.052428, -0.499637, -0.290903, -0.27019] => [0.02204323187470436, -0.0203194972127676, 0.018419787287712097, -0.017823021858930588, 0.01922180876135826]
[-0.321832, 0.037457, -0.49998, -0.239391, -0.488375] => [0.020519528537988663, -0.02022598311305046, 0.0192690622061491, -0.016727503389120102, 0.020256370306015015]
[-0.322654, 0.048568, -0.499727, -0.347045, -0.461215] => [0.020711001008749008, -0.020001443102955818, 0.019682642072439194, -0.01618257537484169, 0.020720958709716797]
[-0.323075, 0.035547, -0.499497, -0.392132, -0.466044] => [0.020265761762857437, -0.01967894844710827, 0.020368320867419243, -0.015188980847597122, 0.02157393842935562]
[-0.322313, 0.032896, -0.499689, -0.27901, -0.30996] => [0.021912802010774612, -0.02029709704220295, 0.018495872616767883, -0.017716683447360992, 0.019314713776111603]
[-0.32366, 0.035449, -0.499684, -0.4942, -0.391002] => [0.018900331109762192, -0.019730539992451668, 0.01965406723320484, -0.01607326604425907, 0.0207124724984169]
[-0.321929, 0.057332, -0.499825, -0.326671, -0.193825] => [0.021963540464639664, -0.020308131352066994, 0.018462806940078735, -0.017763454467058182, 0.019274109974503517]
[-0.323416, 0.06318, -0.499727, -0.460919, -0.318651] => [0.022927194833755493, -0.02037367783486843, 0.018886571750044823, -0.01738162338733673, 0.01972937397658825]
[-0.324036, 0.056682, -0.49975, -0.415148, -0.22716] => [0.022191502153873444, -0.02034064754843712, 0.018339740112423897, -0.017933852970600128, 0.01912449486553669]
[-0.323574, 0.038064, -0.499302, -0.36794, -0.20456] => [0.022097744047641754, -0.02032727375626564, 0.018390357494354248, -0.017863769084215164, 0.019186031073331833]
[-0.322962, 0.053061, -0.49994, -0.455393, -0.218424] => [0.02213253453373909, -0.02033223584294319, 0.018371572718024254, -0.017889777198433876, 0.01916319504380226]
[-0.322386, 0.039627, -0.499431, -0.282684, -0.470571] => [0.020697113126516342, -0.02021791972219944, 0.019234495237469673, -0.016783010214567184, 0.020201897248625755]
[-0.322351, 0.058925, -0.499931, -0.472755, -0.262187] => [0.02208828181028366, -0.02033335343003273, 0.018420463427901268, -0.01783367618918419, 0.019218923524022102]
[-0.322752, 0.047873, -0.499775, -0.254571, -0.325778] => [0.021794840693473816, -0.020198067650198936, 0.01868242397904396, -0.017436930909752846, 0.019550271332263947]
[-0.322365, 0.059494, -0.499656, -0.49865, -0.214957] => [0.022123083472251892, -0.02033088728785515, 0.018376676365733147, -0.017882712185382843, 0.01916939951479435]
[-0.323016, 0.055239, -0.499377, -0.339483, -0.401827] => [0.02189059555530548, -0.020105333998799324, 0.019360831007361412, -0.016622545197606087, 0.02034023217856884]
[-0.324256, 0.052099, -0.499748, -0.24287, -0.385661] => [0.021385882049798965, -0.020093107596039772, 0.0190419964492321, -0.016945376992225647, 0.019986798986792564]
[-0.323532, 0.033504, -0.499619, -0.49759, -0.266349] => [0.02202678471803665, -0.02031715214252472, 0.018428662791848183, -0.017810730263590813, 0.019232600927352905]
[-0.322115, 0.058795, -0.499245, -0.343186, -0.436885] => [0.02159024029970169, -0.020244767889380455, 0.019371286034584045, -0.01671496033668518, 0.020311573520302773]
[-0.324133, 0.059771, -0.499347, -0.441442, -0.195196] => [0.022229813039302826, -0.020346112549304962, 0.018319057300686836, -0.017962491139769554, 0.01909935101866722]
[-0.322432, 0.044036, -0.499745, -0.283453, -0.468845] => [0.020777802914381027, -0.020211879163980484, 0.019215894863009453, -0.016809675842523575, 0.020174000412225723]
[-0.322219, 0.054009, -0.499821, -0.246484, -0.280639] => [0.021852239966392517, -0.02029225416481495, 0.018522895872592926, -0.017680257558822632, 0.019347161054611206]
[-0.322854, 0.03981, -0.499586, -0.345689, -0.423617] => [0.020763587206602097, -0.019803421571850777, 0.019685151055455208, -0.016014479100704193, 0.02078496292233467]
[-0.322413, 0.052582, -0.499728, -0.260567, -0.302097] => [0.021904170513153076, -0.020299170166254044, 0.018495596945285797, -0.01771792583167553, 0.019314026460051537]
[-0.323244, 0.044359, -0.499706, -0.390491, -0.430796] => [0.02080436423420906, -0.019807741045951843, 0.019895827397704124, -0.015798697248101234, 0.021016007289290428]
[-0.32324, 0.056123, -0.499719, -0.319193, -0.376647] => [0.02205313742160797, -0.020170360803604126, 0.01911604218184948, -0.016947129741311073, 0.0200458113104105]
[-0.322367, 0.04849, -0.499418, -0.357375, -0.294099] => [0.0221271775662899, -0.020331472158432007, 0.01837446540594101, -0.01788577251136303, 0.01916671171784401]
[-0.322892, 0.047817, -0.499649, -0.445661, -0.174135] => [0.022171229124069214, -0.020337756723165512, 0.01835068129003048, -0.017918702214956284, 0.019137797877192497]
[-0.322954, 0.042992, -0.499205, -0.39583, -0.420878] => [0.020958274602890015, -0.01979508437216282, 0.019802048802375793, -0.01588916778564453, 0.020916884765028954]
[-0.323887, 0.034073, -0.499719, -0.327085, -0.326514] => [0.021975547075271606, -0.020226188004016876, 0.018581362441182137, -0.01757746934890747, 0.019427159801125526]
[-0.3225, 0.049858, -0.499876, -0.397875, -0.370646] => [0.02197810634970665, -0.019999004900455475, 0.019384052604436874, -0.01653074100613594, 0.02038978412747383]
[-0.324162, 0.055359, -0.499271, -0.459191, -0.29285] => [0.02220156416296959, -0.020286334678530693, 0.01858254335820675, -0.017627215012907982, 0.019412295892834663]
[-0.322654, 0.054292, -0.499449, -0.447213, -0.320965] => [0.022115863859653473, -0.020184708759188652, 0.01885494589805603, -0.017251450568437576, 0.019745519384741783]
[-0.321953, 0.059032, -0.499698, -0.334923, -0.428606] => [0.021689388900995255, -0.020255133509635925, 0.019310617819428444, -0.01678844913840294, 0.020242005586624146]
[-0.321896, 0.032749, -0.499804, -0.250458, -0.331709] => [0.021739479154348373, -0.020275866612792015, 0.018584227189421654, -0.017595259472727776, 0.019421754404902458]
[-0.324262, 0.033787, -0.499438, -0.307678, -0.410532] => [0.020719747990369797, -0.019899161532521248, 0.019397765398025513, -0.016407985240221024, 0.02043239027261734]
[-0.323878, 0.049526, -0.49932, -0.29748, -0.334627] => [0.021907348185777664, -0.020137514919042587, 0.018736176192760468, -0.01734251342713833, 0.019623786211013794]
[-0.323325, 0.043046, -0.499943, -0.303584, -0.17418] => [0.021840356290340424, -0.02029055915772915, 0.018529312685132027, -0.0176713727414608, 0.019354961812496185]
[-0.322784, 0.039603, -0.499566, -0.352403, -0.317274] => [0.022014286369085312, -0.020280690863728523, 0.018487242981791496, -0.017720570787787437, 0.019307514652609825]
[-0.324204, 0.052651, -0.499959, -0.418228, -0.189061] => [0.022169169038534164, -0.020337460562586784, 0.018351798877120018, -0.017917156219482422, 0.019139155745506287]
[-0.323968, 0.045506, -0.499722, -0.320699, -0.49169] => [0.020881257951259613, -0.020234810188412666, 0.01922936737537384, -0.016825255006551743, 0.020178789272904396]
[-0.322589, 0.040398, -0.499535, -0.370416, -0.294033] => [0.022094514220952988, -0.02032681368291378, 0.01839209906756878, -0.01786135882139206, 0.01918814890086651]
[-0.32269, 0.043053, -0.499326, -0.264285, -0.262752] => [0.021954864263534546, -0.020306892693042755, 0.01846749521791935, -0.01775696501135826, 0.019279809668660164]
[-0.323057, 0.038072, -0.499714, -0.24567, -0.307252] => [0.02181476354598999, -0.020286908373236656, 0.018543127924203873, -0.017652243375778198, 0.0193717572838068]
[-0.32267, 0.037877, -0.499924, -0.301317, -0.466731] => [0.02076670527458191, -0.020220011472702026, 0.01922733522951603, -0.016801580786705017, 0.020187489688396454]
[-0.321926, 0.050638, -0.499221, -0.370237, -0.363683] => [0.021810483187437057, -0.020028412342071533, 0.01918960176408291, -0.016759010031819344, 0.020164282992482185]
[-0.323468, 0.049124, -0.499834, -0.33339, -0.247984] => [0.022130653262138367, -0.020331967622041702, 0.018372589722275734, -0.017888369038701057, 0.01916443184018135]
[-0.323981, 0.039069, -0.49938, -0.359132, -0.319945] => [0.022014416754245758, -0.020260294899344444, 0.018517687916755676, -0.017673088237643242, 0.019346702843904495]
[-0.323313, 0.041167, -0.499712, -0.413384, -0.399577] => [0.021147027611732483, -0.019741958007216454, 0.019756441935896873, -0.015903236344456673, 0.020880158990621567]
[-0.322676, 0.054456, -0.49948, -0.258656, -0.411928] => [0.02144603803753853, -0.02019541896879673, 0.019075479358434677, -0.016985416412353516, 0.01999778300523758]
[-0.323682, 0.048331, -0.499481, -0.416102, -0.169541] => [0.022126540541648865, -0.020331380888819695, 0.018374809995293617, -0.017885293811559677, 0.019167130813002586]
[-0.32386, 0.039826, -0.499249, -0.395024, -0.306269] => [0.022037040442228317, -0.020298611372709274, 0.018453028053045273, -0.017771773040294647, 0.019264355301856995]
[-0.322568, 0.048292, -0.499949, -0.489612, -0.187014] => [0.022155985236167908, -0.02033558115363121, 0.01835891604423523, -0.01790730096399784, 0.019147807732224464]
[-0.322556, 0.053841, -0.499714, -0.266308, -0.498912] => [0.0209151953458786, -0.020217956975102425, 0.01920413412153721, -0.01684514991939068, 0.02014813758432865]
[-0.322638, 0.052157, -0.499506, -0.378476, -0.492065] => [0.020680632442235947, -0.01989426650106907, 0.01994957961142063, -0.015825029462575912, 0.02104276232421398]
[-0.322328, 0.043652, -0.499805, -0.244223, -0.33104] => [0.021751023828983307, -0.020236458629369736, 0.018639355897903442, -0.017508212476968765, 0.01949315331876278]
[-0.322304, 0.045374, -0.499765, -0.400592, -0.290031] => [0.022061340510845184, -0.020322080701589584, 0.018410008400678635, -0.0178365595638752, 0.01920992136001587]
[-0.323756, 0.058102, -0.499629, -0.331471, -0.486789] => [0.0214930921792984, -0.020320581272244453, 0.019199611619114876, -0.016971031203866005, 0.02009199559688568]
[-0.324046, 0.056383, -0.499648, -0.38874, -0.457178] => [0.02124183624982834, -0.020033076405525208, 0.019779620692133904, -0.01611701026558876, 0.020820021629333496]
[-0.323015, 0.036353, -0.499613, -0.466557, -0.170668] => [0.022158030420541763, -0.02033587172627449, 0.018357811495661736, -0.01790883205831051, 0.01914646476507187]
[-0.321918, 0.03823, -0.499685, -0.437513, -0.425704] => [0.020254988223314285, -0.01964651606976986, 0.02002820372581482, -0.015535184182226658, 0.021200744435191154]
[-0.322047, 0.044952, -0.499624, -0.316372, -0.287691] => [0.022084005177021027, -0.02032531425356865, 0.018397772684693336, -0.017853500321507454, 0.01919504813849926]
[-0.323615, 0.032748, -0.499609, -0.37142, -0.191202] => [0.022101253271102905, -0.020327774807810783, 0.01838845945894718, -0.01786639541387558, 0.019183725118637085]
[-0.323138, 0.063182, -0.499981, -0.386626, -0.356604] => [0.022730641067028046, -0.020329808816313744, 0.019090596586465836, -0.017114851623773575, 0.01997310109436512]
[-0.322593, 0.050271, -0.499638, -0.3867, -0.168208] => [0.02198704332113266, -0.02031148225069046, 0.018450122326612473, -0.01778101921081543, 0.019258689135313034]
[-0.3234, 0.038097, -0.49929, -0.400948, -0.332638] => [0.02180616185069084, -0.02014791965484619, 0.01875367760658264, -0.017324762418866158, 0.019642416387796402]
[-0.323175, 0.039114, -0.499905, -0.316535, -0.209936] => [0.021998867392539978, -0.020313169807195663, 0.01844373717904091, -0.01778985746204853, 0.01925092749297619]
[-0.322388, 0.063193, -0.499773, -0.232374, -0.40907] => [0.022017285227775574, -0.02043028548359871, 0.018842799589037895, -0.017427295446395874, 0.01967475935816765]
[-0.322823, 0.043931, -0.499735, -0.491474, -0.246793] => [0.022033751010894775, -0.02031814493238926, 0.018424903973937035, -0.017815934494137764, 0.019228029996156693]
[-0.324166, 0.044672, -0.499698, -0.276399, -0.256807] => [0.022027432918548584, -0.02031724341213703, 0.018428314477205276, -0.017811212688684464, 0.01923217810690403]
[-0.32383, 0.05072, -0.499657, -0.304738, -0.450352] => [0.02108769863843918, -0.02021312527358532, 0.019200842827558517, -0.01686749793589115, 0.020127246156334877]
[-0.323085, 0.053282, -0.499943, -0.388876, -0.289848] => [0.0221293643116951, -0.020330317318439484, 0.01837547868490219, -0.017883986234664917, 0.019168099388480186]
[-0.322631, 0.060066, -0.49955, -0.271309, -0.197007] => [0.021876182407140732, -0.02029566839337349, 0.01850997284054756, -0.017698150128126144, 0.019331449642777443]
[-0.322142, 0.054487, -0.499964, -0.292734, -0.495308] => [0.020951438695192337, -0.020217403769493103, 0.019198408350348473, -0.016855815425515175, 0.020138464868068695]
[-0.322904, 0.032907, -0.499805, -0.319049, -0.426395] => [0.02075241133570671, -0.01990547589957714, 0.019468115642666817, -0.016314661130309105, 0.020519688725471497]
[-0.322882, 0.056984, -0.499656, -0.33629, -0.175253] => [0.021952752023935318, -0.02030659094452858, 0.01846863329410553, -0.017755387350916862, 0.019281193614006042]
[-0.323777, 0.046397, -0.499718, -0.448816, -0.485478] => [0.02036713808774948, -0.019605157896876335, 0.02047024480998516, -0.015034765005111694, 0.02170376107096672]
[-0.323184, 0.059673, -0.499586, -0.251258, -0.345398] => [0.022190917283296585, -0.020297477021813393, 0.018795637413859367, -0.017395973205566406, 0.019651729613542557]
[-0.322184, 0.042802, -0.499356, -0.338117, -0.404606] => [0.01893046870827675, -0.01973309926688671, 0.019640155136585236, -0.016092073172330856, 0.02069573663175106]
[-0.322567, 0.052793, -0.499934, -0.330571, -0.411307] => [0.02156004309654236, -0.0200588908046484, 0.019365984946489334, -0.016569538041949272, 0.02036033757030964]
[-0.323252, 0.039399, -0.49924, -0.447385, -0.190142] => [0.022159576416015625, -0.02033609338104725, 0.01835697516798973, -0.01790999062359333, 0.01914544776082039]
[-0.321833, 0.035629, -0.499568, -0.494872, -0.408477] => [0.01789195090532303, -0.01963859051465988, 0.01985863968729973, -0.01580197364091873, 0.020945945754647255]
[-0.322976, 0.048124, -0.499656, -0.254436, -0.302993] => [0.021924860775470734, -0.02029615268111229, 0.018493348732590675, -0.017719481140375137, 0.019311929121613503]
[-0.323822, 0.051681, -0.499887, -0.361731, -0.401616] => [0.021793372929096222, -0.020030133426189423, 0.0194501131772995, -0.016468243673443794, 0.020459746941924095]
[-0.322904, 0.04166, -0.499831, -0.394302, -0.199566] => [0.02211877331137657, -0.020330272614955902, 0.018379002809524536, -0.017879489809274673, 0.019172227010130882]
[-0.32288, 0.060724, -0.49992, -0.464319, -0.248722] => [0.022178061306476593, -0.020352281630039215, 0.018392588943243027, -0.01788182184100151, 0.019181979820132256]
[-0.324021, 0.05619, -0.499976, -0.427668, -0.34578] => [0.02243891730904579, -0.020198842510581017, 0.019048815593123436, -0.01706038787961006, 0.019958723336458206]
[-0.322573, 0.062223, -0.499576, -0.27937, -0.277543] => [0.021874118596315384, -0.02029537409543991, 0.018511084839701653, -0.01769660972058773, 0.019332803785800934]
[-0.323524, 0.050793, -0.499834, -0.267297, -0.358053] => [0.021740999072790146, -0.020112711936235428, 0.01890195533633232, -0.017132578417658806, 0.019819434732198715]
[-0.322901, 0.039648, -0.499945, -0.259714, -0.455481] => [0.020687762647867203, -0.020207978785037994, 0.019223704934120178, -0.016786377876996994, 0.02019106224179268]
[-0.32202, 0.040413, -0.499355, -0.392896, -0.342463] => [0.021694522351026535, -0.020107896998524666, 0.018849967047572136, -0.0171851497143507, 0.01976204663515091]
[-0.323846, 0.062484, -0.499231, -0.257979, -0.190786] => [0.021865881979465485, -0.020294200628995895, 0.018515530973672867, -0.017690453678369522, 0.019338209182024002]
[-0.321963, 0.046977, -0.499226, -0.382348, -0.342155] => [0.02169547975063324, -0.020107105374336243, 0.018850836902856827, -0.017183704301714897, 0.019763201475143433]
[-0.32197, 0.058144, -0.499895, -0.354822, -0.302259] => [0.022363312542438507, -0.02039290964603424, 0.018439684063196182, -0.017865333706140518, 0.019224120303988457]
[-0.324208, 0.053464, -0.499658, -0.380002, -0.307129] => [0.02206973358988762, -0.02026001363992691, 0.018518563359975815, -0.017674697563052177, 0.019347142428159714]
[-0.32318, 0.063428, -0.499562, -0.292382, -0.428396] => [0.0220872163772583, -0.020462801679968834, 0.018934180960059166, -0.017361735925078392, 0.019765092059969902]
[-0.323481, 0.043452, -0.499207, -0.478834, -0.35483] => [0.02142120525240898, -0.01996014453470707, 0.019131992012262344, -0.016766102984547615, 0.02011546678841114]
[-0.324105, 0.062356, -0.499839, -0.339037, -0.430235] => [0.022008854895830154, -0.020351871848106384, 0.01922551728785038, -0.016964120790362358, 0.020119547843933105]
[-0.322515, 0.039781, -0.499235, -0.270739, -0.194038] => [0.021809622645378113, -0.02028617449104786, 0.018545903265476227, -0.017648402601480484, 0.019375130534172058]
[-0.32415, 0.045693, -0.499327, -0.285228, -0.420324] => [0.021054856479167938, -0.0200414527207613, 0.019232938066124916, -0.01669137179851532, 0.02021443285048008]
[-0.322416, 0.043324, -0.49977, -0.241737, -0.494539] => [0.02067519724369049, -0.02022600546479225, 0.01924738474190235, -0.016771860420703888, 0.02021799050271511]
[-0.323258, 0.06077, -0.499443, -0.277973, -0.256992] => [0.021938972175121307, -0.02030462585389614, 0.018476072698831558, -0.017745086923241615, 0.019290238618850708]
[-0.323582, 0.033257, -0.499922, -0.300713, -0.334504] => [0.021882373839616776, -0.020168671384453773, 0.018697764724493027, -0.01740475744009018, 0.019573386758565903]
[-0.323122, 0.058309, -0.499885, -0.410508, -0.37518] => [0.022516485303640366, -0.02018953673541546, 0.019392242655158043, -0.016674445942044258, 0.020349739119410515]
[-0.323068, 0.038552, -0.499898, -0.374524, -0.316133] => [0.021979454904794693, -0.02026878483593464, 0.01851641945540905, -0.017678363248705864, 0.019343724474310875]
[-0.323005, 0.047038, -0.499633, -0.423912, -0.410793] => [0.021392911672592163, -0.019893549382686615, 0.019696127623319626, -0.016083501279354095, 0.02077430486679077]
[-0.322498, 0.051818, -0.499446, -0.341993, -0.399865] => [0.0216684453189373, -0.02000250853598118, 0.019450850784778595, -0.016442907974123955, 0.02046826295554638]
[-0.32231, 0.043733, -0.499252, -0.433822, -0.329409] => [0.021730948239564896, -0.020107116550207138, 0.018839236348867416, -0.01719844900071621, 0.019749635830521584]
[-0.321835, 0.051321, -0.49985, -0.474888, -0.181551] => [0.022146116942167282, -0.02033417299389839, 0.01836424134671688, -0.017899928614497185, 0.01915428228676319]
[-0.323324, 0.03719, -0.499659, -0.382571, -0.425092] => [0.020203664898872375, -0.019687822088599205, 0.019906995818018913, -0.01570463925600052, 0.021050162613391876]
[-0.322626, 0.058859, -0.499408, -0.447152, -0.212561] => [0.022148557007312775, -0.020334521308541298, 0.018362922593951225, -0.01790175400674343, 0.019152678549289703]
[-0.323452, 0.034356, -0.499675, -0.376331, -0.174614] => [0.022064078599214554, -0.020322469994425774, 0.018408533185720444, -0.017838602885603905, 0.01920812763273716]
[-0.322793, 0.06356, -0.499458, -0.375081, -0.341034] => [0.022639330476522446, -0.020369578152894974, 0.018871339038014412, -0.01738150417804718, 0.019716238602995872]
[-0.324127, 0.035131, -0.499967, -0.358871, -0.363571] => [0.021508920937776566, -0.01996777206659317, 0.01909879967570305, -0.0168108269572258, 0.02007588930428028]
[-0.322632, 0.037752, -0.499745, -0.293591, -0.307282] => [0.022031474858522415, -0.020317820832133293, 0.018426133319735527, -0.017814233899116516, 0.019229525700211525]
[-0.323899, 0.05162, -0.499494, -0.425588, -0.401985] => [0.021965067833662033, -0.020049065351486206, 0.019553422927856445, -0.01637393794953823, 0.020570771768689156]
[-0.321979, 0.054342, -0.499682, -0.425791, -0.3512] => [0.022088654339313507, -0.02012195810675621, 0.019096698611974716, -0.016938544809818268, 0.020034464076161385]
[-0.322833, 0.054619, -0.499773, -0.287077, -0.347637] => [0.022121571004390717, -0.020208794623613358, 0.01884589157998562, -0.01727776601910591, 0.019729703664779663]
[-0.323767, 0.032633, -0.499808, -0.268625, -0.255622] => [0.021921060979366302, -0.020302070304751396, 0.018485743552446365, -0.017731698229908943, 0.019301993772387505]
[-0.323963, 0.048947, -0.499433, -0.329015, -0.301016] => [0.02217854931950569, -0.02033879980444908, 0.01834673248231411, -0.017924172803759575, 0.01913299597799778]
[-0.323365, 0.035898, -0.49999, -0.295271, -0.493432] => [0.020624838769435883, -0.020235175266861916, 0.019265558570623398, -0.01675194501876831, 0.020242536440491676]
[-0.32185, 0.037604, -0.49993, -0.487903, -0.459727] => [0.020443446934223175, -0.019540516659617424, 0.020393790677189827, -0.015061401762068272, 0.021639801561832428]
[-0.323866, 0.034432, -0.499977, -0.457101, -0.197339] => [0.022165488451719284, -0.02033693715929985, 0.01835378259420395, -0.017914408817887306, 0.01914156787097454]
[-0.322935, 0.050462, -0.499269, -0.464999, -0.369459] => [0.021800003945827484, -0.01999887079000473, 0.01940349116921425, -0.01650000922381878, 0.020413868129253387]
[-0.323751, 0.046451, -0.49972, -0.44882, -0.47973] => [0.020397916436195374, -0.019613182172179222, 0.02042432688176632, -0.015089701861143112, 0.021650923416018486]
[-0.323786, 0.046342, -0.499718, -0.449622, -0.481006] => [0.020389534533023834, -0.019609281793236732, 0.020438138395547867, -0.015071981586515903, 0.02166726067662239]
[-0.323775, 0.046449, -0.499718, -0.44875, -0.478856] => [0.020402662456035614, -0.019614465534687042, 0.02041730284690857, -0.01509815827012062, 0.02164282090961933]
[-0.323756, 0.046245, -0.499716, -0.449148, -0.480929] => [0.020388875156641006, -0.01960950717329979, 0.020438140258193016, -0.01507211197167635, 0.02166721038520336]
[-0.32379, 0.046318, -0.49972, -0.448379, -0.487415] => [0.020356353372335434, -0.019602835178375244, 0.020485611632466316, -0.015016647055745125, 0.02172134257853031]
[-0.323765, 0.046207, -0.49972, -0.449202, -0.480395] => [0.02039126679301262, -0.01960989460349083, 0.020434647798538208, -0.015076101757586002, 0.02166326344013214]
[-0.323788, 0.046261, -0.499717, -0.448996, -0.480065] => [0.02039390429854393, -0.019611084833741188, 0.020430603995919228, -0.015081350691616535, 0.021658457815647125]
[-0.323752, 0.046219, -0.49972, -0.448586, -0.485916] => [0.020362675189971924, -0.019603721797466278, 0.020476199686527252, -0.015027256682515144, 0.021710753440856934]
[-0.323766, 0.046208, -0.49972, -0.448764, -0.478337] => [0.020402397960424423, -0.019613435491919518, 0.020417407155036926, -0.01509714312851429, 0.021643269807100296]
[-0.323783, 0.046329, -0.499718, -0.449553, -0.488066] => [0.02035224437713623, -0.019599907100200653, 0.020493516698479652, -0.015005968511104584, 0.021730894222855568]
[-0.323749, 0.046402, -0.499719, -0.449546, -0.488658] => [0.020349837839603424, -0.01959962211549282, 0.020496968179941177, -0.015002104453742504, 0.02173476666212082]
[-0.323759, 0.046331, -0.499718, -0.449604, -0.481585] => [0.020386211574077606, -0.01960843987762928, 0.020442897453904152, -0.015066265128552914, 0.021672746166586876]
[-0.32376, 0.046433, -0.499718, -0.449097, -0.483859] => [0.020375821739435196, -0.019607044756412506, 0.020457692444324493, -0.015049544163048267, 0.021689407527446747]
[-0.323791, 0.046404, -0.499717, -0.448912, -0.478866] => [0.02040204033255577, -0.019613847136497498, 0.020418530330061913, -0.015096360817551613, 0.021644357591867447]
[-0.323756, 0.046203, -0.499717, -0.449076, -0.480126] => [0.020392637699842453, -0.019610418006777763, 0.020432373508810997, -0.01507891807705164, 0.021660609170794487]
[-0.323755, 0.0463, -0.499717, -0.448856, -0.480175] => [0.02039370685815811, -0.019611436873674393, 0.020430538803339005, -0.015081697143614292, 0.021658282727003098]
[-0.323796, 0.046234, -0.49972, -0.44926, -0.480521] => [0.020391076803207397, -0.0196098443120718, 0.02043522521853447, -0.015075473114848137, 0.021663904190063477]
[-0.323772, 0.046412, -0.499717, -0.448745, -0.477204] => [0.02041088044643402, -0.019616400822997093, 0.020405009388923645, -0.0151126803830266, 0.021628744900226593]
[-0.323751, 0.046475, -0.499716, -0.448246, -0.476131] => [0.02041749656200409, -0.01961914822459221, 0.020394349470734596, -0.01512614730745554, 0.021616213023662567]
[-0.323744, 0.046403, -0.499718, -0.448276, -0.485588] => [0.020366791635751724, -0.01960599608719349, 0.020469749346375465, -0.015035942196846008, 0.021702971309423447]
[-0.323747, 0.046341, -0.499719, -0.449459, -0.481119] => [0.02038881555199623, -0.019609389826655388, 0.020438730716705322, -0.015071422792971134, 0.021667886525392532]
[-0.32377, 0.046373, -0.499717, -0.448604, -0.480938] => [0.0203908272087574, -0.019611403346061707, 0.020434590056538582, -0.015077417716383934, 0.02166273444890976]
[-0.323776, 0.046441, -0.499718, -0.448823, -0.477193] => [0.02041127160191536, -0.019616492092609406, 0.020404590293765068, -0.015113209374248981, 0.021628253161907196]
[-0.32379, 0.046361, -0.499717, -0.447921, -0.478556] => [0.020403776317834854, -0.019615741446614265, 0.020414365455508232, -0.015102250501513481, 0.021639224141836166]
[-0.323768, 0.046371, -0.499719, -0.448472, -0.485319] => [0.020367834717035294, -0.019605806097388268, 0.020468592643737793, -0.015037012286484241, 0.021701758727431297]
[-0.323779, 0.046341, -0.499717, -0.449592, -0.483165] => [0.02037813514471054, -0.019606437534093857, 0.02045503444969654, -0.01505185104906559, 0.021686671301722527]
[-0.323772, 0.046444, -0.499717, -0.447991, -0.48225] => [0.020385202020406723, -0.019611265510320663, 0.020442109555006027, -0.015069377608597279, 0.021671032533049583]
[-0.323764, 0.0464, -0.499718, -0.448121, -0.477294] => [0.020410623401403427, -0.019617322832345963, 0.02040436491370201, -0.015114083886146545, 0.021627767011523247]
[-0.323767, 0.04644, -0.499716, -0.448102, -0.487096] => [0.02035953849554062, -0.01960456743836403, 0.020480459555983543, -0.015023503452539444, 0.021715158596634865]
[-0.323766, 0.046455, -0.499718, -0.448318, -0.480237] => [0.020395688712596893, -0.019613437354564667, 0.02042696811258793, -0.015087118372321129, 0.02165374904870987]
[-0.323789, 0.046381, -0.49972, -0.448427, -0.488979] => [0.02034885063767433, -0.019601110368967056, 0.020496906712651253, -0.015003353357315063, 0.02173426002264023]
[-0.32377, 0.046342, -0.499718, -0.448381, -0.485294] => [0.020367681980133057, -0.019605791196227074, 0.020468678325414658, -0.015036901459097862, 0.021701861172914505]
[-0.323775, 0.046481, -0.499717, -0.449296, -0.479815] => [0.020397644490003586, -0.019612420350313187, 0.020425649359822273, -0.01508772186934948, 0.021652594208717346]
[-0.323765, 0.046352, -0.499718, -0.448192, -0.479697] => [0.02039734646677971, -0.019613655284047127, 0.020424194633960724, -0.015090187080204487, 0.0216506477445364]
[-0.323755, 0.046269, -0.499718, -0.44902, -0.478097] => [0.020404160022735596, -0.01961369812488556, 0.020415185019373894, -0.015099721029400826, 0.02164074406027794]
[-0.323747, 0.046277, -0.499717, -0.448895, -0.47654] => [0.020412486046552658, -0.019616035744547844, 0.02040257677435875, -0.015114909037947655, 0.021626196801662445]
[-0.323755, 0.046359, -0.499718, -0.448067, -0.482043] => [0.02038511261343956, -0.019610794261097908, 0.0204421728849411, -0.015068902634084225, 0.021671250462532043]
[-0.323756, 0.046331, -0.499718, -0.449641, -0.478241] => [0.020403768867254257, -0.01961282454431057, 0.020416799932718277, -0.015097344294190407, 0.021642768755555153]
[-0.323758, 0.046285, -0.499719, -0.448736, -0.478248] => [0.020403772592544556, -0.01961413212120533, 0.020415356382727623, -0.015099888667464256, 0.021640801802277565]
[-0.323778, 0.046288, -0.499719, -0.449179, -0.480398] => [0.020392324775457382, -0.019610509276390076, 0.020433200523257256, -0.01507815346121788, 0.021661479026079178]
[-0.323776, 0.046384, -0.499717, -0.449488, -0.480446] => [0.020393017679452896, -0.01961054839193821, 0.020432740449905396, -0.015078703872859478, 0.021660951897501945]
[-0.323785, 0.046237, -0.499717, -0.448542, -0.483695] => [0.020374782383441925, -0.019606895744800568, 0.02045833133161068, -0.015048690140247345, 0.02169017307460308]
[-0.323786, 0.046458, -0.499717, -0.449212, -0.486542] => [0.02036207541823387, -0.019603459164500237, 0.020478513091802597, -0.01502469927072525, 0.021713340654969215]
[-0.323788, 0.046321, -0.499716, -0.448783, -0.488073] => [0.020352624356746674, -0.01960121840238571, 0.02049180120229721, -0.015008820220828056, 0.021728621795773506]
[-0.323764, 0.046299, -0.499717, -0.449498, -0.477511] => [0.020407352596521378, -0.019613828510046005, 0.020411266013979912, -0.01510398369282484, 0.021636392921209335]
[-0.323762, 0.046237, -0.499719, -0.449632, -0.487098] => [0.02035604789853096, -0.019600391387939453, 0.02048775739967823, -0.015012405812740326, 0.021724432706832886]
[-0.323765, 0.046393, -0.49972, -0.448696, -0.477017] => [0.020411647856235504, -0.01961662247776985, 0.020403718575835228, -0.015114212408661842, 0.021627262234687805]
[-0.32377, 0.046352, -0.499718, -0.448629, -0.483869] => [0.02037513628602028, -0.019607312977313995, 0.020457962527871132, -0.015049446374177933, 0.021689631044864655]
[-0.323785, 0.046243, -0.499718, -0.448107, -0.48583] => [0.020363911986351013, -0.019604885950684547, 0.020473849028348923, -0.015030685812234879, 0.021707819774746895]
[-0.323742, 0.04639, -0.499719, -0.448149, -0.478517] => [0.02040393278002739, -0.01961555890738964, 0.020414238795638084, -0.01510223001241684, 0.0216391421854496]
[-0.323789, 0.046357, -0.499718, -0.449158, -0.477729] => [0.020407281816005707, -0.01961459405720234, 0.020411035045981407, -0.015104864723980427, 0.021635903045535088]
[-0.323781, 0.046273, -0.49972, -0.449331, -0.480079] => [0.020393751561641693, -0.019610567018389702, 0.020431311801075935, -0.015080192126333714, 0.02165938913822174]
[-0.323775, 0.046321, -0.49972, -0.448859, -0.482786] => [0.020380351692438126, -0.019608143717050552, 0.020450536161661148, -0.015057951211929321, 0.021681226789951324]
[-0.323776, 0.046478, -0.499718, -0.448348, -0.477295] => [0.02041149139404297, -0.01961747370660305, 0.02040356583893299, -0.015115082263946533, 0.021626833826303482]
[-0.323748, 0.046433, -0.49972, -0.449388, -0.476994] => [0.020411711186170578, -0.019615672528743744, 0.02040463127195835, -0.015112504363059998, 0.021628543734550476]
[-0.323752, 0.046334, -0.499719, -0.448284, -0.484925] => [0.020369481295347214, -0.019606392830610275, 0.02046571858227253, -0.015040498226881027, 0.02169843390583992]
[-0.323754, 0.046291, -0.499717, -0.448862, -0.486672] => [0.02035938948392868, -0.019602704793214798, 0.020481619983911514, -0.015020743012428284, 0.021717002615332603]
[-0.323796, 0.046331, -0.499717, -0.449273, -0.478308] => [0.02040388062596321, -0.01961342990398407, 0.020416300743818283, -0.01509836595505476, 0.021642036736011505]
[-0.323744, 0.046223, -0.499719, -0.44871, -0.486515] => [0.02035944163799286, -0.019602714106440544, 0.020481174811720848, -0.015021193772554398, 0.021716518327593803]
[-0.32376, 0.046325, -0.499717, -0.44806, -0.482977] => [0.02037980407476425, -0.019609319046139717, 0.020450059324502945, -0.015059380792081356, 0.021680358797311783]
[-0.323789, 0.046274, -0.499718, -0.448512, -0.475547] => [0.02041817456483841, -0.01961807906627655, 0.020393745973706245, -0.015125881880521774, 0.021615883335471153]
[-0.323741, 0.046422, -0.499718, -0.448255, -0.484311] => [0.020373735576868057, -0.019607866182923317, 0.0204593725502491, -0.015048405155539513, 0.021691014990210533]
[-0.323789, 0.046235, -0.499717, -0.448407, -0.483729] => [0.020374692976474762, -0.01960708200931549, 0.0204582829028368, -0.015048890374600887, 0.021690063178539276]
[-0.323785, 0.046473, -0.499719, -0.448451, -0.482468] => [0.020384203642606735, -0.01961037889122963, 0.020444396883249283, -0.015066271647810936, 0.02167380228638649]
[-0.323783, 0.046346, -0.499718, -0.449563, -0.479155] => [0.020399343222379684, -0.01961188018321991, 0.02042342908680439, -0.01508959848433733, 0.021650327369570732]
[-0.323771, 0.046374, -0.499717, -0.448365, -0.488596] => [0.02035069465637207, -0.019601641222834587, 0.020493976771831512, -0.015006865374743938, 0.021730884909629822]
[-0.323783, 0.046343, -0.499718, -0.449348, -0.483662] => [0.020375728607177734, -0.019606241956353188, 0.02045825682580471, -0.01504828967154026, 0.02169026993215084]
[-0.323776, 0.046355, -0.49972, -0.448351, -0.487571] => [0.020355917513370514, -0.019602926447987556, 0.020486168563365936, -0.01501613762229681, 0.02172192558646202]
[-0.323764, 0.046277, -0.499719, -0.448524, -0.483887] => [0.02037416771054268, -0.019606951624155045, 0.0204591304063797, -0.015047896653413773, 0.021691031754016876]
[-0.323781, 0.046316, -0.499719, -0.449442, -0.482162] => [0.020383227616548538, -0.01960788480937481, 0.02044719085097313, -0.01506128627806902, 0.02167762815952301]
[-0.323775, 0.046218, -0.499718, -0.448196, -0.48143] => [0.020386651158332825, -0.01961040124297142, 0.020440056920051575, -0.015070788562297821, 0.02166905626654625]
[-0.323797, 0.046446, -0.499717, -0.448294, -0.484078] => [0.020375549793243408, -0.01960832066833973, 0.020457083359360695, -0.015051217749714851, 0.021688353270292282]
[-0.323796, 0.046213, -0.499719, -0.449128, -0.4866] => [0.02035890519618988, -0.01960182562470436, 0.020482905209064484, -0.015018677338957787, 0.021718677133321762]
[-0.323789, 0.046327, -0.49972, -0.449458, -0.47663] => [0.020412523299455643, -0.01961532048881054, 0.020403655245900154, -0.015113236382603645, 0.021627580747008324]
[-0.323793, 0.046275, -0.49972, -0.448724, -0.482511] => [0.02038142830133438, -0.01960844360291958, 0.020448783412575722, -0.015060033649206161, 0.021679215133190155]
[-0.32378, 0.046271, -0.499717, -0.447982, -0.485286] => [0.020367160439491272, -0.01960602030158043, 0.020468825474381447, -0.01503690518438816, 0.021701961755752563]
[-0.323748, 0.046267, -0.49972, -0.448988, -0.475918] => [0.020415600389242172, -0.01961665228009224, 0.020398052409291267, -0.015120180323719978, 0.021621042862534523]
[-0.323769, 0.046203, -0.499716, -0.448284, -0.481861] => [0.02038409560918808, -0.019609538838267326, 0.02044396474957466, -0.015065964311361313, 0.02167360857129097]
[-0.323754, 0.046375, -0.499717, -0.44838, -0.481525] => [0.020387817174196243, -0.019611025229096413, 0.02043864130973816, -0.01507282629609108, 0.021667301654815674]
[-0.323756, 0.046296, -0.49972, -0.449642, -0.476097] => [0.02041463926434517, -0.019615447148680687, 0.020400570705533028, -0.015116576105356216, 0.021624160930514336]
[-0.323747, 0.046245, -0.499717, -0.449232, -0.478143] => [0.020403433591127396, -0.01961306855082512, 0.020416531711816788, -0.01509778667241335, 0.02164241299033165]
[-0.323781, 0.046297, -0.499716, -0.447915, -0.48499] => [0.02036907896399498, -0.019606713205575943, 0.020465904846787453, -0.01504055317491293, 0.021698543801903725]
[-0.323777, 0.046458, -0.499717, -0.447972, -0.48329] => [0.020379941910505295, -0.01961001753807068, 0.020449956879019737, -0.015060095116496086, 0.021680021658539772]
[-0.323787, 0.046211, -0.499717, -0.447944, -0.47838] => [0.02040284499526024, -0.019614871591329575, 0.02041563205420971, -0.015100167132914066, 0.021640891209244728]
[-0.323743, 0.046441, -0.499716, -0.449089, -0.483487] => [0.020377766340970993, -0.019607579335570335, 0.020454706624150276, -0.015053123235702515, 0.021685967221856117]
[-0.323758, 0.046345, -0.499717, -0.448157, -0.476658] => [0.02041323110461235, -0.019617700949311256, 0.020400453358888626, -0.015118502080440521, 0.021623361855745316]
[-0.323763, 0.046303, -0.499717, -0.449261, -0.480834] => [0.020390059798955917, -0.019609855487942696, 0.020436644554138184, -0.015073992311954498, 0.021665457636117935]
[-0.323752, 0.04631, -0.499718, -0.44935, -0.476014] => [0.020415395498275757, -0.01961616240441799, 0.020398994907736778, -0.015118813142180443, 0.021622218191623688]
[-0.323785, 0.046334, -0.499717, -0.448592, -0.484643] => [0.02037094533443451, -0.019606227055191994, 0.02046421729028225, -0.015041968785226345, 0.021696828305721283]
[-0.323742, 0.046489, -0.499716, -0.449304, -0.478511] => [0.020404398441314697, -0.01961416006088257, 0.020415430888533592, -0.015099898912012577, 0.021640853956341743]
[-0.323782, 0.046392, -0.499717, -0.449596, -0.477131] => [0.020410526543855667, -0.01961483433842659, 0.020406879484653473, -0.015109460800886154, 0.021631261333823204]
[-0.323777, 0.046307, -0.499718, -0.448836, -0.475728] => [0.020417343825101852, -0.01961747370660305, 0.020395444706082344, -0.015123614110052586, 0.02161792665719986]
[-0.323781, 0.04621, -0.499718, -0.448949, -0.481535] => [0.020385541021823883, -0.01960885338485241, 0.020442882552742958, -0.015066573396325111, 0.02167261764407158]
[-0.32375, 0.046455, -0.499717, -0.448106, -0.48033] => [0.02039523422718048, -0.01961367204785347, 0.02042722888290882, -0.01508701965212822, 0.02165396884083748]
[-0.323794, 0.046292, -0.499716, -0.449216, -0.480019] => [0.02039441466331482, -0.019610967487096786, 0.02043025940656662, -0.015081635676324368, 0.02165810950100422]
[-0.323753, 0.046309, -0.499719, -0.448724, -0.486393] => [0.020361177623271942, -0.019603468477725983, 0.02047874964773655, -0.015024390071630478, 0.0217136200517416]
[-0.32377, 0.046307, -0.499717, -0.449565, -0.482566] => [0.020380832254886627, -0.01960703544318676, 0.020450884476304054, -0.015056699514389038, 0.02168194018304348]
[-0.323741, 0.046257, -0.499719, -0.448787, -0.482884] => [0.020378898829221725, -0.019607650116086006, 0.020452341064810753, -0.01505561638623476, 0.02168336696922779]
[-0.323789, 0.046289, -0.49972, -0.448187, -0.488318] => [0.020351361483335495, -0.019601773470640182, 0.020492708310484886, -0.015008287504315376, 0.02172945998609066]
[-0.323756, 0.046389, -0.499718, -0.448698, -0.482253] => [0.020383968949317932, -0.019609590992331505, 0.020444877445697784, -0.01506509818136692, 0.02167457714676857]
[-0.323774, 0.046287, -0.499717, -0.44818, -0.479576] => [0.02039724588394165, -0.01961337961256504, 0.02042432129383087, -0.01508981455117464, 0.021650876849889755]
[-0.323786, 0.046291, -0.49972, -0.447906, -0.481126] => [0.020389404147863388, -0.019611872732639313, 0.020435627549886703, -0.015076668001711369, 0.021663744002580643]
[-0.323759, 0.04633, -0.499717, -0.449114, -0.47887] => [0.020400799810886383, -0.019612925127148628, 0.020420433953404427, -0.015093578025698662, 0.021646732464432716]
[-0.32375, 0.046328, -0.499717, -0.448959, -0.475611] => [0.02041797712445259, -0.01961752213537693, 0.020394571125507355, -0.015124574303627014, 0.021616952493786812]
[-0.323749, 0.04645, -0.49972, -0.449138, -0.477782] => [0.020407933741807938, -0.01961519382894039, 0.02040988579392433, -0.015106573700904846, 0.021634455770254135]
[-0.323774, 0.046374, -0.499719, -0.448097, -0.488589] => [0.02035093680024147, -0.019602151587605476, 0.02049320936203003, -0.015008082613348961, 0.021729890257120132]
[-0.323776, 0.046238, -0.499716, -0.448002, -0.483472] => [0.020376261323690414, -0.019608156755566597, 0.02045525796711445, -0.015052935108542442, 0.02168642356991768]
[-0.323795, 0.046355, -0.499716, -0.449172, -0.487506] => [0.020355813205242157, -0.019601518288254738, 0.020487725734710693, -0.015013384632766247, 0.021724049001932144]
[-0.323775, 0.046446, -0.499717, -0.449122, -0.477495] => [0.020409535616636276, -0.019615575671195984, 0.02040764130651951, -0.015109257772564888, 0.02163187600672245]
[-0.323781, 0.046327, -0.499717, -0.449378, -0.478772] => [0.020401235669851303, -0.01961257867515087, 0.020420312881469727, -0.015093440189957619, 0.02164670079946518]
[-0.323756, 0.046204, -0.499719, -0.448891, -0.48349] => [0.020375080406665802, -0.019606294110417366, 0.020458217710256577, -0.015048312954604626, 0.021690230816602707]
[-0.323786, 0.046459, -0.49972, -0.449148, -0.480328] => [0.020394854247570038, -0.019611883908510208, 0.020429594442248344, -0.01508311927318573, 0.02165709063410759]
[-0.323783, 0.046332, -0.499719, -0.448271, -0.480744] => [0.02039165422320366, -0.01961200125515461, 0.02043287083506584, -0.015079699456691742, 0.02166067250072956]
[-0.32379, 0.046401, -0.499719, -0.449259, -0.478883] => [0.020401693880558014, -0.019613195210695267, 0.02041955292224884, -0.015094761736690998, 0.021645672619342804]
[-0.323772, 0.046215, -0.499717, -0.448427, -0.484064] => [0.020372573286294937, -0.019606443122029305, 0.020461352542042732, -0.015045123174786568, 0.021693630144000053]
[-0.323787, 0.046278, -0.499719, -0.448365, -0.487603] => [0.020354855805635452, -0.01960231550037861, 0.020487766712903976, -0.015013940632343292, 0.021723870187997818]
[-0.323774, 0.046425, -0.499718, -0.448943, -0.488398] => [0.020352017134428024, -0.019601235166192055, 0.02049296721816063, -0.015007631853222847, 0.021729888394474983]
[-0.32376, 0.046282, -0.499719, -0.448192, -0.479987] => [0.0203949473798275, -0.01961277611553669, 0.02042766846716404, -0.015085790306329727, 0.021654734387993813]
[-0.323779, 0.046246, -0.499716, -0.449128, -0.482279] => [0.020381927490234375, -0.019607774913311005, 0.020448582246899605, -0.015059702098369598, 0.021679196506738663]
[-0.323771, 0.046346, -0.49972, -0.448915, -0.488122] => [0.02035251259803772, -0.019601106643676758, 0.02049206756055355, -0.015008451417088509, 0.02172894775867462]
[-0.323772, 0.046338, -0.499717, -0.448676, -0.486401] => [0.020361613482236862, -0.019603751599788666, 0.02047817036509514, -0.0150252440944314, 0.0217128936201334]
[-0.323779, 0.046291, -0.499719, -0.44893, -0.48325] => [0.0203775092959404, -0.0196071807295084, 0.02045487053692341, -0.015052594244480133, 0.02168627828359604]
[-0.323778, 0.046403, -0.499719, -0.448902, -0.484612] => [0.020371727645397186, -0.0196062084287405, 0.020463550463318825, -0.0150426821783185, 0.021696090698242188]
[-0.323776, 0.046253, -0.499718, -0.44939, -0.475553] => [0.020417239516973495, -0.019616326317191124, 0.020396392792463303, -0.015121684409677982, 0.021619312465190887]
[-0.323756, 0.046287, -0.49972, -0.448473, -0.481889] => [0.02038479596376419, -0.01960977539420128, 0.020443182438611984, -0.015067001804709435, 0.021672671660780907]
[-0.323758, 0.046241, -0.499719, -0.449429, -0.485887] => [0.02036258578300476, -0.019602395594120026, 0.020477700978517532, -0.015024629421532154, 0.021712791174650192]
[-0.323746, 0.046392, -0.499718, -0.448274, -0.48393] => [0.020375393331050873, -0.019608130678534508, 0.020456936210393906, -0.015051184222102165, 0.02168826013803482]
[-0.323785, 0.046425, -0.499718, -0.448228, -0.481466] => [0.020389020442962646, -0.019611768424510956, 0.020436830818653107, -0.015075360424816608, 0.02166508138179779]
[-0.323782, 0.046361, -0.499717, -0.44811, -0.487108] => [0.020358595997095108, -0.019604001194238663, 0.02048186957836151, -0.01502154115587473, 0.021716881543397903]
[-0.323771, 0.04644, -0.49972, -0.449025, -0.47722] => [0.020410973578691483, -0.01961609721183777, 0.020405305549502373, -0.015112136490643024, 0.021629156544804573]
[-0.323758, 0.046372, -0.499716, -0.448794, -0.4772] => [0.020410291850566864, -0.019616013392806053, 0.0204058475792408, -0.015111468732357025, 0.021629786118865013]
[-0.323759, 0.046216, -0.499717, -0.448363, -0.483483] => [0.020375605672597885, -0.01960732787847519, 0.02045665867626667, -0.01505078375339508, 0.02168821170926094]
[-0.323761, 0.046224, -0.499716, -0.448079, -0.488909] => [0.020347338169813156, -0.01960066147148609, 0.020498337224125862, -0.015001419931650162, 0.021735984832048416]
[-0.323763, 0.046363, -0.499719, -0.44889, -0.478932] => [0.020401056855916977, -0.01961350068449974, 0.02041974477469921, -0.015094775706529617, 0.02164580300450325]
[-0.323785, 0.046411, -0.499719, -0.449233, -0.483903] => [0.020375389605760574, -0.01960662007331848, 0.020458664745092392, -0.01504818256944418, 0.021690597757697105]
[-0.323754, 0.046441, -0.499717, -0.449307, -0.483394] => [0.02037818729877472, -0.01960732974112034, 0.020454471930861473, -0.015053178183734417, 0.021685782819986343]
[-0.323795, 0.046396, -0.499716, -0.448652, -0.47751] => [0.02040925994515419, -0.019616061821579933, 0.02040739730000496, -0.015109890140593052, 0.02163146808743477]
[-0.323777, 0.046315, -0.499719, -0.449372, -0.488153] => [0.020351707935333252, -0.019600020721554756, 0.02049398608505726, -0.015005555935204029, 0.021731378510594368]
[-0.323752, 0.046284, -0.499717, -0.447933, -0.484204] => [0.02037287876009941, -0.01960761472582817, 0.020460085943341255, -0.015047408640384674, 0.021691886708140373]
[-0.323788, 0.046198, -0.499716, -0.449635, -0.486238] => [0.020360227674245834, -0.019601255655288696, 0.020481670275330544, -0.015019524842500687, 0.021717490628361702]
[-0.323792, 0.046468, -0.49972, -0.448463, -0.478682] => [0.020404107868671417, -0.019615381956100464, 0.0204148106276989, -0.015101533383131027, 0.021639807149767876]
[-0.32375, 0.046348, -0.499718, -0.448821, -0.48781] => [0.02035410702228546, -0.019601671025156975, 0.020489448681473732, -0.015011660754680634, 0.021725906059145927]
[-0.32376, 0.046268, -0.499717, -0.44882, -0.483974] => [0.020373374223709106, -0.019606217741966248, 0.02046075277030468, -0.015045594424009323, 0.02169303223490715]
[-0.323767, 0.046404, -0.499717, -0.449289, -0.476448] => [0.020414382219314575, -0.019616365432739258, 0.020400600507855415, -0.015117313712835312, 0.02162390947341919]
[-0.323762, 0.046484, -0.499718, -0.448592, -0.485692] => [0.020367134362459183, -0.01960587687790394, 0.02046990767121315, -0.015035715885460377, 0.021703170612454414]
[-0.323752, 0.046306, -0.499716, -0.448519, -0.48628] => [0.02036183699965477, -0.019603941589593887, 0.020477455109357834, -0.015026131644845009, 0.021712059155106544]
[-0.323785, 0.046277, -0.499716, -0.448191, -0.488637] => [0.02034948021173477, -0.01960121840238571, 0.020495504140853882, -0.015004885382950306, 0.021732699126005173]
[-0.323747, 0.046326, -0.499718, -0.448544, -0.483783] => [0.020375195890665054, -0.01960737630724907, 0.020457589998841286, -0.015049871988594532, 0.02168921008706093]
[-0.323772, 0.046476, -0.499717, -0.448602, -0.478072] => [0.020407184958457947, -0.019615953788161278, 0.02041035331785679, -0.015106696635484695, 0.021634742617607117]
[-0.32378, 0.046473, -0.499718, -0.448588, -0.488178] => [0.020354021340608597, -0.019602511078119278, 0.020489513874053955, -0.015012314543128014, 0.021725710481405258]
[-0.323762, 0.046226, -0.499716, -0.448086, -0.488909] => [0.020347360521554947, -0.01960066333413124, 0.02049831859767437, -0.015001441352069378, 0.021735964342951775]
[-0.323762, 0.046228, -0.499716, -0.448061, -0.488908] => [0.020347408950328827, -0.019600722938776016, 0.020498214289546013, -0.015001599676907063, 0.02173583209514618]
[-0.323762, 0.046225, -0.499716, -0.448062, -0.488982] => [0.020346980541944504, -0.019600601866841316, 0.02049884758889675, -0.015000834129750729, 0.021736562252044678]
[-0.323762, 0.046227, -0.499716, -0.448065, -0.488957] => [0.02034713700413704, -0.01960064470767975, 0.020498624071478844, -0.015001105144619942, 0.021736305207014084]
[-0.323761, 0.046228, -0.499716, -0.44808, -0.488984] => [0.0203469917178154, -0.01960058882832527, 0.020498858764767647, -0.015000810846686363, 0.02173657901585102]
[-0.323761, 0.046224, -0.499716, -0.44807, -0.488911] => [0.020347334444522858, -0.019600674510002136, 0.020498329773545265, -0.015001436695456505, 0.02173597365617752]
[-0.323761, 0.046223, -0.499716, -0.448091, -0.488999] => [0.02034684270620346, -0.019600512459874153, 0.02049908973276615, -0.01500050537288189, 0.021736856549978256]
[-0.323761, 0.046229, -0.499716, -0.448083, -0.489014] => [0.02034684270620346, -0.019600549712777138, 0.020499084144830704, -0.0150005416944623, 0.021736839786171913]
[-0.323761, 0.046223, -0.499716, -0.44806, -0.489001] => [0.020346853882074356, -0.01960056461393833, 0.020499028265476227, -0.015000611543655396, 0.02173677459359169]
[-0.323762, 0.046228, -0.499716, -0.448069, -0.488932] => [0.020347274839878082, -0.019600678235292435, 0.020498421043157578, -0.015001346357166767, 0.02173607051372528]
[-0.323761, 0.04623, -0.499716, -0.448083, -0.48901] => [0.020346876233816147, -0.019600560888648033, 0.020499035716056824, -0.015000604093074799, 0.021736782044172287]
[-0.323762, 0.046225, -0.499716, -0.448066, -0.48901] => [0.020346831530332565, -0.019600557163357735, 0.020499076694250107, -0.015000556595623493, 0.021736828610301018]
[-0.323761, 0.046224, -0.499716, -0.448071, -0.488957] => [0.020347092300653458, -0.019600611180067062, 0.020498692989349365, -0.015001004561781883, 0.02173639088869095]
[-0.323761, 0.046229, -0.499716, -0.448058, -0.489013] => [0.02034686505794525, -0.01960059627890587, 0.020499015226960182, -0.015000651590526104, 0.0217367485165596]
[-0.323762, 0.046223, -0.499716, -0.448064, -0.488928] => [0.020347241312265396, -0.019600655883550644, 0.02049846388399601, -0.015001281164586544, 0.021736126393079758]
[-0.323762, 0.046226, -0.499716, -0.44807, -0.488952] => [0.020347148180007935, -0.019600635394454002, 0.020498614758253098, -0.015001106075942516, 0.021736297756433487]
[-0.323761, 0.04623, -0.499716, -0.448068, -0.488993] => [0.020346973091363907, -0.019600611180067062, 0.020498864352703094, -0.015000823885202408, 0.02173657901585102]
[-0.323761, 0.046222, -0.499716, -0.448075, -0.488999] => [0.020346838980913162, -0.019600534811615944, 0.02049906551837921, -0.015000547282397747, 0.02173682488501072]
[-0.323761, 0.046224, -0.499716, -0.448057, -0.488952] => [0.020347122102975845, -0.01960064470767975, 0.020498618483543396, -0.01500110886991024, 0.021736297756433487]
[-0.323762, 0.046222, -0.499716, -0.448075, -0.48896] => [0.020347051322460175, -0.019600586965680122, 0.02049875818192959, -0.01500091515481472, 0.021736470982432365]
[-0.323761, 0.046226, -0.499716, -0.448058, -0.489006] => [0.02034686505794525, -0.019600585103034973, 0.020499009639024734, -0.015000647865235806, 0.02173674665391445]
[-0.323762, 0.046224, -0.499716, -0.448072, -0.488984] => [0.020346950739622116, -0.019600573927164078, 0.020498905330896378, -0.015000751242041588, 0.021736634895205498]
[-0.323762, 0.046228, -0.499716, -0.448079, -0.488954] => [0.02034715563058853, -0.019600629806518555, 0.020498618483543396, -0.015001099556684494, 0.021736303344368935]
[-0.323761, 0.046228, -0.499716, -0.448062, -0.488947] => [0.020347192883491516, -0.01960066892206669, 0.020498525351285934, -0.015001225285232067, 0.02173619158565998]
[-0.323761, 0.046227, -0.499716, -0.448077, -0.488938] => [0.020347222685813904, -0.019600646570324898, 0.02049850858747959, -0.015001228079199791, 0.021736176684498787]
[-0.323761, 0.046226, -0.499716, -0.448065, -0.488976] => [0.02034701779484749, -0.019600611180067062, 0.020498793572187424, -0.015000897459685802, 0.021736502647399902]
[-0.323762, 0.046223, -0.499716, -0.44809, -0.48897] => [0.020347002893686295, -0.019600553438067436, 0.020498856902122498, -0.0150007838383317, 0.021736588329076767]
[-0.323761, 0.046223, -0.499716, -0.44806, -0.488993] => [0.02034689486026764, -0.019600575789809227, 0.020498964935541153, -0.015000686049461365, 0.02173670195043087]
[-0.323761, 0.046224, -0.499716, -0.448072, -0.488959] => [0.020347077399492264, -0.019600607454776764, 0.020498711615800858, -0.015000978484749794, 0.02173641324043274]
[-0.323761, 0.046227, -0.499716, -0.448076, -0.488983] => [0.020346984267234802, -0.01960058882832527, 0.020498856902122498, -0.015000812709331512, 0.02173657901585102]
[-0.323762, 0.046226, -0.499716, -0.448091, -0.489001] => [0.02034687250852585, -0.019600531086325645, 0.020499050617218018, -0.015000562183558941, 0.021736808121204376]
[-0.323762, 0.046228, -0.499716, -0.448075, -0.488985] => [0.0203469917178154, -0.01960059627890587, 0.02049885131418705, -0.015000826679170132, 0.021736567839980125]
[-0.323762, 0.046228, -0.499716, -0.448087, -0.488944] => [0.020347196608781815, -0.019600627943873405, 0.02049856260418892, -0.01500115729868412, 0.02173624187707901]
[-0.323761, 0.046222, -0.499716, -0.448073, -0.488956] => [0.02034706622362137, -0.01960059627890587, 0.020498724654316902, -0.015000957064330578, 0.021736430004239082]
[-0.323762, 0.046227, -0.499716, -0.448089, -0.488938] => [0.020347222685813904, -0.019600626081228256, 0.02049853466451168, -0.015001185238361359, 0.021736212074756622]
[-0.323761, 0.046227, -0.499716, -0.448079, -0.489005] => [0.02034686505794525, -0.019600553438067436, 0.020499037578701973, -0.015000593848526478, 0.021736787632107735]
[-0.323761, 0.046225, -0.499716, -0.448084, -0.488954] => [0.02034711092710495, -0.019600598141551018, 0.020498687401413918, -0.015000998973846436, 0.0217363890260458]
[-0.323761, 0.046224, -0.499716, -0.448062, -0.488918] => [0.020347297191619873, -0.019600680097937584, 0.0204983651638031, -0.015001403167843819, 0.021736010909080505]
[-0.323762, 0.046224, -0.499716, -0.448058, -0.488956] => [0.02034711092710495, -0.01960063725709915, 0.020498650148510933, -0.015001069754362106, 0.02173633687198162]
[-0.323762, 0.046224, -0.499716, -0.448074, -0.488987] => [0.020346932113170624, -0.01960056833922863, 0.020498931407928467, -0.015000715851783752, 0.021736666560173035]
[-0.323762, 0.046229, -0.499716, -0.448071, -0.488994] => [0.020346958190202713, -0.019600598141551018, 0.02049889601767063, -0.015000780113041401, 0.021736618131399155]
[-0.323762, 0.046228, -0.499716, -0.448069, -0.488935] => [0.02034725993871689, -0.019600674510002136, 0.02049844339489937, -0.015001317486166954, 0.02173609845340252]
[-0.323762, 0.046222, -0.499716, -0.448058, -0.488987] => [0.02034692093729973, -0.019600583240389824, 0.02049892581999302, -0.01500073354691267, 0.02173665538430214]
[-0.323762, 0.046222, -0.499716, -0.448077, -0.488972] => [0.0203469917178154, -0.01960056833922863, 0.020498856902122498, -0.015000795014202595, 0.02173658460378647]
[-0.323761, 0.046227, -0.499716, -0.448077, -0.488954] => [0.02034713327884674, -0.019600626081228256, 0.02049863338470459, -0.015001077204942703, 0.021736321970820427]
[-0.323761, 0.046225, -0.499716, -0.448069, -0.488928] => [0.02034725993871689, -0.019600659608840942, 0.020498445257544518, -0.015001305378973484, 0.021736104041337967]
[-0.323761, 0.046226, -0.499716, -0.448067, -0.488914] => [0.020347338169813156, -0.01960068941116333, 0.020498313009738922, -0.015001468360424042, 0.02173595130443573]
[-0.323761, 0.046225, -0.499716, -0.448081, -0.48896] => [0.020347077399492264, -0.01960059627890587, 0.020498724654316902, -0.015000958926975727, 0.021736430004239082]
[-0.323761, 0.046227, -0.499716, -0.448079, -0.488937] => [0.020347226411104202, -0.01960064470767975, 0.020498506724834442, -0.015001227147877216, 0.021736176684498787]
[-0.323761, 0.046228, -0.499716, -0.448079, -0.488915] => [0.02034734934568405, -0.019600680097937584, 0.02049831673502922, -0.015001459047198296, 0.02173595502972603]
[-0.323762, 0.046226, -0.499716, -0.448088, -0.488974] => [0.02034701406955719, -0.01960057206451893, 0.020498834550380707, -0.015000824816524982, 0.02173655666410923]
[-0.323761, 0.046226, -0.499716, -0.448066, -0.489013] => [0.02034682407975197, -0.019600560888648033, 0.020499084144830704, -0.015000550076365471, 0.021736836060881615]
[-0.323761, 0.046222, -0.499716, -0.448072, -0.488912] => [0.02034730091691017, -0.019600655883550644, 0.020498378202319145, -0.015001370571553707, 0.021736033260822296]
[-0.323762, 0.046227, -0.499716, -0.448079, -0.488974] => [0.02034703642129898, -0.01960059627890587, 0.020498793572187424, -0.015000885352492332, 0.0217365063726902]
[-0.323761, 0.046222, -0.499716, -0.448071, -0.488991] => [0.020346883684396744, -0.019600553438067436, 0.02049899287521839, -0.01500063855201006, 0.021736739203333855]
[-0.323762, 0.046223, -0.499716, -0.448061, -0.488952] => [0.020347118377685547, -0.019600629806518555, 0.020498644560575485, -0.015001069754362106, 0.021736331284046173]
[-0.323762, 0.046224, -0.499716, -0.448072, -0.488978] => [0.020346984267234802, -0.019600583240389824, 0.020498856902122498, -0.01500080619007349, 0.02173658087849617]
[-0.323761, 0.046226, -0.499716, -0.448069, -0.48891] => [0.020347360521554947, -0.01960069127380848, 0.020498286932706833, -0.015001497231423855, 0.021735921502113342]
[-0.323761, 0.046223, -0.499716, -0.44807, -0.488982] => [0.020346947014331818, -0.019600573927164078, 0.02049890346825123, -0.015000750310719013, 0.02173663303256035]
[-0.323761, 0.046225, -0.499716, -0.44809, -0.488943] => [0.02034715935587883, -0.019600601866841316, 0.020498614758253098, -0.015001079067587852, 0.021736308932304382]
[-0.323762, 0.046226, -0.499716, -0.448082, -0.488963] => [0.020347077399492264, -0.019600598141551018, 0.0204987321048975, -0.01500095333904028, 0.02173643745481968]
[-0.323762, 0.046222, -0.499716, -0.448083, -0.488977] => [0.020346958190202713, -0.019600549712777138, 0.020498910918831825, -0.01500072330236435, 0.02173664979636669]
[-0.323762, 0.046229, -0.499716, -0.448081, -0.489008] => [0.020346879959106445, -0.019600560888648033, 0.020499031990766525, -0.015000607818365097, 0.02173677645623684]
[-0.323762, 0.046227, -0.499716, -0.448077, -0.488911] => [0.020347371697425842, -0.019600683823227882, 0.02049829438328743, -0.015001482330262661, 0.021735932677984238]
[-0.323761, 0.046228, -0.499716, -0.448086, -0.488908] => [0.020347386598587036, -0.019600678235292435, 0.020498279482126236, -0.015001495368778706, 0.021735915914177895]
[-0.323761, 0.046227, -0.499716, -0.448072, -0.488974] => [0.02034703642129898, -0.019600609317421913, 0.02049877680838108, -0.015000912360846996, 0.02173648402094841]
[-0.323761, 0.046228, -0.499716, -0.448067, -0.488916] => [0.020347360521554947, -0.019600700587034225, 0.02049829438328743, -0.01500149816274643, 0.02173592522740364]
[-0.323762, 0.04623, -0.499716, -0.448063, -0.48898] => [0.020347055047750473, -0.0196006391197443, 0.020498747006058693, -0.015000970102846622, 0.021736443042755127]
[-0.323761, 0.046224, -0.499716, -0.448061, -0.488937] => [0.02034720405936241, -0.019600655883550644, 0.02049851231276989, -0.015001229010522366, 0.021736180409789085]
[-0.323762, 0.046227, -0.499716, -0.448068, -0.488924] => [0.02034730836749077, -0.019600683823227882, 0.020498372614383698, -0.01500139944255352, 0.021736018359661102]
[-0.323762, 0.046223, -0.499716, -0.448074, -0.488995] => [0.020346879959106445, -0.019600549712777138, 0.020499013364315033, -0.01500061433762312, 0.021736761555075645]
[-0.323762, 0.046229, -0.499716, -0.448083, -0.488993] => [0.020346958190202713, -0.019600577652454376, 0.020498916506767273, -0.015000742860138416, 0.021736646071076393]
[-0.323762, 0.046228, -0.499716, -0.448086, -0.488938] => [0.0203472338616848, -0.0196006391197443, 0.02049851045012474, -0.015001220628619194, 0.021736182272434235]
[-0.323761, 0.046225, -0.499716, -0.448058, -0.488996] => [0.020346902310848236, -0.01960058882832527, 0.02049895003437996, -0.015000714920461178, 0.02173667959868908]
[-0.323762, 0.04623, -0.499716, -0.448078, -0.48892] => [0.020347360521554947, -0.01960069127380848, 0.02049831487238407, -0.015001468360424042, 0.02173595130443573]
[-0.323761, 0.046228, -0.499716, -0.448071, -0.488971] => [0.02034706249833107, -0.01960062049329281, 0.02049873396754265, -0.015000969171524048, 0.02173643372952938]
[-0.323762, 0.046223, -0.499716, -0.448073, -0.488954] => [0.020347099751234055, -0.019600605592131615, 0.020498689264059067, -0.015001004561781883, 0.02173638716340065]
[-0.323762, 0.046229, -0.499716, -0.448088, -0.488984] => [0.020347006618976593, -0.019600581377744675, 0.020498858764767647, -0.015000805258750916, 0.02173658274114132]
[-0.323762, 0.046223, -0.499716, -0.448072, -0.488978] => [0.02034696936607361, -0.019600575789809227, 0.02049887552857399, -0.01500078197568655, 0.02173660136759281]
[-0.323761, 0.046229, -0.499716, -0.448058, -0.488992] => [0.020346976816654205, -0.019600624218583107, 0.0204988494515419, -0.015000849030911922, 0.02173655852675438]
[-0.323761, 0.04623, -0.499716, -0.448069, -0.488981] => [0.02034704014658928, -0.019600624218583107, 0.02049877494573593, -0.01500092912465334, 0.021736476570367813]
[-0.323761, 0.046228, -0.499716, -0.448079, -0.48896] => [0.020347118377685547, -0.01960062049329281, 0.020498668774962425, -0.01500103622674942, 0.02173636294901371]
[-0.323761, 0.046229, -0.499716, -0.448069, -0.489015] => [0.02034684643149376, -0.01960057206451893, 0.020499058067798615, -0.015000587329268456, 0.021736804395914078]
[-0.323762, 0.046227, -0.499716, -0.448084, -0.488957] => [0.020347118377685547, -0.019600609317421913, 0.020498672500252724, -0.015001025050878525, 0.021736368536949158]
[-0.323762, 0.046229, -0.499716, -0.448076, -0.488921] => [0.020347341895103455, -0.01960068754851818, 0.020498335361480713, -0.015001444146037102, 0.02173597365617752]
[-0.323761, 0.046228, -0.499716, -0.448073, -0.488992] => [0.020346950739622116, -0.01960059069097042, 0.02049890346825123, -0.015000765211880207, 0.0217366274446249]
[-0.323761, 0.046229, -0.499716, -0.448065, -0.488943] => [0.020347226411104202, -0.019600676372647285, 0.02049848437309265, -0.015001277439296246, 0.02173614129424095]
[-0.323761, 0.046226, -0.499716, -0.44806, -0.488939] => [0.02034721150994301, -0.01960066892206669, 0.02049849182367325, -0.015001262538135052, 0.021736152470111847]
[-0.323762, 0.046226, -0.499716, -0.448064, -0.488961] => [0.020347103476524353, -0.019600633531808853, 0.020498670637607574, -0.015001045539975166, 0.02173636108636856]
[-0.323761, 0.046225, -0.499716, -0.44806, -0.489003] => [0.02034686505794525, -0.019600577652454376, 0.020499009639024734, -0.015000641345977783, 0.0217367485165596]
[-0.323761, 0.046222, -0.499716, -0.44806, -0.489011] => [0.020346786826848984, -0.01960054598748684, 0.020499123260378838, -0.015000496059656143, 0.021736882627010345]
[-0.323762, 0.046223, -0.499716, -0.448059, -0.488997] => [0.020346879959106445, -0.019600573927164078, 0.020498991012573242, -0.015000657178461552, 0.02173672989010811]
[-0.323762, 0.046228, -0.499716, -0.448086, -0.488935] => [0.02034725621342659, -0.0196006428450346, 0.02049848809838295, -0.015001246705651283, 0.021736156195402145]
[-0.323762, 0.046225, -0.499716, -0.448073, -0.488931] => [0.020347237586975098, -0.019600650295615196, 0.020498475059866905, -0.015001265332102776, 0.021736139431595802]
[-0.323762, 0.046223, -0.499716, -0.448075, -0.488972] => [0.020347002893686295, -0.019600577652454376, 0.020498834550380707, -0.015000827610492706, 0.02173655666410923]
[-0.323762, 0.046225, -0.499716, -0.448071, -0.488921] => [0.020347293466329575, -0.01960066705942154, 0.02049839124083519, -0.015001366846263409, 0.021736042574048042]
[-0.323762, 0.046227, -0.499716, -0.44806, -0.488913] => [0.020347367972135544, -0.01960071176290512, 0.02049826830625534, -0.01500153448432684, 0.021735893562436104]
[-0.323761, 0.046229, -0.499716, -0.448087, -0.488989] => [0.020346976816654205, -0.019600573927164078, 0.02049889974296093, -0.015000756829977036, 0.02173662930727005]
[-0.323761, 0.046226, -0.499716, -0.448061, -0.488957] => [0.020347118377685547, -0.0196006428450346, 0.02049863338470459, -0.015001092106103897, 0.02173631638288498]
[-0.323762, 0.046224, -0.499716, -0.448084, -0.488928] => [0.020347237586975098, -0.019600627943873405, 0.020498497411608696, -0.015001223422586918, 0.02173617109656334]
[-0.323762, 0.046227, -0.499716, -0.448084, -0.488954] => [0.02034713700413704, -0.01960061490535736, 0.020498648285865784, -0.015001053921878338, 0.02173634059727192]
[-0.323762, 0.046225, -0.499716, -0.448075, -0.488923] => [0.02034728229045868, -0.019600657746195793, 0.02049841731786728, -0.015001332387328148, 0.02173607423901558]
[-0.323762, 0.046223, -0.499716, -0.448063, -0.488944] => [0.02034715563058853, -0.01960063725709915, 0.02049858681857586, -0.015001135878264904, 0.02173626609146595]
[-0.323762, 0.046227, -0.499716, -0.448072, -0.488972] => [0.020347051322460175, -0.019600611180067062, 0.020498761907219887, -0.015000930987298489, 0.021736467257142067]
[-0.323762, 0.046227, -0.499716, -0.448069, -0.488936] => [0.020347241312265396, -0.01960066519677639, 0.020498471334576607, -0.015001281164586544, 0.021736131981015205]
[-0.323762, 0.046224, -0.499716, -0.448084, -0.488914] => [0.020347312092781067, -0.01960064470767975, 0.02049838937819004, -0.015001351945102215, 0.02173604629933834]
[-0.323762, 0.046226, -0.499716, -0.448092, -0.488947] => [0.02034715563058853, -0.019600601866841316, 0.02049863338470459, -0.01500106044113636, 0.021736327558755875]
[-0.323761, 0.046224, -0.499716, -0.448069, -0.488921] => [0.02034727856516838, -0.01960066333413124, 0.020498406141996384, -0.015001346357166767, 0.021736061200499535]
[-0.323761, 0.046224, -0.499716, -0.44806, -0.488968] => [0.020347032696008682, -0.01960061676800251, 0.02049875073134899, -0.015000946819782257, 0.021736454218626022]
[-0.323761, 0.046228, -0.499716, -0.448057, -0.48894] => [0.020347241312265396, -0.01960068754851818, 0.020498456433415413, -0.01500131655484438, 0.021736107766628265]
[-0.323762, 0.046223, -0.499716, -0.448068, -0.488996] => [0.020346879959106445, -0.019600559026002884, 0.020499005913734436, -0.015000629238784313, 0.0217367522418499]
[-0.323761, 0.046223, -0.499716, -0.448073, -0.488961] => [0.020347055047750473, -0.01960059441626072, 0.020498747006058693, -0.015000931918621063, 0.02173645608127117]
[-0.323761, 0.046228, -0.499716, -0.448078, -0.489006] => [0.02034687250852585, -0.019600560888648033, 0.020499028265476227, -0.015000610612332821, 0.02173677273094654]
[-0.323761, 0.04623, -0.499716, -0.448071, -0.488941] => [0.020347245037555695, -0.019600674510002136, 0.02049846760928631, -0.015001294203102589, 0.02173612453043461]
[-0.323761, 0.046222, -0.499716, -0.448058, -0.488989] => [0.020346906036138535, -0.019600579515099525, 0.02049894444644451, -0.015000710263848305, 0.02173667773604393]
[-0.323761, 0.046225, -0.499716, -0.448061, -0.488998] => [0.02034689486026764, -0.019600581377744675, 0.0204989742487669, -0.015000682324171066, 0.021736709401011467]
[-0.323761, 0.046223, -0.499716, -0.448085, -0.488977] => [0.02034696191549301, -0.019600551575422287, 0.02049890160560608, -0.015000734478235245, 0.021736638620495796]
[-0.323762, 0.046226, -0.499716, -0.448057, -0.488957] => [0.020347129553556442, -0.019600652158260345, 0.020498622208833694, -0.015001111663877964, 0.021736301481723785]
[-0.323762, 0.046224, -0.499716, -0.44808, -0.489008] => [0.02034682407975197, -0.019600527361035347, 0.02049911394715309, -0.01500049326568842, 0.021736877039074898]
[-0.323762, 0.046226, -0.499716, -0.448088, -0.488918] => [0.020347312092781067, -0.019600648432970047, 0.02049839310348034, -0.015001350082457066, 0.02173605188727379]
[-0.323761, 0.046227, -0.499716, -0.448074, -0.488993] => [0.020346932113170624, -0.019600577652454376, 0.020498933270573616, -0.015000724233686924, 0.021736664697527885]
[-0.323761, 0.046222, -0.499716, -0.44807, -0.488925] => [0.0203472338616848, -0.01960064098238945, 0.020498475059866905, -0.015001257881522179, 0.0217361431568861]
[-0.323762, 0.046223, -0.499716, -0.448081, -0.488931] => [0.02034721150994301, -0.019600622355937958, 0.020498529076576233, -0.015001185238361359, 0.021736208349466324]
[-0.323761, 0.046227, -0.499716, -0.448076, -0.488974] => [0.020347032696008682, -0.019600601866841316, 0.020498787984251976, -0.015000896528363228, 0.021736497059464455]
[-0.323762, 0.046228, -0.499716, -0.448058, -0.488917] => [0.020347360521554947, -0.01960071735084057, 0.020498275756835938, -0.015001531690359116, 0.02173589915037155]
[-0.323762, 0.046228, -0.499716, -0.448072, -0.488913] => [0.02034737542271614, -0.019600696861743927, 0.020498279482126236, -0.015001509338617325, 0.021735912188887596]
[-0.323762, 0.046222, -0.499716, -0.448091, -0.488976] => [0.020346954464912415, -0.019600536674261093, 0.02049892395734787, -0.01500069908797741, 0.021736666560173035]
[-0.323762, 0.046223, -0.499716, -0.448073, -0.488925] => [0.020347248762845993, -0.01960064470767975, 0.02049846202135086, -0.015001274645328522, 0.021736128255724907]
[-0.323761, 0.046228, -0.499716, -0.448069, -0.488925] => [0.02034730464220047, -0.01960068568587303, 0.0204983688890934, -0.015001406893134117, 0.021736012771725655]
[-0.323762, 0.046228, -0.499716, -0.44808, -0.488912] => [0.02034737542271614, -0.019600683823227882, 0.02049829065799713, -0.015001487918198109, 0.02173592709004879]
[-0.323762, 0.046227, -0.499716, -0.448067, -0.488947] => [0.020347189158201218, -0.019600654020905495, 0.020498551428318024, -0.015001188963651657, 0.021736223250627518]
[-0.323761, 0.046222, -0.499716, -0.44807, -0.489002] => [0.020346831530332565, -0.01960054039955139, 0.020499076694250107, -0.01500053983181715, 0.021736834198236465]
[-0.323761, 0.046225, -0.499716, -0.448058, -0.488951] => [0.02034713700413704, -0.019600650295615196, 0.020498596131801605, -0.015001136809587479, 0.021736273542046547]
[-0.323761, 0.046224, -0.499716, -0.448066, -0.489015] => [0.020346786826848984, -0.01960054412484169, 0.020499134436249733, -0.015000483021140099, 0.02173689566552639]
[-0.323762, 0.046228, -0.499716, -0.448066, -0.488994] => [0.020346950739622116, -0.019600601866841316, 0.02049889788031578, -0.015000781044363976, 0.021736618131399155]
[-0.323761, 0.046225, -0.499716, -0.448064, -0.488934] => [0.020347226411104202, -0.01960066147148609, 0.020498478785157204, -0.015001269988715649, 0.02173614129424095]
[-0.323761, 0.046226, -0.499716, -0.448067, -0.488997] => [0.020346909761428833, -0.019600579515099525, 0.020498963072896004, -0.015000693500041962, 0.021736696362495422]
[-0.323762, 0.046225, -0.499716, -0.448084, -0.488925] => [0.020347267389297485, -0.0196006391197443, 0.020498454570770264, -0.015001276507973671, 0.02173612266778946]
[-0.323761, 0.046224, -0.499716, -0.448084, -0.48899] => [0.020346906036138535, -0.01960054412484169, 0.020498983561992645, -0.015000641345977783, 0.021736731752753258]
[-0.323761, 0.046224, -0.499716, -0.448076, -0.488942] => [0.020347166806459427, -0.019600622355937958, 0.02049858868122101, -0.01500112097710371, 0.021736275404691696]
[-0.323761, 0.046224, -0.499716, -0.448072, -0.489012] => [0.02034679800271988, -0.019600536674261093, 0.020499126985669136, -0.015000484883785248, 0.021736890077590942]
[-0.323761, 0.046223, -0.499716, -0.448087, -0.489012] => [0.020346779376268387, -0.019600501284003258, 0.020499182865023613, -0.015000398270785809, 0.021736960858106613]
[-0.323762, 0.046226, -0.499716, -0.448068, -0.488957] => [0.020347125828266144, -0.019600631669163704, 0.020498648285865784, -0.015001068823039532, 0.02173633500933647]
[-0.323761, 0.046222, -0.499716, -0.44806, -0.488973] => [0.0203469879925251, -0.01960059627890587, 0.02049882337450981, -0.015000852756202221, 0.021736539900302887]
[-0.323762, 0.046227, -0.499716, -0.448062, -0.489007] => [0.02034687250852585, -0.019600583240389824, 0.020499007776379585, -0.01500064879655838, 0.021736744791269302]
[-0.323761, 0.046224, -0.499716, -0.448085, -0.489017] => [0.020346760749816895, -0.019600505009293556, 0.020499199628829956, -0.01500038243830204, 0.021736979484558105]
[-0.323761, 0.046223, -0.499716, -0.448085, -0.488988] => [0.020346906036138535, -0.019600536674261093, 0.020498991012573242, -0.015000630170106888, 0.021736741065979004]
[-0.323761, 0.04623, -0.499716, -0.448091, -0.488957] => [0.020347148180007935, -0.01960061676800251, 0.020498642697930336, -0.015001064166426659, 0.021736333146691322]
[-0.323761, 0.04623, -0.499716, -0.448066, -0.489016] => [0.020346857607364655, -0.019600585103034973, 0.020499039441347122, -0.015000617131590843, 0.021736780181527138]
[-0.323762, 0.046223, -0.499716, -0.448077, -0.488975] => [0.020346980541944504, -0.01960057020187378, 0.020498864352703094, -0.015000788494944572, 0.021736592054367065]
[-0.323761, 0.046224, -0.499716, -0.448086, -0.489017] => [0.020346760749816895, -0.019600505009293556, 0.020499201491475105, -0.015000381506979465, 0.021736981347203255]
[-0.322012, 0.046973, -0.499327, -0.44256, -0.293596] => [0.021946441382169724, -0.02027951553463936, 0.01851116307079792, -0.017689669504761696, 0.019335689023137093]
[-0.322378, 0.045349, -0.499571, -0.263356, -0.408395] => [0.021061953157186508, -0.020020585507154465, 0.01918710209429264, -0.016719117760658264, 0.020171597599983215]
[-0.324029, 0.047929, -0.499387, -0.290998, -0.236705] => [0.02204350009560585, -0.020319536328315735, 0.018419640138745308, -0.017823224887251854, 0.019221629947423935]
[-0.323185, 0.060332, -0.499221, -0.377604, -0.497767] => [0.02075442299246788, -0.019991043955087662, 0.019841184839606285, -0.016021868214011192, 0.020893258973956108]
[-0.324023, 0.032836, -0.499746, -0.337041, -0.316225] => [0.022044256329536438, -0.020267704501748085, 0.018496865406632423, -0.017702743411064148, 0.019321052357554436]
[-0.32295, 0.036531, -0.499268, -0.246006, -0.318595] => [0.02179952710866928, -0.020284734666347504, 0.018551355227828026, -0.0176408514380455, 0.01938175968825817]
[-0.324189, 0.063053, -0.499344, -0.263583, -0.261421] => [0.021902333945035934, -0.0202993992716074, 0.018495852127671242, -0.017717700451612473, 0.01931428536772728]
[-0.324097, 0.048105, -0.499482, -0.394134, -0.168717] => [0.02206365391612053, -0.020322410389780998, 0.0184087622910738, -0.017838286235928535, 0.019208407029509544]
[-0.322443, 0.032945, -0.499995, -0.277851, -0.331324] => [0.021813765168190002, -0.020222239196300507, 0.01864011213183403, -0.017501119524240494, 0.01949654333293438]
[-0.322144, 0.046155, -0.4998, -0.450336, -0.21346] => [0.022094283252954483, -0.020326780155301094, 0.018392225727438927, -0.017861181870102882, 0.019188303500413895]
[-0.322217, 0.056471, -0.499998, -0.239293, -0.251787] => [0.021843288093805313, -0.020290976390242577, 0.01852772943675518, -0.017673563212156296, 0.01935303956270218]
[-0.322792, 0.05427, -0.4993, -0.35448, -0.222913] => [0.022095367312431335, -0.02032693475484848, 0.01839163713157177, -0.017861995846033096, 0.01918758824467659]
[-0.32231, 0.037699, -0.49997, -0.458378, -0.171607] => [0.02213333547115326, -0.020332349464297295, 0.01837114430963993, -0.01789036951959133, 0.019162673503160477]
[-0.32423, 0.03264, -0.499826, -0.294695, -0.180205] => [0.0218471921980381, -0.020291533321142197, 0.0185256227850914, -0.01767648197710514, 0.019350476562976837]
[-0.323671, 0.043845, -0.499276, -0.431339, -0.324488] => [0.02181198075413704, -0.020126299932599068, 0.018784087151288986, -0.01727679744362831, 0.0196817796677351]
[-0.321867, 0.052635, -0.499579, -0.301086, -0.275406] => [0.021996423602104187, -0.020312819629907608, 0.018445057794451714, -0.017788032069802284, 0.019252531230449677]
[-0.32201, 0.055164, -0.499247, -0.445977, -0.472733] => [0.02078450471162796, -0.019763439893722534, 0.020226551219820976, -0.015422840602695942, 0.0213908851146698]
[-0.323091, 0.03622, -0.499537, -0.348367, -0.246905] => [0.022159263491630554, -0.020336048677563667, 0.01835714466869831, -0.017909754067659378, 0.019145654514431953]
[-0.321935, 0.056015, -0.499904, -0.22863, -0.262489] => [0.02179499715566635, -0.02028408832848072, 0.018553799018263817, -0.0176374688744545, 0.019384732469916344]
[-0.323169, 0.059244, -0.499852, -0.456224, -0.453452] => [0.021474048495292664, -0.019968852400779724, 0.020010648295283318, -0.01582188718020916, 0.021097034215927124]
[-0.324049, 0.043126, -0.499621, -0.27896, -0.355475] => [0.02174961194396019, -0.020118556916713715, 0.018816037103533745, -0.01723286136984825, 0.019720496609807014]
[-0.323036, 0.048106, -0.499364, -0.30704, -0.304048] => [0.022086702287197113, -0.02032051607966423, 0.01840406097471714, -0.017843440175056458, 0.019203245639801025]
[-0.322384, 0.038816, -0.499626, -0.325535, -0.183244] => [0.021897614002227783, -0.020298726856708527, 0.01849840022623539, -0.01771417260169983, 0.01931738294661045]
[-0.32357, 0.037477, -0.499598, -0.267036, -0.240983] => [0.02195306494832039, -0.02030663564801216, 0.01846846379339695, -0.017755623906850815, 0.019280986860394478]
[-0.32384, 0.048989, -0.499885, -0.247205, -0.264228] => [0.02191898226737976, -0.02030177414417267, 0.018486864864826202, -0.017730144783854485, 0.01930335722863674]
[-0.32217, 0.056533, -0.499299, -0.328716, -0.264753] => [0.02207322046160698, -0.020323775708675385, 0.018403595313429832, -0.01784544065594673, 0.01920212432742119]
[-0.324092, 0.049541, -0.49924, -0.408265, -0.456208] => [0.020692549645900726, -0.019788648933172226, 0.020092401653528214, -0.015580055303871632, 0.021236050873994827]
[-0.322467, 0.046649, -0.499226, -0.329856, -0.287585] => [0.022133786231279373, -0.020332414656877518, 0.018370896577835083, -0.01789071410894394, 0.0191623717546463]
[-0.323081, 0.03724, -0.4996, -0.30628, -0.30479] => [0.02210455760359764, -0.02032824605703354, 0.018386678770184517, -0.01786886341869831, 0.01918155886232853]
[-0.321891, 0.060253, -0.499812, -0.382824, -0.291345] => [0.022475026547908783, -0.02043367736041546, 0.01839541085064411, -0.017947325482964516, 0.019163355231285095]
[-0.322367, 0.061049, -0.499574, -0.422513, -0.265462] => [0.02233772724866867, -0.020394477993249893, 0.01837172918021679, -0.017941005527973175, 0.019146926701068878]
[-0.322125, 0.053719, -0.499465, -0.305972, -0.312538] => [0.021952833980321884, -0.020262066274881363, 0.018535856157541275, -0.017650874331593513, 0.019367609173059464]
[-0.324235, 0.043458, -0.499278, -0.344085, -0.436943] => [0.02076602727174759, -0.019900869578123093, 0.019692696630954742, -0.016091233119368553, 0.020762022584676743]
[-0.32237, 0.056811, -0.499701, -0.45594, -0.330893] => [0.022321969270706177, -0.020196104422211647, 0.018994122743606567, -0.01711381785571575, 0.019898582249879837]
[-0.323686, 0.048109, -0.499426, -0.343163, -0.283158] => [0.02218715474009514, -0.020340027287602425, 0.018342087045311928, -0.01793060451745987, 0.01912734843790531]
[-0.323822, 0.033219, -0.499527, -0.27837, -0.304341] => [0.02197263389825821, -0.02030942775309086, 0.018457898870110512, -0.017770251259207726, 0.01926814392209053]
[-0.323541, 0.040401, -0.499362, -0.263057, -0.480101] => [0.020670950412750244, -0.020222920924425125, 0.019244225695729256, -0.016772521659731865, 0.02021496184170246]
[-0.322768, 0.06151, -0.499869, -0.393447, -0.172613] => [0.0220533087849617, -0.020320935174822807, 0.018414344638586044, -0.017830558121204376, 0.019215192645788193]
[-0.321891, 0.037514, -0.499704, -0.335612, -0.467804] => [0.020524874329566956, -0.020012613385915756, 0.01974189653992653, -0.01611202023923397, 0.020792262628674507]
[-0.32304, 0.040593, -0.499267, -0.464594, -0.333738] => [0.021741770207881927, -0.020062902942299843, 0.018901780247688293, -0.017099907621741295, 0.019830552861094475]
[-0.322928, 0.051595, -0.499996, -0.391475, -0.422069] => [0.02150048315525055, -0.020039968192577362, 0.01963174156844616, -0.016273386776447296, 0.02065960504114628]
[-0.323798, 0.053377, -0.499877, -0.361494, -0.252873] => [0.02216775342822075, -0.020337261259555817, 0.018352558836340904, -0.017916103824973106, 0.019140079617500305]
[-0.323927, 0.057458, -0.499563, -0.260309, -0.246057] => [0.021955620497465134, -0.02030700072646141, 0.01846708543598652, -0.017757533118128777, 0.01927931047976017]
[-0.322613, 0.046974, -0.499248, -0.486415, -0.393826] => [0.02134748175740242, -0.019881825894117355, 0.01965169608592987, -0.016122709959745407, 0.020727235823869705]
[-0.321883, 0.0601, -0.499955, -0.428679, -0.494611] => [0.02047453075647354, -0.01979437656700611, 0.0202361810952425, -0.01543791126459837, 0.021388817578554153]
[-0.323952, 0.048057, -0.499544, -0.495594, -0.283573] => [0.022050190716981888, -0.020282654091715813, 0.01847258023917675, -0.017740048468112946, 0.019290024414658546]
[-0.323409, 0.044233, -0.499301, -0.275091, -0.497361] => [0.020767416805028915, -0.02023185044527054, 0.019241636618971825, -0.0167945995926857, 0.020202964544296265]
[-0.323258, 0.034652, -0.499972, -0.375519, -0.409501] => [0.01761256530880928, -0.019612040370702744, 0.019870717078447342, -0.0157880038022995, 0.020954815670847893]
[-0.323246, 0.049307, -0.499972, -0.338743, -0.321066] => [0.02198256552219391, -0.020225176587700844, 0.01858058013021946, -0.01757802814245224, 0.01942642405629158]
[-0.322319, 0.058546, -0.499751, -0.264257, -0.324248] => [0.021995902061462402, -0.02027175948023796, 0.01870998553931713, -0.01746489852666855, 0.019562549889087677]
[-0.323467, 0.051016, -0.499369, -0.455234, -0.472617] => [0.020595699548721313, -0.019672833383083344, 0.020307745784521103, -0.015263469889760017, 0.02150545082986355]
[-0.32409, 0.042893, -0.499956, -0.230966, -0.35427] => [0.02166150137782097, -0.020210223272442818, 0.01870781183242798, -0.0174099151045084, 0.019577812403440475]
[-0.324159, 0.036905, -0.499406, -0.422438, -0.444083] => [0.02048877626657486, -0.019666319712996483, 0.02016388438642025, -0.01540000457316637, 0.021351400762796402]
[-0.323431, 0.041063, -0.499848, -0.230581, -0.249046] => [0.021814316511154175, -0.020286845043301582, 0.018543370068073273, -0.017651908099651337, 0.01937205158174038]
[-0.323532, 0.050659, -0.499405, -0.297978, -0.364407] => [0.021830573678016663, -0.02008555643260479, 0.019019637256860733, -0.016987653449177742, 0.019958168268203735]
[-0.322231, 0.037752, -0.499337, -0.286342, -0.403239] => [0.02099665254354477, -0.019939430058002472, 0.01932973600924015, -0.016502879559993744, 0.02035265974700451]
[-0.322968, 0.061388, -0.499371, -0.45869, -0.232696] => [0.022133488208055496, -0.020333465188741684, 0.018374737352132797, -0.01788710057735443, 0.019166497513651848]
[-0.32366, 0.045333, -0.499856, -0.351869, -0.222201] => [0.022122669965028763, -0.020330829545855522, 0.018376898020505905, -0.01788240298628807, 0.019169669598340988]
[-0.322678, 0.048656, -0.499404, -0.409181, -0.402609] => [0.021633833646774292, -0.019943397492170334, 0.019620390608906746, -0.016212711110711098, 0.020674504339694977]
[-0.323321, 0.041772, -0.499242, -0.34133, -0.402137] => [0.01858299970626831, -0.01970045082271099, 0.019670672714710236, -0.01605343632400036, 0.0207261610776186]
[-0.321929, 0.054663, -0.49963, -0.462549, -0.173152] => [0.022161196917295456, -0.020336324349045753, 0.018356099724769592, -0.01791120134294033, 0.019144384190440178]
[-0.32393, 0.049802, -0.499683, -0.322668, -0.445233] => [0.021082505583763123, -0.02013867162168026, 0.01936786063015461, -0.016631020233035088, 0.02033398300409317]
[-0.324077, 0.03839, -0.499229, -0.433585, -0.381231] => [0.01880548521876335, -0.019720010459423065, 0.019595317542552948, -0.016154754906892776, 0.02063683047890663]
[-0.323714, 0.042128, -0.499941, -0.311449, -0.38526] => [0.020896781235933304, -0.019912946969270706, 0.019264131784439087, -0.016589686274528503, 0.020269112661480904]
[-0.323246, 0.054131, -0.499376, -0.251034, -0.366932] => [0.021725859493017197, -0.020164113491773605, 0.018941162154078484, -0.017121976241469383, 0.019852414727211]
[-0.32322, 0.031942, -0.499238, -0.267932, -0.335626] => [0.021799132227897644, -0.020230218768119812, 0.01863296516239643, -0.017513642087578773, 0.01948678120970726]
[-0.324238, 0.037171, -0.499456, -0.29278, -0.471518] => [0.020768672227859497, -0.02022216096520424, 0.019229676574468613, -0.016800835728645325, 0.02018984779715538]
[-0.322516, 0.035316, -0.499469, -0.354548, -0.272678] => [0.022167883813381195, -0.02033727802336216, 0.018352489918470383, -0.017916200682520866, 0.01913999393582344]
[-0.322451, 0.041269, -0.49976, -0.359243, -0.416483] => [0.018848583102226257, -0.01970825530588627, 0.01974368654191494, -0.015949727967381477, 0.02082257904112339]
[-0.322088, 0.048182, -0.499264, -0.275352, -0.213544] => [0.021907571703195572, -0.02030014619231224, 0.01849302649497986, -0.017721613869071007, 0.01931084878742695]
[-0.323779, 0.054222, -0.499641, -0.229382, -0.191358] => [0.02177847921848297, -0.020281732082366943, 0.018562719225883484, -0.017625119537115097, 0.019395574927330017]
[-0.322727, 0.033727, -0.499892, -0.499737, -0.174099] => [0.0221477709710598, -0.020334409549832344, 0.01836334727704525, -0.017901165410876274, 0.01915319636464119]
[-0.323306, 0.053896, -0.499884, -0.356147, -0.180867] => [0.02202310785651207, -0.020316626876592636, 0.018430648371577263, -0.017807982861995697, 0.01923501491546631]
[-0.322104, 0.051012, -0.499832, -0.239203, -0.420143] => [0.02103414386510849, -0.02016846276819706, 0.019107773900032043, -0.01692185364663601, 0.020040228962898254]
[-0.322292, 0.037895, -0.499897, -0.356147, -0.254882] => [0.022150147706270218, -0.020334748551249504, 0.01836206577718258, -0.01790294051170349, 0.019151637330651283]
[-0.322846, 0.059584, -0.499791, -0.373464, -0.401495] => [0.022255662828683853, -0.02023833617568016, 0.019308969378471375, -0.016786649823188782, 0.020247049629688263]
[-0.322386, 0.038745, -0.499308, -0.326013, -0.381064] => [0.02078213170170784, -0.019902003929018974, 0.01926715113222599, -0.016586609184741974, 0.02027032896876335]
[-0.32264, 0.044837, -0.499215, -0.244949, -0.479122] => [0.020689349621534348, -0.02021467685699463, 0.019231632351875305, -0.016782764345407486, 0.020199526101350784]
[-0.323246, 0.059737, -0.499233, -0.39489, -0.273047] => [0.02240888774394989, -0.020404253154993057, 0.018332049250602722, -0.017995359376072884, 0.019098874181509018]
[-0.323525, 0.042186, -0.499231, -0.308452, -0.334144] => [0.02191035822033882, -0.020162446424365044, 0.01869792677462101, -0.017401866614818573, 0.01957467384636402]
[-0.322652, 0.055091, -0.499493, -0.45531, -0.244549] => [0.02208353951573372, -0.020325247198343277, 0.018398026004433632, -0.017853152006864548, 0.019195353612303734]
[-0.323137, 0.037938, -0.499745, -0.389192, -0.343192] => [0.02173488959670067, -0.02010590210556984, 0.01883975975215435, -0.017197260633111, 0.019750462844967842]
[-0.32388, 0.059943, -0.499738, -0.2628, -0.416919] => [0.02198921889066696, -0.020395217463374138, 0.018921611830592155, -0.01732007786631584, 0.019770056009292603]
[-0.323584, 0.05197, -0.499603, -0.433171, -0.176281] => [0.022181421518325806, -0.020339209586381912, 0.0183451808989048, -0.017926320433616638, 0.01913110911846161]
[-0.323458, 0.039301, -0.499365, -0.369889, -0.259669] => [0.022205494344234467, -0.020342642441391945, 0.018332185223698616, -0.01794431172311306, 0.01911531202495098]
[-0.323417, 0.036381, -0.499902, -0.285594, -0.476381] => [0.02067229524254799, -0.02022431045770645, 0.019245728850364685, -0.016772061586380005, 0.02021646872162819]
[-0.322185, 0.039786, -0.499363, -0.360237, -0.462595] => [0.020409543067216873, -0.01985943876206875, 0.0200343057513237, -0.015686269849538803, 0.021153254434466362]
[-0.323666, 0.049374, -0.49983, -0.248104, -0.334954] => [0.02178380638360977, -0.0201825350522995, 0.018709242343902588, -0.01739615388214588, 0.01958436332643032]
[-0.323397, 0.052804, -0.499754, -0.287596, -0.29526] => [0.022023476660251617, -0.020316679030656815, 0.018430452793836594, -0.017808254808187485, 0.019234774634242058]
[-0.322804, 0.033996, -0.499404, -0.373659, -0.262563] => [0.0221346914768219, -0.020332545042037964, 0.018370408564805984, -0.01789139024913311, 0.019161779433488846]
[-0.32343, 0.038329, -0.499274, -0.286305, -0.213654] => [0.021953817456960678, -0.020306743681430817, 0.018468055874109268, -0.017756188288331032, 0.019280491396784782]
[-0.32306, 0.033592, -0.499434, -0.455948, -0.273632] => [0.0220039002597332, -0.020313886925578117, 0.01844101771712303, -0.017793623730540276, 0.019247621297836304]
[-0.323642, 0.053294, -0.49957, -0.445027, -0.227233] => [0.022148266434669495, -0.020334480330348015, 0.01836308091878891, -0.017901534214615822, 0.019152872264385223]
[-0.322318, 0.054159, -0.49991, -0.322481, -0.221368] => [0.022029295563697815, -0.02031750977039337, 0.018427308648824692, -0.017812605947256088, 0.019230954349040985]
[-0.322107, 0.0321, -0.49932, -0.473315, -0.250947] => [0.021991975605487823, -0.02031218633055687, 0.01844746060669422, -0.017784705385565758, 0.01925545185804367]
[-0.322633, 0.054742, -0.499947, -0.306916, -0.489916] => [0.020995724946260452, -0.02021980844438076, 0.019195159897208214, -0.016866980120539665, 0.020130716264247894]
[-0.323146, 0.032258, -0.499995, -0.314732, -0.238674] => [0.02207278460264206, -0.02032371237874031, 0.018403831869363785, -0.017845110967755318, 0.01920241303741932]
[-0.323512, 0.037149, -0.499235, -0.253055, -0.330256] => [0.021831028163433075, -0.02027864381670952, 0.018550166860222816, -0.017639733850955963, 0.01938144490122795]
[-0.324058, 0.040244, -0.499278, -0.239587, -0.202483] => [0.02181394398212433, -0.020286791026592255, 0.01854356937110424, -0.01765163242816925, 0.01937229372560978]
[-0.324054, 0.04909, -0.499776, -0.475686, -0.467925] => [0.0206313356757164, -0.019644491374492645, 0.020344609394669533, -0.015202214941382408, 0.021554745733737946]
[-0.323104, 0.037572, -0.499571, -0.342229, -0.259178] => [0.02218639850616455, -0.02033991925418377, 0.01834249682724476, -0.017930036410689354, 0.019127845764160156]
[-0.323589, 0.049925, -0.499318, -0.499521, -0.289546] => [0.02199443057179451, -0.020233919844031334, 0.018563637509942055, -0.017603326588869095, 0.019405074417591095]
[-0.323765, 0.062246, -0.499933, -0.258581, -0.411439] => [0.022184699773788452, -0.02043342776596546, 0.01887858472764492, -0.01739766262471676, 0.019712841138243675]
[-0.322058, 0.059822, -0.499442, -0.255333, -0.495727] => [0.0209927037358284, -0.020208556205034256, 0.01919618993997574, -0.016857605427503586, 0.020131602883338928]
[-0.323062, 0.046135, -0.499963, -0.280341, -0.173014] => [0.02176831290125847, -0.02028028294444084, 0.01856820657849312, -0.017617519944906235, 0.019402246922254562]
[-0.322391, 0.06318, -0.499619, -0.295464, -0.226687] => [0.02196916565299034, -0.020308932289481163, 0.018459774553775787, -0.017767654731869698, 0.01927042193710804]
[-0.323007, 0.05985, -0.499498, -0.311772, -0.295389] => [0.022190909832715988, -0.020368704572319984, 0.018434740602970123, -0.01784622296690941, 0.019225941970944405]
[-0.32402, 0.040153, -0.499393, -0.473236, -0.409516] => [0.020073536783456802, -0.019719675183296204, 0.019776979461312294, -0.01588681899011135, 0.020886719226837158]
[-0.323631, 0.045156, -0.499955, -0.417048, -0.290995] => [0.022062920033931732, -0.02031681314110756, 0.018417365849018097, -0.017824938520789146, 0.019219452515244484]
[-0.322257, 0.043841, -0.499511, -0.454667, -0.264759] => [0.022003252059221268, -0.020313795655965805, 0.018441369757056236, -0.017793137580156326, 0.019248049706220627]
[-0.32315, 0.045828, -0.499906, -0.417566, -0.44385] => [0.02059316262602806, -0.01975569687783718, 0.020100735127925873, -0.015537536703050137, 0.02125702239573002]
[-0.323942, 0.059346, -0.499716, -0.460984, -0.430947] => [0.021904215216636658, -0.020123666152358055, 0.01973048597574234, -0.016242144629359245, 0.02074652910232544]
[-0.32346, 0.048712, -0.499942, -0.347583, -0.191332] => [0.022038515657186508, -0.02031882479786873, 0.018422331660985947, -0.017819497734308243, 0.019224904477596283]
[-0.322536, 0.059402, -0.499669, -0.283096, -0.439716] => [0.0216069333255291, -0.020348483696579933, 0.019081449136137962, -0.01710662990808487, 0.01995953358709812]
[-0.32352, 0.047867, -0.499855, -0.416657, -0.324081] => [0.021818634122610092, -0.020138384774327278, 0.01876385509967804, -0.017307717353105545, 0.019655995070934296]
[-0.321978, 0.036814, -0.499318, -0.358008, -0.343556] => [0.021762721240520477, -0.02015010640025139, 0.018764600157737732, -0.017311828210949898, 0.01965479925274849]
[-0.32404, 0.050513, -0.499986, -0.438537, -0.434682] => [0.021213673055171967, -0.019914602860808372, 0.019898327067494392, -0.01588793657720089, 0.0209895558655262]
[-0.323022, 0.043958, -0.499743, -0.252211, -0.308815] => [0.021887924522161484, -0.020297344774007797, 0.01850363053381443, -0.01770693063735962, 0.019323742017149925]
[-0.323507, 0.054776, -0.499577, -0.389475, -0.289522] => [0.022142551839351654, -0.02032606676220894, 0.018377523869276047, -0.017879555001854897, 0.01917123980820179]
[-0.323318, 0.062064, -0.499354, -0.305857, -0.402464] => [0.02231750264763832, -0.020323820412158966, 0.019099855795502663, -0.017079846933484077, 0.01998959109187126]
[-0.323535, 0.033369, -0.499987, -0.320869, -0.431118] => [0.020746145397424698, -0.01992354914546013, 0.019508983939886093, -0.016289470717310905, 0.02055804803967476]
[-0.323942, 0.058548, -0.499726, -0.292684, -0.363382] => [0.022256504744291306, -0.02024991065263748, 0.01896302029490471, -0.017180833965539932, 0.01985177956521511]
[-0.322038, 0.048276, -0.499312, -0.31352, -0.470247] => [0.020875416696071625, -0.02021619863808155, 0.019207540899515152, -0.01683487743139267, 0.02015562914311886]
[-0.321914, 0.033498, -0.499922, -0.34797, -0.375422] => [0.020489707589149475, -0.01987477019429207, 0.01930283196270466, -0.01654037833213806, 0.020308442413806915]
[-0.323282, 0.038065, -0.499866, -0.273402, -0.341932] => [0.021815225481987, -0.020199205726385117, 0.018674062564969063, -0.017448045313358307, 0.019540295004844666]
[-0.323403, 0.052334, -0.499406, -0.405363, -0.287328] => [0.02212490513920784, -0.02033114805817604, 0.018375691026449203, -0.01788407377898693, 0.019168201833963394]
[-0.323946, 0.050409, -0.499351, -0.358895, -0.462374] => [0.020779650658369064, -0.019955670461058617, 0.019771449267864227, -0.016057781875133514, 0.02083083614706993]
[-0.321863, 0.047915, -0.499217, -0.303611, -0.198704] => [0.02189980074763298, -0.020299037918448448, 0.018497219309210777, -0.017715808004140854, 0.019315946847200394]
[-0.323302, 0.057456, -0.499974, -0.495669, -0.428057] => [0.022024434059858322, -0.020097389817237854, 0.01969781331717968, -0.01625831425189972, 0.020718133077025414]
[-0.322107, 0.035572, -0.499572, -0.244616, -0.233388] => [0.02180306240916252, -0.020285239443182945, 0.018549446016550064, -0.01764349453151226, 0.01937943883240223]
[-0.323996, 0.050782, -0.499777, -0.427201, -0.194106] => [0.022208310663700104, -0.02034304477274418, 0.018330667167901993, -0.017946414649486542, 0.019113466143608093]
[-0.323455, 0.041434, -0.499897, -0.414052, -0.29448] => [0.022047139704227448, -0.020319228991866112, 0.01841891184449196, -0.017824018374085426, 0.019220832735300064]
[-0.322584, 0.052895, -0.499317, -0.45312, -0.30171] => [0.021929629147052765, -0.020206652581691742, 0.018660714849829674, -0.017473610118031502, 0.019522173330187798]
[-0.321834, 0.036828, -0.499296, -0.277221, -0.187713] => [0.02177666872739792, -0.0202814731746912, 0.01856369711458683, -0.017623763531446457, 0.019396765157580376]
[-0.322361, 0.042472, -0.499242, -0.362788, -0.339013] => [0.021785635501146317, -0.02014978975057602, 0.018757585436105728, -0.017320603132247925, 0.01964665576815605]
[-0.322689, 0.058713, -0.499338, -0.453442, -0.28152] => [0.022168543189764023, -0.020336715504527092, 0.018485283479094505, -0.01776750385761261, 0.019290827214717865]
[-0.322627, 0.05123, -0.499647, -0.275931, -0.358832] => [0.02178196981549263, -0.02011457271873951, 0.01893729902803898, -0.017096376046538353, 0.019858665764331818]
[-0.323368, 0.042883, -0.499563, -0.439168, -0.469533] => [0.020410876721143723, -0.019617276266217232, 0.020385444164276123, -0.015132665634155273, 0.021607443690299988]
[-0.323031, 0.063572, -0.499357, -0.276399, -0.468667] => [0.021840140223503113, -0.02041693590581417, 0.019097991287708282, -0.017150213941931725, 0.019957812502980232]
[-0.322329, 0.041203, -0.499294, -0.385681, -0.393299] => [0.019933369010686874, -0.01970801129937172, 0.019726522266864777, -0.015957515686750412, 0.020820580422878265]
[-0.324057, 0.050146, -0.499517, -0.335008, -0.282164] => [0.022178195416927338, -0.020338749513030052, 0.01834692247211933, -0.017923908308148384, 0.019133226945996284]
[-0.322782, 0.052022, -0.499793, -0.476327, -0.471153] => [0.02075178176164627, -0.019690288230776787, 0.020319445058703423, -0.015267266891896725, 0.021514134481549263]
[-0.322044, 0.062409, -0.499369, -0.289972, -0.470125] => [0.021782327443361282, -0.02040347084403038, 0.019113430753350258, -0.017121555283665657, 0.019978869706392288]
[-0.322985, 0.050017, -0.499426, -0.292575, -0.278544] => [0.02202541008591652, -0.0203169547021389, 0.018429407849907875, -0.01780969835817814, 0.01923350803554058]
[-0.322954, 0.053186, -0.499257, -0.387425, -0.187181] => [0.022073455154895782, -0.02032380923628807, 0.018403470516204834, -0.01784561201930046, 0.0192019734531641]
[-0.322968, 0.05054, -0.499403, -0.454862, -0.414779] => [0.021543234586715698, -0.019948462024331093, 0.019732078537344933, -0.016091616824269295, 0.020798927173018456]
[-0.323267, 0.061148, -0.499437, -0.474799, -0.457359] => [0.02163032442331314, -0.019978201016783714, 0.020036272704601288, -0.015807515010237694, 0.021122131496667862]
[-0.323183, 0.061147, -0.499512, -0.351607, -0.192227] => [0.022071026265621185, -0.020323460921645164, 0.018404783681035042, -0.01784379407763481, 0.01920356974005699]
[-0.323858, 0.054683, -0.499787, -0.2388, -0.274771] => [0.021893419325351715, -0.020298128947615623, 0.018500663340091705, -0.017711039632558823, 0.019320132210850716]
[-0.3228, 0.043055, -0.499217, -0.419307, -0.402927] => [0.02124882861971855, -0.019786255434155464, 0.019755356013774872, -0.015938816592097282, 0.020867716521024704]
[-0.323378, 0.042906, -0.499563, -0.438609, -0.470945] => [0.0204041488468647, -0.01961657404899597, 0.020394686609506607, -0.015122342854738235, 0.02161780744791031]
[-0.323376, 0.043036, -0.499565, -0.437591, -0.469742] => [0.020412728190422058, -0.019620945677161217, 0.020380448549985886, -0.015140911564230919, 0.02160085365176201]
[-0.32337, 0.042914, -0.499562, -0.438455, -0.469259] => [0.020413164049386978, -0.019619138911366463, 0.02038099430501461, -0.015138858929276466, 0.021602001041173935]
[-0.323366, 0.042741, -0.499565, -0.439158, -0.470958] => [0.020401645451784134, -0.019614405930042267, 0.020398998633027077, -0.015116002410650253, 0.02162320539355278]
[-0.32337, 0.04295, -0.499564, -0.437928, -0.470969] => [0.020404960960149765, -0.0196180809289217, 0.020392419770359993, -0.015125947073101997, 0.021614866331219673]
[-0.323372, 0.04289, -0.499563, -0.438201, -0.470628] => [0.020405851304531097, -0.019617613404989243, 0.020391471683979034, -0.015126558020710945, 0.021613970398902893]
[-0.323374, 0.042843, -0.499562, -0.438771, -0.471364] => [0.020401034504175186, -0.01961526647210121, 0.020399486646056175, -0.015116206370294094, 0.021623477339744568]
[-0.323379, 0.042893, -0.499563, -0.438021, -0.469128] => [0.02041393518447876, -0.019619964063167572, 0.02037919871509075, -0.015141407027840614, 0.0215997863560915]
[-0.323367, 0.042767, -0.499566, -0.437849, -0.469813] => [0.020408853888511658, -0.019618483260273933, 0.020386286079883575, -0.015132688917219639, 0.021608028560876846]
[-0.323367, 0.043107, -0.499565, -0.439919, -0.46914] => [0.020415205508470535, -0.019618043676018715, 0.02038036286830902, -0.015138727612793446, 0.021601608023047447]
[-0.323375, 0.043032, -0.499562, -0.439733, -0.470622] => [0.020406629890203476, -0.019615856930613518, 0.020392827689647675, -0.01512378640472889, 0.02161596156656742]
[-0.323376, 0.04291, -0.499557, -0.439899, -0.470471] => [0.020405802875757217, -0.01961485669016838, 0.02039424143731594, -0.01512145809829235, 0.021617822349071503]
[-0.323378, 0.042995, -0.499558, -0.438915, -0.469122] => [0.020414594560861588, -0.019619038328528404, 0.020379723981022835, -0.015140155330300331, 0.021600624546408653]
[-0.323377, 0.04288, -0.499562, -0.438482, -0.469992] => [0.020408913493156433, -0.019617879763245583, 0.02038736827671528, -0.015131110325455666, 0.021609380841255188]
[-0.323377, 0.042913, -0.499557, -0.438944, -0.469989] => [0.020408995449543, -0.019617242738604546, 0.02038802020251751, -0.015129927545785904, 0.021610280498862267]
[-0.323379, 0.043074, -0.499565, -0.439781, -0.470748] => [0.02040649950504303, -0.019615929573774338, 0.02039314992725849, -0.01512352004647255, 0.021616287529468536]
[-0.323379, 0.043022, -0.499567, -0.43736, -0.470372] => [0.020409420132637024, -0.019620442762970924, 0.020385004580020905, -0.015135688707232475, 0.02160601131618023]
[-0.323366, 0.042824, -0.49956, -0.440204, -0.471121] => [0.02040109410881996, -0.01961284689605236, 0.02040155418217182, -0.015112096443772316, 0.021626465022563934]
[-0.323375, 0.042923, -0.49956, -0.439802, -0.470388] => [0.020406480878591537, -0.019615259021520615, 0.020393073558807373, -0.015123013406991959, 0.021616419777274132]
[-0.323367, 0.043017, -0.499562, -0.437384, -0.470105] => [0.02041064202785492, -0.019620666280388832, 0.020383181050419807, -0.015137789770960808, 0.021603941917419434]
[-0.323371, 0.042964, -0.499561, -0.438513, -0.470213] => [0.020408716052770615, -0.019618108868598938, 0.020387768745422363, -0.015130896121263504, 0.021609744057059288]
[-0.323374, 0.042938, -0.499561, -0.439643, -0.470422] => [0.020406585186719894, -0.01961561106145382, 0.02039267309010029, -0.01512372400611639, 0.021615872159600258]
[-0.323371, 0.042879, -0.49956, -0.439134, -0.469235] => [0.020412415266036987, -0.019617682322859764, 0.020383138209581375, -0.015135426074266434, 0.021604791283607483]
[-0.323375, 0.043068, -0.499566, -0.439938, -0.470254] => [0.020408906042575836, -0.01961626671254635, 0.020389769226312637, -0.015127359889447689, 0.02161247283220291]
[-0.323367, 0.042805, -0.499562, -0.439482, -0.469137] => [0.020411793142557144, -0.01961667463183403, 0.020384492352604866, -0.01513316947966814, 0.021606585010886192]
[-0.32338, 0.042954, -0.499562, -0.439118, -0.471095] => [0.02040361613035202, -0.019615789875388145, 0.020396322011947632, -0.015120010823011398, 0.021619828417897224]
[-0.323373, 0.042949, -0.499562, -0.439642, -0.470228] => [0.020407740026712418, -0.019615957513451576, 0.02039094641804695, -0.015125826932489872, 0.021613871678709984]
[-0.323378, 0.042955, -0.499562, -0.438903, -0.469426] => [0.020412538200616837, -0.019618405029177666, 0.020382694900035858, -0.015136498026549816, 0.021604079753160477]
[-0.323367, 0.042775, -0.499563, -0.439256, -0.471345] => [0.02039995789527893, -0.01961393840610981, 0.0204017236828804, -0.015112761408090591, 0.021626334637403488]
[-0.323376, 0.042825, -0.499562, -0.439734, -0.469323] => [0.020410943776369095, -0.019616123288869858, 0.020386207848787308, -0.01513092964887619, 0.0216086283326149]
[-0.32338, 0.043049, -0.499562, -0.439553, -0.470356] => [0.02040838450193405, -0.019616661593317986, 0.020389985293149948, -0.015127439983189106, 0.02161259576678276]
[-0.323371, 0.042937, -0.499562, -0.437911, -0.470344] => [0.020408090204000473, -0.019618837162852287, 0.020387735217809677, -0.015131495893001556, 0.02160949632525444]
[-0.32338, 0.042759, -0.499562, -0.438186, -0.469649] => [0.020409446209669113, -0.019618017598986626, 0.02038601227104664, -0.015132611617445946, 0.021607864648103714]
[-0.323367, 0.042706, -0.499562, -0.437987, -0.470253] => [0.02040567621588707, -0.01961718499660492, 0.0203911941498518, -0.015126446262001991, 0.021613813936710358]
[-0.323372, 0.043064, -0.499558, -0.437907, -0.469727] => [0.020412873476743698, -0.019620532169938087, 0.020380772650241852, -0.015140249393880367, 0.021601328626275063]
[-0.323367, 0.04271, -0.499561, -0.437899, -0.46922] => [0.020411211997270584, -0.019618738442659378, 0.020382829010486603, -0.01513652689754963, 0.021604159846901894]
[-0.323372, 0.042866, -0.499557, -0.440184, -0.470542] => [0.02040468156337738, -0.019613932818174362, 0.0203962791711092, -0.01511855237185955, 0.021620340645313263]
[-0.323367, 0.042826, -0.499562, -0.438411, -0.470323] => [0.02040649950504303, -0.019617175683379173, 0.020390739664435387, -0.015126962214708328, 0.02161330170929432]
[-0.323377, 0.042688, -0.499563, -0.438192, -0.470785] => [0.020402587950229645, -0.01961599662899971, 0.020396139472723007, -0.015120270662009716, 0.021619601175189018]
[-0.323373, 0.042906, -0.49956, -0.438283, -0.470682] => [0.020405691117048264, -0.019617483019828796, 0.020391875877976418, -0.015126033686101437, 0.021614450961351395]
[-0.323371, 0.042888, -0.499562, -0.439864, -0.47088] => [0.020403407514095306, -0.01961425691843033, 0.020397663116455078, -0.015117350965738297, 0.021621765568852425]
[-0.323366, 0.042754, -0.499561, -0.437826, -0.469135] => [0.02041223645210266, -0.01961929351091385, 0.020381227135658264, -0.015138676390051842, 0.02160223014652729]
[-0.323379, 0.042792, -0.499564, -0.43885, -0.469923] => [0.020407989621162415, -0.019616706296801567, 0.020389217883348465, -0.015128192491829395, 0.02161177061498165]
[-0.323375, 0.043025, -0.499567, -0.439338, -0.471015] => [0.020404770970344543, -0.019616039469838142, 0.020394951105117798, -0.015121680684387684, 0.02161824330687523]
[-0.323375, 0.042921, -0.499566, -0.439873, -0.469779] => [0.02040965110063553, -0.01961597613990307, 0.020388413220643997, -0.015128513798117638, 0.021611085161566734]
[-0.323367, 0.042984, -0.499559, -0.438854, -0.469682] => [0.020411495119333267, -0.0196183230727911, 0.020384162664413452, -0.015134885907173157, 0.0216057151556015]
[-0.323378, 0.043101, -0.49956, -0.438908, -0.47111] => [0.020405445247888565, -0.019617168232798576, 0.020393427461385727, -0.015124216675758362, 0.021616224199533463]
[-0.323376, 0.042946, -0.499557, -0.43822, -0.469147] => [0.020414292812347412, -0.019619900733232498, 0.020379045978188515, -0.01514153741300106, 0.021599629893898964]
[-0.323378, 0.042738, -0.499565, -0.439983, -0.469292] => [0.02040991559624672, -0.01961512677371502, 0.020388027653098106, -0.015128185972571373, 0.021610932424664497]
[-0.32337, 0.043093, -0.499562, -0.437749, -0.47029] => [0.020410381257534027, -0.019620303064584732, 0.020384225994348526, -0.015136423520743847, 0.02160518988966942]
[-0.32337, 0.043065, -0.499566, -0.439698, -0.471106] => [0.02040451020002365, -0.019615538418293, 0.0203959122300148, -0.015120281837880611, 0.021619439125061035]
[-0.323376, 0.042732, -0.499564, -0.440331, -0.470894] => [0.02040116861462593, -0.01961231417953968, 0.020401576533913612, -0.015111623331904411, 0.021626655012369156]
[-0.32337, 0.042818, -0.499566, -0.438759, -0.470955] => [0.02040289342403412, -0.01961568556725979, 0.020396623760461807, -0.015119556337594986, 0.021620210260152817]
[-0.323377, 0.043028, -0.499566, -0.439939, -0.471279] => [0.02040303498506546, -0.01961461827158928, 0.020398486405611038, -0.015116820111870766, 0.021622544154524803]
[-0.323376, 0.042982, -0.499563, -0.438042, -0.469685] => [0.020412061363458633, -0.019619809463620186, 0.020382093265652657, -0.015138252638280392, 0.02160300314426422]
[-0.323373, 0.043073, -0.499559, -0.437658, -0.470502] => [0.020409073680639267, -0.019620021805167198, 0.020386047661304474, -0.015134267508983612, 0.021607276052236557]
[-0.323372, 0.042978, -0.49956, -0.439348, -0.469843] => [0.020410288125276566, -0.01961718685925007, 0.02038673311471939, -0.015131267718970776, 0.021608876064419746]
[-0.323374, 0.042884, -0.49956, -0.439712, -0.469569] => [0.020410362631082535, -0.01961623504757881, 0.020387105643749237, -0.015130086801946163, 0.021609576418995857]
[-0.323379, 0.042809, -0.499563, -0.437375, -0.46919] => [0.020413003861904144, -0.01962045207619667, 0.020379511639475822, -0.015141433104872704, 0.021599994972348213]
[-0.323369, 0.042925, -0.499561, -0.438031, -0.469466] => [0.020412467420101166, -0.019619695842266083, 0.0203813835978508, -0.015138890594244003, 0.021602263674139977]
[-0.323376, 0.04285, -0.499559, -0.439165, -0.470409] => [0.020405881106853485, -0.01961585506796837, 0.02039291523396969, -0.015123629942536354, 0.021616077050566673]
[-0.323368, 0.042833, -0.499559, -0.439543, -0.471073] => [0.020401887595653534, -0.01961416006088257, 0.02039938047528267, -0.015115439891815186, 0.021623685956001282]
[-0.323371, 0.042735, -0.499558, -0.437993, -0.470628] => [0.020404048264026642, -0.019616849720478058, 0.02039370685815811, -0.015123534016311169, 0.02161666937172413]
[-0.323366, 0.042942, -0.49956, -0.439079, -0.469633] => [0.020411096513271332, -0.01961769349873066, 0.020385051146149635, -0.015133432112634182, 0.02160688303411007]
[-0.323371, 0.043114, -0.499565, -0.438934, -0.469435] => [0.02041439712047577, -0.019619479775428772, 0.020380079746246338, -0.015140168368816376, 0.021600870415568352]
[-0.323375, 0.042752, -0.49956, -0.440196, -0.469309] => [0.020409811288118362, -0.019614776596426964, 0.020388545468449593, -0.015127363614737988, 0.02161160483956337]
[-0.323379, 0.043087, -0.499566, -0.438792, -0.469545] => [0.020413637161254883, -0.01961941458284855, 0.020381007343530655, -0.015139127150177956, 0.02160191349685192]
[-0.323369, 0.042698, -0.499559, -0.438946, -0.469585] => [0.02040845900774002, -0.0196162648499012, 0.020388545468449593, -0.015128519386053085, 0.021611172705888748]
[-0.323369, 0.042745, -0.499565, -0.438997, -0.469653] => [0.020408689975738525, -0.019616464152932167, 0.020388295873999596, -0.01512895803898573, 0.021610833704471588]
[-0.32338, 0.042774, -0.499565, -0.43861, -0.469531] => [0.020410001277923584, -0.019617540761828423, 0.02038583904504776, -0.015132423490285873, 0.021607812494039536]
[-0.323372, 0.042939, -0.499561, -0.437398, -0.469928] => [0.020410634577274323, -0.019620323553681374, 0.02038317173719406, -0.015137500129640102, 0.021604042500257492]
[-0.323374, 0.043025, -0.499563, -0.438208, -0.471358] => [0.0204036682844162, -0.019617585465312004, 0.020394882187247276, -0.015122977085411549, 0.02161771059036255]
[-0.323378, 0.042679, -0.499566, -0.439934, -0.470607] => [0.020402316004037857, -0.019613055512309074, 0.020399203523993492, -0.01511470042169094, 0.02162383496761322]
[-0.323379, 0.042914, -0.499559, -0.440481, -0.469844] => [0.020408805459737778, -0.0196146909147501, 0.020390672609210014, -0.01512510422617197, 0.021613948047161102]
[-0.323371, 0.043004, -0.499562, -0.439348, -0.469228] => [0.020413853228092194, -0.019618207588791847, 0.02038143388926983, -0.01513768918812275, 0.021602747961878777]
[-0.323375, 0.042816, -0.499557, -0.439544, -0.47075] => [0.020403411239385605, -0.019614459946751595, 0.020397156476974487, -0.015118025243282318, 0.021621156483888626]
[-0.323375, 0.042964, -0.499557, -0.438554, -0.469684] => [0.02041146531701088, -0.01961871050298214, 0.02038378268480301, -0.015135589055716991, 0.02160518616437912]
[-0.323377, 0.043034, -0.499559, -0.439458, -0.470057] => [0.020409800112247467, -0.019617097452282906, 0.020387724041938782, -0.015130169689655304, 0.02160998433828354]
[-0.323375, 0.043013, -0.499558, -0.439969, -0.471178] => [0.020403292030096054, -0.01961452327668667, 0.02039816975593567, -0.015117073431611061, 0.021622227504849434]
[-0.32338, 0.042834, -0.499563, -0.439981, -0.469302] => [0.020411036908626556, -0.01961578242480755, 0.020386477932333946, -0.015130378305912018, 0.021609025076031685]
[-0.323373, 0.042822, -0.499561, -0.439376, -0.471353] => [0.020400434732437134, -0.01961403340101242, 0.02040129527449608, -0.01511331181973219, 0.021625827997922897]
[-0.323371, 0.042843, -0.499561, -0.437492, -0.470039] => [0.020408809185028076, -0.019619327038526535, 0.020385930314660072, -0.015133760869503021, 0.021607378497719765]
[-0.323375, 0.042948, -0.499561, -0.438634, -0.470678] => [0.02040601149201393, -0.01961716264486313, 0.020391978323459625, -0.015125688165426254, 0.02161465212702751]
[-0.323374, 0.043097, -0.499561, -0.438328, -0.46985] => [0.020412389189004898, -0.01961986906826496, 0.020382165908813477, -0.015138264745473862, 0.0216030515730381]
[-0.323379, 0.042827, -0.499565, -0.440436, -0.471313] => [0.02040008082985878, -0.019612248986959457, 0.020403461530804634, -0.015109610743820667, 0.021628735587000847]
[-0.323379, 0.043112, -0.499567, -0.438723, -0.471034] => [0.020406153053045273, -0.01961774006485939, 0.020392054691910744, -0.015126124024391174, 0.021614545956254005]
[-0.323379, 0.043048, -0.499565, -0.438377, -0.470174] => [0.02041010931134224, -0.019619042053818703, 0.020385585725307465, -0.015133976005017757, 0.021607058122754097]
[-0.323375, 0.042899, -0.499563, -0.437472, -0.470131] => [0.02040906623005867, -0.01961965672671795, 0.02038559317588806, -0.015134399756789207, 0.02160690352320671]
[-0.323374, 0.042782, -0.499563, -0.43978, -0.470903] => [0.02040207013487816, -0.019613638520240784, 0.0203994307667017, -0.01511495653539896, 0.021623902022838593]
[-0.32338, 0.042703, -0.499566, -0.439606, -0.471215] => [0.020399630069732666, -0.019613008946180344, 0.020402729511260986, -0.015110942535102367, 0.021627720445394516]
[-0.323377, 0.042983, -0.499562, -0.440418, -0.469386] => [0.020412109792232513, -0.01961592584848404, 0.02038569375872612, -0.015131373889744282, 0.021608103066682816]
[-0.323371, 0.042855, -0.499565, -0.440097, -0.47045] => [0.02040513977408409, -0.019614199176430702, 0.020395394414663315, -0.015119696035981178, 0.021619290113449097]
[-0.323375, 0.0429, -0.499564, -0.437403, -0.47079] => [0.02040565386414528, -0.019618917256593704, 0.020390547811985016, -0.015128571540117264, 0.02161256968975067]
[-0.32338, 0.043099, -0.499564, -0.437442, -0.470107] => [0.020411688834428787, -0.019621169194579124, 0.020381856709718704, -0.015139620751142502, 0.0216023288667202]
[-0.32338, 0.04281, -0.499566, -0.43987, -0.469858] => [0.020407915115356445, -0.01961509697139263, 0.020390916615724564, -0.01512513030320406, 0.021614110097289085]
[-0.323372, 0.042695, -0.499561, -0.437656, -0.470447] => [0.020404759794473648, -0.019617442041635513, 0.020392077043652534, -0.015125715173780918, 0.02161470800638199]
[-0.323375, 0.042813, -0.499566, -0.439721, -0.469953] => [0.02040751278400421, -0.019615255296230316, 0.020391251891851425, -0.01512490026652813, 0.021614430472254753]
[-0.323378, 0.042871, -0.499567, -0.439035, -0.471123] => [0.020402532070875168, -0.019615354016423225, 0.02039767988026142, -0.015118198469281197, 0.02162146009504795]
[-0.323376, 0.043068, -0.499562, -0.440459, -0.470176] => [0.020408958196640015, -0.019615398719906807, 0.020390527322888374, -0.015125870704650879, 0.02161356247961521]
[-0.323375, 0.043095, -0.49956, -0.437746, -0.47104] => [0.02040647342801094, -0.01961931213736534, 0.020390082150697708, -0.015129447914659977, 0.02161191590130329]
[-0.323368, 0.043074, -0.499559, -0.43913, -0.469867] => [0.020411450415849686, -0.019618216902017593, 0.02038475312292576, -0.015134209766983986, 0.021606385707855225]
[-0.323366, 0.042878, -0.499566, -0.440468, -0.469984] => [0.02040760964155197, -0.019614316523075104, 0.020392274484038353, -0.015123095363378525, 0.021615825593471527]
[-0.323379, 0.042702, -0.499565, -0.437376, -0.470973] => [0.020402323454618454, -0.019617335870862007, 0.02039528638124466, -0.015122238546609879, 0.02161826565861702]
[-0.323376, 0.043051, -0.499558, -0.439958, -0.469851] => [0.02041076123714447, -0.01961658149957657, 0.020387088879942894, -0.015130437910556793, 0.021609436720609665]
[-0.323368, 0.043103, -0.499566, -0.439124, -0.469868] => [0.02041184902191162, -0.01961848884820938, 0.020384127274155617, -0.015135095454752445, 0.021605614572763443]
[-0.323369, 0.042968, -0.499562, -0.43933, -0.470474] => [0.020406853407621384, -0.019616322591900826, 0.02039177715778351, -0.015125242061913013, 0.02161467634141445]
[-0.323377, 0.042788, -0.499557, -0.43784, -0.469155] => [0.020412571728229523, -0.01961946114897728, 0.020380869507789612, -0.0151392025873065, 0.021601783111691475]
[-0.323377, 0.042903, -0.499563, -0.439408, -0.469735] => [0.020409952849149704, -0.01961672306060791, 0.020387260243296623, -0.015130317769944668, 0.021609600633382797]
[-0.323376, 0.0431, -0.499559, -0.439382, -0.470365] => [0.020409025251865387, -0.019617291167378426, 0.020388813689351082, -0.015129193663597107, 0.02161111682653427]
[-0.323379, 0.042684, -0.499562, -0.437379, -0.469321] => [0.020410772413015366, -0.019619377329945564, 0.0203827153891325, -0.015137149021029472, 0.021603846922516823]
[-0.323381, 0.043069, -0.49956, -0.440445, -0.470321] => [0.020408231765031815, -0.01961522549390793, 0.02039163187146187, -0.015124568715691566, 0.02161482721567154]
[-0.323376, 0.043013, -0.499561, -0.438373, -0.470708] => [0.020406827330589294, -0.01961805298924446, 0.02039043791592121, -0.01512804627418518, 0.021612688899040222]
[-0.323374, 0.042716, -0.499558, -0.439024, -0.470729] => [0.020402632653713226, -0.019614726305007935, 0.02039739489555359, -0.01511794701218605, 0.021621350198984146]
[-0.323377, 0.043104, -0.499559, -0.43746, -0.469801] => [0.020413298159837723, -0.019621536135673523, 0.02037951350212097, -0.015142392367124557, 0.02159964293241501]
[-0.323379, 0.043114, -0.499563, -0.43886, -0.47062] => [0.02040823921561241, -0.019618025049567223, 0.020389188081026077, -0.015129382722079754, 0.02161131054162979]
[-0.323372, 0.04276, -0.499559, -0.439279, -0.470214] => [0.020405709743499756, -0.01961526833474636, 0.020393231883645058, -0.015122795477509499, 0.021616611629724503]
[-0.323379, 0.042703, -0.499561, -0.437668, -0.469807] => [0.020408257842063904, -0.019618336111307144, 0.020386936143040657, -0.015131864696741104, 0.02160879224538803]
[-0.323378, 0.042868, -0.499558, -0.437591, -0.46977] => [0.020410485565662384, -0.019619664177298546, 0.020383670926094055, -0.01513643004000187, 0.021604791283607483]
[-0.323373, 0.042824, -0.499566, -0.43791, -0.471246] => [0.020402003079652786, -0.019616873934864998, 0.02039666846394539, -0.01512045320123434, 0.021619904786348343]
[-0.323376, 0.042717, -0.499562, -0.437644, -0.469248] => [0.020411372184753418, -0.019619228318333626, 0.020382246002554893, -0.015137536451220512, 0.02160337194800377]
[-0.323367, 0.043047, -0.49956, -0.438676, -0.470741] => [0.0204068161547184, -0.019617686048150063, 0.020390916615724564, -0.01512725930660963, 0.021613318473100662]
[-0.32337, 0.043058, -0.499562, -0.439676, -0.470129] => [0.02040955424308777, -0.01961679756641388, 0.020388389006257057, -0.01512923464179039, 0.021610800176858902]
[-0.323368, 0.042821, -0.499567, -0.43795, -0.470286] => [0.020406972616910934, -0.019618062302470207, 0.020389294251799583, -0.015129191800951958, 0.021611452102661133]
[-0.323376, 0.042781, -0.499563, -0.438622, -0.470668] => [0.02040405571460724, -0.019616033881902695, 0.0203947015106678, -0.015121854841709137, 0.02161799743771553]
[-0.323373, 0.04271, -0.499566, -0.437355, -0.469671] => [0.02040925994515419, -0.0196191668510437, 0.0203848984092474, -0.015134677290916443, 0.021606309339404106]
[-0.323379, 0.042881, -0.499563, -0.440137, -0.469138] => [0.020412366837263107, -0.019616050645709038, 0.020384779199957848, -0.015132404863834381, 0.02160707302391529]
[-0.323368, 0.043103, -0.499563, -0.438925, -0.470617] => [0.020408019423484802, -0.019617823883891106, 0.020389549434185028, -0.015128834173083305, 0.021611768752336502]
[-0.323376, 0.0427, -0.499561, -0.439501, -0.470515] => [0.020403288304805756, -0.019614065065979958, 0.020397130399942398, -0.015117699280381203, 0.021621255204081535]
[-0.323381, 0.042708, -0.499558, -0.438797, -0.47055] => [0.0204036645591259, -0.01961532235145569, 0.020395543426275253, -0.015120379626750946, 0.02161913923919201]
[-0.323369, 0.042733, -0.499565, -0.437515, -0.471255] => [0.020401068031787872, -0.01961691863834858, 0.02039734274148941, -0.015119739808142185, 0.021620646119117737]
[-0.323372, 0.043003, -0.499562, -0.437969, -0.47092] => [0.020405836403369904, -0.019618432968854904, 0.020391257479786873, -0.015127474442124367, 0.021613478660583496]
[-0.323379, 0.043049, -0.499562, -0.439844, -0.470193] => [0.020409051328897476, -0.019616352394223213, 0.020389439538121223, -0.015127772465348244, 0.02161208726465702]
[-0.323376, 0.042958, -0.499558, -0.438719, -0.471036] => [0.020404182374477386, -0.01961657963693142, 0.02039487101137638, -0.015122171491384506, 0.02161800116300583]
[-0.32338, 0.042942, -0.499564, -0.439429, -0.469808] => [0.02041005715727806, -0.019616875797510147, 0.020387187600135803, -0.015130531042814255, 0.02160947024822235]
[-0.323371, 0.042831, -0.499557, -0.438765, -0.470364] => [0.020406104624271393, -0.01961647905409336, 0.020391937345266342, -0.015125149860978127, 0.02161482162773609]
[-0.323378, 0.043007, -0.499558, -0.43947, -0.470316] => [0.02040809392929077, -0.01961653120815754, 0.020390262827277184, -0.015127026475965977, 0.021612945944070816]
[-0.323375, 0.043043, -0.499565, -0.437857, -0.469932] => [0.02041163295507431, -0.01962026208639145, 0.020382484421133995, -0.015138218179345131, 0.021603291854262352]
[-0.323367, 0.042785, -0.499561, -0.439153, -0.469841] => [0.02040804550051689, -0.019616182893514633, 0.02038954198360443, -0.01512742880731821, 0.02161228284239769]
[-0.323373, 0.042741, -0.499564, -0.439576, -0.470264] => [0.020405065268278122, -0.019614573568105698, 0.02039460465312004, -0.015120788477361202, 0.021618325263261795]
[-0.323368, 0.043111, -0.499557, -0.440403, -0.46933] => [0.020413890480995178, -0.019616881385445595, 0.020383130759000778, -0.015134882181882858, 0.0216049924492836]
[-0.32337, 0.043032, -0.499565, -0.440086, -0.469494] => [0.02041233703494072, -0.01961674354970455, 0.020384835079312325, -0.015132943168282509, 0.021606914699077606]
[-0.323369, 0.04302, -0.499559, -0.440326, -0.469536] => [0.020411759614944458, -0.01961611956357956, 0.02038607746362686, -0.015131130814552307, 0.021608464419841766]
[-0.323378, 0.042707, -0.499558, -0.437898, -0.471379] => [0.020399857312440872, -0.01961582899093628, 0.02039981447160244, -0.015116258524358273, 0.021623685956001282]
[-0.323369, 0.042989, -0.49956, -0.44038, -0.470098] => [0.020408395677804947, -0.019615063443779945, 0.020391132682561874, -0.01512493472546339, 0.02161433733999729]
[-0.323372, 0.042741, -0.499557, -0.440191, -0.469255] => [0.020409923046827316, -0.019614752382040024, 0.02038836106657982, -0.015127535909414291, 0.0216114092618227]
[-0.323374, 0.042979, -0.499567, -0.438752, -0.470268] => [0.020408514887094498, -0.01961776427924633, 0.020388426259160042, -0.015129933133721352, 0.0216105654835701]
[-0.323376, 0.042854, -0.499566, -0.438431, -0.470647] => [0.020405203104019165, -0.019616946578025818, 0.020392755046486855, -0.015124662779271603, 0.02161557972431183]
[-0.323375, 0.042957, -0.49956, -0.437516, -0.47103] => [0.020404990762472153, -0.019618764519691467, 0.02039180137217045, -0.015127145685255527, 0.021613983437418938]
[-0.323376, 0.043007, -0.499558, -0.439308, -0.46996] => [0.020410064607858658, -0.019617296755313873, 0.02038707211613655, -0.015131006017327309, 0.021609213203191757]
[-0.323369, 0.042885, -0.499557, -0.438288, -0.471027] => [0.02040356770157814, -0.019616836681962013, 0.02039501629769802, -0.015122191980481148, 0.02161809429526329]
[-0.323379, 0.042827, -0.499565, -0.440488, -0.471334] => [0.02039993554353714, -0.019612126052379608, 0.020403757691383362, -0.015109201893210411, 0.02162909507751465]
[-0.323379, 0.042828, -0.499565, -0.440461, -0.471365] => [0.020399805158376694, -0.01961214281618595, 0.020403914153575897, -0.0151090482249856, 0.02162926271557808]
[-0.323379, 0.042828, -0.499565, -0.440458, -0.471372] => [0.02039976790547371, -0.019612137228250504, 0.020403962582349777, -0.015108994208276272, 0.021629316732287407]
[-0.323379, 0.042827, -0.499565, -0.440433, -0.471346] => [0.02039990946650505, -0.019612209871411324, 0.02040371298789978, -0.01510931458324194, 0.02162902243435383]
[-0.323379, 0.042828, -0.499565, -0.44047, -0.471371] => [0.020399771630764008, -0.01961211860179901, 0.02040398307144642, -0.015108956024050713, 0.021629346534609795]
[-0.323379, 0.042827, -0.499565, -0.440494, -0.471343] => [0.02039988338947296, -0.019612103700637817, 0.020403843373060226, -0.015109092928469181, 0.021629195660352707]
[-0.323379, 0.042827, -0.499565, -0.440475, -0.471371] => [0.020399749279022217, -0.019612101837992668, 0.020404014736413956, -0.015108909457921982, 0.02162938565015793]
[-0.323379, 0.042828, -0.499565, -0.440462, -0.471371] => [0.020399775356054306, -0.019612133502960205, 0.020403962582349777, -0.015108989551663399, 0.021629320457577705]
[-0.323379, 0.042828, -0.499565, -0.440442, -0.471333] => [0.02039998769760132, -0.01961221918463707, 0.02040361613035202, -0.015109425410628319, 0.021628912538290024]
[-0.323379, 0.042827, -0.499565, -0.440497, -0.471338] => [0.02039991319179535, -0.019612105563282967, 0.02040381170809269, -0.015109128318727016, 0.02162916027009487]
[-0.323379, 0.042827, -0.499565, -0.440429, -0.47132] => [0.020400051027536392, -0.019612252712249756, 0.020403500646352768, -0.015109572559595108, 0.02162877656519413]
[-0.323379, 0.042827, -0.499565, -0.440467, -0.471332] => [0.02039996162056923, -0.01961216703057289, 0.02040368877351284, -0.015109306201338768, 0.021629009395837784]
[-0.323379, 0.042828, -0.499565, -0.440465, -0.471313] => [0.02040007710456848, -0.019612204283475876, 0.02040351741015911, -0.01510951854288578, 0.021628808230161667]
[-0.323379, 0.042827, -0.499565, -0.440464, -0.471335] => [0.020399942994117737, -0.01961216889321804, 0.020403705537319183, -0.015109291300177574, 0.021629024296998978]
[-0.323379, 0.042827, -0.499565, -0.440502, -0.471319] => [0.02040000632405281, -0.01961212232708931, 0.020403673872351646, -0.015109286643564701, 0.021629005670547485]
[-0.323379, 0.042828, -0.499565, -0.440473, -0.471314] => [0.020400069653987885, -0.019612189382314682, 0.0204035434871912, -0.015109476633369923, 0.021628843620419502]
[-0.323379, 0.042827, -0.499565, -0.440477, -0.471348] => [0.020399868488311768, -0.019612127915024757, 0.020403839647769928, -0.015109116211533546, 0.02162918634712696]
[-0.323379, 0.042828, -0.499565, -0.440435, -0.471312] => [0.020400099456310272, -0.019612260162830353, 0.020403433591127396, -0.015109650790691376, 0.02162870019674301]
[-0.323379, 0.042828, -0.499565, -0.440491, -0.471315] => [0.020400051027536392, -0.019612153992056847, 0.020403597503900528, -0.015109392814338207, 0.021628912538290024]
[-0.323379, 0.042827, -0.499565, -0.440459, -0.471349] => [0.020399875938892365, -0.019612159579992294, 0.020403802394866943, -0.015109180472791195, 0.02162913605570793]
[-0.323379, 0.042828, -0.499565, -0.440472, -0.471337] => [0.020399950444698334, -0.019612159579992294, 0.020403722301125526, -0.01510926615446806, 0.02162904664874077]
[-0.323379, 0.042827, -0.499565, -0.440454, -0.471355] => [0.020399853587150574, -0.019612159579992294, 0.02040383592247963, -0.015109146013855934, 0.021629171445965767]
[-0.323379, 0.042828, -0.499565, -0.440458, -0.471348] => [0.02039989084005356, -0.01961217075586319, 0.020403774455189705, -0.015109218657016754, 0.021629100665450096]
[-0.323379, 0.042827, -0.499565, -0.440496, -0.471335] => [0.020399924367666245, -0.019612111151218414, 0.0204037856310606, -0.015109159983694553, 0.021629132330417633]
[-0.323379, 0.042828, -0.499565, -0.440467, -0.471375] => [0.020399749279022217, -0.01961211860179901, 0.02040400728583336, -0.015108931809663773, 0.021629372611641884]
[-0.323379, 0.042828, -0.499565, -0.440488, -0.471357] => [0.020399831235408783, -0.019612103700637817, 0.020403917878866196, -0.015109013766050339, 0.021629279479384422]
[-0.323379, 0.042828, -0.499565, -0.440496, -0.471337] => [0.020399928092956543, -0.019612116739153862, 0.020403781905770302, -0.015109168365597725, 0.021629124879837036]
[-0.323379, 0.042827, -0.499565, -0.440491, -0.471318] => [0.020400021225214005, -0.01961214281618595, 0.02040363848209381, -0.01510933879762888, 0.021628960967063904]
[-0.323379, 0.042827, -0.499565, -0.440498, -0.471366] => [0.02039976418018341, -0.019612066447734833, 0.0204040315002203, -0.015108863823115826, 0.021629415452480316]
[-0.323379, 0.042828, -0.499565, -0.440497, -0.471335] => [0.02039993926882744, -0.019612116739153862, 0.020403768867254257, -0.015109182335436344, 0.02162911184132099]
[-0.323379, 0.042828, -0.499565, -0.440445, -0.471379] => [0.02039973810315132, -0.019612152129411697, 0.020403984934091568, -0.015108982101082802, 0.02162933722138405]
[-0.323379, 0.042828, -0.499565, -0.440474, -0.471355] => [0.020399846136569977, -0.019612131640315056, 0.020403869450092316, -0.015109087340533733, 0.021629218012094498]
[-0.323379, 0.042828, -0.499565, -0.440432, -0.471317] => [0.020400073379278183, -0.019612258300185204, 0.020403465256094933, -0.01510961540043354, 0.021628735587000847]
[-0.323379, 0.042827, -0.499565, -0.440499, -0.471376] => [0.020399708300828934, -0.01961205154657364, 0.020404113456606865, -0.015108765102922916, 0.021629510447382927]
[-0.323379, 0.042828, -0.499565, -0.440433, -0.471369] => [0.020399805158376694, -0.019612187519669533, 0.020403873175382614, -0.015109127387404442, 0.021629206836223602]
[-0.323379, 0.042828, -0.499565, -0.440474, -0.471321] => [0.0204000286757946, -0.019612178206443787, 0.020403601229190826, -0.015109408646821976, 0.021628908812999725]
[-0.323379, 0.042828, -0.499565, -0.440459, -0.471354] => [0.02039986103773117, -0.019612159579992294, 0.020403824746608734, -0.015109158121049404, 0.021629158407449722]
[-0.323379, 0.042828, -0.499565, -0.440471, -0.471326] => [0.020400002598762512, -0.019612176343798637, 0.020403634756803513, -0.015109370462596416, 0.02162894606590271]
[-0.323379, 0.042828, -0.499565, -0.440486, -0.471322] => [0.02040001004934311, -0.019612152129411697, 0.02040364220738411, -0.015109345316886902, 0.021628960967063904]
[-0.323379, 0.042827, -0.499565, -0.440459, -0.471315] => [0.02040005475282669, -0.019612204283475876, 0.020403534173965454, -0.015109498985111713, 0.02162882871925831]
[-0.323379, 0.042827, -0.499565, -0.440502, -0.471335] => [0.020399924367666245, -0.019612101837992668, 0.020403798669576645, -0.015109137631952763, 0.021629149094223976]
[-0.323379, 0.042828, -0.499565, -0.440444, -0.471327] => [0.02040001004934311, -0.019612224772572517, 0.020403573289513588, -0.015109473839402199, 0.021628864109516144]
[-0.323379, 0.042828, -0.499565, -0.440489, -0.471318] => [0.0204000324010849, -0.019612153992056847, 0.02040361799299717, -0.015109371393918991, 0.021628933027386665]
[-0.323379, 0.042828, -0.499565, -0.440486, -0.471367] => [0.020399779081344604, -0.01961209438741207, 0.020403992384672165, -0.015108926221728325, 0.021629365161061287]
[-0.323379, 0.042827, -0.499565, -0.440476, -0.471353] => [0.020399846136569977, -0.01961212232708931, 0.020403876900672913, -0.015109071508049965, 0.021629229187965393]
[-0.323379, 0.042827, -0.499565, -0.440469, -0.471317] => [0.020400039851665497, -0.019612183794379234, 0.020403575152158737, -0.015109439380466938, 0.021628879010677338]
[-0.323379, 0.042827, -0.499565, -0.440461, -0.471353] => [0.020399857312440872, -0.019612150266766548, 0.020403839647769928, -0.01510913297533989, 0.021629178896546364]
[-0.323379, 0.042828, -0.499565, -0.440502, -0.471335] => [0.02039993554353714, -0.019612107425928116, 0.020403781905770302, -0.015109160915017128, 0.021629128605127335]
[-0.323379, 0.042827, -0.499565, -0.440479, -0.471376] => [0.02039971947669983, -0.019612086936831474, 0.020404063165187836, -0.015108847059309483, 0.021629445254802704]
[-0.323379, 0.042828, -0.499565, -0.440478, -0.471342] => [0.020399916917085648, -0.01961214281618595, 0.020403776317834854, -0.015109194442629814, 0.02162911184132099]
[-0.323379, 0.042827, -0.499565, -0.440461, -0.471321] => [0.020400021225214005, -0.01961219310760498, 0.020403588190674782, -0.015109431929886341, 0.021628892049193382]
[-0.323379, 0.042828, -0.499565, -0.440496, -0.471348] => [0.020399868488311768, -0.019612101837992668, 0.020403867587447166, -0.015109065920114517, 0.021629225462675095]
[-0.323379, 0.042827, -0.499565, -0.440437, -0.471316] => [0.020400065928697586, -0.01961224339902401, 0.020403489470481873, -0.015109578147530556, 0.021628765389323235]
[-0.323379, 0.042827, -0.499565, -0.440476, -0.471335] => [0.02039993926882744, -0.01961214654147625, 0.02040373533964157, -0.015109241008758545, 0.02162906527519226]
[-0.323379, 0.042828, -0.499565, -0.44044, -0.471319] => [0.02040005847811699, -0.01961223967373371, 0.020403502508997917, -0.015109561383724213, 0.021628782153129578]
[-0.323379, 0.042827, -0.499565, -0.440504, -0.471343] => [0.02039988338947296, -0.019612086936831474, 0.020403867587447166, -0.015109054744243622, 0.021629227325320244]
[-0.323379, 0.042828, -0.499565, -0.440476, -0.471313] => [0.020400069653987885, -0.019612185657024384, 0.0204035434871912, -0.015109475702047348, 0.021628841757774353]
[-0.323379, 0.042828, -0.499565, -0.44044, -0.471326] => [0.020400021225214005, -0.019612232223153114, 0.020403554663062096, -0.015109499916434288, 0.021628841757774353]
[-0.323379, 0.042828, -0.499565, -0.440447, -0.471346] => [0.02039991319179535, -0.01961219310760498, 0.020403729751706123, -0.015109283849596977, 0.02162904478609562]
[-0.323379, 0.042828, -0.499565, -0.440499, -0.471366] => [0.020399775356054306, -0.01961207203567028, 0.020404018461704254, -0.015108882449567318, 0.021629398688673973]
[-0.323379, 0.042828, -0.499565, -0.440448, -0.471349] => [0.020399898290634155, -0.019612185657024384, 0.020403755828738213, -0.015109250321984291, 0.021629076451063156]
[-0.323379, 0.042827, -0.499565, -0.440472, -0.471353] => [0.020399846136569977, -0.019612129777669907, 0.020403867587447166, -0.015109088271856308, 0.02162921614944935]
[-0.323379, 0.042827, -0.499565, -0.440459, -0.471371] => [0.020399760454893112, -0.019612129777669907, 0.020403973758220673, -0.015108974650502205, 0.02162933349609375]
[-0.323379, 0.042827, -0.499565, -0.440479, -0.471345] => [0.02039988338947296, -0.019612127915024757, 0.020403821021318436, -0.015109136700630188, 0.02162916399538517]
[-0.323379, 0.042828, -0.499565, -0.440476, -0.471368] => [0.020399779081344604, -0.019612111151218414, 0.02040397748351097, -0.015108956955373287, 0.021629340946674347]
[-0.323379, 0.042827, -0.499565, -0.440443, -0.471377] => [0.02039974182844162, -0.019612150266766548, 0.02040398120880127, -0.015108983963727951, 0.0216293353587389]
[-0.323379, 0.042828, -0.499565, -0.440489, -0.47138] => [0.020399704575538635, -0.01961207017302513, 0.02040410228073597, -0.015108793042600155, 0.021629491820931435]
[-0.323379, 0.042828, -0.499565, -0.440463, -0.471365] => [0.020399805158376694, -0.019612137228250504, 0.020403919741511345, -0.015109037980437279, 0.021629272028803825]
[-0.323379, 0.042828, -0.499565, -0.440439, -0.471331] => [0.020399998873472214, -0.019612226635217667, 0.02040359191596508, -0.015109456144273281, 0.021628884598612785]
[-0.323379, 0.042828, -0.499565, -0.440435, -0.471343] => [0.02039993926882744, -0.01961221732199192, 0.020403677597641945, -0.015109357424080372, 0.021628983318805695]
[-0.323379, 0.042827, -0.499565, -0.440482, -0.471318] => [0.020400024950504303, -0.019612159579992294, 0.02040361799299717, -0.01510937511920929, 0.021628933027386665]
[-0.323379, 0.042828, -0.499565, -0.440443, -0.471322] => [0.020400043576955795, -0.019612230360507965, 0.020403534173965454, -0.01510952040553093, 0.021628819406032562]
[-0.323379, 0.042827, -0.499565, -0.440455, -0.47132] => [0.0204000286757946, -0.019612204283475876, 0.02040356583893299, -0.015109467320144176, 0.021628860384225845]
[-0.323379, 0.042828, -0.499565, -0.440472, -0.471357] => [0.02039984241127968, -0.019612133502960205, 0.020403878763318062, -0.015109078027307987, 0.021629227325320244]
[-0.323379, 0.042827, -0.499565, -0.440485, -0.471314] => [0.020400043576955795, -0.019612159579992294, 0.02040359377861023, -0.015109401196241379, 0.021628905087709427]
[-0.323379, 0.042827, -0.499565, -0.440496, -0.471322] => [0.020399991422891617, -0.019612129777669907, 0.020403681322932243, -0.015109283849596977, 0.021629013121128082]
[-0.323379, 0.042827, -0.499565, -0.440439, -0.471329] => [0.020399995148181915, -0.019612222909927368, 0.02040359564125538, -0.015109449625015259, 0.021628888323903084]
[-0.323379, 0.042827, -0.499565, -0.440461, -0.47132] => [0.0204000286757946, -0.01961219497025013, 0.020403580740094185, -0.015109443105757236, 0.021628880873322487]
[-0.323379, 0.042828, -0.499565, -0.4405, -0.471334] => [0.020399942994117737, -0.019612113013863564, 0.020403768867254257, -0.015109178610146046, 0.02162911370396614]
[-0.323379, 0.042828, -0.499565, -0.440464, -0.47136] => [0.020399827510118484, -0.01961214281618595, 0.02040388248860836, -0.01510908268392086, 0.021629227325320244]
[-0.323379, 0.042827, -0.499565, -0.440497, -0.471312] => [0.020400043576955795, -0.019612139090895653, 0.020403608679771423, -0.015109370462596416, 0.021628927439451218]
[-0.323379, 0.042827, -0.499565, -0.440484, -0.471343] => [0.02039989084005356, -0.01961212046444416, 0.020403819158673286, -0.015109132044017315, 0.02162916585803032]
[-0.323379, 0.042828, -0.499565, -0.440427, -0.471319] => [0.020400069653987885, -0.01961226388812065, 0.02040346898138523, -0.015109616331756115, 0.021628737449645996]
[-0.323379, 0.042827, -0.499565, -0.440432, -0.471366] => [0.020399805158376694, -0.019612185657024384, 0.020403867587447166, -0.015109132044017315, 0.021629199385643005]
[-0.323379, 0.042827, -0.499565, -0.440468, -0.471313] => [0.020400062203407288, -0.01961219124495983, 0.02040354162454605, -0.015109480358660221, 0.021628841757774353]
[-0.323379, 0.042828, -0.499565, -0.440448, -0.471313] => [0.02040008455514908, -0.019612235948443413, 0.02040347270667553, -0.015109588392078876, 0.02162875235080719]
[-0.323379, 0.042828, -0.499565, -0.440431, -0.471344] => [0.02039993181824684, -0.019612224772572517, 0.020403675734996796, -0.015109365805983543, 0.021628975868225098]
[-0.323379, 0.042828, -0.499565, -0.440456, -0.471371] => [0.020399779081344604, -0.01961214281618595, 0.020403947681188583, -0.015109012834727764, 0.021629299968481064]
[-0.323379, 0.042828, -0.499565, -0.440455, -0.471371] => [0.020399779081344604, -0.0196121446788311, 0.020403943955898285, -0.015109018422663212, 0.021629296243190765]
[-0.323379, 0.042828, -0.499565, -0.440444, -0.471332] => [0.020399991422891617, -0.01961221732199192, 0.020403612405061722, -0.015109428204596043, 0.021628908812999725]
[-0.323379, 0.042827, -0.499565, -0.440449, -0.471333] => [0.020399969071149826, -0.019612198695540428, 0.020403649657964706, -0.01510937325656414, 0.021628957241773605]
[-0.323379, 0.042827, -0.499565, -0.440485, -0.471359] => [0.02039981260895729, -0.01961209811270237, 0.020403945818543434, -0.015108979307115078, 0.02162931114435196]
[-0.323379, 0.042828, -0.499565, -0.4405, -0.471356] => [0.020399823784828186, -0.019612083211541176, 0.020403942093253136, -0.015108971856534481, 0.02162931114435196]
[-0.323379, 0.042827, -0.499565, -0.440461, -0.471339] => [0.020399928092956543, -0.01961216889321804, 0.020403727889060974, -0.01510926615446806, 0.021629050374031067]
[-0.323379, 0.042827, -0.499565, -0.440502, -0.471359] => [0.0203997939825058, -0.019612068310379982, 0.020403986796736717, -0.01510891318321228, 0.021629365161061287]
[-0.323379, 0.042828, -0.499565, -0.440482, -0.471345] => [0.020399894565343857, -0.019612129777669907, 0.02040381170809269, -0.015109147876501083, 0.021629152819514275]
[-0.323379, 0.042828, -0.499565, -0.440454, -0.471334] => [0.020399972796440125, -0.01961219683289528, 0.020403653383255005, -0.015109365805983543, 0.021628960967063904]
[-0.323379, 0.042827, -0.499565, -0.440426, -0.471348] => [0.020399905741214752, -0.01961221918463707, 0.02040371112525463, -0.015109323896467686, 0.02162901684641838]
[-0.323379, 0.042827, -0.499565, -0.440442, -0.471379] => [0.020399730652570724, -0.019612150266766548, 0.020403994247317314, -0.015108969062566757, 0.021629350259900093]
[-0.323379, 0.042828, -0.499565, -0.440494, -0.471319] => [0.020400024950504303, -0.01961214281618595, 0.020403636619448662, -0.015109343454241753, 0.021628957241773605]
[-0.323379, 0.042828, -0.499565, -0.440468, -0.47135] => [0.020399879664182663, -0.0196121484041214, 0.020403815433382988, -0.01510915718972683, 0.021629154682159424]
[-0.323379, 0.042828, -0.499565, -0.440456, -0.471381] => [0.020399726927280426, -0.019612129777669907, 0.02040402591228485, -0.015108920633792877, 0.021629391238093376]
[-0.323379, 0.042828, -0.499565, -0.440496, -0.471351] => [0.020399853587150574, -0.01961209811270237, 0.020403891801834106, -0.015109037049114704, 0.021629251539707184]
[-0.323379, 0.042827, -0.499565, -0.440466, -0.471322] => [0.020400013774633408, -0.019612181931734085, 0.020403608679771423, -0.015109402127563953, 0.021628916263580322]
[-0.323379, 0.042828, -0.499565, -0.440453, -0.471373] => [0.02039976790547371, -0.0196121446788311, 0.02040395699441433, -0.015109005384147167, 0.02162931114435196]
[-0.323379, 0.042828, -0.499565, -0.440445, -0.471314] => [0.02040007710456848, -0.019612237811088562, 0.020403476431965828, -0.015109587460756302, 0.02162875421345234]
[-0.323379, 0.042828, -0.499565, -0.440502, -0.471337] => [0.020399928092956543, -0.019612105563282967, 0.020403798669576645, -0.015109141357243061, 0.021629147231578827]
[-0.323379, 0.042828, -0.499565, -0.440436, -0.471328] => [0.020400013774633408, -0.019612235948443413, 0.020403562113642693, -0.01510949619114399, 0.0216288473457098]
[-0.323379, 0.042828, -0.499565, -0.440439, -0.471318] => [0.020400065928697586, -0.01961224526166916, 0.020403489470481873, -0.015109580010175705, 0.021628765389323235]
[-0.323379, 0.042828, -0.499565, -0.440459, -0.471312] => [0.02040008455514908, -0.01961221732199192, 0.02040349319577217, -0.015109553001821041, 0.02162877842783928]
[-0.323379, 0.042828, -0.499565, -0.44044, -0.471362] => [0.020399831235408783, -0.019612183794379234, 0.020403839647769928, -0.015109159983694553, 0.021629169583320618]
[-0.323379, 0.042827, -0.499565, -0.440487, -0.471337] => [0.020399916917085648, -0.019612126052379608, 0.020403778180480003, -0.01510917954146862, 0.02162911742925644]
[-0.323379, 0.042827, -0.499565, -0.440484, -0.471372] => [0.02039974182844162, -0.019612083211541176, 0.020404044538736343, -0.015108863823115826, 0.021629424765706062]
[-0.323379, 0.042827, -0.499565, -0.44044, -0.471342] => [0.020399928092956543, -0.019612202420830727, 0.020403699949383736, -0.015109322033822536, 0.021629009395837784]
[-0.323379, 0.042827, -0.499565, -0.440427, -0.471367] => [0.020399805158376694, -0.01961219310760498, 0.020403863862156868, -0.015109142288565636, 0.02162919193506241]
[-0.323379, 0.042828, -0.499565, -0.440494, -0.471329] => [0.020399972796440125, -0.019612129777669907, 0.02040371485054493, -0.015109250321984291, 0.021629048511385918]
[-0.323379, 0.042827, -0.499565, -0.440472, -0.471373] => [0.02039974182844162, -0.019612103700637817, 0.020404022186994553, -0.015108902007341385, 0.021629394963383675]
[-0.323379, 0.042828, -0.499565, -0.440463, -0.471312] => [0.02040008082985878, -0.019612208008766174, 0.020403504371643066, -0.015109535306692123, 0.021628793329000473]
[-0.323379, 0.042828, -0.499565, -0.440483, -0.471347] => [0.02039988711476326, -0.019612126052379608, 0.020403828471899033, -0.015109127387404442, 0.021629173308610916]
[-0.323379, 0.042828, -0.499565, -0.440463, -0.471378] => [0.020399734377861023, -0.01961212046444416, 0.020404020324349403, -0.015108918771147728, 0.021629387512803078]
[-0.323379, 0.042827, -0.499565, -0.440472, -0.471316] => [0.020400043576955795, -0.019612180069088936, 0.020403577014803886, -0.015109434723854065, 0.021628880873322487]
[-0.323379, 0.042828, -0.499565, -0.44049, -0.471354] => [0.02039984241127968, -0.019612105563282967, 0.020403899252414703, -0.015109035186469555, 0.02162925712764263]
[-0.323379, 0.042827, -0.499565, -0.440505, -0.471355] => [0.02039981633424759, -0.019612068310379982, 0.020403964444994926, -0.01510893739759922, 0.021629340946674347]
[-0.323379, 0.042828, -0.499565, -0.440449, -0.471332] => [0.02039998397231102, -0.019612208008766174, 0.020403623580932617, -0.015109407715499401, 0.02162892557680607]
[-0.323379, 0.042827, -0.499565, -0.440503, -0.471338] => [0.02039990946650505, -0.01961209438741207, 0.020403826609253883, -0.015109103173017502, 0.021629180759191513]
[-0.323379, 0.042827, -0.499565, -0.440431, -0.471379] => [0.02039974182844162, -0.01961216889321804, 0.020403968170285225, -0.015109012834727764, 0.021629314869642258]
[-0.323379, 0.042827, -0.499565, -0.440503, -0.471322] => [0.020399991422891617, -0.019612116739153862, 0.020403699949383736, -0.015109254978597164, 0.021629035472869873]
[-0.323379, 0.042828, -0.499565, -0.440431, -0.47132] => [0.020400062203407288, -0.019612256437540054, 0.020403485745191574, -0.01510959304869175, 0.021628757938742638]
[-0.323379, 0.042828, -0.499565, -0.440476, -0.471344] => [0.020399902015924454, -0.01961214281618595, 0.02040378749370575, -0.01510918140411377, 0.021629124879837036]
[-0.323379, 0.042828, -0.499565, -0.440506, -0.471372] => [0.02039974182844162, -0.01961205154657364, 0.020404081791639328, -0.015108799561858177, 0.02162947505712509]
[-0.323379, 0.042827, -0.499565, -0.440433, -0.471338] => [0.020399954169988632, -0.01961222104728222, 0.020403649657964706, -0.015109390020370483, 0.02162894979119301]
[-0.323379, 0.042828, -0.499565, -0.440434, -0.471343] => [0.02039993554353714, -0.01961222104728222, 0.020403673872351646, -0.015109363943338394, 0.021628975868225098]
[-0.323379, 0.042827, -0.499565, -0.440453, -0.471364] => [0.020399805158376694, -0.019612150266766548, 0.02040390484035015, -0.015109064057469368, 0.021629251539707184]
[-0.323379, 0.042827, -0.499565, -0.440427, -0.471319] => [0.02040005475282669, -0.019612256437540054, 0.020403487607836723, -0.0151095911860466, 0.021628759801387787]
[-0.323379, 0.042828, -0.499565, -0.440504, -0.471343] => [0.020399894565343857, -0.019612092524766922, 0.020403850823640823, -0.015109077095985413, 0.021629206836223602]
[-0.323379, 0.042827, -0.499565, -0.440438, -0.471373] => [0.020399760454893112, -0.019612165167927742, 0.020403938367962837, -0.015109039843082428, 0.02162928320467472]
[-0.323379, 0.042827, -0.499565, -0.440502, -0.471341] => [0.02039989084005356, -0.019612092524766922, 0.020403847098350525, -0.015109078958630562, 0.021629204973578453]
[-0.323379, 0.042827, -0.499565, -0.440475, -0.471344] => [0.02039989084005356, -0.019612137228250504, 0.020403802394866943, -0.015109160915017128, 0.02162914350628853]
[-0.323379, 0.042827, -0.499565, -0.440482, -0.471349] => [0.02039986103773117, -0.01961211860179901, 0.02040386013686657, -0.015109086409211159, 0.0216292105615139]
[-0.323379, 0.042828, -0.499565, -0.4405, -0.471355] => [0.020399827510118484, -0.019612085074186325, 0.02040393464267254, -0.015108983032405376, 0.021629301831126213]
[-0.323379, 0.042827, -0.499565, -0.440457, -0.471378] => [0.020399723201990128, -0.01961212418973446, 0.020404022186994553, -0.015108919702470303, 0.021629387512803078]
[-0.323379, 0.042827, -0.499565, -0.440492, -0.471351] => [0.02039984241127968, -0.01961209811270237, 0.020403899252414703, -0.015109027735888958, 0.02162926085293293]
[-0.323379, 0.042827, -0.499565, -0.440474, -0.471374] => [0.02039973810315132, -0.01961209811270237, 0.020404037088155746, -0.015108884312212467, 0.021629411727190018]
[-0.323379, 0.042828, -0.499565, -0.440469, -0.471361] => [0.020399820059537888, -0.019612133502960205, 0.020403902977705002, -0.015109052881598473, 0.021629253402352333]
[-0.323379, 0.042828, -0.499565, -0.440436, -0.471366] => [0.02039981260895729, -0.019612185657024384, 0.02040386013686657, -0.015109139494597912, 0.02162919193506241]
[-0.323379, 0.042828, -0.499565, -0.440476, -0.471328] => [0.020399991422891617, -0.019612163305282593, 0.02040366269648075, -0.015109331347048283, 0.021628981456160545]
[-0.323379, 0.042828, -0.499565, -0.440465, -0.471318] => [0.020400047302246094, -0.019612198695540428, 0.020403554663062096, -0.015109472908079624, 0.02162885293364525]
[-0.323379, 0.042828, -0.499565, -0.44046, -0.471333] => [0.020399972796440125, -0.019612185657024384, 0.02040366269648075, -0.015109349973499775, 0.02162897400557995]
[-0.323379, 0.042828, -0.499565, -0.440498, -0.47134] => [0.02039991319179535, -0.019612109288573265, 0.02040381170809269, -0.01510913111269474, 0.02162916027009487]
[-0.323379, 0.042827, -0.499565, -0.440467, -0.471313] => [0.02040005847811699, -0.01961219310760498, 0.020403537899255753, -0.015109486877918243, 0.021628834307193756]
[-0.323379, 0.042827, -0.499565, -0.440499, -0.471379] => [0.02039969339966774, -0.01961204595863819, 0.020404137670993805, -0.015108735300600529, 0.021629538387060165]
[-0.323379, 0.042827, -0.499565, -0.440499, -0.471377] => [0.020399704575538635, -0.01961204968392849, 0.020404120907187462, -0.01510875578969717, 0.021629517897963524]
[-0.323379, 0.042827, -0.499565, -0.440499, -0.471378] => [0.020399700850248337, -0.01961204782128334, 0.020404130220413208, -0.015108746476471424, 0.02162952721118927]
[-0.323379, 0.042827, -0.499565, -0.440499, -0.47138] => [0.02039968967437744, -0.01961204595863819, 0.020404145121574402, -0.015108726918697357, 0.021629545837640762]
[-0.323379, 0.042827, -0.499565, -0.440499, -0.471381] => [0.020399682223796844, -0.019612044095993042, 0.020404154434800148, -0.015108716674149036, 0.021629557013511658]
[-0.32345, 0.044761, -0.499285, -0.230187, -0.241401] => [0.0218629352748394, -0.02029377967119217, 0.01851712167263031, -0.01768825203180313, 0.019340140745043755]
[-0.323235, 0.049729, -0.499227, -0.498221, -0.237359] => [0.022077035158872604, -0.02032431960105896, 0.018401537090539932, -0.017848290503025055, 0.01919962279498577]
[-0.322457, 0.046454, -0.499816, -0.455678, -0.454843] => [0.020651474595069885, -0.019685868173837662, 0.020247383043169975, -0.015333335846662521, 0.021437400951981544]
[-0.32338, 0.049517, -0.499377, -0.431322, -0.29842] => [0.021970797330141068, -0.020243527367711067, 0.018556993454694748, -0.01761591248214245, 0.01939561404287815]
[-0.3241, 0.057936, -0.499273, -0.47831, -0.182648] => [0.022246338427066803, -0.02034846879541874, 0.01831013709306717, -0.017974842339754105, 0.01908850483596325]
[-0.324064, 0.049113, -0.49924, -0.49648, -0.258271] => [0.022097062319517136, -0.02032717503607273, 0.018390726298093796, -0.017863258719444275, 0.019186479970812798]
[-0.322158, 0.036697, -0.499235, -0.473439, -0.496698] => [0.02016078308224678, -0.01947169192135334, 0.02079961448907852, -0.014576665125787258, 0.02210644632577896]
[-0.322048, 0.06325, -0.499615, -0.385766, -0.27573] => [0.02250591665506363, -0.020445777103304863, 0.018372807651758194, -0.01798211969435215, 0.019134607166051865]
[-0.324035, 0.063196, -0.499348, -0.454266, -0.398831] => [0.022655166685581207, -0.020319513976573944, 0.019389040768146515, -0.016770843416452408, 0.020315000787377357]
[-0.324149, 0.033345, -0.499288, -0.354163, -0.26858] => [0.022225361317396164, -0.020345477387309074, 0.018321458250284195, -0.017959164455533028, 0.019102269783616066]
[-0.323805, 0.060986, -0.499437, -0.408007, -0.324575] => [0.022635769098997116, -0.02035699225962162, 0.018764765933156013, -0.017492076382040977, 0.019598186016082764]
[-0.323759, 0.054846, -0.49938, -0.412357, -0.225739] => [0.022183649241924286, -0.02033952809870243, 0.018343979492783546, -0.0179279837757349, 0.019129648804664612]
[-0.324253, 0.056675, -0.499443, -0.458216, -0.309746] => [0.022428933531045914, -0.02027699165046215, 0.01876274310052395, -0.017431117594242096, 0.019616393372416496]
[-0.323697, 0.048615, -0.4994, -0.33302, -0.18265] => [0.02197585254907608, -0.02030988596379757, 0.01845616102218628, -0.017772657796740532, 0.019266029819846153]
[-0.323976, 0.036913, -0.499601, -0.312505, -0.369922] => [0.021577686071395874, -0.020037973299622536, 0.018992643803358078, -0.016973702237010002, 0.0199411790817976]
[-0.323381, 0.049936, -0.499604, -0.322892, -0.45054] => [0.021010659635066986, -0.02013559080660343, 0.01937510445713997, -0.0166200939565897, 0.020342446863651276]
[-0.322584, 0.03265, -0.499982, -0.280342, -0.449127] => [0.020648933947086334, -0.02018481306731701, 0.019253943115472794, -0.016735395416617393, 0.02022925205528736]
[-0.324273, 0.038022, -0.499559, -0.433276, -0.331389] => [0.02182859554886818, -0.020107073709368706, 0.01880740001797676, -0.017238883301615715, 0.0197124220430851]
[-0.323789, 0.05024, -0.499222, -0.316313, -0.475396] => [0.020943261682987213, -0.020221266895532608, 0.019204245880246162, -0.016851143911480904, 0.020145587623119354]
[-0.322006, 0.036096, -0.499757, -0.422499, -0.494821] => [0.020150549709796906, -0.01957777328789234, 0.020658956840634346, -0.014805334620177746, 0.021921921521425247]
[-0.322632, 0.060256, -0.499966, -0.48805, -0.424812] => [0.022130370140075684, -0.020153610035777092, 0.01966017484664917, -0.01634204387664795, 0.020661795511841774]
[-0.323906, 0.054949, -0.499965, -0.455811, -0.465569] => [0.021053247153759003, -0.019820166751742363, 0.020157668739557266, -0.015545900911092758, 0.021298985928297043]
[-0.321983, 0.054907, -0.49966, -0.287873, -0.453783] => [0.02111811935901642, -0.020228834822773933, 0.01920127123594284, -0.016874339431524277, 0.02012588642537594]
[-0.323501, 0.051019, -0.499651, -0.286715, -0.213574] => [0.021976880729198456, -0.02031003311276436, 0.01845560595393181, -0.017773425206542015, 0.01926535740494728]
[-0.323909, 0.036838, -0.49975, -0.241634, -0.238745] => [0.021850548684597015, -0.02029201202094555, 0.01852380856871605, -0.017678992822766304, 0.019348271191120148]
[-0.322181, 0.062564, -0.499809, -0.487949, -0.16745] => [0.02221047878265381, -0.02034335397183895, 0.018329495564103127, -0.01794803887605667, 0.019112039357423782]
[-0.323426, 0.052979, -0.499806, -0.384314, -0.290817] => [0.022143956273794174, -0.020330658182501793, 0.01837020181119442, -0.017890838906168938, 0.01916186884045601]
[-0.323455, 0.042984, -0.499551, -0.424067, -0.280236] => [0.022046159952878952, -0.020319916307926178, 0.01841820403933525, -0.017825214192271233, 0.019219884648919106]
[-0.321912, 0.061259, -0.499771, -0.242015, -0.274109] => [0.02175568789243698, -0.020278481766581535, 0.018575021997094154, -0.01760808378458023, 0.01941053383052349]
[-0.323801, 0.060257, -0.499235, -0.336262, -0.221229] => [0.022111624479293823, -0.020329253748059273, 0.018382862210273743, -0.01787414774298668, 0.019176919013261795]
[-0.323625, 0.053744, -0.49927, -0.411316, -0.184992] => [0.02212226390838623, -0.020330771803855896, 0.018377119675278664, -0.017882097512483597, 0.019169937819242477]
[-0.322274, 0.032125, -0.499989, -0.279226, -0.239507] => [0.02191765233874321, -0.020301584154367447, 0.018487581983208656, -0.017729151993989944, 0.01930423080921173]
[-0.322773, 0.038684, -0.49996, -0.338106, -0.424663] => [0.020767029374837875, -0.019831016659736633, 0.01964668370783329, -0.016076384112238884, 0.02073475532233715]
[-0.323075, 0.040738, -0.499742, -0.407049, -0.373985] => [0.019406910985708237, -0.019774803891777992, 0.019471416249871254, -0.0163191519677639, 0.0204952172935009]
[-0.322018, 0.058531, -0.499542, -0.409062, -0.406079] => [0.02215145155787468, -0.020209940150380135, 0.01940350979566574, -0.016657043248414993, 0.020361969247460365]
[-0.32422, 0.048695, -0.499571, -0.287225, -0.298164] => [0.022069670259952545, -0.020323269069194794, 0.01840551197528839, -0.017842784523963928, 0.019204456359148026]
[-0.323164, 0.033951, -0.499492, -0.435671, -0.166841] => [0.02215643599629402, -0.020335646346211433, 0.01835867017507553, -0.01790764182806015, 0.019147509709000587]
[-0.323754, 0.044467, -0.499907, -0.448785, -0.241965] => [0.02209937945008278, -0.020327506586909294, 0.018389474600553513, -0.01786499097943306, 0.019184958189725876]
[-0.323287, 0.03987, -0.499401, -0.477249, -0.496631] => [0.020205192267894745, -0.019489802420139313, 0.02074788697063923, -0.014647282660007477, 0.022043738514184952]
[-0.32388, 0.033324, -0.499428, -0.471293, -0.328379] => [0.021830424666404724, -0.02011549472808838, 0.018794214352965355, -0.0172592680901289, 0.019695524126291275]
[-0.322974, 0.061753, -0.499538, -0.357241, -0.29192] => [0.022511687129735947, -0.020449642091989517, 0.018379921093583107, -0.017977017909288406, 0.01914173550903797]
[-0.322531, 0.037473, -0.49963, -0.273641, -0.451899] => [0.020720824599266052, -0.02021053060889244, 0.01922219805419445, -0.016794255003333092, 0.020186275243759155]
[-0.323898, 0.056231, -0.499304, -0.429599, -0.416139] => [0.0218430757522583, -0.0201044213026762, 0.019626792520284653, -0.016332797706127167, 0.02063814550638199]
[-0.322832, 0.042276, -0.499756, -0.359924, -0.345364] => [0.021742891520261765, -0.02011130191385746, 0.01882907561957836, -0.017213165760040283, 0.019737020134925842]
[-0.322426, 0.050993, -0.49959, -0.37744, -0.418686] => [0.021433282643556595, -0.020016731694340706, 0.019590167328715324, -0.016297336667776108, 0.020620157942175865]
[-0.324019, 0.058743, -0.499763, -0.32114, -0.174872] => [0.021948549896478653, -0.020305991172790527, 0.018470901995897293, -0.01775224693119526, 0.019283952191472054]
[-0.324058, 0.061725, -0.499266, -0.402617, -0.453215] => [0.02169610932469368, -0.020157791674137115, 0.019676705822348595, -0.016331708058714867, 0.020672235637903214]
[-0.323737, 0.04484, -0.499482, -0.347873, -0.345517] => [0.02177957072854042, -0.020102549344301224, 0.018830176442861557, -0.01720799133181572, 0.019739849492907524]
[-0.324003, 0.054101, -0.499673, -0.248238, -0.468517] => [0.02088499814271927, -0.020196206867694855, 0.019181886687874794, -0.016849737614393234, 0.020126836374402046]
[-0.323369, 0.062471, -0.499849, -0.330548, -0.418611] => [0.022082671523094177, -0.020322252064943314, 0.01919916644692421, -0.016966817900538445, 0.02010045200586319]
[-0.324179, 0.058398, -0.499309, -0.310392, -0.418062] => [0.022000115364789963, -0.02029886655509472, 0.01912929303944111, -0.017022868618369102, 0.020028483122587204]
[-0.323572, 0.049402, -0.499837, -0.24205, -0.350545] => [0.021725807338953018, -0.020159518346190453, 0.01876259036362171, -0.017318440601229668, 0.019650790840387344]
[-0.321827, 0.060822, -0.499704, -0.423124, -0.358679] => [0.022620253264904022, -0.02024119906127453, 0.019246781244874, -0.016876287758350372, 0.020171742886304855]
[-0.322735, 0.05067, -0.499582, -0.25917, -0.356345] => [0.021651390939950943, -0.020107999444007874, 0.01887640543282032, -0.01715352013707161, 0.01979251019656658]
[-0.322893, 0.053936, -0.499619, -0.381524, -0.398554] => [0.021960731595754623, -0.02008107490837574, 0.01945100724697113, -0.0165092870593071, 0.02044730819761753]
[-0.322668, 0.039023, -0.499896, -0.274097, -0.452647] => [0.0207391194999218, -0.02020978182554245, 0.01921873725950718, -0.0167999230325222, 0.020180772989988327]
[-0.322458, 0.05327, -0.499339, -0.432433, -0.186946] => [0.022163275629281998, -0.02033662050962448, 0.018354980275034904, -0.01791275106370449, 0.01914302259683609]
[-0.323103, 0.062638, -0.499461, -0.242397, -0.191293] => [0.021808844059705734, -0.020286064594984055, 0.018546324223279953, -0.017647819593548775, 0.019375642761588097]
[-0.322858, 0.048133, -0.499635, -0.366844, -0.209259] => [0.022099122405052185, -0.02032746933400631, 0.018389612436294556, -0.017864800989627838, 0.019185125827789307]
[-0.322801, 0.047615, -0.499827, -0.2372, -0.173024] => [0.02167101576924324, -0.020266402512788773, 0.01862073503434658, -0.017544789239764214, 0.019466105848550797]
[-0.322881, 0.032528, -0.499702, -0.473031, -0.313142] => [0.021908938884735107, -0.020219238474965096, 0.018613507971167564, -0.01753362827003002, 0.019465966150164604]
[-0.322508, 0.060386, -0.49982, -0.360995, -0.251892] => [0.02211945131421089, -0.020330369472503662, 0.018378639593720436, -0.017879992723464966, 0.019171785563230515]
[-0.32401, 0.052968, -0.499858, -0.341122, -0.462742] => [0.021153882145881653, -0.02014916203916073, 0.019468339160084724, -0.016538631170988083, 0.020440619438886642]
[-0.323099, 0.041934, -0.49936, -0.425025, -0.179114] => [0.022161778062582016, -0.02033640816807747, 0.018355783075094223, -0.0179116390645504, 0.019144000485539436]
[-0.322028, 0.035302, -0.499566, -0.301486, -0.30405] => [0.022039193660020828, -0.02031892165541649, 0.018421966582536697, -0.017820004373788834, 0.019224459305405617]
[-0.321899, 0.062327, -0.499737, -0.42583, -0.41035] => [0.022310864180326462, -0.020284466445446014, 0.019415704533457756, -0.016703037545084953, 0.02035600319504738]
[-0.32294, 0.043368, -0.499943, -0.491718, -0.465437] => [0.020424053072929382, -0.019542045891284943, 0.020441872999072075, -0.015013637952506542, 0.02169157564640045]
[-0.322706, 0.053039, -0.499504, -0.418336, -0.378847] => [0.022044889628887177, -0.020030148327350616, 0.019519947469234467, -0.0164028387516737, 0.020536188036203384]
[-0.323996, 0.038853, -0.49967, -0.437688, -0.33767] => [0.021764248609542847, -0.020063241943717003, 0.018893931061029434, -0.017110027372837067, 0.01982131600379944]
[-0.322878, 0.045242, -0.499552, -0.376677, -0.168975] => [0.02197948843240738, -0.020310405641794205, 0.01845419779419899, -0.01777537539601326, 0.01926364377140999]
[-0.322834, 0.051987, -0.499379, -0.331518, -0.290085] => [0.022128459066152573, -0.02033165469765663, 0.018373776227235794, -0.017886728048324585, 0.019165873527526855]
[-0.323319, 0.037157, -0.499979, -0.276146, -0.201073] => [0.021870087832212448, -0.0202947985380888, 0.018513264134526253, -0.017693594098091125, 0.01933545246720314]
[-0.323802, 0.045032, -0.49923, -0.445165, -0.18772] => [0.022191748023033142, -0.020340682938694954, 0.0183396078646183, -0.017934037372469902, 0.019124332815408707]
[-0.322552, 0.034021, -0.499986, -0.43856, -0.217354] => [0.022091861814260483, -0.020326433703303337, 0.018393531441688538, -0.01785937324166298, 0.01918989233672619]
[-0.324108, 0.043084, -0.499685, -0.266426, -0.396069] => [0.021171238273382187, -0.020003050565719604, 0.01917761191725731, -0.01672361232340336, 0.02016359195113182]
[-0.32339, 0.057332, -0.499726, -0.439092, -0.239316] => [0.022124730050563812, -0.0203311238437891, 0.018375786021351814, -0.017883943393826485, 0.019168317317962646]
[-0.32185, 0.047869, -0.499822, -0.487093, -0.453908] => [0.020905286073684692, -0.01971377059817314, 0.020207146182656288, -0.015402961522340775, 0.021385472267866135]
[-0.323576, 0.038601, -0.499864, -0.457564, -0.320338] => [0.021863684058189392, -0.020143091678619385, 0.018742099404335022, -0.017337391152977943, 0.01962972991168499]
[-0.32184, 0.048711, -0.499642, -0.336752, -0.338614] => [0.02179054543375969, -0.020134923979640007, 0.018778203055262566, -0.01728799380362034, 0.019673379138112068]
[-0.323067, 0.046847, -0.499414, -0.314412, -0.172422] => [0.021865006536245346, -0.020294075831770897, 0.01851600408554077, -0.017689799889922142, 0.019338782876729965]
[-0.321794, 0.054881, -0.499992, -0.368669, -0.403039] => [0.021832261234521866, -0.020093649625778198, 0.019422262907028198, -0.016543269157409668, 0.020413262769579887]
[-0.321803, 0.033186, -0.4995, -0.297152, -0.477505] => [0.020605172961950302, -0.020227840170264244, 0.0192593801766634, -0.016750788316130638, 0.020237695425748825]
[-0.322403, 0.050511, -0.499484, -0.482595, -0.280498] => [0.022018134593963623, -0.020304014906287193, 0.018451126292347908, -0.017776520922780037, 0.019261179491877556]
[-0.323104, 0.047542, -0.499966, -0.29755, -0.427623] => [0.020976129919290543, -0.020060556009411812, 0.01930132322013378, -0.016633212566375732, 0.020284270867705345]
[-0.322671, 0.042282, -0.499465, -0.31506, -0.473317] => [0.020789314061403275, -0.020225316286087036, 0.019230637699365616, -0.016804805025458336, 0.02018892578780651]
[-0.32376, 0.032988, -0.499769, -0.427061, -0.316067] => [0.02194363996386528, -0.02020866982638836, 0.018617967143654823, -0.017523402348160744, 0.019473044201731682]
[-0.322027, 0.041421, -0.499283, -0.258433, -0.222461] => [0.021887395530939102, -0.02029726840555668, 0.018503917381167412, -0.017706533893942833, 0.019324088469147682]
[-0.321838, 0.035438, -0.499444, -0.385965, -0.34743] => [0.02167537808418274, -0.02010336145758629, 0.018863001838326454, -0.017166633158922195, 0.019778084009885788]
[-0.322856, 0.043846, -0.499852, -0.432907, -0.452721] => [0.020440533757209778, -0.019657472148537636, 0.02024666965007782, -0.01530647836625576, 0.02144465036690235]
[-0.323559, 0.033023, -0.499793, -0.244347, -0.180128] => [0.021674446761608124, -0.02026689238846302, 0.018618879839777946, -0.017547357827425003, 0.019463852047920227]
[-0.324074, 0.03943, -0.499431, -0.407007, -0.200985] => [0.02219468727707863, -0.02034110203385353, 0.018338019028306007, -0.017936235293745995, 0.019122403115034103]
[-0.323098, 0.048908, -0.49938, -0.3619, -0.167419] => [0.021964136511087418, -0.02030821517109871, 0.018462486565113068, -0.0177638977766037, 0.019273720681667328]
[-0.322159, 0.0439, -0.499283, -0.355172, -0.174189] => [0.021944522857666016, -0.020305417478084564, 0.018473075702786446, -0.017749236896634102, 0.019286595284938812]
[-0.323166, 0.045417, -0.499876, -0.390219, -0.342421] => [0.021719571202993393, -0.020089823752641678, 0.018868794664740562, -0.017153432592749596, 0.019787242636084557]
[-0.32364, 0.037267, -0.499404, -0.386858, -0.320362] => [0.021938897669315338, -0.020241647958755493, 0.018570227548480034, -0.017598288133740425, 0.019411416724324226]
[-0.323816, 0.053776, -0.499875, -0.42579, -0.451136] => [0.021094150841236115, -0.0198975820094347, 0.02001236192882061, -0.015756316483020782, 0.021118320524692535]
[-0.324075, 0.039897, -0.499925, -0.377588, -0.270418] => [0.022200874984264374, -0.020341984927654266, 0.018334679305553436, -0.017940858379006386, 0.01911834441125393]
[-0.323502, 0.040807, -0.499236, -0.333236, -0.329394] => [0.021961234509944916, -0.020218737423419952, 0.01859717257320881, -0.01755416765809059, 0.019446957856416702]
[-0.323687, 0.058078, -0.499358, -0.426744, -0.354083] => [0.02258678898215294, -0.020213956013321877, 0.019158324226737022, -0.016955439001321793, 0.020077917724847794]
[-0.322221, 0.050537, -0.499726, -0.412364, -0.193946] => [0.022108834236860275, -0.020328855141997337, 0.01838436909019947, -0.01787205971777439, 0.01917875185608864]
[-0.322926, 0.04479, -0.499559, -0.230937, -0.41899] => [0.020978234708309174, -0.020140161737799644, 0.019136132672429085, -0.016864346340298653, 0.020081423223018646]
[-0.323284, 0.049138, -0.499789, -0.450711, -0.490199] => [0.02035701647400856, -0.019617754966020584, 0.020476002246141434, -0.015039005316793919, 0.02170625701546669]
[-0.323096, 0.058274, -0.499988, -0.233009, -0.386882] => [0.02174224704504013, -0.02025139331817627, 0.01894466020166874, -0.01717655174434185, 0.01983635686337948]
[-0.324161, 0.063393, -0.49943, -0.3074, -0.328371] => [0.022627975791692734, -0.02041943557560444, 0.018648143857717514, -0.017663229256868362, 0.019451716914772987]
[-0.323941, 0.043931, -0.499955, -0.447861, -0.471471] => [0.020413991063833237, -0.019610220566391945, 0.02039594203233719, -0.015116563066840172, 0.021620869636535645]
[-0.323503, 0.040661, -0.499767, -0.438463, -0.347416] => [0.021656353026628494, -0.0200000312179327, 0.019023653119802475, -0.016917934641242027, 0.01998412050306797]
[-0.323862, 0.037586, -0.49942, -0.356809, -0.370208] => [0.02078782021999359, -0.019901372492313385, 0.01921827346086502, -0.016653617843985558, 0.020209286361932755]
[-0.323784, 0.036981, -0.499981, -0.301333, -0.3432] => [0.02185557410120964, -0.02015230804681778, 0.018730975687503815, -0.017355499789118767, 0.01961510069668293]
[-0.323016, 0.054015, -0.499609, -0.357525, -0.337006] => [0.022061973810195923, -0.02019990235567093, 0.01879604533314705, -0.01732459105551243, 0.01967581920325756]
[-0.323905, 0.043614, -0.499575, -0.435079, -0.359208] => [0.021008528769016266, -0.019891956821084023, 0.01925898902118206, -0.01659397967159748, 0.020263727754354477]
[-0.322538, 0.042714, -0.499219, -0.328135, -0.236407] => [0.022078387439250946, -0.02032451145350933, 0.018400808796286583, -0.01784929819405079, 0.019198736175894737]
[-0.323254, 0.032061, -0.499815, -0.2994, -0.219061] => [0.021987546235322952, -0.02031155489385128, 0.018449850380420685, -0.017781395465135574, 0.01925835944712162]
[-0.323606, 0.062631, -0.499558, -0.394443, -0.182282] => [0.022112995386123657, -0.020329449325799942, 0.018382122740149498, -0.017875170335173607, 0.019176021218299866]
[-0.323879, 0.045941, -0.499333, -0.30094, -0.459741] => [0.020937621593475342, -0.020212121307849884, 0.01919390819966793, -0.016855083405971527, 0.02013489045202732]
[-0.323399, 0.04486, -0.499379, -0.487871, -0.328354] => [0.0217302143573761, -0.02008306235074997, 0.018875425681471825, -0.01714209094643593, 0.019796185195446014]
[-0.323327, 0.05842, -0.499728, -0.484609, -0.215094] => [0.0221550352871418, -0.020335445180535316, 0.01835942640900612, -0.017906595021486282, 0.019148429855704308]
[-0.32197, 0.037449, -0.499788, -0.362226, -0.319086] => [0.021955203264951706, -0.020271150395274162, 0.01852080225944519, -0.017673812806606293, 0.01934843324124813]
[-0.323904, 0.045569, -0.499935, -0.489478, -0.460202] => [0.020648367702960968, -0.01961890608072281, 0.020317960530519485, -0.015209048055112362, 0.021533232182264328]
[-0.322564, 0.061296, -0.499621, -0.267161, -0.469088] => [0.021476048976182938, -0.020326437428593636, 0.01915651746094227, -0.017005017027258873, 0.02004968374967575]
[-0.32282, 0.040877, -0.499775, -0.275865, -0.2421] => [0.02197755128145218, -0.02031012810766697, 0.018455244600772858, -0.017773926258087158, 0.019264917820692062]
[-0.322524, 0.04644, -0.499529, -0.491872, -0.417078] => [0.02130398154258728, -0.01983889937400818, 0.01976282335817814, -0.0159680787473917, 0.020863577723503113]
[-0.322444, 0.036098, -0.499221, -0.3729, -0.458604] => [0.020264428108930588, -0.019755251705646515, 0.02023172378540039, -0.015388843603432178, 0.021402966231107712]
[-0.322992, 0.03749, -0.499984, -0.258395, -0.294228] => [0.021880358457565308, -0.020296264439821243, 0.018507717177271843, -0.017701273784041405, 0.019328707829117775]
[-0.323295, 0.051453, -0.49966, -0.448053, -0.244279] => [0.022100035101175308, -0.020327599719166756, 0.01838911883533001, -0.017865484580397606, 0.019184526056051254]
[-0.322971, 0.040509, -0.499942, -0.438716, -0.437844] => [0.020538076758384705, -0.019675293937325478, 0.020079053938388824, -0.015495747327804565, 0.02125587873160839]
[-0.321869, 0.050014, -0.499848, -0.405863, -0.243521] => [0.02210964262485504, -0.02032897062599659, 0.0183839313685894, -0.01787266507744789, 0.019178219139575958]
[-0.322699, 0.043392, -0.499287, -0.477086, -0.475998] => [0.02035270258784294, -0.019540976732969284, 0.02052895724773407, -0.014920415356755257, 0.02178768813610077]
[-0.323003, 0.050077, -0.499839, -0.462767, -0.351174] => [0.021820571273565292, -0.02003149874508381, 0.019155872985720634, -0.016799237579107285, 0.020125187933444977]
[-0.322823, 0.055592, -0.499246, -0.28669, -0.179512] => [0.02183149755001068, -0.02028929628431797, 0.018534094095230103, -0.017664752900600433, 0.019360775128006935]
[-0.323988, 0.052836, -0.499548, -0.287148, -0.497007] => [0.0209769606590271, -0.020223533734679222, 0.019202306866645813, -0.016859373077750206, 0.0201402697712183]
[-0.322049, 0.053023, -0.499212, -0.38759, -0.261755] => [0.022145111113786697, -0.0203340295702219, 0.018364785239100456, -0.017899176105856895, 0.019154943525791168]
[-0.322304, 0.059048, -0.499818, -0.406373, -0.263907] => [0.02225460112094879, -0.02036486566066742, 0.018356868997216225, -0.017933879047632217, 0.019137723371386528]
[-0.32409, 0.05264, -0.499681, -0.402216, -0.37218] => [0.022261034697294235, -0.020068073645234108, 0.019395023584365845, -0.016578292474150658, 0.02038336917757988]
[-0.322943, 0.043354, -0.499278, -0.490686, -0.330086] => [0.0217115618288517, -0.020089609548449516, 0.0188717320561409, -0.017149608582258224, 0.019790714606642723]
[-0.32346, 0.037862, -0.499784, -0.271808, -0.42281] => [0.020904898643493652, -0.020056989043951035, 0.019230693578720093, -0.016692867502570152, 0.020211724564433098]
[-0.323296, 0.050772, -0.499435, -0.434869, -0.213994] => [0.0221521258354187, -0.020335029810667038, 0.01836099848151207, -0.01790441945195198, 0.01915033906698227]
[-0.32272, 0.054167, -0.499456, -0.270403, -0.202906] => [0.021884433925151825, -0.020296845585107803, 0.018505515530705452, -0.017704322934150696, 0.01932603120803833]
[-0.322978, 0.040631, -0.499423, -0.458929, -0.400093] => [0.020237073302268982, -0.019735675305128098, 0.019739802926778793, -0.015936369076371193, 0.020843904465436935]
[-0.323279, 0.036387, -0.499732, -0.464994, -0.333103] => [0.02177014946937561, -0.020076226443052292, 0.018872596323490143, -0.01714273728430271, 0.019794082269072533]
[-0.322637, 0.062223, -0.499378, -0.348243, -0.171557] => [0.021980497986078262, -0.020310549065470695, 0.018453652039170265, -0.017776131629943848, 0.019262980669736862]
[-0.323419, 0.053146, -0.499656, -0.317739, -0.244488] => [0.022075552493333817, -0.020324107259511948, 0.0184023380279541, -0.017847180366516113, 0.01920059695839882]
[-0.323087, 0.060608, -0.499697, -0.479521, -0.403631] => [0.02233836054801941, -0.020204627886414528, 0.019507717341184616, -0.01654648408293724, 0.0204793531447649]
[-0.322116, 0.037175, -0.499641, -0.347746, -0.276786] => [0.022157862782478333, -0.0203358493745327, 0.0183579009026289, -0.01790870912373066, 0.019146572798490524]
[-0.323225, 0.060948, -0.49966, -0.310836, -0.337344] => [0.02253369241952896, -0.020368285477161407, 0.018723439425230026, -0.017540590837597847, 0.019549855962395668]
[-0.322106, 0.050304, -0.499365, -0.300415, -0.398818] => [0.02146899327635765, -0.020025307312607765, 0.019284551963210106, -0.016633765771985054, 0.020276570692658424]
[-0.323027, 0.044327, -0.499636, -0.255926, -0.438612] => [0.020899377763271332, -0.020196888595819473, 0.01918071135878563, -0.016853421926498413, 0.020124191418290138]
[-0.323301, 0.055336, -0.499737, -0.256589, -0.241145] => [0.02192569524049759, -0.020302731543779373, 0.018483242020010948, -0.017735160887241364, 0.01929895393550396]
[-0.322415, 0.055604, -0.499676, -0.343353, -0.327795] => [0.022169284522533417, -0.02027052640914917, 0.018682217225432396, -0.01750379614531994, 0.019529376178979874]
[-0.323473, 0.045141, -0.499367, -0.430754, -0.208703] => [0.02215677872300148, -0.020335694774985313, 0.018358483910560608, -0.017907898873090744, 0.01914728246629238]
[-0.323086, 0.0332, -0.499287, -0.470512, -0.399873] => [0.018196571618318558, -0.019666051492094994, 0.01978376880288124, -0.01590186357498169, 0.02085905708372593]
[-0.322127, 0.036596, -0.49923, -0.475004, -0.496167] => [0.020161110907793045, -0.019468791782855988, 0.020801285281777382, -0.014572558924555779, 0.022109150886535645]
[-0.322153, 0.036612, -0.499236, -0.475921, -0.496853] => [0.02015729993581772, -0.01946641318500042, 0.020808499306440353, -0.014563058502972126, 0.022117776796221733]
[-0.322136, 0.036811, -0.499236, -0.474617, -0.491904] => [0.020186521112918854, -0.019476747140288353, 0.020763088017702103, -0.014619341120123863, 0.022064797580242157]
[-0.322118, 0.036849, -0.499233, -0.473473, -0.499718] => [0.02014647051692009, -0.019468627870082855, 0.020820902660489082, -0.014551758766174316, 0.022130733355879784]
[-0.322133, 0.036704, -0.499233, -0.474288, -0.497939] => [0.020153623074293137, -0.01946851797401905, 0.020811449736356735, -0.014561625197529793, 0.022120393812656403]
[-0.322143, 0.036659, -0.499234, -0.474706, -0.492403] => [0.020182006061077118, -0.01947483792901039, 0.020769847556948662, -0.01461062952876091, 0.02207280695438385]
[-0.322128, 0.03656, -0.499229, -0.47509, -0.497643] => [0.020152851939201355, -0.01946640945971012, 0.020813696086406708, -0.014557530172169209, 0.02212349884212017]
[-0.32214, 0.036547, -0.499234, -0.47464, -0.49399] => [0.02017230913043022, -0.019472049549221992, 0.020784050226211548, -0.014593357220292091, 0.02208925224840641]
[-0.322157, 0.036682, -0.499234, -0.47388, -0.494519] => [0.020171765238046646, -0.019473683089017868, 0.0207839235663414, -0.01459483802318573, 0.022088613361120224]
[-0.322139, 0.036622, -0.499234, -0.476544, -0.492417] => [0.020180270075798035, -0.019471241161227226, 0.02077520452439785, -0.01460210233926773, 0.02207975834608078]
[-0.322149, 0.036764, -0.499231, -0.475671, -0.494885] => [0.020169619470834732, -0.019470514729619026, 0.020789936184883118, -0.014585995115339756, 0.022096149623394012]
[-0.322116, 0.036548, -0.499235, -0.474294, -0.495124] => [0.02016644924879074, -0.019471153616905212, 0.020792106166481972, -0.014584114775061607, 0.022098375484347343]
[-0.322146, 0.036583, -0.499231, -0.476162, -0.499896] => [0.020140692591667175, -0.019461670890450478, 0.02083355188369751, -0.014532791450619698, 0.022146712988615036]
[-0.322134, 0.036616, -0.499236, -0.47451, -0.491203] => [0.02018788456916809, -0.019476493820548058, 0.020760687068104744, -0.014621611684560776, 0.022062256932258606]
[-0.322149, 0.036723, -0.499231, -0.47372, -0.499694] => [0.02014506235718727, -0.01946733519434929, 0.020823441445827484, -0.01454801857471466, 0.02213391661643982]
[-0.322136, 0.03673, -0.499233, -0.476442, -0.499526] => [0.020144212990999222, -0.01946270652115345, 0.020828820765018463, -0.014538662508130074, 0.022141192108392715]
[-0.322122, 0.036683, -0.499228, -0.474478, -0.494071] => [0.020173504948616028, -0.019473126158118248, 0.020782098174095154, -0.01459631510078907, 0.022086776793003082]
[-0.322124, 0.036583, -0.499231, -0.475025, -0.498915] => [0.02014646679162979, -0.01946500688791275, 0.020823083817958832, -0.01454649493098259, 0.02213422954082489]
[-0.322131, 0.036631, -0.499231, -0.476569, -0.490672] => [0.020189478993415833, -0.019473550841212273, 0.020761512219905853, -0.014618415385484695, 0.022064030170440674]
[-0.322115, 0.036634, -0.499229, -0.476706, -0.498592] => [0.020147640258073807, -0.019462741911411285, 0.020823944360017776, -0.014543808996677399, 0.022135837003588676]
[-0.322124, 0.03663, -0.499236, -0.47622, -0.4917] => [0.02018427848815918, -0.019472837448120117, 0.020768648013472557, -0.014610297977924347, 0.02207208424806595]
[-0.322125, 0.036839, -0.499233, -0.476495, -0.49916] => [0.020147372037172318, -0.019463857635855675, 0.020824246108531952, -0.014544447883963585, 0.022135814651846886]
[-0.322146, 0.036854, -0.499233, -0.474701, -0.497456] => [0.02015780657529831, -0.01946949027478695, 0.02080608159303665, -0.014568135142326355, 0.022114183753728867]
[-0.322114, 0.036666, -0.499236, -0.476437, -0.498546] => [0.020148485898971558, -0.019463572651147842, 0.02082224190235138, -0.01454627700150013, 0.02213371731340885]
[-0.322112, 0.036569, -0.499235, -0.473939, -0.491916] => [0.02018379420042038, -0.019476210698485374, 0.02076573297381401, -0.014616023749113083, 0.022067895159125328]
[-0.322151, 0.036651, -0.499232, -0.476111, -0.497207] => [0.02015574648976326, -0.019465839490294456, 0.02081115171313286, -0.014559810981154442, 0.02212085761129856]
[-0.322156, 0.036713, -0.499232, -0.476529, -0.493927] => [0.02017352730035782, -0.01946989819407463, 0.020785417407751083, -0.014590274542570114, 0.022091366350650787]
[-0.322124, 0.03669, -0.499236, -0.475591, -0.4979] => [0.020152784883975983, -0.019466137513518333, 0.020814619958400726, -0.014556380920112133, 0.022124581038951874]
[-0.322141, 0.03673, -0.499233, -0.473814, -0.492445] => [0.020183205604553223, -0.019476881250739098, 0.020766746252775192, -0.014615552499890327, 0.02206878736615181]
[-0.322152, 0.036631, -0.499233, -0.474761, -0.497834] => [0.020153086632490158, -0.0194673053920269, 0.02081301249563694, -0.014558997005224228, 0.022122472524642944]
[-0.322145, 0.036776, -0.499234, -0.475187, -0.495654] => [0.020166028290987015, -0.019470468163490295, 0.02079450711607933, -0.014581126160919666, 0.022101184353232384]
[-0.322139, 0.036829, -0.499235, -0.476772, -0.493851] => [0.020175110548734665, -0.019470389932394028, 0.0207834355533123, -0.014592795632779598, 0.0220890324562788]
[-0.322115, 0.036745, -0.499234, -0.474637, -0.499275] => [0.020146768540143967, -0.01946638897061348, 0.02082212269306183, -0.014548657462000847, 0.02213274873793125]
[-0.322144, 0.036618, -0.499236, -0.475374, -0.499321] => [0.020144682377576828, -0.019464146345853806, 0.020826390013098717, -0.014542335644364357, 0.022138109430670738]
[-0.322115, 0.03673, -0.499231, -0.474609, -0.498596] => [0.02015015482902527, -0.01946721225976944, 0.020817043259739876, -0.01455467939376831, 0.022126924246549606]
[-0.322114, 0.036688, -0.49923, -0.474465, -0.495438] => [0.020166341215372086, -0.01947137340903282, 0.020792681723833084, -0.014583729207515717, 0.022098924964666367]
[-0.322121, 0.036807, -0.499228, -0.476053, -0.492311] => [0.0201832577586174, -0.01947350800037384, 0.0207701213657856, -0.014609333127737045, 0.02207348309457302]
[-0.322159, 0.036697, -0.499232, -0.476073, -0.495714] => [0.020164236426353455, -0.01946822926402092, 0.020798545330762863, -0.014575059525668621, 0.022106289863586426]
[-0.322117, 0.036687, -0.499231, -0.475164, -0.499176] => [0.02014622837305069, -0.019465137273073196, 0.020823709666728973, -0.014545969665050507, 0.022134868428111076]
[-0.322137, 0.036819, -0.499234, -0.47597, -0.497719] => [0.020155131816864014, -0.01946660317480564, 0.020811928436160088, -0.014559647999703884, 0.02212146855890751]
[-0.322119, 0.036688, -0.49923, -0.475443, -0.498945] => [0.020147286355495453, -0.019464943557977676, 0.020822590216994286, -0.01454700157046318, 0.02213369309902191]
[-0.322133, 0.036819, -0.499235, -0.47472, -0.494694] => [0.020171847194433212, -0.019472889602184296, 0.020785095170140266, -0.014593008905649185, 0.0220901221036911]
[-0.322133, 0.036564, -0.499234, -0.47446, -0.495613] => [0.02016405016183853, -0.019470322877168655, 0.020796045660972595, -0.014579301699995995, 0.022102946415543556]
[-0.322123, 0.036686, -0.49923, -0.474466, -0.493402] => [0.020177092403173447, -0.019474077969789505, 0.020776737481355667, -0.014602739363908768, 0.02208060398697853]
[-0.322146, 0.036603, -0.499234, -0.473384, -0.490928] => [0.020189959555864334, -0.019478794187307358, 0.020755935460329056, -0.014628458768129349, 0.022056356072425842]
[-0.32212, 0.036565, -0.499228, -0.474542, -0.493175] => [0.0201767235994339, -0.019473370164632797, 0.020777270197868347, -0.0146015714854002, 0.022081412374973297]
[-0.322115, 0.036774, -0.499235, -0.473421, -0.494064] => [0.020175345242023468, -0.01947573572397232, 0.020777733996510506, -0.0146030243486166, 0.022081201896071434]
[-0.322145, 0.036684, -0.499231, -0.475986, -0.490611] => [0.020190909504890442, -0.019475070759654045, 0.020758625119924545, -0.014622697606682777, 0.022060398012399673]
[-0.322127, 0.036892, -0.499231, -0.473788, -0.496448] => [0.020164042711257935, -0.01947271265089512, 0.020795335993170738, -0.014582058414816856, 0.022101422771811485]
[-0.322141, 0.036786, -0.499229, -0.475894, -0.491951] => [0.02018512412905693, -0.019474152475595474, 0.02076718583703041, -0.014612948521971703, 0.02207006886601448]
[-0.32214, 0.036765, -0.49923, -0.474033, -0.492837] => [0.020181406289339066, -0.019476186484098434, 0.020769819617271423, -0.014611762017011642, 0.022072365507483482]
[-0.322109, 0.036745, -0.499235, -0.475283, -0.497268] => [0.02015688642859459, -0.019467901438474655, 0.020808013156056404, -0.014564779587090015, 0.02211679518222809]
[-0.32211, 0.03675, -0.499234, -0.473771, -0.498437] => [0.020151767879724503, -0.01946909725666046, 0.020813319832086563, -0.014560112729668617, 0.022122275084257126]
[-0.322157, 0.036756, -0.49923, -0.474585, -0.497687] => [0.020155511796474457, -0.019468683749437332, 0.02080930583178997, -0.01456405408680439, 0.02211797796189785]
[-0.322154, 0.03678, -0.499228, -0.473884, -0.491276] => [0.02018997073173523, -0.019478637725114822, 0.020756950601935387, -0.014627328142523766, 0.02205749601125717]
[-0.322124, 0.036632, -0.499232, -0.474501, -0.493259] => [0.020177185535430908, -0.019473841413855553, 0.020776595920324326, -0.01460268348455429, 0.022080523893237114]
[-0.322144, 0.036693, -0.49923, -0.474038, -0.499173] => [0.02014719694852829, -0.01946723274886608, 0.020820701494812965, -0.014550821855664253, 0.02213094010949135]
[-0.322143, 0.036581, -0.499233, -0.475827, -0.494021] => [0.02017180621623993, -0.019470101222395897, 0.020786689594388008, -0.01458903681486845, 0.022092722356319427]
[-0.322129, 0.036863, -0.49923, -0.475245, -0.49957] => [0.020146317780017853, -0.01946571283042431, 0.02082395739853382, -0.014546230435371399, 0.022134946659207344]
[-0.322141, 0.036564, -0.499232, -0.476622, -0.495242] => [0.020164642482995987, -0.019466910511255264, 0.020798560231924057, -0.014573948457837105, 0.0221067126840353]
[-0.32215, 0.036892, -0.499233, -0.473934, -0.491276] => [0.020191319286823273, -0.019479377195239067, 0.02075507491827011, -0.014629933051764965, 0.022055204957723618]
[-0.322158, 0.036796, -0.499231, -0.473762, -0.497748] => [0.020156223326921463, -0.019470376893877983, 0.020807016640901566, -0.014567829668521881, 0.022114958614110947]
[-0.322116, 0.036593, -0.499233, -0.473408, -0.499361] => [0.020145252346992493, -0.01946740783751011, 0.020822349935770035, -0.01454916875809431, 0.022132717072963715]
[-0.322154, 0.036601, -0.499228, -0.476501, -0.497962] => [0.02015089988708496, -0.01946374773979187, 0.020818961784243584, -0.014549877494573593, 0.02213006466627121]
[-0.322111, 0.036757, -0.499229, -0.475052, -0.499684] => [0.020144440233707428, -0.019465135410428047, 0.02082625776529312, -0.014543294906616211, 0.022137662395834923]
[-0.322157, 0.036728, -0.499228, -0.475696, -0.494919] => [0.020169004797935486, -0.019470153376460075, 0.020790914073586464, -0.014584665186703205, 0.022097332403063774]
[-0.32215, 0.036889, -0.499232, -0.475732, -0.494217] => [0.020174633711576462, -0.019472187384963036, 0.02078268676996231, -0.0145950336009264, 0.022087672725319862]
[-0.322128, 0.036563, -0.499228, -0.474846, -0.492731] => [0.020178884267807007, -0.019473405554890633, 0.020774565637111664, -0.014604464173316956, 0.02207842841744423]
[-0.322135, 0.036786, -0.49923, -0.475735, -0.49605] => [0.020163625478744507, -0.01946898177266121, 0.020798906683921814, -0.014575295150279999, 0.022106457501649857]
[-0.322128, 0.036664, -0.499232, -0.474209, -0.499525] => [0.02014480158686638, -0.019466251134872437, 0.020824400708079338, -0.014546114951372147, 0.022135300561785698]
[-0.322112, 0.036706, -0.499235, -0.47516, -0.49977] => [0.02014334127306938, -0.019464515149593353, 0.020827973261475563, -0.014540971256792545, 0.022139735519886017]
[-0.322129, 0.036582, -0.499236, -0.475777, -0.491727] => [0.020183857530355453, -0.01947326585650444, 0.020768560469150543, -0.014610713347792625, 0.02207186631858349]
[-0.322112, 0.03678, -0.499231, -0.475578, -0.497222] => [0.020157352089881897, -0.01946764625608921, 0.02080785110592842, -0.014564763754606247, 0.022116687148809433]
[-0.322113, 0.03659, -0.499234, -0.475683, -0.49688] => [0.020156793296337128, -0.019466595724225044, 0.020808646455407143, -0.014563024044036865, 0.022117894142866135]
[-0.322145, 0.036798, -0.499235, -0.47609, -0.494177] => [0.020173490047454834, -0.019470972940325737, 0.02078479900956154, -0.014591803774237633, 0.022090362384915352]
[-0.322117, 0.036848, -0.499234, -0.474802, -0.498098] => [0.02015412598848343, -0.019468389451503754, 0.02081153728067875, -0.014561478048563004, 0.022120511159300804]
[-0.322134, 0.036676, -0.499236, -0.474073, -0.49249] => [0.020182128995656967, -0.019475990906357765, 0.02076864428818226, -0.014612817205488682, 0.022071143612265587]
[-0.322112, 0.036634, -0.499231, -0.473536, -0.496036] => [0.02016313374042511, -0.019471876323223114, 0.020795956254005432, -0.014580640941858292, 0.02210238389670849]
[-0.322136, 0.036712, -0.499232, -0.476826, -0.495187] => [0.02016657590866089, -0.019467659294605255, 0.02079610899090767, -0.01457718014717102, 0.02210378274321556]
[-0.322158, 0.036812, -0.499232, -0.475303, -0.498175] => [0.020153183490037918, -0.019467150792479515, 0.020813927054405212, -0.014557971619069576, 0.02212350256741047]
[-0.32213, 0.036863, -0.499229, -0.473686, -0.495531] => [0.02016858384013176, -0.01947389729321003, 0.020788421854376793, -0.014590300619602203, 0.022093476727604866]
[-0.32214, 0.036837, -0.49923, -0.474509, -0.493783] => [0.020177002996206284, -0.0194745771586895, 0.020777182653546333, -0.014602724462747574, 0.022080926224589348]
[-0.322123, 0.036589, -0.499233, -0.474488, -0.493174] => [0.02017711102962494, -0.01947368122637272, 0.020776621997356415, -0.014602513052523136, 0.02208060584962368]
[-0.322138, 0.036761, -0.499234, -0.473417, -0.496583] => [0.020162053406238556, -0.019472310319542885, 0.02079763449728489, -0.01457926444709301, 0.022104082629084587]
[-0.322127, 0.036703, -0.499233, -0.47566, -0.491725] => [0.020185399800539017, -0.01947430893778801, 0.020766228437423706, -0.014614049345254898, 0.02206898108124733]
[-0.322131, 0.036841, -0.499234, -0.474065, -0.493151] => [0.020180635154247284, -0.0194762721657753, 0.02077101171016693, -0.01461059134453535, 0.022073645144701004]
[-0.322157, 0.036657, -0.499233, -0.474305, -0.490708] => [0.020191237330436707, -0.019477810710668564, 0.020755572244524956, -0.014628088101744652, 0.02205623872578144]
[-0.322119, 0.036555, -0.499229, -0.474351, -0.492641] => [0.020179539918899536, -0.019474361091852188, 0.020772768184542656, -0.014607114717364311, 0.02207617461681366]
[-0.32211, 0.036797, -0.499235, -0.47441, -0.492806] => [0.020181577652692795, -0.0194757878780365, 0.02076997049152851, -0.014611286111176014, 0.022072650492191315]
[-0.322151, 0.036845, -0.499231, -0.475392, -0.497076] => [0.020159266889095306, -0.019468674436211586, 0.020805006846785545, -0.014568624086678028, 0.022113244980573654]
[-0.322122, 0.036627, -0.499235, -0.476752, -0.491123] => [0.020186912268400192, -0.01947261579334736, 0.020765531808137894, -0.014613417908549309, 0.022068725898861885]
[-0.322121, 0.036878, -0.499232, -0.474023, -0.495735] => [0.02016744390130043, -0.01947314292192459, 0.020790576934814453, -0.01458742655813694, 0.022096067667007446]
[-0.322157, 0.036747, -0.499233, -0.476162, -0.493881] => [0.020174432545900345, -0.01947087049484253, 0.02078353427350521, -0.014593048021197319, 0.02208900637924671]
[-0.322126, 0.036792, -0.499228, -0.476316, -0.496634] => [0.02016017958521843, -0.019467173144221306, 0.020804893225431442, -0.014567527920007706, 0.02211357280611992]
[-0.322153, 0.036738, -0.499228, -0.474725, -0.496797] => [0.020159844309091568, -0.01946946792304516, 0.020803038030862808, -0.014571296982467175, 0.02211086079478264]
[-0.322152, 0.036564, -0.49923, -0.474499, -0.49214] => [0.02018238604068756, -0.01947486400604248, 0.020768946036696434, -0.01461157388985157, 0.02207181788980961]
[-0.322132, 0.036567, -0.499233, -0.474608, -0.492896] => [0.020178277045488358, -0.019473688676953316, 0.020775096490979195, -0.014604128897190094, 0.022078927606344223]
[-0.322138, 0.03686, -0.499233, -0.474465, -0.498223] => [0.0201539508998394, -0.019468925893306732, 0.020811423659324646, -0.014562034979462624, 0.022120222449302673]
[-0.322116, 0.036635, -0.499231, -0.476289, -0.49106] => [0.020187579095363617, -0.019473550841212273, 0.020763831213116646, -0.01461595855653286, 0.022066578269004822]
[-0.322119, 0.036699, -0.499236, -0.4734, -0.499667] => [0.020144976675510406, -0.0194677896797657, 0.02082284726202488, -0.014548986218869686, 0.022133134305477142]
[-0.322137, 0.036838, -0.499236, -0.476327, -0.498371] => [0.020151715725660324, -0.019465241581201553, 0.020817572250962257, -0.014552608132362366, 0.022128069773316383]
[-0.322155, 0.036771, -0.499235, -0.474937, -0.491154] => [0.020189877599477768, -0.01947689615190029, 0.02075866051018238, -0.014624137431383133, 0.022059889510273933]
[-0.322135, 0.03681, -0.499235, -0.475421, -0.497453] => [0.020156770944595337, -0.01946789026260376, 0.020808614790439606, -0.014564169570803642, 0.02211744710803032]
[-0.322136, 0.036622, -0.499232, -0.475524, -0.498737] => [0.02014763280749321, -0.019464639946818352, 0.02082221396267414, -0.014547143131494522, 0.022133374586701393]
[-0.322152, 0.036771, -0.49923, -0.476048, -0.497896] => [0.020153619349002838, -0.019465867429971695, 0.020814362913370132, -0.014556479640305042, 0.022124364972114563]
[-0.322147, 0.036832, -0.499231, -0.474533, -0.490916] => [0.020192056894302368, -0.019478334113955498, 0.020754827186465263, -0.014629349112510681, 0.0220552459359169]
[-0.322158, 0.036599, -0.499236, -0.476598, -0.496839] => [0.020156804472208023, -0.019465124234557152, 0.020810291171073914, -0.014560140669345856, 0.022120127454400063]
[-0.322146, 0.036548, -0.499234, -0.473407, -0.49112] => [0.020188260823488235, -0.01947810687124729, 0.02075844258069992, -0.014625241979956627, 0.022059321403503418]
[-0.322135, 0.036725, -0.499233, -0.474687, -0.498341] => [0.020151514559984207, -0.019467413425445557, 0.020815230906009674, -0.01455676183104515, 0.022124869748950005]
[-0.322154, 0.036607, -0.499231, -0.474163, -0.495199] => [0.020167052745819092, -0.019471710547804832, 0.0207913089543581, -0.014585435390472412, 0.022097323089838028]
[-0.32213, 0.036726, -0.49923, -0.474062, -0.49646] => [0.020161781460046768, -0.019471021369099617, 0.020798979327082634, -0.014576808549463749, 0.022105945274233818]
[-0.322135, 0.036633, -0.499232, -0.475466, -0.498317] => [0.02015000581741333, -0.019465381279587746, 0.020818592980504036, -0.014551563188433647, 0.022129176184535027]
[-0.322128, 0.036662, -0.499231, -0.47408, -0.492836] => [0.02018006145954132, -0.01947537250816822, 0.02077171579003334, -0.014609070494771004, 0.022074704989790916]
[-0.322154, 0.03663, -0.499233, -0.476108, -0.492223] => [0.020181749016046524, -0.01947234757244587, 0.020772429183125496, -0.014605922624468803, 0.022076379507780075]
[-0.322114, 0.036689, -0.499235, -0.474773, -0.498461] => [0.020150281488895416, -0.019466837868094444, 0.020817037671804428, -0.014554373919963837, 0.02212703227996826]
[-0.322147, 0.036885, -0.499235, -0.474642, -0.491197] => [0.020191192626953125, -0.019478170201182365, 0.020756322890520096, -0.01462765596807003, 0.022056933492422104]
[-0.322126, 0.036869, -0.499229, -0.473806, -0.492921] => [0.0201822929084301, -0.019477197900414467, 0.02076817862689495, -0.014614328742027283, 0.022070255130529404]
[-0.322152, 0.036792, -0.499232, -0.476508, -0.492142] => [0.020183876156806946, -0.019472869113087654, 0.020770031958818436, -0.014608927071094513, 0.022073574364185333]
[-0.322118, 0.036719, -0.499234, -0.474771, -0.496581] => [0.02016056701540947, -0.019469555467367172, 0.020801788195967674, -0.014572667889297009, 0.022109467536211014]
[-0.322145, 0.03675, -0.499236, -0.474385, -0.494016] => [0.020174860954284668, -0.019473928958177567, 0.020780077204108238, -0.014599120244383812, 0.02208430878818035]
[-0.322111, 0.036745, -0.499229, -0.474629, -0.495343] => [0.020167410373687744, -0.01947159506380558, 0.020791392773389816, -0.014585286378860474, 0.02209743857383728]
[-0.322136, 0.036812, -0.49923, -0.474299, -0.496427] => [0.02016289159655571, -0.01947125233709812, 0.020797817036509514, -0.014578253030776978, 0.022104589268565178]
[-0.322121, 0.036693, -0.49923, -0.47532, -0.497448] => [0.020155318081378937, -0.019467195495963097, 0.020810462534427643, -0.014561617746949196, 0.02211969904601574]
[-0.322144, 0.036884, -0.499234, -0.476651, -0.493473] => [0.020177874714136124, -0.01947149820625782, 0.02077922783792019, -0.014598144218325615, 0.022084074094891548]
[-0.322137, 0.036644, -0.499235, -0.476394, -0.499821] => [0.020141661167144775, -0.01946180872619152, 0.020832452923059464, -0.014534080401062965, 0.022145459428429604]
[-0.32211, 0.036557, -0.499235, -0.476623, -0.491595] => [0.020183585584163666, -0.01947171427309513, 0.020770147442817688, -0.014607792720198631, 0.022074071690440178]
[-0.322143, 0.036795, -0.499232, -0.475805, -0.493286] => [0.02017829567193985, -0.019472625106573105, 0.020777210593223572, -0.014601137489080429, 0.022081537172198296]
[-0.322115, 0.03672, -0.499232, -0.476212, -0.491233] => [0.02018776163458824, -0.01947406865656376, 0.020763516426086426, -0.01461673155426979, 0.02206606976687908]
[-0.322133, 0.036741, -0.499231, -0.476174, -0.494172] => [0.020172666758298874, -0.019470378756523132, 0.02078605256974697, -0.014589983969926834, 0.022091923281550407]
[-0.322109, 0.036541, -0.499231, -0.47345, -0.496008] => [0.020162180066108704, -0.019471406936645508, 0.020797133445739746, -0.014578991569578648, 0.022103827446699142]
[-0.322138, 0.036686, -0.499236, -0.474783, -0.495821] => [0.020164281129837036, -0.019470347091555595, 0.020796338096261024, -0.014579057693481445, 0.022103244438767433]
[-0.322115, 0.036796, -0.499233, -0.476463, -0.499671] => [0.020144116133451462, -0.01946292072534561, 0.020828936249017715, -0.014538724906742573, 0.02214125171303749]
[-0.322146, 0.036815, -0.499228, -0.474576, -0.49551] => [0.020167618989944458, -0.019471989944577217, 0.020791279152035713, -0.014585757628083229, 0.022097185254096985]
[-0.322115, 0.036773, -0.49923, -0.474489, -0.499387] => [0.020146586000919342, -0.019466670230031013, 0.02082221955060959, -0.014548787847161293, 0.022132769227027893]
[-0.322143, 0.036825, -0.499233, -0.47516, -0.497516] => [0.020156823098659515, -0.01946837268769741, 0.020808208733797073, -0.014564989134669304, 0.022116856649518013]
[-0.322153, 0.03687, -0.49923, -0.47372, -0.491312] => [0.020190995186567307, -0.0194795373827219, 0.020755242556333542, -0.014629876241087914, 0.02205534279346466]
[-0.322123, 0.036784, -0.499236, -0.474395, -0.499183] => [0.02014794945716858, -0.019467247650027275, 0.020820068195462227, -0.014551527798175812, 0.02213023230433464]
[-0.322156, 0.036579, -0.49923, -0.476824, -0.493434] => [0.02017427608370781, -0.019469060003757477, 0.020784631371498108, -0.014590395614504814, 0.022090766578912735]
[-0.322125, 0.036842, -0.499231, -0.476189, -0.495993] => [0.020164262503385544, -0.019468633458018303, 0.020798644050955772, -0.014575313776731491, 0.022106267511844635]
[-0.322138, 0.036803, -0.499233, -0.475345, -0.494511] => [0.02017221972346306, -0.01947188377380371, 0.020785517990589142, -0.01459176279604435, 0.022090885788202286]
[-0.322117, 0.036896, -0.499228, -0.475692, -0.496797] => [0.020160943269729614, -0.01946880854666233, 0.020802848041057587, -0.014571019448339939, 0.02211083099246025]
[-0.32215, 0.036747, -0.499232, -0.474272, -0.496978] => [0.02015930414199829, -0.019470136612653732, 0.020803110674023628, -0.014571752399206161, 0.022110741585493088]
[-0.32215, 0.036578, -0.499234, -0.475256, -0.496511] => [0.020159080624580383, -0.019467808306217194, 0.020804783329367638, -0.014568081125617027, 0.022113285958766937]
[-0.322132, 0.036814, -0.499232, -0.475495, -0.493857] => [0.02017565816640854, -0.019472546875476837, 0.020780617371201515, -0.014597473666071892, 0.02208530157804489]
[-0.322117, 0.036681, -0.499236, -0.474495, -0.497743] => [0.020154166966676712, -0.01946825161576271, 0.020810823887586594, -0.014562062919139862, 0.022119788452982903]
[-0.322157, 0.036708, -0.499234, -0.474848, -0.497334] => [0.02015664055943489, -0.01946837268769741, 0.020807955414056778, -0.014565220102667809, 0.022116590291261673]
[-0.322115, 0.036569, -0.499235, -0.476824, -0.492103] => [0.02018095925450325, -0.019470764324069023, 0.02077440917491913, -0.01460253819823265, 0.02207903563976288]
[-0.322145, 0.036619, -0.499236, -0.47494, -0.494649] => [0.020169567316770554, -0.01947115920484066, 0.020788678899407387, -0.014587782323360443, 0.022094594314694405]
[-0.322156, 0.036809, -0.49923, -0.475227, -0.494995] => [0.020169910043478012, -0.019471485167741776, 0.02078891359269619, -0.01458786427974701, 0.0220947302877903]
[-0.322156, 0.036764, -0.499228, -0.475871, -0.496682] => [0.020160049200057983, -0.01946774125099182, 0.020804550498723984, -0.01456834189593792, 0.022113028913736343]
[-0.322148, 0.036586, -0.499231, -0.476162, -0.499906] => [0.020140692591667175, -0.019461682066321373, 0.020833570510149002, -0.014532780274748802, 0.02214673161506653]
[-0.322148, 0.036586, -0.499231, -0.476159, -0.49997] => [0.020140353590250015, -0.019461601972579956, 0.020834065973758698, -0.01453219261020422, 0.022147299721837044]
[-0.322147, 0.036588, -0.499231, -0.476164, -0.499894] => [0.020140770822763443, -0.019461706280708313, 0.0208334531635046, -0.014532924629747868, 0.022146593779325485]
[-0.322148, 0.036584, -0.499231, -0.476162, -0.499929] => [0.020140543580055237, -0.019461635500192642, 0.020833786576986313, -0.014532513916492462, 0.022146983072161674]
[-0.322146, 0.036584, -0.499231, -0.476157, -0.49988] => [0.020140796899795532, -0.019461708143353462, 0.020833395421504974, -0.014532985165715218, 0.02214653231203556]
[-0.322146, 0.036588, -0.499231, -0.47616, -0.499874] => [0.0201408788561821, -0.019461739808321, 0.02083328738808632, -0.01453312486410141, 0.022146403789520264]
[-0.322147, 0.036588, -0.499231, -0.476156, -0.499973] => [0.020140361040830612, -0.01946161687374115, 0.020834049209952354, -0.014532221481204033, 0.022147277370095253]
[-0.322146, 0.036582, -0.499231, -0.476155, -0.499918] => [0.020140569657087326, -0.019461648538708687, 0.02083372324705124, -0.01453259028494358, 0.022146910429000854]
[-0.322147, 0.036584, -0.499231, -0.476154, -0.499895] => [0.02014072611927986, -0.019461695104837418, 0.02083350345492363, -0.014532860368490219, 0.02214665338397026]
[-0.322148, 0.036583, -0.499231, -0.476154, -0.499981] => [0.02014026790857315, -0.019461574032902718, 0.020834190770983696, -0.014532038010656834, 0.022147445008158684]
[-0.322146, 0.036589, -0.499231, -0.476161, -0.499976] => [0.02014034241437912, -0.019461609423160553, 0.020834073424339294, -0.014532191678881645, 0.02214730530977249]
[-0.322148, 0.036583, -0.499231, -0.476157, -0.499924] => [0.02014056220650673, -0.01946164481341839, 0.020833751186728477, -0.014532558619976044, 0.02214694209396839]
[-0.322147, 0.036582, -0.499231, -0.476161, -0.499917] => [0.020140577107667923, -0.01946163922548294, 0.020833728834986687, -0.014532577246427536, 0.02214691787958145]
[-0.322146, 0.036583, -0.499231, -0.476156, -0.499929] => [0.020140521228313446, -0.01946163922548294, 0.02083379402756691, -0.014532508328557014, 0.02214699052274227]
[-0.322148, 0.036587, -0.499231, -0.476163, -0.499958] => [0.020140424370765686, -0.01946161687374115, 0.02083396539092064, -0.014532312750816345, 0.022147182375192642]
[-0.322148, 0.036583, -0.499231, -0.476164, -0.499958] => [0.020140375941991806, -0.019461587071418762, 0.02083403617143631, -0.014532211236655712, 0.022147271782159805]
[-0.322146, 0.036583, -0.499231, -0.476157, -0.499871] => [0.020140834152698517, -0.01946171373128891, 0.020833341404795647, -0.014533046633005142, 0.022146470844745636]
[-0.322147, 0.036587, -0.499231, -0.476157, -0.499941] => [0.020140521228313446, -0.019461650401353836, 0.02083381824195385, -0.01453249342739582, 0.02214701473712921]
[-0.322148, 0.036585, -0.499231, -0.47616, -0.499985] => [0.020140260457992554, -0.01946157217025757, 0.02083420380949974, -0.01453202310949564, 0.022147459909319878]
[-0.322147, 0.036587, -0.499231, -0.476159, -0.499893] => [0.020140770822763443, -0.01946171186864376, 0.020833445712924004, -0.014532934874296188, 0.02214658632874489]
[-0.322146, 0.036589, -0.499231, -0.476156, -0.499946] => [0.02014051377773285, -0.019461657851934433, 0.020833823829889297, -0.01453249342739582, 0.02214701846241951]
[-0.322148, 0.036585, -0.499231, -0.476161, -0.499902] => [0.020140700042247772, -0.019461682066321373, 0.02083355374634266, -0.01453279796987772, 0.022146712988615036]
[-0.322149, 0.036583, -0.499231, -0.476164, -0.499885] => [0.020140767097473145, -0.01946168579161167, 0.020833460614085197, -0.014532899484038353, 0.02214660868048668]
[-0.322146, 0.036588, -0.499231, -0.476161, -0.499966] => [0.020140383392572403, -0.019461615011096, 0.02083401195704937, -0.014532259665429592, 0.02214723639190197]
[-0.322149, 0.036587, -0.499231, -0.476161, -0.499979] => [0.020140323787927628, -0.01946159265935421, 0.020834123715758324, -0.014532126486301422, 0.022147364914417267]
[-0.322148, 0.036586, -0.499231, -0.476158, -0.499914] => [0.020140651613473892, -0.019461678341031075, 0.02083362452685833, -0.014532720670104027, 0.022146791219711304]
[-0.322148, 0.036589, -0.499231, -0.476161, -0.499921] => [0.020140647888183594, -0.019461683928966522, 0.020833633840084076, -0.014532715082168579, 0.02214680053293705]
[-0.322148, 0.036586, -0.499231, -0.476158, -0.499994] => [0.020140230655670166, -0.01946157217025757, 0.020834248512983322, -0.014531975612044334, 0.022147510200738907]
[-0.322147, 0.036584, -0.499231, -0.476163, -0.499904] => [0.020140670239925385, -0.01946166716516018, 0.02083359658718109, -0.014532741159200668, 0.022146765142679214]
[-0.322147, 0.036587, -0.499231, -0.47616, -0.499983] => [0.02014029026031494, -0.01946158893406391, 0.02083415538072586, -0.014532087370753288, 0.02214740216732025]
[-0.322149, 0.036585, -0.499231, -0.476164, -0.499867] => [0.020140890032052994, -0.019461723044514656, 0.02083328552544117, -0.014533113688230515, 0.022146407514810562]
[-0.322146, 0.036589, -0.499231, -0.476156, -0.49988] => [0.020140860229730606, -0.019461745396256447, 0.02083330787718296, -0.014533109031617641, 0.022146424278616905]
[-0.322147, 0.036584, -0.499231, -0.476162, -0.499992] => [0.020140208303928375, -0.019461551681160927, 0.020834283903241158, -0.014531921595335007, 0.02214755490422249]
[-0.322148, 0.036582, -0.499231, -0.476155, -0.499876] => [0.02014080435037613, -0.019461706280708313, 0.020833387970924377, -0.01453299168497324, 0.022146522998809814]
[-0.322147, 0.036586, -0.499231, -0.476163, -0.499891] => [0.020140763372182846, -0.019461698830127716, 0.020833460614085197, -0.014532908797264099, 0.02214660681784153]
[-0.322148, 0.036588, -0.499231, -0.476161, -0.499915] => [0.020140670239925385, -0.01946168579161167, 0.020833605900406837, -0.014532746747136116, 0.022146768867969513]
[-0.322147, 0.036588, -0.499231, -0.476163, -0.499916] => [0.02014065533876419, -0.019461678341031075, 0.02083362266421318, -0.01453272346407175, 0.022146789357066154]
[-0.322147, 0.036585, -0.499231, -0.476157, -0.499889] => [0.020140767097473145, -0.019461706280708313, 0.020833443850278854, -0.014532933011651039, 0.02214658632874489]
[-0.322147, 0.036588, -0.499231, -0.476156, -0.499897] => [0.020140763372182846, -0.01946171745657921, 0.0208334531635046, -0.014532933942973614, 0.022146591916680336]
[-0.322147, 0.03659, -0.499231, -0.476158, -0.499906] => [0.020140737295150757, -0.01946171559393406, 0.020833496004343033, -0.014532886445522308, 0.022146640345454216]
[-0.322149, 0.036587, -0.499231, -0.476157, -0.499922] => [0.020140625536441803, -0.019461676478385925, 0.020833663642406464, -0.014532677829265594, 0.022146835923194885]
[-0.322147, 0.036589, -0.499231, -0.476155, -0.499964] => [0.020140420645475388, -0.01946163736283779, 0.020833957940340042, -0.014532335102558136, 0.022147171199321747]
[-0.322146, 0.036584, -0.499231, -0.476161, -0.499984] => [0.020140238106250763, -0.019461562857031822, 0.020834220573306084, -0.01453199703246355, 0.02214748039841652]
[-0.322148, 0.036587, -0.499231, -0.476154, -0.499974] => [0.020140349864959717, -0.019461611285805702, 0.020834067836403847, -0.014532199129462242, 0.022147297859191895]
[-0.322149, 0.036589, -0.499231, -0.476161, -0.49996] => [0.020140446722507477, -0.019461631774902344, 0.02083393931388855, -0.014532352797687054, 0.022147150710225105]
[-0.322148, 0.036583, -0.499231, -0.476164, -0.499978] => [0.020140275359153748, -0.019461560994386673, 0.020834192633628845, -0.014532024040818214, 0.02214745245873928]
[-0.322148, 0.036584, -0.499231, -0.476155, -0.499921] => [0.020140592008829117, -0.019461659714579582, 0.020833706483244896, -0.014532618224620819, 0.022146888077259064]
[-0.322146, 0.036588, -0.499231, -0.476162, -0.499968] => [0.020140372216701508, -0.019461611285805702, 0.020834028720855713, -0.014532238245010376, 0.02214725688099861]
[-0.322147, 0.036589, -0.499231, -0.476164, -0.499976] => [0.020140349864959717, -0.019461605697870255, 0.020834075286984444, -0.014532186090946198, 0.02214730903506279]
[-0.322149, 0.036587, -0.499231, -0.47616, -0.499956] => [0.020140446722507477, -0.019461626186966896, 0.0208339374512434, -0.01453235000371933, 0.022147150710225105]
[-0.322147, 0.036585, -0.499231, -0.476156, -0.499955] => [0.02014041692018509, -0.01946162059903145, 0.020833957940340042, -0.014532320201396942, 0.022147176787257195]
[-0.322148, 0.03659, -0.499231, -0.476159, -0.499895] => [0.02014080062508583, -0.019461730495095253, 0.02083340659737587, -0.014532992616295815, 0.02214653789997101]
[-0.322149, 0.036584, -0.499231, -0.476164, -0.499993] => [0.020140212029218674, -0.019461549818515778, 0.020834289491176605, -0.01453191414475441, 0.022147560492157936]
[-0.322146, 0.036586, -0.499231, -0.476164, -0.499931] => [0.020140547305345535, -0.01946164295077324, 0.020833779126405716, -0.014532528817653656, 0.02214697189629078]
[-0.322146, 0.036586, -0.499231, -0.476163, -0.499958] => [0.020140405744314194, -0.019461607560515404, 0.02083398960530758, -0.01453227736055851, 0.02214721404016018]
[-0.322148, 0.036589, -0.499231, -0.476158, -0.499945] => [0.020140521228313446, -0.019461657851934433, 0.0208338163793087, -0.014532500877976418, 0.022147009149193764]
[-0.322147, 0.036586, -0.499231, -0.476161, -0.499927] => [0.020140573382377625, -0.019461654126644135, 0.020833736285567284, -0.014532582834362984, 0.02214692160487175]
[-0.322148, 0.036583, -0.499231, -0.476156, -0.499931] => [0.020140528678894043, -0.01946163736283779, 0.020833805203437805, -0.014532497152686119, 0.022147001698613167]
[-0.322147, 0.036587, -0.499231, -0.476156, -0.49997] => [0.02014036476612091, -0.01946161314845085, 0.020834043622016907, -0.014532225206494331, 0.022147271782159805]
[-0.322149, 0.036583, -0.499231, -0.476162, -0.499884] => [0.020140770822763443, -0.01946169137954712, 0.020833447575569153, -0.014532916247844696, 0.022146593779325485]
[-0.322147, 0.036584, -0.499231, -0.476161, -0.499898] => [0.02014070376753807, -0.019461678341031075, 0.020833542570471764, -0.014532806351780891, 0.02214670181274414]
[-0.322146, 0.036583, -0.499231, -0.476158, -0.499946] => [0.02014043554663658, -0.019461611285805702, 0.020833933725953102, -0.014532338827848434, 0.022147150710225105]
[-0.322147, 0.036584, -0.499231, -0.476163, -0.499919] => [0.020140592008829117, -0.019461646676063538, 0.020833712071180344, -0.014532601460814476, 0.02214689925312996]
[-0.322146, 0.036587, -0.499231, -0.476155, -0.499976] => [0.020140327513217926, -0.019461607560515404, 0.020834090188145638, -0.014532171189785004, 0.022147325798869133]
[-0.322148, 0.036586, -0.499231, -0.47616, -0.499871] => [0.0201408751308918, -0.019461730495095253, 0.020833292976021767, -0.01453311275690794, 0.02214641124010086]
[-0.322148, 0.036586, -0.499231, -0.476156, -0.499944] => [0.02014049142599106, -0.01946164108812809, 0.020833853632211685, -0.014532448723912239, 0.022147055715322495]
[-0.322147, 0.03659, -0.499231, -0.476161, -0.499882] => [0.020140863955020905, -0.01946174167096615, 0.020833315327763557, -0.014533097855746746, 0.02214643359184265]
[-0.322146, 0.036586, -0.499231, -0.476157, -0.499966] => [0.020140372216701508, -0.019461609423160553, 0.02083403430879116, -0.014532230794429779, 0.02214726246893406]
[-0.322148, 0.036584, -0.499231, -0.476158, -0.499919] => [0.020140603184700012, -0.019461657851934433, 0.02083369717001915, -0.01453262660652399, 0.02214687690138817]
[-0.322147, 0.036586, -0.499231, -0.476162, -0.499893] => [0.02014075592160225, -0.019461698830127716, 0.020833471789956093, -0.014532897621393204, 0.022146619856357574]
[-0.322148, 0.036583, -0.499231, -0.476158, -0.499872] => [0.020140834152698517, -0.01946171373128891, 0.020833345130085945, -0.01453304197639227, 0.022146474570035934]
[-0.322148, 0.036588, -0.499231, -0.476162, -0.499887] => [0.020140815526247025, -0.019461721181869507, 0.020833386108279228, -0.014533006586134434, 0.022146517410874367]
[-0.322148, 0.036586, -0.499231, -0.476162, -0.499881] => [0.02014082297682762, -0.01946171373128891, 0.020833376795053482, -0.014533012174069881, 0.02214650809764862]
[-0.322147, 0.036585, -0.499231, -0.476163, -0.499915] => [0.020140625536441803, -0.019461659714579582, 0.020833663642406464, -0.0145326629281044, 0.022146839648485184]
[-0.322146, 0.036589, -0.499231, -0.476155, -0.499951] => [0.02014048397541046, -0.019461654126644135, 0.020833861082792282, -0.014532451517879963, 0.022147059440612793]
[-0.322149, 0.036587, -0.499231, -0.476163, -0.499888] => [0.02014080062508583, -0.01946171000599861, 0.020833414047956467, -0.014532968401908875, 0.022146550938487053]
[-0.322148, 0.036585, -0.499231, -0.476158, -0.4999] => [0.020140711218118668, -0.01946168951690197, 0.020833531394600868, -0.014532826840877533, 0.022146686911582947]
[-0.322148, 0.036587, -0.499231, -0.476163, -0.499914] => [0.02014065906405449, -0.019461676478385925, 0.020833618938922882, -0.014532724395394325, 0.022146787494421005]
[-0.322149, 0.036584, -0.499231, -0.476155, -0.499978] => [0.02014029771089554, -0.019461585208773613, 0.020834149792790413, -0.014532091096043587, 0.022147396579384804]
[-0.322147, 0.036589, -0.499231, -0.476158, -0.499937] => [0.02014055848121643, -0.01946166716516018, 0.020833756774663925, -0.014532573521137238, 0.022146940231323242]
[-0.322149, 0.036587, -0.499231, -0.476163, -0.499973] => [0.020140353590250015, -0.019461598247289658, 0.020834079012274742, -0.014532177709043026, 0.022147314622998238]
[-0.322147, 0.036589, -0.499231, -0.476161, -0.499866] => [0.020140931010246277, -0.019461756572127342, 0.020833207294344902, -0.014533225446939468, 0.022146310657262802]
[-0.322147, 0.036587, -0.499231, -0.476162, -0.499921] => [0.020140618085861206, -0.01946166902780533, 0.02083367295563221, -0.014532660134136677, 0.02214684896171093]
[-0.322146, 0.036583, -0.499231, -0.476163, -0.499872] => [0.020140819251537323, -0.019461702555418015, 0.020833365619182587, -0.014533012174069881, 0.022146500647068024]
[-0.322148, 0.036585, -0.499231, -0.476156, -0.499902] => [0.02014070376753807, -0.01946169137954712, 0.020833542570471764, -0.014532816596329212, 0.022146698087453842]
[-0.322148, 0.036583, -0.499231, -0.476157, -0.499982] => [0.020140253007411957, -0.01946156844496727, 0.02083420567214489, -0.014532017521560192, 0.022147463634610176]
[-0.322148, 0.036582, -0.499231, -0.476155, -0.499896] => [0.02014070376753807, -0.019461678341031075, 0.020833544433116913, -0.014532802626490593, 0.02214670553803444]
[-0.322148, 0.03659, -0.499231, -0.476157, -0.499888] => [0.020140837877988815, -0.01946174167096615, 0.020833350718021393, -0.01453306246548891, 0.022146470844745636]
[-0.322148, 0.036588, -0.499231, -0.476158, -0.499926] => [0.020140614360570908, -0.019461676478385925, 0.020833682268857956, -0.014532657340168953, 0.022146856412291527]
[-0.322147, 0.036585, -0.499231, -0.476156, -0.499897] => [0.02014072611927986, -0.019461696967482567, 0.020833507180213928, -0.01453285850584507, 0.02214665710926056]
[-0.322148, 0.036585, -0.499231, -0.476161, -0.499911] => [0.020140651613473892, -0.01946166902780533, 0.02083362452685833, -0.014532712288200855, 0.022146794945001602]
[-0.322149, 0.036589, -0.499231, -0.476155, -0.499992] => [0.020140282809734344, -0.019461601972579956, 0.020834172144532204, -0.01453208364546299, 0.022147415205836296]
[-0.322148, 0.036586, -0.499231, -0.476161, -0.499893] => [0.02014075592160225, -0.019461698830127716, 0.020833469927310944, -0.014532901346683502, 0.022146616131067276]
[-0.322147, 0.036585, -0.499231, -0.476157, -0.499977] => [0.020140301436185837, -0.019461587071418762, 0.02083413489162922, -0.01453210785984993, 0.02214737981557846]
[-0.322148, 0.036584, -0.499231, -0.476159, -0.499896] => [0.020140722393989563, -0.01946168579161167, 0.020833520218729973, -0.014532836154103279, 0.02214667573571205]
[-0.322148, 0.036586, -0.499231, -0.476158, -0.499954] => [0.02014043927192688, -0.019461624324321747, 0.0208339374512434, -0.014532346278429031, 0.022147152572870255]
[-0.322147, 0.036586, -0.499231, -0.476156, -0.499875] => [0.02014085277915001, -0.019461732357740402, 0.020833317190408707, -0.014533089473843575, 0.02214643731713295]
[-0.322146, 0.036584, -0.499231, -0.476161, -0.499891] => [0.02014073356986046, -0.01946168765425682, 0.020833492279052734, -0.014532865956425667, 0.022146644070744514]
[-0.322148, 0.036582, -0.499231, -0.476159, -0.49996] => [0.020140353590250015, -0.019461587071418762, 0.020834054797887802, -0.01453219074755907, 0.022147292271256447]
[-0.322149, 0.03659, -0.499231, -0.476161, -0.499997] => [0.02014026790857315, -0.01946159079670906, 0.02083420939743519, -0.01453203335404396, 0.022147459909319878]
[-0.322148, 0.036583, -0.499231, -0.476158, -0.499944] => [0.020140454173088074, -0.01946161687374115, 0.02083391137421131, -0.014532367698848248, 0.022147124633193016]
[-0.322147, 0.036589, -0.499231, -0.476159, -0.499948] => [0.020140502601861954, -0.019461650401353836, 0.02083384431898594, -0.014532466419041157, 0.0221470408141613]
[-0.322147, 0.036586, -0.499231, -0.476162, -0.499982] => [0.020140279084444046, -0.019461579620838165, 0.020834168419241905, -0.014532065950334072, 0.022147418931126595]
[-0.322149, 0.036585, -0.499231, -0.476157, -0.49997] => [0.020140349864959717, -0.019461598247289658, 0.020834073424339294, -0.014532182365655899, 0.02214730903506279]
[-0.322147, 0.036584, -0.499231, -0.476159, -0.499892] => [0.02014073356986046, -0.01946169137954712, 0.020833492279052734, -0.014532869681715965, 0.022146642208099365]
[-0.322147, 0.036585, -0.499231, -0.476164, -0.499999] => [0.020140182226896286, -0.01946154609322548, 0.02083432301878929, -0.014531875029206276, 0.02214759960770607]
[-0.322146, 0.036586, -0.499231, -0.476156, -0.499952] => [0.020140446722507477, -0.019461629912257195, 0.020833920687437057, -0.014532366767525673, 0.022147133946418762]
[-0.322148, 0.036588, -0.499231, -0.47616, -0.499889] => [0.02014080435037613, -0.019461721181869507, 0.020833399146795273, -0.014532992616295815, 0.02214653231203556]
[-0.322149, 0.036586, -0.499231, -0.476159, -0.49999] => [0.020140256732702255, -0.019461575895547867, 0.020834218710660934, -0.014532011933624744, 0.02214747481048107]
[-0.322148, 0.036586, -0.499231, -0.476155, -0.499927] => [0.02014058455824852, -0.01946166530251503, 0.02083371952176094, -0.014532610774040222, 0.02214689925312996]
[-0.322149, 0.036587, -0.499231, -0.476163, -0.499869] => [0.02014090120792389, -0.01946173794567585, 0.02083326317369938, -0.01453314907848835, 0.022146377712488174]
[-0.322146, 0.03659, -0.499231, -0.476162, -0.499871] => [0.020140912383794785, -0.019461754709482193, 0.02083323523402214, -0.014533193781971931, 0.02214634045958519]
[-0.322149, 0.036588, -0.499231, -0.476161, -0.499976] => [0.020140353590250015, -0.019461605697870255, 0.02083408087491989, -0.014532181434333324, 0.022147314622998238]
[-0.322147, 0.036587, -0.499231, -0.476163, -0.499921] => [0.020140618085861206, -0.01946166716516018, 0.020833676680922508, -0.014532655477523804, 0.02214685268700123]
[-0.322148, 0.036587, -0.499231, -0.476159, -0.499978] => [0.020140323787927628, -0.019461598247289658, 0.02083411067724228, -0.014532143250107765, 0.022147350013256073]
[-0.322147, 0.03659, -0.499231, -0.476156, -0.499945] => [0.02014053240418434, -0.01946166902780533, 0.02083379402756691, -0.014532532542943954, 0.022146981209516525]
[-0.322149, 0.036584, -0.499231, -0.476163, -0.499951] => [0.02014043554663658, -0.019461605697870255, 0.020833957940340042, -0.014532309025526047, 0.022147180512547493]
[-0.322148, 0.036588, -0.499231, -0.476158, -0.49987] => [0.020140908658504486, -0.019461750984191895, 0.020833244547247887, -0.014533179812133312, 0.022146353498101234]
[-0.322146, 0.036585, -0.499231, -0.476156, -0.499947] => [0.020140454173088074, -0.019461628049612045, 0.020833902060985565, -0.014532385393977165, 0.02214711159467697]
[-0.322147, 0.036586, -0.499231, -0.476158, -0.499933] => [0.020140543580055237, -0.019461652263998985, 0.020833775401115417, -0.014532539062201977, 0.02214696630835533]
[-0.322148, 0.036588, -0.499231, -0.476157, -0.499886] => [0.020140819251537323, -0.019461730495095253, 0.020833369344472885, -0.014533033594489098, 0.022146495059132576]
[-0.322146, 0.036587, -0.499231, -0.476162, -0.499878] => [0.020140837877988815, -0.019461724907159805, 0.020833339542150497, -0.014533057808876038, 0.02214646525681019]
[-0.322148, 0.036583, -0.499231, -0.476162, -0.499949] => [0.020140428096055984, -0.019461601972579956, 0.02083396166563034, -0.014532302506268024, 0.02214718610048294]
[-0.322148, 0.036583, -0.499231, -0.476158, -0.499913] => [0.020140618085861206, -0.019461657851934433, 0.020833667367696762, -0.014532657340168953, 0.02214684523642063]
[-0.322148, 0.036589, -0.499231, -0.476159, -0.499994] => [0.02014026790857315, -0.01946159079670906, 0.02083420194685459, -0.014532041735947132, 0.02214745059609413]
[-0.322147, 0.036587, -0.499231, -0.476156, -0.499938] => [0.020140528678894043, -0.019461655989289284, 0.02083379216492176, -0.014532524161040783, 0.022146983072161674]
[-0.322147, 0.036588, -0.499231, -0.476156, -0.499922] => [0.0201406292617321, -0.019461683928966522, 0.02083365060389042, -0.014532698318362236, 0.022146819159388542]
[-0.322147, 0.036584, -0.499231, -0.476156, -0.49999] => [0.02014022320508957, -0.01946156471967697, 0.02083425223827362, -0.014531964436173439, 0.022147515788674355]
[-0.322148, 0.036589, -0.499231, -0.476163, -0.499999] => [0.020140234380960464, -0.019461577758193016, 0.02083425037562847, -0.014531980268657207, 0.022147508338093758]
[-0.322147, 0.036584, -0.499231, -0.476162, -0.499889] => [0.020140744745731354, -0.01946168951690197, 0.02083347551524639, -0.014532884582877159, 0.022146625444293022]
[-0.322148, 0.036588, -0.499231, -0.476157, -0.499981] => [0.02014032006263733, -0.019461603835225105, 0.020834114402532578, -0.01453214418143034, 0.022147351875901222]
[-0.322147, 0.036588, -0.499231, -0.476156, -0.499906] => [0.020140714943408966, -0.019461706280708313, 0.02083352394402027, -0.014532849192619324, 0.022146673873066902]
[-0.322147, 0.036587, -0.499231, -0.476157, -0.499874] => [0.0201408714056015, -0.019461739808321, 0.020833292976021767, -0.014533118344843388, 0.02214641124010086]
[-0.322147, 0.036586, -0.499231, -0.476157, -0.499941] => [0.020140502601861954, -0.01946164295077324, 0.020833835005760193, -0.014532470144331455, 0.022147033363580704]
[-0.322147, 0.036584, -0.499231, -0.476164, -0.499979] => [0.020140279084444046, -0.01946156471967697, 0.02083418518304825, -0.01453203521668911, 0.022147443145513535]
[-0.322148, 0.036585, -0.499231, -0.476163, -0.499925] => [0.020140577107667923, -0.019461646676063538, 0.02083374187350273, -0.014532571658492088, 0.022146929055452347]
[-0.322148, 0.036586, -0.499231, -0.476156, -0.499946] => [0.02014048770070076, -0.01946163922548294, 0.02083386853337288, -0.014532431960105896, 0.02214707061648369]
[-0.322146, 0.036585, -0.499231, -0.476157, -0.499889] => [0.02014075592160225, -0.019461704418063164, 0.020833447575569153, -0.014532927423715591, 0.022146590054035187]
[-0.322147, 0.036584, -0.499231, -0.476164, -0.499962] => [0.020140361040830612, -0.019461587071418762, 0.020834052935242653, -0.014532194472849369, 0.022147290408611298]
[-0.322148, 0.036589, -0.499231, -0.476159, -0.499911] => [0.020140700042247772, -0.019461702555418015, 0.02083355002105236, -0.01453282032161951, 0.02214670181274414]
[-0.322148, 0.036589, -0.499231, -0.476156, -0.499912] => [0.020140696316957474, -0.019461706280708313, 0.02083355188369751, -0.014532821252942085, 0.02214670181274414]
[-0.322146, 0.036587, -0.499231, -0.476162, -0.499971] => [0.02014034613966942, -0.019461600109934807, 0.020834067836403847, -0.014532189816236496, 0.022147301584482193]
[-0.322148, 0.036584, -0.499231, -0.476156, -0.499867] => [0.0201408751308918, -0.019461730495095253, 0.02083328366279602, -0.014533121138811111, 0.022146403789520264]
[-0.322147, 0.036585, -0.499231, -0.47616, -0.499903] => [0.020140688866376877, -0.019461680203676224, 0.020833563059568405, -0.01453278586268425, 0.02214672416448593]
[-0.322147, 0.036586, -0.499231, -0.47616, -0.499984] => [0.020140275359153748, -0.019461579620838165, 0.0208341795951128, -0.014532055705785751, 0.02214743196964264]
[-0.322148, 0.036587, -0.499231, -0.476162, -0.499942] => [0.02014051377773285, -0.01946164108812809, 0.020833836868405342, -0.014532466419041157, 0.022147035226225853]
[-0.322149, 0.03659, -0.499231, -0.47616, -0.499922] => [0.020140662789344788, -0.01946169324219227, 0.020833618938922882, -0.014532739296555519, 0.022146781906485558]
[-0.322149, 0.036586, -0.499231, -0.476162, -0.499919] => [0.020140625536441803, -0.01946166530251503, 0.02083366923034191, -0.0145326629281044, 0.02214684523642063]
[-0.322146, 0.036583, -0.499231, -0.476155, -0.499945] => [0.02014044299721718, -0.0194616187363863, 0.02083391696214676, -0.014532363042235374, 0.022147130221128464]
[-0.322149, 0.036589, -0.499231, -0.476164, -0.499979] => [0.02014034613966942, -0.019461601972579956, 0.020834093913435936, -0.014532164670526981, 0.02214732952415943]
[-0.322147, 0.036585, -0.499231, -0.476164, -0.499995] => [0.02014020085334778, -0.019461551681160927, 0.020834293216466904, -0.014531911350786686, 0.022147564217448235]
[-0.322147, 0.036585, -0.499231, -0.476164, -0.499997] => [0.02014019340276718, -0.019461549818515778, 0.020834308117628098, -0.014531893655657768, 0.022147582843899727]
[-0.322147, 0.036585, -0.499231, -0.476164, -0.499998] => [0.020140182226896286, -0.01946154795587063, 0.020834319293498993, -0.014531881548464298, 0.022147594019770622]
[-0.322147, 0.036585, -0.499231, -0.476164, -0.499996] => [0.02014019712805748, -0.019461549818515778, 0.02083430252969265, -0.014531899243593216, 0.02214757539331913]
[-0.322147, 0.036585, -0.499231, -0.476164, -0.499994] => [0.020140208303928375, -0.019461553543806076, 0.020834285765886307, -0.014531920664012432, 0.022147556766867638]
[-0.322147, 0.036585, -0.499231, -0.476164, -0.5] => [0.020140178501605988, -0.01946154423058033, 0.020834332332015038, -0.01453186385333538, 0.022147610783576965]
